ISO-10303-21;
HEADER;
FILE_DESCRIPTION(('Open CASCADE Model'),'2;1');
FILE_NAME('Open CASCADE Shape Model','2026-06-19T20:13:49',('Author'),(
    'Open CASCADE'),'Open CASCADE STEP processor 7.9','Open CASCADE 7.9'
  ,'Unknown');
FILE_SCHEMA(('AUTOMOTIVE_DESIGN { 1 0 10303 214 1 1 1 1 }'));
ENDSEC;
DATA;
#1 = APPLICATION_PROTOCOL_DEFINITION('international standard',
  'automotive_design',2000,#2);
#2 = APPLICATION_CONTEXT(
  'core data for automotive mechanical design processes');
#3 = SHAPE_DEFINITION_REPRESENTATION(#4,#10);
#4 = PRODUCT_DEFINITION_SHAPE('','',#5);
#5 = PRODUCT_DEFINITION('design','',#6,#9);
#6 = PRODUCT_DEFINITION_FORMATION('','',#7);
#7 = PRODUCT('daier_mf_b01_mxr_style_knob','daier_mf_b01_mxr_style_knob'
  ,'',(#8));
#8 = PRODUCT_CONTEXT('',#2,'mechanical');
#9 = PRODUCT_DEFINITION_CONTEXT('part definition',#2,'design');
#10 = SHAPE_REPRESENTATION('',(#11,#15,#19,#23),#27);
#11 = AXIS2_PLACEMENT_3D('',#12,#13,#14);
#12 = CARTESIAN_POINT('',(0.,0.,0.));
#13 = DIRECTION('',(0.,0.,1.));
#14 = DIRECTION('',(1.,0.,-0.));
#15 = AXIS2_PLACEMENT_3D('',#16,#17,#18);
#16 = CARTESIAN_POINT('',(0.,0.,0.));
#17 = DIRECTION('',(0.,0.,1.));
#18 = DIRECTION('',(1.,0.,-0.));
#19 = AXIS2_PLACEMENT_3D('',#20,#21,#22);
#20 = CARTESIAN_POINT('',(7.072675778375E-16,6.3705,14.665));
#21 = DIRECTION('',(0.,-0.,1.));
#22 = DIRECTION('',(1.110223024625E-16,1.,0.));
#23 = AXIS2_PLACEMENT_3D('',#24,#25,#26);
#24 = CARTESIAN_POINT('',(1.149413897394E-15,10.353,1.815));
#25 = DIRECTION('',(0.,-0.,1.));
#26 = DIRECTION('',(1.110223024625E-16,1.,0.));
#27 = ( GEOMETRIC_REPRESENTATION_CONTEXT(3) 
GLOBAL_UNCERTAINTY_ASSIGNED_CONTEXT((#31)) GLOBAL_UNIT_ASSIGNED_CONTEXT(
(#28,#29,#30)) REPRESENTATION_CONTEXT('Context #1',
  '3D Context with UNIT and UNCERTAINTY') );
#28 = ( LENGTH_UNIT() NAMED_UNIT(*) SI_UNIT(.MILLI.,.METRE.) );
#29 = ( NAMED_UNIT(*) PLANE_ANGLE_UNIT() SI_UNIT($,.RADIAN.) );
#30 = ( NAMED_UNIT(*) SI_UNIT($,.STERADIAN.) SOLID_ANGLE_UNIT() );
#31 = UNCERTAINTY_MEASURE_WITH_UNIT(LENGTH_MEASURE(1.E-05),#28,
  'distance_accuracy_value','confusion accuracy');
#32 = PRODUCT_RELATED_PRODUCT_CATEGORY('part',$,(#7));
#33 = SHAPE_DEFINITION_REPRESENTATION(#34,#40);
#34 = PRODUCT_DEFINITION_SHAPE('','',#35);
#35 = PRODUCT_DEFINITION('design','',#36,#39);
#36 = PRODUCT_DEFINITION_FORMATION('','',#37);
#37 = PRODUCT('daier_mf_b01_mxr_style_knob_black_abs_body',
  'daier_mf_b01_mxr_style_knob_black_abs_body','',(#38));
#38 = PRODUCT_CONTEXT('',#2,'mechanical');
#39 = PRODUCT_DEFINITION_CONTEXT('part definition',#2,'design');
#40 = ADVANCED_BREP_SHAPE_REPRESENTATION('',(#11,#41),#2779);
#41 = MANIFOLD_SOLID_BREP('',#42);
#42 = CLOSED_SHELL('',(#43,#131,#723,#758,#2004,#2084,#2377,#2531,#2536,
    #2563,#2567,#2571,#2647,#2696,#2745,#2772));
#43 = ADVANCED_FACE('',(#44),#57,.T.);
#44 = FACE_BOUND('',#45,.T.);
#45 = EDGE_LOOP('',(#46,#80,#103,#130));
#46 = ORIENTED_EDGE('',*,*,#47,.F.);
#47 = EDGE_CURVE('',#48,#48,#50,.T.);
#48 = VERTEX_POINT('',#49);
#49 = CARTESIAN_POINT('',(11.9,-2.914659381971E-15,2.15));
#50 = SURFACE_CURVE('',#51,(#56,#68),.PCURVE_S1.);
#51 = CIRCLE('',#52,11.9);
#52 = AXIS2_PLACEMENT_3D('',#53,#54,#55);
#53 = CARTESIAN_POINT('',(0.,0.,2.15));
#54 = DIRECTION('',(0.,0.,1.));
#55 = DIRECTION('',(1.,0.,-0.));
#56 = PCURVE('',#57,#62);
#57 = CYLINDRICAL_SURFACE('',#58,11.9);
#58 = AXIS2_PLACEMENT_3D('',#59,#60,#61);
#59 = CARTESIAN_POINT('',(0.,0.,0.));
#60 = DIRECTION('',(0.,0.,1.));
#61 = DIRECTION('',(1.,0.,-0.));
#62 = DEFINITIONAL_REPRESENTATION('',(#63),#67);
#63 = LINE('',#64,#65);
#64 = CARTESIAN_POINT('',(0.,2.15));
#65 = VECTOR('',#66,1.);
#66 = DIRECTION('',(1.,0.));
#67 = ( GEOMETRIC_REPRESENTATION_CONTEXT(2) 
PARAMETRIC_REPRESENTATION_CONTEXT() REPRESENTATION_CONTEXT('2D SPACE',''
  ) );
#68 = PCURVE('',#69,#74);
#69 = PLANE('',#70);
#70 = AXIS2_PLACEMENT_3D('',#71,#72,#73);
#71 = CARTESIAN_POINT('',(0.,0.,2.15));
#72 = DIRECTION('',(0.,0.,1.));
#73 = DIRECTION('',(1.,0.,-0.));
#74 = DEFINITIONAL_REPRESENTATION('',(#75),#79);
#75 = CIRCLE('',#76,11.9);
#76 = AXIS2_PLACEMENT_2D('',#77,#78);
#77 = CARTESIAN_POINT('',(0.,0.));
#78 = DIRECTION('',(1.,0.));
#79 = ( GEOMETRIC_REPRESENTATION_CONTEXT(2) 
PARAMETRIC_REPRESENTATION_CONTEXT() REPRESENTATION_CONTEXT('2D SPACE',''
  ) );
#80 = ORIENTED_EDGE('',*,*,#81,.F.);
#81 = EDGE_CURVE('',#82,#48,#84,.T.);
#82 = VERTEX_POINT('',#83);
#83 = CARTESIAN_POINT('',(11.9,-2.914659381971E-15,0.));
#84 = SEAM_CURVE('',#85,(#89,#96),.PCURVE_S1.);
#85 = LINE('',#86,#87);
#86 = CARTESIAN_POINT('',(11.9,-2.914659381971E-15,0.));
#87 = VECTOR('',#88,1.);
#88 = DIRECTION('',(0.,0.,1.));
#89 = PCURVE('',#57,#90);
#90 = DEFINITIONAL_REPRESENTATION('',(#91),#95);
#91 = LINE('',#92,#93);
#92 = CARTESIAN_POINT('',(6.28318530718,-0.));
#93 = VECTOR('',#94,1.);
#94 = DIRECTION('',(0.,1.));
#95 = ( GEOMETRIC_REPRESENTATION_CONTEXT(2) 
PARAMETRIC_REPRESENTATION_CONTEXT() REPRESENTATION_CONTEXT('2D SPACE',''
  ) );
#96 = PCURVE('',#57,#97);
#97 = DEFINITIONAL_REPRESENTATION('',(#98),#102);
#98 = LINE('',#99,#100);
#99 = CARTESIAN_POINT('',(0.,-0.));
#100 = VECTOR('',#101,1.);
#101 = DIRECTION('',(0.,1.));
#102 = ( GEOMETRIC_REPRESENTATION_CONTEXT(2) 
PARAMETRIC_REPRESENTATION_CONTEXT() REPRESENTATION_CONTEXT('2D SPACE',''
  ) );
#103 = ORIENTED_EDGE('',*,*,#104,.T.);
#104 = EDGE_CURVE('',#82,#82,#105,.T.);
#105 = SURFACE_CURVE('',#106,(#111,#118),.PCURVE_S1.);
#106 = CIRCLE('',#107,11.9);
#107 = AXIS2_PLACEMENT_3D('',#108,#109,#110);
#108 = CARTESIAN_POINT('',(0.,0.,0.));
#109 = DIRECTION('',(0.,0.,1.));
#110 = DIRECTION('',(1.,0.,-0.));
#111 = PCURVE('',#57,#112);
#112 = DEFINITIONAL_REPRESENTATION('',(#113),#117);
#113 = LINE('',#114,#115);
#114 = CARTESIAN_POINT('',(0.,0.));
#115 = VECTOR('',#116,1.);
#116 = DIRECTION('',(1.,0.));
#117 = ( GEOMETRIC_REPRESENTATION_CONTEXT(2) 
PARAMETRIC_REPRESENTATION_CONTEXT() REPRESENTATION_CONTEXT('2D SPACE',''
  ) );
#118 = PCURVE('',#119,#124);
#119 = PLANE('',#120);
#120 = AXIS2_PLACEMENT_3D('',#121,#122,#123);
#121 = CARTESIAN_POINT('',(0.,0.,0.));
#122 = DIRECTION('',(0.,0.,1.));
#123 = DIRECTION('',(1.,0.,-0.));
#124 = DEFINITIONAL_REPRESENTATION('',(#125),#129);
#125 = CIRCLE('',#126,11.9);
#126 = AXIS2_PLACEMENT_2D('',#127,#128);
#127 = CARTESIAN_POINT('',(0.,0.));
#128 = DIRECTION('',(1.,0.));
#129 = ( GEOMETRIC_REPRESENTATION_CONTEXT(2) 
PARAMETRIC_REPRESENTATION_CONTEXT() REPRESENTATION_CONTEXT('2D SPACE',''
  ) );
#130 = ORIENTED_EDGE('',*,*,#81,.T.);
#131 = ADVANCED_FACE('',(#132,#135),#69,.T.);
#132 = FACE_BOUND('',#133,.T.);
#133 = EDGE_LOOP('',(#134));
#134 = ORIENTED_EDGE('',*,*,#47,.T.);
#135 = FACE_BOUND('',#136,.T.);
#136 = EDGE_LOOP('',(#137,#457,#672,#701));
#137 = ORIENTED_EDGE('',*,*,#138,.F.);
#138 = EDGE_CURVE('',#139,#141,#143,.T.);
#139 = VERTEX_POINT('',#140);
#140 = CARTESIAN_POINT('',(8.746856578223,5.05,2.15));
#141 = VERTEX_POINT('',#142);
#142 = CARTESIAN_POINT('',(0.706832597937,10.010595504565,2.15));
#143 = SURFACE_CURVE('',#144,(#244,#347),.PCURVE_S1.);
#144 = B_SPLINE_CURVE_WITH_KNOTS('',3,(#145,#146,#147,#148,#149,#150,
    #151,#152,#153,#154,#155,#156,#157,#158,#159,#160,#161,#162,#163,
    #164,#165,#166,#167,#168,#169,#170,#171,#172,#173,#174,#175,#176,
    #177,#178,#179,#180,#181,#182,#183,#184,#185,#186,#187,#188,#189,
    #190,#191,#192,#193,#194,#195,#196,#197,#198,#199,#200,#201,#202,
    #203,#204,#205,#206,#207,#208,#209,#210,#211,#212,#213,#214,#215,
    #216,#217,#218,#219,#220,#221,#222,#223,#224,#225,#226,#227,#228,
    #229,#230,#231,#232,#233,#234,#235,#236,#237,#238,#239,#240,#241,
    #242,#243),.UNSPECIFIED.,.T.,.F.,(1,1,2,1,1,1,1,1,1,1,1,1,1,1,1,1,1,
    1,1,1,1,1,1,1,1,1,1,1,1,1,1,1,1,1,1,1,1,1,1,1,1,1,1,1,1,1,1,1,1,1,1,
    1,1,1,1,1,1,1,1,1,1,1,1,1,1,1,1,1,1,1,1,1,1,1,1,1,1,1,1,1,1,1,1,1,1,
    1,1,1,1,1,1,1,1,1,1,1,1,1,2,1,1),(-1.333235042607,-0.661447557644,0.
    ,0.661447557644,1.333235042607,2.02015640121,2.718398666883,
    3.415536812968,4.092672839031,4.727583113964,5.295977010989,
    5.864370908013,6.499281182947,7.176417209009,7.873555355095,
    8.571797620767,9.258718979371,9.930506464334,10.591954021978,
    11.253401579621,11.925189064585,12.612110423188,13.310352688861,
    14.007490834946,14.684626861009,15.319537135942,15.887931032967,
    16.456324929991,17.091235204924,17.768371230987,18.465509377073,
    19.163751642745,19.850673001349,20.522460486312,21.183908043956,
    21.845355601599,22.517143086563,23.204064445166,23.902306710839,
    24.599444856924,25.276580882987,25.91149115792,26.479885054945,
    27.048278951969,27.683189226902,28.360325252965,29.05746339905,
    29.755705664723,30.442627023327,31.11441450829,31.775862065934,
    32.437309623577,33.10909710854,33.796018467144,34.494260732817,
    35.191398878902,35.868534904965,36.503445179898,37.071839076922,
    37.640232973947,38.27514324888,38.952279274943,39.649417421028,
    40.347659686701,41.034581045305,41.706368530268,42.367816087911,
    43.029263645555,43.701051130518,44.387972489122,45.086214754794,
    45.78335290088,46.460488926943,47.095399201876,47.6637930989,
    48.232186995925,48.867097270858,49.544233296921,50.241371443006,
    50.939613708679,51.626535067282,52.298322552246,52.959770109889,
    53.621217667533,54.293005152496,54.9799265111,55.678168776772,
    56.375306922858,57.052442948921,57.687353223854,58.255747120878,
    58.824141017903,59.459051292836,60.136187318899,60.833325464984,
    61.531567730657,62.21848908926,62.890276574224,63.551724131867,
    64.213171689511,64.884959174474),.UNSPECIFIED.);
#145 = CARTESIAN_POINT('',(8.856971078711,4.857028273796,2.15));
#146 = CARTESIAN_POINT('',(8.636742077735,5.242971726204,2.15));
#147 = CARTESIAN_POINT('',(8.367445434589,5.599690024696,2.15));
#148 = CARTESIAN_POINT('',(7.848799836,6.038107031742,2.15));
#149 = CARTESIAN_POINT('',(7.243326740592,6.367878222659,2.15));
#150 = CARTESIAN_POINT('',(6.584432153415,6.594696008785,2.15));
#151 = CARTESIAN_POINT('',(5.907820208316,6.735966468947,2.15));
#152 = CARTESIAN_POINT('',(5.238000507608,6.810511636558,2.15));
#153 = CARTESIAN_POINT('',(4.628589481952,6.88085384861,2.15));
#154 = CARTESIAN_POINT('',(3.994348878548,6.918415236715,2.15));
#155 = CARTESIAN_POINT('',(3.644699662023,7.448903142397,2.15));
#156 = CARTESIAN_POINT('',(3.279075080144,7.941496629803,2.15));
#157 = CARTESIAN_POINT('',(2.879611039365,8.484308439128,2.15));
#158 = CARTESIAN_POINT('',(2.418946411518,8.99962264904,2.15));
#159 = CARTESIAN_POINT('',(1.893124649077,9.45688439114,2.15));
#160 = CARTESIAN_POINT('',(1.304595484932,9.816167212875,2.15));
#161 = CARTESIAN_POINT('',(0.666325336882,10.046794952197,2.15));
#162 = CARTESIAN_POINT('',(4.433629593887E-13,10.126396207568,2.15));
#163 = CARTESIAN_POINT('',(-0.666325336884,10.046794952204,2.15));
#164 = CARTESIAN_POINT('',(-1.304595484926,9.816167212847,2.15));
#165 = CARTESIAN_POINT('',(-1.893124649101,9.456884391249,2.15));
#166 = CARTESIAN_POINT('',(-2.418946411425,8.999622648626,2.15));
#167 = CARTESIAN_POINT('',(-2.879611039708,8.484308440651,2.15));
#168 = CARTESIAN_POINT('',(-3.279075078938,7.941496624448,2.15));
#169 = CARTESIAN_POINT('',(-3.64469966603,7.448903160201,2.15));
#170 = CARTESIAN_POINT('',(-3.994348865297,6.918415177849,2.15));
#171 = CARTESIAN_POINT('',(-4.628589534049,6.880854080047,2.15));
#172 = CARTESIAN_POINT('',(-5.238000281371,6.810510631501,2.15));
#173 = CARTESIAN_POINT('',(-5.907821123292,6.73597053373,2.15));
#174 = CARTESIAN_POINT('',(-6.584428632471,6.594680367,2.15));
#175 = CARTESIAN_POINT('',(-7.243339798924,6.367936234277,2.15));
#176 = CARTESIAN_POINT('',(-7.848752431659,6.037896438032,2.15));
#177 = CARTESIAN_POINT('',(-8.36761698678,5.600452145029,2.15));
#178 = CARTESIAN_POINT('',(-8.769716364538,5.063198103783,2.15));
#179 = CARTESIAN_POINT('',(-9.033942323664,4.446342807176,2.15));
#180 = CARTESIAN_POINT('',(-9.153347916584,3.778270774815,2.15));
#181 = CARTESIAN_POINT('',(-9.136464448025,3.088948156973,2.15));
#182 = CARTESIAN_POINT('',(-9.003375043896,2.404942281626,2.15));
#183 = CARTESIAN_POINT('',(-8.787432163,1.74833790692,2.15));
#184 = CARTESIAN_POINT('',(-8.517075360309,1.130985992947,2.15));
#185 = CARTESIAN_POINT('',(-8.273289200079,0.568049080153,2.15));
#186 = CARTESIAN_POINT('',(-7.988697730594,5.238313570407E-15,2.15));
#187 = CARTESIAN_POINT('',(-8.273289200079,-0.568049080153,2.15));
#188 = CARTESIAN_POINT('',(-8.517075360309,-1.130985992947,2.15));
#189 = CARTESIAN_POINT('',(-8.787432163,-1.74833790692,2.15));
#190 = CARTESIAN_POINT('',(-9.003375043896,-2.404942281626,2.15));
#191 = CARTESIAN_POINT('',(-9.136464448025,-3.088948156973,2.15));
#192 = CARTESIAN_POINT('',(-9.153347916584,-3.778270774815,2.15));
#193 = CARTESIAN_POINT('',(-9.033942323664,-4.446342807176,2.15));
#194 = CARTESIAN_POINT('',(-8.769716364538,-5.063198103783,2.15));
#195 = CARTESIAN_POINT('',(-8.36761698678,-5.600452145029,2.15));
#196 = CARTESIAN_POINT('',(-7.848752431659,-6.037896438032,2.15));
#197 = CARTESIAN_POINT('',(-7.243339798924,-6.367936234277,2.15));
#198 = CARTESIAN_POINT('',(-6.584428632471,-6.594680367,2.15));
#199 = CARTESIAN_POINT('',(-5.907821123292,-6.73597053373,2.15));
#200 = CARTESIAN_POINT('',(-5.238000281371,-6.810510631501,2.15));
#201 = CARTESIAN_POINT('',(-4.628589534049,-6.880854080047,2.15));
#202 = CARTESIAN_POINT('',(-3.994348865297,-6.918415177849,2.15));
#203 = CARTESIAN_POINT('',(-3.64469966603,-7.448903160201,2.15));
#204 = CARTESIAN_POINT('',(-3.279075078938,-7.941496624448,2.15));
#205 = CARTESIAN_POINT('',(-2.879611039708,-8.484308440651,2.15));
#206 = CARTESIAN_POINT('',(-2.418946411425,-8.999622648626,2.15));
#207 = CARTESIAN_POINT('',(-1.893124649101,-9.456884391249,2.15));
#208 = CARTESIAN_POINT('',(-1.304595484926,-9.816167212847,2.15));
#209 = CARTESIAN_POINT('',(-0.666325336884,-10.0467949522,2.15));
#210 = CARTESIAN_POINT('',(-6.510228284294E-17,-10.12639620756,2.15));
#211 = CARTESIAN_POINT('',(0.666325336884,-10.0467949522,2.15));
#212 = CARTESIAN_POINT('',(1.304595484926,-9.816167212847,2.15));
#213 = CARTESIAN_POINT('',(1.893124649101,-9.456884391249,2.15));
#214 = CARTESIAN_POINT('',(2.418946411425,-8.999622648626,2.15));
#215 = CARTESIAN_POINT('',(2.879611039708,-8.484308440651,2.15));
#216 = CARTESIAN_POINT('',(3.279075078938,-7.941496624448,2.15));
#217 = CARTESIAN_POINT('',(3.64469966603,-7.448903160201,2.15));
#218 = CARTESIAN_POINT('',(3.994348865297,-6.918415177849,2.15));
#219 = CARTESIAN_POINT('',(4.628589534049,-6.880854080047,2.15));
#220 = CARTESIAN_POINT('',(5.238000281371,-6.810510631501,2.15));
#221 = CARTESIAN_POINT('',(5.907821123292,-6.73597053373,2.15));
#222 = CARTESIAN_POINT('',(6.584428632471,-6.594680367,2.15));
#223 = CARTESIAN_POINT('',(7.243339798924,-6.367936234277,2.15));
#224 = CARTESIAN_POINT('',(7.848752431658,-6.037896438032,2.15));
#225 = CARTESIAN_POINT('',(8.367616986781,-5.600452145028,2.15));
#226 = CARTESIAN_POINT('',(8.769716364538,-5.063198103785,2.15));
#227 = CARTESIAN_POINT('',(9.033942323666,-4.446342807168,2.15));
#228 = CARTESIAN_POINT('',(9.153347916578,-3.778270774844,2.15));
#229 = CARTESIAN_POINT('',(9.13646444805,-3.088948156864,2.15));
#230 = CARTESIAN_POINT('',(9.003375043803,-2.40494228204,2.15));
#231 = CARTESIAN_POINT('',(8.787432163343,-1.748337905398,2.15));
#232 = CARTESIAN_POINT('',(8.517075359104,-1.130985998303,2.15));
#233 = CARTESIAN_POINT('',(8.273289204087,-0.568049062349,2.15));
#234 = CARTESIAN_POINT('',(7.988697717343,-5.886599792865E-08,2.15));
#235 = CARTESIAN_POINT('',(8.273289252176,0.568049311591,2.15));
#236 = CARTESIAN_POINT('',(8.517075134072,1.13098498789,2.15));
#237 = CARTESIAN_POINT('',(8.787433077977,1.748341971703,2.15));
#238 = CARTESIAN_POINT('',(9.003371522953,2.404926639841,2.15));
#239 = CARTESIAN_POINT('',(9.136477506357,3.08900616859,2.15));
#240 = CARTESIAN_POINT('',(9.153300512243,3.778060181106,2.15));
#241 = CARTESIAN_POINT('',(9.034113875856,4.447104927509,2.15));
#242 = CARTESIAN_POINT('',(8.856971078711,4.857028273796,2.15));
#243 = CARTESIAN_POINT('',(8.636742077735,5.242971726204,2.15));
#244 = PCURVE('',#69,#245);
#245 = DEFINITIONAL_REPRESENTATION('',(#246),#346);
#246 = B_SPLINE_CURVE_WITH_KNOTS('',3,(#247,#248,#249,#250,#251,#252,
    #253,#254,#255,#256,#257,#258,#259,#260,#261,#262,#263,#264,#265,
    #266,#267,#268,#269,#270,#271,#272,#273,#274,#275,#276,#277,#278,
    #279,#280,#281,#282,#283,#284,#285,#286,#287,#288,#289,#290,#291,
    #292,#293,#294,#295,#296,#297,#298,#299,#300,#301,#302,#303,#304,
    #305,#306,#307,#308,#309,#310,#311,#312,#313,#314,#315,#316,#317,
    #318,#319,#320,#321,#322,#323,#324,#325,#326,#327,#328,#329,#330,
    #331,#332,#333,#334,#335,#336,#337,#338,#339,#340,#341,#342,#343,
    #344,#345),.UNSPECIFIED.,.T.,.F.,(1,1,2,1,1,1,1,1,1,1,1,1,1,1,1,1,1,
    1,1,1,1,1,1,1,1,1,1,1,1,1,1,1,1,1,1,1,1,1,1,1,1,1,1,1,1,1,1,1,1,1,1,
    1,1,1,1,1,1,1,1,1,1,1,1,1,1,1,1,1,1,1,1,1,1,1,1,1,1,1,1,1,1,1,1,1,1,
    1,1,1,1,1,1,1,1,1,1,1,1,1,2,1,1),(-1.333235042607,-0.661447557644,0.
    ,0.661447557644,1.333235042607,2.02015640121,2.718398666883,
    3.415536812968,4.092672839031,4.727583113964,5.295977010989,
    5.864370908013,6.499281182947,7.176417209009,7.873555355095,
    8.571797620767,9.258718979371,9.930506464334,10.591954021978,
    11.253401579621,11.925189064585,12.612110423188,13.310352688861,
    14.007490834946,14.684626861009,15.319537135942,15.887931032967,
    16.456324929991,17.091235204924,17.768371230987,18.465509377073,
    19.163751642745,19.850673001349,20.522460486312,21.183908043956,
    21.845355601599,22.517143086563,23.204064445166,23.902306710839,
    24.599444856924,25.276580882987,25.91149115792,26.479885054945,
    27.048278951969,27.683189226902,28.360325252965,29.05746339905,
    29.755705664723,30.442627023327,31.11441450829,31.775862065934,
    32.437309623577,33.10909710854,33.796018467144,34.494260732817,
    35.191398878902,35.868534904965,36.503445179898,37.071839076922,
    37.640232973947,38.27514324888,38.952279274943,39.649417421028,
    40.347659686701,41.034581045305,41.706368530268,42.367816087911,
    43.029263645555,43.701051130518,44.387972489122,45.086214754794,
    45.78335290088,46.460488926943,47.095399201876,47.6637930989,
    48.232186995925,48.867097270858,49.544233296921,50.241371443006,
    50.939613708679,51.626535067282,52.298322552246,52.959770109889,
    53.621217667533,54.293005152496,54.9799265111,55.678168776772,
    56.375306922858,57.052442948921,57.687353223854,58.255747120878,
    58.824141017903,59.459051292836,60.136187318899,60.833325464984,
    61.531567730657,62.21848908926,62.890276574224,63.551724131867,
    64.213171689511,64.884959174474),.UNSPECIFIED.);
#247 = CARTESIAN_POINT('',(8.856971078711,4.857028273796));
#248 = CARTESIAN_POINT('',(8.636742077735,5.242971726204));
#249 = CARTESIAN_POINT('',(8.367445434589,5.599690024696));
#250 = CARTESIAN_POINT('',(7.848799836,6.038107031742));
#251 = CARTESIAN_POINT('',(7.243326740592,6.367878222659));
#252 = CARTESIAN_POINT('',(6.584432153415,6.594696008785));
#253 = CARTESIAN_POINT('',(5.907820208316,6.735966468947));
#254 = CARTESIAN_POINT('',(5.238000507608,6.810511636558));
#255 = CARTESIAN_POINT('',(4.628589481952,6.88085384861));
#256 = CARTESIAN_POINT('',(3.994348878548,6.918415236715));
#257 = CARTESIAN_POINT('',(3.644699662023,7.448903142397));
#258 = CARTESIAN_POINT('',(3.279075080144,7.941496629803));
#259 = CARTESIAN_POINT('',(2.879611039365,8.484308439128));
#260 = CARTESIAN_POINT('',(2.418946411518,8.99962264904));
#261 = CARTESIAN_POINT('',(1.893124649077,9.45688439114));
#262 = CARTESIAN_POINT('',(1.304595484932,9.816167212875));
#263 = CARTESIAN_POINT('',(0.666325336882,10.046794952197));
#264 = CARTESIAN_POINT('',(4.433629593887E-13,10.126396207568));
#265 = CARTESIAN_POINT('',(-0.666325336884,10.046794952204));
#266 = CARTESIAN_POINT('',(-1.304595484926,9.816167212847));
#267 = CARTESIAN_POINT('',(-1.893124649101,9.456884391249));
#268 = CARTESIAN_POINT('',(-2.418946411425,8.999622648626));
#269 = CARTESIAN_POINT('',(-2.879611039708,8.484308440651));
#270 = CARTESIAN_POINT('',(-3.279075078938,7.941496624448));
#271 = CARTESIAN_POINT('',(-3.64469966603,7.448903160201));
#272 = CARTESIAN_POINT('',(-3.994348865297,6.918415177849));
#273 = CARTESIAN_POINT('',(-4.628589534049,6.880854080047));
#274 = CARTESIAN_POINT('',(-5.238000281371,6.810510631501));
#275 = CARTESIAN_POINT('',(-5.907821123292,6.73597053373));
#276 = CARTESIAN_POINT('',(-6.584428632471,6.594680367));
#277 = CARTESIAN_POINT('',(-7.243339798924,6.367936234277));
#278 = CARTESIAN_POINT('',(-7.848752431659,6.037896438032));
#279 = CARTESIAN_POINT('',(-8.36761698678,5.600452145029));
#280 = CARTESIAN_POINT('',(-8.769716364538,5.063198103783));
#281 = CARTESIAN_POINT('',(-9.033942323664,4.446342807176));
#282 = CARTESIAN_POINT('',(-9.153347916584,3.778270774815));
#283 = CARTESIAN_POINT('',(-9.136464448025,3.088948156973));
#284 = CARTESIAN_POINT('',(-9.003375043896,2.404942281626));
#285 = CARTESIAN_POINT('',(-8.787432163,1.74833790692));
#286 = CARTESIAN_POINT('',(-8.517075360309,1.130985992947));
#287 = CARTESIAN_POINT('',(-8.273289200079,0.568049080153));
#288 = CARTESIAN_POINT('',(-7.988697730594,5.238313570407E-15));
#289 = CARTESIAN_POINT('',(-8.273289200079,-0.568049080153));
#290 = CARTESIAN_POINT('',(-8.517075360309,-1.130985992947));
#291 = CARTESIAN_POINT('',(-8.787432163,-1.74833790692));
#292 = CARTESIAN_POINT('',(-9.003375043896,-2.404942281626));
#293 = CARTESIAN_POINT('',(-9.136464448025,-3.088948156973));
#294 = CARTESIAN_POINT('',(-9.153347916584,-3.778270774815));
#295 = CARTESIAN_POINT('',(-9.033942323664,-4.446342807176));
#296 = CARTESIAN_POINT('',(-8.769716364538,-5.063198103783));
#297 = CARTESIAN_POINT('',(-8.36761698678,-5.600452145029));
#298 = CARTESIAN_POINT('',(-7.848752431659,-6.037896438032));
#299 = CARTESIAN_POINT('',(-7.243339798924,-6.367936234277));
#300 = CARTESIAN_POINT('',(-6.584428632471,-6.594680367));
#301 = CARTESIAN_POINT('',(-5.907821123292,-6.73597053373));
#302 = CARTESIAN_POINT('',(-5.238000281371,-6.810510631501));
#303 = CARTESIAN_POINT('',(-4.628589534049,-6.880854080047));
#304 = CARTESIAN_POINT('',(-3.994348865297,-6.918415177849));
#305 = CARTESIAN_POINT('',(-3.64469966603,-7.448903160201));
#306 = CARTESIAN_POINT('',(-3.279075078938,-7.941496624448));
#307 = CARTESIAN_POINT('',(-2.879611039708,-8.484308440651));
#308 = CARTESIAN_POINT('',(-2.418946411425,-8.999622648626));
#309 = CARTESIAN_POINT('',(-1.893124649101,-9.456884391249));
#310 = CARTESIAN_POINT('',(-1.304595484926,-9.816167212847));
#311 = CARTESIAN_POINT('',(-0.666325336884,-10.0467949522));
#312 = CARTESIAN_POINT('',(-6.510228284294E-17,-10.12639620756));
#313 = CARTESIAN_POINT('',(0.666325336884,-10.0467949522));
#314 = CARTESIAN_POINT('',(1.304595484926,-9.816167212847));
#315 = CARTESIAN_POINT('',(1.893124649101,-9.456884391249));
#316 = CARTESIAN_POINT('',(2.418946411425,-8.999622648626));
#317 = CARTESIAN_POINT('',(2.879611039708,-8.484308440651));
#318 = CARTESIAN_POINT('',(3.279075078938,-7.941496624448));
#319 = CARTESIAN_POINT('',(3.64469966603,-7.448903160201));
#320 = CARTESIAN_POINT('',(3.994348865297,-6.918415177849));
#321 = CARTESIAN_POINT('',(4.628589534049,-6.880854080047));
#322 = CARTESIAN_POINT('',(5.238000281371,-6.810510631501));
#323 = CARTESIAN_POINT('',(5.907821123292,-6.73597053373));
#324 = CARTESIAN_POINT('',(6.584428632471,-6.594680367));
#325 = CARTESIAN_POINT('',(7.243339798924,-6.367936234277));
#326 = CARTESIAN_POINT('',(7.848752431658,-6.037896438032));
#327 = CARTESIAN_POINT('',(8.367616986781,-5.600452145028));
#328 = CARTESIAN_POINT('',(8.769716364538,-5.063198103785));
#329 = CARTESIAN_POINT('',(9.033942323666,-4.446342807168));
#330 = CARTESIAN_POINT('',(9.153347916578,-3.778270774844));
#331 = CARTESIAN_POINT('',(9.13646444805,-3.088948156864));
#332 = CARTESIAN_POINT('',(9.003375043803,-2.40494228204));
#333 = CARTESIAN_POINT('',(8.787432163343,-1.748337905398));
#334 = CARTESIAN_POINT('',(8.517075359104,-1.130985998303));
#335 = CARTESIAN_POINT('',(8.273289204087,-0.568049062349));
#336 = CARTESIAN_POINT('',(7.988697717343,-5.886599792865E-08));
#337 = CARTESIAN_POINT('',(8.273289252176,0.568049311591));
#338 = CARTESIAN_POINT('',(8.517075134072,1.13098498789));
#339 = CARTESIAN_POINT('',(8.787433077977,1.748341971703));
#340 = CARTESIAN_POINT('',(9.003371522953,2.404926639841));
#341 = CARTESIAN_POINT('',(9.136477506357,3.08900616859));
#342 = CARTESIAN_POINT('',(9.153300512243,3.778060181106));
#343 = CARTESIAN_POINT('',(9.034113875856,4.447104927509));
#344 = CARTESIAN_POINT('',(8.856971078711,4.857028273796));
#345 = CARTESIAN_POINT('',(8.636742077735,5.242971726204));
#346 = ( GEOMETRIC_REPRESENTATION_CONTEXT(2) 
PARAMETRIC_REPRESENTATION_CONTEXT() REPRESENTATION_CONTEXT('2D SPACE',''
  ) );
#347 = PCURVE('',#348,#451);
#348 = SURFACE_OF_LINEAR_EXTRUSION('',#349,#449);
#349 = B_SPLINE_CURVE_WITH_KNOTS('',3,(#350,#351,#352,#353,#354,#355,
    #356,#357,#358,#359,#360,#361,#362,#363,#364,#365,#366,#367,#368,
    #369,#370,#371,#372,#373,#374,#375,#376,#377,#378,#379,#380,#381,
    #382,#383,#384,#385,#386,#387,#388,#389,#390,#391,#392,#393,#394,
    #395,#396,#397,#398,#399,#400,#401,#402,#403,#404,#405,#406,#407,
    #408,#409,#410,#411,#412,#413,#414,#415,#416,#417,#418,#419,#420,
    #421,#422,#423,#424,#425,#426,#427,#428,#429,#430,#431,#432,#433,
    #434,#435,#436,#437,#438,#439,#440,#441,#442,#443,#444,#445,#446,
    #447,#448),.UNSPECIFIED.,.T.,.F.,(1,1,2,1,1,1,1,1,1,1,1,1,1,1,1,1,1,
    1,1,1,1,1,1,1,1,1,1,1,1,1,1,1,1,1,1,1,1,1,1,1,1,1,1,1,1,1,1,1,1,1,1,
    1,1,1,1,1,1,1,1,1,1,1,1,1,1,1,1,1,1,1,1,1,1,1,1,1,1,1,1,1,1,1,1,1,1,
    1,1,1,1,1,1,1,1,1,1,1,1,1,2,1,1),(-1.333235042607,-0.661447557644,0.
    ,0.661447557644,1.333235042607,2.02015640121,2.718398666883,
    3.415536812968,4.092672839031,4.727583113964,5.295977010989,
    5.864370908013,6.499281182947,7.176417209009,7.873555355095,
    8.571797620767,9.258718979371,9.930506464334,10.591954021978,
    11.253401579621,11.925189064585,12.612110423188,13.310352688861,
    14.007490834946,14.684626861009,15.319537135942,15.887931032967,
    16.456324929991,17.091235204924,17.768371230987,18.465509377073,
    19.163751642745,19.850673001349,20.522460486312,21.183908043956,
    21.845355601599,22.517143086563,23.204064445166,23.902306710839,
    24.599444856924,25.276580882987,25.91149115792,26.479885054945,
    27.048278951969,27.683189226902,28.360325252965,29.05746339905,
    29.755705664723,30.442627023327,31.11441450829,31.775862065934,
    32.437309623577,33.10909710854,33.796018467144,34.494260732817,
    35.191398878902,35.868534904965,36.503445179898,37.071839076922,
    37.640232973947,38.27514324888,38.952279274943,39.649417421028,
    40.347659686701,41.034581045305,41.706368530268,42.367816087911,
    43.029263645555,43.701051130518,44.387972489122,45.086214754794,
    45.78335290088,46.460488926943,47.095399201876,47.6637930989,
    48.232186995925,48.867097270858,49.544233296921,50.241371443006,
    50.939613708679,51.626535067282,52.298322552246,52.959770109889,
    53.621217667533,54.293005152496,54.9799265111,55.678168776772,
    56.375306922858,57.052442948921,57.687353223854,58.255747120878,
    58.824141017903,59.459051292836,60.136187318899,60.833325464984,
    61.531567730657,62.21848908926,62.890276574224,63.551724131867,
    64.213171689511,64.884959174474),.UNSPECIFIED.);
#350 = CARTESIAN_POINT('',(8.856971078711,4.857028273796,2.15));
#351 = CARTESIAN_POINT('',(8.636742077735,5.242971726204,2.15));
#352 = CARTESIAN_POINT('',(8.367445434589,5.599690024696,2.15));
#353 = CARTESIAN_POINT('',(7.848799836,6.038107031742,2.15));
#354 = CARTESIAN_POINT('',(7.243326740592,6.367878222659,2.15));
#355 = CARTESIAN_POINT('',(6.584432153415,6.594696008785,2.15));
#356 = CARTESIAN_POINT('',(5.907820208316,6.735966468947,2.15));
#357 = CARTESIAN_POINT('',(5.238000507608,6.810511636558,2.15));
#358 = CARTESIAN_POINT('',(4.628589481952,6.88085384861,2.15));
#359 = CARTESIAN_POINT('',(3.994348878548,6.918415236715,2.15));
#360 = CARTESIAN_POINT('',(3.644699662023,7.448903142397,2.15));
#361 = CARTESIAN_POINT('',(3.279075080144,7.941496629803,2.15));
#362 = CARTESIAN_POINT('',(2.879611039365,8.484308439128,2.15));
#363 = CARTESIAN_POINT('',(2.418946411518,8.99962264904,2.15));
#364 = CARTESIAN_POINT('',(1.893124649077,9.45688439114,2.15));
#365 = CARTESIAN_POINT('',(1.304595484932,9.816167212875,2.15));
#366 = CARTESIAN_POINT('',(0.666325336882,10.046794952197,2.15));
#367 = CARTESIAN_POINT('',(4.433629593887E-13,10.126396207568,2.15));
#368 = CARTESIAN_POINT('',(-0.666325336884,10.046794952204,2.15));
#369 = CARTESIAN_POINT('',(-1.304595484926,9.816167212847,2.15));
#370 = CARTESIAN_POINT('',(-1.893124649101,9.456884391249,2.15));
#371 = CARTESIAN_POINT('',(-2.418946411425,8.999622648626,2.15));
#372 = CARTESIAN_POINT('',(-2.879611039708,8.484308440651,2.15));
#373 = CARTESIAN_POINT('',(-3.279075078938,7.941496624448,2.15));
#374 = CARTESIAN_POINT('',(-3.64469966603,7.448903160201,2.15));
#375 = CARTESIAN_POINT('',(-3.994348865297,6.918415177849,2.15));
#376 = CARTESIAN_POINT('',(-4.628589534049,6.880854080047,2.15));
#377 = CARTESIAN_POINT('',(-5.238000281371,6.810510631501,2.15));
#378 = CARTESIAN_POINT('',(-5.907821123292,6.73597053373,2.15));
#379 = CARTESIAN_POINT('',(-6.584428632471,6.594680367,2.15));
#380 = CARTESIAN_POINT('',(-7.243339798924,6.367936234277,2.15));
#381 = CARTESIAN_POINT('',(-7.848752431659,6.037896438032,2.15));
#382 = CARTESIAN_POINT('',(-8.36761698678,5.600452145029,2.15));
#383 = CARTESIAN_POINT('',(-8.769716364538,5.063198103783,2.15));
#384 = CARTESIAN_POINT('',(-9.033942323664,4.446342807176,2.15));
#385 = CARTESIAN_POINT('',(-9.153347916584,3.778270774815,2.15));
#386 = CARTESIAN_POINT('',(-9.136464448025,3.088948156973,2.15));
#387 = CARTESIAN_POINT('',(-9.003375043896,2.404942281626,2.15));
#388 = CARTESIAN_POINT('',(-8.787432163,1.74833790692,2.15));
#389 = CARTESIAN_POINT('',(-8.517075360309,1.130985992947,2.15));
#390 = CARTESIAN_POINT('',(-8.273289200079,0.568049080153,2.15));
#391 = CARTESIAN_POINT('',(-7.988697730594,5.238313570407E-15,2.15));
#392 = CARTESIAN_POINT('',(-8.273289200079,-0.568049080153,2.15));
#393 = CARTESIAN_POINT('',(-8.517075360309,-1.130985992947,2.15));
#394 = CARTESIAN_POINT('',(-8.787432163,-1.74833790692,2.15));
#395 = CARTESIAN_POINT('',(-9.003375043896,-2.404942281626,2.15));
#396 = CARTESIAN_POINT('',(-9.136464448025,-3.088948156973,2.15));
#397 = CARTESIAN_POINT('',(-9.153347916584,-3.778270774815,2.15));
#398 = CARTESIAN_POINT('',(-9.033942323664,-4.446342807176,2.15));
#399 = CARTESIAN_POINT('',(-8.769716364538,-5.063198103783,2.15));
#400 = CARTESIAN_POINT('',(-8.36761698678,-5.600452145029,2.15));
#401 = CARTESIAN_POINT('',(-7.848752431659,-6.037896438032,2.15));
#402 = CARTESIAN_POINT('',(-7.243339798924,-6.367936234277,2.15));
#403 = CARTESIAN_POINT('',(-6.584428632471,-6.594680367,2.15));
#404 = CARTESIAN_POINT('',(-5.907821123292,-6.73597053373,2.15));
#405 = CARTESIAN_POINT('',(-5.238000281371,-6.810510631501,2.15));
#406 = CARTESIAN_POINT('',(-4.628589534049,-6.880854080047,2.15));
#407 = CARTESIAN_POINT('',(-3.994348865297,-6.918415177849,2.15));
#408 = CARTESIAN_POINT('',(-3.64469966603,-7.448903160201,2.15));
#409 = CARTESIAN_POINT('',(-3.279075078938,-7.941496624448,2.15));
#410 = CARTESIAN_POINT('',(-2.879611039708,-8.484308440651,2.15));
#411 = CARTESIAN_POINT('',(-2.418946411425,-8.999622648626,2.15));
#412 = CARTESIAN_POINT('',(-1.893124649101,-9.456884391249,2.15));
#413 = CARTESIAN_POINT('',(-1.304595484926,-9.816167212847,2.15));
#414 = CARTESIAN_POINT('',(-0.666325336884,-10.0467949522,2.15));
#415 = CARTESIAN_POINT('',(-6.510228284294E-17,-10.12639620756,2.15));
#416 = CARTESIAN_POINT('',(0.666325336884,-10.0467949522,2.15));
#417 = CARTESIAN_POINT('',(1.304595484926,-9.816167212847,2.15));
#418 = CARTESIAN_POINT('',(1.893124649101,-9.456884391249,2.15));
#419 = CARTESIAN_POINT('',(2.418946411425,-8.999622648626,2.15));
#420 = CARTESIAN_POINT('',(2.879611039708,-8.484308440651,2.15));
#421 = CARTESIAN_POINT('',(3.279075078938,-7.941496624448,2.15));
#422 = CARTESIAN_POINT('',(3.64469966603,-7.448903160201,2.15));
#423 = CARTESIAN_POINT('',(3.994348865297,-6.918415177849,2.15));
#424 = CARTESIAN_POINT('',(4.628589534049,-6.880854080047,2.15));
#425 = CARTESIAN_POINT('',(5.238000281371,-6.810510631501,2.15));
#426 = CARTESIAN_POINT('',(5.907821123292,-6.73597053373,2.15));
#427 = CARTESIAN_POINT('',(6.584428632471,-6.594680367,2.15));
#428 = CARTESIAN_POINT('',(7.243339798924,-6.367936234277,2.15));
#429 = CARTESIAN_POINT('',(7.848752431658,-6.037896438032,2.15));
#430 = CARTESIAN_POINT('',(8.367616986781,-5.600452145028,2.15));
#431 = CARTESIAN_POINT('',(8.769716364538,-5.063198103785,2.15));
#432 = CARTESIAN_POINT('',(9.033942323666,-4.446342807168,2.15));
#433 = CARTESIAN_POINT('',(9.153347916578,-3.778270774844,2.15));
#434 = CARTESIAN_POINT('',(9.13646444805,-3.088948156864,2.15));
#435 = CARTESIAN_POINT('',(9.003375043803,-2.40494228204,2.15));
#436 = CARTESIAN_POINT('',(8.787432163343,-1.748337905398,2.15));
#437 = CARTESIAN_POINT('',(8.517075359104,-1.130985998303,2.15));
#438 = CARTESIAN_POINT('',(8.273289204087,-0.568049062349,2.15));
#439 = CARTESIAN_POINT('',(7.988697717343,-5.886599792865E-08,2.15));
#440 = CARTESIAN_POINT('',(8.273289252176,0.568049311591,2.15));
#441 = CARTESIAN_POINT('',(8.517075134072,1.13098498789,2.15));
#442 = CARTESIAN_POINT('',(8.787433077977,1.748341971703,2.15));
#443 = CARTESIAN_POINT('',(9.003371522953,2.404926639841,2.15));
#444 = CARTESIAN_POINT('',(9.136477506357,3.08900616859,2.15));
#445 = CARTESIAN_POINT('',(9.153300512243,3.778060181106,2.15));
#446 = CARTESIAN_POINT('',(9.034113875856,4.447104927509,2.15));
#447 = CARTESIAN_POINT('',(8.856971078711,4.857028273796,2.15));
#448 = CARTESIAN_POINT('',(8.636742077735,5.242971726204,2.15));
#449 = VECTOR('',#450,1.);
#450 = DIRECTION('',(-0.,-0.,-1.));
#451 = DEFINITIONAL_REPRESENTATION('',(#452),#456);
#452 = LINE('',#453,#454);
#453 = CARTESIAN_POINT('',(0.,0.));
#454 = VECTOR('',#455,1.);
#455 = DIRECTION('',(1.,0.));
#456 = ( GEOMETRIC_REPRESENTATION_CONTEXT(2) 
PARAMETRIC_REPRESENTATION_CONTEXT() REPRESENTATION_CONTEXT('2D SPACE',''
  ) );
#457 = ORIENTED_EDGE('',*,*,#458,.F.);
#458 = EDGE_CURVE('',#459,#139,#461,.T.);
#459 = VERTEX_POINT('',#460);
#460 = CARTESIAN_POINT('',(-0.706832597936,10.010595504564,2.15));
#461 = SURFACE_CURVE('',#462,(#562,#665),.PCURVE_S1.);
#462 = B_SPLINE_CURVE_WITH_KNOTS('',3,(#463,#464,#465,#466,#467,#468,
    #469,#470,#471,#472,#473,#474,#475,#476,#477,#478,#479,#480,#481,
    #482,#483,#484,#485,#486,#487,#488,#489,#490,#491,#492,#493,#494,
    #495,#496,#497,#498,#499,#500,#501,#502,#503,#504,#505,#506,#507,
    #508,#509,#510,#511,#512,#513,#514,#515,#516,#517,#518,#519,#520,
    #521,#522,#523,#524,#525,#526,#527,#528,#529,#530,#531,#532,#533,
    #534,#535,#536,#537,#538,#539,#540,#541,#542,#543,#544,#545,#546,
    #547,#548,#549,#550,#551,#552,#553,#554,#555,#556,#557,#558,#559,
    #560,#561),.UNSPECIFIED.,.T.,.F.,(1,1,2,1,1,1,1,1,1,1,1,1,1,1,1,1,1,
    1,1,1,1,1,1,1,1,1,1,1,1,1,1,1,1,1,1,1,1,1,1,1,1,1,1,1,1,1,1,1,1,1,1,
    1,1,1,1,1,1,1,1,1,1,1,1,1,1,1,1,1,1,1,1,1,1,1,1,1,1,1,1,1,1,1,1,1,1,
    1,1,1,1,1,1,1,1,1,1,1,1,1,2,1,1),(-1.333235042607,-0.661447557644,0.
    ,0.661447557644,1.333235042607,2.02015640121,2.718398666883,
    3.415536812968,4.092672839031,4.727583113964,5.295977010989,
    5.864370908013,6.499281182947,7.176417209009,7.873555355095,
    8.571797620767,9.258718979371,9.930506464334,10.591954021978,
    11.253401579621,11.925189064585,12.612110423188,13.310352688861,
    14.007490834946,14.684626861009,15.319537135942,15.887931032967,
    16.456324929991,17.091235204924,17.768371230987,18.465509377073,
    19.163751642745,19.850673001349,20.522460486312,21.183908043956,
    21.845355601599,22.517143086563,23.204064445166,23.902306710839,
    24.599444856924,25.276580882987,25.91149115792,26.479885054945,
    27.048278951969,27.683189226902,28.360325252965,29.05746339905,
    29.755705664723,30.442627023327,31.11441450829,31.775862065934,
    32.437309623577,33.10909710854,33.796018467144,34.494260732817,
    35.191398878902,35.868534904965,36.503445179898,37.071839076922,
    37.640232973947,38.27514324888,38.952279274943,39.649417421028,
    40.347659686701,41.034581045305,41.706368530268,42.367816087911,
    43.029263645555,43.701051130518,44.387972489122,45.086214754794,
    45.78335290088,46.460488926943,47.095399201876,47.6637930989,
    48.232186995925,48.867097270858,49.544233296921,50.241371443006,
    50.939613708679,51.626535067282,52.298322552246,52.959770109889,
    53.621217667533,54.293005152496,54.9799265111,55.678168776772,
    56.375306922858,57.052442948921,57.687353223854,58.255747120878,
    58.824141017903,59.459051292836,60.136187318899,60.833325464984,
    61.531567730657,62.21848908926,62.890276574224,63.551724131867,
    64.213171689511,64.884959174474),.UNSPECIFIED.);
#463 = CARTESIAN_POINT('',(8.856971078711,4.857028273796,2.15));
#464 = CARTESIAN_POINT('',(8.636742077735,5.242971726204,2.15));
#465 = CARTESIAN_POINT('',(8.367445434589,5.599690024696,2.15));
#466 = CARTESIAN_POINT('',(7.848799836,6.038107031742,2.15));
#467 = CARTESIAN_POINT('',(7.243326740592,6.367878222659,2.15));
#468 = CARTESIAN_POINT('',(6.584432153415,6.594696008785,2.15));
#469 = CARTESIAN_POINT('',(5.907820208316,6.735966468947,2.15));
#470 = CARTESIAN_POINT('',(5.238000507608,6.810511636558,2.15));
#471 = CARTESIAN_POINT('',(4.628589481952,6.88085384861,2.15));
#472 = CARTESIAN_POINT('',(3.994348878548,6.918415236715,2.15));
#473 = CARTESIAN_POINT('',(3.644699662023,7.448903142397,2.15));
#474 = CARTESIAN_POINT('',(3.279075080144,7.941496629803,2.15));
#475 = CARTESIAN_POINT('',(2.879611039365,8.484308439128,2.15));
#476 = CARTESIAN_POINT('',(2.418946411518,8.99962264904,2.15));
#477 = CARTESIAN_POINT('',(1.893124649077,9.45688439114,2.15));
#478 = CARTESIAN_POINT('',(1.304595484932,9.816167212875,2.15));
#479 = CARTESIAN_POINT('',(0.666325336882,10.046794952197,2.15));
#480 = CARTESIAN_POINT('',(4.433629593887E-13,10.126396207568,2.15));
#481 = CARTESIAN_POINT('',(-0.666325336884,10.046794952204,2.15));
#482 = CARTESIAN_POINT('',(-1.304595484926,9.816167212847,2.15));
#483 = CARTESIAN_POINT('',(-1.893124649101,9.456884391249,2.15));
#484 = CARTESIAN_POINT('',(-2.418946411425,8.999622648626,2.15));
#485 = CARTESIAN_POINT('',(-2.879611039708,8.484308440651,2.15));
#486 = CARTESIAN_POINT('',(-3.279075078938,7.941496624448,2.15));
#487 = CARTESIAN_POINT('',(-3.64469966603,7.448903160201,2.15));
#488 = CARTESIAN_POINT('',(-3.994348865297,6.918415177849,2.15));
#489 = CARTESIAN_POINT('',(-4.628589534049,6.880854080047,2.15));
#490 = CARTESIAN_POINT('',(-5.238000281371,6.810510631501,2.15));
#491 = CARTESIAN_POINT('',(-5.907821123292,6.73597053373,2.15));
#492 = CARTESIAN_POINT('',(-6.584428632471,6.594680367,2.15));
#493 = CARTESIAN_POINT('',(-7.243339798924,6.367936234277,2.15));
#494 = CARTESIAN_POINT('',(-7.848752431659,6.037896438032,2.15));
#495 = CARTESIAN_POINT('',(-8.36761698678,5.600452145029,2.15));
#496 = CARTESIAN_POINT('',(-8.769716364538,5.063198103783,2.15));
#497 = CARTESIAN_POINT('',(-9.033942323664,4.446342807176,2.15));
#498 = CARTESIAN_POINT('',(-9.153347916584,3.778270774815,2.15));
#499 = CARTESIAN_POINT('',(-9.136464448025,3.088948156973,2.15));
#500 = CARTESIAN_POINT('',(-9.003375043896,2.404942281626,2.15));
#501 = CARTESIAN_POINT('',(-8.787432163,1.74833790692,2.15));
#502 = CARTESIAN_POINT('',(-8.517075360309,1.130985992947,2.15));
#503 = CARTESIAN_POINT('',(-8.273289200079,0.568049080153,2.15));
#504 = CARTESIAN_POINT('',(-7.988697730594,5.238313570407E-15,2.15));
#505 = CARTESIAN_POINT('',(-8.273289200079,-0.568049080153,2.15));
#506 = CARTESIAN_POINT('',(-8.517075360309,-1.130985992947,2.15));
#507 = CARTESIAN_POINT('',(-8.787432163,-1.74833790692,2.15));
#508 = CARTESIAN_POINT('',(-9.003375043896,-2.404942281626,2.15));
#509 = CARTESIAN_POINT('',(-9.136464448025,-3.088948156973,2.15));
#510 = CARTESIAN_POINT('',(-9.153347916584,-3.778270774815,2.15));
#511 = CARTESIAN_POINT('',(-9.033942323664,-4.446342807176,2.15));
#512 = CARTESIAN_POINT('',(-8.769716364538,-5.063198103783,2.15));
#513 = CARTESIAN_POINT('',(-8.36761698678,-5.600452145029,2.15));
#514 = CARTESIAN_POINT('',(-7.848752431659,-6.037896438032,2.15));
#515 = CARTESIAN_POINT('',(-7.243339798924,-6.367936234277,2.15));
#516 = CARTESIAN_POINT('',(-6.584428632471,-6.594680367,2.15));
#517 = CARTESIAN_POINT('',(-5.907821123292,-6.73597053373,2.15));
#518 = CARTESIAN_POINT('',(-5.238000281371,-6.810510631501,2.15));
#519 = CARTESIAN_POINT('',(-4.628589534049,-6.880854080047,2.15));
#520 = CARTESIAN_POINT('',(-3.994348865297,-6.918415177849,2.15));
#521 = CARTESIAN_POINT('',(-3.64469966603,-7.448903160201,2.15));
#522 = CARTESIAN_POINT('',(-3.279075078938,-7.941496624448,2.15));
#523 = CARTESIAN_POINT('',(-2.879611039708,-8.484308440651,2.15));
#524 = CARTESIAN_POINT('',(-2.418946411425,-8.999622648626,2.15));
#525 = CARTESIAN_POINT('',(-1.893124649101,-9.456884391249,2.15));
#526 = CARTESIAN_POINT('',(-1.304595484926,-9.816167212847,2.15));
#527 = CARTESIAN_POINT('',(-0.666325336884,-10.0467949522,2.15));
#528 = CARTESIAN_POINT('',(-6.510228284294E-17,-10.12639620756,2.15));
#529 = CARTESIAN_POINT('',(0.666325336884,-10.0467949522,2.15));
#530 = CARTESIAN_POINT('',(1.304595484926,-9.816167212847,2.15));
#531 = CARTESIAN_POINT('',(1.893124649101,-9.456884391249,2.15));
#532 = CARTESIAN_POINT('',(2.418946411425,-8.999622648626,2.15));
#533 = CARTESIAN_POINT('',(2.879611039708,-8.484308440651,2.15));
#534 = CARTESIAN_POINT('',(3.279075078938,-7.941496624448,2.15));
#535 = CARTESIAN_POINT('',(3.64469966603,-7.448903160201,2.15));
#536 = CARTESIAN_POINT('',(3.994348865297,-6.918415177849,2.15));
#537 = CARTESIAN_POINT('',(4.628589534049,-6.880854080047,2.15));
#538 = CARTESIAN_POINT('',(5.238000281371,-6.810510631501,2.15));
#539 = CARTESIAN_POINT('',(5.907821123292,-6.73597053373,2.15));
#540 = CARTESIAN_POINT('',(6.584428632471,-6.594680367,2.15));
#541 = CARTESIAN_POINT('',(7.243339798924,-6.367936234277,2.15));
#542 = CARTESIAN_POINT('',(7.848752431658,-6.037896438032,2.15));
#543 = CARTESIAN_POINT('',(8.367616986781,-5.600452145028,2.15));
#544 = CARTESIAN_POINT('',(8.769716364538,-5.063198103785,2.15));
#545 = CARTESIAN_POINT('',(9.033942323666,-4.446342807168,2.15));
#546 = CARTESIAN_POINT('',(9.153347916578,-3.778270774844,2.15));
#547 = CARTESIAN_POINT('',(9.13646444805,-3.088948156864,2.15));
#548 = CARTESIAN_POINT('',(9.003375043803,-2.40494228204,2.15));
#549 = CARTESIAN_POINT('',(8.787432163343,-1.748337905398,2.15));
#550 = CARTESIAN_POINT('',(8.517075359104,-1.130985998303,2.15));
#551 = CARTESIAN_POINT('',(8.273289204087,-0.568049062349,2.15));
#552 = CARTESIAN_POINT('',(7.988697717343,-5.886599792865E-08,2.15));
#553 = CARTESIAN_POINT('',(8.273289252176,0.568049311591,2.15));
#554 = CARTESIAN_POINT('',(8.517075134072,1.13098498789,2.15));
#555 = CARTESIAN_POINT('',(8.787433077977,1.748341971703,2.15));
#556 = CARTESIAN_POINT('',(9.003371522953,2.404926639841,2.15));
#557 = CARTESIAN_POINT('',(9.136477506357,3.08900616859,2.15));
#558 = CARTESIAN_POINT('',(9.153300512243,3.778060181106,2.15));
#559 = CARTESIAN_POINT('',(9.034113875856,4.447104927509,2.15));
#560 = CARTESIAN_POINT('',(8.856971078711,4.857028273796,2.15));
#561 = CARTESIAN_POINT('',(8.636742077735,5.242971726204,2.15));
#562 = PCURVE('',#69,#563);
#563 = DEFINITIONAL_REPRESENTATION('',(#564),#664);
#564 = B_SPLINE_CURVE_WITH_KNOTS('',3,(#565,#566,#567,#568,#569,#570,
    #571,#572,#573,#574,#575,#576,#577,#578,#579,#580,#581,#582,#583,
    #584,#585,#586,#587,#588,#589,#590,#591,#592,#593,#594,#595,#596,
    #597,#598,#599,#600,#601,#602,#603,#604,#605,#606,#607,#608,#609,
    #610,#611,#612,#613,#614,#615,#616,#617,#618,#619,#620,#621,#622,
    #623,#624,#625,#626,#627,#628,#629,#630,#631,#632,#633,#634,#635,
    #636,#637,#638,#639,#640,#641,#642,#643,#644,#645,#646,#647,#648,
    #649,#650,#651,#652,#653,#654,#655,#656,#657,#658,#659,#660,#661,
    #662,#663),.UNSPECIFIED.,.T.,.F.,(1,1,2,1,1,1,1,1,1,1,1,1,1,1,1,1,1,
    1,1,1,1,1,1,1,1,1,1,1,1,1,1,1,1,1,1,1,1,1,1,1,1,1,1,1,1,1,1,1,1,1,1,
    1,1,1,1,1,1,1,1,1,1,1,1,1,1,1,1,1,1,1,1,1,1,1,1,1,1,1,1,1,1,1,1,1,1,
    1,1,1,1,1,1,1,1,1,1,1,1,1,2,1,1),(-1.333235042607,-0.661447557644,0.
    ,0.661447557644,1.333235042607,2.02015640121,2.718398666883,
    3.415536812968,4.092672839031,4.727583113964,5.295977010989,
    5.864370908013,6.499281182947,7.176417209009,7.873555355095,
    8.571797620767,9.258718979371,9.930506464334,10.591954021978,
    11.253401579621,11.925189064585,12.612110423188,13.310352688861,
    14.007490834946,14.684626861009,15.319537135942,15.887931032967,
    16.456324929991,17.091235204924,17.768371230987,18.465509377073,
    19.163751642745,19.850673001349,20.522460486312,21.183908043956,
    21.845355601599,22.517143086563,23.204064445166,23.902306710839,
    24.599444856924,25.276580882987,25.91149115792,26.479885054945,
    27.048278951969,27.683189226902,28.360325252965,29.05746339905,
    29.755705664723,30.442627023327,31.11441450829,31.775862065934,
    32.437309623577,33.10909710854,33.796018467144,34.494260732817,
    35.191398878902,35.868534904965,36.503445179898,37.071839076922,
    37.640232973947,38.27514324888,38.952279274943,39.649417421028,
    40.347659686701,41.034581045305,41.706368530268,42.367816087911,
    43.029263645555,43.701051130518,44.387972489122,45.086214754794,
    45.78335290088,46.460488926943,47.095399201876,47.6637930989,
    48.232186995925,48.867097270858,49.544233296921,50.241371443006,
    50.939613708679,51.626535067282,52.298322552246,52.959770109889,
    53.621217667533,54.293005152496,54.9799265111,55.678168776772,
    56.375306922858,57.052442948921,57.687353223854,58.255747120878,
    58.824141017903,59.459051292836,60.136187318899,60.833325464984,
    61.531567730657,62.21848908926,62.890276574224,63.551724131867,
    64.213171689511,64.884959174474),.UNSPECIFIED.);
#565 = CARTESIAN_POINT('',(8.856971078711,4.857028273796));
#566 = CARTESIAN_POINT('',(8.636742077735,5.242971726204));
#567 = CARTESIAN_POINT('',(8.367445434589,5.599690024696));
#568 = CARTESIAN_POINT('',(7.848799836,6.038107031742));
#569 = CARTESIAN_POINT('',(7.243326740592,6.367878222659));
#570 = CARTESIAN_POINT('',(6.584432153415,6.594696008785));
#571 = CARTESIAN_POINT('',(5.907820208316,6.735966468947));
#572 = CARTESIAN_POINT('',(5.238000507608,6.810511636558));
#573 = CARTESIAN_POINT('',(4.628589481952,6.88085384861));
#574 = CARTESIAN_POINT('',(3.994348878548,6.918415236715));
#575 = CARTESIAN_POINT('',(3.644699662023,7.448903142397));
#576 = CARTESIAN_POINT('',(3.279075080144,7.941496629803));
#577 = CARTESIAN_POINT('',(2.879611039365,8.484308439128));
#578 = CARTESIAN_POINT('',(2.418946411518,8.99962264904));
#579 = CARTESIAN_POINT('',(1.893124649077,9.45688439114));
#580 = CARTESIAN_POINT('',(1.304595484932,9.816167212875));
#581 = CARTESIAN_POINT('',(0.666325336882,10.046794952197));
#582 = CARTESIAN_POINT('',(4.433629593887E-13,10.126396207568));
#583 = CARTESIAN_POINT('',(-0.666325336884,10.046794952204));
#584 = CARTESIAN_POINT('',(-1.304595484926,9.816167212847));
#585 = CARTESIAN_POINT('',(-1.893124649101,9.456884391249));
#586 = CARTESIAN_POINT('',(-2.418946411425,8.999622648626));
#587 = CARTESIAN_POINT('',(-2.879611039708,8.484308440651));
#588 = CARTESIAN_POINT('',(-3.279075078938,7.941496624448));
#589 = CARTESIAN_POINT('',(-3.64469966603,7.448903160201));
#590 = CARTESIAN_POINT('',(-3.994348865297,6.918415177849));
#591 = CARTESIAN_POINT('',(-4.628589534049,6.880854080047));
#592 = CARTESIAN_POINT('',(-5.238000281371,6.810510631501));
#593 = CARTESIAN_POINT('',(-5.907821123292,6.73597053373));
#594 = CARTESIAN_POINT('',(-6.584428632471,6.594680367));
#595 = CARTESIAN_POINT('',(-7.243339798924,6.367936234277));
#596 = CARTESIAN_POINT('',(-7.848752431659,6.037896438032));
#597 = CARTESIAN_POINT('',(-8.36761698678,5.600452145029));
#598 = CARTESIAN_POINT('',(-8.769716364538,5.063198103783));
#599 = CARTESIAN_POINT('',(-9.033942323664,4.446342807176));
#600 = CARTESIAN_POINT('',(-9.153347916584,3.778270774815));
#601 = CARTESIAN_POINT('',(-9.136464448025,3.088948156973));
#602 = CARTESIAN_POINT('',(-9.003375043896,2.404942281626));
#603 = CARTESIAN_POINT('',(-8.787432163,1.74833790692));
#604 = CARTESIAN_POINT('',(-8.517075360309,1.130985992947));
#605 = CARTESIAN_POINT('',(-8.273289200079,0.568049080153));
#606 = CARTESIAN_POINT('',(-7.988697730594,5.238313570407E-15));
#607 = CARTESIAN_POINT('',(-8.273289200079,-0.568049080153));
#608 = CARTESIAN_POINT('',(-8.517075360309,-1.130985992947));
#609 = CARTESIAN_POINT('',(-8.787432163,-1.74833790692));
#610 = CARTESIAN_POINT('',(-9.003375043896,-2.404942281626));
#611 = CARTESIAN_POINT('',(-9.136464448025,-3.088948156973));
#612 = CARTESIAN_POINT('',(-9.153347916584,-3.778270774815));
#613 = CARTESIAN_POINT('',(-9.033942323664,-4.446342807176));
#614 = CARTESIAN_POINT('',(-8.769716364538,-5.063198103783));
#615 = CARTESIAN_POINT('',(-8.36761698678,-5.600452145029));
#616 = CARTESIAN_POINT('',(-7.848752431659,-6.037896438032));
#617 = CARTESIAN_POINT('',(-7.243339798924,-6.367936234277));
#618 = CARTESIAN_POINT('',(-6.584428632471,-6.594680367));
#619 = CARTESIAN_POINT('',(-5.907821123292,-6.73597053373));
#620 = CARTESIAN_POINT('',(-5.238000281371,-6.810510631501));
#621 = CARTESIAN_POINT('',(-4.628589534049,-6.880854080047));
#622 = CARTESIAN_POINT('',(-3.994348865297,-6.918415177849));
#623 = CARTESIAN_POINT('',(-3.64469966603,-7.448903160201));
#624 = CARTESIAN_POINT('',(-3.279075078938,-7.941496624448));
#625 = CARTESIAN_POINT('',(-2.879611039708,-8.484308440651));
#626 = CARTESIAN_POINT('',(-2.418946411425,-8.999622648626));
#627 = CARTESIAN_POINT('',(-1.893124649101,-9.456884391249));
#628 = CARTESIAN_POINT('',(-1.304595484926,-9.816167212847));
#629 = CARTESIAN_POINT('',(-0.666325336884,-10.0467949522));
#630 = CARTESIAN_POINT('',(-6.510228284294E-17,-10.12639620756));
#631 = CARTESIAN_POINT('',(0.666325336884,-10.0467949522));
#632 = CARTESIAN_POINT('',(1.304595484926,-9.816167212847));
#633 = CARTESIAN_POINT('',(1.893124649101,-9.456884391249));
#634 = CARTESIAN_POINT('',(2.418946411425,-8.999622648626));
#635 = CARTESIAN_POINT('',(2.879611039708,-8.484308440651));
#636 = CARTESIAN_POINT('',(3.279075078938,-7.941496624448));
#637 = CARTESIAN_POINT('',(3.64469966603,-7.448903160201));
#638 = CARTESIAN_POINT('',(3.994348865297,-6.918415177849));
#639 = CARTESIAN_POINT('',(4.628589534049,-6.880854080047));
#640 = CARTESIAN_POINT('',(5.238000281371,-6.810510631501));
#641 = CARTESIAN_POINT('',(5.907821123292,-6.73597053373));
#642 = CARTESIAN_POINT('',(6.584428632471,-6.594680367));
#643 = CARTESIAN_POINT('',(7.243339798924,-6.367936234277));
#644 = CARTESIAN_POINT('',(7.848752431658,-6.037896438032));
#645 = CARTESIAN_POINT('',(8.367616986781,-5.600452145028));
#646 = CARTESIAN_POINT('',(8.769716364538,-5.063198103785));
#647 = CARTESIAN_POINT('',(9.033942323666,-4.446342807168));
#648 = CARTESIAN_POINT('',(9.153347916578,-3.778270774844));
#649 = CARTESIAN_POINT('',(9.13646444805,-3.088948156864));
#650 = CARTESIAN_POINT('',(9.003375043803,-2.40494228204));
#651 = CARTESIAN_POINT('',(8.787432163343,-1.748337905398));
#652 = CARTESIAN_POINT('',(8.517075359104,-1.130985998303));
#653 = CARTESIAN_POINT('',(8.273289204087,-0.568049062349));
#654 = CARTESIAN_POINT('',(7.988697717343,-5.886599792865E-08));
#655 = CARTESIAN_POINT('',(8.273289252176,0.568049311591));
#656 = CARTESIAN_POINT('',(8.517075134072,1.13098498789));
#657 = CARTESIAN_POINT('',(8.787433077977,1.748341971703));
#658 = CARTESIAN_POINT('',(9.003371522953,2.404926639841));
#659 = CARTESIAN_POINT('',(9.136477506357,3.08900616859));
#660 = CARTESIAN_POINT('',(9.153300512243,3.778060181106));
#661 = CARTESIAN_POINT('',(9.034113875856,4.447104927509));
#662 = CARTESIAN_POINT('',(8.856971078711,4.857028273796));
#663 = CARTESIAN_POINT('',(8.636742077735,5.242971726204));
#664 = ( GEOMETRIC_REPRESENTATION_CONTEXT(2) 
PARAMETRIC_REPRESENTATION_CONTEXT() REPRESENTATION_CONTEXT('2D SPACE',''
  ) );
#665 = PCURVE('',#348,#666);
#666 = DEFINITIONAL_REPRESENTATION('',(#667),#671);
#667 = LINE('',#668,#669);
#668 = CARTESIAN_POINT('',(0.,0.));
#669 = VECTOR('',#670,1.);
#670 = DIRECTION('',(1.,0.));
#671 = ( GEOMETRIC_REPRESENTATION_CONTEXT(2) 
PARAMETRIC_REPRESENTATION_CONTEXT() REPRESENTATION_CONTEXT('2D SPACE',''
  ) );
#672 = ORIENTED_EDGE('',*,*,#673,.F.);
#673 = EDGE_CURVE('',#674,#459,#676,.T.);
#674 = VERTEX_POINT('',#675);
#675 = CARTESIAN_POINT('',(1.428978332959E-15,11.1384,2.15));
#676 = SURFACE_CURVE('',#677,(#682,#689),.PCURVE_S1.);
#677 = CIRCLE('',#678,0.7854);
#678 = AXIS2_PLACEMENT_3D('',#679,#680,#681);
#679 = CARTESIAN_POINT('',(1.149413897394E-15,10.353,2.15));
#680 = DIRECTION('',(0.,0.,1.));
#681 = DIRECTION('',(1.110223024625E-16,1.,-0.));
#682 = PCURVE('',#69,#683);
#683 = DEFINITIONAL_REPRESENTATION('',(#684),#688);
#684 = CIRCLE('',#685,0.7854);
#685 = AXIS2_PLACEMENT_2D('',#686,#687);
#686 = CARTESIAN_POINT('',(1.149413897394E-15,10.353));
#687 = DIRECTION('',(1.110223024625E-16,1.));
#688 = ( GEOMETRIC_REPRESENTATION_CONTEXT(2) 
PARAMETRIC_REPRESENTATION_CONTEXT() REPRESENTATION_CONTEXT('2D SPACE',''
  ) );
#689 = PCURVE('',#690,#695);
#690 = CYLINDRICAL_SURFACE('',#691,0.7854);
#691 = AXIS2_PLACEMENT_3D('',#692,#693,#694);
#692 = CARTESIAN_POINT('',(1.149413897394E-15,10.353,1.79));
#693 = DIRECTION('',(0.,0.,1.));
#694 = DIRECTION('',(1.110223024625E-16,1.,0.));
#695 = DEFINITIONAL_REPRESENTATION('',(#696),#700);
#696 = LINE('',#697,#698);
#697 = CARTESIAN_POINT('',(0.,0.36));
#698 = VECTOR('',#699,1.);
#699 = DIRECTION('',(1.,0.));
#700 = ( GEOMETRIC_REPRESENTATION_CONTEXT(2) 
PARAMETRIC_REPRESENTATION_CONTEXT() REPRESENTATION_CONTEXT('2D SPACE',''
  ) );
#701 = ORIENTED_EDGE('',*,*,#702,.F.);
#702 = EDGE_CURVE('',#141,#674,#703,.T.);
#703 = SURFACE_CURVE('',#704,(#709,#716),.PCURVE_S1.);
#704 = CIRCLE('',#705,0.7854);
#705 = AXIS2_PLACEMENT_3D('',#706,#707,#708);
#706 = CARTESIAN_POINT('',(1.149413897394E-15,10.353,2.15));
#707 = DIRECTION('',(0.,0.,1.));
#708 = DIRECTION('',(1.110223024625E-16,1.,-0.));
#709 = PCURVE('',#69,#710);
#710 = DEFINITIONAL_REPRESENTATION('',(#711),#715);
#711 = CIRCLE('',#712,0.7854);
#712 = AXIS2_PLACEMENT_2D('',#713,#714);
#713 = CARTESIAN_POINT('',(1.149413897394E-15,10.353));
#714 = DIRECTION('',(1.110223024625E-16,1.));
#715 = ( GEOMETRIC_REPRESENTATION_CONTEXT(2) 
PARAMETRIC_REPRESENTATION_CONTEXT() REPRESENTATION_CONTEXT('2D SPACE',''
  ) );
#716 = PCURVE('',#690,#717);
#717 = DEFINITIONAL_REPRESENTATION('',(#718),#722);
#718 = LINE('',#719,#720);
#719 = CARTESIAN_POINT('',(0.,0.36));
#720 = VECTOR('',#721,1.);
#721 = DIRECTION('',(1.,0.));
#722 = ( GEOMETRIC_REPRESENTATION_CONTEXT(2) 
PARAMETRIC_REPRESENTATION_CONTEXT() REPRESENTATION_CONTEXT('2D SPACE',''
  ) );
#723 = ADVANCED_FACE('',(#724,#727),#119,.F.);
#724 = FACE_BOUND('',#725,.F.);
#725 = EDGE_LOOP('',(#726));
#726 = ORIENTED_EDGE('',*,*,#104,.T.);
#727 = FACE_BOUND('',#728,.F.);
#728 = EDGE_LOOP('',(#729));
#729 = ORIENTED_EDGE('',*,*,#730,.F.);
#730 = EDGE_CURVE('',#731,#731,#733,.T.);
#731 = VERTEX_POINT('',#732);
#732 = CARTESIAN_POINT('',(3.2,-7.837739514543E-16,0.));
#733 = SURFACE_CURVE('',#734,(#739,#746),.PCURVE_S1.);
#734 = CIRCLE('',#735,3.2);
#735 = AXIS2_PLACEMENT_3D('',#736,#737,#738);
#736 = CARTESIAN_POINT('',(0.,0.,0.));
#737 = DIRECTION('',(0.,0.,1.));
#738 = DIRECTION('',(1.,0.,-0.));
#739 = PCURVE('',#119,#740);
#740 = DEFINITIONAL_REPRESENTATION('',(#741),#745);
#741 = CIRCLE('',#742,3.2);
#742 = AXIS2_PLACEMENT_2D('',#743,#744);
#743 = CARTESIAN_POINT('',(0.,0.));
#744 = DIRECTION('',(1.,0.));
#745 = ( GEOMETRIC_REPRESENTATION_CONTEXT(2) 
PARAMETRIC_REPRESENTATION_CONTEXT() REPRESENTATION_CONTEXT('2D SPACE',''
  ) );
#746 = PCURVE('',#747,#752);
#747 = CYLINDRICAL_SURFACE('',#748,3.2);
#748 = AXIS2_PLACEMENT_3D('',#749,#750,#751);
#749 = CARTESIAN_POINT('',(0.,0.,-0.25));
#750 = DIRECTION('',(0.,0.,1.));
#751 = DIRECTION('',(1.,0.,-0.));
#752 = DEFINITIONAL_REPRESENTATION('',(#753),#757);
#753 = LINE('',#754,#755);
#754 = CARTESIAN_POINT('',(0.,0.25));
#755 = VECTOR('',#756,1.);
#756 = DIRECTION('',(1.,0.));
#757 = ( GEOMETRIC_REPRESENTATION_CONTEXT(2) 
PARAMETRIC_REPRESENTATION_CONTEXT() REPRESENTATION_CONTEXT('2D SPACE',''
  ) );
#758 = ADVANCED_FACE('',(#759,#1491),#348,.F.);
#759 = FACE_BOUND('',#760,.F.);
#760 = EDGE_LOOP('',(#761,#784,#785,#817,#887,#917,#918,#919));
#761 = ORIENTED_EDGE('',*,*,#762,.F.);
#762 = EDGE_CURVE('',#139,#763,#765,.T.);
#763 = VERTEX_POINT('',#764);
#764 = CARTESIAN_POINT('',(8.746856578223,5.05,15.));
#765 = SEAM_CURVE('',#766,(#770,#777),.PCURVE_S1.);
#766 = LINE('',#767,#768);
#767 = CARTESIAN_POINT('',(8.746856578223,5.05,2.15));
#768 = VECTOR('',#769,1.);
#769 = DIRECTION('',(0.,0.,1.));
#770 = PCURVE('',#348,#771);
#771 = DEFINITIONAL_REPRESENTATION('',(#772),#776);
#772 = LINE('',#773,#774);
#773 = CARTESIAN_POINT('',(63.551724131867,0.));
#774 = VECTOR('',#775,1.);
#775 = DIRECTION('',(0.,-1.));
#776 = ( GEOMETRIC_REPRESENTATION_CONTEXT(2) 
PARAMETRIC_REPRESENTATION_CONTEXT() REPRESENTATION_CONTEXT('2D SPACE',''
  ) );
#777 = PCURVE('',#348,#778);
#778 = DEFINITIONAL_REPRESENTATION('',(#779),#783);
#779 = LINE('',#780,#781);
#780 = CARTESIAN_POINT('',(0.,0.));
#781 = VECTOR('',#782,1.);
#782 = DIRECTION('',(0.,-1.));
#783 = ( GEOMETRIC_REPRESENTATION_CONTEXT(2) 
PARAMETRIC_REPRESENTATION_CONTEXT() REPRESENTATION_CONTEXT('2D SPACE',''
  ) );
#784 = ORIENTED_EDGE('',*,*,#458,.F.);
#785 = ORIENTED_EDGE('',*,*,#786,.F.);
#786 = EDGE_CURVE('',#787,#459,#789,.T.);
#787 = VERTEX_POINT('',#788);
#788 = CARTESIAN_POINT('',(-0.706832597936,10.010595504564,2.27));
#789 = SURFACE_CURVE('',#790,(#797,#807),.PCURVE_S1.);
#790 = B_SPLINE_CURVE_WITH_KNOTS('',5,(#791,#792,#793,#794,#795,#796),
  .UNSPECIFIED.,.F.,.F.,(6,6),(0.,1.),.PIECEWISE_BEZIER_KNOTS.);
#791 = CARTESIAN_POINT('',(-0.706832597936,10.010595504564,
    2.270064237313));
#792 = CARTESIAN_POINT('',(-0.706832597936,10.010595504564,
    2.262616739154));
#793 = CARTESIAN_POINT('',(-0.706832597936,10.010595504564,
    2.225097164515));
#794 = CARTESIAN_POINT('',(-0.706832597936,10.010595504564,
    2.196294045584));
#795 = CARTESIAN_POINT('',(-0.706832597936,10.010595504564,
    2.178973819978));
#796 = CARTESIAN_POINT('',(-0.706832597936,10.010595504564,
    2.149935762687));
#797 = PCURVE('',#348,#798);
#798 = DEFINITIONAL_REPRESENTATION('',(#799),#806);
#799 = B_SPLINE_CURVE_WITH_KNOTS('',5,(#800,#801,#802,#803,#804,#805),
  .UNSPECIFIED.,.F.,.F.,(6,6),(0.,1.),.PIECEWISE_BEZIER_KNOTS.);
#800 = CARTESIAN_POINT('',(11.304682442149,-0.120064237313));
#801 = CARTESIAN_POINT('',(11.304682442149,-0.112616739154));
#802 = CARTESIAN_POINT('',(11.304682442149,-7.509716451523E-02));
#803 = CARTESIAN_POINT('',(11.304682442149,-4.629404558448E-02));
#804 = CARTESIAN_POINT('',(11.304682442149,-2.897381997772E-02));
#805 = CARTESIAN_POINT('',(11.304682442149,6.423731320102E-05));
#806 = ( GEOMETRIC_REPRESENTATION_CONTEXT(2) 
PARAMETRIC_REPRESENTATION_CONTEXT() REPRESENTATION_CONTEXT('2D SPACE',''
  ) );
#807 = PCURVE('',#690,#808);
#808 = DEFINITIONAL_REPRESENTATION('',(#809),#816);
#809 = B_SPLINE_CURVE_WITH_KNOTS('',5,(#810,#811,#812,#813,#814,#815),
  .UNSPECIFIED.,.F.,.F.,(6,6),(0.,1.),.PIECEWISE_BEZIER_KNOTS.);
#810 = CARTESIAN_POINT('',(2.021903173545,0.480064237313));
#811 = CARTESIAN_POINT('',(2.021903173545,0.472616739154));
#812 = CARTESIAN_POINT('',(2.021903173545,0.435097164515));
#813 = CARTESIAN_POINT('',(2.021903173545,0.406294045584));
#814 = CARTESIAN_POINT('',(2.021903173545,0.388973819978));
#815 = CARTESIAN_POINT('',(2.021903173545,0.359935762687));
#816 = ( GEOMETRIC_REPRESENTATION_CONTEXT(2) 
PARAMETRIC_REPRESENTATION_CONTEXT() REPRESENTATION_CONTEXT('2D SPACE',''
  ) );
#817 = ORIENTED_EDGE('',*,*,#818,.T.);
#818 = EDGE_CURVE('',#787,#819,#821,.T.);
#819 = VERTEX_POINT('',#820);
#820 = CARTESIAN_POINT('',(0.706832597937,10.010595504565,2.27));
#821 = SURFACE_CURVE('',#822,(#840,#861),.PCURVE_S1.);
#822 = B_SPLINE_CURVE_WITH_KNOTS('',6,(#823,#824,#825,#826,#827,#828,
    #829,#830,#831,#832,#833,#834,#835,#836,#837,#838,#839),
  .UNSPECIFIED.,.F.,.F.,(7,5,5,7),(0.,0.202287752777,0.594371388001,1.),
  .UNSPECIFIED.);
#823 = CARTESIAN_POINT('',(-0.7854,9.989438803384,2.27));
#824 = CARTESIAN_POINT('',(-0.732722916761,10.004396016977,2.27));
#825 = CARTESIAN_POINT('',(-0.679729464049,10.018199147194,2.27));
#826 = CARTESIAN_POINT('',(-0.626427589341,10.030818632224,2.27));
#827 = CARTESIAN_POINT('',(-0.572839946851,10.042232740899,2.27));
#828 = CARTESIAN_POINT('',(-0.519003897539,10.052427572695,2.27));
#829 = CARTESIAN_POINT('',(-0.360243392915,10.078782135421,2.27));
#830 = CARTESIAN_POINT('',(-0.254737810466,10.091558337146,2.27));
#831 = CARTESIAN_POINT('',(-0.148718013661,10.09962819104,2.27));
#832 = CARTESIAN_POINT('',(-4.246599180575E-02,10.102953144528,2.27));
#833 = CARTESIAN_POINT('',(6.377291365486E-02,10.101269917027,2.27));
#834 = CARTESIAN_POINT('',(0.279359985918,10.088179369106,2.27));
#835 = CARTESIAN_POINT('',(0.378173288849,10.077032015884,2.27));
#836 = CARTESIAN_POINT('',(0.482145438894,10.062407711723,2.27));
#837 = CARTESIAN_POINT('',(0.593916056349,10.04078301263,2.27));
#838 = CARTESIAN_POINT('',(0.702251419531,10.01304817447,2.27));
#839 = CARTESIAN_POINT('',(0.7854,9.989438803387,2.27));
#840 = PCURVE('',#348,#841);
#841 = DEFINITIONAL_REPRESENTATION('',(#842),#860);
#842 = B_SPLINE_CURVE_WITH_KNOTS('',6,(#843,#844,#845,#846,#847,#848,
    #849,#850,#851,#852,#853,#854,#855,#856,#857,#858,#859),
  .UNSPECIFIED.,.F.,.F.,(7,5,5,7),(0.,0.202287752777,0.594371388001,1.),
  .UNSPECIFIED.);
#843 = CARTESIAN_POINT('',(11.385924190422,-0.12));
#844 = CARTESIAN_POINT('',(11.331266362022,-0.12));
#845 = CARTESIAN_POINT('',(11.276596832277,-0.12));
#846 = CARTESIAN_POINT('',(11.221934036145,-0.12));
#847 = CARTESIAN_POINT('',(11.16728504858,-0.12));
#848 = CARTESIAN_POINT('',(11.112645584531,-0.12));
#849 = CARTESIAN_POINT('',(10.952083355194,-0.12));
#850 = CARTESIAN_POINT('',(10.846161793426,-0.12));
#851 = CARTESIAN_POINT('',(10.740235435987,-0.12));
#852 = CARTESIAN_POINT('',(10.634322562427,-0.12));
#853 = CARTESIAN_POINT('',(10.528405309764,-0.12));
#854 = CARTESIAN_POINT('',(10.312900990004,-0.12));
#855 = CARTESIAN_POINT('',(10.213862345001,-0.12));
#856 = CARTESIAN_POINT('',(10.109011901155,-0.12));
#857 = CARTESIAN_POINT('',(9.995988962869,-0.12));
#858 = CARTESIAN_POINT('',(9.884257870729,-0.12));
#859 = CARTESIAN_POINT('',(9.79798275761,-0.12));
#860 = ( GEOMETRIC_REPRESENTATION_CONTEXT(2) 
PARAMETRIC_REPRESENTATION_CONTEXT() REPRESENTATION_CONTEXT('2D SPACE',''
  ) );
#861 = PCURVE('',#862,#867);
#862 = PLANE('',#863);
#863 = AXIS2_PLACEMENT_3D('',#864,#865,#866);
#864 = CARTESIAN_POINT('',(1.149413897394E-15,10.353,2.27));
#865 = DIRECTION('',(0.,0.,1.));
#866 = DIRECTION('',(1.110223024625E-16,1.,0.));
#867 = DEFINITIONAL_REPRESENTATION('',(#868),#886);
#868 = B_SPLINE_CURVE_WITH_KNOTS('',6,(#869,#870,#871,#872,#873,#874,
    #875,#876,#877,#878,#879,#880,#881,#882,#883,#884,#885),
  .UNSPECIFIED.,.F.,.F.,(7,5,5,7),(0.,0.202287752777,0.594371388001,1.),
  .UNSPECIFIED.);
#869 = CARTESIAN_POINT('',(-0.363561196616,0.7854));
#870 = CARTESIAN_POINT('',(-0.348603983023,0.732722916761));
#871 = CARTESIAN_POINT('',(-0.334800852806,0.679729464049));
#872 = CARTESIAN_POINT('',(-0.322181367776,0.626427589341));
#873 = CARTESIAN_POINT('',(-0.310767259101,0.572839946851));
#874 = CARTESIAN_POINT('',(-0.300572427305,0.519003897539));
#875 = CARTESIAN_POINT('',(-0.274217864579,0.360243392915));
#876 = CARTESIAN_POINT('',(-0.261441662854,0.254737810466));
#877 = CARTESIAN_POINT('',(-0.25337180896,0.148718013661));
#878 = CARTESIAN_POINT('',(-0.250046855472,4.246599180575E-02));
#879 = CARTESIAN_POINT('',(-0.251730082973,-6.377291365486E-02));
#880 = CARTESIAN_POINT('',(-0.264820630894,-0.279359985918));
#881 = CARTESIAN_POINT('',(-0.275967984116,-0.378173288849));
#882 = CARTESIAN_POINT('',(-0.290592288277,-0.482145438894));
#883 = CARTESIAN_POINT('',(-0.31221698737,-0.593916056349));
#884 = CARTESIAN_POINT('',(-0.33995182553,-0.702251419531));
#885 = CARTESIAN_POINT('',(-0.363561196613,-0.7854));
#886 = ( GEOMETRIC_REPRESENTATION_CONTEXT(2) 
PARAMETRIC_REPRESENTATION_CONTEXT() REPRESENTATION_CONTEXT('2D SPACE',''
  ) );
#887 = ORIENTED_EDGE('',*,*,#888,.T.);
#888 = EDGE_CURVE('',#819,#141,#889,.T.);
#889 = SURFACE_CURVE('',#890,(#897,#907),.PCURVE_S1.);
#890 = B_SPLINE_CURVE_WITH_KNOTS('',5,(#891,#892,#893,#894,#895,#896),
  .UNSPECIFIED.,.F.,.F.,(6,6),(0.,1.),.PIECEWISE_BEZIER_KNOTS.);
#891 = CARTESIAN_POINT('',(0.706832597937,10.010595504565,2.270064237313
    ));
#892 = CARTESIAN_POINT('',(0.706832597937,10.010595504565,2.262616739154
    ));
#893 = CARTESIAN_POINT('',(0.706832597937,10.010595504565,2.225097164515
    ));
#894 = CARTESIAN_POINT('',(0.706832597937,10.010595504565,2.196294045584
    ));
#895 = CARTESIAN_POINT('',(0.706832597937,10.010595504565,2.178973819978
    ));
#896 = CARTESIAN_POINT('',(0.706832597937,10.010595504565,2.149935762687
    ));
#897 = PCURVE('',#348,#898);
#898 = DEFINITIONAL_REPRESENTATION('',(#899),#906);
#899 = B_SPLINE_CURVE_WITH_KNOTS('',5,(#900,#901,#902,#903,#904,#905),
  .UNSPECIFIED.,.F.,.F.,(6,6),(0.,1.),.PIECEWISE_BEZIER_KNOTS.);
#900 = CARTESIAN_POINT('',(9.879225601806,-0.120064237313));
#901 = CARTESIAN_POINT('',(9.879225601806,-0.112616739154));
#902 = CARTESIAN_POINT('',(9.879225601806,-7.509716451523E-02));
#903 = CARTESIAN_POINT('',(9.879225601806,-4.629404558448E-02));
#904 = CARTESIAN_POINT('',(9.879225601806,-2.897381997772E-02));
#905 = CARTESIAN_POINT('',(9.879225601806,6.423731320102E-05));
#906 = ( GEOMETRIC_REPRESENTATION_CONTEXT(2) 
PARAMETRIC_REPRESENTATION_CONTEXT() REPRESENTATION_CONTEXT('2D SPACE',''
  ) );
#907 = PCURVE('',#690,#908);
#908 = DEFINITIONAL_REPRESENTATION('',(#909),#916);
#909 = B_SPLINE_CURVE_WITH_KNOTS('',5,(#910,#911,#912,#913,#914,#915),
  .UNSPECIFIED.,.F.,.F.,(6,6),(0.,1.),.PIECEWISE_BEZIER_KNOTS.);
#910 = CARTESIAN_POINT('',(4.261282133636,0.480064237313));
#911 = CARTESIAN_POINT('',(4.261282133636,0.472616739154));
#912 = CARTESIAN_POINT('',(4.261282133636,0.435097164515));
#913 = CARTESIAN_POINT('',(4.261282133636,0.406294045584));
#914 = CARTESIAN_POINT('',(4.261282133636,0.388973819978));
#915 = CARTESIAN_POINT('',(4.261282133636,0.359935762687));
#916 = ( GEOMETRIC_REPRESENTATION_CONTEXT(2) 
PARAMETRIC_REPRESENTATION_CONTEXT() REPRESENTATION_CONTEXT('2D SPACE',''
  ) );
#917 = ORIENTED_EDGE('',*,*,#138,.F.);
#918 = ORIENTED_EDGE('',*,*,#762,.T.);
#919 = ORIENTED_EDGE('',*,*,#920,.T.);
#920 = EDGE_CURVE('',#763,#763,#921,.T.);
#921 = SURFACE_CURVE('',#922,(#1022,#1029),.PCURVE_S1.);
#922 = B_SPLINE_CURVE_WITH_KNOTS('',3,(#923,#924,#925,#926,#927,#928,
    #929,#930,#931,#932,#933,#934,#935,#936,#937,#938,#939,#940,#941,
    #942,#943,#944,#945,#946,#947,#948,#949,#950,#951,#952,#953,#954,
    #955,#956,#957,#958,#959,#960,#961,#962,#963,#964,#965,#966,#967,
    #968,#969,#970,#971,#972,#973,#974,#975,#976,#977,#978,#979,#980,
    #981,#982,#983,#984,#985,#986,#987,#988,#989,#990,#991,#992,#993,
    #994,#995,#996,#997,#998,#999,#1000,#1001,#1002,#1003,#1004,#1005,
    #1006,#1007,#1008,#1009,#1010,#1011,#1012,#1013,#1014,#1015,#1016,
    #1017,#1018,#1019,#1020,#1021),.UNSPECIFIED.,.T.,.F.,(1,1,2,1,1,1,1,
    1,1,1,1,1,1,1,1,1,1,1,1,1,1,1,1,1,1,1,1,1,1,1,1,1,1,1,1,1,1,1,1,1,1,
    1,1,1,1,1,1,1,1,1,1,1,1,1,1,1,1,1,1,1,1,1,1,1,1,1,1,1,1,1,1,1,1,1,1,
    1,1,1,1,1,1,1,1,1,1,1,1,1,1,1,1,1,1,1,1,1,1,1,2,1,1),(
    -1.333235042607,-0.661447557644,0.,0.661447557644,1.333235042607,
    2.02015640121,2.718398666883,3.415536812968,4.092672839031,
    4.727583113964,5.295977010989,5.864370908013,6.499281182947,
    7.176417209009,7.873555355095,8.571797620767,9.258718979371,
    9.930506464334,10.591954021978,11.253401579621,11.925189064585,
    12.612110423188,13.310352688861,14.007490834946,14.684626861009,
    15.319537135942,15.887931032967,16.456324929991,17.091235204924,
    17.768371230987,18.465509377073,19.163751642745,19.850673001349,
    20.522460486312,21.183908043956,21.845355601599,22.517143086563,
    23.204064445166,23.902306710839,24.599444856924,25.276580882987,
    25.91149115792,26.479885054945,27.048278951969,27.683189226902,
    28.360325252965,29.05746339905,29.755705664723,30.442627023327,
    31.11441450829,31.775862065934,32.437309623577,33.10909710854,
    33.796018467144,34.494260732817,35.191398878902,35.868534904965,
    36.503445179898,37.071839076922,37.640232973947,38.27514324888,
    38.952279274943,39.649417421028,40.347659686701,41.034581045305,
    41.706368530268,42.367816087911,43.029263645555,43.701051130518,
    44.387972489122,45.086214754794,45.78335290088,46.460488926943,
    47.095399201876,47.6637930989,48.232186995925,48.867097270858,
    49.544233296921,50.241371443006,50.939613708679,51.626535067282,
    52.298322552246,52.959770109889,53.621217667533,54.293005152496,
    54.9799265111,55.678168776772,56.375306922858,57.052442948921,
    57.687353223854,58.255747120878,58.824141017903,59.459051292836,
    60.136187318899,60.833325464984,61.531567730657,62.21848908926,
    62.890276574224,63.551724131867,64.213171689511,64.884959174474),
  .UNSPECIFIED.);
#923 = CARTESIAN_POINT('',(8.856971078711,4.857028273796,15.));
#924 = CARTESIAN_POINT('',(8.636742077735,5.242971726204,15.));
#925 = CARTESIAN_POINT('',(8.367445434589,5.599690024696,15.));
#926 = CARTESIAN_POINT('',(7.848799836,6.038107031742,15.));
#927 = CARTESIAN_POINT('',(7.243326740592,6.367878222659,15.));
#928 = CARTESIAN_POINT('',(6.584432153415,6.594696008785,15.));
#929 = CARTESIAN_POINT('',(5.907820208316,6.735966468947,15.));
#930 = CARTESIAN_POINT('',(5.238000507608,6.810511636558,15.));
#931 = CARTESIAN_POINT('',(4.628589481952,6.88085384861,15.));
#932 = CARTESIAN_POINT('',(3.994348878548,6.918415236715,15.));
#933 = CARTESIAN_POINT('',(3.644699662023,7.448903142397,15.));
#934 = CARTESIAN_POINT('',(3.279075080144,7.941496629803,15.));
#935 = CARTESIAN_POINT('',(2.879611039365,8.484308439128,15.));
#936 = CARTESIAN_POINT('',(2.418946411518,8.99962264904,15.));
#937 = CARTESIAN_POINT('',(1.893124649077,9.45688439114,15.));
#938 = CARTESIAN_POINT('',(1.304595484932,9.816167212875,15.));
#939 = CARTESIAN_POINT('',(0.666325336882,10.046794952197,15.));
#940 = CARTESIAN_POINT('',(4.433629593887E-13,10.126396207568,15.));
#941 = CARTESIAN_POINT('',(-0.666325336884,10.046794952204,15.));
#942 = CARTESIAN_POINT('',(-1.304595484926,9.816167212847,15.));
#943 = CARTESIAN_POINT('',(-1.893124649101,9.456884391249,15.));
#944 = CARTESIAN_POINT('',(-2.418946411425,8.999622648626,15.));
#945 = CARTESIAN_POINT('',(-2.879611039708,8.484308440651,15.));
#946 = CARTESIAN_POINT('',(-3.279075078938,7.941496624448,15.));
#947 = CARTESIAN_POINT('',(-3.64469966603,7.448903160201,15.));
#948 = CARTESIAN_POINT('',(-3.994348865297,6.918415177849,15.));
#949 = CARTESIAN_POINT('',(-4.628589534049,6.880854080047,15.));
#950 = CARTESIAN_POINT('',(-5.238000281371,6.810510631501,15.));
#951 = CARTESIAN_POINT('',(-5.907821123292,6.73597053373,15.));
#952 = CARTESIAN_POINT('',(-6.584428632471,6.594680367,15.));
#953 = CARTESIAN_POINT('',(-7.243339798924,6.367936234277,15.));
#954 = CARTESIAN_POINT('',(-7.848752431659,6.037896438032,15.));
#955 = CARTESIAN_POINT('',(-8.36761698678,5.600452145029,15.));
#956 = CARTESIAN_POINT('',(-8.769716364538,5.063198103783,15.));
#957 = CARTESIAN_POINT('',(-9.033942323664,4.446342807176,15.));
#958 = CARTESIAN_POINT('',(-9.153347916584,3.778270774815,15.));
#959 = CARTESIAN_POINT('',(-9.136464448025,3.088948156973,15.));
#960 = CARTESIAN_POINT('',(-9.003375043896,2.404942281626,15.));
#961 = CARTESIAN_POINT('',(-8.787432163,1.74833790692,15.));
#962 = CARTESIAN_POINT('',(-8.517075360309,1.130985992947,15.));
#963 = CARTESIAN_POINT('',(-8.273289200079,0.568049080153,15.));
#964 = CARTESIAN_POINT('',(-7.988697730594,5.238313570407E-15,15.));
#965 = CARTESIAN_POINT('',(-8.273289200079,-0.568049080153,15.));
#966 = CARTESIAN_POINT('',(-8.517075360309,-1.130985992947,15.));
#967 = CARTESIAN_POINT('',(-8.787432163,-1.74833790692,15.));
#968 = CARTESIAN_POINT('',(-9.003375043896,-2.404942281626,15.));
#969 = CARTESIAN_POINT('',(-9.136464448025,-3.088948156973,15.));
#970 = CARTESIAN_POINT('',(-9.153347916584,-3.778270774815,15.));
#971 = CARTESIAN_POINT('',(-9.033942323664,-4.446342807176,15.));
#972 = CARTESIAN_POINT('',(-8.769716364538,-5.063198103783,15.));
#973 = CARTESIAN_POINT('',(-8.36761698678,-5.600452145029,15.));
#974 = CARTESIAN_POINT('',(-7.848752431659,-6.037896438032,15.));
#975 = CARTESIAN_POINT('',(-7.243339798924,-6.367936234277,15.));
#976 = CARTESIAN_POINT('',(-6.584428632471,-6.594680367,15.));
#977 = CARTESIAN_POINT('',(-5.907821123292,-6.73597053373,15.));
#978 = CARTESIAN_POINT('',(-5.238000281371,-6.810510631501,15.));
#979 = CARTESIAN_POINT('',(-4.628589534049,-6.880854080047,15.));
#980 = CARTESIAN_POINT('',(-3.994348865297,-6.918415177849,15.));
#981 = CARTESIAN_POINT('',(-3.64469966603,-7.448903160201,15.));
#982 = CARTESIAN_POINT('',(-3.279075078938,-7.941496624448,15.));
#983 = CARTESIAN_POINT('',(-2.879611039708,-8.484308440651,15.));
#984 = CARTESIAN_POINT('',(-2.418946411425,-8.999622648626,15.));
#985 = CARTESIAN_POINT('',(-1.893124649101,-9.456884391249,15.));
#986 = CARTESIAN_POINT('',(-1.304595484926,-9.816167212847,15.));
#987 = CARTESIAN_POINT('',(-0.666325336884,-10.0467949522,15.));
#988 = CARTESIAN_POINT('',(-6.510228284294E-17,-10.12639620756,15.));
#989 = CARTESIAN_POINT('',(0.666325336884,-10.0467949522,15.));
#990 = CARTESIAN_POINT('',(1.304595484926,-9.816167212847,15.));
#991 = CARTESIAN_POINT('',(1.893124649101,-9.456884391249,15.));
#992 = CARTESIAN_POINT('',(2.418946411425,-8.999622648626,15.));
#993 = CARTESIAN_POINT('',(2.879611039708,-8.484308440651,15.));
#994 = CARTESIAN_POINT('',(3.279075078938,-7.941496624448,15.));
#995 = CARTESIAN_POINT('',(3.64469966603,-7.448903160201,15.));
#996 = CARTESIAN_POINT('',(3.994348865297,-6.918415177849,15.));
#997 = CARTESIAN_POINT('',(4.628589534049,-6.880854080047,15.));
#998 = CARTESIAN_POINT('',(5.238000281371,-6.810510631501,15.));
#999 = CARTESIAN_POINT('',(5.907821123292,-6.73597053373,15.));
#1000 = CARTESIAN_POINT('',(6.584428632471,-6.594680367,15.));
#1001 = CARTESIAN_POINT('',(7.243339798924,-6.367936234277,15.));
#1002 = CARTESIAN_POINT('',(7.848752431658,-6.037896438032,15.));
#1003 = CARTESIAN_POINT('',(8.367616986781,-5.600452145028,15.));
#1004 = CARTESIAN_POINT('',(8.769716364538,-5.063198103785,15.));
#1005 = CARTESIAN_POINT('',(9.033942323666,-4.446342807168,15.));
#1006 = CARTESIAN_POINT('',(9.153347916578,-3.778270774844,15.));
#1007 = CARTESIAN_POINT('',(9.13646444805,-3.088948156864,15.));
#1008 = CARTESIAN_POINT('',(9.003375043803,-2.40494228204,15.));
#1009 = CARTESIAN_POINT('',(8.787432163343,-1.748337905398,15.));
#1010 = CARTESIAN_POINT('',(8.517075359104,-1.130985998303,15.));
#1011 = CARTESIAN_POINT('',(8.273289204087,-0.568049062349,15.));
#1012 = CARTESIAN_POINT('',(7.988697717343,-5.886599792865E-08,15.));
#1013 = CARTESIAN_POINT('',(8.273289252176,0.568049311591,15.));
#1014 = CARTESIAN_POINT('',(8.517075134072,1.13098498789,15.));
#1015 = CARTESIAN_POINT('',(8.787433077977,1.748341971703,15.));
#1016 = CARTESIAN_POINT('',(9.003371522953,2.404926639841,15.));
#1017 = CARTESIAN_POINT('',(9.136477506357,3.08900616859,15.));
#1018 = CARTESIAN_POINT('',(9.153300512243,3.778060181106,15.));
#1019 = CARTESIAN_POINT('',(9.034113875856,4.447104927509,15.));
#1020 = CARTESIAN_POINT('',(8.856971078711,4.857028273796,15.));
#1021 = CARTESIAN_POINT('',(8.636742077735,5.242971726204,15.));
#1022 = PCURVE('',#348,#1023);
#1023 = DEFINITIONAL_REPRESENTATION('',(#1024),#1028);
#1024 = LINE('',#1025,#1026);
#1025 = CARTESIAN_POINT('',(0.,-12.85));
#1026 = VECTOR('',#1027,1.);
#1027 = DIRECTION('',(1.,0.));
#1028 = ( GEOMETRIC_REPRESENTATION_CONTEXT(2) 
PARAMETRIC_REPRESENTATION_CONTEXT() REPRESENTATION_CONTEXT('2D SPACE',''
  ) );
#1029 = PCURVE('',#1030,#1094);
#1030 = B_SPLINE_SURFACE_WITH_KNOTS('',6,8,(
    (#1031,#1032,#1033,#1034,#1035,#1036,#1037,#1038,#1039)
    ,(#1040,#1041,#1042,#1043,#1044,#1045,#1046,#1047,#1048)
    ,(#1049,#1050,#1051,#1052,#1053,#1054,#1055,#1056,#1057)
    ,(#1058,#1059,#1060,#1061,#1062,#1063,#1064,#1065,#1066)
    ,(#1067,#1068,#1069,#1070,#1071,#1072,#1073,#1074,#1075)
    ,(#1076,#1077,#1078,#1079,#1080,#1081,#1082,#1083,#1084)
    ,(#1085,#1086,#1087,#1088,#1089,#1090,#1091,#1092,#1093
  )),.UNSPECIFIED.,.F.,.F.,.F.,(7,7),(9,9),(-9.722935196189,
    11.109999999987),(-10.02748489173,10.027490976302),
  .PIECEWISE_BEZIER_KNOTS.);
#1031 = CARTESIAN_POINT('',(-3.406569582234,-13.54560798431,15.));
#1032 = CARTESIAN_POINT('',(-4.660007930036,-11.37455669295,15.));
#1033 = CARTESIAN_POINT('',(-5.913440672945,-9.203523480775,15.));
#1034 = CARTESIAN_POINT('',(-7.166872466727,-7.032500857023,15.));
#1035 = CARTESIAN_POINT('',(-8.420307151386,-4.861484346954,15.));
#1036 = CARTESIAN_POINT('',(-9.673747751158,-2.690472491834,15.));
#1037 = CARTESIAN_POINT('',(-10.92719647451,-0.519466848936,15.));
#1038 = CARTESIAN_POINT('',(-12.18065471418,1.651528008462,15.));
#1039 = CARTESIAN_POINT('',(-13.43412304708,3.822504491069,15.));
#1040 = CARTESIAN_POINT('',(-0.399575731194,-11.80947354266,15.));
#1041 = CARTESIAN_POINT('',(-1.653017445152,-9.638418764465,15.));
#1042 = CARTESIAN_POINT('',(-2.906450782444,-7.46738462302,15.));
#1043 = CARTESIAN_POINT('',(-4.159880298492,-5.296363199478,15.));
#1044 = CARTESIAN_POINT('',(-5.413310237691,-3.12534954455,15.));
#1045 = CARTESIAN_POINT('',(-6.66674453342,-0.954341678524,15.));
#1046 = CARTESIAN_POINT('',(-7.920186808024,1.216659408753,15.));
#1047 = CARTESIAN_POINT('',(-9.173640372838,3.387649757863,15.));
#1048 = CARTESIAN_POINT('',(-10.42710822816,5.558622439823,15.));
#1049 = CARTESIAN_POINT('',(2.60741971073,-10.07335318909,15.));
#1050 = CARTESIAN_POINT('',(1.353978318969,-7.902290812616,15.));
#1051 = CARTESIAN_POINT('',(0.10053208438,-5.731344994235,15.));
#1052 = CARTESIAN_POINT('',(-1.152982576733,-3.560015403372,
    15.000000000001));
#1053 = CARTESIAN_POINT('',(-2.40599361535,-1.389493076655,
    14.999999999999));
#1054 = CARTESIAN_POINT('',(-3.660021201203,0.781796538151,
    15.000000000001));
#1055 = CARTESIAN_POINT('',(-4.913094385465,2.952772423902,15.));
#1056 = CARTESIAN_POINT('',(-6.166618331674,5.123719902891,15.));
#1057 = CARTESIAN_POINT('',(-7.420094803686,7.294700002936,15.));
#1058 = CARTESIAN_POINT('',(5.614366187084,-8.337299793295,15.));
#1059 = CARTESIAN_POINT('',(4.360911415328,-6.166232223139,15.));
#1060 = CARTESIAN_POINT('',(3.107494558575,-3.994959485126,15.));
#1061 = CARTESIAN_POINT('',(1.854177248602,-1.824725416434,
    14.999999999999));
#1062 = CARTESIAN_POINT('',(0.599704744179,0.347574892807,
    15.000000000001));
#1063 = CARTESIAN_POINT('',(-0.652093929074,2.517893229931,
    14.999999999999));
#1064 = CARTESIAN_POINT('',(-1.906434573281,4.688790466207,
    15.000000000001));
#1065 = CARTESIAN_POINT('',(-3.159686126852,6.859864007887,15.));
#1066 = CARTESIAN_POINT('',(-4.413157877729,9.03082816309,15.));
#1067 = CARTESIAN_POINT('',(8.621321493013,-6.601259087687,15.));
#1068 = CARTESIAN_POINT('',(7.36786481456,-4.430191039661,15.));
#1069 = CARTESIAN_POINT('',(6.114449477106,-2.259394254766,15.));
#1070 = CARTESIAN_POINT('',(4.860480531413,-8.728449869082E-02,
    15.000000000001));
#1071 = CARTESIAN_POINT('',(3.608965541285,2.081842923286,
    14.999999999999));
#1072 = CARTESIAN_POINT('',(2.353287466007,4.254235564191,
    15.000000000001));
#1073 = CARTESIAN_POINT('',(1.10101365995,6.424972108313,15.));
#1074 = CARTESIAN_POINT('',(-0.152742928614,8.595945578264,15.));
#1075 = CARTESIAN_POINT('',(-1.406232069915,10.766925110711,15.));
#1076 = CARTESIAN_POINT('',(11.628324993728,-4.865183367389,15.));
#1077 = CARTESIAN_POINT('',(10.374892037883,-2.694118242276,15.));
#1078 = CARTESIAN_POINT('',(9.121422007759,-0.522990621018,15.));
#1079 = CARTESIAN_POINT('',(7.868365012175,1.647639495762,15.));
#1080 = CARTESIAN_POINT('',(6.61407138436,3.819277349343,15.));
#1081 = CARTESIAN_POINT('',(5.361444536179,5.989856951417,15.));
#1082 = CARTESIAN_POINT('',(4.107642232163,8.160919269872,15.));
#1083 = CARTESIAN_POINT('',(2.854231427926,10.331940261736,15.));
#1084 = CARTESIAN_POINT('',(1.600740474667,12.502934414248,15.));
#1085 = CARTESIAN_POINT('',(14.635270842955,-3.129145190213,15.));
#1086 = CARTESIAN_POINT('',(13.381836790052,-0.958082026095,15.));
#1087 = CARTESIAN_POINT('',(12.128438043532,1.213003361889,15.));
#1088 = CARTESIAN_POINT('',(10.874920654738,3.383856600604,15.));
#1089 = CARTESIAN_POINT('',(9.621499874294,5.555045733908,15.));
#1090 = CARTESIAN_POINT('',(8.36810672232,7.726194549356,15.));
#1091 = CARTESIAN_POINT('',(7.114616221235,9.896975031636,15.));
#1092 = CARTESIAN_POINT('',(5.861152012116,12.068033275432,15.));
#1093 = CARTESIAN_POINT('',(4.607662075551,14.239023190464,15.));
#1094 = DEFINITIONAL_REPRESENTATION('',(#1095),#1490);
#1095 = B_SPLINE_CURVE_WITH_KNOTS('',8,(#1096,#1097,#1098,#1099,#1100,
    #1101,#1102,#1103,#1104,#1105,#1106,#1107,#1108,#1109,#1110,#1111,
    #1112,#1113,#1114,#1115,#1116,#1117,#1118,#1119,#1120,#1121,#1122,
    #1123,#1124,#1125,#1126,#1127,#1128,#1129,#1130,#1131,#1132,#1133,
    #1134,#1135,#1136,#1137,#1138,#1139,#1140,#1141,#1142,#1143,#1144,
    #1145,#1146,#1147,#1148,#1149,#1150,#1151,#1152,#1153,#1154,#1155,
    #1156,#1157,#1158,#1159,#1160,#1161,#1162,#1163,#1164,#1165,#1166,
    #1167,#1168,#1169,#1170,#1171,#1172,#1173,#1174,#1175,#1176,#1177,
    #1178,#1179,#1180,#1181,#1182,#1183,#1184,#1185,#1186,#1187,#1188,
    #1189,#1190,#1191,#1192,#1193,#1194,#1195,#1196,#1197,#1198,#1199,
    #1200,#1201,#1202,#1203,#1204,#1205,#1206,#1207,#1208,#1209,#1210,
    #1211,#1212,#1213,#1214,#1215,#1216,#1217,#1218,#1219,#1220,#1221,
    #1222,#1223,#1224,#1225,#1226,#1227,#1228,#1229,#1230,#1231,#1232,
    #1233,#1234,#1235,#1236,#1237,#1238,#1239,#1240,#1241,#1242,#1243,
    #1244,#1245,#1246,#1247,#1248,#1249,#1250,#1251,#1252,#1253,#1254,
    #1255,#1256,#1257,#1258,#1259,#1260,#1261,#1262,#1263,#1264,#1265,
    #1266,#1267,#1268,#1269,#1270,#1271,#1272,#1273,#1274,#1275,#1276,
    #1277,#1278,#1279,#1280,#1281,#1282,#1283,#1284,#1285,#1286,#1287,
    #1288,#1289,#1290,#1291,#1292,#1293,#1294,#1295,#1296,#1297,#1298,
    #1299,#1300,#1301,#1302,#1303,#1304,#1305,#1306,#1307,#1308,#1309,
    #1310,#1311,#1312,#1313,#1314,#1315,#1316,#1317,#1318,#1319,#1320,
    #1321,#1322,#1323,#1324,#1325,#1326,#1327,#1328,#1329,#1330,#1331,
    #1332,#1333,#1334,#1335,#1336,#1337,#1338,#1339,#1340,#1341,#1342,
    #1343,#1344,#1345,#1346,#1347,#1348,#1349,#1350,#1351,#1352,#1353,
    #1354,#1355,#1356,#1357,#1358,#1359,#1360,#1361,#1362,#1363,#1364,
    #1365,#1366,#1367,#1368,#1369,#1370,#1371,#1372,#1373,#1374,#1375,
    #1376,#1377,#1378,#1379,#1380,#1381,#1382,#1383,#1384,#1385,#1386,
    #1387,#1388,#1389,#1390,#1391,#1392,#1393,#1394,#1395,#1396,#1397,
    #1398,#1399,#1400,#1401,#1402,#1403,#1404,#1405,#1406,#1407,#1408,
    #1409,#1410,#1411,#1412,#1413,#1414,#1415,#1416,#1417,#1418,#1419,
    #1420,#1421,#1422,#1423,#1424,#1425,#1426,#1427,#1428,#1429,#1430,
    #1431,#1432,#1433,#1434,#1435,#1436,#1437,#1438,#1439,#1440,#1441,
    #1442,#1443,#1444,#1445,#1446,#1447,#1448,#1449,#1450,#1451,#1452,
    #1453,#1454,#1455,#1456,#1457,#1458,#1459,#1460,#1461,#1462,#1463,
    #1464,#1465,#1466,#1467,#1468,#1469,#1470,#1471,#1472,#1473,#1474,
    #1475,#1476,#1477,#1478,#1479,#1480,#1481,#1482,#1483,#1484,#1485,
    #1486,#1487,#1488,#1489),.UNSPECIFIED.,.F.,.F.,(9,7,7,7,7,7,7,7,7,7,
    7,7,7,7,7,7,7,7,7,7,7,7,7,7,7,7,7,7,7,7,7,7,7,7,7,7,7,7,7,7,7,7,7,7,
    7,7,7,7,7,7,7,7,7,7,7,7,9),(0.,1.985991379121,3.971982758242,
    4.468480603022,4.964978447802,5.461476292582,5.957974137363,
    6.950969826923,7.943965516483,9.929956895604,11.915948274725,
    13.901939653846,14.894935343406,15.391433188187,15.887931032967,
    16.384428877747,16.880926722527,17.873922412088,19.859913791208,
    21.845905170329,23.83189654945,24.824892239011,25.817887928571,
    26.314385773351,26.810883618131,27.307381462912,27.803879307692,
    29.789870686813,31.775862065934,33.761853445054,35.747844824175,
    36.244342668955,36.740840513736,37.237338358516,37.733836203296,
    38.726831892857,39.719827582417,41.705818961538,43.691810340659,
    45.677801719779,46.67079740934,47.16729525412,47.6637930989,
    48.160290943681,48.656788788461,49.649784478021,51.635775857142,
    53.621767236263,55.607758615384,56.600754304944,57.593749994505,
    58.090247839285,58.586745684065,59.083243528845,59.579741373625,
    61.565732752746,63.551724131867),.UNSPECIFIED.);
#1096 = CARTESIAN_POINT('',(10.099999999988,-1.526971813226E-05));
#1097 = CARTESIAN_POINT('',(10.101265815295,0.25013798486));
#1098 = CARTESIAN_POINT('',(10.075234845891,0.49849937003));
#1099 = CARTESIAN_POINT('',(10.023620811178,0.742025303369));
#1100 = CARTESIAN_POINT('',(9.949684965491,0.982635245361));
#1101 = CARTESIAN_POINT('',(9.854622257549,1.215623046825));
#1102 = CARTESIAN_POINT('',(9.739750373981,1.436678509921));
#1103 = CARTESIAN_POINT('',(9.608679332471,1.648842930991));
#1104 = CARTESIAN_POINT('',(9.31859924753,2.052601855921));
#1105 = CARTESIAN_POINT('',(9.159560505311,2.244001743656));
#1106 = CARTESIAN_POINT('',(8.989658714673,2.427068805892));
#1107 = CARTESIAN_POINT('',(8.807203754617,2.596851939));
#1108 = CARTESIAN_POINT('',(8.626761084792,2.76389147111));
#1109 = CARTESIAN_POINT('',(8.427695191454,2.917557161807));
#1110 = CARTESIAN_POINT('',(8.228297172261,3.067361946));
#1111 = CARTESIAN_POINT('',(7.979772895977,3.251367561864));
#1112 = CARTESIAN_POINT('',(7.9301969956,3.288024085663));
#1113 = CARTESIAN_POINT('',(7.880750585958,3.324571717488));
#1114 = CARTESIAN_POINT('',(7.83139435305,3.361041277916));
#1115 = CARTESIAN_POINT('',(7.78204913301,3.397458700698));
#1116 = CARTESIAN_POINT('',(7.732595912114,3.43384503276));
#1117 = CARTESIAN_POINT('',(7.682875826778,3.470216434206));
#1118 = CARTESIAN_POINT('',(7.582504500332,3.542951922418));
#1119 = CARTESIAN_POINT('',(7.531702901141,3.57923673921));
#1120 = CARTESIAN_POINT('',(7.481013352065,3.615828739946));
#1121 = CARTESIAN_POINT('',(7.429193064894,3.652266222461));
#1122 = CARTESIAN_POINT('',(7.375742541037,3.688408764715));
#1123 = CARTESIAN_POINT('',(7.321861537982,3.724850417943));
#1124 = CARTESIAN_POINT('',(7.269646938296,3.76257299943));
#1125 = CARTESIAN_POINT('',(7.169418104046,3.841105970365));
#1126 = CARTESIAN_POINT('',(7.12125290102,3.881811709683));
#1127 = CARTESIAN_POINT('',(7.077602914614,3.925359669485));
#1128 = CARTESIAN_POINT('',(7.036255471404,3.970393928384));
#1129 = CARTESIAN_POINT('',(7.000963053892,4.01900248901));
#1130 = CARTESIAN_POINT('',(6.974673087983,4.072808547496));
#1131 = CARTESIAN_POINT('',(6.953031714866,4.129219961216));
#1132 = CARTESIAN_POINT('',(6.918867437436,4.246993349871));
#1133 = CARTESIAN_POINT('',(6.906340777248,4.308365903361));
#1134 = CARTESIAN_POINT('',(6.89705633015,4.37133449767));
#1135 = CARTESIAN_POINT('',(6.890437458038,4.435556807795));
#1136 = CARTESIAN_POINT('',(6.885540794386,4.500417921029));
#1137 = CARTESIAN_POINT('',(6.880895793744,4.564911099255));
#1138 = CARTESIAN_POINT('',(6.875287186542,4.628219384581));
#1139 = CARTESIAN_POINT('',(6.857866644368,4.816555375797));
#1140 = CARTESIAN_POINT('',(6.845088342286,4.939744158185));
#1141 = CARTESIAN_POINT('',(6.831396023163,5.061367405233));
#1142 = CARTESIAN_POINT('',(6.817013778553,5.182192927812));
#1143 = CARTESIAN_POINT('',(6.803238555648,5.304412749303));
#1144 = CARTESIAN_POINT('',(6.790057132869,5.428479633269));
#1145 = CARTESIAN_POINT('',(6.775098646121,5.55171656458));
#1146 = CARTESIAN_POINT('',(6.742382544221,5.798473477796));
#1147 = CARTESIAN_POINT('',(6.724438547651,5.921751560787));
#1148 = CARTESIAN_POINT('',(6.704189175858,6.044525125802));
#1149 = CARTESIAN_POINT('',(6.681299215512,6.166639418011));
#1150 = CARTESIAN_POINT('',(6.655663601852,6.288085767027));
#1151 = CARTESIAN_POINT('',(6.627253350976,6.408898281813));
#1152 = CARTESIAN_POINT('',(6.595961492134,6.529050545599));
#1153 = CARTESIAN_POINT('',(6.49242401581,6.886955841172));
#1154 = CARTESIAN_POINT('',(6.410763884481,7.122072398617));
#1155 = CARTESIAN_POINT('',(6.314714458541,7.352208081534));
#1156 = CARTESIAN_POINT('',(6.202620636637,7.575523825658));
#1157 = CARTESIAN_POINT('',(6.073305862349,7.789798604368));
#1158 = CARTESIAN_POINT('',(5.926285626066,7.99244623612));
#1159 = CARTESIAN_POINT('',(5.761814969955,8.180585799013));
#1160 = CARTESIAN_POINT('',(5.399725022076,8.521745505935));
#1161 = CARTESIAN_POINT('',(5.201761935674,8.674478445455));
#1162 = CARTESIAN_POINT('',(4.990142022114,8.809656862266));
#1163 = CARTESIAN_POINT('',(4.76308580849,8.916445091069));
#1164 = CARTESIAN_POINT('',(4.527562275711,9.007142901191));
#1165 = CARTESIAN_POINT('',(4.285415688357,9.068209889085));
#1166 = CARTESIAN_POINT('',(4.038953029072,9.109439478356));
#1167 = CARTESIAN_POINT('',(3.543216067486,9.14927537477));
#1168 = CARTESIAN_POINT('',(3.293819080554,9.148315675777));
#1169 = CARTESIAN_POINT('',(3.044870574873,9.128046799293));
#1170 = CARTESIAN_POINT('',(2.797977567995,9.0904077703));
#1171 = CARTESIAN_POINT('',(2.55425710321,9.037790013258));
#1172 = CARTESIAN_POINT('',(2.314251740139,8.972735223699));
#1173 = CARTESIAN_POINT('',(2.077880540347,8.89724926721));
#1174 = CARTESIAN_POINT('',(1.727698051773,8.768973525085));
#1175 = CARTESIAN_POINT('',(1.611688646658,8.723624298405));
#1176 = CARTESIAN_POINT('',(1.49652745486,8.676320950403));
#1177 = CARTESIAN_POINT('',(1.381961969388,8.627291067023));
#1178 = CARTESIAN_POINT('',(1.267965127468,8.577324697298));
#1179 = CARTESIAN_POINT('',(1.154796049764,8.527721920028));
#1180 = CARTESIAN_POINT('',(1.042513445355,8.479216575343));
#1181 = CARTESIAN_POINT('',(0.873655801041,8.405205954048));
#1182 = CARTESIAN_POINT('',(0.81733347155,8.380477349534));
#1183 = CARTESIAN_POINT('',(0.760846537007,8.35518744683));
#1184 = CARTESIAN_POINT('',(0.704169132572,8.329714207293));
#1185 = CARTESIAN_POINT('',(0.647231710094,8.304059415188));
#1186 = CARTESIAN_POINT('',(0.589893714341,8.277613384626));
#1187 = CARTESIAN_POINT('',(0.53203491092,8.249941412603));
#1188 = CARTESIAN_POINT('',(0.415495820881,8.195242543788));
#1189 = CARTESIAN_POINT('',(0.356818746209,8.16824331929));
#1190 = CARTESIAN_POINT('',(0.297802078025,8.142779976482));
#1191 = CARTESIAN_POINT('',(0.238513752468,8.120038187143));
#1192 = CARTESIAN_POINT('',(0.179021705678,8.101203623055));
#1193 = CARTESIAN_POINT('',(0.119393873793,8.087461955997));
#1194 = CARTESIAN_POINT('',(5.969819295371E-02,8.079998857748));
#1195 = CARTESIAN_POINT('',(-5.969299435515E-02,8.080001142432));
#1196 = CARTESIAN_POINT('',(-0.119388502015,8.087466183766));
#1197 = CARTESIAN_POINT('',(-0.179016002343,8.101209453429));
#1198 = CARTESIAN_POINT('',(-0.238507574006,8.120045280759));
#1199 = CARTESIAN_POINT('',(-0.297795295667,8.142787995092));
#1200 = CARTESIAN_POINT('',(-0.35681124599,8.168251925766));
#1201 = CARTESIAN_POINT('',(-0.415487503641,8.195251402116));
#1202 = CARTESIAN_POINT('',(-0.532024790924,8.249950104846));
#1203 = CARTESIAN_POINT('',(-0.5898826003,8.2776216202));
#1204 = CARTESIAN_POINT('',(-0.647219572388,8.304067252125));
#1205 = CARTESIAN_POINT('',(-0.704155950079,8.329721739415));
#1206 = CARTESIAN_POINT('',(-0.760832282141,8.355194683475));
#1207 = CARTESIAN_POINT('',(-0.817318116765,8.380484253858));
#1208 = CARTESIAN_POINT('',(-0.873639328696,8.405212522961));
#1209 = CARTESIAN_POINT('',(-1.042493582442,8.479222243681));
#1210 = CARTESIAN_POINT('',(-1.154773880571,8.527726983084));
#1211 = CARTESIAN_POINT('',(-1.267940563469,8.57732912083));
#1212 = CARTESIAN_POINT('',(-1.381935027886,8.62729485066));
#1213 = CARTESIAN_POINT('',(-1.496498234756,8.676324157298));
#1214 = CARTESIAN_POINT('',(-1.611657240786,8.723627053962));
#1215 = CARTESIAN_POINT('',(-1.727664505084,8.768975987399));
#1216 = CARTESIAN_POINT('',(-2.077840902221,8.897251256507));
#1217 = CARTESIAN_POINT('',(-2.314208444129,8.972737405468));
#1218 = CARTESIAN_POINT('',(-2.554210412031,9.037792885571));
#1219 = CARTESIAN_POINT('',(-2.797928357479,9.090411998584));
#1220 = CARTESIAN_POINT('',(-3.044819892384,9.128052976129));
#1221 = CARTESIAN_POINT('',(-3.293767338054,9.148324064401));
#1222 = CARTESIAN_POINT('',(-3.543162698937,9.149286037318));
#1223 = CARTESIAN_POINT('',(-4.038895223272,9.10945623877));
#1224 = CARTESIAN_POINT('',(-4.285355262849,9.068230096836));
#1225 = CARTESIAN_POINT('',(-4.527497388686,9.007167583892));
#1226 = CARTESIAN_POINT('',(-4.763014831802,8.916477366006));
#1227 = CARTESIAN_POINT('',(-4.990071531914,8.809694284746));
#1228 = CARTESIAN_POINT('',(-5.201691200534,8.674524280259));
#1229 = CARTESIAN_POINT('',(-5.399660436834,8.521793331114));
#1230 = CARTESIAN_POINT('',(-5.761766384593,8.180630766914));
#1231 = CARTESIAN_POINT('',(-5.926246509252,7.992486435783));
#1232 = CARTESIAN_POINT('',(-6.073276236274,7.78982981191));
#1233 = CARTESIAN_POINT('',(-6.202597752748,7.575545496575));
#1234 = CARTESIAN_POINT('',(-6.314694363177,7.352223652592));
#1235 = CARTESIAN_POINT('',(-6.410743832813,7.122087058758));
#1236 = CARTESIAN_POINT('',(-6.492403692419,6.886973502186));
#1237 = CARTESIAN_POINT('',(-6.595940910471,6.529073511705));
#1238 = CARTESIAN_POINT('',(-6.627232696951,6.40892326005));
#1239 = CARTESIAN_POINT('',(-6.655642950779,6.288112914548));
#1240 = CARTESIAN_POINT('',(-6.681278695777,6.166668643041));
#1241 = CARTESIAN_POINT('',(-6.704168946652,6.044556036393));
#1242 = CARTESIAN_POINT('',(-6.724418762933,5.921783524683));
#1243 = CARTESIAN_POINT('',(-6.74236330292,5.798505793362));
#1244 = CARTESIAN_POINT('',(-6.775080452333,5.551748605527));
#1245 = CARTESIAN_POINT('',(-6.790039513196,5.428511088968));
#1246 = CARTESIAN_POINT('',(-6.803221437715,5.304443132189));
#1247 = CARTESIAN_POINT('',(-6.816997129153,5.182221930298));
#1248 = CARTESIAN_POINT('',(-6.831379913656,5.061394947981));
#1249 = CARTESIAN_POINT('',(-6.845072848929,4.939770237808));
#1250 = CARTESIAN_POINT('',(-6.857851714313,4.816579897397));
#1251 = CARTESIAN_POINT('',(-6.875273070914,4.628241615602));
#1252 = CARTESIAN_POINT('',(-6.880881954836,4.564932579701));
#1253 = CARTESIAN_POINT('',(-6.885527183892,4.500438635244));
#1254 = CARTESIAN_POINT('',(-6.890424075541,4.435576792205));
#1255 = CARTESIAN_POINT('',(-6.897043227954,4.371353836005));
#1256 = CARTESIAN_POINT('',(-6.90632802459,4.308384688768));
#1257 = CARTESIAN_POINT('',(-6.918855099959,4.247011666277));
#1258 = CARTESIAN_POINT('',(-6.953020433301,4.129237594989));
#1259 = CARTESIAN_POINT('',(-6.974662390218,4.072825931101));
#1260 = CARTESIAN_POINT('',(-7.000953180742,4.019019825618));
#1261 = CARTESIAN_POINT('',(-7.036246511947,3.970411343736));
#1262 = CARTESIAN_POINT('',(-7.077594743384,3.925377158911));
#1263 = CARTESIAN_POINT('',(-7.121245391261,3.881829252868));
#1264 = CARTESIAN_POINT('',(-7.169411321766,3.841123651214));
#1265 = CARTESIAN_POINT('',(-7.269641292865,3.762590868764));
#1266 = CARTESIAN_POINT('',(-7.321856426818,3.724868396569));
#1267 = CARTESIAN_POINT('',(-7.375737777409,3.688426794785));
#1268 = CARTESIAN_POINT('',(-7.429188485976,3.652284241735));
#1269 = CARTESIAN_POINT('',(-7.48100889303,3.615846719799));
#1270 = CARTESIAN_POINT('',(-7.531698588347,3.57925469266));
#1271 = CARTESIAN_POINT('',(-7.582500385063,3.542969882657));
#1272 = CARTESIAN_POINT('',(-7.682872050539,3.47023441387));
#1273 = CARTESIAN_POINT('',(-7.732592312903,3.433863028717));
#1274 = CARTESIAN_POINT('',(-7.782045741714,3.397476741262));
#1275 = CARTESIAN_POINT('',(-7.831391211982,3.361059406671));
#1276 = CARTESIAN_POINT('',(-7.880747736909,3.32458998682));
#1277 = CARTESIAN_POINT('',(-7.930194467884,3.288042550295));
#1278 = CARTESIAN_POINT('',(-7.979770694489,3.25138627239));
#1279 = CARTESIAN_POINT('',(-8.228296444515,3.067382085992));
#1280 = CARTESIAN_POINT('',(-8.427693552696,2.917576660217));
#1281 = CARTESIAN_POINT('',(-8.626765214534,2.763922502686));
#1282 = CARTESIAN_POINT('',(-8.807188370819,2.596861131723));
#1283 = CARTESIAN_POINT('',(-8.989625034879,2.427071891416));
#1284 = CARTESIAN_POINT('',(-9.159569436979,2.244062511817));
#1285 = CARTESIAN_POINT('',(-9.318606018615,2.052671336114));
#1286 = CARTESIAN_POINT('',(-9.608625364226,1.648862444465));
#1287 = CARTESIAN_POINT('',(-9.739849854143,1.43686951752));
#1288 = CARTESIAN_POINT('',(-9.853893522781,1.214914648653));
#1289 = CARTESIAN_POINT('',(-9.950220974801,0.983287600314));
#1290 = CARTESIAN_POINT('',(-10.02487465119,0.743442548594));
#1291 = CARTESIAN_POINT('',(-10.07446920727,0.497716404551));
#1292 = CARTESIAN_POINT('',(-10.09999962385,0.248802174813));
#1293 = CARTESIAN_POINT('',(-10.10000037611,-0.248771635377));
#1294 = CARTESIAN_POINT('',(-10.07447077355,-0.497683755952));
#1295 = CARTESIAN_POINT('',(-10.02487749785,-0.743407233678));
#1296 = CARTESIAN_POINT('',(-9.950226377675,-0.983248805606));
#1297 = CARTESIAN_POINT('',(-9.853902008601,-1.214873474944));
#1298 = CARTESIAN_POINT('',(-9.739860529434,-1.436828666733));
#1299 = CARTESIAN_POINT('',(-9.608636842175,-1.648823281642));
#1300 = CARTESIAN_POINT('',(-9.31861753157,-2.052636840526));
#1301 = CARTESIAN_POINT('',(-9.159580051161,-2.244030977121));
#1302 = CARTESIAN_POINT('',(-8.989634129845,-2.427043610276));
#1303 = CARTESIAN_POINT('',(-8.807194981274,-2.596835771238));
#1304 = CARTESIAN_POINT('',(-8.62677076176,-2.76389935432));
#1305 = CARTESIAN_POINT('',(-8.427696967647,-2.917555343186));
#1306 = CARTESIAN_POINT('',(-8.228299059157,-3.06736220574));
#1307 = CARTESIAN_POINT('',(-7.979773233447,-3.251367525824));
#1308 = CARTESIAN_POINT('',(-7.930197052446,-3.288024002372));
#1309 = CARTESIAN_POINT('',(-7.880750419749,-3.324571602965));
#1310 = CARTESIAN_POINT('',(-7.831394039448,-3.361041148072));
#1311 = CARTESIAN_POINT('',(-7.782048755563,-3.397458567114));
#1312 = CARTESIAN_POINT('',(-7.732595552043,-3.433844898467));
#1313 = CARTESIAN_POINT('',(-7.682875552766,-3.470216289456));
#1314 = CARTESIAN_POINT('',(-7.582504490313,-3.54295170327));
#1315 = CARTESIAN_POINT('',(-7.531703072688,-3.579236466984));
#1316 = CARTESIAN_POINT('',(-7.481013735975,-3.615828399896));
#1317 = CARTESIAN_POINT('',(-7.429193688982,-3.652265797014));
#1318 = CARTESIAN_POINT('',(-7.375743415664,-3.688408231189));
#1319 = CARTESIAN_POINT('',(-7.321862636948,-3.724849749648));
#1320 = CARTESIAN_POINT('',(-7.269648200685,-3.76257217183));
#1321 = CARTESIAN_POINT('',(-7.169419598874,-3.841104805234));
#1322 = CARTESIAN_POINT('',(-7.121254434546,-3.881810352653));
#1323 = CARTESIAN_POINT('',(-7.07760444647,-3.925358130395));
#1324 = CARTESIAN_POINT('',(-7.03625691874,-3.97039220901));
#1325 = CARTESIAN_POINT('',(-7.000964276456,-4.019000573386));
#1326 = CARTESIAN_POINT('',(-6.974674015371,-4.072806473223));
#1327 = CARTESIAN_POINT('',(-6.953032458781,-4.129217882875));
#1328 = CARTESIAN_POINT('',(-6.918867813142,-4.246991462889));
#1329 = CARTESIAN_POINT('',(-6.906341008039,-4.308364240752));
#1330 = CARTESIAN_POINT('',(-6.897056436868,-4.37133316674));
#1331 = CARTESIAN_POINT('',(-6.890437489948,-4.435555962202));
#1332 = CARTESIAN_POINT('',(-6.885540797529,-4.50041773372));
#1333 = CARTESIAN_POINT('',(-6.880895763058,-4.564911704383));
#1334 = CARTESIAN_POINT('',(-6.875287063863,-4.628220852184));
#1335 = CARTESIAN_POINT('',(-6.857866230091,-4.816559662243));
#1336 = CARTESIAN_POINT('',(-6.845087679484,-4.939750632602));
#1337 = CARTESIAN_POINT('',(-6.83139500214,-5.061376136197));
#1338 = CARTESIAN_POINT('',(-6.8170124742,-5.182204074507));
#1339 = CARTESIAN_POINT('',(-6.803237059272,-5.304426348602));
#1340 = CARTESIAN_POINT('',(-6.790055398792,-5.428495386791));
#1341 = CARTESIAN_POINT('',(-6.775096548941,-5.551733887562));
#1342 = CARTESIAN_POINT('',(-6.742379783868,-5.798492778834));
#1343 = CARTESIAN_POINT('',(-6.724435397622,-5.921771223003));
#1344 = CARTESIAN_POINT('',(-6.704185728794,-6.044544204969));
#1345 = CARTESIAN_POINT('',(-6.681295642392,-6.166657015222));
#1346 = CARTESIAN_POINT('',(-6.655660096614,-6.288101247303));
#1347 = CARTESIAN_POINT('',(-6.627250092149,-6.408911349624));
#1348 = CARTESIAN_POINT('',(-6.595958621486,-6.529061177296));
#1349 = CARTESIAN_POINT('',(-6.492422611675,-6.886959277252));
#1350 = CARTESIAN_POINT('',(-6.410763881978,-7.12207090584));
#1351 = CARTESIAN_POINT('',(-6.314715983598,-7.352204720233));
#1352 = CARTESIAN_POINT('',(-6.202621827148,-7.57552315697));
#1353 = CARTESIAN_POINT('',(-6.073303726728,-7.78980412014));
#1354 = CARTESIAN_POINT('',(-5.92627784916,-7.992458386038));
#1355 = CARTESIAN_POINT('',(-5.761801065113,-8.180602090949));
#1356 = CARTESIAN_POINT('',(-5.399699339093,-8.521766513142));
#1357 = CARTESIAN_POINT('',(-5.201730863644,-8.674499787306));
#1358 = CARTESIAN_POINT('',(-4.990108799914,-8.809674669762));
#1359 = CARTESIAN_POINT('',(-4.763049954291,-8.916460178895));
#1360 = CARTESIAN_POINT('',(-4.527527869837,-9.007153862842));
#1361 = CARTESIAN_POINT('',(-4.285382491938,-9.068217289779));
#1362 = CARTESIAN_POINT('',(-4.038921552282,-9.10944422229));
#1363 = CARTESIAN_POINT('',(-3.543188978198,-9.149275336764));
#1364 = CARTESIAN_POINT('',(-3.293794545982,-9.148313902745));
#1365 = CARTESIAN_POINT('',(-3.044848870669,-9.12804372083));
#1366 = CARTESIAN_POINT('',(-2.797958941258,-9.090403935603));
#1367 = CARTESIAN_POINT('',(-2.554241727684,-9.037786040859));
#1368 = CARTESIAN_POINT('',(-2.314239645915,-8.972731600052));
#1369 = CARTESIAN_POINT('',(-2.077871594127,-8.897246239214));
#1370 = CARTESIAN_POINT('',(-1.72769354287,-8.768971748867));
#1371 = CARTESIAN_POINT('',(-1.611685573831,-8.723622997003));
#1372 = CARTESIAN_POINT('',(-1.496525760422,-8.676320199613));
#1373 = CARTESIAN_POINT('',(-1.381961588616,-8.627290890431));
#1374 = CARTESIAN_POINT('',(-1.267965985071,-8.577325066666));
#1375 = CARTESIAN_POINT('',(-1.15479805649,-8.52772278937));
#1376 = CARTESIAN_POINT('',(-1.04251650605,-8.479217911518));
#1377 = CARTESIAN_POINT('',(-0.873660337316,-8.405207944972));
#1378 = CARTESIAN_POINT('',(-0.817338483577,-8.380479575966));
#1379 = CARTESIAN_POINT('',(-0.760852006041,-8.355189900084));
#1380 = CARTESIAN_POINT('',(-0.704175038469,-8.329716865499));
#1381 = CARTESIAN_POINT('',(-0.647238035591,-8.304062282667));
#1382 = CARTESIAN_POINT('',(-0.58990044648,-8.277616506951));
#1383 = CARTESIAN_POINT('',(-0.532042033705,-8.249944816513));
#1384 = CARTESIAN_POINT('',(-0.41550364285,-8.195246154367));
#1385 = CARTESIAN_POINT('',(-0.356826881097,-8.168246882674));
#1386 = CARTESIAN_POINT('',(-0.297810486534,-8.142783340013));
#1387 = CARTESIAN_POINT('',(-0.238522392676,-8.120041196037));
#1388 = CARTESIAN_POINT('',(-0.179030533038,-8.101206120394));
#1389 = CARTESIAN_POINT('',(-0.119402841135,-8.087463782739));
#1390 = CARTESIAN_POINT('',(-5.97072504821E-02,-8.079999852721));
#1391 = CARTESIAN_POINT('',(5.968386129297E-02,-8.080000147263));
#1392 = CARTESIAN_POINT('',(0.11937938365,-8.087464337198));
#1393 = CARTESIAN_POINT('',(0.179006949997,-8.101206902463));
#1394 = CARTESIAN_POINT('',(0.238498637851,-8.120042175725));
#1395 = CARTESIAN_POINT('',(0.297786524734,-8.142784489648));
#1396 = CARTESIAN_POINT('',(0.356802688164,-8.168248176901));
#1397 = CARTESIAN_POINT('',(0.415479205661,-8.195247570147));
#1398 = CARTESIAN_POINT('',(0.532017103826,-8.249946433962));
#1399 = CARTESIAN_POINT('',(0.589875268245,-8.277618217164));
#1400 = CARTESIAN_POINT('',(0.6472126198,-8.30406409688));
#1401 = CARTESIAN_POINT('',(0.704149399616,-8.329718790827));
#1402 = CARTESIAN_POINT('',(0.760826161696,-8.355191940114));
#1403 = CARTESIAN_POINT('',(0.817312457377,-8.380481740243));
#1404 = CARTESIAN_POINT('',(0.873634160679,-8.405210252218));
#1405 = CARTESIAN_POINT('',(1.042489982339,-8.479220676885));
#1406 = CARTESIAN_POINT('',(1.154771448959,-8.527725924727));
#1407 = CARTESIAN_POINT('',(1.26793945143,-8.577328638436));
#1408 = CARTESIAN_POINT('',(1.381935427303,-8.627295041493));
#1409 = CARTESIAN_POINT('',(1.496500331965,-8.676325090783));
#1410 = CARTESIAN_POINT('',(1.611661158848,-8.723628712512));
#1411 = CARTESIAN_POINT('',(1.727670282561,-8.768978262988));
#1412 = CARTESIAN_POINT('',(2.077852309662,-8.897255116809));
#1413 = CARTESIAN_POINT('',(2.314223589101,-8.972741992441));
#1414 = CARTESIAN_POINT('',(2.554229384625,-9.037797669495));
#1415 = CARTESIAN_POINT('',(2.797949806477,-9.090416143781));
#1416 = CARTESIAN_POINT('',(3.044841947112,-9.128055782056));
#1417 = CARTESIAN_POINT('',(3.293789278609,-9.14832538076));
#1418 = CARTESIAN_POINT('',(3.543185654153,-9.149286080056));
#1419 = CARTESIAN_POINT('',(4.038922172985,-9.109452186214));
#1420 = CARTESIAN_POINT('',(4.285385046042,-9.068223590457));
#1421 = CARTESIAN_POINT('',(4.527533007969,-9.007157619037));
#1422 = CARTESIAN_POINT('',(4.763058686919,-8.916459850103));
#1423 = CARTESIAN_POINT('',(4.990116351471,-8.80967185653));
#1424 = CARTESIAN_POINT('',(5.201738064478,-8.674492760637));
#1425 = CARTESIAN_POINT('',(5.39970194605,-8.521759714084));
#1426 = CARTESIAN_POINT('',(5.761792722303,-8.180600460097));
#1427 = CARTESIAN_POINT('',(5.926263398543,-7.992461478135));
#1428 = CARTESIAN_POINT('',(6.07328348455,-7.789814853247));
#1429 = CARTESIAN_POINT('',(6.202598170186,-7.575541384182));
#1430 = CARTESIAN_POINT('',(6.31469210599,-7.352227064603));
#1431 = CARTESIAN_POINT('',(6.410741869029,-7.122092751292));
#1432 = CARTESIAN_POINT('',(6.492402502103,-6.886977392369));
#1433 = CARTESIAN_POINT('',(6.595940938448,-6.529073527055));
#1434 = CARTESIAN_POINT('',(6.627233152981,-6.408921673451));
#1435 = CARTESIAN_POINT('',(6.655643787496,-6.288109499034));
#1436 = CARTESIAN_POINT('',(6.681279810631,-6.166663405495));
#1437 = CARTESIAN_POINT('',(6.704170205039,-6.044549265138));
#1438 = CARTESIAN_POINT('',(6.724420030315,-5.92177573415));
#1439 = CARTESIAN_POINT('',(6.742364485937,-5.798497565873));
#1440 = CARTESIAN_POINT('',(6.775081462449,-5.55174028228));
#1441 = CARTESIAN_POINT('',(6.790040400513,-5.428503106385));
#1442 = CARTESIAN_POINT('',(6.803222228798,-5.304435860734));
#1443 = CARTESIAN_POINT('',(6.816997858664,-5.182215653239));
#1444 = CARTESIAN_POINT('',(6.831380529851,-5.061389761087));
#1445 = CARTESIAN_POINT('',(6.845073278512,-4.939766148309));
#1446 = CARTESIAN_POINT('',(6.857852002692,-4.816577004953));
#1447 = CARTESIAN_POINT('',(6.875273166741,-4.628240503949));
#1448 = CARTESIAN_POINT('',(6.880881982006,-4.564932055853));
#1449 = CARTESIAN_POINT('',(6.885527179838,-4.50043871374));
#1450 = CARTESIAN_POINT('',(6.89042404041,-4.435577450043));
#1451 = CARTESIAN_POINT('',(6.897043120371,-4.371355016732));
#1452 = CARTESIAN_POINT('',(6.90632778891,-4.30838633024));
#1453 = CARTESIAN_POINT('',(6.91885468161,-4.247013713813));
#1454 = CARTESIAN_POINT('',(6.953019462577,-4.129240280743));
#1455 = CARTESIAN_POINT('',(6.974661094631,-4.072828877706));
#1456 = CARTESIAN_POINT('',(7.000951363781,-4.019022886282));
#1457 = CARTESIAN_POINT('',(7.036244093579,-3.970414438135));
#1458 = CARTESIAN_POINT('',(7.077591812058,-3.925380305695));
#1459 = CARTESIAN_POINT('',(7.121242033937,-3.881832477099));
#1460 = CARTESIAN_POINT('',(7.169407467631,-3.841126896776));
#1461 = CARTESIAN_POINT('',(7.269636664482,-3.762594242506));
#1462 = CARTESIAN_POINT('',(7.321851417515,-3.72487182982));
#1463 = CARTESIAN_POINT('',(7.375732524634,-3.688430341128));
#1464 = CARTESIAN_POINT('',(7.429183094215,-3.652287956605));
#1465 = CARTESIAN_POINT('',(7.481003383163,-3.615850629251));
#1466 = CARTESIAN_POINT('',(7.531692923025,-3.579258786881));
#1467 = CARTESIAN_POINT('',(7.582494532645,-3.542974133958));
#1468 = CARTESIAN_POINT('',(7.682865901939,-3.470238972488));
#1469 = CARTESIAN_POINT('',(7.73258601357,-3.433867735955));
#1470 = CARTESIAN_POINT('',(7.782039303735,-3.397481570704));
#1471 = CARTESIAN_POINT('',(7.831384660841,-3.361064316846));
#1472 = CARTESIAN_POINT('',(7.880741110146,-3.324594927517));
#1473 = CARTESIAN_POINT('',(7.930187813765,-3.288047468885));
#1474 = CARTESIAN_POINT('',(7.979764070665,-3.251391120145));
#1475 = CARTESIAN_POINT('',(8.228290300686,-3.06738638702));
#1476 = CARTESIAN_POINT('',(8.427686261116,-2.917582337065));
#1477 = CARTESIAN_POINT('',(8.626769418852,-2.763917365548));
#1478 = CARTESIAN_POINT('',(8.807171735182,-2.596878557516));
#1479 = CARTESIAN_POINT('',(8.989604287889,-2.427096094403));
#1480 = CARTESIAN_POINT('',(9.159600587624,-2.244029609212));
#1481 = CARTESIAN_POINT('',(9.318642878206,-2.052630277019));
#1482 = CARTESIAN_POINT('',(9.608609286759,-1.648872281958));
#1483 = CARTESIAN_POINT('',(9.73960999411,-1.436517643063));
#1484 = CARTESIAN_POINT('',(9.854405691178,-1.216263124387));
#1485 = CARTESIAN_POINT('',(9.949085346626,-0.981811503288));
#1486 = CARTESIAN_POINT('',(10.027347278542,-0.742665764613));
#1487 = CARTESIAN_POINT('',(10.073329886162,-0.498339242582));
#1488 = CARTESIAN_POINT('',(10.098734184682,-0.250168524296));
#1489 = CARTESIAN_POINT('',(10.099999999988,-1.52697181327E-05));
#1490 = ( GEOMETRIC_REPRESENTATION_CONTEXT(2) 
PARAMETRIC_REPRESENTATION_CONTEXT() REPRESENTATION_CONTEXT('2D SPACE',''
  ) );
#1491 = FACE_BOUND('',#1492,.F.);
#1492 = EDGE_LOOP('',(#1493));
#1493 = ORIENTED_EDGE('',*,*,#1494,.F.);
#1494 = EDGE_CURVE('',#1495,#1495,#1497,.T.);
#1495 = VERTEX_POINT('',#1496);
#1496 = CARTESIAN_POINT('',(-2.215697909041E-15,-10.1,5.9));
#1497 = SURFACE_CURVE('',#1498,(#1633,#1816),.PCURVE_S1.);
#1498 = B_SPLINE_CURVE_WITH_KNOTS('',8,(#1499,#1500,#1501,#1502,#1503,
    #1504,#1505,#1506,#1507,#1508,#1509,#1510,#1511,#1512,#1513,#1514,
    #1515,#1516,#1517,#1518,#1519,#1520,#1521,#1522,#1523,#1524,#1525,
    #1526,#1527,#1528,#1529,#1530,#1531,#1532,#1533,#1534,#1535,#1536,
    #1537,#1538,#1539,#1540,#1541,#1542,#1543,#1544,#1545,#1546,#1547,
    #1548,#1549,#1550,#1551,#1552,#1553,#1554,#1555,#1556,#1557,#1558,
    #1559,#1560,#1561,#1562,#1563,#1564,#1565,#1566,#1567,#1568,#1569,
    #1570,#1571,#1572,#1573,#1574,#1575,#1576,#1577,#1578,#1579,#1580,
    #1581,#1582,#1583,#1584,#1585,#1586,#1587,#1588,#1589,#1590,#1591,
    #1592,#1593,#1594,#1595,#1596,#1597,#1598,#1599,#1600,#1601,#1602,
    #1603,#1604,#1605,#1606,#1607,#1608,#1609,#1610,#1611,#1612,#1613,
    #1614,#1615,#1616,#1617,#1618,#1619,#1620,#1621,#1622,#1623,#1624,
    #1625,#1626,#1627,#1628,#1629,#1630,#1631,#1632),.UNSPECIFIED.,.T.,
  .F.,(9,7,7,7,7,7,7,7,7,7,7,7,7,6,7,7,7,7,7,9),(0.,0.121097278612,
    0.184503623999,0.250217042966,0.314620292369,0.377212509048,
    0.442046196329,0.506803813196,0.573406617902,0.639284843692,
    0.75925216635,0.88201476264,0.940421038689,1.,1.136553520858,
    1.198693562153,1.263395501358,1.329903727517,1.401567147046,
    1.513745984224),.UNSPECIFIED.);
#1499 = CARTESIAN_POINT('',(-1.998401444325E-15,-10.1,5.9));
#1500 = CARTESIAN_POINT('',(-7.31257376295E-02,-10.1,5.9));
#1501 = CARTESIAN_POINT('',(-0.146270130318,-10.0977972806,
    5.905314281937));
#1502 = CARTESIAN_POINT('',(-0.218863083877,-10.09341458278,
    5.915947020558));
#1503 = CARTESIAN_POINT('',(-0.290379741374,-10.08695912317,
    5.931809512152));
#1504 = CARTESIAN_POINT('',(-0.360343678263,-10.07860589737,
    5.952745814133));
#1505 = CARTESIAN_POINT('',(-0.428327618171,-10.06858235505,
    5.978553320659));
#1506 = CARTESIAN_POINT('',(-0.49395166934,-10.05715444698,
    6.008998274284));
#1507 = CARTESIAN_POINT('',(-0.58982777626,-10.03804790833,
    6.062062068137));
#1508 = CARTESIAN_POINT('',(-0.622041027595,-10.03117549851,
    6.081501658385));
#1509 = CARTESIAN_POINT('',(-0.653474345191,-10.02404094343,
    6.102111520941));
#1510 = CARTESIAN_POINT('',(-0.684083130671,-10.01668010391,6.1238551548
    ));
#1511 = CARTESIAN_POINT('',(-0.713829005883,-10.00914243169,
    6.146698168871));
#1512 = CARTESIAN_POINT('',(-0.742676354569,-10.00148077786,
    6.170606785062));
#1513 = CARTESIAN_POINT('',(-0.770588275556,-9.993738959265,
    6.195545635906));
#1514 = CARTESIAN_POINT('',(-0.825454345918,-9.977912033323,
    6.248359619827));
#1515 = CARTESIAN_POINT('',(-0.852335621399,-9.969824690371,
    6.276307599886));
#1516 = CARTESIAN_POINT('',(-0.878137210099,-9.961758387736,
    6.305286628359));
#1517 = CARTESIAN_POINT('',(-0.902821169188,-9.953767129072,
    6.33525748712));
#1518 = CARTESIAN_POINT('',(-0.926349547345,-9.945904914992,
    6.366179503982));
#1519 = CARTESIAN_POINT('',(-0.948684557329,-9.938225261258,
    6.398010209367));
#1520 = CARTESIAN_POINT('',(-0.969788748554,-9.930780716975,
    6.430704992968));
#1521 = CARTESIAN_POINT('',(-1.009066119428,-9.91660676879,6.49706038278
    ));
#1522 = CARTESIAN_POINT('',(-1.027289061404,-9.909866168123,
    6.530688289304));
#1523 = CARTESIAN_POINT('',(-1.044258749233,-9.903448749727,
    6.565054940998));
#1524 = CARTESIAN_POINT('',(-1.05993996617,-9.897401538946,
    6.600111379062));
#1525 = CARTESIAN_POINT('',(-1.074298333758,-9.891769504357,
    6.635804773808));
#1526 = CARTESIAN_POINT('',(-1.08730111049,-9.886594644591,6.67207797358
    ));
#1527 = CARTESIAN_POINT('',(-1.098917990482,-9.881915075165,
    6.708869053677));
#1528 = CARTESIAN_POINT('',(-1.119038877677,-9.873729881298,
    6.782305429409));
#1529 = CARTESIAN_POINT('',(-1.127621645297,-9.870194727573,
    6.818927214413));
#1530 = CARTESIAN_POINT('',(-1.134844873556,-9.867189524355,
    6.855912784559));
#1531 = CARTESIAN_POINT('',(-1.14068712382,-9.864740219466,
    6.893196032309));
#1532 = CARTESIAN_POINT('',(-1.145131385318,-9.862867264317,
    6.930708227202));
#1533 = CARTESIAN_POINT('',(-1.14816561021,-9.861585039908,
    6.968378064751));
#1534 = CARTESIAN_POINT('',(-1.149783248639,-9.860901282821,
    7.006131715335));
#1535 = CARTESIAN_POINT('',(-1.150191500263,-9.860728703878,
    7.083006284036));
#1536 = CARTESIAN_POINT('',(-1.148878812072,-9.861283536901,
    7.122131015675));
#1537 = CARTESIAN_POINT('',(-1.146044969558,-9.862482005735,
    7.16118208219));
#1538 = CARTESIAN_POINT('',(-1.14169621613,-9.864316745659,
    7.200077201074));
#1539 = CARTESIAN_POINT('',(-1.135845181633,-9.866772687989,
    7.238736856612));
#1540 = CARTESIAN_POINT('',(-1.128510275705,-9.86982771627,
    7.277084363367));
#1541 = CARTESIAN_POINT('',(-1.119715081128,-9.873453322483,
    7.315045929668));
#1542 = CARTESIAN_POINT('',(-1.099272413151,-9.881772320737,
    7.390011507535));
#1543 = CARTESIAN_POINT('',(-1.087627798955,-9.886464720116,
    7.427018417676));
#1544 = CARTESIAN_POINT('',(-1.074581346569,-9.891658702071,
    7.463503077323));
#1545 = CARTESIAN_POINT('',(-1.060163820963,-9.897315586165,
    7.499402456152));
#1546 = CARTESIAN_POINT('',(-1.044408488888,-9.903392709872,
    7.534658405019));
#1547 = CARTESIAN_POINT('',(-1.027350297645,-9.909844367614,
    7.56921719327));
#1548 = CARTESIAN_POINT('',(-1.00902505386,-9.916622749809,
    7.603029046053));
#1549 = CARTESIAN_POINT('',(-0.969354913864,-9.93093606971,7.67000714221
    ));
#1550 = CARTESIAN_POINT('',(-0.94793917591,-9.938486946862,7.7031270346)
  );
#1551 = CARTESIAN_POINT('',(-0.925259836962,-9.946278306714,
    7.735358381112));
#1552 = CARTESIAN_POINT('',(-0.901355882674,-9.954255417707,
    7.766654801251));
#1553 = CARTESIAN_POINT('',(-0.876266657224,-9.96236253571,7.79697214891
    ));
#1554 = CARTESIAN_POINT('',(-0.850031684757,-9.970543416356,
    7.826268149585));
#1555 = CARTESIAN_POINT('',(-0.822690490819,-9.97874182739,
    7.854502037571));
#1556 = CARTESIAN_POINT('',(-0.766183411114,-9.994973518581,
    7.908471175201));
#1557 = CARTESIAN_POINT('',(-0.737041670042,-10.00300740023,
    7.934229302223));
#1558 = CARTESIAN_POINT('',(-0.706895289676,-10.01094881424,
    7.958870314912));
#1559 = CARTESIAN_POINT('',(-0.67578523933,-10.01874679162,
    7.982355024717));
#1560 = CARTESIAN_POINT('',(-0.643751898375,-10.02634268035,
    8.004645322731));
#1561 = CARTESIAN_POINT('',(-0.610839281931,-10.03368279881,
    8.025702233094));
#1562 = CARTESIAN_POINT('',(-0.577098169717,-10.04072721301,
    8.045485029816));
#1563 = CARTESIAN_POINT('',(-0.479718955759,-10.05962621973,
    8.097593728266));
#1564 = CARTESIAN_POINT('',(-0.414260999081,-10.07068730629,
    8.126891942135));
#1565 = CARTESIAN_POINT('',(-0.346543594043,-10.0803287864,
    8.151601772544));
#1566 = CARTESIAN_POINT('',(-0.276946631711,-10.08829435415,
    8.171497457858));
#1567 = CARTESIAN_POINT('',(-0.205893297443,-10.09437034113,
    8.186388197392));
#1568 = CARTESIAN_POINT('',(-0.133851619056,-10.09839458176,
    8.196130635119));
#1569 = CARTESIAN_POINT('',(-6.133391921171E-02,-10.10026762885,
    8.200646107374));
#1570 = CARTESIAN_POINT('',(8.523773576394E-02,-10.09968116268,
    8.199230292975));
#1571 = CARTESIAN_POINT('',(0.159319494974,-10.09712396037,
    8.193052699939));
#1572 = CARTESIAN_POINT('',(0.232762834985,-10.09233821632,8.1814187096)
  );
#1573 = CARTESIAN_POINT('',(0.305026844506,-10.0854440101,8.164429476425
    ));
#1574 = CARTESIAN_POINT('',(0.375622526964,-10.07663132845,
    8.142254738585));
#1575 = CARTESIAN_POINT('',(0.444112787461,-10.06614365916,
    8.115111024987));
#1576 = CARTESIAN_POINT('',(0.510109973249,-10.0542633005,8.083245503787
    ));
#1577 = CARTESIAN_POINT('',(0.603320824874,-10.03513012031,
    8.029645634395));
#1578 = CARTESIAN_POINT('',(0.632732355872,-10.0287153968,8.01135540529)
  );
#1579 = CARTESIAN_POINT('',(0.661471321548,-10.02208836855,
    7.992081234133));
#1580 = CARTESIAN_POINT('',(0.689503629981,-10.0152781692,7.971851574925
    ));
#1581 = CARTESIAN_POINT('',(0.71679971262,-10.00832409639,7.950693119561
    ));
#1582 = CARTESIAN_POINT('',(0.743331748327,-10.00126724695,
    7.928632232179));
#1583 = CARTESIAN_POINT('',(0.769070734414,-9.994141398013,
    7.905696710463));
#1584 = CARTESIAN_POINT('',(0.81941041198,-9.979686789945,7.857651757515
    ));
#1585 = CARTESIAN_POINT('',(0.843977124563,-9.97235671632,7.832508597079
    ));
#1586 = CARTESIAN_POINT('',(0.867662235024,-9.965035631922,
    7.806511969054));
#1587 = CARTESIAN_POINT('',(0.890437412057,-9.95776376067,7.779691027044
    ));
#1588 = CARTESIAN_POINT('',(0.912274378457,-9.950581345009,
    7.752075819871));
#1589 = CARTESIAN_POINT('',(0.933144990016,-9.943528365312,
    7.723697484079));
#1590 = CARTESIAN_POINT('',(0.9985713195,-9.92086810332,7.627880643242)
  );
#1591 = CARTESIAN_POINT('',(1.052962696071,-9.900442937115,
    7.524450170217));
#1592 = CARTESIAN_POINT('',(1.085118142238,-9.887777750479,
    7.449177700879));
#1593 = CARTESIAN_POINT('',(1.111210235109,-9.877123701175,
    7.371159810494));
#1594 = CARTESIAN_POINT('',(1.1309323064,-9.868875112569,7.290974538294)
  );
#1595 = CARTESIAN_POINT('',(1.144039603103,-9.863328644232,
    7.209277371553));
#1596 = CARTESIAN_POINT('',(1.150387699209,-9.860645764899,
    7.126808581066));
#1597 = CARTESIAN_POINT('',(1.149803730569,-9.860892624741,7.0068984356)
  );
#1598 = CARTESIAN_POINT('',(1.14822345212,-9.861560594749,6.969404129359
    ));
#1599 = CARTESIAN_POINT('',(1.145245997474,-9.862818873156,
    6.931991274745));
#1600 = CARTESIAN_POINT('',(1.140877694283,-9.86465998718,6.894732172386
    ));
#1601 = CARTESIAN_POINT('',(1.135130219393,-9.86706999774,6.857696693296
    ));
#1602 = CARTESIAN_POINT('',(1.128020090463,-9.870029048044,
    6.820952235452));
#1603 = CARTESIAN_POINT('',(1.119568157593,-9.873511912173,
    6.784563680373));
#1604 = CARTESIAN_POINT('',(1.099627275235,-9.881629122985,
    6.711140041008));
#1605 = CARTESIAN_POINT('',(1.08802704469,-9.886305253899,6.674138567944
    ));
#1606 = CARTESIAN_POINT('',(1.07502573309,-9.891483327788,6.637657296502
    ));
#1607 = CARTESIAN_POINT('',(1.060654003685,-9.897124807327,
    6.601759256092));
#1608 = CARTESIAN_POINT('',(1.044945032194,-9.903187164695,6.56650260003
    ));
#1609 = CARTESIAN_POINT('',(1.027933685791,-9.909624819768,
    6.531941066045));
#1610 = CARTESIAN_POINT('',(1.009655702097,-9.916390078325,6.49812443678
    ));
#1611 = CARTESIAN_POINT('',(0.970093405232,-9.930674709592,
    6.431151591191));
#1612 = CARTESIAN_POINT('',(0.948739724164,-9.938209750563,
    6.398040660953));
#1613 = CARTESIAN_POINT('',(0.926124146009,-9.945986190043,
    6.365815110707));
#1614 = CARTESIAN_POINT('',(0.902285530329,-9.953949496288,
    6.334521235883));
#1615 = CARTESIAN_POINT('',(0.877263093901,-9.962044120415,
    6.304203089573));
#1616 = CARTESIAN_POINT('',(0.851096229431,-9.97021400791,6.274902845902
    ));
#1617 = CARTESIAN_POINT('',(0.823824324256,-9.978403110124,6.24666116339
    ));
#1618 = CARTESIAN_POINT('',(0.76495231525,-9.995340621107,6.190269974206
    ));
#1619 = CARTESIAN_POINT('',(0.733182109143,-10.00408346653,
    6.162298677418));
#1620 = CARTESIAN_POINT('',(0.700223664131,-10.01270978558,
    6.135651843707));
#1621 = CARTESIAN_POINT('',(0.666133711892,-10.02116663705,
    6.110383018773));
#1622 = CARTESIAN_POINT('',(0.63095720057,-10.02935360591,6.086535682307
    ));
#1623 = CARTESIAN_POINT('',(0.594760678363,-10.03723217886,
    6.064167045376));
#1624 = CARTESIAN_POINT('',(0.557605351414,-10.04473204014,
    6.043324844899));
#1625 = CARTESIAN_POINT('',(0.460007377187,-10.06285776345,
    5.993898965166));
#1626 = CARTESIAN_POINT('',(0.398259826489,-10.07285612548,
    5.967592533038));
#1627 = CARTESIAN_POINT('',(0.334603780537,-10.08156694002,
    5.945340175253));
#1628 = CARTESIAN_POINT('',(0.269357092811,-10.08878695005,
    5.927322336641));
#1629 = CARTESIAN_POINT('',(0.202871496719,-10.09434443378,
    5.913691640139));
#1630 = CARTESIAN_POINT('',(0.135532789224,-10.09810869316,
    5.904562882698));
#1631 = CARTESIAN_POINT('',(6.775949341212E-02,-10.1,5.9));
#1632 = CARTESIAN_POINT('',(-2.090687232179E-15,-10.1,5.9));
#1633 = PCURVE('',#348,#1634);
#1634 = DEFINITIONAL_REPRESENTATION('',(#1635),#1815);
#1635 = B_SPLINE_CURVE_WITH_KNOTS('',3,(#1636,#1637,#1638,#1639,#1640,
    #1641,#1642,#1643,#1644,#1645,#1646,#1647,#1648,#1649,#1650,#1651,
    #1652,#1653,#1654,#1655,#1656,#1657,#1658,#1659,#1660,#1661,#1662,
    #1663,#1664,#1665,#1666,#1667,#1668,#1669,#1670,#1671,#1672,#1673,
    #1674,#1675,#1676,#1677,#1678,#1679,#1680,#1681,#1682,#1683,#1684,
    #1685,#1686,#1687,#1688,#1689,#1690,#1691,#1692,#1693,#1694,#1695,
    #1696,#1697,#1698,#1699,#1700,#1701,#1702,#1703,#1704,#1705,#1706,
    #1707,#1708,#1709,#1710,#1711,#1712,#1713,#1714,#1715,#1716,#1717,
    #1718,#1719,#1720,#1721,#1722,#1723,#1724,#1725,#1726,#1727,#1728,
    #1729,#1730,#1731,#1732,#1733,#1734,#1735,#1736,#1737,#1738,#1739,
    #1740,#1741,#1742,#1743,#1744,#1745,#1746,#1747,#1748,#1749,#1750,
    #1751,#1752,#1753,#1754,#1755,#1756,#1757,#1758,#1759,#1760,#1761,
    #1762,#1763,#1764,#1765,#1766,#1767,#1768,#1769,#1770,#1771,#1772,
    #1773,#1774,#1775,#1776,#1777,#1778,#1779,#1780,#1781,#1782,#1783,
    #1784,#1785,#1786,#1787,#1788,#1789,#1790,#1791,#1792,#1793,#1794,
    #1795,#1796,#1797,#1798,#1799,#1800,#1801,#1802,#1803,#1804,#1805,
    #1806,#1807,#1808,#1809,#1810,#1811,#1812,#1813,#1814),
  .UNSPECIFIED.,.T.,.F.,(4,1,1,1,1,1,1,1,1,1,1,1,1,1,1,1,1,1,1,1,1,1,1,1
    ,1,1,1,1,1,1,1,1,1,1,1,1,1,1,1,1,1,1,1,1,1,1,1,1,1,1,1,1,1,1,1,1,1,1
    ,1,1,1,1,1,1,1,1,1,1,1,1,1,1,1,1,1,1,1,1,1,1,1,1,1,1,1,1,1,1,1,1,1,1
    ,1,1,1,1,1,1,1,1,1,1,1,1,1,1,1,1,1,1,1,1,1,1,1,1,1,1,1,1,1,1,1,1,1,1
    ,1,1,1,1,1,1,1,1,1,1,1,1,1,1,1,1,1,1,1,1,1,1,1,1,1,1,1,1,1,1,1,1,1,1
    ,1,1,1,1,1,1,1,1,1,1,1,1,1,1,1,1,4),(0.,8.600829455817E-03,
    1.720165891163E-02,2.580248836745E-02,3.440331782327E-02,
    4.300414727908E-02,5.16049767349E-02,6.020580619072E-02,
    6.880663564653E-02,7.740746510235E-02,8.600829455817E-02,
    9.460912401398E-02,0.10320995347,0.111810782926,0.120411612381,
    0.129012441837,0.137613271293,0.146214100749,0.154814930205,
    0.163415759661,0.172016589116,0.180617418572,0.189218248028,
    0.197819077484,0.20641990694,0.215020736395,0.223621565851,
    0.232222395307,0.240823224763,0.249424054219,0.258024883674,
    0.26662571313,0.275226542586,0.283827372042,0.292428201498,
    0.301029030954,0.309629860409,0.318230689865,0.326831519321,
    0.335432348777,0.344033178233,0.352634007688,0.361234837144,
    0.3698356666,0.378436496056,0.387037325512,0.395638154968,
    0.404238984423,0.412839813879,0.421440643335,0.430041472791,
    0.438642302247,0.447243131702,0.455843961158,0.464444790614,
    0.47304562007,0.481646449526,0.490247278982,0.498848108437,
    0.507448937893,0.516049767349,0.524650596805,0.533251426261,
    0.541852255716,0.550453085172,0.559053914628,0.567654744084,
    0.57625557354,0.584856402996,0.593457232451,0.602058061907,
    0.610658891363,0.619259720819,0.627860550275,0.63646137973,
    0.645062209186,0.653663038642,0.662263868098,0.670864697554,
    0.67946552701,0.688066356465,0.696667185921,0.705268015377,
    0.713868844833,0.722469674289,0.731070503744,0.7396713332,
    0.748272162656,0.756872992112,0.765473821568,0.774074651023,
    0.782675480479,0.791276309935,0.799877139391,0.808477968847,
    0.817078798303,0.825679627758,0.834280457214,0.84288128667,
    0.851482116126,0.860082945582,0.868683775037,0.877284604493,
    0.885885433949,0.894486263405,0.903087092861,0.911687922317,
    0.920288751772,0.928889581228,0.937490410684,0.94609124014,
    0.954692069596,0.963292899051,0.971893728507,0.980494557963,
    0.989095387419,0.997696216875,1.006297046331,1.014897875786,
    1.023498705242,1.032099534698,1.040700364154,1.04930119361,
    1.057902023065,1.066502852521,1.075103681977,1.083704511433,
    1.092305340889,1.100906170345,1.1095069998,1.118107829256,
    1.126708658712,1.135309488168,1.143910317624,1.152511147079,
    1.161111976535,1.169712805991,1.178313635447,1.186914464903,
    1.195515294359,1.204116123814,1.21271695327,1.221317782726,
    1.229918612182,1.238519441638,1.247120271093,1.255721100549,
    1.264321930005,1.272922759461,1.281523588917,1.290124418372,
    1.298725247828,1.307326077284,1.31592690674,1.324527736196,
    1.333128565652,1.341729395107,1.350330224563,1.358931054019,
    1.367531883475,1.376132712931,1.384733542386,1.393334371842,
    1.401935201298,1.410536030754,1.41913686021,1.427737689666,
    1.436338519121,1.444939348577,1.453540178033,1.462141007489,
    1.470741836945,1.4793426664,1.487943495856,1.496544325312,
    1.505145154768,1.513745984224),.QUASI_UNIFORM_KNOTS.);
#1636 = CARTESIAN_POINT('',(42.367816087911,-3.75));
#1637 = CARTESIAN_POINT('',(42.353995836024,-3.749999699352));
#1638 = CARTESIAN_POINT('',(42.326354161416,-3.75050065469));
#1639 = CARTESIAN_POINT('',(42.28494489023,-3.752751346832));
#1640 = CARTESIAN_POINT('',(42.243646311355,-3.756497235143));
#1641 = CARTESIAN_POINT('',(42.202513432102,-3.761729539351));
#1642 = CARTESIAN_POINT('',(42.1615997669,-3.768436743824));
#1643 = CARTESIAN_POINT('',(42.120957189557,-3.776604406684));
#1644 = CARTESIAN_POINT('',(42.080636077467,-3.786215534569));
#1645 = CARTESIAN_POINT('',(42.040685375142,-3.797250789028));
#1646 = CARTESIAN_POINT('',(42.001152674988,-3.809688722083));
#1647 = CARTESIAN_POINT('',(41.962084294962,-3.823505984896));
#1648 = CARTESIAN_POINT('',(41.923525335502,-3.838677536181));
#1649 = CARTESIAN_POINT('',(41.885519805642,-3.855176799948));
#1650 = CARTESIAN_POINT('',(41.848110475577,-3.872975947515));
#1651 = CARTESIAN_POINT('',(41.811339736432,-3.892045654508));
#1652 = CARTESIAN_POINT('',(41.775246686834,-3.912356755008));
#1653 = CARTESIAN_POINT('',(41.739865692948,-3.933882191122));
#1654 = CARTESIAN_POINT('',(41.705234585201,-3.956592226528));
#1655 = CARTESIAN_POINT('',(41.67138960391,-3.980457696726));
#1656 = CARTESIAN_POINT('',(41.638368070629,-4.005449480792));
#1657 = CARTESIAN_POINT('',(41.60620669898,-4.031538627037));
#1658 = CARTESIAN_POINT('',(41.574941926507,-4.058696139995));
#1659 = CARTESIAN_POINT('',(41.544609798638,-4.086893220963));
#1660 = CARTESIAN_POINT('',(41.51524729427,-4.116100081107));
#1661 = CARTESIAN_POINT('',(41.48689056242,-4.146287525934));
#1662 = CARTESIAN_POINT('',(41.459576509398,-4.177425507982));
#1663 = CARTESIAN_POINT('',(41.433342426097,-4.20948325072));
#1664 = CARTESIAN_POINT('',(41.408225960812,-4.242429106417));
#1665 = CARTESIAN_POINT('',(41.384265008017,-4.276230469063));
#1666 = CARTESIAN_POINT('',(41.361497561585,-4.310853733114));
#1667 = CARTESIAN_POINT('',(41.339961770833,-4.346264013888));
#1668 = CARTESIAN_POINT('',(41.319696267029,-4.382423846358));
#1669 = CARTESIAN_POINT('',(41.300739264944,-4.419294162026));
#1670 = CARTESIAN_POINT('',(41.283128550356,-4.456833730019));
#1671 = CARTESIAN_POINT('',(41.266901049987,-4.494999144583));
#1672 = CARTESIAN_POINT('',(41.252092513991,-4.533744650789));
#1673 = CARTESIAN_POINT('',(41.238737143223,-4.573022081658));
#1674 = CARTESIAN_POINT('',(41.226867315256,-4.612780511392));
#1675 = CARTESIAN_POINT('',(41.216512737738,-4.652967654959));
#1676 = CARTESIAN_POINT('',(41.207700887413,-4.693526487483));
#1677 = CARTESIAN_POINT('',(41.200455614474,-4.734398730629));
#1678 = CARTESIAN_POINT('',(41.194797013909,-4.775524473461));
#1679 = CARTESIAN_POINT('',(41.190741125502,-4.816842220926));
#1680 = CARTESIAN_POINT('',(41.188299686901,-4.858289175639));
#1681 = CARTESIAN_POINT('',(41.187479875625,-4.899800158836));
#1682 = CARTESIAN_POINT('',(41.188284075659,-4.941311936794));
#1683 = CARTESIAN_POINT('',(41.190709946877,-4.982759728135));
#1684 = CARTESIAN_POINT('',(41.194750346804,-5.024078937958));
#1685 = CARTESIAN_POINT('',(41.20039359084,-5.065206746276));
#1686 = CARTESIAN_POINT('',(41.207623688978,-5.106081711733));
#1687 = CARTESIAN_POINT('',(41.216420584485,-5.146643873464));
#1688 = CARTESIAN_POINT('',(41.226760441901,-5.186834845118));
#1689 = CARTESIAN_POINT('',(41.238615765952,-5.226597442065));
#1690 = CARTESIAN_POINT('',(41.251956928786,-5.265879586097));
#1691 = CARTESIAN_POINT('',(41.266751562372,-5.304630276227));
#1692 = CARTESIAN_POINT('',(41.282965487752,-5.342801338022));
#1693 = CARTESIAN_POINT('',(41.300562967664,-5.380346990231));
#1694 = CARTESIAN_POINT('',(41.31950708545,-5.41722380598));
#1695 = CARTESIAN_POINT('',(41.339760060134,-5.453390530384));
#1696 = CARTESIAN_POINT('',(41.361283680965,-5.488808077885));
#1697 = CARTESIAN_POINT('',(41.384039307616,-5.523438946768));
#1698 = CARTESIAN_POINT('',(41.407988782801,-5.557248233763));
#1699 = CARTESIAN_POINT('',(41.433094127062,-5.590202346344));
#1700 = CARTESIAN_POINT('',(41.459317449604,-5.622268673571));
#1701 = CARTESIAN_POINT('',(41.486621100331,-5.653415557775));
#1702 = CARTESIAN_POINT('',(41.514967783687,-5.683612211663));
#1703 = CARTESIAN_POINT('',(41.544320560768,-5.712828552906));
#1704 = CARTESIAN_POINT('',(41.574643310465,-5.741035423356));
#1705 = CARTESIAN_POINT('',(41.605899088383,-5.768203048752));
#1706 = CARTESIAN_POINT('',(41.638051768858,-5.794302556194));
#1707 = CARTESIAN_POINT('',(41.671064985554,-5.819305028471));
#1708 = CARTESIAN_POINT('',(41.704902017291,-5.843181487863));
#1709 = CARTESIAN_POINT('',(41.739525571785,-5.865902813357));
#1710 = CARTESIAN_POINT('',(41.774899201578,-5.887439761845));
#1711 = CARTESIAN_POINT('',(41.810985672957,-5.907762885655));
#1712 = CARTESIAN_POINT('',(41.847748020355,-5.926843791445));
#1713 = CARTESIAN_POINT('',(41.885151921513,-5.944655810485));
#1714 = CARTESIAN_POINT('',(41.923153494445,-5.961168587493));
#1715 = CARTESIAN_POINT('',(41.961709707102,-5.976354082863));
#1716 = CARTESIAN_POINT('',(42.000776050083,-5.990185431205));
#1717 = CARTESIAN_POINT('',(42.040307095794,-6.002637450704));
#1718 = CARTESIAN_POINT('',(42.080256273059,-6.013686720225));
#1719 = CARTESIAN_POINT('',(42.120575843622,-6.023311784126));
#1720 = CARTESIAN_POINT('',(42.161216819723,-6.031493336661));
#1721 = CARTESIAN_POINT('',(42.202128891361,-6.038214427244));
#1722 = CARTESIAN_POINT('',(42.243260358704,-6.043460678284));
#1723 = CARTESIAN_POINT('',(42.284558025559,-6.047220516198));
#1724 = CARTESIAN_POINT('',(42.325967238081,-6.049485430174));
#1725 = CARTESIAN_POINT('',(42.367431376208,-6.050250208502));
#1726 = CARTESIAN_POINT('',(42.408893380323,-6.049513347322));
#1727 = CARTESIAN_POINT('',(42.4503035065,-6.047276379987));
#1728 = CARTESIAN_POINT('',(42.491602864792,-6.04354441768));
#1729 = CARTESIAN_POINT('',(42.532736800596,-6.03832596773));
#1730 = CARTESIAN_POINT('',(42.573651719567,-6.031632619383));
#1731 = CARTESIAN_POINT('',(42.614295821583,-6.023478784785));
#1732 = CARTESIAN_POINT('',(42.654618790547,-6.01388144224));
#1733 = CARTESIAN_POINT('',(42.69457176773,-6.002859895814));
#1734 = CARTESIAN_POINT('',(42.734107252331,-5.990435548027));
#1735 = CARTESIAN_POINT('',(42.773179028025,-5.976631684509));
#1736 = CARTESIAN_POINT('',(42.81174207761,-5.961473278448));
#1737 = CARTESIAN_POINT('',(42.849752539238,-5.944986784581));
#1738 = CARTESIAN_POINT('',(42.887167528575,-5.927200035931));
#1739 = CARTESIAN_POINT('',(42.923945476094,-5.908141820731));
#1740 = CARTESIAN_POINT('',(42.960044558188,-5.887842716538));
#1741 = CARTESIAN_POINT('',(42.995431270972,-5.866329526183));
#1742 = CARTESIAN_POINT('',(43.030068615401,-5.843631440035));
#1743 = CARTESIAN_POINT('',(43.063920178916,-5.819777767321));
#1744 = CARTESIAN_POINT('',(43.096948730441,-5.794797565726));
#1745 = CARTESIAN_POINT('',(43.129117541428,-5.768719776398));
#1746 = CARTESIAN_POINT('',(43.160390196734,-5.74157338901));
#1747 = CARTESIAN_POINT('',(43.190730546074,-5.713387287686));
#1748 = CARTESIAN_POINT('',(43.22010179151,-5.684191097075));
#1749 = CARTESIAN_POINT('',(43.248467684327,-5.654014089535));
#1750 = CARTESIAN_POINT('',(43.275791246058,-5.622886413613));
#1751 = CARTESIAN_POINT('',(43.302035062704,-5.590839042491));
#1752 = CARTESIAN_POINT('',(43.327161538542,-5.557903576068));
#1753 = CARTESIAN_POINT('',(43.351133100785,-5.524112094091));
#1754 = CARTESIAN_POINT('',(43.373915333128,-5.489493001749));
#1755 = CARTESIAN_POINT('',(43.39546965243,-5.454080334158));
#1756 = CARTESIAN_POINT('',(43.415755245816,-5.417913498084));
#1757 = CARTESIAN_POINT('',(43.434732576424,-5.381033160468));
#1758 = CARTESIAN_POINT('',(43.45236285931,-5.343482206316));
#1759 = CARTESIAN_POINT('',(43.468608575874,-5.305305429278));
#1760 = CARTESIAN_POINT('',(43.483433714126,-5.2665495947));
#1761 = CARTESIAN_POINT('',(43.496804089319,-5.227263429228));
#1762 = CARTESIAN_POINT('',(43.508687652406,-5.187497650443));
#1763 = CARTESIAN_POINT('',(43.519054813211,-5.147305001279));
#1764 = CARTESIAN_POINT('',(43.527878772891,-5.106740292618));
#1765 = CARTESIAN_POINT('',(43.535135868295,-5.06586045477));
#1766 = CARTESIAN_POINT('',(43.540805929316,-5.024724573815));
#1767 = CARTESIAN_POINT('',(43.544872646476,-4.983393993485));
#1768 = CARTESIAN_POINT('',(43.547323961075,-4.941932172424));
#1769 = CARTESIAN_POINT('',(43.548152431692,-4.900405448376));
#1770 = CARTESIAN_POINT('',(43.54735574796,-4.858880408078));
#1771 = CARTESIAN_POINT('',(43.54493630002,-4.817418167386));
#1772 = CARTESIAN_POINT('',(43.540901192869,-4.776084475001));
#1773 = CARTESIAN_POINT('',(43.535262118095,-4.734942041504));
#1774 = CARTESIAN_POINT('',(43.528035072765,-4.694052472256));
#1775 = CARTESIAN_POINT('',(43.519240120128,-4.653475750108));
#1776 = CARTESIAN_POINT('',(43.508901100723,-4.613270282725));
#1777 = CARTESIAN_POINT('',(43.497045470027,-4.573493141634));
#1778 = CARTESIAN_POINT('',(43.483702925689,-4.534196659639));
#1779 = CARTESIAN_POINT('',(43.468905862447,-4.495431889764));
#1780 = CARTESIAN_POINT('',(43.452688490399,-4.457247061605));
#1781 = CARTESIAN_POINT('',(43.435086582107,-4.419688007396));
#1782 = CARTESIAN_POINT('',(43.416137092214,-4.382798203039));
#1783 = CARTESIAN_POINT('',(43.395877841022,-4.346618948595));
#1784 = CARTESIAN_POINT('',(43.374347079323,-4.31118937595));
#1785 = CARTESIAN_POINT('',(43.351583489843,-4.276547023196));
#1786 = CARTESIAN_POINT('',(43.327625246761,-4.242726798437));
#1787 = CARTESIAN_POINT('',(43.302510381408,-4.209762350668));
#1788 = CARTESIAN_POINT('',(43.276276825181,-4.177686325182));
#1789 = CARTESIAN_POINT('',(43.248962268288,-4.146530412148));
#1790 = CARTESIAN_POINT('',(43.220604041934,-4.116325426785));
#1791 = CARTESIAN_POINT('',(43.191239114313,-4.087101470001));
#1792 = CARTESIAN_POINT('',(43.160903634125,-4.058887735542));
#1793 = CARTESIAN_POINT('',(43.129634682889,-4.031714095079));
#1794 = CARTESIAN_POINT('',(43.097468314393,-4.005609345018));
#1795 = CARTESIAN_POINT('',(43.064440936167,-3.980602481056));
#1796 = CARTESIAN_POINT('',(43.030589307122,-3.956722465933));
#1797 = CARTESIAN_POINT('',(42.995950745116,-3.933998456541));
#1798 = CARTESIAN_POINT('',(42.960561912303,-3.912459866908));
#1799 = CARTESIAN_POINT('',(42.924459697496,-3.892135912269));
#1800 = CARTESIAN_POINT('',(42.887682840317,-3.873055944827));
#1801 = CARTESIAN_POINT('',(42.850266336334,-3.855246689528));
#1802 = CARTESIAN_POINT('',(42.812250234746,-3.838736678463));
#1803 = CARTESIAN_POINT('',(42.773678894939,-3.823554721135));
#1804 = CARTESIAN_POINT('',(42.734596783781,-3.80972770206));
#1805 = CARTESIAN_POINT('',(42.695049668354,-3.797280976749));
#1806 = CARTESIAN_POINT('',(42.655084367201,-3.786238055916));
#1807 = CARTESIAN_POINT('',(42.614748892253,-3.776620463934));
#1808 = CARTESIAN_POINT('',(42.57409248867,-3.768447537592));
#1809 = CARTESIAN_POINT('',(42.533165710288,-3.761736214925));
#1810 = CARTESIAN_POINT('',(42.492020471073,-3.756500848954));
#1811 = CARTESIAN_POINT('',(42.450710171532,-3.752752857266));
#1812 = CARTESIAN_POINT('',(42.409289561927,-3.750500928819));
#1813 = CARTESIAN_POINT('',(42.381640249893,-3.749999703961));
#1814 = CARTESIAN_POINT('',(42.367816087911,-3.75));
#1815 = ( GEOMETRIC_REPRESENTATION_CONTEXT(2) 
PARAMETRIC_REPRESENTATION_CONTEXT() REPRESENTATION_CONTEXT('2D SPACE',''
  ) );
#1816 = PCURVE('',#1817,#1822);
#1817 = CYLINDRICAL_SURFACE('',#1818,1.15);
#1818 = AXIS2_PLACEMENT_3D('',#1819,#1820,#1821);
#1819 = CARTESIAN_POINT('',(-2.100748325989E-16,-2.336,7.05));
#1820 = DIRECTION('',(-2.22044604925E-16,-1.,1.110223024625E-16));
#1821 = DIRECTION('',(-2.465190328816E-32,-1.110223024625E-16,-1.));
#1822 = DEFINITIONAL_REPRESENTATION('',(#1823),#2003);
#1823 = B_SPLINE_CURVE_WITH_KNOTS('',3,(#1824,#1825,#1826,#1827,#1828,
    #1829,#1830,#1831,#1832,#1833,#1834,#1835,#1836,#1837,#1838,#1839,
    #1840,#1841,#1842,#1843,#1844,#1845,#1846,#1847,#1848,#1849,#1850,
    #1851,#1852,#1853,#1854,#1855,#1856,#1857,#1858,#1859,#1860,#1861,
    #1862,#1863,#1864,#1865,#1866,#1867,#1868,#1869,#1870,#1871,#1872,
    #1873,#1874,#1875,#1876,#1877,#1878,#1879,#1880,#1881,#1882,#1883,
    #1884,#1885,#1886,#1887,#1888,#1889,#1890,#1891,#1892,#1893,#1894,
    #1895,#1896,#1897,#1898,#1899,#1900,#1901,#1902,#1903,#1904,#1905,
    #1906,#1907,#1908,#1909,#1910,#1911,#1912,#1913,#1914,#1915,#1916,
    #1917,#1918,#1919,#1920,#1921,#1922,#1923,#1924,#1925,#1926,#1927,
    #1928,#1929,#1930,#1931,#1932,#1933,#1934,#1935,#1936,#1937,#1938,
    #1939,#1940,#1941,#1942,#1943,#1944,#1945,#1946,#1947,#1948,#1949,
    #1950,#1951,#1952,#1953,#1954,#1955,#1956,#1957,#1958,#1959,#1960,
    #1961,#1962,#1963,#1964,#1965,#1966,#1967,#1968,#1969,#1970,#1971,
    #1972,#1973,#1974,#1975,#1976,#1977,#1978,#1979,#1980,#1981,#1982,
    #1983,#1984,#1985,#1986,#1987,#1988,#1989,#1990,#1991,#1992,#1993,
    #1994,#1995,#1996,#1997,#1998,#1999,#2000,#2001,#2002),
  .UNSPECIFIED.,.F.,.F.,(4,1,1,1,1,1,1,1,1,1,1,1,1,1,1,1,1,1,1,1,1,1,1,1
    ,1,1,1,1,1,1,1,1,1,1,1,1,1,1,1,1,1,1,1,1,1,1,1,1,1,1,1,1,1,1,1,1,1,1
    ,1,1,1,1,1,1,1,1,1,1,1,1,1,1,1,1,1,1,1,1,1,1,1,1,1,1,1,1,1,1,1,1,1,1
    ,1,1,1,1,1,1,1,1,1,1,1,1,1,1,1,1,1,1,1,1,1,1,1,1,1,1,1,1,1,1,1,1,1,1
    ,1,1,1,1,1,1,1,1,1,1,1,1,1,1,1,1,1,1,1,1,1,1,1,1,1,1,1,1,1,1,1,1,1,1
    ,1,1,1,1,1,1,1,1,1,1,1,1,1,1,1,1,4),(0.,8.600829455817E-03,
    1.720165891163E-02,2.580248836745E-02,3.440331782327E-02,
    4.300414727908E-02,5.16049767349E-02,6.020580619072E-02,
    6.880663564653E-02,7.740746510235E-02,8.600829455817E-02,
    9.460912401398E-02,0.10320995347,0.111810782926,0.120411612381,
    0.129012441837,0.137613271293,0.146214100749,0.154814930205,
    0.163415759661,0.172016589116,0.180617418572,0.189218248028,
    0.197819077484,0.20641990694,0.215020736395,0.223621565851,
    0.232222395307,0.240823224763,0.249424054219,0.258024883674,
    0.26662571313,0.275226542586,0.283827372042,0.292428201498,
    0.301029030954,0.309629860409,0.318230689865,0.326831519321,
    0.335432348777,0.344033178233,0.352634007688,0.361234837144,
    0.3698356666,0.378436496056,0.387037325512,0.395638154968,
    0.404238984423,0.412839813879,0.421440643335,0.430041472791,
    0.438642302247,0.447243131702,0.455843961158,0.464444790614,
    0.47304562007,0.481646449526,0.490247278982,0.498848108437,
    0.507448937893,0.516049767349,0.524650596805,0.533251426261,
    0.541852255716,0.550453085172,0.559053914628,0.567654744084,
    0.57625557354,0.584856402996,0.593457232451,0.602058061907,
    0.610658891363,0.619259720819,0.627860550275,0.63646137973,
    0.645062209186,0.653663038642,0.662263868098,0.670864697554,
    0.67946552701,0.688066356465,0.696667185921,0.705268015377,
    0.713868844833,0.722469674289,0.731070503744,0.7396713332,
    0.748272162656,0.756872992112,0.765473821568,0.774074651023,
    0.782675480479,0.791276309935,0.799877139391,0.808477968847,
    0.817078798303,0.825679627758,0.834280457214,0.84288128667,
    0.851482116126,0.860082945582,0.868683775037,0.877284604493,
    0.885885433949,0.894486263405,0.903087092861,0.911687922317,
    0.920288751772,0.928889581228,0.937490410684,0.94609124014,
    0.954692069596,0.963292899051,0.971893728507,0.980494557963,
    0.989095387419,0.997696216875,1.006297046331,1.014897875786,
    1.023498705242,1.032099534698,1.040700364154,1.04930119361,
    1.057902023065,1.066502852521,1.075103681977,1.083704511433,
    1.092305340889,1.100906170345,1.1095069998,1.118107829256,
    1.126708658712,1.135309488168,1.143910317624,1.152511147079,
    1.161111976535,1.169712805991,1.178313635447,1.186914464903,
    1.195515294359,1.204116123814,1.21271695327,1.221317782726,
    1.229918612182,1.238519441638,1.247120271093,1.255721100549,
    1.264321930005,1.272922759461,1.281523588917,1.290124418372,
    1.298725247828,1.307326077284,1.31592690674,1.324527736196,
    1.333128565652,1.341729395107,1.350330224563,1.358931054019,
    1.367531883475,1.376132712931,1.384733542386,1.393334371842,
    1.401935201298,1.410536030754,1.41913686021,1.427737689666,
    1.436338519121,1.444939348577,1.453540178033,1.462141007489,
    1.470741836945,1.4793426664,1.487943495856,1.496544325312,
    1.505145154768,1.513745984224),.QUASI_UNIFORM_KNOTS.);
#1824 = CARTESIAN_POINT('',(6.28318530718,7.764));
#1825 = CARTESIAN_POINT('',(6.271141837086,7.764000280911));
#1826 = CARTESIAN_POINT('',(6.247053851252,7.76379235672));
#1827 = CARTESIAN_POINT('',(6.210928754,7.762863235321));
#1828 = CARTESIAN_POINT('',(6.174821113401,7.761323824944));
#1829 = CARTESIAN_POINT('',(6.138739556097,7.759185540472));
#1830 = CARTESIAN_POINT('',(6.102691604893,7.756462479208));
#1831 = CARTESIAN_POINT('',(6.066683603657,7.753171657207));
#1832 = CARTESIAN_POINT('',(6.030720868032,7.749332708122));
#1833 = CARTESIAN_POINT('',(5.994807757246,7.744967730657));
#1834 = CARTESIAN_POINT('',(5.958947749145,7.740101100369));
#1835 = CARTESIAN_POINT('',(5.923143504407,7.73475929675));
#1836 = CARTESIAN_POINT('',(5.887396904191,7.728970726166));
#1837 = CARTESIAN_POINT('',(5.851709148811,7.722765567373));
#1838 = CARTESIAN_POINT('',(5.816080593466,7.716175552173));
#1839 = CARTESIAN_POINT('',(5.780511539853,7.709234004234));
#1840 = CARTESIAN_POINT('',(5.744999442518,7.701974931406));
#1841 = CARTESIAN_POINT('',(5.709536967395,7.694432946453));
#1842 = CARTESIAN_POINT('',(5.674120340062,7.686643539751));
#1843 = CARTESIAN_POINT('',(5.638743796807,7.678643985269));
#1844 = CARTESIAN_POINT('',(5.603400838512,7.670473668137));
#1845 = CARTESIAN_POINT('',(5.568084167715,7.662172983599));
#1846 = CARTESIAN_POINT('',(5.532786148116,7.65378219926));
#1847 = CARTESIAN_POINT('',(5.497498534883,7.645341630613));
#1848 = CARTESIAN_POINT('',(5.462213927693,7.636892097707));
#1849 = CARTESIAN_POINT('',(5.42692379071,7.628474010167));
#1850 = CARTESIAN_POINT('',(5.391620218176,7.620127945012));
#1851 = CARTESIAN_POINT('',(5.35629563875,7.61189436545));
#1852 = CARTESIAN_POINT('',(5.320942882402,7.603813537443));
#1853 = CARTESIAN_POINT('',(5.285555178253,7.595925398507));
#1854 = CARTESIAN_POINT('',(5.250126113276,7.588269419794));
#1855 = CARTESIAN_POINT('',(5.214649858867,7.580884542826));
#1856 = CARTESIAN_POINT('',(5.179122301945,7.573809128331));
#1857 = CARTESIAN_POINT('',(5.143539968262,7.567080597971));
#1858 = CARTESIAN_POINT('',(5.107900493671,7.560735288912));
#1859 = CARTESIAN_POINT('',(5.072202540962,7.554808162403));
#1860 = CARTESIAN_POINT('',(5.036445909867,7.549332553468));
#1861 = CARTESIAN_POINT('',(5.000631562693,7.544339899549));
#1862 = CARTESIAN_POINT('',(4.964761930311,7.539859512245));
#1863 = CARTESIAN_POINT('',(4.928839653322,7.535918091164));
#1864 = CARTESIAN_POINT('',(4.892870635309,7.532539807888));
#1865 = CARTESIAN_POINT('',(4.856860981435,7.529745561882));
#1866 = CARTESIAN_POINT('',(4.820817449776,7.52755286209));
#1867 = CARTESIAN_POINT('',(4.784747529864,7.525975618534));
#1868 = CARTESIAN_POINT('',(4.748659339405,7.525023960515));
#1869 = CARTESIAN_POINT('',(4.712562717642,7.524704038418));
#1870 = CARTESIAN_POINT('',(4.676465630797,7.525017864631));
#1871 = CARTESIAN_POINT('',(4.640377390693,7.525963477093));
#1872 = CARTESIAN_POINT('',(4.604307326603,7.527534743875));
#1873 = CARTESIAN_POINT('',(4.568263571449,7.529721578188));
#1874 = CARTESIAN_POINT('',(4.532253561926,7.532510111773));
#1875 = CARTESIAN_POINT('',(4.496284092656,7.5358828734));
#1876 = CARTESIAN_POINT('',(4.460361356622,7.539818988538));
#1877 = CARTESIAN_POINT('',(4.424491393124,7.544294289241));
#1878 = CARTESIAN_POINT('',(4.3886766502,7.549282126128));
#1879 = CARTESIAN_POINT('',(4.352919616419,7.554753205367));
#1880 = CARTESIAN_POINT('',(4.317221251455,7.560676111609));
#1881 = CARTESIAN_POINT('',(4.281581369504,7.567017526882));
#1882 = CARTESIAN_POINT('',(4.245998643697,7.573742504678));
#1883 = CARTESIAN_POINT('',(4.210470723691,7.580814719491));
#1884 = CARTESIAN_POINT('',(4.174994143417,7.58819675935));
#1885 = CARTESIAN_POINT('',(4.139564817889,7.595850269147));
#1886 = CARTESIAN_POINT('',(4.104176932226,7.603736311091));
#1887 = CARTESIAN_POINT('',(4.068824054178,7.611815424186));
#1888 = CARTESIAN_POINT('',(4.033499411522,7.620047676984));
#1889 = CARTESIAN_POINT('',(3.998195839129,7.628392807778));
#1890 = CARTESIAN_POINT('',(3.962905772077,7.636810352937));
#1891 = CARTESIAN_POINT('',(3.92762134387,7.645259735232));
#1892 = CARTESIAN_POINT('',(3.892333972163,7.653700524044));
#1893 = CARTESIAN_POINT('',(3.857036233416,7.662091955231));
#1894 = CARTESIAN_POINT('',(3.821719974451,7.670393697052));
#1895 = CARTESIAN_POINT('',(3.78637745199,7.678565411238));
#1896 = CARTESIAN_POINT('',(3.751001400685,7.686566765881));
#1897 = CARTESIAN_POINT('',(3.715585300935,7.694358426392));
#1898 = CARTESIAN_POINT('',(3.680123539443,7.701902916963));
#1899 = CARTESIAN_POINT('',(3.64461178228,7.709164893814));
#1900 = CARTESIAN_POINT('',(3.609045220495,7.716109372042));
#1901 = CARTESIAN_POINT('',(3.573416655927,7.722703078458));
#1902 = CARTESIAN_POINT('',(3.537727933093,7.728912422244));
#1903 = CARTESIAN_POINT('',(3.501979668276,7.734705546514));
#1904 = CARTESIAN_POINT('',(3.466173542567,7.740052148477));
#1905 = CARTESIAN_POINT('',(3.430311732235,7.744923749754));
#1906 = CARTESIAN_POINT('',(3.394397117177,7.749293834192));
#1907 = CARTESIAN_POINT('',(3.358433292142,7.753138015072));
#1908 = CARTESIAN_POINT('',(3.322424641592,7.756434193733));
#1909 = CARTESIAN_POINT('',(3.286376411748,7.759162726637));
#1910 = CARTESIAN_POINT('',(3.25029478781,7.76130659766));
#1911 = CARTESIAN_POINT('',(3.214187015535,7.762851618484));
#1912 = CARTESIAN_POINT('',(3.17806140858,7.763786595748));
#1913 = CARTESIAN_POINT('',(3.141927844599,7.76410371442));
#1914 = CARTESIAN_POINT('',(3.105796506063,7.763798227868));
#1915 = CARTESIAN_POINT('',(3.069671207615,7.762874638872));
#1916 = CARTESIAN_POINT('',(3.033563804016,7.761340908613));
#1917 = CARTESIAN_POINT('',(2.99748261011,7.759208158742));
#1918 = CARTESIAN_POINT('',(2.96143522316,7.756490543988));
#1919 = CARTESIAN_POINT('',(2.925427925363,7.753205041271));
#1920 = CARTESIAN_POINT('',(2.889465981496,7.749371266379));
#1921 = CARTESIAN_POINT('',(2.853553677031,7.74501128842));
#1922 = CARTESIAN_POINT('',(2.817694408945,7.740149450167));
#1923 = CARTESIAN_POINT('',(2.781890744491,7.734812191599));
#1924 = CARTESIAN_POINT('',(2.746144484792,7.729027879286));
#1925 = CARTESIAN_POINT('',(2.710456681153,7.722826633772));
#1926 = CARTESIAN_POINT('',(2.674827786431,7.716240183633));
#1927 = CARTESIAN_POINT('',(2.639257275009,7.709301639419));
#1928 = CARTESIAN_POINT('',(2.60374522539,7.702045585879));
#1929 = CARTESIAN_POINT('',(2.568283576918,7.694506343702));
#1930 = CARTESIAN_POINT('',(2.53286767462,7.686719433772));
#1931 = CARTESIAN_POINT('',(2.497491988964,7.67872197987));
#1932 = CARTESIAN_POINT('',(2.462149933828,7.670553375475));
#1933 = CARTESIAN_POINT('',(2.426834211561,7.662254065181));
#1934 = CARTESIAN_POINT('',(2.391537191473,7.653864215426));
#1935 = CARTESIAN_POINT('',(2.356250738912,7.645424235787));
#1936 = CARTESIAN_POINT('',(2.320967259474,7.636974856848));
#1937 = CARTESIAN_POINT('',(2.285678328741,7.628556530889));
#1938 = CARTESIAN_POINT('',(2.250376155079,7.620209851591));
#1939 = CARTESIAN_POINT('',(2.215053373951,7.611975319111));
#1940 = CARTESIAN_POINT('',(2.179702767366,7.603893183062));
#1941 = CARTESIAN_POINT('',(2.144317044133,7.596003275759));
#1942 = CARTESIAN_POINT('',(2.108884395706,7.58834394949));
#1943 = CARTESIAN_POINT('',(2.073398588883,7.580954131736));
#1944 = CARTESIAN_POINT('',(2.037857842833,7.57387285651));
#1945 = CARTESIAN_POINT('',(2.00226035426,7.567138031533));
#1946 = CARTESIAN_POINT('',(1.966605339252,7.560786400106));
#1947 = CARTESIAN_POINT('',(1.930892690945,7.554853204372));
#1948 = CARTESIAN_POINT('',(1.895123043922,7.549371936393));
#1949 = CARTESIAN_POINT('',(1.859297763535,7.544374072096));
#1950 = CARTESIAN_POINT('',(1.823418987216,7.539888814914));
#1951 = CARTESIAN_POINT('',(1.787489682339,7.535942840808));
#1952 = CARTESIAN_POINT('',(1.751513727423,7.532560045881));
#1953 = CARTESIAN_POINT('',(1.715496018624,7.529761295505));
#1954 = CARTESIAN_POINT('',(1.679442582543,7.527564174211));
#1955 = CARTESIAN_POINT('',(1.643360767094,7.525982737202));
#1956 = CARTESIAN_POINT('',(1.607259242351,7.52502725836));
#1957 = CARTESIAN_POINT('',(1.571148813841,7.524703992505));
#1958 = CARTESIAN_POINT('',(1.535040310061,7.525014884962));
#1959 = CARTESIAN_POINT('',(1.498939806904,7.525957996757));
#1960 = CARTESIAN_POINT('',(1.462857588782,7.527527222218));
#1961 = CARTESIAN_POINT('',(1.426801645527,7.529712477432));
#1962 = CARTESIAN_POINT('',(1.390779508869,7.532499888896));
#1963 = CARTESIAN_POINT('',(1.354797944707,7.535871976852));
#1964 = CARTESIAN_POINT('',(1.31886311685,7.539807856873));
#1965 = CARTESIAN_POINT('',(1.282980913605,7.544283373787));
#1966 = CARTESIAN_POINT('',(1.247153962571,7.549271837503));
#1967 = CARTESIAN_POINT('',(1.211384752911,7.554743930056));
#1968 = CARTESIAN_POINT('',(1.1756742489,7.560668208141));
#1969 = CARTESIAN_POINT('',(1.140022267384,7.567011321975));
#1970 = CARTESIAN_POINT('',(1.104427483894,7.573738290554));
#1971 = CARTESIAN_POINT('',(1.068887548458,7.580812751866));
#1972 = CARTESIAN_POINT('',(1.033398997097,7.588197256899));
#1973 = CARTESIAN_POINT('',(0.997957740644,7.595853409927));
#1974 = CARTESIAN_POINT('',(0.962557926525,7.603742240678));
#1975 = CARTESIAN_POINT('',(0.927193138627,7.611824243899));
#1976 = CARTESIAN_POINT('',(0.89185660019,7.620059446715));
#1977 = CARTESIAN_POINT('',(0.856541140414,7.628407544431));
#1978 = CARTESIAN_POINT('',(0.821239184523,7.63682803587));
#1979 = CARTESIAN_POINT('',(0.785942844414,7.645280292161));
#1980 = CARTESIAN_POINT('',(0.750643536705,7.653723892151));
#1981 = CARTESIAN_POINT('',(0.715333918036,7.662117928418));
#1982 = CARTESIAN_POINT('',(0.680005697959,7.67042204499));
#1983 = CARTESIAN_POINT('',(0.644651187946,7.678596044459));
#1984 = CARTESIAN_POINT('',(0.609263053086,7.686599338027));
#1985 = CARTESIAN_POINT('',(0.573834773107,7.694392584784));
#1986 = CARTESIAN_POINT('',(0.538360963898,7.70193846669));
#1987 = CARTESIAN_POINT('',(0.502836843111,7.709201401716));
#1988 = CARTESIAN_POINT('',(0.467259313315,7.716146178913));
#1989 = CARTESIAN_POINT('',(0.431621684665,7.722739471834));
#1990 = CARTESIAN_POINT('',(0.395922111801,7.728948304629));
#1991 = CARTESIAN_POINT('',(0.360162486794,7.734740559973));
#1992 = CARTESIAN_POINT('',(0.324344422398,7.740085924571));
#1993 = CARTESIAN_POINT('',(0.288470380641,7.74495584526));
#1994 = CARTESIAN_POINT('',(0.252543427245,7.749323752402));
#1995 = CARTESIAN_POINT('',(0.21656736127,7.753165214736));
#1996 = CARTESIAN_POINT('',(0.18054675209,7.756458112388));
#1997 = CARTESIAN_POINT('',(0.144487016217,7.759182816986));
#1998 = CARTESIAN_POINT('',(0.108394482354,7.761322336493));
#1999 = CARTESIAN_POINT('',(7.227652893189E-02,7.762862605287));
#2000 = CARTESIAN_POINT('',(3.614151872307E-02,7.763792239763));
#2001 = CARTESIAN_POINT('',(1.204687775574E-02,7.76400027852));
#2002 = CARTESIAN_POINT('',(1.7763568394E-15,7.764));
#2003 = ( GEOMETRIC_REPRESENTATION_CONTEXT(2) 
PARAMETRIC_REPRESENTATION_CONTEXT() REPRESENTATION_CONTEXT('2D SPACE',''
  ) );
#2004 = ADVANCED_FACE('',(#2005),#690,.F.);
#2005 = FACE_BOUND('',#2006,.F.);
#2006 = EDGE_LOOP('',(#2007,#2029,#2030,#2031,#2054,#2081,#2082,#2083));
#2007 = ORIENTED_EDGE('',*,*,#2008,.F.);
#2008 = EDGE_CURVE('',#787,#819,#2009,.T.);
#2009 = SURFACE_CURVE('',#2010,(#2015,#2022),.PCURVE_S1.);
#2010 = CIRCLE('',#2011,0.7854);
#2011 = AXIS2_PLACEMENT_3D('',#2012,#2013,#2014);
#2012 = CARTESIAN_POINT('',(1.149413897394E-15,10.353,2.27));
#2013 = DIRECTION('',(0.,-0.,1.));
#2014 = DIRECTION('',(1.110223024625E-16,1.,0.));
#2015 = PCURVE('',#690,#2016);
#2016 = DEFINITIONAL_REPRESENTATION('',(#2017),#2021);
#2017 = LINE('',#2018,#2019);
#2018 = CARTESIAN_POINT('',(0.,0.48));
#2019 = VECTOR('',#2020,1.);
#2020 = DIRECTION('',(1.,0.));
#2021 = ( GEOMETRIC_REPRESENTATION_CONTEXT(2) 
PARAMETRIC_REPRESENTATION_CONTEXT() REPRESENTATION_CONTEXT('2D SPACE',''
  ) );
#2022 = PCURVE('',#862,#2023);
#2023 = DEFINITIONAL_REPRESENTATION('',(#2024),#2028);
#2024 = CIRCLE('',#2025,0.7854);
#2025 = AXIS2_PLACEMENT_2D('',#2026,#2027);
#2026 = CARTESIAN_POINT('',(0.,0.));
#2027 = DIRECTION('',(1.,0.));
#2028 = ( GEOMETRIC_REPRESENTATION_CONTEXT(2) 
PARAMETRIC_REPRESENTATION_CONTEXT() REPRESENTATION_CONTEXT('2D SPACE',''
  ) );
#2029 = ORIENTED_EDGE('',*,*,#786,.T.);
#2030 = ORIENTED_EDGE('',*,*,#673,.F.);
#2031 = ORIENTED_EDGE('',*,*,#2032,.F.);
#2032 = EDGE_CURVE('',#2033,#674,#2035,.T.);
#2033 = VERTEX_POINT('',#2034);
#2034 = CARTESIAN_POINT('',(1.428978332959E-15,11.1384,1.79));
#2035 = SEAM_CURVE('',#2036,(#2040,#2047),.PCURVE_S1.);
#2036 = LINE('',#2037,#2038);
#2037 = CARTESIAN_POINT('',(1.428978332959E-15,11.1384,1.79));
#2038 = VECTOR('',#2039,1.);
#2039 = DIRECTION('',(0.,0.,1.));
#2040 = PCURVE('',#690,#2041);
#2041 = DEFINITIONAL_REPRESENTATION('',(#2042),#2046);
#2042 = LINE('',#2043,#2044);
#2043 = CARTESIAN_POINT('',(6.28318530718,-0.));
#2044 = VECTOR('',#2045,1.);
#2045 = DIRECTION('',(0.,1.));
#2046 = ( GEOMETRIC_REPRESENTATION_CONTEXT(2) 
PARAMETRIC_REPRESENTATION_CONTEXT() REPRESENTATION_CONTEXT('2D SPACE',''
  ) );
#2047 = PCURVE('',#690,#2048);
#2048 = DEFINITIONAL_REPRESENTATION('',(#2049),#2053);
#2049 = LINE('',#2050,#2051);
#2050 = CARTESIAN_POINT('',(0.,-0.));
#2051 = VECTOR('',#2052,1.);
#2052 = DIRECTION('',(0.,1.));
#2053 = ( GEOMETRIC_REPRESENTATION_CONTEXT(2) 
PARAMETRIC_REPRESENTATION_CONTEXT() REPRESENTATION_CONTEXT('2D SPACE',''
  ) );
#2054 = ORIENTED_EDGE('',*,*,#2055,.T.);
#2055 = EDGE_CURVE('',#2033,#2033,#2056,.T.);
#2056 = SURFACE_CURVE('',#2057,(#2062,#2069),.PCURVE_S1.);
#2057 = CIRCLE('',#2058,0.7854);
#2058 = AXIS2_PLACEMENT_3D('',#2059,#2060,#2061);
#2059 = CARTESIAN_POINT('',(1.149413897394E-15,10.353,1.79));
#2060 = DIRECTION('',(0.,-0.,1.));
#2061 = DIRECTION('',(1.110223024625E-16,1.,0.));
#2062 = PCURVE('',#690,#2063);
#2063 = DEFINITIONAL_REPRESENTATION('',(#2064),#2068);
#2064 = LINE('',#2065,#2066);
#2065 = CARTESIAN_POINT('',(0.,0.));
#2066 = VECTOR('',#2067,1.);
#2067 = DIRECTION('',(1.,0.));
#2068 = ( GEOMETRIC_REPRESENTATION_CONTEXT(2) 
PARAMETRIC_REPRESENTATION_CONTEXT() REPRESENTATION_CONTEXT('2D SPACE',''
  ) );
#2069 = PCURVE('',#2070,#2075);
#2070 = PLANE('',#2071);
#2071 = AXIS2_PLACEMENT_3D('',#2072,#2073,#2074);
#2072 = CARTESIAN_POINT('',(1.149413897394E-15,10.353,1.79));
#2073 = DIRECTION('',(0.,0.,1.));
#2074 = DIRECTION('',(1.110223024625E-16,1.,0.));
#2075 = DEFINITIONAL_REPRESENTATION('',(#2076),#2080);
#2076 = CIRCLE('',#2077,0.7854);
#2077 = AXIS2_PLACEMENT_2D('',#2078,#2079);
#2078 = CARTESIAN_POINT('',(0.,0.));
#2079 = DIRECTION('',(1.,0.));
#2080 = ( GEOMETRIC_REPRESENTATION_CONTEXT(2) 
PARAMETRIC_REPRESENTATION_CONTEXT() REPRESENTATION_CONTEXT('2D SPACE',''
  ) );
#2081 = ORIENTED_EDGE('',*,*,#2032,.T.);
#2082 = ORIENTED_EDGE('',*,*,#702,.F.);
#2083 = ORIENTED_EDGE('',*,*,#888,.F.);
#2084 = ADVANCED_FACE('',(#2085,#2139),#747,.F.);
#2085 = FACE_BOUND('',#2086,.F.);
#2086 = EDGE_LOOP('',(#2087,#2088,#2111,#2138));
#2087 = ORIENTED_EDGE('',*,*,#730,.T.);
#2088 = ORIENTED_EDGE('',*,*,#2089,.T.);
#2089 = EDGE_CURVE('',#731,#2090,#2092,.T.);
#2090 = VERTEX_POINT('',#2091);
#2091 = CARTESIAN_POINT('',(3.2,-7.837739514543E-16,13.9));
#2092 = SEAM_CURVE('',#2093,(#2097,#2104),.PCURVE_S1.);
#2093 = LINE('',#2094,#2095);
#2094 = CARTESIAN_POINT('',(3.2,-7.837739514543E-16,-0.25));
#2095 = VECTOR('',#2096,1.);
#2096 = DIRECTION('',(0.,0.,1.));
#2097 = PCURVE('',#747,#2098);
#2098 = DEFINITIONAL_REPRESENTATION('',(#2099),#2103);
#2099 = LINE('',#2100,#2101);
#2100 = CARTESIAN_POINT('',(0.,-0.));
#2101 = VECTOR('',#2102,1.);
#2102 = DIRECTION('',(0.,1.));
#2103 = ( GEOMETRIC_REPRESENTATION_CONTEXT(2) 
PARAMETRIC_REPRESENTATION_CONTEXT() REPRESENTATION_CONTEXT('2D SPACE',''
  ) );
#2104 = PCURVE('',#747,#2105);
#2105 = DEFINITIONAL_REPRESENTATION('',(#2106),#2110);
#2106 = LINE('',#2107,#2108);
#2107 = CARTESIAN_POINT('',(6.28318530718,-0.));
#2108 = VECTOR('',#2109,1.);
#2109 = DIRECTION('',(0.,1.));
#2110 = ( GEOMETRIC_REPRESENTATION_CONTEXT(2) 
PARAMETRIC_REPRESENTATION_CONTEXT() REPRESENTATION_CONTEXT('2D SPACE',''
  ) );
#2111 = ORIENTED_EDGE('',*,*,#2112,.F.);
#2112 = EDGE_CURVE('',#2090,#2090,#2113,.T.);
#2113 = SURFACE_CURVE('',#2114,(#2119,#2126),.PCURVE_S1.);
#2114 = CIRCLE('',#2115,3.2);
#2115 = AXIS2_PLACEMENT_3D('',#2116,#2117,#2118);
#2116 = CARTESIAN_POINT('',(0.,0.,13.9));
#2117 = DIRECTION('',(0.,0.,1.));
#2118 = DIRECTION('',(1.,0.,-0.));
#2119 = PCURVE('',#747,#2120);
#2120 = DEFINITIONAL_REPRESENTATION('',(#2121),#2125);
#2121 = LINE('',#2122,#2123);
#2122 = CARTESIAN_POINT('',(0.,14.15));
#2123 = VECTOR('',#2124,1.);
#2124 = DIRECTION('',(1.,0.));
#2125 = ( GEOMETRIC_REPRESENTATION_CONTEXT(2) 
PARAMETRIC_REPRESENTATION_CONTEXT() REPRESENTATION_CONTEXT('2D SPACE',''
  ) );
#2126 = PCURVE('',#2127,#2132);
#2127 = PLANE('',#2128);
#2128 = AXIS2_PLACEMENT_3D('',#2129,#2130,#2131);
#2129 = CARTESIAN_POINT('',(0.,0.,13.9));
#2130 = DIRECTION('',(0.,0.,1.));
#2131 = DIRECTION('',(1.,0.,-0.));
#2132 = DEFINITIONAL_REPRESENTATION('',(#2133),#2137);
#2133 = CIRCLE('',#2134,3.2);
#2134 = AXIS2_PLACEMENT_2D('',#2135,#2136);
#2135 = CARTESIAN_POINT('',(0.,0.));
#2136 = DIRECTION('',(1.,0.));
#2137 = ( GEOMETRIC_REPRESENTATION_CONTEXT(2) 
PARAMETRIC_REPRESENTATION_CONTEXT() REPRESENTATION_CONTEXT('2D SPACE',''
  ) );
#2138 = ORIENTED_EDGE('',*,*,#2089,.F.);
#2139 = FACE_BOUND('',#2140,.F.);
#2140 = EDGE_LOOP('',(#2141));
#2141 = ORIENTED_EDGE('',*,*,#2142,.F.);
#2142 = EDGE_CURVE('',#2143,#2143,#2145,.T.);
#2143 = VERTEX_POINT('',#2144);
#2144 = CARTESIAN_POINT('',(-6.83590135058E-16,-3.2,5.9));
#2145 = SURFACE_CURVE('',#2146,(#2221,#2299),.PCURVE_S1.);
#2146 = B_SPLINE_CURVE_WITH_KNOTS('',7,(#2147,#2148,#2149,#2150,#2151,
    #2152,#2153,#2154,#2155,#2156,#2157,#2158,#2159,#2160,#2161,#2162,
    #2163,#2164,#2165,#2166,#2167,#2168,#2169,#2170,#2171,#2172,#2173,
    #2174,#2175,#2176,#2177,#2178,#2179,#2180,#2181,#2182,#2183,#2184,
    #2185,#2186,#2187,#2188,#2189,#2190,#2191,#2192,#2193,#2194,#2195,
    #2196,#2197,#2198,#2199,#2200,#2201,#2202,#2203,#2204,#2205,#2206,
    #2207,#2208,#2209,#2210,#2211,#2212,#2213,#2214,#2215,#2216,#2217,
    #2218,#2219,#2220),.UNSPECIFIED.,.T.,.F.,(8,6,6,6,6,6,6,6,6,6,6,6,8)
  ,(0.,7.572103534461E-02,0.109239238662,0.244636659987,0.391675829026,
    0.424026273641,0.467965420079,0.546580471793,0.60888768153,
    0.744713434396,0.889848306368,0.92314987274,1.),.UNSPECIFIED.);
#2147 = CARTESIAN_POINT('',(-6.661338147751E-16,-3.2,5.9));
#2148 = CARTESIAN_POINT('',(8.819807500125E-02,-3.2,5.9));
#2149 = CARTESIAN_POINT('',(0.175995725163,-3.197163943602,5.90789165428
    ));
#2150 = CARTESIAN_POINT('',(0.262326220589,-3.191538190706,
    5.923545878178));
#2151 = CARTESIAN_POINT('',(0.346148090956,-3.183358676013,
    5.946603392536));
#2152 = CARTESIAN_POINT('',(0.426483666152,-3.173039987231,
    5.976477695813));
#2153 = CARTESIAN_POINT('',(0.502464178711,-3.161127303857,
    6.012347417763));
#2154 = CARTESIAN_POINT('',(0.604773217236,-3.142493832674,
    6.071194184745));
#2155 = CARTESIAN_POINT('',(0.635248444553,-3.136566098562,
    6.090257982845));
#2156 = CARTESIAN_POINT('',(0.664784802027,-3.130468847491,
    6.110272054513));
#2157 = CARTESIAN_POINT('',(0.693362743666,-3.124242714878,
    6.131180113662));
#2158 = CARTESIAN_POINT('',(0.720965367004,-3.117927715147,
    6.152926880646));
#2159 = CARTESIAN_POINT('',(0.747578294664,-3.111562838608,
    6.175457980328));
#2160 = CARTESIAN_POINT('',(0.876646734105,-3.079424866622,
    6.292686566263));
#2161 = CARTESIAN_POINT('',(0.963878164265,-3.053433519633,
    6.398685640044));
#2162 = CARTESIAN_POINT('',(1.034457279526,-3.029580406553,
    6.513627414597));
#2163 = CARTESIAN_POINT('',(1.088302962251,-3.009850408281,
    6.634997387606));
#2164 = CARTESIAN_POINT('',(1.125448134009,-2.995663135995,
    6.760668811593));
#2165 = CARTESIAN_POINT('',(1.145903450167,-2.98779525352,6.888773754728
    ));
#2166 = CARTESIAN_POINT('',(1.153491754786,-2.984874317432,
    7.157334412348));
#2167 = CARTESIAN_POINT('',(1.137589509707,-2.990988596384,
    7.297234654025));
#2168 = CARTESIAN_POINT('',(1.102011147497,-3.004795692632,
    7.434912089085));
#2169 = CARTESIAN_POINT('',(1.04673828392,-3.025476734109,7.568013079835
    ));
#2170 = CARTESIAN_POINT('',(0.971713469204,-3.05129142586,7.693853390732
    ));
#2171 = CARTESIAN_POINT('',(0.877033839177,-3.079696176146,
    7.809233113416));
#2172 = CARTESIAN_POINT('',(0.738271437264,-3.113778935237,
    7.932368731262));
#2173 = CARTESIAN_POINT('',(0.712317277812,-3.11990451368,7.953881918725
    ));
#2174 = CARTESIAN_POINT('',(0.685444448336,-3.125975183821,7.97465362126
    ));
#2175 = CARTESIAN_POINT('',(0.657666716145,-3.131955635946,
    7.994634388031));
#2176 = CARTESIAN_POINT('',(0.629000106917,-3.137809731827,
    8.013774091913));
#2177 = CARTESIAN_POINT('',(0.599462998316,-3.143500855079,
    8.032021843373));
#2178 = CARTESIAN_POINT('',(0.527804156963,-3.156450820884,
    8.072828693202));
#2179 = CARTESIAN_POINT('',(0.484932391547,-3.163546817961,
    8.094608886599));
#2180 = CARTESIAN_POINT('',(0.440570904129,-3.17017577629,8.114496783542
    ));
#2181 = CARTESIAN_POINT('',(0.394842900066,-3.176237594397,
    8.132339455177));
#2182 = CARTESIAN_POINT('',(0.34788359412,-3.181639723359,8.148000071671
    ));
#2183 = CARTESIAN_POINT('',(0.299839001286,-3.186300344372,
    8.161357229081));
#2184 = CARTESIAN_POINT('',(0.163240925823,-3.197042040651,8.19189051646
    ));
#2185 = CARTESIAN_POINT('',(7.276819084238E-02,-3.201331310466,
    8.203733315141));
#2186 = CARTESIAN_POINT('',(-1.917500783811E-02,-3.202605935735,
    8.207158181787));
#2187 = CARTESIAN_POINT('',(-0.111117808748,-3.200686964201,
    8.201922598925));
#2188 = CARTESIAN_POINT('',(-0.20157510409,-3.19569166559,8.188192321724
    ));
#2189 = CARTESIAN_POINT('',(-0.28912777707,-3.188016999782,
    8.166544577152));
#2190 = CARTESIAN_POINT('',(-0.438586575493,-3.170499735426,
    8.115373393009));
#2191 = CARTESIAN_POINT('',(-0.502099603946,-3.161430722418,
    8.088396505376));
#2192 = CARTESIAN_POINT('',(-0.56277802753,-3.151279774285,
    8.057434067986));
#2193 = CARTESIAN_POINT('',(-0.620394896374,-3.140310462761,
    8.022857350911));
#2194 = CARTESIAN_POINT('',(-0.674762199348,-3.128795260879,
    7.985044964631));
#2195 = CARTESIAN_POINT('',(-0.725730663905,-3.117002886914,
    7.944385498612));
#2196 = CARTESIAN_POINT('',(-0.876646920931,-3.079424820103,
    7.807313264049));
#2197 = CARTESIAN_POINT('',(-0.963878373408,-3.053433452128,
    7.701314073334));
#2198 = CARTESIAN_POINT('',(-1.034457428762,-3.02958035113,
    7.586372273028));
#2199 = CARTESIAN_POINT('',(-1.088303035091,-3.009850380413,
    7.465002354186));
#2200 = CARTESIAN_POINT('',(-1.12544815312,-2.99566312864,7.339331030756
    ));
#2201 = CARTESIAN_POINT('',(-1.145903451749,-2.987795252911,
    7.211226189274));
#2202 = CARTESIAN_POINT('',(-1.153428292962,-2.984898745541,
    6.944911589891));
#2203 = CARTESIAN_POINT('',(-1.138095543585,-2.990794026898,
    6.807250639393));
#2204 = CARTESIAN_POINT('',(-1.103706419785,-3.004137843456,
    6.671704080047));
#2205 = CARTESIAN_POINT('',(-1.050247804166,-3.024163008142,
    6.540518173094));
#2206 = CARTESIAN_POINT('',(-0.977669019695,-3.049237876507,
    6.416242049694));
#2207 = CARTESIAN_POINT('',(-0.886059505178,-3.0769754619,6.301900699451
    ));
#2208 = CARTESIAN_POINT('',(-0.750696118497,-3.110809126338,
    6.178147387848));
#2209 = CARTESIAN_POINT('',(-0.724451232758,-3.117114129813,
    6.15576400657));
#2210 = CARTESIAN_POINT('',(-0.697235579372,-3.12337347427,
    6.134144921863));
#2211 = CARTESIAN_POINT('',(-0.669062701143,-3.129549480374,
    6.113342581633));
#2212 = CARTESIAN_POINT('',(-0.639948530082,-3.135603455828,
    6.093410361799));
#2213 = CARTESIAN_POINT('',(-0.609911502853,-3.141496071097,
    6.07440266182));
#2214 = CARTESIAN_POINT('',(-0.507575050744,-3.160322405762,
    6.014772510036));
#2215 = CARTESIAN_POINT('',(-0.430979117868,-3.172459710453,
    5.978158598736));
#2216 = CARTESIAN_POINT('',(-0.349904375801,-3.182989631958,
    5.947644077352));
#2217 = CARTESIAN_POINT('',(-0.265238243916,-3.191346531552,
    5.92407919681));
#2218 = CARTESIAN_POINT('',(-0.177982064184,-3.197098871434,
    5.908072723069));
#2219 = CARTESIAN_POINT('',(-8.920416679966E-02,-3.2,5.9));
#2220 = CARTESIAN_POINT('',(-6.661338147751E-16,-3.2,5.9));
#2221 = PCURVE('',#747,#2222);
#2222 = DEFINITIONAL_REPRESENTATION('',(#2223),#2298);
#2223 = B_SPLINE_CURVE_WITH_KNOTS('',7,(#2224,#2225,#2226,#2227,#2228,
    #2229,#2230,#2231,#2232,#2233,#2234,#2235,#2236,#2237,#2238,#2239,
    #2240,#2241,#2242,#2243,#2244,#2245,#2246,#2247,#2248,#2249,#2250,
    #2251,#2252,#2253,#2254,#2255,#2256,#2257,#2258,#2259,#2260,#2261,
    #2262,#2263,#2264,#2265,#2266,#2267,#2268,#2269,#2270,#2271,#2272,
    #2273,#2274,#2275,#2276,#2277,#2278,#2279,#2280,#2281,#2282,#2283,
    #2284,#2285,#2286,#2287,#2288,#2289,#2290,#2291,#2292,#2293,#2294,
    #2295,#2296,#2297),.UNSPECIFIED.,.T.,.F.,(8,6,6,6,6,6,6,6,6,6,6,6,8)
  ,(0.,7.572103534461E-02,0.109239238662,0.244636659987,0.391675829026,
    0.424026273641,0.467965420079,0.546580471793,0.60888768153,
    0.744713434396,0.889848306368,0.92314987274,1.),.UNSPECIFIED.);
#2224 = CARTESIAN_POINT('',(4.712388980385,6.15));
#2225 = CARTESIAN_POINT('',(4.739950878823,6.15));
#2226 = CARTESIAN_POINT('',(4.767387686995,6.15789165428));
#2227 = CARTESIAN_POINT('',(4.794400011231,6.173545878178));
#2228 = CARTESIAN_POINT('',(4.820695778727,6.196603392536));
#2229 = CARTESIAN_POINT('',(4.845990681293,6.226477695813));
#2230 = CARTESIAN_POINT('',(4.870017398967,6.262347417763));
#2231 = CARTESIAN_POINT('',(4.902514913313,6.321194184745));
#2232 = CARTESIAN_POINT('',(4.912216211574,6.340257982845));
#2233 = CARTESIAN_POINT('',(4.921639975558,6.360272054513));
#2234 = CARTESIAN_POINT('',(4.930779140292,6.381180113662));
#2235 = CARTESIAN_POINT('',(4.939627121584,6.402926880646));
#2236 = CARTESIAN_POINT('',(4.948177839069,6.425457980328));
#2237 = CARTESIAN_POINT('',(4.989743289274,6.542686566263));
#2238 = CARTESIAN_POINT('',(5.018157920531,6.648685640044));
#2239 = CARTESIAN_POINT('',(5.04142196917,6.763627414597));
#2240 = CARTESIAN_POINT('',(5.059340862816,6.884997387606));
#2241 = CARTESIAN_POINT('',(5.071766444143,7.010668811593));
#2242 = CARTESIAN_POINT('',(5.078615301997,7.138773754728));
#2243 = CARTESIAN_POINT('',(5.081156260129,7.407334412348));
#2244 = CARTESIAN_POINT('',(5.075832100036,7.547234654025));
#2245 = CARTESIAN_POINT('',(5.063906259087,7.684912089085));
#2246 = CARTESIAN_POINT('',(5.045464022864,7.818013079835));
#2247 = CARTESIAN_POINT('',(5.020690986219,7.943853390732));
#2248 = CARTESIAN_POINT('',(4.989840369872,8.059233113416));
#2249 = CARTESIAN_POINT('',(4.945188243737,8.182368731262));
#2250 = CARTESIAN_POINT('',(4.936855077172,8.203881918725));
#2251 = CARTESIAN_POINT('',(4.928246355294,8.22465362126));
#2252 = CARTESIAN_POINT('',(4.919367764137,8.244634388031));
#2253 = CARTESIAN_POINT('',(4.910225439681,8.263774091913));
#2254 = CARTESIAN_POINT('',(4.900825947435,8.282021843373));
#2255 = CARTESIAN_POINT('',(4.878069828841,8.322828693202));
#2256 = CARTESIAN_POINT('',(4.864491589857,8.344608886599));
#2257 = CARTESIAN_POINT('',(4.850477553303,8.364496783542));
#2258 = CARTESIAN_POINT('',(4.836066230741,8.382339455177));
#2259 = CARTESIAN_POINT('',(4.821298328419,8.398000071671));
#2260 = CARTESIAN_POINT('',(4.806216438623,8.411357229081));
#2261 = CARTESIAN_POINT('',(4.763397759485,8.44189051646));
#2262 = CARTESIAN_POINT('',(4.735106843397,8.453733315141));
#2263 = CARTESIAN_POINT('',(4.706398368377,8.457158181787));
#2264 = CARTESIAN_POINT('',(4.677690409032,8.451922598925));
#2265 = CARTESIAN_POINT('',(4.649403884652,8.438192321724));
#2266 = CARTESIAN_POINT('',(4.621950381141,8.416544577152));
#2267 = CARTESIAN_POINT('',(4.574924803227,8.365373393009));
#2268 = CARTESIAN_POINT('',(4.554882085503,8.338396505376));
#2269 = CARTESIAN_POINT('',(4.53566490608,8.307434067986));
#2270 = CARTESIAN_POINT('',(4.517343734724,8.272857350911));
#2271 = CARTESIAN_POINT('',(4.499982162779,8.235044964631));
#2272 = CARTESIAN_POINT('',(4.483635975022,8.194385498612));
#2273 = CARTESIAN_POINT('',(4.43503461133,8.057313264049));
#2274 = CARTESIAN_POINT('',(4.40661997172,7.951314073334));
#2275 = CARTESIAN_POINT('',(4.383355941834,7.836372273028));
#2276 = CARTESIAN_POINT('',(4.365437073588,7.715002354186));
#2277 = CARTESIAN_POINT('',(4.353011510226,7.589331030756));
#2278 = CARTESIAN_POINT('',(4.346162658242,7.461226189274));
#2279 = CARTESIAN_POINT('',(4.343642950952,7.194911589891));
#2280 = CARTESIAN_POINT('',(4.348776434026,7.057250639393));
#2281 = CARTESIAN_POINT('',(4.360303463281,6.921704080047));
#2282 = CARTESIAN_POINT('',(4.378142878047,6.790518173094));
#2283 = CARTESIAN_POINT('',(4.402119971124,6.666242049694));
#2284 = CARTESIAN_POINT('',(4.431995374477,6.551900699451));
#2285 = CARTESIAN_POINT('',(4.475597763073,6.428147387848));
#2286 = CARTESIAN_POINT('',(4.484032288736,6.40576400657));
#2287 = CARTESIAN_POINT('',(4.492758543068,6.384144921863));
#2288 = CARTESIAN_POINT('',(4.501770738084,6.363342581633));
#2289 = CARTESIAN_POINT('',(4.51106260881,6.343410361799));
#2290 = CARTESIAN_POINT('',(4.520627434698,6.32440266182));
#2291 = CARTESIAN_POINT('',(4.553144227696,6.264772510036));
#2292 = CARTESIAN_POINT('',(4.577371700784,6.228158598736));
#2293 = CARTESIAN_POINT('',(4.602903725863,6.197644077352));
#2294 = CARTESIAN_POINT('',(4.629466765532,6.17407919681));
#2295 = CARTESIAN_POINT('',(4.656769539976,6.158072723069));
#2296 = CARTESIAN_POINT('',(4.68451267826,6.15));
#2297 = CARTESIAN_POINT('',(4.712388980385,6.15));
#2298 = ( GEOMETRIC_REPRESENTATION_CONTEXT(2) 
PARAMETRIC_REPRESENTATION_CONTEXT() REPRESENTATION_CONTEXT('2D SPACE',''
  ) );
#2299 = PCURVE('',#1817,#2300);
#2300 = DEFINITIONAL_REPRESENTATION('',(#2301),#2376);
#2301 = B_SPLINE_CURVE_WITH_KNOTS('',7,(#2302,#2303,#2304,#2305,#2306,
    #2307,#2308,#2309,#2310,#2311,#2312,#2313,#2314,#2315,#2316,#2317,
    #2318,#2319,#2320,#2321,#2322,#2323,#2324,#2325,#2326,#2327,#2328,
    #2329,#2330,#2331,#2332,#2333,#2334,#2335,#2336,#2337,#2338,#2339,
    #2340,#2341,#2342,#2343,#2344,#2345,#2346,#2347,#2348,#2349,#2350,
    #2351,#2352,#2353,#2354,#2355,#2356,#2357,#2358,#2359,#2360,#2361,
    #2362,#2363,#2364,#2365,#2366,#2367,#2368,#2369,#2370,#2371,#2372,
    #2373,#2374,#2375),.UNSPECIFIED.,.F.,.F.,(8,6,6,6,6,6,6,6,6,6,6,6,8)
  ,(0.,7.572103534461E-02,0.109239238662,0.244636659987,0.391675829026,
    0.424026273641,0.467965420079,0.546580471793,0.60888768153,
    0.744713434396,0.889848306368,0.92314987274,1.),.UNSPECIFIED.);
#2302 = CARTESIAN_POINT('',(0.,0.864));
#2303 = CARTESIAN_POINT('',(7.669397826196E-02,0.864));
#2304 = CARTESIAN_POINT('',(0.153039608985,0.861163943602));
#2305 = CARTESIAN_POINT('',(0.228846966869,0.855538190706));
#2306 = CARTESIAN_POINT('',(0.303915058074,0.847358676013));
#2307 = CARTESIAN_POINT('',(0.378010465797,0.837039987231));
#2308 = CARTESIAN_POINT('',(0.450833856794,0.825127303857));
#2309 = CARTESIAN_POINT('',(0.553464957325,0.806493832674));
#2310 = CARTESIAN_POINT('',(0.584701578371,0.800566098562));
#2311 = CARTESIAN_POINT('',(0.615693491698,0.794468847491));
#2312 = CARTESIAN_POINT('',(0.646448898235,0.788242714878));
#2313 = CARTESIAN_POINT('',(0.676975005511,0.781927715147));
#2314 = CARTESIAN_POINT('',(0.707278113025,0.775562838608));
#2315 = CARTESIAN_POINT('',(0.858894990201,0.743424866622));
#2316 = CARTESIAN_POINT('',(0.977016660695,0.717433519633));
#2317 = CARTESIAN_POINT('',(1.09257869548,0.693580406553));
#2318 = CARTESIAN_POINT('',(1.206254533157,0.673850408281));
#2319 = CARTESIAN_POINT('',(1.318697700881,0.659663135995));
#2320 = CARTESIAN_POINT('',(1.430551154287,0.65179525352));
#2321 = CARTESIAN_POINT('',(1.6641753645,0.648874317432));
#2322 = CARTESIAN_POINT('',(1.785388494139,0.654988596384));
#2323 = CARTESIAN_POINT('',(1.907125901198,0.668795692632));
#2324 = CARTESIAN_POINT('',(2.030187396365,0.689476734109));
#2325 = CARTESIAN_POINT('',(2.155389102967,0.71529142586));
#2326 = CARTESIAN_POINT('',(2.283562232853,0.743696176146));
#2327 = CARTESIAN_POINT('',(2.444883302108,0.777778935237));
#2328 = CARTESIAN_POINT('',(2.4741806282,0.78390451368));
#2329 = CARTESIAN_POINT('',(2.503687738185,0.789975183821));
#2330 = CARTESIAN_POINT('',(2.533409882832,0.795955635946));
#2331 = CARTESIAN_POINT('',(2.563353135278,0.801809731827));
#2332 = CARTESIAN_POINT('',(2.593524452065,0.807500855079));
#2333 = CARTESIAN_POINT('',(2.665231630915,0.820450820884));
#2334 = CARTESIAN_POINT('',(2.706999040609,0.827546817961));
#2335 = CARTESIAN_POINT('',(2.749193062732,0.83417577629));
#2336 = CARTESIAN_POINT('',(2.79178134023,0.840237594397));
#2337 = CARTESIAN_POINT('',(2.834738387203,0.845639723359));
#2338 = CARTESIAN_POINT('',(2.878043916589,0.850300344372));
#2339 = CARTESIAN_POINT('',(2.999756074652,0.861042040651));
#2340 = CARTESIAN_POINT('',(3.078779447556,0.865331310466));
#2341 = CARTESIAN_POINT('',(3.158232835332,0.866605935735));
#2342 = CARTESIAN_POINT('',(3.237679722828,0.864686964201));
#2343 = CARTESIAN_POINT('',(3.316701045525,0.85969166559));
#2344 = CARTESIAN_POINT('',(3.394826247418,0.852016999782));
#2345 = CARTESIAN_POINT('',(3.53219669854,0.834499735426));
#2346 = CARTESIAN_POINT('',(3.592046657315,0.825430722418));
#2347 = CARTESIAN_POINT('',(3.651052169133,0.815279774285));
#2348 = CARTESIAN_POINT('',(3.709241489786,0.804310462761));
#2349 = CARTESIAN_POINT('',(3.76662747315,0.792795260879));
#2350 = CARTESIAN_POINT('',(3.823206324063,0.781002886914));
#2351 = CARTESIAN_POINT('',(4.000487863255,0.743424820103));
#2352 = CARTESIAN_POINT('',(4.118609616488,0.717433452128));
#2353 = CARTESIAN_POINT('',(4.234171643593,0.69358035113));
#2354 = CARTESIAN_POINT('',(4.347847415953,0.673850380413));
#2355 = CARTESIAN_POINT('',(4.460290491979,0.65966312864));
#2356 = CARTESIAN_POINT('',(4.57214385659,0.651795252911));
#2357 = CARTESIAN_POINT('',(4.803814193193,0.648898745541));
#2358 = CARTESIAN_POINT('',(4.923094899829,0.654794026898));
#2359 = CARTESIAN_POINT('',(5.042869855437,0.668137843456));
#2360 = CARTESIAN_POINT('',(5.163900715356,0.688163008142));
#2361 = CARTESIAN_POINT('',(5.286962011567,0.713237876507));
#2362 = CARTESIAN_POINT('',(5.412843742345,0.7409754619));
#2363 = CARTESIAN_POINT('',(5.572328092393,0.774809126338));
#2364 = CARTESIAN_POINT('',(5.602304724858,0.781114129813));
#2365 = CARTESIAN_POINT('',(5.632499023958,0.78737347427));
#2366 = CARTESIAN_POINT('',(5.662917330436,0.793549480374));
#2367 = CARTESIAN_POINT('',(5.693566837189,0.799603455828));
#2368 = CARTESIAN_POINT('',(5.724455675768,0.805496071097));
#2369 = CARTESIAN_POINT('',(5.827448708484,0.824322405762));
#2370 = CARTESIAN_POINT('',(5.901025954631,0.836459710453));
#2371 = CARTESIAN_POINT('',(5.975904599916,0.846989631958));
#2372 = CARTESIAN_POINT('',(6.051780616178,0.855346531552));
#2373 = CARTESIAN_POINT('',(6.128418458006,0.861098871434));
#2374 = CARTESIAN_POINT('',(6.205616466484,0.864));
#2375 = CARTESIAN_POINT('',(6.28318530718,0.864));
#2376 = ( GEOMETRIC_REPRESENTATION_CONTEXT(2) 
PARAMETRIC_REPRESENTATION_CONTEXT() REPRESENTATION_CONTEXT('2D SPACE',''
  ) );
#2377 = ADVANCED_FACE('',(#2378,#2381),#1030,.T.);
#2378 = FACE_BOUND('',#2379,.T.);
#2379 = EDGE_LOOP('',(#2380));
#2380 = ORIENTED_EDGE('',*,*,#920,.T.);
#2381 = FACE_BOUND('',#2382,.T.);
#2382 = EDGE_LOOP('',(#2383,#2419,#2459,#2493));
#2383 = ORIENTED_EDGE('',*,*,#2384,.F.);
#2384 = EDGE_CURVE('',#2385,#2387,#2389,.T.);
#2385 = VERTEX_POINT('',#2386);
#2386 = CARTESIAN_POINT('',(0.5858,3.55,15.));
#2387 = VERTEX_POINT('',#2388);
#2388 = CARTESIAN_POINT('',(0.5858,9.191,15.));
#2389 = SURFACE_CURVE('',#2390,(#2396,#2405),.PCURVE_S1.);
#2390 = B_SPLINE_CURVE_WITH_KNOTS('',4,(#2391,#2392,#2393,#2394,#2395),
  .UNSPECIFIED.,.F.,.F.,(5,5),(0.,1.),.PIECEWISE_BEZIER_KNOTS.);
#2391 = CARTESIAN_POINT('',(0.5858,3.55,15.));
#2392 = CARTESIAN_POINT('',(0.5858,4.960252741755,15.));
#2393 = CARTESIAN_POINT('',(0.5858,6.37050411418,15.));
#2394 = CARTESIAN_POINT('',(0.5858,7.780752021725,15.));
#2395 = CARTESIAN_POINT('',(0.5858,9.191,15.));
#2396 = PCURVE('',#1030,#2397);
#2397 = DEFINITIONAL_REPRESENTATION('',(#2398),#2404);
#2398 = B_SPLINE_CURVE_WITH_KNOTS('',4,(#2399,#2400,#2401,#2402,#2403),
  .UNSPECIFIED.,.F.,.F.,(5,5),(0.,1.),.PIECEWISE_BEZIER_KNOTS.);
#2399 = CARTESIAN_POINT('',(2.282272265841,2.781449578346));
#2400 = CARTESIAN_POINT('',(2.987404182267,4.002769155522));
#2401 = CARTESIAN_POINT('',(3.692543277046,5.224086169404));
#2402 = CARTESIAN_POINT('',(4.397686649287,6.445404714539));
#2403 = CARTESIAN_POINT('',(5.102838857616,7.666718076314));
#2404 = ( GEOMETRIC_REPRESENTATION_CONTEXT(2) 
PARAMETRIC_REPRESENTATION_CONTEXT() REPRESENTATION_CONTEXT('2D SPACE',''
  ) );
#2405 = PCURVE('',#2406,#2411);
#2406 = PLANE('',#2407);
#2407 = AXIS2_PLACEMENT_3D('',#2408,#2409,#2410);
#2408 = CARTESIAN_POINT('',(0.5858,3.55,14.64));
#2409 = DIRECTION('',(-1.,1.110223024625E-16,0.));
#2410 = DIRECTION('',(0.,0.,1.));
#2411 = DEFINITIONAL_REPRESENTATION('',(#2412),#2418);
#2412 = B_SPLINE_CURVE_WITH_KNOTS('',4,(#2413,#2414,#2415,#2416,#2417),
  .UNSPECIFIED.,.F.,.F.,(5,5),(0.,1.),.PIECEWISE_BEZIER_KNOTS.);
#2413 = CARTESIAN_POINT('',(0.36,0.));
#2414 = CARTESIAN_POINT('',(0.36,1.410252741755));
#2415 = CARTESIAN_POINT('',(0.36,2.82050411418));
#2416 = CARTESIAN_POINT('',(0.36,4.230752021725));
#2417 = CARTESIAN_POINT('',(0.36,5.641));
#2418 = ( GEOMETRIC_REPRESENTATION_CONTEXT(2) 
PARAMETRIC_REPRESENTATION_CONTEXT() REPRESENTATION_CONTEXT('2D SPACE',''
  ) );
#2419 = ORIENTED_EDGE('',*,*,#2420,.T.);
#2420 = EDGE_CURVE('',#2385,#2421,#2423,.T.);
#2421 = VERTEX_POINT('',#2422);
#2422 = CARTESIAN_POINT('',(-0.5858,3.55,15.));
#2423 = SURFACE_CURVE('',#2424,(#2432,#2443),.PCURVE_S1.);
#2424 = B_SPLINE_CURVE_WITH_KNOTS('',3,(#2425,#2426,#2427,#2428,#2429,
    #2430,#2431),.UNSPECIFIED.,.F.,.F.,(4,1,1,1,4),(0.,0.167704375263,
    0.441239589339,0.71477495459,1.),.UNSPECIFIED.);
#2425 = CARTESIAN_POINT('',(0.5858,3.55,15.));
#2426 = CARTESIAN_POINT('',(0.520305848485,3.55,15.));
#2427 = CARTESIAN_POINT('',(0.347987074988,3.55,15.));
#2428 = CARTESIAN_POINT('',(6.884362630135E-02,3.55,15.));
#2429 = CARTESIAN_POINT('',(-0.256195554624,3.55,15.));
#2430 = CARTESIAN_POINT('',(-0.474410114972,3.55,15.));
#2431 = CARTESIAN_POINT('',(-0.5858,3.55,15.));
#2432 = PCURVE('',#1030,#2433);
#2433 = DEFINITIONAL_REPRESENTATION('',(#2434),#2442);
#2434 = B_SPLINE_CURVE_WITH_KNOTS('',3,(#2435,#2436,#2437,#2438,#2439,
    #2440,#2441),.UNSPECIFIED.,.F.,.F.,(4,1,1,1,4),(0.,0.167704375263,
    0.441239589339,0.71477495459,1.),.UNSPECIFIED.);
#2435 = CARTESIAN_POINT('',(2.282272265919,2.781449578509));
#2436 = CARTESIAN_POINT('',(2.225552572051,2.814196548268));
#2437 = CARTESIAN_POINT('',(2.07631990832,2.900355699192));
#2438 = CARTESIAN_POINT('',(1.834574316851,3.039927233984));
#2439 = CARTESIAN_POINT('',(1.553081959876,3.20244689198));
#2440 = CARTESIAN_POINT('',(1.364102603865,3.311554419869));
#2441 = CARTESIAN_POINT('',(1.267636162454,3.367249541394));
#2442 = ( GEOMETRIC_REPRESENTATION_CONTEXT(2) 
PARAMETRIC_REPRESENTATION_CONTEXT() REPRESENTATION_CONTEXT('2D SPACE',''
  ) );
#2443 = PCURVE('',#2444,#2449);
#2444 = PLANE('',#2445);
#2445 = AXIS2_PLACEMENT_3D('',#2446,#2447,#2448);
#2446 = CARTESIAN_POINT('',(0.5858,3.55,14.64));
#2447 = DIRECTION('',(1.110223024625E-16,1.,0.));
#2448 = DIRECTION('',(0.,0.,1.));
#2449 = DEFINITIONAL_REPRESENTATION('',(#2450),#2458);
#2450 = B_SPLINE_CURVE_WITH_KNOTS('',3,(#2451,#2452,#2453,#2454,#2455,
    #2456,#2457),.UNSPECIFIED.,.F.,.F.,(4,1,1,1,4),(0.,0.167704375263,
    0.441239589339,0.71477495459,1.),.UNSPECIFIED.);
#2451 = CARTESIAN_POINT('',(0.36,0.));
#2452 = CARTESIAN_POINT('',(0.36,-6.549415151491E-02));
#2453 = CARTESIAN_POINT('',(0.36,-0.237812925012));
#2454 = CARTESIAN_POINT('',(0.36,-0.516956373699));
#2455 = CARTESIAN_POINT('',(0.36,-0.841995554624));
#2456 = CARTESIAN_POINT('',(0.36,-1.060210114972));
#2457 = CARTESIAN_POINT('',(0.36,-1.1716));
#2458 = ( GEOMETRIC_REPRESENTATION_CONTEXT(2) 
PARAMETRIC_REPRESENTATION_CONTEXT() REPRESENTATION_CONTEXT('2D SPACE',''
  ) );
#2459 = ORIENTED_EDGE('',*,*,#2460,.T.);
#2460 = EDGE_CURVE('',#2421,#2461,#2463,.T.);
#2461 = VERTEX_POINT('',#2462);
#2462 = CARTESIAN_POINT('',(-0.5858,9.191,15.));
#2463 = SURFACE_CURVE('',#2464,(#2470,#2479),.PCURVE_S1.);
#2464 = B_SPLINE_CURVE_WITH_KNOTS('',4,(#2465,#2466,#2467,#2468,#2469),
  .UNSPECIFIED.,.F.,.F.,(5,5),(0.,1.),.PIECEWISE_BEZIER_KNOTS.);
#2465 = CARTESIAN_POINT('',(-0.5858,3.55,15.));
#2466 = CARTESIAN_POINT('',(-0.5858,4.960252653653,15.));
#2467 = CARTESIAN_POINT('',(-0.5858,6.370503319832,15.));
#2468 = CARTESIAN_POINT('',(-0.5858,7.780751444808,15.));
#2469 = CARTESIAN_POINT('',(-0.5858,9.191,15.));
#2470 = PCURVE('',#1030,#2471);
#2471 = DEFINITIONAL_REPRESENTATION('',(#2472),#2478);
#2472 = B_SPLINE_CURVE_WITH_KNOTS('',4,(#2473,#2474,#2475,#2476,#2477),
  .UNSPECIFIED.,.F.,.F.,(5,5),(0.,1.),.PIECEWISE_BEZIER_KNOTS.);
#2473 = CARTESIAN_POINT('',(1.267636162362,3.367249541217));
#2474 = CARTESIAN_POINT('',(1.972768619457,4.588569622602));
#2475 = CARTESIAN_POINT('',(2.677908065863,5.809887963618));
#2476 = CARTESIAN_POINT('',(3.383052762064,7.031206207915));
#2477 = CARTESIAN_POINT('',(4.088206474338,8.252518749832));
#2478 = ( GEOMETRIC_REPRESENTATION_CONTEXT(2) 
PARAMETRIC_REPRESENTATION_CONTEXT() REPRESENTATION_CONTEXT('2D SPACE',''
  ) );
#2479 = PCURVE('',#2480,#2485);
#2480 = PLANE('',#2481);
#2481 = AXIS2_PLACEMENT_3D('',#2482,#2483,#2484);
#2482 = CARTESIAN_POINT('',(-0.5858,3.55,14.64));
#2483 = DIRECTION('',(-1.,1.110223024625E-16,0.));
#2484 = DIRECTION('',(0.,0.,1.));
#2485 = DEFINITIONAL_REPRESENTATION('',(#2486),#2492);
#2486 = B_SPLINE_CURVE_WITH_KNOTS('',4,(#2487,#2488,#2489,#2490,#2491),
  .UNSPECIFIED.,.F.,.F.,(5,5),(0.,1.),.PIECEWISE_BEZIER_KNOTS.);
#2487 = CARTESIAN_POINT('',(0.36,0.));
#2488 = CARTESIAN_POINT('',(0.36,1.410252653653));
#2489 = CARTESIAN_POINT('',(0.36,2.820503319832));
#2490 = CARTESIAN_POINT('',(0.36,4.230751444808));
#2491 = CARTESIAN_POINT('',(0.36,5.641));
#2492 = ( GEOMETRIC_REPRESENTATION_CONTEXT(2) 
PARAMETRIC_REPRESENTATION_CONTEXT() REPRESENTATION_CONTEXT('2D SPACE',''
  ) );
#2493 = ORIENTED_EDGE('',*,*,#2494,.F.);
#2494 = EDGE_CURVE('',#2387,#2461,#2495,.T.);
#2495 = SURFACE_CURVE('',#2496,(#2504,#2515),.PCURVE_S1.);
#2496 = B_SPLINE_CURVE_WITH_KNOTS('',3,(#2497,#2498,#2499,#2500,#2501,
    #2502,#2503),.UNSPECIFIED.,.F.,.F.,(4,1,1,1,4),(0.,0.251308490611,
    0.524844766422,0.79838117777,1.),.UNSPECIFIED.);
#2497 = CARTESIAN_POINT('',(0.5858,9.191,15.));
#2498 = CARTESIAN_POINT('',(0.487655680311,9.191,15.));
#2499 = CARTESIAN_POINT('',(0.282686338853,9.191,15.));
#2500 = CARTESIAN_POINT('',(-2.910811047069E-02,9.191,15.));
#2501 = CARTESIAN_POINT('',(-0.321497124095,9.191,15.));
#2502 = CARTESIAN_POINT('',(-0.507061113073,9.191,15.));
#2503 = CARTESIAN_POINT('',(-0.5858,9.191,15.));
#2504 = PCURVE('',#1030,#2505);
#2505 = DEFINITIONAL_REPRESENTATION('',(#2506),#2514);
#2506 = B_SPLINE_CURVE_WITH_KNOTS('',3,(#2507,#2508,#2509,#2510,#2511,
    #2512,#2513),.UNSPECIFIED.,.F.,.F.,(4,1,1,1,4),(0.,0.251308490611,
    0.524844766422,0.79838117777,1.),.UNSPECIFIED.);
#2507 = CARTESIAN_POINT('',(5.102838857655,7.666718076361));
#2508 = CARTESIAN_POINT('',(5.017843536105,7.715790215858));
#2509 = CARTESIAN_POINT('',(4.840335249855,7.818274881736));
#2510 = CARTESIAN_POINT('',(4.570314063819,7.974172225962));
#2511 = CARTESIAN_POINT('',(4.317098589053,8.120366974394));
#2512 = CARTESIAN_POINT('',(4.156396075621,8.213149196369));
#2513 = CARTESIAN_POINT('',(4.088206474419,8.252518749918));
#2514 = ( GEOMETRIC_REPRESENTATION_CONTEXT(2) 
PARAMETRIC_REPRESENTATION_CONTEXT() REPRESENTATION_CONTEXT('2D SPACE',''
  ) );
#2515 = PCURVE('',#2516,#2521);
#2516 = PLANE('',#2517);
#2517 = AXIS2_PLACEMENT_3D('',#2518,#2519,#2520);
#2518 = CARTESIAN_POINT('',(0.5858,9.191,14.64));
#2519 = DIRECTION('',(1.110223024625E-16,1.,0.));
#2520 = DIRECTION('',(0.,0.,1.));
#2521 = DEFINITIONAL_REPRESENTATION('',(#2522),#2530);
#2522 = B_SPLINE_CURVE_WITH_KNOTS('',3,(#2523,#2524,#2525,#2526,#2527,
    #2528,#2529),.UNSPECIFIED.,.F.,.F.,(4,1,1,1,4),(0.,0.251308490611,
    0.524844766422,0.79838117777,1.),.UNSPECIFIED.);
#2523 = CARTESIAN_POINT('',(0.36,0.));
#2524 = CARTESIAN_POINT('',(0.36,-9.814431968855E-02));
#2525 = CARTESIAN_POINT('',(0.36,-0.303113661147));
#2526 = CARTESIAN_POINT('',(0.36,-0.614908110471));
#2527 = CARTESIAN_POINT('',(0.36,-0.907297124095));
#2528 = CARTESIAN_POINT('',(0.36,-1.092861113073));
#2529 = CARTESIAN_POINT('',(0.36,-1.1716));
#2530 = ( GEOMETRIC_REPRESENTATION_CONTEXT(2) 
PARAMETRIC_REPRESENTATION_CONTEXT() REPRESENTATION_CONTEXT('2D SPACE',''
  ) );
#2531 = ADVANCED_FACE('',(#2532),#862,.F.);
#2532 = FACE_BOUND('',#2533,.F.);
#2533 = EDGE_LOOP('',(#2534,#2535));
#2534 = ORIENTED_EDGE('',*,*,#818,.F.);
#2535 = ORIENTED_EDGE('',*,*,#2008,.T.);
#2536 = ADVANCED_FACE('',(#2537),#1817,.F.);
#2537 = FACE_BOUND('',#2538,.F.);
#2538 = EDGE_LOOP('',(#2539,#2540,#2561,#2562));
#2539 = ORIENTED_EDGE('',*,*,#1494,.T.);
#2540 = ORIENTED_EDGE('',*,*,#2541,.F.);
#2541 = EDGE_CURVE('',#2143,#1495,#2542,.T.);
#2542 = SEAM_CURVE('',#2543,(#2547,#2554),.PCURVE_S1.);
#2543 = LINE('',#2544,#2545);
#2544 = CARTESIAN_POINT('',(-4.917435964028E-16,-2.336,5.9));
#2545 = VECTOR('',#2546,1.);
#2546 = DIRECTION('',(-2.22044604925E-16,-1.,1.110223024625E-16));
#2547 = PCURVE('',#1817,#2548);
#2548 = DEFINITIONAL_REPRESENTATION('',(#2549),#2553);
#2549 = LINE('',#2550,#2551);
#2550 = CARTESIAN_POINT('',(0.,-0.));
#2551 = VECTOR('',#2552,1.);
#2552 = DIRECTION('',(0.,1.));
#2553 = ( GEOMETRIC_REPRESENTATION_CONTEXT(2) 
PARAMETRIC_REPRESENTATION_CONTEXT() REPRESENTATION_CONTEXT('2D SPACE',''
  ) );
#2554 = PCURVE('',#1817,#2555);
#2555 = DEFINITIONAL_REPRESENTATION('',(#2556),#2560);
#2556 = LINE('',#2557,#2558);
#2557 = CARTESIAN_POINT('',(6.28318530718,-0.));
#2558 = VECTOR('',#2559,1.);
#2559 = DIRECTION('',(0.,1.));
#2560 = ( GEOMETRIC_REPRESENTATION_CONTEXT(2) 
PARAMETRIC_REPRESENTATION_CONTEXT() REPRESENTATION_CONTEXT('2D SPACE',''
  ) );
#2561 = ORIENTED_EDGE('',*,*,#2142,.T.);
#2562 = ORIENTED_EDGE('',*,*,#2541,.T.);
#2563 = ADVANCED_FACE('',(#2564),#2070,.T.);
#2564 = FACE_BOUND('',#2565,.F.);
#2565 = EDGE_LOOP('',(#2566));
#2566 = ORIENTED_EDGE('',*,*,#2055,.F.);
#2567 = ADVANCED_FACE('',(#2568),#2127,.F.);
#2568 = FACE_BOUND('',#2569,.F.);
#2569 = EDGE_LOOP('',(#2570));
#2570 = ORIENTED_EDGE('',*,*,#2112,.T.);
#2571 = ADVANCED_FACE('',(#2572),#2406,.T.);
#2572 = FACE_BOUND('',#2573,.T.);
#2573 = EDGE_LOOP('',(#2574,#2597,#2625,#2646));
#2574 = ORIENTED_EDGE('',*,*,#2575,.F.);
#2575 = EDGE_CURVE('',#2576,#2387,#2578,.T.);
#2576 = VERTEX_POINT('',#2577);
#2577 = CARTESIAN_POINT('',(0.5858,9.191,14.64));
#2578 = SURFACE_CURVE('',#2579,(#2583,#2590),.PCURVE_S1.);
#2579 = LINE('',#2580,#2581);
#2580 = CARTESIAN_POINT('',(0.5858,9.191,14.64));
#2581 = VECTOR('',#2582,1.);
#2582 = DIRECTION('',(0.,0.,1.));
#2583 = PCURVE('',#2406,#2584);
#2584 = DEFINITIONAL_REPRESENTATION('',(#2585),#2589);
#2585 = LINE('',#2586,#2587);
#2586 = CARTESIAN_POINT('',(0.,5.641));
#2587 = VECTOR('',#2588,1.);
#2588 = DIRECTION('',(1.,0.));
#2589 = ( GEOMETRIC_REPRESENTATION_CONTEXT(2) 
PARAMETRIC_REPRESENTATION_CONTEXT() REPRESENTATION_CONTEXT('2D SPACE',''
  ) );
#2590 = PCURVE('',#2516,#2591);
#2591 = DEFINITIONAL_REPRESENTATION('',(#2592),#2596);
#2592 = LINE('',#2593,#2594);
#2593 = CARTESIAN_POINT('',(0.,0.));
#2594 = VECTOR('',#2595,1.);
#2595 = DIRECTION('',(1.,0.));
#2596 = ( GEOMETRIC_REPRESENTATION_CONTEXT(2) 
PARAMETRIC_REPRESENTATION_CONTEXT() REPRESENTATION_CONTEXT('2D SPACE',''
  ) );
#2597 = ORIENTED_EDGE('',*,*,#2598,.F.);
#2598 = EDGE_CURVE('',#2599,#2576,#2601,.T.);
#2599 = VERTEX_POINT('',#2600);
#2600 = CARTESIAN_POINT('',(0.5858,3.55,14.64));
#2601 = SURFACE_CURVE('',#2602,(#2606,#2613),.PCURVE_S1.);
#2602 = LINE('',#2603,#2604);
#2603 = CARTESIAN_POINT('',(0.5858,3.55,14.64));
#2604 = VECTOR('',#2605,1.);
#2605 = DIRECTION('',(1.110223024625E-16,1.,0.));
#2606 = PCURVE('',#2406,#2607);
#2607 = DEFINITIONAL_REPRESENTATION('',(#2608),#2612);
#2608 = LINE('',#2609,#2610);
#2609 = CARTESIAN_POINT('',(0.,0.));
#2610 = VECTOR('',#2611,1.);
#2611 = DIRECTION('',(0.,1.));
#2612 = ( GEOMETRIC_REPRESENTATION_CONTEXT(2) 
PARAMETRIC_REPRESENTATION_CONTEXT() REPRESENTATION_CONTEXT('2D SPACE',''
  ) );
#2613 = PCURVE('',#2614,#2619);
#2614 = PLANE('',#2615);
#2615 = AXIS2_PLACEMENT_3D('',#2616,#2617,#2618);
#2616 = CARTESIAN_POINT('',(0.5858,3.55,14.64));
#2617 = DIRECTION('',(0.,0.,1.));
#2618 = DIRECTION('',(1.110223024625E-16,1.,0.));
#2619 = DEFINITIONAL_REPRESENTATION('',(#2620),#2624);
#2620 = LINE('',#2621,#2622);
#2621 = CARTESIAN_POINT('',(0.,0.));
#2622 = VECTOR('',#2623,1.);
#2623 = DIRECTION('',(1.,0.));
#2624 = ( GEOMETRIC_REPRESENTATION_CONTEXT(2) 
PARAMETRIC_REPRESENTATION_CONTEXT() REPRESENTATION_CONTEXT('2D SPACE',''
  ) );
#2625 = ORIENTED_EDGE('',*,*,#2626,.T.);
#2626 = EDGE_CURVE('',#2599,#2385,#2627,.T.);
#2627 = SURFACE_CURVE('',#2628,(#2632,#2639),.PCURVE_S1.);
#2628 = LINE('',#2629,#2630);
#2629 = CARTESIAN_POINT('',(0.5858,3.55,14.64));
#2630 = VECTOR('',#2631,1.);
#2631 = DIRECTION('',(0.,0.,1.));
#2632 = PCURVE('',#2406,#2633);
#2633 = DEFINITIONAL_REPRESENTATION('',(#2634),#2638);
#2634 = LINE('',#2635,#2636);
#2635 = CARTESIAN_POINT('',(0.,0.));
#2636 = VECTOR('',#2637,1.);
#2637 = DIRECTION('',(1.,0.));
#2638 = ( GEOMETRIC_REPRESENTATION_CONTEXT(2) 
PARAMETRIC_REPRESENTATION_CONTEXT() REPRESENTATION_CONTEXT('2D SPACE',''
  ) );
#2639 = PCURVE('',#2444,#2640);
#2640 = DEFINITIONAL_REPRESENTATION('',(#2641),#2645);
#2641 = LINE('',#2642,#2643);
#2642 = CARTESIAN_POINT('',(0.,0.));
#2643 = VECTOR('',#2644,1.);
#2644 = DIRECTION('',(1.,0.));
#2645 = ( GEOMETRIC_REPRESENTATION_CONTEXT(2) 
PARAMETRIC_REPRESENTATION_CONTEXT() REPRESENTATION_CONTEXT('2D SPACE',''
  ) );
#2646 = ORIENTED_EDGE('',*,*,#2384,.T.);
#2647 = ADVANCED_FACE('',(#2648),#2516,.F.);
#2648 = FACE_BOUND('',#2649,.F.);
#2649 = EDGE_LOOP('',(#2650,#2651,#2674,#2695));
#2650 = ORIENTED_EDGE('',*,*,#2575,.F.);
#2651 = ORIENTED_EDGE('',*,*,#2652,.T.);
#2652 = EDGE_CURVE('',#2576,#2653,#2655,.T.);
#2653 = VERTEX_POINT('',#2654);
#2654 = CARTESIAN_POINT('',(-0.5858,9.191,14.64));
#2655 = SURFACE_CURVE('',#2656,(#2660,#2667),.PCURVE_S1.);
#2656 = LINE('',#2657,#2658);
#2657 = CARTESIAN_POINT('',(0.5858,9.191,14.64));
#2658 = VECTOR('',#2659,1.);
#2659 = DIRECTION('',(-1.,1.110223024625E-16,0.));
#2660 = PCURVE('',#2516,#2661);
#2661 = DEFINITIONAL_REPRESENTATION('',(#2662),#2666);
#2662 = LINE('',#2663,#2664);
#2663 = CARTESIAN_POINT('',(0.,0.));
#2664 = VECTOR('',#2665,1.);
#2665 = DIRECTION('',(0.,-1.));
#2666 = ( GEOMETRIC_REPRESENTATION_CONTEXT(2) 
PARAMETRIC_REPRESENTATION_CONTEXT() REPRESENTATION_CONTEXT('2D SPACE',''
  ) );
#2667 = PCURVE('',#2614,#2668);
#2668 = DEFINITIONAL_REPRESENTATION('',(#2669),#2673);
#2669 = LINE('',#2670,#2671);
#2670 = CARTESIAN_POINT('',(5.641,0.));
#2671 = VECTOR('',#2672,1.);
#2672 = DIRECTION('',(0.,1.));
#2673 = ( GEOMETRIC_REPRESENTATION_CONTEXT(2) 
PARAMETRIC_REPRESENTATION_CONTEXT() REPRESENTATION_CONTEXT('2D SPACE',''
  ) );
#2674 = ORIENTED_EDGE('',*,*,#2675,.T.);
#2675 = EDGE_CURVE('',#2653,#2461,#2676,.T.);
#2676 = SURFACE_CURVE('',#2677,(#2681,#2688),.PCURVE_S1.);
#2677 = LINE('',#2678,#2679);
#2678 = CARTESIAN_POINT('',(-0.5858,9.191,14.64));
#2679 = VECTOR('',#2680,1.);
#2680 = DIRECTION('',(0.,0.,1.));
#2681 = PCURVE('',#2516,#2682);
#2682 = DEFINITIONAL_REPRESENTATION('',(#2683),#2687);
#2683 = LINE('',#2684,#2685);
#2684 = CARTESIAN_POINT('',(0.,-1.1716));
#2685 = VECTOR('',#2686,1.);
#2686 = DIRECTION('',(1.,0.));
#2687 = ( GEOMETRIC_REPRESENTATION_CONTEXT(2) 
PARAMETRIC_REPRESENTATION_CONTEXT() REPRESENTATION_CONTEXT('2D SPACE',''
  ) );
#2688 = PCURVE('',#2480,#2689);
#2689 = DEFINITIONAL_REPRESENTATION('',(#2690),#2694);
#2690 = LINE('',#2691,#2692);
#2691 = CARTESIAN_POINT('',(0.,5.641));
#2692 = VECTOR('',#2693,1.);
#2693 = DIRECTION('',(1.,0.));
#2694 = ( GEOMETRIC_REPRESENTATION_CONTEXT(2) 
PARAMETRIC_REPRESENTATION_CONTEXT() REPRESENTATION_CONTEXT('2D SPACE',''
  ) );
#2695 = ORIENTED_EDGE('',*,*,#2494,.F.);
#2696 = ADVANCED_FACE('',(#2697),#2480,.F.);
#2697 = FACE_BOUND('',#2698,.F.);
#2698 = EDGE_LOOP('',(#2699,#2700,#2723,#2744));
#2699 = ORIENTED_EDGE('',*,*,#2675,.F.);
#2700 = ORIENTED_EDGE('',*,*,#2701,.F.);
#2701 = EDGE_CURVE('',#2702,#2653,#2704,.T.);
#2702 = VERTEX_POINT('',#2703);
#2703 = CARTESIAN_POINT('',(-0.5858,3.55,14.64));
#2704 = SURFACE_CURVE('',#2705,(#2709,#2716),.PCURVE_S1.);
#2705 = LINE('',#2706,#2707);
#2706 = CARTESIAN_POINT('',(-0.5858,3.55,14.64));
#2707 = VECTOR('',#2708,1.);
#2708 = DIRECTION('',(1.110223024625E-16,1.,0.));
#2709 = PCURVE('',#2480,#2710);
#2710 = DEFINITIONAL_REPRESENTATION('',(#2711),#2715);
#2711 = LINE('',#2712,#2713);
#2712 = CARTESIAN_POINT('',(0.,0.));
#2713 = VECTOR('',#2714,1.);
#2714 = DIRECTION('',(0.,1.));
#2715 = ( GEOMETRIC_REPRESENTATION_CONTEXT(2) 
PARAMETRIC_REPRESENTATION_CONTEXT() REPRESENTATION_CONTEXT('2D SPACE',''
  ) );
#2716 = PCURVE('',#2614,#2717);
#2717 = DEFINITIONAL_REPRESENTATION('',(#2718),#2722);
#2718 = LINE('',#2719,#2720);
#2719 = CARTESIAN_POINT('',(0.,1.1716));
#2720 = VECTOR('',#2721,1.);
#2721 = DIRECTION('',(1.,0.));
#2722 = ( GEOMETRIC_REPRESENTATION_CONTEXT(2) 
PARAMETRIC_REPRESENTATION_CONTEXT() REPRESENTATION_CONTEXT('2D SPACE',''
  ) );
#2723 = ORIENTED_EDGE('',*,*,#2724,.T.);
#2724 = EDGE_CURVE('',#2702,#2421,#2725,.T.);
#2725 = SURFACE_CURVE('',#2726,(#2730,#2737),.PCURVE_S1.);
#2726 = LINE('',#2727,#2728);
#2727 = CARTESIAN_POINT('',(-0.5858,3.55,14.64));
#2728 = VECTOR('',#2729,1.);
#2729 = DIRECTION('',(0.,0.,1.));
#2730 = PCURVE('',#2480,#2731);
#2731 = DEFINITIONAL_REPRESENTATION('',(#2732),#2736);
#2732 = LINE('',#2733,#2734);
#2733 = CARTESIAN_POINT('',(0.,0.));
#2734 = VECTOR('',#2735,1.);
#2735 = DIRECTION('',(1.,0.));
#2736 = ( GEOMETRIC_REPRESENTATION_CONTEXT(2) 
PARAMETRIC_REPRESENTATION_CONTEXT() REPRESENTATION_CONTEXT('2D SPACE',''
  ) );
#2737 = PCURVE('',#2444,#2738);
#2738 = DEFINITIONAL_REPRESENTATION('',(#2739),#2743);
#2739 = LINE('',#2740,#2741);
#2740 = CARTESIAN_POINT('',(0.,-1.1716));
#2741 = VECTOR('',#2742,1.);
#2742 = DIRECTION('',(1.,0.));
#2743 = ( GEOMETRIC_REPRESENTATION_CONTEXT(2) 
PARAMETRIC_REPRESENTATION_CONTEXT() REPRESENTATION_CONTEXT('2D SPACE',''
  ) );
#2744 = ORIENTED_EDGE('',*,*,#2460,.T.);
#2745 = ADVANCED_FACE('',(#2746),#2444,.T.);
#2746 = FACE_BOUND('',#2747,.T.);
#2747 = EDGE_LOOP('',(#2748,#2749,#2770,#2771));
#2748 = ORIENTED_EDGE('',*,*,#2626,.F.);
#2749 = ORIENTED_EDGE('',*,*,#2750,.T.);
#2750 = EDGE_CURVE('',#2599,#2702,#2751,.T.);
#2751 = SURFACE_CURVE('',#2752,(#2756,#2763),.PCURVE_S1.);
#2752 = LINE('',#2753,#2754);
#2753 = CARTESIAN_POINT('',(0.5858,3.55,14.64));
#2754 = VECTOR('',#2755,1.);
#2755 = DIRECTION('',(-1.,1.110223024625E-16,0.));
#2756 = PCURVE('',#2444,#2757);
#2757 = DEFINITIONAL_REPRESENTATION('',(#2758),#2762);
#2758 = LINE('',#2759,#2760);
#2759 = CARTESIAN_POINT('',(0.,0.));
#2760 = VECTOR('',#2761,1.);
#2761 = DIRECTION('',(0.,-1.));
#2762 = ( GEOMETRIC_REPRESENTATION_CONTEXT(2) 
PARAMETRIC_REPRESENTATION_CONTEXT() REPRESENTATION_CONTEXT('2D SPACE',''
  ) );
#2763 = PCURVE('',#2614,#2764);
#2764 = DEFINITIONAL_REPRESENTATION('',(#2765),#2769);
#2765 = LINE('',#2766,#2767);
#2766 = CARTESIAN_POINT('',(0.,0.));
#2767 = VECTOR('',#2768,1.);
#2768 = DIRECTION('',(0.,1.));
#2769 = ( GEOMETRIC_REPRESENTATION_CONTEXT(2) 
PARAMETRIC_REPRESENTATION_CONTEXT() REPRESENTATION_CONTEXT('2D SPACE',''
  ) );
#2770 = ORIENTED_EDGE('',*,*,#2724,.T.);
#2771 = ORIENTED_EDGE('',*,*,#2420,.F.);
#2772 = ADVANCED_FACE('',(#2773),#2614,.T.);
#2773 = FACE_BOUND('',#2774,.T.);
#2774 = EDGE_LOOP('',(#2775,#2776,#2777,#2778));
#2775 = ORIENTED_EDGE('',*,*,#2750,.F.);
#2776 = ORIENTED_EDGE('',*,*,#2598,.T.);
#2777 = ORIENTED_EDGE('',*,*,#2652,.T.);
#2778 = ORIENTED_EDGE('',*,*,#2701,.F.);
#2779 = ( GEOMETRIC_REPRESENTATION_CONTEXT(3) 
GLOBAL_UNCERTAINTY_ASSIGNED_CONTEXT((#2783)) 
GLOBAL_UNIT_ASSIGNED_CONTEXT((#2780,#2781,#2782)) REPRESENTATION_CONTEXT
('Context #1','3D Context with UNIT and UNCERTAINTY') );
#2780 = ( LENGTH_UNIT() NAMED_UNIT(*) SI_UNIT(.MILLI.,.METRE.) );
#2781 = ( NAMED_UNIT(*) PLANE_ANGLE_UNIT() SI_UNIT($,.RADIAN.) );
#2782 = ( NAMED_UNIT(*) SI_UNIT($,.STERADIAN.) SOLID_ANGLE_UNIT() );
#2783 = UNCERTAINTY_MEASURE_WITH_UNIT(LENGTH_MEASURE(1.E-05),#2780,
  'distance_accuracy_value','confusion accuracy');
#2784 = CONTEXT_DEPENDENT_SHAPE_REPRESENTATION(#2785,#2787);
#2785 = ( REPRESENTATION_RELATIONSHIP('','',#40,#10) 
REPRESENTATION_RELATIONSHIP_WITH_TRANSFORMATION(#2786) 
SHAPE_REPRESENTATION_RELATIONSHIP() );
#2786 = ITEM_DEFINED_TRANSFORMATION('','',#11,#15);
#2787 = PRODUCT_DEFINITION_SHAPE('Placement','Placement of an item',
  #2788);
#2788 = NEXT_ASSEMBLY_USAGE_OCCURRENCE('1',
  'daier_mf_b01_mxr_style_knob_black_abs_body','',#5,#35,$);
#2789 = PRODUCT_RELATED_PRODUCT_CATEGORY('part',$,(#37));
#2790 = SHAPE_DEFINITION_REPRESENTATION(#2791,#2797);
#2791 = PRODUCT_DEFINITION_SHAPE('','',#2792);
#2792 = PRODUCT_DEFINITION('design','',#2793,#2796);
#2793 = PRODUCT_DEFINITION_FORMATION('','',#2794);
#2794 = PRODUCT('daier_mf_b01_mxr_style_knob_white_top_indicator',
  'daier_mf_b01_mxr_style_knob_white_top_indicator','',(#2795));
#2795 = PRODUCT_CONTEXT('',#2,'mechanical');
#2796 = PRODUCT_DEFINITION_CONTEXT('part definition',#2,'design');
#2797 = ADVANCED_BREP_SHAPE_REPRESENTATION('',(#11,#2798),#3128);
#2798 = MANIFOLD_SOLID_BREP('',#2799);
#2799 = CLOSED_SHELL('',(#2800,#2920,#3020,#3067,#3114,#3121));
#2800 = ADVANCED_FACE('',(#2801),#2815,.F.);
#2801 = FACE_BOUND('',#2802,.F.);
#2802 = EDGE_LOOP('',(#2803,#2838,#2866,#2894));
#2803 = ORIENTED_EDGE('',*,*,#2804,.F.);
#2804 = EDGE_CURVE('',#2805,#2807,#2809,.T.);
#2805 = VERTEX_POINT('',#2806);
#2806 = CARTESIAN_POINT('',(-2.65127,-0.433492,-2.5E-02));
#2807 = VERTEX_POINT('',#2808);
#2808 = CARTESIAN_POINT('',(-2.65127,-0.433492,2.5E-02));
#2809 = SURFACE_CURVE('',#2810,(#2814,#2826),.PCURVE_S1.);
#2810 = LINE('',#2811,#2812);
#2811 = CARTESIAN_POINT('',(-2.65127,-0.433492,-2.5E-02));
#2812 = VECTOR('',#2813,1.);
#2813 = DIRECTION('',(0.,0.,1.));
#2814 = PCURVE('',#2815,#2820);
#2815 = PLANE('',#2816);
#2816 = AXIS2_PLACEMENT_3D('',#2817,#2818,#2819);
#2817 = CARTESIAN_POINT('',(-2.65127,-0.433492,-2.5E-02));
#2818 = DIRECTION('',(1.,0.,-0.));
#2819 = DIRECTION('',(0.,0.,1.));
#2820 = DEFINITIONAL_REPRESENTATION('',(#2821),#2825);
#2821 = LINE('',#2822,#2823);
#2822 = CARTESIAN_POINT('',(0.,0.));
#2823 = VECTOR('',#2824,1.);
#2824 = DIRECTION('',(1.,0.));
#2825 = ( GEOMETRIC_REPRESENTATION_CONTEXT(2) 
PARAMETRIC_REPRESENTATION_CONTEXT() REPRESENTATION_CONTEXT('2D SPACE',''
  ) );
#2826 = PCURVE('',#2827,#2832);
#2827 = PLANE('',#2828);
#2828 = AXIS2_PLACEMENT_3D('',#2829,#2830,#2831);
#2829 = CARTESIAN_POINT('',(-2.65127,-0.433492,-2.5E-02));
#2830 = DIRECTION('',(-0.,1.,0.));
#2831 = DIRECTION('',(0.,0.,1.));
#2832 = DEFINITIONAL_REPRESENTATION('',(#2833),#2837);
#2833 = LINE('',#2834,#2835);
#2834 = CARTESIAN_POINT('',(0.,0.));
#2835 = VECTOR('',#2836,1.);
#2836 = DIRECTION('',(1.,0.));
#2837 = ( GEOMETRIC_REPRESENTATION_CONTEXT(2) 
PARAMETRIC_REPRESENTATION_CONTEXT() REPRESENTATION_CONTEXT('2D SPACE',''
  ) );
#2838 = ORIENTED_EDGE('',*,*,#2839,.T.);
#2839 = EDGE_CURVE('',#2805,#2840,#2842,.T.);
#2840 = VERTEX_POINT('',#2841);
#2841 = CARTESIAN_POINT('',(-2.65127,0.433492,-2.5E-02));
#2842 = SURFACE_CURVE('',#2843,(#2847,#2854),.PCURVE_S1.);
#2843 = LINE('',#2844,#2845);
#2844 = CARTESIAN_POINT('',(-2.65127,-0.433492,-2.5E-02));
#2845 = VECTOR('',#2846,1.);
#2846 = DIRECTION('',(-0.,1.,0.));
#2847 = PCURVE('',#2815,#2848);
#2848 = DEFINITIONAL_REPRESENTATION('',(#2849),#2853);
#2849 = LINE('',#2850,#2851);
#2850 = CARTESIAN_POINT('',(0.,0.));
#2851 = VECTOR('',#2852,1.);
#2852 = DIRECTION('',(0.,-1.));
#2853 = ( GEOMETRIC_REPRESENTATION_CONTEXT(2) 
PARAMETRIC_REPRESENTATION_CONTEXT() REPRESENTATION_CONTEXT('2D SPACE',''
  ) );
#2854 = PCURVE('',#2855,#2860);
#2855 = PLANE('',#2856);
#2856 = AXIS2_PLACEMENT_3D('',#2857,#2858,#2859);
#2857 = CARTESIAN_POINT('',(-2.65127,-0.433492,-2.5E-02));
#2858 = DIRECTION('',(0.,0.,1.));
#2859 = DIRECTION('',(1.,0.,-0.));
#2860 = DEFINITIONAL_REPRESENTATION('',(#2861),#2865);
#2861 = LINE('',#2862,#2863);
#2862 = CARTESIAN_POINT('',(0.,0.));
#2863 = VECTOR('',#2864,1.);
#2864 = DIRECTION('',(0.,1.));
#2865 = ( GEOMETRIC_REPRESENTATION_CONTEXT(2) 
PARAMETRIC_REPRESENTATION_CONTEXT() REPRESENTATION_CONTEXT('2D SPACE',''
  ) );
#2866 = ORIENTED_EDGE('',*,*,#2867,.T.);
#2867 = EDGE_CURVE('',#2840,#2868,#2870,.T.);
#2868 = VERTEX_POINT('',#2869);
#2869 = CARTESIAN_POINT('',(-2.65127,0.433492,2.5E-02));
#2870 = SURFACE_CURVE('',#2871,(#2875,#2882),.PCURVE_S1.);
#2871 = LINE('',#2872,#2873);
#2872 = CARTESIAN_POINT('',(-2.65127,0.433492,-2.5E-02));
#2873 = VECTOR('',#2874,1.);
#2874 = DIRECTION('',(0.,0.,1.));
#2875 = PCURVE('',#2815,#2876);
#2876 = DEFINITIONAL_REPRESENTATION('',(#2877),#2881);
#2877 = LINE('',#2878,#2879);
#2878 = CARTESIAN_POINT('',(0.,-0.866984));
#2879 = VECTOR('',#2880,1.);
#2880 = DIRECTION('',(1.,0.));
#2881 = ( GEOMETRIC_REPRESENTATION_CONTEXT(2) 
PARAMETRIC_REPRESENTATION_CONTEXT() REPRESENTATION_CONTEXT('2D SPACE',''
  ) );
#2882 = PCURVE('',#2883,#2888);
#2883 = PLANE('',#2884);
#2884 = AXIS2_PLACEMENT_3D('',#2885,#2886,#2887);
#2885 = CARTESIAN_POINT('',(-2.65127,0.433492,-2.5E-02));
#2886 = DIRECTION('',(-0.,1.,0.));
#2887 = DIRECTION('',(0.,0.,1.));
#2888 = DEFINITIONAL_REPRESENTATION('',(#2889),#2893);
#2889 = LINE('',#2890,#2891);
#2890 = CARTESIAN_POINT('',(0.,0.));
#2891 = VECTOR('',#2892,1.);
#2892 = DIRECTION('',(1.,0.));
#2893 = ( GEOMETRIC_REPRESENTATION_CONTEXT(2) 
PARAMETRIC_REPRESENTATION_CONTEXT() REPRESENTATION_CONTEXT('2D SPACE',''
  ) );
#2894 = ORIENTED_EDGE('',*,*,#2895,.F.);
#2895 = EDGE_CURVE('',#2807,#2868,#2896,.T.);
#2896 = SURFACE_CURVE('',#2897,(#2901,#2908),.PCURVE_S1.);
#2897 = LINE('',#2898,#2899);
#2898 = CARTESIAN_POINT('',(-2.65127,-0.433492,2.5E-02));
#2899 = VECTOR('',#2900,1.);
#2900 = DIRECTION('',(-0.,1.,0.));
#2901 = PCURVE('',#2815,#2902);
#2902 = DEFINITIONAL_REPRESENTATION('',(#2903),#2907);
#2903 = LINE('',#2904,#2905);
#2904 = CARTESIAN_POINT('',(5.E-02,0.));
#2905 = VECTOR('',#2906,1.);
#2906 = DIRECTION('',(0.,-1.));
#2907 = ( GEOMETRIC_REPRESENTATION_CONTEXT(2) 
PARAMETRIC_REPRESENTATION_CONTEXT() REPRESENTATION_CONTEXT('2D SPACE',''
  ) );
#2908 = PCURVE('',#2909,#2914);
#2909 = PLANE('',#2910);
#2910 = AXIS2_PLACEMENT_3D('',#2911,#2912,#2913);
#2911 = CARTESIAN_POINT('',(-2.65127,-0.433492,2.5E-02));
#2912 = DIRECTION('',(0.,0.,1.));
#2913 = DIRECTION('',(1.,0.,-0.));
#2914 = DEFINITIONAL_REPRESENTATION('',(#2915),#2919);
#2915 = LINE('',#2916,#2917);
#2916 = CARTESIAN_POINT('',(0.,0.));
#2917 = VECTOR('',#2918,1.);
#2918 = DIRECTION('',(0.,1.));
#2919 = ( GEOMETRIC_REPRESENTATION_CONTEXT(2) 
PARAMETRIC_REPRESENTATION_CONTEXT() REPRESENTATION_CONTEXT('2D SPACE',''
  ) );
#2920 = ADVANCED_FACE('',(#2921),#2935,.T.);
#2921 = FACE_BOUND('',#2922,.T.);
#2922 = EDGE_LOOP('',(#2923,#2953,#2976,#2999));
#2923 = ORIENTED_EDGE('',*,*,#2924,.F.);
#2924 = EDGE_CURVE('',#2925,#2927,#2929,.T.);
#2925 = VERTEX_POINT('',#2926);
#2926 = CARTESIAN_POINT('',(2.65127,-0.433492,-2.5E-02));
#2927 = VERTEX_POINT('',#2928);
#2928 = CARTESIAN_POINT('',(2.65127,-0.433492,2.5E-02));
#2929 = SURFACE_CURVE('',#2930,(#2934,#2946),.PCURVE_S1.);
#2930 = LINE('',#2931,#2932);
#2931 = CARTESIAN_POINT('',(2.65127,-0.433492,-2.5E-02));
#2932 = VECTOR('',#2933,1.);
#2933 = DIRECTION('',(0.,0.,1.));
#2934 = PCURVE('',#2935,#2940);
#2935 = PLANE('',#2936);
#2936 = AXIS2_PLACEMENT_3D('',#2937,#2938,#2939);
#2937 = CARTESIAN_POINT('',(2.65127,-0.433492,-2.5E-02));
#2938 = DIRECTION('',(1.,0.,-0.));
#2939 = DIRECTION('',(0.,0.,1.));
#2940 = DEFINITIONAL_REPRESENTATION('',(#2941),#2945);
#2941 = LINE('',#2942,#2943);
#2942 = CARTESIAN_POINT('',(0.,0.));
#2943 = VECTOR('',#2944,1.);
#2944 = DIRECTION('',(1.,0.));
#2945 = ( GEOMETRIC_REPRESENTATION_CONTEXT(2) 
PARAMETRIC_REPRESENTATION_CONTEXT() REPRESENTATION_CONTEXT('2D SPACE',''
  ) );
#2946 = PCURVE('',#2827,#2947);
#2947 = DEFINITIONAL_REPRESENTATION('',(#2948),#2952);
#2948 = LINE('',#2949,#2950);
#2949 = CARTESIAN_POINT('',(0.,5.30254));
#2950 = VECTOR('',#2951,1.);
#2951 = DIRECTION('',(1.,0.));
#2952 = ( GEOMETRIC_REPRESENTATION_CONTEXT(2) 
PARAMETRIC_REPRESENTATION_CONTEXT() REPRESENTATION_CONTEXT('2D SPACE',''
  ) );
#2953 = ORIENTED_EDGE('',*,*,#2954,.T.);
#2954 = EDGE_CURVE('',#2925,#2955,#2957,.T.);
#2955 = VERTEX_POINT('',#2956);
#2956 = CARTESIAN_POINT('',(2.65127,0.433492,-2.5E-02));
#2957 = SURFACE_CURVE('',#2958,(#2962,#2969),.PCURVE_S1.);
#2958 = LINE('',#2959,#2960);
#2959 = CARTESIAN_POINT('',(2.65127,-0.433492,-2.5E-02));
#2960 = VECTOR('',#2961,1.);
#2961 = DIRECTION('',(-0.,1.,0.));
#2962 = PCURVE('',#2935,#2963);
#2963 = DEFINITIONAL_REPRESENTATION('',(#2964),#2968);
#2964 = LINE('',#2965,#2966);
#2965 = CARTESIAN_POINT('',(0.,0.));
#2966 = VECTOR('',#2967,1.);
#2967 = DIRECTION('',(0.,-1.));
#2968 = ( GEOMETRIC_REPRESENTATION_CONTEXT(2) 
PARAMETRIC_REPRESENTATION_CONTEXT() REPRESENTATION_CONTEXT('2D SPACE',''
  ) );
#2969 = PCURVE('',#2855,#2970);
#2970 = DEFINITIONAL_REPRESENTATION('',(#2971),#2975);
#2971 = LINE('',#2972,#2973);
#2972 = CARTESIAN_POINT('',(5.30254,0.));
#2973 = VECTOR('',#2974,1.);
#2974 = DIRECTION('',(0.,1.));
#2975 = ( GEOMETRIC_REPRESENTATION_CONTEXT(2) 
PARAMETRIC_REPRESENTATION_CONTEXT() REPRESENTATION_CONTEXT('2D SPACE',''
  ) );
#2976 = ORIENTED_EDGE('',*,*,#2977,.T.);
#2977 = EDGE_CURVE('',#2955,#2978,#2980,.T.);
#2978 = VERTEX_POINT('',#2979);
#2979 = CARTESIAN_POINT('',(2.65127,0.433492,2.5E-02));
#2980 = SURFACE_CURVE('',#2981,(#2985,#2992),.PCURVE_S1.);
#2981 = LINE('',#2982,#2983);
#2982 = CARTESIAN_POINT('',(2.65127,0.433492,-2.5E-02));
#2983 = VECTOR('',#2984,1.);
#2984 = DIRECTION('',(0.,0.,1.));
#2985 = PCURVE('',#2935,#2986);
#2986 = DEFINITIONAL_REPRESENTATION('',(#2987),#2991);
#2987 = LINE('',#2988,#2989);
#2988 = CARTESIAN_POINT('',(0.,-0.866984));
#2989 = VECTOR('',#2990,1.);
#2990 = DIRECTION('',(1.,0.));
#2991 = ( GEOMETRIC_REPRESENTATION_CONTEXT(2) 
PARAMETRIC_REPRESENTATION_CONTEXT() REPRESENTATION_CONTEXT('2D SPACE',''
  ) );
#2992 = PCURVE('',#2883,#2993);
#2993 = DEFINITIONAL_REPRESENTATION('',(#2994),#2998);
#2994 = LINE('',#2995,#2996);
#2995 = CARTESIAN_POINT('',(0.,5.30254));
#2996 = VECTOR('',#2997,1.);
#2997 = DIRECTION('',(1.,0.));
#2998 = ( GEOMETRIC_REPRESENTATION_CONTEXT(2) 
PARAMETRIC_REPRESENTATION_CONTEXT() REPRESENTATION_CONTEXT('2D SPACE',''
  ) );
#2999 = ORIENTED_EDGE('',*,*,#3000,.F.);
#3000 = EDGE_CURVE('',#2927,#2978,#3001,.T.);
#3001 = SURFACE_CURVE('',#3002,(#3006,#3013),.PCURVE_S1.);
#3002 = LINE('',#3003,#3004);
#3003 = CARTESIAN_POINT('',(2.65127,-0.433492,2.5E-02));
#3004 = VECTOR('',#3005,1.);
#3005 = DIRECTION('',(-0.,1.,0.));
#3006 = PCURVE('',#2935,#3007);
#3007 = DEFINITIONAL_REPRESENTATION('',(#3008),#3012);
#3008 = LINE('',#3009,#3010);
#3009 = CARTESIAN_POINT('',(5.E-02,0.));
#3010 = VECTOR('',#3011,1.);
#3011 = DIRECTION('',(0.,-1.));
#3012 = ( GEOMETRIC_REPRESENTATION_CONTEXT(2) 
PARAMETRIC_REPRESENTATION_CONTEXT() REPRESENTATION_CONTEXT('2D SPACE',''
  ) );
#3013 = PCURVE('',#2909,#3014);
#3014 = DEFINITIONAL_REPRESENTATION('',(#3015),#3019);
#3015 = LINE('',#3016,#3017);
#3016 = CARTESIAN_POINT('',(5.30254,0.));
#3017 = VECTOR('',#3018,1.);
#3018 = DIRECTION('',(0.,1.));
#3019 = ( GEOMETRIC_REPRESENTATION_CONTEXT(2) 
PARAMETRIC_REPRESENTATION_CONTEXT() REPRESENTATION_CONTEXT('2D SPACE',''
  ) );
#3020 = ADVANCED_FACE('',(#3021),#2827,.F.);
#3021 = FACE_BOUND('',#3022,.F.);
#3022 = EDGE_LOOP('',(#3023,#3044,#3045,#3066));
#3023 = ORIENTED_EDGE('',*,*,#3024,.F.);
#3024 = EDGE_CURVE('',#2805,#2925,#3025,.T.);
#3025 = SURFACE_CURVE('',#3026,(#3030,#3037),.PCURVE_S1.);
#3026 = LINE('',#3027,#3028);
#3027 = CARTESIAN_POINT('',(-2.65127,-0.433492,-2.5E-02));
#3028 = VECTOR('',#3029,1.);
#3029 = DIRECTION('',(1.,0.,-0.));
#3030 = PCURVE('',#2827,#3031);
#3031 = DEFINITIONAL_REPRESENTATION('',(#3032),#3036);
#3032 = LINE('',#3033,#3034);
#3033 = CARTESIAN_POINT('',(0.,0.));
#3034 = VECTOR('',#3035,1.);
#3035 = DIRECTION('',(0.,1.));
#3036 = ( GEOMETRIC_REPRESENTATION_CONTEXT(2) 
PARAMETRIC_REPRESENTATION_CONTEXT() REPRESENTATION_CONTEXT('2D SPACE',''
  ) );
#3037 = PCURVE('',#2855,#3038);
#3038 = DEFINITIONAL_REPRESENTATION('',(#3039),#3043);
#3039 = LINE('',#3040,#3041);
#3040 = CARTESIAN_POINT('',(0.,0.));
#3041 = VECTOR('',#3042,1.);
#3042 = DIRECTION('',(1.,0.));
#3043 = ( GEOMETRIC_REPRESENTATION_CONTEXT(2) 
PARAMETRIC_REPRESENTATION_CONTEXT() REPRESENTATION_CONTEXT('2D SPACE',''
  ) );
#3044 = ORIENTED_EDGE('',*,*,#2804,.T.);
#3045 = ORIENTED_EDGE('',*,*,#3046,.T.);
#3046 = EDGE_CURVE('',#2807,#2927,#3047,.T.);
#3047 = SURFACE_CURVE('',#3048,(#3052,#3059),.PCURVE_S1.);
#3048 = LINE('',#3049,#3050);
#3049 = CARTESIAN_POINT('',(-2.65127,-0.433492,2.5E-02));
#3050 = VECTOR('',#3051,1.);
#3051 = DIRECTION('',(1.,0.,-0.));
#3052 = PCURVE('',#2827,#3053);
#3053 = DEFINITIONAL_REPRESENTATION('',(#3054),#3058);
#3054 = LINE('',#3055,#3056);
#3055 = CARTESIAN_POINT('',(5.E-02,0.));
#3056 = VECTOR('',#3057,1.);
#3057 = DIRECTION('',(0.,1.));
#3058 = ( GEOMETRIC_REPRESENTATION_CONTEXT(2) 
PARAMETRIC_REPRESENTATION_CONTEXT() REPRESENTATION_CONTEXT('2D SPACE',''
  ) );
#3059 = PCURVE('',#2909,#3060);
#3060 = DEFINITIONAL_REPRESENTATION('',(#3061),#3065);
#3061 = LINE('',#3062,#3063);
#3062 = CARTESIAN_POINT('',(0.,0.));
#3063 = VECTOR('',#3064,1.);
#3064 = DIRECTION('',(1.,0.));
#3065 = ( GEOMETRIC_REPRESENTATION_CONTEXT(2) 
PARAMETRIC_REPRESENTATION_CONTEXT() REPRESENTATION_CONTEXT('2D SPACE',''
  ) );
#3066 = ORIENTED_EDGE('',*,*,#2924,.F.);
#3067 = ADVANCED_FACE('',(#3068),#2883,.T.);
#3068 = FACE_BOUND('',#3069,.T.);
#3069 = EDGE_LOOP('',(#3070,#3091,#3092,#3113));
#3070 = ORIENTED_EDGE('',*,*,#3071,.F.);
#3071 = EDGE_CURVE('',#2840,#2955,#3072,.T.);
#3072 = SURFACE_CURVE('',#3073,(#3077,#3084),.PCURVE_S1.);
#3073 = LINE('',#3074,#3075);
#3074 = CARTESIAN_POINT('',(-2.65127,0.433492,-2.5E-02));
#3075 = VECTOR('',#3076,1.);
#3076 = DIRECTION('',(1.,0.,-0.));
#3077 = PCURVE('',#2883,#3078);
#3078 = DEFINITIONAL_REPRESENTATION('',(#3079),#3083);
#3079 = LINE('',#3080,#3081);
#3080 = CARTESIAN_POINT('',(0.,0.));
#3081 = VECTOR('',#3082,1.);
#3082 = DIRECTION('',(0.,1.));
#3083 = ( GEOMETRIC_REPRESENTATION_CONTEXT(2) 
PARAMETRIC_REPRESENTATION_CONTEXT() REPRESENTATION_CONTEXT('2D SPACE',''
  ) );
#3084 = PCURVE('',#2855,#3085);
#3085 = DEFINITIONAL_REPRESENTATION('',(#3086),#3090);
#3086 = LINE('',#3087,#3088);
#3087 = CARTESIAN_POINT('',(0.,0.866984));
#3088 = VECTOR('',#3089,1.);
#3089 = DIRECTION('',(1.,0.));
#3090 = ( GEOMETRIC_REPRESENTATION_CONTEXT(2) 
PARAMETRIC_REPRESENTATION_CONTEXT() REPRESENTATION_CONTEXT('2D SPACE',''
  ) );
#3091 = ORIENTED_EDGE('',*,*,#2867,.T.);
#3092 = ORIENTED_EDGE('',*,*,#3093,.T.);
#3093 = EDGE_CURVE('',#2868,#2978,#3094,.T.);
#3094 = SURFACE_CURVE('',#3095,(#3099,#3106),.PCURVE_S1.);
#3095 = LINE('',#3096,#3097);
#3096 = CARTESIAN_POINT('',(-2.65127,0.433492,2.5E-02));
#3097 = VECTOR('',#3098,1.);
#3098 = DIRECTION('',(1.,0.,-0.));
#3099 = PCURVE('',#2883,#3100);
#3100 = DEFINITIONAL_REPRESENTATION('',(#3101),#3105);
#3101 = LINE('',#3102,#3103);
#3102 = CARTESIAN_POINT('',(5.E-02,0.));
#3103 = VECTOR('',#3104,1.);
#3104 = DIRECTION('',(0.,1.));
#3105 = ( GEOMETRIC_REPRESENTATION_CONTEXT(2) 
PARAMETRIC_REPRESENTATION_CONTEXT() REPRESENTATION_CONTEXT('2D SPACE',''
  ) );
#3106 = PCURVE('',#2909,#3107);
#3107 = DEFINITIONAL_REPRESENTATION('',(#3108),#3112);
#3108 = LINE('',#3109,#3110);
#3109 = CARTESIAN_POINT('',(0.,0.866984));
#3110 = VECTOR('',#3111,1.);
#3111 = DIRECTION('',(1.,0.));
#3112 = ( GEOMETRIC_REPRESENTATION_CONTEXT(2) 
PARAMETRIC_REPRESENTATION_CONTEXT() REPRESENTATION_CONTEXT('2D SPACE',''
  ) );
#3113 = ORIENTED_EDGE('',*,*,#2977,.F.);
#3114 = ADVANCED_FACE('',(#3115),#2855,.F.);
#3115 = FACE_BOUND('',#3116,.F.);
#3116 = EDGE_LOOP('',(#3117,#3118,#3119,#3120));
#3117 = ORIENTED_EDGE('',*,*,#2839,.F.);
#3118 = ORIENTED_EDGE('',*,*,#3024,.T.);
#3119 = ORIENTED_EDGE('',*,*,#2954,.T.);
#3120 = ORIENTED_EDGE('',*,*,#3071,.F.);
#3121 = ADVANCED_FACE('',(#3122),#2909,.T.);
#3122 = FACE_BOUND('',#3123,.T.);
#3123 = EDGE_LOOP('',(#3124,#3125,#3126,#3127));
#3124 = ORIENTED_EDGE('',*,*,#2895,.F.);
#3125 = ORIENTED_EDGE('',*,*,#3046,.T.);
#3126 = ORIENTED_EDGE('',*,*,#3000,.T.);
#3127 = ORIENTED_EDGE('',*,*,#3093,.F.);
#3128 = ( GEOMETRIC_REPRESENTATION_CONTEXT(3) 
GLOBAL_UNCERTAINTY_ASSIGNED_CONTEXT((#3132)) 
GLOBAL_UNIT_ASSIGNED_CONTEXT((#3129,#3130,#3131)) REPRESENTATION_CONTEXT
('Context #1','3D Context with UNIT and UNCERTAINTY') );
#3129 = ( LENGTH_UNIT() NAMED_UNIT(*) SI_UNIT(.MILLI.,.METRE.) );
#3130 = ( NAMED_UNIT(*) PLANE_ANGLE_UNIT() SI_UNIT($,.RADIAN.) );
#3131 = ( NAMED_UNIT(*) SI_UNIT($,.STERADIAN.) SOLID_ANGLE_UNIT() );
#3132 = UNCERTAINTY_MEASURE_WITH_UNIT(LENGTH_MEASURE(1.E-07),#3129,
  'distance_accuracy_value','confusion accuracy');
#3133 = CONTEXT_DEPENDENT_SHAPE_REPRESENTATION(#3134,#3136);
#3134 = ( REPRESENTATION_RELATIONSHIP('','',#2797,#10) 
REPRESENTATION_RELATIONSHIP_WITH_TRANSFORMATION(#3135) 
SHAPE_REPRESENTATION_RELATIONSHIP() );
#3135 = ITEM_DEFINED_TRANSFORMATION('','',#11,#19);
#3136 = PRODUCT_DEFINITION_SHAPE('Placement','Placement of an item',
  #3137);
#3137 = NEXT_ASSEMBLY_USAGE_OCCURRENCE('2',
  'daier_mf_b01_mxr_style_knob_white_top_indicator','',#5,#2792,$);
#3138 = PRODUCT_RELATED_PRODUCT_CATEGORY('part',$,(#2794));
#3139 = SHAPE_DEFINITION_REPRESENTATION(#3140,#3146);
#3140 = PRODUCT_DEFINITION_SHAPE('','',#3141);
#3141 = PRODUCT_DEFINITION('design','',#3142,#3145);
#3142 = PRODUCT_DEFINITION_FORMATION('','',#3143);
#3143 = PRODUCT('daier_mf_b01_mxr_style_knob_white_skirt_dot',
  'daier_mf_b01_mxr_style_knob_white_skirt_dot','',(#3144));
#3144 = PRODUCT_CONTEXT('',#2,'mechanical');
#3145 = PRODUCT_DEFINITION_CONTEXT('part definition',#2,'design');
#3146 = ADVANCED_BREP_SHAPE_REPRESENTATION('',(#11,#3147),#3245);
#3147 = MANIFOLD_SOLID_BREP('',#3148);
#3148 = CLOSED_SHELL('',(#3149,#3237,#3241));
#3149 = ADVANCED_FACE('',(#3150),#3163,.T.);
#3150 = FACE_BOUND('',#3151,.T.);
#3151 = EDGE_LOOP('',(#3152,#3186,#3209,#3236));
#3152 = ORIENTED_EDGE('',*,*,#3153,.F.);
#3153 = EDGE_CURVE('',#3154,#3154,#3156,.T.);
#3154 = VERTEX_POINT('',#3155);
#3155 = CARTESIAN_POINT('',(0.644028,-1.577413657523E-16,2.5E-02));
#3156 = SURFACE_CURVE('',#3157,(#3162,#3174),.PCURVE_S1.);
#3157 = CIRCLE('',#3158,0.644028);
#3158 = AXIS2_PLACEMENT_3D('',#3159,#3160,#3161);
#3159 = CARTESIAN_POINT('',(0.,0.,2.5E-02));
#3160 = DIRECTION('',(0.,0.,1.));
#3161 = DIRECTION('',(1.,0.,-0.));
#3162 = PCURVE('',#3163,#3168);
#3163 = CYLINDRICAL_SURFACE('',#3164,0.644028);
#3164 = AXIS2_PLACEMENT_3D('',#3165,#3166,#3167);
#3165 = CARTESIAN_POINT('',(0.,0.,-2.5E-02));
#3166 = DIRECTION('',(0.,0.,1.));
#3167 = DIRECTION('',(1.,0.,-0.));
#3168 = DEFINITIONAL_REPRESENTATION('',(#3169),#3173);
#3169 = LINE('',#3170,#3171);
#3170 = CARTESIAN_POINT('',(0.,5.E-02));
#3171 = VECTOR('',#3172,1.);
#3172 = DIRECTION('',(1.,0.));
#3173 = ( GEOMETRIC_REPRESENTATION_CONTEXT(2) 
PARAMETRIC_REPRESENTATION_CONTEXT() REPRESENTATION_CONTEXT('2D SPACE',''
  ) );
#3174 = PCURVE('',#3175,#3180);
#3175 = PLANE('',#3176);
#3176 = AXIS2_PLACEMENT_3D('',#3177,#3178,#3179);
#3177 = CARTESIAN_POINT('',(0.,0.,2.5E-02));
#3178 = DIRECTION('',(0.,0.,1.));
#3179 = DIRECTION('',(1.,0.,-0.));
#3180 = DEFINITIONAL_REPRESENTATION('',(#3181),#3185);
#3181 = CIRCLE('',#3182,0.644028);
#3182 = AXIS2_PLACEMENT_2D('',#3183,#3184);
#3183 = CARTESIAN_POINT('',(0.,0.));
#3184 = DIRECTION('',(1.,0.));
#3185 = ( GEOMETRIC_REPRESENTATION_CONTEXT(2) 
PARAMETRIC_REPRESENTATION_CONTEXT() REPRESENTATION_CONTEXT('2D SPACE',''
  ) );
#3186 = ORIENTED_EDGE('',*,*,#3187,.F.);
#3187 = EDGE_CURVE('',#3188,#3154,#3190,.T.);
#3188 = VERTEX_POINT('',#3189);
#3189 = CARTESIAN_POINT('',(0.644028,-1.577413657523E-16,-2.5E-02));
#3190 = SEAM_CURVE('',#3191,(#3195,#3202),.PCURVE_S1.);
#3191 = LINE('',#3192,#3193);
#3192 = CARTESIAN_POINT('',(0.644028,-1.577413657523E-16,-2.5E-02));
#3193 = VECTOR('',#3194,1.);
#3194 = DIRECTION('',(0.,0.,1.));
#3195 = PCURVE('',#3163,#3196);
#3196 = DEFINITIONAL_REPRESENTATION('',(#3197),#3201);
#3197 = LINE('',#3198,#3199);
#3198 = CARTESIAN_POINT('',(6.28318530718,-0.));
#3199 = VECTOR('',#3200,1.);
#3200 = DIRECTION('',(0.,1.));
#3201 = ( GEOMETRIC_REPRESENTATION_CONTEXT(2) 
PARAMETRIC_REPRESENTATION_CONTEXT() REPRESENTATION_CONTEXT('2D SPACE',''
  ) );
#3202 = PCURVE('',#3163,#3203);
#3203 = DEFINITIONAL_REPRESENTATION('',(#3204),#3208);
#3204 = LINE('',#3205,#3206);
#3205 = CARTESIAN_POINT('',(0.,-0.));
#3206 = VECTOR('',#3207,1.);
#3207 = DIRECTION('',(0.,1.));
#3208 = ( GEOMETRIC_REPRESENTATION_CONTEXT(2) 
PARAMETRIC_REPRESENTATION_CONTEXT() REPRESENTATION_CONTEXT('2D SPACE',''
  ) );
#3209 = ORIENTED_EDGE('',*,*,#3210,.T.);
#3210 = EDGE_CURVE('',#3188,#3188,#3211,.T.);
#3211 = SURFACE_CURVE('',#3212,(#3217,#3224),.PCURVE_S1.);
#3212 = CIRCLE('',#3213,0.644028);
#3213 = AXIS2_PLACEMENT_3D('',#3214,#3215,#3216);
#3214 = CARTESIAN_POINT('',(0.,0.,-2.5E-02));
#3215 = DIRECTION('',(0.,0.,1.));
#3216 = DIRECTION('',(1.,0.,-0.));
#3217 = PCURVE('',#3163,#3218);
#3218 = DEFINITIONAL_REPRESENTATION('',(#3219),#3223);
#3219 = LINE('',#3220,#3221);
#3220 = CARTESIAN_POINT('',(0.,0.));
#3221 = VECTOR('',#3222,1.);
#3222 = DIRECTION('',(1.,0.));
#3223 = ( GEOMETRIC_REPRESENTATION_CONTEXT(2) 
PARAMETRIC_REPRESENTATION_CONTEXT() REPRESENTATION_CONTEXT('2D SPACE',''
  ) );
#3224 = PCURVE('',#3225,#3230);
#3225 = PLANE('',#3226);
#3226 = AXIS2_PLACEMENT_3D('',#3227,#3228,#3229);
#3227 = CARTESIAN_POINT('',(0.,0.,-2.5E-02));
#3228 = DIRECTION('',(0.,0.,1.));
#3229 = DIRECTION('',(1.,0.,-0.));
#3230 = DEFINITIONAL_REPRESENTATION('',(#3231),#3235);
#3231 = CIRCLE('',#3232,0.644028);
#3232 = AXIS2_PLACEMENT_2D('',#3233,#3234);
#3233 = CARTESIAN_POINT('',(0.,0.));
#3234 = DIRECTION('',(1.,0.));
#3235 = ( GEOMETRIC_REPRESENTATION_CONTEXT(2) 
PARAMETRIC_REPRESENTATION_CONTEXT() REPRESENTATION_CONTEXT('2D SPACE',''
  ) );
#3236 = ORIENTED_EDGE('',*,*,#3187,.T.);
#3237 = ADVANCED_FACE('',(#3238),#3175,.T.);
#3238 = FACE_BOUND('',#3239,.T.);
#3239 = EDGE_LOOP('',(#3240));
#3240 = ORIENTED_EDGE('',*,*,#3153,.T.);
#3241 = ADVANCED_FACE('',(#3242),#3225,.F.);
#3242 = FACE_BOUND('',#3243,.T.);
#3243 = EDGE_LOOP('',(#3244));
#3244 = ORIENTED_EDGE('',*,*,#3210,.F.);
#3245 = ( GEOMETRIC_REPRESENTATION_CONTEXT(3) 
GLOBAL_UNCERTAINTY_ASSIGNED_CONTEXT((#3249)) 
GLOBAL_UNIT_ASSIGNED_CONTEXT((#3246,#3247,#3248)) REPRESENTATION_CONTEXT
('Context #1','3D Context with UNIT and UNCERTAINTY') );
#3246 = ( LENGTH_UNIT() NAMED_UNIT(*) SI_UNIT(.MILLI.,.METRE.) );
#3247 = ( NAMED_UNIT(*) PLANE_ANGLE_UNIT() SI_UNIT($,.RADIAN.) );
#3248 = ( NAMED_UNIT(*) SI_UNIT($,.STERADIAN.) SOLID_ANGLE_UNIT() );
#3249 = UNCERTAINTY_MEASURE_WITH_UNIT(LENGTH_MEASURE(1.E-07),#3246,
  'distance_accuracy_value','confusion accuracy');
#3250 = CONTEXT_DEPENDENT_SHAPE_REPRESENTATION(#3251,#3253);
#3251 = ( REPRESENTATION_RELATIONSHIP('','',#3146,#10) 
REPRESENTATION_RELATIONSHIP_WITH_TRANSFORMATION(#3252) 
SHAPE_REPRESENTATION_RELATIONSHIP() );
#3252 = ITEM_DEFINED_TRANSFORMATION('','',#11,#23);
#3253 = PRODUCT_DEFINITION_SHAPE('Placement','Placement of an item',
  #3254);
#3254 = NEXT_ASSEMBLY_USAGE_OCCURRENCE('3',
  'daier_mf_b01_mxr_style_knob_white_skirt_dot','',#5,#3141,$);
#3255 = PRODUCT_RELATED_PRODUCT_CATEGORY('part',$,(#3143));
#3256 = SHAPE_DEFINITION_REPRESENTATION(#2787,#3257);
#3257 = SHAPE_REPRESENTATION('',(#15),#2779);
#3258 = SHAPE_DEFINITION_REPRESENTATION(#3136,#3259);
#3259 = SHAPE_REPRESENTATION('',(#19),#3128);
#3260 = SHAPE_DEFINITION_REPRESENTATION(#3253,#3261);
#3261 = SHAPE_REPRESENTATION('',(#23),#3245);
#3262 = SHAPE_DEFINITION_REPRESENTATION(#2787,#3263);
#3263 = SHAPE_REPRESENTATION('',(#15),#2779);
#3264 = SHAPE_DEFINITION_REPRESENTATION(#3136,#3265);
#3265 = SHAPE_REPRESENTATION('',(#19),#3128);
#3266 = SHAPE_DEFINITION_REPRESENTATION(#3253,#3267);
#3267 = SHAPE_REPRESENTATION('',(#23),#3245);
#3268 = MECHANICAL_DESIGN_GEOMETRIC_PRESENTATION_REPRESENTATION('',(
    #3269),#3245);
#3269 = STYLED_ITEM('color',(#3270),#3147);
#3270 = PRESENTATION_STYLE_ASSIGNMENT((#3271));
#3271 = SURFACE_STYLE_USAGE(.BOTH.,#3272);
#3272 = SURFACE_SIDE_STYLE('',(#3273));
#3273 = SURFACE_STYLE_FILL_AREA(#3274);
#3274 = FILL_AREA_STYLE('',(#3275));
#3275 = FILL_AREA_STYLE_COLOUR('',#3276);
#3276 = COLOUR_RGB('',0.959999986217,0.959999986217,0.920000012397);
#3277 = MECHANICAL_DESIGN_GEOMETRIC_PRESENTATION_REPRESENTATION('',(
    #3278,#3286),#2779);
#3278 = STYLED_ITEM('color',(#3279),#41);
#3279 = PRESENTATION_STYLE_ASSIGNMENT((#3280));
#3280 = SURFACE_STYLE_USAGE(.BOTH.,#3281);
#3281 = SURFACE_SIDE_STYLE('',(#3282));
#3282 = SURFACE_STYLE_FILL_AREA(#3283);
#3283 = FILL_AREA_STYLE('',(#3284));
#3284 = FILL_AREA_STYLE_COLOUR('',#3285);
#3285 = COLOUR_RGB('',1.200000011595E-02,1.29999999376E-02,
  1.60000001546E-02);
#3286 = OVER_RIDING_STYLED_ITEM('overriding color',(#3287),#41,#3278);
#3287 = PRESENTATION_STYLE_BY_CONTEXT((#3288),#3263);
#3288 = SURFACE_STYLE_USAGE(.BOTH.,#3289);
#3289 = SURFACE_SIDE_STYLE('',(#3290));
#3290 = SURFACE_STYLE_FILL_AREA(#3291);
#3291 = FILL_AREA_STYLE('',(#3292));
#3292 = FILL_AREA_STYLE_COLOUR('',#3293);
#3293 = COLOUR_RGB('',1.200000011595E-02,1.29999999376E-02,
  1.60000001546E-02);
#3294 = MECHANICAL_DESIGN_GEOMETRIC_PRESENTATION_REPRESENTATION('',(
    #3295),#3128);
#3295 = STYLED_ITEM('color',(#3296),#2798);
#3296 = PRESENTATION_STYLE_ASSIGNMENT((#3297));
#3297 = SURFACE_STYLE_USAGE(.BOTH.,#3298);
#3298 = SURFACE_SIDE_STYLE('',(#3299));
#3299 = SURFACE_STYLE_FILL_AREA(#3300);
#3300 = FILL_AREA_STYLE('',(#3301));
#3301 = FILL_AREA_STYLE_COLOUR('',#3276);

#3302=DESCRIPTIVE_REPRESENTATION_ITEM('cadpy:generator','cadpy');
#3303=REPRESENTATION('cadpy:generator',(#3302),#27);
#3304=PROPERTY_DEFINITION('cadpy metadata','cadpy:generator',#5);
#3305=PROPERTY_DEFINITION_REPRESENTATION(#3304,#3303);
#3306=DESCRIPTIVE_REPRESENTATION_ITEM('cadpy:entryKind','assembly');
#3307=REPRESENTATION('cadpy:entryKind',(#3306),#27);
#3308=PROPERTY_DEFINITION('cadpy metadata','cadpy:entryKind',#5);
#3309=PROPERTY_DEFINITION_REPRESENTATION(#3308,#3307);
#3310=DESCRIPTIVE_REPRESENTATION_ITEM('cadpy:sourcePath','daier-mf-b01.py');
#3311=REPRESENTATION('cadpy:sourcePath',(#3310),#27);
#3312=PROPERTY_DEFINITION('cadpy metadata','cadpy:sourcePath',#5);
#3313=PROPERTY_DEFINITION_REPRESENTATION(#3312,#3311);
#3314=DESCRIPTIVE_REPRESENTATION_ITEM('cadpy:sourceHash','7a786c625b74bb221fc4ecd6c837337d3faff9e984ca82d20fb518bf7bef0dd9');
#3315=REPRESENTATION('cadpy:sourceHash',(#3314),#27);
#3316=PROPERTY_DEFINITION('cadpy metadata','cadpy:sourceHash',#5);
#3317=PROPERTY_DEFINITION_REPRESENTATION(#3316,#3315);
ENDSEC;
END-ISO-10303-21;
