ISO-10303-21;
HEADER;
FILE_DESCRIPTION(('Open CASCADE Model'),'2;1');
FILE_NAME('Open CASCADE Shape Model','2026-06-19T20:13:49',('Author'),(
    'Open CASCADE'),'Open CASCADE STEP processor 7.9','Open CASCADE 7.9'
  ,'Unknown');
FILE_SCHEMA(('AUTOMOTIVE_DESIGN { 1 0 10303 214 1 1 1 1 }'));
ENDSEC;
DATA;
#1 = APPLICATION_PROTOCOL_DEFINITION('international standard',
  'automotive_design',2000,#2);
#2 = APPLICATION_CONTEXT(
  'core data for automotive mechanical design processes');
#3 = SHAPE_DEFINITION_REPRESENTATION(#4,#10);
#4 = PRODUCT_DEFINITION_SHAPE('','',#5);
#5 = PRODUCT_DEFINITION('design','',#6,#9);
#6 = PRODUCT_DEFINITION_FORMATION('','',#7);
#7 = PRODUCT('daier_mf_b03_mxr_style_knob','daier_mf_b03_mxr_style_knob'
  ,'',(#8));
#8 = PRODUCT_CONTEXT('',#2,'mechanical');
#9 = PRODUCT_DEFINITION_CONTEXT('part definition',#2,'design');
#10 = SHAPE_REPRESENTATION('',(#11,#15,#19,#23),#27);
#11 = AXIS2_PLACEMENT_3D('',#12,#13,#14);
#12 = CARTESIAN_POINT('',(0.,0.,0.));
#13 = DIRECTION('',(0.,0.,1.));
#14 = DIRECTION('',(1.,0.,-0.));
#15 = AXIS2_PLACEMENT_3D('',#16,#17,#18);
#16 = CARTESIAN_POINT('',(0.,0.,0.));
#17 = DIRECTION('',(0.,0.,1.));
#18 = DIRECTION('',(1.,0.,-0.));
#19 = AXIS2_PLACEMENT_3D('',#20,#21,#22);
#20 = CARTESIAN_POINT('',(9.522660437966E-16,8.57725,14.665));
#21 = DIRECTION('',(0.,-0.,1.));
#22 = DIRECTION('',(1.110223024625E-16,1.,0.));
#23 = AXIS2_PLACEMENT_3D('',#24,#25,#26);
#24 = CARTESIAN_POINT('',(1.617872502635E-15,14.5725,1.815));
#25 = DIRECTION('',(0.,-0.,1.));
#26 = DIRECTION('',(1.110223024625E-16,1.,0.));
#27 = ( GEOMETRIC_REPRESENTATION_CONTEXT(3) 
GLOBAL_UNCERTAINTY_ASSIGNED_CONTEXT((#31)) GLOBAL_UNIT_ASSIGNED_CONTEXT(
(#28,#29,#30)) REPRESENTATION_CONTEXT('Context #1',
  '3D Context with UNIT and UNCERTAINTY') );
#28 = ( LENGTH_UNIT() NAMED_UNIT(*) SI_UNIT(.MILLI.,.METRE.) );
#29 = ( NAMED_UNIT(*) PLANE_ANGLE_UNIT() SI_UNIT($,.RADIAN.) );
#30 = ( NAMED_UNIT(*) SI_UNIT($,.STERADIAN.) SOLID_ANGLE_UNIT() );
#31 = UNCERTAINTY_MEASURE_WITH_UNIT(LENGTH_MEASURE(1.E-05),#28,
  'distance_accuracy_value','confusion accuracy');
#32 = PRODUCT_RELATED_PRODUCT_CATEGORY('part',$,(#7));
#33 = SHAPE_DEFINITION_REPRESENTATION(#34,#40);
#34 = PRODUCT_DEFINITION_SHAPE('','',#35);
#35 = PRODUCT_DEFINITION('design','',#36,#39);
#36 = PRODUCT_DEFINITION_FORMATION('','',#37);
#37 = PRODUCT('daier_mf_b03_mxr_style_knob_black_abs_body',
  'daier_mf_b03_mxr_style_knob_black_abs_body','',(#38));
#38 = PRODUCT_CONTEXT('',#2,'mechanical');
#39 = PRODUCT_DEFINITION_CONTEXT('part definition',#2,'design');
#40 = ADVANCED_BREP_SHAPE_REPRESENTATION('',(#11,#41),#3010);
#41 = MANIFOLD_SOLID_BREP('',#42);
#42 = CLOSED_SHELL('',(#43,#131,#723,#758,#2121,#2201,#2608,#2762,#2767,
    #2794,#2798,#2802,#2878,#2927,#2976,#3003));
#43 = ADVANCED_FACE('',(#44),#57,.T.);
#44 = FACE_BOUND('',#45,.T.);
#45 = EDGE_LOOP('',(#46,#80,#103,#130));
#46 = ORIENTED_EDGE('',*,*,#47,.F.);
#47 = EDGE_CURVE('',#48,#48,#50,.T.);
#48 = VERTEX_POINT('',#49);
#49 = CARTESIAN_POINT('',(16.75,-4.102566777144E-15,2.15));
#50 = SURFACE_CURVE('',#51,(#56,#68),.PCURVE_S1.);
#51 = CIRCLE('',#52,16.75);
#52 = AXIS2_PLACEMENT_3D('',#53,#54,#55);
#53 = CARTESIAN_POINT('',(0.,0.,2.15));
#54 = DIRECTION('',(0.,0.,1.));
#55 = DIRECTION('',(1.,0.,-0.));
#56 = PCURVE('',#57,#62);
#57 = CYLINDRICAL_SURFACE('',#58,16.75);
#58 = AXIS2_PLACEMENT_3D('',#59,#60,#61);
#59 = CARTESIAN_POINT('',(0.,0.,0.));
#60 = DIRECTION('',(0.,0.,1.));
#61 = DIRECTION('',(1.,0.,-0.));
#62 = DEFINITIONAL_REPRESENTATION('',(#63),#67);
#63 = LINE('',#64,#65);
#64 = CARTESIAN_POINT('',(0.,2.15));
#65 = VECTOR('',#66,1.);
#66 = DIRECTION('',(1.,0.));
#67 = ( GEOMETRIC_REPRESENTATION_CONTEXT(2) 
PARAMETRIC_REPRESENTATION_CONTEXT() REPRESENTATION_CONTEXT('2D SPACE',''
  ) );
#68 = PCURVE('',#69,#74);
#69 = PLANE('',#70);
#70 = AXIS2_PLACEMENT_3D('',#71,#72,#73);
#71 = CARTESIAN_POINT('',(0.,0.,2.15));
#72 = DIRECTION('',(0.,0.,1.));
#73 = DIRECTION('',(1.,0.,-0.));
#74 = DEFINITIONAL_REPRESENTATION('',(#75),#79);
#75 = CIRCLE('',#76,16.75);
#76 = AXIS2_PLACEMENT_2D('',#77,#78);
#77 = CARTESIAN_POINT('',(0.,0.));
#78 = DIRECTION('',(1.,0.));
#79 = ( GEOMETRIC_REPRESENTATION_CONTEXT(2) 
PARAMETRIC_REPRESENTATION_CONTEXT() REPRESENTATION_CONTEXT('2D SPACE',''
  ) );
#80 = ORIENTED_EDGE('',*,*,#81,.F.);
#81 = EDGE_CURVE('',#82,#48,#84,.T.);
#82 = VERTEX_POINT('',#83);
#83 = CARTESIAN_POINT('',(16.75,-4.102566777144E-15,0.));
#84 = SEAM_CURVE('',#85,(#89,#96),.PCURVE_S1.);
#85 = LINE('',#86,#87);
#86 = CARTESIAN_POINT('',(16.75,-4.102566777144E-15,0.));
#87 = VECTOR('',#88,1.);
#88 = DIRECTION('',(0.,0.,1.));
#89 = PCURVE('',#57,#90);
#90 = DEFINITIONAL_REPRESENTATION('',(#91),#95);
#91 = LINE('',#92,#93);
#92 = CARTESIAN_POINT('',(6.28318530718,-0.));
#93 = VECTOR('',#94,1.);
#94 = DIRECTION('',(0.,1.));
#95 = ( GEOMETRIC_REPRESENTATION_CONTEXT(2) 
PARAMETRIC_REPRESENTATION_CONTEXT() REPRESENTATION_CONTEXT('2D SPACE',''
  ) );
#96 = PCURVE('',#57,#97);
#97 = DEFINITIONAL_REPRESENTATION('',(#98),#102);
#98 = LINE('',#99,#100);
#99 = CARTESIAN_POINT('',(0.,-0.));
#100 = VECTOR('',#101,1.);
#101 = DIRECTION('',(0.,1.));
#102 = ( GEOMETRIC_REPRESENTATION_CONTEXT(2) 
PARAMETRIC_REPRESENTATION_CONTEXT() REPRESENTATION_CONTEXT('2D SPACE',''
  ) );
#103 = ORIENTED_EDGE('',*,*,#104,.T.);
#104 = EDGE_CURVE('',#82,#82,#105,.T.);
#105 = SURFACE_CURVE('',#106,(#111,#118),.PCURVE_S1.);
#106 = CIRCLE('',#107,16.75);
#107 = AXIS2_PLACEMENT_3D('',#108,#109,#110);
#108 = CARTESIAN_POINT('',(0.,0.,0.));
#109 = DIRECTION('',(0.,0.,1.));
#110 = DIRECTION('',(1.,0.,-0.));
#111 = PCURVE('',#57,#112);
#112 = DEFINITIONAL_REPRESENTATION('',(#113),#117);
#113 = LINE('',#114,#115);
#114 = CARTESIAN_POINT('',(0.,0.));
#115 = VECTOR('',#116,1.);
#116 = DIRECTION('',(1.,0.));
#117 = ( GEOMETRIC_REPRESENTATION_CONTEXT(2) 
PARAMETRIC_REPRESENTATION_CONTEXT() REPRESENTATION_CONTEXT('2D SPACE',''
  ) );
#118 = PCURVE('',#119,#124);
#119 = PLANE('',#120);
#120 = AXIS2_PLACEMENT_3D('',#121,#122,#123);
#121 = CARTESIAN_POINT('',(0.,0.,0.));
#122 = DIRECTION('',(0.,0.,1.));
#123 = DIRECTION('',(1.,0.,-0.));
#124 = DEFINITIONAL_REPRESENTATION('',(#125),#129);
#125 = CIRCLE('',#126,16.75);
#126 = AXIS2_PLACEMENT_2D('',#127,#128);
#127 = CARTESIAN_POINT('',(0.,0.));
#128 = DIRECTION('',(1.,0.));
#129 = ( GEOMETRIC_REPRESENTATION_CONTEXT(2) 
PARAMETRIC_REPRESENTATION_CONTEXT() REPRESENTATION_CONTEXT('2D SPACE',''
  ) );
#130 = ORIENTED_EDGE('',*,*,#81,.T.);
#131 = ADVANCED_FACE('',(#132,#135),#69,.T.);
#132 = FACE_BOUND('',#133,.T.);
#133 = EDGE_LOOP('',(#134));
#134 = ORIENTED_EDGE('',*,*,#47,.T.);
#135 = FACE_BOUND('',#136,.T.);
#136 = EDGE_LOOP('',(#137,#457,#672,#701));
#137 = ORIENTED_EDGE('',*,*,#138,.F.);
#138 = EDGE_CURVE('',#139,#141,#143,.T.);
#139 = VERTEX_POINT('',#140);
#140 = CARTESIAN_POINT('',(12.947079786577,7.475,2.15));
#141 = VERTEX_POINT('',#142);
#142 = CARTESIAN_POINT('',(1.079917803,14.808948279256,2.15));
#143 = SURFACE_CURVE('',#144,(#244,#347),.PCURVE_S1.);
#144 = B_SPLINE_CURVE_WITH_KNOTS('',3,(#145,#146,#147,#148,#149,#150,
    #151,#152,#153,#154,#155,#156,#157,#158,#159,#160,#161,#162,#163,
    #164,#165,#166,#167,#168,#169,#170,#171,#172,#173,#174,#175,#176,
    #177,#178,#179,#180,#181,#182,#183,#184,#185,#186,#187,#188,#189,
    #190,#191,#192,#193,#194,#195,#196,#197,#198,#199,#200,#201,#202,
    #203,#204,#205,#206,#207,#208,#209,#210,#211,#212,#213,#214,#215,
    #216,#217,#218,#219,#220,#221,#222,#223,#224,#225,#226,#227,#228,
    #229,#230,#231,#232,#233,#234,#235,#236,#237,#238,#239,#240,#241,
    #242,#243),.UNSPECIFIED.,.T.,.F.,(1,1,2,1,1,1,1,1,1,1,1,1,1,1,1,1,1,
    1,1,1,1,1,1,1,1,1,1,1,1,1,1,1,1,1,1,1,1,1,1,1,1,1,1,1,1,1,1,1,1,1,1,
    1,1,1,1,1,1,1,1,1,1,1,1,1,1,1,1,1,1,1,1,1,1,1,1,1,1,1,1,1,1,1,1,1,1,
    1,1,1,1,1,1,1,1,1,1,1,1,1,2,1,1),(-1.973451869997,-0.979073365027,0.
    ,0.979073365027,1.973451869997,2.990231504762,4.023768323753,
    5.055670827117,6.057966232031,6.99775916374,7.839094684583,
    8.680430205426,9.620223137134,10.622518542049,11.654421045413,
    12.687957864403,13.704737499168,14.699116004138,15.678189369165,
    16.657262734192,17.651641239162,18.668420873927,19.701957692918,
    20.733860196282,21.736155601197,22.675948532905,23.517284053748,
    24.358619574591,25.298412506299,26.300707911214,27.332610414578,
    28.366147233569,29.382926868333,30.377305373304,31.35637873833,
    32.335452103357,33.329830608328,34.346610243092,35.380147062083,
    36.412049565447,37.414344970362,38.35413790207,39.195473422913,
    40.036808943756,40.976601875464,41.978897280379,43.010799783743,
    44.044336602734,45.061116237498,46.055494742469,47.034568107496,
    48.013641472523,49.008019977493,50.024799612258,51.058336431248,
    52.090238934612,53.092534339527,54.032327271235,54.873662792078,
    55.714998312921,56.654791244629,57.657086649544,58.688989152908,
    59.722525971899,60.739305606664,61.733684111634,62.712757476661,
    63.691830841688,64.686209346658,65.702988981423,66.736525800414,
    67.768428303777,68.770723708692,69.7105166404,70.551852161244,
    71.393187682087,72.332980613795,73.33527601871,74.367178522073,
    75.400715341064,76.417494975829,77.411873480799,78.390946845826,
    79.370020210853,80.364398715823,81.381178350588,82.414715169579,
    83.446617672943,84.448913077858,85.388706009566,86.230041530409,
    87.071377051252,88.01116998296,89.013465387875,90.045367891239,
    91.078904710229,92.095684344994,93.090062849965,94.069136214991,
    95.048209580018,96.042588084989),.UNSPECIFIED.);
#145 = CARTESIAN_POINT('',(13.110071052151,7.189363632996,2.15));
#146 = CARTESIAN_POINT('',(12.784088521004,7.760636367004,2.15));
#147 = CARTESIAN_POINT('',(12.385476163079,8.28865008606,2.15));
#148 = CARTESIAN_POINT('',(11.617777975069,8.937594071736,2.15));
#149 = CARTESIAN_POINT('',(10.721557898204,9.425720735521,2.15));
#150 = CARTESIAN_POINT('',(9.746263435005,9.7614559734,2.15));
#151 = CARTESIAN_POINT('',(8.744743773695,9.970564228788,2.15));
#152 = CARTESIAN_POINT('',(7.753277979083,10.080905838271,2.15));
#153 = CARTESIAN_POINT('',(6.851228985662,10.185026241259,2.15));
#154 = CARTESIAN_POINT('',(5.912427300424,10.240624533554,2.15));
#155 = CARTESIAN_POINT('',(5.394877222499,11.025851681072,2.15));
#156 = CARTESIAN_POINT('',(4.853680440411,11.754987585699,2.15));
#157 = CARTESIAN_POINT('',(4.262394558268,12.558456550987,2.15));
#158 = CARTESIAN_POINT('',(3.580519688336,13.321223624074,2.15));
#159 = CARTESIAN_POINT('',(2.802199356801,13.998061549262,2.15));
#160 = CARTESIAN_POINT('',(1.931059653439,14.529871270543,2.15));
#161 = CARTESIAN_POINT('',(0.986293444197,14.871245993599,2.15));
#162 = CARTESIAN_POINT('',(6.582039215095E-13,14.989071614172,2.15));
#163 = CARTESIAN_POINT('',(-0.9862934442,14.871245993609,2.15));
#164 = CARTESIAN_POINT('',(-1.93105965343,14.529871270502,2.15));
#165 = CARTESIAN_POINT('',(-2.802199356838,13.998061549424,2.15));
#166 = CARTESIAN_POINT('',(-3.580519688198,13.321223623461,2.15));
#167 = CARTESIAN_POINT('',(-4.262394558775,12.55845655324,2.15));
#168 = CARTESIAN_POINT('',(-4.853680438626,11.754987577771,2.15));
#169 = CARTESIAN_POINT('',(-5.394877228431,11.025851707426,2.15));
#170 = CARTESIAN_POINT('',(-5.912427280811,10.24062444642,2.15));
#171 = CARTESIAN_POINT('',(-6.851229062775,10.185026583833,2.15));
#172 = CARTESIAN_POINT('',(-7.753277644207,10.080904350588,2.15));
#173 = CARTESIAN_POINT('',(-8.744745128042,9.970570245472,2.15));
#174 = CARTESIAN_POINT('',(-9.746258223312,9.761432820461,2.15));
#175 = CARTESIAN_POINT('',(-10.72157722712,9.425806604202,2.15));
#176 = CARTESIAN_POINT('',(-11.61770780725,8.937282351344,2.15));
#177 = CARTESIAN_POINT('',(-12.38573009429,8.289778175068,2.15));
#178 = CARTESIAN_POINT('',(-12.98091679701,7.494535807085,2.15));
#179 = CARTESIAN_POINT('',(-13.37202353849,6.581467818542,2.15));
#180 = CARTESIAN_POINT('',(-13.54876746068,5.592588919157,2.15));
#181 = CARTESIAN_POINT('',(-13.52377658395,4.572254945222,2.15));
#182 = CARTESIAN_POINT('',(-13.32677791151,3.559790803001,2.15));
#183 = CARTESIAN_POINT('',(-13.00713968681,2.587886307768,2.15));
#184 = CARTESIAN_POINT('',(-12.60695808283,1.674083227184,2.15));
#185 = CARTESIAN_POINT('',(-12.2461062912,0.840825123593,2.15));
#186 = CARTESIAN_POINT('',(-11.82485456162,7.000949298427E-15,2.15));
#187 = CARTESIAN_POINT('',(-12.2461062912,-0.840825123593,2.15));
#188 = CARTESIAN_POINT('',(-12.60695808283,-1.674083227184,2.15));
#189 = CARTESIAN_POINT('',(-13.00713968681,-2.587886307768,2.15));
#190 = CARTESIAN_POINT('',(-13.32677791151,-3.559790803001,2.15));
#191 = CARTESIAN_POINT('',(-13.52377658395,-4.572254945222,2.15));
#192 = CARTESIAN_POINT('',(-13.54876746068,-5.592588919157,2.15));
#193 = CARTESIAN_POINT('',(-13.37202353849,-6.581467818542,2.15));
#194 = CARTESIAN_POINT('',(-12.98091679701,-7.494535807085,2.15));
#195 = CARTESIAN_POINT('',(-12.38573009429,-8.289778175068,2.15));
#196 = CARTESIAN_POINT('',(-11.61770780725,-8.937282351344,2.15));
#197 = CARTESIAN_POINT('',(-10.72157722712,-9.425806604202,2.15));
#198 = CARTESIAN_POINT('',(-9.746258223312,-9.761432820461,2.15));
#199 = CARTESIAN_POINT('',(-8.744745128042,-9.970570245472,2.15));
#200 = CARTESIAN_POINT('',(-7.753277644207,-10.08090435058,2.15));
#201 = CARTESIAN_POINT('',(-6.851229062775,-10.18502658383,2.15));
#202 = CARTESIAN_POINT('',(-5.912427280811,-10.24062444642,2.15));
#203 = CARTESIAN_POINT('',(-5.394877228431,-11.02585170742,2.15));
#204 = CARTESIAN_POINT('',(-4.853680438626,-11.75498757777,2.15));
#205 = CARTESIAN_POINT('',(-4.262394558775,-12.55845655324,2.15));
#206 = CARTESIAN_POINT('',(-3.580519688198,-13.32122362346,2.15));
#207 = CARTESIAN_POINT('',(-2.802199356838,-13.99806154942,2.15));
#208 = CARTESIAN_POINT('',(-1.93105965343,-14.5298712705,2.15));
#209 = CARTESIAN_POINT('',(-0.986293444199,-14.87124599361,2.15));
#210 = CARTESIAN_POINT('',(2.252274192038E-15,-14.98907161416,2.15));
#211 = CARTESIAN_POINT('',(0.986293444199,-14.87124599361,2.15));
#212 = CARTESIAN_POINT('',(1.93105965343,-14.5298712705,2.15));
#213 = CARTESIAN_POINT('',(2.802199356838,-13.99806154942,2.15));
#214 = CARTESIAN_POINT('',(3.580519688198,-13.32122362346,2.15));
#215 = CARTESIAN_POINT('',(4.262394558775,-12.55845655324,2.15));
#216 = CARTESIAN_POINT('',(4.853680438626,-11.75498757777,2.15));
#217 = CARTESIAN_POINT('',(5.394877228431,-11.02585170742,2.15));
#218 = CARTESIAN_POINT('',(5.912427280811,-10.24062444642,2.15));
#219 = CARTESIAN_POINT('',(6.851229062775,-10.18502658383,2.15));
#220 = CARTESIAN_POINT('',(7.753277644207,-10.08090435058,2.15));
#221 = CARTESIAN_POINT('',(8.744745128042,-9.970570245472,2.15));
#222 = CARTESIAN_POINT('',(9.746258223312,-9.761432820461,2.15));
#223 = CARTESIAN_POINT('',(10.72157722712,-9.425806604202,2.15));
#224 = CARTESIAN_POINT('',(11.617707807257,-8.937282351344,2.15));
#225 = CARTESIAN_POINT('',(12.385730094294,-8.289778175067,2.15));
#226 = CARTESIAN_POINT('',(12.980916797014,-7.494535807087,2.15));
#227 = CARTESIAN_POINT('',(13.372023538496,-6.581467818531,2.15));
#228 = CARTESIAN_POINT('',(13.548767460677,-5.592588919199,2.15));
#229 = CARTESIAN_POINT('',(13.523776583994,-4.572254945061,2.15));
#230 = CARTESIAN_POINT('',(13.326777911372,-3.559790803613,2.15));
#231 = CARTESIAN_POINT('',(13.007139687324,-2.587886305515,2.15));
#232 = CARTESIAN_POINT('',(12.606958081049,-1.674083235111,2.15));
#233 = CARTESIAN_POINT('',(12.246106297138,-0.84082509724,2.15));
#234 = CARTESIAN_POINT('',(11.824854542008,-8.713333376375E-08,2.15));
#235 = CARTESIAN_POINT('',(12.246106368319,0.840825466167,2.15));
#236 = CARTESIAN_POINT('',(12.606957747958,1.6740817395,2.15));
#237 = CARTESIAN_POINT('',(13.007141041164,2.587892324452,2.15));
#238 = CARTESIAN_POINT('',(13.326772699817,3.559767650062,2.15));
#239 = CARTESIAN_POINT('',(13.523795912875,4.572340813903,2.15));
#240 = CARTESIAN_POINT('',(13.548697292875,5.592277198765,2.15));
#241 = CARTESIAN_POINT('',(13.372277469708,6.58259590755,2.15));
#242 = CARTESIAN_POINT('',(13.110071052151,7.189363632996,2.15));
#243 = CARTESIAN_POINT('',(12.784088521004,7.760636367004,2.15));
#244 = PCURVE('',#69,#245);
#245 = DEFINITIONAL_REPRESENTATION('',(#246),#346);
#246 = B_SPLINE_CURVE_WITH_KNOTS('',3,(#247,#248,#249,#250,#251,#252,
    #253,#254,#255,#256,#257,#258,#259,#260,#261,#262,#263,#264,#265,
    #266,#267,#268,#269,#270,#271,#272,#273,#274,#275,#276,#277,#278,
    #279,#280,#281,#282,#283,#284,#285,#286,#287,#288,#289,#290,#291,
    #292,#293,#294,#295,#296,#297,#298,#299,#300,#301,#302,#303,#304,
    #305,#306,#307,#308,#309,#310,#311,#312,#313,#314,#315,#316,#317,
    #318,#319,#320,#321,#322,#323,#324,#325,#326,#327,#328,#329,#330,
    #331,#332,#333,#334,#335,#336,#337,#338,#339,#340,#341,#342,#343,
    #344,#345),.UNSPECIFIED.,.F.,.F.,(1,1,2,1,1,1,1,1,1,1,1,1,1,1,1,1,1,
    1,1,1,1,1,1,1,1,1,1,1,1,1,1,1,1,1,1,1,1,1,1,1,1,1,1,1,1,1,1,1,1,1,1,
    1,1,1,1,1,1,1,1,1,1,1,1,1,1,1,1,1,1,1,1,1,1,1,1,1,1,1,1,1,1,1,1,1,1,
    1,1,1,1,1,1,1,1,1,1,1,1,1,2,1,1),(-1.973451869997,-0.979073365027,0.
    ,0.979073365027,1.973451869997,2.990231504762,4.023768323753,
    5.055670827117,6.057966232031,6.99775916374,7.839094684583,
    8.680430205426,9.620223137134,10.622518542049,11.654421045413,
    12.687957864403,13.704737499168,14.699116004138,15.678189369165,
    16.657262734192,17.651641239162,18.668420873927,19.701957692918,
    20.733860196282,21.736155601197,22.675948532905,23.517284053748,
    24.358619574591,25.298412506299,26.300707911214,27.332610414578,
    28.366147233569,29.382926868333,30.377305373304,31.35637873833,
    32.335452103357,33.329830608328,34.346610243092,35.380147062083,
    36.412049565447,37.414344970362,38.35413790207,39.195473422913,
    40.036808943756,40.976601875464,41.978897280379,43.010799783743,
    44.044336602734,45.061116237498,46.055494742469,47.034568107496,
    48.013641472523,49.008019977493,50.024799612258,51.058336431248,
    52.090238934612,53.092534339527,54.032327271235,54.873662792078,
    55.714998312921,56.654791244629,57.657086649544,58.688989152908,
    59.722525971899,60.739305606664,61.733684111634,62.712757476661,
    63.691830841688,64.686209346658,65.702988981423,66.736525800414,
    67.768428303777,68.770723708692,69.7105166404,70.551852161244,
    71.393187682087,72.332980613795,73.33527601871,74.367178522073,
    75.400715341064,76.417494975829,77.411873480799,78.390946845826,
    79.370020210853,80.364398715823,81.381178350588,82.414715169579,
    83.446617672943,84.448913077858,85.388706009566,86.230041530409,
    87.071377051252,88.01116998296,89.013465387875,90.045367891239,
    91.078904710229,92.095684344994,93.090062849965,94.069136214991,
    95.048209580018,96.042588084989),.UNSPECIFIED.);
#247 = CARTESIAN_POINT('',(13.110071052151,7.189363632996));
#248 = CARTESIAN_POINT('',(12.784088521004,7.760636367004));
#249 = CARTESIAN_POINT('',(12.385476163079,8.28865008606));
#250 = CARTESIAN_POINT('',(11.617777975069,8.937594071736));
#251 = CARTESIAN_POINT('',(10.721557898204,9.425720735521));
#252 = CARTESIAN_POINT('',(9.746263435005,9.7614559734));
#253 = CARTESIAN_POINT('',(8.744743773695,9.970564228788));
#254 = CARTESIAN_POINT('',(7.753277979083,10.080905838271));
#255 = CARTESIAN_POINT('',(6.851228985662,10.185026241259));
#256 = CARTESIAN_POINT('',(5.912427300424,10.240624533554));
#257 = CARTESIAN_POINT('',(5.394877222499,11.025851681072));
#258 = CARTESIAN_POINT('',(4.853680440411,11.754987585699));
#259 = CARTESIAN_POINT('',(4.262394558268,12.558456550987));
#260 = CARTESIAN_POINT('',(3.580519688336,13.321223624074));
#261 = CARTESIAN_POINT('',(2.802199356801,13.998061549262));
#262 = CARTESIAN_POINT('',(1.931059653439,14.529871270543));
#263 = CARTESIAN_POINT('',(0.986293444197,14.871245993599));
#264 = CARTESIAN_POINT('',(6.582039215095E-13,14.989071614172));
#265 = CARTESIAN_POINT('',(-0.9862934442,14.871245993609));
#266 = CARTESIAN_POINT('',(-1.93105965343,14.529871270502));
#267 = CARTESIAN_POINT('',(-2.802199356838,13.998061549424));
#268 = CARTESIAN_POINT('',(-3.580519688198,13.321223623461));
#269 = CARTESIAN_POINT('',(-4.262394558775,12.55845655324));
#270 = CARTESIAN_POINT('',(-4.853680438626,11.754987577771));
#271 = CARTESIAN_POINT('',(-5.394877228431,11.025851707426));
#272 = CARTESIAN_POINT('',(-5.912427280811,10.24062444642));
#273 = CARTESIAN_POINT('',(-6.851229062775,10.185026583833));
#274 = CARTESIAN_POINT('',(-7.753277644207,10.080904350588));
#275 = CARTESIAN_POINT('',(-8.744745128042,9.970570245472));
#276 = CARTESIAN_POINT('',(-9.746258223312,9.761432820461));
#277 = CARTESIAN_POINT('',(-10.72157722712,9.425806604202));
#278 = CARTESIAN_POINT('',(-11.61770780725,8.937282351344));
#279 = CARTESIAN_POINT('',(-12.38573009429,8.289778175068));
#280 = CARTESIAN_POINT('',(-12.98091679701,7.494535807085));
#281 = CARTESIAN_POINT('',(-13.37202353849,6.581467818542));
#282 = CARTESIAN_POINT('',(-13.54876746068,5.592588919157));
#283 = CARTESIAN_POINT('',(-13.52377658395,4.572254945222));
#284 = CARTESIAN_POINT('',(-13.32677791151,3.559790803001));
#285 = CARTESIAN_POINT('',(-13.00713968681,2.587886307768));
#286 = CARTESIAN_POINT('',(-12.60695808283,1.674083227184));
#287 = CARTESIAN_POINT('',(-12.2461062912,0.840825123593));
#288 = CARTESIAN_POINT('',(-11.82485456162,7.000949298427E-15));
#289 = CARTESIAN_POINT('',(-12.2461062912,-0.840825123593));
#290 = CARTESIAN_POINT('',(-12.60695808283,-1.674083227184));
#291 = CARTESIAN_POINT('',(-13.00713968681,-2.587886307768));
#292 = CARTESIAN_POINT('',(-13.32677791151,-3.559790803001));
#293 = CARTESIAN_POINT('',(-13.52377658395,-4.572254945222));
#294 = CARTESIAN_POINT('',(-13.54876746068,-5.592588919157));
#295 = CARTESIAN_POINT('',(-13.37202353849,-6.581467818542));
#296 = CARTESIAN_POINT('',(-12.98091679701,-7.494535807085));
#297 = CARTESIAN_POINT('',(-12.38573009429,-8.289778175068));
#298 = CARTESIAN_POINT('',(-11.61770780725,-8.937282351344));
#299 = CARTESIAN_POINT('',(-10.72157722712,-9.425806604202));
#300 = CARTESIAN_POINT('',(-9.746258223312,-9.761432820461));
#301 = CARTESIAN_POINT('',(-8.744745128042,-9.970570245472));
#302 = CARTESIAN_POINT('',(-7.753277644207,-10.08090435058));
#303 = CARTESIAN_POINT('',(-6.851229062775,-10.18502658383));
#304 = CARTESIAN_POINT('',(-5.912427280811,-10.24062444642));
#305 = CARTESIAN_POINT('',(-5.394877228431,-11.02585170742));
#306 = CARTESIAN_POINT('',(-4.853680438626,-11.75498757777));
#307 = CARTESIAN_POINT('',(-4.262394558775,-12.55845655324));
#308 = CARTESIAN_POINT('',(-3.580519688198,-13.32122362346));
#309 = CARTESIAN_POINT('',(-2.802199356838,-13.99806154942));
#310 = CARTESIAN_POINT('',(-1.93105965343,-14.5298712705));
#311 = CARTESIAN_POINT('',(-0.986293444199,-14.87124599361));
#312 = CARTESIAN_POINT('',(2.252274192038E-15,-14.98907161416));
#313 = CARTESIAN_POINT('',(0.986293444199,-14.87124599361));
#314 = CARTESIAN_POINT('',(1.93105965343,-14.5298712705));
#315 = CARTESIAN_POINT('',(2.802199356838,-13.99806154942));
#316 = CARTESIAN_POINT('',(3.580519688198,-13.32122362346));
#317 = CARTESIAN_POINT('',(4.262394558775,-12.55845655324));
#318 = CARTESIAN_POINT('',(4.853680438626,-11.75498757777));
#319 = CARTESIAN_POINT('',(5.394877228431,-11.02585170742));
#320 = CARTESIAN_POINT('',(5.912427280811,-10.24062444642));
#321 = CARTESIAN_POINT('',(6.851229062775,-10.18502658383));
#322 = CARTESIAN_POINT('',(7.753277644207,-10.08090435058));
#323 = CARTESIAN_POINT('',(8.744745128042,-9.970570245472));
#324 = CARTESIAN_POINT('',(9.746258223312,-9.761432820461));
#325 = CARTESIAN_POINT('',(10.72157722712,-9.425806604202));
#326 = CARTESIAN_POINT('',(11.617707807257,-8.937282351344));
#327 = CARTESIAN_POINT('',(12.385730094294,-8.289778175067));
#328 = CARTESIAN_POINT('',(12.980916797014,-7.494535807087));
#329 = CARTESIAN_POINT('',(13.372023538496,-6.581467818531));
#330 = CARTESIAN_POINT('',(13.548767460677,-5.592588919199));
#331 = CARTESIAN_POINT('',(13.523776583994,-4.572254945061));
#332 = CARTESIAN_POINT('',(13.326777911372,-3.559790803613));
#333 = CARTESIAN_POINT('',(13.007139687324,-2.587886305515));
#334 = CARTESIAN_POINT('',(12.606958081049,-1.674083235111));
#335 = CARTESIAN_POINT('',(12.246106297138,-0.84082509724));
#336 = CARTESIAN_POINT('',(11.824854542008,-8.713333376375E-08));
#337 = CARTESIAN_POINT('',(12.246106368319,0.840825466167));
#338 = CARTESIAN_POINT('',(12.606957747958,1.6740817395));
#339 = CARTESIAN_POINT('',(13.007141041164,2.587892324452));
#340 = CARTESIAN_POINT('',(13.326772699817,3.559767650062));
#341 = CARTESIAN_POINT('',(13.523795912875,4.572340813903));
#342 = CARTESIAN_POINT('',(13.548697292875,5.592277198765));
#343 = CARTESIAN_POINT('',(13.372277469708,6.58259590755));
#344 = CARTESIAN_POINT('',(13.110071052151,7.189363632996));
#345 = CARTESIAN_POINT('',(12.784088521004,7.760636367004));
#346 = ( GEOMETRIC_REPRESENTATION_CONTEXT(2) 
PARAMETRIC_REPRESENTATION_CONTEXT() REPRESENTATION_CONTEXT('2D SPACE',''
  ) );
#347 = PCURVE('',#348,#451);
#348 = SURFACE_OF_LINEAR_EXTRUSION('',#349,#449);
#349 = B_SPLINE_CURVE_WITH_KNOTS('',3,(#350,#351,#352,#353,#354,#355,
    #356,#357,#358,#359,#360,#361,#362,#363,#364,#365,#366,#367,#368,
    #369,#370,#371,#372,#373,#374,#375,#376,#377,#378,#379,#380,#381,
    #382,#383,#384,#385,#386,#387,#388,#389,#390,#391,#392,#393,#394,
    #395,#396,#397,#398,#399,#400,#401,#402,#403,#404,#405,#406,#407,
    #408,#409,#410,#411,#412,#413,#414,#415,#416,#417,#418,#419,#420,
    #421,#422,#423,#424,#425,#426,#427,#428,#429,#430,#431,#432,#433,
    #434,#435,#436,#437,#438,#439,#440,#441,#442,#443,#444,#445,#446,
    #447,#448),.UNSPECIFIED.,.T.,.F.,(1,1,2,1,1,1,1,1,1,1,1,1,1,1,1,1,1,
    1,1,1,1,1,1,1,1,1,1,1,1,1,1,1,1,1,1,1,1,1,1,1,1,1,1,1,1,1,1,1,1,1,1,
    1,1,1,1,1,1,1,1,1,1,1,1,1,1,1,1,1,1,1,1,1,1,1,1,1,1,1,1,1,1,1,1,1,1,
    1,1,1,1,1,1,1,1,1,1,1,1,1,2,1,1),(-1.973451869997,-0.979073365027,0.
    ,0.979073365027,1.973451869997,2.990231504762,4.023768323753,
    5.055670827117,6.057966232031,6.99775916374,7.839094684583,
    8.680430205426,9.620223137134,10.622518542049,11.654421045413,
    12.687957864403,13.704737499168,14.699116004138,15.678189369165,
    16.657262734192,17.651641239162,18.668420873927,19.701957692918,
    20.733860196282,21.736155601197,22.675948532905,23.517284053748,
    24.358619574591,25.298412506299,26.300707911214,27.332610414578,
    28.366147233569,29.382926868333,30.377305373304,31.35637873833,
    32.335452103357,33.329830608328,34.346610243092,35.380147062083,
    36.412049565447,37.414344970362,38.35413790207,39.195473422913,
    40.036808943756,40.976601875464,41.978897280379,43.010799783743,
    44.044336602734,45.061116237498,46.055494742469,47.034568107496,
    48.013641472523,49.008019977493,50.024799612258,51.058336431248,
    52.090238934612,53.092534339527,54.032327271235,54.873662792078,
    55.714998312921,56.654791244629,57.657086649544,58.688989152908,
    59.722525971899,60.739305606664,61.733684111634,62.712757476661,
    63.691830841688,64.686209346658,65.702988981423,66.736525800414,
    67.768428303777,68.770723708692,69.7105166404,70.551852161244,
    71.393187682087,72.332980613795,73.33527601871,74.367178522073,
    75.400715341064,76.417494975829,77.411873480799,78.390946845826,
    79.370020210853,80.364398715823,81.381178350588,82.414715169579,
    83.446617672943,84.448913077858,85.388706009566,86.230041530409,
    87.071377051252,88.01116998296,89.013465387875,90.045367891239,
    91.078904710229,92.095684344994,93.090062849965,94.069136214991,
    95.048209580018,96.042588084989),.UNSPECIFIED.);
#350 = CARTESIAN_POINT('',(13.110071052151,7.189363632996,2.15));
#351 = CARTESIAN_POINT('',(12.784088521004,7.760636367004,2.15));
#352 = CARTESIAN_POINT('',(12.385476163079,8.28865008606,2.15));
#353 = CARTESIAN_POINT('',(11.617777975069,8.937594071736,2.15));
#354 = CARTESIAN_POINT('',(10.721557898204,9.425720735521,2.15));
#355 = CARTESIAN_POINT('',(9.746263435005,9.7614559734,2.15));
#356 = CARTESIAN_POINT('',(8.744743773695,9.970564228788,2.15));
#357 = CARTESIAN_POINT('',(7.753277979083,10.080905838271,2.15));
#358 = CARTESIAN_POINT('',(6.851228985662,10.185026241259,2.15));
#359 = CARTESIAN_POINT('',(5.912427300424,10.240624533554,2.15));
#360 = CARTESIAN_POINT('',(5.394877222499,11.025851681072,2.15));
#361 = CARTESIAN_POINT('',(4.853680440411,11.754987585699,2.15));
#362 = CARTESIAN_POINT('',(4.262394558268,12.558456550987,2.15));
#363 = CARTESIAN_POINT('',(3.580519688336,13.321223624074,2.15));
#364 = CARTESIAN_POINT('',(2.802199356801,13.998061549262,2.15));
#365 = CARTESIAN_POINT('',(1.931059653439,14.529871270543,2.15));
#366 = CARTESIAN_POINT('',(0.986293444197,14.871245993599,2.15));
#367 = CARTESIAN_POINT('',(6.582039215095E-13,14.989071614172,2.15));
#368 = CARTESIAN_POINT('',(-0.9862934442,14.871245993609,2.15));
#369 = CARTESIAN_POINT('',(-1.93105965343,14.529871270502,2.15));
#370 = CARTESIAN_POINT('',(-2.802199356838,13.998061549424,2.15));
#371 = CARTESIAN_POINT('',(-3.580519688198,13.321223623461,2.15));
#372 = CARTESIAN_POINT('',(-4.262394558775,12.55845655324,2.15));
#373 = CARTESIAN_POINT('',(-4.853680438626,11.754987577771,2.15));
#374 = CARTESIAN_POINT('',(-5.394877228431,11.025851707426,2.15));
#375 = CARTESIAN_POINT('',(-5.912427280811,10.24062444642,2.15));
#376 = CARTESIAN_POINT('',(-6.851229062775,10.185026583833,2.15));
#377 = CARTESIAN_POINT('',(-7.753277644207,10.080904350588,2.15));
#378 = CARTESIAN_POINT('',(-8.744745128042,9.970570245472,2.15));
#379 = CARTESIAN_POINT('',(-9.746258223312,9.761432820461,2.15));
#380 = CARTESIAN_POINT('',(-10.72157722712,9.425806604202,2.15));
#381 = CARTESIAN_POINT('',(-11.61770780725,8.937282351344,2.15));
#382 = CARTESIAN_POINT('',(-12.38573009429,8.289778175068,2.15));
#383 = CARTESIAN_POINT('',(-12.98091679701,7.494535807085,2.15));
#384 = CARTESIAN_POINT('',(-13.37202353849,6.581467818542,2.15));
#385 = CARTESIAN_POINT('',(-13.54876746068,5.592588919157,2.15));
#386 = CARTESIAN_POINT('',(-13.52377658395,4.572254945222,2.15));
#387 = CARTESIAN_POINT('',(-13.32677791151,3.559790803001,2.15));
#388 = CARTESIAN_POINT('',(-13.00713968681,2.587886307768,2.15));
#389 = CARTESIAN_POINT('',(-12.60695808283,1.674083227184,2.15));
#390 = CARTESIAN_POINT('',(-12.2461062912,0.840825123593,2.15));
#391 = CARTESIAN_POINT('',(-11.82485456162,7.000949298427E-15,2.15));
#392 = CARTESIAN_POINT('',(-12.2461062912,-0.840825123593,2.15));
#393 = CARTESIAN_POINT('',(-12.60695808283,-1.674083227184,2.15));
#394 = CARTESIAN_POINT('',(-13.00713968681,-2.587886307768,2.15));
#395 = CARTESIAN_POINT('',(-13.32677791151,-3.559790803001,2.15));
#396 = CARTESIAN_POINT('',(-13.52377658395,-4.572254945222,2.15));
#397 = CARTESIAN_POINT('',(-13.54876746068,-5.592588919157,2.15));
#398 = CARTESIAN_POINT('',(-13.37202353849,-6.581467818542,2.15));
#399 = CARTESIAN_POINT('',(-12.98091679701,-7.494535807085,2.15));
#400 = CARTESIAN_POINT('',(-12.38573009429,-8.289778175068,2.15));
#401 = CARTESIAN_POINT('',(-11.61770780725,-8.937282351344,2.15));
#402 = CARTESIAN_POINT('',(-10.72157722712,-9.425806604202,2.15));
#403 = CARTESIAN_POINT('',(-9.746258223312,-9.761432820461,2.15));
#404 = CARTESIAN_POINT('',(-8.744745128042,-9.970570245472,2.15));
#405 = CARTESIAN_POINT('',(-7.753277644207,-10.08090435058,2.15));
#406 = CARTESIAN_POINT('',(-6.851229062775,-10.18502658383,2.15));
#407 = CARTESIAN_POINT('',(-5.912427280811,-10.24062444642,2.15));
#408 = CARTESIAN_POINT('',(-5.394877228431,-11.02585170742,2.15));
#409 = CARTESIAN_POINT('',(-4.853680438626,-11.75498757777,2.15));
#410 = CARTESIAN_POINT('',(-4.262394558775,-12.55845655324,2.15));
#411 = CARTESIAN_POINT('',(-3.580519688198,-13.32122362346,2.15));
#412 = CARTESIAN_POINT('',(-2.802199356838,-13.99806154942,2.15));
#413 = CARTESIAN_POINT('',(-1.93105965343,-14.5298712705,2.15));
#414 = CARTESIAN_POINT('',(-0.986293444199,-14.87124599361,2.15));
#415 = CARTESIAN_POINT('',(2.252274192038E-15,-14.98907161416,2.15));
#416 = CARTESIAN_POINT('',(0.986293444199,-14.87124599361,2.15));
#417 = CARTESIAN_POINT('',(1.93105965343,-14.5298712705,2.15));
#418 = CARTESIAN_POINT('',(2.802199356838,-13.99806154942,2.15));
#419 = CARTESIAN_POINT('',(3.580519688198,-13.32122362346,2.15));
#420 = CARTESIAN_POINT('',(4.262394558775,-12.55845655324,2.15));
#421 = CARTESIAN_POINT('',(4.853680438626,-11.75498757777,2.15));
#422 = CARTESIAN_POINT('',(5.394877228431,-11.02585170742,2.15));
#423 = CARTESIAN_POINT('',(5.912427280811,-10.24062444642,2.15));
#424 = CARTESIAN_POINT('',(6.851229062775,-10.18502658383,2.15));
#425 = CARTESIAN_POINT('',(7.753277644207,-10.08090435058,2.15));
#426 = CARTESIAN_POINT('',(8.744745128042,-9.970570245472,2.15));
#427 = CARTESIAN_POINT('',(9.746258223312,-9.761432820461,2.15));
#428 = CARTESIAN_POINT('',(10.72157722712,-9.425806604202,2.15));
#429 = CARTESIAN_POINT('',(11.617707807257,-8.937282351344,2.15));
#430 = CARTESIAN_POINT('',(12.385730094294,-8.289778175067,2.15));
#431 = CARTESIAN_POINT('',(12.980916797014,-7.494535807087,2.15));
#432 = CARTESIAN_POINT('',(13.372023538496,-6.581467818531,2.15));
#433 = CARTESIAN_POINT('',(13.548767460677,-5.592588919199,2.15));
#434 = CARTESIAN_POINT('',(13.523776583994,-4.572254945061,2.15));
#435 = CARTESIAN_POINT('',(13.326777911372,-3.559790803613,2.15));
#436 = CARTESIAN_POINT('',(13.007139687324,-2.587886305515,2.15));
#437 = CARTESIAN_POINT('',(12.606958081049,-1.674083235111,2.15));
#438 = CARTESIAN_POINT('',(12.246106297138,-0.84082509724,2.15));
#439 = CARTESIAN_POINT('',(11.824854542008,-8.713333376375E-08,2.15));
#440 = CARTESIAN_POINT('',(12.246106368319,0.840825466167,2.15));
#441 = CARTESIAN_POINT('',(12.606957747958,1.6740817395,2.15));
#442 = CARTESIAN_POINT('',(13.007141041164,2.587892324452,2.15));
#443 = CARTESIAN_POINT('',(13.326772699817,3.559767650062,2.15));
#444 = CARTESIAN_POINT('',(13.523795912875,4.572340813903,2.15));
#445 = CARTESIAN_POINT('',(13.548697292875,5.592277198765,2.15));
#446 = CARTESIAN_POINT('',(13.372277469708,6.58259590755,2.15));
#447 = CARTESIAN_POINT('',(13.110071052151,7.189363632996,2.15));
#448 = CARTESIAN_POINT('',(12.784088521004,7.760636367004,2.15));
#449 = VECTOR('',#450,1.);
#450 = DIRECTION('',(-0.,-0.,-1.));
#451 = DEFINITIONAL_REPRESENTATION('',(#452),#456);
#452 = LINE('',#453,#454);
#453 = CARTESIAN_POINT('',(0.,0.));
#454 = VECTOR('',#455,1.);
#455 = DIRECTION('',(1.,0.));
#456 = ( GEOMETRIC_REPRESENTATION_CONTEXT(2) 
PARAMETRIC_REPRESENTATION_CONTEXT() REPRESENTATION_CONTEXT('2D SPACE',''
  ) );
#457 = ORIENTED_EDGE('',*,*,#458,.F.);
#458 = EDGE_CURVE('',#459,#139,#461,.T.);
#459 = VERTEX_POINT('',#460);
#460 = CARTESIAN_POINT('',(-1.079917803001,14.808948279254,2.15));
#461 = SURFACE_CURVE('',#462,(#562,#665),.PCURVE_S1.);
#462 = B_SPLINE_CURVE_WITH_KNOTS('',3,(#463,#464,#465,#466,#467,#468,
    #469,#470,#471,#472,#473,#474,#475,#476,#477,#478,#479,#480,#481,
    #482,#483,#484,#485,#486,#487,#488,#489,#490,#491,#492,#493,#494,
    #495,#496,#497,#498,#499,#500,#501,#502,#503,#504,#505,#506,#507,
    #508,#509,#510,#511,#512,#513,#514,#515,#516,#517,#518,#519,#520,
    #521,#522,#523,#524,#525,#526,#527,#528,#529,#530,#531,#532,#533,
    #534,#535,#536,#537,#538,#539,#540,#541,#542,#543,#544,#545,#546,
    #547,#548,#549,#550,#551,#552,#553,#554,#555,#556,#557,#558,#559,
    #560,#561),.UNSPECIFIED.,.T.,.F.,(1,1,2,1,1,1,1,1,1,1,1,1,1,1,1,1,1,
    1,1,1,1,1,1,1,1,1,1,1,1,1,1,1,1,1,1,1,1,1,1,1,1,1,1,1,1,1,1,1,1,1,1,
    1,1,1,1,1,1,1,1,1,1,1,1,1,1,1,1,1,1,1,1,1,1,1,1,1,1,1,1,1,1,1,1,1,1,
    1,1,1,1,1,1,1,1,1,1,1,1,1,2,1,1),(-1.973451869997,-0.979073365027,0.
    ,0.979073365027,1.973451869997,2.990231504762,4.023768323753,
    5.055670827117,6.057966232031,6.99775916374,7.839094684583,
    8.680430205426,9.620223137134,10.622518542049,11.654421045413,
    12.687957864403,13.704737499168,14.699116004138,15.678189369165,
    16.657262734192,17.651641239162,18.668420873927,19.701957692918,
    20.733860196282,21.736155601197,22.675948532905,23.517284053748,
    24.358619574591,25.298412506299,26.300707911214,27.332610414578,
    28.366147233569,29.382926868333,30.377305373304,31.35637873833,
    32.335452103357,33.329830608328,34.346610243092,35.380147062083,
    36.412049565447,37.414344970362,38.35413790207,39.195473422913,
    40.036808943756,40.976601875464,41.978897280379,43.010799783743,
    44.044336602734,45.061116237498,46.055494742469,47.034568107496,
    48.013641472523,49.008019977493,50.024799612258,51.058336431248,
    52.090238934612,53.092534339527,54.032327271235,54.873662792078,
    55.714998312921,56.654791244629,57.657086649544,58.688989152908,
    59.722525971899,60.739305606664,61.733684111634,62.712757476661,
    63.691830841688,64.686209346658,65.702988981423,66.736525800414,
    67.768428303777,68.770723708692,69.7105166404,70.551852161244,
    71.393187682087,72.332980613795,73.33527601871,74.367178522073,
    75.400715341064,76.417494975829,77.411873480799,78.390946845826,
    79.370020210853,80.364398715823,81.381178350588,82.414715169579,
    83.446617672943,84.448913077858,85.388706009566,86.230041530409,
    87.071377051252,88.01116998296,89.013465387875,90.045367891239,
    91.078904710229,92.095684344994,93.090062849965,94.069136214991,
    95.048209580018,96.042588084989),.UNSPECIFIED.);
#463 = CARTESIAN_POINT('',(13.110071052151,7.189363632996,2.15));
#464 = CARTESIAN_POINT('',(12.784088521004,7.760636367004,2.15));
#465 = CARTESIAN_POINT('',(12.385476163079,8.28865008606,2.15));
#466 = CARTESIAN_POINT('',(11.617777975069,8.937594071736,2.15));
#467 = CARTESIAN_POINT('',(10.721557898204,9.425720735521,2.15));
#468 = CARTESIAN_POINT('',(9.746263435005,9.7614559734,2.15));
#469 = CARTESIAN_POINT('',(8.744743773695,9.970564228788,2.15));
#470 = CARTESIAN_POINT('',(7.753277979083,10.080905838271,2.15));
#471 = CARTESIAN_POINT('',(6.851228985662,10.185026241259,2.15));
#472 = CARTESIAN_POINT('',(5.912427300424,10.240624533554,2.15));
#473 = CARTESIAN_POINT('',(5.394877222499,11.025851681072,2.15));
#474 = CARTESIAN_POINT('',(4.853680440411,11.754987585699,2.15));
#475 = CARTESIAN_POINT('',(4.262394558268,12.558456550987,2.15));
#476 = CARTESIAN_POINT('',(3.580519688336,13.321223624074,2.15));
#477 = CARTESIAN_POINT('',(2.802199356801,13.998061549262,2.15));
#478 = CARTESIAN_POINT('',(1.931059653439,14.529871270543,2.15));
#479 = CARTESIAN_POINT('',(0.986293444197,14.871245993599,2.15));
#480 = CARTESIAN_POINT('',(6.582039215095E-13,14.989071614172,2.15));
#481 = CARTESIAN_POINT('',(-0.9862934442,14.871245993609,2.15));
#482 = CARTESIAN_POINT('',(-1.93105965343,14.529871270502,2.15));
#483 = CARTESIAN_POINT('',(-2.802199356838,13.998061549424,2.15));
#484 = CARTESIAN_POINT('',(-3.580519688198,13.321223623461,2.15));
#485 = CARTESIAN_POINT('',(-4.262394558775,12.55845655324,2.15));
#486 = CARTESIAN_POINT('',(-4.853680438626,11.754987577771,2.15));
#487 = CARTESIAN_POINT('',(-5.394877228431,11.025851707426,2.15));
#488 = CARTESIAN_POINT('',(-5.912427280811,10.24062444642,2.15));
#489 = CARTESIAN_POINT('',(-6.851229062775,10.185026583833,2.15));
#490 = CARTESIAN_POINT('',(-7.753277644207,10.080904350588,2.15));
#491 = CARTESIAN_POINT('',(-8.744745128042,9.970570245472,2.15));
#492 = CARTESIAN_POINT('',(-9.746258223312,9.761432820461,2.15));
#493 = CARTESIAN_POINT('',(-10.72157722712,9.425806604202,2.15));
#494 = CARTESIAN_POINT('',(-11.61770780725,8.937282351344,2.15));
#495 = CARTESIAN_POINT('',(-12.38573009429,8.289778175068,2.15));
#496 = CARTESIAN_POINT('',(-12.98091679701,7.494535807085,2.15));
#497 = CARTESIAN_POINT('',(-13.37202353849,6.581467818542,2.15));
#498 = CARTESIAN_POINT('',(-13.54876746068,5.592588919157,2.15));
#499 = CARTESIAN_POINT('',(-13.52377658395,4.572254945222,2.15));
#500 = CARTESIAN_POINT('',(-13.32677791151,3.559790803001,2.15));
#501 = CARTESIAN_POINT('',(-13.00713968681,2.587886307768,2.15));
#502 = CARTESIAN_POINT('',(-12.60695808283,1.674083227184,2.15));
#503 = CARTESIAN_POINT('',(-12.2461062912,0.840825123593,2.15));
#504 = CARTESIAN_POINT('',(-11.82485456162,7.000949298427E-15,2.15));
#505 = CARTESIAN_POINT('',(-12.2461062912,-0.840825123593,2.15));
#506 = CARTESIAN_POINT('',(-12.60695808283,-1.674083227184,2.15));
#507 = CARTESIAN_POINT('',(-13.00713968681,-2.587886307768,2.15));
#508 = CARTESIAN_POINT('',(-13.32677791151,-3.559790803001,2.15));
#509 = CARTESIAN_POINT('',(-13.52377658395,-4.572254945222,2.15));
#510 = CARTESIAN_POINT('',(-13.54876746068,-5.592588919157,2.15));
#511 = CARTESIAN_POINT('',(-13.37202353849,-6.581467818542,2.15));
#512 = CARTESIAN_POINT('',(-12.98091679701,-7.494535807085,2.15));
#513 = CARTESIAN_POINT('',(-12.38573009429,-8.289778175068,2.15));
#514 = CARTESIAN_POINT('',(-11.61770780725,-8.937282351344,2.15));
#515 = CARTESIAN_POINT('',(-10.72157722712,-9.425806604202,2.15));
#516 = CARTESIAN_POINT('',(-9.746258223312,-9.761432820461,2.15));
#517 = CARTESIAN_POINT('',(-8.744745128042,-9.970570245472,2.15));
#518 = CARTESIAN_POINT('',(-7.753277644207,-10.08090435058,2.15));
#519 = CARTESIAN_POINT('',(-6.851229062775,-10.18502658383,2.15));
#520 = CARTESIAN_POINT('',(-5.912427280811,-10.24062444642,2.15));
#521 = CARTESIAN_POINT('',(-5.394877228431,-11.02585170742,2.15));
#522 = CARTESIAN_POINT('',(-4.853680438626,-11.75498757777,2.15));
#523 = CARTESIAN_POINT('',(-4.262394558775,-12.55845655324,2.15));
#524 = CARTESIAN_POINT('',(-3.580519688198,-13.32122362346,2.15));
#525 = CARTESIAN_POINT('',(-2.802199356838,-13.99806154942,2.15));
#526 = CARTESIAN_POINT('',(-1.93105965343,-14.5298712705,2.15));
#527 = CARTESIAN_POINT('',(-0.986293444199,-14.87124599361,2.15));
#528 = CARTESIAN_POINT('',(2.252274192038E-15,-14.98907161416,2.15));
#529 = CARTESIAN_POINT('',(0.986293444199,-14.87124599361,2.15));
#530 = CARTESIAN_POINT('',(1.93105965343,-14.5298712705,2.15));
#531 = CARTESIAN_POINT('',(2.802199356838,-13.99806154942,2.15));
#532 = CARTESIAN_POINT('',(3.580519688198,-13.32122362346,2.15));
#533 = CARTESIAN_POINT('',(4.262394558775,-12.55845655324,2.15));
#534 = CARTESIAN_POINT('',(4.853680438626,-11.75498757777,2.15));
#535 = CARTESIAN_POINT('',(5.394877228431,-11.02585170742,2.15));
#536 = CARTESIAN_POINT('',(5.912427280811,-10.24062444642,2.15));
#537 = CARTESIAN_POINT('',(6.851229062775,-10.18502658383,2.15));
#538 = CARTESIAN_POINT('',(7.753277644207,-10.08090435058,2.15));
#539 = CARTESIAN_POINT('',(8.744745128042,-9.970570245472,2.15));
#540 = CARTESIAN_POINT('',(9.746258223312,-9.761432820461,2.15));
#541 = CARTESIAN_POINT('',(10.72157722712,-9.425806604202,2.15));
#542 = CARTESIAN_POINT('',(11.617707807257,-8.937282351344,2.15));
#543 = CARTESIAN_POINT('',(12.385730094294,-8.289778175067,2.15));
#544 = CARTESIAN_POINT('',(12.980916797014,-7.494535807087,2.15));
#545 = CARTESIAN_POINT('',(13.372023538496,-6.581467818531,2.15));
#546 = CARTESIAN_POINT('',(13.548767460677,-5.592588919199,2.15));
#547 = CARTESIAN_POINT('',(13.523776583994,-4.572254945061,2.15));
#548 = CARTESIAN_POINT('',(13.326777911372,-3.559790803613,2.15));
#549 = CARTESIAN_POINT('',(13.007139687324,-2.587886305515,2.15));
#550 = CARTESIAN_POINT('',(12.606958081049,-1.674083235111,2.15));
#551 = CARTESIAN_POINT('',(12.246106297138,-0.84082509724,2.15));
#552 = CARTESIAN_POINT('',(11.824854542008,-8.713333376375E-08,2.15));
#553 = CARTESIAN_POINT('',(12.246106368319,0.840825466167,2.15));
#554 = CARTESIAN_POINT('',(12.606957747958,1.6740817395,2.15));
#555 = CARTESIAN_POINT('',(13.007141041164,2.587892324452,2.15));
#556 = CARTESIAN_POINT('',(13.326772699817,3.559767650062,2.15));
#557 = CARTESIAN_POINT('',(13.523795912875,4.572340813903,2.15));
#558 = CARTESIAN_POINT('',(13.548697292875,5.592277198765,2.15));
#559 = CARTESIAN_POINT('',(13.372277469708,6.58259590755,2.15));
#560 = CARTESIAN_POINT('',(13.110071052151,7.189363632996,2.15));
#561 = CARTESIAN_POINT('',(12.784088521004,7.760636367004,2.15));
#562 = PCURVE('',#69,#563);
#563 = DEFINITIONAL_REPRESENTATION('',(#564),#664);
#564 = B_SPLINE_CURVE_WITH_KNOTS('',3,(#565,#566,#567,#568,#569,#570,
    #571,#572,#573,#574,#575,#576,#577,#578,#579,#580,#581,#582,#583,
    #584,#585,#586,#587,#588,#589,#590,#591,#592,#593,#594,#595,#596,
    #597,#598,#599,#600,#601,#602,#603,#604,#605,#606,#607,#608,#609,
    #610,#611,#612,#613,#614,#615,#616,#617,#618,#619,#620,#621,#622,
    #623,#624,#625,#626,#627,#628,#629,#630,#631,#632,#633,#634,#635,
    #636,#637,#638,#639,#640,#641,#642,#643,#644,#645,#646,#647,#648,
    #649,#650,#651,#652,#653,#654,#655,#656,#657,#658,#659,#660,#661,
    #662,#663),.UNSPECIFIED.,.F.,.F.,(1,1,2,1,1,1,1,1,1,1,1,1,1,1,1,1,1,
    1,1,1,1,1,1,1,1,1,1,1,1,1,1,1,1,1,1,1,1,1,1,1,1,1,1,1,1,1,1,1,1,1,1,
    1,1,1,1,1,1,1,1,1,1,1,1,1,1,1,1,1,1,1,1,1,1,1,1,1,1,1,1,1,1,1,1,1,1,
    1,1,1,1,1,1,1,1,1,1,1,1,1,2,1,1),(-1.973451869997,-0.979073365027,0.
    ,0.979073365027,1.973451869997,2.990231504762,4.023768323753,
    5.055670827117,6.057966232031,6.99775916374,7.839094684583,
    8.680430205426,9.620223137134,10.622518542049,11.654421045413,
    12.687957864403,13.704737499168,14.699116004138,15.678189369165,
    16.657262734192,17.651641239162,18.668420873927,19.701957692918,
    20.733860196282,21.736155601197,22.675948532905,23.517284053748,
    24.358619574591,25.298412506299,26.300707911214,27.332610414578,
    28.366147233569,29.382926868333,30.377305373304,31.35637873833,
    32.335452103357,33.329830608328,34.346610243092,35.380147062083,
    36.412049565447,37.414344970362,38.35413790207,39.195473422913,
    40.036808943756,40.976601875464,41.978897280379,43.010799783743,
    44.044336602734,45.061116237498,46.055494742469,47.034568107496,
    48.013641472523,49.008019977493,50.024799612258,51.058336431248,
    52.090238934612,53.092534339527,54.032327271235,54.873662792078,
    55.714998312921,56.654791244629,57.657086649544,58.688989152908,
    59.722525971899,60.739305606664,61.733684111634,62.712757476661,
    63.691830841688,64.686209346658,65.702988981423,66.736525800414,
    67.768428303777,68.770723708692,69.7105166404,70.551852161244,
    71.393187682087,72.332980613795,73.33527601871,74.367178522073,
    75.400715341064,76.417494975829,77.411873480799,78.390946845826,
    79.370020210853,80.364398715823,81.381178350588,82.414715169579,
    83.446617672943,84.448913077858,85.388706009566,86.230041530409,
    87.071377051252,88.01116998296,89.013465387875,90.045367891239,
    91.078904710229,92.095684344994,93.090062849965,94.069136214991,
    95.048209580018,96.042588084989),.UNSPECIFIED.);
#565 = CARTESIAN_POINT('',(13.110071052151,7.189363632996));
#566 = CARTESIAN_POINT('',(12.784088521004,7.760636367004));
#567 = CARTESIAN_POINT('',(12.385476163079,8.28865008606));
#568 = CARTESIAN_POINT('',(11.617777975069,8.937594071736));
#569 = CARTESIAN_POINT('',(10.721557898204,9.425720735521));
#570 = CARTESIAN_POINT('',(9.746263435005,9.7614559734));
#571 = CARTESIAN_POINT('',(8.744743773695,9.970564228788));
#572 = CARTESIAN_POINT('',(7.753277979083,10.080905838271));
#573 = CARTESIAN_POINT('',(6.851228985662,10.185026241259));
#574 = CARTESIAN_POINT('',(5.912427300424,10.240624533554));
#575 = CARTESIAN_POINT('',(5.394877222499,11.025851681072));
#576 = CARTESIAN_POINT('',(4.853680440411,11.754987585699));
#577 = CARTESIAN_POINT('',(4.262394558268,12.558456550987));
#578 = CARTESIAN_POINT('',(3.580519688336,13.321223624074));
#579 = CARTESIAN_POINT('',(2.802199356801,13.998061549262));
#580 = CARTESIAN_POINT('',(1.931059653439,14.529871270543));
#581 = CARTESIAN_POINT('',(0.986293444197,14.871245993599));
#582 = CARTESIAN_POINT('',(6.582039215095E-13,14.989071614172));
#583 = CARTESIAN_POINT('',(-0.9862934442,14.871245993609));
#584 = CARTESIAN_POINT('',(-1.93105965343,14.529871270502));
#585 = CARTESIAN_POINT('',(-2.802199356838,13.998061549424));
#586 = CARTESIAN_POINT('',(-3.580519688198,13.321223623461));
#587 = CARTESIAN_POINT('',(-4.262394558775,12.55845655324));
#588 = CARTESIAN_POINT('',(-4.853680438626,11.754987577771));
#589 = CARTESIAN_POINT('',(-5.394877228431,11.025851707426));
#590 = CARTESIAN_POINT('',(-5.912427280811,10.24062444642));
#591 = CARTESIAN_POINT('',(-6.851229062775,10.185026583833));
#592 = CARTESIAN_POINT('',(-7.753277644207,10.080904350588));
#593 = CARTESIAN_POINT('',(-8.744745128042,9.970570245472));
#594 = CARTESIAN_POINT('',(-9.746258223312,9.761432820461));
#595 = CARTESIAN_POINT('',(-10.72157722712,9.425806604202));
#596 = CARTESIAN_POINT('',(-11.61770780725,8.937282351344));
#597 = CARTESIAN_POINT('',(-12.38573009429,8.289778175068));
#598 = CARTESIAN_POINT('',(-12.98091679701,7.494535807085));
#599 = CARTESIAN_POINT('',(-13.37202353849,6.581467818542));
#600 = CARTESIAN_POINT('',(-13.54876746068,5.592588919157));
#601 = CARTESIAN_POINT('',(-13.52377658395,4.572254945222));
#602 = CARTESIAN_POINT('',(-13.32677791151,3.559790803001));
#603 = CARTESIAN_POINT('',(-13.00713968681,2.587886307768));
#604 = CARTESIAN_POINT('',(-12.60695808283,1.674083227184));
#605 = CARTESIAN_POINT('',(-12.2461062912,0.840825123593));
#606 = CARTESIAN_POINT('',(-11.82485456162,7.000949298427E-15));
#607 = CARTESIAN_POINT('',(-12.2461062912,-0.840825123593));
#608 = CARTESIAN_POINT('',(-12.60695808283,-1.674083227184));
#609 = CARTESIAN_POINT('',(-13.00713968681,-2.587886307768));
#610 = CARTESIAN_POINT('',(-13.32677791151,-3.559790803001));
#611 = CARTESIAN_POINT('',(-13.52377658395,-4.572254945222));
#612 = CARTESIAN_POINT('',(-13.54876746068,-5.592588919157));
#613 = CARTESIAN_POINT('',(-13.37202353849,-6.581467818542));
#614 = CARTESIAN_POINT('',(-12.98091679701,-7.494535807085));
#615 = CARTESIAN_POINT('',(-12.38573009429,-8.289778175068));
#616 = CARTESIAN_POINT('',(-11.61770780725,-8.937282351344));
#617 = CARTESIAN_POINT('',(-10.72157722712,-9.425806604202));
#618 = CARTESIAN_POINT('',(-9.746258223312,-9.761432820461));
#619 = CARTESIAN_POINT('',(-8.744745128042,-9.970570245472));
#620 = CARTESIAN_POINT('',(-7.753277644207,-10.08090435058));
#621 = CARTESIAN_POINT('',(-6.851229062775,-10.18502658383));
#622 = CARTESIAN_POINT('',(-5.912427280811,-10.24062444642));
#623 = CARTESIAN_POINT('',(-5.394877228431,-11.02585170742));
#624 = CARTESIAN_POINT('',(-4.853680438626,-11.75498757777));
#625 = CARTESIAN_POINT('',(-4.262394558775,-12.55845655324));
#626 = CARTESIAN_POINT('',(-3.580519688198,-13.32122362346));
#627 = CARTESIAN_POINT('',(-2.802199356838,-13.99806154942));
#628 = CARTESIAN_POINT('',(-1.93105965343,-14.5298712705));
#629 = CARTESIAN_POINT('',(-0.986293444199,-14.87124599361));
#630 = CARTESIAN_POINT('',(2.252274192038E-15,-14.98907161416));
#631 = CARTESIAN_POINT('',(0.986293444199,-14.87124599361));
#632 = CARTESIAN_POINT('',(1.93105965343,-14.5298712705));
#633 = CARTESIAN_POINT('',(2.802199356838,-13.99806154942));
#634 = CARTESIAN_POINT('',(3.580519688198,-13.32122362346));
#635 = CARTESIAN_POINT('',(4.262394558775,-12.55845655324));
#636 = CARTESIAN_POINT('',(4.853680438626,-11.75498757777));
#637 = CARTESIAN_POINT('',(5.394877228431,-11.02585170742));
#638 = CARTESIAN_POINT('',(5.912427280811,-10.24062444642));
#639 = CARTESIAN_POINT('',(6.851229062775,-10.18502658383));
#640 = CARTESIAN_POINT('',(7.753277644207,-10.08090435058));
#641 = CARTESIAN_POINT('',(8.744745128042,-9.970570245472));
#642 = CARTESIAN_POINT('',(9.746258223312,-9.761432820461));
#643 = CARTESIAN_POINT('',(10.72157722712,-9.425806604202));
#644 = CARTESIAN_POINT('',(11.617707807257,-8.937282351344));
#645 = CARTESIAN_POINT('',(12.385730094294,-8.289778175067));
#646 = CARTESIAN_POINT('',(12.980916797014,-7.494535807087));
#647 = CARTESIAN_POINT('',(13.372023538496,-6.581467818531));
#648 = CARTESIAN_POINT('',(13.548767460677,-5.592588919199));
#649 = CARTESIAN_POINT('',(13.523776583994,-4.572254945061));
#650 = CARTESIAN_POINT('',(13.326777911372,-3.559790803613));
#651 = CARTESIAN_POINT('',(13.007139687324,-2.587886305515));
#652 = CARTESIAN_POINT('',(12.606958081049,-1.674083235111));
#653 = CARTESIAN_POINT('',(12.246106297138,-0.84082509724));
#654 = CARTESIAN_POINT('',(11.824854542008,-8.713333376375E-08));
#655 = CARTESIAN_POINT('',(12.246106368319,0.840825466167));
#656 = CARTESIAN_POINT('',(12.606957747958,1.6740817395));
#657 = CARTESIAN_POINT('',(13.007141041164,2.587892324452));
#658 = CARTESIAN_POINT('',(13.326772699817,3.559767650062));
#659 = CARTESIAN_POINT('',(13.523795912875,4.572340813903));
#660 = CARTESIAN_POINT('',(13.548697292875,5.592277198765));
#661 = CARTESIAN_POINT('',(13.372277469708,6.58259590755));
#662 = CARTESIAN_POINT('',(13.110071052151,7.189363632996));
#663 = CARTESIAN_POINT('',(12.784088521004,7.760636367004));
#664 = ( GEOMETRIC_REPRESENTATION_CONTEXT(2) 
PARAMETRIC_REPRESENTATION_CONTEXT() REPRESENTATION_CONTEXT('2D SPACE',''
  ) );
#665 = PCURVE('',#348,#666);
#666 = DEFINITIONAL_REPRESENTATION('',(#667),#671);
#667 = LINE('',#668,#669);
#668 = CARTESIAN_POINT('',(0.,0.));
#669 = VECTOR('',#670,1.);
#670 = DIRECTION('',(1.,0.));
#671 = ( GEOMETRIC_REPRESENTATION_CONTEXT(2) 
PARAMETRIC_REPRESENTATION_CONTEXT() REPRESENTATION_CONTEXT('2D SPACE',''
  ) );
#672 = ORIENTED_EDGE('',*,*,#673,.F.);
#673 = EDGE_CURVE('',#674,#459,#676,.T.);
#674 = VERTEX_POINT('',#675);
#675 = CARTESIAN_POINT('',(2.011377065299E-15,15.678,2.15));
#676 = SURFACE_CURVE('',#677,(#682,#689),.PCURVE_S1.);
#677 = CIRCLE('',#678,1.1055);
#678 = AXIS2_PLACEMENT_3D('',#679,#680,#681);
#679 = CARTESIAN_POINT('',(1.617872502635E-15,14.5725,2.15));
#680 = DIRECTION('',(0.,0.,1.));
#681 = DIRECTION('',(1.110223024625E-16,1.,-0.));
#682 = PCURVE('',#69,#683);
#683 = DEFINITIONAL_REPRESENTATION('',(#684),#688);
#684 = CIRCLE('',#685,1.1055);
#685 = AXIS2_PLACEMENT_2D('',#686,#687);
#686 = CARTESIAN_POINT('',(1.617872502635E-15,14.5725));
#687 = DIRECTION('',(1.110223024625E-16,1.));
#688 = ( GEOMETRIC_REPRESENTATION_CONTEXT(2) 
PARAMETRIC_REPRESENTATION_CONTEXT() REPRESENTATION_CONTEXT('2D SPACE',''
  ) );
#689 = PCURVE('',#690,#695);
#690 = CYLINDRICAL_SURFACE('',#691,1.1055);
#691 = AXIS2_PLACEMENT_3D('',#692,#693,#694);
#692 = CARTESIAN_POINT('',(1.617872502635E-15,14.5725,1.79));
#693 = DIRECTION('',(0.,0.,1.));
#694 = DIRECTION('',(1.110223024625E-16,1.,0.));
#695 = DEFINITIONAL_REPRESENTATION('',(#696),#700);
#696 = LINE('',#697,#698);
#697 = CARTESIAN_POINT('',(0.,0.36));
#698 = VECTOR('',#699,1.);
#699 = DIRECTION('',(1.,0.));
#700 = ( GEOMETRIC_REPRESENTATION_CONTEXT(2) 
PARAMETRIC_REPRESENTATION_CONTEXT() REPRESENTATION_CONTEXT('2D SPACE',''
  ) );
#701 = ORIENTED_EDGE('',*,*,#702,.F.);
#702 = EDGE_CURVE('',#141,#674,#703,.T.);
#703 = SURFACE_CURVE('',#704,(#709,#716),.PCURVE_S1.);
#704 = CIRCLE('',#705,1.1055);
#705 = AXIS2_PLACEMENT_3D('',#706,#707,#708);
#706 = CARTESIAN_POINT('',(1.617872502635E-15,14.5725,2.15));
#707 = DIRECTION('',(0.,0.,1.));
#708 = DIRECTION('',(1.110223024625E-16,1.,-0.));
#709 = PCURVE('',#69,#710);
#710 = DEFINITIONAL_REPRESENTATION('',(#711),#715);
#711 = CIRCLE('',#712,1.1055);
#712 = AXIS2_PLACEMENT_2D('',#713,#714);
#713 = CARTESIAN_POINT('',(1.617872502635E-15,14.5725));
#714 = DIRECTION('',(1.110223024625E-16,1.));
#715 = ( GEOMETRIC_REPRESENTATION_CONTEXT(2) 
PARAMETRIC_REPRESENTATION_CONTEXT() REPRESENTATION_CONTEXT('2D SPACE',''
  ) );
#716 = PCURVE('',#690,#717);
#717 = DEFINITIONAL_REPRESENTATION('',(#718),#722);
#718 = LINE('',#719,#720);
#719 = CARTESIAN_POINT('',(0.,0.36));
#720 = VECTOR('',#721,1.);
#721 = DIRECTION('',(1.,0.));
#722 = ( GEOMETRIC_REPRESENTATION_CONTEXT(2) 
PARAMETRIC_REPRESENTATION_CONTEXT() REPRESENTATION_CONTEXT('2D SPACE',''
  ) );
#723 = ADVANCED_FACE('',(#724,#727),#119,.F.);
#724 = FACE_BOUND('',#725,.F.);
#725 = EDGE_LOOP('',(#726));
#726 = ORIENTED_EDGE('',*,*,#104,.T.);
#727 = FACE_BOUND('',#728,.F.);
#728 = EDGE_LOOP('',(#729));
#729 = ORIENTED_EDGE('',*,*,#730,.F.);
#730 = EDGE_CURVE('',#731,#731,#733,.T.);
#731 = VERTEX_POINT('',#732);
#732 = CARTESIAN_POINT('',(3.2,-7.837739514543E-16,0.));
#733 = SURFACE_CURVE('',#734,(#739,#746),.PCURVE_S1.);
#734 = CIRCLE('',#735,3.2);
#735 = AXIS2_PLACEMENT_3D('',#736,#737,#738);
#736 = CARTESIAN_POINT('',(0.,0.,0.));
#737 = DIRECTION('',(0.,0.,1.));
#738 = DIRECTION('',(1.,0.,-0.));
#739 = PCURVE('',#119,#740);
#740 = DEFINITIONAL_REPRESENTATION('',(#741),#745);
#741 = CIRCLE('',#742,3.2);
#742 = AXIS2_PLACEMENT_2D('',#743,#744);
#743 = CARTESIAN_POINT('',(0.,0.));
#744 = DIRECTION('',(1.,0.));
#745 = ( GEOMETRIC_REPRESENTATION_CONTEXT(2) 
PARAMETRIC_REPRESENTATION_CONTEXT() REPRESENTATION_CONTEXT('2D SPACE',''
  ) );
#746 = PCURVE('',#747,#752);
#747 = CYLINDRICAL_SURFACE('',#748,3.2);
#748 = AXIS2_PLACEMENT_3D('',#749,#750,#751);
#749 = CARTESIAN_POINT('',(0.,0.,-0.25));
#750 = DIRECTION('',(0.,0.,1.));
#751 = DIRECTION('',(1.,0.,-0.));
#752 = DEFINITIONAL_REPRESENTATION('',(#753),#757);
#753 = LINE('',#754,#755);
#754 = CARTESIAN_POINT('',(0.,0.25));
#755 = VECTOR('',#756,1.);
#756 = DIRECTION('',(1.,0.));
#757 = ( GEOMETRIC_REPRESENTATION_CONTEXT(2) 
PARAMETRIC_REPRESENTATION_CONTEXT() REPRESENTATION_CONTEXT('2D SPACE',''
  ) );
#758 = ADVANCED_FACE('',(#759,#1556),#348,.F.);
#759 = FACE_BOUND('',#760,.F.);
#760 = EDGE_LOOP('',(#761,#784,#785,#817,#905,#935,#936,#937));
#761 = ORIENTED_EDGE('',*,*,#762,.F.);
#762 = EDGE_CURVE('',#139,#763,#765,.T.);
#763 = VERTEX_POINT('',#764);
#764 = CARTESIAN_POINT('',(12.947079786577,7.475,15.));
#765 = SEAM_CURVE('',#766,(#770,#777),.PCURVE_S1.);
#766 = LINE('',#767,#768);
#767 = CARTESIAN_POINT('',(12.947079786577,7.475,2.15));
#768 = VECTOR('',#769,1.);
#769 = DIRECTION('',(0.,0.,1.));
#770 = PCURVE('',#348,#771);
#771 = DEFINITIONAL_REPRESENTATION('',(#772),#776);
#772 = LINE('',#773,#774);
#773 = CARTESIAN_POINT('',(94.069136214991,0.));
#774 = VECTOR('',#775,1.);
#775 = DIRECTION('',(0.,-1.));
#776 = ( GEOMETRIC_REPRESENTATION_CONTEXT(2) 
PARAMETRIC_REPRESENTATION_CONTEXT() REPRESENTATION_CONTEXT('2D SPACE',''
  ) );
#777 = PCURVE('',#348,#778);
#778 = DEFINITIONAL_REPRESENTATION('',(#779),#783);
#779 = LINE('',#780,#781);
#780 = CARTESIAN_POINT('',(0.,0.));
#781 = VECTOR('',#782,1.);
#782 = DIRECTION('',(0.,-1.));
#783 = ( GEOMETRIC_REPRESENTATION_CONTEXT(2) 
PARAMETRIC_REPRESENTATION_CONTEXT() REPRESENTATION_CONTEXT('2D SPACE',''
  ) );
#784 = ORIENTED_EDGE('',*,*,#458,.F.);
#785 = ORIENTED_EDGE('',*,*,#786,.F.);
#786 = EDGE_CURVE('',#787,#459,#789,.T.);
#787 = VERTEX_POINT('',#788);
#788 = CARTESIAN_POINT('',(-1.079917803001,14.808948279254,2.27));
#789 = SURFACE_CURVE('',#790,(#797,#807),.PCURVE_S1.);
#790 = B_SPLINE_CURVE_WITH_KNOTS('',5,(#791,#792,#793,#794,#795,#796),
  .UNSPECIFIED.,.F.,.F.,(6,6),(0.,1.),.PIECEWISE_BEZIER_KNOTS.);
#791 = CARTESIAN_POINT('',(-1.079917803001,14.808948279254,
    2.270064989237));
#792 = CARTESIAN_POINT('',(-1.079917803001,14.808948279254,
    2.262614076691));
#793 = CARTESIAN_POINT('',(-1.079917803001,14.808948279254,
    2.225097029239));
#794 = CARTESIAN_POINT('',(-1.079917803001,14.808948279254,
    2.196294007228));
#795 = CARTESIAN_POINT('',(-1.079917803001,14.808948279254,
    2.178972535406));
#796 = CARTESIAN_POINT('',(-1.079917803001,14.808948279254,
    2.149935010763));
#797 = PCURVE('',#348,#798);
#798 = DEFINITIONAL_REPRESENTATION('',(#799),#806);
#799 = B_SPLINE_CURVE_WITH_KNOTS('',5,(#800,#801,#802,#803,#804,#805),
  .UNSPECIFIED.,.F.,.F.,(6,6),(0.,1.),.PIECEWISE_BEZIER_KNOTS.);
#800 = CARTESIAN_POINT('',(16.767877843269,-0.120064989237));
#801 = CARTESIAN_POINT('',(16.767877843269,-0.112614076691));
#802 = CARTESIAN_POINT('',(16.767877843269,-7.509702923924E-02));
#803 = CARTESIAN_POINT('',(16.767877843269,-4.629400722789E-02));
#804 = CARTESIAN_POINT('',(16.767877843269,-2.897253540627E-02));
#805 = CARTESIAN_POINT('',(16.767877843269,6.498923706148E-05));
#806 = ( GEOMETRIC_REPRESENTATION_CONTEXT(2) 
PARAMETRIC_REPRESENTATION_CONTEXT() REPRESENTATION_CONTEXT('2D SPACE',''
  ) );
#807 = PCURVE('',#690,#808);
#808 = DEFINITIONAL_REPRESENTATION('',(#809),#816);
#809 = B_SPLINE_CURVE_WITH_KNOTS('',5,(#810,#811,#812,#813,#814,#815),
  .UNSPECIFIED.,.F.,.F.,(6,6),(0.,1.),.PIECEWISE_BEZIER_KNOTS.);
#810 = CARTESIAN_POINT('',(1.355247524203,0.480064989237));
#811 = CARTESIAN_POINT('',(1.355247524203,0.472614076691));
#812 = CARTESIAN_POINT('',(1.355247524203,0.435097029239));
#813 = CARTESIAN_POINT('',(1.355247524203,0.406294007228));
#814 = CARTESIAN_POINT('',(1.355247524203,0.388972535406));
#815 = CARTESIAN_POINT('',(1.355247524203,0.359935010763));
#816 = ( GEOMETRIC_REPRESENTATION_CONTEXT(2) 
PARAMETRIC_REPRESENTATION_CONTEXT() REPRESENTATION_CONTEXT('2D SPACE',''
  ) );
#817 = ORIENTED_EDGE('',*,*,#818,.T.);
#818 = EDGE_CURVE('',#787,#819,#821,.T.);
#819 = VERTEX_POINT('',#820);
#820 = CARTESIAN_POINT('',(1.079917803,14.808948279256,2.27));
#821 = SURFACE_CURVE('',#822,(#846,#873),.PCURVE_S1.);
#822 = B_SPLINE_CURVE_WITH_KNOTS('',8,(#823,#824,#825,#826,#827,#828,
    #829,#830,#831,#832,#833,#834,#835,#836,#837,#838,#839,#840,#841,
    #842,#843,#844,#845),.UNSPECIFIED.,.F.,.F.,(9,7,7,9),(0.,
    0.485967663012,0.738819582643,1.),.UNSPECIFIED.);
#823 = CARTESIAN_POINT('',(-1.1055,14.80213488441,2.27));
#824 = CARTESIAN_POINT('',(-0.974308417088,14.837498018014,2.27));
#825 = CARTESIAN_POINT('',(-0.841878856278,14.868256824145,2.27));
#826 = CARTESIAN_POINT('',(-0.70829124579,14.894121470558,2.27));
#827 = CARTESIAN_POINT('',(-0.573881884265,14.915286736134,2.27));
#828 = CARTESIAN_POINT('',(-0.43874258226,14.931447072085,2.27));
#829 = CARTESIAN_POINT('',(-0.303157551414,14.94267891546,2.27));
#830 = CARTESIAN_POINT('',(-0.167308632868,14.948841331152,2.27));
#831 = CARTESIAN_POINT('',(3.92782329096E-02,14.95042022971,2.27));
#832 = CARTESIAN_POINT('',(0.109989978855,14.949567486388,2.27));
#833 = CARTESIAN_POINT('',(0.180681661046,14.9473309408,2.27));
#834 = CARTESIAN_POINT('',(0.251323250304,14.943720208412,2.27));
#835 = CARTESIAN_POINT('',(0.321884682785,14.938745220481,2.27));
#836 = CARTESIAN_POINT('',(0.392335859985,14.932416224058,2.27));
#837 = CARTESIAN_POINT('',(0.462646648741,14.924743781981,2.27));
#838 = CARTESIAN_POINT('',(0.605237409664,14.90643715461,2.27));
#839 = CARTESIAN_POINT('',(0.677508346806,14.895716898024,2.27));
#840 = CARTESIAN_POINT('',(0.749563897923,14.883583761474,2.27));
#841 = CARTESIAN_POINT('',(0.821370296179,14.870046481353,2.27));
#842 = CARTESIAN_POINT('',(0.892895802625,14.855116772093,2.27));
#843 = CARTESIAN_POINT('',(0.964110706206,14.838809326168,2.27));
#844 = CARTESIAN_POINT('',(1.034987323756,14.82114181409,2.27));
#845 = CARTESIAN_POINT('',(1.1055,14.802134884413,2.27));
#846 = PCURVE('',#348,#847);
#847 = DEFINITIONAL_REPRESENTATION('',(#848),#872);
#848 = B_SPLINE_CURVE_WITH_KNOTS('',8,(#849,#850,#851,#852,#853,#854,
    #855,#856,#857,#858,#859,#860,#861,#862,#863,#864,#865,#866,#867,
    #868,#869,#870,#871),.UNSPECIFIED.,.F.,.F.,(9,7,7,9),(0.,
    0.485967663012,0.738819582643,1.),.UNSPECIFIED.);
#849 = CARTESIAN_POINT('',(16.794302023522,-0.12));
#850 = CARTESIAN_POINT('',(16.658682592306,-0.12));
#851 = CARTESIAN_POINT('',(16.523070363307,-0.12));
#852 = CARTESIAN_POINT('',(16.387506807924,-0.12));
#853 = CARTESIAN_POINT('',(16.251907977158,-0.12));
#854 = CARTESIAN_POINT('',(16.116333779978,-0.12));
#855 = CARTESIAN_POINT('',(15.980738653656,-0.12));
#856 = CARTESIAN_POINT('',(15.845142682664,-0.12));
#857 = CARTESIAN_POINT('',(15.638993841139,-0.12));
#858 = CARTESIAN_POINT('',(15.568442029495,-0.12));
#859 = CARTESIAN_POINT('',(15.497890229771,-0.12));
#860 = CARTESIAN_POINT('',(15.427338393518,-0.12));
#861 = CARTESIAN_POINT('',(15.356786507043,-0.12));
#862 = CARTESIAN_POINT('',(15.286234591402,-0.12));
#863 = CARTESIAN_POINT('',(15.215682702405,-0.12));
#864 = CARTESIAN_POINT('',(15.072255307484,-0.12));
#865 = CARTESIAN_POINT('',(14.999380327154,-0.12));
#866 = CARTESIAN_POINT('',(14.926504248494,-0.12));
#867 = CARTESIAN_POINT('',(14.853625762866,-0.12));
#868 = CARTESIAN_POINT('',(14.780743994112,-0.12));
#869 = CARTESIAN_POINT('',(14.707858498562,-0.12));
#870 = CARTESIAN_POINT('',(14.634969265028,-0.12));
#871 = CARTESIAN_POINT('',(14.562076714809,-0.12));
#872 = ( GEOMETRIC_REPRESENTATION_CONTEXT(2) 
PARAMETRIC_REPRESENTATION_CONTEXT() REPRESENTATION_CONTEXT('2D SPACE',''
  ) );
#873 = PCURVE('',#874,#879);
#874 = PLANE('',#875);
#875 = AXIS2_PLACEMENT_3D('',#876,#877,#878);
#876 = CARTESIAN_POINT('',(1.617872502635E-15,14.5725,2.27));
#877 = DIRECTION('',(0.,0.,1.));
#878 = DIRECTION('',(1.110223024625E-16,1.,0.));
#879 = DEFINITIONAL_REPRESENTATION('',(#880),#904);
#880 = B_SPLINE_CURVE_WITH_KNOTS('',8,(#881,#882,#883,#884,#885,#886,
    #887,#888,#889,#890,#891,#892,#893,#894,#895,#896,#897,#898,#899,
    #900,#901,#902,#903),.UNSPECIFIED.,.F.,.F.,(9,7,7,9),(0.,
    0.485967663012,0.738819582643,1.),.UNSPECIFIED.);
#881 = CARTESIAN_POINT('',(0.22963488441,1.1055));
#882 = CARTESIAN_POINT('',(0.264998018014,0.974308417088));
#883 = CARTESIAN_POINT('',(0.295756824145,0.841878856278));
#884 = CARTESIAN_POINT('',(0.321621470558,0.70829124579));
#885 = CARTESIAN_POINT('',(0.342786736134,0.573881884265));
#886 = CARTESIAN_POINT('',(0.358947072085,0.43874258226));
#887 = CARTESIAN_POINT('',(0.37017891546,0.303157551414));
#888 = CARTESIAN_POINT('',(0.376341331152,0.167308632868));
#889 = CARTESIAN_POINT('',(0.37792022971,-3.927823290959E-02));
#890 = CARTESIAN_POINT('',(0.377067486388,-0.109989978855));
#891 = CARTESIAN_POINT('',(0.3748309408,-0.180681661046));
#892 = CARTESIAN_POINT('',(0.371220208412,-0.251323250304));
#893 = CARTESIAN_POINT('',(0.366245220481,-0.321884682785));
#894 = CARTESIAN_POINT('',(0.359916224058,-0.392335859985));
#895 = CARTESIAN_POINT('',(0.352243781981,-0.462646648741));
#896 = CARTESIAN_POINT('',(0.33393715461,-0.605237409664));
#897 = CARTESIAN_POINT('',(0.323216898024,-0.677508346806));
#898 = CARTESIAN_POINT('',(0.311083761474,-0.749563897923));
#899 = CARTESIAN_POINT('',(0.297546481353,-0.821370296179));
#900 = CARTESIAN_POINT('',(0.282616772093,-0.892895802625));
#901 = CARTESIAN_POINT('',(0.266309326168,-0.964110706206));
#902 = CARTESIAN_POINT('',(0.24864181409,-1.034987323756));
#903 = CARTESIAN_POINT('',(0.229634884413,-1.1055));
#904 = ( GEOMETRIC_REPRESENTATION_CONTEXT(2) 
PARAMETRIC_REPRESENTATION_CONTEXT() REPRESENTATION_CONTEXT('2D SPACE',''
  ) );
#905 = ORIENTED_EDGE('',*,*,#906,.T.);
#906 = EDGE_CURVE('',#819,#141,#907,.T.);
#907 = SURFACE_CURVE('',#908,(#915,#925),.PCURVE_S1.);
#908 = B_SPLINE_CURVE_WITH_KNOTS('',5,(#909,#910,#911,#912,#913,#914),
  .UNSPECIFIED.,.F.,.F.,(6,6),(0.,1.),.PIECEWISE_BEZIER_KNOTS.);
#909 = CARTESIAN_POINT('',(1.079917803,14.808948279256,2.270064989237));
#910 = CARTESIAN_POINT('',(1.079917803,14.808948279256,2.262614076691));
#911 = CARTESIAN_POINT('',(1.079917803,14.808948279256,2.225097029239));
#912 = CARTESIAN_POINT('',(1.079917803,14.808948279256,2.196294007228));
#913 = CARTESIAN_POINT('',(1.079917803,14.808948279256,2.178972535406));
#914 = CARTESIAN_POINT('',(1.079917803,14.808948279256,2.149935010763));
#915 = PCURVE('',#348,#916);
#916 = DEFINITIONAL_REPRESENTATION('',(#917),#924);
#917 = B_SPLINE_CURVE_WITH_KNOTS('',5,(#918,#919,#920,#921,#922,#923),
  .UNSPECIFIED.,.F.,.F.,(6,6),(0.,1.),.PIECEWISE_BEZIER_KNOTS.);
#918 = CARTESIAN_POINT('',(14.588500895063,-0.120064989237));
#919 = CARTESIAN_POINT('',(14.588500895063,-0.112614076691));
#920 = CARTESIAN_POINT('',(14.588500895063,-7.509702923924E-02));
#921 = CARTESIAN_POINT('',(14.588500895063,-4.629400722789E-02));
#922 = CARTESIAN_POINT('',(14.588500895063,-2.897253540627E-02));
#923 = CARTESIAN_POINT('',(14.588500895063,6.498923706148E-05));
#924 = ( GEOMETRIC_REPRESENTATION_CONTEXT(2) 
PARAMETRIC_REPRESENTATION_CONTEXT() REPRESENTATION_CONTEXT('2D SPACE',''
  ) );
#925 = PCURVE('',#690,#926);
#926 = DEFINITIONAL_REPRESENTATION('',(#927),#934);
#927 = B_SPLINE_CURVE_WITH_KNOTS('',5,(#928,#929,#930,#931,#932,#933),
  .UNSPECIFIED.,.F.,.F.,(6,6),(0.,1.),.PIECEWISE_BEZIER_KNOTS.);
#928 = CARTESIAN_POINT('',(4.927937782979,0.480064989237));
#929 = CARTESIAN_POINT('',(4.927937782979,0.472614076691));
#930 = CARTESIAN_POINT('',(4.927937782979,0.435097029239));
#931 = CARTESIAN_POINT('',(4.927937782979,0.406294007228));
#932 = CARTESIAN_POINT('',(4.927937782979,0.388972535406));
#933 = CARTESIAN_POINT('',(4.927937782979,0.359935010763));
#934 = ( GEOMETRIC_REPRESENTATION_CONTEXT(2) 
PARAMETRIC_REPRESENTATION_CONTEXT() REPRESENTATION_CONTEXT('2D SPACE',''
  ) );
#935 = ORIENTED_EDGE('',*,*,#138,.F.);
#936 = ORIENTED_EDGE('',*,*,#762,.T.);
#937 = ORIENTED_EDGE('',*,*,#938,.T.);
#938 = EDGE_CURVE('',#763,#763,#939,.T.);
#939 = SURFACE_CURVE('',#940,(#1040,#1047),.PCURVE_S1.);
#940 = B_SPLINE_CURVE_WITH_KNOTS('',3,(#941,#942,#943,#944,#945,#946,
    #947,#948,#949,#950,#951,#952,#953,#954,#955,#956,#957,#958,#959,
    #960,#961,#962,#963,#964,#965,#966,#967,#968,#969,#970,#971,#972,
    #973,#974,#975,#976,#977,#978,#979,#980,#981,#982,#983,#984,#985,
    #986,#987,#988,#989,#990,#991,#992,#993,#994,#995,#996,#997,#998,
    #999,#1000,#1001,#1002,#1003,#1004,#1005,#1006,#1007,#1008,#1009,
    #1010,#1011,#1012,#1013,#1014,#1015,#1016,#1017,#1018,#1019,#1020,
    #1021,#1022,#1023,#1024,#1025,#1026,#1027,#1028,#1029,#1030,#1031,
    #1032,#1033,#1034,#1035,#1036,#1037,#1038,#1039),.UNSPECIFIED.,.T.,
  .F.,(1,1,2,1,1,1,1,1,1,1,1,1,1,1,1,1,1,1,1,1,1,1,1,1,1,1,1,1,1,1,1,1,1
    ,1,1,1,1,1,1,1,1,1,1,1,1,1,1,1,1,1,1,1,1,1,1,1,1,1,1,1,1,1,1,1,1,1,1
    ,1,1,1,1,1,1,1,1,1,1,1,1,1,1,1,1,1,1,1,1,1,1,1,1,1,1,1,1,1,1,1,2,1,1
    ),(-1.973451869997,-0.979073365027,0.,0.979073365027,1.973451869997,
    2.990231504762,4.023768323753,5.055670827117,6.057966232031,
    6.99775916374,7.839094684583,8.680430205426,9.620223137134,
    10.622518542049,11.654421045413,12.687957864403,13.704737499168,
    14.699116004138,15.678189369165,16.657262734192,17.651641239162,
    18.668420873927,19.701957692918,20.733860196282,21.736155601197,
    22.675948532905,23.517284053748,24.358619574591,25.298412506299,
    26.300707911214,27.332610414578,28.366147233569,29.382926868333,
    30.377305373304,31.35637873833,32.335452103357,33.329830608328,
    34.346610243092,35.380147062083,36.412049565447,37.414344970362,
    38.35413790207,39.195473422913,40.036808943756,40.976601875464,
    41.978897280379,43.010799783743,44.044336602734,45.061116237498,
    46.055494742469,47.034568107496,48.013641472523,49.008019977493,
    50.024799612258,51.058336431248,52.090238934612,53.092534339527,
    54.032327271235,54.873662792078,55.714998312921,56.654791244629,
    57.657086649544,58.688989152908,59.722525971899,60.739305606664,
    61.733684111634,62.712757476661,63.691830841688,64.686209346658,
    65.702988981423,66.736525800414,67.768428303777,68.770723708692,
    69.7105166404,70.551852161244,71.393187682087,72.332980613795,
    73.33527601871,74.367178522073,75.400715341064,76.417494975829,
    77.411873480799,78.390946845826,79.370020210853,80.364398715823,
    81.381178350588,82.414715169579,83.446617672943,84.448913077858,
    85.388706009566,86.230041530409,87.071377051252,88.01116998296,
    89.013465387875,90.045367891239,91.078904710229,92.095684344994,
    93.090062849965,94.069136214991,95.048209580018,96.042588084989),
  .UNSPECIFIED.);
#941 = CARTESIAN_POINT('',(13.110071052151,7.189363632996,15.));
#942 = CARTESIAN_POINT('',(12.784088521004,7.760636367004,15.));
#943 = CARTESIAN_POINT('',(12.385476163079,8.28865008606,15.));
#944 = CARTESIAN_POINT('',(11.617777975069,8.937594071736,15.));
#945 = CARTESIAN_POINT('',(10.721557898204,9.425720735521,15.));
#946 = CARTESIAN_POINT('',(9.746263435005,9.7614559734,15.));
#947 = CARTESIAN_POINT('',(8.744743773695,9.970564228788,15.));
#948 = CARTESIAN_POINT('',(7.753277979083,10.080905838271,15.));
#949 = CARTESIAN_POINT('',(6.851228985662,10.185026241259,15.));
#950 = CARTESIAN_POINT('',(5.912427300424,10.240624533554,15.));
#951 = CARTESIAN_POINT('',(5.394877222499,11.025851681072,15.));
#952 = CARTESIAN_POINT('',(4.853680440411,11.754987585699,15.));
#953 = CARTESIAN_POINT('',(4.262394558268,12.558456550987,15.));
#954 = CARTESIAN_POINT('',(3.580519688336,13.321223624074,15.));
#955 = CARTESIAN_POINT('',(2.802199356801,13.998061549262,15.));
#956 = CARTESIAN_POINT('',(1.931059653439,14.529871270543,15.));
#957 = CARTESIAN_POINT('',(0.986293444197,14.871245993599,15.));
#958 = CARTESIAN_POINT('',(6.582039215095E-13,14.989071614172,15.));
#959 = CARTESIAN_POINT('',(-0.9862934442,14.871245993609,15.));
#960 = CARTESIAN_POINT('',(-1.93105965343,14.529871270502,15.));
#961 = CARTESIAN_POINT('',(-2.802199356838,13.998061549424,15.));
#962 = CARTESIAN_POINT('',(-3.580519688198,13.321223623461,15.));
#963 = CARTESIAN_POINT('',(-4.262394558775,12.55845655324,15.));
#964 = CARTESIAN_POINT('',(-4.853680438626,11.754987577771,15.));
#965 = CARTESIAN_POINT('',(-5.394877228431,11.025851707426,15.));
#966 = CARTESIAN_POINT('',(-5.912427280811,10.24062444642,15.));
#967 = CARTESIAN_POINT('',(-6.851229062775,10.185026583833,15.));
#968 = CARTESIAN_POINT('',(-7.753277644207,10.080904350588,15.));
#969 = CARTESIAN_POINT('',(-8.744745128042,9.970570245472,15.));
#970 = CARTESIAN_POINT('',(-9.746258223312,9.761432820461,15.));
#971 = CARTESIAN_POINT('',(-10.72157722712,9.425806604202,15.));
#972 = CARTESIAN_POINT('',(-11.61770780725,8.937282351344,15.));
#973 = CARTESIAN_POINT('',(-12.38573009429,8.289778175068,15.));
#974 = CARTESIAN_POINT('',(-12.98091679701,7.494535807085,15.));
#975 = CARTESIAN_POINT('',(-13.37202353849,6.581467818542,15.));
#976 = CARTESIAN_POINT('',(-13.54876746068,5.592588919157,15.));
#977 = CARTESIAN_POINT('',(-13.52377658395,4.572254945222,15.));
#978 = CARTESIAN_POINT('',(-13.32677791151,3.559790803001,15.));
#979 = CARTESIAN_POINT('',(-13.00713968681,2.587886307768,15.));
#980 = CARTESIAN_POINT('',(-12.60695808283,1.674083227184,15.));
#981 = CARTESIAN_POINT('',(-12.2461062912,0.840825123593,15.));
#982 = CARTESIAN_POINT('',(-11.82485456162,7.000949298427E-15,15.));
#983 = CARTESIAN_POINT('',(-12.2461062912,-0.840825123593,15.));
#984 = CARTESIAN_POINT('',(-12.60695808283,-1.674083227184,15.));
#985 = CARTESIAN_POINT('',(-13.00713968681,-2.587886307768,15.));
#986 = CARTESIAN_POINT('',(-13.32677791151,-3.559790803001,15.));
#987 = CARTESIAN_POINT('',(-13.52377658395,-4.572254945222,15.));
#988 = CARTESIAN_POINT('',(-13.54876746068,-5.592588919157,15.));
#989 = CARTESIAN_POINT('',(-13.37202353849,-6.581467818542,15.));
#990 = CARTESIAN_POINT('',(-12.98091679701,-7.494535807085,15.));
#991 = CARTESIAN_POINT('',(-12.38573009429,-8.289778175068,15.));
#992 = CARTESIAN_POINT('',(-11.61770780725,-8.937282351344,15.));
#993 = CARTESIAN_POINT('',(-10.72157722712,-9.425806604202,15.));
#994 = CARTESIAN_POINT('',(-9.746258223312,-9.761432820461,15.));
#995 = CARTESIAN_POINT('',(-8.744745128042,-9.970570245472,15.));
#996 = CARTESIAN_POINT('',(-7.753277644207,-10.08090435058,15.));
#997 = CARTESIAN_POINT('',(-6.851229062775,-10.18502658383,15.));
#998 = CARTESIAN_POINT('',(-5.912427280811,-10.24062444642,15.));
#999 = CARTESIAN_POINT('',(-5.394877228431,-11.02585170742,15.));
#1000 = CARTESIAN_POINT('',(-4.853680438626,-11.75498757777,15.));
#1001 = CARTESIAN_POINT('',(-4.262394558775,-12.55845655324,15.));
#1002 = CARTESIAN_POINT('',(-3.580519688198,-13.32122362346,15.));
#1003 = CARTESIAN_POINT('',(-2.802199356838,-13.99806154942,15.));
#1004 = CARTESIAN_POINT('',(-1.93105965343,-14.5298712705,15.));
#1005 = CARTESIAN_POINT('',(-0.986293444199,-14.87124599361,15.));
#1006 = CARTESIAN_POINT('',(2.252274192038E-15,-14.98907161416,15.));
#1007 = CARTESIAN_POINT('',(0.986293444199,-14.87124599361,15.));
#1008 = CARTESIAN_POINT('',(1.93105965343,-14.5298712705,15.));
#1009 = CARTESIAN_POINT('',(2.802199356838,-13.99806154942,15.));
#1010 = CARTESIAN_POINT('',(3.580519688198,-13.32122362346,15.));
#1011 = CARTESIAN_POINT('',(4.262394558775,-12.55845655324,15.));
#1012 = CARTESIAN_POINT('',(4.853680438626,-11.75498757777,15.));
#1013 = CARTESIAN_POINT('',(5.394877228431,-11.02585170742,15.));
#1014 = CARTESIAN_POINT('',(5.912427280811,-10.24062444642,15.));
#1015 = CARTESIAN_POINT('',(6.851229062775,-10.18502658383,15.));
#1016 = CARTESIAN_POINT('',(7.753277644207,-10.08090435058,15.));
#1017 = CARTESIAN_POINT('',(8.744745128042,-9.970570245472,15.));
#1018 = CARTESIAN_POINT('',(9.746258223312,-9.761432820461,15.));
#1019 = CARTESIAN_POINT('',(10.72157722712,-9.425806604202,15.));
#1020 = CARTESIAN_POINT('',(11.617707807257,-8.937282351344,15.));
#1021 = CARTESIAN_POINT('',(12.385730094294,-8.289778175067,15.));
#1022 = CARTESIAN_POINT('',(12.980916797014,-7.494535807087,15.));
#1023 = CARTESIAN_POINT('',(13.372023538496,-6.581467818531,15.));
#1024 = CARTESIAN_POINT('',(13.548767460677,-5.592588919199,15.));
#1025 = CARTESIAN_POINT('',(13.523776583994,-4.572254945061,15.));
#1026 = CARTESIAN_POINT('',(13.326777911372,-3.559790803613,15.));
#1027 = CARTESIAN_POINT('',(13.007139687324,-2.587886305515,15.));
#1028 = CARTESIAN_POINT('',(12.606958081049,-1.674083235111,15.));
#1029 = CARTESIAN_POINT('',(12.246106297138,-0.84082509724,15.));
#1030 = CARTESIAN_POINT('',(11.824854542008,-8.713333376375E-08,15.));
#1031 = CARTESIAN_POINT('',(12.246106368319,0.840825466167,15.));
#1032 = CARTESIAN_POINT('',(12.606957747958,1.6740817395,15.));
#1033 = CARTESIAN_POINT('',(13.007141041164,2.587892324452,15.));
#1034 = CARTESIAN_POINT('',(13.326772699817,3.559767650062,15.));
#1035 = CARTESIAN_POINT('',(13.523795912875,4.572340813903,15.));
#1036 = CARTESIAN_POINT('',(13.548697292875,5.592277198765,15.));
#1037 = CARTESIAN_POINT('',(13.372277469708,6.58259590755,15.));
#1038 = CARTESIAN_POINT('',(13.110071052151,7.189363632996,15.));
#1039 = CARTESIAN_POINT('',(12.784088521004,7.760636367004,15.));
#1040 = PCURVE('',#348,#1041);
#1041 = DEFINITIONAL_REPRESENTATION('',(#1042),#1046);
#1042 = LINE('',#1043,#1044);
#1043 = CARTESIAN_POINT('',(0.,-12.85));
#1044 = VECTOR('',#1045,1.);
#1045 = DIRECTION('',(1.,0.));
#1046 = ( GEOMETRIC_REPRESENTATION_CONTEXT(2) 
PARAMETRIC_REPRESENTATION_CONTEXT() REPRESENTATION_CONTEXT('2D SPACE',''
  ) );
#1047 = PCURVE('',#1048,#1103);
#1048 = B_SPLINE_SURFACE_WITH_KNOTS('',5,8,(
    (#1049,#1050,#1051,#1052,#1053,#1054,#1055,#1056,#1057)
    ,(#1058,#1059,#1060,#1061,#1062,#1063,#1064,#1065,#1066)
    ,(#1067,#1068,#1069,#1070,#1071,#1072,#1073,#1074,#1075)
    ,(#1076,#1077,#1078,#1079,#1080,#1081,#1082,#1083,#1084)
    ,(#1085,#1086,#1087,#1088,#1089,#1090,#1091,#1092,#1093)
    ,(#1094,#1095,#1096,#1097,#1098,#1099,#1100,#1101,#1102
  )),.UNSPECIFIED.,.F.,.F.,.F.,(6,6),(9,9),(-14.39186528734,
    16.444999999981),(-14.84269114395,14.842699967114),
  .PIECEWISE_BEZIER_KNOTS.);
#1049 = CARTESIAN_POINT('',(-5.04234532315,-20.05014774028,15.));
#1050 = CARTESIAN_POINT('',(-6.897698452111,-16.83657894876,15.));
#1051 = CARTESIAN_POINT('',(-8.753042750088,-13.62302868059,15.));
#1052 = CARTESIAN_POINT('',(-10.60838252472,-10.40948947603,15.));
#1053 = CARTESIAN_POINT('',(-12.46372132351,-7.195955790409,15.));
#1054 = CARTESIAN_POINT('',(-14.31906193381,-3.982423994108,15.));
#1055 = CARTESIAN_POINT('',(-16.17440638283,-0.768892372588,15.));
#1056 = CARTESIAN_POINT('',(-18.02975593763,2.444638873634,15.));
#1057 = CARTESIAN_POINT('',(-19.88511110513,5.658167628975,15.));
#1058 = CARTESIAN_POINT('',(0.298765038081,-16.96641436677,15.));
#1059 = CARTESIAN_POINT('',(-1.556593969561,-13.75283772171,15.));
#1060 = CARTESIAN_POINT('',(-3.411940544169,-10.53928653015,15.));
#1061 = CARTESIAN_POINT('',(-5.267278982941,-7.325751141923,15.));
#1062 = CARTESIAN_POINT('',(-7.122613421159,-4.112223895486,15.));
#1063 = CARTESIAN_POINT('',(-8.977947832192,-0.898699117899,15.));
#1064 = CARTESIAN_POINT('',(-10.83328602749,2.314826875179,15.));
#1065 = CARTESIAN_POINT('',(-12.68863165662,5.528355779478,15.));
#1066 = CARTESIAN_POINT('',(-14.54398820718,8.741887302128,15.));
#1067 = CARTESIAN_POINT('',(5.639900365582,-13.8827211639,15.));
#1068 = CARTESIAN_POINT('',(3.784545780479,-10.66914203023,15.));
#1069 = CARTESIAN_POINT('',(1.929195909845,-7.455600304789,15.));
#1070 = CARTESIAN_POINT('',(7.39136670027E-02,-4.242117571461,15.));
#1071 = CARTESIAN_POINT('',(-1.781907435675,-1.028233649872,15.));
#1072 = CARTESIAN_POINT('',(-3.636590172428,2.184797749837,15.));
#1073 = CARTESIAN_POINT('',(-5.49227259516,5.398582612301,15.));
#1074 = CARTESIAN_POINT('',(-7.347522054763,8.612038304872,15.));
#1075 = CARTESIAN_POINT('',(-9.20288231169,11.825568149451,15.));
#1076 = CARTESIAN_POINT('',(10.980864961727,-10.79897111709,15.));
#1077 = CARTESIAN_POINT('',(9.125472638103,-7.585353001866,15.));
#1078 = CARTESIAN_POINT('',(7.270150286025,-4.371782885915,15.));
#1079 = CARTESIAN_POINT('',(5.414308300013,-1.157828600731,15.));
#1080 = CARTESIAN_POINT('',(3.560447796181,2.054545278275,15.));
#1081 = CARTESIAN_POINT('',(1.703737637615,5.268952241596,15.));
#1082 = CARTESIAN_POINT('',(-0.150865494551,8.482028266354,15.));
#1083 = CARTESIAN_POINT('',(-2.006419139279,11.695698567848,15.));
#1084 = CARTESIAN_POINT('',(-3.861795776516,14.909260935458,15.));
#1085 = CARTESIAN_POINT('',(16.32208140283,-7.715388547929,15.));
#1086 = CARTESIAN_POINT('',(14.466723501879,-4.501796199032,15.));
#1087 = CARTESIAN_POINT('',(12.611355419179,-1.288192004874,15.));
#1088 = CARTESIAN_POINT('',(10.756266898447,1.925062328231,15.));
#1089 = CARTESIAN_POINT('',(8.900344413646,5.139141567331,15.));
#1090 = CARTESIAN_POINT('',(7.045540181224,8.352230179347,15.));
#1091 = CARTESIAN_POINT('',(5.1899692286,11.565918788953,15.));
#1092 = CARTESIAN_POINT('',(3.334648159791,14.779434404877,15.));
#1093 = CARTESIAN_POINT('',(1.479269763545,17.992989967998,15.));
#1094 = CARTESIAN_POINT('',(21.663206253222,-4.631772829677,15.));
#1095 = CARTESIAN_POINT('',(19.807842889778,-1.418173556164,15.));
#1096 = CARTESIAN_POINT('',(17.952524086193,1.795384607112,15.));
#1097 = CARTESIAN_POINT('',(16.097066973041,5.008990758304,15.));
#1098 = CARTESIAN_POINT('',(14.241746124322,8.222541805066,15.));
#1099 = CARTESIAN_POINT('',(12.386459996453,11.436074442865,15.));
#1100 = CARTESIAN_POINT('',(10.531049627833,14.64964727851,15.));
#1101 = CARTESIAN_POINT('',(8.675694866918,17.863192075575,15.));
#1102 = CARTESIAN_POINT('',(6.820313396801,21.076753098259,15.));
#1103 = DEFINITIONAL_REPRESENTATION('',(#1104),#1555);
#1104 = B_SPLINE_CURVE_WITH_KNOTS('',9,(#1105,#1106,#1107,#1108,#1109,
    #1110,#1111,#1112,#1113,#1114,#1115,#1116,#1117,#1118,#1119,#1120,
    #1121,#1122,#1123,#1124,#1125,#1126,#1127,#1128,#1129,#1130,#1131,
    #1132,#1133,#1134,#1135,#1136,#1137,#1138,#1139,#1140,#1141,#1142,
    #1143,#1144,#1145,#1146,#1147,#1148,#1149,#1150,#1151,#1152,#1153,
    #1154,#1155,#1156,#1157,#1158,#1159,#1160,#1161,#1162,#1163,#1164,
    #1165,#1166,#1167,#1168,#1169,#1170,#1171,#1172,#1173,#1174,#1175,
    #1176,#1177,#1178,#1179,#1180,#1181,#1182,#1183,#1184,#1185,#1186,
    #1187,#1188,#1189,#1190,#1191,#1192,#1193,#1194,#1195,#1196,#1197,
    #1198,#1199,#1200,#1201,#1202,#1203,#1204,#1205,#1206,#1207,#1208,
    #1209,#1210,#1211,#1212,#1213,#1214,#1215,#1216,#1217,#1218,#1219,
    #1220,#1221,#1222,#1223,#1224,#1225,#1226,#1227,#1228,#1229,#1230,
    #1231,#1232,#1233,#1234,#1235,#1236,#1237,#1238,#1239,#1240,#1241,
    #1242,#1243,#1244,#1245,#1246,#1247,#1248,#1249,#1250,#1251,#1252,
    #1253,#1254,#1255,#1256,#1257,#1258,#1259,#1260,#1261,#1262,#1263,
    #1264,#1265,#1266,#1267,#1268,#1269,#1270,#1271,#1272,#1273,#1274,
    #1275,#1276,#1277,#1278,#1279,#1280,#1281,#1282,#1283,#1284,#1285,
    #1286,#1287,#1288,#1289,#1290,#1291,#1292,#1293,#1294,#1295,#1296,
    #1297,#1298,#1299,#1300,#1301,#1302,#1303,#1304,#1305,#1306,#1307,
    #1308,#1309,#1310,#1311,#1312,#1313,#1314,#1315,#1316,#1317,#1318,
    #1319,#1320,#1321,#1322,#1323,#1324,#1325,#1326,#1327,#1328,#1329,
    #1330,#1331,#1332,#1333,#1334,#1335,#1336,#1337,#1338,#1339,#1340,
    #1341,#1342,#1343,#1344,#1345,#1346,#1347,#1348,#1349,#1350,#1351,
    #1352,#1353,#1354,#1355,#1356,#1357,#1358,#1359,#1360,#1361,#1362,
    #1363,#1364,#1365,#1366,#1367,#1368,#1369,#1370,#1371,#1372,#1373,
    #1374,#1375,#1376,#1377,#1378,#1379,#1380,#1381,#1382,#1383,#1384,
    #1385,#1386,#1387,#1388,#1389,#1390,#1391,#1392,#1393,#1394,#1395,
    #1396,#1397,#1398,#1399,#1400,#1401,#1402,#1403,#1404,#1405,#1406,
    #1407,#1408,#1409,#1410,#1411,#1412,#1413,#1414,#1415,#1416,#1417,
    #1418,#1419,#1420,#1421,#1422,#1423,#1424,#1425,#1426,#1427,#1428,
    #1429,#1430,#1431,#1432,#1433,#1434,#1435,#1436,#1437,#1438,#1439,
    #1440,#1441,#1442,#1443,#1444,#1445,#1446,#1447,#1448,#1449,#1450,
    #1451,#1452,#1453,#1454,#1455,#1456,#1457,#1458,#1459,#1460,#1461,
    #1462,#1463,#1464,#1465,#1466,#1467,#1468,#1469,#1470,#1471,#1472,
    #1473,#1474,#1475,#1476,#1477,#1478,#1479,#1480,#1481,#1482,#1483,
    #1484,#1485,#1486,#1487,#1488,#1489,#1490,#1491,#1492,#1493,#1494,
    #1495,#1496,#1497,#1498,#1499,#1500,#1501,#1502,#1503,#1504,#1505,
    #1506,#1507,#1508,#1509,#1510,#1511,#1512,#1513,#1514,#1515,#1516,
    #1517,#1518,#1519,#1520,#1521,#1522,#1523,#1524,#1525,#1526,#1527,
    #1528,#1529,#1530,#1531,#1532,#1533,#1534,#1535,#1536,#1537,#1538,
    #1539,#1540,#1541,#1542,#1543,#1544,#1545,#1546,#1547,#1548,#1549,
    #1550,#1551,#1552,#1553,#1554),.UNSPECIFIED.,.F.,.F.,(10,8,8,8,8,8,8
    ,8,8,8,8,8,8,8,8,8,8,8,8,8,8,8,8,8,8,8,8,8,8,8,8,8,8,8,8,8,8,8,8,8,8
    ,8,8,8,8,8,8,8,8,8,8,8,8,8,8,8,10),(0.,2.939660506718,5.879321013437
    ,6.614236140117,7.349151266796,8.084066393476,8.818981520155,
    10.288811773515,11.758642026874,14.698302533592,17.637963040311,
    20.577623547029,22.047453800389,22.782368927068,23.517284053748,
    24.252199180427,24.987114307107,26.456944560466,29.396605067185,
    32.336265573903,35.275926080622,36.745756333981,38.21558658734,
    38.95050171402,39.685416840699,40.420331967379,41.155247094059,
    44.094907600777,47.034568107496,49.974228614214,52.913889120933,
    53.648804247612,54.383719374292,55.118634500972,55.853549627651,
    57.32337988101,58.79321013437,61.732870641088,64.672531147807,
    67.612191654525,69.082021907884,69.816937034564,70.551852161244,
    71.286767287923,72.021682414603,73.491512667962,76.431173174681,
    79.370833681399,82.310494188117,83.780324441477,85.250154694836,
    85.985069821516,86.719984948195,87.454900074875,88.189815201554,
    91.129475708273,94.069136214991),.UNSPECIFIED.);
#1105 = CARTESIAN_POINT('',(14.949999999983,-2.260220712169E-05));
#1106 = CARTESIAN_POINT('',(14.951665486731,0.329114617272));
#1107 = CARTESIAN_POINT('',(14.921836051972,0.655970428988));
#1108 = CARTESIAN_POINT('',(14.862566781109,0.978707921364));
#1109 = CARTESIAN_POINT('',(14.776046164521,1.295918471801));
#1110 = CARTESIAN_POINT('',(14.664865079569,1.607485297522));
#1111 = CARTESIAN_POINT('',(14.530264497725,1.908957821729));
#1112 = CARTESIAN_POINT('',(14.373568279127,2.196151576711));
#1113 = CARTESIAN_POINT('',(14.19888660999,2.473827432328));
#1114 = CARTESIAN_POINT('',(13.817223055565,3.005058577905));
#1115 = CARTESIAN_POINT('',(13.610275679257,3.258609500025));
#1116 = CARTESIAN_POINT('',(13.39030571125,3.502215514899));
#1117 = CARTESIAN_POINT('',(13.15644040216,3.732156805324));
#1118 = CARTESIAN_POINT('',(12.917699816324,3.953744366474));
#1119 = CARTESIAN_POINT('',(12.671089658626,4.166931438746));
#1120 = CARTESIAN_POINT('',(12.409057612649,4.367846946652));
#1121 = CARTESIAN_POINT('',(12.146792512238,4.564526449595));
#1122 = CARTESIAN_POINT('',(11.819796542508,4.806631725554));
#1123 = CARTESIAN_POINT('',(11.754460164988,4.854875741008));
#1124 = CARTESIAN_POINT('',(11.689334193377,4.902995934212));
#1125 = CARTESIAN_POINT('',(11.624410898058,4.951026503079));
#1126 = CARTESIAN_POINT('',(11.55957624976,4.998988628619));
#1127 = CARTESIAN_POINT('',(11.494658938931,5.046896477585));
#1128 = CARTESIAN_POINT('',(11.429479395211,5.094763205167));
#1129 = CARTESIAN_POINT('',(11.3638988068,5.142606957628));
#1130 = CARTESIAN_POINT('',(11.231837473017,5.238306792344));
#1131 = CARTESIAN_POINT('',(11.165528816049,5.286247388002));
#1132 = CARTESIAN_POINT('',(11.097500173168,5.333729866869));
#1133 = CARTESIAN_POINT('',(11.031119410632,5.382284441342));
#1134 = CARTESIAN_POINT('',(10.962038754336,5.430106327147));
#1135 = CARTESIAN_POINT('',(10.890263707438,5.477272393961));
#1136 = CARTESIAN_POINT('',(10.820851522385,5.526043071901));
#1137 = CARTESIAN_POINT('',(10.752256456371,5.575824722445));
#1138 = CARTESIAN_POINT('',(10.620385811905,5.679151857384));
#1139 = CARTESIAN_POINT('',(10.557040000164,5.732671720956));
#1140 = CARTESIAN_POINT('',(10.496981198868,5.788373170821));
#1141 = CARTESIAN_POINT('',(10.442716995524,5.847626546756));
#1142 = CARTESIAN_POINT('',(10.392300334262,5.909230311172));
#1143 = CARTESIAN_POINT('',(10.349036653456,5.975015441075));
#1144 = CARTESIAN_POINT('',(10.317120445577,6.047326206657));
#1145 = CARTESIAN_POINT('',(10.289051867664,6.121755182406));
#1146 = CARTESIAN_POINT('',(10.24410234421,6.276711047481));
#1147 = CARTESIAN_POINT('',(10.226871865575,6.357050814627));
#1148 = CARTESIAN_POINT('',(10.213589834485,6.439374404505));
#1149 = CARTESIAN_POINT('',(10.203566134158,6.523254040574));
#1150 = CARTESIAN_POINT('',(10.195990527912,6.608172660267));
#1151 = CARTESIAN_POINT('',(10.18967203687,6.69333019246));
#1152 = CARTESIAN_POINT('',(10.183243534098,6.777795633847));
#1153 = CARTESIAN_POINT('',(10.1758315551,6.861004924147));
#1154 = CARTESIAN_POINT('',(10.152910864031,7.108804012318));
#1155 = CARTESIAN_POINT('',(10.136057439263,7.270969037318));
#1156 = CARTESIAN_POINT('',(10.119111983971,7.432529625064));
#1157 = CARTESIAN_POINT('',(10.09967348655,7.590762394357));
#1158 = CARTESIAN_POINT('',(10.08114949421,7.750654869057));
#1159 = CARTESIAN_POINT('',(10.064173441558,7.913511917888));
#1160 = CARTESIAN_POINT('',(10.045476176915,8.075457697254));
#1161 = CARTESIAN_POINT('',(10.025796568922,8.237937040348));
#1162 = CARTESIAN_POINT('',(9.982750601497,8.562604759393));
#1163 = CARTESIAN_POINT('',(9.959401742179,8.724822776188));
#1164 = CARTESIAN_POINT('',(9.93351715253,8.886525900381));
#1165 = CARTESIAN_POINT('',(9.904702897599,9.047520365908));
#1166 = CARTESIAN_POINT('',(9.872779612686,9.207749666357));
#1167 = CARTESIAN_POINT('',(9.837681153872,9.367226530899));
#1168 = CARTESIAN_POINT('',(9.799353248484,9.525964900116));
#1169 = CARTESIAN_POINT('',(9.757652145619,9.683911901924));
#1170 = CARTESIAN_POINT('',(9.621425508654,10.15481567844));
#1171 = CARTESIAN_POINT('',(9.515857211463,10.464944959165));
#1172 = CARTESIAN_POINT('',(9.39508272702,10.768695286407));
#1173 = CARTESIAN_POINT('',(9.254253491126,11.066641386784));
#1174 = CARTESIAN_POINT('',(9.095689760634,11.354528089779));
#1175 = CARTESIAN_POINT('',(8.918073075675,11.629971379986));
#1176 = CARTESIAN_POINT('',(8.717482253204,11.892508122435));
#1177 = CARTESIAN_POINT('',(8.498831961602,12.136963420498));
#1178 = CARTESIAN_POINT('',(8.022406379324,12.585842404911));
#1179 = CARTESIAN_POINT('',(7.764716815178,12.789733487902));
#1180 = CARTESIAN_POINT('',(7.490771040317,12.973363357138));
#1181 = CARTESIAN_POINT('',(7.199639216057,13.127872554826));
#1182 = CARTESIAN_POINT('',(6.895322328074,13.257788529798));
#1183 = CARTESIAN_POINT('',(6.582168860435,13.36249890084));
#1184 = CARTESIAN_POINT('',(6.262147969836,13.436318212075));
#1185 = CARTESIAN_POINT('',(5.937635580305,13.487057425748));
#1186 = CARTESIAN_POINT('',(5.285374794922,13.539464284191));
#1187 = CARTESIAN_POINT('',(4.957887491368,13.541498228314));
#1188 = CARTESIAN_POINT('',(4.628949953425,13.521218865252));
#1189 = CARTESIAN_POINT('',(4.304322572748,13.4808439098));
#1190 = CARTESIAN_POINT('',(3.981694121398,13.420927423007));
#1191 = CARTESIAN_POINT('',(3.661635870324,13.344961855051));
#1192 = CARTESIAN_POINT('',(3.348029252082,13.257037661133));
#1193 = CARTESIAN_POINT('',(3.037251735736,13.15561670017));
#1194 = CARTESIAN_POINT('',(2.57651837053,12.986843894324));
#1195 = CARTESIAN_POINT('',(2.423795320688,12.927729424612));
#1196 = CARTESIAN_POINT('',(2.271944555058,12.865891429566));
#1197 = CARTESIAN_POINT('',(2.120917804842,12.802238332488));
#1198 = CARTESIAN_POINT('',(1.97060923342,12.737343051335));
#1199 = CARTESIAN_POINT('',(1.821032079348,12.671784964456));
#1200 = CARTESIAN_POINT('',(1.672371348478,12.606639235121));
#1201 = CARTESIAN_POINT('',(1.524620207988,12.542808301551));
#1202 = CARTESIAN_POINT('',(1.302451498598,12.445431358131));
#1203 = CARTESIAN_POINT('',(1.228353224383,12.412905160246));
#1204 = CARTESIAN_POINT('',(1.154086444875,12.379815432552));
#1205 = CARTESIAN_POINT('',(1.079608814288,12.346390260201));
#1206 = CARTESIAN_POINT('',(1.004866076689,12.312755166406));
#1207 = CARTESIAN_POINT('',(0.929754574019,12.278610257556));
#1208 = CARTESIAN_POINT('',(0.854142294056,12.243411473638));
#1209 = CARTESIAN_POINT('',(0.777948458302,12.207055943932));
#1210 = CARTESIAN_POINT('',(0.624614841301,12.135086952065));
#1211 = CARTESIAN_POINT('',(0.547478764157,12.099505387077));
#1212 = CARTESIAN_POINT('',(0.469940458604,12.065496794719));
#1213 = CARTESIAN_POINT('',(0.392066964875,12.034231216668));
#1214 = CARTESIAN_POINT('',(0.313925323204,12.006878694616));
#1215 = CARTESIAN_POINT('',(0.235582573824,11.984609270235));
#1216 = CARTESIAN_POINT('',(0.157105756969,11.968592985218));
#1217 = CARTESIAN_POINT('',(7.856191287128E-02,11.959999881239));
#1218 = CARTESIAN_POINT('',(-7.85257493399E-02,11.960000118733));
#1219 = CARTESIAN_POINT('',(-0.157069567454,11.968593460203));
#1220 = CARTESIAN_POINT('',(-0.23554633588,11.984609982517));
#1221 = CARTESIAN_POINT('',(-0.313889017924,12.006879643774));
#1222 = CARTESIAN_POINT('',(-0.392030576889,12.034232402114));
#1223 = CARTESIAN_POINT('',(-0.469903976079,12.065498215623));
#1224 = CARTESIAN_POINT('',(-0.5474421788,12.099507042438));
#1225 = CARTESIAN_POINT('',(-0.624578148355,12.135088840661));
#1226 = CARTESIAN_POINT('',(-0.777911547743,12.207058296164));
#1227 = CARTESIAN_POINT('',(-0.854105273568,12.243414056257));
#1228 = CARTESIAN_POINT('',(-0.929717447099,12.278613068808));
#1229 = CARTESIAN_POINT('',(-1.004828846524,12.312758204766));
#1230 = CARTESIAN_POINT('',(-1.079571482421,12.346393524569));
#1231 = CARTESIAN_POINT('',(-1.154049011939,12.379818922112));
#1232 = CARTESIAN_POINT('',(-1.228315691394,12.41290887437));
#1233 = CARTESIAN_POINT('',(-1.302413867259,12.445435296305));
#1234 = CARTESIAN_POINT('',(-1.524582282208,12.542812911498));
#1235 = CARTESIAN_POINT('',(-1.672333229692,12.606644291824));
#1236 = CARTESIAN_POINT('',(-1.820993763579,12.671790470667));
#1237 = CARTESIAN_POINT('',(-1.970570719423,12.737349009819));
#1238 = CARTESIAN_POINT('',(-2.120879094619,12.802244745465));
#1239 = CARTESIAN_POINT('',(-2.271905652366,12.865898299199));
#1240 = CARTESIAN_POINT('',(-2.423756231015,12.9277367534));
#1241 = CARTESIAN_POINT('',(-2.576479102112,12.9868516849));
#1242 = CARTESIAN_POINT('',(-3.037211956996,13.155625883868));
#1243 = CARTESIAN_POINT('',(-3.347989166674,13.257047784531));
#1244 = CARTESIAN_POINT('',(-3.661595519058,13.344972926702));
#1245 = CARTESIAN_POINT('',(-3.981653540432,13.420939462421));
#1246 = CARTESIAN_POINT('',(-4.304281810612,13.480856924746));
#1247 = CARTESIAN_POINT('',(-4.628909069204,13.521232861778));
#1248 = CARTESIAN_POINT('',(-4.957846545827,13.541513219449));
#1249 = CARTESIAN_POINT('',(-5.28533385553,13.539480265552));
#1250 = CARTESIAN_POINT('',(-5.937594799373,13.487075379355));
#1251 = CARTESIAN_POINT('',(-6.262107342323,13.436337146912));
#1252 = CARTESIAN_POINT('',(-6.58212845613,13.362518803328));
#1253 = CARTESIAN_POINT('',(-6.895282240379,13.257809379168));
#1254 = CARTESIAN_POINT('',(-7.199599521187,13.127894324363));
#1255 = CARTESIAN_POINT('',(-7.490731812634,12.973386006967));
#1256 = CARTESIAN_POINT('',(-7.764678142745,12.789756966075));
#1257 = CARTESIAN_POINT('',(-8.022368323396,12.585866662261));
#1258 = CARTESIAN_POINT('',(-8.498795262942,12.136989118413));
#1259 = CARTESIAN_POINT('',(-8.717446293694,11.892534481475));
#1260 = CARTESIAN_POINT('',(-8.918037910003,11.629998345559));
#1261 = CARTESIAN_POINT('',(-9.095655427773,11.354555592362));
#1262 = CARTESIAN_POINT('',(-9.254220028927,11.066669369012));
#1263 = CARTESIAN_POINT('',(-9.395050165798,10.768723694545));
#1264 = CARTESIAN_POINT('',(-9.515825568336,10.464973732104));
#1265 = CARTESIAN_POINT('',(-9.621394803208,10.154844770524));
#1266 = CARTESIAN_POINT('',(-9.757622864283,9.683941406175));
#1267 = CARTESIAN_POINT('',(-9.799324444841,9.525994530578));
#1268 = CARTESIAN_POINT('',(-9.837652830429,9.367256277494));
#1269 = CARTESIAN_POINT('',(-9.872751771707,9.207779519355));
#1270 = CARTESIAN_POINT('',(-9.904675541236,9.047550315574));
#1271 = CARTESIAN_POINT('',(-9.933490282821,8.886555937017));
#1272 = CARTESIAN_POINT('',(-9.959375360936,8.724852890573));
#1273 = CARTESIAN_POINT('',(-9.982724710059,8.562634943626));
#1274 = CARTESIAN_POINT('',(-10.02577165811,8.237967353584));
#1275 = CARTESIAN_POINT('',(-10.04545175699,8.075488069561));
#1276 = CARTESIAN_POINT('',(-10.06414951171,7.913542347163));
#1277 = CARTESIAN_POINT('',(-10.08112605637,7.750685349204));
#1278 = CARTESIAN_POINT('',(-10.09965053505,7.590792933628));
#1279 = CARTESIAN_POINT('',(-10.11908951561,7.4325602282));
#1280 = CARTESIAN_POINT('',(-10.13603546048,7.27099969285));
#1281 = CARTESIAN_POINT('',(-10.15288937591,7.108834719154));
#1282 = CARTESIAN_POINT('',(-10.17581081156,6.861035695211));
#1283 = CARTESIAN_POINT('',(-10.18322303989,6.777826424863));
#1284 = CARTESIAN_POINT('',(-10.18965179444,6.693360998982));
#1285 = CARTESIAN_POINT('',(-10.19597053852,6.608203481062));
#1286 = CARTESIAN_POINT('',(-10.20354639712,6.523284879497));
#1287 = CARTESIAN_POINT('',(-10.21357034748,6.439405269832));
#1288 = CARTESIAN_POINT('',(-10.22685262517,6.357081717604));
#1289 = CARTESIAN_POINT('',(-10.24408334609,6.276742001865));
#1290 = CARTESIAN_POINT('',(-10.28903334183,6.121786276762));
#1291 = CARTESIAN_POINT('',(-10.31710214973,6.047357391239));
#1292 = CARTESIAN_POINT('',(-10.34901858098,5.975046727291));
#1293 = CARTESIAN_POINT('',(-10.39228247511,5.90926174382));
#1294 = CARTESIAN_POINT('',(-10.44269933995,5.847658150618));
#1295 = CARTESIAN_POINT('',(-10.49696373719,5.788404954735));
#1296 = CARTESIAN_POINT('',(-10.55702272104,5.732703701786));
#1297 = CARTESIAN_POINT('',(-10.62036870377,5.679184039691));
#1298 = CARTESIAN_POINT('',(-10.75223966551,5.575857308736));
#1299 = CARTESIAN_POINT('',(-10.82083487852,5.526075861776));
#1300 = CARTESIAN_POINT('',(-10.89024719276,5.4773053739));
#1301 = CARTESIAN_POINT('',(-10.9620223682,5.430139508856));
#1302 = CARTESIAN_POINT('',(-11.0311031241,5.382317783146));
#1303 = CARTESIAN_POINT('',(-11.09748396378,5.33376333385));
#1304 = CARTESIAN_POINT('',(-11.1655126978,5.286281003828));
#1305 = CARTESIAN_POINT('',(-11.23182144323,5.238340547412));
#1306 = CARTESIAN_POINT('',(-11.36388298147,5.142641019957));
#1307 = CARTESIAN_POINT('',(-11.4294636898,5.094797438955));
#1308 = CARTESIAN_POINT('',(-11.49464336582,5.04693089498));
#1309 = CARTESIAN_POINT('',(-11.55956083066,4.999023252224));
#1310 = CARTESIAN_POINT('',(-11.62439567061,4.951061373285));
#1311 = CARTESIAN_POINT('',(-11.68931920983,4.903031107705));
#1312 = CARTESIAN_POINT('',(-11.75444548286,4.854911280479));
#1313 = CARTESIAN_POINT('',(-11.81978220732,4.806667680587));
#1314 = CARTESIAN_POINT('',(-12.14677995303,4.56456452523));
#1315 = CARTESIAN_POINT('',(-12.40904441606,4.367884479428));
#1316 = CARTESIAN_POINT('',(-12.67108508958,4.166978459423));
#1317 = CARTESIAN_POINT('',(-12.91768336244,3.953778547975));
#1318 = CARTESIAN_POINT('',(-13.15640373298,3.732169064159));
#1319 = CARTESIAN_POINT('',(-13.39028355157,3.502243458718));
#1320 = CARTESIAN_POINT('',(-13.61030113044,3.258688931629));
#1321 = CARTESIAN_POINT('',(-13.81724627576,3.005135385106));
#1322 = CARTESIAN_POINT('',(-14.19883584666,2.473823436556));
#1323 = CARTESIAN_POINT('',(-14.3735071029,2.196135908789));
#1324 = CARTESIAN_POINT('',(-14.53004075841,1.908765429719));
#1325 = CARTESIAN_POINT('',(-14.66459196119,1.607238785735));
#1326 = CARTESIAN_POINT('',(-14.77707052812,1.297078048199));
#1327 = CARTESIAN_POINT('',(-14.86385460329,0.98015237006));
#1328 = CARTESIAN_POINT('',(-14.92035647858,0.654413495782));
#1329 = CARTESIAN_POINT('',(-14.9499995051,0.327354592639));
#1330 = CARTESIAN_POINT('',(-14.95000049486,-0.327309388225));
#1331 = CARTESIAN_POINT('',(-14.92035845726,-0.654368380998));
#1332 = CARTESIAN_POINT('',(-14.86385756692,-0.98010742612));
#1333 = CARTESIAN_POINT('',(-14.77707445004,-1.297033366666));
#1334 = CARTESIAN_POINT('',(-14.66459682095,-1.607194444304));
#1335 = CARTESIAN_POINT('',(-14.53004652989,-1.908721495129));
#1336 = CARTESIAN_POINT('',(-14.37351374331,-2.196092447511));
#1337 = CARTESIAN_POINT('',(-14.19884332671,-2.473780503431));
#1338 = CARTESIAN_POINT('',(-13.81725536235,-3.005093605793));
#1339 = CARTESIAN_POINT('',(-13.6103109837,-3.258647778056));
#1340 = CARTESIAN_POINT('',(-13.39029414126,-3.502202970412));
#1341 = CARTESIAN_POINT('',(-13.15641501791,-3.732129283037));
#1342 = CARTESIAN_POINT('',(-12.91769531744,-3.953739488672));
#1343 = CARTESIAN_POINT('',(-12.67109768924,-4.16694014576));
#1344 = CARTESIAN_POINT('',(-12.4090576232,-4.367846958098));
#1345 = CARTESIAN_POINT('',(-12.14679375488,-4.56452779691));
#1346 = CARTESIAN_POINT('',(-11.81979674122,-4.806631941011));
#1347 = CARTESIAN_POINT('',(-11.75446016264,-4.854875738462));
#1348 = CARTESIAN_POINT('',(-11.6893340351,-4.902995762609));
#1349 = CARTESIAN_POINT('',(-11.62441064112,-4.951026224501));
#1350 = CARTESIAN_POINT('',(-11.55957594618,-4.998988299478));
#1351 = CARTESIAN_POINT('',(-11.49465862621,-5.046896138528));
#1352 = CARTESIAN_POINT('',(-11.42947909492,-5.094762879586));
#1353 = CARTESIAN_POINT('',(-11.36389853126,-5.142606658885));
#1354 = CARTESIAN_POINT('',(-11.23183728238,-5.238306585655));
#1355 = CARTESIAN_POINT('',(-11.16552868191,-5.286247242569));
#1356 = CARTESIAN_POINT('',(-11.09750009146,-5.333729778289));
#1357 = CARTESIAN_POINT('',(-11.0311193986,-5.382284428302));
#1358 = CARTESIAN_POINT('',(-10.9620387873,-5.430106362891));
#1359 = CARTESIAN_POINT('',(-10.89026375447,-5.477272444963));
#1360 = CARTESIAN_POINT('',(-10.8208515877,-5.52604314272));
#1361 = CARTESIAN_POINT('',(-10.75225652521,-5.575824797092));
#1362 = CARTESIAN_POINT('',(-10.62038587591,-5.679151926785));
#1363 = CARTESIAN_POINT('',(-10.55704005501,-5.732671780421));
#1364 = CARTESIAN_POINT('',(-10.49698123958,-5.788373214968));
#1365 = CARTESIAN_POINT('',(-10.44271702151,-5.847626574934));
#1366 = CARTESIAN_POINT('',(-10.39230034293,-5.909230320577));
#1367 = CARTESIAN_POINT('',(-10.34903664773,-5.975015434869));
#1368 = CARTESIAN_POINT('',(-10.31712043512,-6.04732619532));
#1369 = CARTESIAN_POINT('',(-10.28905185227,-6.121755165716));
#1370 = CARTESIAN_POINT('',(-10.24410232507,-6.276711026734));
#1371 = CARTESIAN_POINT('',(-10.22687184707,-6.357050794573));
#1372 = CARTESIAN_POINT('',(-10.2135898183,-6.439374386962));
#1373 = CARTESIAN_POINT('',(-10.20356612157,-6.523254026937));
#1374 = CARTESIAN_POINT('',(-10.19599051974,-6.608172651408));
#1375 = CARTESIAN_POINT('',(-10.18967203315,-6.693330188434));
#1376 = CARTESIAN_POINT('',(-10.18324353401,-6.777795633752));
#1377 = CARTESIAN_POINT('',(-10.17583155728,-6.861004926513));
#1378 = CARTESIAN_POINT('',(-10.15291087089,-7.108804019762));
#1379 = CARTESIAN_POINT('',(-10.13605744581,-7.27096904442));
#1380 = CARTESIAN_POINT('',(-10.11911198945,-7.432529631008));
#1381 = CARTESIAN_POINT('',(-10.09967348733,-7.590762395214));
#1382 = CARTESIAN_POINT('',(-10.08114949213,-7.7506548668));
#1383 = CARTESIAN_POINT('',(-10.0641734399,-7.913511916092));
#1384 = CARTESIAN_POINT('',(-10.04547617485,-8.075457695025));
#1385 = CARTESIAN_POINT('',(-10.02579656726,-8.237937038554));
#1386 = CARTESIAN_POINT('',(-9.98275060091,-8.562604758757));
#1387 = CARTESIAN_POINT('',(-9.959401742284,-8.724822776302));
#1388 = CARTESIAN_POINT('',(-9.933517153118,-8.886525901019));
#1389 = CARTESIAN_POINT('',(-9.904702898324,-9.047520366695));
#1390 = CARTESIAN_POINT('',(-9.872779613291,-9.207749667013));
#1391 = CARTESIAN_POINT('',(-9.837681154216,-9.367226531272));
#1392 = CARTESIAN_POINT('',(-9.79935324861,-9.525964900253));
#1393 = CARTESIAN_POINT('',(-9.757652145636,-9.683911901942));
#1394 = CARTESIAN_POINT('',(-9.621425508436,-10.1548156782));
#1395 = CARTESIAN_POINT('',(-9.515857211302,-10.46494495899));
#1396 = CARTESIAN_POINT('',(-9.395082727218,-10.76869528662));
#1397 = CARTESIAN_POINT('',(-9.254253491244,-11.06664138691));
#1398 = CARTESIAN_POINT('',(-9.095689760578,-11.35452808971));
#1399 = CARTESIAN_POINT('',(-8.918073075664,-11.62997137997));
#1400 = CARTESIAN_POINT('',(-8.71748225319,-11.89250812242));
#1401 = CARTESIAN_POINT('',(-8.498831961598,-12.13696342049));
#1402 = CARTESIAN_POINT('',(-8.022406379328,-12.58584240491));
#1403 = CARTESIAN_POINT('',(-7.764716815183,-12.7897334879));
#1404 = CARTESIAN_POINT('',(-7.490771040312,-12.97336335713));
#1405 = CARTESIAN_POINT('',(-7.199639216056,-13.12787255482));
#1406 = CARTESIAN_POINT('',(-6.895322328073,-13.25778852979));
#1407 = CARTESIAN_POINT('',(-6.582168860437,-13.36249890084));
#1408 = CARTESIAN_POINT('',(-6.262147969836,-13.43631821207));
#1409 = CARTESIAN_POINT('',(-5.937635580305,-13.48705742574));
#1410 = CARTESIAN_POINT('',(-5.285374794922,-13.53946428419));
#1411 = CARTESIAN_POINT('',(-4.957887491368,-13.54149822831));
#1412 = CARTESIAN_POINT('',(-4.628949953426,-13.52121886525));
#1413 = CARTESIAN_POINT('',(-4.304322572748,-13.48084390979));
#1414 = CARTESIAN_POINT('',(-3.981694121398,-13.420927423));
#1415 = CARTESIAN_POINT('',(-3.661635870324,-13.34496185504));
#1416 = CARTESIAN_POINT('',(-3.348029252082,-13.25703766113));
#1417 = CARTESIAN_POINT('',(-3.037251735736,-13.15561670017));
#1418 = CARTESIAN_POINT('',(-2.57651837053,-12.98684389432));
#1419 = CARTESIAN_POINT('',(-2.423795320687,-12.92772942461));
#1420 = CARTESIAN_POINT('',(-2.271944555058,-12.86589142956));
#1421 = CARTESIAN_POINT('',(-2.120917804841,-12.80223833248));
#1422 = CARTESIAN_POINT('',(-1.970609233421,-12.73734305133));
#1423 = CARTESIAN_POINT('',(-1.821032079348,-12.67178496445));
#1424 = CARTESIAN_POINT('',(-1.672371348478,-12.60663923512));
#1425 = CARTESIAN_POINT('',(-1.524620207988,-12.54280830155));
#1426 = CARTESIAN_POINT('',(-1.302451498598,-12.44543135813));
#1427 = CARTESIAN_POINT('',(-1.228353224383,-12.41290516024));
#1428 = CARTESIAN_POINT('',(-1.154086444875,-12.37981543255));
#1429 = CARTESIAN_POINT('',(-1.079608814288,-12.3463902602));
#1430 = CARTESIAN_POINT('',(-1.004866076688,-12.3127551664));
#1431 = CARTESIAN_POINT('',(-0.929754574019,-12.27861025755));
#1432 = CARTESIAN_POINT('',(-0.854142294056,-12.24341147363));
#1433 = CARTESIAN_POINT('',(-0.777948458302,-12.20705594393));
#1434 = CARTESIAN_POINT('',(-0.624614841301,-12.13508695206));
#1435 = CARTESIAN_POINT('',(-0.547478764157,-12.09950538707));
#1436 = CARTESIAN_POINT('',(-0.469940458604,-12.06549679471));
#1437 = CARTESIAN_POINT('',(-0.392066964875,-12.03423121666));
#1438 = CARTESIAN_POINT('',(-0.313925323204,-12.00687869461));
#1439 = CARTESIAN_POINT('',(-0.235582573824,-11.98460927023));
#1440 = CARTESIAN_POINT('',(-0.157105756969,-11.96859298521));
#1441 = CARTESIAN_POINT('',(-7.856191287128E-02,-11.95999988124));
#1442 = CARTESIAN_POINT('',(7.852574933988E-02,-11.96000011873));
#1443 = CARTESIAN_POINT('',(0.157069567454,-11.9685934602));
#1444 = CARTESIAN_POINT('',(0.23554633588,-11.98460998251));
#1445 = CARTESIAN_POINT('',(0.313889017924,-12.00687964378));
#1446 = CARTESIAN_POINT('',(0.392030576889,-12.0342324021));
#1447 = CARTESIAN_POINT('',(0.469903976079,-12.06549821562));
#1448 = CARTESIAN_POINT('',(0.5474421788,-12.09950704243));
#1449 = CARTESIAN_POINT('',(0.624578148355,-12.13508884066));
#1450 = CARTESIAN_POINT('',(0.777911547743,-12.20705829616));
#1451 = CARTESIAN_POINT('',(0.854105273568,-12.24341405625));
#1452 = CARTESIAN_POINT('',(0.929717447099,-12.2786130688));
#1453 = CARTESIAN_POINT('',(1.004828846524,-12.31275820477));
#1454 = CARTESIAN_POINT('',(1.079571482421,-12.34639352456));
#1455 = CARTESIAN_POINT('',(1.15404901194,-12.37981892211));
#1456 = CARTESIAN_POINT('',(1.228315691394,-12.41290887437));
#1457 = CARTESIAN_POINT('',(1.302413867259,-12.4454352963));
#1458 = CARTESIAN_POINT('',(1.524582282208,-12.54281291149));
#1459 = CARTESIAN_POINT('',(1.672333229692,-12.60664429182));
#1460 = CARTESIAN_POINT('',(1.82099376358,-12.67179047066));
#1461 = CARTESIAN_POINT('',(1.970570719422,-12.73734900981));
#1462 = CARTESIAN_POINT('',(2.12087909462,-12.80224474546));
#1463 = CARTESIAN_POINT('',(2.271905652366,-12.86589829919));
#1464 = CARTESIAN_POINT('',(2.423756231016,-12.9277367534));
#1465 = CARTESIAN_POINT('',(2.576479102112,-12.9868516849));
#1466 = CARTESIAN_POINT('',(3.037211956996,-13.15562588386));
#1467 = CARTESIAN_POINT('',(3.347989166673,-13.25704778453));
#1468 = CARTESIAN_POINT('',(3.661595519058,-13.3449729267));
#1469 = CARTESIAN_POINT('',(3.981653540432,-13.42093946242));
#1470 = CARTESIAN_POINT('',(4.304281810612,-13.48085692474));
#1471 = CARTESIAN_POINT('',(4.628909069205,-13.52123286177));
#1472 = CARTESIAN_POINT('',(4.957846545827,-13.54151321944));
#1473 = CARTESIAN_POINT('',(5.28533385553,-13.53948026555));
#1474 = CARTESIAN_POINT('',(5.937594799373,-13.48707537935));
#1475 = CARTESIAN_POINT('',(6.262107342324,-13.43633714691));
#1476 = CARTESIAN_POINT('',(6.58212845613,-13.36251880332));
#1477 = CARTESIAN_POINT('',(6.895282240381,-13.25780937917));
#1478 = CARTESIAN_POINT('',(7.199599521183,-13.12789432436));
#1479 = CARTESIAN_POINT('',(7.490731812631,-12.97338600697));
#1480 = CARTESIAN_POINT('',(7.764678142749,-12.78975696607));
#1481 = CARTESIAN_POINT('',(8.022368323401,-12.58586666225));
#1482 = CARTESIAN_POINT('',(8.498795262938,-12.13698911841));
#1483 = CARTESIAN_POINT('',(8.717446293682,-11.89253448149));
#1484 = CARTESIAN_POINT('',(8.918037909987,-11.62999834557));
#1485 = CARTESIAN_POINT('',(9.095655427724,-11.35455559242));
#1486 = CARTESIAN_POINT('',(9.254220029039,-11.06666936888));
#1487 = CARTESIAN_POINT('',(9.395050166,-10.76872369433));
#1488 = CARTESIAN_POINT('',(9.515825568173,-10.46497373227));
#1489 = CARTESIAN_POINT('',(9.621394802989,-10.15484477076));
#1490 = CARTESIAN_POINT('',(9.757622864299,-9.683941406157));
#1491 = CARTESIAN_POINT('',(9.799324444966,-9.525994530442));
#1492 = CARTESIAN_POINT('',(9.837652830776,-9.367256277118));
#1493 = CARTESIAN_POINT('',(9.872751772307,-9.207779518705));
#1494 = CARTESIAN_POINT('',(9.904675541966,-9.047550314783));
#1495 = CARTESIAN_POINT('',(9.933490283406,-8.886555936383));
#1496 = CARTESIAN_POINT('',(9.959375361042,-8.724852890457));
#1497 = CARTESIAN_POINT('',(9.982724709471,-8.562634944263));
#1498 = CARTESIAN_POINT('',(10.025771656461,-8.237967355378));
#1499 = CARTESIAN_POINT('',(10.04545175494,-8.075488071789));
#1500 = CARTESIAN_POINT('',(10.064149510062,-7.913542348962));
#1501 = CARTESIAN_POINT('',(10.081126054292,-7.750685351458));
#1502 = CARTESIAN_POINT('',(10.099650535848,-7.590792932774));
#1503 = CARTESIAN_POINT('',(10.119089521099,-7.432560222255));
#1504 = CARTESIAN_POINT('',(10.13603546704,-7.27099968575));
#1505 = CARTESIAN_POINT('',(10.152889382778,-7.10883471171));
#1506 = CARTESIAN_POINT('',(10.175810813752,-6.861035692845));
#1507 = CARTESIAN_POINT('',(10.18322303981,-6.777826424957));
#1508 = CARTESIAN_POINT('',(10.189651790729,-6.693361003009));
#1509 = CARTESIAN_POINT('',(10.195970530346,-6.608203489921));
#1510 = CARTESIAN_POINT('',(10.203546384549,-6.523284893135));
#1511 = CARTESIAN_POINT('',(10.213570331298,-6.439405287374));
#1512 = CARTESIAN_POINT('',(10.226852606678,-6.357081737659));
#1513 = CARTESIAN_POINT('',(10.24408332696,-6.276742022612));
#1514 = CARTESIAN_POINT('',(10.289033326437,-6.121786293453));
#1515 = CARTESIAN_POINT('',(10.317102139277,-6.047357402575));
#1516 = CARTESIAN_POINT('',(10.349018575266,-5.975046733499));
#1517 = CARTESIAN_POINT('',(10.392282483784,-5.909261734412));
#1518 = CARTESIAN_POINT('',(10.442699365947,-5.847658122443));
#1519 = CARTESIAN_POINT('',(10.496963777912,-5.788404910586));
#1520 = CARTESIAN_POINT('',(10.557022775889,-5.732703642322));
#1521 = CARTESIAN_POINT('',(10.620368767786,-5.679183970289));
#1522 = CARTESIAN_POINT('',(10.752239734359,-5.575857234089));
#1523 = CARTESIAN_POINT('',(10.820834943838,-5.526075790957));
#1524 = CARTESIAN_POINT('',(10.890247239802,-5.477305322898));
#1525 = CARTESIAN_POINT('',(10.962022401173,-5.430139473112));
#1526 = CARTESIAN_POINT('',(11.031103112078,-5.382317796186));
#1527 = CARTESIAN_POINT('',(11.097483882087,-5.333763422429));
#1528 = CARTESIAN_POINT('',(11.165512563666,-5.286281149261));
#1529 = CARTESIAN_POINT('',(11.231821252597,-5.238340754101));
#1530 = CARTESIAN_POINT('',(11.363882705942,-5.1426413187));
#1531 = CARTESIAN_POINT('',(11.429463389513,-5.094797764536));
#1532 = CARTESIAN_POINT('',(11.494643053108,-5.046931234038));
#1533 = CARTESIAN_POINT('',(11.559560527092,-4.999023581362));
#1534 = CARTESIAN_POINT('',(11.624395413678,-4.951061651864));
#1535 = CARTESIAN_POINT('',(11.68931905156,-4.903031279307));
#1536 = CARTESIAN_POINT('',(11.754445480518,-4.854911283025));
#1537 = CARTESIAN_POINT('',(11.819782406048,-4.80666746513));
#1538 = CARTESIAN_POINT('',(12.14678119569,-4.564563177916));
#1539 = CARTESIAN_POINT('',(12.409044426618,-4.367884467981));
#1540 = CARTESIAN_POINT('',(12.671093120202,-4.16696975241));
#1541 = CARTESIAN_POINT('',(12.917678863565,-3.953783425775));
#1542 = CARTESIAN_POINT('',(13.156378348738,-3.732196586448));
#1543 = CARTESIAN_POINT('',(13.390271981588,-3.502256003204));
#1544 = CARTESIAN_POINT('',(13.610336434893,-3.258650653598));
#1545 = CARTESIAN_POINT('',(13.817278582552,-3.005100357218));
#1546 = CARTESIAN_POINT('',(14.198792563381,-2.473870365453));
#1547 = CARTESIAN_POINT('',(14.373130385799,-2.196399015686));
#1548 = CARTESIAN_POINT('',(14.531065489841,-1.908214985203));
#1549 = CARTESIAN_POINT('',(14.662114459451,-1.608928343158));
#1550 = CARTESIAN_POINT('',(14.780308056781,-1.294564449129));
#1551 = CARTESIAN_POINT('',(14.863902689841,-0.979539636419));
#1552 = CARTESIAN_POINT('',(14.91920106517,-0.655811566076));
#1553 = CARTESIAN_POINT('',(14.948334513235,-0.329159821686));
#1554 = CARTESIAN_POINT('',(14.949999999983,-2.260220712295E-05));
#1555 = ( GEOMETRIC_REPRESENTATION_CONTEXT(2) 
PARAMETRIC_REPRESENTATION_CONTEXT() REPRESENTATION_CONTEXT('2D SPACE',''
  ) );
#1556 = FACE_BOUND('',#1557,.F.);
#1557 = EDGE_LOOP('',(#1558));
#1558 = ORIENTED_EDGE('',*,*,#1559,.F.);
#1559 = EDGE_CURVE('',#1560,#1560,#1562,.T.);
#1560 = VERTEX_POINT('',#1561);
#1561 = CARTESIAN_POINT('',(-3.290903311063E-15,-14.95,5.5425));
#1562 = SURFACE_CURVE('',#1563,(#1706,#1911),.PCURVE_S1.);
#1563 = B_SPLINE_CURVE_WITH_KNOTS('',8,(#1564,#1565,#1566,#1567,#1568,
    #1569,#1570,#1571,#1572,#1573,#1574,#1575,#1576,#1577,#1578,#1579,
    #1580,#1581,#1582,#1583,#1584,#1585,#1586,#1587,#1588,#1589,#1590,
    #1591,#1592,#1593,#1594,#1595,#1596,#1597,#1598,#1599,#1600,#1601,
    #1602,#1603,#1604,#1605,#1606,#1607,#1608,#1609,#1610,#1611,#1612,
    #1613,#1614,#1615,#1616,#1617,#1618,#1619,#1620,#1621,#1622,#1623,
    #1624,#1625,#1626,#1627,#1628,#1629,#1630,#1631,#1632,#1633,#1634,
    #1635,#1636,#1637,#1638,#1639,#1640,#1641,#1642,#1643,#1644,#1645,
    #1646,#1647,#1648,#1649,#1650,#1651,#1652,#1653,#1654,#1655,#1656,
    #1657,#1658,#1659,#1660,#1661,#1662,#1663,#1664,#1665,#1666,#1667,
    #1668,#1669,#1670,#1671,#1672,#1673,#1674,#1675,#1676,#1677,#1678,
    #1679,#1680,#1681,#1682,#1683,#1684,#1685,#1686,#1687,#1688,#1689,
    #1690,#1691,#1692,#1693,#1694,#1695,#1696,#1697,#1698,#1699,#1700,
    #1701,#1702,#1703,#1704,#1705),.UNSPECIFIED.,.T.,.F.,(9,7,7,7,7,7,7,
    7,7,7,7,7,7,7,7,7,7,7,7,7,9),(0.,0.161452687614,0.236748021938,
    0.325167955156,0.408472852572,0.48734602173,0.567108735895,
    0.650648039551,0.739746769618,0.82229731759,1.,1.14150580632,
    1.212023234813,1.300687047967,1.384092649501,1.463697819771,
    1.546170647663,1.630035020435,1.715971970244,1.798399853502,
    1.953041166529),.UNSPECIFIED.);
#1564 = CARTESIAN_POINT('',(-2.886579864025E-15,-14.95,5.5425));
#1565 = CARTESIAN_POINT('',(-9.893459376775E-02,-14.95,5.5425));
#1566 = CARTESIAN_POINT('',(-0.197888376516,-14.9472760665,
    5.549920709933));
#1567 = CARTESIAN_POINT('',(-0.296056284191,-14.94185429732,
    5.564766036571));
#1568 = CARTESIAN_POINT('',(-0.392699075739,-14.93387283685,
    5.586909433272));
#1569 = CARTESIAN_POINT('',(-0.487144106933,-14.92356038544,
    5.616130763459));
#1570 = CARTESIAN_POINT('',(-0.578784131372,-14.91121603823,
    5.652144379049));
#1571 = CARTESIAN_POINT('',(-0.667074128651,-14.89719045342,
    5.694618413849));
#1572 = CARTESIAN_POINT('',(-0.790911344336,-14.87472270929,
    5.765835019046));
#1573 = CARTESIAN_POINT('',(-0.829466979357,-14.86729414291,
    5.78981291809));
#1574 = CARTESIAN_POINT('',(-0.867146594551,-14.85962085986,
    5.815084288879));
#1575 = CARTESIAN_POINT('',(-0.903906300401,-14.85174291208,
    5.841613751534));
#1576 = CARTESIAN_POINT('',(-0.939704316765,-14.84370100666,
    5.869365192897));
#1577 = CARTESIAN_POINT('',(-0.97450076952,-14.83553636884,
    5.898302024133));
#1578 = CARTESIAN_POINT('',(-1.008257755179,-14.8272916559,
    5.928387749472));
#1579 = CARTESIAN_POINT('',(-1.07931832015,-14.80929113573,
    5.996224203051));
#1580 = CARTESIAN_POINT('',(-1.116213129566,-14.79952213521,
    6.034395684877));
#1581 = CARTESIAN_POINT('',(-1.151566157776,-14.78977728502,
    6.074043190491));
#1582 = CARTESIAN_POINT('',(-1.185319561455,-14.78012851014,
    6.115106663184));
#1583 = CARTESIAN_POINT('',(-1.217415887477,-14.77064755056,
    6.157523590588));
#1584 = CARTESIAN_POINT('',(-1.247798362492,-14.76140521614,
    6.201228504631));
#1585 = CARTESIAN_POINT('',(-1.276411182505,-14.75247064149,
    6.246152481506));
#1586 = CARTESIAN_POINT('',(-1.328438718124,-14.73584563648,
    6.335627672856));
#1587 = CARTESIAN_POINT('',(-1.352058090048,-14.72811321969,
    6.380049643096));
#1588 = CARTESIAN_POINT('',(-1.374011592419,-14.72076921514,
    6.425425877002));
#1589 = CARTESIAN_POINT('',(-1.39425357822,-14.71386775549,
    6.471689422858));
#1590 = CARTESIAN_POINT('',(-1.412740028256,-14.70746017471,
    6.518768537007));
#1591 = CARTESIAN_POINT('',(-1.429429500171,-14.70159400155,
    6.566586168287));
#1592 = CARTESIAN_POINT('',(-1.444284077474,-14.69631195285,
    6.615059442456));
#1593 = CARTESIAN_POINT('',(-1.469565706013,-14.6872378624,
    6.710529992862));
#1594 = CARTESIAN_POINT('',(-1.480186722873,-14.68338129269,
    6.757470344363));
#1595 = CARTESIAN_POINT('',(-1.489104533555,-14.68011279813,
    6.804842662291));
#1596 = CARTESIAN_POINT('',(-1.496294988067,-14.67745869419,
    6.85256675735));
#1597 = CARTESIAN_POINT('',(-1.501739128929,-14.67543953255,
    6.900559808214));
#1598 = CARTESIAN_POINT('',(-1.505423698085,-14.67406960221,
    6.948736379952));
#1599 = CARTESIAN_POINT('',(-1.507341643817,-14.67335643064,
    6.997008442464));
#1600 = CARTESIAN_POINT('',(-1.50764531432,-14.67324350578,
    7.094106810947));
#1601 = CARTESIAN_POINT('',(-1.505990966208,-14.67385865046,
    7.142936471847));
#1602 = CARTESIAN_POINT('',(-1.502529102038,-14.67514632936,
    7.19168060662));
#1603 = CARTESIAN_POINT('',(-1.49726628425,-14.67709954133,
    7.240248034236));
#1604 = CARTESIAN_POINT('',(-1.490215602966,-14.67970418352,
    7.288550183563));
#1605 = CARTESIAN_POINT('',(-1.481396159949,-14.68293956139,
    7.336501119316));
#1606 = CARTESIAN_POINT('',(-1.470832552559,-14.68677889862,
    7.384017568007));
#1607 = CARTESIAN_POINT('',(-1.445694817279,-14.6958096444,
    7.480245731785));
#1608 = CARTESIAN_POINT('',(-1.430953934723,-14.70105671022,
    7.52890959085));
#1609 = CARTESIAN_POINT('',(-1.414365130066,-14.70689421119,
    7.576920182383));
#1610 = CARTESIAN_POINT('',(-1.395966411846,-14.71327937081,
    7.62419358604));
#1611 = CARTESIAN_POINT('',(-1.375799410185,-14.72016449348,
    7.670651780726));
#1612 = CARTESIAN_POINT('',(-1.353908409851,-14.7274979884,
    7.716222125498));
#1613 = CARTESIAN_POINT('',(-1.330339383323,-14.73522539351,
    7.760836840456));
#1614 = CARTESIAN_POINT('',(-1.27826161493,-14.75189212041,
    7.850929365526));
#1615 = CARTESIAN_POINT('',(-1.249528859095,-14.76087777399,
    7.896266492799));
#1616 = CARTESIAN_POINT('',(-1.218996517687,-14.7701792111,
    7.940369071277));
#1617 = CARTESIAN_POINT('',(-1.186721664921,-14.77972575569,
    7.983166419416));
#1618 = CARTESIAN_POINT('',(-1.152762381192,-14.78944498161,
    8.024591449331));
#1619 = CARTESIAN_POINT('',(-1.117177446387,-14.79926348956,
    8.064580143814));
#1620 = CARTESIAN_POINT('',(-1.080026033186,-14.80910768403,
    8.103071033349));
#1621 = CARTESIAN_POINT('',(-1.005549927768,-14.82798140987,
    8.174223928562));
#1622 = CARTESIAN_POINT('',(-0.968439861232,-14.83701788581,
    8.207105295619));
#1623 = CARTESIAN_POINT('',(-0.930084031407,-14.84595331528,
    8.238602018916));
#1624 = CARTESIAN_POINT('',(-0.890532610784,-14.85473187608,
    8.268665938578));
#1625 = CARTESIAN_POINT('',(-0.849838621964,-14.86329955569,
    8.29724880895));
#1626 = CARTESIAN_POINT('',(-0.80805789089,-14.87160288154,
    8.324303150012));
#1627 = CARTESIAN_POINT('',(-0.765249445011,-14.87958941236,
    8.34978263151));
#1628 = CARTESIAN_POINT('',(-0.627248087128,-14.90361445105,
    8.425002908315));
#1629 = CARTESIAN_POINT('',(-0.528493756831,-14.9183337178,
    8.468886942803));
#1630 = CARTESIAN_POINT('',(-0.425906533653,-14.93084827616,
    8.50478783064));
#1631 = CARTESIAN_POINT('',(-0.320259808187,-14.94074222385,
    8.532274475741));
#1632 = CARTESIAN_POINT('',(-0.212408127734,-14.94756833324,
    8.551002704802));
#1633 = CARTESIAN_POINT('',(-0.103290118292,-14.95121824069,
    8.560743622265));
#1634 = CARTESIAN_POINT('',(6.081509405641E-03,-14.95142215226,
    8.56141281933));
#1635 = CARTESIAN_POINT('',(0.201052699456,-14.94600201851,
    8.546545302919));
#1636 = CARTESIAN_POINT('',(0.286984806387,-14.94154980522,
    8.534279605644));
#1637 = CARTESIAN_POINT('',(0.371898697106,-14.93511692351,
    8.516394343452));
#1638 = CARTESIAN_POINT('',(0.455319666154,-14.92683218768,
    8.493011809288));
#1639 = CARTESIAN_POINT('',(0.536815969626,-14.9168724427,8.464302570065
    ));
#1640 = CARTESIAN_POINT('',(0.615996634689,-14.90545165672,
    8.430470786423));
#1641 = CARTESIAN_POINT('',(0.692508588873,-14.8928111015,8.391743540679
    ));
#1642 = CARTESIAN_POINT('',(0.802673019766,-14.87243301292,
    8.326746675188));
#1643 = CARTESIAN_POINT('',(0.838573704512,-14.86541630745,
    8.303972303303));
#1644 = CARTESIAN_POINT('',(0.873697622666,-14.85819282482,
    8.280069541543));
#1645 = CARTESIAN_POINT('',(0.908008900165,-14.85079514838,
    8.255067679158));
#1646 = CARTESIAN_POINT('',(0.941473296502,-14.84325648378,
    8.228996500155));
#1647 = CARTESIAN_POINT('',(0.974058171651,-14.83561101794,
    8.201885972998));
#1648 = CARTESIAN_POINT('',(1.005732452994,-14.82789427824,
    8.173765940306));
#1649 = CARTESIAN_POINT('',(1.075109628871,-14.81039817993,
    8.108077284287));
#1650 = CARTESIAN_POINT('',(1.112265237506,-14.80059908177,
    8.069940395969));
#1651 = CARTESIAN_POINT('',(1.147874869871,-14.79081818398,
    8.030313672711));
#1652 = CARTESIAN_POINT('',(1.181880105861,-14.78112806444,
    7.989257581219));
#1653 = CARTESIAN_POINT('',(1.214222942945,-14.77160114212,
    7.946835023633));
#1654 = CARTESIAN_POINT('',(1.244846075568,-14.76230892716,
    7.903111835366));
#1655 = CARTESIAN_POINT('',(1.273693174551,-14.75332127097,
    7.858157282941));
#1656 = CARTESIAN_POINT('',(1.326122973752,-14.73660091364,
    7.768666557813));
#1657 = CARTESIAN_POINT('',(1.349916105463,-14.72882549098,
    7.724264179835));
#1658 = CARTESIAN_POINT('',(1.372042005745,-14.72143562029,
    7.678900082671));
#1659 = CARTESIAN_POINT('',(1.39245475978,-14.71448581558,7.632641197436
    ));
#1660 = CARTESIAN_POINT('',(1.411110044222,-14.70802782282,
    7.585559254105));
#1661 = CARTESIAN_POINT('',(1.427966077596,-14.70210960979,
    7.537731304034));
#1662 = CARTESIAN_POINT('',(1.442984570714,-14.69677435585,7.48924024248
    ));
#1663 = CARTESIAN_POINT('',(1.468679726861,-14.68755936589,
    7.393346094827));
#1664 = CARTESIAN_POINT('',(1.47952353283,-14.68362416579,7.345992314829
    ));
#1665 = CARTESIAN_POINT('',(1.488633181083,-14.68028662056,7.2981935238)
  );
#1666 = CARTESIAN_POINT('',(1.495983583975,-14.67757407897,
    7.250032032884));
#1667 = CARTESIAN_POINT('',(1.501555016778,-14.67550793116,7.20159291342
    ));
#1668 = CARTESIAN_POINT('',(1.505333654357,-14.67410308023,
    7.152963978663));
#1669 = CARTESIAN_POINT('',(1.507312107836,-14.67336741395,
    7.104235765504));
#1670 = CARTESIAN_POINT('',(1.507674221602,-14.67323275626,
    7.005011688184));
#1671 = CARTESIAN_POINT('',(1.505925823151,-14.67388286138,
    6.954511716412));
#1672 = CARTESIAN_POINT('',(1.502244152995,-14.67525236483,
    6.904105481921));
#1673 = CARTESIAN_POINT('',(1.496636671374,-14.6773333087,6.853893831713
    ));
#1674 = CARTESIAN_POINT('',(1.48911828877,-14.6801096212,6.803974554105)
  );
#1675 = CARTESIAN_POINT('',(1.479710742992,-14.6835577337,6.754442354085
    ));
#1676 = CARTESIAN_POINT('',(1.468441976255,-14.68764719785,
    6.705388828665));
#1677 = CARTESIAN_POINT('',(1.442028074688,-14.69711460999,
    6.607597956275));
#1678 = CARTESIAN_POINT('',(1.426820140876,-14.70251340779,6.55887767523
    ));
#1679 = CARTESIAN_POINT('',(1.409756302569,-14.70849946818,
    6.510832110579));
#1680 = CARTESIAN_POINT('',(1.390875649681,-14.7150286746,6.463545272319
    ));
#1681 = CARTESIAN_POINT('',(1.370220798828,-14.72205205661,
    6.417095208455));
#1682 = CARTESIAN_POINT('',(1.347836921833,-14.72951682467,
    6.371554544477));
#1683 = CARTESIAN_POINT('',(1.323770774251,-14.737367405,6.326991022841)
  );
#1684 = CARTESIAN_POINT('',(1.271733512168,-14.75392767667,
    6.238869459536));
#1685 = CARTESIAN_POINT('',(1.243680876096,-14.762653719,6.19536391699)
  );
#1686 = CARTESIAN_POINT('',(1.21396204387,-14.77166305388,6.153017862657
    ));
#1687 = CARTESIAN_POINT('',(1.182628335715,-14.7808920425,6.111894283197
    ));
#1688 = CARTESIAN_POINT('',(1.149731921149,-14.79027559717,
    6.072053133299));
#1689 = CARTESIAN_POINT('',(1.115325576252,-14.79974782365,
    6.033551764913));
#1690 = CARTESIAN_POINT('',(1.079462440942,-14.80924266362,
    5.996445356482));
#1691 = CARTESIAN_POINT('',(1.006450822611,-14.82776046177,
    5.926585352841));
#1692 = CARTESIAN_POINT('',(0.969415788912,-14.83678712655,
    5.893716962683));
#1693 = CARTESIAN_POINT('',(0.931137302623,-14.84571409421,
    5.862228749215));
#1694 = CARTESIAN_POINT('',(0.891665295208,-14.85448569533,
    5.832168680021));
#1695 = CARTESIAN_POINT('',(0.851052530814,-14.86304808295,
    5.803584814215));
#1696 = CARTESIAN_POINT('',(0.809354563825,-14.87134798729,
    5.776524460148));
#1697 = CARTESIAN_POINT('',(0.766630125306,-14.8793331705,5.751033789343
    ));
#1698 = CARTESIAN_POINT('',(0.640979399255,-14.90125295921,
    5.682364837923));
#1699 = CARTESIAN_POINT('',(0.555603876628,-14.91427441064,5.64324369228
    ));
#1700 = CARTESIAN_POINT('',(0.467256396475,-14.92568666974,
    5.610113641793));
#1701 = CARTESIAN_POINT('',(0.37642758281,-14.93518856602,5.583261156888
    ));
#1702 = CARTESIAN_POINT('',(0.283661180005,-14.94252467568,
    5.562930671459));
#1703 = CARTESIAN_POINT('',(0.189555980317,-14.94750076131,
    5.549308499028));
#1704 = CARTESIAN_POINT('',(9.476615657375E-02,-14.95,5.5425));
#1705 = CARTESIAN_POINT('',(-2.9917225121E-15,-14.95,5.5425));
#1706 = PCURVE('',#348,#1707);
#1707 = DEFINITIONAL_REPRESENTATION('',(#1708),#1910);
#1708 = B_SPLINE_CURVE_WITH_KNOTS('',3,(#1709,#1710,#1711,#1712,#1713,
    #1714,#1715,#1716,#1717,#1718,#1719,#1720,#1721,#1722,#1723,#1724,
    #1725,#1726,#1727,#1728,#1729,#1730,#1731,#1732,#1733,#1734,#1735,
    #1736,#1737,#1738,#1739,#1740,#1741,#1742,#1743,#1744,#1745,#1746,
    #1747,#1748,#1749,#1750,#1751,#1752,#1753,#1754,#1755,#1756,#1757,
    #1758,#1759,#1760,#1761,#1762,#1763,#1764,#1765,#1766,#1767,#1768,
    #1769,#1770,#1771,#1772,#1773,#1774,#1775,#1776,#1777,#1778,#1779,
    #1780,#1781,#1782,#1783,#1784,#1785,#1786,#1787,#1788,#1789,#1790,
    #1791,#1792,#1793,#1794,#1795,#1796,#1797,#1798,#1799,#1800,#1801,
    #1802,#1803,#1804,#1805,#1806,#1807,#1808,#1809,#1810,#1811,#1812,
    #1813,#1814,#1815,#1816,#1817,#1818,#1819,#1820,#1821,#1822,#1823,
    #1824,#1825,#1826,#1827,#1828,#1829,#1830,#1831,#1832,#1833,#1834,
    #1835,#1836,#1837,#1838,#1839,#1840,#1841,#1842,#1843,#1844,#1845,
    #1846,#1847,#1848,#1849,#1850,#1851,#1852,#1853,#1854,#1855,#1856,
    #1857,#1858,#1859,#1860,#1861,#1862,#1863,#1864,#1865,#1866,#1867,
    #1868,#1869,#1870,#1871,#1872,#1873,#1874,#1875,#1876,#1877,#1878,
    #1879,#1880,#1881,#1882,#1883,#1884,#1885,#1886,#1887,#1888,#1889,
    #1890,#1891,#1892,#1893,#1894,#1895,#1896,#1897,#1898,#1899,#1900,
    #1901,#1902,#1903,#1904,#1905,#1906,#1907,#1908,#1909),
  .UNSPECIFIED.,.T.,.F.,(4,1,1,1,1,1,1,1,1,1,1,1,1,1,1,1,1,1,1,1,1,1,1,1
    ,1,1,1,1,1,1,1,1,1,1,1,1,1,1,1,1,1,1,1,1,1,1,1,1,1,1,1,1,1,1,1,1,1,1
    ,1,1,1,1,1,1,1,1,1,1,1,1,1,1,1,1,1,1,1,1,1,1,1,1,1,1,1,1,1,1,1,1,1,1
    ,1,1,1,1,1,1,1,1,1,1,1,1,1,1,1,1,1,1,1,1,1,1,1,1,1,1,1,1,1,1,1,1,1,1
    ,1,1,1,1,1,1,1,1,1,1,1,1,1,1,1,1,1,1,1,1,1,1,1,1,1,1,1,1,1,1,1,1,1,1
    ,1,1,1,1,1,1,1,1,1,1,1,1,1,1,1,1,1,1,1,1,1,1,1,1,1,1,1,1,1,1,1,1,1,1
    ,1,1,1,1,4),(0.,9.863844275399E-03,1.97276885508E-02,
    2.95915328262E-02,3.94553771016E-02,4.9319221377E-02,
    5.91830656524E-02,6.90469099278E-02,7.89107542032E-02,
    8.87745984786E-02,9.863844275399E-02,0.108502287029,0.118366131305,
    0.12822997558,0.138093819856,0.147957664131,0.157821508406,
    0.167685352682,0.177549196957,0.187413041233,0.197276885508,
    0.207140729783,0.217004574059,0.226868418334,0.23673226261,
    0.246596106885,0.25645995116,0.266323795436,0.276187639711,
    0.286051483987,0.295915328262,0.305779172537,0.315643016813,
    0.325506861088,0.335370705364,0.345234549639,0.355098393914,
    0.36496223819,0.374826082465,0.384689926741,0.394553771016,
    0.404417615291,0.414281459567,0.424145303842,0.434009148118,
    0.443872992393,0.453736836668,0.463600680944,0.473464525219,
    0.483328369495,0.49319221377,0.503056058045,0.512919902321,
    0.522783746596,0.532647590872,0.542511435147,0.552375279422,
    0.562239123698,0.572102967973,0.581966812249,0.591830656524,
    0.601694500799,0.611558345075,0.62142218935,0.631286033626,
    0.641149877901,0.651013722176,0.660877566452,0.670741410727,
    0.680605255003,0.690469099278,0.700332943553,0.710196787829,
    0.720060632104,0.72992447638,0.739788320655,0.74965216493,
    0.759516009206,0.769379853481,0.779243697757,0.789107542032,
    0.798971386307,0.808835230583,0.818699074858,0.828562919134,
    0.838426763409,0.848290607684,0.85815445196,0.868018296235,
    0.877882140511,0.887745984786,0.897609829061,0.907473673337,
    0.917337517612,0.927201361888,0.937065206163,0.946929050438,
    0.956792894714,0.966656738989,0.976520583265,0.98638442754,
    0.996248271815,1.006112116091,1.015975960366,1.025839804642,
    1.035703648917,1.045567493192,1.055431337468,1.065295181743,
    1.075159026019,1.085022870294,1.094886714569,1.104750558845,
    1.11461440312,1.124478247396,1.134342091671,1.144205935946,
    1.154069780222,1.163933624497,1.173797468773,1.183661313048,
    1.193525157323,1.203389001599,1.213252845874,1.22311669015,
    1.232980534425,1.2428443787,1.252708222976,1.262572067251,
    1.272435911527,1.282299755802,1.292163600077,1.302027444353,
    1.311891288628,1.321755132904,1.331618977179,1.341482821454,
    1.35134666573,1.361210510005,1.371074354281,1.380938198556,
    1.390802042831,1.400665887107,1.410529731382,1.420393575658,
    1.430257419933,1.440121264208,1.449985108484,1.459848952759,
    1.469712797035,1.47957664131,1.489440485585,1.499304329861,
    1.509168174136,1.519032018412,1.528895862687,1.538759706962,
    1.548623551238,1.558487395513,1.568351239789,1.578215084064,
    1.588078928339,1.597942772615,1.60780661689,1.617670461166,
    1.627534305441,1.637398149716,1.647261993992,1.657125838267,
    1.666989682543,1.676853526818,1.686717371093,1.696581215369,
    1.706445059644,1.71630890392,1.726172748195,1.73603659247,
    1.745900436746,1.755764281021,1.765628125297,1.775491969572,
    1.785355813847,1.795219658123,1.805083502398,1.814947346673,
    1.824811190949,1.834675035224,1.8445388795,1.854402723775,
    1.86426656805,1.874130412326,1.883994256601,1.893858100877,
    1.903721945152,1.913585789427,1.923449633703,1.933313477978,
    1.943177322254,1.953041166529),.QUASI_UNIFORM_KNOTS.);
#1709 = CARTESIAN_POINT('',(62.712757476661,-3.3925));
#1710 = CARTESIAN_POINT('',(62.696673725762,-3.392499766004));
#1711 = CARTESIAN_POINT('',(62.664505353755,-3.393017220076));
#1712 = CARTESIAN_POINT('',(62.61630306994,-3.395342879438));
#1713 = CARTESIAN_POINT('',(62.568204502677,-3.399214785067));
#1714 = CARTESIAN_POINT('',(62.520261142923,-3.404626009155));
#1715 = CARTESIAN_POINT('',(62.472523284593,-3.411567441926));
#1716 = CARTESIAN_POINT('',(62.425039902105,-3.420027614943));
#1717 = CARTESIAN_POINT('',(62.377858760285,-3.429992965715));
#1718 = CARTESIAN_POINT('',(62.331026459226,-3.441447972391));
#1719 = CARTESIAN_POINT('',(62.284588493635,-3.454375311563));
#1720 = CARTESIAN_POINT('',(62.238589305174,-3.468755998253));
#1721 = CARTESIAN_POINT('',(62.193072333566,-3.48456951885));
#1722 = CARTESIAN_POINT('',(62.148080064216,-3.501793954749));
#1723 = CARTESIAN_POINT('',(62.103654075104,-3.52040609502));
#1724 = CARTESIAN_POINT('',(62.059835073827,-3.540381546973));
#1725 = CARTESIAN_POINT('',(62.016662958199,-3.56169481086));
#1726 = CARTESIAN_POINT('',(61.974176775855,-3.584319444869));
#1727 = CARTESIAN_POINT('',(61.932415047658,-3.608227849565));
#1728 = CARTESIAN_POINT('',(61.89140808185,-3.633396417506));
#1729 = CARTESIAN_POINT('',(61.851191379071,-3.659798134372));
#1730 = CARTESIAN_POINT('',(61.811798889452,-3.687406201212));
#1731 = CARTESIAN_POINT('',(61.773264373742,-3.716193410539));
#1732 = CARTESIAN_POINT('',(61.735621092324,-3.746132427008));
#1733 = CARTESIAN_POINT('',(61.698901977179,-3.777195801062));
#1734 = CARTESIAN_POINT('',(61.663140174622,-3.809356336372));
#1735 = CARTESIAN_POINT('',(61.628369078142,-3.842586499348));
#1736 = CARTESIAN_POINT('',(61.594621827099,-3.876858438656));
#1737 = CARTESIAN_POINT('',(61.561931209933,-3.912144357855));
#1738 = CARTESIAN_POINT('',(61.530330400706,-3.948415668951));
#1739 = CARTESIAN_POINT('',(61.499852680063,-3.985643146125));
#1740 = CARTESIAN_POINT('',(61.470531426891,-4.023796808929));
#1741 = CARTESIAN_POINT('',(61.442400028207,-4.062845887436));
#1742 = CARTESIAN_POINT('',(61.415491832233,-4.102758730089));
#1743 = CARTESIAN_POINT('',(61.389839998631,-4.143502858825));
#1744 = CARTESIAN_POINT('',(61.365477707127,-4.18504449104));
#1745 = CARTESIAN_POINT('',(61.342438261894,-4.227347698905));
#1746 = CARTESIAN_POINT('',(61.320754410321,-4.270375319906));
#1747 = CARTESIAN_POINT('',(61.300458352555,-4.31408854532));
#1748 = CARTESIAN_POINT('',(61.281581470978,-4.358446928662));
#1749 = CARTESIAN_POINT('',(61.264154133695,-4.403408279575));
#1750 = CARTESIAN_POINT('',(61.248205475899,-4.448928596024));
#1751 = CARTESIAN_POINT('',(61.233763191889,-4.494961957792));
#1752 = CARTESIAN_POINT('',(61.220853304876,-4.541460536489));
#1753 = CARTESIAN_POINT('',(61.209499605616,-4.588375549018));
#1754 = CARTESIAN_POINT('',(61.199724106371,-4.635654476287));
#1755 = CARTESIAN_POINT('',(61.191545978957,-4.683244194929));
#1756 = CARTESIAN_POINT('',(61.184981581423,-4.731090373147));
#1757 = CARTESIAN_POINT('',(61.180044264135,-4.779137640938));
#1758 = CARTESIAN_POINT('',(61.176744235912,-4.82732953607));
#1759 = CARTESIAN_POINT('',(61.175088424712,-4.875608572682));
#1760 = CARTESIAN_POINT('',(61.175080315468,-4.923916043633));
#1761 = CARTESIAN_POINT('',(61.176719925317,-4.972195749489));
#1762 = CARTESIAN_POINT('',(61.180003797129,-5.020388713473));
#1763 = CARTESIAN_POINT('',(61.184925039171,-5.068437624645));
#1764 = CARTESIAN_POINT('',(61.191473479651,-5.116286026301));
#1765 = CARTESIAN_POINT('',(61.199635801414,-5.163878548989));
#1766 = CARTESIAN_POINT('',(61.209395672578,-5.211160820301));
#1767 = CARTESIAN_POINT('',(61.220733928716,-5.25807962295));
#1768 = CARTESIAN_POINT('',(61.233628567187,-5.304582382936));
#1769 = CARTESIAN_POINT('',(61.248055867537,-5.350620512303));
#1770 = CARTESIAN_POINT('',(61.263989794644,-5.396146032811));
#1771 = CARTESIAN_POINT('',(61.281402683715,-5.441113047341));
#1772 = CARTESIAN_POINT('',(61.300265410596,-5.485477525927));
#1773 = CARTESIAN_POINT('',(61.320547616701,-5.529197259918));
#1774 = CARTESIAN_POINT('',(61.342217924604,-5.572231778946));
#1775 = CARTESIAN_POINT('',(61.365244134668,-5.614542248557));
#1776 = CARTESIAN_POINT('',(61.389593502973,-5.656091482371));
#1777 = CARTESIAN_POINT('',(61.415232705936,-5.696843514007));
#1778 = CARTESIAN_POINT('',(61.442128618008,-5.736764633799));
#1779 = CARTESIAN_POINT('',(61.470248061409,-5.775822315273));
#1780 = CARTESIAN_POINT('',(61.49955768806,-5.813984896602));
#1781 = CARTESIAN_POINT('',(61.530024106341,-5.851221592945));
#1782 = CARTESIAN_POINT('',(61.56161393478,-5.887502414977));
#1783 = CARTESIAN_POINT('',(61.594293892546,-5.922798131769));
#1784 = CARTESIAN_POINT('',(61.628030803899,-5.957080150091));
#1785 = CARTESIAN_POINT('',(61.662791896797,-5.990320683664));
#1786 = CARTESIAN_POINT('',(61.698543996283,-6.022491846136));
#1787 = CARTESIAN_POINT('',(61.735253717668,-6.053566107905));
#1788 = CARTESIAN_POINT('',(61.772887944379,-6.083516301265));
#1789 = CARTESIAN_POINT('',(61.811413753034,-6.112314982916));
#1790 = CARTESIAN_POINT('',(61.850797868002,-6.139934801933));
#1791 = CARTESIAN_POINT('',(61.891006552775,-6.166348548522));
#1792 = CARTESIAN_POINT('',(61.932005641066,-6.191529309634));
#1793 = CARTESIAN_POINT('',(61.973760224989,-6.215450351884));
#1794 = CARTESIAN_POINT('',(62.016235542575,-6.238085823861));
#1795 = CARTESIAN_POINT('',(62.059404217254,-6.259413913997));
#1796 = CARTESIAN_POINT('',(62.10322349155,-6.279405617773));
#1797 = CARTESIAN_POINT('',(62.147652825754,-6.298034858868));
#1798 = CARTESIAN_POINT('',(62.192650222501,-6.315276458834));
#1799 = CARTESIAN_POINT('',(62.238173176382,-6.331106765511));
#1800 = CARTESIAN_POINT('',(62.284178392352,-6.345503578395));
#1801 = CARTESIAN_POINT('',(62.330621831824,-6.358446271376));
#1802 = CARTESIAN_POINT('',(62.377458663964,-6.369915871439));
#1803 = CARTESIAN_POINT('',(62.424643234801,-6.3798951581));
#1804 = CARTESIAN_POINT('',(62.47212902615,-6.388368766571));
#1805 = CARTESIAN_POINT('',(62.519868615437,-6.395323299748));
#1806 = CARTESIAN_POINT('',(62.567813636001,-6.400747448569));
#1807 = CARTESIAN_POINT('',(62.615914740965,-6.404632121524));
#1808 = CARTESIAN_POINT('',(62.664121559564,-6.406970585817));
#1809 = CARTESIAN_POINT('',(62.712382668282,-6.407758615679));
#1810 = CARTESIAN_POINT('',(62.760645451401,-6.406994670776));
#1811 = CARTESIAN_POINT('',(62.808856296158,-6.40468002598));
#1812 = CARTESIAN_POINT('',(62.856959794784,-6.400819154112));
#1813 = CARTESIAN_POINT('',(62.904910986246,-6.395418287989));
#1814 = CARTESIAN_POINT('',(62.952657566759,-6.388486624616));
#1815 = CARTESIAN_POINT('',(63.000150236709,-6.380035636561));
#1816 = CARTESIAN_POINT('',(63.047340683002,-6.370078958268));
#1817 = CARTESIAN_POINT('',(63.094182026538,-6.358632188634));
#1818 = CARTESIAN_POINT('',(63.140628613067,-6.345712727804));
#1819 = CARTESIAN_POINT('',(63.186635984158,-6.331339616459));
#1820 = CARTESIAN_POINT('',(63.232160803458,-6.315533386524));
#1821 = CARTESIAN_POINT('',(63.277160801119,-6.298315919326));
#1822 = CARTESIAN_POINT('',(63.321594709871,-6.279710318158));
#1823 = CARTESIAN_POINT('',(63.36542223599,-6.25974077136));
#1824 = CARTESIAN_POINT('',(63.408603918545,-6.238432494593));
#1825 = CARTESIAN_POINT('',(63.451101419958,-6.215811421396));
#1826 = CARTESIAN_POINT('',(63.492876221915,-6.191904877066));
#1827 = CARTESIAN_POINT('',(63.533894998386,-6.166738208392));
#1828 = CARTESIAN_POINT('',(63.574123655743,-6.140337598088));
#1829 = CARTESIAN_POINT('',(63.613527857253,-6.112730088753));
#1830 = CARTESIAN_POINT('',(63.652073932021,-6.083942860544));
#1831 = CARTESIAN_POINT('',(63.689728584647,-6.054003266778));
#1832 = CARTESIAN_POINT('',(63.726458870154,-6.022938743888));
#1833 = CARTESIAN_POINT('',(63.762231645769,-5.990776466045));
#1834 = CARTESIAN_POINT('',(63.797013340934,-5.957544181059));
#1835 = CARTESIAN_POINT('',(63.830771008222,-5.923269532323));
#1836 = CARTESIAN_POINT('',(63.863471751396,-5.887980414587));
#1837 = CARTESIAN_POINT('',(63.895082382443,-5.851705425962));
#1838 = CARTESIAN_POINT('',(63.925569593169,-5.814473818261));
#1839 = CARTESIAN_POINT('',(63.95489998955,-5.776315585704));
#1840 = CARTESIAN_POINT('',(63.983040174912,-5.737261501808));
#1841 = CARTESIAN_POINT('',(64.009956788188,-5.697343225196));
#1842 = CARTESIAN_POINT('',(64.035616684834,-5.656593181525));
#1843 = CARTESIAN_POINT('',(64.059986587371,-5.615045296068));
#1844 = CARTESIAN_POINT('',(64.083033198881,-5.572735483265));
#1845 = CARTESIAN_POINT('',(64.104723750717,-5.529700918843));
#1846 = CARTESIAN_POINT('',(64.125026029579,-5.485980421057));
#1847 = CARTESIAN_POINT('',(64.143908637637,-5.441614449892));
#1848 = CARTESIAN_POINT('',(64.161341189598,-5.396645216411));
#1849 = CARTESIAN_POINT('',(64.177294535048,-5.351116733556));
#1850 = CARTESIAN_POINT('',(64.191740946555,-5.305074990988));
#1851 = CARTESIAN_POINT('',(64.204654421172,-5.258567692316));
#1852 = CARTESIAN_POINT('',(64.216011111736,-5.211643806402));
#1853 = CARTESIAN_POINT('',(64.225788992555,-5.164355884637));
#1854 = CARTESIAN_POINT('',(64.233968889311,-5.116757045462));
#1855 = CARTESIAN_POINT('',(64.24053443599,-5.068901639772));
#1856 = CARTESIAN_POINT('',(64.245472275017,-5.020845066061));
#1857 = CARTESIAN_POINT('',(64.248772191424,-4.972643822918));
#1858 = CARTESIAN_POINT('',(64.250427253601,-4.924355462369));
#1859 = CARTESIAN_POINT('',(64.250433978251,-4.876038702481));
#1860 = CARTESIAN_POINT('',(64.248792346359,-4.827749679334));
#1861 = CARTESIAN_POINT('',(64.245505822087,-4.779547511891));
#1862 = CARTESIAN_POINT('',(64.240581308129,-4.731489553851));
#1863 = CARTESIAN_POINT('',(64.234028988771,-4.68363229997));
#1864 = CARTESIAN_POINT('',(64.225862191045,-4.636031124758));
#1865 = CARTESIAN_POINT('',(64.216097255991,-4.588740397051));
#1866 = CARTESIAN_POINT('',(64.204753336028,-4.5418132587));
#1867 = CARTESIAN_POINT('',(64.191852463566,-4.495302370942));
#1868 = CARTESIAN_POINT('',(64.177418494039,-4.449256782793));
#1869 = CARTESIAN_POINT('',(64.161477369573,-4.403724036167));
#1870 = CARTESIAN_POINT('',(64.144056821172,-4.358750185317));
#1871 = CARTESIAN_POINT('',(64.125185983785,-4.314379243384));
#1872 = CARTESIAN_POINT('',(64.104895231413,-4.270653435132));
#1873 = CARTESIAN_POINT('',(64.083215951005,-4.22761322906));
#1874 = CARTESIAN_POINT('',(64.060180342775,-4.185297445803));
#1875 = CARTESIAN_POINT('',(64.035821179872,-4.143743282027));
#1876 = CARTESIAN_POINT('',(64.010171710194,-4.102986596038));
#1877 = CARTESIAN_POINT('',(63.983265259709,-4.063061420958));
#1878 = CARTESIAN_POINT('',(63.955134973362,-4.024000183129));
#1879 = CARTESIAN_POINT('',(63.92581421474,-3.985834551306));
#1880 = CARTESIAN_POINT('',(63.895336379302,-3.948595301371));
#1881 = CARTESIAN_POINT('',(63.863734859448,-3.912312429679));
#1882 = CARTESIAN_POINT('',(63.831042950739,-3.87701517975));
#1883 = CARTESIAN_POINT('',(63.797293853498,-3.842732166936));
#1884 = CARTESIAN_POINT('',(63.762520364848,-3.809491197836));
#1885 = CARTESIAN_POINT('',(63.726755731112,-3.777320215749));
#1886 = CARTESIAN_POINT('',(63.690033284475,-3.746246695112));
#1887 = CARTESIAN_POINT('',(63.652386185084,-3.716297847242));
#1888 = CARTESIAN_POINT('',(63.613847371268,-3.687501126595));
#1889 = CARTESIAN_POINT('',(63.574450142915,-3.659883900326));
#1890 = CARTESIAN_POINT('',(63.534228257023,-3.633473389658));
#1891 = CARTESIAN_POINT('',(63.493215899684,-3.608296522785));
#1892 = CARTESIAN_POINT('',(63.451447999314,-3.584380031898));
#1893 = CARTESIAN_POINT('',(63.408959330194,-3.561749824204));
#1894 = CARTESIAN_POINT('',(63.365782309976,-3.540430081421));
#1895 = CARTESIAN_POINT('',(63.321957413062,-3.520448215126));
#1896 = CARTESIAN_POINT('',(63.27752439252,-3.501829719875));
#1897 = CARTESIAN_POINT('',(63.232524250082,-3.484599207375));
#1898 = CARTESIAN_POINT('',(63.186998753801,-3.468780010931));
#1899 = CARTESIAN_POINT('',(63.140990616334,-3.454394161381));
#1900 = CARTESIAN_POINT('',(63.094543499731,-3.441462251822));
#1901 = CARTESIAN_POINT('',(63.047702070055,-3.430003320688));
#1902 = CARTESIAN_POINT('',(63.00051204228,-3.420034717692));
#1903 = CARTESIAN_POINT('',(62.953020229902,-3.411571964929));
#1904 = CARTESIAN_POINT('',(62.90527460045,-3.404628599539));
#1905 = CARTESIAN_POINT('',(62.857324317011,-3.399216039952));
#1906 = CARTESIAN_POINT('',(62.80921984335,-3.395343321284));
#1907 = CARTESIAN_POINT('',(62.761012821272,-3.393017275576));
#1908 = CARTESIAN_POINT('',(62.728842145169,-3.392499764194));
#1909 = CARTESIAN_POINT('',(62.712757476661,-3.3925));
#1910 = ( GEOMETRIC_REPRESENTATION_CONTEXT(2) 
PARAMETRIC_REPRESENTATION_CONTEXT() REPRESENTATION_CONTEXT('2D SPACE',''
  ) );
#1911 = PCURVE('',#1912,#1917);
#1912 = CYLINDRICAL_SURFACE('',#1913,1.5075);
#1913 = AXIS2_PLACEMENT_3D('',#1914,#1915,#1916);
#1914 = CARTESIAN_POINT('',(-1.208016545957E-16,-2.336,7.05));
#1915 = DIRECTION('',(-2.22044604925E-16,-1.,1.110223024625E-16));
#1916 = DIRECTION('',(-2.465190328816E-32,-1.110223024625E-16,-1.));
#1917 = DEFINITIONAL_REPRESENTATION('',(#1918),#2120);
#1918 = B_SPLINE_CURVE_WITH_KNOTS('',3,(#1919,#1920,#1921,#1922,#1923,
    #1924,#1925,#1926,#1927,#1928,#1929,#1930,#1931,#1932,#1933,#1934,
    #1935,#1936,#1937,#1938,#1939,#1940,#1941,#1942,#1943,#1944,#1945,
    #1946,#1947,#1948,#1949,#1950,#1951,#1952,#1953,#1954,#1955,#1956,
    #1957,#1958,#1959,#1960,#1961,#1962,#1963,#1964,#1965,#1966,#1967,
    #1968,#1969,#1970,#1971,#1972,#1973,#1974,#1975,#1976,#1977,#1978,
    #1979,#1980,#1981,#1982,#1983,#1984,#1985,#1986,#1987,#1988,#1989,
    #1990,#1991,#1992,#1993,#1994,#1995,#1996,#1997,#1998,#1999,#2000,
    #2001,#2002,#2003,#2004,#2005,#2006,#2007,#2008,#2009,#2010,#2011,
    #2012,#2013,#2014,#2015,#2016,#2017,#2018,#2019,#2020,#2021,#2022,
    #2023,#2024,#2025,#2026,#2027,#2028,#2029,#2030,#2031,#2032,#2033,
    #2034,#2035,#2036,#2037,#2038,#2039,#2040,#2041,#2042,#2043,#2044,
    #2045,#2046,#2047,#2048,#2049,#2050,#2051,#2052,#2053,#2054,#2055,
    #2056,#2057,#2058,#2059,#2060,#2061,#2062,#2063,#2064,#2065,#2066,
    #2067,#2068,#2069,#2070,#2071,#2072,#2073,#2074,#2075,#2076,#2077,
    #2078,#2079,#2080,#2081,#2082,#2083,#2084,#2085,#2086,#2087,#2088,
    #2089,#2090,#2091,#2092,#2093,#2094,#2095,#2096,#2097,#2098,#2099,
    #2100,#2101,#2102,#2103,#2104,#2105,#2106,#2107,#2108,#2109,#2110,
    #2111,#2112,#2113,#2114,#2115,#2116,#2117,#2118,#2119),
  .UNSPECIFIED.,.F.,.F.,(4,1,1,1,1,1,1,1,1,1,1,1,1,1,1,1,1,1,1,1,1,1,1,1
    ,1,1,1,1,1,1,1,1,1,1,1,1,1,1,1,1,1,1,1,1,1,1,1,1,1,1,1,1,1,1,1,1,1,1
    ,1,1,1,1,1,1,1,1,1,1,1,1,1,1,1,1,1,1,1,1,1,1,1,1,1,1,1,1,1,1,1,1,1,1
    ,1,1,1,1,1,1,1,1,1,1,1,1,1,1,1,1,1,1,1,1,1,1,1,1,1,1,1,1,1,1,1,1,1,1
    ,1,1,1,1,1,1,1,1,1,1,1,1,1,1,1,1,1,1,1,1,1,1,1,1,1,1,1,1,1,1,1,1,1,1
    ,1,1,1,1,1,1,1,1,1,1,1,1,1,1,1,1,1,1,1,1,1,1,1,1,1,1,1,1,1,1,1,1,1,1
    ,1,1,1,1,4),(0.,9.863844275399E-03,1.97276885508E-02,
    2.95915328262E-02,3.94553771016E-02,4.9319221377E-02,
    5.91830656524E-02,6.90469099278E-02,7.89107542032E-02,
    8.87745984786E-02,9.863844275399E-02,0.108502287029,0.118366131305,
    0.12822997558,0.138093819856,0.147957664131,0.157821508406,
    0.167685352682,0.177549196957,0.187413041233,0.197276885508,
    0.207140729783,0.217004574059,0.226868418334,0.23673226261,
    0.246596106885,0.25645995116,0.266323795436,0.276187639711,
    0.286051483987,0.295915328262,0.305779172537,0.315643016813,
    0.325506861088,0.335370705364,0.345234549639,0.355098393914,
    0.36496223819,0.374826082465,0.384689926741,0.394553771016,
    0.404417615291,0.414281459567,0.424145303842,0.434009148118,
    0.443872992393,0.453736836668,0.463600680944,0.473464525219,
    0.483328369495,0.49319221377,0.503056058045,0.512919902321,
    0.522783746596,0.532647590872,0.542511435147,0.552375279422,
    0.562239123698,0.572102967973,0.581966812249,0.591830656524,
    0.601694500799,0.611558345075,0.62142218935,0.631286033626,
    0.641149877901,0.651013722176,0.660877566452,0.670741410727,
    0.680605255003,0.690469099278,0.700332943553,0.710196787829,
    0.720060632104,0.72992447638,0.739788320655,0.74965216493,
    0.759516009206,0.769379853481,0.779243697757,0.789107542032,
    0.798971386307,0.808835230583,0.818699074858,0.828562919134,
    0.838426763409,0.848290607684,0.85815445196,0.868018296235,
    0.877882140511,0.887745984786,0.897609829061,0.907473673337,
    0.917337517612,0.927201361888,0.937065206163,0.946929050438,
    0.956792894714,0.966656738989,0.976520583265,0.98638442754,
    0.996248271815,1.006112116091,1.015975960366,1.025839804642,
    1.035703648917,1.045567493192,1.055431337468,1.065295181743,
    1.075159026019,1.085022870294,1.094886714569,1.104750558845,
    1.11461440312,1.124478247396,1.134342091671,1.144205935946,
    1.154069780222,1.163933624497,1.173797468773,1.183661313048,
    1.193525157323,1.203389001599,1.213252845874,1.22311669015,
    1.232980534425,1.2428443787,1.252708222976,1.262572067251,
    1.272435911527,1.282299755802,1.292163600077,1.302027444353,
    1.311891288628,1.321755132904,1.331618977179,1.341482821454,
    1.35134666573,1.361210510005,1.371074354281,1.380938198556,
    1.390802042831,1.400665887107,1.410529731382,1.420393575658,
    1.430257419933,1.440121264208,1.449985108484,1.459848952759,
    1.469712797035,1.47957664131,1.489440485585,1.499304329861,
    1.509168174136,1.519032018412,1.528895862687,1.538759706962,
    1.548623551238,1.558487395513,1.568351239789,1.578215084064,
    1.588078928339,1.597942772615,1.60780661689,1.617670461166,
    1.627534305441,1.637398149716,1.647261993992,1.657125838267,
    1.666989682543,1.676853526818,1.686717371093,1.696581215369,
    1.706445059644,1.71630890392,1.726172748195,1.73603659247,
    1.745900436746,1.755764281021,1.765628125297,1.775491969572,
    1.785355813847,1.795219658123,1.805083502398,1.814947346673,
    1.824811190949,1.834675035224,1.8445388795,1.854402723775,
    1.86426656805,1.874130412326,1.883994256601,1.893858100877,
    1.903721945152,1.913585789427,1.923449633703,1.933313477978,
    1.943177322254,1.953041166529),.QUASI_UNIFORM_KNOTS.);
#1919 = CARTESIAN_POINT('',(6.28318530718,12.614));
#1920 = CARTESIAN_POINT('',(6.272493192539,12.614000206345));
#1921 = CARTESIAN_POINT('',(6.25110836803,12.613810045761));
#1922 = CARTESIAN_POINT('',(6.219035750704,12.612959101659));
#1923 = CARTESIAN_POINT('',(6.186974495311,12.611547527447));
#1924 = CARTESIAN_POINT('',(6.154930163554,12.60958369841));
#1925 = CARTESIAN_POINT('',(6.122907648412,12.607078002571));
#1926 = CARTESIAN_POINT('',(6.090911130908,12.60404303615));
#1927 = CARTESIAN_POINT('',(6.058944174997,12.600493402913));
#1928 = CARTESIAN_POINT('',(6.027009775507,12.596445621423));
#1929 = CARTESIAN_POINT('',(5.995110409581,12.591918005153));
#1930 = CARTESIAN_POINT('',(5.963248079001,12.586930551624));
#1931 = CARTESIAN_POINT('',(5.931424347916,12.581504830929));
#1932 = CARTESIAN_POINT('',(5.899640375292,12.57566387606));
#1933 = CARTESIAN_POINT('',(5.867896945347,12.569432075001));
#1934 = CARTESIAN_POINT('',(5.836194488755,12.562835062302));
#1935 = CARTESIAN_POINT('',(5.804533125401,12.555899619342));
#1936 = CARTESIAN_POINT('',(5.772912618005,12.548653548707));
#1937 = CARTESIAN_POINT('',(5.741332653601,12.541125651781));
#1938 = CARTESIAN_POINT('',(5.709786820338,12.533344092277));
#1939 = CARTESIAN_POINT('',(5.67827264455,12.525338733449));
#1940 = CARTESIAN_POINT('',(5.646786570914,12.517139823257));
#1941 = CARTESIAN_POINT('',(5.615324944964,12.508778126391));
#1942 = CARTESIAN_POINT('',(5.58388372104,12.500284896113));
#1943 = CARTESIAN_POINT('',(5.552458533859,12.49169201911));
#1944 = CARTESIAN_POINT('',(5.521044393012,12.483032270966));
#1945 = CARTESIAN_POINT('',(5.489636322431,12.47433959856));
#1946 = CARTESIAN_POINT('',(5.458229318717,12.465647299385));
#1947 = CARTESIAN_POINT('',(5.426818019524,12.456988803648));
#1948 = CARTESIAN_POINT('',(5.395397461967,12.448397494777));
#1949 = CARTESIAN_POINT('',(5.363962871219,12.439906647721));
#1950 = CARTESIAN_POINT('',(5.332509716198,12.43154933616));
#1951 = CARTESIAN_POINT('',(5.301033691133,12.423358346288));
#1952 = CARTESIAN_POINT('',(5.269530749326,12.415366095413));
#1953 = CARTESIAN_POINT('',(5.237997023019,12.407604524696));
#1954 = CARTESIAN_POINT('',(5.206429166157,12.400105090769));
#1955 = CARTESIAN_POINT('',(5.174824885082,12.392898692227));
#1956 = CARTESIAN_POINT('',(5.143182219384,12.386015426342));
#1957 = CARTESIAN_POINT('',(5.111499812929,12.379484490849));
#1958 = CARTESIAN_POINT('',(5.079776866572,12.373334010581));
#1959 = CARTESIAN_POINT('',(5.048013191379,12.367590884496));
#1960 = CARTESIAN_POINT('',(5.016209242943,12.3622806263));
#1961 = CARTESIAN_POINT('',(4.984366192035,12.3574272103));
#1962 = CARTESIAN_POINT('',(4.952485925618,12.353052902714));
#1963 = CARTESIAN_POINT('',(4.920570398731,12.349177982762));
#1964 = CARTESIAN_POINT('',(4.888623559997,12.345820840421));
#1965 = CARTESIAN_POINT('',(4.856649253841,12.342997478222));
#1966 = CARTESIAN_POINT('',(4.824651693422,12.340721485843));
#1967 = CARTESIAN_POINT('',(4.79263540997,12.339003917509));
#1968 = CARTESIAN_POINT('',(4.760605362183,12.337853192485));
#1969 = CARTESIAN_POINT('',(4.728566968981,12.337275000355));
#1970 = CARTESIAN_POINT('',(4.696526324028,12.337272164089));
#1971 = CARTESIAN_POINT('',(4.664487810461,12.337844706762));
#1972 = CARTESIAN_POINT('',(4.632457700199,12.338989821386));
#1973 = CARTESIAN_POINT('',(4.600441294308,12.340701845436));
#1974 = CARTESIAN_POINT('',(4.568443545065,12.342972388482));
#1975 = CARTESIAN_POINT('',(4.536468979922,12.345790424889));
#1976 = CARTESIAN_POINT('',(4.504521835148,12.34914239008));
#1977 = CARTESIAN_POINT('',(4.472606014345,12.353012297484));
#1978 = CARTESIAN_POINT('',(4.440725498647,12.357381769192));
#1979 = CARTESIAN_POINT('',(4.40888210564,12.362230567136));
#1980 = CARTESIAN_POINT('',(4.377077818336,12.367536430877));
#1981 = CARTESIAN_POINT('',(4.345313785389,12.373275407721));
#1982 = CARTESIAN_POINT('',(4.31359047555,12.379421997387));
#1983 = CARTESIAN_POINT('',(4.281907706952,12.385949313142));
#1984 = CARTESIAN_POINT('',(4.250264691749,12.392829240073));
#1985 = CARTESIAN_POINT('',(4.218660087153,12.400032588348));
#1986 = CARTESIAN_POINT('',(4.187091943794,12.407529269366));
#1987 = CARTESIAN_POINT('',(4.155557994327,12.41528838511));
#1988 = CARTESIAN_POINT('',(4.124054831521,12.423278499096));
#1989 = CARTESIAN_POINT('',(4.092578619119,12.431467670534));
#1990 = CARTESIAN_POINT('',(4.061125314081,12.4398234862));
#1991 = CARTESIAN_POINT('',(4.029690618539,12.448313161877));
#1992 = CARTESIAN_POINT('',(3.998270005328,12.456903625641));
#1993 = CARTESIAN_POINT('',(3.966858700679,12.465561604222));
#1994 = CARTESIAN_POINT('',(3.935451743586,12.474253715181));
#1995 = CARTESIAN_POINT('',(3.904043758208,12.482946532772));
#1996 = CARTESIAN_POINT('',(3.872629772727,12.491606753262));
#1997 = CARTESIAN_POINT('',(3.841204804473,12.500200428381));
#1998 = CARTESIAN_POINT('',(3.809763831509,12.508694782148));
#1999 = CARTESIAN_POINT('',(3.778302477001,12.517057919763));
#2000 = CARTESIAN_POINT('',(3.746816708578,12.525258578514));
#2001 = CARTESIAN_POINT('',(3.715302857554,12.533265991268));
#2002 = CARTESIAN_POINT('',(3.68375752911,12.541049877613));
#2003 = CARTESIAN_POINT('',(3.652177814075,12.548580431789));
#2004 = CARTESIAN_POINT('',(3.620560583893,12.555828815795));
#2005 = CARTESIAN_POINT('',(3.588897270848,12.562768056483));
#2006 = CARTESIAN_POINT('',(3.557190545305,12.569369453157));
#2007 = CARTESIAN_POINT('',(3.525441057042,12.575606133811));
#2008 = CARTESIAN_POINT('',(3.493650200549,12.58145223764));
#2009 = CARTESIAN_POINT('',(3.461819409892,12.586883200931));
#2010 = CARTESIAN_POINT('',(3.429950384575,12.591875828527));
#2011 = CARTESIAN_POINT('',(3.398045067548,12.596408451308));
#2012 = CARTESIAN_POINT('',(3.366105691788,12.600461052175));
#2013 = CARTESIAN_POINT('',(3.334134811218,12.604015370716));
#2014 = CARTESIAN_POINT('',(3.302135339247,12.607054978201));
#2015 = CARTESIAN_POINT('',(3.27011058943,12.609565335034));
#2016 = CARTESIAN_POINT('',(3.238064320978,12.611533853711));
#2017 = CARTESIAN_POINT('',(3.206000788625,12.612950000251));
#2018 = CARTESIAN_POINT('',(3.173924801998,12.613805490653));
#2019 = CARTESIAN_POINT('',(3.141841781526,12.614094608914));
#2020 = CARTESIAN_POINT('',(3.109757865857,12.613814843734));
#2021 = CARTESIAN_POINT('',(3.077679873516,12.612967462891));
#2022 = CARTESIAN_POINT('',(3.045615863715,12.611559860458));
#2023 = CARTESIAN_POINT('',(3.013567028613,12.609599736441));
#2024 = CARTESIAN_POINT('',(2.981539586139,12.607097471237));
#2025 = CARTESIAN_POINT('',(2.949537919296,12.604065660852));
#2026 = CARTESIAN_POINT('',(2.917565946639,12.600518930879));
#2027 = CARTESIAN_POINT('',(2.885626841398,12.596473827407));
#2028 = CARTESIAN_POINT('',(2.853723182487,12.591948690521));
#2029 = CARTESIAN_POINT('',(2.821856979789,12.58696353562));
#2030 = CARTESIAN_POINT('',(2.790029724515,12.581539935954));
#2031 = CARTESIAN_POINT('',(2.758242423187,12.575700907583));
#2032 = CARTESIAN_POINT('',(2.726495634744,12.569470798502));
#2033 = CARTESIAN_POINT('',(2.694789478946,12.562875173811));
#2034 = CARTESIAN_POINT('',(2.663123728959,12.555940727612));
#2035 = CARTESIAN_POINT('',(2.631497573525,12.548695107055));
#2036 = CARTESIAN_POINT('',(2.59991059937,12.541167076169));
#2037 = CARTESIAN_POINT('',(2.568358674126,12.533385250734));
#2038 = CARTESIAN_POINT('',(2.536838211728,12.525379444473));
#2039 = CARTESIAN_POINT('',(2.505345947977,12.517179895575));
#2040 = CARTESIAN_POINT('',(2.473878162387,12.508817280914));
#2041 = CARTESIAN_POINT('',(2.442430817665,12.50032287653));
#2042 = CARTESIAN_POINT('',(2.410999521817,12.491728676741));
#2043 = CARTESIAN_POINT('',(2.379579246724,12.483067532457));
#2044 = CARTESIAN_POINT('',(2.348165201375,12.474373253442));
#2045 = CARTESIAN_POINT('',(2.316752165492,12.465679221291));
#2046 = CARTESIAN_POINT('',(2.285334856685,12.457018878066));
#2047 = CARTESIAN_POINT('',(2.253908303385,12.448425634145));
#2048 = CARTESIAN_POINT('',(2.222467736998,12.439932783894));
#2049 = CARTESIAN_POINT('',(2.191008621004,12.431573419895));
#2050 = CARTESIAN_POINT('',(2.159526636687,12.423380345099));
#2051 = CARTESIAN_POINT('',(2.128017727336,12.415385994757));
#2052 = CARTESIAN_POINT('',(2.096477971815,12.407622321293));
#2053 = CARTESIAN_POINT('',(2.064904118491,12.400120821873));
#2054 = CARTESIAN_POINT('',(2.03329384495,12.392912406814));
#2055 = CARTESIAN_POINT('',(2.001645185956,12.386027193747));
#2056 = CARTESIAN_POINT('',(1.969956775739,12.379494397035));
#2057 = CARTESIAN_POINT('',(1.938227808436,12.37334215808));
#2058 = CARTESIAN_POINT('',(1.906458093102,12.367597392394));
#2059 = CARTESIAN_POINT('',(1.87464807661,12.362285628759));
#2060 = CARTESIAN_POINT('',(1.842798961135,12.357430863222));
#2061 = CARTESIAN_POINT('',(1.810912531611,12.353055361694));
#2062 = CARTESIAN_POINT('',(1.778990851897,12.349179434518));
#2063 = CARTESIAN_POINT('',(1.747037874535,12.345821480762));
#2064 = CARTESIAN_POINT('',(1.715057421961,12.342997508957));
#2065 = CARTESIAN_POINT('',(1.683053701542,12.340721116578));
#2066 = CARTESIAN_POINT('',(1.651031244741,12.339003364698));
#2067 = CARTESIAN_POINT('',(1.618995015582,12.337852677621));
#2068 = CARTESIAN_POINT('',(1.58695045794,12.33727474745));
#2069 = CARTESIAN_POINT('',(1.554903653687,12.337272393913));
#2070 = CARTESIAN_POINT('',(1.522858924786,12.337845640725));
#2071 = CARTESIAN_POINT('',(1.490822618579,12.338991678524));
#2072 = CARTESIAN_POINT('',(1.458800045892,12.34070483616));
#2073 = CARTESIAN_POINT('',(1.426796165864,12.342976712034));
#2074 = CARTESIAN_POINT('',(1.394815490945,12.345796269225));
#2075 = CARTESIAN_POINT('',(1.362862236958,12.349149932542));
#2076 = CARTESIAN_POINT('',(1.330940237999,12.353021714096));
#2077 = CARTESIAN_POINT('',(1.299053517457,12.357393222852));
#2078 = CARTESIAN_POINT('',(1.267204190428,12.362244152483));
#2079 = CARTESIAN_POINT('',(1.235393927046,12.367552270614));
#2080 = CARTESIAN_POINT('',(1.203623969666,12.373293587878));
#2081 = CARTESIAN_POINT('',(1.17189476071,12.379442589532));
#2082 = CARTESIAN_POINT('',(1.140206113675,12.385972371739));
#2083 = CARTESIAN_POINT('',(1.108557223635,12.392854803952));
#2084 = CARTESIAN_POINT('',(1.076946721044,12.400060682232));
#2085 = CARTESIAN_POINT('',(1.045372652751,12.407559892736));
#2086 = CARTESIAN_POINT('',(1.01383264708,12.41532154357));
#2087 = CARTESIAN_POINT('',(0.982323528134,12.423314130483));
#2088 = CARTESIAN_POINT('',(0.950841373321,12.431505703374));
#2089 = CARTESIAN_POINT('',(0.919382130807,12.439863829399));
#2090 = CARTESIAN_POINT('',(0.887941481133,12.448355708223));
#2091 = CARTESIAN_POINT('',(0.856514886986,12.456948250555));
#2092 = CARTESIAN_POINT('',(0.825097568796,12.465608164792));
#2093 = CARTESIAN_POINT('',(0.793684568715,12.474302047918));
#2094 = CARTESIAN_POINT('',(0.762270513077,12.482996451271));
#2095 = CARTESIAN_POINT('',(0.730850471606,12.491658043294));
#2096 = CARTESIAN_POINT('',(0.699419391555,12.500252860506));
#2097 = CARTESIAN_POINT('',(0.667972277435,12.508748125527));
#2098 = CARTESIAN_POINT('',(0.636504748042,12.517111925656));
#2099 = CARTESIAN_POINT('',(0.60501277207,12.525312980649));
#2100 = CARTESIAN_POINT('',(0.57349267894,12.533320509145));
#2101 = CARTESIAN_POINT('',(0.541941072445,12.541104215141));
#2102 = CARTESIAN_POINT('',(0.510355039742,12.548634299506));
#2103 = CARTESIAN_POINT('',(0.478731453186,12.55588185513));
#2104 = CARTESIAN_POINT('',(0.447065394437,12.562819142835));
#2105 = CARTESIAN_POINT('',(0.415357734172,12.569418058051));
#2106 = CARTESIAN_POINT('',(0.383608485743,12.575651813637));
#2107 = CARTESIAN_POINT('',(0.351818295663,12.581494695224));
#2108 = CARTESIAN_POINT('',(0.319988074447,12.586922262608));
#2109 = CARTESIAN_POINT('',(0.288119127778,12.591911432974));
#2110 = CARTESIAN_POINT('',(0.256213156775,12.596440597176));
#2111 = CARTESIAN_POINT('',(0.224272297566,12.600489728379));
#2112 = CARTESIAN_POINT('',(0.192299155903,12.604040494618));
#2113 = CARTESIAN_POINT('',(0.16029684892,12.607076369755));
#2114 = CARTESIAN_POINT('',(0.128269055102,12.609582753344));
#2115 = CARTESIAN_POINT('',(9.622006101928E-02,12.611547062905));
#2116 = CARTESIAN_POINT('',(6.415485424734E-02,12.612958934056));
#2117 = CARTESIAN_POINT('',(3.207908050969E-02,12.613810023244));
#2118 = CARTESIAN_POINT('',(1.069272504631E-02,12.61400020684));
#2119 = CARTESIAN_POINT('',(0.,12.614));
#2120 = ( GEOMETRIC_REPRESENTATION_CONTEXT(2) 
PARAMETRIC_REPRESENTATION_CONTEXT() REPRESENTATION_CONTEXT('2D SPACE',''
  ) );
#2121 = ADVANCED_FACE('',(#2122),#690,.F.);
#2122 = FACE_BOUND('',#2123,.F.);
#2123 = EDGE_LOOP('',(#2124,#2146,#2147,#2148,#2171,#2198,#2199,#2200));
#2124 = ORIENTED_EDGE('',*,*,#2125,.F.);
#2125 = EDGE_CURVE('',#787,#819,#2126,.T.);
#2126 = SURFACE_CURVE('',#2127,(#2132,#2139),.PCURVE_S1.);
#2127 = CIRCLE('',#2128,1.1055);
#2128 = AXIS2_PLACEMENT_3D('',#2129,#2130,#2131);
#2129 = CARTESIAN_POINT('',(1.617872502635E-15,14.5725,2.27));
#2130 = DIRECTION('',(0.,-0.,1.));
#2131 = DIRECTION('',(1.110223024625E-16,1.,0.));
#2132 = PCURVE('',#690,#2133);
#2133 = DEFINITIONAL_REPRESENTATION('',(#2134),#2138);
#2134 = LINE('',#2135,#2136);
#2135 = CARTESIAN_POINT('',(0.,0.48));
#2136 = VECTOR('',#2137,1.);
#2137 = DIRECTION('',(1.,0.));
#2138 = ( GEOMETRIC_REPRESENTATION_CONTEXT(2) 
PARAMETRIC_REPRESENTATION_CONTEXT() REPRESENTATION_CONTEXT('2D SPACE',''
  ) );
#2139 = PCURVE('',#874,#2140);
#2140 = DEFINITIONAL_REPRESENTATION('',(#2141),#2145);
#2141 = CIRCLE('',#2142,1.1055);
#2142 = AXIS2_PLACEMENT_2D('',#2143,#2144);
#2143 = CARTESIAN_POINT('',(0.,0.));
#2144 = DIRECTION('',(1.,0.));
#2145 = ( GEOMETRIC_REPRESENTATION_CONTEXT(2) 
PARAMETRIC_REPRESENTATION_CONTEXT() REPRESENTATION_CONTEXT('2D SPACE',''
  ) );
#2146 = ORIENTED_EDGE('',*,*,#786,.T.);
#2147 = ORIENTED_EDGE('',*,*,#673,.F.);
#2148 = ORIENTED_EDGE('',*,*,#2149,.F.);
#2149 = EDGE_CURVE('',#2150,#674,#2152,.T.);
#2150 = VERTEX_POINT('',#2151);
#2151 = CARTESIAN_POINT('',(2.011377065299E-15,15.678,1.79));
#2152 = SEAM_CURVE('',#2153,(#2157,#2164),.PCURVE_S1.);
#2153 = LINE('',#2154,#2155);
#2154 = CARTESIAN_POINT('',(2.011377065299E-15,15.678,1.79));
#2155 = VECTOR('',#2156,1.);
#2156 = DIRECTION('',(0.,0.,1.));
#2157 = PCURVE('',#690,#2158);
#2158 = DEFINITIONAL_REPRESENTATION('',(#2159),#2163);
#2159 = LINE('',#2160,#2161);
#2160 = CARTESIAN_POINT('',(6.28318530718,-0.));
#2161 = VECTOR('',#2162,1.);
#2162 = DIRECTION('',(0.,1.));
#2163 = ( GEOMETRIC_REPRESENTATION_CONTEXT(2) 
PARAMETRIC_REPRESENTATION_CONTEXT() REPRESENTATION_CONTEXT('2D SPACE',''
  ) );
#2164 = PCURVE('',#690,#2165);
#2165 = DEFINITIONAL_REPRESENTATION('',(#2166),#2170);
#2166 = LINE('',#2167,#2168);
#2167 = CARTESIAN_POINT('',(0.,-0.));
#2168 = VECTOR('',#2169,1.);
#2169 = DIRECTION('',(0.,1.));
#2170 = ( GEOMETRIC_REPRESENTATION_CONTEXT(2) 
PARAMETRIC_REPRESENTATION_CONTEXT() REPRESENTATION_CONTEXT('2D SPACE',''
  ) );
#2171 = ORIENTED_EDGE('',*,*,#2172,.T.);
#2172 = EDGE_CURVE('',#2150,#2150,#2173,.T.);
#2173 = SURFACE_CURVE('',#2174,(#2179,#2186),.PCURVE_S1.);
#2174 = CIRCLE('',#2175,1.1055);
#2175 = AXIS2_PLACEMENT_3D('',#2176,#2177,#2178);
#2176 = CARTESIAN_POINT('',(1.617872502635E-15,14.5725,1.79));
#2177 = DIRECTION('',(0.,-0.,1.));
#2178 = DIRECTION('',(1.110223024625E-16,1.,0.));
#2179 = PCURVE('',#690,#2180);
#2180 = DEFINITIONAL_REPRESENTATION('',(#2181),#2185);
#2181 = LINE('',#2182,#2183);
#2182 = CARTESIAN_POINT('',(0.,0.));
#2183 = VECTOR('',#2184,1.);
#2184 = DIRECTION('',(1.,0.));
#2185 = ( GEOMETRIC_REPRESENTATION_CONTEXT(2) 
PARAMETRIC_REPRESENTATION_CONTEXT() REPRESENTATION_CONTEXT('2D SPACE',''
  ) );
#2186 = PCURVE('',#2187,#2192);
#2187 = PLANE('',#2188);
#2188 = AXIS2_PLACEMENT_3D('',#2189,#2190,#2191);
#2189 = CARTESIAN_POINT('',(1.617872502635E-15,14.5725,1.79));
#2190 = DIRECTION('',(0.,0.,1.));
#2191 = DIRECTION('',(1.110223024625E-16,1.,0.));
#2192 = DEFINITIONAL_REPRESENTATION('',(#2193),#2197);
#2193 = CIRCLE('',#2194,1.1055);
#2194 = AXIS2_PLACEMENT_2D('',#2195,#2196);
#2195 = CARTESIAN_POINT('',(0.,0.));
#2196 = DIRECTION('',(1.,0.));
#2197 = ( GEOMETRIC_REPRESENTATION_CONTEXT(2) 
PARAMETRIC_REPRESENTATION_CONTEXT() REPRESENTATION_CONTEXT('2D SPACE',''
  ) );
#2198 = ORIENTED_EDGE('',*,*,#2149,.T.);
#2199 = ORIENTED_EDGE('',*,*,#702,.F.);
#2200 = ORIENTED_EDGE('',*,*,#906,.F.);
#2201 = ADVANCED_FACE('',(#2202,#2256),#747,.F.);
#2202 = FACE_BOUND('',#2203,.F.);
#2203 = EDGE_LOOP('',(#2204,#2205,#2228,#2255));
#2204 = ORIENTED_EDGE('',*,*,#730,.T.);
#2205 = ORIENTED_EDGE('',*,*,#2206,.T.);
#2206 = EDGE_CURVE('',#731,#2207,#2209,.T.);
#2207 = VERTEX_POINT('',#2208);
#2208 = CARTESIAN_POINT('',(3.2,-7.837739514543E-16,13.9));
#2209 = SEAM_CURVE('',#2210,(#2214,#2221),.PCURVE_S1.);
#2210 = LINE('',#2211,#2212);
#2211 = CARTESIAN_POINT('',(3.2,-7.837739514543E-16,-0.25));
#2212 = VECTOR('',#2213,1.);
#2213 = DIRECTION('',(0.,0.,1.));
#2214 = PCURVE('',#747,#2215);
#2215 = DEFINITIONAL_REPRESENTATION('',(#2216),#2220);
#2216 = LINE('',#2217,#2218);
#2217 = CARTESIAN_POINT('',(0.,-0.));
#2218 = VECTOR('',#2219,1.);
#2219 = DIRECTION('',(0.,1.));
#2220 = ( GEOMETRIC_REPRESENTATION_CONTEXT(2) 
PARAMETRIC_REPRESENTATION_CONTEXT() REPRESENTATION_CONTEXT('2D SPACE',''
  ) );
#2221 = PCURVE('',#747,#2222);
#2222 = DEFINITIONAL_REPRESENTATION('',(#2223),#2227);
#2223 = LINE('',#2224,#2225);
#2224 = CARTESIAN_POINT('',(6.28318530718,-0.));
#2225 = VECTOR('',#2226,1.);
#2226 = DIRECTION('',(0.,1.));
#2227 = ( GEOMETRIC_REPRESENTATION_CONTEXT(2) 
PARAMETRIC_REPRESENTATION_CONTEXT() REPRESENTATION_CONTEXT('2D SPACE',''
  ) );
#2228 = ORIENTED_EDGE('',*,*,#2229,.F.);
#2229 = EDGE_CURVE('',#2207,#2207,#2230,.T.);
#2230 = SURFACE_CURVE('',#2231,(#2236,#2243),.PCURVE_S1.);
#2231 = CIRCLE('',#2232,3.2);
#2232 = AXIS2_PLACEMENT_3D('',#2233,#2234,#2235);
#2233 = CARTESIAN_POINT('',(0.,0.,13.9));
#2234 = DIRECTION('',(0.,0.,1.));
#2235 = DIRECTION('',(1.,0.,-0.));
#2236 = PCURVE('',#747,#2237);
#2237 = DEFINITIONAL_REPRESENTATION('',(#2238),#2242);
#2238 = LINE('',#2239,#2240);
#2239 = CARTESIAN_POINT('',(0.,14.15));
#2240 = VECTOR('',#2241,1.);
#2241 = DIRECTION('',(1.,0.));
#2242 = ( GEOMETRIC_REPRESENTATION_CONTEXT(2) 
PARAMETRIC_REPRESENTATION_CONTEXT() REPRESENTATION_CONTEXT('2D SPACE',''
  ) );
#2243 = PCURVE('',#2244,#2249);
#2244 = PLANE('',#2245);
#2245 = AXIS2_PLACEMENT_3D('',#2246,#2247,#2248);
#2246 = CARTESIAN_POINT('',(0.,0.,13.9));
#2247 = DIRECTION('',(0.,0.,1.));
#2248 = DIRECTION('',(1.,0.,-0.));
#2249 = DEFINITIONAL_REPRESENTATION('',(#2250),#2254);
#2250 = CIRCLE('',#2251,3.2);
#2251 = AXIS2_PLACEMENT_2D('',#2252,#2253);
#2252 = CARTESIAN_POINT('',(0.,0.));
#2253 = DIRECTION('',(1.,0.));
#2254 = ( GEOMETRIC_REPRESENTATION_CONTEXT(2) 
PARAMETRIC_REPRESENTATION_CONTEXT() REPRESENTATION_CONTEXT('2D SPACE',''
  ) );
#2255 = ORIENTED_EDGE('',*,*,#2206,.F.);
#2256 = FACE_BOUND('',#2257,.F.);
#2257 = EDGE_LOOP('',(#2258));
#2258 = ORIENTED_EDGE('',*,*,#2259,.F.);
#2259 = EDGE_CURVE('',#2260,#2260,#2262,.T.);
#2260 = VERTEX_POINT('',#2261);
#2261 = CARTESIAN_POINT('',(-6.818792031938E-16,-3.2,5.5425));
#2262 = SURFACE_CURVE('',#2263,(#2376,#2492),.PCURVE_S1.);
#2263 = B_SPLINE_CURVE_WITH_KNOTS('',6,(#2264,#2265,#2266,#2267,#2268,
    #2269,#2270,#2271,#2272,#2273,#2274,#2275,#2276,#2277,#2278,#2279,
    #2280,#2281,#2282,#2283,#2284,#2285,#2286,#2287,#2288,#2289,#2290,
    #2291,#2292,#2293,#2294,#2295,#2296,#2297,#2298,#2299,#2300,#2301,
    #2302,#2303,#2304,#2305,#2306,#2307,#2308,#2309,#2310,#2311,#2312,
    #2313,#2314,#2315,#2316,#2317,#2318,#2319,#2320,#2321,#2322,#2323,
    #2324,#2325,#2326,#2327,#2328,#2329,#2330,#2331,#2332,#2333,#2334,
    #2335,#2336,#2337,#2338,#2339,#2340,#2341,#2342,#2343,#2344,#2345,
    #2346,#2347,#2348,#2349,#2350,#2351,#2352,#2353,#2354,#2355,#2356,
    #2357,#2358,#2359,#2360,#2361,#2362,#2363,#2364,#2365,#2366,#2367,
    #2368,#2369,#2370,#2371,#2372,#2373,#2374,#2375),.UNSPECIFIED.,.T.,
  .F.,(7,5,5,5,5,5,5,5,5,5,5,5,5,5,5,5,5,5,5,5,5,5,7),(0.,
    6.553342670057E-02,9.312539496746E-02,0.112843530222,0.12781182158,
    0.169924126304,0.207690254268,0.249817365741,0.330507124916,
    0.384796114277,0.433397174735,0.458304605811,0.499985134526,
    0.541072241806,0.564584781278,0.613998304868,0.670217078446,
    0.750154323345,0.792240461895,0.829853036915,0.906506814129,
    0.934696196297,1.),.UNSPECIFIED.);
#2264 = CARTESIAN_POINT('',(-6.661338147751E-16,-3.2,5.5425));
#2265 = CARTESIAN_POINT('',(0.119909869151,-3.2,5.5425));
#2266 = CARTESIAN_POINT('',(0.239083512075,-3.194608018226,
    5.553945484999));
#2267 = CARTESIAN_POINT('',(0.355659153598,-3.183948813393,
    5.576572852239));
#2268 = CARTESIAN_POINT('',(0.467827495936,-3.168633157901,
    5.609588618196));
#2269 = CARTESIAN_POINT('',(0.57394689955,-3.149727481228,5.651675215442
    ));
#2270 = CARTESIAN_POINT('',(0.714245747939,-3.119561006521,
    5.721630007942));
#2271 = CARTESIAN_POINT('',(0.754622434168,-3.110185761463,
    5.743681428132));
#2272 = CARTESIAN_POINT('',(0.79378227025,-3.100444729174,5.76697160425)
  );
#2273 = CARTESIAN_POINT('',(0.831704818685,-3.090408006782,
    5.791417484339));
#2274 = CARTESIAN_POINT('',(0.868373828585,-3.080144305289,
    5.816938839724));
#2275 = CARTESIAN_POINT('',(0.929077684075,-3.062272074031,
    5.862409925488));
#2276 = CARTESIAN_POINT('',(0.953735442772,-3.054740470994,
    5.881874086632));
#2277 = CARTESIAN_POINT('',(0.977749333226,-3.047149499697,
    5.901825279655));
#2278 = CARTESIAN_POINT('',(1.001119154753,-3.039521604008,
    5.922239833594));
#2279 = CARTESIAN_POINT('',(1.023845684524,-3.031878312429,5.94309587531
    ));
#2280 = CARTESIAN_POINT('',(1.062695681262,-3.018442077139,
    5.980525319995));
#2281 = CARTESIAN_POINT('',(1.079090891338,-3.012646942379,
    5.996920089516));
#2282 = CARTESIAN_POINT('',(1.095116984274,-3.006863856408,
    6.013548838085));
#2283 = CARTESIAN_POINT('',(1.110774687822,-3.001101584312,
    6.030403214181));
#2284 = CARTESIAN_POINT('',(1.12606478101,-2.995368633672,6.047475314733
    ));
#2285 = CARTESIAN_POINT('',(1.182973855552,-2.973649679468,
    6.113380499194));
#2286 = CARTESIAN_POINT('',(1.222060767954,-2.957921832316,
    6.163672668513));
#2287 = CARTESIAN_POINT('',(1.258261288308,-2.942675207549,
    6.215463977736));
#2288 = CARTESIAN_POINT('',(1.291586782422,-2.928081214446,
    6.268603577911));
#2289 = CARTESIAN_POINT('',(1.322045445266,-2.914296154154,
    6.322958834093));
#2290 = CARTESIAN_POINT('',(1.374387093956,-2.889948967038,6.42814627474
    ));
#2291 = CARTESIAN_POINT('',(1.396831103174,-2.879200837704,
    6.478764008189));
#2292 = CARTESIAN_POINT('',(1.416962633695,-2.869322344217,
    6.530161404012));
#2293 = CARTESIAN_POINT('',(1.434774032672,-2.860407781122,6.58223856176
    ));
#2294 = CARTESIAN_POINT('',(1.450257962634,-2.852537540262,
    6.634901330376));
#2295 = CARTESIAN_POINT('',(1.478071766569,-2.838234631561,
    6.747359174003));
#2296 = CARTESIAN_POINT('',(1.489830295998,-2.832073190834,
    6.807272980095));
#2297 = CARTESIAN_POINT('',(1.498661458027,-2.82738660863,6.867645654168
    ));
#2298 = CARTESIAN_POINT('',(1.504553304371,-2.824239733791,
    6.928323906586));
#2299 = CARTESIAN_POINT('',(1.5075,-2.822666071288,6.989157693593));
#2300 = CARTESIAN_POINT('',(1.5075,-2.822666071288,7.166536616918));
#2301 = CARTESIAN_POINT('',(1.496689584827,-2.828439560174,7.28290539723
    ));
#2302 = CARTESIAN_POINT('',(1.475126081503,-2.839956081926,7.39818194452
    ));
#2303 = CARTESIAN_POINT('',(1.442861437674,-2.856788329461,
    7.511419775005));
#2304 = CARTESIAN_POINT('',(1.399967314719,-2.878114681825,
    7.621588182619));
#2305 = CARTESIAN_POINT('',(1.310802433743,-2.919479386434,
    7.798812549308));
#2306 = CARTESIAN_POINT('',(1.27019680812,-2.937670832442,7.868244342138
    ));
#2307 = CARTESIAN_POINT('',(1.224837903425,-2.957117240786,
    7.935589532298));
#2308 = CARTESIAN_POINT('',(1.174700917869,-2.977475339602,
    8.000558693868));
#2309 = CARTESIAN_POINT('',(1.119754017322,-2.998360567072,8.06280653508
    ));
#2310 = CARTESIAN_POINT('',(1.006442017208,-3.038139619059,
    8.174854108966));
#2311 = CARTESIAN_POINT('',(0.948999589897,-3.057026297336,
    8.225312716596));
#2312 = CARTESIAN_POINT('',(0.887640331388,-3.07569392099,8.272968656383
    ));
#2313 = CARTESIAN_POINT('',(0.822388665006,-3.093796148742,
    8.317449956236));
#2314 = CARTESIAN_POINT('',(0.753297937287,-3.110964378185,
    8.358343224417));
#2315 = CARTESIAN_POINT('',(0.643126256157,-3.134939898251,
    8.414072944941));
#2316 = CARTESIAN_POINT('',(0.604817365511,-3.142716728036,
    8.431889952864));
#2317 = CARTESIAN_POINT('',(0.565572933212,-3.150088094503,
    8.448564304799));
#2318 = CARTESIAN_POINT('',(0.525440138457,-3.156998343562,
    8.464023532478));
#2319 = CARTESIAN_POINT('',(0.484470284019,-3.163394655652,
    8.478199045935));
#2320 = CARTESIAN_POINT('',(0.37285112986,-3.178987068835,8.512491205125
    ));
#2321 = CARTESIAN_POINT('',(0.300708710048,-3.187180716689,
    8.530206166805));
#2322 = CARTESIAN_POINT('',(0.226800352805,-3.193531681715,
    8.543771070408));
#2323 = CARTESIAN_POINT('',(0.151668791259,-3.197841216748,
    8.552916666888));
#2324 = CARTESIAN_POINT('',(7.587791343138E-02,-3.2,8.5575));
#2325 = CARTESIAN_POINT('',(-7.479761091032E-02,-3.2,8.5575));
#2326 = CARTESIAN_POINT('',(-0.149512252946,-3.197902235656,
    8.553046259306));
#2327 = CARTESIAN_POINT('',(-0.22359451375,-3.193714283817,
    8.544158560451));
#2328 = CARTESIAN_POINT('',(-0.296502854157,-3.187539493851,
    8.530972333346));
#2329 = CARTESIAN_POINT('',(-0.367715452381,-3.17956607961,
    8.513742745273));
#2330 = CARTESIAN_POINT('',(-0.476243260769,-3.164614086913,
    8.480892000537));
#2331 = CARTESIAN_POINT('',(-0.515054240578,-3.158665038811,
    8.46772757544));
#2332 = CARTESIAN_POINT('',(-0.553127155397,-3.15225089047,
    8.453409826357));
#2333 = CARTESIAN_POINT('',(-0.590417453396,-3.145415880919,
    8.437996348596));
#2334 = CARTESIAN_POINT('',(-0.626883863136,-3.138206664831,
    8.421548022007));
#2335 = CARTESIAN_POINT('',(-0.73731422456,-3.114838255289,8.3675215355)
  );
#2336 = CARTESIAN_POINT('',(-0.808290606765,-3.097576572448,
    8.326648353551));
#2337 = CARTESIAN_POINT('',(-0.875313355242,-3.079290987495,
    8.281997651229));
#2338 = CARTESIAN_POINT('',(-0.938317466938,-3.060372378212,
    8.234010599664));
#2339 = CARTESIAN_POINT('',(-0.997270567699,-3.041188953562,
    8.183085890762));
#2340 = CARTESIAN_POINT('',(-1.114622420971,-3.000331723427,
    8.068714391189));
#2341 = CARTESIAN_POINT('',(-1.171884126938,-2.978658915849,
    8.004453307951));
#2342 = CARTESIAN_POINT('',(-1.223985951402,-2.957530963002,
    7.937256228261));
#2343 = CARTESIAN_POINT('',(-1.270963588218,-2.937376317175,
    7.867508515713));
#2344 = CARTESIAN_POINT('',(-1.312844792339,-2.918575920345,
    7.795531090431));
#2345 = CARTESIAN_POINT('',(-1.401959491677,-2.877123419059,
    7.616443358537));
#2346 = CARTESIAN_POINT('',(-1.444060108436,-2.856162904608,
    7.507192010024));
#2347 = CARTESIAN_POINT('',(-1.475727520047,-2.839634864954,
    7.39495344868));
#2348 = CARTESIAN_POINT('',(-1.49689105271,-2.828331964266,7.28073048319
    ));
#2349 = CARTESIAN_POINT('',(-1.5075,-2.822666071288,7.165445559426));
#2350 = CARTESIAN_POINT('',(-1.5075,-2.822666071288,6.989219098494));
#2351 = CARTESIAN_POINT('',(-1.504559249254,-2.824236559245,
    6.92844667657));
#2352 = CARTESIAN_POINT('',(-1.49867928392,-2.827377087547,
    6.867829320993));
#2353 = CARTESIAN_POINT('',(-1.489865918106,-2.832054286151,
    6.807516632378));
#2354 = CARTESIAN_POINT('',(-1.478131056432,-2.838203563525,
    6.747661441199));
#2355 = CARTESIAN_POINT('',(-1.450413754876,-2.852457940101,
    6.635475697421));
#2356 = CARTESIAN_POINT('',(-1.435015920739,-2.860285447802,
    6.58302364859));
#2357 = CARTESIAN_POINT('',(-1.417309570327,-2.869149348671,
    6.531151585181));
#2358 = CARTESIAN_POINT('',(-1.397301977636,-2.878970335964,
    6.479952546857));
#2359 = CARTESIAN_POINT('',(-1.375000739221,-2.889655407436,
    6.429525216857));
#2360 = CARTESIAN_POINT('',(-1.300310870281,-2.924422346178,
    6.278990187465));
#2361 = CARTESIAN_POINT('',(-1.240734508172,-2.950890854941,6.181676184)
  );
#2362 = CARTESIAN_POINT('',(-1.171670378716,-2.979661912841,
    6.088697891168));
#2363 = CARTESIAN_POINT('',(-1.093008215459,-3.009733436242,
    6.000894245053));
#2364 = CARTESIAN_POINT('',(-1.004628038111,-3.0399325454,5.919354501551
    ));
#2365 = CARTESIAN_POINT('',(-0.870425608318,-3.079573812145,
    5.818352733078));
#2366 = CARTESIAN_POINT('',(-0.833021116922,-3.090069174877,
    5.792233719808));
#2367 = CARTESIAN_POINT('',(-0.794308058558,-3.100329791341,
    5.767234582304));
#2368 = CARTESIAN_POINT('',(-0.754303656215,-3.110282459394,
    5.743440757688));
#2369 = CARTESIAN_POINT('',(-0.713029697193,-3.119852460014,
    5.720940771162));
#2370 = CARTESIAN_POINT('',(-0.572016846965,-3.150070416112,
    5.650912093427));
#2371 = CARTESIAN_POINT('',(-0.466196830329,-3.168855418839,
    5.609109414695));
#2372 = CARTESIAN_POINT('',(-0.354384962236,-3.184065497924,
    5.576325141729));
#2373 = CARTESIAN_POINT('',(-0.238210252056,-3.194647796531,
    5.553861053831));
#2374 = CARTESIAN_POINT('',(-0.119466770523,-3.2,5.5425));
#2375 = CARTESIAN_POINT('',(-6.661338147751E-16,-3.2,5.5425));
#2376 = PCURVE('',#747,#2377);
#2377 = DEFINITIONAL_REPRESENTATION('',(#2378),#2491);
#2378 = B_SPLINE_CURVE_WITH_KNOTS('',6,(#2379,#2380,#2381,#2382,#2383,
    #2384,#2385,#2386,#2387,#2388,#2389,#2390,#2391,#2392,#2393,#2394,
    #2395,#2396,#2397,#2398,#2399,#2400,#2401,#2402,#2403,#2404,#2405,
    #2406,#2407,#2408,#2409,#2410,#2411,#2412,#2413,#2414,#2415,#2416,
    #2417,#2418,#2419,#2420,#2421,#2422,#2423,#2424,#2425,#2426,#2427,
    #2428,#2429,#2430,#2431,#2432,#2433,#2434,#2435,#2436,#2437,#2438,
    #2439,#2440,#2441,#2442,#2443,#2444,#2445,#2446,#2447,#2448,#2449,
    #2450,#2451,#2452,#2453,#2454,#2455,#2456,#2457,#2458,#2459,#2460,
    #2461,#2462,#2463,#2464,#2465,#2466,#2467,#2468,#2469,#2470,#2471,
    #2472,#2473,#2474,#2475,#2476,#2477,#2478,#2479,#2480,#2481,#2482,
    #2483,#2484,#2485,#2486,#2487,#2488,#2489,#2490),.UNSPECIFIED.,.T.,
  .F.,(7,5,5,5,5,5,5,5,5,5,5,5,5,5,5,5,5,5,5,5,5,5,7),(0.,
    6.553342670057E-02,9.312539496746E-02,0.112843530222,0.12781182158,
    0.169924126304,0.207690254268,0.249817365741,0.330507124916,
    0.384796114277,0.433397174735,0.458304605811,0.499985134526,
    0.541072241806,0.564584781278,0.613998304868,0.670217078446,
    0.750154323345,0.792240461895,0.829853036915,0.906506814129,
    0.934696196297,1.),.UNSPECIFIED.);
#2379 = CARTESIAN_POINT('',(4.712388980385,5.7925));
#2380 = CARTESIAN_POINT('',(4.749860814494,5.7925));
#2381 = CARTESIAN_POINT('',(4.787102645809,5.803945484999));
#2382 = CARTESIAN_POINT('',(4.823626912395,5.826572852239));
#2383 = CARTESIAN_POINT('',(4.858958717159,5.859588618196));
#2384 = CARTESIAN_POINT('',(4.892622035677,5.901675215442));
#2385 = CARTESIAN_POINT('',(4.937467454914,5.971630007942));
#2386 = CARTESIAN_POINT('',(4.950419129656,5.993681428132));
#2387 = CARTESIAN_POINT('',(4.963027246282,6.01697160425));
#2388 = CARTESIAN_POINT('',(4.975284147542,6.041417484339));
#2389 = CARTESIAN_POINT('',(4.987182577176,6.066938839724));
#2390 = CARTESIAN_POINT('',(5.006957617477,6.112409925488));
#2391 = CARTESIAN_POINT('',(5.015014198073,6.131874086632));
#2392 = CARTESIAN_POINT('',(5.02288399833,6.151825279655));
#2393 = CARTESIAN_POINT('',(5.030565768804,6.172239833594));
#2394 = CARTESIAN_POINT('',(5.03805843398,6.19309587531));
#2395 = CARTESIAN_POINT('',(5.050904634572,6.230525319995));
#2396 = CARTESIAN_POINT('',(5.056338655724,6.246920089516));
#2397 = CARTESIAN_POINT('',(5.061662736655,6.263548838085));
#2398 = CARTESIAN_POINT('',(5.066876445722,6.280403214181));
#2399 = CARTESIAN_POINT('',(5.071979338707,6.297475314733));
#2400 = CARTESIAN_POINT('',(5.091014554162,6.363380499194));
#2401 = CARTESIAN_POINT('',(5.104178851887,6.413672668513));
#2402 = CARTESIAN_POINT('',(5.116451793671,6.465463977736));
#2403 = CARTESIAN_POINT('',(5.127819486483,6.518603577911));
#2404 = CARTESIAN_POINT('',(5.138266697442,6.572958834093));
#2405 = CARTESIAN_POINT('',(5.156306458507,6.67814627474));
#2406 = CARTESIAN_POINT('',(5.164082486376,6.728764008189));
#2407 = CARTESIAN_POINT('',(5.171089775006,6.780161404012));
#2408 = CARTESIAN_POINT('',(5.177313872768,6.83223856176));
#2409 = CARTESIAN_POINT('',(5.18274171834,6.884901330376));
#2410 = CARTESIAN_POINT('',(5.192515431924,6.997359174003));
#2411 = CARTESIAN_POINT('',(5.196663763944,7.057272980095));
#2412 = CARTESIAN_POINT('',(5.199787999722,7.117645654168));
#2413 = CARTESIAN_POINT('',(5.201875390393,7.178323906586));
#2414 = CARTESIAN_POINT('',(5.202919310892,7.239157693593));
#2415 = CARTESIAN_POINT('',(5.202919310892,7.416536616918));
#2416 = CARTESIAN_POINT('',(5.199089489408,7.53290539723));
#2417 = CARTESIAN_POINT('',(5.191449900205,7.64818194452));
#2418 = CARTESIAN_POINT('',(5.180078530548,7.761419775005));
#2419 = CARTESIAN_POINT('',(5.1651142824,7.871588182619));
#2420 = CARTESIAN_POINT('',(5.134397877373,8.048812549308));
#2421 = CARTESIAN_POINT('',(5.120494618766,8.118244342138));
#2422 = CARTESIAN_POINT('',(5.105075409832,8.185589532298));
#2423 = CARTESIAN_POINT('',(5.088170845365,8.250558693868));
#2424 = CARTESIAN_POINT('',(5.069807402291,8.31280653508));
#2425 = CARTESIAN_POINT('',(5.032278790359,8.424854108966));
#2426 = CARTESIAN_POINT('',(5.013386395993,8.475312716596));
#2427 = CARTESIAN_POINT('',(4.993351778694,8.522968656383));
#2428 = CARTESIAN_POINT('',(4.972201279764,8.567449956236));
#2429 = CARTESIAN_POINT('',(4.949963377918,8.608343224417));
#2430 = CARTESIAN_POINT('',(4.914728916463,8.664072944941));
#2431 = CARTESIAN_POINT('',(4.902514412097,8.681889952864));
#2432 = CARTESIAN_POINT('',(4.890038096162,8.698564304799));
#2433 = CARTESIAN_POINT('',(4.877314315714,8.714023532478));
#2434 = CARTESIAN_POINT('',(4.864357827731,8.728199045935));
#2435 = CARTESIAN_POINT('',(4.829138150331,8.762491205125));
#2436 = CARTESIAN_POINT('',(4.806456164752,8.780206166805));
#2437 = CARTESIAN_POINT('',(4.783288148454,8.793771070408));
#2438 = CARTESIAN_POINT('',(4.759785439352,8.802916666888));
#2439 = CARTESIAN_POINT('',(4.736100828332,8.8075));
#2440 = CARTESIAN_POINT('',(4.689014726975,8.8075));
#2441 = CARTESIAN_POINT('',(4.66566643611,8.803046259306));
#2442 = CARTESIAN_POINT('',(4.642492653328,8.794158560451));
#2443 = CARTESIAN_POINT('',(4.61964014777,8.780972333346));
#2444 = CARTESIAN_POINT('',(4.597254348989,8.763742745273));
#2445 = CARTESIAN_POINT('',(4.563019054359,8.730892000537));
#2446 = CARTESIAN_POINT('',(4.550750392614,8.71772757544));
#2447 = CARTESIAN_POINT('',(4.538686879075,8.703409826357));
#2448 = CARTESIAN_POINT('',(4.526841272214,8.687996348596));
#2449 = CARTESIAN_POINT('',(4.515226008399,8.671548022007));
#2450 = CARTESIAN_POINT('',(4.479952319427,8.6175215355));
#2451 = CARTESIAN_POINT('',(4.457135980975,8.576648353551));
#2452 = CARTESIAN_POINT('',(4.435437508791,8.531997651229));
#2453 = CARTESIAN_POINT('',(4.414888792069,8.484010599664));
#2454 = CARTESIAN_POINT('',(4.395519156041,8.433085890762));
#2455 = CARTESIAN_POINT('',(4.35668762548,8.318714391189));
#2456 = CARTESIAN_POINT('',(4.337561375232,8.254453307951));
#2457 = CARTESIAN_POINT('',(4.319998086077,8.187256228261));
#2458 = CARTESIAN_POINT('',(4.304027055757,8.117508515713));
#2459 = CARTESIAN_POINT('',(4.289682305597,8.045531090431));
#2460 = CARTESIAN_POINT('',(4.258968563792,7.866443358537));
#2461 = CARTESIAN_POINT('',(4.244276960381,7.757192010024));
#2462 = CARTESIAN_POINT('',(4.233114976508,7.64495344868));
#2463 = CARTESIAN_POINT('',(4.225617098883,7.53073048319));
#2464 = CARTESIAN_POINT('',(4.221858649877,7.415445559426));
#2465 = CARTESIAN_POINT('',(4.221858649877,7.239219098494));
#2466 = CARTESIAN_POINT('',(4.222900464365,7.17844667657));
#2467 = CARTESIAN_POINT('',(4.224983645566,7.117829320993));
#2468 = CARTESIAN_POINT('',(4.228101594535,7.057516632378));
#2469 = CARTESIAN_POINT('',(4.232241611769,6.997661441199));
#2470 = CARTESIAN_POINT('',(4.241981570827,6.885475697421));
#2471 = CARTESIAN_POINT('',(4.247379381922,6.83302364859));
#2472 = CARTESIAN_POINT('',(4.253567040768,6.781151585181));
#2473 = CARTESIAN_POINT('',(4.260531650245,6.729952546857));
#2474 = CARTESIAN_POINT('',(4.268258936804,6.679525216857));
#2475 = CARTESIAN_POINT('',(4.294004303028,6.528990187465));
#2476 = CARTESIAN_POINT('',(4.314373479807,6.431676184));
#2477 = CARTESIAN_POINT('',(4.33774360233,6.338697891168));
#2478 = CARTESIAN_POINT('',(4.364039522944,6.250894245053));
#2479 = CARTESIAN_POINT('',(4.393200363524,6.169354501551));
#2480 = CARTESIAN_POINT('',(4.436929959426,6.068352733078));
#2481 = CARTESIAN_POINT('',(4.449069175459,6.042233719808));
#2482 = CARTESIAN_POINT('',(4.46158266832,6.017234582304));
#2483 = CARTESIAN_POINT('',(4.47446272006,5.993440757688));
#2484 = CARTESIAN_POINT('',(4.487701173317,5.970940771162));
#2485 = CARTESIAN_POINT('',(4.532768125247,5.900912093427));
#2486 = CARTESIAN_POINT('',(4.56633287853,5.859109414695));
#2487 = CARTESIAN_POINT('',(4.601550273918,5.826325141729));
#2488 = CARTESIAN_POINT('',(4.637948210549,5.803861053831));
#2489 = CARTESIAN_POINT('',(4.675055614596,5.7925));
#2490 = CARTESIAN_POINT('',(4.712388980385,5.7925));
#2491 = ( GEOMETRIC_REPRESENTATION_CONTEXT(2) 
PARAMETRIC_REPRESENTATION_CONTEXT() REPRESENTATION_CONTEXT('2D SPACE',''
  ) );
#2492 = PCURVE('',#1912,#2493);
#2493 = DEFINITIONAL_REPRESENTATION('',(#2494),#2607);
#2494 = B_SPLINE_CURVE_WITH_KNOTS('',6,(#2495,#2496,#2497,#2498,#2499,
    #2500,#2501,#2502,#2503,#2504,#2505,#2506,#2507,#2508,#2509,#2510,
    #2511,#2512,#2513,#2514,#2515,#2516,#2517,#2518,#2519,#2520,#2521,
    #2522,#2523,#2524,#2525,#2526,#2527,#2528,#2529,#2530,#2531,#2532,
    #2533,#2534,#2535,#2536,#2537,#2538,#2539,#2540,#2541,#2542,#2543,
    #2544,#2545,#2546,#2547,#2548,#2549,#2550,#2551,#2552,#2553,#2554,
    #2555,#2556,#2557,#2558,#2559,#2560,#2561,#2562,#2563,#2564,#2565,
    #2566,#2567,#2568,#2569,#2570,#2571,#2572,#2573,#2574,#2575,#2576,
    #2577,#2578,#2579,#2580,#2581,#2582,#2583,#2584,#2585,#2586,#2587,
    #2588,#2589,#2590,#2591,#2592,#2593,#2594,#2595,#2596,#2597,#2598,
    #2599,#2600,#2601,#2602,#2603,#2604,#2605,#2606),.UNSPECIFIED.,.F.,
  .F.,(7,5,5,5,5,5,5,5,5,5,5,5,5,5,5,5,5,5,5,5,5,5,7),(0.,
    6.553342670057E-02,9.312539496746E-02,0.112843530222,0.12781182158,
    0.169924126304,0.207690254268,0.249817365741,0.330507124916,
    0.384796114277,0.433397174735,0.458304605811,0.499985134526,
    0.541072241806,0.564584781278,0.613998304868,0.670217078446,
    0.750154323345,0.792240461895,0.829853036915,0.906506814129,
    0.934696196297,1.),.UNSPECIFIED.);
#2495 = CARTESIAN_POINT('',(0.,0.864));
#2496 = CARTESIAN_POINT('',(7.954220175831E-02,0.864));
#2497 = CARTESIAN_POINT('',(0.158595900425,0.858608018226));
#2498 = CARTESIAN_POINT('',(0.236832846268,0.847948813393));
#2499 = CARTESIAN_POINT('',(0.313899899066,0.832633157901));
#2500 = CARTESIAN_POINT('',(0.389354932522,0.813727481228));
#2501 = CARTESIAN_POINT('',(0.493349583132,0.783561006521));
#2502 = CARTESIAN_POINT('',(0.523846433425,0.774185761463));
#2503 = CARTESIAN_POINT('',(0.554039985382,0.764444729174));
#2504 = CARTESIAN_POINT('',(0.583941062444,0.754408006782));
#2505 = CARTESIAN_POINT('',(0.613559058185,0.744144305289));
#2506 = CARTESIAN_POINT('',(0.663871329804,0.726272074031));
#2507 = CARTESIAN_POINT('',(0.68470335743,0.718740470994));
#2508 = CARTESIAN_POINT('',(0.705403764933,0.711149499697));
#2509 = CARTESIAN_POINT('',(0.725978604156,0.703521604008));
#2510 = CARTESIAN_POINT('',(0.746434233046,0.695878312429));
#2511 = CARTESIAN_POINT('',(0.782220012627,0.682442077139));
#2512 = CARTESIAN_POINT('',(0.797597800028,0.676646942379));
#2513 = CARTESIAN_POINT('',(0.812913557069,0.670863856408));
#2514 = CARTESIAN_POINT('',(0.828170153387,0.665101584312));
#2515 = CARTESIAN_POINT('',(0.843370449051,0.659368633672));
#2516 = CARTESIAN_POINT('',(0.90113194963,0.637649679468));
#2517 = CARTESIAN_POINT('',(0.943327988706,0.621921832316));
#2518 = CARTESIAN_POINT('',(0.98516458784,0.606675207549));
#2519 = CARTESIAN_POINT('',(1.026696723084,0.592081214446));
#2520 = CARTESIAN_POINT('',(1.067978699191,0.578296154154));
#2521 = CARTESIAN_POINT('',(1.145916092422,0.553948967038));
#2522 = CARTESIAN_POINT('',(1.182609922977,0.543200837704));
#2523 = CARTESIAN_POINT('',(1.219173481321,0.533322344217));
#2524 = CARTESIAN_POINT('',(1.255631410835,0.524407781122));
#2525 = CARTESIAN_POINT('',(1.2920094983,0.516537540262));
#2526 = CARTESIAN_POINT('',(1.368856157735,0.502234631561));
#2527 = CARTESIAN_POINT('',(1.409310185347,0.496073190834));
#2528 = CARTESIAN_POINT('',(1.449713272246,0.49138660863));
#2529 = CARTESIAN_POINT('',(1.490082488425,0.488239733791));
#2530 = CARTESIAN_POINT('',(1.530436587885,0.486666071288));
#2531 = CARTESIAN_POINT('',(1.648100881964,0.486666071288));
#2532 = CARTESIAN_POINT('',(1.725294022458,0.492439560174));
#2533 = CARTESIAN_POINT('',(1.802594620989,0.503956081926));
#2534 = CARTESIAN_POINT('',(1.880192787695,0.520788329461));
#2535 = CARTESIAN_POINT('',(1.958264321794,0.542114681825));
#2536 = CARTESIAN_POINT('',(2.089866746599,0.583479386434));
#2537 = CARTESIAN_POINT('',(2.143116373877,0.601670832442));
#2538 = CARTESIAN_POINT('',(2.196813874431,0.621117240786));
#2539 = CARTESIAN_POINT('',(2.251077675123,0.641475339602));
#2540 = CARTESIAN_POINT('',(2.306028938631,0.662360567072));
#2541 = CARTESIAN_POINT('',(2.411737589499,0.702139619059));
#2542 = CARTESIAN_POINT('',(2.462367025658,0.721026297336));
#2543 = CARTESIAN_POINT('',(2.513761274079,0.73969392099));
#2544 = CARTESIAN_POINT('',(2.565989726211,0.757796148742));
#2545 = CARTESIAN_POINT('',(2.619130985523,0.774964378185));
#2546 = CARTESIAN_POINT('',(2.701031469194,0.798939898251));
#2547 = CARTESIAN_POINT('',(2.729042334921,0.806716728036));
#2548 = CARTESIAN_POINT('',(2.757303442744,0.814088094503));
#2549 = CARTESIAN_POINT('',(2.78580708502,0.820998343562));
#2550 = CARTESIAN_POINT('',(2.814547517659,0.827394655652));
#2551 = CARTESIAN_POINT('',(2.892005623077,0.842987068835));
#2552 = CARTESIAN_POINT('',(2.941202113978,0.851180716689));
#2553 = CARTESIAN_POINT('',(2.990915201429,0.857531681715));
#2554 = CARTESIAN_POINT('',(3.040983114646,0.861841216748));
#2555 = CARTESIAN_POINT('',(3.091259046007,0.864));
#2556 = CARTESIAN_POINT('',(3.191209642585,0.864));
#2557 = CARTESIAN_POINT('',(3.240771647885,0.861902235656));
#2558 = CARTESIAN_POINT('',(3.290133855053,0.857714283817));
#2559 = CARTESIAN_POINT('',(3.339154779029,0.851539493851));
#2560 = CARTESIAN_POINT('',(3.387678918516,0.84356607961));
#2561 = CARTESIAN_POINT('',(3.462896646856,0.828614086913));
#2562 = CARTESIAN_POINT('',(3.490067682206,0.822665038811));
#2563 = CARTESIAN_POINT('',(3.517028807421,0.81625089047));
#2564 = CARTESIAN_POINT('',(3.543774730171,0.809415880919));
#2565 = CARTESIAN_POINT('',(3.570298574785,0.802206664831));
#2566 = CARTESIAN_POINT('',(3.651849417082,0.778838255289));
#2567 = CARTESIAN_POINT('',(3.706056878349,0.761576572448));
#2568 = CARTESIAN_POINT('',(3.759312868926,0.743290987495));
#2569 = CARTESIAN_POINT('',(3.811697596573,0.724372378212));
#2570 = CARTESIAN_POINT('',(3.863280827035,0.705188953562));
#2571 = CARTESIAN_POINT('',(3.971981792964,0.664331723427));
#2572 = CARTESIAN_POINT('',(4.028936325273,0.642658915849));
#2573 = CARTESIAN_POINT('',(4.085147096299,0.621530963002));
#2574 = CARTESIAN_POINT('',(4.140748426911,0.601376317175));
#2575 = CARTESIAN_POINT('',(4.195871461335,0.582575920345));
#2576 = CARTESIAN_POINT('',(4.328564403549,0.541123419059));
#2577 = CARTESIAN_POINT('',(4.405888813369,0.520162904608));
#2578 = CARTESIAN_POINT('',(4.482755458002,0.503634864954));
#2579 = CARTESIAN_POINT('',(4.559334010214,0.492331964266));
#2580 = CARTESIAN_POINT('',(4.635808178112,0.486666071288));
#2581 = CARTESIAN_POINT('',(4.752707986359,0.486666071288));
#2582 = CARTESIAN_POINT('',(4.793021379218,0.488236559245));
#2583 = CARTESIAN_POINT('',(4.833349841778,0.491377087547));
#2584 = CARTESIAN_POINT('',(4.873712064401,0.496054286151));
#2585 = CARTESIAN_POINT('',(4.914125061364,0.502203563525));
#2586 = CARTESIAN_POINT('',(4.990781135762,0.516457940101));
#2587 = CARTESIAN_POINT('',(5.027009434475,0.524285447802));
#2588 = CARTESIAN_POINT('',(5.063316732536,0.533149348671));
#2589 = CARTESIAN_POINT('',(5.099728458155,0.542970335964));
#2590 = CARTESIAN_POINT('',(5.136268910599,0.553655407436));
#2591 = CARTESIAN_POINT('',(5.247742039999,0.588422346178));
#2592 = CARTESIAN_POINT('',(5.323133936385,0.614890854941));
#2593 = CARTESIAN_POINT('',(5.399498704754,0.643661912841));
#2594 = CARTESIAN_POINT('',(5.477187569984,0.673733436242));
#2595 = CARTESIAN_POINT('',(5.556556302423,0.7039325454));
#2596 = CARTESIAN_POINT('',(5.667974702577,0.743573812145));
#2597 = CARTESIAN_POINT('',(5.698218512458,0.754069174877));
#2598 = CARTESIAN_POINT('',(5.728757327396,0.764329791341));
#2599 = CARTESIAN_POINT('',(5.759601168614,0.774282459394));
#2600 = CARTESIAN_POINT('',(5.790761603576,0.783852460014));
#2601 = CARTESIAN_POINT('',(5.895202123744,0.814070416112));
#2602 = CARTESIAN_POINT('',(5.970405725749,0.832855418839));
#2603 = CARTESIAN_POINT('',(6.047207711308,0.848065497924));
#2604 = CARTESIAN_POINT('',(6.125168680191,0.858647796531));
#2605 = CARTESIAN_POINT('',(6.203937034859,0.864));
#2606 = CARTESIAN_POINT('',(6.28318530718,0.864));
#2607 = ( GEOMETRIC_REPRESENTATION_CONTEXT(2) 
PARAMETRIC_REPRESENTATION_CONTEXT() REPRESENTATION_CONTEXT('2D SPACE',''
  ) );
#2608 = ADVANCED_FACE('',(#2609,#2612),#1048,.T.);
#2609 = FACE_BOUND('',#2610,.T.);
#2610 = EDGE_LOOP('',(#2611));
#2611 = ORIENTED_EDGE('',*,*,#938,.T.);
#2612 = FACE_BOUND('',#2613,.T.);
#2613 = EDGE_LOOP('',(#2614,#2653,#2687,#2724));
#2614 = ORIENTED_EDGE('',*,*,#2615,.F.);
#2615 = EDGE_CURVE('',#2616,#2618,#2620,.T.);
#2616 = VERTEX_POINT('',#2617);
#2617 = CARTESIAN_POINT('',(0.8671,3.55,15.));
#2618 = VERTEX_POINT('',#2619);
#2619 = CARTESIAN_POINT('',(0.8671,13.6045,15.));
#2620 = SURFACE_CURVE('',#2621,(#2628,#2638),.PCURVE_S1.);
#2621 = B_SPLINE_CURVE_WITH_KNOTS('',5,(#2622,#2623,#2624,#2625,#2626,
    #2627),.UNSPECIFIED.,.F.,.F.,(6,6),(0.,1.),
  .PIECEWISE_BEZIER_KNOTS.);
#2622 = CARTESIAN_POINT('',(0.8671,3.55,15.));
#2623 = CARTESIAN_POINT('',(0.8671,5.560895021486,15.));
#2624 = CARTESIAN_POINT('',(0.8671,7.571791828494,15.));
#2625 = CARTESIAN_POINT('',(0.8671,9.582691484719,15.));
#2626 = CARTESIAN_POINT('',(0.8671,11.593594103073,15.));
#2627 = CARTESIAN_POINT('',(0.8671,13.6045,15.));
#2628 = PCURVE('',#1048,#2629);
#2629 = DEFINITIONAL_REPRESENTATION('',(#2630),#2637);
#2630 = B_SPLINE_CURVE_WITH_KNOTS('',5,(#2631,#2632,#2633,#2634,#2635,
    #2636),.UNSPECIFIED.,.F.,.F.,(6,6),(0.,1.),
  .PIECEWISE_BEZIER_KNOTS.);
#2631 = CARTESIAN_POINT('',(2.525923777015,2.640830566318));
#2632 = CARTESIAN_POINT('',(3.531373546758,4.382329251429));
#2633 = CARTESIAN_POINT('',(4.536826136688,6.123824246553));
#2634 = CARTESIAN_POINT('',(5.542280228723,7.865315084518));
#2635 = CARTESIAN_POINT('',(6.547738076348,9.606800333742));
#2636 = CARTESIAN_POINT('',(7.553201510674,11.348278571651));
#2637 = ( GEOMETRIC_REPRESENTATION_CONTEXT(2) 
PARAMETRIC_REPRESENTATION_CONTEXT() REPRESENTATION_CONTEXT('2D SPACE',''
  ) );
#2638 = PCURVE('',#2639,#2644);
#2639 = PLANE('',#2640);
#2640 = AXIS2_PLACEMENT_3D('',#2641,#2642,#2643);
#2641 = CARTESIAN_POINT('',(0.8671,3.55,14.64));
#2642 = DIRECTION('',(-1.,1.110223024625E-16,0.));
#2643 = DIRECTION('',(0.,0.,1.));
#2644 = DEFINITIONAL_REPRESENTATION('',(#2645),#2652);
#2645 = B_SPLINE_CURVE_WITH_KNOTS('',5,(#2646,#2647,#2648,#2649,#2650,
    #2651),.UNSPECIFIED.,.F.,.F.,(6,6),(0.,1.),
  .PIECEWISE_BEZIER_KNOTS.);
#2646 = CARTESIAN_POINT('',(0.36,0.));
#2647 = CARTESIAN_POINT('',(0.36,2.010895021486));
#2648 = CARTESIAN_POINT('',(0.36,4.021791828494));
#2649 = CARTESIAN_POINT('',(0.36,6.032691484719));
#2650 = CARTESIAN_POINT('',(0.36,8.043594103073));
#2651 = CARTESIAN_POINT('',(0.36,10.0545));
#2652 = ( GEOMETRIC_REPRESENTATION_CONTEXT(2) 
PARAMETRIC_REPRESENTATION_CONTEXT() REPRESENTATION_CONTEXT('2D SPACE',''
  ) );
#2653 = ORIENTED_EDGE('',*,*,#2654,.T.);
#2654 = EDGE_CURVE('',#2616,#2655,#2657,.T.);
#2655 = VERTEX_POINT('',#2656);
#2656 = CARTESIAN_POINT('',(-0.8671,3.55,15.));
#2657 = SURFACE_CURVE('',#2658,(#2664,#2673),.PCURVE_S1.);
#2658 = B_SPLINE_CURVE_WITH_KNOTS('',4,(#2659,#2660,#2661,#2662,#2663),
  .UNSPECIFIED.,.F.,.F.,(5,5),(0.,1.),.PIECEWISE_BEZIER_KNOTS.);
#2659 = CARTESIAN_POINT('',(0.8671,3.55,15.));
#2660 = CARTESIAN_POINT('',(0.433550041054,3.55,15.));
#2661 = CARTESIAN_POINT('',(5.582815687522E-08,3.55,15.));
#2662 = CARTESIAN_POINT('',(-0.433549957784,3.55,15.));
#2663 = CARTESIAN_POINT('',(-0.8671,3.55,15.));
#2664 = PCURVE('',#1048,#2665);
#2665 = DEFINITIONAL_REPRESENTATION('',(#2666),#2672);
#2666 = B_SPLINE_CURVE_WITH_KNOTS('',4,(#2667,#2668,#2669,#2670,#2671),
  .UNSPECIFIED.,.F.,.F.,(5,5),(0.,1.),.PIECEWISE_BEZIER_KNOTS.);
#2667 = CARTESIAN_POINT('',(2.525923776993,2.640830566403));
#2668 = CARTESIAN_POINT('',(2.15045882595,2.857607207324));
#2669 = CARTESIAN_POINT('',(1.774993882879,3.074383809492));
#2670 = CARTESIAN_POINT('',(1.399528939607,3.291160354539));
#2671 = CARTESIAN_POINT('',(1.024063992718,3.507936836115));
#2672 = ( GEOMETRIC_REPRESENTATION_CONTEXT(2) 
PARAMETRIC_REPRESENTATION_CONTEXT() REPRESENTATION_CONTEXT('2D SPACE',''
  ) );
#2673 = PCURVE('',#2674,#2679);
#2674 = PLANE('',#2675);
#2675 = AXIS2_PLACEMENT_3D('',#2676,#2677,#2678);
#2676 = CARTESIAN_POINT('',(0.8671,3.55,14.64));
#2677 = DIRECTION('',(1.110223024625E-16,1.,0.));
#2678 = DIRECTION('',(0.,0.,1.));
#2679 = DEFINITIONAL_REPRESENTATION('',(#2680),#2686);
#2680 = B_SPLINE_CURVE_WITH_KNOTS('',4,(#2681,#2682,#2683,#2684,#2685),
  .UNSPECIFIED.,.F.,.F.,(5,5),(0.,1.),.PIECEWISE_BEZIER_KNOTS.);
#2681 = CARTESIAN_POINT('',(0.36,0.));
#2682 = CARTESIAN_POINT('',(0.36,-0.433549958946));
#2683 = CARTESIAN_POINT('',(0.36,-0.867099944172));
#2684 = CARTESIAN_POINT('',(0.36,-1.300649957784));
#2685 = CARTESIAN_POINT('',(0.36,-1.7342));
#2686 = ( GEOMETRIC_REPRESENTATION_CONTEXT(2) 
PARAMETRIC_REPRESENTATION_CONTEXT() REPRESENTATION_CONTEXT('2D SPACE',''
  ) );
#2687 = ORIENTED_EDGE('',*,*,#2688,.T.);
#2688 = EDGE_CURVE('',#2655,#2689,#2691,.T.);
#2689 = VERTEX_POINT('',#2690);
#2690 = CARTESIAN_POINT('',(-0.8671,13.6045,15.));
#2691 = SURFACE_CURVE('',#2692,(#2699,#2709),.PCURVE_S1.);
#2692 = B_SPLINE_CURVE_WITH_KNOTS('',5,(#2693,#2694,#2695,#2696,#2697,
    #2698),.UNSPECIFIED.,.F.,.F.,(6,6),(0.,1.),
  .PIECEWISE_BEZIER_KNOTS.);
#2693 = CARTESIAN_POINT('',(-0.8671,3.55,15.));
#2694 = CARTESIAN_POINT('',(-0.8671,5.560895307861,15.));
#2695 = CARTESIAN_POINT('',(-0.8671,7.571792282306,15.));
#2696 = CARTESIAN_POINT('',(-0.8671,9.582691735726,15.));
#2697 = CARTESIAN_POINT('',(-0.8671,11.593594263758,15.));
#2698 = CARTESIAN_POINT('',(-0.8671,13.6045,15.));
#2699 = PCURVE('',#1048,#2700);
#2700 = DEFINITIONAL_REPRESENTATION('',(#2701),#2708);
#2701 = B_SPLINE_CURVE_WITH_KNOTS('',5,(#2702,#2703,#2704,#2705,#2706,
    #2707),.UNSPECIFIED.,.F.,.F.,(6,6),(0.,1.),
  .PIECEWISE_BEZIER_KNOTS.);
#2702 = CARTESIAN_POINT('',(1.024063992742,3.507936836051));
#2703 = CARTESIAN_POINT('',(2.02951408883,5.24943476469));
#2704 = CARTESIAN_POINT('',(3.034966831956,6.990929240647));
#2705 = CARTESIAN_POINT('',(4.040420505269,8.732420317163));
#2706 = CARTESIAN_POINT('',(5.045878908346,10.473905112598));
#2707 = CARTESIAN_POINT('',(6.051343063929,12.215382882245));
#2708 = ( GEOMETRIC_REPRESENTATION_CONTEXT(2) 
PARAMETRIC_REPRESENTATION_CONTEXT() REPRESENTATION_CONTEXT('2D SPACE',''
  ) );
#2709 = PCURVE('',#2710,#2715);
#2710 = PLANE('',#2711);
#2711 = AXIS2_PLACEMENT_3D('',#2712,#2713,#2714);
#2712 = CARTESIAN_POINT('',(-0.8671,3.55,14.64));
#2713 = DIRECTION('',(-1.,1.110223024625E-16,0.));
#2714 = DIRECTION('',(0.,0.,1.));
#2715 = DEFINITIONAL_REPRESENTATION('',(#2716),#2723);
#2716 = B_SPLINE_CURVE_WITH_KNOTS('',5,(#2717,#2718,#2719,#2720,#2721,
    #2722),.UNSPECIFIED.,.F.,.F.,(6,6),(0.,1.),
  .PIECEWISE_BEZIER_KNOTS.);
#2717 = CARTESIAN_POINT('',(0.36,0.));
#2718 = CARTESIAN_POINT('',(0.36,2.010895307861));
#2719 = CARTESIAN_POINT('',(0.36,4.021792282306));
#2720 = CARTESIAN_POINT('',(0.36,6.032691735726));
#2721 = CARTESIAN_POINT('',(0.36,8.043594263758));
#2722 = CARTESIAN_POINT('',(0.36,10.0545));
#2723 = ( GEOMETRIC_REPRESENTATION_CONTEXT(2) 
PARAMETRIC_REPRESENTATION_CONTEXT() REPRESENTATION_CONTEXT('2D SPACE',''
  ) );
#2724 = ORIENTED_EDGE('',*,*,#2725,.F.);
#2725 = EDGE_CURVE('',#2618,#2689,#2726,.T.);
#2726 = SURFACE_CURVE('',#2727,(#2735,#2746),.PCURVE_S1.);
#2727 = B_SPLINE_CURVE_WITH_KNOTS('',3,(#2728,#2729,#2730,#2731,#2732,
    #2733,#2734),.UNSPECIFIED.,.F.,.F.,(4,1,1,1,4),(0.,0.251402700942,
    0.524936764569,0.798470822463,1.),.UNSPECIFIED.);
#2728 = CARTESIAN_POINT('',(0.8671,13.6045,15.));
#2729 = CARTESIAN_POINT('',(0.721772514709,13.6045,15.));
#2730 = CARTESIAN_POINT('',(0.418324125662,13.6045,15.));
#2731 = CARTESIAN_POINT('',(-4.324521532075E-02,13.6045,15.));
#2732 = CARTESIAN_POINT('',(-0.475984395748,13.6045,15.));
#2733 = CARTESIAN_POINT('',(-0.750602671303,13.6045,15.));
#2734 = CARTESIAN_POINT('',(-0.8671,13.6045,15.));
#2735 = PCURVE('',#1048,#2736);
#2736 = DEFINITIONAL_REPRESENTATION('',(#2737),#2745);
#2737 = B_SPLINE_CURVE_WITH_KNOTS('',3,(#2738,#2739,#2740,#2741,#2742,
    #2743,#2744),.UNSPECIFIED.,.F.,.F.,(4,1,1,1,4),(0.,0.251402700942,
    0.524936764569,0.798470822463,1.),.UNSPECIFIED.);
#2738 = CARTESIAN_POINT('',(7.55320151068,11.348278571613));
#2739 = CARTESIAN_POINT('',(7.42734442659,11.420942775774));
#2740 = CARTESIAN_POINT('',(7.164550863495,11.572667880395));
#2741 = CARTESIAN_POINT('',(6.764820815556,11.803453765749));
#2742 = CARTESIAN_POINT('',(6.390058417222,12.019824333366));
#2743 = CARTESIAN_POINT('',(6.152232499604,12.157134005716));
#2744 = CARTESIAN_POINT('',(6.051343063945,12.215382882185));
#2745 = ( GEOMETRIC_REPRESENTATION_CONTEXT(2) 
PARAMETRIC_REPRESENTATION_CONTEXT() REPRESENTATION_CONTEXT('2D SPACE',''
  ) );
#2746 = PCURVE('',#2747,#2752);
#2747 = PLANE('',#2748);
#2748 = AXIS2_PLACEMENT_3D('',#2749,#2750,#2751);
#2749 = CARTESIAN_POINT('',(0.8671,13.6045,14.64));
#2750 = DIRECTION('',(1.110223024625E-16,1.,0.));
#2751 = DIRECTION('',(0.,0.,1.));
#2752 = DEFINITIONAL_REPRESENTATION('',(#2753),#2761);
#2753 = B_SPLINE_CURVE_WITH_KNOTS('',3,(#2754,#2755,#2756,#2757,#2758,
    #2759,#2760),.UNSPECIFIED.,.F.,.F.,(4,1,1,1,4),(0.,0.251402700942,
    0.524936764569,0.798470822463,1.),.UNSPECIFIED.);
#2754 = CARTESIAN_POINT('',(0.36,0.));
#2755 = CARTESIAN_POINT('',(0.36,-0.145327485291));
#2756 = CARTESIAN_POINT('',(0.36,-0.448775874338));
#2757 = CARTESIAN_POINT('',(0.36,-0.910345215321));
#2758 = CARTESIAN_POINT('',(0.36,-1.343084395748));
#2759 = CARTESIAN_POINT('',(0.36,-1.617702671303));
#2760 = CARTESIAN_POINT('',(0.36,-1.7342));
#2761 = ( GEOMETRIC_REPRESENTATION_CONTEXT(2) 
PARAMETRIC_REPRESENTATION_CONTEXT() REPRESENTATION_CONTEXT('2D SPACE',''
  ) );
#2762 = ADVANCED_FACE('',(#2763),#874,.F.);
#2763 = FACE_BOUND('',#2764,.F.);
#2764 = EDGE_LOOP('',(#2765,#2766));
#2765 = ORIENTED_EDGE('',*,*,#818,.F.);
#2766 = ORIENTED_EDGE('',*,*,#2125,.T.);
#2767 = ADVANCED_FACE('',(#2768),#1912,.F.);
#2768 = FACE_BOUND('',#2769,.F.);
#2769 = EDGE_LOOP('',(#2770,#2771,#2792,#2793));
#2770 = ORIENTED_EDGE('',*,*,#1559,.T.);
#2771 = ORIENTED_EDGE('',*,*,#2772,.F.);
#2772 = EDGE_CURVE('',#2260,#1560,#2773,.T.);
#2773 = SEAM_CURVE('',#2774,(#2778,#2785),.PCURVE_S1.);
#2774 = LINE('',#2775,#2776);
#2775 = CARTESIAN_POINT('',(-4.900326645386E-16,-2.336,5.5425));
#2776 = VECTOR('',#2777,1.);
#2777 = DIRECTION('',(-2.22044604925E-16,-1.,1.110223024625E-16));
#2778 = PCURVE('',#1912,#2779);
#2779 = DEFINITIONAL_REPRESENTATION('',(#2780),#2784);
#2780 = LINE('',#2781,#2782);
#2781 = CARTESIAN_POINT('',(0.,-0.));
#2782 = VECTOR('',#2783,1.);
#2783 = DIRECTION('',(0.,1.));
#2784 = ( GEOMETRIC_REPRESENTATION_CONTEXT(2) 
PARAMETRIC_REPRESENTATION_CONTEXT() REPRESENTATION_CONTEXT('2D SPACE',''
  ) );
#2785 = PCURVE('',#1912,#2786);
#2786 = DEFINITIONAL_REPRESENTATION('',(#2787),#2791);
#2787 = LINE('',#2788,#2789);
#2788 = CARTESIAN_POINT('',(6.28318530718,-0.));
#2789 = VECTOR('',#2790,1.);
#2790 = DIRECTION('',(0.,1.));
#2791 = ( GEOMETRIC_REPRESENTATION_CONTEXT(2) 
PARAMETRIC_REPRESENTATION_CONTEXT() REPRESENTATION_CONTEXT('2D SPACE',''
  ) );
#2792 = ORIENTED_EDGE('',*,*,#2259,.T.);
#2793 = ORIENTED_EDGE('',*,*,#2772,.T.);
#2794 = ADVANCED_FACE('',(#2795),#2187,.T.);
#2795 = FACE_BOUND('',#2796,.F.);
#2796 = EDGE_LOOP('',(#2797));
#2797 = ORIENTED_EDGE('',*,*,#2172,.F.);
#2798 = ADVANCED_FACE('',(#2799),#2244,.F.);
#2799 = FACE_BOUND('',#2800,.F.);
#2800 = EDGE_LOOP('',(#2801));
#2801 = ORIENTED_EDGE('',*,*,#2229,.T.);
#2802 = ADVANCED_FACE('',(#2803),#2639,.T.);
#2803 = FACE_BOUND('',#2804,.T.);
#2804 = EDGE_LOOP('',(#2805,#2828,#2856,#2877));
#2805 = ORIENTED_EDGE('',*,*,#2806,.F.);
#2806 = EDGE_CURVE('',#2807,#2618,#2809,.T.);
#2807 = VERTEX_POINT('',#2808);
#2808 = CARTESIAN_POINT('',(0.8671,13.6045,14.64));
#2809 = SURFACE_CURVE('',#2810,(#2814,#2821),.PCURVE_S1.);
#2810 = LINE('',#2811,#2812);
#2811 = CARTESIAN_POINT('',(0.8671,13.6045,14.64));
#2812 = VECTOR('',#2813,1.);
#2813 = DIRECTION('',(0.,0.,1.));
#2814 = PCURVE('',#2639,#2815);
#2815 = DEFINITIONAL_REPRESENTATION('',(#2816),#2820);
#2816 = LINE('',#2817,#2818);
#2817 = CARTESIAN_POINT('',(0.,10.0545));
#2818 = VECTOR('',#2819,1.);
#2819 = DIRECTION('',(1.,0.));
#2820 = ( GEOMETRIC_REPRESENTATION_CONTEXT(2) 
PARAMETRIC_REPRESENTATION_CONTEXT() REPRESENTATION_CONTEXT('2D SPACE',''
  ) );
#2821 = PCURVE('',#2747,#2822);
#2822 = DEFINITIONAL_REPRESENTATION('',(#2823),#2827);
#2823 = LINE('',#2824,#2825);
#2824 = CARTESIAN_POINT('',(0.,0.));
#2825 = VECTOR('',#2826,1.);
#2826 = DIRECTION('',(1.,0.));
#2827 = ( GEOMETRIC_REPRESENTATION_CONTEXT(2) 
PARAMETRIC_REPRESENTATION_CONTEXT() REPRESENTATION_CONTEXT('2D SPACE',''
  ) );
#2828 = ORIENTED_EDGE('',*,*,#2829,.F.);
#2829 = EDGE_CURVE('',#2830,#2807,#2832,.T.);
#2830 = VERTEX_POINT('',#2831);
#2831 = CARTESIAN_POINT('',(0.8671,3.55,14.64));
#2832 = SURFACE_CURVE('',#2833,(#2837,#2844),.PCURVE_S1.);
#2833 = LINE('',#2834,#2835);
#2834 = CARTESIAN_POINT('',(0.8671,3.55,14.64));
#2835 = VECTOR('',#2836,1.);
#2836 = DIRECTION('',(1.110223024625E-16,1.,0.));
#2837 = PCURVE('',#2639,#2838);
#2838 = DEFINITIONAL_REPRESENTATION('',(#2839),#2843);
#2839 = LINE('',#2840,#2841);
#2840 = CARTESIAN_POINT('',(0.,0.));
#2841 = VECTOR('',#2842,1.);
#2842 = DIRECTION('',(0.,1.));
#2843 = ( GEOMETRIC_REPRESENTATION_CONTEXT(2) 
PARAMETRIC_REPRESENTATION_CONTEXT() REPRESENTATION_CONTEXT('2D SPACE',''
  ) );
#2844 = PCURVE('',#2845,#2850);
#2845 = PLANE('',#2846);
#2846 = AXIS2_PLACEMENT_3D('',#2847,#2848,#2849);
#2847 = CARTESIAN_POINT('',(0.8671,3.55,14.64));
#2848 = DIRECTION('',(0.,0.,1.));
#2849 = DIRECTION('',(1.110223024625E-16,1.,0.));
#2850 = DEFINITIONAL_REPRESENTATION('',(#2851),#2855);
#2851 = LINE('',#2852,#2853);
#2852 = CARTESIAN_POINT('',(0.,0.));
#2853 = VECTOR('',#2854,1.);
#2854 = DIRECTION('',(1.,0.));
#2855 = ( GEOMETRIC_REPRESENTATION_CONTEXT(2) 
PARAMETRIC_REPRESENTATION_CONTEXT() REPRESENTATION_CONTEXT('2D SPACE',''
  ) );
#2856 = ORIENTED_EDGE('',*,*,#2857,.T.);
#2857 = EDGE_CURVE('',#2830,#2616,#2858,.T.);
#2858 = SURFACE_CURVE('',#2859,(#2863,#2870),.PCURVE_S1.);
#2859 = LINE('',#2860,#2861);
#2860 = CARTESIAN_POINT('',(0.8671,3.55,14.64));
#2861 = VECTOR('',#2862,1.);
#2862 = DIRECTION('',(0.,0.,1.));
#2863 = PCURVE('',#2639,#2864);
#2864 = DEFINITIONAL_REPRESENTATION('',(#2865),#2869);
#2865 = LINE('',#2866,#2867);
#2866 = CARTESIAN_POINT('',(0.,0.));
#2867 = VECTOR('',#2868,1.);
#2868 = DIRECTION('',(1.,0.));
#2869 = ( GEOMETRIC_REPRESENTATION_CONTEXT(2) 
PARAMETRIC_REPRESENTATION_CONTEXT() REPRESENTATION_CONTEXT('2D SPACE',''
  ) );
#2870 = PCURVE('',#2674,#2871);
#2871 = DEFINITIONAL_REPRESENTATION('',(#2872),#2876);
#2872 = LINE('',#2873,#2874);
#2873 = CARTESIAN_POINT('',(0.,0.));
#2874 = VECTOR('',#2875,1.);
#2875 = DIRECTION('',(1.,0.));
#2876 = ( GEOMETRIC_REPRESENTATION_CONTEXT(2) 
PARAMETRIC_REPRESENTATION_CONTEXT() REPRESENTATION_CONTEXT('2D SPACE',''
  ) );
#2877 = ORIENTED_EDGE('',*,*,#2615,.T.);
#2878 = ADVANCED_FACE('',(#2879),#2747,.F.);
#2879 = FACE_BOUND('',#2880,.F.);
#2880 = EDGE_LOOP('',(#2881,#2882,#2905,#2926));
#2881 = ORIENTED_EDGE('',*,*,#2806,.F.);
#2882 = ORIENTED_EDGE('',*,*,#2883,.T.);
#2883 = EDGE_CURVE('',#2807,#2884,#2886,.T.);
#2884 = VERTEX_POINT('',#2885);
#2885 = CARTESIAN_POINT('',(-0.8671,13.6045,14.64));
#2886 = SURFACE_CURVE('',#2887,(#2891,#2898),.PCURVE_S1.);
#2887 = LINE('',#2888,#2889);
#2888 = CARTESIAN_POINT('',(0.8671,13.6045,14.64));
#2889 = VECTOR('',#2890,1.);
#2890 = DIRECTION('',(-1.,1.110223024625E-16,0.));
#2891 = PCURVE('',#2747,#2892);
#2892 = DEFINITIONAL_REPRESENTATION('',(#2893),#2897);
#2893 = LINE('',#2894,#2895);
#2894 = CARTESIAN_POINT('',(0.,0.));
#2895 = VECTOR('',#2896,1.);
#2896 = DIRECTION('',(0.,-1.));
#2897 = ( GEOMETRIC_REPRESENTATION_CONTEXT(2) 
PARAMETRIC_REPRESENTATION_CONTEXT() REPRESENTATION_CONTEXT('2D SPACE',''
  ) );
#2898 = PCURVE('',#2845,#2899);
#2899 = DEFINITIONAL_REPRESENTATION('',(#2900),#2904);
#2900 = LINE('',#2901,#2902);
#2901 = CARTESIAN_POINT('',(10.0545,0.));
#2902 = VECTOR('',#2903,1.);
#2903 = DIRECTION('',(0.,1.));
#2904 = ( GEOMETRIC_REPRESENTATION_CONTEXT(2) 
PARAMETRIC_REPRESENTATION_CONTEXT() REPRESENTATION_CONTEXT('2D SPACE',''
  ) );
#2905 = ORIENTED_EDGE('',*,*,#2906,.T.);
#2906 = EDGE_CURVE('',#2884,#2689,#2907,.T.);
#2907 = SURFACE_CURVE('',#2908,(#2912,#2919),.PCURVE_S1.);
#2908 = LINE('',#2909,#2910);
#2909 = CARTESIAN_POINT('',(-0.8671,13.6045,14.64));
#2910 = VECTOR('',#2911,1.);
#2911 = DIRECTION('',(0.,0.,1.));
#2912 = PCURVE('',#2747,#2913);
#2913 = DEFINITIONAL_REPRESENTATION('',(#2914),#2918);
#2914 = LINE('',#2915,#2916);
#2915 = CARTESIAN_POINT('',(0.,-1.7342));
#2916 = VECTOR('',#2917,1.);
#2917 = DIRECTION('',(1.,0.));
#2918 = ( GEOMETRIC_REPRESENTATION_CONTEXT(2) 
PARAMETRIC_REPRESENTATION_CONTEXT() REPRESENTATION_CONTEXT('2D SPACE',''
  ) );
#2919 = PCURVE('',#2710,#2920);
#2920 = DEFINITIONAL_REPRESENTATION('',(#2921),#2925);
#2921 = LINE('',#2922,#2923);
#2922 = CARTESIAN_POINT('',(0.,10.0545));
#2923 = VECTOR('',#2924,1.);
#2924 = DIRECTION('',(1.,0.));
#2925 = ( GEOMETRIC_REPRESENTATION_CONTEXT(2) 
PARAMETRIC_REPRESENTATION_CONTEXT() REPRESENTATION_CONTEXT('2D SPACE',''
  ) );
#2926 = ORIENTED_EDGE('',*,*,#2725,.F.);
#2927 = ADVANCED_FACE('',(#2928),#2710,.F.);
#2928 = FACE_BOUND('',#2929,.F.);
#2929 = EDGE_LOOP('',(#2930,#2931,#2954,#2975));
#2930 = ORIENTED_EDGE('',*,*,#2906,.F.);
#2931 = ORIENTED_EDGE('',*,*,#2932,.F.);
#2932 = EDGE_CURVE('',#2933,#2884,#2935,.T.);
#2933 = VERTEX_POINT('',#2934);
#2934 = CARTESIAN_POINT('',(-0.8671,3.55,14.64));
#2935 = SURFACE_CURVE('',#2936,(#2940,#2947),.PCURVE_S1.);
#2936 = LINE('',#2937,#2938);
#2937 = CARTESIAN_POINT('',(-0.8671,3.55,14.64));
#2938 = VECTOR('',#2939,1.);
#2939 = DIRECTION('',(1.110223024625E-16,1.,0.));
#2940 = PCURVE('',#2710,#2941);
#2941 = DEFINITIONAL_REPRESENTATION('',(#2942),#2946);
#2942 = LINE('',#2943,#2944);
#2943 = CARTESIAN_POINT('',(0.,0.));
#2944 = VECTOR('',#2945,1.);
#2945 = DIRECTION('',(0.,1.));
#2946 = ( GEOMETRIC_REPRESENTATION_CONTEXT(2) 
PARAMETRIC_REPRESENTATION_CONTEXT() REPRESENTATION_CONTEXT('2D SPACE',''
  ) );
#2947 = PCURVE('',#2845,#2948);
#2948 = DEFINITIONAL_REPRESENTATION('',(#2949),#2953);
#2949 = LINE('',#2950,#2951);
#2950 = CARTESIAN_POINT('',(0.,1.7342));
#2951 = VECTOR('',#2952,1.);
#2952 = DIRECTION('',(1.,0.));
#2953 = ( GEOMETRIC_REPRESENTATION_CONTEXT(2) 
PARAMETRIC_REPRESENTATION_CONTEXT() REPRESENTATION_CONTEXT('2D SPACE',''
  ) );
#2954 = ORIENTED_EDGE('',*,*,#2955,.T.);
#2955 = EDGE_CURVE('',#2933,#2655,#2956,.T.);
#2956 = SURFACE_CURVE('',#2957,(#2961,#2968),.PCURVE_S1.);
#2957 = LINE('',#2958,#2959);
#2958 = CARTESIAN_POINT('',(-0.8671,3.55,14.64));
#2959 = VECTOR('',#2960,1.);
#2960 = DIRECTION('',(0.,0.,1.));
#2961 = PCURVE('',#2710,#2962);
#2962 = DEFINITIONAL_REPRESENTATION('',(#2963),#2967);
#2963 = LINE('',#2964,#2965);
#2964 = CARTESIAN_POINT('',(0.,0.));
#2965 = VECTOR('',#2966,1.);
#2966 = DIRECTION('',(1.,0.));
#2967 = ( GEOMETRIC_REPRESENTATION_CONTEXT(2) 
PARAMETRIC_REPRESENTATION_CONTEXT() REPRESENTATION_CONTEXT('2D SPACE',''
  ) );
#2968 = PCURVE('',#2674,#2969);
#2969 = DEFINITIONAL_REPRESENTATION('',(#2970),#2974);
#2970 = LINE('',#2971,#2972);
#2971 = CARTESIAN_POINT('',(0.,-1.7342));
#2972 = VECTOR('',#2973,1.);
#2973 = DIRECTION('',(1.,0.));
#2974 = ( GEOMETRIC_REPRESENTATION_CONTEXT(2) 
PARAMETRIC_REPRESENTATION_CONTEXT() REPRESENTATION_CONTEXT('2D SPACE',''
  ) );
#2975 = ORIENTED_EDGE('',*,*,#2688,.T.);
#2976 = ADVANCED_FACE('',(#2977),#2674,.T.);
#2977 = FACE_BOUND('',#2978,.T.);
#2978 = EDGE_LOOP('',(#2979,#2980,#3001,#3002));
#2979 = ORIENTED_EDGE('',*,*,#2857,.F.);
#2980 = ORIENTED_EDGE('',*,*,#2981,.T.);
#2981 = EDGE_CURVE('',#2830,#2933,#2982,.T.);
#2982 = SURFACE_CURVE('',#2983,(#2987,#2994),.PCURVE_S1.);
#2983 = LINE('',#2984,#2985);
#2984 = CARTESIAN_POINT('',(0.8671,3.55,14.64));
#2985 = VECTOR('',#2986,1.);
#2986 = DIRECTION('',(-1.,1.110223024625E-16,0.));
#2987 = PCURVE('',#2674,#2988);
#2988 = DEFINITIONAL_REPRESENTATION('',(#2989),#2993);
#2989 = LINE('',#2990,#2991);
#2990 = CARTESIAN_POINT('',(0.,0.));
#2991 = VECTOR('',#2992,1.);
#2992 = DIRECTION('',(0.,-1.));
#2993 = ( GEOMETRIC_REPRESENTATION_CONTEXT(2) 
PARAMETRIC_REPRESENTATION_CONTEXT() REPRESENTATION_CONTEXT('2D SPACE',''
  ) );
#2994 = PCURVE('',#2845,#2995);
#2995 = DEFINITIONAL_REPRESENTATION('',(#2996),#3000);
#2996 = LINE('',#2997,#2998);
#2997 = CARTESIAN_POINT('',(0.,0.));
#2998 = VECTOR('',#2999,1.);
#2999 = DIRECTION('',(0.,1.));
#3000 = ( GEOMETRIC_REPRESENTATION_CONTEXT(2) 
PARAMETRIC_REPRESENTATION_CONTEXT() REPRESENTATION_CONTEXT('2D SPACE',''
  ) );
#3001 = ORIENTED_EDGE('',*,*,#2955,.T.);
#3002 = ORIENTED_EDGE('',*,*,#2654,.F.);
#3003 = ADVANCED_FACE('',(#3004),#2845,.T.);
#3004 = FACE_BOUND('',#3005,.T.);
#3005 = EDGE_LOOP('',(#3006,#3007,#3008,#3009));
#3006 = ORIENTED_EDGE('',*,*,#2981,.F.);
#3007 = ORIENTED_EDGE('',*,*,#2829,.T.);
#3008 = ORIENTED_EDGE('',*,*,#2883,.T.);
#3009 = ORIENTED_EDGE('',*,*,#2932,.F.);
#3010 = ( GEOMETRIC_REPRESENTATION_CONTEXT(3) 
GLOBAL_UNCERTAINTY_ASSIGNED_CONTEXT((#3014)) 
GLOBAL_UNIT_ASSIGNED_CONTEXT((#3011,#3012,#3013)) REPRESENTATION_CONTEXT
('Context #1','3D Context with UNIT and UNCERTAINTY') );
#3011 = ( LENGTH_UNIT() NAMED_UNIT(*) SI_UNIT(.MILLI.,.METRE.) );
#3012 = ( NAMED_UNIT(*) PLANE_ANGLE_UNIT() SI_UNIT($,.RADIAN.) );
#3013 = ( NAMED_UNIT(*) SI_UNIT($,.STERADIAN.) SOLID_ANGLE_UNIT() );
#3014 = UNCERTAINTY_MEASURE_WITH_UNIT(LENGTH_MEASURE(1.E-05),#3011,
  'distance_accuracy_value','confusion accuracy');
#3015 = CONTEXT_DEPENDENT_SHAPE_REPRESENTATION(#3016,#3018);
#3016 = ( REPRESENTATION_RELATIONSHIP('','',#40,#10) 
REPRESENTATION_RELATIONSHIP_WITH_TRANSFORMATION(#3017) 
SHAPE_REPRESENTATION_RELATIONSHIP() );
#3017 = ITEM_DEFINED_TRANSFORMATION('','',#11,#15);
#3018 = PRODUCT_DEFINITION_SHAPE('Placement','Placement of an item',
  #3019);
#3019 = NEXT_ASSEMBLY_USAGE_OCCURRENCE('1',
  'daier_mf_b03_mxr_style_knob_black_abs_body','',#5,#35,$);
#3020 = PRODUCT_RELATED_PRODUCT_CATEGORY('part',$,(#37));
#3021 = SHAPE_DEFINITION_REPRESENTATION(#3022,#3028);
#3022 = PRODUCT_DEFINITION_SHAPE('','',#3023);
#3023 = PRODUCT_DEFINITION('design','',#3024,#3027);
#3024 = PRODUCT_DEFINITION_FORMATION('','',#3025);
#3025 = PRODUCT('daier_mf_b03_mxr_style_knob_white_top_indicator',
  'daier_mf_b03_mxr_style_knob_white_top_indicator','',(#3026));
#3026 = PRODUCT_CONTEXT('',#2,'mechanical');
#3027 = PRODUCT_DEFINITION_CONTEXT('part definition',#2,'design');
#3028 = ADVANCED_BREP_SHAPE_REPRESENTATION('',(#11,#3029),#3359);
#3029 = MANIFOLD_SOLID_BREP('',#3030);
#3030 = CLOSED_SHELL('',(#3031,#3151,#3251,#3298,#3345,#3352));
#3031 = ADVANCED_FACE('',(#3032),#3046,.F.);
#3032 = FACE_BOUND('',#3033,.F.);
#3033 = EDGE_LOOP('',(#3034,#3069,#3097,#3125));
#3034 = ORIENTED_EDGE('',*,*,#3035,.F.);
#3035 = EDGE_CURVE('',#3036,#3038,#3040,.T.);
#3036 = VERTEX_POINT('',#3037);
#3037 = CARTESIAN_POINT('',(-4.725615,-0.641654,-2.5E-02));
#3038 = VERTEX_POINT('',#3039);
#3039 = CARTESIAN_POINT('',(-4.725615,-0.641654,2.5E-02));
#3040 = SURFACE_CURVE('',#3041,(#3045,#3057),.PCURVE_S1.);
#3041 = LINE('',#3042,#3043);
#3042 = CARTESIAN_POINT('',(-4.725615,-0.641654,-2.5E-02));
#3043 = VECTOR('',#3044,1.);
#3044 = DIRECTION('',(0.,0.,1.));
#3045 = PCURVE('',#3046,#3051);
#3046 = PLANE('',#3047);
#3047 = AXIS2_PLACEMENT_3D('',#3048,#3049,#3050);
#3048 = CARTESIAN_POINT('',(-4.725615,-0.641654,-2.5E-02));
#3049 = DIRECTION('',(1.,0.,-0.));
#3050 = DIRECTION('',(0.,0.,1.));
#3051 = DEFINITIONAL_REPRESENTATION('',(#3052),#3056);
#3052 = LINE('',#3053,#3054);
#3053 = CARTESIAN_POINT('',(0.,0.));
#3054 = VECTOR('',#3055,1.);
#3055 = DIRECTION('',(1.,0.));
#3056 = ( GEOMETRIC_REPRESENTATION_CONTEXT(2) 
PARAMETRIC_REPRESENTATION_CONTEXT() REPRESENTATION_CONTEXT('2D SPACE',''
  ) );
#3057 = PCURVE('',#3058,#3063);
#3058 = PLANE('',#3059);
#3059 = AXIS2_PLACEMENT_3D('',#3060,#3061,#3062);
#3060 = CARTESIAN_POINT('',(-4.725615,-0.641654,-2.5E-02));
#3061 = DIRECTION('',(-0.,1.,0.));
#3062 = DIRECTION('',(0.,0.,1.));
#3063 = DEFINITIONAL_REPRESENTATION('',(#3064),#3068);
#3064 = LINE('',#3065,#3066);
#3065 = CARTESIAN_POINT('',(0.,0.));
#3066 = VECTOR('',#3067,1.);
#3067 = DIRECTION('',(1.,0.));
#3068 = ( GEOMETRIC_REPRESENTATION_CONTEXT(2) 
PARAMETRIC_REPRESENTATION_CONTEXT() REPRESENTATION_CONTEXT('2D SPACE',''
  ) );
#3069 = ORIENTED_EDGE('',*,*,#3070,.T.);
#3070 = EDGE_CURVE('',#3036,#3071,#3073,.T.);
#3071 = VERTEX_POINT('',#3072);
#3072 = CARTESIAN_POINT('',(-4.725615,0.641654,-2.5E-02));
#3073 = SURFACE_CURVE('',#3074,(#3078,#3085),.PCURVE_S1.);
#3074 = LINE('',#3075,#3076);
#3075 = CARTESIAN_POINT('',(-4.725615,-0.641654,-2.5E-02));
#3076 = VECTOR('',#3077,1.);
#3077 = DIRECTION('',(-0.,1.,0.));
#3078 = PCURVE('',#3046,#3079);
#3079 = DEFINITIONAL_REPRESENTATION('',(#3080),#3084);
#3080 = LINE('',#3081,#3082);
#3081 = CARTESIAN_POINT('',(0.,0.));
#3082 = VECTOR('',#3083,1.);
#3083 = DIRECTION('',(0.,-1.));
#3084 = ( GEOMETRIC_REPRESENTATION_CONTEXT(2) 
PARAMETRIC_REPRESENTATION_CONTEXT() REPRESENTATION_CONTEXT('2D SPACE',''
  ) );
#3085 = PCURVE('',#3086,#3091);
#3086 = PLANE('',#3087);
#3087 = AXIS2_PLACEMENT_3D('',#3088,#3089,#3090);
#3088 = CARTESIAN_POINT('',(-4.725615,-0.641654,-2.5E-02));
#3089 = DIRECTION('',(0.,0.,1.));
#3090 = DIRECTION('',(1.,0.,-0.));
#3091 = DEFINITIONAL_REPRESENTATION('',(#3092),#3096);
#3092 = LINE('',#3093,#3094);
#3093 = CARTESIAN_POINT('',(0.,0.));
#3094 = VECTOR('',#3095,1.);
#3095 = DIRECTION('',(0.,1.));
#3096 = ( GEOMETRIC_REPRESENTATION_CONTEXT(2) 
PARAMETRIC_REPRESENTATION_CONTEXT() REPRESENTATION_CONTEXT('2D SPACE',''
  ) );
#3097 = ORIENTED_EDGE('',*,*,#3098,.T.);
#3098 = EDGE_CURVE('',#3071,#3099,#3101,.T.);
#3099 = VERTEX_POINT('',#3100);
#3100 = CARTESIAN_POINT('',(-4.725615,0.641654,2.5E-02));
#3101 = SURFACE_CURVE('',#3102,(#3106,#3113),.PCURVE_S1.);
#3102 = LINE('',#3103,#3104);
#3103 = CARTESIAN_POINT('',(-4.725615,0.641654,-2.5E-02));
#3104 = VECTOR('',#3105,1.);
#3105 = DIRECTION('',(0.,0.,1.));
#3106 = PCURVE('',#3046,#3107);
#3107 = DEFINITIONAL_REPRESENTATION('',(#3108),#3112);
#3108 = LINE('',#3109,#3110);
#3109 = CARTESIAN_POINT('',(0.,-1.283308));
#3110 = VECTOR('',#3111,1.);
#3111 = DIRECTION('',(1.,0.));
#3112 = ( GEOMETRIC_REPRESENTATION_CONTEXT(2) 
PARAMETRIC_REPRESENTATION_CONTEXT() REPRESENTATION_CONTEXT('2D SPACE',''
  ) );
#3113 = PCURVE('',#3114,#3119);
#3114 = PLANE('',#3115);
#3115 = AXIS2_PLACEMENT_3D('',#3116,#3117,#3118);
#3116 = CARTESIAN_POINT('',(-4.725615,0.641654,-2.5E-02));
#3117 = DIRECTION('',(-0.,1.,0.));
#3118 = DIRECTION('',(0.,0.,1.));
#3119 = DEFINITIONAL_REPRESENTATION('',(#3120),#3124);
#3120 = LINE('',#3121,#3122);
#3121 = CARTESIAN_POINT('',(0.,0.));
#3122 = VECTOR('',#3123,1.);
#3123 = DIRECTION('',(1.,0.));
#3124 = ( GEOMETRIC_REPRESENTATION_CONTEXT(2) 
PARAMETRIC_REPRESENTATION_CONTEXT() REPRESENTATION_CONTEXT('2D SPACE',''
  ) );
#3125 = ORIENTED_EDGE('',*,*,#3126,.F.);
#3126 = EDGE_CURVE('',#3038,#3099,#3127,.T.);
#3127 = SURFACE_CURVE('',#3128,(#3132,#3139),.PCURVE_S1.);
#3128 = LINE('',#3129,#3130);
#3129 = CARTESIAN_POINT('',(-4.725615,-0.641654,2.5E-02));
#3130 = VECTOR('',#3131,1.);
#3131 = DIRECTION('',(-0.,1.,0.));
#3132 = PCURVE('',#3046,#3133);
#3133 = DEFINITIONAL_REPRESENTATION('',(#3134),#3138);
#3134 = LINE('',#3135,#3136);
#3135 = CARTESIAN_POINT('',(5.E-02,0.));
#3136 = VECTOR('',#3137,1.);
#3137 = DIRECTION('',(0.,-1.));
#3138 = ( GEOMETRIC_REPRESENTATION_CONTEXT(2) 
PARAMETRIC_REPRESENTATION_CONTEXT() REPRESENTATION_CONTEXT('2D SPACE',''
  ) );
#3139 = PCURVE('',#3140,#3145);
#3140 = PLANE('',#3141);
#3141 = AXIS2_PLACEMENT_3D('',#3142,#3143,#3144);
#3142 = CARTESIAN_POINT('',(-4.725615,-0.641654,2.5E-02));
#3143 = DIRECTION('',(0.,0.,1.));
#3144 = DIRECTION('',(1.,0.,-0.));
#3145 = DEFINITIONAL_REPRESENTATION('',(#3146),#3150);
#3146 = LINE('',#3147,#3148);
#3147 = CARTESIAN_POINT('',(0.,0.));
#3148 = VECTOR('',#3149,1.);
#3149 = DIRECTION('',(0.,1.));
#3150 = ( GEOMETRIC_REPRESENTATION_CONTEXT(2) 
PARAMETRIC_REPRESENTATION_CONTEXT() REPRESENTATION_CONTEXT('2D SPACE',''
  ) );
#3151 = ADVANCED_FACE('',(#3152),#3166,.T.);
#3152 = FACE_BOUND('',#3153,.T.);
#3153 = EDGE_LOOP('',(#3154,#3184,#3207,#3230));
#3154 = ORIENTED_EDGE('',*,*,#3155,.F.);
#3155 = EDGE_CURVE('',#3156,#3158,#3160,.T.);
#3156 = VERTEX_POINT('',#3157);
#3157 = CARTESIAN_POINT('',(4.725615,-0.641654,-2.5E-02));
#3158 = VERTEX_POINT('',#3159);
#3159 = CARTESIAN_POINT('',(4.725615,-0.641654,2.5E-02));
#3160 = SURFACE_CURVE('',#3161,(#3165,#3177),.PCURVE_S1.);
#3161 = LINE('',#3162,#3163);
#3162 = CARTESIAN_POINT('',(4.725615,-0.641654,-2.5E-02));
#3163 = VECTOR('',#3164,1.);
#3164 = DIRECTION('',(0.,0.,1.));
#3165 = PCURVE('',#3166,#3171);
#3166 = PLANE('',#3167);
#3167 = AXIS2_PLACEMENT_3D('',#3168,#3169,#3170);
#3168 = CARTESIAN_POINT('',(4.725615,-0.641654,-2.5E-02));
#3169 = DIRECTION('',(1.,0.,-0.));
#3170 = DIRECTION('',(0.,0.,1.));
#3171 = DEFINITIONAL_REPRESENTATION('',(#3172),#3176);
#3172 = LINE('',#3173,#3174);
#3173 = CARTESIAN_POINT('',(0.,0.));
#3174 = VECTOR('',#3175,1.);
#3175 = DIRECTION('',(1.,0.));
#3176 = ( GEOMETRIC_REPRESENTATION_CONTEXT(2) 
PARAMETRIC_REPRESENTATION_CONTEXT() REPRESENTATION_CONTEXT('2D SPACE',''
  ) );
#3177 = PCURVE('',#3058,#3178);
#3178 = DEFINITIONAL_REPRESENTATION('',(#3179),#3183);
#3179 = LINE('',#3180,#3181);
#3180 = CARTESIAN_POINT('',(0.,9.45123));
#3181 = VECTOR('',#3182,1.);
#3182 = DIRECTION('',(1.,0.));
#3183 = ( GEOMETRIC_REPRESENTATION_CONTEXT(2) 
PARAMETRIC_REPRESENTATION_CONTEXT() REPRESENTATION_CONTEXT('2D SPACE',''
  ) );
#3184 = ORIENTED_EDGE('',*,*,#3185,.T.);
#3185 = EDGE_CURVE('',#3156,#3186,#3188,.T.);
#3186 = VERTEX_POINT('',#3187);
#3187 = CARTESIAN_POINT('',(4.725615,0.641654,-2.5E-02));
#3188 = SURFACE_CURVE('',#3189,(#3193,#3200),.PCURVE_S1.);
#3189 = LINE('',#3190,#3191);
#3190 = CARTESIAN_POINT('',(4.725615,-0.641654,-2.5E-02));
#3191 = VECTOR('',#3192,1.);
#3192 = DIRECTION('',(-0.,1.,0.));
#3193 = PCURVE('',#3166,#3194);
#3194 = DEFINITIONAL_REPRESENTATION('',(#3195),#3199);
#3195 = LINE('',#3196,#3197);
#3196 = CARTESIAN_POINT('',(0.,0.));
#3197 = VECTOR('',#3198,1.);
#3198 = DIRECTION('',(0.,-1.));
#3199 = ( GEOMETRIC_REPRESENTATION_CONTEXT(2) 
PARAMETRIC_REPRESENTATION_CONTEXT() REPRESENTATION_CONTEXT('2D SPACE',''
  ) );
#3200 = PCURVE('',#3086,#3201);
#3201 = DEFINITIONAL_REPRESENTATION('',(#3202),#3206);
#3202 = LINE('',#3203,#3204);
#3203 = CARTESIAN_POINT('',(9.45123,0.));
#3204 = VECTOR('',#3205,1.);
#3205 = DIRECTION('',(0.,1.));
#3206 = ( GEOMETRIC_REPRESENTATION_CONTEXT(2) 
PARAMETRIC_REPRESENTATION_CONTEXT() REPRESENTATION_CONTEXT('2D SPACE',''
  ) );
#3207 = ORIENTED_EDGE('',*,*,#3208,.T.);
#3208 = EDGE_CURVE('',#3186,#3209,#3211,.T.);
#3209 = VERTEX_POINT('',#3210);
#3210 = CARTESIAN_POINT('',(4.725615,0.641654,2.5E-02));
#3211 = SURFACE_CURVE('',#3212,(#3216,#3223),.PCURVE_S1.);
#3212 = LINE('',#3213,#3214);
#3213 = CARTESIAN_POINT('',(4.725615,0.641654,-2.5E-02));
#3214 = VECTOR('',#3215,1.);
#3215 = DIRECTION('',(0.,0.,1.));
#3216 = PCURVE('',#3166,#3217);
#3217 = DEFINITIONAL_REPRESENTATION('',(#3218),#3222);
#3218 = LINE('',#3219,#3220);
#3219 = CARTESIAN_POINT('',(0.,-1.283308));
#3220 = VECTOR('',#3221,1.);
#3221 = DIRECTION('',(1.,0.));
#3222 = ( GEOMETRIC_REPRESENTATION_CONTEXT(2) 
PARAMETRIC_REPRESENTATION_CONTEXT() REPRESENTATION_CONTEXT('2D SPACE',''
  ) );
#3223 = PCURVE('',#3114,#3224);
#3224 = DEFINITIONAL_REPRESENTATION('',(#3225),#3229);
#3225 = LINE('',#3226,#3227);
#3226 = CARTESIAN_POINT('',(0.,9.45123));
#3227 = VECTOR('',#3228,1.);
#3228 = DIRECTION('',(1.,0.));
#3229 = ( GEOMETRIC_REPRESENTATION_CONTEXT(2) 
PARAMETRIC_REPRESENTATION_CONTEXT() REPRESENTATION_CONTEXT('2D SPACE',''
  ) );
#3230 = ORIENTED_EDGE('',*,*,#3231,.F.);
#3231 = EDGE_CURVE('',#3158,#3209,#3232,.T.);
#3232 = SURFACE_CURVE('',#3233,(#3237,#3244),.PCURVE_S1.);
#3233 = LINE('',#3234,#3235);
#3234 = CARTESIAN_POINT('',(4.725615,-0.641654,2.5E-02));
#3235 = VECTOR('',#3236,1.);
#3236 = DIRECTION('',(-0.,1.,0.));
#3237 = PCURVE('',#3166,#3238);
#3238 = DEFINITIONAL_REPRESENTATION('',(#3239),#3243);
#3239 = LINE('',#3240,#3241);
#3240 = CARTESIAN_POINT('',(5.E-02,0.));
#3241 = VECTOR('',#3242,1.);
#3242 = DIRECTION('',(0.,-1.));
#3243 = ( GEOMETRIC_REPRESENTATION_CONTEXT(2) 
PARAMETRIC_REPRESENTATION_CONTEXT() REPRESENTATION_CONTEXT('2D SPACE',''
  ) );
#3244 = PCURVE('',#3140,#3245);
#3245 = DEFINITIONAL_REPRESENTATION('',(#3246),#3250);
#3246 = LINE('',#3247,#3248);
#3247 = CARTESIAN_POINT('',(9.45123,0.));
#3248 = VECTOR('',#3249,1.);
#3249 = DIRECTION('',(0.,1.));
#3250 = ( GEOMETRIC_REPRESENTATION_CONTEXT(2) 
PARAMETRIC_REPRESENTATION_CONTEXT() REPRESENTATION_CONTEXT('2D SPACE',''
  ) );
#3251 = ADVANCED_FACE('',(#3252),#3058,.F.);
#3252 = FACE_BOUND('',#3253,.F.);
#3253 = EDGE_LOOP('',(#3254,#3275,#3276,#3297));
#3254 = ORIENTED_EDGE('',*,*,#3255,.F.);
#3255 = EDGE_CURVE('',#3036,#3156,#3256,.T.);
#3256 = SURFACE_CURVE('',#3257,(#3261,#3268),.PCURVE_S1.);
#3257 = LINE('',#3258,#3259);
#3258 = CARTESIAN_POINT('',(-4.725615,-0.641654,-2.5E-02));
#3259 = VECTOR('',#3260,1.);
#3260 = DIRECTION('',(1.,0.,-0.));
#3261 = PCURVE('',#3058,#3262);
#3262 = DEFINITIONAL_REPRESENTATION('',(#3263),#3267);
#3263 = LINE('',#3264,#3265);
#3264 = CARTESIAN_POINT('',(0.,0.));
#3265 = VECTOR('',#3266,1.);
#3266 = DIRECTION('',(0.,1.));
#3267 = ( GEOMETRIC_REPRESENTATION_CONTEXT(2) 
PARAMETRIC_REPRESENTATION_CONTEXT() REPRESENTATION_CONTEXT('2D SPACE',''
  ) );
#3268 = PCURVE('',#3086,#3269);
#3269 = DEFINITIONAL_REPRESENTATION('',(#3270),#3274);
#3270 = LINE('',#3271,#3272);
#3271 = CARTESIAN_POINT('',(0.,0.));
#3272 = VECTOR('',#3273,1.);
#3273 = DIRECTION('',(1.,0.));
#3274 = ( GEOMETRIC_REPRESENTATION_CONTEXT(2) 
PARAMETRIC_REPRESENTATION_CONTEXT() REPRESENTATION_CONTEXT('2D SPACE',''
  ) );
#3275 = ORIENTED_EDGE('',*,*,#3035,.T.);
#3276 = ORIENTED_EDGE('',*,*,#3277,.T.);
#3277 = EDGE_CURVE('',#3038,#3158,#3278,.T.);
#3278 = SURFACE_CURVE('',#3279,(#3283,#3290),.PCURVE_S1.);
#3279 = LINE('',#3280,#3281);
#3280 = CARTESIAN_POINT('',(-4.725615,-0.641654,2.5E-02));
#3281 = VECTOR('',#3282,1.);
#3282 = DIRECTION('',(1.,0.,-0.));
#3283 = PCURVE('',#3058,#3284);
#3284 = DEFINITIONAL_REPRESENTATION('',(#3285),#3289);
#3285 = LINE('',#3286,#3287);
#3286 = CARTESIAN_POINT('',(5.E-02,0.));
#3287 = VECTOR('',#3288,1.);
#3288 = DIRECTION('',(0.,1.));
#3289 = ( GEOMETRIC_REPRESENTATION_CONTEXT(2) 
PARAMETRIC_REPRESENTATION_CONTEXT() REPRESENTATION_CONTEXT('2D SPACE',''
  ) );
#3290 = PCURVE('',#3140,#3291);
#3291 = DEFINITIONAL_REPRESENTATION('',(#3292),#3296);
#3292 = LINE('',#3293,#3294);
#3293 = CARTESIAN_POINT('',(0.,0.));
#3294 = VECTOR('',#3295,1.);
#3295 = DIRECTION('',(1.,0.));
#3296 = ( GEOMETRIC_REPRESENTATION_CONTEXT(2) 
PARAMETRIC_REPRESENTATION_CONTEXT() REPRESENTATION_CONTEXT('2D SPACE',''
  ) );
#3297 = ORIENTED_EDGE('',*,*,#3155,.F.);
#3298 = ADVANCED_FACE('',(#3299),#3114,.T.);
#3299 = FACE_BOUND('',#3300,.T.);
#3300 = EDGE_LOOP('',(#3301,#3322,#3323,#3344));
#3301 = ORIENTED_EDGE('',*,*,#3302,.F.);
#3302 = EDGE_CURVE('',#3071,#3186,#3303,.T.);
#3303 = SURFACE_CURVE('',#3304,(#3308,#3315),.PCURVE_S1.);
#3304 = LINE('',#3305,#3306);
#3305 = CARTESIAN_POINT('',(-4.725615,0.641654,-2.5E-02));
#3306 = VECTOR('',#3307,1.);
#3307 = DIRECTION('',(1.,0.,-0.));
#3308 = PCURVE('',#3114,#3309);
#3309 = DEFINITIONAL_REPRESENTATION('',(#3310),#3314);
#3310 = LINE('',#3311,#3312);
#3311 = CARTESIAN_POINT('',(0.,0.));
#3312 = VECTOR('',#3313,1.);
#3313 = DIRECTION('',(0.,1.));
#3314 = ( GEOMETRIC_REPRESENTATION_CONTEXT(2) 
PARAMETRIC_REPRESENTATION_CONTEXT() REPRESENTATION_CONTEXT('2D SPACE',''
  ) );
#3315 = PCURVE('',#3086,#3316);
#3316 = DEFINITIONAL_REPRESENTATION('',(#3317),#3321);
#3317 = LINE('',#3318,#3319);
#3318 = CARTESIAN_POINT('',(0.,1.283308));
#3319 = VECTOR('',#3320,1.);
#3320 = DIRECTION('',(1.,0.));
#3321 = ( GEOMETRIC_REPRESENTATION_CONTEXT(2) 
PARAMETRIC_REPRESENTATION_CONTEXT() REPRESENTATION_CONTEXT('2D SPACE',''
  ) );
#3322 = ORIENTED_EDGE('',*,*,#3098,.T.);
#3323 = ORIENTED_EDGE('',*,*,#3324,.T.);
#3324 = EDGE_CURVE('',#3099,#3209,#3325,.T.);
#3325 = SURFACE_CURVE('',#3326,(#3330,#3337),.PCURVE_S1.);
#3326 = LINE('',#3327,#3328);
#3327 = CARTESIAN_POINT('',(-4.725615,0.641654,2.5E-02));
#3328 = VECTOR('',#3329,1.);
#3329 = DIRECTION('',(1.,0.,-0.));
#3330 = PCURVE('',#3114,#3331);
#3331 = DEFINITIONAL_REPRESENTATION('',(#3332),#3336);
#3332 = LINE('',#3333,#3334);
#3333 = CARTESIAN_POINT('',(5.E-02,0.));
#3334 = VECTOR('',#3335,1.);
#3335 = DIRECTION('',(0.,1.));
#3336 = ( GEOMETRIC_REPRESENTATION_CONTEXT(2) 
PARAMETRIC_REPRESENTATION_CONTEXT() REPRESENTATION_CONTEXT('2D SPACE',''
  ) );
#3337 = PCURVE('',#3140,#3338);
#3338 = DEFINITIONAL_REPRESENTATION('',(#3339),#3343);
#3339 = LINE('',#3340,#3341);
#3340 = CARTESIAN_POINT('',(0.,1.283308));
#3341 = VECTOR('',#3342,1.);
#3342 = DIRECTION('',(1.,0.));
#3343 = ( GEOMETRIC_REPRESENTATION_CONTEXT(2) 
PARAMETRIC_REPRESENTATION_CONTEXT() REPRESENTATION_CONTEXT('2D SPACE',''
  ) );
#3344 = ORIENTED_EDGE('',*,*,#3208,.F.);
#3345 = ADVANCED_FACE('',(#3346),#3086,.F.);
#3346 = FACE_BOUND('',#3347,.F.);
#3347 = EDGE_LOOP('',(#3348,#3349,#3350,#3351));
#3348 = ORIENTED_EDGE('',*,*,#3070,.F.);
#3349 = ORIENTED_EDGE('',*,*,#3255,.T.);
#3350 = ORIENTED_EDGE('',*,*,#3185,.T.);
#3351 = ORIENTED_EDGE('',*,*,#3302,.F.);
#3352 = ADVANCED_FACE('',(#3353),#3140,.T.);
#3353 = FACE_BOUND('',#3354,.T.);
#3354 = EDGE_LOOP('',(#3355,#3356,#3357,#3358));
#3355 = ORIENTED_EDGE('',*,*,#3126,.F.);
#3356 = ORIENTED_EDGE('',*,*,#3277,.T.);
#3357 = ORIENTED_EDGE('',*,*,#3231,.T.);
#3358 = ORIENTED_EDGE('',*,*,#3324,.F.);
#3359 = ( GEOMETRIC_REPRESENTATION_CONTEXT(3) 
GLOBAL_UNCERTAINTY_ASSIGNED_CONTEXT((#3363)) 
GLOBAL_UNIT_ASSIGNED_CONTEXT((#3360,#3361,#3362)) REPRESENTATION_CONTEXT
('Context #1','3D Context with UNIT and UNCERTAINTY') );
#3360 = ( LENGTH_UNIT() NAMED_UNIT(*) SI_UNIT(.MILLI.,.METRE.) );
#3361 = ( NAMED_UNIT(*) PLANE_ANGLE_UNIT() SI_UNIT($,.RADIAN.) );
#3362 = ( NAMED_UNIT(*) SI_UNIT($,.STERADIAN.) SOLID_ANGLE_UNIT() );
#3363 = UNCERTAINTY_MEASURE_WITH_UNIT(LENGTH_MEASURE(1.E-07),#3360,
  'distance_accuracy_value','confusion accuracy');
#3364 = CONTEXT_DEPENDENT_SHAPE_REPRESENTATION(#3365,#3367);
#3365 = ( REPRESENTATION_RELATIONSHIP('','',#3028,#10) 
REPRESENTATION_RELATIONSHIP_WITH_TRANSFORMATION(#3366) 
SHAPE_REPRESENTATION_RELATIONSHIP() );
#3366 = ITEM_DEFINED_TRANSFORMATION('','',#11,#19);
#3367 = PRODUCT_DEFINITION_SHAPE('Placement','Placement of an item',
  #3368);
#3368 = NEXT_ASSEMBLY_USAGE_OCCURRENCE('2',
  'daier_mf_b03_mxr_style_knob_white_top_indicator','',#5,#3023,$);
#3369 = PRODUCT_RELATED_PRODUCT_CATEGORY('part',$,(#3025));
#3370 = SHAPE_DEFINITION_REPRESENTATION(#3371,#3377);
#3371 = PRODUCT_DEFINITION_SHAPE('','',#3372);
#3372 = PRODUCT_DEFINITION('design','',#3373,#3376);
#3373 = PRODUCT_DEFINITION_FORMATION('','',#3374);
#3374 = PRODUCT('daier_mf_b03_mxr_style_knob_white_skirt_dot',
  'daier_mf_b03_mxr_style_knob_white_skirt_dot','',(#3375));
#3375 = PRODUCT_CONTEXT('',#2,'mechanical');
#3376 = PRODUCT_DEFINITION_CONTEXT('part definition',#2,'design');
#3377 = ADVANCED_BREP_SHAPE_REPRESENTATION('',(#11,#3378),#3476);
#3378 = MANIFOLD_SOLID_BREP('',#3379);
#3379 = CLOSED_SHELL('',(#3380,#3468,#3472));
#3380 = ADVANCED_FACE('',(#3381),#3394,.T.);
#3381 = FACE_BOUND('',#3382,.T.);
#3382 = EDGE_LOOP('',(#3383,#3417,#3440,#3467));
#3383 = ORIENTED_EDGE('',*,*,#3384,.F.);
#3384 = EDGE_CURVE('',#3385,#3385,#3387,.T.);
#3385 = VERTEX_POINT('',#3386);
#3386 = CARTESIAN_POINT('',(0.90651,-2.22030913979E-16,2.5E-02));
#3387 = SURFACE_CURVE('',#3388,(#3393,#3405),.PCURVE_S1.);
#3388 = CIRCLE('',#3389,0.90651);
#3389 = AXIS2_PLACEMENT_3D('',#3390,#3391,#3392);
#3390 = CARTESIAN_POINT('',(0.,0.,2.5E-02));
#3391 = DIRECTION('',(0.,0.,1.));
#3392 = DIRECTION('',(1.,0.,-0.));
#3393 = PCURVE('',#3394,#3399);
#3394 = CYLINDRICAL_SURFACE('',#3395,0.90651);
#3395 = AXIS2_PLACEMENT_3D('',#3396,#3397,#3398);
#3396 = CARTESIAN_POINT('',(0.,0.,-2.5E-02));
#3397 = DIRECTION('',(0.,0.,1.));
#3398 = DIRECTION('',(1.,0.,-0.));
#3399 = DEFINITIONAL_REPRESENTATION('',(#3400),#3404);
#3400 = LINE('',#3401,#3402);
#3401 = CARTESIAN_POINT('',(0.,5.E-02));
#3402 = VECTOR('',#3403,1.);
#3403 = DIRECTION('',(1.,0.));
#3404 = ( GEOMETRIC_REPRESENTATION_CONTEXT(2) 
PARAMETRIC_REPRESENTATION_CONTEXT() REPRESENTATION_CONTEXT('2D SPACE',''
  ) );
#3405 = PCURVE('',#3406,#3411);
#3406 = PLANE('',#3407);
#3407 = AXIS2_PLACEMENT_3D('',#3408,#3409,#3410);
#3408 = CARTESIAN_POINT('',(0.,0.,2.5E-02));
#3409 = DIRECTION('',(0.,0.,1.));
#3410 = DIRECTION('',(1.,0.,-0.));
#3411 = DEFINITIONAL_REPRESENTATION('',(#3412),#3416);
#3412 = CIRCLE('',#3413,0.90651);
#3413 = AXIS2_PLACEMENT_2D('',#3414,#3415);
#3414 = CARTESIAN_POINT('',(0.,0.));
#3415 = DIRECTION('',(1.,0.));
#3416 = ( GEOMETRIC_REPRESENTATION_CONTEXT(2) 
PARAMETRIC_REPRESENTATION_CONTEXT() REPRESENTATION_CONTEXT('2D SPACE',''
  ) );
#3417 = ORIENTED_EDGE('',*,*,#3418,.F.);
#3418 = EDGE_CURVE('',#3419,#3385,#3421,.T.);
#3419 = VERTEX_POINT('',#3420);
#3420 = CARTESIAN_POINT('',(0.90651,-2.22030913979E-16,-2.5E-02));
#3421 = SEAM_CURVE('',#3422,(#3426,#3433),.PCURVE_S1.);
#3422 = LINE('',#3423,#3424);
#3423 = CARTESIAN_POINT('',(0.90651,-2.22030913979E-16,-2.5E-02));
#3424 = VECTOR('',#3425,1.);
#3425 = DIRECTION('',(0.,0.,1.));
#3426 = PCURVE('',#3394,#3427);
#3427 = DEFINITIONAL_REPRESENTATION('',(#3428),#3432);
#3428 = LINE('',#3429,#3430);
#3429 = CARTESIAN_POINT('',(6.28318530718,-0.));
#3430 = VECTOR('',#3431,1.);
#3431 = DIRECTION('',(0.,1.));
#3432 = ( GEOMETRIC_REPRESENTATION_CONTEXT(2) 
PARAMETRIC_REPRESENTATION_CONTEXT() REPRESENTATION_CONTEXT('2D SPACE',''
  ) );
#3433 = PCURVE('',#3394,#3434);
#3434 = DEFINITIONAL_REPRESENTATION('',(#3435),#3439);
#3435 = LINE('',#3436,#3437);
#3436 = CARTESIAN_POINT('',(0.,-0.));
#3437 = VECTOR('',#3438,1.);
#3438 = DIRECTION('',(0.,1.));
#3439 = ( GEOMETRIC_REPRESENTATION_CONTEXT(2) 
PARAMETRIC_REPRESENTATION_CONTEXT() REPRESENTATION_CONTEXT('2D SPACE',''
  ) );
#3440 = ORIENTED_EDGE('',*,*,#3441,.T.);
#3441 = EDGE_CURVE('',#3419,#3419,#3442,.T.);
#3442 = SURFACE_CURVE('',#3443,(#3448,#3455),.PCURVE_S1.);
#3443 = CIRCLE('',#3444,0.90651);
#3444 = AXIS2_PLACEMENT_3D('',#3445,#3446,#3447);
#3445 = CARTESIAN_POINT('',(0.,0.,-2.5E-02));
#3446 = DIRECTION('',(0.,0.,1.));
#3447 = DIRECTION('',(1.,0.,-0.));
#3448 = PCURVE('',#3394,#3449);
#3449 = DEFINITIONAL_REPRESENTATION('',(#3450),#3454);
#3450 = LINE('',#3451,#3452);
#3451 = CARTESIAN_POINT('',(0.,0.));
#3452 = VECTOR('',#3453,1.);
#3453 = DIRECTION('',(1.,0.));
#3454 = ( GEOMETRIC_REPRESENTATION_CONTEXT(2) 
PARAMETRIC_REPRESENTATION_CONTEXT() REPRESENTATION_CONTEXT('2D SPACE',''
  ) );
#3455 = PCURVE('',#3456,#3461);
#3456 = PLANE('',#3457);
#3457 = AXIS2_PLACEMENT_3D('',#3458,#3459,#3460);
#3458 = CARTESIAN_POINT('',(0.,0.,-2.5E-02));
#3459 = DIRECTION('',(0.,0.,1.));
#3460 = DIRECTION('',(1.,0.,-0.));
#3461 = DEFINITIONAL_REPRESENTATION('',(#3462),#3466);
#3462 = CIRCLE('',#3463,0.90651);
#3463 = AXIS2_PLACEMENT_2D('',#3464,#3465);
#3464 = CARTESIAN_POINT('',(0.,0.));
#3465 = DIRECTION('',(1.,0.));
#3466 = ( GEOMETRIC_REPRESENTATION_CONTEXT(2) 
PARAMETRIC_REPRESENTATION_CONTEXT() REPRESENTATION_CONTEXT('2D SPACE',''
  ) );
#3467 = ORIENTED_EDGE('',*,*,#3418,.T.);
#3468 = ADVANCED_FACE('',(#3469),#3406,.T.);
#3469 = FACE_BOUND('',#3470,.T.);
#3470 = EDGE_LOOP('',(#3471));
#3471 = ORIENTED_EDGE('',*,*,#3384,.T.);
#3472 = ADVANCED_FACE('',(#3473),#3456,.F.);
#3473 = FACE_BOUND('',#3474,.T.);
#3474 = EDGE_LOOP('',(#3475));
#3475 = ORIENTED_EDGE('',*,*,#3441,.F.);
#3476 = ( GEOMETRIC_REPRESENTATION_CONTEXT(3) 
GLOBAL_UNCERTAINTY_ASSIGNED_CONTEXT((#3480)) 
GLOBAL_UNIT_ASSIGNED_CONTEXT((#3477,#3478,#3479)) REPRESENTATION_CONTEXT
('Context #1','3D Context with UNIT and UNCERTAINTY') );
#3477 = ( LENGTH_UNIT() NAMED_UNIT(*) SI_UNIT(.MILLI.,.METRE.) );
#3478 = ( NAMED_UNIT(*) PLANE_ANGLE_UNIT() SI_UNIT($,.RADIAN.) );
#3479 = ( NAMED_UNIT(*) SI_UNIT($,.STERADIAN.) SOLID_ANGLE_UNIT() );
#3480 = UNCERTAINTY_MEASURE_WITH_UNIT(LENGTH_MEASURE(1.E-07),#3477,
  'distance_accuracy_value','confusion accuracy');
#3481 = CONTEXT_DEPENDENT_SHAPE_REPRESENTATION(#3482,#3484);
#3482 = ( REPRESENTATION_RELATIONSHIP('','',#3377,#10) 
REPRESENTATION_RELATIONSHIP_WITH_TRANSFORMATION(#3483) 
SHAPE_REPRESENTATION_RELATIONSHIP() );
#3483 = ITEM_DEFINED_TRANSFORMATION('','',#11,#23);
#3484 = PRODUCT_DEFINITION_SHAPE('Placement','Placement of an item',
  #3485);
#3485 = NEXT_ASSEMBLY_USAGE_OCCURRENCE('3',
  'daier_mf_b03_mxr_style_knob_white_skirt_dot','',#5,#3372,$);
#3486 = PRODUCT_RELATED_PRODUCT_CATEGORY('part',$,(#3374));
#3487 = SHAPE_DEFINITION_REPRESENTATION(#3018,#3488);
#3488 = SHAPE_REPRESENTATION('',(#15),#3010);
#3489 = SHAPE_DEFINITION_REPRESENTATION(#3367,#3490);
#3490 = SHAPE_REPRESENTATION('',(#19),#3359);
#3491 = SHAPE_DEFINITION_REPRESENTATION(#3484,#3492);
#3492 = SHAPE_REPRESENTATION('',(#23),#3476);
#3493 = SHAPE_DEFINITION_REPRESENTATION(#3018,#3494);
#3494 = SHAPE_REPRESENTATION('',(#15),#3010);
#3495 = SHAPE_DEFINITION_REPRESENTATION(#3367,#3496);
#3496 = SHAPE_REPRESENTATION('',(#19),#3359);
#3497 = SHAPE_DEFINITION_REPRESENTATION(#3484,#3498);
#3498 = SHAPE_REPRESENTATION('',(#23),#3476);
#3499 = MECHANICAL_DESIGN_GEOMETRIC_PRESENTATION_REPRESENTATION('',(
    #3500),#3476);
#3500 = STYLED_ITEM('color',(#3501),#3378);
#3501 = PRESENTATION_STYLE_ASSIGNMENT((#3502));
#3502 = SURFACE_STYLE_USAGE(.BOTH.,#3503);
#3503 = SURFACE_SIDE_STYLE('',(#3504));
#3504 = SURFACE_STYLE_FILL_AREA(#3505);
#3505 = FILL_AREA_STYLE('',(#3506));
#3506 = FILL_AREA_STYLE_COLOUR('',#3507);
#3507 = COLOUR_RGB('',0.959999986217,0.959999986217,0.920000012397);
#3508 = MECHANICAL_DESIGN_GEOMETRIC_PRESENTATION_REPRESENTATION('',(
    #3509),#3359);
#3509 = STYLED_ITEM('color',(#3510),#3029);
#3510 = PRESENTATION_STYLE_ASSIGNMENT((#3511));
#3511 = SURFACE_STYLE_USAGE(.BOTH.,#3512);
#3512 = SURFACE_SIDE_STYLE('',(#3513));
#3513 = SURFACE_STYLE_FILL_AREA(#3514);
#3514 = FILL_AREA_STYLE('',(#3515));
#3515 = FILL_AREA_STYLE_COLOUR('',#3507);
#3516 = MECHANICAL_DESIGN_GEOMETRIC_PRESENTATION_REPRESENTATION('',(
    #3517,#3525),#3010);
#3517 = STYLED_ITEM('color',(#3518),#41);
#3518 = PRESENTATION_STYLE_ASSIGNMENT((#3519));
#3519 = SURFACE_STYLE_USAGE(.BOTH.,#3520);
#3520 = SURFACE_SIDE_STYLE('',(#3521));
#3521 = SURFACE_STYLE_FILL_AREA(#3522);
#3522 = FILL_AREA_STYLE('',(#3523));
#3523 = FILL_AREA_STYLE_COLOUR('',#3524);
#3524 = COLOUR_RGB('',1.200000011595E-02,1.29999999376E-02,
  1.60000001546E-02);
#3525 = OVER_RIDING_STYLED_ITEM('overriding color',(#3526),#41,#3517);
#3526 = PRESENTATION_STYLE_BY_CONTEXT((#3527),#3494);
#3527 = SURFACE_STYLE_USAGE(.BOTH.,#3528);
#3528 = SURFACE_SIDE_STYLE('',(#3529));
#3529 = SURFACE_STYLE_FILL_AREA(#3530);
#3530 = FILL_AREA_STYLE('',(#3531));
#3531 = FILL_AREA_STYLE_COLOUR('',#3532);
#3532 = COLOUR_RGB('',1.200000011595E-02,1.29999999376E-02,
  1.60000001546E-02);

#3533=DESCRIPTIVE_REPRESENTATION_ITEM('cadpy:generator','cadpy');
#3534=REPRESENTATION('cadpy:generator',(#3533),#27);
#3535=PROPERTY_DEFINITION('cadpy metadata','cadpy:generator',#5);
#3536=PROPERTY_DEFINITION_REPRESENTATION(#3535,#3534);
#3537=DESCRIPTIVE_REPRESENTATION_ITEM('cadpy:entryKind','assembly');
#3538=REPRESENTATION('cadpy:entryKind',(#3537),#27);
#3539=PROPERTY_DEFINITION('cadpy metadata','cadpy:entryKind',#5);
#3540=PROPERTY_DEFINITION_REPRESENTATION(#3539,#3538);
#3541=DESCRIPTIVE_REPRESENTATION_ITEM('cadpy:sourcePath','daier-mf-b03.py');
#3542=REPRESENTATION('cadpy:sourcePath',(#3541),#27);
#3543=PROPERTY_DEFINITION('cadpy metadata','cadpy:sourcePath',#5);
#3544=PROPERTY_DEFINITION_REPRESENTATION(#3543,#3542);
#3545=DESCRIPTIVE_REPRESENTATION_ITEM('cadpy:sourceHash','ab01873846e6b46f6332f4682e003812c1c8ad8d0c6e5ee8606081895d2fad36');
#3546=REPRESENTATION('cadpy:sourceHash',(#3545),#27);
#3547=PROPERTY_DEFINITION('cadpy metadata','cadpy:sourceHash',#5);
#3548=PROPERTY_DEFINITION_REPRESENTATION(#3547,#3546);
ENDSEC;
END-ISO-10303-21;
