ISO-10303-21;
HEADER;
FILE_DESCRIPTION(('Open CASCADE Model'),'2;1');
FILE_NAME('Open CASCADE Shape Model','2026-06-19T20:13:49',('Author'),(
    'Open CASCADE'),'Open CASCADE STEP processor 7.9','Open CASCADE 7.9'
  ,'Unknown');
FILE_SCHEMA(('AUTOMOTIVE_DESIGN { 1 0 10303 214 1 1 1 1 }'));
ENDSEC;
DATA;
#1 = APPLICATION_PROTOCOL_DEFINITION('international standard',
  'automotive_design',2000,#2);
#2 = APPLICATION_CONTEXT(
  'core data for automotive mechanical design processes');
#3 = SHAPE_DEFINITION_REPRESENTATION(#4,#10);
#4 = PRODUCT_DEFINITION_SHAPE('','',#5);
#5 = PRODUCT_DEFINITION('design','',#6,#9);
#6 = PRODUCT_DEFINITION_FORMATION('','',#7);
#7 = PRODUCT('daier_mf_b02_mxr_style_knob','daier_mf_b02_mxr_style_knob'
  ,'',(#8));
#8 = PRODUCT_CONTEXT('',#2,'mechanical');
#9 = PRODUCT_DEFINITION_CONTEXT('part definition',#2,'design');
#10 = SHAPE_REPRESENTATION('',(#11,#15,#19,#23),#27);
#11 = AXIS2_PLACEMENT_3D('',#12,#13,#14);
#12 = CARTESIAN_POINT('',(0.,0.,0.));
#13 = DIRECTION('',(0.,0.,1.));
#14 = DIRECTION('',(1.,0.,-0.));
#15 = AXIS2_PLACEMENT_3D('',#16,#17,#18);
#16 = CARTESIAN_POINT('',(0.,0.,0.));
#17 = DIRECTION('',(0.,0.,1.));
#18 = DIRECTION('',(1.,0.,-0.));
#19 = AXIS2_PLACEMENT_3D('',#20,#21,#22);
#20 = CARTESIAN_POINT('',(8.133493878404E-16,7.326,14.665));
#21 = DIRECTION('',(0.,-0.,1.));
#22 = DIRECTION('',(1.110223024625E-16,1.,0.));
#23 = AXIS2_PLACEMENT_3D('',#24,#25,#26);
#24 = CARTESIAN_POINT('',(1.352251643993E-15,12.18,1.815));
#25 = DIRECTION('',(0.,-0.,1.));
#26 = DIRECTION('',(1.110223024625E-16,1.,0.));
#27 = ( GEOMETRIC_REPRESENTATION_CONTEXT(3) 
GLOBAL_UNCERTAINTY_ASSIGNED_CONTEXT((#31)) GLOBAL_UNIT_ASSIGNED_CONTEXT(
(#28,#29,#30)) REPRESENTATION_CONTEXT('Context #1',
  '3D Context with UNIT and UNCERTAINTY') );
#28 = ( LENGTH_UNIT() NAMED_UNIT(*) SI_UNIT(.MILLI.,.METRE.) );
#29 = ( NAMED_UNIT(*) PLANE_ANGLE_UNIT() SI_UNIT($,.RADIAN.) );
#30 = ( NAMED_UNIT(*) SI_UNIT($,.STERADIAN.) SOLID_ANGLE_UNIT() );
#31 = UNCERTAINTY_MEASURE_WITH_UNIT(LENGTH_MEASURE(1.E-05),#28,
  'distance_accuracy_value','confusion accuracy');
#32 = PRODUCT_RELATED_PRODUCT_CATEGORY('part',$,(#7));
#33 = SHAPE_DEFINITION_REPRESENTATION(#34,#40);
#34 = PRODUCT_DEFINITION_SHAPE('','',#35);
#35 = PRODUCT_DEFINITION('design','',#36,#39);
#36 = PRODUCT_DEFINITION_FORMATION('','',#37);
#37 = PRODUCT('daier_mf_b02_mxr_style_knob_black_abs_body',
  'daier_mf_b02_mxr_style_knob_black_abs_body','',(#38));
#38 = PRODUCT_CONTEXT('',#2,'mechanical');
#39 = PRODUCT_DEFINITION_CONTEXT('part definition',#2,'design');
#40 = ADVANCED_BREP_SHAPE_REPRESENTATION('',(#11,#41),#2830);
#41 = MANIFOLD_SOLID_BREP('',#42);
#42 = CLOSED_SHELL('',(#43,#131,#723,#758,#2001,#2081,#2428,#2582,#2587,
    #2614,#2618,#2622,#2698,#2747,#2796,#2823));
#43 = ADVANCED_FACE('',(#44),#57,.T.);
#44 = FACE_BOUND('',#45,.T.);
#45 = EDGE_LOOP('',(#46,#80,#103,#130));
#46 = ORIENTED_EDGE('',*,*,#47,.F.);
#47 = EDGE_CURVE('',#48,#48,#50,.T.);
#48 = VERTEX_POINT('',#49);
#49 = CARTESIAN_POINT('',(14.,-3.429011037613E-15,2.15));
#50 = SURFACE_CURVE('',#51,(#56,#68),.PCURVE_S1.);
#51 = CIRCLE('',#52,14.);
#52 = AXIS2_PLACEMENT_3D('',#53,#54,#55);
#53 = CARTESIAN_POINT('',(0.,0.,2.15));
#54 = DIRECTION('',(0.,0.,1.));
#55 = DIRECTION('',(1.,0.,-0.));
#56 = PCURVE('',#57,#62);
#57 = CYLINDRICAL_SURFACE('',#58,14.);
#58 = AXIS2_PLACEMENT_3D('',#59,#60,#61);
#59 = CARTESIAN_POINT('',(0.,0.,0.));
#60 = DIRECTION('',(0.,0.,1.));
#61 = DIRECTION('',(1.,0.,-0.));
#62 = DEFINITIONAL_REPRESENTATION('',(#63),#67);
#63 = LINE('',#64,#65);
#64 = CARTESIAN_POINT('',(0.,2.15));
#65 = VECTOR('',#66,1.);
#66 = DIRECTION('',(1.,0.));
#67 = ( GEOMETRIC_REPRESENTATION_CONTEXT(2) 
PARAMETRIC_REPRESENTATION_CONTEXT() REPRESENTATION_CONTEXT('2D SPACE',''
  ) );
#68 = PCURVE('',#69,#74);
#69 = PLANE('',#70);
#70 = AXIS2_PLACEMENT_3D('',#71,#72,#73);
#71 = CARTESIAN_POINT('',(0.,0.,2.15));
#72 = DIRECTION('',(0.,0.,1.));
#73 = DIRECTION('',(1.,0.,-0.));
#74 = DEFINITIONAL_REPRESENTATION('',(#75),#79);
#75 = CIRCLE('',#76,14.);
#76 = AXIS2_PLACEMENT_2D('',#77,#78);
#77 = CARTESIAN_POINT('',(0.,0.));
#78 = DIRECTION('',(1.,0.));
#79 = ( GEOMETRIC_REPRESENTATION_CONTEXT(2) 
PARAMETRIC_REPRESENTATION_CONTEXT() REPRESENTATION_CONTEXT('2D SPACE',''
  ) );
#80 = ORIENTED_EDGE('',*,*,#81,.F.);
#81 = EDGE_CURVE('',#82,#48,#84,.T.);
#82 = VERTEX_POINT('',#83);
#83 = CARTESIAN_POINT('',(14.,-3.429011037613E-15,0.));
#84 = SEAM_CURVE('',#85,(#89,#96),.PCURVE_S1.);
#85 = LINE('',#86,#87);
#86 = CARTESIAN_POINT('',(14.,-3.429011037613E-15,0.));
#87 = VECTOR('',#88,1.);
#88 = DIRECTION('',(0.,0.,1.));
#89 = PCURVE('',#57,#90);
#90 = DEFINITIONAL_REPRESENTATION('',(#91),#95);
#91 = LINE('',#92,#93);
#92 = CARTESIAN_POINT('',(6.28318530718,-0.));
#93 = VECTOR('',#94,1.);
#94 = DIRECTION('',(0.,1.));
#95 = ( GEOMETRIC_REPRESENTATION_CONTEXT(2) 
PARAMETRIC_REPRESENTATION_CONTEXT() REPRESENTATION_CONTEXT('2D SPACE',''
  ) );
#96 = PCURVE('',#57,#97);
#97 = DEFINITIONAL_REPRESENTATION('',(#98),#102);
#98 = LINE('',#99,#100);
#99 = CARTESIAN_POINT('',(0.,-0.));
#100 = VECTOR('',#101,1.);
#101 = DIRECTION('',(0.,1.));
#102 = ( GEOMETRIC_REPRESENTATION_CONTEXT(2) 
PARAMETRIC_REPRESENTATION_CONTEXT() REPRESENTATION_CONTEXT('2D SPACE',''
  ) );
#103 = ORIENTED_EDGE('',*,*,#104,.T.);
#104 = EDGE_CURVE('',#82,#82,#105,.T.);
#105 = SURFACE_CURVE('',#106,(#111,#118),.PCURVE_S1.);
#106 = CIRCLE('',#107,14.);
#107 = AXIS2_PLACEMENT_3D('',#108,#109,#110);
#108 = CARTESIAN_POINT('',(0.,0.,0.));
#109 = DIRECTION('',(0.,0.,1.));
#110 = DIRECTION('',(1.,0.,-0.));
#111 = PCURVE('',#57,#112);
#112 = DEFINITIONAL_REPRESENTATION('',(#113),#117);
#113 = LINE('',#114,#115);
#114 = CARTESIAN_POINT('',(0.,0.));
#115 = VECTOR('',#116,1.);
#116 = DIRECTION('',(1.,0.));
#117 = ( GEOMETRIC_REPRESENTATION_CONTEXT(2) 
PARAMETRIC_REPRESENTATION_CONTEXT() REPRESENTATION_CONTEXT('2D SPACE',''
  ) );
#118 = PCURVE('',#119,#124);
#119 = PLANE('',#120);
#120 = AXIS2_PLACEMENT_3D('',#121,#122,#123);
#121 = CARTESIAN_POINT('',(0.,0.,0.));
#122 = DIRECTION('',(0.,0.,1.));
#123 = DIRECTION('',(1.,0.,-0.));
#124 = DEFINITIONAL_REPRESENTATION('',(#125),#129);
#125 = CIRCLE('',#126,14.);
#126 = AXIS2_PLACEMENT_2D('',#127,#128);
#127 = CARTESIAN_POINT('',(0.,0.));
#128 = DIRECTION('',(1.,0.));
#129 = ( GEOMETRIC_REPRESENTATION_CONTEXT(2) 
PARAMETRIC_REPRESENTATION_CONTEXT() REPRESENTATION_CONTEXT('2D SPACE',''
  ) );
#130 = ORIENTED_EDGE('',*,*,#81,.T.);
#131 = ADVANCED_FACE('',(#132,#135),#69,.T.);
#132 = FACE_BOUND('',#133,.T.);
#133 = EDGE_LOOP('',(#134));
#134 = ORIENTED_EDGE('',*,*,#47,.T.);
#135 = FACE_BOUND('',#136,.T.);
#136 = EDGE_LOOP('',(#137,#457,#672,#701));
#137 = ORIENTED_EDGE('',*,*,#138,.F.);
#138 = EDGE_CURVE('',#139,#141,#143,.T.);
#139 = VERTEX_POINT('',#140);
#140 = CARTESIAN_POINT('',(10.56550992617,6.1,2.15));
#141 = VERTEX_POINT('',#142);
#142 = CARTESIAN_POINT('',(0.918016718327,12.075017597323,2.15));
#143 = SURFACE_CURVE('',#144,(#244,#347),.PCURVE_S1.);
#144 = B_SPLINE_CURVE_WITH_KNOTS('',3,(#145,#146,#147,#148,#149,#150,
    #151,#152,#153,#154,#155,#156,#157,#158,#159,#160,#161,#162,#163,
    #164,#165,#166,#167,#168,#169,#170,#171,#172,#173,#174,#175,#176,
    #177,#178,#179,#180,#181,#182,#183,#184,#185,#186,#187,#188,#189,
    #190,#191,#192,#193,#194,#195,#196,#197,#198,#199,#200,#201,#202,
    #203,#204,#205,#206,#207,#208,#209,#210,#211,#212,#213,#214,#215,
    #216,#217,#218,#219,#220,#221,#222,#223,#224,#225,#226,#227,#228,
    #229,#230,#231,#232,#233,#234,#235,#236,#237,#238,#239,#240,#241,
    #242,#243),.UNSPECIFIED.,.T.,.F.,(1,1,2,1,1,1,1,1,1,1,1,1,1,1,1,1,1,
    1,1,1,1,1,1,1,1,1,1,1,1,1,1,1,1,1,1,1,1,1,1,1,1,1,1,1,1,1,1,1,1,1,1,
    1,1,1,1,1,1,1,1,1,1,1,1,1,1,1,1,1,1,1,1,1,1,1,1,1,1,1,1,1,1,1,1,1,1,
    1,1,1,1,1,1,1,1,1,1,1,1,1,2,1,1),(-1.610442328693,-0.798976257748,0.
    ,0.798976257748,1.610442328693,2.440188920274,3.283610270888,
    4.125697932496,4.943624617444,5.71054593964,6.397120745947,
    7.083695552254,7.85061687445,8.668543559398,9.510631221006,
    10.35405257162,11.183799163201,11.995265234146,12.794241491894,
    13.593217749642,14.404683820587,15.234430412168,16.077851762783,
    16.91993942439,17.737866109338,18.504787431534,19.191362237841,
    19.877937044148,20.644858366344,21.462785051292,22.3048727129,
    23.148294063514,23.978040655095,24.78950672604,25.588482983788,
    26.387459241536,27.198925312481,28.028671904062,28.872093254677,
    29.714180916284,30.532107601232,31.299028923428,31.985603729735,
    32.672178536042,33.439099858238,34.257026543186,35.099114204794,
    35.942535555408,36.772282146989,37.583748217934,38.382724475682,
    39.18170073343,39.993166804375,40.822913395956,41.666334746571,
    42.508422408179,43.326349093126,44.093270415322,44.779845221629,
    45.466420027936,46.233341350132,47.05126803508,47.893355696688,
    48.736777047302,49.566523638883,50.377989709828,51.176965967576,
    51.975942225324,52.78740829627,53.61715488785,54.460576238465,
    55.302663900073,56.12059058502,56.887511907216,57.574086713523,
    58.26066151983,59.027582842026,59.845509526974,60.687597188582,
    61.531018539196,62.360765130777,63.172231201723,63.97120745947,
    64.770183717218,65.581649788164,66.411396379744,67.254817730359,
    68.096905391967,68.914832076914,69.68175339911,70.368328205417,
    71.054903011724,71.82182433392,72.639751018868,73.481838680476,
    74.32526003109,75.155006622671,75.966472693617,76.765448951364,
    77.564425209112,78.375891280058),.UNSPECIFIED.);
#145 = CARTESIAN_POINT('',(10.698519520819,5.866905439635,2.15));
#146 = CARTESIAN_POINT('',(10.432500331521,6.333094560365,2.15));
#147 = CARTESIAN_POINT('',(10.107211317028,6.763982010029,2.15));
#148 = CARTESIAN_POINT('',(9.480728514772,7.29355502844,2.15));
#149 = CARTESIAN_POINT('',(8.749364973785,7.691892506579,2.15));
#150 = CARTESIAN_POINT('',(7.953472502144,7.965870426453,2.15));
#151 = CARTESIAN_POINT('',(7.13617886549,8.13651395259,2.15));
#152 = CARTESIAN_POINT('',(6.327089722061,8.226558610495,2.15));
#153 = CARTESIAN_POINT('',(5.59096947325,8.311526430994,2.15));
#154 = CARTESIAN_POINT('',(4.824857061216,8.356897612666,2.15));
#155 = CARTESIAN_POINT('',(4.402508502641,8.997684983885,2.15));
#156 = CARTESIAN_POINT('',(3.960862968095,9.592698899367,2.15));
#157 = CARTESIAN_POINT('',(3.47834204755,10.248372570036,2.15));
#158 = CARTESIAN_POINT('',(2.921895665398,10.870831318642,2.15));
#159 = CARTESIAN_POINT('',(2.286744625617,11.423167284348,2.15));
#160 = CARTESIAN_POINT('',(1.575848011502,11.857152474958,2.15));
#161 = CARTESIAN_POINT('',(0.804868228709,12.135732516515,2.15));
#162 = CARTESIAN_POINT('',(5.367714493039E-13,12.231884527953,2.15));
#163 = CARTESIAN_POINT('',(-0.804868228711,12.135732516524,2.15));
#164 = CARTESIAN_POINT('',(-1.575848011495,11.857152474924,2.15));
#165 = CARTESIAN_POINT('',(-2.286744625647,11.42316728448,2.15));
#166 = CARTESIAN_POINT('',(-2.921895665286,10.870831318142,2.15));
#167 = CARTESIAN_POINT('',(-3.478342047964,10.248372571875,2.15));
#168 = CARTESIAN_POINT('',(-3.960862966638,9.592698892897,2.15));
#169 = CARTESIAN_POINT('',(-4.402508507482,8.997685005391,2.15));
#170 = CARTESIAN_POINT('',(-4.82485704521,8.35689754156,2.15));
#171 = CARTESIAN_POINT('',(-5.590969536178,8.311526710552,2.15));
#172 = CARTESIAN_POINT('',(-6.327089448785,8.226557396466,2.15));
#173 = CARTESIAN_POINT('',(-7.13617997071,8.136518862526,2.15));
#174 = CARTESIAN_POINT('',(-7.953468249124,7.965851532416,2.15));
#175 = CARTESIAN_POINT('',(-8.749380747215,7.691962580017,2.15));
#176 = CARTESIAN_POINT('',(-9.480671254083,7.29330064792,2.15));
#177 = CARTESIAN_POINT('',(-10.10741853848,6.764902591025,2.15));
#178 = CARTESIAN_POINT('',(-10.59312273736,6.115942263975,2.15));
#179 = CARTESIAN_POINT('',(-10.91228676719,5.370829925499,2.15));
#180 = CARTESIAN_POINT('',(-11.05651926557,4.563851827005,2.15));
#181 = CARTESIAN_POINT('',(-11.03612537286,3.731204704462,2.15));
#182 = CARTESIAN_POINT('',(-10.8753639144,2.904979785726,2.15));
#183 = CARTESIAN_POINT('',(-10.61452201867,2.111853709349,2.15));
#184 = CARTESIAN_POINT('',(-10.28795241542,1.366141496431,2.15));
#185 = CARTESIAN_POINT('',(-9.99347804366,0.686158294839,2.15));
#186 = CARTESIAN_POINT('',(-9.64971409042,2.77008836383E-15,2.15));
#187 = CARTESIAN_POINT('',(-9.99347804366,-0.686158294839,2.15));
#188 = CARTESIAN_POINT('',(-10.28795241542,-1.366141496431,2.15));
#189 = CARTESIAN_POINT('',(-10.61452201867,-2.111853709349,2.15));
#190 = CARTESIAN_POINT('',(-10.8753639144,-2.904979785726,2.15));
#191 = CARTESIAN_POINT('',(-11.03612537286,-3.731204704462,2.15));
#192 = CARTESIAN_POINT('',(-11.05651926557,-4.563851827005,2.15));
#193 = CARTESIAN_POINT('',(-10.91228676719,-5.370829925499,2.15));
#194 = CARTESIAN_POINT('',(-10.59312273736,-6.115942263975,2.15));
#195 = CARTESIAN_POINT('',(-10.10741853848,-6.764902591025,2.15));
#196 = CARTESIAN_POINT('',(-9.480671254083,-7.29330064792,2.15));
#197 = CARTESIAN_POINT('',(-8.749380747215,-7.691962580017,2.15));
#198 = CARTESIAN_POINT('',(-7.953468249124,-7.965851532416,2.15));
#199 = CARTESIAN_POINT('',(-7.13617997071,-8.136518862526,2.15));
#200 = CARTESIAN_POINT('',(-6.327089448785,-8.226557396466,2.15));
#201 = CARTESIAN_POINT('',(-5.590969536178,-8.311526710552,2.15));
#202 = CARTESIAN_POINT('',(-4.82485704521,-8.35689754156,2.15));
#203 = CARTESIAN_POINT('',(-4.402508507482,-8.997685005391,2.15));
#204 = CARTESIAN_POINT('',(-3.960862966638,-9.592698892897,2.15));
#205 = CARTESIAN_POINT('',(-3.478342047964,-10.24837257187,2.15));
#206 = CARTESIAN_POINT('',(-2.921895665286,-10.87083131814,2.15));
#207 = CARTESIAN_POINT('',(-2.286744625647,-11.42316728448,2.15));
#208 = CARTESIAN_POINT('',(-1.575848011495,-11.85715247492,2.15));
#209 = CARTESIAN_POINT('',(-0.804868228711,-12.13573251652,2.15));
#210 = CARTESIAN_POINT('',(-1.190165439955E-15,-12.23188452795,2.15));
#211 = CARTESIAN_POINT('',(0.804868228711,-12.13573251652,2.15));
#212 = CARTESIAN_POINT('',(1.575848011495,-11.85715247492,2.15));
#213 = CARTESIAN_POINT('',(2.286744625647,-11.42316728448,2.15));
#214 = CARTESIAN_POINT('',(2.921895665286,-10.87083131814,2.15));
#215 = CARTESIAN_POINT('',(3.478342047964,-10.24837257187,2.15));
#216 = CARTESIAN_POINT('',(3.960862966638,-9.592698892897,2.15));
#217 = CARTESIAN_POINT('',(4.402508507482,-8.997685005391,2.15));
#218 = CARTESIAN_POINT('',(4.82485704521,-8.35689754156,2.15));
#219 = CARTESIAN_POINT('',(5.590969536178,-8.311526710552,2.15));
#220 = CARTESIAN_POINT('',(6.327089448785,-8.226557396466,2.15));
#221 = CARTESIAN_POINT('',(7.13617997071,-8.136518862526,2.15));
#222 = CARTESIAN_POINT('',(7.953468249124,-7.965851532416,2.15));
#223 = CARTESIAN_POINT('',(8.749380747215,-7.691962580017,2.15));
#224 = CARTESIAN_POINT('',(9.480671254083,-7.29330064792,2.15));
#225 = CARTESIAN_POINT('',(10.107418538487,-6.764902591024,2.15));
#226 = CARTESIAN_POINT('',(10.593122737363,-6.115942263978,2.15));
#227 = CARTESIAN_POINT('',(10.912286767201,-5.37082992549,2.15));
#228 = CARTESIAN_POINT('',(11.05651926557,-4.563851827039,2.15));
#229 = CARTESIAN_POINT('',(11.036125372892,-3.73120470433,2.15));
#230 = CARTESIAN_POINT('',(10.875363914297,-2.904979786226,2.15));
#231 = CARTESIAN_POINT('',(10.614522019087,-2.111853707511,2.15));
#232 = CARTESIAN_POINT('',(10.287952413967,-1.3661415029,2.15));
#233 = CARTESIAN_POINT('',(9.993478048501,-0.686158273333,2.15));
#234 = CARTESIAN_POINT('',(9.649714074414,-7.110546219318E-08,2.15));
#235 = CARTESIAN_POINT('',(9.993478106588,0.686158574397,2.15));
#236 = CARTESIAN_POINT('',(10.287952142147,1.366140282402,2.15));
#237 = CARTESIAN_POINT('',(10.614523123893,2.111858619285,2.15));
#238 = CARTESIAN_POINT('',(10.875359661389,2.904960891689,2.15));
#239 = CARTESIAN_POINT('',(11.036141146292,3.731274777901,2.15));
#240 = CARTESIAN_POINT('',(11.056462004888,4.563597446484,2.15));
#241 = CARTESIAN_POINT('',(10.912493988658,5.371750506496,2.15));
#242 = CARTESIAN_POINT('',(10.698519520819,5.866905439635,2.15));
#243 = CARTESIAN_POINT('',(10.432500331521,6.333094560365,2.15));
#244 = PCURVE('',#69,#245);
#245 = DEFINITIONAL_REPRESENTATION('',(#246),#346);
#246 = B_SPLINE_CURVE_WITH_KNOTS('',3,(#247,#248,#249,#250,#251,#252,
    #253,#254,#255,#256,#257,#258,#259,#260,#261,#262,#263,#264,#265,
    #266,#267,#268,#269,#270,#271,#272,#273,#274,#275,#276,#277,#278,
    #279,#280,#281,#282,#283,#284,#285,#286,#287,#288,#289,#290,#291,
    #292,#293,#294,#295,#296,#297,#298,#299,#300,#301,#302,#303,#304,
    #305,#306,#307,#308,#309,#310,#311,#312,#313,#314,#315,#316,#317,
    #318,#319,#320,#321,#322,#323,#324,#325,#326,#327,#328,#329,#330,
    #331,#332,#333,#334,#335,#336,#337,#338,#339,#340,#341,#342,#343,
    #344,#345),.UNSPECIFIED.,.F.,.F.,(1,1,2,1,1,1,1,1,1,1,1,1,1,1,1,1,1,
    1,1,1,1,1,1,1,1,1,1,1,1,1,1,1,1,1,1,1,1,1,1,1,1,1,1,1,1,1,1,1,1,1,1,
    1,1,1,1,1,1,1,1,1,1,1,1,1,1,1,1,1,1,1,1,1,1,1,1,1,1,1,1,1,1,1,1,1,1,
    1,1,1,1,1,1,1,1,1,1,1,1,1,2,1,1),(-1.610442328693,-0.798976257748,0.
    ,0.798976257748,1.610442328693,2.440188920274,3.283610270888,
    4.125697932496,4.943624617444,5.71054593964,6.397120745947,
    7.083695552254,7.85061687445,8.668543559398,9.510631221006,
    10.35405257162,11.183799163201,11.995265234146,12.794241491894,
    13.593217749642,14.404683820587,15.234430412168,16.077851762783,
    16.91993942439,17.737866109338,18.504787431534,19.191362237841,
    19.877937044148,20.644858366344,21.462785051292,22.3048727129,
    23.148294063514,23.978040655095,24.78950672604,25.588482983788,
    26.387459241536,27.198925312481,28.028671904062,28.872093254677,
    29.714180916284,30.532107601232,31.299028923428,31.985603729735,
    32.672178536042,33.439099858238,34.257026543186,35.099114204794,
    35.942535555408,36.772282146989,37.583748217934,38.382724475682,
    39.18170073343,39.993166804375,40.822913395956,41.666334746571,
    42.508422408179,43.326349093126,44.093270415322,44.779845221629,
    45.466420027936,46.233341350132,47.05126803508,47.893355696688,
    48.736777047302,49.566523638883,50.377989709828,51.176965967576,
    51.975942225324,52.78740829627,53.61715488785,54.460576238465,
    55.302663900073,56.12059058502,56.887511907216,57.574086713523,
    58.26066151983,59.027582842026,59.845509526974,60.687597188582,
    61.531018539196,62.360765130777,63.172231201723,63.97120745947,
    64.770183717218,65.581649788164,66.411396379744,67.254817730359,
    68.096905391967,68.914832076914,69.68175339911,70.368328205417,
    71.054903011724,71.82182433392,72.639751018868,73.481838680476,
    74.32526003109,75.155006622671,75.966472693617,76.765448951364,
    77.564425209112,78.375891280058),.UNSPECIFIED.);
#247 = CARTESIAN_POINT('',(10.698519520819,5.866905439635));
#248 = CARTESIAN_POINT('',(10.432500331521,6.333094560365));
#249 = CARTESIAN_POINT('',(10.107211317028,6.763982010029));
#250 = CARTESIAN_POINT('',(9.480728514772,7.29355502844));
#251 = CARTESIAN_POINT('',(8.749364973785,7.691892506579));
#252 = CARTESIAN_POINT('',(7.953472502144,7.965870426453));
#253 = CARTESIAN_POINT('',(7.13617886549,8.13651395259));
#254 = CARTESIAN_POINT('',(6.327089722061,8.226558610495));
#255 = CARTESIAN_POINT('',(5.59096947325,8.311526430994));
#256 = CARTESIAN_POINT('',(4.824857061216,8.356897612666));
#257 = CARTESIAN_POINT('',(4.402508502641,8.997684983885));
#258 = CARTESIAN_POINT('',(3.960862968095,9.592698899367));
#259 = CARTESIAN_POINT('',(3.47834204755,10.248372570036));
#260 = CARTESIAN_POINT('',(2.921895665398,10.870831318642));
#261 = CARTESIAN_POINT('',(2.286744625617,11.423167284348));
#262 = CARTESIAN_POINT('',(1.575848011502,11.857152474958));
#263 = CARTESIAN_POINT('',(0.804868228709,12.135732516515));
#264 = CARTESIAN_POINT('',(5.367714493039E-13,12.231884527953));
#265 = CARTESIAN_POINT('',(-0.804868228711,12.135732516524));
#266 = CARTESIAN_POINT('',(-1.575848011495,11.857152474924));
#267 = CARTESIAN_POINT('',(-2.286744625647,11.42316728448));
#268 = CARTESIAN_POINT('',(-2.921895665286,10.870831318142));
#269 = CARTESIAN_POINT('',(-3.478342047964,10.248372571875));
#270 = CARTESIAN_POINT('',(-3.960862966638,9.592698892897));
#271 = CARTESIAN_POINT('',(-4.402508507482,8.997685005391));
#272 = CARTESIAN_POINT('',(-4.82485704521,8.35689754156));
#273 = CARTESIAN_POINT('',(-5.590969536178,8.311526710552));
#274 = CARTESIAN_POINT('',(-6.327089448785,8.226557396466));
#275 = CARTESIAN_POINT('',(-7.13617997071,8.136518862526));
#276 = CARTESIAN_POINT('',(-7.953468249124,7.965851532416));
#277 = CARTESIAN_POINT('',(-8.749380747215,7.691962580017));
#278 = CARTESIAN_POINT('',(-9.480671254083,7.29330064792));
#279 = CARTESIAN_POINT('',(-10.10741853848,6.764902591025));
#280 = CARTESIAN_POINT('',(-10.59312273736,6.115942263975));
#281 = CARTESIAN_POINT('',(-10.91228676719,5.370829925499));
#282 = CARTESIAN_POINT('',(-11.05651926557,4.563851827005));
#283 = CARTESIAN_POINT('',(-11.03612537286,3.731204704462));
#284 = CARTESIAN_POINT('',(-10.8753639144,2.904979785726));
#285 = CARTESIAN_POINT('',(-10.61452201867,2.111853709349));
#286 = CARTESIAN_POINT('',(-10.28795241542,1.366141496431));
#287 = CARTESIAN_POINT('',(-9.99347804366,0.686158294839));
#288 = CARTESIAN_POINT('',(-9.64971409042,2.77008836383E-15));
#289 = CARTESIAN_POINT('',(-9.99347804366,-0.686158294839));
#290 = CARTESIAN_POINT('',(-10.28795241542,-1.366141496431));
#291 = CARTESIAN_POINT('',(-10.61452201867,-2.111853709349));
#292 = CARTESIAN_POINT('',(-10.8753639144,-2.904979785726));
#293 = CARTESIAN_POINT('',(-11.03612537286,-3.731204704462));
#294 = CARTESIAN_POINT('',(-11.05651926557,-4.563851827005));
#295 = CARTESIAN_POINT('',(-10.91228676719,-5.370829925499));
#296 = CARTESIAN_POINT('',(-10.59312273736,-6.115942263975));
#297 = CARTESIAN_POINT('',(-10.10741853848,-6.764902591025));
#298 = CARTESIAN_POINT('',(-9.480671254083,-7.29330064792));
#299 = CARTESIAN_POINT('',(-8.749380747215,-7.691962580017));
#300 = CARTESIAN_POINT('',(-7.953468249124,-7.965851532416));
#301 = CARTESIAN_POINT('',(-7.13617997071,-8.136518862526));
#302 = CARTESIAN_POINT('',(-6.327089448785,-8.226557396466));
#303 = CARTESIAN_POINT('',(-5.590969536178,-8.311526710552));
#304 = CARTESIAN_POINT('',(-4.82485704521,-8.35689754156));
#305 = CARTESIAN_POINT('',(-4.402508507482,-8.997685005391));
#306 = CARTESIAN_POINT('',(-3.960862966638,-9.592698892897));
#307 = CARTESIAN_POINT('',(-3.478342047964,-10.24837257187));
#308 = CARTESIAN_POINT('',(-2.921895665286,-10.87083131814));
#309 = CARTESIAN_POINT('',(-2.286744625647,-11.42316728448));
#310 = CARTESIAN_POINT('',(-1.575848011495,-11.85715247492));
#311 = CARTESIAN_POINT('',(-0.804868228711,-12.13573251652));
#312 = CARTESIAN_POINT('',(-1.190165439955E-15,-12.23188452795));
#313 = CARTESIAN_POINT('',(0.804868228711,-12.13573251652));
#314 = CARTESIAN_POINT('',(1.575848011495,-11.85715247492));
#315 = CARTESIAN_POINT('',(2.286744625647,-11.42316728448));
#316 = CARTESIAN_POINT('',(2.921895665286,-10.87083131814));
#317 = CARTESIAN_POINT('',(3.478342047964,-10.24837257187));
#318 = CARTESIAN_POINT('',(3.960862966638,-9.592698892897));
#319 = CARTESIAN_POINT('',(4.402508507482,-8.997685005391));
#320 = CARTESIAN_POINT('',(4.82485704521,-8.35689754156));
#321 = CARTESIAN_POINT('',(5.590969536178,-8.311526710552));
#322 = CARTESIAN_POINT('',(6.327089448785,-8.226557396466));
#323 = CARTESIAN_POINT('',(7.13617997071,-8.136518862526));
#324 = CARTESIAN_POINT('',(7.953468249124,-7.965851532416));
#325 = CARTESIAN_POINT('',(8.749380747215,-7.691962580017));
#326 = CARTESIAN_POINT('',(9.480671254083,-7.29330064792));
#327 = CARTESIAN_POINT('',(10.107418538487,-6.764902591024));
#328 = CARTESIAN_POINT('',(10.593122737363,-6.115942263978));
#329 = CARTESIAN_POINT('',(10.912286767201,-5.37082992549));
#330 = CARTESIAN_POINT('',(11.05651926557,-4.563851827039));
#331 = CARTESIAN_POINT('',(11.036125372892,-3.73120470433));
#332 = CARTESIAN_POINT('',(10.875363914297,-2.904979786226));
#333 = CARTESIAN_POINT('',(10.614522019087,-2.111853707511));
#334 = CARTESIAN_POINT('',(10.287952413967,-1.3661415029));
#335 = CARTESIAN_POINT('',(9.993478048501,-0.686158273333));
#336 = CARTESIAN_POINT('',(9.649714074414,-7.110546219318E-08));
#337 = CARTESIAN_POINT('',(9.993478106588,0.686158574397));
#338 = CARTESIAN_POINT('',(10.287952142147,1.366140282402));
#339 = CARTESIAN_POINT('',(10.614523123893,2.111858619285));
#340 = CARTESIAN_POINT('',(10.875359661389,2.904960891689));
#341 = CARTESIAN_POINT('',(11.036141146292,3.731274777901));
#342 = CARTESIAN_POINT('',(11.056462004888,4.563597446484));
#343 = CARTESIAN_POINT('',(10.912493988658,5.371750506496));
#344 = CARTESIAN_POINT('',(10.698519520819,5.866905439635));
#345 = CARTESIAN_POINT('',(10.432500331521,6.333094560365));
#346 = ( GEOMETRIC_REPRESENTATION_CONTEXT(2) 
PARAMETRIC_REPRESENTATION_CONTEXT() REPRESENTATION_CONTEXT('2D SPACE',''
  ) );
#347 = PCURVE('',#348,#451);
#348 = SURFACE_OF_LINEAR_EXTRUSION('',#349,#449);
#349 = B_SPLINE_CURVE_WITH_KNOTS('',3,(#350,#351,#352,#353,#354,#355,
    #356,#357,#358,#359,#360,#361,#362,#363,#364,#365,#366,#367,#368,
    #369,#370,#371,#372,#373,#374,#375,#376,#377,#378,#379,#380,#381,
    #382,#383,#384,#385,#386,#387,#388,#389,#390,#391,#392,#393,#394,
    #395,#396,#397,#398,#399,#400,#401,#402,#403,#404,#405,#406,#407,
    #408,#409,#410,#411,#412,#413,#414,#415,#416,#417,#418,#419,#420,
    #421,#422,#423,#424,#425,#426,#427,#428,#429,#430,#431,#432,#433,
    #434,#435,#436,#437,#438,#439,#440,#441,#442,#443,#444,#445,#446,
    #447,#448),.UNSPECIFIED.,.T.,.F.,(1,1,2,1,1,1,1,1,1,1,1,1,1,1,1,1,1,
    1,1,1,1,1,1,1,1,1,1,1,1,1,1,1,1,1,1,1,1,1,1,1,1,1,1,1,1,1,1,1,1,1,1,
    1,1,1,1,1,1,1,1,1,1,1,1,1,1,1,1,1,1,1,1,1,1,1,1,1,1,1,1,1,1,1,1,1,1,
    1,1,1,1,1,1,1,1,1,1,1,1,1,2,1,1),(-1.610442328693,-0.798976257748,0.
    ,0.798976257748,1.610442328693,2.440188920274,3.283610270888,
    4.125697932496,4.943624617444,5.71054593964,6.397120745947,
    7.083695552254,7.85061687445,8.668543559398,9.510631221006,
    10.35405257162,11.183799163201,11.995265234146,12.794241491894,
    13.593217749642,14.404683820587,15.234430412168,16.077851762783,
    16.91993942439,17.737866109338,18.504787431534,19.191362237841,
    19.877937044148,20.644858366344,21.462785051292,22.3048727129,
    23.148294063514,23.978040655095,24.78950672604,25.588482983788,
    26.387459241536,27.198925312481,28.028671904062,28.872093254677,
    29.714180916284,30.532107601232,31.299028923428,31.985603729735,
    32.672178536042,33.439099858238,34.257026543186,35.099114204794,
    35.942535555408,36.772282146989,37.583748217934,38.382724475682,
    39.18170073343,39.993166804375,40.822913395956,41.666334746571,
    42.508422408179,43.326349093126,44.093270415322,44.779845221629,
    45.466420027936,46.233341350132,47.05126803508,47.893355696688,
    48.736777047302,49.566523638883,50.377989709828,51.176965967576,
    51.975942225324,52.78740829627,53.61715488785,54.460576238465,
    55.302663900073,56.12059058502,56.887511907216,57.574086713523,
    58.26066151983,59.027582842026,59.845509526974,60.687597188582,
    61.531018539196,62.360765130777,63.172231201723,63.97120745947,
    64.770183717218,65.581649788164,66.411396379744,67.254817730359,
    68.096905391967,68.914832076914,69.68175339911,70.368328205417,
    71.054903011724,71.82182433392,72.639751018868,73.481838680476,
    74.32526003109,75.155006622671,75.966472693617,76.765448951364,
    77.564425209112,78.375891280058),.UNSPECIFIED.);
#350 = CARTESIAN_POINT('',(10.698519520819,5.866905439635,2.15));
#351 = CARTESIAN_POINT('',(10.432500331521,6.333094560365,2.15));
#352 = CARTESIAN_POINT('',(10.107211317028,6.763982010029,2.15));
#353 = CARTESIAN_POINT('',(9.480728514772,7.29355502844,2.15));
#354 = CARTESIAN_POINT('',(8.749364973785,7.691892506579,2.15));
#355 = CARTESIAN_POINT('',(7.953472502144,7.965870426453,2.15));
#356 = CARTESIAN_POINT('',(7.13617886549,8.13651395259,2.15));
#357 = CARTESIAN_POINT('',(6.327089722061,8.226558610495,2.15));
#358 = CARTESIAN_POINT('',(5.59096947325,8.311526430994,2.15));
#359 = CARTESIAN_POINT('',(4.824857061216,8.356897612666,2.15));
#360 = CARTESIAN_POINT('',(4.402508502641,8.997684983885,2.15));
#361 = CARTESIAN_POINT('',(3.960862968095,9.592698899367,2.15));
#362 = CARTESIAN_POINT('',(3.47834204755,10.248372570036,2.15));
#363 = CARTESIAN_POINT('',(2.921895665398,10.870831318642,2.15));
#364 = CARTESIAN_POINT('',(2.286744625617,11.423167284348,2.15));
#365 = CARTESIAN_POINT('',(1.575848011502,11.857152474958,2.15));
#366 = CARTESIAN_POINT('',(0.804868228709,12.135732516515,2.15));
#367 = CARTESIAN_POINT('',(5.367714493039E-13,12.231884527953,2.15));
#368 = CARTESIAN_POINT('',(-0.804868228711,12.135732516524,2.15));
#369 = CARTESIAN_POINT('',(-1.575848011495,11.857152474924,2.15));
#370 = CARTESIAN_POINT('',(-2.286744625647,11.42316728448,2.15));
#371 = CARTESIAN_POINT('',(-2.921895665286,10.870831318142,2.15));
#372 = CARTESIAN_POINT('',(-3.478342047964,10.248372571875,2.15));
#373 = CARTESIAN_POINT('',(-3.960862966638,9.592698892897,2.15));
#374 = CARTESIAN_POINT('',(-4.402508507482,8.997685005391,2.15));
#375 = CARTESIAN_POINT('',(-4.82485704521,8.35689754156,2.15));
#376 = CARTESIAN_POINT('',(-5.590969536178,8.311526710552,2.15));
#377 = CARTESIAN_POINT('',(-6.327089448785,8.226557396466,2.15));
#378 = CARTESIAN_POINT('',(-7.13617997071,8.136518862526,2.15));
#379 = CARTESIAN_POINT('',(-7.953468249124,7.965851532416,2.15));
#380 = CARTESIAN_POINT('',(-8.749380747215,7.691962580017,2.15));
#381 = CARTESIAN_POINT('',(-9.480671254083,7.29330064792,2.15));
#382 = CARTESIAN_POINT('',(-10.10741853848,6.764902591025,2.15));
#383 = CARTESIAN_POINT('',(-10.59312273736,6.115942263975,2.15));
#384 = CARTESIAN_POINT('',(-10.91228676719,5.370829925499,2.15));
#385 = CARTESIAN_POINT('',(-11.05651926557,4.563851827005,2.15));
#386 = CARTESIAN_POINT('',(-11.03612537286,3.731204704462,2.15));
#387 = CARTESIAN_POINT('',(-10.8753639144,2.904979785726,2.15));
#388 = CARTESIAN_POINT('',(-10.61452201867,2.111853709349,2.15));
#389 = CARTESIAN_POINT('',(-10.28795241542,1.366141496431,2.15));
#390 = CARTESIAN_POINT('',(-9.99347804366,0.686158294839,2.15));
#391 = CARTESIAN_POINT('',(-9.64971409042,2.77008836383E-15,2.15));
#392 = CARTESIAN_POINT('',(-9.99347804366,-0.686158294839,2.15));
#393 = CARTESIAN_POINT('',(-10.28795241542,-1.366141496431,2.15));
#394 = CARTESIAN_POINT('',(-10.61452201867,-2.111853709349,2.15));
#395 = CARTESIAN_POINT('',(-10.8753639144,-2.904979785726,2.15));
#396 = CARTESIAN_POINT('',(-11.03612537286,-3.731204704462,2.15));
#397 = CARTESIAN_POINT('',(-11.05651926557,-4.563851827005,2.15));
#398 = CARTESIAN_POINT('',(-10.91228676719,-5.370829925499,2.15));
#399 = CARTESIAN_POINT('',(-10.59312273736,-6.115942263975,2.15));
#400 = CARTESIAN_POINT('',(-10.10741853848,-6.764902591025,2.15));
#401 = CARTESIAN_POINT('',(-9.480671254083,-7.29330064792,2.15));
#402 = CARTESIAN_POINT('',(-8.749380747215,-7.691962580017,2.15));
#403 = CARTESIAN_POINT('',(-7.953468249124,-7.965851532416,2.15));
#404 = CARTESIAN_POINT('',(-7.13617997071,-8.136518862526,2.15));
#405 = CARTESIAN_POINT('',(-6.327089448785,-8.226557396466,2.15));
#406 = CARTESIAN_POINT('',(-5.590969536178,-8.311526710552,2.15));
#407 = CARTESIAN_POINT('',(-4.82485704521,-8.35689754156,2.15));
#408 = CARTESIAN_POINT('',(-4.402508507482,-8.997685005391,2.15));
#409 = CARTESIAN_POINT('',(-3.960862966638,-9.592698892897,2.15));
#410 = CARTESIAN_POINT('',(-3.478342047964,-10.24837257187,2.15));
#411 = CARTESIAN_POINT('',(-2.921895665286,-10.87083131814,2.15));
#412 = CARTESIAN_POINT('',(-2.286744625647,-11.42316728448,2.15));
#413 = CARTESIAN_POINT('',(-1.575848011495,-11.85715247492,2.15));
#414 = CARTESIAN_POINT('',(-0.804868228711,-12.13573251652,2.15));
#415 = CARTESIAN_POINT('',(-1.190165439955E-15,-12.23188452795,2.15));
#416 = CARTESIAN_POINT('',(0.804868228711,-12.13573251652,2.15));
#417 = CARTESIAN_POINT('',(1.575848011495,-11.85715247492,2.15));
#418 = CARTESIAN_POINT('',(2.286744625647,-11.42316728448,2.15));
#419 = CARTESIAN_POINT('',(2.921895665286,-10.87083131814,2.15));
#420 = CARTESIAN_POINT('',(3.478342047964,-10.24837257187,2.15));
#421 = CARTESIAN_POINT('',(3.960862966638,-9.592698892897,2.15));
#422 = CARTESIAN_POINT('',(4.402508507482,-8.997685005391,2.15));
#423 = CARTESIAN_POINT('',(4.82485704521,-8.35689754156,2.15));
#424 = CARTESIAN_POINT('',(5.590969536178,-8.311526710552,2.15));
#425 = CARTESIAN_POINT('',(6.327089448785,-8.226557396466,2.15));
#426 = CARTESIAN_POINT('',(7.13617997071,-8.136518862526,2.15));
#427 = CARTESIAN_POINT('',(7.953468249124,-7.965851532416,2.15));
#428 = CARTESIAN_POINT('',(8.749380747215,-7.691962580017,2.15));
#429 = CARTESIAN_POINT('',(9.480671254083,-7.29330064792,2.15));
#430 = CARTESIAN_POINT('',(10.107418538487,-6.764902591024,2.15));
#431 = CARTESIAN_POINT('',(10.593122737363,-6.115942263978,2.15));
#432 = CARTESIAN_POINT('',(10.912286767201,-5.37082992549,2.15));
#433 = CARTESIAN_POINT('',(11.05651926557,-4.563851827039,2.15));
#434 = CARTESIAN_POINT('',(11.036125372892,-3.73120470433,2.15));
#435 = CARTESIAN_POINT('',(10.875363914297,-2.904979786226,2.15));
#436 = CARTESIAN_POINT('',(10.614522019087,-2.111853707511,2.15));
#437 = CARTESIAN_POINT('',(10.287952413967,-1.3661415029,2.15));
#438 = CARTESIAN_POINT('',(9.993478048501,-0.686158273333,2.15));
#439 = CARTESIAN_POINT('',(9.649714074414,-7.110546219318E-08,2.15));
#440 = CARTESIAN_POINT('',(9.993478106588,0.686158574397,2.15));
#441 = CARTESIAN_POINT('',(10.287952142147,1.366140282402,2.15));
#442 = CARTESIAN_POINT('',(10.614523123893,2.111858619285,2.15));
#443 = CARTESIAN_POINT('',(10.875359661389,2.904960891689,2.15));
#444 = CARTESIAN_POINT('',(11.036141146292,3.731274777901,2.15));
#445 = CARTESIAN_POINT('',(11.056462004888,4.563597446484,2.15));
#446 = CARTESIAN_POINT('',(10.912493988658,5.371750506496,2.15));
#447 = CARTESIAN_POINT('',(10.698519520819,5.866905439635,2.15));
#448 = CARTESIAN_POINT('',(10.432500331521,6.333094560365,2.15));
#449 = VECTOR('',#450,1.);
#450 = DIRECTION('',(-0.,-0.,-1.));
#451 = DEFINITIONAL_REPRESENTATION('',(#452),#456);
#452 = LINE('',#453,#454);
#453 = CARTESIAN_POINT('',(0.,0.));
#454 = VECTOR('',#455,1.);
#455 = DIRECTION('',(1.,0.));
#456 = ( GEOMETRIC_REPRESENTATION_CONTEXT(2) 
PARAMETRIC_REPRESENTATION_CONTEXT() REPRESENTATION_CONTEXT('2D SPACE',''
  ) );
#457 = ORIENTED_EDGE('',*,*,#458,.F.);
#458 = EDGE_CURVE('',#459,#139,#461,.T.);
#459 = VERTEX_POINT('',#460);
#460 = CARTESIAN_POINT('',(-0.918016718327,12.07501759732,2.15));
#461 = SURFACE_CURVE('',#462,(#562,#665),.PCURVE_S1.);
#462 = B_SPLINE_CURVE_WITH_KNOTS('',3,(#463,#464,#465,#466,#467,#468,
    #469,#470,#471,#472,#473,#474,#475,#476,#477,#478,#479,#480,#481,
    #482,#483,#484,#485,#486,#487,#488,#489,#490,#491,#492,#493,#494,
    #495,#496,#497,#498,#499,#500,#501,#502,#503,#504,#505,#506,#507,
    #508,#509,#510,#511,#512,#513,#514,#515,#516,#517,#518,#519,#520,
    #521,#522,#523,#524,#525,#526,#527,#528,#529,#530,#531,#532,#533,
    #534,#535,#536,#537,#538,#539,#540,#541,#542,#543,#544,#545,#546,
    #547,#548,#549,#550,#551,#552,#553,#554,#555,#556,#557,#558,#559,
    #560,#561),.UNSPECIFIED.,.T.,.F.,(1,1,2,1,1,1,1,1,1,1,1,1,1,1,1,1,1,
    1,1,1,1,1,1,1,1,1,1,1,1,1,1,1,1,1,1,1,1,1,1,1,1,1,1,1,1,1,1,1,1,1,1,
    1,1,1,1,1,1,1,1,1,1,1,1,1,1,1,1,1,1,1,1,1,1,1,1,1,1,1,1,1,1,1,1,1,1,
    1,1,1,1,1,1,1,1,1,1,1,1,1,2,1,1),(-1.610442328693,-0.798976257748,0.
    ,0.798976257748,1.610442328693,2.440188920274,3.283610270888,
    4.125697932496,4.943624617444,5.71054593964,6.397120745947,
    7.083695552254,7.85061687445,8.668543559398,9.510631221006,
    10.35405257162,11.183799163201,11.995265234146,12.794241491894,
    13.593217749642,14.404683820587,15.234430412168,16.077851762783,
    16.91993942439,17.737866109338,18.504787431534,19.191362237841,
    19.877937044148,20.644858366344,21.462785051292,22.3048727129,
    23.148294063514,23.978040655095,24.78950672604,25.588482983788,
    26.387459241536,27.198925312481,28.028671904062,28.872093254677,
    29.714180916284,30.532107601232,31.299028923428,31.985603729735,
    32.672178536042,33.439099858238,34.257026543186,35.099114204794,
    35.942535555408,36.772282146989,37.583748217934,38.382724475682,
    39.18170073343,39.993166804375,40.822913395956,41.666334746571,
    42.508422408179,43.326349093126,44.093270415322,44.779845221629,
    45.466420027936,46.233341350132,47.05126803508,47.893355696688,
    48.736777047302,49.566523638883,50.377989709828,51.176965967576,
    51.975942225324,52.78740829627,53.61715488785,54.460576238465,
    55.302663900073,56.12059058502,56.887511907216,57.574086713523,
    58.26066151983,59.027582842026,59.845509526974,60.687597188582,
    61.531018539196,62.360765130777,63.172231201723,63.97120745947,
    64.770183717218,65.581649788164,66.411396379744,67.254817730359,
    68.096905391967,68.914832076914,69.68175339911,70.368328205417,
    71.054903011724,71.82182433392,72.639751018868,73.481838680476,
    74.32526003109,75.155006622671,75.966472693617,76.765448951364,
    77.564425209112,78.375891280058),.UNSPECIFIED.);
#463 = CARTESIAN_POINT('',(10.698519520819,5.866905439635,2.15));
#464 = CARTESIAN_POINT('',(10.432500331521,6.333094560365,2.15));
#465 = CARTESIAN_POINT('',(10.107211317028,6.763982010029,2.15));
#466 = CARTESIAN_POINT('',(9.480728514772,7.29355502844,2.15));
#467 = CARTESIAN_POINT('',(8.749364973785,7.691892506579,2.15));
#468 = CARTESIAN_POINT('',(7.953472502144,7.965870426453,2.15));
#469 = CARTESIAN_POINT('',(7.13617886549,8.13651395259,2.15));
#470 = CARTESIAN_POINT('',(6.327089722061,8.226558610495,2.15));
#471 = CARTESIAN_POINT('',(5.59096947325,8.311526430994,2.15));
#472 = CARTESIAN_POINT('',(4.824857061216,8.356897612666,2.15));
#473 = CARTESIAN_POINT('',(4.402508502641,8.997684983885,2.15));
#474 = CARTESIAN_POINT('',(3.960862968095,9.592698899367,2.15));
#475 = CARTESIAN_POINT('',(3.47834204755,10.248372570036,2.15));
#476 = CARTESIAN_POINT('',(2.921895665398,10.870831318642,2.15));
#477 = CARTESIAN_POINT('',(2.286744625617,11.423167284348,2.15));
#478 = CARTESIAN_POINT('',(1.575848011502,11.857152474958,2.15));
#479 = CARTESIAN_POINT('',(0.804868228709,12.135732516515,2.15));
#480 = CARTESIAN_POINT('',(5.367714493039E-13,12.231884527953,2.15));
#481 = CARTESIAN_POINT('',(-0.804868228711,12.135732516524,2.15));
#482 = CARTESIAN_POINT('',(-1.575848011495,11.857152474924,2.15));
#483 = CARTESIAN_POINT('',(-2.286744625647,11.42316728448,2.15));
#484 = CARTESIAN_POINT('',(-2.921895665286,10.870831318142,2.15));
#485 = CARTESIAN_POINT('',(-3.478342047964,10.248372571875,2.15));
#486 = CARTESIAN_POINT('',(-3.960862966638,9.592698892897,2.15));
#487 = CARTESIAN_POINT('',(-4.402508507482,8.997685005391,2.15));
#488 = CARTESIAN_POINT('',(-4.82485704521,8.35689754156,2.15));
#489 = CARTESIAN_POINT('',(-5.590969536178,8.311526710552,2.15));
#490 = CARTESIAN_POINT('',(-6.327089448785,8.226557396466,2.15));
#491 = CARTESIAN_POINT('',(-7.13617997071,8.136518862526,2.15));
#492 = CARTESIAN_POINT('',(-7.953468249124,7.965851532416,2.15));
#493 = CARTESIAN_POINT('',(-8.749380747215,7.691962580017,2.15));
#494 = CARTESIAN_POINT('',(-9.480671254083,7.29330064792,2.15));
#495 = CARTESIAN_POINT('',(-10.10741853848,6.764902591025,2.15));
#496 = CARTESIAN_POINT('',(-10.59312273736,6.115942263975,2.15));
#497 = CARTESIAN_POINT('',(-10.91228676719,5.370829925499,2.15));
#498 = CARTESIAN_POINT('',(-11.05651926557,4.563851827005,2.15));
#499 = CARTESIAN_POINT('',(-11.03612537286,3.731204704462,2.15));
#500 = CARTESIAN_POINT('',(-10.8753639144,2.904979785726,2.15));
#501 = CARTESIAN_POINT('',(-10.61452201867,2.111853709349,2.15));
#502 = CARTESIAN_POINT('',(-10.28795241542,1.366141496431,2.15));
#503 = CARTESIAN_POINT('',(-9.99347804366,0.686158294839,2.15));
#504 = CARTESIAN_POINT('',(-9.64971409042,2.77008836383E-15,2.15));
#505 = CARTESIAN_POINT('',(-9.99347804366,-0.686158294839,2.15));
#506 = CARTESIAN_POINT('',(-10.28795241542,-1.366141496431,2.15));
#507 = CARTESIAN_POINT('',(-10.61452201867,-2.111853709349,2.15));
#508 = CARTESIAN_POINT('',(-10.8753639144,-2.904979785726,2.15));
#509 = CARTESIAN_POINT('',(-11.03612537286,-3.731204704462,2.15));
#510 = CARTESIAN_POINT('',(-11.05651926557,-4.563851827005,2.15));
#511 = CARTESIAN_POINT('',(-10.91228676719,-5.370829925499,2.15));
#512 = CARTESIAN_POINT('',(-10.59312273736,-6.115942263975,2.15));
#513 = CARTESIAN_POINT('',(-10.10741853848,-6.764902591025,2.15));
#514 = CARTESIAN_POINT('',(-9.480671254083,-7.29330064792,2.15));
#515 = CARTESIAN_POINT('',(-8.749380747215,-7.691962580017,2.15));
#516 = CARTESIAN_POINT('',(-7.953468249124,-7.965851532416,2.15));
#517 = CARTESIAN_POINT('',(-7.13617997071,-8.136518862526,2.15));
#518 = CARTESIAN_POINT('',(-6.327089448785,-8.226557396466,2.15));
#519 = CARTESIAN_POINT('',(-5.590969536178,-8.311526710552,2.15));
#520 = CARTESIAN_POINT('',(-4.82485704521,-8.35689754156,2.15));
#521 = CARTESIAN_POINT('',(-4.402508507482,-8.997685005391,2.15));
#522 = CARTESIAN_POINT('',(-3.960862966638,-9.592698892897,2.15));
#523 = CARTESIAN_POINT('',(-3.478342047964,-10.24837257187,2.15));
#524 = CARTESIAN_POINT('',(-2.921895665286,-10.87083131814,2.15));
#525 = CARTESIAN_POINT('',(-2.286744625647,-11.42316728448,2.15));
#526 = CARTESIAN_POINT('',(-1.575848011495,-11.85715247492,2.15));
#527 = CARTESIAN_POINT('',(-0.804868228711,-12.13573251652,2.15));
#528 = CARTESIAN_POINT('',(-1.190165439955E-15,-12.23188452795,2.15));
#529 = CARTESIAN_POINT('',(0.804868228711,-12.13573251652,2.15));
#530 = CARTESIAN_POINT('',(1.575848011495,-11.85715247492,2.15));
#531 = CARTESIAN_POINT('',(2.286744625647,-11.42316728448,2.15));
#532 = CARTESIAN_POINT('',(2.921895665286,-10.87083131814,2.15));
#533 = CARTESIAN_POINT('',(3.478342047964,-10.24837257187,2.15));
#534 = CARTESIAN_POINT('',(3.960862966638,-9.592698892897,2.15));
#535 = CARTESIAN_POINT('',(4.402508507482,-8.997685005391,2.15));
#536 = CARTESIAN_POINT('',(4.82485704521,-8.35689754156,2.15));
#537 = CARTESIAN_POINT('',(5.590969536178,-8.311526710552,2.15));
#538 = CARTESIAN_POINT('',(6.327089448785,-8.226557396466,2.15));
#539 = CARTESIAN_POINT('',(7.13617997071,-8.136518862526,2.15));
#540 = CARTESIAN_POINT('',(7.953468249124,-7.965851532416,2.15));
#541 = CARTESIAN_POINT('',(8.749380747215,-7.691962580017,2.15));
#542 = CARTESIAN_POINT('',(9.480671254083,-7.29330064792,2.15));
#543 = CARTESIAN_POINT('',(10.107418538487,-6.764902591024,2.15));
#544 = CARTESIAN_POINT('',(10.593122737363,-6.115942263978,2.15));
#545 = CARTESIAN_POINT('',(10.912286767201,-5.37082992549,2.15));
#546 = CARTESIAN_POINT('',(11.05651926557,-4.563851827039,2.15));
#547 = CARTESIAN_POINT('',(11.036125372892,-3.73120470433,2.15));
#548 = CARTESIAN_POINT('',(10.875363914297,-2.904979786226,2.15));
#549 = CARTESIAN_POINT('',(10.614522019087,-2.111853707511,2.15));
#550 = CARTESIAN_POINT('',(10.287952413967,-1.3661415029,2.15));
#551 = CARTESIAN_POINT('',(9.993478048501,-0.686158273333,2.15));
#552 = CARTESIAN_POINT('',(9.649714074414,-7.110546219318E-08,2.15));
#553 = CARTESIAN_POINT('',(9.993478106588,0.686158574397,2.15));
#554 = CARTESIAN_POINT('',(10.287952142147,1.366140282402,2.15));
#555 = CARTESIAN_POINT('',(10.614523123893,2.111858619285,2.15));
#556 = CARTESIAN_POINT('',(10.875359661389,2.904960891689,2.15));
#557 = CARTESIAN_POINT('',(11.036141146292,3.731274777901,2.15));
#558 = CARTESIAN_POINT('',(11.056462004888,4.563597446484,2.15));
#559 = CARTESIAN_POINT('',(10.912493988658,5.371750506496,2.15));
#560 = CARTESIAN_POINT('',(10.698519520819,5.866905439635,2.15));
#561 = CARTESIAN_POINT('',(10.432500331521,6.333094560365,2.15));
#562 = PCURVE('',#69,#563);
#563 = DEFINITIONAL_REPRESENTATION('',(#564),#664);
#564 = B_SPLINE_CURVE_WITH_KNOTS('',3,(#565,#566,#567,#568,#569,#570,
    #571,#572,#573,#574,#575,#576,#577,#578,#579,#580,#581,#582,#583,
    #584,#585,#586,#587,#588,#589,#590,#591,#592,#593,#594,#595,#596,
    #597,#598,#599,#600,#601,#602,#603,#604,#605,#606,#607,#608,#609,
    #610,#611,#612,#613,#614,#615,#616,#617,#618,#619,#620,#621,#622,
    #623,#624,#625,#626,#627,#628,#629,#630,#631,#632,#633,#634,#635,
    #636,#637,#638,#639,#640,#641,#642,#643,#644,#645,#646,#647,#648,
    #649,#650,#651,#652,#653,#654,#655,#656,#657,#658,#659,#660,#661,
    #662,#663),.UNSPECIFIED.,.F.,.F.,(1,1,2,1,1,1,1,1,1,1,1,1,1,1,1,1,1,
    1,1,1,1,1,1,1,1,1,1,1,1,1,1,1,1,1,1,1,1,1,1,1,1,1,1,1,1,1,1,1,1,1,1,
    1,1,1,1,1,1,1,1,1,1,1,1,1,1,1,1,1,1,1,1,1,1,1,1,1,1,1,1,1,1,1,1,1,1,
    1,1,1,1,1,1,1,1,1,1,1,1,1,2,1,1),(-1.610442328693,-0.798976257748,0.
    ,0.798976257748,1.610442328693,2.440188920274,3.283610270888,
    4.125697932496,4.943624617444,5.71054593964,6.397120745947,
    7.083695552254,7.85061687445,8.668543559398,9.510631221006,
    10.35405257162,11.183799163201,11.995265234146,12.794241491894,
    13.593217749642,14.404683820587,15.234430412168,16.077851762783,
    16.91993942439,17.737866109338,18.504787431534,19.191362237841,
    19.877937044148,20.644858366344,21.462785051292,22.3048727129,
    23.148294063514,23.978040655095,24.78950672604,25.588482983788,
    26.387459241536,27.198925312481,28.028671904062,28.872093254677,
    29.714180916284,30.532107601232,31.299028923428,31.985603729735,
    32.672178536042,33.439099858238,34.257026543186,35.099114204794,
    35.942535555408,36.772282146989,37.583748217934,38.382724475682,
    39.18170073343,39.993166804375,40.822913395956,41.666334746571,
    42.508422408179,43.326349093126,44.093270415322,44.779845221629,
    45.466420027936,46.233341350132,47.05126803508,47.893355696688,
    48.736777047302,49.566523638883,50.377989709828,51.176965967576,
    51.975942225324,52.78740829627,53.61715488785,54.460576238465,
    55.302663900073,56.12059058502,56.887511907216,57.574086713523,
    58.26066151983,59.027582842026,59.845509526974,60.687597188582,
    61.531018539196,62.360765130777,63.172231201723,63.97120745947,
    64.770183717218,65.581649788164,66.411396379744,67.254817730359,
    68.096905391967,68.914832076914,69.68175339911,70.368328205417,
    71.054903011724,71.82182433392,72.639751018868,73.481838680476,
    74.32526003109,75.155006622671,75.966472693617,76.765448951364,
    77.564425209112,78.375891280058),.UNSPECIFIED.);
#565 = CARTESIAN_POINT('',(10.698519520819,5.866905439635));
#566 = CARTESIAN_POINT('',(10.432500331521,6.333094560365));
#567 = CARTESIAN_POINT('',(10.107211317028,6.763982010029));
#568 = CARTESIAN_POINT('',(9.480728514772,7.29355502844));
#569 = CARTESIAN_POINT('',(8.749364973785,7.691892506579));
#570 = CARTESIAN_POINT('',(7.953472502144,7.965870426453));
#571 = CARTESIAN_POINT('',(7.13617886549,8.13651395259));
#572 = CARTESIAN_POINT('',(6.327089722061,8.226558610495));
#573 = CARTESIAN_POINT('',(5.59096947325,8.311526430994));
#574 = CARTESIAN_POINT('',(4.824857061216,8.356897612666));
#575 = CARTESIAN_POINT('',(4.402508502641,8.997684983885));
#576 = CARTESIAN_POINT('',(3.960862968095,9.592698899367));
#577 = CARTESIAN_POINT('',(3.47834204755,10.248372570036));
#578 = CARTESIAN_POINT('',(2.921895665398,10.870831318642));
#579 = CARTESIAN_POINT('',(2.286744625617,11.423167284348));
#580 = CARTESIAN_POINT('',(1.575848011502,11.857152474958));
#581 = CARTESIAN_POINT('',(0.804868228709,12.135732516515));
#582 = CARTESIAN_POINT('',(5.367714493039E-13,12.231884527953));
#583 = CARTESIAN_POINT('',(-0.804868228711,12.135732516524));
#584 = CARTESIAN_POINT('',(-1.575848011495,11.857152474924));
#585 = CARTESIAN_POINT('',(-2.286744625647,11.42316728448));
#586 = CARTESIAN_POINT('',(-2.921895665286,10.870831318142));
#587 = CARTESIAN_POINT('',(-3.478342047964,10.248372571875));
#588 = CARTESIAN_POINT('',(-3.960862966638,9.592698892897));
#589 = CARTESIAN_POINT('',(-4.402508507482,8.997685005391));
#590 = CARTESIAN_POINT('',(-4.82485704521,8.35689754156));
#591 = CARTESIAN_POINT('',(-5.590969536178,8.311526710552));
#592 = CARTESIAN_POINT('',(-6.327089448785,8.226557396466));
#593 = CARTESIAN_POINT('',(-7.13617997071,8.136518862526));
#594 = CARTESIAN_POINT('',(-7.953468249124,7.965851532416));
#595 = CARTESIAN_POINT('',(-8.749380747215,7.691962580017));
#596 = CARTESIAN_POINT('',(-9.480671254083,7.29330064792));
#597 = CARTESIAN_POINT('',(-10.10741853848,6.764902591025));
#598 = CARTESIAN_POINT('',(-10.59312273736,6.115942263975));
#599 = CARTESIAN_POINT('',(-10.91228676719,5.370829925499));
#600 = CARTESIAN_POINT('',(-11.05651926557,4.563851827005));
#601 = CARTESIAN_POINT('',(-11.03612537286,3.731204704462));
#602 = CARTESIAN_POINT('',(-10.8753639144,2.904979785726));
#603 = CARTESIAN_POINT('',(-10.61452201867,2.111853709349));
#604 = CARTESIAN_POINT('',(-10.28795241542,1.366141496431));
#605 = CARTESIAN_POINT('',(-9.99347804366,0.686158294839));
#606 = CARTESIAN_POINT('',(-9.64971409042,2.77008836383E-15));
#607 = CARTESIAN_POINT('',(-9.99347804366,-0.686158294839));
#608 = CARTESIAN_POINT('',(-10.28795241542,-1.366141496431));
#609 = CARTESIAN_POINT('',(-10.61452201867,-2.111853709349));
#610 = CARTESIAN_POINT('',(-10.8753639144,-2.904979785726));
#611 = CARTESIAN_POINT('',(-11.03612537286,-3.731204704462));
#612 = CARTESIAN_POINT('',(-11.05651926557,-4.563851827005));
#613 = CARTESIAN_POINT('',(-10.91228676719,-5.370829925499));
#614 = CARTESIAN_POINT('',(-10.59312273736,-6.115942263975));
#615 = CARTESIAN_POINT('',(-10.10741853848,-6.764902591025));
#616 = CARTESIAN_POINT('',(-9.480671254083,-7.29330064792));
#617 = CARTESIAN_POINT('',(-8.749380747215,-7.691962580017));
#618 = CARTESIAN_POINT('',(-7.953468249124,-7.965851532416));
#619 = CARTESIAN_POINT('',(-7.13617997071,-8.136518862526));
#620 = CARTESIAN_POINT('',(-6.327089448785,-8.226557396466));
#621 = CARTESIAN_POINT('',(-5.590969536178,-8.311526710552));
#622 = CARTESIAN_POINT('',(-4.82485704521,-8.35689754156));
#623 = CARTESIAN_POINT('',(-4.402508507482,-8.997685005391));
#624 = CARTESIAN_POINT('',(-3.960862966638,-9.592698892897));
#625 = CARTESIAN_POINT('',(-3.478342047964,-10.24837257187));
#626 = CARTESIAN_POINT('',(-2.921895665286,-10.87083131814));
#627 = CARTESIAN_POINT('',(-2.286744625647,-11.42316728448));
#628 = CARTESIAN_POINT('',(-1.575848011495,-11.85715247492));
#629 = CARTESIAN_POINT('',(-0.804868228711,-12.13573251652));
#630 = CARTESIAN_POINT('',(-1.190165439955E-15,-12.23188452795));
#631 = CARTESIAN_POINT('',(0.804868228711,-12.13573251652));
#632 = CARTESIAN_POINT('',(1.575848011495,-11.85715247492));
#633 = CARTESIAN_POINT('',(2.286744625647,-11.42316728448));
#634 = CARTESIAN_POINT('',(2.921895665286,-10.87083131814));
#635 = CARTESIAN_POINT('',(3.478342047964,-10.24837257187));
#636 = CARTESIAN_POINT('',(3.960862966638,-9.592698892897));
#637 = CARTESIAN_POINT('',(4.402508507482,-8.997685005391));
#638 = CARTESIAN_POINT('',(4.82485704521,-8.35689754156));
#639 = CARTESIAN_POINT('',(5.590969536178,-8.311526710552));
#640 = CARTESIAN_POINT('',(6.327089448785,-8.226557396466));
#641 = CARTESIAN_POINT('',(7.13617997071,-8.136518862526));
#642 = CARTESIAN_POINT('',(7.953468249124,-7.965851532416));
#643 = CARTESIAN_POINT('',(8.749380747215,-7.691962580017));
#644 = CARTESIAN_POINT('',(9.480671254083,-7.29330064792));
#645 = CARTESIAN_POINT('',(10.107418538487,-6.764902591024));
#646 = CARTESIAN_POINT('',(10.593122737363,-6.115942263978));
#647 = CARTESIAN_POINT('',(10.912286767201,-5.37082992549));
#648 = CARTESIAN_POINT('',(11.05651926557,-4.563851827039));
#649 = CARTESIAN_POINT('',(11.036125372892,-3.73120470433));
#650 = CARTESIAN_POINT('',(10.875363914297,-2.904979786226));
#651 = CARTESIAN_POINT('',(10.614522019087,-2.111853707511));
#652 = CARTESIAN_POINT('',(10.287952413967,-1.3661415029));
#653 = CARTESIAN_POINT('',(9.993478048501,-0.686158273333));
#654 = CARTESIAN_POINT('',(9.649714074414,-7.110546219318E-08));
#655 = CARTESIAN_POINT('',(9.993478106588,0.686158574397));
#656 = CARTESIAN_POINT('',(10.287952142147,1.366140282402));
#657 = CARTESIAN_POINT('',(10.614523123893,2.111858619285));
#658 = CARTESIAN_POINT('',(10.875359661389,2.904960891689));
#659 = CARTESIAN_POINT('',(11.036141146292,3.731274777901));
#660 = CARTESIAN_POINT('',(11.056462004888,4.563597446484));
#661 = CARTESIAN_POINT('',(10.912493988658,5.371750506496));
#662 = CARTESIAN_POINT('',(10.698519520819,5.866905439635));
#663 = CARTESIAN_POINT('',(10.432500331521,6.333094560365));
#664 = ( GEOMETRIC_REPRESENTATION_CONTEXT(2) 
PARAMETRIC_REPRESENTATION_CONTEXT() REPRESENTATION_CONTEXT('2D SPACE',''
  ) );
#665 = PCURVE('',#348,#666);
#666 = DEFINITIONAL_REPRESENTATION('',(#667),#671);
#667 = LINE('',#668,#669);
#668 = CARTESIAN_POINT('',(0.,0.));
#669 = VECTOR('',#670,1.);
#670 = DIRECTION('',(1.,0.));
#671 = ( GEOMETRIC_REPRESENTATION_CONTEXT(2) 
PARAMETRIC_REPRESENTATION_CONTEXT() REPRESENTATION_CONTEXT('2D SPACE',''
  ) );
#672 = ORIENTED_EDGE('',*,*,#673,.F.);
#673 = EDGE_CURVE('',#674,#459,#676,.T.);
#674 = VERTEX_POINT('',#675);
#675 = CARTESIAN_POINT('',(1.681150979951E-15,13.104,2.15));
#676 = SURFACE_CURVE('',#677,(#682,#689),.PCURVE_S1.);
#677 = CIRCLE('',#678,0.924);
#678 = AXIS2_PLACEMENT_3D('',#679,#680,#681);
#679 = CARTESIAN_POINT('',(1.352251643993E-15,12.18,2.15));
#680 = DIRECTION('',(0.,0.,1.));
#681 = DIRECTION('',(1.110223024625E-16,1.,-0.));
#682 = PCURVE('',#69,#683);
#683 = DEFINITIONAL_REPRESENTATION('',(#684),#688);
#684 = CIRCLE('',#685,0.924);
#685 = AXIS2_PLACEMENT_2D('',#686,#687);
#686 = CARTESIAN_POINT('',(1.352251643993E-15,12.18));
#687 = DIRECTION('',(1.110223024625E-16,1.));
#688 = ( GEOMETRIC_REPRESENTATION_CONTEXT(2) 
PARAMETRIC_REPRESENTATION_CONTEXT() REPRESENTATION_CONTEXT('2D SPACE',''
  ) );
#689 = PCURVE('',#690,#695);
#690 = CYLINDRICAL_SURFACE('',#691,0.924);
#691 = AXIS2_PLACEMENT_3D('',#692,#693,#694);
#692 = CARTESIAN_POINT('',(1.352251643993E-15,12.18,1.79));
#693 = DIRECTION('',(0.,0.,1.));
#694 = DIRECTION('',(1.110223024625E-16,1.,0.));
#695 = DEFINITIONAL_REPRESENTATION('',(#696),#700);
#696 = LINE('',#697,#698);
#697 = CARTESIAN_POINT('',(0.,0.36));
#698 = VECTOR('',#699,1.);
#699 = DIRECTION('',(1.,0.));
#700 = ( GEOMETRIC_REPRESENTATION_CONTEXT(2) 
PARAMETRIC_REPRESENTATION_CONTEXT() REPRESENTATION_CONTEXT('2D SPACE',''
  ) );
#701 = ORIENTED_EDGE('',*,*,#702,.F.);
#702 = EDGE_CURVE('',#141,#674,#703,.T.);
#703 = SURFACE_CURVE('',#704,(#709,#716),.PCURVE_S1.);
#704 = CIRCLE('',#705,0.924);
#705 = AXIS2_PLACEMENT_3D('',#706,#707,#708);
#706 = CARTESIAN_POINT('',(1.352251643993E-15,12.18,2.15));
#707 = DIRECTION('',(0.,0.,1.));
#708 = DIRECTION('',(1.110223024625E-16,1.,-0.));
#709 = PCURVE('',#69,#710);
#710 = DEFINITIONAL_REPRESENTATION('',(#711),#715);
#711 = CIRCLE('',#712,0.924);
#712 = AXIS2_PLACEMENT_2D('',#713,#714);
#713 = CARTESIAN_POINT('',(1.352251643993E-15,12.18));
#714 = DIRECTION('',(1.110223024625E-16,1.));
#715 = ( GEOMETRIC_REPRESENTATION_CONTEXT(2) 
PARAMETRIC_REPRESENTATION_CONTEXT() REPRESENTATION_CONTEXT('2D SPACE',''
  ) );
#716 = PCURVE('',#690,#717);
#717 = DEFINITIONAL_REPRESENTATION('',(#718),#722);
#718 = LINE('',#719,#720);
#719 = CARTESIAN_POINT('',(0.,0.36));
#720 = VECTOR('',#721,1.);
#721 = DIRECTION('',(1.,0.));
#722 = ( GEOMETRIC_REPRESENTATION_CONTEXT(2) 
PARAMETRIC_REPRESENTATION_CONTEXT() REPRESENTATION_CONTEXT('2D SPACE',''
  ) );
#723 = ADVANCED_FACE('',(#724,#727),#119,.F.);
#724 = FACE_BOUND('',#725,.F.);
#725 = EDGE_LOOP('',(#726));
#726 = ORIENTED_EDGE('',*,*,#104,.T.);
#727 = FACE_BOUND('',#728,.F.);
#728 = EDGE_LOOP('',(#729));
#729 = ORIENTED_EDGE('',*,*,#730,.F.);
#730 = EDGE_CURVE('',#731,#731,#733,.T.);
#731 = VERTEX_POINT('',#732);
#732 = CARTESIAN_POINT('',(3.2,-7.837739514543E-16,0.));
#733 = SURFACE_CURVE('',#734,(#739,#746),.PCURVE_S1.);
#734 = CIRCLE('',#735,3.2);
#735 = AXIS2_PLACEMENT_3D('',#736,#737,#738);
#736 = CARTESIAN_POINT('',(0.,0.,0.));
#737 = DIRECTION('',(0.,0.,1.));
#738 = DIRECTION('',(1.,0.,-0.));
#739 = PCURVE('',#119,#740);
#740 = DEFINITIONAL_REPRESENTATION('',(#741),#745);
#741 = CIRCLE('',#742,3.2);
#742 = AXIS2_PLACEMENT_2D('',#743,#744);
#743 = CARTESIAN_POINT('',(0.,0.));
#744 = DIRECTION('',(1.,0.));
#745 = ( GEOMETRIC_REPRESENTATION_CONTEXT(2) 
PARAMETRIC_REPRESENTATION_CONTEXT() REPRESENTATION_CONTEXT('2D SPACE',''
  ) );
#746 = PCURVE('',#747,#752);
#747 = CYLINDRICAL_SURFACE('',#748,3.2);
#748 = AXIS2_PLACEMENT_3D('',#749,#750,#751);
#749 = CARTESIAN_POINT('',(0.,0.,-0.25));
#750 = DIRECTION('',(0.,0.,1.));
#751 = DIRECTION('',(1.,0.,-0.));
#752 = DEFINITIONAL_REPRESENTATION('',(#753),#757);
#753 = LINE('',#754,#755);
#754 = CARTESIAN_POINT('',(0.,0.25));
#755 = VECTOR('',#756,1.);
#756 = DIRECTION('',(1.,0.));
#757 = ( GEOMETRIC_REPRESENTATION_CONTEXT(2) 
PARAMETRIC_REPRESENTATION_CONTEXT() REPRESENTATION_CONTEXT('2D SPACE',''
  ) );
#758 = ADVANCED_FACE('',(#759,#1556),#348,.F.);
#759 = FACE_BOUND('',#760,.F.);
#760 = EDGE_LOOP('',(#761,#784,#785,#817,#905,#935,#936,#937));
#761 = ORIENTED_EDGE('',*,*,#762,.F.);
#762 = EDGE_CURVE('',#139,#763,#765,.T.);
#763 = VERTEX_POINT('',#764);
#764 = CARTESIAN_POINT('',(10.56550992617,6.1,15.));
#765 = SEAM_CURVE('',#766,(#770,#777),.PCURVE_S1.);
#766 = LINE('',#767,#768);
#767 = CARTESIAN_POINT('',(10.56550992617,6.1,2.15));
#768 = VECTOR('',#769,1.);
#769 = DIRECTION('',(0.,0.,1.));
#770 = PCURVE('',#348,#771);
#771 = DEFINITIONAL_REPRESENTATION('',(#772),#776);
#772 = LINE('',#773,#774);
#773 = CARTESIAN_POINT('',(76.765448951364,0.));
#774 = VECTOR('',#775,1.);
#775 = DIRECTION('',(0.,-1.));
#776 = ( GEOMETRIC_REPRESENTATION_CONTEXT(2) 
PARAMETRIC_REPRESENTATION_CONTEXT() REPRESENTATION_CONTEXT('2D SPACE',''
  ) );
#777 = PCURVE('',#348,#778);
#778 = DEFINITIONAL_REPRESENTATION('',(#779),#783);
#779 = LINE('',#780,#781);
#780 = CARTESIAN_POINT('',(0.,0.));
#781 = VECTOR('',#782,1.);
#782 = DIRECTION('',(0.,-1.));
#783 = ( GEOMETRIC_REPRESENTATION_CONTEXT(2) 
PARAMETRIC_REPRESENTATION_CONTEXT() REPRESENTATION_CONTEXT('2D SPACE',''
  ) );
#784 = ORIENTED_EDGE('',*,*,#458,.F.);
#785 = ORIENTED_EDGE('',*,*,#786,.F.);
#786 = EDGE_CURVE('',#787,#459,#789,.T.);
#787 = VERTEX_POINT('',#788);
#788 = CARTESIAN_POINT('',(-0.918016718327,12.07501759732,2.27));
#789 = SURFACE_CURVE('',#790,(#797,#807),.PCURVE_S1.);
#790 = B_SPLINE_CURVE_WITH_KNOTS('',5,(#791,#792,#793,#794,#795,#796),
  .UNSPECIFIED.,.F.,.F.,(6,6),(0.,1.),.PIECEWISE_BEZIER_KNOTS.);
#791 = CARTESIAN_POINT('',(-0.918016718327,12.07501759732,2.270087879301
    ));
#792 = CARTESIAN_POINT('',(-0.918016718327,12.07501759732,2.262533091271
    ));
#793 = CARTESIAN_POINT('',(-0.918016718327,12.07501759732,2.225092806564
    ));
#794 = CARTESIAN_POINT('',(-0.918016718327,12.07501759732,2.196292915575
    ));
#795 = CARTESIAN_POINT('',(-0.918016718327,12.07501759732,2.178933407036
    ));
#796 = CARTESIAN_POINT('',(-0.918016718327,12.07501759732,2.149912120699
    ));
#797 = PCURVE('',#348,#798);
#798 = DEFINITIONAL_REPRESENTATION('',(#799),#806);
#799 = B_SPLINE_CURVE_WITH_KNOTS('',5,(#800,#801,#802,#803,#804,#805),
  .UNSPECIFIED.,.F.,.F.,(6,6),(0.,1.),.PIECEWISE_BEZIER_KNOTS.);
#800 = CARTESIAN_POINT('',(13.721464548311,-0.120087879301));
#801 = CARTESIAN_POINT('',(13.721464548311,-0.112533091271));
#802 = CARTESIAN_POINT('',(13.721464548311,-7.50928065644E-02));
#803 = CARTESIAN_POINT('',(13.721464548311,-4.629291557505E-02));
#804 = CARTESIAN_POINT('',(13.721464548311,-2.893340703629E-02));
#805 = CARTESIAN_POINT('',(13.721464548311,8.78793013159E-05));
#806 = ( GEOMETRIC_REPRESENTATION_CONTEXT(2) 
PARAMETRIC_REPRESENTATION_CONTEXT() REPRESENTATION_CONTEXT('2D SPACE',''
  ) );
#807 = PCURVE('',#690,#808);
#808 = DEFINITIONAL_REPRESENTATION('',(#809),#816);
#809 = B_SPLINE_CURVE_WITH_KNOTS('',5,(#810,#811,#812,#813,#814,#815),
  .UNSPECIFIED.,.F.,.F.,(6,6),(0.,1.),.PIECEWISE_BEZIER_KNOTS.);
#810 = CARTESIAN_POINT('',(1.684659522383,0.480087879301));
#811 = CARTESIAN_POINT('',(1.684659522383,0.472533091271));
#812 = CARTESIAN_POINT('',(1.684659522383,0.435092806564));
#813 = CARTESIAN_POINT('',(1.684659522383,0.406292915575));
#814 = CARTESIAN_POINT('',(1.684659522383,0.388933407036));
#815 = CARTESIAN_POINT('',(1.684659522383,0.359912120699));
#816 = ( GEOMETRIC_REPRESENTATION_CONTEXT(2) 
PARAMETRIC_REPRESENTATION_CONTEXT() REPRESENTATION_CONTEXT('2D SPACE',''
  ) );
#817 = ORIENTED_EDGE('',*,*,#818,.T.);
#818 = EDGE_CURVE('',#787,#819,#821,.T.);
#819 = VERTEX_POINT('',#820);
#820 = CARTESIAN_POINT('',(0.918016718327,12.075017597323,2.27));
#821 = SURFACE_CURVE('',#822,(#846,#873),.PCURVE_S1.);
#822 = B_SPLINE_CURVE_WITH_KNOTS('',8,(#823,#824,#825,#826,#827,#828,
    #829,#830,#831,#832,#833,#834,#835,#836,#837,#838,#839,#840,#841,
    #842,#843,#844,#845),.UNSPECIFIED.,.F.,.F.,(9,7,7,9),(0.,
    0.497382488591,0.738791719248,1.),.UNSPECIFIED.);
#823 = CARTESIAN_POINT('',(-0.924,12.073369948906,2.27));
#824 = CARTESIAN_POINT('',(-0.830330504316,12.099251656287,2.27));
#825 = CARTESIAN_POINT('',(-0.719651382024,12.126750204262,2.27));
#826 = CARTESIAN_POINT('',(-0.601265621217,12.151229845884,2.27));
#827 = CARTESIAN_POINT('',(-0.483193113344,12.17004009958,2.27));
#828 = CARTESIAN_POINT('',(-0.367780913752,12.183983597702,2.27));
#829 = CARTESIAN_POINT('',(-0.256250445278,12.193321591343,2.27));
#830 = CARTESIAN_POINT('',(-0.144517035697,12.198993442418,2.27));
#831 = CARTESIAN_POINT('',(3.205313989739E-02,12.200342929931,2.27));
#832 = CARTESIAN_POINT('',(8.975770849459E-02,12.199647045748,2.27));
#833 = CARTESIAN_POINT('',(0.147445903995,12.197821904867,2.27));
#834 = CARTESIAN_POINT('',(0.205093220981,12.194875354022,2.27));
#835 = CARTESIAN_POINT('',(0.262675125749,12.19081549765,2.27));
#836 = CARTESIAN_POINT('',(0.320167056307,12.185650697894,2.27));
#837 = CARTESIAN_POINT('',(0.377544422382,12.179389574593,2.27));
#838 = CARTESIAN_POINT('',(0.496715147687,12.164089746978,2.27));
#839 = CARTESIAN_POINT('',(0.558487302851,12.154868896053,2.27));
#840 = CARTESIAN_POINT('',(0.620064986785,12.144382877364,2.27));
#841 = CARTESIAN_POINT('',(0.681416352598,12.132639541641,2.27));
#842 = CARTESIAN_POINT('',(0.742511790634,12.119650165496,2.27));
#843 = CARTESIAN_POINT('',(0.803323928469,12.105429451425,2.27));
#844 = CARTESIAN_POINT('',(0.863827630911,12.089995527809,2.27));
#845 = CARTESIAN_POINT('',(0.924,12.07336994891,2.27));
#846 = PCURVE('',#348,#847);
#847 = DEFINITIONAL_REPRESENTATION('',(#848),#872);
#848 = B_SPLINE_CURVE_WITH_KNOTS('',8,(#849,#850,#851,#852,#853,#854,
    #855,#856,#857,#858,#859,#860,#861,#862,#863,#864,#865,#866,#867,
    #868,#869,#870,#871),.UNSPECIFIED.,.F.,.F.,(9,7,7,9),(0.,
    0.497382488591,0.738791719248,1.),.UNSPECIFIED.);
#849 = CARTESIAN_POINT('',(13.727691136394,-0.12));
#850 = CARTESIAN_POINT('',(13.630692754692,-0.12));
#851 = CARTESIAN_POINT('',(13.516633341158,-0.12));
#852 = CARTESIAN_POINT('',(13.396849356353,-0.12));
#853 = CARTESIAN_POINT('',(13.276951205198,-0.12));
#854 = CARTESIAN_POINT('',(13.161775993536,-0.12));
#855 = CARTESIAN_POINT('',(13.049925858598,-0.12));
#856 = CARTESIAN_POINT('',(12.938451639064,-0.12));
#857 = CARTESIAN_POINT('',(12.762255843607,-0.12));
#858 = CARTESIAN_POINT('',(12.704681789958,-0.12));
#859 = CARTESIAN_POINT('',(12.647107746036,-0.12));
#860 = CARTESIAN_POINT('',(12.589533672305,-0.12));
#861 = CARTESIAN_POINT('',(12.531959557589,-0.12));
#862 = CARTESIAN_POINT('',(12.474385419073,-0.12));
#863 = CARTESIAN_POINT('',(12.416811302299,-0.12));
#864 = CARTESIAN_POINT('',(12.296941357216,-0.12));
#865 = CARTESIAN_POINT('',(12.23464614225,-0.12));
#866 = CARTESIAN_POINT('',(12.172349754865,-0.12));
#867 = CARTESIAN_POINT('',(12.110050879705,-0.12));
#868 = CARTESIAN_POINT('',(12.047748767472,-0.12));
#869 = CARTESIAN_POINT('',(11.985443234919,-0.12));
#870 = CARTESIAN_POINT('',(11.923134664857,-0.12));
#871 = CARTESIAN_POINT('',(11.86082400615,-0.12));
#872 = ( GEOMETRIC_REPRESENTATION_CONTEXT(2) 
PARAMETRIC_REPRESENTATION_CONTEXT() REPRESENTATION_CONTEXT('2D SPACE',''
  ) );
#873 = PCURVE('',#874,#879);
#874 = PLANE('',#875);
#875 = AXIS2_PLACEMENT_3D('',#876,#877,#878);
#876 = CARTESIAN_POINT('',(1.352251643993E-15,12.18,2.27));
#877 = DIRECTION('',(0.,0.,1.));
#878 = DIRECTION('',(1.110223024625E-16,1.,0.));
#879 = DEFINITIONAL_REPRESENTATION('',(#880),#904);
#880 = B_SPLINE_CURVE_WITH_KNOTS('',8,(#881,#882,#883,#884,#885,#886,
    #887,#888,#889,#890,#891,#892,#893,#894,#895,#896,#897,#898,#899,
    #900,#901,#902,#903),.UNSPECIFIED.,.F.,.F.,(9,7,7,9),(0.,
    0.497382488591,0.738791719248,1.),.UNSPECIFIED.);
#881 = CARTESIAN_POINT('',(-0.106630051094,0.924));
#882 = CARTESIAN_POINT('',(-8.074834371344E-02,0.830330504316));
#883 = CARTESIAN_POINT('',(-5.32497957377E-02,0.719651382024));
#884 = CARTESIAN_POINT('',(-2.877015411554E-02,0.601265621217));
#885 = CARTESIAN_POINT('',(-9.959900419547E-03,0.483193113344));
#886 = CARTESIAN_POINT('',(3.983597701667E-03,0.367780913752));
#887 = CARTESIAN_POINT('',(1.332159134287E-02,0.256250445278));
#888 = CARTESIAN_POINT('',(1.899344241775E-02,0.144517035697));
#889 = CARTESIAN_POINT('',(2.034292993053E-02,-3.205313989739E-02));
#890 = CARTESIAN_POINT('',(1.964704574838E-02,-8.975770849459E-02));
#891 = CARTESIAN_POINT('',(1.782190486682E-02,-0.147445903995));
#892 = CARTESIAN_POINT('',(1.487535402156E-02,-0.205093220981));
#893 = CARTESIAN_POINT('',(1.081549765047E-02,-0.262675125749));
#894 = CARTESIAN_POINT('',(5.650697893581E-03,-0.320167056307));
#895 = CARTESIAN_POINT('',(-6.104254068983E-04,-0.377544422382));
#896 = CARTESIAN_POINT('',(-1.591025302238E-02,-0.496715147687));
#897 = CARTESIAN_POINT('',(-2.513110394722E-02,-0.558487302851));
#898 = CARTESIAN_POINT('',(-3.561712263572E-02,-0.620064986785));
#899 = CARTESIAN_POINT('',(-4.736045835884E-02,-0.681416352598));
#900 = CARTESIAN_POINT('',(-6.034983450394E-02,-0.742511790634));
#901 = CARTESIAN_POINT('',(-7.457054857475E-02,-0.803323928469));
#902 = CARTESIAN_POINT('',(-9.000447219141E-02,-0.863827630911));
#903 = CARTESIAN_POINT('',(-0.10663005109,-0.924));
#904 = ( GEOMETRIC_REPRESENTATION_CONTEXT(2) 
PARAMETRIC_REPRESENTATION_CONTEXT() REPRESENTATION_CONTEXT('2D SPACE',''
  ) );
#905 = ORIENTED_EDGE('',*,*,#906,.T.);
#906 = EDGE_CURVE('',#819,#141,#907,.T.);
#907 = SURFACE_CURVE('',#908,(#915,#925),.PCURVE_S1.);
#908 = B_SPLINE_CURVE_WITH_KNOTS('',5,(#909,#910,#911,#912,#913,#914),
  .UNSPECIFIED.,.F.,.F.,(6,6),(0.,1.),.PIECEWISE_BEZIER_KNOTS.);
#909 = CARTESIAN_POINT('',(0.918016718327,12.075017597323,2.270087879301
    ));
#910 = CARTESIAN_POINT('',(0.918016718327,12.075017597323,2.262533091271
    ));
#911 = CARTESIAN_POINT('',(0.918016718327,12.075017597323,2.225092806564
    ));
#912 = CARTESIAN_POINT('',(0.918016718327,12.075017597323,2.196292915575
    ));
#913 = CARTESIAN_POINT('',(0.918016718327,12.075017597323,2.178933407036
    ));
#914 = CARTESIAN_POINT('',(0.918016718327,12.075017597323,2.149912120699
    ));
#915 = PCURVE('',#348,#916);
#916 = DEFINITIONAL_REPRESENTATION('',(#917),#924);
#917 = B_SPLINE_CURVE_WITH_KNOTS('',5,(#918,#919,#920,#921,#922,#923),
  .UNSPECIFIED.,.F.,.F.,(6,6),(0.,1.),.PIECEWISE_BEZIER_KNOTS.);
#918 = CARTESIAN_POINT('',(11.867018435478,-0.120087879301));
#919 = CARTESIAN_POINT('',(11.867018435478,-0.112533091271));
#920 = CARTESIAN_POINT('',(11.867018435478,-7.50928065644E-02));
#921 = CARTESIAN_POINT('',(11.867018435478,-4.629291557505E-02));
#922 = CARTESIAN_POINT('',(11.867018435478,-2.893340703629E-02));
#923 = CARTESIAN_POINT('',(11.867018435478,8.78793013159E-05));
#924 = ( GEOMETRIC_REPRESENTATION_CONTEXT(2) 
PARAMETRIC_REPRESENTATION_CONTEXT() REPRESENTATION_CONTEXT('2D SPACE',''
  ) );
#925 = PCURVE('',#690,#926);
#926 = DEFINITIONAL_REPRESENTATION('',(#927),#934);
#927 = B_SPLINE_CURVE_WITH_KNOTS('',5,(#928,#929,#930,#931,#932,#933),
  .UNSPECIFIED.,.F.,.F.,(6,6),(0.,1.),.PIECEWISE_BEZIER_KNOTS.);
#928 = CARTESIAN_POINT('',(4.5985257848,0.480087879301));
#929 = CARTESIAN_POINT('',(4.5985257848,0.472533091271));
#930 = CARTESIAN_POINT('',(4.5985257848,0.435092806564));
#931 = CARTESIAN_POINT('',(4.5985257848,0.406292915575));
#932 = CARTESIAN_POINT('',(4.5985257848,0.388933407036));
#933 = CARTESIAN_POINT('',(4.5985257848,0.359912120699));
#934 = ( GEOMETRIC_REPRESENTATION_CONTEXT(2) 
PARAMETRIC_REPRESENTATION_CONTEXT() REPRESENTATION_CONTEXT('2D SPACE',''
  ) );
#935 = ORIENTED_EDGE('',*,*,#138,.F.);
#936 = ORIENTED_EDGE('',*,*,#762,.T.);
#937 = ORIENTED_EDGE('',*,*,#938,.T.);
#938 = EDGE_CURVE('',#763,#763,#939,.T.);
#939 = SURFACE_CURVE('',#940,(#1040,#1047),.PCURVE_S1.);
#940 = B_SPLINE_CURVE_WITH_KNOTS('',3,(#941,#942,#943,#944,#945,#946,
    #947,#948,#949,#950,#951,#952,#953,#954,#955,#956,#957,#958,#959,
    #960,#961,#962,#963,#964,#965,#966,#967,#968,#969,#970,#971,#972,
    #973,#974,#975,#976,#977,#978,#979,#980,#981,#982,#983,#984,#985,
    #986,#987,#988,#989,#990,#991,#992,#993,#994,#995,#996,#997,#998,
    #999,#1000,#1001,#1002,#1003,#1004,#1005,#1006,#1007,#1008,#1009,
    #1010,#1011,#1012,#1013,#1014,#1015,#1016,#1017,#1018,#1019,#1020,
    #1021,#1022,#1023,#1024,#1025,#1026,#1027,#1028,#1029,#1030,#1031,
    #1032,#1033,#1034,#1035,#1036,#1037,#1038,#1039),.UNSPECIFIED.,.T.,
  .F.,(1,1,2,1,1,1,1,1,1,1,1,1,1,1,1,1,1,1,1,1,1,1,1,1,1,1,1,1,1,1,1,1,1
    ,1,1,1,1,1,1,1,1,1,1,1,1,1,1,1,1,1,1,1,1,1,1,1,1,1,1,1,1,1,1,1,1,1,1
    ,1,1,1,1,1,1,1,1,1,1,1,1,1,1,1,1,1,1,1,1,1,1,1,1,1,1,1,1,1,1,1,2,1,1
    ),(-1.610442328693,-0.798976257748,0.,0.798976257748,1.610442328693,
    2.440188920274,3.283610270888,4.125697932496,4.943624617444,
    5.71054593964,6.397120745947,7.083695552254,7.85061687445,
    8.668543559398,9.510631221006,10.35405257162,11.183799163201,
    11.995265234146,12.794241491894,13.593217749642,14.404683820587,
    15.234430412168,16.077851762783,16.91993942439,17.737866109338,
    18.504787431534,19.191362237841,19.877937044148,20.644858366344,
    21.462785051292,22.3048727129,23.148294063514,23.978040655095,
    24.78950672604,25.588482983788,26.387459241536,27.198925312481,
    28.028671904062,28.872093254677,29.714180916284,30.532107601232,
    31.299028923428,31.985603729735,32.672178536042,33.439099858238,
    34.257026543186,35.099114204794,35.942535555408,36.772282146989,
    37.583748217934,38.382724475682,39.18170073343,39.993166804375,
    40.822913395956,41.666334746571,42.508422408179,43.326349093126,
    44.093270415322,44.779845221629,45.466420027936,46.233341350132,
    47.05126803508,47.893355696688,48.736777047302,49.566523638883,
    50.377989709828,51.176965967576,51.975942225324,52.78740829627,
    53.61715488785,54.460576238465,55.302663900073,56.12059058502,
    56.887511907216,57.574086713523,58.26066151983,59.027582842026,
    59.845509526974,60.687597188582,61.531018539196,62.360765130777,
    63.172231201723,63.97120745947,64.770183717218,65.581649788164,
    66.411396379744,67.254817730359,68.096905391967,68.914832076914,
    69.68175339911,70.368328205417,71.054903011724,71.82182433392,
    72.639751018868,73.481838680476,74.32526003109,75.155006622671,
    75.966472693617,76.765448951364,77.564425209112,78.375891280058),
  .UNSPECIFIED.);
#941 = CARTESIAN_POINT('',(10.698519520819,5.866905439635,15.));
#942 = CARTESIAN_POINT('',(10.432500331521,6.333094560365,15.));
#943 = CARTESIAN_POINT('',(10.107211317028,6.763982010029,15.));
#944 = CARTESIAN_POINT('',(9.480728514772,7.29355502844,15.));
#945 = CARTESIAN_POINT('',(8.749364973785,7.691892506579,15.));
#946 = CARTESIAN_POINT('',(7.953472502144,7.965870426453,15.));
#947 = CARTESIAN_POINT('',(7.13617886549,8.13651395259,15.));
#948 = CARTESIAN_POINT('',(6.327089722061,8.226558610495,15.));
#949 = CARTESIAN_POINT('',(5.59096947325,8.311526430994,15.));
#950 = CARTESIAN_POINT('',(4.824857061216,8.356897612666,15.));
#951 = CARTESIAN_POINT('',(4.402508502641,8.997684983885,15.));
#952 = CARTESIAN_POINT('',(3.960862968095,9.592698899367,15.));
#953 = CARTESIAN_POINT('',(3.47834204755,10.248372570036,15.));
#954 = CARTESIAN_POINT('',(2.921895665398,10.870831318642,15.));
#955 = CARTESIAN_POINT('',(2.286744625617,11.423167284348,15.));
#956 = CARTESIAN_POINT('',(1.575848011502,11.857152474958,15.));
#957 = CARTESIAN_POINT('',(0.804868228709,12.135732516515,15.));
#958 = CARTESIAN_POINT('',(5.367714493039E-13,12.231884527953,15.));
#959 = CARTESIAN_POINT('',(-0.804868228711,12.135732516524,15.));
#960 = CARTESIAN_POINT('',(-1.575848011495,11.857152474924,15.));
#961 = CARTESIAN_POINT('',(-2.286744625647,11.42316728448,15.));
#962 = CARTESIAN_POINT('',(-2.921895665286,10.870831318142,15.));
#963 = CARTESIAN_POINT('',(-3.478342047964,10.248372571875,15.));
#964 = CARTESIAN_POINT('',(-3.960862966638,9.592698892897,15.));
#965 = CARTESIAN_POINT('',(-4.402508507482,8.997685005391,15.));
#966 = CARTESIAN_POINT('',(-4.82485704521,8.35689754156,15.));
#967 = CARTESIAN_POINT('',(-5.590969536178,8.311526710552,15.));
#968 = CARTESIAN_POINT('',(-6.327089448785,8.226557396466,15.));
#969 = CARTESIAN_POINT('',(-7.13617997071,8.136518862526,15.));
#970 = CARTESIAN_POINT('',(-7.953468249124,7.965851532416,15.));
#971 = CARTESIAN_POINT('',(-8.749380747215,7.691962580017,15.));
#972 = CARTESIAN_POINT('',(-9.480671254083,7.29330064792,15.));
#973 = CARTESIAN_POINT('',(-10.10741853848,6.764902591025,15.));
#974 = CARTESIAN_POINT('',(-10.59312273736,6.115942263975,15.));
#975 = CARTESIAN_POINT('',(-10.91228676719,5.370829925499,15.));
#976 = CARTESIAN_POINT('',(-11.05651926557,4.563851827005,15.));
#977 = CARTESIAN_POINT('',(-11.03612537286,3.731204704462,15.));
#978 = CARTESIAN_POINT('',(-10.8753639144,2.904979785726,15.));
#979 = CARTESIAN_POINT('',(-10.61452201867,2.111853709349,15.));
#980 = CARTESIAN_POINT('',(-10.28795241542,1.366141496431,15.));
#981 = CARTESIAN_POINT('',(-9.99347804366,0.686158294839,15.));
#982 = CARTESIAN_POINT('',(-9.64971409042,2.77008836383E-15,15.));
#983 = CARTESIAN_POINT('',(-9.99347804366,-0.686158294839,15.));
#984 = CARTESIAN_POINT('',(-10.28795241542,-1.366141496431,15.));
#985 = CARTESIAN_POINT('',(-10.61452201867,-2.111853709349,15.));
#986 = CARTESIAN_POINT('',(-10.8753639144,-2.904979785726,15.));
#987 = CARTESIAN_POINT('',(-11.03612537286,-3.731204704462,15.));
#988 = CARTESIAN_POINT('',(-11.05651926557,-4.563851827005,15.));
#989 = CARTESIAN_POINT('',(-10.91228676719,-5.370829925499,15.));
#990 = CARTESIAN_POINT('',(-10.59312273736,-6.115942263975,15.));
#991 = CARTESIAN_POINT('',(-10.10741853848,-6.764902591025,15.));
#992 = CARTESIAN_POINT('',(-9.480671254083,-7.29330064792,15.));
#993 = CARTESIAN_POINT('',(-8.749380747215,-7.691962580017,15.));
#994 = CARTESIAN_POINT('',(-7.953468249124,-7.965851532416,15.));
#995 = CARTESIAN_POINT('',(-7.13617997071,-8.136518862526,15.));
#996 = CARTESIAN_POINT('',(-6.327089448785,-8.226557396466,15.));
#997 = CARTESIAN_POINT('',(-5.590969536178,-8.311526710552,15.));
#998 = CARTESIAN_POINT('',(-4.82485704521,-8.35689754156,15.));
#999 = CARTESIAN_POINT('',(-4.402508507482,-8.997685005391,15.));
#1000 = CARTESIAN_POINT('',(-3.960862966638,-9.592698892897,15.));
#1001 = CARTESIAN_POINT('',(-3.478342047964,-10.24837257187,15.));
#1002 = CARTESIAN_POINT('',(-2.921895665286,-10.87083131814,15.));
#1003 = CARTESIAN_POINT('',(-2.286744625647,-11.42316728448,15.));
#1004 = CARTESIAN_POINT('',(-1.575848011495,-11.85715247492,15.));
#1005 = CARTESIAN_POINT('',(-0.804868228711,-12.13573251652,15.));
#1006 = CARTESIAN_POINT('',(-1.190165439955E-15,-12.23188452795,15.));
#1007 = CARTESIAN_POINT('',(0.804868228711,-12.13573251652,15.));
#1008 = CARTESIAN_POINT('',(1.575848011495,-11.85715247492,15.));
#1009 = CARTESIAN_POINT('',(2.286744625647,-11.42316728448,15.));
#1010 = CARTESIAN_POINT('',(2.921895665286,-10.87083131814,15.));
#1011 = CARTESIAN_POINT('',(3.478342047964,-10.24837257187,15.));
#1012 = CARTESIAN_POINT('',(3.960862966638,-9.592698892897,15.));
#1013 = CARTESIAN_POINT('',(4.402508507482,-8.997685005391,15.));
#1014 = CARTESIAN_POINT('',(4.82485704521,-8.35689754156,15.));
#1015 = CARTESIAN_POINT('',(5.590969536178,-8.311526710552,15.));
#1016 = CARTESIAN_POINT('',(6.327089448785,-8.226557396466,15.));
#1017 = CARTESIAN_POINT('',(7.13617997071,-8.136518862526,15.));
#1018 = CARTESIAN_POINT('',(7.953468249124,-7.965851532416,15.));
#1019 = CARTESIAN_POINT('',(8.749380747215,-7.691962580017,15.));
#1020 = CARTESIAN_POINT('',(9.480671254083,-7.29330064792,15.));
#1021 = CARTESIAN_POINT('',(10.107418538487,-6.764902591024,15.));
#1022 = CARTESIAN_POINT('',(10.593122737363,-6.115942263978,15.));
#1023 = CARTESIAN_POINT('',(10.912286767201,-5.37082992549,15.));
#1024 = CARTESIAN_POINT('',(11.05651926557,-4.563851827039,15.));
#1025 = CARTESIAN_POINT('',(11.036125372892,-3.73120470433,15.));
#1026 = CARTESIAN_POINT('',(10.875363914297,-2.904979786226,15.));
#1027 = CARTESIAN_POINT('',(10.614522019087,-2.111853707511,15.));
#1028 = CARTESIAN_POINT('',(10.287952413967,-1.3661415029,15.));
#1029 = CARTESIAN_POINT('',(9.993478048501,-0.686158273333,15.));
#1030 = CARTESIAN_POINT('',(9.649714074414,-7.110546219318E-08,15.));
#1031 = CARTESIAN_POINT('',(9.993478106588,0.686158574397,15.));
#1032 = CARTESIAN_POINT('',(10.287952142147,1.366140282402,15.));
#1033 = CARTESIAN_POINT('',(10.614523123893,2.111858619285,15.));
#1034 = CARTESIAN_POINT('',(10.875359661389,2.904960891689,15.));
#1035 = CARTESIAN_POINT('',(11.036141146292,3.731274777901,15.));
#1036 = CARTESIAN_POINT('',(11.056462004888,4.563597446484,15.));
#1037 = CARTESIAN_POINT('',(10.912493988658,5.371750506496,15.));
#1038 = CARTESIAN_POINT('',(10.698519520819,5.866905439635,15.));
#1039 = CARTESIAN_POINT('',(10.432500331521,6.333094560365,15.));
#1040 = PCURVE('',#348,#1041);
#1041 = DEFINITIONAL_REPRESENTATION('',(#1042),#1046);
#1042 = LINE('',#1043,#1044);
#1043 = CARTESIAN_POINT('',(0.,-12.85));
#1044 = VECTOR('',#1045,1.);
#1045 = DIRECTION('',(1.,0.));
#1046 = ( GEOMETRIC_REPRESENTATION_CONTEXT(2) 
PARAMETRIC_REPRESENTATION_CONTEXT() REPRESENTATION_CONTEXT('2D SPACE',''
  ) );
#1047 = PCURVE('',#1048,#1103);
#1048 = B_SPLINE_SURFACE_WITH_KNOTS('',5,8,(
    (#1049,#1050,#1051,#1052,#1053,#1054,#1055,#1056,#1057)
    ,(#1058,#1059,#1060,#1061,#1062,#1063,#1064,#1065,#1066)
    ,(#1067,#1068,#1069,#1070,#1071,#1072,#1073,#1074,#1075)
    ,(#1076,#1077,#1078,#1079,#1080,#1081,#1082,#1083,#1084)
    ,(#1085,#1086,#1087,#1088,#1089,#1090,#1091,#1092,#1093)
    ,(#1094,#1095,#1096,#1097,#1098,#1099,#1100,#1101,#1102
  )),.UNSPECIFIED.,.F.,.F.,.F.,(6,6),(9,9),(-11.74453483085,
    13.419999999985),(-12.1124352927,12.112442586525),
  .PIECEWISE_BEZIER_KNOTS.);
#1049 = CARTESIAN_POINT('',(-4.114866296753,-16.36204527648,15.));
#1050 = CARTESIAN_POINT('',(-5.628913475942,-13.73957838772,15.));
#1051 = CARTESIAN_POINT('',(-7.142959987444,-11.11713745034,15.));
#1052 = CARTESIAN_POINT('',(-8.657009228294,-8.494710249087,15.));
#1053 = CARTESIAN_POINT('',(-10.17106347595,-5.872290051238,15.));
#1054 = CARTESIAN_POINT('',(-11.68512388832,-3.249875606612,15.));
#1055 = CARTESIAN_POINT('',(-13.1991905037,-0.62747114756,15.));
#1056 = CARTESIAN_POINT('',(-14.71326224083,1.994913611041,15.));
#1057 = CARTESIAN_POINT('',(-16.22733689889,4.617263471778,15.));
#1058 = CARTESIAN_POINT('',(0.243793992585,-13.84551901954,15.));
#1059 = CARTESIAN_POINT('',(-1.270258946275,-11.22303965025,15.));
#1060 = CARTESIAN_POINT('',(-2.784309337143,-8.600589083912,15.));
#1061 = CARTESIAN_POINT('',(-4.298360080799,-5.97815564613,15.));
#1062 = CARTESIAN_POINT('',(-5.812413489341,-3.355732740229,15.));
#1063 = CARTESIAN_POINT('',(-7.326471286167,-0.733318847221,15.));
#1064 = CARTESIAN_POINT('',(-8.840534606,1.889082474169,15.));
#1065 = CARTESIAN_POINT('',(-10.35460399486,4.511462587524,15.));
#1066 = CARTESIAN_POINT('',(-11.86867941009,7.13380777872,15.));
#1067 = CARTESIAN_POINT('',(4.602468951635,-11.32907193784,15.));
#1068 = CARTESIAN_POINT('',(3.08842052379,-8.706589855014,15.));
#1069 = CARTESIAN_POINT('',(1.574333554105,-6.083971028106,15.));
#1070 = CARTESIAN_POINT('',(6.043649173149E-02,-3.462199413006,
    14.999999999999));
#1071 = CARTESIAN_POINT('',(-1.454237602002,-0.838122160757,
    15.000000000001));
#1072 = CARTESIAN_POINT('',(-2.967593460548,1.782780578262,
    14.999999999999));
#1073 = CARTESIAN_POINT('',(-4.481968666536,4.405667333682,
    15.000000000001));
#1074 = CARTESIAN_POINT('',(-5.995964258651,7.027963181919,15.));
#1075 = CARTESIAN_POINT('',(-7.510043332063,9.650307628706,15.));
#1076 = CARTESIAN_POINT('',(8.96095973626,-8.812509056733,15.));
#1077 = CARTESIAN_POINT('',(7.446882924156,-6.189997652999,15.));
#1078 = CARTESIAN_POINT('',(5.932918279154,-3.567888133829,15.));
#1079 = CARTESIAN_POINT('',(4.418217445815,-0.943570654817,
    15.000000000001));
#1080 = CARTESIAN_POINT('',(2.905828229717,1.674800650401,
    14.999999999999));
#1081 = CARTESIAN_POINT('',(1.390216752855,4.300880294013,
    15.000000000001));
#1082 = CARTESIAN_POINT('',(-0.123121313928,6.921838174455,
    14.999999999999));
#1083 = CARTESIAN_POINT('',(-1.637348684142,9.544404112312,15.));
#1084 = CARTESIAN_POINT('',(-3.151434385418,12.166741722144,15.));
#1085 = CARTESIAN_POINT('',(13.31966765385,-6.296215675915,15.));
#1086 = CARTESIAN_POINT('',(11.805618342565,-3.673736996964,15.));
#1087 = CARTESIAN_POINT('',(10.291530266386,-1.051146001152,15.));
#1088 = CARTESIAN_POINT('',(8.777801930186,1.570474147471,
    14.999999999999));
#1089 = CARTESIAN_POINT('',(7.263015561802,4.194626250312,
    15.000000000001));
#1090 = CARTESIAN_POINT('',(5.749673215353,6.815362637477,
    14.999999999999));
#1091 = CARTESIAN_POINT('',(4.235279273385,9.438451437281,15.));
#1092 = CARTESIAN_POINT('',(2.721242952508,12.060771224838,15.));
#1093 = CARTESIAN_POINT('',(1.207144232701,14.683156624278,15.));
#1094 = CARTESIAN_POINT('',(17.678286353776,-3.779836135622,15.));
#1095 = CARTESIAN_POINT('',(16.164232157406,-1.157347154446,15.));
#1096 = CARTESIAN_POINT('',(14.650200747711,1.465123332809,15.));
#1097 = CARTESIAN_POINT('',(13.1360782528,4.087537753057,15.));
#1098 = CARTESIAN_POINT('',(11.622025298327,6.710090303691,15.));
#1099 = CARTESIAN_POINT('',(10.10799285807,9.332555455985,15.));
#1100 = CARTESIAN_POINT('',(8.593886955173,11.954823779869,15.));
#1101 = CARTESIAN_POINT('',(7.079795662243,14.577278571529,15.));
#1102 = CARTESIAN_POINT('',(5.565691848619,17.199666765189,15.));
#1103 = DEFINITIONAL_REPRESENTATION('',(#1104),#1555);
#1104 = B_SPLINE_CURVE_WITH_KNOTS('',9,(#1105,#1106,#1107,#1108,#1109,
    #1110,#1111,#1112,#1113,#1114,#1115,#1116,#1117,#1118,#1119,#1120,
    #1121,#1122,#1123,#1124,#1125,#1126,#1127,#1128,#1129,#1130,#1131,
    #1132,#1133,#1134,#1135,#1136,#1137,#1138,#1139,#1140,#1141,#1142,
    #1143,#1144,#1145,#1146,#1147,#1148,#1149,#1150,#1151,#1152,#1153,
    #1154,#1155,#1156,#1157,#1158,#1159,#1160,#1161,#1162,#1163,#1164,
    #1165,#1166,#1167,#1168,#1169,#1170,#1171,#1172,#1173,#1174,#1175,
    #1176,#1177,#1178,#1179,#1180,#1181,#1182,#1183,#1184,#1185,#1186,
    #1187,#1188,#1189,#1190,#1191,#1192,#1193,#1194,#1195,#1196,#1197,
    #1198,#1199,#1200,#1201,#1202,#1203,#1204,#1205,#1206,#1207,#1208,
    #1209,#1210,#1211,#1212,#1213,#1214,#1215,#1216,#1217,#1218,#1219,
    #1220,#1221,#1222,#1223,#1224,#1225,#1226,#1227,#1228,#1229,#1230,
    #1231,#1232,#1233,#1234,#1235,#1236,#1237,#1238,#1239,#1240,#1241,
    #1242,#1243,#1244,#1245,#1246,#1247,#1248,#1249,#1250,#1251,#1252,
    #1253,#1254,#1255,#1256,#1257,#1258,#1259,#1260,#1261,#1262,#1263,
    #1264,#1265,#1266,#1267,#1268,#1269,#1270,#1271,#1272,#1273,#1274,
    #1275,#1276,#1277,#1278,#1279,#1280,#1281,#1282,#1283,#1284,#1285,
    #1286,#1287,#1288,#1289,#1290,#1291,#1292,#1293,#1294,#1295,#1296,
    #1297,#1298,#1299,#1300,#1301,#1302,#1303,#1304,#1305,#1306,#1307,
    #1308,#1309,#1310,#1311,#1312,#1313,#1314,#1315,#1316,#1317,#1318,
    #1319,#1320,#1321,#1322,#1323,#1324,#1325,#1326,#1327,#1328,#1329,
    #1330,#1331,#1332,#1333,#1334,#1335,#1336,#1337,#1338,#1339,#1340,
    #1341,#1342,#1343,#1344,#1345,#1346,#1347,#1348,#1349,#1350,#1351,
    #1352,#1353,#1354,#1355,#1356,#1357,#1358,#1359,#1360,#1361,#1362,
    #1363,#1364,#1365,#1366,#1367,#1368,#1369,#1370,#1371,#1372,#1373,
    #1374,#1375,#1376,#1377,#1378,#1379,#1380,#1381,#1382,#1383,#1384,
    #1385,#1386,#1387,#1388,#1389,#1390,#1391,#1392,#1393,#1394,#1395,
    #1396,#1397,#1398,#1399,#1400,#1401,#1402,#1403,#1404,#1405,#1406,
    #1407,#1408,#1409,#1410,#1411,#1412,#1413,#1414,#1415,#1416,#1417,
    #1418,#1419,#1420,#1421,#1422,#1423,#1424,#1425,#1426,#1427,#1428,
    #1429,#1430,#1431,#1432,#1433,#1434,#1435,#1436,#1437,#1438,#1439,
    #1440,#1441,#1442,#1443,#1444,#1445,#1446,#1447,#1448,#1449,#1450,
    #1451,#1452,#1453,#1454,#1455,#1456,#1457,#1458,#1459,#1460,#1461,
    #1462,#1463,#1464,#1465,#1466,#1467,#1468,#1469,#1470,#1471,#1472,
    #1473,#1474,#1475,#1476,#1477,#1478,#1479,#1480,#1481,#1482,#1483,
    #1484,#1485,#1486,#1487,#1488,#1489,#1490,#1491,#1492,#1493,#1494,
    #1495,#1496,#1497,#1498,#1499,#1500,#1501,#1502,#1503,#1504,#1505,
    #1506,#1507,#1508,#1509,#1510,#1511,#1512,#1513,#1514,#1515,#1516,
    #1517,#1518,#1519,#1520,#1521,#1522,#1523,#1524,#1525,#1526,#1527,
    #1528,#1529,#1530,#1531,#1532,#1533,#1534,#1535,#1536,#1537,#1538,
    #1539,#1540,#1541,#1542,#1543,#1544,#1545,#1546,#1547,#1548,#1549,
    #1550,#1551,#1552,#1553,#1554),.UNSPECIFIED.,.F.,.F.,(10,8,8,8,8,8,8
    ,8,8,8,8,8,8,8,8,8,8,8,8,8,8,8,8,8,8,8,8,8,8,8,8,8,8,8,8,8,8,8,8,8,8
    ,8,8,8,8,8,8,8,8,8,8,8,8,8,8,8,10),(0.,2.39892027973,4.79784055946,
    5.397570629393,5.997300699325,6.597030769258,7.19676083919,
    8.396220979055,9.595681118921,11.994601398651,14.393521678381,
    16.792441958111,17.991902097976,18.591632167909,19.191362237841,
    19.791092307774,20.390822377706,21.590282517571,23.989202797301,
    26.388123077031,28.787043356762,29.986503496627,31.185963636492,
    31.785693706424,32.385423776357,32.985153846289,33.584883916222,
    35.983804195952,38.382724475682,40.781644755412,43.180565035142,
    43.780295105075,44.380025175007,44.97975524494,45.579485314872,
    46.778945454738,47.978405594603,50.377325874333,52.776246154063,
    55.175166433793,56.374626573658,56.974356643591,57.574086713523,
    58.173816783456,58.773546853388,59.973006993253,62.371927272983,
    64.770847552714,67.169767832444,68.369227972309,69.568688112174,
    70.168418182106,70.768148252039,71.367878321971,71.967608391904,
    74.366528671634,76.765448951364),.UNSPECIFIED.);
#1105 = CARTESIAN_POINT('',(12.199999999986,-1.844461070966E-05));
#1106 = CARTESIAN_POINT('',(12.201359126295,0.268575139178));
#1107 = CARTESIAN_POINT('',(12.177072585915,0.535486354313));
#1108 = CARTESIAN_POINT('',(12.128520504882,0.798262894589));
#1109 = CARTESIAN_POINT('',(12.058120989716,1.057784829619));
#1110 = CARTESIAN_POINT('',(11.967391274898,1.312040031879));
#1111 = CARTESIAN_POINT('',(11.857344059584,1.557396592546));
#1112 = CARTESIAN_POINT('',(11.729656744527,1.792356588574));
#1113 = CARTESIAN_POINT('',(11.587051280393,2.018775563505));
#1114 = CARTESIAN_POINT('',(11.275593396514,2.45228860538));
#1115 = CARTESIAN_POINT('',(11.106713263341,2.659199725773));
#1116 = CARTESIAN_POINT('',(10.927205998478,2.857995269683));
#1117 = CARTESIAN_POINT('',(10.73635939173,3.045639667221));
#1118 = CARTESIAN_POINT('',(10.54153429827,3.226466974647));
#1119 = CARTESIAN_POINT('',(10.340287213059,3.400439033625));
#1120 = CARTESIAN_POINT('',(10.126455041761,3.564396839408));
#1121 = CARTESIAN_POINT('',(9.912432685572,3.724897838466));
#1122 = CARTESIAN_POINT('',(9.64558647616,3.922468699114));
#1123 = CARTESIAN_POINT('',(9.592268495843,3.961838397344));
#1124 = CARTESIAN_POINT('',(9.539122218006,4.001107049993));
#1125 = CARTESIAN_POINT('',(9.486141334871,4.040302564385));
#1126 = CARTESIAN_POINT('',(9.433232792445,4.079442225361));
#1127 = CARTESIAN_POINT('',(9.380256792975,4.118537593749));
#1128 = CARTESIAN_POINT('',(9.32706679743,4.157599404886));
#1129 = CARTESIAN_POINT('',(9.273549527957,4.196642467094));
#1130 = CARTESIAN_POINT('',(9.165780412763,4.274738653284));
#1131 = CARTESIAN_POINT('',(9.111394507491,4.313742098331));
#1132 = CARTESIAN_POINT('',(9.056789242457,4.35288357));
#1133 = CARTESIAN_POINT('',(9.001607285692,4.392069404303));
#1134 = CARTESIAN_POINT('',(8.945233773526,4.43109462215));
#1135 = CARTESIAN_POINT('',(8.887673196848,4.470021953312));
#1136 = CARTESIAN_POINT('',(8.83011939159,4.509428208269));
#1137 = CARTESIAN_POINT('',(8.774416639982,4.550171345407));
#1138 = CARTESIAN_POINT('',(8.666803137475,4.634491816728));
#1139 = CARTESIAN_POINT('',(8.615109565351,4.678166889341));
#1140 = CARTESIAN_POINT('',(8.566098369645,4.723622253112));
#1141 = CARTESIAN_POINT('',(8.521815875946,4.771976178623));
#1142 = CARTESIAN_POINT('',(8.480673182474,4.82224814691));
#1143 = CARTESIAN_POINT('',(8.445367703824,4.875932333185));
#1144 = CARTESIAN_POINT('',(8.419322370304,4.934941787372));
#1145 = CARTESIAN_POINT('',(8.39641690873,4.995679814405));
#1146 = CARTESIAN_POINT('',(8.359735692265,5.122132092258));
#1147 = CARTESIAN_POINT('',(8.345674699667,5.187693641368));
#1148 = CARTESIAN_POINT('',(8.334835851552,5.254874095983));
#1149 = CARTESIAN_POINT('',(8.326655975703,5.32332436756));
#1150 = CARTESIAN_POINT('',(8.320473875619,5.392622505367));
#1151 = CARTESIAN_POINT('',(8.315317648818,5.462115608564));
#1152 = CARTESIAN_POINT('',(8.310071646554,5.531043928624));
#1153 = CARTESIAN_POINT('',(8.304023075065,5.59894716218));
#1154 = CARTESIAN_POINT('',(8.285318564627,5.80116447828));
#1155 = CARTESIAN_POINT('',(8.27175470628,5.933751296918));
#1156 = CARTESIAN_POINT('',(8.257298455932,6.064759903634));
#1157 = CARTESIAN_POINT('',(8.242133816629,6.194813195998));
#1158 = CARTESIAN_POINT('',(8.227017247627,6.32529401147));
#1159 = CARTESIAN_POINT('',(8.212465665468,6.457267192763));
#1160 = CARTESIAN_POINT('',(8.197835549045,6.590257092986));
#1161 = CARTESIAN_POINT('',(8.181586497716,6.722597450986));
#1162 = CARTESIAN_POINT('',(8.146458684834,6.987543683251));
#1163 = CARTESIAN_POINT('',(8.127404766193,7.119922265517));
#1164 = CARTESIAN_POINT('',(8.106281555911,7.25188066787));
#1165 = CARTESIAN_POINT('',(8.082767581987,7.383260766827));
#1166 = CARTESIAN_POINT('',(8.056716473229,7.514016450139));
#1167 = CARTESIAN_POINT('',(8.028074252658,7.644158105482));
#1168 = CARTESIAN_POINT('',(7.99679663087,7.773697109125));
#1169 = CARTESIAN_POINT('',(7.962766299435,7.902590314614));
#1170 = CARTESIAN_POINT('',(7.851598073952,8.286872995114));
#1171 = CARTESIAN_POINT('',(7.765728457506,8.539787962674));
#1172 = CARTESIAN_POINT('',(7.666242800169,8.788218370841));
#1173 = CARTESIAN_POINT('',(7.552349734898,9.030742371878));
#1174 = CARTESIAN_POINT('',(7.422953245794,9.265673326826));
#1175 = CARTESIAN_POINT('',(7.276977399076,9.491065751557));
#1176 = CARTESIAN_POINT('',(7.114211769158,9.704755895241));
#1177 = CARTESIAN_POINT('',(6.935501667662,9.904411620741));
#1178 = CARTESIAN_POINT('',(6.546712898177,10.270720892302));
#1179 = CARTESIAN_POINT('',(6.336424424427,10.437106926583));
#1180 = CARTESIAN_POINT('',(6.112870012834,10.586958726225));
#1181 = CARTESIAN_POINT('',(5.875290865278,10.713046499592));
#1182 = CARTESIAN_POINT('',(5.626952000167,10.819064887191));
#1183 = CARTESIAN_POINT('',(5.371402013199,10.904514153195));
#1184 = CARTESIAN_POINT('',(5.110247841606,10.964754661358));
#1185 = CARTESIAN_POINT('',(4.845428366537,11.006160574858));
#1186 = CARTESIAN_POINT('',(4.313148662077,11.048927375728));
#1187 = CARTESIAN_POINT('',(4.045629292519,11.050456725282));
#1188 = CARTESIAN_POINT('',(3.778100826195,11.034340053898));
#1189 = CARTESIAN_POINT('',(3.512184240669,11.000911099946));
#1190 = CARTESIAN_POINT('',(3.248902159968,10.952016040487));
#1191 = CARTESIAN_POINT('',(2.988720771759,10.890504901762));
#1192 = CARTESIAN_POINT('',(2.731898823001,10.818321680492));
#1193 = CARTESIAN_POINT('',(2.478559944882,10.735687206828));
#1194 = CARTESIAN_POINT('',(2.102576864245,10.597959565937));
#1195 = CARTESIAN_POINT('',(1.977923743585,10.549616581152));
#1196 = CARTESIAN_POINT('',(1.854049961244,10.499352444265));
#1197 = CARTESIAN_POINT('',(1.730803395954,10.447405184747));
#1198 = CARTESIAN_POINT('',(1.608101611859,10.394259891014));
#1199 = CARTESIAN_POINT('',(1.486037994593,10.34075805788));
#1200 = CARTESIAN_POINT('',(1.36476745132,10.287794632811));
#1201 = CARTESIAN_POINT('',(1.244171674746,10.235602761132));
#1202 = CARTESIAN_POINT('',(1.062870119258,10.156137964495));
#1203 = CARTESIAN_POINT('',(1.002401962373,10.12959484649));
#1204 = CARTESIAN_POINT('',(0.941796296152,10.102591858));
#1205 = CARTESIAN_POINT('',(0.881018564169,10.075315128729));
#1206 = CARTESIAN_POINT('',(0.820024490675,10.047867092315));
#1207 = CARTESIAN_POINT('',(0.758729485153,10.020003019546));
#1208 = CARTESIAN_POINT('',(0.697025818561,9.99127892832));
#1209 = CARTESIAN_POINT('',(0.634847571324,9.961610870633));
#1210 = CARTESIAN_POINT('',(0.509719134707,9.902880322087));
#1211 = CARTESIAN_POINT('',(0.446771968075,9.873843861026));
#1212 = CARTESIAN_POINT('',(0.383496561537,9.846091029804));
#1213 = CARTESIAN_POINT('',(0.319947623511,9.82057664504));
#1214 = CARTESIAN_POINT('',(0.256179862414,9.798255523366));
#1215 = CARTESIAN_POINT('',(0.192247986666,9.780082481396));
#1216 = CARTESIAN_POINT('',(0.128206704684,9.767012335763));
#1217 = CARTESIAN_POINT('',(6.411072488509E-02,9.759999903085));
#1218 = CARTESIAN_POINT('',(-6.408121350796E-02,9.760000096892));
#1219 = CARTESIAN_POINT('',(-0.128177172103,9.767012723378));
#1220 = CARTESIAN_POINT('',(-0.192218414564,9.780083062652));
#1221 = CARTESIAN_POINT('',(-0.256150235363,9.798256297935));
#1222 = CARTESIAN_POINT('',(-0.319917928966,9.820577612422));
#1223 = CARTESIAN_POINT('',(-0.383466789844,9.846092189341));
#1224 = CARTESIAN_POINT('',(-0.446742112465,9.873845211888));
#1225 = CARTESIAN_POINT('',(-0.5096891913,9.902881863283));
#1226 = CARTESIAN_POINT('',(-0.634817450332,9.961612790181));
#1227 = CARTESIAN_POINT('',(-0.696995607861,9.991281035876));
#1228 = CARTESIAN_POINT('',(-0.758699187599,10.020005313674));
#1229 = CARTESIAN_POINT('',(-0.819994108869,10.047869571785));
#1230 = CARTESIAN_POINT('',(-0.880988099367,10.075317792622));
#1231 = CARTESIAN_POINT('',(-0.941765748874,10.102594705672));
#1232 = CARTESIAN_POINT('',(-1.002371333445,10.129597877412));
#1233 = CARTESIAN_POINT('',(-1.062839410071,10.156141178256));
#1234 = CARTESIAN_POINT('',(-1.24414072528,10.235606523095));
#1235 = CARTESIAN_POINT('',(-1.36473634404,10.287798759421));
#1236 = CARTESIAN_POINT('',(-1.486006727167,10.340762551175));
#1237 = CARTESIAN_POINT('',(-1.608070182658,10.394264753396));
#1238 = CARTESIAN_POINT('',(-1.730771806058,10.44741041814));
#1239 = CARTESIAN_POINT('',(-1.854018214273,10.499358050321));
#1240 = CARTESIAN_POINT('',(-1.97789184463,10.549622561765));
#1241 = CARTESIAN_POINT('',(-2.102544819115,10.597965923464));
#1242 = CARTESIAN_POINT('',(-2.478527483301,10.735694701217));
#1243 = CARTESIAN_POINT('',(-2.731866111557,10.818329940904));
#1244 = CARTESIAN_POINT('',(-2.988687842052,10.890513938725));
#1245 = CARTESIAN_POINT('',(-3.24886904427,10.952025864167));
#1246 = CARTESIAN_POINT('',(-3.512150977124,11.000921719707));
#1247 = CARTESIAN_POINT('',(-3.778067461571,11.034351477718));
#1248 = CARTESIAN_POINT('',(-4.045595879161,11.050468958027));
#1249 = CARTESIAN_POINT('',(-4.313115253342,11.048940417374));
#1250 = CARTESIAN_POINT('',(-4.845395087114,11.006175225962));
#1251 = CARTESIAN_POINT('',(-5.11021468738,10.964770113198));
#1252 = CARTESIAN_POINT('',(-5.371369041123,10.904530394691));
#1253 = CARTESIAN_POINT('',(-5.626919286462,10.819081901393));
#1254 = CARTESIAN_POINT('',(-5.87525847214,10.713064264699));
#1255 = CARTESIAN_POINT('',(-6.112838000944,10.586977209698));
#1256 = CARTESIAN_POINT('',(-6.336392865652,10.437126086028));
#1257 = CARTESIAN_POINT('',(-6.546681842504,10.270740687598));
#1258 = CARTESIAN_POINT('',(-6.935471719592,9.904432591614));
#1259 = CARTESIAN_POINT('',(-7.114182424806,9.704777406502));
#1260 = CARTESIAN_POINT('',(-7.276948700775,9.491087754885));
#1261 = CARTESIAN_POINT('',(-7.422925229075,9.265695771608));
#1262 = CARTESIAN_POINT('',(-7.552322428674,9.030765208066));
#1263 = CARTESIAN_POINT('',(-7.666216227247,8.788241551385));
#1264 = CARTESIAN_POINT('',(-7.765702635549,8.539811443804));
#1265 = CARTESIAN_POINT('',(-7.851573016665,8.286896735813));
#1266 = CARTESIAN_POINT('',(-7.962742404297,7.902614391662));
#1267 = CARTESIAN_POINT('',(-7.996773125556,7.773721289168));
#1268 = CARTESIAN_POINT('',(-8.028051139211,7.644182380295));
#1269 = CARTESIAN_POINT('',(-8.056693753502,7.514040811783));
#1270 = CARTESIAN_POINT('',(-8.082745257729,7.383285207357));
#1271 = CARTESIAN_POINT('',(-8.106259628792,7.251905179373));
#1272 = CARTESIAN_POINT('',(-8.127383237686,7.119946840467));
#1273 = CARTESIAN_POINT('',(-8.146437556035,6.9875683152));
#1274 = CARTESIAN_POINT('',(-8.181566169165,6.722622188209));
#1275 = CARTESIAN_POINT('',(-8.197815620597,6.590281879281));
#1276 = CARTESIAN_POINT('',(-8.212446138568,6.457292022673));
#1277 = CARTESIAN_POINT('',(-8.226998120431,6.325318886091));
#1278 = CARTESIAN_POINT('',(-8.242115086309,6.194838118866));
#1279 = CARTESIAN_POINT('',(-8.257280121686,6.064784875425));
#1280 = CARTESIAN_POINT('',(-8.271736769935,5.93377631434));
#1281 = CARTESIAN_POINT('',(-8.285301029173,5.801189536701));
#1282 = CARTESIAN_POINT('',(-8.304006147234,5.598972273015));
#1283 = CARTESIAN_POINT('',(-8.310054922191,5.531069055741));
#1284 = CARTESIAN_POINT('',(-8.315301129912,5.462140748333));
#1285 = CARTESIAN_POINT('',(-8.320457563206,5.392647656786));
#1286 = CARTESIAN_POINT('',(-8.326639869226,5.32334953377));
#1287 = CARTESIAN_POINT('',(-8.334819949114,5.254899283743));
#1288 = CARTESIAN_POINT('',(-8.34565899847,5.187718859851));
#1289 = CARTESIAN_POINT('',(-8.359720188787,5.122157352693));
#1290 = CARTESIAN_POINT('',(-8.396401790658,4.995705189063));
#1291 = CARTESIAN_POINT('',(-8.419307439916,4.934967235659));
#1292 = CARTESIAN_POINT('',(-8.445352955725,4.875957864412));
#1293 = CARTESIAN_POINT('',(-8.48065860845,4.822273797631));
#1294 = CARTESIAN_POINT('',(-8.52180146806,4.772001969067));
#1295 = CARTESIAN_POINT('',(-8.566084119984,4.723648190485));
#1296 = CARTESIAN_POINT('',(-8.615095464664,4.678192987411));
#1297 = CARTESIAN_POINT('',(-8.666789176326,4.634518079212));
#1298 = CARTESIAN_POINT('',(-8.774402937742,4.550197937564));
#1299 = CARTESIAN_POINT('',(-8.830105807417,4.509454963294));
#1300 = CARTESIAN_POINT('',(-8.887659724361,4.470048874271));
#1301 = CARTESIAN_POINT('',(-8.945220398976,4.431121695719));
#1302 = CARTESIAN_POINT('',(-9.00159399242,4.392096608518));
#1303 = CARTESIAN_POINT('',(-9.056776019108,4.35291088841));
#1304 = CARTESIAN_POINT('',(-9.111381352248,4.313769527376));
#1305 = CARTESIAN_POINT('',(-9.165767331599,4.274766199226));
#1306 = CARTESIAN_POINT('',(-9.273536613647,4.196670263777));
#1307 = CARTESIAN_POINT('',(-9.327053980976,4.157627341489));
#1308 = CARTESIAN_POINT('',(-9.380244084485,4.118565680183));
#1309 = CARTESIAN_POINT('',(-9.43322020964,4.079470480077));
#1310 = CARTESIAN_POINT('',(-9.48612890846,4.040331020339));
#1311 = CARTESIAN_POINT('',(-9.539109990633,4.001135753446));
#1312 = CARTESIAN_POINT('',(-9.592256514445,3.961867399454));
#1313 = CARTESIAN_POINT('',(-9.645574777887,3.922498040345));
#1314 = CARTESIAN_POINT('',(-9.912422436594,3.724928910221));
#1315 = CARTESIAN_POINT('',(-10.12644427264,3.564427468162));
#1316 = CARTESIAN_POINT('',(-10.34028348447,3.400477405013));
#1317 = CARTESIAN_POINT('',(-10.54152087102,3.226494868583));
#1318 = CARTESIAN_POINT('',(-10.73632946772,3.045649671086));
#1319 = CARTESIAN_POINT('',(-10.92718791499,2.858018073335));
#1320 = CARTESIAN_POINT('',(-11.10673403287,2.659264546212));
#1321 = CARTESIAN_POINT('',(-11.27561234544,2.452351284167));
#1322 = CARTESIAN_POINT('',(-11.58700985479,2.018772302742));
#1323 = CARTESIAN_POINT('',(-11.72955094685,1.792164420551));
#1324 = CARTESIAN_POINT('',(-11.85729078612,1.557654731944));
#1325 = CARTESIAN_POINT('',(-11.96709176766,1.311592855249));
#1326 = CARTESIAN_POINT('',(-12.0588802972,1.058485096189));
#1327 = CARTESIAN_POINT('',(-12.1297007465,0.799856783595));
#1328 = CARTESIAN_POINT('',(-12.17580930024,0.53403643134));
#1329 = CARTESIAN_POINT('',(-12.19999959613,0.267138864897));
#1330 = CARTESIAN_POINT('',(-12.20000040383,-0.267101975675));
#1331 = CARTESIAN_POINT('',(-12.17581091496,-0.533999615262));
#1332 = CARTESIAN_POINT('',(-12.12970316497,-0.799820106934));
#1333 = CARTESIAN_POINT('',(-12.05888349769,-1.058448633667));
#1334 = CARTESIAN_POINT('',(-11.96709573348,-1.311556670268));
#1335 = CARTESIAN_POINT('',(-11.85729549596,-1.557618878968));
#1336 = CARTESIAN_POINT('',(-11.72955636577,-1.792128953821));
#1337 = CARTESIAN_POINT('',(-11.58701595892,-2.018737267013));
#1338 = CARTESIAN_POINT('',(-11.27561976058,-2.452317190012));
#1339 = CARTESIAN_POINT('',(-11.10674207365,-2.659230962694));
#1340 = CARTESIAN_POINT('',(-10.92719655675,-2.857985032711));
#1341 = CARTESIAN_POINT('',(-10.73633867682,-3.045617207561));
#1342 = CARTESIAN_POINT('',(-10.54153062695,-3.226462994101));
#1343 = CARTESIAN_POINT('',(-10.34029376647,-3.400446139014));
#1344 = CARTESIAN_POINT('',(-10.12645505037,-3.564396848749));
#1345 = CARTESIAN_POINT('',(-9.912433699641,-3.724898937947));
#1346 = CARTESIAN_POINT('',(-9.645586638326,-3.922468874939));
#1347 = CARTESIAN_POINT('',(-9.592268493927,-3.961838395266));
#1348 = CARTESIAN_POINT('',(-9.539122088849,-4.001106909957));
#1349 = CARTESIAN_POINT('',(-9.486141125195,-4.04030233705));
#1350 = CARTESIAN_POINT('',(-9.433232544716,-4.079441956766));
#1351 = CARTESIAN_POINT('',(-9.38025653778,-4.118537317059));
#1352 = CARTESIAN_POINT('',(-9.327066552378,-4.157599139194));
#1353 = CARTESIAN_POINT('',(-9.273549303105,-4.196642223304));
#1354 = CARTESIAN_POINT('',(-9.165780257196,-4.274738484615));
#1355 = CARTESIAN_POINT('',(-9.111394395781,-4.313741977212));
#1356 = CARTESIAN_POINT('',(-9.056789180991,-4.352883503356));
#1357 = CARTESIAN_POINT('',(-9.001607272792,-4.392069390318));
#1358 = CARTESIAN_POINT('',(-8.945233797347,-4.431094647975));
#1359 = CARTESIAN_POINT('',(-8.887673240438,-4.470022000575));
#1360 = CARTESIAN_POINT('',(-8.830119442645,-4.509428263623));
#1361 = CARTESIAN_POINT('',(-8.774416696165,-4.550171406323));
#1362 = CARTESIAN_POINT('',(-8.666803189709,-4.634491873363));
#1363 = CARTESIAN_POINT('',(-8.61510961011,-4.678166937869));
#1364 = CARTESIAN_POINT('',(-8.566098402869,-4.723622289136));
#1365 = CARTESIAN_POINT('',(-8.521815897158,-4.77197620162));
#1366 = CARTESIAN_POINT('',(-8.48067318955,-4.822248154583));
#1367 = CARTESIAN_POINT('',(-8.445367699155,-4.875932328121));
#1368 = CARTESIAN_POINT('',(-8.41932236177,-4.93494177812));
#1369 = CARTESIAN_POINT('',(-8.396416896167,-4.995679800785));
#1370 = CARTESIAN_POINT('',(-8.35973567665,-5.122132075328));
#1371 = CARTESIAN_POINT('',(-8.345674684572,-5.187693625002));
#1372 = CARTESIAN_POINT('',(-8.33483583835,-5.254874081668));
#1373 = CARTESIAN_POINT('',(-8.326655965435,-5.32332435643));
#1374 = CARTESIAN_POINT('',(-8.320473868953,-5.392622498139));
#1375 = CARTESIAN_POINT('',(-8.315317645786,-5.462115605277));
#1376 = CARTESIAN_POINT('',(-8.310071646484,-5.531043928547));
#1377 = CARTESIAN_POINT('',(-8.304023076846,-5.598947164111));
#1378 = CARTESIAN_POINT('',(-8.28531857023,-5.801164484355));
#1379 = CARTESIAN_POINT('',(-8.271754711895,-5.933751303007));
#1380 = CARTESIAN_POINT('',(-8.25729845978,-6.064759907805));
#1381 = CARTESIAN_POINT('',(-8.242133817643,-6.194813197098));
#1382 = CARTESIAN_POINT('',(-8.227017246304,-6.325294010034));
#1383 = CARTESIAN_POINT('',(-8.212465663486,-6.457267190614));
#1384 = CARTESIAN_POINT('',(-8.197835547639,-6.590257091462));
#1385 = CARTESIAN_POINT('',(-8.181586496365,-6.722597449522));
#1386 = CARTESIAN_POINT('',(-8.146458684354,-6.987543682731));
#1387 = CARTESIAN_POINT('',(-8.12740476628,-7.119922265611));
#1388 = CARTESIAN_POINT('',(-8.106281556388,-7.251880668388));
#1389 = CARTESIAN_POINT('',(-8.082767582583,-7.383260767472));
#1390 = CARTESIAN_POINT('',(-8.056716473719,-7.51401645067));
#1391 = CARTESIAN_POINT('',(-8.028074252941,-7.644158105788));
#1392 = CARTESIAN_POINT('',(-7.996796630972,-7.773697109236));
#1393 = CARTESIAN_POINT('',(-7.962766299449,-7.902590314628));
#1394 = CARTESIAN_POINT('',(-7.851598073774,-8.286872994921));
#1395 = CARTESIAN_POINT('',(-7.765728457398,-8.539787962558));
#1396 = CARTESIAN_POINT('',(-7.666242800276,-8.788218370956));
#1397 = CARTESIAN_POINT('',(-7.552349735024,-9.030742372017));
#1398 = CARTESIAN_POINT('',(-7.422953245787,-9.265673326817));
#1399 = CARTESIAN_POINT('',(-7.276977399007,-9.491065751483));
#1400 = CARTESIAN_POINT('',(-7.114211769174,-9.704755895257));
#1401 = CARTESIAN_POINT('',(-6.935501667659,-9.904411620737));
#1402 = CARTESIAN_POINT('',(-6.546712898181,-10.2707208923));
#1403 = CARTESIAN_POINT('',(-6.33642442443,-10.43710692658));
#1404 = CARTESIAN_POINT('',(-6.112870012831,-10.58695872622));
#1405 = CARTESIAN_POINT('',(-5.875290865276,-10.71304649959));
#1406 = CARTESIAN_POINT('',(-5.626952000167,-10.81906488719));
#1407 = CARTESIAN_POINT('',(-5.371402013199,-10.90451415319));
#1408 = CARTESIAN_POINT('',(-5.110247841606,-10.96475466135));
#1409 = CARTESIAN_POINT('',(-4.845428366537,-11.00616057485));
#1410 = CARTESIAN_POINT('',(-4.313148662077,-11.04892737572));
#1411 = CARTESIAN_POINT('',(-4.045629292519,-11.05045672528));
#1412 = CARTESIAN_POINT('',(-3.778100826195,-11.03434005389));
#1413 = CARTESIAN_POINT('',(-3.512184240669,-11.00091109994));
#1414 = CARTESIAN_POINT('',(-3.248902159968,-10.95201604048));
#1415 = CARTESIAN_POINT('',(-2.988720771759,-10.89050490176));
#1416 = CARTESIAN_POINT('',(-2.731898823001,-10.81832168049));
#1417 = CARTESIAN_POINT('',(-2.478559944882,-10.73568720682));
#1418 = CARTESIAN_POINT('',(-2.102576864245,-10.59795956593));
#1419 = CARTESIAN_POINT('',(-1.977923743585,-10.54961658115));
#1420 = CARTESIAN_POINT('',(-1.854049961244,-10.49935244426));
#1421 = CARTESIAN_POINT('',(-1.730803395954,-10.44740518474));
#1422 = CARTESIAN_POINT('',(-1.608101611859,-10.39425989101));
#1423 = CARTESIAN_POINT('',(-1.486037994593,-10.34075805788));
#1424 = CARTESIAN_POINT('',(-1.36476745132,-10.28779463281));
#1425 = CARTESIAN_POINT('',(-1.244171674746,-10.23560276113));
#1426 = CARTESIAN_POINT('',(-1.062870119258,-10.15613796449));
#1427 = CARTESIAN_POINT('',(-1.002401962373,-10.12959484649));
#1428 = CARTESIAN_POINT('',(-0.941796296152,-10.10259185799));
#1429 = CARTESIAN_POINT('',(-0.881018564169,-10.07531512873));
#1430 = CARTESIAN_POINT('',(-0.820024490675,-10.04786709231));
#1431 = CARTESIAN_POINT('',(-0.758729485153,-10.02000301954));
#1432 = CARTESIAN_POINT('',(-0.697025818561,-9.991278928319));
#1433 = CARTESIAN_POINT('',(-0.634847571324,-9.961610870634));
#1434 = CARTESIAN_POINT('',(-0.509719134707,-9.902880322086));
#1435 = CARTESIAN_POINT('',(-0.446771968075,-9.873843861026));
#1436 = CARTESIAN_POINT('',(-0.383496561537,-9.846091029804));
#1437 = CARTESIAN_POINT('',(-0.31994762351,-9.82057664504));
#1438 = CARTESIAN_POINT('',(-0.256179862414,-9.798255523366));
#1439 = CARTESIAN_POINT('',(-0.192247986666,-9.780082481396));
#1440 = CARTESIAN_POINT('',(-0.128206704684,-9.767012335763));
#1441 = CARTESIAN_POINT('',(-6.411072488509E-02,-9.759999903085));
#1442 = CARTESIAN_POINT('',(6.408121350796E-02,-9.760000096892));
#1443 = CARTESIAN_POINT('',(0.128177172103,-9.767012723378));
#1444 = CARTESIAN_POINT('',(0.192218414564,-9.780083062653));
#1445 = CARTESIAN_POINT('',(0.256150235363,-9.798256297934));
#1446 = CARTESIAN_POINT('',(0.319917928966,-9.820577612423));
#1447 = CARTESIAN_POINT('',(0.383466789844,-9.846092189341));
#1448 = CARTESIAN_POINT('',(0.446742112465,-9.873845211888));
#1449 = CARTESIAN_POINT('',(0.5096891913,-9.902881863283));
#1450 = CARTESIAN_POINT('',(0.634817450332,-9.961612790181));
#1451 = CARTESIAN_POINT('',(0.696995607861,-9.991281035875));
#1452 = CARTESIAN_POINT('',(0.758699187599,-10.02000531367));
#1453 = CARTESIAN_POINT('',(0.819994108869,-10.04786957178));
#1454 = CARTESIAN_POINT('',(0.880988099367,-10.07531779262));
#1455 = CARTESIAN_POINT('',(0.941765748874,-10.10259470567));
#1456 = CARTESIAN_POINT('',(1.002371333445,-10.12959787741));
#1457 = CARTESIAN_POINT('',(1.062839410071,-10.15614117825));
#1458 = CARTESIAN_POINT('',(1.24414072528,-10.23560652309));
#1459 = CARTESIAN_POINT('',(1.36473634404,-10.28779875942));
#1460 = CARTESIAN_POINT('',(1.486006727167,-10.34076255117));
#1461 = CARTESIAN_POINT('',(1.608070182658,-10.39426475339));
#1462 = CARTESIAN_POINT('',(1.730771806057,-10.44741041814));
#1463 = CARTESIAN_POINT('',(1.854018214273,-10.49935805032));
#1464 = CARTESIAN_POINT('',(1.97789184463,-10.54962256176));
#1465 = CARTESIAN_POINT('',(2.102544819115,-10.59796592346));
#1466 = CARTESIAN_POINT('',(2.478527483301,-10.73569470121));
#1467 = CARTESIAN_POINT('',(2.731866111557,-10.8183299409));
#1468 = CARTESIAN_POINT('',(2.988687842053,-10.89051393872));
#1469 = CARTESIAN_POINT('',(3.248869044269,-10.95202586416));
#1470 = CARTESIAN_POINT('',(3.512150977125,-11.00092171971));
#1471 = CARTESIAN_POINT('',(3.77806746157,-11.03435147771));
#1472 = CARTESIAN_POINT('',(4.045595879161,-11.05046895802));
#1473 = CARTESIAN_POINT('',(4.313115253342,-11.04894041737));
#1474 = CARTESIAN_POINT('',(4.845395087114,-11.00617522596));
#1475 = CARTESIAN_POINT('',(5.11021468738,-10.96477011319));
#1476 = CARTESIAN_POINT('',(5.371369041124,-10.90453039469));
#1477 = CARTESIAN_POINT('',(5.626919286463,-10.81908190139));
#1478 = CARTESIAN_POINT('',(5.875258472138,-10.7130642647));
#1479 = CARTESIAN_POINT('',(6.112838000942,-10.5869772097));
#1480 = CARTESIAN_POINT('',(6.336392865655,-10.43712608602));
#1481 = CARTESIAN_POINT('',(6.546681842507,-10.27074068759));
#1482 = CARTESIAN_POINT('',(6.935471719588,-9.904432591618));
#1483 = CARTESIAN_POINT('',(7.11418242482,-9.704777406486));
#1484 = CARTESIAN_POINT('',(7.276948700707,-9.491087754959));
#1485 = CARTESIAN_POINT('',(7.422925229065,-9.265695771617));
#1486 = CARTESIAN_POINT('',(7.552322428803,-9.030765207927));
#1487 = CARTESIAN_POINT('',(7.666216227352,-8.78824155127));
#1488 = CARTESIAN_POINT('',(7.765702635442,-8.53981144392));
#1489 = CARTESIAN_POINT('',(7.851573016486,-8.286896736006));
#1490 = CARTESIAN_POINT('',(7.962742404311,-7.902614391647));
#1491 = CARTESIAN_POINT('',(7.996773125658,-7.773721289056));
#1492 = CARTESIAN_POINT('',(8.028051139495,-7.644182379989));
#1493 = CARTESIAN_POINT('',(8.056693753991,-7.514040811251));
#1494 = CARTESIAN_POINT('',(8.082745258326,-7.383285206712));
#1495 = CARTESIAN_POINT('',(8.106259629268,-7.251905178854));
#1496 = CARTESIAN_POINT('',(8.127383237773,-7.119946840373));
#1497 = CARTESIAN_POINT('',(8.146437555555,-6.98756831572));
#1498 = CARTESIAN_POINT('',(8.181566167814,-6.722622189673));
#1499 = CARTESIAN_POINT('',(8.19781561919,-6.590281880806));
#1500 = CARTESIAN_POINT('',(8.212446136588,-6.45729202482));
#1501 = CARTESIAN_POINT('',(8.226998119104,-6.325318887528));
#1502 = CARTESIAN_POINT('',(8.242115087326,-6.194838117764));
#1503 = CARTESIAN_POINT('',(8.257280125531,-6.064784871255));
#1504 = CARTESIAN_POINT('',(8.271736775551,-5.933776308251));
#1505 = CARTESIAN_POINT('',(8.285301034775,-5.801189530626));
#1506 = CARTESIAN_POINT('',(8.304006149015,-5.598972271085));
#1507 = CARTESIAN_POINT('',(8.310054922119,-5.531069055818));
#1508 = CARTESIAN_POINT('',(8.315301126883,-5.46214075162));
#1509 = CARTESIAN_POINT('',(8.320457556537,-5.392647664016));
#1510 = CARTESIAN_POINT('',(8.326639858963,-5.3233495449));
#1511 = CARTESIAN_POINT('',(8.334819935909,-5.254899298058));
#1512 = CARTESIAN_POINT('',(8.345658983376,-5.187718876216));
#1513 = CARTESIAN_POINT('',(8.359720173172,-5.122157369623));
#1514 = CARTESIAN_POINT('',(8.396401778096,-4.995705202684));
#1515 = CARTESIAN_POINT('',(8.419307431384,-4.934967244911));
#1516 = CARTESIAN_POINT('',(8.445352951052,-4.875957869477));
#1517 = CARTESIAN_POINT('',(8.480658615531,-4.822273789956));
#1518 = CARTESIAN_POINT('',(8.521801489266,-4.772001946073));
#1519 = CARTESIAN_POINT('',(8.566084153213,-4.723648154459));
#1520 = CARTESIAN_POINT('',(8.61509550942,-4.678192938885));
#1521 = CARTESIAN_POINT('',(8.666789228562,-4.634518022578));
#1522 = CARTESIAN_POINT('',(8.774402993925,-4.550197876648));
#1523 = CARTESIAN_POINT('',(8.830105858472,-4.509454907939));
#1524 = CARTESIAN_POINT('',(8.887659767949,-4.470048827008));
#1525 = CARTESIAN_POINT('',(8.945220422799,-4.431121669894));
#1526 = CARTESIAN_POINT('',(9.001593979519,-4.392096622501));
#1527 = CARTESIAN_POINT('',(9.056775957643,-4.352910955055));
#1528 = CARTESIAN_POINT('',(9.111381240538,-4.313769648495));
#1529 = CARTESIAN_POINT('',(9.165767176033,-4.274766367896));
#1530 = CARTESIAN_POINT('',(9.273536388796,-4.196670507568));
#1531 = CARTESIAN_POINT('',(9.327053735924,-4.15762760718));
#1532 = CARTESIAN_POINT('',(9.380243829291,-4.118565956874));
#1533 = CARTESIAN_POINT('',(9.433219961909,-4.07947074867));
#1534 = CARTESIAN_POINT('',(9.486128698786,-4.040331247675));
#1535 = CARTESIAN_POINT('',(9.539109861474,-4.001135893481));
#1536 = CARTESIAN_POINT('',(9.592256512529,-3.961867401532));
#1537 = CARTESIAN_POINT('',(9.645574940053,-3.922497864521));
#1538 = CARTESIAN_POINT('',(9.912423450663,-3.72492781074));
#1539 = CARTESIAN_POINT('',(10.126444281255,-3.564427458822));
#1540 = CARTESIAN_POINT('',(10.340290037888,-3.400470299625));
#1541 = CARTESIAN_POINT('',(10.541517199702,-3.226498849129));
#1542 = CARTESIAN_POINT('',(10.736308752814,-3.045672130745));
#1543 = CARTESIAN_POINT('',(10.92717847327,-2.858028310308));
#1544 = CARTESIAN_POINT('',(11.106762843189,-2.65923330929));
#1545 = CARTESIAN_POINT('',(11.275638709508,-2.452322699536));
#1546 = CARTESIAN_POINT('',(11.586974533327,-2.018810599233));
#1547 = CARTESIAN_POINT('',(11.729243525536,-1.792379129858));
#1548 = CARTESIAN_POINT('',(11.858127021808,-1.557205539765));
#1549 = CARTESIAN_POINT('',(11.965069993668,-1.312971624516));
#1550 = CARTESIAN_POINT('',(12.061522293825,-1.056433864842));
#1551 = CARTESIAN_POINT('',(12.129739987698,-0.799356760155));
#1552 = CARTESIAN_POINT('',(12.174866421074,-0.535177331514));
#1553 = CARTESIAN_POINT('',(12.198640873677,-0.2686120284));
#1554 = CARTESIAN_POINT('',(12.199999999986,-1.844461070855E-05));
#1555 = ( GEOMETRIC_REPRESENTATION_CONTEXT(2) 
PARAMETRIC_REPRESENTATION_CONTEXT() REPRESENTATION_CONTEXT('2D SPACE',''
  ) );
#1556 = FACE_BOUND('',#1557,.F.);
#1557 = EDGE_LOOP('',(#1558));
#1558 = ORIENTED_EDGE('',*,*,#1559,.F.);
#1559 = EDGE_CURVE('',#1560,#1560,#1562,.T.);
#1560 = VERTEX_POINT('',#1561);
#1561 = CARTESIAN_POINT('',(-2.670279443231E-15,-12.2,5.79));
#1562 = SURFACE_CURVE('',#1563,(#1674,#1835),.PCURVE_S1.);
#1563 = B_SPLINE_CURVE_WITH_KNOTS('',7,(#1564,#1565,#1566,#1567,#1568,
    #1569,#1570,#1571,#1572,#1573,#1574,#1575,#1576,#1577,#1578,#1579,
    #1580,#1581,#1582,#1583,#1584,#1585,#1586,#1587,#1588,#1589,#1590,
    #1591,#1592,#1593,#1594,#1595,#1596,#1597,#1598,#1599,#1600,#1601,
    #1602,#1603,#1604,#1605,#1606,#1607,#1608,#1609,#1610,#1611,#1612,
    #1613,#1614,#1615,#1616,#1617,#1618,#1619,#1620,#1621,#1622,#1623,
    #1624,#1625,#1626,#1627,#1628,#1629,#1630,#1631,#1632,#1633,#1634,
    #1635,#1636,#1637,#1638,#1639,#1640,#1641,#1642,#1643,#1644,#1645,
    #1646,#1647,#1648,#1649,#1650,#1651,#1652,#1653,#1654,#1655,#1656,
    #1657,#1658,#1659,#1660,#1661,#1662,#1663,#1664,#1665,#1666,#1667,
    #1668,#1669,#1670,#1671,#1672,#1673),.UNSPECIFIED.,.T.,.F.,(8,6,6,6,
    6,6,6,6,6,6,6,6,6,6,6,6,6,6,8),(0.,0.237012447178,0.356705218462,
    0.484922485352,0.609041467434,0.733634849461,0.892927583113,
    1.110414173905,1.234295123902,1.471893525419,1.710248545311,
    1.820941940018,1.949411148741,2.07855133405,2.197240811567,
    2.446285078763,2.576150488871,2.710578507957,2.931123015169),
  .UNSPECIFIED.);
#1564 = CARTESIAN_POINT('',(-2.442490654175E-15,-12.2,5.79));
#1565 = CARTESIAN_POINT('',(-9.242216097774E-02,-12.2,5.79));
#1566 = CARTESIAN_POINT('',(-0.184869009064,-12.19702636841,
    5.797909321753));
#1567 = CARTESIAN_POINT('',(-0.276337434888,-12.19111286552,
    5.813734482915));
#1568 = CARTESIAN_POINT('',(-0.365919423258,-12.18246722171,
    5.837283536066));
#1569 = CARTESIAN_POINT('',(-0.452808318594,-12.17142839239,
    5.868237434787));
#1570 = CARTESIAN_POINT('',(-0.536296809902,-12.15842712888,
    5.906198103074));
#1571 = CARTESIAN_POINT('',(-0.655899395177,-12.13663875635,
    5.973193615118));
#1572 = CARTESIAN_POINT('',(-0.695012572121,-12.12895066873,
    5.997348642607));
#1573 = CARTESIAN_POINT('',(-0.733030253843,-12.12094463461,
    6.023123017893));
#1574 = CARTESIAN_POINT('',(-0.769884528105,-12.11269326945,
    6.050461779249));
#1575 = CARTESIAN_POINT('',(-0.805506672236,-12.10425114835,
    6.079304187992));
#1576 = CARTESIAN_POINT('',(-0.839838490749,-12.09569874966,
    6.109594327298));
#1577 = CARTESIAN_POINT('',(-0.908154014663,-12.07790188859,
    6.175210694262));
#1578 = CARTESIAN_POINT('',(-0.941937682603,-12.06865202038,
    6.21074088161));
#1579 = CARTESIAN_POINT('',(-0.974102224158,-12.05944507488,
    6.247794256449));
#1580 = CARTESIAN_POINT('',(-1.00457750478,-12.05037023495,
    6.286297209024));
#1581 = CARTESIAN_POINT('',(-1.03329426741,-12.04151604212,
    6.326172288734));
#1582 = CARTESIAN_POINT('',(-1.060184641804,-12.0329689562,
    6.367337280479));
#1583 = CARTESIAN_POINT('',(-1.109381639575,-12.01691560228,
    6.450717079873));
#1584 = CARTESIAN_POINT('',(-1.131807009164,-12.00938488871,
    6.492855816462));
#1585 = CARTESIAN_POINT('',(-1.152398126454,-12.00229514596,
    6.536038813726));
#1586 = CARTESIAN_POINT('',(-1.171095444372,-11.99571887691,
    6.58017756175));
#1587 = CARTESIAN_POINT('',(-1.187842489035,-11.98972351373,
    6.625175645245));
#1588 = CARTESIAN_POINT('',(-1.20258784385,-11.98436921585,
    6.670927671069));
#1589 = CARTESIAN_POINT('',(-1.228034961803,-11.97502629923,
    6.763886031392));
#1590 = CARTESIAN_POINT('',(-1.238721696522,-11.97104267717,
    6.811099608024));
#1591 = CARTESIAN_POINT('',(-1.247301601642,-11.96780756754,
    6.85883905483));
#1592 = CARTESIAN_POINT('',(-1.253738347493,-11.96536182443,
    6.906979010579));
#1593 = CARTESIAN_POINT('',(-1.258006446639,-11.9637339171,
    6.955388768157));
#1594 = CARTESIAN_POINT('',(-1.260092689666,-11.96293845682,
    7.003932419117));
#1595 = CARTESIAN_POINT('',(-1.259875984427,-11.963021091,7.114523051545
    ));
#1596 = CARTESIAN_POINT('',(-1.256188649409,-11.96442690314,
    7.176574769221));
#1597 = CARTESIAN_POINT('',(-1.248936206356,-11.96719229245,
    7.238325748748));
#1598 = CARTESIAN_POINT('',(-1.238156202843,-11.97127562675,
    7.299494658874));
#1599 = CARTESIAN_POINT('',(-1.223917359843,-11.97659955492,
    7.359817135199));
#1600 = CARTESIAN_POINT('',(-1.206313828008,-11.98305705244,
    7.419045675753));
#1601 = CARTESIAN_POINT('',(-1.156986400678,-12.00070336857,
    7.556007212333));
#1602 = CARTESIAN_POINT('',(-1.122449051978,-12.01276078151,
    7.63260853634));
#1603 = CARTESIAN_POINT('',(-1.082126245953,-12.02636257599,
    7.706192737002));
#1604 = CARTESIAN_POINT('',(-1.036342800036,-12.04111280473,
    7.776287231678));
#1605 = CARTESIAN_POINT('',(-0.985445576171,-12.05657855652,
    7.842486441092));
#1606 = CARTESIAN_POINT('',(-0.92974812766,-12.07233468014,
    7.904444445256));
#1607 = CARTESIAN_POINT('',(-0.835361010714,-12.09682972643,
    7.994464117797));
#1608 = CARTESIAN_POINT('',(-0.799667878512,-12.10567101931,
    8.025639217008));
#1609 = CARTESIAN_POINT('',(-0.762598906554,-12.11438514489,
    8.055257389314));
#1610 = CARTESIAN_POINT('',(-0.724219658273,-12.12288568582,
    8.083255952512));
#1611 = CARTESIAN_POINT('',(-0.684606445205,-12.1311106943,
    8.109568150211));
#1612 = CARTESIAN_POINT('',(-0.643835639071,-12.13898062028,
    8.134133002208));
#1613 = CARTESIAN_POINT('',(-0.521739769285,-12.16071960514,
    8.20053602824));
#1614 = CARTESIAN_POINT('',(-0.437514565368,-12.17346709111,
    8.237546494474));
#1615 = CARTESIAN_POINT('',(-0.349956530442,-12.18418848078,
    8.267462653226));
#1616 = CARTESIAN_POINT('',(-0.259796262473,-12.19245051992,
    8.289887394878));
#1617 = CARTESIAN_POINT('',(-0.167857109565,-12.1979362587,
    8.304515770344));
#1618 = CARTESIAN_POINT('',(-7.506217286017E-02,-12.20043947568,
    8.311169995682));
#1619 = CARTESIAN_POINT('',(0.110515507657,-12.19946681612,
    8.308580616601));
#1620 = CARTESIAN_POINT('',(0.203338099213,-12.19597840036,8.29928553565
    ));
#1621 = CARTESIAN_POINT('',(0.295035948185,-12.18954221269,
    8.282008062393));
#1622 = CARTESIAN_POINT('',(0.384699046447,-12.18038638609,
    8.256960842727));
#1623 = CARTESIAN_POINT('',(0.471521678568,-12.1688690261,8.224480528948
    ));
#1624 = CARTESIAN_POINT('',(0.554798421559,-12.15543794383,
    8.184979722914));
#1625 = CARTESIAN_POINT('',(0.670654003411,-12.1337014761,8.117534823542
    ));
#1626 = CARTESIAN_POINT('',(0.706502288254,-12.12650241663,
    8.094729461347));
#1627 = CARTESIAN_POINT('',(0.741399692367,-12.11904833344,
    8.070550833801));
#1628 = CARTESIAN_POINT('',(0.775291148395,-12.11138910522,8.04504423031
    ));
#1629 = CARTESIAN_POINT('',(0.808125297524,-12.10357776361,8.01825555241
    ));
#1630 = CARTESIAN_POINT('',(0.839854310175,-12.09567123334,
    7.990230488279));
#1631 = CARTESIAN_POINT('',(0.90592165094,-12.07850869296,7.927106139495
    ));
#1632 = CARTESIAN_POINT('',(0.939859534132,-12.06923968613,
    7.891594705807));
#1633 = CARTESIAN_POINT('',(0.972175410287,-12.06000962582,
    7.854550900399));
#1634 = CARTESIAN_POINT('',(1.002798698444,-12.05090821931,
    7.816048646699));
#1635 = CARTESIAN_POINT('',(1.031659718494,-12.04202455652,
    7.776165690782));
#1636 = CARTESIAN_POINT('',(1.058690188101,-12.03344566379,
    7.734984522496));
#1637 = CARTESIAN_POINT('',(1.109088520008,-12.01702167291,
    7.649980667274));
#1638 = CARTESIAN_POINT('',(1.132436244406,-12.00918072569,
    7.606145707564));
#1639 = CARTESIAN_POINT('',(1.153798520803,-12.00181720952,
    7.561180219714));
#1640 = CARTESIAN_POINT('',(1.173108218828,-11.99501281662,
    7.515183964012));
#1641 = CARTESIAN_POINT('',(1.190301872002,-11.98884324838,
    7.468265946539));
#1642 = CARTESIAN_POINT('',(1.205322100007,-11.98337552588,
    7.420545706916));
#1643 = CARTESIAN_POINT('',(1.229882285529,-11.97433625144,
    7.327679569397));
#1644 = CARTESIAN_POINT('',(1.239767874495,-11.97064682235,
    7.282636004023));
#1645 = CARTESIAN_POINT('',(1.247738280878,-11.96764056904,
    7.237128245491));
#1646 = CARTESIAN_POINT('',(1.253762870811,-11.96535191818,
    7.191265101671));
#1647 = CARTESIAN_POINT('',(1.257820010943,-11.96380502402,
    7.145159738467));
#1648 = CARTESIAN_POINT('',(1.259898185848,-11.96301262513,
    7.098929565539));
#1649 = CARTESIAN_POINT('',(1.260204697861,-11.96289574582,
    6.955685213373));
#1650 = CARTESIAN_POINT('',(1.251697971022,-11.9661391108,6.858626236714
    ));
#1651 = CARTESIAN_POINT('',(1.234466972286,-11.97271352747,6.76269233092
    ));
#1652 = CARTESIAN_POINT('',(1.208747150927,-11.98237379431,
    6.668920291939));
#1653 = CARTESIAN_POINT('',(1.174917200069,-11.99468114468,6.57822271017
    ));
#1654 = CARTESIAN_POINT('',(1.133442084034,-12.0090693519,6.491401081492
    ));
#1655 = CARTESIAN_POINT('',(1.059528541905,-12.03318049022,
    6.366274801916));
#1656 = CARTESIAN_POINT('',(1.032256335442,-12.04184331158,
    6.324622952835));
#1657 = CARTESIAN_POINT('',(1.003113121573,-12.05081911566,
    6.284295487064));
#1658 = CARTESIAN_POINT('',(0.972169369133,-12.06001809164,
    6.245377618876));
#1659 = CARTESIAN_POINT('',(0.939497010961,-12.0693482639,6.20794960546)
  );
#1660 = CARTESIAN_POINT('',(0.905168918925,-12.07871701766,
    6.172087717948));
#1661 = CARTESIAN_POINT('',(0.832086180795,-12.09767552042,
    6.102440355144));
#1662 = CARTESIAN_POINT('',(0.793219882485,-12.10726138471,
    6.068773514337));
#1663 = CARTESIAN_POINT('',(0.75274099935,-12.11668754184,6.036945411286
    ));
#1664 = CARTESIAN_POINT('',(0.710734737836,-12.12584796702,
    6.007037141953));
#1665 = CARTESIAN_POINT('',(0.667298718509,-12.13466058488,
    5.979132952991));
#1666 = CARTESIAN_POINT('',(0.622532894465,-12.1430263862,5.953310780445
    ));
#1667 = CARTESIAN_POINT('',(0.50110836834,-12.16372265685,5.890824004128
    ));
#1668 = CARTESIAN_POINT('',(0.422369285786,-12.17516182288,
    5.857799852879));
#1669 = CARTESIAN_POINT('',(0.340857010717,-12.18480125056,
    5.830933793472));
#1670 = CARTESIAN_POINT('',(0.257164114157,-12.19230891481,
    5.810534541462));
#1671 = CARTESIAN_POINT('',(0.171955348413,-12.19742723766,5.79684295776
    ));
#1672 = CARTESIAN_POINT('',(8.596683149977E-02,-12.2,5.79));
#1673 = CARTESIAN_POINT('',(-2.442490654175E-15,-12.2,5.79));
#1674 = PCURVE('',#348,#1675);
#1675 = DEFINITIONAL_REPRESENTATION('',(#1676),#1834);
#1676 = B_SPLINE_CURVE_WITH_KNOTS('',3,(#1677,#1678,#1679,#1680,#1681,
    #1682,#1683,#1684,#1685,#1686,#1687,#1688,#1689,#1690,#1691,#1692,
    #1693,#1694,#1695,#1696,#1697,#1698,#1699,#1700,#1701,#1702,#1703,
    #1704,#1705,#1706,#1707,#1708,#1709,#1710,#1711,#1712,#1713,#1714,
    #1715,#1716,#1717,#1718,#1719,#1720,#1721,#1722,#1723,#1724,#1725,
    #1726,#1727,#1728,#1729,#1730,#1731,#1732,#1733,#1734,#1735,#1736,
    #1737,#1738,#1739,#1740,#1741,#1742,#1743,#1744,#1745,#1746,#1747,
    #1748,#1749,#1750,#1751,#1752,#1753,#1754,#1755,#1756,#1757,#1758,
    #1759,#1760,#1761,#1762,#1763,#1764,#1765,#1766,#1767,#1768,#1769,
    #1770,#1771,#1772,#1773,#1774,#1775,#1776,#1777,#1778,#1779,#1780,
    #1781,#1782,#1783,#1784,#1785,#1786,#1787,#1788,#1789,#1790,#1791,
    #1792,#1793,#1794,#1795,#1796,#1797,#1798,#1799,#1800,#1801,#1802,
    #1803,#1804,#1805,#1806,#1807,#1808,#1809,#1810,#1811,#1812,#1813,
    #1814,#1815,#1816,#1817,#1818,#1819,#1820,#1821,#1822,#1823,#1824,
    #1825,#1826,#1827,#1828,#1829,#1830,#1831,#1832,#1833),
  .UNSPECIFIED.,.T.,.F.,(4,1,1,1,1,1,1,1,1,1,1,1,1,1,1,1,1,1,1,1,1,1,1,1
    ,1,1,1,1,1,1,1,1,1,1,1,1,1,1,1,1,1,1,1,1,1,1,1,1,1,1,1,1,1,1,1,1,1,1
    ,1,1,1,1,1,1,1,1,1,1,1,1,1,1,1,1,1,1,1,1,1,1,1,1,1,1,1,1,1,1,1,1,1,1
    ,1,1,1,1,1,1,1,1,1,1,1,1,1,1,1,1,1,1,1,1,1,1,1,1,1,1,1,1,1,1,1,1,1,1
    ,1,1,1,1,1,1,1,1,1,1,1,1,1,1,1,1,1,1,1,1,1,1,1,1,1,1,1,1,4),(0.,
    1.903326633227E-02,3.806653266453E-02,5.70997989968E-02,
    7.613306532906E-02,9.516633166133E-02,0.114199597994,0.133232864326,
    0.152266130658,0.17129939699,0.190332663323,0.209365929655,
    0.228399195987,0.247432462319,0.266465728652,0.285498994984,
    0.304532261316,0.323565527649,0.342598793981,0.361632060313,
    0.380665326645,0.399698592978,0.41873185931,0.437765125642,
    0.456798391974,0.475831658307,0.494864924639,0.513898190971,
    0.532931457303,0.551964723636,0.570997989968,0.5900312563,
    0.609064522633,0.628097788965,0.647131055297,0.666164321629,
    0.685197587962,0.704230854294,0.723264120626,0.742297386958,
    0.761330653291,0.780363919623,0.799397185955,0.818430452287,
    0.83746371862,0.856496984952,0.875530251284,0.894563517616,
    0.913596783949,0.932630050281,0.951663316613,0.970696582946,
    0.989729849278,1.00876311561,1.027796381942,1.046829648275,
    1.065862914607,1.084896180939,1.103929447271,1.122962713604,
    1.141995979936,1.161029246268,1.1800625126,1.199095778933,
    1.218129045265,1.237162311597,1.25619557793,1.275228844262,
    1.294262110594,1.313295376926,1.332328643259,1.351361909591,
    1.370395175923,1.389428442255,1.408461708588,1.42749497492,
    1.446528241252,1.465561507584,1.484594773917,1.503628040249,
    1.522661306581,1.541694572914,1.560727839246,1.579761105578,
    1.59879437191,1.617827638243,1.636860904575,1.655894170907,
    1.674927437239,1.693960703572,1.712993969904,1.732027236236,
    1.751060502568,1.770093768901,1.789127035233,1.808160301565,
    1.827193567898,1.84622683423,1.865260100562,1.884293366894,
    1.903326633227,1.922359899559,1.941393165891,1.960426432223,
    1.979459698556,1.998492964888,2.01752623122,2.036559497552,
    2.055592763885,2.074626030217,2.093659296549,2.112692562882,
    2.131725829214,2.150759095546,2.169792361878,2.188825628211,
    2.207858894543,2.226892160875,2.245925427207,2.26495869354,
    2.283991959872,2.303025226204,2.322058492536,2.341091758869,
    2.360125025201,2.379158291533,2.398191557866,2.417224824198,
    2.43625809053,2.455291356862,2.474324623195,2.493357889527,
    2.512391155859,2.531424422191,2.550457688524,2.569490954856,
    2.588524221188,2.60755748752,2.626590753853,2.645624020185,
    2.664657286517,2.683690552849,2.702723819182,2.721757085514,
    2.740790351846,2.759823618179,2.778856884511,2.797890150843,
    2.816923417175,2.835956683508,2.85498994984,2.874023216172,
    2.893056482504,2.912089748837,2.931123015169),
  .QUASI_UNIFORM_KNOTS.);
#1677 = CARTESIAN_POINT('',(51.176965967576,-3.64));
#1678 = CARTESIAN_POINT('',(51.159685008793,-3.639999480111));
#1679 = CARTESIAN_POINT('',(51.125121860319,-3.640714517797));
#1680 = CARTESIAN_POINT('',(51.073365493842,-3.64392576313));
#1681 = CARTESIAN_POINT('',(51.021790719912,-3.649268472926));
#1682 = CARTESIAN_POINT('',(50.970486619093,-3.656727305485));
#1683 = CARTESIAN_POINT('',(50.919539753813,-3.666282268384));
#1684 = CARTESIAN_POINT('',(50.869033929515,-3.677908419925));
#1685 = CARTESIAN_POINT('',(50.819050452404,-3.691576539156));
#1686 = CARTESIAN_POINT('',(50.769668244357,-3.707253497857));
#1687 = CARTESIAN_POINT('',(50.720963995546,-3.724902667133));
#1688 = CARTESIAN_POINT('',(50.6730122684,-3.744484294688));
#1689 = CARTESIAN_POINT('',(50.625885714693,-3.765955775824));
#1690 = CARTESIAN_POINT('',(50.579654842656,-3.789272189895));
#1691 = CARTESIAN_POINT('',(50.534389423043,-3.814385692311));
#1692 = CARTESIAN_POINT('',(50.490148078795,-3.841252382693));
#1693 = CARTESIAN_POINT('',(50.446993484863,-3.869824911974));
#1694 = CARTESIAN_POINT('',(50.40498663599,-3.900055352471));
#1695 = CARTESIAN_POINT('',(50.36418754679,-3.931895103113));
#1696 = CARTESIAN_POINT('',(50.324655993256,-3.965295421454));
#1697 = CARTESIAN_POINT('',(50.286451761524,-4.000208068475));
#1698 = CARTESIAN_POINT('',(50.249634957735,-4.036583461528));
#1699 = CARTESIAN_POINT('',(50.214264774283,-4.074371972787));
#1700 = CARTESIAN_POINT('',(50.180400779919,-4.113522728851));
#1701 = CARTESIAN_POINT('',(50.148102899539,-4.153983241069));
#1702 = CARTESIAN_POINT('',(50.117431162308,-4.195699313993));
#1703 = CARTESIAN_POINT('',(50.088445549859,-4.23861477454));
#1704 = CARTESIAN_POINT('',(50.061205623827,-4.282671640209));
#1705 = CARTESIAN_POINT('',(50.035771228183,-4.327808114983));
#1706 = CARTESIAN_POINT('',(50.012201488552,-4.37395891713));
#1707 = CARTESIAN_POINT('',(49.990554237871,-4.421055344979));
#1708 = CARTESIAN_POINT('',(49.970885438185,-4.469024886894));
#1709 = CARTESIAN_POINT('',(49.953248506931,-4.517791179664));
#1710 = CARTESIAN_POINT('',(49.937693858144,-4.567273189913));
#1711 = CARTESIAN_POINT('',(49.924267666379,-4.61738715502));
#1712 = CARTESIAN_POINT('',(49.913011885076,-4.668043422067));
#1713 = CARTESIAN_POINT('',(49.903962938125,-4.719148149493));
#1714 = CARTESIAN_POINT('',(49.897150678932,-4.7706055189));
#1715 = CARTESIAN_POINT('',(49.892598110823,-4.822317101845));
#1716 = CARTESIAN_POINT('',(49.890320935346,-4.874182362697));
#1717 = CARTESIAN_POINT('',(49.890327084588,-4.926097462254));
#1718 = CARTESIAN_POINT('',(49.892616639423,-4.977963086532));
#1719 = CARTESIAN_POINT('',(49.897181572102,-5.02967446788));
#1720 = CARTESIAN_POINT('',(49.904006073519,-5.081130587318));
#1721 = CARTESIAN_POINT('',(49.913067079863,-5.132233103677));
#1722 = CARTESIAN_POINT('',(49.924334767466,-5.182886658885));
#1723 = CARTESIAN_POINT('',(49.937773022831,-5.232998689249));
#1724 = CARTESIAN_POINT('',(49.953340097127,-5.282479836568));
#1725 = CARTESIAN_POINT('',(49.970988592961,-5.331242453966));
#1726 = CARTESIAN_POINT('',(49.990668011153,-5.379206228093));
#1727 = CARTESIAN_POINT('',(50.012325540221,-5.426296741558));
#1728 = CARTESIAN_POINT('',(50.035905080569,-5.472441100013));
#1729 = CARTESIAN_POINT('',(50.061348952776,-5.517570905814));
#1730 = CARTESIAN_POINT('',(50.088598156486,-5.561621145134));
#1731 = CARTESIAN_POINT('',(50.117592974027,-5.604530148156));
#1732 = CARTESIAN_POINT('',(50.148273390337,-5.646239219154));
#1733 = CARTESIAN_POINT('',(50.180579419806,-5.6866922883));
#1734 = CARTESIAN_POINT('',(50.214451279496,-5.725835479847));
#1735 = CARTESIAN_POINT('',(50.24982933747,-5.763616564998));
#1736 = CARTESIAN_POINT('',(50.286653964423,-5.799984430335));
#1737 = CARTESIAN_POINT('',(50.324864637419,-5.834887968759));
#1738 = CARTESIAN_POINT('',(50.364402644305,-5.868279577202));
#1739 = CARTESIAN_POINT('',(50.405207848647,-5.900110429186));
#1740 = CARTESIAN_POINT('',(50.447220544829,-5.93033182851));
#1741 = CARTESIAN_POINT('',(50.490380590776,-5.958895082465));
#1742 = CARTESIAN_POINT('',(50.534627233527,-5.985752374366));
#1743 = CARTESIAN_POINT('',(50.579896608911,-6.010855731602));
#1744 = CARTESIAN_POINT('',(50.626131514696,-6.034162123271));
#1745 = CARTESIAN_POINT('',(50.673264381253,-6.055624577072));
#1746 = CARTESIAN_POINT('',(50.721223074782,-6.07519715693));
#1747 = CARTESIAN_POINT('',(50.769934459349,-6.092836989855));
#1748 = CARTESIAN_POINT('',(50.819323348063,-6.108504081338));
#1749 = CARTESIAN_POINT('',(50.869312655886,-6.122161745712));
#1750 = CARTESIAN_POINT('',(50.919823207882,-6.133776899496));
#1751 = CARTESIAN_POINT('',(50.970773625049,-6.143320424045));
#1752 = CARTESIAN_POINT('',(51.022080185533,-6.150767549022));
#1753 = CARTESIAN_POINT('',(51.073656677027,-6.156098269045));
#1754 = CARTESIAN_POINT('',(51.125414296464,-6.15929781748));
#1755 = CARTESIAN_POINT('',(51.177261360934,-6.160357113837));
#1756 = CARTESIAN_POINT('',(51.229103708709,-6.159273519853));
#1757 = CARTESIAN_POINT('',(51.280857697351,-6.15604999608));
#1758 = CARTESIAN_POINT('',(51.332428772331,-6.15069567812));
#1759 = CARTESIAN_POINT('',(51.383728272127,-6.143225520512));
#1760 = CARTESIAN_POINT('',(51.434669663485,-6.133659711214));
#1761 = CARTESIAN_POINT('',(51.485169329289,-6.122023194863));
#1762 = CARTESIAN_POINT('',(51.5351461445,-6.108345208337));
#1763 = CARTESIAN_POINT('',(51.584521390549,-6.09265885154));
#1764 = CARTESIAN_POINT('',(51.633218574869,-6.075000698183));
#1765 = CARTESIAN_POINT('',(51.681163341632,-6.055410404521));
#1766 = CARTESIAN_POINT('',(51.728283165236,-6.033930479498));
#1767 = CARTESIAN_POINT('',(51.774507876151,-6.010605604475));
#1768 = CARTESIAN_POINT('',(51.819767130134,-5.985483786408));
#1769 = CARTESIAN_POINT('',(51.863999722391,-5.958610592291));
#1770 = CARTESIAN_POINT('',(51.907145957605,-5.930031706508));
#1771 = CARTESIAN_POINT('',(51.94914412254,-5.899795526422));
#1772 = CARTESIAN_POINT('',(51.989934477223,-5.867950433952));
#1773 = CARTESIAN_POINT('',(52.029457201456,-5.834545189301));
#1774 = CARTESIAN_POINT('',(52.067652486027,-5.79962810709));
#1775 = CARTESIAN_POINT('',(52.104460225966,-5.763248728715));
#1776 = CARTESIAN_POINT('',(52.139821313617,-5.725456629948));
#1777 = CARTESIAN_POINT('',(52.173676146359,-5.686302714591));
#1778 = CARTESIAN_POINT('',(52.20596481572,-5.6458394687));
#1779 = CARTESIAN_POINT('',(52.236627308616,-5.604121081597));
#1780 = CARTESIAN_POINT('',(52.265603672571,-5.561203701732));
#1781 = CARTESIAN_POINT('',(52.292834364619,-5.517145286332));
#1782 = CARTESIAN_POINT('',(52.31825955747,-5.47200762668));
#1783 = CARTESIAN_POINT('',(52.341820120323,-5.425856037019));
#1784 = CARTESIAN_POINT('',(52.363458220202,-5.378759251402));
#1785 = CARTESIAN_POINT('',(52.383117914872,-5.330789777216));
#1786 = CARTESIAN_POINT('',(52.400745798564,-5.282024025874));
#1787 = CARTESIAN_POINT('',(52.416291562547,-5.232542790603));
#1788 = CARTESIAN_POINT('',(52.429708856681,-5.182430558685));
#1789 = CARTESIAN_POINT('',(52.440955990707,-5.131776152434));
#1790 = CARTESIAN_POINT('',(52.449996492331,-5.080673650922));
#1791 = CARTESIAN_POINT('',(52.456800536867,-5.029218883571));
#1792 = CARTESIAN_POINT('',(52.461345143814,-4.977510273464));
#1793 = CARTESIAN_POINT('',(52.463614633607,-4.925648512964));
#1794 = CARTESIAN_POINT('',(52.463601137501,-4.873736834689));
#1795 = CARTESIAN_POINT('',(52.46130442946,-4.821873026539));
#1796 = CARTESIAN_POINT('',(52.456732552033,-4.770164748039));
#1797 = CARTESIAN_POINT('',(52.449901625124,-4.718713619921));
#1798 = CARTESIAN_POINT('',(52.44083501248,-4.667618167718));
#1799 = CARTESIAN_POINT('',(52.429562675852,-4.61697313776));
#1800 = CARTESIAN_POINT('',(52.416120517594,-4.566869786022));
#1801 = CARTESIAN_POINT('',(52.400549768547,-4.517395908999));
#1802 = CARTESIAN_POINT('',(52.382896403369,-4.468635939529));
#1803 = CARTESIAN_POINT('',(52.363210609023,-4.420671046626));
#1804 = CARTESIAN_POINT('',(52.341546233667,-4.373579160226));
#1805 = CARTESIAN_POINT('',(52.317960494709,-4.327435298099));
#1806 = CARTESIAN_POINT('',(52.292512918477,-4.282310765091));
#1807 = CARTESIAN_POINT('',(52.26526735896,-4.238276566723));
#1808 = CARTESIAN_POINT('',(52.236277503554,-4.195383068006));
#1809 = CARTESIAN_POINT('',(52.205603049999,-4.15368878835));
#1810 = CARTESIAN_POINT('',(52.17330386056,-4.113249650727));
#1811 = CARTESIAN_POINT('',(52.139439921922,-4.074119834242));
#1812 = CARTESIAN_POINT('',(52.104071096764,-4.036351759779));
#1813 = CARTESIAN_POINT('',(52.067256947124,-3.999996287701));
#1814 = CARTESIAN_POINT('',(52.029056530665,-3.965102934251));
#1815 = CARTESIAN_POINT('',(51.989529997428,-3.931721285718));
#1816 = CARTESIAN_POINT('',(51.948736987473,-3.899899484451));
#1817 = CARTESIAN_POINT('',(51.906737206896,-3.869686234298));
#1818 = CARTESIAN_POINT('',(51.863590616305,-3.84113006064));
#1819 = CARTESIAN_POINT('',(51.819358390938,-3.814279002837));
#1820 = CARTESIAN_POINT('',(51.774102933892,-3.789180307145));
#1821 = CARTESIAN_POINT('',(51.727887723494,-3.765880040649));
#1822 = CARTESIAN_POINT('',(51.680773334775,-3.744421328354));
#1823 = CARTESIAN_POINT('',(51.632832875139,-3.72485083865));
#1824 = CARTESIAN_POINT('',(51.584139321746,-3.707211423631));
#1825 = CARTESIAN_POINT('',(51.534768063253,-3.691543231707));
#1826 = CARTESIAN_POINT('',(51.4847963465,-3.677883031294));
#1827 = CARTESIAN_POINT('',(51.434303560827,-3.66626397983));
#1828 = CARTESIAN_POINT('',(51.383371315992,-3.656715217036));
#1829 = CARTESIAN_POINT('',(51.332083553602,-3.64926153259));
#1830 = CARTESIAN_POINT('',(51.280526772194,-3.643922728552));
#1831 = CARTESIAN_POINT('',(51.228789800678,-3.640713945037));
#1832 = CARTESIAN_POINT('',(51.19424013084,-3.639999484897));
#1833 = CARTESIAN_POINT('',(51.176965967576,-3.64));
#1834 = ( GEOMETRIC_REPRESENTATION_CONTEXT(2) 
PARAMETRIC_REPRESENTATION_CONTEXT() REPRESENTATION_CONTEXT('2D SPACE',''
  ) );
#1835 = PCURVE('',#1836,#1841);
#1836 = CYLINDRICAL_SURFACE('',#1837,1.26);
#1837 = AXIS2_PLACEMENT_3D('',#1838,#1839,#1840);
#1838 = CARTESIAN_POINT('',(-1.714204668656E-16,-2.336,7.05));
#1839 = DIRECTION('',(-2.22044604925E-16,-1.,1.110223024625E-16));
#1840 = DIRECTION('',(-2.465190328816E-32,-1.110223024625E-16,-1.));
#1841 = DEFINITIONAL_REPRESENTATION('',(#1842),#2000);
#1842 = B_SPLINE_CURVE_WITH_KNOTS('',3,(#1843,#1844,#1845,#1846,#1847,
    #1848,#1849,#1850,#1851,#1852,#1853,#1854,#1855,#1856,#1857,#1858,
    #1859,#1860,#1861,#1862,#1863,#1864,#1865,#1866,#1867,#1868,#1869,
    #1870,#1871,#1872,#1873,#1874,#1875,#1876,#1877,#1878,#1879,#1880,
    #1881,#1882,#1883,#1884,#1885,#1886,#1887,#1888,#1889,#1890,#1891,
    #1892,#1893,#1894,#1895,#1896,#1897,#1898,#1899,#1900,#1901,#1902,
    #1903,#1904,#1905,#1906,#1907,#1908,#1909,#1910,#1911,#1912,#1913,
    #1914,#1915,#1916,#1917,#1918,#1919,#1920,#1921,#1922,#1923,#1924,
    #1925,#1926,#1927,#1928,#1929,#1930,#1931,#1932,#1933,#1934,#1935,
    #1936,#1937,#1938,#1939,#1940,#1941,#1942,#1943,#1944,#1945,#1946,
    #1947,#1948,#1949,#1950,#1951,#1952,#1953,#1954,#1955,#1956,#1957,
    #1958,#1959,#1960,#1961,#1962,#1963,#1964,#1965,#1966,#1967,#1968,
    #1969,#1970,#1971,#1972,#1973,#1974,#1975,#1976,#1977,#1978,#1979,
    #1980,#1981,#1982,#1983,#1984,#1985,#1986,#1987,#1988,#1989,#1990,
    #1991,#1992,#1993,#1994,#1995,#1996,#1997,#1998,#1999),
  .UNSPECIFIED.,.F.,.F.,(4,1,1,1,1,1,1,1,1,1,1,1,1,1,1,1,1,1,1,1,1,1,1,1
    ,1,1,1,1,1,1,1,1,1,1,1,1,1,1,1,1,1,1,1,1,1,1,1,1,1,1,1,1,1,1,1,1,1,1
    ,1,1,1,1,1,1,1,1,1,1,1,1,1,1,1,1,1,1,1,1,1,1,1,1,1,1,1,1,1,1,1,1,1,1
    ,1,1,1,1,1,1,1,1,1,1,1,1,1,1,1,1,1,1,1,1,1,1,1,1,1,1,1,1,1,1,1,1,1,1
    ,1,1,1,1,1,1,1,1,1,1,1,1,1,1,1,1,1,1,1,1,1,1,1,1,1,1,1,1,4),(0.,
    1.903326633227E-02,3.806653266453E-02,5.70997989968E-02,
    7.613306532906E-02,9.516633166133E-02,0.114199597994,0.133232864326,
    0.152266130658,0.17129939699,0.190332663323,0.209365929655,
    0.228399195987,0.247432462319,0.266465728652,0.285498994984,
    0.304532261316,0.323565527649,0.342598793981,0.361632060313,
    0.380665326645,0.399698592978,0.41873185931,0.437765125642,
    0.456798391974,0.475831658307,0.494864924639,0.513898190971,
    0.532931457303,0.551964723636,0.570997989968,0.5900312563,
    0.609064522633,0.628097788965,0.647131055297,0.666164321629,
    0.685197587962,0.704230854294,0.723264120626,0.742297386958,
    0.761330653291,0.780363919623,0.799397185955,0.818430452287,
    0.83746371862,0.856496984952,0.875530251284,0.894563517616,
    0.913596783949,0.932630050281,0.951663316613,0.970696582946,
    0.989729849278,1.00876311561,1.027796381942,1.046829648275,
    1.065862914607,1.084896180939,1.103929447271,1.122962713604,
    1.141995979936,1.161029246268,1.1800625126,1.199095778933,
    1.218129045265,1.237162311597,1.25619557793,1.275228844262,
    1.294262110594,1.313295376926,1.332328643259,1.351361909591,
    1.370395175923,1.389428442255,1.408461708588,1.42749497492,
    1.446528241252,1.465561507584,1.484594773917,1.503628040249,
    1.522661306581,1.541694572914,1.560727839246,1.579761105578,
    1.59879437191,1.617827638243,1.636860904575,1.655894170907,
    1.674927437239,1.693960703572,1.712993969904,1.732027236236,
    1.751060502568,1.770093768901,1.789127035233,1.808160301565,
    1.827193567898,1.84622683423,1.865260100562,1.884293366894,
    1.903326633227,1.922359899559,1.941393165891,1.960426432223,
    1.979459698556,1.998492964888,2.01752623122,2.036559497552,
    2.055592763885,2.074626030217,2.093659296549,2.112692562882,
    2.131725829214,2.150759095546,2.169792361878,2.188825628211,
    2.207858894543,2.226892160875,2.245925427207,2.26495869354,
    2.283991959872,2.303025226204,2.322058492536,2.341091758869,
    2.360125025201,2.379158291533,2.398191557866,2.417224824198,
    2.43625809053,2.455291356862,2.474324623195,2.493357889527,
    2.512391155859,2.531424422191,2.550457688524,2.569490954856,
    2.588524221188,2.60755748752,2.626590753853,2.645624020185,
    2.664657286517,2.683690552849,2.702723819182,2.721757085514,
    2.740790351846,2.759823618179,2.778856884511,2.797890150843,
    2.816923417175,2.835956683508,2.85498994984,2.874023216172,
    2.893056482504,2.912089748837,2.931123015169),
  .QUASI_UNIFORM_KNOTS.);
#1843 = CARTESIAN_POINT('',(6.28318530718,9.864));
#1844 = CARTESIAN_POINT('',(6.269440754769,9.864000470792));
#1845 = CARTESIAN_POINT('',(6.241950618858,9.863731142664));
#1846 = CARTESIAN_POINT('',(6.200724960832,9.862529216471));
#1847 = CARTESIAN_POINT('',(6.159522328333,9.860540096669));
#1848 = CARTESIAN_POINT('',(6.118353259025,9.857781995244));
#1849 = CARTESIAN_POINT('',(6.077226673725,9.854277578647));
#1850 = CARTESIAN_POINT('',(6.036149787902,9.850054338736));
#1851 = CARTESIAN_POINT('',(5.995128361776,9.845144061759));
#1852 = CARTESIAN_POINT('',(5.954166821778,9.839582544036));
#1853 = CARTESIAN_POINT('',(5.913268393121,9.833409249659));
#1854 = CARTESIAN_POINT('',(5.872435176895,9.826666980353));
#1855 = CARTESIAN_POINT('',(5.831668324581,9.81940158153));
#1856 = CARTESIAN_POINT('',(5.790967791877,9.811661518338));
#1857 = CARTESIAN_POINT('',(5.750333617943,9.803497962393));
#1858 = CARTESIAN_POINT('',(5.709756309327,9.794962066358));
#1859 = CARTESIAN_POINT('',(5.669230032392,9.786107892322));
#1860 = CARTESIAN_POINT('',(5.62874761728,9.77699061093));
#1861 = CARTESIAN_POINT('',(5.58830120685,9.767666402811));
#1862 = CARTESIAN_POINT('',(5.547881764326,9.758193781349));
#1863 = CARTESIAN_POINT('',(5.507478602918,9.748633656193));
#1864 = CARTESIAN_POINT('',(5.467081718261,9.739047149259));
#1865 = CARTESIAN_POINT('',(5.426680189714,9.729495172806));
#1866 = CARTESIAN_POINT('',(5.386263567123,9.720038616747));
#1867 = CARTESIAN_POINT('',(5.345822050104,9.71073811144));
#1868 = CARTESIAN_POINT('',(5.305346420644,9.70165375717));
#1869 = CARTESIAN_POINT('',(5.264828153813,9.692844873654));
#1870 = CARTESIAN_POINT('',(5.224259159003,9.684369702756));
#1871 = CARTESIAN_POINT('',(5.183633443273,9.676285367561));
#1872 = CARTESIAN_POINT('',(5.142946567014,9.668647353907));
#1873 = CARTESIAN_POINT('',(5.102195479069,9.661509099808));
#1874 = CARTESIAN_POINT('',(5.061378719171,9.654921527226));
#1875 = CARTESIAN_POINT('',(5.020496387172,9.648932553927));
#1876 = CARTESIAN_POINT('',(4.979550791495,9.643586691063));
#1877 = CARTESIAN_POINT('',(4.938544872512,9.638924317782));
#1878 = CARTESIAN_POINT('',(4.897484819515,9.634981507349));
#1879 = CARTESIAN_POINT('',(4.856378777519,9.631789225906));
#1880 = CARTESIAN_POINT('',(4.815235229859,9.62937277897));
#1881 = CARTESIAN_POINT('',(4.774063740818,9.627751563425));
#1882 = CARTESIAN_POINT('',(4.732874806684,9.626938759974));
#1883 = CARTESIAN_POINT('',(4.691681086769,9.626940958258));
#1884 = CARTESIAN_POINT('',(4.650491484975,9.627758140474));
#1885 = CARTESIAN_POINT('',(4.609319397279,9.629383741032));
#1886 = CARTESIAN_POINT('',(4.56817571108,9.63180450352));
#1887 = CARTESIAN_POINT('',(4.527069925716,9.635000952246));
#1888 = CARTESIAN_POINT('',(4.48601015684,9.638947740257));
#1889 = CARTESIAN_POINT('',(4.445003507438,9.643614011991));
#1890 = CARTESIAN_POINT('',(4.404055907793,9.64896383088));
#1891 = CARTESIAN_POINT('',(4.363173507978,9.654956332543));
#1892 = CARTESIAN_POINT('',(4.322358087359,9.661546925115));
#1893 = CARTESIAN_POINT('',(4.281608152487,9.668687920139));
#1894 = CARTESIAN_POINT('',(4.240922572631,9.676328332605));
#1895 = CARTESIAN_POINT('',(4.200298036424,9.68441478376));
#1896 = CARTESIAN_POINT('',(4.159729877925,9.692891809648));
#1897 = CARTESIAN_POINT('',(4.119211975683,9.701702307426));
#1898 = CARTESIAN_POINT('',(4.078736908699,9.710787903187));
#1899 = CARTESIAN_POINT('',(4.03829609391,9.720089278287));
#1900 = CARTESIAN_POINT('',(3.997880009969,9.729546426357));
#1901 = CARTESIAN_POINT('',(3.957478564352,9.73909881922));
#1902 = CARTESIAN_POINT('',(3.917081474666,9.748685500568));
#1903 = CARTESIAN_POINT('',(3.876679319999,9.758244957678));
#1904 = CARTESIAN_POINT('',(3.836260291043,9.767716775013));
#1905 = CARTESIAN_POINT('',(3.795814222405,9.777039903278));
#1906 = CARTESIAN_POINT('',(3.755332021297,9.786155855525));
#1907 = CARTESIAN_POINT('',(3.714805947665,9.795008339188));
#1908 = CARTESIAN_POINT('',(3.674228647442,9.80354236908));
#1909 = CARTESIAN_POINT('',(3.633595327751,9.811703563534));
#1910 = CARTESIAN_POINT('',(3.592895203479,9.819441095351));
#1911 = CARTESIAN_POINT('',(3.552126462223,9.826704147426));
#1912 = CARTESIAN_POINT('',(3.51129054284,9.833443919027));
#1913 = CARTESIAN_POINT('',(3.470389014156,9.839614447232));
#1914 = CARTESIAN_POINT('',(3.429424494455,9.845172849828));
#1915 = CARTESIAN_POINT('',(3.38840051202,9.850079670048));
#1916 = CARTESIAN_POINT('',(3.347321672544,9.854299162718));
#1917 = CARTESIAN_POINT('',(3.306193768579,9.857799588985));
#1918 = CARTESIAN_POINT('',(3.265023926486,9.860553517137));
#1919 = CARTESIAN_POINT('',(3.223820779651,9.862538178167));
#1920 = CARTESIAN_POINT('',(3.182594627445,9.863735789702));
#1921 = CARTESIAN_POINT('',(3.141357767814,9.864134251009));
#1922 = CARTESIAN_POINT('',(3.1001243116,9.863726790372));
#1923 = CARTESIAN_POINT('',(3.058900021031,9.862520124879));
#1924 = CARTESIAN_POINT('',(3.01769948761,9.860526803672));
#1925 = CARTESIAN_POINT('',(2.976532917503,9.857764616546));
#1926 = CARTESIAN_POINT('',(2.93540922993,9.854256395281));
#1927 = CARTESIAN_POINT('',(2.894335507569,9.850029625259));
#1928 = CARTESIAN_POINT('',(2.853317383147,9.845116115351));
#1929 = CARTESIAN_POINT('',(2.812359133943,9.839551658581));
#1930 = CARTESIAN_POINT('',(2.771463835308,9.833375705503));
#1931 = CARTESIAN_POINT('',(2.730633421684,9.826631030102));
#1932 = CARTESIAN_POINT('',(2.689868936312,9.819363447006));
#1933 = CARTESIAN_POINT('',(2.649170023433,9.811621365031));
#1934 = CARTESIAN_POINT('',(2.6085371938,9.803455978241));
#1935 = CARTESIAN_POINT('',(2.567963357584,9.794919010154));
#1936 = CARTESIAN_POINT('',(2.527439992488,9.786064119371));
#1937 = CARTESIAN_POINT('',(2.486960668184,9.776946243202));
#1938 = CARTESIAN_POINT('',(2.446517217119,9.76762184804));
#1939 = CARTESIAN_POINT('',(2.406100646661,9.7581494188));
#1940 = CARTESIAN_POINT('',(2.365700374159,9.748589613606));
#1941 = CARTESIAN_POINT('',(2.325306343903,9.739003827142));
#1942 = CARTESIAN_POINT('',(2.284907592441,9.729452804356));
#1943 = CARTESIAN_POINT('',(2.24449371262,9.7199974705));
#1944 = CARTESIAN_POINT('',(2.204054908392,9.710698429944));
#1945 = CARTESIAN_POINT('',(2.163581962849,9.701615768649));
#1946 = CARTESIAN_POINT('',(2.123066335138,9.692808784549));
#1947 = CARTESIAN_POINT('',(2.082499922233,9.684335702655));
#1948 = CARTESIAN_POINT('',(2.04187673413,9.676253624288));
#1949 = CARTESIAN_POINT('',(2.001192368175,9.668618023613));
#1950 = CARTESIAN_POINT('',(1.960443808682,9.661482324964));
#1951 = CARTESIAN_POINT('',(1.919629598391,9.654897429422));
#1952 = CARTESIAN_POINT('',(1.878749882028,9.648911237119));
#1953 = CARTESIAN_POINT('',(1.837806774971,9.64356820347));
#1954 = CARTESIAN_POINT('',(1.796803819597,9.638908763976));
#1955 = CARTESIAN_POINT('',(1.755746532679,9.634968866618));
#1956 = CARTESIAN_POINT('',(1.714643264397,9.63177949284));
#1957 = CARTESIAN_POINT('',(1.673502517414,9.629365922557));
#1958 = CARTESIAN_POINT('',(1.632333864261,9.627747528121));
#1959 = CARTESIAN_POINT('',(1.591147938188,9.626937464791));
#1960 = CARTESIAN_POINT('',(1.549956930928,9.626942281777));
#1961 = CARTESIAN_POINT('',(1.508768548829,9.62776202431));
#1962 = CARTESIAN_POINT('',(1.467598488588,9.629390069002));
#1963 = CARTESIAN_POINT('',(1.426458139327,9.631813064311));
#1964 = CARTESIAN_POINT('',(1.385357193243,9.635011439696));
#1965 = CARTESIAN_POINT('',(1.344303331559,9.638959791934));
#1966 = CARTESIAN_POINT('',(1.303302639028,9.643627311997));
#1967 = CARTESIAN_POINT('',(1.262359775697,9.648978208325));
#1968 = CARTESIAN_POINT('',(1.221478166368,9.65497213972));
#1969 = CARTESIAN_POINT('',(1.180660170137,9.661564649142));
#1970 = CARTESIAN_POINT('',(1.139907156246,9.668707620058));
#1971 = CARTESIAN_POINT('',(1.099219857276,9.676349677438));
#1972 = CARTESIAN_POINT('',(1.058597628809,9.684436823408));
#1973 = CARTESIAN_POINT('',(1.018041767506,9.692912225395));
#1974 = CARTESIAN_POINT('',(0.977536171352,9.701720745115));
#1975 = CARTESIAN_POINT('',(0.937073237857,9.710804108434));
#1976 = CARTESIAN_POINT('',(0.896644294419,9.720103068879));
#1977 = CARTESIAN_POINT('',(0.856240163256,9.729557570238));
#1978 = CARTESIAN_POINT('',(0.815851041091,9.739107043508));
#1979 = CARTESIAN_POINT('',(0.77546653179,9.74869061651));
#1980 = CARTESIAN_POINT('',(0.735075658698,9.758247538447));
#1981 = CARTESIAN_POINT('',(0.694668485221,9.767716542119));
#1982 = CARTESIAN_POINT('',(0.654234281349,9.777036961843));
#1983 = CARTESIAN_POINT('',(0.613764024274,9.7861503855));
#1984 = CARTESIAN_POINT('',(0.573249818916,9.795000457014));
#1985 = CARTESIAN_POINT('',(0.532684764027,9.803532266369));
#1986 = CARTESIAN_POINT('',(0.492062848158,9.811691772899));
#1987 = CARTESIAN_POINT('',(0.451378803623,9.819426989624));
#1988 = CARTESIAN_POINT('',(0.410624636923,9.826688494715));
#1989 = CARTESIAN_POINT('',(0.369802784379,9.833427247961));
#1990 = CARTESIAN_POINT('',(0.328914758734,9.839597375444));
#1991 = CARTESIAN_POINT('',(0.287963428726,9.845155963879));
#1992 = CARTESIAN_POINT('',(0.246952520725,9.850063522529));
#1993 = CARTESIAN_POINT('',(0.205886876017,9.85428426391));
#1994 = CARTESIAN_POINT('',(0.16477253026,9.857786451106));
#1995 = CARTESIAN_POINT('',(0.123616842289,9.860542669176));
#1996 = CARTESIAN_POINT('',(8.24287237953E-02,9.862530342908));
#1997 = CARTESIAN_POINT('',(4.121856251555E-02,9.863731354414));
#1998 = CARTESIAN_POINT('',(1.373914831292E-02,9.864000467714));
#1999 = CARTESIAN_POINT('',(0.,9.864));
#2000 = ( GEOMETRIC_REPRESENTATION_CONTEXT(2) 
PARAMETRIC_REPRESENTATION_CONTEXT() REPRESENTATION_CONTEXT('2D SPACE',''
  ) );
#2001 = ADVANCED_FACE('',(#2002),#690,.F.);
#2002 = FACE_BOUND('',#2003,.F.);
#2003 = EDGE_LOOP('',(#2004,#2026,#2027,#2028,#2051,#2078,#2079,#2080));
#2004 = ORIENTED_EDGE('',*,*,#2005,.F.);
#2005 = EDGE_CURVE('',#787,#819,#2006,.T.);
#2006 = SURFACE_CURVE('',#2007,(#2012,#2019),.PCURVE_S1.);
#2007 = CIRCLE('',#2008,0.924);
#2008 = AXIS2_PLACEMENT_3D('',#2009,#2010,#2011);
#2009 = CARTESIAN_POINT('',(1.352251643993E-15,12.18,2.27));
#2010 = DIRECTION('',(0.,-0.,1.));
#2011 = DIRECTION('',(1.110223024625E-16,1.,0.));
#2012 = PCURVE('',#690,#2013);
#2013 = DEFINITIONAL_REPRESENTATION('',(#2014),#2018);
#2014 = LINE('',#2015,#2016);
#2015 = CARTESIAN_POINT('',(0.,0.48));
#2016 = VECTOR('',#2017,1.);
#2017 = DIRECTION('',(1.,0.));
#2018 = ( GEOMETRIC_REPRESENTATION_CONTEXT(2) 
PARAMETRIC_REPRESENTATION_CONTEXT() REPRESENTATION_CONTEXT('2D SPACE',''
  ) );
#2019 = PCURVE('',#874,#2020);
#2020 = DEFINITIONAL_REPRESENTATION('',(#2021),#2025);
#2021 = CIRCLE('',#2022,0.924);
#2022 = AXIS2_PLACEMENT_2D('',#2023,#2024);
#2023 = CARTESIAN_POINT('',(0.,0.));
#2024 = DIRECTION('',(1.,0.));
#2025 = ( GEOMETRIC_REPRESENTATION_CONTEXT(2) 
PARAMETRIC_REPRESENTATION_CONTEXT() REPRESENTATION_CONTEXT('2D SPACE',''
  ) );
#2026 = ORIENTED_EDGE('',*,*,#786,.T.);
#2027 = ORIENTED_EDGE('',*,*,#673,.F.);
#2028 = ORIENTED_EDGE('',*,*,#2029,.F.);
#2029 = EDGE_CURVE('',#2030,#674,#2032,.T.);
#2030 = VERTEX_POINT('',#2031);
#2031 = CARTESIAN_POINT('',(1.681150979951E-15,13.104,1.79));
#2032 = SEAM_CURVE('',#2033,(#2037,#2044),.PCURVE_S1.);
#2033 = LINE('',#2034,#2035);
#2034 = CARTESIAN_POINT('',(1.681150979951E-15,13.104,1.79));
#2035 = VECTOR('',#2036,1.);
#2036 = DIRECTION('',(0.,0.,1.));
#2037 = PCURVE('',#690,#2038);
#2038 = DEFINITIONAL_REPRESENTATION('',(#2039),#2043);
#2039 = LINE('',#2040,#2041);
#2040 = CARTESIAN_POINT('',(6.28318530718,-0.));
#2041 = VECTOR('',#2042,1.);
#2042 = DIRECTION('',(0.,1.));
#2043 = ( GEOMETRIC_REPRESENTATION_CONTEXT(2) 
PARAMETRIC_REPRESENTATION_CONTEXT() REPRESENTATION_CONTEXT('2D SPACE',''
  ) );
#2044 = PCURVE('',#690,#2045);
#2045 = DEFINITIONAL_REPRESENTATION('',(#2046),#2050);
#2046 = LINE('',#2047,#2048);
#2047 = CARTESIAN_POINT('',(0.,-0.));
#2048 = VECTOR('',#2049,1.);
#2049 = DIRECTION('',(0.,1.));
#2050 = ( GEOMETRIC_REPRESENTATION_CONTEXT(2) 
PARAMETRIC_REPRESENTATION_CONTEXT() REPRESENTATION_CONTEXT('2D SPACE',''
  ) );
#2051 = ORIENTED_EDGE('',*,*,#2052,.T.);
#2052 = EDGE_CURVE('',#2030,#2030,#2053,.T.);
#2053 = SURFACE_CURVE('',#2054,(#2059,#2066),.PCURVE_S1.);
#2054 = CIRCLE('',#2055,0.924);
#2055 = AXIS2_PLACEMENT_3D('',#2056,#2057,#2058);
#2056 = CARTESIAN_POINT('',(1.352251643993E-15,12.18,1.79));
#2057 = DIRECTION('',(0.,-0.,1.));
#2058 = DIRECTION('',(1.110223024625E-16,1.,0.));
#2059 = PCURVE('',#690,#2060);
#2060 = DEFINITIONAL_REPRESENTATION('',(#2061),#2065);
#2061 = LINE('',#2062,#2063);
#2062 = CARTESIAN_POINT('',(0.,0.));
#2063 = VECTOR('',#2064,1.);
#2064 = DIRECTION('',(1.,0.));
#2065 = ( GEOMETRIC_REPRESENTATION_CONTEXT(2) 
PARAMETRIC_REPRESENTATION_CONTEXT() REPRESENTATION_CONTEXT('2D SPACE',''
  ) );
#2066 = PCURVE('',#2067,#2072);
#2067 = PLANE('',#2068);
#2068 = AXIS2_PLACEMENT_3D('',#2069,#2070,#2071);
#2069 = CARTESIAN_POINT('',(1.352251643993E-15,12.18,1.79));
#2070 = DIRECTION('',(0.,0.,1.));
#2071 = DIRECTION('',(1.110223024625E-16,1.,0.));
#2072 = DEFINITIONAL_REPRESENTATION('',(#2073),#2077);
#2073 = CIRCLE('',#2074,0.924);
#2074 = AXIS2_PLACEMENT_2D('',#2075,#2076);
#2075 = CARTESIAN_POINT('',(0.,0.));
#2076 = DIRECTION('',(1.,0.));
#2077 = ( GEOMETRIC_REPRESENTATION_CONTEXT(2) 
PARAMETRIC_REPRESENTATION_CONTEXT() REPRESENTATION_CONTEXT('2D SPACE',''
  ) );
#2078 = ORIENTED_EDGE('',*,*,#2029,.T.);
#2079 = ORIENTED_EDGE('',*,*,#702,.F.);
#2080 = ORIENTED_EDGE('',*,*,#906,.F.);
#2081 = ADVANCED_FACE('',(#2082,#2136),#747,.F.);
#2082 = FACE_BOUND('',#2083,.F.);
#2083 = EDGE_LOOP('',(#2084,#2085,#2108,#2135));
#2084 = ORIENTED_EDGE('',*,*,#730,.T.);
#2085 = ORIENTED_EDGE('',*,*,#2086,.T.);
#2086 = EDGE_CURVE('',#731,#2087,#2089,.T.);
#2087 = VERTEX_POINT('',#2088);
#2088 = CARTESIAN_POINT('',(3.2,-7.837739514543E-16,13.9));
#2089 = SEAM_CURVE('',#2090,(#2094,#2101),.PCURVE_S1.);
#2090 = LINE('',#2091,#2092);
#2091 = CARTESIAN_POINT('',(3.2,-7.837739514543E-16,-0.25));
#2092 = VECTOR('',#2093,1.);
#2093 = DIRECTION('',(0.,0.,1.));
#2094 = PCURVE('',#747,#2095);
#2095 = DEFINITIONAL_REPRESENTATION('',(#2096),#2100);
#2096 = LINE('',#2097,#2098);
#2097 = CARTESIAN_POINT('',(0.,-0.));
#2098 = VECTOR('',#2099,1.);
#2099 = DIRECTION('',(0.,1.));
#2100 = ( GEOMETRIC_REPRESENTATION_CONTEXT(2) 
PARAMETRIC_REPRESENTATION_CONTEXT() REPRESENTATION_CONTEXT('2D SPACE',''
  ) );
#2101 = PCURVE('',#747,#2102);
#2102 = DEFINITIONAL_REPRESENTATION('',(#2103),#2107);
#2103 = LINE('',#2104,#2105);
#2104 = CARTESIAN_POINT('',(6.28318530718,-0.));
#2105 = VECTOR('',#2106,1.);
#2106 = DIRECTION('',(0.,1.));
#2107 = ( GEOMETRIC_REPRESENTATION_CONTEXT(2) 
PARAMETRIC_REPRESENTATION_CONTEXT() REPRESENTATION_CONTEXT('2D SPACE',''
  ) );
#2108 = ORIENTED_EDGE('',*,*,#2109,.F.);
#2109 = EDGE_CURVE('',#2087,#2087,#2110,.T.);
#2110 = SURFACE_CURVE('',#2111,(#2116,#2123),.PCURVE_S1.);
#2111 = CIRCLE('',#2112,3.2);
#2112 = AXIS2_PLACEMENT_3D('',#2113,#2114,#2115);
#2113 = CARTESIAN_POINT('',(0.,0.,13.9));
#2114 = DIRECTION('',(0.,0.,1.));
#2115 = DIRECTION('',(1.,0.,-0.));
#2116 = PCURVE('',#747,#2117);
#2117 = DEFINITIONAL_REPRESENTATION('',(#2118),#2122);
#2118 = LINE('',#2119,#2120);
#2119 = CARTESIAN_POINT('',(0.,14.15));
#2120 = VECTOR('',#2121,1.);
#2121 = DIRECTION('',(1.,0.));
#2122 = ( GEOMETRIC_REPRESENTATION_CONTEXT(2) 
PARAMETRIC_REPRESENTATION_CONTEXT() REPRESENTATION_CONTEXT('2D SPACE',''
  ) );
#2123 = PCURVE('',#2124,#2129);
#2124 = PLANE('',#2125);
#2125 = AXIS2_PLACEMENT_3D('',#2126,#2127,#2128);
#2126 = CARTESIAN_POINT('',(0.,0.,13.9));
#2127 = DIRECTION('',(0.,0.,1.));
#2128 = DIRECTION('',(1.,0.,-0.));
#2129 = DEFINITIONAL_REPRESENTATION('',(#2130),#2134);
#2130 = CIRCLE('',#2131,3.2);
#2131 = AXIS2_PLACEMENT_2D('',#2132,#2133);
#2132 = CARTESIAN_POINT('',(0.,0.));
#2133 = DIRECTION('',(1.,0.));
#2134 = ( GEOMETRIC_REPRESENTATION_CONTEXT(2) 
PARAMETRIC_REPRESENTATION_CONTEXT() REPRESENTATION_CONTEXT('2D SPACE',''
  ) );
#2135 = ORIENTED_EDGE('',*,*,#2086,.F.);
#2136 = FACE_BOUND('',#2137,.F.);
#2137 = EDGE_LOOP('',(#2138));
#2138 = ORIENTED_EDGE('',*,*,#2139,.F.);
#2139 = EDGE_CURVE('',#2140,#2140,#2142,.T.);
#2140 = VERTEX_POINT('',#2141);
#2141 = CARTESIAN_POINT('',(-6.718779989059E-16,-3.2,5.79));
#2142 = SURFACE_CURVE('',#2143,(#2236,#2332),.PCURVE_S1.);
#2143 = B_SPLINE_CURVE_WITH_KNOTS('',6,(#2144,#2145,#2146,#2147,#2148,
    #2149,#2150,#2151,#2152,#2153,#2154,#2155,#2156,#2157,#2158,#2159,
    #2160,#2161,#2162,#2163,#2164,#2165,#2166,#2167,#2168,#2169,#2170,
    #2171,#2172,#2173,#2174,#2175,#2176,#2177,#2178,#2179,#2180,#2181,
    #2182,#2183,#2184,#2185,#2186,#2187,#2188,#2189,#2190,#2191,#2192,
    #2193,#2194,#2195,#2196,#2197,#2198,#2199,#2200,#2201,#2202,#2203,
    #2204,#2205,#2206,#2207,#2208,#2209,#2210,#2211,#2212,#2213,#2214,
    #2215,#2216,#2217,#2218,#2219,#2220,#2221,#2222,#2223,#2224,#2225,
    #2226,#2227,#2228,#2229,#2230,#2231,#2232,#2233,#2234,#2235),
  .UNSPECIFIED.,.T.,.F.,(7,5,5,5,5,5,5,5,5,5,5,5,5,5,5,5,5,5,7),(0.,
    7.257601144256E-02,0.103512750522,0.126765165111,0.200881533557,
    0.250395118901,0.299594213554,0.375278751336,0.428911462532,
    0.500746800442,0.547432814781,0.602766724538,0.70196322601,
    0.750416792468,0.799454567767,0.873808483526,0.896645344541,
    0.928362101525,1.),.UNSPECIFIED.);
#2144 = CARTESIAN_POINT('',(-6.661338147751E-16,-3.2,5.79));
#2145 = CARTESIAN_POINT('',(0.108697220987,-3.2,5.79));
#2146 = CARTESIAN_POINT('',(0.216777022713,-3.195569314004,
    5.801252476911));
#2147 = CARTESIAN_POINT('',(0.322359920417,-3.186802529943,
    5.823517632431));
#2148 = CARTESIAN_POINT('',(0.42362352158,-3.174257036934,5.856015174432
    ));
#2149 = CARTESIAN_POINT('',(0.51893325309,-3.158916788704,5.897433185537
    ));
#2150 = CARTESIAN_POINT('',(0.644553658281,-3.134647148898,
    5.966493587702));
#2151 = CARTESIAN_POINT('',(0.680891748202,-3.12706800625,5.988465507479
    ));
#2152 = CARTESIAN_POINT('',(0.715992024915,-3.119231489747,
    6.011679439354));
#2153 = CARTESIAN_POINT('',(0.749827574776,-3.111204369784,6.03604776979
    ));
#2154 = CARTESIAN_POINT('',(0.782376444718,-3.103051858255,
    6.061485174831));
#2155 = CARTESIAN_POINT('',(0.837105897808,-3.088663682481,6.10776879033
    ));
#2156 = CARTESIAN_POINT('',(0.859857221677,-3.082453778305,
    6.128189063023));
#2157 = CARTESIAN_POINT('',(0.881871736448,-3.076233738953,
    6.149137453224));
#2158 = CARTESIAN_POINT('',(0.903146806024,-3.070028222913,
    6.170583977977));
#2159 = CARTESIAN_POINT('',(0.923681035615,-3.063860704229,
    6.192500656333));
#2160 = CARTESIAN_POINT('',(1.006564613409,-3.03828685601,6.286136052226
    ));
#2161 = CARTESIAN_POINT('',(1.062145272733,-3.019426292139,
    6.361945720439));
#2162 = CARTESIAN_POINT('',(1.110178764701,-3.001899262947,6.44143645882
    ));
#2163 = CARTESIAN_POINT('',(1.150669894315,-2.986320371017,
    6.523888117451));
#2164 = CARTESIAN_POINT('',(1.183628026419,-2.973176309226,6.60867882444
    ));
#2165 = CARTESIAN_POINT('',(1.22599876325,-2.955886152151,6.753082973944
    ));
#2166 = CARTESIAN_POINT('',(1.239591024766,-2.950203459247,
    6.811694948668));
#2167 = CARTESIAN_POINT('',(1.249793007244,-2.945868546981,
    6.870885029296));
#2168 = CARTESIAN_POINT('',(1.256597199825,-2.94295374819,6.930458593177
    ));
#2169 = CARTESIAN_POINT('',(1.26,-2.941496217914,6.990225676131));
#2170 = CARTESIAN_POINT('',(1.26,-2.941496217914,7.109394661031));
#2171 = CARTESIAN_POINT('',(1.256640288303,-2.94293529361,7.168782302189
    ));
#2172 = CARTESIAN_POINT('',(1.249922221287,-2.945813193087,7.22798007636
    ));
#2173 = CARTESIAN_POINT('',(1.239849325234,-2.950093697274,
    7.286801563923));
#2174 = CARTESIAN_POINT('',(1.226428947599,-2.955706273182,
    7.345055833273));
#2175 = CARTESIAN_POINT('',(1.183899096479,-2.97307215416,7.490986231184
    ));
#2176 = CARTESIAN_POINT('',(1.150244278297,-2.986499904019,
    7.577579205377));
#2177 = CARTESIAN_POINT('',(1.108735324518,-3.002466906036,
    7.661731563823));
#2178 = CARTESIAN_POINT('',(1.059361244791,-3.02045363923,7.74278150771)
  );
#2179 = CARTESIAN_POINT('',(1.002116305611,-3.039801756551,
    7.819959606279));
#2180 = CARTESIAN_POINT('',(0.890928323875,-3.073853062099,
    7.943646833849));
#2181 = CARTESIAN_POINT('',(0.840839524818,-3.088280470544,
    7.992588387397));
#2182 = CARTESIAN_POINT('',(0.78680666561,-3.102727888114,8.038805393348
    ));
#2183 = CARTESIAN_POINT('',(0.728889133648,-3.116875830781,
    8.081901744896));
#2184 = CARTESIAN_POINT('',(0.66718155583,-3.13038295956,8.12144925155)
  );
#2185 = CARTESIAN_POINT('',(0.514276438689,-3.159662123119,
    8.204577375281));
#2186 = CARTESIAN_POINT('',(0.41967230327,-3.174743977333,8.245246203594
    ));
#2187 = CARTESIAN_POINT('',(0.31926669234,-3.187058665584,8.277132889119
    ));
#2188 = CARTESIAN_POINT('',(0.214658226598,-3.195656272831,
    8.298968366737));
#2189 = CARTESIAN_POINT('',(0.107625274223,-3.2,8.31));
#2190 = CARTESIAN_POINT('',(-6.994600765895E-02,-3.2,8.31));
#2191 = CARTESIAN_POINT('',(-0.139810029674,-3.198165677246,
    8.305340237417));
#2192 = CARTESIAN_POINT('',(-0.209004776067,-3.194503445824,
    8.296042595685));
#2193 = CARTESIAN_POINT('',(-0.2769519088,-3.189119394664,8.282256356516
    ));
#2194 = CARTESIAN_POINT('',(-0.343099409374,-3.182204467524,
    8.264262283518));
#2195 = CARTESIAN_POINT('',(-0.482603815914,-3.164318700388,
    8.216655671211));
#2196 = CARTESIAN_POINT('',(-0.555017314789,-3.152834512973,
    8.185511888334));
#2197 = CARTESIAN_POINT('',(-0.623825955201,-3.139936704949,
    8.149575980712));
#2198 = CARTESIAN_POINT('',(-0.688742702746,-3.12603022016,
    8.109382170135));
#2199 = CARTESIAN_POINT('',(-0.749545788793,-3.111525907466,
    8.065475805826));
#2200 = CARTESIAN_POINT('',(-0.9074213509,-3.070432041016,7.934066061515
    ));
#2201 = CARTESIAN_POINT('',(-0.995337422416,-3.043298550192,
    7.839344271322));
#2202 = CARTESIAN_POINT('',(-1.069607355508,-3.017416908417,
    7.736695548714));
#2203 = CARTESIAN_POINT('',(-1.130265919755,-2.994479059968,
    7.62801251082));
#2204 = CARTESIAN_POINT('',(-1.177373073489,-2.975752299372,7.5148227098
    ));
#2205 = CARTESIAN_POINT('',(-1.227223400984,-2.955373930197,
    7.341585831357));
#2206 = CARTESIAN_POINT('',(-1.240326343363,-2.949890963926,
    7.283998964143));
#2207 = CARTESIAN_POINT('',(-1.250160847055,-2.945710968692,
    7.225864800316));
#2208 = CARTESIAN_POINT('',(-1.256719861479,-2.942901212699,
    7.167367523142));
#2209 = CARTESIAN_POINT('',(-1.26,-2.941496217914,7.108687067528));
#2210 = CARTESIAN_POINT('',(-1.26,-2.941496217914,6.990605337425));
#2211 = CARTESIAN_POINT('',(-1.25664028813,-2.942935293683,6.93121769448
    ));
#2212 = CARTESIAN_POINT('',(-1.249922220709,-2.945813193337,
    6.872019918906));
#2213 = CARTESIAN_POINT('',(-1.239849324212,-2.950093697707,
    6.813198431022));
#2214 = CARTESIAN_POINT('',(-1.226428946539,-2.955706273615,
    6.754944163088));
#2215 = CARTESIAN_POINT('',(-1.18426894864,-2.972921135325,
    6.610282822705));
#2216 = CARTESIAN_POINT('',(-1.151208161575,-2.986115299111,
    6.524905068792));
#2217 = CARTESIAN_POINT('',(-1.110516135705,-3.001781600876,
    6.441889847896));
#2218 = CARTESIAN_POINT('',(-1.062183209616,-3.01942455499,
    6.361870736057));
#2219 = CARTESIAN_POINT('',(-1.006204413155,-3.038417354715,
    6.285582049412));
#2220 = CARTESIAN_POINT('',(-0.923088774918,-3.064037329985,
    6.191878042525));
#2221 = CARTESIAN_POINT('',(-0.902839703948,-3.070115150978,
    6.170292453769));
#2222 = CARTESIAN_POINT('',(-0.88187136592,-3.076229533268,
    6.149163747193));
#2223 = CARTESIAN_POINT('',(-0.860185101049,-3.082358011301,
    6.128518704699));
#2224 = CARTESIAN_POINT('',(-0.837783419644,-3.08847700278,
    6.108385995852));
#2225 = CARTESIAN_POINT('',(-0.782569152237,-3.103012633388,
    6.061589045705));
#2226 = CARTESIAN_POINT('',(-0.749088214063,-3.111399491441,
    6.035422809915));
#2227 = CARTESIAN_POINT('',(-0.714246024445,-3.119653800414,
    6.010388262264));
#2228 = CARTESIAN_POINT('',(-0.678066614834,-3.127704007241,
    5.986578316164));
#2229 = CARTESIAN_POINT('',(-0.640579599733,-3.135476857253,
    5.964088376364));
#2230 = CARTESIAN_POINT('',(-0.514276438689,-3.159662123119,
    5.895422624718));
#2231 = CARTESIAN_POINT('',(-0.41967230327,-3.174743977333,
    5.854753796406));
#2232 = CARTESIAN_POINT('',(-0.31926669234,-3.187058665584,
    5.822867110881));
#2233 = CARTESIAN_POINT('',(-0.214658226598,-3.195656272831,
    5.801031633263));
#2234 = CARTESIAN_POINT('',(-0.107625274223,-3.2,5.79));
#2235 = CARTESIAN_POINT('',(-6.661338147751E-16,-3.2,5.79));
#2236 = PCURVE('',#747,#2237);
#2237 = DEFINITIONAL_REPRESENTATION('',(#2238),#2331);
#2238 = B_SPLINE_CURVE_WITH_KNOTS('',6,(#2239,#2240,#2241,#2242,#2243,
    #2244,#2245,#2246,#2247,#2248,#2249,#2250,#2251,#2252,#2253,#2254,
    #2255,#2256,#2257,#2258,#2259,#2260,#2261,#2262,#2263,#2264,#2265,
    #2266,#2267,#2268,#2269,#2270,#2271,#2272,#2273,#2274,#2275,#2276,
    #2277,#2278,#2279,#2280,#2281,#2282,#2283,#2284,#2285,#2286,#2287,
    #2288,#2289,#2290,#2291,#2292,#2293,#2294,#2295,#2296,#2297,#2298,
    #2299,#2300,#2301,#2302,#2303,#2304,#2305,#2306,#2307,#2308,#2309,
    #2310,#2311,#2312,#2313,#2314,#2315,#2316,#2317,#2318,#2319,#2320,
    #2321,#2322,#2323,#2324,#2325,#2326,#2327,#2328,#2329,#2330),
  .UNSPECIFIED.,.T.,.F.,(7,5,5,5,5,5,5,5,5,5,5,5,5,5,5,5,5,5,7),(0.,
    7.257601144256E-02,0.103512750522,0.126765165111,0.200881533557,
    0.250395118901,0.299594213554,0.375278751336,0.428911462532,
    0.500746800442,0.547432814781,0.602766724538,0.70196322601,
    0.750416792468,0.799454567767,0.873808483526,0.896645344541,
    0.928362101525,1.),.UNSPECIFIED.);
#2239 = CARTESIAN_POINT('',(4.712388980385,6.04));
#2240 = CARTESIAN_POINT('',(4.746356861943,6.04));
#2241 = CARTESIAN_POINT('',(4.780131863909,6.051252476911));
#2242 = CARTESIAN_POINT('',(4.813196748555,6.073517632431));
#2243 = CARTESIAN_POINT('',(4.845050147007,6.106015174432));
#2244 = CARTESIAN_POINT('',(4.875203069882,6.147433185537));
#2245 = CARTESIAN_POINT('',(4.915185367743,6.216493587702));
#2246 = CARTESIAN_POINT('',(4.92678414668,6.238465507479));
#2247 = CARTESIAN_POINT('',(4.938021419956,6.261679439354));
#2248 = CARTESIAN_POINT('',(4.948887174679,6.28604776979));
#2249 = CARTESIAN_POINT('',(4.959372205363,6.311485174831));
#2250 = CARTESIAN_POINT('',(4.977056316781,6.35776879033));
#2251 = CARTESIAN_POINT('',(4.984425871017,6.378189063023));
#2252 = CARTESIAN_POINT('',(4.9915743175,6.399137453224));
#2253 = CARTESIAN_POINT('',(4.998499473265,6.420583977977));
#2254 = CARTESIAN_POINT('',(5.005199431519,6.442500656333));
#2255 = CARTESIAN_POINT('',(5.032305468202,6.536136052226));
#2256 = CARTESIAN_POINT('',(5.050640138042,6.611945720439));
#2257 = CARTESIAN_POINT('',(5.066613891809,6.69143645882));
#2258 = CARTESIAN_POINT('',(5.080170189001,6.773888117451));
#2259 = CARTESIAN_POINT('',(5.091258042135,6.85867882444));
#2260 = CARTESIAN_POINT('',(5.105558900089,7.003082973944));
#2261 = CARTESIAN_POINT('',(5.110162607446,7.061694948668));
#2262 = CARTESIAN_POINT('',(5.113626544227,7.120885029296));
#2263 = CARTESIAN_POINT('',(5.115939777022,7.180458593177));
#2264 = CARTESIAN_POINT('',(5.117096582572,7.240225676131));
#2265 = CARTESIAN_POINT('',(5.117096582572,7.359394661031));
#2266 = CARTESIAN_POINT('',(5.115954424767,7.418782302189));
#2267 = CARTESIAN_POINT('',(5.113670473609,7.47798007636));
#2268 = CARTESIAN_POINT('',(5.11025031101,7.536801563923));
#2269 = CARTESIAN_POINT('',(5.10570460665,7.595055833273));
#2270 = CARTESIAN_POINT('',(5.09134877004,7.740986231184));
#2271 = CARTESIAN_POINT('',(5.080025872595,7.827579205377));
#2272 = CARTESIAN_POINT('',(5.066129242913,7.911731563823));
#2273 = CARTESIAN_POINT('',(5.049713100156,7.99278150771));
#2274 = CARTESIAN_POINT('',(5.030837632983,8.069959606279));
#2275 = CARTESIAN_POINT('',(4.994498493265,8.193646833849));
#2276 = CARTESIAN_POINT('',(4.978211626909,8.242588387397));
#2277 = CARTESIAN_POINT('',(4.960738338876,8.288805393348));
#2278 = CARTESIAN_POINT('',(4.942114336602,8.331901744896));
#2279 = CARTESIAN_POINT('',(4.922381001658,8.37144925155));
#2280 = CARTESIAN_POINT('',(4.873730016206,8.454577375281));
#2281 = CARTESIAN_POINT('',(4.843807331047,8.495246203594));
#2282 = CARTESIAN_POINT('',(4.812228060116,8.527132889119));
#2283 = CARTESIAN_POINT('',(4.779469737257,8.548968366737));
#2284 = CARTESIAN_POINT('',(4.746021878579,8.56));
#2285 = CARTESIAN_POINT('',(4.690530852991,8.56));
#2286 = CARTESIAN_POINT('',(4.668698388212,8.555340237417));
#2287 = CARTESIAN_POINT('',(4.647056123487,8.546042595685));
#2288 = CARTESIAN_POINT('',(4.625766540696,8.532256356516));
#2289 = CARTESIAN_POINT('',(4.604988435018,8.514262283518));
#2290 = CARTESIAN_POINT('',(4.561036468039,8.466655671211));
#2291 = CARTESIAN_POINT('',(4.538134659589,8.435511888334));
#2292 = CARTESIAN_POINT('',(4.516269397253,8.399575980712));
#2293 = CARTESIAN_POINT('',(4.495531605307,8.359382170135));
#2294 = CARTESIAN_POINT('',(4.476001536483,8.315475805826));
#2295 = CARTESIAN_POINT('',(4.425021493886,8.184066061515));
#2296 = CARTESIAN_POINT('',(4.396297801405,8.089344271322));
#2297 = CARTESIAN_POINT('',(4.371736153733,7.986695548714));
#2298 = CARTESIAN_POINT('',(4.351474609356,7.87801251082));
#2299 = CARTESIAN_POINT('',(4.335633855333,7.7648227098));
#2300 = CARTESIAN_POINT('',(4.318804248906,7.591585831357));
#2301 = CARTESIAN_POINT('',(4.314365678915,7.533998964143));
#2302 = CARTESIAN_POINT('',(4.311026360751,7.475864800316));
#2303 = CARTESIAN_POINT('',(4.308796485405,7.417367523142));
#2304 = CARTESIAN_POINT('',(4.307681378198,7.358687067528));
#2305 = CARTESIAN_POINT('',(4.307681378198,7.240605337425));
#2306 = CARTESIAN_POINT('',(4.308823536061,7.18121769448));
#2307 = CARTESIAN_POINT('',(4.311107487357,7.122019918906));
#2308 = CARTESIAN_POINT('',(4.314527650106,7.063198431022));
#2309 = CARTESIAN_POINT('',(4.319073354477,7.004944163088));
#2310 = CARTESIAN_POINT('',(4.333304348129,6.860282822705));
#2311 = CARTESIAN_POINT('',(4.344427797047,6.774905068792));
#2312 = CARTESIAN_POINT('',(4.358052490776,6.691889847896));
#2313 = CARTESIAN_POINT('',(4.374126475726,6.611870736057));
#2314 = CARTESIAN_POINT('',(4.392592074349,6.535582049412));
#2315 = CARTESIAN_POINT('',(4.419771657342,6.441878042525));
#2316 = CARTESIAN_POINT('',(4.426378213845,6.420292453769));
#2317 = CARTESIAN_POINT('',(4.433203390708,6.399163747193));
#2318 = CARTESIAN_POINT('',(4.440245362461,6.378518704699));
#2319 = CARTESIAN_POINT('',(4.447502043289,6.358385995852));
#2320 = CARTESIAN_POINT('',(4.465344397335,6.311589045705));
#2321 = CARTESIAN_POINT('',(4.476129687118,6.285422809915));
#2322 = CARTESIAN_POINT('',(4.487317810649,6.260388262264));
#2323 = CARTESIAN_POINT('',(4.49889863175,6.236578316164));
#2324 = CARTESIAN_POINT('',(4.51086110605,6.214088376364));
#2325 = CARTESIAN_POINT('',(4.551047944564,6.145422624718));
#2326 = CARTESIAN_POINT('',(4.580970629722,6.104753796406));
#2327 = CARTESIAN_POINT('',(4.612549900654,6.072867110881));
#2328 = CARTESIAN_POINT('',(4.645308223512,6.051031633263));
#2329 = CARTESIAN_POINT('',(4.67875608219,6.04));
#2330 = CARTESIAN_POINT('',(4.712388980385,6.04));
#2331 = ( GEOMETRIC_REPRESENTATION_CONTEXT(2) 
PARAMETRIC_REPRESENTATION_CONTEXT() REPRESENTATION_CONTEXT('2D SPACE',''
  ) );
#2332 = PCURVE('',#1836,#2333);
#2333 = DEFINITIONAL_REPRESENTATION('',(#2334),#2427);
#2334 = B_SPLINE_CURVE_WITH_KNOTS('',6,(#2335,#2336,#2337,#2338,#2339,
    #2340,#2341,#2342,#2343,#2344,#2345,#2346,#2347,#2348,#2349,#2350,
    #2351,#2352,#2353,#2354,#2355,#2356,#2357,#2358,#2359,#2360,#2361,
    #2362,#2363,#2364,#2365,#2366,#2367,#2368,#2369,#2370,#2371,#2372,
    #2373,#2374,#2375,#2376,#2377,#2378,#2379,#2380,#2381,#2382,#2383,
    #2384,#2385,#2386,#2387,#2388,#2389,#2390,#2391,#2392,#2393,#2394,
    #2395,#2396,#2397,#2398,#2399,#2400,#2401,#2402,#2403,#2404,#2405,
    #2406,#2407,#2408,#2409,#2410,#2411,#2412,#2413,#2414,#2415,#2416,
    #2417,#2418,#2419,#2420,#2421,#2422,#2423,#2424,#2425,#2426),
  .UNSPECIFIED.,.F.,.F.,(7,5,5,5,5,5,5,5,5,5,5,5,5,5,5,5,5,5,7),(0.,
    7.257601144256E-02,0.103512750522,0.126765165111,0.200881533557,
    0.250395118901,0.299594213554,0.375278751336,0.428911462532,
    0.500746800442,0.547432814781,0.602766724538,0.70196322601,
    0.750416792468,0.799454567767,0.873808483526,0.896645344541,
    0.928362101525,1.),.UNSPECIFIED.);
#2335 = CARTESIAN_POINT('',(0.,0.864));
#2336 = CARTESIAN_POINT('',(8.626763570389E-02,0.864));
#2337 = CARTESIAN_POINT('',(0.172045072743,0.859569314004));
#2338 = CARTESIAN_POINT('',(0.256997561231,0.850802529943));
#2339 = CARTESIAN_POINT('',(0.340764143282,0.838257036934));
#2340 = CARTESIAN_POINT('',(0.422886077483,0.822916788704));
#2341 = CARTESIAN_POINT('',(0.536657587559,0.798647148898));
#2342 = CARTESIAN_POINT('',(0.570331028446,0.79106800625));
#2343 = CARTESIAN_POINT('',(0.603688950207,0.783231489747));
#2344 = CARTESIAN_POINT('',(0.636743370633,0.775204369784));
#2345 = CARTESIAN_POINT('',(0.669504522332,0.767051858255));
#2346 = CARTESIAN_POINT('',(0.726390442146,0.752663682481));
#2347 = CARTESIAN_POINT('',(0.750642967296,0.746453778305));
#2348 = CARTESIAN_POINT('',(0.77474571497,0.740233738953));
#2349 = CARTESIAN_POINT('',(0.798706312707,0.734028222913));
#2350 = CARTESIAN_POINT('',(0.822532728801,0.727860704229));
#2351 = CARTESIAN_POINT('',(0.921778038078,0.70228685601));
#2352 = CARTESIAN_POINT('',(0.996067825448,0.683426292139));
#2353 = CARTESIAN_POINT('',(1.069349958616,0.665899262947));
#2354 = CARTESIAN_POINT('',(1.141849517056,0.650320371017));
#2355 = CARTESIAN_POINT('',(1.213785868865,0.637176309226));
#2356 = CARTESIAN_POINT('',(1.333223952684,0.619886152151));
#2357 = CARTESIAN_POINT('',(1.380896821541,0.614203459247));
#2358 = CARTESIAN_POINT('',(1.428449430219,0.609868546981));
#2359 = CARTESIAN_POINT('',(1.475922185984,0.60695374819));
#2360 = CARTESIAN_POINT('',(1.523356387216,0.605496217914));
#2361 = CARTESIAN_POINT('',(1.617934946661,0.605496217914));
#2362 = CARTESIAN_POINT('',(1.665068003276,0.60693529361));
#2363 = CARTESIAN_POINT('',(1.712238875708,0.609813193087));
#2364 = CARTESIAN_POINT('',(1.759488041829,0.614093697274));
#2365 = CARTESIAN_POINT('',(1.806855113223,0.619706273182));
#2366 = CARTESIAN_POINT('',(1.927491258974,0.63707215416));
#2367 = CARTESIAN_POINT('',(2.00094420337,0.650499904019));
#2368 = CARTESIAN_POINT('',(2.074985548033,0.666466906036));
#2369 = CARTESIAN_POINT('',(2.149849063319,0.68445363923));
#2370 = CARTESIAN_POINT('',(2.225774909656,0.703801756551));
#2371 = CARTESIAN_POINT('',(2.357772416701,0.737853062099));
#2372 = CARTESIAN_POINT('',(2.413234939482,0.752280470544));
#2373 = CARTESIAN_POINT('',(2.469477880769,0.766727888114));
#2374 = CARTESIAN_POINT('',(2.526568766424,0.780875830781));
#2375 = CARTESIAN_POINT('',(2.584587163642,0.79438295956));
#2376 = CARTESIAN_POINT('',(2.722714918898,0.823662123119));
#2377 = CARTESIAN_POINT('',(2.804095810668,0.838743977333));
#2378 = CARTESIAN_POINT('',(2.887083925438,0.851058665584));
#2379 = CARTESIAN_POINT('',(2.971229156139,0.859656272831));
#2380 = CARTESIAN_POINT('',(3.056175769286,0.864));
#2381 = CARTESIAN_POINT('',(3.197105358081,0.864));
#2382 = CARTESIAN_POINT('',(3.252553087284,0.862165677246));
#2383 = CARTESIAN_POINT('',(3.307777265469,0.858503445824));
#2384 = CARTESIAN_POINT('',(3.362623772325,0.853119394664));
#2385 = CARTESIAN_POINT('',(3.416920667718,0.846204467524));
#2386 = CARTESIAN_POINT('',(3.533907780221,0.828318700388));
#2387 = CARTESIAN_POINT('',(3.596282122228,0.816834512973));
#2388 = CARTESIAN_POINT('',(3.657635829942,0.803936704949));
#2389 = CARTESIAN_POINT('',(3.718000927549,0.79003022016));
#2390 = CARTESIAN_POINT('',(3.777382710533,0.775525907466));
#2391 = CARTESIAN_POINT('',(3.940406415563,0.734432041016));
#2392 = CARTESIAN_POINT('',(4.042128284483,0.707298550192));
#2393 = CARTESIAN_POINT('',(4.141610834485,0.681416908417));
#2394 = CARTESIAN_POINT('',(4.239412910793,0.658479059968));
#2395 = CARTESIAN_POINT('',(4.336082078857,0.639752299372));
#2396 = CARTESIAN_POINT('',(4.47915086213,0.619373930197));
#2397 = CARTESIAN_POINT('',(4.52594816935,0.613890963926));
#2398 = CARTESIAN_POINT('',(4.572631878976,0.609710968692));
#2399 = CARTESIAN_POINT('',(4.619240145017,0.606901212699));
#2400 = CARTESIAN_POINT('',(4.665811942664,0.605496217914));
#2401 = CARTESIAN_POINT('',(4.759527601476,0.605496217914));
#2402 = CARTESIAN_POINT('',(4.806660659509,0.606935293683));
#2403 = CARTESIAN_POINT('',(4.853831533069,0.609813193337));
#2404 = CARTESIAN_POINT('',(4.901080699497,0.614093697707));
#2405 = CARTESIAN_POINT('',(4.948447769821,0.619706273615));
#2406 = CARTESIAN_POINT('',(5.068034824971,0.636921135325));
#2407 = CARTESIAN_POINT('',(5.140429936265,0.650115299111));
#2408 = CARTESIAN_POINT('',(5.213393541287,0.665781600876));
#2409 = CARTESIAN_POINT('',(5.287149105864,0.68342455499));
#2410 = CARTESIAN_POINT('',(5.361925939707,0.702417354715));
#2411 = CARTESIAN_POINT('',(5.461334147759,0.728037329985));
#2412 = CARTESIAN_POINT('',(5.484814480263,0.734115150978));
#2413 = CARTESIAN_POINT('',(5.508425198969,0.740229533268));
#2414 = CARTESIAN_POINT('',(5.53217392575,0.746358011301));
#2415 = CARTESIAN_POINT('',(5.55606796108,0.75247700278));
#2416 = CARTESIAN_POINT('',(5.613510790724,0.767012633388));
#2417 = CARTESIAN_POINT('',(5.647208725219,0.775399491441));
#2418 = CARTESIAN_POINT('',(5.681217176965,0.783653800414));
#2419 = CARTESIAN_POINT('',(5.71554694563,0.791704007241));
#2420 = CARTESIAN_POINT('',(5.750210853929,0.799476857253));
#2421 = CARTESIAN_POINT('',(5.864307572488,0.823662123119));
#2422 = CARTESIAN_POINT('',(5.945688464257,0.838743977333));
#2423 = CARTESIAN_POINT('',(6.028676579028,0.851058665584));
#2424 = CARTESIAN_POINT('',(6.112821809729,0.859656272831));
#2425 = CARTESIAN_POINT('',(6.197768422876,0.864));
#2426 = CARTESIAN_POINT('',(6.28318530718,0.864));
#2427 = ( GEOMETRIC_REPRESENTATION_CONTEXT(2) 
PARAMETRIC_REPRESENTATION_CONTEXT() REPRESENTATION_CONTEXT('2D SPACE',''
  ) );
#2428 = ADVANCED_FACE('',(#2429,#2432),#1048,.T.);
#2429 = FACE_BOUND('',#2430,.T.);
#2430 = EDGE_LOOP('',(#2431));
#2431 = ORIENTED_EDGE('',*,*,#938,.T.);
#2432 = FACE_BOUND('',#2433,.T.);
#2433 = EDGE_LOOP('',(#2434,#2473,#2507,#2544));
#2434 = ORIENTED_EDGE('',*,*,#2435,.F.);
#2435 = EDGE_CURVE('',#2436,#2438,#2440,.T.);
#2436 = VERTEX_POINT('',#2437);
#2437 = CARTESIAN_POINT('',(0.7076,3.55,15.));
#2438 = VERTEX_POINT('',#2439);
#2439 = CARTESIAN_POINT('',(0.7076,11.102,15.));
#2440 = SURFACE_CURVE('',#2441,(#2448,#2458),.PCURVE_S1.);
#2441 = B_SPLINE_CURVE_WITH_KNOTS('',5,(#2442,#2443,#2444,#2445,#2446,
    #2447),.UNSPECIFIED.,.F.,.F.,(6,6),(0.,1.),
  .PIECEWISE_BEZIER_KNOTS.);
#2442 = CARTESIAN_POINT('',(0.7076,3.55,15.));
#2443 = CARTESIAN_POINT('',(0.7076,5.060403317745,15.));
#2444 = CARTESIAN_POINT('',(0.7076,6.570806486591,15.));
#2445 = CARTESIAN_POINT('',(0.7076,8.081205748017,15.));
#2446 = CARTESIAN_POINT('',(0.7076,9.591602102601,15.));
#2447 = CARTESIAN_POINT('',(0.7076,11.102,15.));
#2448 = PCURVE('',#1048,#2449);
#2449 = DEFINITIONAL_REPRESENTATION('',(#2450),#2457);
#2450 = B_SPLINE_CURVE_WITH_KNOTS('',5,(#2451,#2452,#2453,#2454,#2455,
    #2456),.UNSPECIFIED.,.F.,.F.,(6,6),(0.,1.),
  .PIECEWISE_BEZIER_KNOTS.);
#2451 = CARTESIAN_POINT('',(2.387744615507,2.720529013486));
#2452 = CARTESIAN_POINT('',(3.14295233271,4.02858445537));
#2453 = CARTESIAN_POINT('',(3.898163775785,5.336637918055));
#2454 = CARTESIAN_POINT('',(4.653379122448,6.644693638853));
#2455 = CARTESIAN_POINT('',(5.408599711563,7.952749689366));
#2456 = CARTESIAN_POINT('',(6.163824701393,9.260801417587));
#2457 = ( GEOMETRIC_REPRESENTATION_CONTEXT(2) 
PARAMETRIC_REPRESENTATION_CONTEXT() REPRESENTATION_CONTEXT('2D SPACE',''
  ) );
#2458 = PCURVE('',#2459,#2464);
#2459 = PLANE('',#2460);
#2460 = AXIS2_PLACEMENT_3D('',#2461,#2462,#2463);
#2461 = CARTESIAN_POINT('',(0.7076,3.55,14.64));
#2462 = DIRECTION('',(-1.,1.110223024625E-16,0.));
#2463 = DIRECTION('',(0.,0.,1.));
#2464 = DEFINITIONAL_REPRESENTATION('',(#2465),#2472);
#2465 = B_SPLINE_CURVE_WITH_KNOTS('',5,(#2466,#2467,#2468,#2469,#2470,
    #2471),.UNSPECIFIED.,.F.,.F.,(6,6),(0.,1.),
  .PIECEWISE_BEZIER_KNOTS.);
#2466 = CARTESIAN_POINT('',(0.36,0.));
#2467 = CARTESIAN_POINT('',(0.36,1.510403317745));
#2468 = CARTESIAN_POINT('',(0.36,3.020806486591));
#2469 = CARTESIAN_POINT('',(0.36,4.531205748017));
#2470 = CARTESIAN_POINT('',(0.36,6.041602102601));
#2471 = CARTESIAN_POINT('',(0.36,7.552));
#2472 = ( GEOMETRIC_REPRESENTATION_CONTEXT(2) 
PARAMETRIC_REPRESENTATION_CONTEXT() REPRESENTATION_CONTEXT('2D SPACE',''
  ) );
#2473 = ORIENTED_EDGE('',*,*,#2474,.T.);
#2474 = EDGE_CURVE('',#2436,#2475,#2477,.T.);
#2475 = VERTEX_POINT('',#2476);
#2476 = CARTESIAN_POINT('',(-0.7076,3.55,15.));
#2477 = SURFACE_CURVE('',#2478,(#2484,#2493),.PCURVE_S1.);
#2478 = B_SPLINE_CURVE_WITH_KNOTS('',4,(#2479,#2480,#2481,#2482,#2483),
  .UNSPECIFIED.,.F.,.F.,(5,5),(0.,1.),.PIECEWISE_BEZIER_KNOTS.);
#2479 = CARTESIAN_POINT('',(0.7076,3.55,15.));
#2480 = CARTESIAN_POINT('',(0.353800054203,3.55,15.));
#2481 = CARTESIAN_POINT('',(6.742341840393E-08,3.55,15.));
#2482 = CARTESIAN_POINT('',(-0.353799952723,3.55,15.));
#2483 = CARTESIAN_POINT('',(-0.7076,3.55,15.));
#2484 = PCURVE('',#1048,#2485);
#2485 = DEFINITIONAL_REPRESENTATION('',(#2486),#2492);
#2486 = B_SPLINE_CURVE_WITH_KNOTS('',4,(#2487,#2488,#2489,#2490,#2491),
  .UNSPECIFIED.,.F.,.F.,(5,5),(0.,1.),.PIECEWISE_BEZIER_KNOTS.);
#2487 = CARTESIAN_POINT('',(2.387744615527,2.720529013543));
#2488 = CARTESIAN_POINT('',(2.081344121987,2.89742775217));
#2489 = CARTESIAN_POINT('',(1.774943769316,3.074326652827));
#2490 = CARTESIAN_POINT('',(1.468543594602,3.251225794983));
#2491 = CARTESIAN_POINT('',(1.162143627593,3.428125242633));
#2492 = ( GEOMETRIC_REPRESENTATION_CONTEXT(2) 
PARAMETRIC_REPRESENTATION_CONTEXT() REPRESENTATION_CONTEXT('2D SPACE',''
  ) );
#2493 = PCURVE('',#2494,#2499);
#2494 = PLANE('',#2495);
#2495 = AXIS2_PLACEMENT_3D('',#2496,#2497,#2498);
#2496 = CARTESIAN_POINT('',(0.7076,3.55,14.64));
#2497 = DIRECTION('',(1.110223024625E-16,1.,0.));
#2498 = DIRECTION('',(0.,0.,1.));
#2499 = DEFINITIONAL_REPRESENTATION('',(#2500),#2506);
#2500 = B_SPLINE_CURVE_WITH_KNOTS('',4,(#2501,#2502,#2503,#2504,#2505),
  .UNSPECIFIED.,.F.,.F.,(5,5),(0.,1.),.PIECEWISE_BEZIER_KNOTS.);
#2501 = CARTESIAN_POINT('',(0.36,0.));
#2502 = CARTESIAN_POINT('',(0.36,-0.353799945797));
#2503 = CARTESIAN_POINT('',(0.36,-0.707599932577));
#2504 = CARTESIAN_POINT('',(0.36,-1.061399952723));
#2505 = CARTESIAN_POINT('',(0.36,-1.4152));
#2506 = ( GEOMETRIC_REPRESENTATION_CONTEXT(2) 
PARAMETRIC_REPRESENTATION_CONTEXT() REPRESENTATION_CONTEXT('2D SPACE',''
  ) );
#2507 = ORIENTED_EDGE('',*,*,#2508,.T.);
#2508 = EDGE_CURVE('',#2475,#2509,#2511,.T.);
#2509 = VERTEX_POINT('',#2510);
#2510 = CARTESIAN_POINT('',(-0.7076,11.102,15.));
#2511 = SURFACE_CURVE('',#2512,(#2519,#2529),.PCURVE_S1.);
#2512 = B_SPLINE_CURVE_WITH_KNOTS('',5,(#2513,#2514,#2515,#2516,#2517,
    #2518),.UNSPECIFIED.,.F.,.F.,(6,6),(0.,1.),
  .PIECEWISE_BEZIER_KNOTS.);
#2513 = CARTESIAN_POINT('',(-0.7076,3.55,15.));
#2514 = CARTESIAN_POINT('',(-0.7076,5.060404114071,15.));
#2515 = CARTESIAN_POINT('',(-0.7076,6.570807440972,15.));
#2516 = CARTESIAN_POINT('',(-0.7076,8.081205929938,15.));
#2517 = CARTESIAN_POINT('',(-0.7076,9.591602195149,15.));
#2518 = CARTESIAN_POINT('',(-0.7076,11.102,15.));
#2519 = PCURVE('',#1048,#2520);
#2520 = DEFINITIONAL_REPRESENTATION('',(#2521),#2528);
#2521 = B_SPLINE_CURVE_WITH_KNOTS('',5,(#2522,#2523,#2524,#2525,#2526,
    #2527),.UNSPECIFIED.,.F.,.F.,(6,6),(0.,1.),
  .PIECEWISE_BEZIER_KNOTS.);
#2522 = CARTESIAN_POINT('',(1.162143627637,3.428125242634));
#2523 = CARTESIAN_POINT('',(1.917352171468,4.73618154734));
#2524 = CARTESIAN_POINT('',(2.672564419682,6.044236622266));
#2525 = CARTESIAN_POINT('',(3.427780406789,7.352295124837));
#2526 = CARTESIAN_POINT('',(4.183001758045,8.660353098108));
#2527 = CARTESIAN_POINT('',(4.93822757242,9.968406716725));
#2528 = ( GEOMETRIC_REPRESENTATION_CONTEXT(2) 
PARAMETRIC_REPRESENTATION_CONTEXT() REPRESENTATION_CONTEXT('2D SPACE',''
  ) );
#2529 = PCURVE('',#2530,#2535);
#2530 = PLANE('',#2531);
#2531 = AXIS2_PLACEMENT_3D('',#2532,#2533,#2534);
#2532 = CARTESIAN_POINT('',(-0.7076,3.55,14.64));
#2533 = DIRECTION('',(-1.,1.110223024625E-16,0.));
#2534 = DIRECTION('',(0.,0.,1.));
#2535 = DEFINITIONAL_REPRESENTATION('',(#2536),#2543);
#2536 = B_SPLINE_CURVE_WITH_KNOTS('',5,(#2537,#2538,#2539,#2540,#2541,
    #2542),.UNSPECIFIED.,.F.,.F.,(6,6),(0.,1.),
  .PIECEWISE_BEZIER_KNOTS.);
#2537 = CARTESIAN_POINT('',(0.36,0.));
#2538 = CARTESIAN_POINT('',(0.36,1.510404114071));
#2539 = CARTESIAN_POINT('',(0.36,3.020807440972));
#2540 = CARTESIAN_POINT('',(0.36,4.531205929938));
#2541 = CARTESIAN_POINT('',(0.36,6.041602195149));
#2542 = CARTESIAN_POINT('',(0.36,7.552));
#2543 = ( GEOMETRIC_REPRESENTATION_CONTEXT(2) 
PARAMETRIC_REPRESENTATION_CONTEXT() REPRESENTATION_CONTEXT('2D SPACE',''
  ) );
#2544 = ORIENTED_EDGE('',*,*,#2545,.F.);
#2545 = EDGE_CURVE('',#2438,#2509,#2546,.T.);
#2546 = SURFACE_CURVE('',#2547,(#2555,#2566),.PCURVE_S1.);
#2547 = B_SPLINE_CURVE_WITH_KNOTS('',3,(#2548,#2549,#2550,#2551,#2552,
    #2553,#2554),.UNSPECIFIED.,.F.,.F.,(4,1,1,1,4),(0.,0.251409618638,
    0.524943600272,0.798477696247,1.),.UNSPECIFIED.);
#2548 = CARTESIAN_POINT('',(0.7076,11.102,15.));
#2549 = CARTESIAN_POINT('',(0.589001724497,11.102,15.));
#2550 = CARTESIAN_POINT('',(0.341368365332,11.102,15.));
#2551 = CARTESIAN_POINT('',(-3.530016231374E-02,11.102,15.));
#2552 = CARTESIAN_POINT('',(-0.388435219091,11.102,15.));
#2553 = CARTESIAN_POINT('',(-0.612535193063,11.102,15.));
#2554 = CARTESIAN_POINT('',(-0.7076,11.102,15.));
#2555 = PCURVE('',#1048,#2556);
#2556 = DEFINITIONAL_REPRESENTATION('',(#2557),#2565);
#2557 = B_SPLINE_CURVE_WITH_KNOTS('',3,(#2558,#2559,#2560,#2561,#2562,
    #2563,#2564),.UNSPECIFIED.,.F.,.F.,(4,1,1,1,4),(0.,0.251409618638,
    0.524943600272,0.798477696247,1.),.UNSPECIFIED.);
#2558 = CARTESIAN_POINT('',(6.163824701432,9.260801417642));
#2559 = CARTESIAN_POINT('',(6.061115654691,9.320100919531));
#2560 = CARTESIAN_POINT('',(5.846659075809,9.443918402318));
#2561 = CARTESIAN_POINT('',(5.520455029072,9.632254023462));
#2562 = CARTESIAN_POINT('',(5.214631697046,9.808822952483));
#2563 = CARTESIAN_POINT('',(5.02055589546,9.920873895946));
#2564 = CARTESIAN_POINT('',(4.938227572501,9.968406716816));
#2565 = ( GEOMETRIC_REPRESENTATION_CONTEXT(2) 
PARAMETRIC_REPRESENTATION_CONTEXT() REPRESENTATION_CONTEXT('2D SPACE',''
  ) );
#2566 = PCURVE('',#2567,#2572);
#2567 = PLANE('',#2568);
#2568 = AXIS2_PLACEMENT_3D('',#2569,#2570,#2571);
#2569 = CARTESIAN_POINT('',(0.7076,11.102,14.64));
#2570 = DIRECTION('',(1.110223024625E-16,1.,0.));
#2571 = DIRECTION('',(0.,0.,1.));
#2572 = DEFINITIONAL_REPRESENTATION('',(#2573),#2581);
#2573 = B_SPLINE_CURVE_WITH_KNOTS('',3,(#2574,#2575,#2576,#2577,#2578,
    #2579,#2580),.UNSPECIFIED.,.F.,.F.,(4,1,1,1,4),(0.,0.251409618638,
    0.524943600272,0.798477696247,1.),.UNSPECIFIED.);
#2574 = CARTESIAN_POINT('',(0.36,0.));
#2575 = CARTESIAN_POINT('',(0.36,-0.118598275503));
#2576 = CARTESIAN_POINT('',(0.36,-0.366231634668));
#2577 = CARTESIAN_POINT('',(0.36,-0.742900162314));
#2578 = CARTESIAN_POINT('',(0.36,-1.096035219091));
#2579 = CARTESIAN_POINT('',(0.36,-1.320135193063));
#2580 = CARTESIAN_POINT('',(0.36,-1.4152));
#2581 = ( GEOMETRIC_REPRESENTATION_CONTEXT(2) 
PARAMETRIC_REPRESENTATION_CONTEXT() REPRESENTATION_CONTEXT('2D SPACE',''
  ) );
#2582 = ADVANCED_FACE('',(#2583),#874,.F.);
#2583 = FACE_BOUND('',#2584,.F.);
#2584 = EDGE_LOOP('',(#2585,#2586));
#2585 = ORIENTED_EDGE('',*,*,#818,.F.);
#2586 = ORIENTED_EDGE('',*,*,#2005,.T.);
#2587 = ADVANCED_FACE('',(#2588),#1836,.F.);
#2588 = FACE_BOUND('',#2589,.F.);
#2589 = EDGE_LOOP('',(#2590,#2591,#2612,#2613));
#2590 = ORIENTED_EDGE('',*,*,#1559,.T.);
#2591 = ORIENTED_EDGE('',*,*,#2592,.F.);
#2592 = EDGE_CURVE('',#2140,#1560,#2593,.T.);
#2593 = SEAM_CURVE('',#2594,(#2598,#2605),.PCURVE_S1.);
#2594 = LINE('',#2595,#2596);
#2595 = CARTESIAN_POINT('',(-4.800314602507E-16,-2.336,5.79));
#2596 = VECTOR('',#2597,1.);
#2597 = DIRECTION('',(-2.22044604925E-16,-1.,1.110223024625E-16));
#2598 = PCURVE('',#1836,#2599);
#2599 = DEFINITIONAL_REPRESENTATION('',(#2600),#2604);
#2600 = LINE('',#2601,#2602);
#2601 = CARTESIAN_POINT('',(0.,-0.));
#2602 = VECTOR('',#2603,1.);
#2603 = DIRECTION('',(0.,1.));
#2604 = ( GEOMETRIC_REPRESENTATION_CONTEXT(2) 
PARAMETRIC_REPRESENTATION_CONTEXT() REPRESENTATION_CONTEXT('2D SPACE',''
  ) );
#2605 = PCURVE('',#1836,#2606);
#2606 = DEFINITIONAL_REPRESENTATION('',(#2607),#2611);
#2607 = LINE('',#2608,#2609);
#2608 = CARTESIAN_POINT('',(6.28318530718,-0.));
#2609 = VECTOR('',#2610,1.);
#2610 = DIRECTION('',(0.,1.));
#2611 = ( GEOMETRIC_REPRESENTATION_CONTEXT(2) 
PARAMETRIC_REPRESENTATION_CONTEXT() REPRESENTATION_CONTEXT('2D SPACE',''
  ) );
#2612 = ORIENTED_EDGE('',*,*,#2139,.T.);
#2613 = ORIENTED_EDGE('',*,*,#2592,.T.);
#2614 = ADVANCED_FACE('',(#2615),#2067,.T.);
#2615 = FACE_BOUND('',#2616,.F.);
#2616 = EDGE_LOOP('',(#2617));
#2617 = ORIENTED_EDGE('',*,*,#2052,.F.);
#2618 = ADVANCED_FACE('',(#2619),#2124,.F.);
#2619 = FACE_BOUND('',#2620,.F.);
#2620 = EDGE_LOOP('',(#2621));
#2621 = ORIENTED_EDGE('',*,*,#2109,.T.);
#2622 = ADVANCED_FACE('',(#2623),#2459,.T.);
#2623 = FACE_BOUND('',#2624,.T.);
#2624 = EDGE_LOOP('',(#2625,#2648,#2676,#2697));
#2625 = ORIENTED_EDGE('',*,*,#2626,.F.);
#2626 = EDGE_CURVE('',#2627,#2438,#2629,.T.);
#2627 = VERTEX_POINT('',#2628);
#2628 = CARTESIAN_POINT('',(0.7076,11.102,14.64));
#2629 = SURFACE_CURVE('',#2630,(#2634,#2641),.PCURVE_S1.);
#2630 = LINE('',#2631,#2632);
#2631 = CARTESIAN_POINT('',(0.7076,11.102,14.64));
#2632 = VECTOR('',#2633,1.);
#2633 = DIRECTION('',(0.,0.,1.));
#2634 = PCURVE('',#2459,#2635);
#2635 = DEFINITIONAL_REPRESENTATION('',(#2636),#2640);
#2636 = LINE('',#2637,#2638);
#2637 = CARTESIAN_POINT('',(0.,7.552));
#2638 = VECTOR('',#2639,1.);
#2639 = DIRECTION('',(1.,0.));
#2640 = ( GEOMETRIC_REPRESENTATION_CONTEXT(2) 
PARAMETRIC_REPRESENTATION_CONTEXT() REPRESENTATION_CONTEXT('2D SPACE',''
  ) );
#2641 = PCURVE('',#2567,#2642);
#2642 = DEFINITIONAL_REPRESENTATION('',(#2643),#2647);
#2643 = LINE('',#2644,#2645);
#2644 = CARTESIAN_POINT('',(0.,0.));
#2645 = VECTOR('',#2646,1.);
#2646 = DIRECTION('',(1.,0.));
#2647 = ( GEOMETRIC_REPRESENTATION_CONTEXT(2) 
PARAMETRIC_REPRESENTATION_CONTEXT() REPRESENTATION_CONTEXT('2D SPACE',''
  ) );
#2648 = ORIENTED_EDGE('',*,*,#2649,.F.);
#2649 = EDGE_CURVE('',#2650,#2627,#2652,.T.);
#2650 = VERTEX_POINT('',#2651);
#2651 = CARTESIAN_POINT('',(0.7076,3.55,14.64));
#2652 = SURFACE_CURVE('',#2653,(#2657,#2664),.PCURVE_S1.);
#2653 = LINE('',#2654,#2655);
#2654 = CARTESIAN_POINT('',(0.7076,3.55,14.64));
#2655 = VECTOR('',#2656,1.);
#2656 = DIRECTION('',(1.110223024625E-16,1.,0.));
#2657 = PCURVE('',#2459,#2658);
#2658 = DEFINITIONAL_REPRESENTATION('',(#2659),#2663);
#2659 = LINE('',#2660,#2661);
#2660 = CARTESIAN_POINT('',(0.,0.));
#2661 = VECTOR('',#2662,1.);
#2662 = DIRECTION('',(0.,1.));
#2663 = ( GEOMETRIC_REPRESENTATION_CONTEXT(2) 
PARAMETRIC_REPRESENTATION_CONTEXT() REPRESENTATION_CONTEXT('2D SPACE',''
  ) );
#2664 = PCURVE('',#2665,#2670);
#2665 = PLANE('',#2666);
#2666 = AXIS2_PLACEMENT_3D('',#2667,#2668,#2669);
#2667 = CARTESIAN_POINT('',(0.7076,3.55,14.64));
#2668 = DIRECTION('',(0.,0.,1.));
#2669 = DIRECTION('',(1.110223024625E-16,1.,0.));
#2670 = DEFINITIONAL_REPRESENTATION('',(#2671),#2675);
#2671 = LINE('',#2672,#2673);
#2672 = CARTESIAN_POINT('',(0.,0.));
#2673 = VECTOR('',#2674,1.);
#2674 = DIRECTION('',(1.,0.));
#2675 = ( GEOMETRIC_REPRESENTATION_CONTEXT(2) 
PARAMETRIC_REPRESENTATION_CONTEXT() REPRESENTATION_CONTEXT('2D SPACE',''
  ) );
#2676 = ORIENTED_EDGE('',*,*,#2677,.T.);
#2677 = EDGE_CURVE('',#2650,#2436,#2678,.T.);
#2678 = SURFACE_CURVE('',#2679,(#2683,#2690),.PCURVE_S1.);
#2679 = LINE('',#2680,#2681);
#2680 = CARTESIAN_POINT('',(0.7076,3.55,14.64));
#2681 = VECTOR('',#2682,1.);
#2682 = DIRECTION('',(0.,0.,1.));
#2683 = PCURVE('',#2459,#2684);
#2684 = DEFINITIONAL_REPRESENTATION('',(#2685),#2689);
#2685 = LINE('',#2686,#2687);
#2686 = CARTESIAN_POINT('',(0.,0.));
#2687 = VECTOR('',#2688,1.);
#2688 = DIRECTION('',(1.,0.));
#2689 = ( GEOMETRIC_REPRESENTATION_CONTEXT(2) 
PARAMETRIC_REPRESENTATION_CONTEXT() REPRESENTATION_CONTEXT('2D SPACE',''
  ) );
#2690 = PCURVE('',#2494,#2691);
#2691 = DEFINITIONAL_REPRESENTATION('',(#2692),#2696);
#2692 = LINE('',#2693,#2694);
#2693 = CARTESIAN_POINT('',(0.,0.));
#2694 = VECTOR('',#2695,1.);
#2695 = DIRECTION('',(1.,0.));
#2696 = ( GEOMETRIC_REPRESENTATION_CONTEXT(2) 
PARAMETRIC_REPRESENTATION_CONTEXT() REPRESENTATION_CONTEXT('2D SPACE',''
  ) );
#2697 = ORIENTED_EDGE('',*,*,#2435,.T.);
#2698 = ADVANCED_FACE('',(#2699),#2567,.F.);
#2699 = FACE_BOUND('',#2700,.F.);
#2700 = EDGE_LOOP('',(#2701,#2702,#2725,#2746));
#2701 = ORIENTED_EDGE('',*,*,#2626,.F.);
#2702 = ORIENTED_EDGE('',*,*,#2703,.T.);
#2703 = EDGE_CURVE('',#2627,#2704,#2706,.T.);
#2704 = VERTEX_POINT('',#2705);
#2705 = CARTESIAN_POINT('',(-0.7076,11.102,14.64));
#2706 = SURFACE_CURVE('',#2707,(#2711,#2718),.PCURVE_S1.);
#2707 = LINE('',#2708,#2709);
#2708 = CARTESIAN_POINT('',(0.7076,11.102,14.64));
#2709 = VECTOR('',#2710,1.);
#2710 = DIRECTION('',(-1.,1.110223024625E-16,0.));
#2711 = PCURVE('',#2567,#2712);
#2712 = DEFINITIONAL_REPRESENTATION('',(#2713),#2717);
#2713 = LINE('',#2714,#2715);
#2714 = CARTESIAN_POINT('',(0.,0.));
#2715 = VECTOR('',#2716,1.);
#2716 = DIRECTION('',(0.,-1.));
#2717 = ( GEOMETRIC_REPRESENTATION_CONTEXT(2) 
PARAMETRIC_REPRESENTATION_CONTEXT() REPRESENTATION_CONTEXT('2D SPACE',''
  ) );
#2718 = PCURVE('',#2665,#2719);
#2719 = DEFINITIONAL_REPRESENTATION('',(#2720),#2724);
#2720 = LINE('',#2721,#2722);
#2721 = CARTESIAN_POINT('',(7.552,0.));
#2722 = VECTOR('',#2723,1.);
#2723 = DIRECTION('',(0.,1.));
#2724 = ( GEOMETRIC_REPRESENTATION_CONTEXT(2) 
PARAMETRIC_REPRESENTATION_CONTEXT() REPRESENTATION_CONTEXT('2D SPACE',''
  ) );
#2725 = ORIENTED_EDGE('',*,*,#2726,.T.);
#2726 = EDGE_CURVE('',#2704,#2509,#2727,.T.);
#2727 = SURFACE_CURVE('',#2728,(#2732,#2739),.PCURVE_S1.);
#2728 = LINE('',#2729,#2730);
#2729 = CARTESIAN_POINT('',(-0.7076,11.102,14.64));
#2730 = VECTOR('',#2731,1.);
#2731 = DIRECTION('',(0.,0.,1.));
#2732 = PCURVE('',#2567,#2733);
#2733 = DEFINITIONAL_REPRESENTATION('',(#2734),#2738);
#2734 = LINE('',#2735,#2736);
#2735 = CARTESIAN_POINT('',(0.,-1.4152));
#2736 = VECTOR('',#2737,1.);
#2737 = DIRECTION('',(1.,0.));
#2738 = ( GEOMETRIC_REPRESENTATION_CONTEXT(2) 
PARAMETRIC_REPRESENTATION_CONTEXT() REPRESENTATION_CONTEXT('2D SPACE',''
  ) );
#2739 = PCURVE('',#2530,#2740);
#2740 = DEFINITIONAL_REPRESENTATION('',(#2741),#2745);
#2741 = LINE('',#2742,#2743);
#2742 = CARTESIAN_POINT('',(0.,7.552));
#2743 = VECTOR('',#2744,1.);
#2744 = DIRECTION('',(1.,0.));
#2745 = ( GEOMETRIC_REPRESENTATION_CONTEXT(2) 
PARAMETRIC_REPRESENTATION_CONTEXT() REPRESENTATION_CONTEXT('2D SPACE',''
  ) );
#2746 = ORIENTED_EDGE('',*,*,#2545,.F.);
#2747 = ADVANCED_FACE('',(#2748),#2530,.F.);
#2748 = FACE_BOUND('',#2749,.F.);
#2749 = EDGE_LOOP('',(#2750,#2751,#2774,#2795));
#2750 = ORIENTED_EDGE('',*,*,#2726,.F.);
#2751 = ORIENTED_EDGE('',*,*,#2752,.F.);
#2752 = EDGE_CURVE('',#2753,#2704,#2755,.T.);
#2753 = VERTEX_POINT('',#2754);
#2754 = CARTESIAN_POINT('',(-0.7076,3.55,14.64));
#2755 = SURFACE_CURVE('',#2756,(#2760,#2767),.PCURVE_S1.);
#2756 = LINE('',#2757,#2758);
#2757 = CARTESIAN_POINT('',(-0.7076,3.55,14.64));
#2758 = VECTOR('',#2759,1.);
#2759 = DIRECTION('',(1.110223024625E-16,1.,0.));
#2760 = PCURVE('',#2530,#2761);
#2761 = DEFINITIONAL_REPRESENTATION('',(#2762),#2766);
#2762 = LINE('',#2763,#2764);
#2763 = CARTESIAN_POINT('',(0.,0.));
#2764 = VECTOR('',#2765,1.);
#2765 = DIRECTION('',(0.,1.));
#2766 = ( GEOMETRIC_REPRESENTATION_CONTEXT(2) 
PARAMETRIC_REPRESENTATION_CONTEXT() REPRESENTATION_CONTEXT('2D SPACE',''
  ) );
#2767 = PCURVE('',#2665,#2768);
#2768 = DEFINITIONAL_REPRESENTATION('',(#2769),#2773);
#2769 = LINE('',#2770,#2771);
#2770 = CARTESIAN_POINT('',(0.,1.4152));
#2771 = VECTOR('',#2772,1.);
#2772 = DIRECTION('',(1.,0.));
#2773 = ( GEOMETRIC_REPRESENTATION_CONTEXT(2) 
PARAMETRIC_REPRESENTATION_CONTEXT() REPRESENTATION_CONTEXT('2D SPACE',''
  ) );
#2774 = ORIENTED_EDGE('',*,*,#2775,.T.);
#2775 = EDGE_CURVE('',#2753,#2475,#2776,.T.);
#2776 = SURFACE_CURVE('',#2777,(#2781,#2788),.PCURVE_S1.);
#2777 = LINE('',#2778,#2779);
#2778 = CARTESIAN_POINT('',(-0.7076,3.55,14.64));
#2779 = VECTOR('',#2780,1.);
#2780 = DIRECTION('',(0.,0.,1.));
#2781 = PCURVE('',#2530,#2782);
#2782 = DEFINITIONAL_REPRESENTATION('',(#2783),#2787);
#2783 = LINE('',#2784,#2785);
#2784 = CARTESIAN_POINT('',(0.,0.));
#2785 = VECTOR('',#2786,1.);
#2786 = DIRECTION('',(1.,0.));
#2787 = ( GEOMETRIC_REPRESENTATION_CONTEXT(2) 
PARAMETRIC_REPRESENTATION_CONTEXT() REPRESENTATION_CONTEXT('2D SPACE',''
  ) );
#2788 = PCURVE('',#2494,#2789);
#2789 = DEFINITIONAL_REPRESENTATION('',(#2790),#2794);
#2790 = LINE('',#2791,#2792);
#2791 = CARTESIAN_POINT('',(0.,-1.4152));
#2792 = VECTOR('',#2793,1.);
#2793 = DIRECTION('',(1.,0.));
#2794 = ( GEOMETRIC_REPRESENTATION_CONTEXT(2) 
PARAMETRIC_REPRESENTATION_CONTEXT() REPRESENTATION_CONTEXT('2D SPACE',''
  ) );
#2795 = ORIENTED_EDGE('',*,*,#2508,.T.);
#2796 = ADVANCED_FACE('',(#2797),#2494,.T.);
#2797 = FACE_BOUND('',#2798,.T.);
#2798 = EDGE_LOOP('',(#2799,#2800,#2821,#2822));
#2799 = ORIENTED_EDGE('',*,*,#2677,.F.);
#2800 = ORIENTED_EDGE('',*,*,#2801,.T.);
#2801 = EDGE_CURVE('',#2650,#2753,#2802,.T.);
#2802 = SURFACE_CURVE('',#2803,(#2807,#2814),.PCURVE_S1.);
#2803 = LINE('',#2804,#2805);
#2804 = CARTESIAN_POINT('',(0.7076,3.55,14.64));
#2805 = VECTOR('',#2806,1.);
#2806 = DIRECTION('',(-1.,1.110223024625E-16,0.));
#2807 = PCURVE('',#2494,#2808);
#2808 = DEFINITIONAL_REPRESENTATION('',(#2809),#2813);
#2809 = LINE('',#2810,#2811);
#2810 = CARTESIAN_POINT('',(0.,0.));
#2811 = VECTOR('',#2812,1.);
#2812 = DIRECTION('',(0.,-1.));
#2813 = ( GEOMETRIC_REPRESENTATION_CONTEXT(2) 
PARAMETRIC_REPRESENTATION_CONTEXT() REPRESENTATION_CONTEXT('2D SPACE',''
  ) );
#2814 = PCURVE('',#2665,#2815);
#2815 = DEFINITIONAL_REPRESENTATION('',(#2816),#2820);
#2816 = LINE('',#2817,#2818);
#2817 = CARTESIAN_POINT('',(0.,0.));
#2818 = VECTOR('',#2819,1.);
#2819 = DIRECTION('',(0.,1.));
#2820 = ( GEOMETRIC_REPRESENTATION_CONTEXT(2) 
PARAMETRIC_REPRESENTATION_CONTEXT() REPRESENTATION_CONTEXT('2D SPACE',''
  ) );
#2821 = ORIENTED_EDGE('',*,*,#2775,.T.);
#2822 = ORIENTED_EDGE('',*,*,#2474,.F.);
#2823 = ADVANCED_FACE('',(#2824),#2665,.T.);
#2824 = FACE_BOUND('',#2825,.T.);
#2825 = EDGE_LOOP('',(#2826,#2827,#2828,#2829));
#2826 = ORIENTED_EDGE('',*,*,#2801,.F.);
#2827 = ORIENTED_EDGE('',*,*,#2649,.T.);
#2828 = ORIENTED_EDGE('',*,*,#2703,.T.);
#2829 = ORIENTED_EDGE('',*,*,#2752,.F.);
#2830 = ( GEOMETRIC_REPRESENTATION_CONTEXT(3) 
GLOBAL_UNCERTAINTY_ASSIGNED_CONTEXT((#2834)) 
GLOBAL_UNIT_ASSIGNED_CONTEXT((#2831,#2832,#2833)) REPRESENTATION_CONTEXT
('Context #1','3D Context with UNIT and UNCERTAINTY') );
#2831 = ( LENGTH_UNIT() NAMED_UNIT(*) SI_UNIT(.MILLI.,.METRE.) );
#2832 = ( NAMED_UNIT(*) PLANE_ANGLE_UNIT() SI_UNIT($,.RADIAN.) );
#2833 = ( NAMED_UNIT(*) SI_UNIT($,.STERADIAN.) SOLID_ANGLE_UNIT() );
#2834 = UNCERTAINTY_MEASURE_WITH_UNIT(LENGTH_MEASURE(1.E-05),#2831,
  'distance_accuracy_value','confusion accuracy');
#2835 = CONTEXT_DEPENDENT_SHAPE_REPRESENTATION(#2836,#2838);
#2836 = ( REPRESENTATION_RELATIONSHIP('','',#40,#10) 
REPRESENTATION_RELATIONSHIP_WITH_TRANSFORMATION(#2837) 
SHAPE_REPRESENTATION_RELATIONSHIP() );
#2837 = ITEM_DEFINED_TRANSFORMATION('','',#11,#15);
#2838 = PRODUCT_DEFINITION_SHAPE('Placement','Placement of an item',
  #2839);
#2839 = NEXT_ASSEMBLY_USAGE_OCCURRENCE('1',
  'daier_mf_b02_mxr_style_knob_black_abs_body','',#5,#35,$);
#2840 = PRODUCT_RELATED_PRODUCT_CATEGORY('part',$,(#37));
#2841 = SHAPE_DEFINITION_REPRESENTATION(#2842,#2848);
#2842 = PRODUCT_DEFINITION_SHAPE('','',#2843);
#2843 = PRODUCT_DEFINITION('design','',#2844,#2847);
#2844 = PRODUCT_DEFINITION_FORMATION('','',#2845);
#2845 = PRODUCT('daier_mf_b02_mxr_style_knob_white_top_indicator',
  'daier_mf_b02_mxr_style_knob_white_top_indicator','',(#2846));
#2846 = PRODUCT_CONTEXT('',#2,'mechanical');
#2847 = PRODUCT_DEFINITION_CONTEXT('part definition',#2,'design');
#2848 = ADVANCED_BREP_SHAPE_REPRESENTATION('',(#11,#2849),#3179);
#2849 = MANIFOLD_SOLID_BREP('',#2850);
#2850 = CLOSED_SHELL('',(#2851,#2971,#3071,#3118,#3165,#3172));
#2851 = ADVANCED_FACE('',(#2852),#2866,.F.);
#2852 = FACE_BOUND('',#2853,.F.);
#2853 = EDGE_LOOP('',(#2854,#2889,#2917,#2945));
#2854 = ORIENTED_EDGE('',*,*,#2855,.F.);
#2855 = EDGE_CURVE('',#2856,#2858,#2860,.T.);
#2856 = VERTEX_POINT('',#2857);
#2857 = CARTESIAN_POINT('',(-3.54944,-0.523624,-2.5E-02));
#2858 = VERTEX_POINT('',#2859);
#2859 = CARTESIAN_POINT('',(-3.54944,-0.523624,2.5E-02));
#2860 = SURFACE_CURVE('',#2861,(#2865,#2877),.PCURVE_S1.);
#2861 = LINE('',#2862,#2863);
#2862 = CARTESIAN_POINT('',(-3.54944,-0.523624,-2.5E-02));
#2863 = VECTOR('',#2864,1.);
#2864 = DIRECTION('',(0.,0.,1.));
#2865 = PCURVE('',#2866,#2871);
#2866 = PLANE('',#2867);
#2867 = AXIS2_PLACEMENT_3D('',#2868,#2869,#2870);
#2868 = CARTESIAN_POINT('',(-3.54944,-0.523624,-2.5E-02));
#2869 = DIRECTION('',(1.,0.,-0.));
#2870 = DIRECTION('',(0.,0.,1.));
#2871 = DEFINITIONAL_REPRESENTATION('',(#2872),#2876);
#2872 = LINE('',#2873,#2874);
#2873 = CARTESIAN_POINT('',(0.,0.));
#2874 = VECTOR('',#2875,1.);
#2875 = DIRECTION('',(1.,0.));
#2876 = ( GEOMETRIC_REPRESENTATION_CONTEXT(2) 
PARAMETRIC_REPRESENTATION_CONTEXT() REPRESENTATION_CONTEXT('2D SPACE',''
  ) );
#2877 = PCURVE('',#2878,#2883);
#2878 = PLANE('',#2879);
#2879 = AXIS2_PLACEMENT_3D('',#2880,#2881,#2882);
#2880 = CARTESIAN_POINT('',(-3.54944,-0.523624,-2.5E-02));
#2881 = DIRECTION('',(-0.,1.,0.));
#2882 = DIRECTION('',(0.,0.,1.));
#2883 = DEFINITIONAL_REPRESENTATION('',(#2884),#2888);
#2884 = LINE('',#2885,#2886);
#2885 = CARTESIAN_POINT('',(0.,0.));
#2886 = VECTOR('',#2887,1.);
#2887 = DIRECTION('',(1.,0.));
#2888 = ( GEOMETRIC_REPRESENTATION_CONTEXT(2) 
PARAMETRIC_REPRESENTATION_CONTEXT() REPRESENTATION_CONTEXT('2D SPACE',''
  ) );
#2889 = ORIENTED_EDGE('',*,*,#2890,.T.);
#2890 = EDGE_CURVE('',#2856,#2891,#2893,.T.);
#2891 = VERTEX_POINT('',#2892);
#2892 = CARTESIAN_POINT('',(-3.54944,0.523624,-2.5E-02));
#2893 = SURFACE_CURVE('',#2894,(#2898,#2905),.PCURVE_S1.);
#2894 = LINE('',#2895,#2896);
#2895 = CARTESIAN_POINT('',(-3.54944,-0.523624,-2.5E-02));
#2896 = VECTOR('',#2897,1.);
#2897 = DIRECTION('',(-0.,1.,0.));
#2898 = PCURVE('',#2866,#2899);
#2899 = DEFINITIONAL_REPRESENTATION('',(#2900),#2904);
#2900 = LINE('',#2901,#2902);
#2901 = CARTESIAN_POINT('',(0.,0.));
#2902 = VECTOR('',#2903,1.);
#2903 = DIRECTION('',(0.,-1.));
#2904 = ( GEOMETRIC_REPRESENTATION_CONTEXT(2) 
PARAMETRIC_REPRESENTATION_CONTEXT() REPRESENTATION_CONTEXT('2D SPACE',''
  ) );
#2905 = PCURVE('',#2906,#2911);
#2906 = PLANE('',#2907);
#2907 = AXIS2_PLACEMENT_3D('',#2908,#2909,#2910);
#2908 = CARTESIAN_POINT('',(-3.54944,-0.523624,-2.5E-02));
#2909 = DIRECTION('',(0.,0.,1.));
#2910 = DIRECTION('',(1.,0.,-0.));
#2911 = DEFINITIONAL_REPRESENTATION('',(#2912),#2916);
#2912 = LINE('',#2913,#2914);
#2913 = CARTESIAN_POINT('',(0.,0.));
#2914 = VECTOR('',#2915,1.);
#2915 = DIRECTION('',(0.,1.));
#2916 = ( GEOMETRIC_REPRESENTATION_CONTEXT(2) 
PARAMETRIC_REPRESENTATION_CONTEXT() REPRESENTATION_CONTEXT('2D SPACE',''
  ) );
#2917 = ORIENTED_EDGE('',*,*,#2918,.T.);
#2918 = EDGE_CURVE('',#2891,#2919,#2921,.T.);
#2919 = VERTEX_POINT('',#2920);
#2920 = CARTESIAN_POINT('',(-3.54944,0.523624,2.5E-02));
#2921 = SURFACE_CURVE('',#2922,(#2926,#2933),.PCURVE_S1.);
#2922 = LINE('',#2923,#2924);
#2923 = CARTESIAN_POINT('',(-3.54944,0.523624,-2.5E-02));
#2924 = VECTOR('',#2925,1.);
#2925 = DIRECTION('',(0.,0.,1.));
#2926 = PCURVE('',#2866,#2927);
#2927 = DEFINITIONAL_REPRESENTATION('',(#2928),#2932);
#2928 = LINE('',#2929,#2930);
#2929 = CARTESIAN_POINT('',(0.,-1.047248));
#2930 = VECTOR('',#2931,1.);
#2931 = DIRECTION('',(1.,0.));
#2932 = ( GEOMETRIC_REPRESENTATION_CONTEXT(2) 
PARAMETRIC_REPRESENTATION_CONTEXT() REPRESENTATION_CONTEXT('2D SPACE',''
  ) );
#2933 = PCURVE('',#2934,#2939);
#2934 = PLANE('',#2935);
#2935 = AXIS2_PLACEMENT_3D('',#2936,#2937,#2938);
#2936 = CARTESIAN_POINT('',(-3.54944,0.523624,-2.5E-02));
#2937 = DIRECTION('',(-0.,1.,0.));
#2938 = DIRECTION('',(0.,0.,1.));
#2939 = DEFINITIONAL_REPRESENTATION('',(#2940),#2944);
#2940 = LINE('',#2941,#2942);
#2941 = CARTESIAN_POINT('',(0.,0.));
#2942 = VECTOR('',#2943,1.);
#2943 = DIRECTION('',(1.,0.));
#2944 = ( GEOMETRIC_REPRESENTATION_CONTEXT(2) 
PARAMETRIC_REPRESENTATION_CONTEXT() REPRESENTATION_CONTEXT('2D SPACE',''
  ) );
#2945 = ORIENTED_EDGE('',*,*,#2946,.F.);
#2946 = EDGE_CURVE('',#2858,#2919,#2947,.T.);
#2947 = SURFACE_CURVE('',#2948,(#2952,#2959),.PCURVE_S1.);
#2948 = LINE('',#2949,#2950);
#2949 = CARTESIAN_POINT('',(-3.54944,-0.523624,2.5E-02));
#2950 = VECTOR('',#2951,1.);
#2951 = DIRECTION('',(-0.,1.,0.));
#2952 = PCURVE('',#2866,#2953);
#2953 = DEFINITIONAL_REPRESENTATION('',(#2954),#2958);
#2954 = LINE('',#2955,#2956);
#2955 = CARTESIAN_POINT('',(5.E-02,0.));
#2956 = VECTOR('',#2957,1.);
#2957 = DIRECTION('',(0.,-1.));
#2958 = ( GEOMETRIC_REPRESENTATION_CONTEXT(2) 
PARAMETRIC_REPRESENTATION_CONTEXT() REPRESENTATION_CONTEXT('2D SPACE',''
  ) );
#2959 = PCURVE('',#2960,#2965);
#2960 = PLANE('',#2961);
#2961 = AXIS2_PLACEMENT_3D('',#2962,#2963,#2964);
#2962 = CARTESIAN_POINT('',(-3.54944,-0.523624,2.5E-02));
#2963 = DIRECTION('',(0.,0.,1.));
#2964 = DIRECTION('',(1.,0.,-0.));
#2965 = DEFINITIONAL_REPRESENTATION('',(#2966),#2970);
#2966 = LINE('',#2967,#2968);
#2967 = CARTESIAN_POINT('',(0.,0.));
#2968 = VECTOR('',#2969,1.);
#2969 = DIRECTION('',(0.,1.));
#2970 = ( GEOMETRIC_REPRESENTATION_CONTEXT(2) 
PARAMETRIC_REPRESENTATION_CONTEXT() REPRESENTATION_CONTEXT('2D SPACE',''
  ) );
#2971 = ADVANCED_FACE('',(#2972),#2986,.T.);
#2972 = FACE_BOUND('',#2973,.T.);
#2973 = EDGE_LOOP('',(#2974,#3004,#3027,#3050));
#2974 = ORIENTED_EDGE('',*,*,#2975,.F.);
#2975 = EDGE_CURVE('',#2976,#2978,#2980,.T.);
#2976 = VERTEX_POINT('',#2977);
#2977 = CARTESIAN_POINT('',(3.54944,-0.523624,-2.5E-02));
#2978 = VERTEX_POINT('',#2979);
#2979 = CARTESIAN_POINT('',(3.54944,-0.523624,2.5E-02));
#2980 = SURFACE_CURVE('',#2981,(#2985,#2997),.PCURVE_S1.);
#2981 = LINE('',#2982,#2983);
#2982 = CARTESIAN_POINT('',(3.54944,-0.523624,-2.5E-02));
#2983 = VECTOR('',#2984,1.);
#2984 = DIRECTION('',(0.,0.,1.));
#2985 = PCURVE('',#2986,#2991);
#2986 = PLANE('',#2987);
#2987 = AXIS2_PLACEMENT_3D('',#2988,#2989,#2990);
#2988 = CARTESIAN_POINT('',(3.54944,-0.523624,-2.5E-02));
#2989 = DIRECTION('',(1.,0.,-0.));
#2990 = DIRECTION('',(0.,0.,1.));
#2991 = DEFINITIONAL_REPRESENTATION('',(#2992),#2996);
#2992 = LINE('',#2993,#2994);
#2993 = CARTESIAN_POINT('',(0.,0.));
#2994 = VECTOR('',#2995,1.);
#2995 = DIRECTION('',(1.,0.));
#2996 = ( GEOMETRIC_REPRESENTATION_CONTEXT(2) 
PARAMETRIC_REPRESENTATION_CONTEXT() REPRESENTATION_CONTEXT('2D SPACE',''
  ) );
#2997 = PCURVE('',#2878,#2998);
#2998 = DEFINITIONAL_REPRESENTATION('',(#2999),#3003);
#2999 = LINE('',#3000,#3001);
#3000 = CARTESIAN_POINT('',(0.,7.09888));
#3001 = VECTOR('',#3002,1.);
#3002 = DIRECTION('',(1.,0.));
#3003 = ( GEOMETRIC_REPRESENTATION_CONTEXT(2) 
PARAMETRIC_REPRESENTATION_CONTEXT() REPRESENTATION_CONTEXT('2D SPACE',''
  ) );
#3004 = ORIENTED_EDGE('',*,*,#3005,.T.);
#3005 = EDGE_CURVE('',#2976,#3006,#3008,.T.);
#3006 = VERTEX_POINT('',#3007);
#3007 = CARTESIAN_POINT('',(3.54944,0.523624,-2.5E-02));
#3008 = SURFACE_CURVE('',#3009,(#3013,#3020),.PCURVE_S1.);
#3009 = LINE('',#3010,#3011);
#3010 = CARTESIAN_POINT('',(3.54944,-0.523624,-2.5E-02));
#3011 = VECTOR('',#3012,1.);
#3012 = DIRECTION('',(-0.,1.,0.));
#3013 = PCURVE('',#2986,#3014);
#3014 = DEFINITIONAL_REPRESENTATION('',(#3015),#3019);
#3015 = LINE('',#3016,#3017);
#3016 = CARTESIAN_POINT('',(0.,0.));
#3017 = VECTOR('',#3018,1.);
#3018 = DIRECTION('',(0.,-1.));
#3019 = ( GEOMETRIC_REPRESENTATION_CONTEXT(2) 
PARAMETRIC_REPRESENTATION_CONTEXT() REPRESENTATION_CONTEXT('2D SPACE',''
  ) );
#3020 = PCURVE('',#2906,#3021);
#3021 = DEFINITIONAL_REPRESENTATION('',(#3022),#3026);
#3022 = LINE('',#3023,#3024);
#3023 = CARTESIAN_POINT('',(7.09888,0.));
#3024 = VECTOR('',#3025,1.);
#3025 = DIRECTION('',(0.,1.));
#3026 = ( GEOMETRIC_REPRESENTATION_CONTEXT(2) 
PARAMETRIC_REPRESENTATION_CONTEXT() REPRESENTATION_CONTEXT('2D SPACE',''
  ) );
#3027 = ORIENTED_EDGE('',*,*,#3028,.T.);
#3028 = EDGE_CURVE('',#3006,#3029,#3031,.T.);
#3029 = VERTEX_POINT('',#3030);
#3030 = CARTESIAN_POINT('',(3.54944,0.523624,2.5E-02));
#3031 = SURFACE_CURVE('',#3032,(#3036,#3043),.PCURVE_S1.);
#3032 = LINE('',#3033,#3034);
#3033 = CARTESIAN_POINT('',(3.54944,0.523624,-2.5E-02));
#3034 = VECTOR('',#3035,1.);
#3035 = DIRECTION('',(0.,0.,1.));
#3036 = PCURVE('',#2986,#3037);
#3037 = DEFINITIONAL_REPRESENTATION('',(#3038),#3042);
#3038 = LINE('',#3039,#3040);
#3039 = CARTESIAN_POINT('',(0.,-1.047248));
#3040 = VECTOR('',#3041,1.);
#3041 = DIRECTION('',(1.,0.));
#3042 = ( GEOMETRIC_REPRESENTATION_CONTEXT(2) 
PARAMETRIC_REPRESENTATION_CONTEXT() REPRESENTATION_CONTEXT('2D SPACE',''
  ) );
#3043 = PCURVE('',#2934,#3044);
#3044 = DEFINITIONAL_REPRESENTATION('',(#3045),#3049);
#3045 = LINE('',#3046,#3047);
#3046 = CARTESIAN_POINT('',(0.,7.09888));
#3047 = VECTOR('',#3048,1.);
#3048 = DIRECTION('',(1.,0.));
#3049 = ( GEOMETRIC_REPRESENTATION_CONTEXT(2) 
PARAMETRIC_REPRESENTATION_CONTEXT() REPRESENTATION_CONTEXT('2D SPACE',''
  ) );
#3050 = ORIENTED_EDGE('',*,*,#3051,.F.);
#3051 = EDGE_CURVE('',#2978,#3029,#3052,.T.);
#3052 = SURFACE_CURVE('',#3053,(#3057,#3064),.PCURVE_S1.);
#3053 = LINE('',#3054,#3055);
#3054 = CARTESIAN_POINT('',(3.54944,-0.523624,2.5E-02));
#3055 = VECTOR('',#3056,1.);
#3056 = DIRECTION('',(-0.,1.,0.));
#3057 = PCURVE('',#2986,#3058);
#3058 = DEFINITIONAL_REPRESENTATION('',(#3059),#3063);
#3059 = LINE('',#3060,#3061);
#3060 = CARTESIAN_POINT('',(5.E-02,0.));
#3061 = VECTOR('',#3062,1.);
#3062 = DIRECTION('',(0.,-1.));
#3063 = ( GEOMETRIC_REPRESENTATION_CONTEXT(2) 
PARAMETRIC_REPRESENTATION_CONTEXT() REPRESENTATION_CONTEXT('2D SPACE',''
  ) );
#3064 = PCURVE('',#2960,#3065);
#3065 = DEFINITIONAL_REPRESENTATION('',(#3066),#3070);
#3066 = LINE('',#3067,#3068);
#3067 = CARTESIAN_POINT('',(7.09888,0.));
#3068 = VECTOR('',#3069,1.);
#3069 = DIRECTION('',(0.,1.));
#3070 = ( GEOMETRIC_REPRESENTATION_CONTEXT(2) 
PARAMETRIC_REPRESENTATION_CONTEXT() REPRESENTATION_CONTEXT('2D SPACE',''
  ) );
#3071 = ADVANCED_FACE('',(#3072),#2878,.F.);
#3072 = FACE_BOUND('',#3073,.F.);
#3073 = EDGE_LOOP('',(#3074,#3095,#3096,#3117));
#3074 = ORIENTED_EDGE('',*,*,#3075,.F.);
#3075 = EDGE_CURVE('',#2856,#2976,#3076,.T.);
#3076 = SURFACE_CURVE('',#3077,(#3081,#3088),.PCURVE_S1.);
#3077 = LINE('',#3078,#3079);
#3078 = CARTESIAN_POINT('',(-3.54944,-0.523624,-2.5E-02));
#3079 = VECTOR('',#3080,1.);
#3080 = DIRECTION('',(1.,0.,-0.));
#3081 = PCURVE('',#2878,#3082);
#3082 = DEFINITIONAL_REPRESENTATION('',(#3083),#3087);
#3083 = LINE('',#3084,#3085);
#3084 = CARTESIAN_POINT('',(0.,0.));
#3085 = VECTOR('',#3086,1.);
#3086 = DIRECTION('',(0.,1.));
#3087 = ( GEOMETRIC_REPRESENTATION_CONTEXT(2) 
PARAMETRIC_REPRESENTATION_CONTEXT() REPRESENTATION_CONTEXT('2D SPACE',''
  ) );
#3088 = PCURVE('',#2906,#3089);
#3089 = DEFINITIONAL_REPRESENTATION('',(#3090),#3094);
#3090 = LINE('',#3091,#3092);
#3091 = CARTESIAN_POINT('',(0.,0.));
#3092 = VECTOR('',#3093,1.);
#3093 = DIRECTION('',(1.,0.));
#3094 = ( GEOMETRIC_REPRESENTATION_CONTEXT(2) 
PARAMETRIC_REPRESENTATION_CONTEXT() REPRESENTATION_CONTEXT('2D SPACE',''
  ) );
#3095 = ORIENTED_EDGE('',*,*,#2855,.T.);
#3096 = ORIENTED_EDGE('',*,*,#3097,.T.);
#3097 = EDGE_CURVE('',#2858,#2978,#3098,.T.);
#3098 = SURFACE_CURVE('',#3099,(#3103,#3110),.PCURVE_S1.);
#3099 = LINE('',#3100,#3101);
#3100 = CARTESIAN_POINT('',(-3.54944,-0.523624,2.5E-02));
#3101 = VECTOR('',#3102,1.);
#3102 = DIRECTION('',(1.,0.,-0.));
#3103 = PCURVE('',#2878,#3104);
#3104 = DEFINITIONAL_REPRESENTATION('',(#3105),#3109);
#3105 = LINE('',#3106,#3107);
#3106 = CARTESIAN_POINT('',(5.E-02,0.));
#3107 = VECTOR('',#3108,1.);
#3108 = DIRECTION('',(0.,1.));
#3109 = ( GEOMETRIC_REPRESENTATION_CONTEXT(2) 
PARAMETRIC_REPRESENTATION_CONTEXT() REPRESENTATION_CONTEXT('2D SPACE',''
  ) );
#3110 = PCURVE('',#2960,#3111);
#3111 = DEFINITIONAL_REPRESENTATION('',(#3112),#3116);
#3112 = LINE('',#3113,#3114);
#3113 = CARTESIAN_POINT('',(0.,0.));
#3114 = VECTOR('',#3115,1.);
#3115 = DIRECTION('',(1.,0.));
#3116 = ( GEOMETRIC_REPRESENTATION_CONTEXT(2) 
PARAMETRIC_REPRESENTATION_CONTEXT() REPRESENTATION_CONTEXT('2D SPACE',''
  ) );
#3117 = ORIENTED_EDGE('',*,*,#2975,.F.);
#3118 = ADVANCED_FACE('',(#3119),#2934,.T.);
#3119 = FACE_BOUND('',#3120,.T.);
#3120 = EDGE_LOOP('',(#3121,#3142,#3143,#3164));
#3121 = ORIENTED_EDGE('',*,*,#3122,.F.);
#3122 = EDGE_CURVE('',#2891,#3006,#3123,.T.);
#3123 = SURFACE_CURVE('',#3124,(#3128,#3135),.PCURVE_S1.);
#3124 = LINE('',#3125,#3126);
#3125 = CARTESIAN_POINT('',(-3.54944,0.523624,-2.5E-02));
#3126 = VECTOR('',#3127,1.);
#3127 = DIRECTION('',(1.,0.,-0.));
#3128 = PCURVE('',#2934,#3129);
#3129 = DEFINITIONAL_REPRESENTATION('',(#3130),#3134);
#3130 = LINE('',#3131,#3132);
#3131 = CARTESIAN_POINT('',(0.,0.));
#3132 = VECTOR('',#3133,1.);
#3133 = DIRECTION('',(0.,1.));
#3134 = ( GEOMETRIC_REPRESENTATION_CONTEXT(2) 
PARAMETRIC_REPRESENTATION_CONTEXT() REPRESENTATION_CONTEXT('2D SPACE',''
  ) );
#3135 = PCURVE('',#2906,#3136);
#3136 = DEFINITIONAL_REPRESENTATION('',(#3137),#3141);
#3137 = LINE('',#3138,#3139);
#3138 = CARTESIAN_POINT('',(0.,1.047248));
#3139 = VECTOR('',#3140,1.);
#3140 = DIRECTION('',(1.,0.));
#3141 = ( GEOMETRIC_REPRESENTATION_CONTEXT(2) 
PARAMETRIC_REPRESENTATION_CONTEXT() REPRESENTATION_CONTEXT('2D SPACE',''
  ) );
#3142 = ORIENTED_EDGE('',*,*,#2918,.T.);
#3143 = ORIENTED_EDGE('',*,*,#3144,.T.);
#3144 = EDGE_CURVE('',#2919,#3029,#3145,.T.);
#3145 = SURFACE_CURVE('',#3146,(#3150,#3157),.PCURVE_S1.);
#3146 = LINE('',#3147,#3148);
#3147 = CARTESIAN_POINT('',(-3.54944,0.523624,2.5E-02));
#3148 = VECTOR('',#3149,1.);
#3149 = DIRECTION('',(1.,0.,-0.));
#3150 = PCURVE('',#2934,#3151);
#3151 = DEFINITIONAL_REPRESENTATION('',(#3152),#3156);
#3152 = LINE('',#3153,#3154);
#3153 = CARTESIAN_POINT('',(5.E-02,0.));
#3154 = VECTOR('',#3155,1.);
#3155 = DIRECTION('',(0.,1.));
#3156 = ( GEOMETRIC_REPRESENTATION_CONTEXT(2) 
PARAMETRIC_REPRESENTATION_CONTEXT() REPRESENTATION_CONTEXT('2D SPACE',''
  ) );
#3157 = PCURVE('',#2960,#3158);
#3158 = DEFINITIONAL_REPRESENTATION('',(#3159),#3163);
#3159 = LINE('',#3160,#3161);
#3160 = CARTESIAN_POINT('',(0.,1.047248));
#3161 = VECTOR('',#3162,1.);
#3162 = DIRECTION('',(1.,0.));
#3163 = ( GEOMETRIC_REPRESENTATION_CONTEXT(2) 
PARAMETRIC_REPRESENTATION_CONTEXT() REPRESENTATION_CONTEXT('2D SPACE',''
  ) );
#3164 = ORIENTED_EDGE('',*,*,#3028,.F.);
#3165 = ADVANCED_FACE('',(#3166),#2906,.F.);
#3166 = FACE_BOUND('',#3167,.F.);
#3167 = EDGE_LOOP('',(#3168,#3169,#3170,#3171));
#3168 = ORIENTED_EDGE('',*,*,#2890,.F.);
#3169 = ORIENTED_EDGE('',*,*,#3075,.T.);
#3170 = ORIENTED_EDGE('',*,*,#3005,.T.);
#3171 = ORIENTED_EDGE('',*,*,#3122,.F.);
#3172 = ADVANCED_FACE('',(#3173),#2960,.T.);
#3173 = FACE_BOUND('',#3174,.T.);
#3174 = EDGE_LOOP('',(#3175,#3176,#3177,#3178));
#3175 = ORIENTED_EDGE('',*,*,#2946,.F.);
#3176 = ORIENTED_EDGE('',*,*,#3097,.T.);
#3177 = ORIENTED_EDGE('',*,*,#3051,.T.);
#3178 = ORIENTED_EDGE('',*,*,#3144,.F.);
#3179 = ( GEOMETRIC_REPRESENTATION_CONTEXT(3) 
GLOBAL_UNCERTAINTY_ASSIGNED_CONTEXT((#3183)) 
GLOBAL_UNIT_ASSIGNED_CONTEXT((#3180,#3181,#3182)) REPRESENTATION_CONTEXT
('Context #1','3D Context with UNIT and UNCERTAINTY') );
#3180 = ( LENGTH_UNIT() NAMED_UNIT(*) SI_UNIT(.MILLI.,.METRE.) );
#3181 = ( NAMED_UNIT(*) PLANE_ANGLE_UNIT() SI_UNIT($,.RADIAN.) );
#3182 = ( NAMED_UNIT(*) SI_UNIT($,.STERADIAN.) SOLID_ANGLE_UNIT() );
#3183 = UNCERTAINTY_MEASURE_WITH_UNIT(LENGTH_MEASURE(1.E-07),#3180,
  'distance_accuracy_value','confusion accuracy');
#3184 = CONTEXT_DEPENDENT_SHAPE_REPRESENTATION(#3185,#3187);
#3185 = ( REPRESENTATION_RELATIONSHIP('','',#2848,#10) 
REPRESENTATION_RELATIONSHIP_WITH_TRANSFORMATION(#3186) 
SHAPE_REPRESENTATION_RELATIONSHIP() );
#3186 = ITEM_DEFINED_TRANSFORMATION('','',#11,#19);
#3187 = PRODUCT_DEFINITION_SHAPE('Placement','Placement of an item',
  #3188);
#3188 = NEXT_ASSEMBLY_USAGE_OCCURRENCE('2',
  'daier_mf_b02_mxr_style_knob_white_top_indicator','',#5,#2843,$);
#3189 = PRODUCT_RELATED_PRODUCT_CATEGORY('part',$,(#2845));
#3190 = SHAPE_DEFINITION_REPRESENTATION(#3191,#3197);
#3191 = PRODUCT_DEFINITION_SHAPE('','',#3192);
#3192 = PRODUCT_DEFINITION('design','',#3193,#3196);
#3193 = PRODUCT_DEFINITION_FORMATION('','',#3194);
#3194 = PRODUCT('daier_mf_b02_mxr_style_knob_white_skirt_dot',
  'daier_mf_b02_mxr_style_knob_white_skirt_dot','',(#3195));
#3195 = PRODUCT_CONTEXT('',#2,'mechanical');
#3196 = PRODUCT_DEFINITION_CONTEXT('part definition',#2,'design');
#3197 = ADVANCED_BREP_SHAPE_REPRESENTATION('',(#11,#3198),#3296);
#3198 = MANIFOLD_SOLID_BREP('',#3199);
#3199 = CLOSED_SHELL('',(#3200,#3288,#3292));
#3200 = ADVANCED_FACE('',(#3201),#3214,.T.);
#3201 = FACE_BOUND('',#3202,.T.);
#3202 = EDGE_LOOP('',(#3203,#3237,#3260,#3287));
#3203 = ORIENTED_EDGE('',*,*,#3204,.F.);
#3204 = EDGE_CURVE('',#3205,#3205,#3207,.T.);
#3205 = VERTEX_POINT('',#3206);
#3206 = CARTESIAN_POINT('',(0.75768,-1.855780773556E-16,2.5E-02));
#3207 = SURFACE_CURVE('',#3208,(#3213,#3225),.PCURVE_S1.);
#3208 = CIRCLE('',#3209,0.75768);
#3209 = AXIS2_PLACEMENT_3D('',#3210,#3211,#3212);
#3210 = CARTESIAN_POINT('',(0.,0.,2.5E-02));
#3211 = DIRECTION('',(0.,0.,1.));
#3212 = DIRECTION('',(1.,0.,-0.));
#3213 = PCURVE('',#3214,#3219);
#3214 = CYLINDRICAL_SURFACE('',#3215,0.75768);
#3215 = AXIS2_PLACEMENT_3D('',#3216,#3217,#3218);
#3216 = CARTESIAN_POINT('',(0.,0.,-2.5E-02));
#3217 = DIRECTION('',(0.,0.,1.));
#3218 = DIRECTION('',(1.,0.,-0.));
#3219 = DEFINITIONAL_REPRESENTATION('',(#3220),#3224);
#3220 = LINE('',#3221,#3222);
#3221 = CARTESIAN_POINT('',(0.,5.E-02));
#3222 = VECTOR('',#3223,1.);
#3223 = DIRECTION('',(1.,0.));
#3224 = ( GEOMETRIC_REPRESENTATION_CONTEXT(2) 
PARAMETRIC_REPRESENTATION_CONTEXT() REPRESENTATION_CONTEXT('2D SPACE',''
  ) );
#3225 = PCURVE('',#3226,#3231);
#3226 = PLANE('',#3227);
#3227 = AXIS2_PLACEMENT_3D('',#3228,#3229,#3230);
#3228 = CARTESIAN_POINT('',(0.,0.,2.5E-02));
#3229 = DIRECTION('',(0.,0.,1.));
#3230 = DIRECTION('',(1.,0.,-0.));
#3231 = DEFINITIONAL_REPRESENTATION('',(#3232),#3236);
#3232 = CIRCLE('',#3233,0.75768);
#3233 = AXIS2_PLACEMENT_2D('',#3234,#3235);
#3234 = CARTESIAN_POINT('',(0.,0.));
#3235 = DIRECTION('',(1.,0.));
#3236 = ( GEOMETRIC_REPRESENTATION_CONTEXT(2) 
PARAMETRIC_REPRESENTATION_CONTEXT() REPRESENTATION_CONTEXT('2D SPACE',''
  ) );
#3237 = ORIENTED_EDGE('',*,*,#3238,.F.);
#3238 = EDGE_CURVE('',#3239,#3205,#3241,.T.);
#3239 = VERTEX_POINT('',#3240);
#3240 = CARTESIAN_POINT('',(0.75768,-1.855780773556E-16,-2.5E-02));
#3241 = SEAM_CURVE('',#3242,(#3246,#3253),.PCURVE_S1.);
#3242 = LINE('',#3243,#3244);
#3243 = CARTESIAN_POINT('',(0.75768,-1.855780773556E-16,-2.5E-02));
#3244 = VECTOR('',#3245,1.);
#3245 = DIRECTION('',(0.,0.,1.));
#3246 = PCURVE('',#3214,#3247);
#3247 = DEFINITIONAL_REPRESENTATION('',(#3248),#3252);
#3248 = LINE('',#3249,#3250);
#3249 = CARTESIAN_POINT('',(6.28318530718,-0.));
#3250 = VECTOR('',#3251,1.);
#3251 = DIRECTION('',(0.,1.));
#3252 = ( GEOMETRIC_REPRESENTATION_CONTEXT(2) 
PARAMETRIC_REPRESENTATION_CONTEXT() REPRESENTATION_CONTEXT('2D SPACE',''
  ) );
#3253 = PCURVE('',#3214,#3254);
#3254 = DEFINITIONAL_REPRESENTATION('',(#3255),#3259);
#3255 = LINE('',#3256,#3257);
#3256 = CARTESIAN_POINT('',(0.,-0.));
#3257 = VECTOR('',#3258,1.);
#3258 = DIRECTION('',(0.,1.));
#3259 = ( GEOMETRIC_REPRESENTATION_CONTEXT(2) 
PARAMETRIC_REPRESENTATION_CONTEXT() REPRESENTATION_CONTEXT('2D SPACE',''
  ) );
#3260 = ORIENTED_EDGE('',*,*,#3261,.T.);
#3261 = EDGE_CURVE('',#3239,#3239,#3262,.T.);
#3262 = SURFACE_CURVE('',#3263,(#3268,#3275),.PCURVE_S1.);
#3263 = CIRCLE('',#3264,0.75768);
#3264 = AXIS2_PLACEMENT_3D('',#3265,#3266,#3267);
#3265 = CARTESIAN_POINT('',(0.,0.,-2.5E-02));
#3266 = DIRECTION('',(0.,0.,1.));
#3267 = DIRECTION('',(1.,0.,-0.));
#3268 = PCURVE('',#3214,#3269);
#3269 = DEFINITIONAL_REPRESENTATION('',(#3270),#3274);
#3270 = LINE('',#3271,#3272);
#3271 = CARTESIAN_POINT('',(0.,0.));
#3272 = VECTOR('',#3273,1.);
#3273 = DIRECTION('',(1.,0.));
#3274 = ( GEOMETRIC_REPRESENTATION_CONTEXT(2) 
PARAMETRIC_REPRESENTATION_CONTEXT() REPRESENTATION_CONTEXT('2D SPACE',''
  ) );
#3275 = PCURVE('',#3276,#3281);
#3276 = PLANE('',#3277);
#3277 = AXIS2_PLACEMENT_3D('',#3278,#3279,#3280);
#3278 = CARTESIAN_POINT('',(0.,0.,-2.5E-02));
#3279 = DIRECTION('',(0.,0.,1.));
#3280 = DIRECTION('',(1.,0.,-0.));
#3281 = DEFINITIONAL_REPRESENTATION('',(#3282),#3286);
#3282 = CIRCLE('',#3283,0.75768);
#3283 = AXIS2_PLACEMENT_2D('',#3284,#3285);
#3284 = CARTESIAN_POINT('',(0.,0.));
#3285 = DIRECTION('',(1.,0.));
#3286 = ( GEOMETRIC_REPRESENTATION_CONTEXT(2) 
PARAMETRIC_REPRESENTATION_CONTEXT() REPRESENTATION_CONTEXT('2D SPACE',''
  ) );
#3287 = ORIENTED_EDGE('',*,*,#3238,.T.);
#3288 = ADVANCED_FACE('',(#3289),#3226,.T.);
#3289 = FACE_BOUND('',#3290,.T.);
#3290 = EDGE_LOOP('',(#3291));
#3291 = ORIENTED_EDGE('',*,*,#3204,.T.);
#3292 = ADVANCED_FACE('',(#3293),#3276,.F.);
#3293 = FACE_BOUND('',#3294,.T.);
#3294 = EDGE_LOOP('',(#3295));
#3295 = ORIENTED_EDGE('',*,*,#3261,.F.);
#3296 = ( GEOMETRIC_REPRESENTATION_CONTEXT(3) 
GLOBAL_UNCERTAINTY_ASSIGNED_CONTEXT((#3300)) 
GLOBAL_UNIT_ASSIGNED_CONTEXT((#3297,#3298,#3299)) REPRESENTATION_CONTEXT
('Context #1','3D Context with UNIT and UNCERTAINTY') );
#3297 = ( LENGTH_UNIT() NAMED_UNIT(*) SI_UNIT(.MILLI.,.METRE.) );
#3298 = ( NAMED_UNIT(*) PLANE_ANGLE_UNIT() SI_UNIT($,.RADIAN.) );
#3299 = ( NAMED_UNIT(*) SI_UNIT($,.STERADIAN.) SOLID_ANGLE_UNIT() );
#3300 = UNCERTAINTY_MEASURE_WITH_UNIT(LENGTH_MEASURE(1.E-07),#3297,
  'distance_accuracy_value','confusion accuracy');
#3301 = CONTEXT_DEPENDENT_SHAPE_REPRESENTATION(#3302,#3304);
#3302 = ( REPRESENTATION_RELATIONSHIP('','',#3197,#10) 
REPRESENTATION_RELATIONSHIP_WITH_TRANSFORMATION(#3303) 
SHAPE_REPRESENTATION_RELATIONSHIP() );
#3303 = ITEM_DEFINED_TRANSFORMATION('','',#11,#23);
#3304 = PRODUCT_DEFINITION_SHAPE('Placement','Placement of an item',
  #3305);
#3305 = NEXT_ASSEMBLY_USAGE_OCCURRENCE('3',
  'daier_mf_b02_mxr_style_knob_white_skirt_dot','',#5,#3192,$);
#3306 = PRODUCT_RELATED_PRODUCT_CATEGORY('part',$,(#3194));
#3307 = SHAPE_DEFINITION_REPRESENTATION(#2838,#3308);
#3308 = SHAPE_REPRESENTATION('',(#15),#2830);
#3309 = SHAPE_DEFINITION_REPRESENTATION(#3187,#3310);
#3310 = SHAPE_REPRESENTATION('',(#19),#3179);
#3311 = SHAPE_DEFINITION_REPRESENTATION(#3304,#3312);
#3312 = SHAPE_REPRESENTATION('',(#23),#3296);
#3313 = SHAPE_DEFINITION_REPRESENTATION(#2838,#3314);
#3314 = SHAPE_REPRESENTATION('',(#15),#2830);
#3315 = SHAPE_DEFINITION_REPRESENTATION(#3187,#3316);
#3316 = SHAPE_REPRESENTATION('',(#19),#3179);
#3317 = SHAPE_DEFINITION_REPRESENTATION(#3304,#3318);
#3318 = SHAPE_REPRESENTATION('',(#23),#3296);
#3319 = MECHANICAL_DESIGN_GEOMETRIC_PRESENTATION_REPRESENTATION('',(
    #3320),#3179);
#3320 = STYLED_ITEM('color',(#3321),#2849);
#3321 = PRESENTATION_STYLE_ASSIGNMENT((#3322));
#3322 = SURFACE_STYLE_USAGE(.BOTH.,#3323);
#3323 = SURFACE_SIDE_STYLE('',(#3324));
#3324 = SURFACE_STYLE_FILL_AREA(#3325);
#3325 = FILL_AREA_STYLE('',(#3326));
#3326 = FILL_AREA_STYLE_COLOUR('',#3327);
#3327 = COLOUR_RGB('',0.959999986217,0.959999986217,0.920000012397);
#3328 = MECHANICAL_DESIGN_GEOMETRIC_PRESENTATION_REPRESENTATION('',(
    #3329,#3337),#2830);
#3329 = STYLED_ITEM('color',(#3330),#41);
#3330 = PRESENTATION_STYLE_ASSIGNMENT((#3331));
#3331 = SURFACE_STYLE_USAGE(.BOTH.,#3332);
#3332 = SURFACE_SIDE_STYLE('',(#3333));
#3333 = SURFACE_STYLE_FILL_AREA(#3334);
#3334 = FILL_AREA_STYLE('',(#3335));
#3335 = FILL_AREA_STYLE_COLOUR('',#3336);
#3336 = COLOUR_RGB('',1.200000011595E-02,1.29999999376E-02,
  1.60000001546E-02);
#3337 = OVER_RIDING_STYLED_ITEM('overriding color',(#3338),#41,#3329);
#3338 = PRESENTATION_STYLE_BY_CONTEXT((#3339),#3314);
#3339 = SURFACE_STYLE_USAGE(.BOTH.,#3340);
#3340 = SURFACE_SIDE_STYLE('',(#3341));
#3341 = SURFACE_STYLE_FILL_AREA(#3342);
#3342 = FILL_AREA_STYLE('',(#3343));
#3343 = FILL_AREA_STYLE_COLOUR('',#3344);
#3344 = COLOUR_RGB('',1.200000011595E-02,1.29999999376E-02,
  1.60000001546E-02);
#3345 = MECHANICAL_DESIGN_GEOMETRIC_PRESENTATION_REPRESENTATION('',(
    #3346),#3296);
#3346 = STYLED_ITEM('color',(#3347),#3198);
#3347 = PRESENTATION_STYLE_ASSIGNMENT((#3348));
#3348 = SURFACE_STYLE_USAGE(.BOTH.,#3349);
#3349 = SURFACE_SIDE_STYLE('',(#3350));
#3350 = SURFACE_STYLE_FILL_AREA(#3351);
#3351 = FILL_AREA_STYLE('',(#3352));
#3352 = FILL_AREA_STYLE_COLOUR('',#3327);

#3353=DESCRIPTIVE_REPRESENTATION_ITEM('cadpy:generator','cadpy');
#3354=REPRESENTATION('cadpy:generator',(#3353),#27);
#3355=PROPERTY_DEFINITION('cadpy metadata','cadpy:generator',#5);
#3356=PROPERTY_DEFINITION_REPRESENTATION(#3355,#3354);
#3357=DESCRIPTIVE_REPRESENTATION_ITEM('cadpy:entryKind','assembly');
#3358=REPRESENTATION('cadpy:entryKind',(#3357),#27);
#3359=PROPERTY_DEFINITION('cadpy metadata','cadpy:entryKind',#5);
#3360=PROPERTY_DEFINITION_REPRESENTATION(#3359,#3358);
#3361=DESCRIPTIVE_REPRESENTATION_ITEM('cadpy:sourcePath','daier-mf-b02.py');
#3362=REPRESENTATION('cadpy:sourcePath',(#3361),#27);
#3363=PROPERTY_DEFINITION('cadpy metadata','cadpy:sourcePath',#5);
#3364=PROPERTY_DEFINITION_REPRESENTATION(#3363,#3362);
#3365=DESCRIPTIVE_REPRESENTATION_ITEM('cadpy:sourceHash','c8aeb10ab633f38e177a53d9bb70aec0f9ce482f3c09a2cf7052faf08c017482');
#3366=REPRESENTATION('cadpy:sourceHash',(#3365),#27);
#3367=PROPERTY_DEFINITION('cadpy metadata','cadpy:sourceHash',#5);
#3368=PROPERTY_DEFINITION_REPRESENTATION(#3367,#3366);
ENDSEC;
END-ISO-10303-21;
