ISO-10303-21;
HEADER;
FILE_DESCRIPTION(('Open CASCADE Model'),'2;1');
FILE_NAME('davies_1110_reference_knob','2026-06-17T20:50:34',('Author'),
  ('Open CASCADE'),'Open CASCADE STEP processor 7.8','cadpy','Unknown');
FILE_SCHEMA(('AUTOMOTIVE_DESIGN { 1 0 10303 214 1 1 1 1 }'));
ENDSEC;
DATA;
#1 = APPLICATION_PROTOCOL_DEFINITION('international standard',
  'automotive_design',2000,#2);
#2 = APPLICATION_CONTEXT(
  'core data for automotive mechanical design processes');
#3 = SHAPE_DEFINITION_REPRESENTATION(#4,#10);
#4 = PRODUCT_DEFINITION_SHAPE('','',#5);
#5 = PRODUCT_DEFINITION('design','',#6,#9);
#6 = PRODUCT_DEFINITION_FORMATION('','',#7);
#7 = PRODUCT('davies_1110_reference_knob','davies_1110_reference_knob',
  '',(#8));
#8 = PRODUCT_CONTEXT('',#2,'mechanical');
#9 = PRODUCT_DEFINITION_CONTEXT('part definition',#2,'design');
#10 = ADVANCED_BREP_SHAPE_REPRESENTATION('',(#11,#15),#6380);
#11 = AXIS2_PLACEMENT_3D('',#12,#13,#14);
#12 = CARTESIAN_POINT('',(0.,0.,0.));
#13 = DIRECTION('',(0.,0.,1.));
#14 = DIRECTION('',(1.,0.,-0.));
#15 = MANIFOLD_SOLID_BREP('',#16);
#16 = CLOSED_SHELL('',(#17,#105,#501,#536,#4229,#4903,#5519,#5694,#5743,
    #5792,#5819,#5868,#5917,#5944,#5948,#6003,#6131,#6183,#6276,#6303,
    #6310,#6317,#6321,#6346,#6373));
#17 = ADVANCED_FACE('',(#18),#31,.T.);
#18 = FACE_BOUND('',#19,.T.);
#19 = EDGE_LOOP('',(#20,#54,#77,#104));
#20 = ORIENTED_EDGE('',*,*,#21,.F.);
#21 = EDGE_CURVE('',#22,#22,#24,.T.);
#22 = VERTEX_POINT('',#23);
#23 = CARTESIAN_POINT('',(16.27,-3.985000684425E-15,1.667));
#24 = SURFACE_CURVE('',#25,(#30,#42),.PCURVE_S1.);
#25 = CIRCLE('',#26,16.27);
#26 = AXIS2_PLACEMENT_3D('',#27,#28,#29);
#27 = CARTESIAN_POINT('',(0.,0.,1.667));
#28 = DIRECTION('',(0.,0.,1.));
#29 = DIRECTION('',(1.,0.,0.));
#30 = PCURVE('',#31,#36);
#31 = CYLINDRICAL_SURFACE('',#32,16.27);
#32 = AXIS2_PLACEMENT_3D('',#33,#34,#35);
#33 = CARTESIAN_POINT('',(0.,0.,0.));
#34 = DIRECTION('',(0.,0.,1.));
#35 = DIRECTION('',(1.,0.,0.));
#36 = DEFINITIONAL_REPRESENTATION('',(#37),#41);
#37 = LINE('',#38,#39);
#38 = CARTESIAN_POINT('',(0.,1.667));
#39 = VECTOR('',#40,1.);
#40 = DIRECTION('',(1.,0.));
#41 = ( GEOMETRIC_REPRESENTATION_CONTEXT(2) 
PARAMETRIC_REPRESENTATION_CONTEXT() REPRESENTATION_CONTEXT('2D SPACE',''
  ) );
#42 = PCURVE('',#43,#48);
#43 = PLANE('',#44);
#44 = AXIS2_PLACEMENT_3D('',#45,#46,#47);
#45 = CARTESIAN_POINT('',(0.,0.,1.667));
#46 = DIRECTION('',(0.,0.,1.));
#47 = DIRECTION('',(1.,0.,0.));
#48 = DEFINITIONAL_REPRESENTATION('',(#49),#53);
#49 = CIRCLE('',#50,16.27);
#50 = AXIS2_PLACEMENT_2D('',#51,#52);
#51 = CARTESIAN_POINT('',(0.,0.));
#52 = DIRECTION('',(1.,0.));
#53 = ( GEOMETRIC_REPRESENTATION_CONTEXT(2) 
PARAMETRIC_REPRESENTATION_CONTEXT() REPRESENTATION_CONTEXT('2D SPACE',''
  ) );
#54 = ORIENTED_EDGE('',*,*,#55,.F.);
#55 = EDGE_CURVE('',#56,#22,#58,.T.);
#56 = VERTEX_POINT('',#57);
#57 = CARTESIAN_POINT('',(16.27,-3.985000684425E-15,0.));
#58 = SEAM_CURVE('',#59,(#63,#70),.PCURVE_S1.);
#59 = LINE('',#60,#61);
#60 = CARTESIAN_POINT('',(16.27,-3.985000684425E-15,0.));
#61 = VECTOR('',#62,1.);
#62 = DIRECTION('',(0.,0.,1.));
#63 = PCURVE('',#31,#64);
#64 = DEFINITIONAL_REPRESENTATION('',(#65),#69);
#65 = LINE('',#66,#67);
#66 = CARTESIAN_POINT('',(6.28318530718,-0.));
#67 = VECTOR('',#68,1.);
#68 = DIRECTION('',(0.,1.));
#69 = ( GEOMETRIC_REPRESENTATION_CONTEXT(2) 
PARAMETRIC_REPRESENTATION_CONTEXT() REPRESENTATION_CONTEXT('2D SPACE',''
  ) );
#70 = PCURVE('',#31,#71);
#71 = DEFINITIONAL_REPRESENTATION('',(#72),#76);
#72 = LINE('',#73,#74);
#73 = CARTESIAN_POINT('',(0.,-0.));
#74 = VECTOR('',#75,1.);
#75 = DIRECTION('',(0.,1.));
#76 = ( GEOMETRIC_REPRESENTATION_CONTEXT(2) 
PARAMETRIC_REPRESENTATION_CONTEXT() REPRESENTATION_CONTEXT('2D SPACE',''
  ) );
#77 = ORIENTED_EDGE('',*,*,#78,.T.);
#78 = EDGE_CURVE('',#56,#56,#79,.T.);
#79 = SURFACE_CURVE('',#80,(#85,#92),.PCURVE_S1.);
#80 = CIRCLE('',#81,16.27);
#81 = AXIS2_PLACEMENT_3D('',#82,#83,#84);
#82 = CARTESIAN_POINT('',(0.,0.,0.));
#83 = DIRECTION('',(0.,0.,1.));
#84 = DIRECTION('',(1.,0.,0.));
#85 = PCURVE('',#31,#86);
#86 = DEFINITIONAL_REPRESENTATION('',(#87),#91);
#87 = LINE('',#88,#89);
#88 = CARTESIAN_POINT('',(0.,0.));
#89 = VECTOR('',#90,1.);
#90 = DIRECTION('',(1.,0.));
#91 = ( GEOMETRIC_REPRESENTATION_CONTEXT(2) 
PARAMETRIC_REPRESENTATION_CONTEXT() REPRESENTATION_CONTEXT('2D SPACE',''
  ) );
#92 = PCURVE('',#93,#98);
#93 = PLANE('',#94);
#94 = AXIS2_PLACEMENT_3D('',#95,#96,#97);
#95 = CARTESIAN_POINT('',(0.,0.,0.));
#96 = DIRECTION('',(0.,0.,1.));
#97 = DIRECTION('',(1.,0.,0.));
#98 = DEFINITIONAL_REPRESENTATION('',(#99),#103);
#99 = CIRCLE('',#100,16.27);
#100 = AXIS2_PLACEMENT_2D('',#101,#102);
#101 = CARTESIAN_POINT('',(0.,0.));
#102 = DIRECTION('',(1.,0.));
#103 = ( GEOMETRIC_REPRESENTATION_CONTEXT(2) 
PARAMETRIC_REPRESENTATION_CONTEXT() REPRESENTATION_CONTEXT('2D SPACE',''
  ) );
#104 = ORIENTED_EDGE('',*,*,#55,.T.);
#105 = ADVANCED_FACE('',(#106,#109),#43,.T.);
#106 = FACE_BOUND('',#107,.T.);
#107 = EDGE_LOOP('',(#108));
#108 = ORIENTED_EDGE('',*,*,#21,.T.);
#109 = FACE_BOUND('',#110,.T.);
#110 = EDGE_LOOP('',(#111));
#111 = ORIENTED_EDGE('',*,*,#112,.F.);
#112 = EDGE_CURVE('',#113,#113,#115,.T.);
#113 = VERTEX_POINT('',#114);
#114 = CARTESIAN_POINT('',(10.21514857592,2.737140811482,1.667));
#115 = SURFACE_CURVE('',#116,(#240,#367),.PCURVE_S1.);
#116 = B_SPLINE_CURVE_WITH_KNOTS('',3,(#117,#118,#119,#120,#121,#122,
    #123,#124,#125,#126,#127,#128,#129,#130,#131,#132,#133,#134,#135,
    #136,#137,#138,#139,#140,#141,#142,#143,#144,#145,#146,#147,#148,
    #149,#150,#151,#152,#153,#154,#155,#156,#157,#158,#159,#160,#161,
    #162,#163,#164,#165,#166,#167,#168,#169,#170,#171,#172,#173,#174,
    #175,#176,#177,#178,#179,#180,#181,#182,#183,#184,#185,#186,#187,
    #188,#189,#190,#191,#192,#193,#194,#195,#196,#197,#198,#199,#200,
    #201,#202,#203,#204,#205,#206,#207,#208,#209,#210,#211,#212,#213,
    #214,#215,#216,#217,#218,#219,#220,#221,#222,#223,#224,#225,#226,
    #227,#228,#229,#230,#231,#232,#233,#234,#235,#236,#237,#238,#239),
  .UNSPECIFIED.,.T.,.F.,(1,1,2,1,1,1,1,1,1,1,1,1,1,1,1,1,1,1,1,1,1,1,1,1
    ,1,1,1,1,1,1,1,1,1,1,1,1,1,1,1,1,1,1,1,1,1,1,1,1,1,1,1,1,1,1,1,1,1,1
    ,1,1,1,1,1,1,1,1,1,1,1,1,1,1,1,1,1,1,1,1,1,1,1,1,1,1,1,1,1,1,1,1,1,1
    ,1,1,1,1,1,1,1,1,1,1,1,1,1,1,1,1,1,1,1,1,1,1,1,1,1,1,1,1,1,1,2,1,1),
  (-1.491619024911,-0.653529751121,0.,0.653529751121,1.491619024911,
    2.368478086857,3.161535413664,3.845919673038,4.530303932412,
    5.32336125922,6.200220321165,7.038309594955,7.691839346076,
    8.345369097197,9.183458370987,10.060317432933,10.853374759741,
    11.537759019114,12.222143278488,13.015200605296,13.892059667242,
    14.730148941032,15.383678692153,16.037208443273,16.875297717063,
    17.752156779009,18.545214105817,19.229598365191,19.913982624564,
    20.707039951372,21.583899013318,22.421988287108,23.075518038229,
    23.72904778935,24.56713706314,25.443996125085,26.237053451893,
    26.921437711267,27.605821970641,28.398879297448,29.275738359394,
    30.113827633184,30.767357384305,31.420887135426,32.258976409216,
    33.135835471162,33.928892797969,34.613277057343,35.297661316717,
    36.090718643525,36.96757770547,37.80566697926,38.459196730381,
    39.112726481502,39.950815755292,40.827674817238,41.620732144046,
    42.30511640342,42.989500662793,43.782557989601,44.659417051547,
    45.497506325337,46.151036076458,46.804565827579,47.642655101369,
    48.519514163314,49.312571490122,49.996955749496,50.68134000887,
    51.474397335677,52.351256397623,53.189345671413,53.842875422534,
    54.496405173655,55.334494447445,56.211353509391,57.004410836198,
    57.688795095572,58.373179354946,59.166236681754,60.043095743699,
    60.881185017489,61.53471476861,62.188244519731,63.026333793521,
    63.903192855467,64.696250182274,65.380634441648,66.065018701022,
    66.85807602783,67.734935089776,68.573024363566,69.226554114686,
    69.880083865807,70.718173139597,71.595032201543,72.388089528351,
    73.072473787725,73.756858047098,74.549915373906,75.426774435852,
    76.264863709642,76.918393460763,77.571923211884,78.410012485674,
    79.286871547619,80.079928874427,80.764313133801,81.448697393175,
    82.241754719982,83.118613781928,83.956703055718,84.610232806839,
    85.26376255796,86.10185183175,86.978710893696,87.771768220503,
    88.456152479877,89.140536739251,89.933594066059,90.810453128004,
    91.648542401794,92.302072152915,92.955601904036,93.793691177826),
  .UNSPECIFIED.);
#117 = CARTESIAN_POINT('',(10.195239504782,2.513472900194,1.667));
#118 = CARTESIAN_POINT('',(10.235057647059,2.96080872277,1.667));
#119 = CARTESIAN_POINT('',(10.369494491007,3.437956871917,1.667));
#120 = CARTESIAN_POINT('',(10.762904601317,4.129407514001,1.667));
#121 = CARTESIAN_POINT('',(11.095991005204,4.89647436466,1.667));
#122 = CARTESIAN_POINT('',(11.270549921103,5.673174249945,1.667));
#123 = CARTESIAN_POINT('',(11.110467913092,6.41464955646,1.667));
#124 = CARTESIAN_POINT('',(10.547798236865,6.923577578524,1.667));
#125 = CARTESIAN_POINT('',(9.79141684082,7.163207759388,1.667));
#126 = CARTESIAN_POINT('',(8.94553905269,7.247923853402,1.667));
#127 = CARTESIAN_POINT('',(8.200891692804,7.287970682724,1.667));
#128 = CARTESIAN_POINT('',(7.361278390733,7.361278273216,1.667));
#129 = CARTESIAN_POINT('',(7.287971053163,8.200892599686,1.667));
#130 = CARTESIAN_POINT('',(7.247921618914,8.945534318159,1.667));
#131 = CARTESIAN_POINT('',(7.163216188274,9.791434558917,1.667));
#132 = CARTESIAN_POINT('',(6.923551096404,10.547742598406,1.667));
#133 = CARTESIAN_POINT('',(6.414733686303,11.110644662113,1.667));
#134 = CARTESIAN_POINT('',(5.672837494816,11.269842431683,1.667));
#135 = CARTESIAN_POINT('',(4.898022972814,11.099244477975,1.667));
#136 = CARTESIAN_POINT('',(4.123099162669,10.749651378462,1.667));
#137 = CARTESIAN_POINT('',(3.458195791504,10.41201446132,1.667));
#138 = CARTESIAN_POINT('',(2.694414813252,10.055692979721,1.667));
#139 = CARTESIAN_POINT('',(2.211121823956,10.746166923827,1.667));
#140 = CARTESIAN_POINT('',(1.804117072043,11.371020756901,1.667));
#141 = CARTESIAN_POINT('',(1.30780991619,12.061239167177,1.667));
#142 = CARTESIAN_POINT('',(0.722099833855,12.596388589799,1.667));
#143 = CARTESIAN_POINT('',(4.330699533852E-16,12.829467373264,1.667));
#144 = CARTESIAN_POINT('',(-0.722099833855,12.596388589799,1.667));
#145 = CARTESIAN_POINT('',(-1.30780991619,12.061239167177,1.667));
#146 = CARTESIAN_POINT('',(-1.804117072043,11.371020756901,1.667));
#147 = CARTESIAN_POINT('',(-2.211121823956,10.746166923827,1.667));
#148 = CARTESIAN_POINT('',(-2.694414813252,10.055692979721,1.667));
#149 = CARTESIAN_POINT('',(-3.458195791506,10.412014461321,1.667));
#150 = CARTESIAN_POINT('',(-4.12309916266,10.749651378458,1.667));
#151 = CARTESIAN_POINT('',(-4.898022972847,11.099244477991,1.667));
#152 = CARTESIAN_POINT('',(-5.672837494713,11.269842431634,1.667));
#153 = CARTESIAN_POINT('',(-6.414733686632,11.11064466227,1.667));
#154 = CARTESIAN_POINT('',(-6.923551095087,10.547742597779,1.667));
#155 = CARTESIAN_POINT('',(-7.163216194331,9.7914345618,1.667));
#156 = CARTESIAN_POINT('',(-7.247921594241,8.945534306415,1.667));
#157 = CARTESIAN_POINT('',(-7.287971132322,8.200892637365,1.667));
#158 = CARTESIAN_POINT('',(-7.361278166469,7.361278166469,1.667));
#159 = CARTESIAN_POINT('',(-8.200892637365,7.287971132322,1.667));
#160 = CARTESIAN_POINT('',(-8.945534306415,7.247921594241,1.667));
#161 = CARTESIAN_POINT('',(-9.7914345618,7.163216194331,1.667));
#162 = CARTESIAN_POINT('',(-10.54774259777,6.923551095087,1.667));
#163 = CARTESIAN_POINT('',(-11.11064466227,6.414733686632,1.667));
#164 = CARTESIAN_POINT('',(-11.26984243163,5.672837494713,1.667));
#165 = CARTESIAN_POINT('',(-11.09924447799,4.898022972847,1.667));
#166 = CARTESIAN_POINT('',(-10.74965137845,4.12309916266,1.667));
#167 = CARTESIAN_POINT('',(-10.41201446132,3.458195791506,1.667));
#168 = CARTESIAN_POINT('',(-10.05569297972,2.694414813252,1.667));
#169 = CARTESIAN_POINT('',(-10.74616692382,2.211121823956,1.667));
#170 = CARTESIAN_POINT('',(-11.3710207569,1.804117072043,1.667));
#171 = CARTESIAN_POINT('',(-12.06123916717,1.30780991619,1.667));
#172 = CARTESIAN_POINT('',(-12.59638858979,0.722099833855,1.667));
#173 = CARTESIAN_POINT('',(-12.82946737326,-1.463722738753E-15,1.667));
#174 = CARTESIAN_POINT('',(-12.59638858979,-0.722099833855,1.667));
#175 = CARTESIAN_POINT('',(-12.06123916717,-1.30780991619,1.667));
#176 = CARTESIAN_POINT('',(-11.3710207569,-1.804117072043,1.667));
#177 = CARTESIAN_POINT('',(-10.74616692382,-2.211121823956,1.667));
#178 = CARTESIAN_POINT('',(-10.05569297972,-2.694414813252,1.667));
#179 = CARTESIAN_POINT('',(-10.41201446132,-3.458195791506,1.667));
#180 = CARTESIAN_POINT('',(-10.74965137845,-4.12309916266,1.667));
#181 = CARTESIAN_POINT('',(-11.09924447799,-4.898022972847,1.667));
#182 = CARTESIAN_POINT('',(-11.26984243163,-5.672837494713,1.667));
#183 = CARTESIAN_POINT('',(-11.11064466227,-6.414733686632,1.667));
#184 = CARTESIAN_POINT('',(-10.54774259777,-6.923551095087,1.667));
#185 = CARTESIAN_POINT('',(-9.7914345618,-7.163216194331,1.667));
#186 = CARTESIAN_POINT('',(-8.945534306415,-7.247921594241,1.667));
#187 = CARTESIAN_POINT('',(-8.200892637365,-7.287971132322,1.667));
#188 = CARTESIAN_POINT('',(-7.361278166469,-7.361278166469,1.667));
#189 = CARTESIAN_POINT('',(-7.287971132322,-8.200892637365,1.667));
#190 = CARTESIAN_POINT('',(-7.247921594241,-8.945534306415,1.667));
#191 = CARTESIAN_POINT('',(-7.163216194331,-9.7914345618,1.667));
#192 = CARTESIAN_POINT('',(-6.923551095087,-10.54774259777,1.667));
#193 = CARTESIAN_POINT('',(-6.414733686632,-11.11064466227,1.667));
#194 = CARTESIAN_POINT('',(-5.672837494713,-11.26984243163,1.667));
#195 = CARTESIAN_POINT('',(-4.898022972847,-11.09924447799,1.667));
#196 = CARTESIAN_POINT('',(-4.12309916266,-10.74965137845,1.667));
#197 = CARTESIAN_POINT('',(-3.458195791506,-10.41201446132,1.667));
#198 = CARTESIAN_POINT('',(-2.694414813252,-10.05569297972,1.667));
#199 = CARTESIAN_POINT('',(-2.211121823956,-10.74616692382,1.667));
#200 = CARTESIAN_POINT('',(-1.804117072043,-11.3710207569,1.667));
#201 = CARTESIAN_POINT('',(-1.30780991619,-12.06123916717,1.667));
#202 = CARTESIAN_POINT('',(-0.722099833855,-12.59638858979,1.667));
#203 = CARTESIAN_POINT('',(-8.344389753172E-15,-12.82946737326,1.667));
#204 = CARTESIAN_POINT('',(0.722099833855,-12.59638858979,1.667));
#205 = CARTESIAN_POINT('',(1.30780991619,-12.06123916717,1.667));
#206 = CARTESIAN_POINT('',(1.804117072043,-11.3710207569,1.667));
#207 = CARTESIAN_POINT('',(2.211121823956,-10.74616692382,1.667));
#208 = CARTESIAN_POINT('',(2.694414813252,-10.05569297972,1.667));
#209 = CARTESIAN_POINT('',(3.458195791506,-10.41201446132,1.667));
#210 = CARTESIAN_POINT('',(4.12309916266,-10.74965137845,1.667));
#211 = CARTESIAN_POINT('',(4.898022972847,-11.09924447799,1.667));
#212 = CARTESIAN_POINT('',(5.672837494713,-11.26984243163,1.667));
#213 = CARTESIAN_POINT('',(6.414733686632,-11.11064466227,1.667));
#214 = CARTESIAN_POINT('',(6.923551095086,-10.54774259777,1.667));
#215 = CARTESIAN_POINT('',(7.163216194331,-9.7914345618,1.667));
#216 = CARTESIAN_POINT('',(7.247921594241,-8.945534306415,1.667));
#217 = CARTESIAN_POINT('',(7.287971132322,-8.200892637365,1.667));
#218 = CARTESIAN_POINT('',(7.361278166469,-7.36127816647,1.667));
#219 = CARTESIAN_POINT('',(8.200892637366,-7.287971132321,1.667));
#220 = CARTESIAN_POINT('',(8.945534306406,-7.247921594245,1.667));
#221 = CARTESIAN_POINT('',(9.791434561833,-7.163216194315,1.667));
#222 = CARTESIAN_POINT('',(10.547742597676,-6.923551095136,1.667));
#223 = CARTESIAN_POINT('',(11.110644662599,-6.414733686475,1.667));
#224 = CARTESIAN_POINT('',(11.269842430317,-5.67283749534,1.667));
#225 = CARTESIAN_POINT('',(11.099244484048,-4.898022969964,1.667));
#226 = CARTESIAN_POINT('',(10.749651353785,-4.123099174405,1.667));
#227 = CARTESIAN_POINT('',(10.412014540479,-3.458195753827,1.667));
#228 = CARTESIAN_POINT('',(10.055692755457,-2.694414919998,1.667));
#229 = CARTESIAN_POINT('',(10.746167868388,-2.211121374358,1.667));
#230 = CARTESIAN_POINT('',(11.371016010626,-1.804119331204,1.667));
#231 = CARTESIAN_POINT('',(12.061256888158,-1.307801481248,1.667));
#232 = CARTESIAN_POINT('',(12.596332950714,-0.722126317292,1.667));
#233 = CARTESIAN_POINT('',(12.829644122441,8.413017143713E-05,1.667));
#234 = CARTESIAN_POINT('',(12.59568110033,0.721763078623,1.667));
#235 = CARTESIAN_POINT('',(12.064492639964,1.309358524377,1.667));
#236 = CARTESIAN_POINT('',(11.357767534042,1.797808720702,1.667));
#237 = CARTESIAN_POINT('',(10.78868689414,2.231360743544,1.667));
#238 = CARTESIAN_POINT('',(10.195239504782,2.513472900194,1.667));
#239 = CARTESIAN_POINT('',(10.235057647059,2.96080872277,1.667));
#240 = PCURVE('',#43,#241);
#241 = DEFINITIONAL_REPRESENTATION('',(#242),#366);
#242 = B_SPLINE_CURVE_WITH_KNOTS('',3,(#243,#244,#245,#246,#247,#248,
    #249,#250,#251,#252,#253,#254,#255,#256,#257,#258,#259,#260,#261,
    #262,#263,#264,#265,#266,#267,#268,#269,#270,#271,#272,#273,#274,
    #275,#276,#277,#278,#279,#280,#281,#282,#283,#284,#285,#286,#287,
    #288,#289,#290,#291,#292,#293,#294,#295,#296,#297,#298,#299,#300,
    #301,#302,#303,#304,#305,#306,#307,#308,#309,#310,#311,#312,#313,
    #314,#315,#316,#317,#318,#319,#320,#321,#322,#323,#324,#325,#326,
    #327,#328,#329,#330,#331,#332,#333,#334,#335,#336,#337,#338,#339,
    #340,#341,#342,#343,#344,#345,#346,#347,#348,#349,#350,#351,#352,
    #353,#354,#355,#356,#357,#358,#359,#360,#361,#362,#363,#364,#365),
  .UNSPECIFIED.,.T.,.F.,(1,1,2,1,1,1,1,1,1,1,1,1,1,1,1,1,1,1,1,1,1,1,1,1
    ,1,1,1,1,1,1,1,1,1,1,1,1,1,1,1,1,1,1,1,1,1,1,1,1,1,1,1,1,1,1,1,1,1,1
    ,1,1,1,1,1,1,1,1,1,1,1,1,1,1,1,1,1,1,1,1,1,1,1,1,1,1,1,1,1,1,1,1,1,1
    ,1,1,1,1,1,1,1,1,1,1,1,1,1,1,1,1,1,1,1,1,1,1,1,1,1,1,1,1,1,1,2,1,1),
  (-1.491619024911,-0.653529751121,0.,0.653529751121,1.491619024911,
    2.368478086857,3.161535413664,3.845919673038,4.530303932412,
    5.32336125922,6.200220321165,7.038309594955,7.691839346076,
    8.345369097197,9.183458370987,10.060317432933,10.853374759741,
    11.537759019114,12.222143278488,13.015200605296,13.892059667242,
    14.730148941032,15.383678692153,16.037208443273,16.875297717063,
    17.752156779009,18.545214105817,19.229598365191,19.913982624564,
    20.707039951372,21.583899013318,22.421988287108,23.075518038229,
    23.72904778935,24.56713706314,25.443996125085,26.237053451893,
    26.921437711267,27.605821970641,28.398879297448,29.275738359394,
    30.113827633184,30.767357384305,31.420887135426,32.258976409216,
    33.135835471162,33.928892797969,34.613277057343,35.297661316717,
    36.090718643525,36.96757770547,37.80566697926,38.459196730381,
    39.112726481502,39.950815755292,40.827674817238,41.620732144046,
    42.30511640342,42.989500662793,43.782557989601,44.659417051547,
    45.497506325337,46.151036076458,46.804565827579,47.642655101369,
    48.519514163314,49.312571490122,49.996955749496,50.68134000887,
    51.474397335677,52.351256397623,53.189345671413,53.842875422534,
    54.496405173655,55.334494447445,56.211353509391,57.004410836198,
    57.688795095572,58.373179354946,59.166236681754,60.043095743699,
    60.881185017489,61.53471476861,62.188244519731,63.026333793521,
    63.903192855467,64.696250182274,65.380634441648,66.065018701022,
    66.85807602783,67.734935089776,68.573024363566,69.226554114686,
    69.880083865807,70.718173139597,71.595032201543,72.388089528351,
    73.072473787725,73.756858047098,74.549915373906,75.426774435852,
    76.264863709642,76.918393460763,77.571923211884,78.410012485674,
    79.286871547619,80.079928874427,80.764313133801,81.448697393175,
    82.241754719982,83.118613781928,83.956703055718,84.610232806839,
    85.26376255796,86.10185183175,86.978710893696,87.771768220503,
    88.456152479877,89.140536739251,89.933594066059,90.810453128004,
    91.648542401794,92.302072152915,92.955601904036,93.793691177826),
  .UNSPECIFIED.);
#243 = CARTESIAN_POINT('',(10.195239504782,2.513472900194));
#244 = CARTESIAN_POINT('',(10.235057647059,2.96080872277));
#245 = CARTESIAN_POINT('',(10.369494491007,3.437956871917));
#246 = CARTESIAN_POINT('',(10.762904601317,4.129407514001));
#247 = CARTESIAN_POINT('',(11.095991005204,4.89647436466));
#248 = CARTESIAN_POINT('',(11.270549921103,5.673174249945));
#249 = CARTESIAN_POINT('',(11.110467913092,6.41464955646));
#250 = CARTESIAN_POINT('',(10.547798236865,6.923577578524));
#251 = CARTESIAN_POINT('',(9.79141684082,7.163207759388));
#252 = CARTESIAN_POINT('',(8.94553905269,7.247923853402));
#253 = CARTESIAN_POINT('',(8.200891692804,7.287970682724));
#254 = CARTESIAN_POINT('',(7.361278390733,7.361278273216));
#255 = CARTESIAN_POINT('',(7.287971053163,8.200892599686));
#256 = CARTESIAN_POINT('',(7.247921618914,8.945534318159));
#257 = CARTESIAN_POINT('',(7.163216188274,9.791434558917));
#258 = CARTESIAN_POINT('',(6.923551096404,10.547742598406));
#259 = CARTESIAN_POINT('',(6.414733686303,11.110644662113));
#260 = CARTESIAN_POINT('',(5.672837494816,11.269842431683));
#261 = CARTESIAN_POINT('',(4.898022972814,11.099244477975));
#262 = CARTESIAN_POINT('',(4.123099162669,10.749651378462));
#263 = CARTESIAN_POINT('',(3.458195791504,10.41201446132));
#264 = CARTESIAN_POINT('',(2.694414813252,10.055692979721));
#265 = CARTESIAN_POINT('',(2.211121823956,10.746166923827));
#266 = CARTESIAN_POINT('',(1.804117072043,11.371020756901));
#267 = CARTESIAN_POINT('',(1.30780991619,12.061239167177));
#268 = CARTESIAN_POINT('',(0.722099833855,12.596388589799));
#269 = CARTESIAN_POINT('',(4.330699533852E-16,12.829467373264));
#270 = CARTESIAN_POINT('',(-0.722099833855,12.596388589799));
#271 = CARTESIAN_POINT('',(-1.30780991619,12.061239167177));
#272 = CARTESIAN_POINT('',(-1.804117072043,11.371020756901));
#273 = CARTESIAN_POINT('',(-2.211121823956,10.746166923827));
#274 = CARTESIAN_POINT('',(-2.694414813252,10.055692979721));
#275 = CARTESIAN_POINT('',(-3.458195791506,10.412014461321));
#276 = CARTESIAN_POINT('',(-4.12309916266,10.749651378458));
#277 = CARTESIAN_POINT('',(-4.898022972847,11.099244477991));
#278 = CARTESIAN_POINT('',(-5.672837494713,11.269842431634));
#279 = CARTESIAN_POINT('',(-6.414733686632,11.11064466227));
#280 = CARTESIAN_POINT('',(-6.923551095087,10.547742597779));
#281 = CARTESIAN_POINT('',(-7.163216194331,9.7914345618));
#282 = CARTESIAN_POINT('',(-7.247921594241,8.945534306415));
#283 = CARTESIAN_POINT('',(-7.287971132322,8.200892637365));
#284 = CARTESIAN_POINT('',(-7.361278166469,7.361278166469));
#285 = CARTESIAN_POINT('',(-8.200892637365,7.287971132322));
#286 = CARTESIAN_POINT('',(-8.945534306415,7.247921594241));
#287 = CARTESIAN_POINT('',(-9.7914345618,7.163216194331));
#288 = CARTESIAN_POINT('',(-10.54774259777,6.923551095087));
#289 = CARTESIAN_POINT('',(-11.11064466227,6.414733686632));
#290 = CARTESIAN_POINT('',(-11.26984243163,5.672837494713));
#291 = CARTESIAN_POINT('',(-11.09924447799,4.898022972847));
#292 = CARTESIAN_POINT('',(-10.74965137845,4.12309916266));
#293 = CARTESIAN_POINT('',(-10.41201446132,3.458195791506));
#294 = CARTESIAN_POINT('',(-10.05569297972,2.694414813252));
#295 = CARTESIAN_POINT('',(-10.74616692382,2.211121823956));
#296 = CARTESIAN_POINT('',(-11.3710207569,1.804117072043));
#297 = CARTESIAN_POINT('',(-12.06123916717,1.30780991619));
#298 = CARTESIAN_POINT('',(-12.59638858979,0.722099833855));
#299 = CARTESIAN_POINT('',(-12.82946737326,-1.463722738753E-15));
#300 = CARTESIAN_POINT('',(-12.59638858979,-0.722099833855));
#301 = CARTESIAN_POINT('',(-12.06123916717,-1.30780991619));
#302 = CARTESIAN_POINT('',(-11.3710207569,-1.804117072043));
#303 = CARTESIAN_POINT('',(-10.74616692382,-2.211121823956));
#304 = CARTESIAN_POINT('',(-10.05569297972,-2.694414813252));
#305 = CARTESIAN_POINT('',(-10.41201446132,-3.458195791506));
#306 = CARTESIAN_POINT('',(-10.74965137845,-4.12309916266));
#307 = CARTESIAN_POINT('',(-11.09924447799,-4.898022972847));
#308 = CARTESIAN_POINT('',(-11.26984243163,-5.672837494713));
#309 = CARTESIAN_POINT('',(-11.11064466227,-6.414733686632));
#310 = CARTESIAN_POINT('',(-10.54774259777,-6.923551095087));
#311 = CARTESIAN_POINT('',(-9.7914345618,-7.163216194331));
#312 = CARTESIAN_POINT('',(-8.945534306415,-7.247921594241));
#313 = CARTESIAN_POINT('',(-8.200892637365,-7.287971132322));
#314 = CARTESIAN_POINT('',(-7.361278166469,-7.361278166469));
#315 = CARTESIAN_POINT('',(-7.287971132322,-8.200892637365));
#316 = CARTESIAN_POINT('',(-7.247921594241,-8.945534306415));
#317 = CARTESIAN_POINT('',(-7.163216194331,-9.7914345618));
#318 = CARTESIAN_POINT('',(-6.923551095087,-10.54774259777));
#319 = CARTESIAN_POINT('',(-6.414733686632,-11.11064466227));
#320 = CARTESIAN_POINT('',(-5.672837494713,-11.26984243163));
#321 = CARTESIAN_POINT('',(-4.898022972847,-11.09924447799));
#322 = CARTESIAN_POINT('',(-4.12309916266,-10.74965137845));
#323 = CARTESIAN_POINT('',(-3.458195791506,-10.41201446132));
#324 = CARTESIAN_POINT('',(-2.694414813252,-10.05569297972));
#325 = CARTESIAN_POINT('',(-2.211121823956,-10.74616692382));
#326 = CARTESIAN_POINT('',(-1.804117072043,-11.3710207569));
#327 = CARTESIAN_POINT('',(-1.30780991619,-12.06123916717));
#328 = CARTESIAN_POINT('',(-0.722099833855,-12.59638858979));
#329 = CARTESIAN_POINT('',(-8.344389753172E-15,-12.82946737326));
#330 = CARTESIAN_POINT('',(0.722099833855,-12.59638858979));
#331 = CARTESIAN_POINT('',(1.30780991619,-12.06123916717));
#332 = CARTESIAN_POINT('',(1.804117072043,-11.3710207569));
#333 = CARTESIAN_POINT('',(2.211121823956,-10.74616692382));
#334 = CARTESIAN_POINT('',(2.694414813252,-10.05569297972));
#335 = CARTESIAN_POINT('',(3.458195791506,-10.41201446132));
#336 = CARTESIAN_POINT('',(4.12309916266,-10.74965137845));
#337 = CARTESIAN_POINT('',(4.898022972847,-11.09924447799));
#338 = CARTESIAN_POINT('',(5.672837494713,-11.26984243163));
#339 = CARTESIAN_POINT('',(6.414733686632,-11.11064466227));
#340 = CARTESIAN_POINT('',(6.923551095086,-10.54774259777));
#341 = CARTESIAN_POINT('',(7.163216194331,-9.7914345618));
#342 = CARTESIAN_POINT('',(7.247921594241,-8.945534306415));
#343 = CARTESIAN_POINT('',(7.287971132322,-8.200892637365));
#344 = CARTESIAN_POINT('',(7.361278166469,-7.36127816647));
#345 = CARTESIAN_POINT('',(8.200892637366,-7.287971132321));
#346 = CARTESIAN_POINT('',(8.945534306406,-7.247921594245));
#347 = CARTESIAN_POINT('',(9.791434561833,-7.163216194315));
#348 = CARTESIAN_POINT('',(10.547742597676,-6.923551095136));
#349 = CARTESIAN_POINT('',(11.110644662599,-6.414733686475));
#350 = CARTESIAN_POINT('',(11.269842430317,-5.67283749534));
#351 = CARTESIAN_POINT('',(11.099244484048,-4.898022969964));
#352 = CARTESIAN_POINT('',(10.749651353785,-4.123099174405));
#353 = CARTESIAN_POINT('',(10.412014540479,-3.458195753827));
#354 = CARTESIAN_POINT('',(10.055692755457,-2.694414919998));
#355 = CARTESIAN_POINT('',(10.746167868388,-2.211121374358));
#356 = CARTESIAN_POINT('',(11.371016010626,-1.804119331204));
#357 = CARTESIAN_POINT('',(12.061256888158,-1.307801481248));
#358 = CARTESIAN_POINT('',(12.596332950714,-0.722126317292));
#359 = CARTESIAN_POINT('',(12.829644122441,8.413017143713E-05));
#360 = CARTESIAN_POINT('',(12.59568110033,0.721763078623));
#361 = CARTESIAN_POINT('',(12.064492639964,1.309358524377));
#362 = CARTESIAN_POINT('',(11.357767534042,1.797808720702));
#363 = CARTESIAN_POINT('',(10.78868689414,2.231360743544));
#364 = CARTESIAN_POINT('',(10.195239504782,2.513472900194));
#365 = CARTESIAN_POINT('',(10.235057647059,2.96080872277));
#366 = ( GEOMETRIC_REPRESENTATION_CONTEXT(2) 
PARAMETRIC_REPRESENTATION_CONTEXT() REPRESENTATION_CONTEXT('2D SPACE',''
  ) );
#367 = PCURVE('',#368,#495);
#368 = SURFACE_OF_LINEAR_EXTRUSION('',#369,#493);
#369 = B_SPLINE_CURVE_WITH_KNOTS('',3,(#370,#371,#372,#373,#374,#375,
    #376,#377,#378,#379,#380,#381,#382,#383,#384,#385,#386,#387,#388,
    #389,#390,#391,#392,#393,#394,#395,#396,#397,#398,#399,#400,#401,
    #402,#403,#404,#405,#406,#407,#408,#409,#410,#411,#412,#413,#414,
    #415,#416,#417,#418,#419,#420,#421,#422,#423,#424,#425,#426,#427,
    #428,#429,#430,#431,#432,#433,#434,#435,#436,#437,#438,#439,#440,
    #441,#442,#443,#444,#445,#446,#447,#448,#449,#450,#451,#452,#453,
    #454,#455,#456,#457,#458,#459,#460,#461,#462,#463,#464,#465,#466,
    #467,#468,#469,#470,#471,#472,#473,#474,#475,#476,#477,#478,#479,
    #480,#481,#482,#483,#484,#485,#486,#487,#488,#489,#490,#491,#492),
  .UNSPECIFIED.,.T.,.F.,(1,1,2,1,1,1,1,1,1,1,1,1,1,1,1,1,1,1,1,1,1,1,1,1
    ,1,1,1,1,1,1,1,1,1,1,1,1,1,1,1,1,1,1,1,1,1,1,1,1,1,1,1,1,1,1,1,1,1,1
    ,1,1,1,1,1,1,1,1,1,1,1,1,1,1,1,1,1,1,1,1,1,1,1,1,1,1,1,1,1,1,1,1,1,1
    ,1,1,1,1,1,1,1,1,1,1,1,1,1,1,1,1,1,1,1,1,1,1,1,1,1,1,1,1,1,1,2,1,1),
  (-1.491619024911,-0.653529751121,0.,0.653529751121,1.491619024911,
    2.368478086857,3.161535413664,3.845919673038,4.530303932412,
    5.32336125922,6.200220321165,7.038309594955,7.691839346076,
    8.345369097197,9.183458370987,10.060317432933,10.853374759741,
    11.537759019114,12.222143278488,13.015200605296,13.892059667242,
    14.730148941032,15.383678692153,16.037208443273,16.875297717063,
    17.752156779009,18.545214105817,19.229598365191,19.913982624564,
    20.707039951372,21.583899013318,22.421988287108,23.075518038229,
    23.72904778935,24.56713706314,25.443996125085,26.237053451893,
    26.921437711267,27.605821970641,28.398879297448,29.275738359394,
    30.113827633184,30.767357384305,31.420887135426,32.258976409216,
    33.135835471162,33.928892797969,34.613277057343,35.297661316717,
    36.090718643525,36.96757770547,37.80566697926,38.459196730381,
    39.112726481502,39.950815755292,40.827674817238,41.620732144046,
    42.30511640342,42.989500662793,43.782557989601,44.659417051547,
    45.497506325337,46.151036076458,46.804565827579,47.642655101369,
    48.519514163314,49.312571490122,49.996955749496,50.68134000887,
    51.474397335677,52.351256397623,53.189345671413,53.842875422534,
    54.496405173655,55.334494447445,56.211353509391,57.004410836198,
    57.688795095572,58.373179354946,59.166236681754,60.043095743699,
    60.881185017489,61.53471476861,62.188244519731,63.026333793521,
    63.903192855467,64.696250182274,65.380634441648,66.065018701022,
    66.85807602783,67.734935089776,68.573024363566,69.226554114686,
    69.880083865807,70.718173139597,71.595032201543,72.388089528351,
    73.072473787725,73.756858047098,74.549915373906,75.426774435852,
    76.264863709642,76.918393460763,77.571923211884,78.410012485674,
    79.286871547619,80.079928874427,80.764313133801,81.448697393175,
    82.241754719982,83.118613781928,83.956703055718,84.610232806839,
    85.26376255796,86.10185183175,86.978710893696,87.771768220503,
    88.456152479877,89.140536739251,89.933594066059,90.810453128004,
    91.648542401794,92.302072152915,92.955601904036,93.793691177826),
  .UNSPECIFIED.);
#370 = CARTESIAN_POINT('',(10.195239504782,2.513472900194,1.667));
#371 = CARTESIAN_POINT('',(10.235057647059,2.96080872277,1.667));
#372 = CARTESIAN_POINT('',(10.369494491007,3.437956871917,1.667));
#373 = CARTESIAN_POINT('',(10.762904601317,4.129407514001,1.667));
#374 = CARTESIAN_POINT('',(11.095991005204,4.89647436466,1.667));
#375 = CARTESIAN_POINT('',(11.270549921103,5.673174249945,1.667));
#376 = CARTESIAN_POINT('',(11.110467913092,6.41464955646,1.667));
#377 = CARTESIAN_POINT('',(10.547798236865,6.923577578524,1.667));
#378 = CARTESIAN_POINT('',(9.79141684082,7.163207759388,1.667));
#379 = CARTESIAN_POINT('',(8.94553905269,7.247923853402,1.667));
#380 = CARTESIAN_POINT('',(8.200891692804,7.287970682724,1.667));
#381 = CARTESIAN_POINT('',(7.361278390733,7.361278273216,1.667));
#382 = CARTESIAN_POINT('',(7.287971053163,8.200892599686,1.667));
#383 = CARTESIAN_POINT('',(7.247921618914,8.945534318159,1.667));
#384 = CARTESIAN_POINT('',(7.163216188274,9.791434558917,1.667));
#385 = CARTESIAN_POINT('',(6.923551096404,10.547742598406,1.667));
#386 = CARTESIAN_POINT('',(6.414733686303,11.110644662113,1.667));
#387 = CARTESIAN_POINT('',(5.672837494816,11.269842431683,1.667));
#388 = CARTESIAN_POINT('',(4.898022972814,11.099244477975,1.667));
#389 = CARTESIAN_POINT('',(4.123099162669,10.749651378462,1.667));
#390 = CARTESIAN_POINT('',(3.458195791504,10.41201446132,1.667));
#391 = CARTESIAN_POINT('',(2.694414813252,10.055692979721,1.667));
#392 = CARTESIAN_POINT('',(2.211121823956,10.746166923827,1.667));
#393 = CARTESIAN_POINT('',(1.804117072043,11.371020756901,1.667));
#394 = CARTESIAN_POINT('',(1.30780991619,12.061239167177,1.667));
#395 = CARTESIAN_POINT('',(0.722099833855,12.596388589799,1.667));
#396 = CARTESIAN_POINT('',(4.330699533852E-16,12.829467373264,1.667));
#397 = CARTESIAN_POINT('',(-0.722099833855,12.596388589799,1.667));
#398 = CARTESIAN_POINT('',(-1.30780991619,12.061239167177,1.667));
#399 = CARTESIAN_POINT('',(-1.804117072043,11.371020756901,1.667));
#400 = CARTESIAN_POINT('',(-2.211121823956,10.746166923827,1.667));
#401 = CARTESIAN_POINT('',(-2.694414813252,10.055692979721,1.667));
#402 = CARTESIAN_POINT('',(-3.458195791506,10.412014461321,1.667));
#403 = CARTESIAN_POINT('',(-4.12309916266,10.749651378458,1.667));
#404 = CARTESIAN_POINT('',(-4.898022972847,11.099244477991,1.667));
#405 = CARTESIAN_POINT('',(-5.672837494713,11.269842431634,1.667));
#406 = CARTESIAN_POINT('',(-6.414733686632,11.11064466227,1.667));
#407 = CARTESIAN_POINT('',(-6.923551095087,10.547742597779,1.667));
#408 = CARTESIAN_POINT('',(-7.163216194331,9.7914345618,1.667));
#409 = CARTESIAN_POINT('',(-7.247921594241,8.945534306415,1.667));
#410 = CARTESIAN_POINT('',(-7.287971132322,8.200892637365,1.667));
#411 = CARTESIAN_POINT('',(-7.361278166469,7.361278166469,1.667));
#412 = CARTESIAN_POINT('',(-8.200892637365,7.287971132322,1.667));
#413 = CARTESIAN_POINT('',(-8.945534306415,7.247921594241,1.667));
#414 = CARTESIAN_POINT('',(-9.7914345618,7.163216194331,1.667));
#415 = CARTESIAN_POINT('',(-10.54774259777,6.923551095087,1.667));
#416 = CARTESIAN_POINT('',(-11.11064466227,6.414733686632,1.667));
#417 = CARTESIAN_POINT('',(-11.26984243163,5.672837494713,1.667));
#418 = CARTESIAN_POINT('',(-11.09924447799,4.898022972847,1.667));
#419 = CARTESIAN_POINT('',(-10.74965137845,4.12309916266,1.667));
#420 = CARTESIAN_POINT('',(-10.41201446132,3.458195791506,1.667));
#421 = CARTESIAN_POINT('',(-10.05569297972,2.694414813252,1.667));
#422 = CARTESIAN_POINT('',(-10.74616692382,2.211121823956,1.667));
#423 = CARTESIAN_POINT('',(-11.3710207569,1.804117072043,1.667));
#424 = CARTESIAN_POINT('',(-12.06123916717,1.30780991619,1.667));
#425 = CARTESIAN_POINT('',(-12.59638858979,0.722099833855,1.667));
#426 = CARTESIAN_POINT('',(-12.82946737326,-1.463722738753E-15,1.667));
#427 = CARTESIAN_POINT('',(-12.59638858979,-0.722099833855,1.667));
#428 = CARTESIAN_POINT('',(-12.06123916717,-1.30780991619,1.667));
#429 = CARTESIAN_POINT('',(-11.3710207569,-1.804117072043,1.667));
#430 = CARTESIAN_POINT('',(-10.74616692382,-2.211121823956,1.667));
#431 = CARTESIAN_POINT('',(-10.05569297972,-2.694414813252,1.667));
#432 = CARTESIAN_POINT('',(-10.41201446132,-3.458195791506,1.667));
#433 = CARTESIAN_POINT('',(-10.74965137845,-4.12309916266,1.667));
#434 = CARTESIAN_POINT('',(-11.09924447799,-4.898022972847,1.667));
#435 = CARTESIAN_POINT('',(-11.26984243163,-5.672837494713,1.667));
#436 = CARTESIAN_POINT('',(-11.11064466227,-6.414733686632,1.667));
#437 = CARTESIAN_POINT('',(-10.54774259777,-6.923551095087,1.667));
#438 = CARTESIAN_POINT('',(-9.7914345618,-7.163216194331,1.667));
#439 = CARTESIAN_POINT('',(-8.945534306415,-7.247921594241,1.667));
#440 = CARTESIAN_POINT('',(-8.200892637365,-7.287971132322,1.667));
#441 = CARTESIAN_POINT('',(-7.361278166469,-7.361278166469,1.667));
#442 = CARTESIAN_POINT('',(-7.287971132322,-8.200892637365,1.667));
#443 = CARTESIAN_POINT('',(-7.247921594241,-8.945534306415,1.667));
#444 = CARTESIAN_POINT('',(-7.163216194331,-9.7914345618,1.667));
#445 = CARTESIAN_POINT('',(-6.923551095087,-10.54774259777,1.667));
#446 = CARTESIAN_POINT('',(-6.414733686632,-11.11064466227,1.667));
#447 = CARTESIAN_POINT('',(-5.672837494713,-11.26984243163,1.667));
#448 = CARTESIAN_POINT('',(-4.898022972847,-11.09924447799,1.667));
#449 = CARTESIAN_POINT('',(-4.12309916266,-10.74965137845,1.667));
#450 = CARTESIAN_POINT('',(-3.458195791506,-10.41201446132,1.667));
#451 = CARTESIAN_POINT('',(-2.694414813252,-10.05569297972,1.667));
#452 = CARTESIAN_POINT('',(-2.211121823956,-10.74616692382,1.667));
#453 = CARTESIAN_POINT('',(-1.804117072043,-11.3710207569,1.667));
#454 = CARTESIAN_POINT('',(-1.30780991619,-12.06123916717,1.667));
#455 = CARTESIAN_POINT('',(-0.722099833855,-12.59638858979,1.667));
#456 = CARTESIAN_POINT('',(-8.344389753172E-15,-12.82946737326,1.667));
#457 = CARTESIAN_POINT('',(0.722099833855,-12.59638858979,1.667));
#458 = CARTESIAN_POINT('',(1.30780991619,-12.06123916717,1.667));
#459 = CARTESIAN_POINT('',(1.804117072043,-11.3710207569,1.667));
#460 = CARTESIAN_POINT('',(2.211121823956,-10.74616692382,1.667));
#461 = CARTESIAN_POINT('',(2.694414813252,-10.05569297972,1.667));
#462 = CARTESIAN_POINT('',(3.458195791506,-10.41201446132,1.667));
#463 = CARTESIAN_POINT('',(4.12309916266,-10.74965137845,1.667));
#464 = CARTESIAN_POINT('',(4.898022972847,-11.09924447799,1.667));
#465 = CARTESIAN_POINT('',(5.672837494713,-11.26984243163,1.667));
#466 = CARTESIAN_POINT('',(6.414733686632,-11.11064466227,1.667));
#467 = CARTESIAN_POINT('',(6.923551095086,-10.54774259777,1.667));
#468 = CARTESIAN_POINT('',(7.163216194331,-9.7914345618,1.667));
#469 = CARTESIAN_POINT('',(7.247921594241,-8.945534306415,1.667));
#470 = CARTESIAN_POINT('',(7.287971132322,-8.200892637365,1.667));
#471 = CARTESIAN_POINT('',(7.361278166469,-7.36127816647,1.667));
#472 = CARTESIAN_POINT('',(8.200892637366,-7.287971132321,1.667));
#473 = CARTESIAN_POINT('',(8.945534306406,-7.247921594245,1.667));
#474 = CARTESIAN_POINT('',(9.791434561833,-7.163216194315,1.667));
#475 = CARTESIAN_POINT('',(10.547742597676,-6.923551095136,1.667));
#476 = CARTESIAN_POINT('',(11.110644662599,-6.414733686475,1.667));
#477 = CARTESIAN_POINT('',(11.269842430317,-5.67283749534,1.667));
#478 = CARTESIAN_POINT('',(11.099244484048,-4.898022969964,1.667));
#479 = CARTESIAN_POINT('',(10.749651353785,-4.123099174405,1.667));
#480 = CARTESIAN_POINT('',(10.412014540479,-3.458195753827,1.667));
#481 = CARTESIAN_POINT('',(10.055692755457,-2.694414919998,1.667));
#482 = CARTESIAN_POINT('',(10.746167868388,-2.211121374358,1.667));
#483 = CARTESIAN_POINT('',(11.371016010626,-1.804119331204,1.667));
#484 = CARTESIAN_POINT('',(12.061256888158,-1.307801481248,1.667));
#485 = CARTESIAN_POINT('',(12.596332950714,-0.722126317292,1.667));
#486 = CARTESIAN_POINT('',(12.829644122441,8.413017143713E-05,1.667));
#487 = CARTESIAN_POINT('',(12.59568110033,0.721763078623,1.667));
#488 = CARTESIAN_POINT('',(12.064492639964,1.309358524377,1.667));
#489 = CARTESIAN_POINT('',(11.357767534042,1.797808720702,1.667));
#490 = CARTESIAN_POINT('',(10.78868689414,2.231360743544,1.667));
#491 = CARTESIAN_POINT('',(10.195239504782,2.513472900194,1.667));
#492 = CARTESIAN_POINT('',(10.235057647059,2.96080872277,1.667));
#493 = VECTOR('',#494,1.);
#494 = DIRECTION('',(-0.,-0.,-1.));
#495 = DEFINITIONAL_REPRESENTATION('',(#496),#500);
#496 = LINE('',#497,#498);
#497 = CARTESIAN_POINT('',(0.,0.));
#498 = VECTOR('',#499,1.);
#499 = DIRECTION('',(1.,0.));
#500 = ( GEOMETRIC_REPRESENTATION_CONTEXT(2) 
PARAMETRIC_REPRESENTATION_CONTEXT() REPRESENTATION_CONTEXT('2D SPACE',''
  ) );
#501 = ADVANCED_FACE('',(#502,#505),#93,.F.);
#502 = FACE_BOUND('',#503,.F.);
#503 = EDGE_LOOP('',(#504));
#504 = ORIENTED_EDGE('',*,*,#78,.T.);
#505 = FACE_BOUND('',#506,.F.);
#506 = EDGE_LOOP('',(#507));
#507 = ORIENTED_EDGE('',*,*,#508,.F.);
#508 = EDGE_CURVE('',#509,#509,#511,.T.);
#509 = VERTEX_POINT('',#510);
#510 = CARTESIAN_POINT('',(3.175,-7.776507174586E-16,0.));
#511 = SURFACE_CURVE('',#512,(#517,#524),.PCURVE_S1.);
#512 = CIRCLE('',#513,3.175);
#513 = AXIS2_PLACEMENT_3D('',#514,#515,#516);
#514 = CARTESIAN_POINT('',(0.,0.,0.));
#515 = DIRECTION('',(0.,0.,1.));
#516 = DIRECTION('',(1.,0.,-0.));
#517 = PCURVE('',#93,#518);
#518 = DEFINITIONAL_REPRESENTATION('',(#519),#523);
#519 = CIRCLE('',#520,3.175);
#520 = AXIS2_PLACEMENT_2D('',#521,#522);
#521 = CARTESIAN_POINT('',(0.,0.));
#522 = DIRECTION('',(1.,0.));
#523 = ( GEOMETRIC_REPRESENTATION_CONTEXT(2) 
PARAMETRIC_REPRESENTATION_CONTEXT() REPRESENTATION_CONTEXT('2D SPACE',''
  ) );
#524 = PCURVE('',#525,#530);
#525 = CYLINDRICAL_SURFACE('',#526,3.175);
#526 = AXIS2_PLACEMENT_3D('',#527,#528,#529);
#527 = CARTESIAN_POINT('',(0.,0.,-0.8));
#528 = DIRECTION('',(0.,0.,1.));
#529 = DIRECTION('',(1.,0.,0.));
#530 = DEFINITIONAL_REPRESENTATION('',(#531),#535);
#531 = LINE('',#532,#533);
#532 = CARTESIAN_POINT('',(0.,0.8));
#533 = VECTOR('',#534,1.);
#534 = DIRECTION('',(1.,0.));
#535 = ( GEOMETRIC_REPRESENTATION_CONTEXT(2) 
PARAMETRIC_REPRESENTATION_CONTEXT() REPRESENTATION_CONTEXT('2D SPACE',''
  ) );
#536 = ADVANCED_FACE('',(#537,#1753),#368,.F.);
#537 = FACE_BOUND('',#538,.F.);
#538 = EDGE_LOOP('',(#539,#562,#563,#564));
#539 = ORIENTED_EDGE('',*,*,#540,.F.);
#540 = EDGE_CURVE('',#113,#541,#543,.T.);
#541 = VERTEX_POINT('',#542);
#542 = CARTESIAN_POINT('',(10.21514857592,2.737140811482,16.67));
#543 = SEAM_CURVE('',#544,(#548,#555),.PCURVE_S1.);
#544 = LINE('',#545,#546);
#545 = CARTESIAN_POINT('',(10.21514857592,2.737140811482,1.667));
#546 = VECTOR('',#547,1.);
#547 = DIRECTION('',(0.,0.,1.));
#548 = PCURVE('',#368,#549);
#549 = DEFINITIONAL_REPRESENTATION('',(#550),#554);
#550 = LINE('',#551,#552);
#551 = CARTESIAN_POINT('',(92.302072152915,0.));
#552 = VECTOR('',#553,1.);
#553 = DIRECTION('',(0.,-1.));
#554 = ( GEOMETRIC_REPRESENTATION_CONTEXT(2) 
PARAMETRIC_REPRESENTATION_CONTEXT() REPRESENTATION_CONTEXT('2D SPACE',''
  ) );
#555 = PCURVE('',#368,#556);
#556 = DEFINITIONAL_REPRESENTATION('',(#557),#561);
#557 = LINE('',#558,#559);
#558 = CARTESIAN_POINT('',(0.,0.));
#559 = VECTOR('',#560,1.);
#560 = DIRECTION('',(0.,-1.));
#561 = ( GEOMETRIC_REPRESENTATION_CONTEXT(2) 
PARAMETRIC_REPRESENTATION_CONTEXT() REPRESENTATION_CONTEXT('2D SPACE',''
  ) );
#562 = ORIENTED_EDGE('',*,*,#112,.F.);
#563 = ORIENTED_EDGE('',*,*,#540,.T.);
#564 = ORIENTED_EDGE('',*,*,#565,.T.);
#565 = EDGE_CURVE('',#541,#541,#566,.T.);
#566 = SURFACE_CURVE('',#567,(#691,#698),.PCURVE_S1.);
#567 = B_SPLINE_CURVE_WITH_KNOTS('',3,(#568,#569,#570,#571,#572,#573,
    #574,#575,#576,#577,#578,#579,#580,#581,#582,#583,#584,#585,#586,
    #587,#588,#589,#590,#591,#592,#593,#594,#595,#596,#597,#598,#599,
    #600,#601,#602,#603,#604,#605,#606,#607,#608,#609,#610,#611,#612,
    #613,#614,#615,#616,#617,#618,#619,#620,#621,#622,#623,#624,#625,
    #626,#627,#628,#629,#630,#631,#632,#633,#634,#635,#636,#637,#638,
    #639,#640,#641,#642,#643,#644,#645,#646,#647,#648,#649,#650,#651,
    #652,#653,#654,#655,#656,#657,#658,#659,#660,#661,#662,#663,#664,
    #665,#666,#667,#668,#669,#670,#671,#672,#673,#674,#675,#676,#677,
    #678,#679,#680,#681,#682,#683,#684,#685,#686,#687,#688,#689,#690),
  .UNSPECIFIED.,.T.,.F.,(1,1,2,1,1,1,1,1,1,1,1,1,1,1,1,1,1,1,1,1,1,1,1,1
    ,1,1,1,1,1,1,1,1,1,1,1,1,1,1,1,1,1,1,1,1,1,1,1,1,1,1,1,1,1,1,1,1,1,1
    ,1,1,1,1,1,1,1,1,1,1,1,1,1,1,1,1,1,1,1,1,1,1,1,1,1,1,1,1,1,1,1,1,1,1
    ,1,1,1,1,1,1,1,1,1,1,1,1,1,1,1,1,1,1,1,1,1,1,1,1,1,1,1,1,1,1,2,1,1),
  (-1.491619024911,-0.653529751121,0.,0.653529751121,1.491619024911,
    2.368478086857,3.161535413664,3.845919673038,4.530303932412,
    5.32336125922,6.200220321165,7.038309594955,7.691839346076,
    8.345369097197,9.183458370987,10.060317432933,10.853374759741,
    11.537759019114,12.222143278488,13.015200605296,13.892059667242,
    14.730148941032,15.383678692153,16.037208443273,16.875297717063,
    17.752156779009,18.545214105817,19.229598365191,19.913982624564,
    20.707039951372,21.583899013318,22.421988287108,23.075518038229,
    23.72904778935,24.56713706314,25.443996125085,26.237053451893,
    26.921437711267,27.605821970641,28.398879297448,29.275738359394,
    30.113827633184,30.767357384305,31.420887135426,32.258976409216,
    33.135835471162,33.928892797969,34.613277057343,35.297661316717,
    36.090718643525,36.96757770547,37.80566697926,38.459196730381,
    39.112726481502,39.950815755292,40.827674817238,41.620732144046,
    42.30511640342,42.989500662793,43.782557989601,44.659417051547,
    45.497506325337,46.151036076458,46.804565827579,47.642655101369,
    48.519514163314,49.312571490122,49.996955749496,50.68134000887,
    51.474397335677,52.351256397623,53.189345671413,53.842875422534,
    54.496405173655,55.334494447445,56.211353509391,57.004410836198,
    57.688795095572,58.373179354946,59.166236681754,60.043095743699,
    60.881185017489,61.53471476861,62.188244519731,63.026333793521,
    63.903192855467,64.696250182274,65.380634441648,66.065018701022,
    66.85807602783,67.734935089776,68.573024363566,69.226554114686,
    69.880083865807,70.718173139597,71.595032201543,72.388089528351,
    73.072473787725,73.756858047098,74.549915373906,75.426774435852,
    76.264863709642,76.918393460763,77.571923211884,78.410012485674,
    79.286871547619,80.079928874427,80.764313133801,81.448697393175,
    82.241754719982,83.118613781928,83.956703055718,84.610232806839,
    85.26376255796,86.10185183175,86.978710893696,87.771768220503,
    88.456152479877,89.140536739251,89.933594066059,90.810453128004,
    91.648542401794,92.302072152915,92.955601904036,93.793691177826),
  .UNSPECIFIED.);
#568 = CARTESIAN_POINT('',(10.195239504782,2.513472900194,16.67));
#569 = CARTESIAN_POINT('',(10.235057647059,2.96080872277,16.67));
#570 = CARTESIAN_POINT('',(10.369494491007,3.437956871917,16.67));
#571 = CARTESIAN_POINT('',(10.762904601317,4.129407514001,16.67));
#572 = CARTESIAN_POINT('',(11.095991005204,4.89647436466,16.67));
#573 = CARTESIAN_POINT('',(11.270549921103,5.673174249945,16.67));
#574 = CARTESIAN_POINT('',(11.110467913092,6.41464955646,16.67));
#575 = CARTESIAN_POINT('',(10.547798236865,6.923577578524,16.67));
#576 = CARTESIAN_POINT('',(9.79141684082,7.163207759388,16.67));
#577 = CARTESIAN_POINT('',(8.94553905269,7.247923853402,16.67));
#578 = CARTESIAN_POINT('',(8.200891692804,7.287970682724,16.67));
#579 = CARTESIAN_POINT('',(7.361278390733,7.361278273216,16.67));
#580 = CARTESIAN_POINT('',(7.287971053163,8.200892599686,16.67));
#581 = CARTESIAN_POINT('',(7.247921618914,8.945534318159,16.67));
#582 = CARTESIAN_POINT('',(7.163216188274,9.791434558917,16.67));
#583 = CARTESIAN_POINT('',(6.923551096404,10.547742598406,16.67));
#584 = CARTESIAN_POINT('',(6.414733686303,11.110644662113,16.67));
#585 = CARTESIAN_POINT('',(5.672837494816,11.269842431683,16.67));
#586 = CARTESIAN_POINT('',(4.898022972814,11.099244477975,16.67));
#587 = CARTESIAN_POINT('',(4.123099162669,10.749651378462,16.67));
#588 = CARTESIAN_POINT('',(3.458195791504,10.41201446132,16.67));
#589 = CARTESIAN_POINT('',(2.694414813252,10.055692979721,16.67));
#590 = CARTESIAN_POINT('',(2.211121823956,10.746166923827,16.67));
#591 = CARTESIAN_POINT('',(1.804117072043,11.371020756901,16.67));
#592 = CARTESIAN_POINT('',(1.30780991619,12.061239167177,16.67));
#593 = CARTESIAN_POINT('',(0.722099833855,12.596388589799,16.67));
#594 = CARTESIAN_POINT('',(4.330699533852E-16,12.829467373264,16.67));
#595 = CARTESIAN_POINT('',(-0.722099833855,12.596388589799,16.67));
#596 = CARTESIAN_POINT('',(-1.30780991619,12.061239167177,16.67));
#597 = CARTESIAN_POINT('',(-1.804117072043,11.371020756901,16.67));
#598 = CARTESIAN_POINT('',(-2.211121823956,10.746166923827,16.67));
#599 = CARTESIAN_POINT('',(-2.694414813252,10.055692979721,16.67));
#600 = CARTESIAN_POINT('',(-3.458195791506,10.412014461321,16.67));
#601 = CARTESIAN_POINT('',(-4.12309916266,10.749651378458,16.67));
#602 = CARTESIAN_POINT('',(-4.898022972847,11.099244477991,16.67));
#603 = CARTESIAN_POINT('',(-5.672837494713,11.269842431634,16.67));
#604 = CARTESIAN_POINT('',(-6.414733686632,11.11064466227,16.67));
#605 = CARTESIAN_POINT('',(-6.923551095087,10.547742597779,16.67));
#606 = CARTESIAN_POINT('',(-7.163216194331,9.7914345618,16.67));
#607 = CARTESIAN_POINT('',(-7.247921594241,8.945534306415,16.67));
#608 = CARTESIAN_POINT('',(-7.287971132322,8.200892637365,16.67));
#609 = CARTESIAN_POINT('',(-7.361278166469,7.361278166469,16.67));
#610 = CARTESIAN_POINT('',(-8.200892637365,7.287971132322,16.67));
#611 = CARTESIAN_POINT('',(-8.945534306415,7.247921594241,16.67));
#612 = CARTESIAN_POINT('',(-9.7914345618,7.163216194331,16.67));
#613 = CARTESIAN_POINT('',(-10.54774259777,6.923551095087,16.67));
#614 = CARTESIAN_POINT('',(-11.11064466227,6.414733686632,16.67));
#615 = CARTESIAN_POINT('',(-11.26984243163,5.672837494713,16.67));
#616 = CARTESIAN_POINT('',(-11.09924447799,4.898022972847,16.67));
#617 = CARTESIAN_POINT('',(-10.74965137845,4.12309916266,16.67));
#618 = CARTESIAN_POINT('',(-10.41201446132,3.458195791506,16.67));
#619 = CARTESIAN_POINT('',(-10.05569297972,2.694414813252,16.67));
#620 = CARTESIAN_POINT('',(-10.74616692382,2.211121823956,16.67));
#621 = CARTESIAN_POINT('',(-11.3710207569,1.804117072043,16.67));
#622 = CARTESIAN_POINT('',(-12.06123916717,1.30780991619,16.67));
#623 = CARTESIAN_POINT('',(-12.59638858979,0.722099833855,16.67));
#624 = CARTESIAN_POINT('',(-12.82946737326,-1.463722738753E-15,16.67));
#625 = CARTESIAN_POINT('',(-12.59638858979,-0.722099833855,16.67));
#626 = CARTESIAN_POINT('',(-12.06123916717,-1.30780991619,16.67));
#627 = CARTESIAN_POINT('',(-11.3710207569,-1.804117072043,16.67));
#628 = CARTESIAN_POINT('',(-10.74616692382,-2.211121823956,16.67));
#629 = CARTESIAN_POINT('',(-10.05569297972,-2.694414813252,16.67));
#630 = CARTESIAN_POINT('',(-10.41201446132,-3.458195791506,16.67));
#631 = CARTESIAN_POINT('',(-10.74965137845,-4.12309916266,16.67));
#632 = CARTESIAN_POINT('',(-11.09924447799,-4.898022972847,16.67));
#633 = CARTESIAN_POINT('',(-11.26984243163,-5.672837494713,16.67));
#634 = CARTESIAN_POINT('',(-11.11064466227,-6.414733686632,16.67));
#635 = CARTESIAN_POINT('',(-10.54774259777,-6.923551095087,16.67));
#636 = CARTESIAN_POINT('',(-9.7914345618,-7.163216194331,16.67));
#637 = CARTESIAN_POINT('',(-8.945534306415,-7.247921594241,16.67));
#638 = CARTESIAN_POINT('',(-8.200892637365,-7.287971132322,16.67));
#639 = CARTESIAN_POINT('',(-7.361278166469,-7.361278166469,16.67));
#640 = CARTESIAN_POINT('',(-7.287971132322,-8.200892637365,16.67));
#641 = CARTESIAN_POINT('',(-7.247921594241,-8.945534306415,16.67));
#642 = CARTESIAN_POINT('',(-7.163216194331,-9.7914345618,16.67));
#643 = CARTESIAN_POINT('',(-6.923551095087,-10.54774259777,16.67));
#644 = CARTESIAN_POINT('',(-6.414733686632,-11.11064466227,16.67));
#645 = CARTESIAN_POINT('',(-5.672837494713,-11.26984243163,16.67));
#646 = CARTESIAN_POINT('',(-4.898022972847,-11.09924447799,16.67));
#647 = CARTESIAN_POINT('',(-4.12309916266,-10.74965137845,16.67));
#648 = CARTESIAN_POINT('',(-3.458195791506,-10.41201446132,16.67));
#649 = CARTESIAN_POINT('',(-2.694414813252,-10.05569297972,16.67));
#650 = CARTESIAN_POINT('',(-2.211121823956,-10.74616692382,16.67));
#651 = CARTESIAN_POINT('',(-1.804117072043,-11.3710207569,16.67));
#652 = CARTESIAN_POINT('',(-1.30780991619,-12.06123916717,16.67));
#653 = CARTESIAN_POINT('',(-0.722099833855,-12.59638858979,16.67));
#654 = CARTESIAN_POINT('',(-8.344389753172E-15,-12.82946737326,16.67));
#655 = CARTESIAN_POINT('',(0.722099833855,-12.59638858979,16.67));
#656 = CARTESIAN_POINT('',(1.30780991619,-12.06123916717,16.67));
#657 = CARTESIAN_POINT('',(1.804117072043,-11.3710207569,16.67));
#658 = CARTESIAN_POINT('',(2.211121823956,-10.74616692382,16.67));
#659 = CARTESIAN_POINT('',(2.694414813252,-10.05569297972,16.67));
#660 = CARTESIAN_POINT('',(3.458195791506,-10.41201446132,16.67));
#661 = CARTESIAN_POINT('',(4.12309916266,-10.74965137845,16.67));
#662 = CARTESIAN_POINT('',(4.898022972847,-11.09924447799,16.67));
#663 = CARTESIAN_POINT('',(5.672837494713,-11.26984243163,16.67));
#664 = CARTESIAN_POINT('',(6.414733686632,-11.11064466227,16.67));
#665 = CARTESIAN_POINT('',(6.923551095086,-10.54774259777,16.67));
#666 = CARTESIAN_POINT('',(7.163216194331,-9.7914345618,16.67));
#667 = CARTESIAN_POINT('',(7.247921594241,-8.945534306415,16.67));
#668 = CARTESIAN_POINT('',(7.287971132322,-8.200892637365,16.67));
#669 = CARTESIAN_POINT('',(7.361278166469,-7.36127816647,16.67));
#670 = CARTESIAN_POINT('',(8.200892637366,-7.287971132321,16.67));
#671 = CARTESIAN_POINT('',(8.945534306406,-7.247921594245,16.67));
#672 = CARTESIAN_POINT('',(9.791434561833,-7.163216194315,16.67));
#673 = CARTESIAN_POINT('',(10.547742597676,-6.923551095136,16.67));
#674 = CARTESIAN_POINT('',(11.110644662599,-6.414733686475,16.67));
#675 = CARTESIAN_POINT('',(11.269842430317,-5.67283749534,16.67));
#676 = CARTESIAN_POINT('',(11.099244484048,-4.898022969964,16.67));
#677 = CARTESIAN_POINT('',(10.749651353785,-4.123099174405,16.67));
#678 = CARTESIAN_POINT('',(10.412014540479,-3.458195753827,16.67));
#679 = CARTESIAN_POINT('',(10.055692755457,-2.694414919998,16.67));
#680 = CARTESIAN_POINT('',(10.746167868388,-2.211121374358,16.67));
#681 = CARTESIAN_POINT('',(11.371016010626,-1.804119331204,16.67));
#682 = CARTESIAN_POINT('',(12.061256888158,-1.307801481248,16.67));
#683 = CARTESIAN_POINT('',(12.596332950714,-0.722126317292,16.67));
#684 = CARTESIAN_POINT('',(12.829644122441,8.413017143713E-05,16.67));
#685 = CARTESIAN_POINT('',(12.59568110033,0.721763078623,16.67));
#686 = CARTESIAN_POINT('',(12.064492639964,1.309358524377,16.67));
#687 = CARTESIAN_POINT('',(11.357767534042,1.797808720702,16.67));
#688 = CARTESIAN_POINT('',(10.78868689414,2.231360743544,16.67));
#689 = CARTESIAN_POINT('',(10.195239504782,2.513472900194,16.67));
#690 = CARTESIAN_POINT('',(10.235057647059,2.96080872277,16.67));
#691 = PCURVE('',#368,#692);
#692 = DEFINITIONAL_REPRESENTATION('',(#693),#697);
#693 = LINE('',#694,#695);
#694 = CARTESIAN_POINT('',(0.,-15.003));
#695 = VECTOR('',#696,1.);
#696 = DIRECTION('',(1.,0.));
#697 = ( GEOMETRIC_REPRESENTATION_CONTEXT(2) 
PARAMETRIC_REPRESENTATION_CONTEXT() REPRESENTATION_CONTEXT('2D SPACE',''
  ) );
#698 = PCURVE('',#699,#749);
#699 = B_SPLINE_SURFACE_WITH_KNOTS('',6,6,(
    (#700,#701,#702,#703,#704,#705,#706)
    ,(#707,#708,#709,#710,#711,#712,#713)
    ,(#714,#715,#716,#717,#718,#719,#720)
    ,(#721,#722,#723,#724,#725,#726,#727)
    ,(#728,#729,#730,#731,#732,#733,#734)
    ,(#735,#736,#737,#738,#739,#740,#741)
    ,(#742,#743,#744,#745,#746,#747,#748
    )),.UNSPECIFIED.,.F.,.F.,.F.,(7,7),(7,7),(-13.59008663758,
    13.903661917156),(-13.41479015346,13.821411566469),
  .PIECEWISE_BEZIER_KNOTS.);
#700 = CARTESIAN_POINT('',(-17.87488684464,-6.718248507009,16.67));
#701 = CARTESIAN_POINT('',(-13.75326184212,-8.6203784582,16.67));
#702 = CARTESIAN_POINT('',(-9.63163218015,-10.52251588679,16.67));
#703 = CARTESIAN_POINT('',(-5.510006062634,-12.42464155665,16.67));
#704 = CARTESIAN_POINT('',(-1.388390600621,-14.32674847454,16.67));
#705 = CARTESIAN_POINT('',(2.733208187689,-16.22884189012,16.67));
#706 = CARTESIAN_POINT('',(6.854785376952,-18.13093929593,16.67));
#707 = CARTESIAN_POINT('',(-15.95477216957,-2.55767196226,16.67));
#708 = CARTESIAN_POINT('',(-11.83313895242,-4.459805429523,16.67));
#709 = CARTESIAN_POINT('',(-7.71149754423,-6.361948383398,16.67));
#710 = CARTESIAN_POINT('',(-3.589862482438,-8.264075971265,16.67));
#711 = CARTESIAN_POINT('',(0.531756517891,-10.16618004067,16.67));
#712 = CARTESIAN_POINT('',(4.653354564073,-12.06826913936,16.67));
#713 = CARTESIAN_POINT('',(8.774931585802,-13.97036851523,16.67));
#714 = CARTESIAN_POINT('',(-14.03467291891,1.602903215402,16.67));
#715 = CARTESIAN_POINT('',(-9.913033173949,-0.299232195007,16.67));
#716 = CARTESIAN_POINT('',(-5.791389861453,-2.201355212871,16.67));
#717 = CARTESIAN_POINT('',(-1.66969514735,-4.103672106066,16.67));
#718 = CARTESIAN_POINT('',(2.451832887127,-6.005488578854,16.67));
#719 = CARTESIAN_POINT('',(6.57349212623,-7.907713138297,16.67));
#720 = CARTESIAN_POINT('',(10.695083948896,-9.809833054526,16.67));
#721 = CARTESIAN_POINT('',(-12.1145834476,5.763499302904,16.67));
#722 = CARTESIAN_POINT('',(-7.992945278086,3.861363713498,16.67));
#723 = CARTESIAN_POINT('',(-3.871284917902,1.959176801229,16.67));
#724 = CARTESIAN_POINT('',(0.250385476256,5.745780307503E-02,16.67));
#725 = CARTESIAN_POINT('',(4.37216190682,-1.845265088383,16.67));
#726 = CARTESIAN_POINT('',(8.493620503025,-3.74711554995,16.67));
#727 = CARTESIAN_POINT('',(12.615160914815,-5.649165649277,16.67));
#728 = CARTESIAN_POINT('',(-10.1944923947,9.924119442906,16.67));
#729 = CARTESIAN_POINT('',(-6.072864140161,8.021984680959,16.67));
#730 = CARTESIAN_POINT('',(-1.951253788754,6.119944910289,16.67));
#731 = CARTESIAN_POINT('',(2.170396497371,4.217374775985,16.67));
#732 = CARTESIAN_POINT('',(6.292017593183,2.31584901049,16.67));
#733 = CARTESIAN_POINT('',(10.413585469341,0.413646582891,16.67));
#734 = CARTESIAN_POINT('',(14.535234506742,-1.488502116529,16.67));
#735 = CARTESIAN_POINT('',(-8.274382683492,14.084747643804,16.67));
#736 = CARTESIAN_POINT('',(-4.152766739444,12.182613009153,16.67));
#737 = CARTESIAN_POINT('',(-3.110603131796E-02,10.280412247287,16.67));
#738 = CARTESIAN_POINT('',(4.090303730343,8.378530600144,16.67));
#739 = CARTESIAN_POINT('',(8.212110915127,6.476188670238,16.67));
#740 = CARTESIAN_POINT('',(12.33373904116,4.574142789558,16.67));
#741 = CARTESIAN_POINT('',(16.45539377585,2.672008947969,16.67));
#742 = CARTESIAN_POINT('',(-6.354231521376,18.24534877973,16.67));
#743 = CARTESIAN_POINT('',(-2.232618159144,16.343210916677,16.67));
#744 = CARTESIAN_POINT('',(1.889023325998,14.441024485523,16.67));
#745 = CARTESIAN_POINT('',(6.010487991208,12.539124456765,16.67));
#746 = CARTESIAN_POINT('',(10.132269179679,10.636743477611,16.67));
#747 = CARTESIAN_POINT('',(14.253934535249,8.734647007062,16.67));
#748 = CARTESIAN_POINT('',(18.375608254684,6.832496472609,16.67));
#749 = DEFINITIONAL_REPRESENTATION('',(#750),#1752);
#750 = B_SPLINE_CURVE_WITH_KNOTS('',10,(#751,#752,#753,#754,#755,#756,
    #757,#758,#759,#760,#761,#762,#763,#764,#765,#766,#767,#768,#769,
    #770,#771,#772,#773,#774,#775,#776,#777,#778,#779,#780,#781,#782,
    #783,#784,#785,#786,#787,#788,#789,#790,#791,#792,#793,#794,#795,
    #796,#797,#798,#799,#800,#801,#802,#803,#804,#805,#806,#807,#808,
    #809,#810,#811,#812,#813,#814,#815,#816,#817,#818,#819,#820,#821,
    #822,#823,#824,#825,#826,#827,#828,#829,#830,#831,#832,#833,#834,
    #835,#836,#837,#838,#839,#840,#841,#842,#843,#844,#845,#846,#847,
    #848,#849,#850,#851,#852,#853,#854,#855,#856,#857,#858,#859,#860,
    #861,#862,#863,#864,#865,#866,#867,#868,#869,#870,#871,#872,#873,
    #874,#875,#876,#877,#878,#879,#880,#881,#882,#883,#884,#885,#886,
    #887,#888,#889,#890,#891,#892,#893,#894,#895,#896,#897,#898,#899,
    #900,#901,#902,#903,#904,#905,#906,#907,#908,#909,#910,#911,#912,
    #913,#914,#915,#916,#917,#918,#919,#920,#921,#922,#923,#924,#925,
    #926,#927,#928,#929,#930,#931,#932,#933,#934,#935,#936,#937,#938,
    #939,#940,#941,#942,#943,#944,#945,#946,#947,#948,#949,#950,#951,
    #952,#953,#954,#955,#956,#957,#958,#959,#960,#961,#962,#963,#964,
    #965,#966,#967,#968,#969,#970,#971,#972,#973,#974,#975,#976,#977,
    #978,#979,#980,#981,#982,#983,#984,#985,#986,#987,#988,#989,#990,
    #991,#992,#993,#994,#995,#996,#997,#998,#999,#1000,#1001,#1002,#1003
    ,#1004,#1005,#1006,#1007,#1008,#1009,#1010,#1011,#1012,#1013,#1014,
    #1015,#1016,#1017,#1018,#1019,#1020,#1021,#1022,#1023,#1024,#1025,
    #1026,#1027,#1028,#1029,#1030,#1031,#1032,#1033,#1034,#1035,#1036,
    #1037,#1038,#1039,#1040,#1041,#1042,#1043,#1044,#1045,#1046,#1047,
    #1048,#1049,#1050,#1051,#1052,#1053,#1054,#1055,#1056,#1057,#1058,
    #1059,#1060,#1061,#1062,#1063,#1064,#1065,#1066,#1067,#1068,#1069,
    #1070,#1071,#1072,#1073,#1074,#1075,#1076,#1077,#1078,#1079,#1080,
    #1081,#1082,#1083,#1084,#1085,#1086,#1087,#1088,#1089,#1090,#1091,
    #1092,#1093,#1094,#1095,#1096,#1097,#1098,#1099,#1100,#1101,#1102,
    #1103,#1104,#1105,#1106,#1107,#1108,#1109,#1110,#1111,#1112,#1113,
    #1114,#1115,#1116,#1117,#1118,#1119,#1120,#1121,#1122,#1123,#1124,
    #1125,#1126,#1127,#1128,#1129,#1130,#1131,#1132,#1133,#1134,#1135,
    #1136,#1137,#1138,#1139,#1140,#1141,#1142,#1143,#1144,#1145,#1146,
    #1147,#1148,#1149,#1150,#1151,#1152,#1153,#1154,#1155,#1156,#1157,
    #1158,#1159,#1160,#1161,#1162,#1163,#1164,#1165,#1166,#1167,#1168,
    #1169,#1170,#1171,#1172,#1173,#1174,#1175,#1176,#1177,#1178,#1179,
    #1180,#1181,#1182,#1183,#1184,#1185,#1186,#1187,#1188,#1189,#1190,
    #1191,#1192,#1193,#1194,#1195,#1196,#1197,#1198,#1199,#1200,#1201,
    #1202,#1203,#1204,#1205,#1206,#1207,#1208,#1209,#1210,#1211,#1212,
    #1213,#1214,#1215,#1216,#1217,#1218,#1219,#1220,#1221,#1222,#1223,
    #1224,#1225,#1226,#1227,#1228,#1229,#1230,#1231,#1232,#1233,#1234,
    #1235,#1236,#1237,#1238,#1239,#1240,#1241,#1242,#1243,#1244,#1245,
    #1246,#1247,#1248,#1249,#1250,#1251,#1252,#1253,#1254,#1255,#1256,
    #1257,#1258,#1259,#1260,#1261,#1262,#1263,#1264,#1265,#1266,#1267,
    #1268,#1269,#1270,#1271,#1272,#1273,#1274,#1275,#1276,#1277,#1278,
    #1279,#1280,#1281,#1282,#1283,#1284,#1285,#1286,#1287,#1288,#1289,
    #1290,#1291,#1292,#1293,#1294,#1295,#1296,#1297,#1298,#1299,#1300,
    #1301,#1302,#1303,#1304,#1305,#1306,#1307,#1308,#1309,#1310,#1311,
    #1312,#1313,#1314,#1315,#1316,#1317,#1318,#1319,#1320,#1321,#1322,
    #1323,#1324,#1325,#1326,#1327,#1328,#1329,#1330,#1331,#1332,#1333,
    #1334,#1335,#1336,#1337,#1338,#1339,#1340,#1341,#1342,#1343,#1344,
    #1345,#1346,#1347,#1348,#1349,#1350,#1351,#1352,#1353,#1354,#1355,
    #1356,#1357,#1358,#1359,#1360,#1361,#1362,#1363,#1364,#1365,#1366,
    #1367,#1368,#1369,#1370,#1371,#1372,#1373,#1374,#1375,#1376,#1377,
    #1378,#1379,#1380,#1381,#1382,#1383,#1384,#1385,#1386,#1387,#1388,
    #1389,#1390,#1391,#1392,#1393,#1394,#1395,#1396,#1397,#1398,#1399,
    #1400,#1401,#1402,#1403,#1404,#1405,#1406,#1407,#1408,#1409,#1410,
    #1411,#1412,#1413,#1414,#1415,#1416,#1417,#1418,#1419,#1420,#1421,
    #1422,#1423,#1424,#1425,#1426,#1427,#1428,#1429,#1430,#1431,#1432,
    #1433,#1434,#1435,#1436,#1437,#1438,#1439,#1440,#1441,#1442,#1443,
    #1444,#1445,#1446,#1447,#1448,#1449,#1450,#1451,#1452,#1453,#1454,
    #1455,#1456,#1457,#1458,#1459,#1460,#1461,#1462,#1463,#1464,#1465,
    #1466,#1467,#1468,#1469,#1470,#1471,#1472,#1473,#1474,#1475,#1476,
    #1477,#1478,#1479,#1480,#1481,#1482,#1483,#1484,#1485,#1486,#1487,
    #1488,#1489,#1490,#1491,#1492,#1493,#1494,#1495,#1496,#1497,#1498,
    #1499,#1500,#1501,#1502,#1503,#1504,#1505,#1506,#1507,#1508,#1509,
    #1510,#1511,#1512,#1513,#1514,#1515,#1516,#1517,#1518,#1519,#1520,
    #1521,#1522,#1523,#1524,#1525,#1526,#1527,#1528,#1529,#1530,#1531,
    #1532,#1533,#1534,#1535,#1536,#1537,#1538,#1539,#1540,#1541,#1542,
    #1543,#1544,#1545,#1546,#1547,#1548,#1549,#1550,#1551,#1552,#1553,
    #1554,#1555,#1556,#1557,#1558,#1559,#1560,#1561,#1562,#1563,#1564,
    #1565,#1566,#1567,#1568,#1569,#1570,#1571,#1572,#1573,#1574,#1575,
    #1576,#1577,#1578,#1579,#1580,#1581,#1582,#1583,#1584,#1585,#1586,
    #1587,#1588,#1589,#1590,#1591,#1592,#1593,#1594,#1595,#1596,#1597,
    #1598,#1599,#1600,#1601,#1602,#1603,#1604,#1605,#1606,#1607,#1608,
    #1609,#1610,#1611,#1612,#1613,#1614,#1615,#1616,#1617,#1618,#1619,
    #1620,#1621,#1622,#1623,#1624,#1625,#1626,#1627,#1628,#1629,#1630,
    #1631,#1632,#1633,#1634,#1635,#1636,#1637,#1638,#1639,#1640,#1641,
    #1642,#1643,#1644,#1645,#1646,#1647,#1648,#1649,#1650,#1651,#1652,
    #1653,#1654,#1655,#1656,#1657,#1658,#1659,#1660,#1661,#1662,#1663,
    #1664,#1665,#1666,#1667,#1668,#1669,#1670,#1671,#1672,#1673,#1674,
    #1675,#1676,#1677,#1678,#1679,#1680,#1681,#1682,#1683,#1684,#1685,
    #1686,#1687,#1688,#1689,#1690,#1691,#1692,#1693,#1694,#1695,#1696,
    #1697,#1698,#1699,#1700,#1701,#1702,#1703,#1704,#1705,#1706,#1707,
    #1708,#1709,#1710,#1711,#1712,#1713,#1714,#1715,#1716,#1717,#1718,
    #1719,#1720,#1721,#1722,#1723,#1724,#1725,#1726,#1727,#1728,#1729,
    #1730,#1731,#1732,#1733,#1734,#1735,#1736,#1737,#1738,#1739,#1740,
    #1741,#1742,#1743,#1744,#1745,#1746,#1747,#1748,#1749,#1750,#1751),
  .UNSPECIFIED.,.F.,.F.,(11,9,9,9,9,9,9,9,9,9,9,9,9,9,9,9,9,9,9,9,9,9,9,
    9,9,9,9,9,9,9,9,9,9,9,9,9,9,9,9,9,9,9,9,9,9,9,9,9,9,9,9,9,9,9,9,9,9,
    9,9,9,9,9,9,9,9,9,9,9,9,9,9,9,9,9,9,9,9,9,9,9,9,9,9,9,9,9,9,9,9,9,9,
    9,9,9,9,9,9,9,9,9,9,9,9,9,9,9,9,9,9,9,9,11),(0.,1.442219877389,
    2.884439754779,3.605549693473,4.326659632168,5.768879509557,
    6.489989448252,7.211099386947,7.571654356294,7.932209325641,
    8.653319264336,10.095539141725,10.81664908042,11.537759019114,
    12.258868957809,12.979978896504,14.422198773893,15.143308712588,
    15.503863681935,15.864418651282,16.585528589977,17.306638528672,
    18.748858406061,19.469968344756,20.19107828345,21.63329816084,
    22.354408099534,23.075518038229,23.796627976923,24.517737915618,
    25.959957793007,26.681067731702,27.402177670397,28.844397547786,
    29.565507486481,30.286617425175,30.647172394523,31.00772736387,
    31.728837302565,33.171057179954,33.892167118649,34.613277057343,
    35.334386996038,36.055496934733,37.497716812122,38.218826750817,
    38.579381720164,38.939936689511,39.661046628206,40.3821565669,
    41.82437644429,42.545486382984,43.266596321679,44.708816199068,
    45.429926137763,46.151036076458,46.872146015152,47.593255953847,
    49.035475831236,49.756585769931,50.477695708626,51.919915586015,
    52.64102552471,53.362135463404,53.722690432752,54.083245402099,
    54.804355340793,56.246575218183,56.967685156877,57.688795095572,
    58.409905034267,59.131014972961,60.573234850351,61.294344789045,
    61.654899758393,62.01545472774,62.736564666435,63.457674605129,
    64.899894482519,65.621004421213,66.342114359908,67.784334237297,
    68.505444175992,69.226554114687,69.947664053381,70.668773992076,
    72.110993869465,72.83210380816,73.553213746854,74.995433624244,
    75.716543562938,76.437653501633,76.79820847098,77.158763440328,
    77.879873379022,79.322093256412,80.043203195106,80.764313133801,
    81.485423072496,82.20653301119,83.64875288858,84.369862827274,
    84.730417796622,85.090972765969,85.812082704663,86.533192643358,
    87.975412520747,88.696522459442,89.417632398137,90.859852275526,
    91.580962214221,92.302072152915),.UNSPECIFIED.);
#751 = CARTESIAN_POINT('',(6.765669493963,8.12815579012));
#752 = CARTESIAN_POINT('',(6.90564369503,8.078074861099));
#753 = CARTESIAN_POINT('',(7.046625880791,8.04162850498));
#754 = CARTESIAN_POINT('',(7.188463499364,8.016570733448));
#755 = CARTESIAN_POINT('',(7.331092005923,8.001870143049));
#756 = CARTESIAN_POINT('',(7.474425304919,7.996197908374));
#757 = CARTESIAN_POINT('',(7.618325980337,7.997516931601));
#758 = CARTESIAN_POINT('',(7.762623805863,8.003337299467));
#759 = CARTESIAN_POINT('',(7.907151025886,8.01120319756));
#760 = CARTESIAN_POINT('',(8.051762899236,8.018976433064));
#761 = CARTESIAN_POINT('',(8.340861094199,8.029986998951));
#762 = CARTESIAN_POINT('',(8.485281718705,8.032904842695));
#763 = CARTESIAN_POINT('',(8.629671093223,8.032350177479));
#764 = CARTESIAN_POINT('',(8.773987095507,8.028323441448));
#765 = CARTESIAN_POINT('',(8.917735001286,8.019642207092));
#766 = CARTESIAN_POINT('',(9.061259435255,8.0060756443));
#767 = CARTESIAN_POINT('',(9.205446869557,7.988444049688));
#768 = CARTESIAN_POINT('',(9.349659438213,7.965652084231));
#769 = CARTESIAN_POINT('',(9.490736263148,7.932830771224));
#770 = CARTESIAN_POINT('',(9.698002742444,7.868539192688));
#771 = CARTESIAN_POINT('',(9.766262323791,7.84454566352));
#772 = CARTESIAN_POINT('',(9.833636373494,7.81770809803));
#773 = CARTESIAN_POINT('',(9.900074691959,7.787740586335));
#774 = CARTESIAN_POINT('',(9.965413794449,7.754447977562));
#775 = CARTESIAN_POINT('',(10.029322696668,7.717769314354));
#776 = CARTESIAN_POINT('',(10.091313857217,7.677769065919));
#777 = CARTESIAN_POINT('',(10.150819277893,7.634576160098));
#778 = CARTESIAN_POINT('',(10.207331760895,7.588270814));
#779 = CARTESIAN_POINT('',(10.31389088646,7.48916751311));
#780 = CARTESIAN_POINT('',(10.363839990744,7.436403317163));
#781 = CARTESIAN_POINT('',(10.410275521059,7.380620143124));
#782 = CARTESIAN_POINT('',(10.452179188129,7.321423469283));
#783 = CARTESIAN_POINT('',(10.489207461022,7.258893906222));
#784 = CARTESIAN_POINT('',(10.521786736119,7.193654210193));
#785 = CARTESIAN_POINT('',(10.550490375247,7.126430623441));
#786 = CARTESIAN_POINT('',(10.575394244972,7.057599076029));
#787 = CARTESIAN_POINT('',(10.596107389373,6.987206784146));
#788 = CARTESIAN_POINT('',(10.647308626374,6.773465770308));
#789 = CARTESIAN_POINT('',(10.666668884825,6.626686133104));
#790 = CARTESIAN_POINT('',(10.671076472405,6.482419678631));
#791 = CARTESIAN_POINT('',(10.663923344749,6.338168103679));
#792 = CARTESIAN_POINT('',(10.646334024661,6.193670179174));
#793 = CARTESIAN_POINT('',(10.619627016146,6.050256430358));
#794 = CARTESIAN_POINT('',(10.586805005612,5.908244137469));
#795 = CARTESIAN_POINT('',(10.550177847799,5.767101111274));
#796 = CARTESIAN_POINT('',(10.508597116499,5.627615323227));
#797 = CARTESIAN_POINT('',(10.441935118214,5.420916482374));
#798 = CARTESIAN_POINT('',(10.418995975103,5.352513431753));
#799 = CARTESIAN_POINT('',(10.395359280538,5.284439683467));
#800 = CARTESIAN_POINT('',(10.371209007825,5.216809172176));
#801 = CARTESIAN_POINT('',(10.346761430359,5.149791538003));
#802 = CARTESIAN_POINT('',(10.322178432976,5.083462621355));
#803 = CARTESIAN_POINT('',(10.29752488169,5.017730942203));
#804 = CARTESIAN_POINT('',(10.27277005256,4.952340164066));
#805 = CARTESIAN_POINT('',(10.24783311897,4.886947542475));
#806 = CARTESIAN_POINT('',(10.197512276782,4.755609173708));
#807 = CARTESIAN_POINT('',(10.171917292632,4.68954673867));
#808 = CARTESIAN_POINT('',(10.147054522894,4.623587973219));
#809 = CARTESIAN_POINT('',(10.120485021217,4.555967402294));
#810 = CARTESIAN_POINT('',(10.093883513956,4.487500656397));
#811 = CARTESIAN_POINT('',(10.068398907379,4.418673442558));
#812 = CARTESIAN_POINT('',(10.041935264341,4.347935505318));
#813 = CARTESIAN_POINT('',(10.012930549132,4.274071583276));
#814 = CARTESIAN_POINT('',(9.985508378727,4.199433852411));
#815 = CARTESIAN_POINT('',(9.949009748633,4.087382323344));
#816 = CARTESIAN_POINT('',(9.937603681686,4.050008277395));
#817 = CARTESIAN_POINT('',(9.92718116973,4.01272147786));
#818 = CARTESIAN_POINT('',(9.917965624709,3.975632707424));
#819 = CARTESIAN_POINT('',(9.9101804585,3.938852748748));
#820 = CARTESIAN_POINT('',(9.904049083073,3.902492384526));
#821 = CARTESIAN_POINT('',(9.899794910298,3.866662397417));
#822 = CARTESIAN_POINT('',(9.897641352128,3.831473570112));
#823 = CARTESIAN_POINT('',(9.897811820462,3.797036685277));
#824 = CARTESIAN_POINT('',(9.90324763399,3.729888365909));
#825 = CARTESIAN_POINT('',(9.908537345739,3.697185909459));
#826 = CARTESIAN_POINT('',(9.916417507193,3.66539049055));
#827 = CARTESIAN_POINT('',(9.927596946356,3.634791747903));
#828 = CARTESIAN_POINT('',(9.942226874453,3.60547386118));
#829 = CARTESIAN_POINT('',(9.959822238766,3.577286572718));
#830 = CARTESIAN_POINT('',(9.979776535109,3.55003487493));
#831 = CARTESIAN_POINT('',(10.001894386784,3.52367524396));
#832 = CARTESIAN_POINT('',(10.026366196779,3.498306300037));
#833 = CARTESIAN_POINT('',(10.105095146448,3.424612725224));
#834 = CARTESIAN_POINT('',(10.164810430322,3.378795294176));
#835 = CARTESIAN_POINT('',(10.231289265162,3.33601979863));
#836 = CARTESIAN_POINT('',(10.297386560767,3.295036494926));
#837 = CARTESIAN_POINT('',(10.371136124046,3.256822846165));
#838 = CARTESIAN_POINT('',(10.441938154446,3.219622197403));
#839 = CARTESIAN_POINT('',(10.50377376709,3.182350053608));
#840 = CARTESIAN_POINT('',(10.571351624657,3.146963282649));
#841 = CARTESIAN_POINT('',(10.635193345527,3.1118697759));
#842 = CARTESIAN_POINT('',(10.825593917574,3.008344628343));
#843 = CARTESIAN_POINT('',(10.948686428481,2.941599411729));
#844 = CARTESIAN_POINT('',(11.074208392324,2.874100125537));
#845 = CARTESIAN_POINT('',(11.185111636509,2.810791089962));
#846 = CARTESIAN_POINT('',(11.32406977525,2.736254607906));
#847 = CARTESIAN_POINT('',(11.440275929459,2.666695631096));
#848 = CARTESIAN_POINT('',(11.568089410011,2.590176226204));
#849 = CARTESIAN_POINT('',(11.689502373637,2.511234526092));
#850 = CARTESIAN_POINT('',(11.809196520873,2.427982947781));
#851 = CARTESIAN_POINT('',(11.982857692938,2.296060198351));
#852 = CARTESIAN_POINT('',(12.039774569462,2.250894173451));
#853 = CARTESIAN_POINT('',(12.095526235558,2.204410841912));
#854 = CARTESIAN_POINT('',(12.149917661647,2.156484672193));
#855 = CARTESIAN_POINT('',(12.202753818119,2.106990132738));
#856 = CARTESIAN_POINT('',(12.253839675406,2.055801692013));
#857 = CARTESIAN_POINT('',(12.302980203895,2.00279381846));
#858 = CARTESIAN_POINT('',(12.349980374011,1.94784098054));
#859 = CARTESIAN_POINT('',(12.394645156155,1.890817646703));
#860 = CARTESIAN_POINT('',(12.478913885322,1.772378924106));
#861 = CARTESIAN_POINT('',(12.51857535221,1.710848199238));
#862 = CARTESIAN_POINT('',(12.555398420407,1.647222400417));
#863 = CARTESIAN_POINT('',(12.589015953532,1.581721096562));
#864 = CARTESIAN_POINT('',(12.619059179674,1.514567135873));
#865 = CARTESIAN_POINT('',(12.645157691624,1.44598664586));
#866 = CARTESIAN_POINT('',(12.666939446592,1.376209033315));
#867 = CARTESIAN_POINT('',(12.684030766478,1.305466984335));
#868 = CARTESIAN_POINT('',(12.696056337667,1.233996464305));
#869 = CARTESIAN_POINT('',(12.709222084631,1.090076971512));
#870 = CARTESIAN_POINT('',(12.710363833739,1.017610800084));
#871 = CARTESIAN_POINT('',(12.706391741887,0.944941871437));
#872 = CARTESIAN_POINT('',(12.697632079245,0.872370331789));
#873 = CARTESIAN_POINT('',(12.68441010261,0.80019280575));
#874 = CARTESIAN_POINT('',(12.667050055606,0.72870239634));
#875 = CARTESIAN_POINT('',(12.645875168447,0.658188684971));
#876 = CARTESIAN_POINT('',(12.621207658155,0.58893773146));
#877 = CARTESIAN_POINT('',(12.593368728401,0.521232074025));
#878 = CARTESIAN_POINT('',(12.531988410796,0.389469384538));
#879 = CARTESIAN_POINT('',(12.498411384545,0.325288494281));
#880 = CARTESIAN_POINT('',(12.462162059867,0.262719997051));
#881 = CARTESIAN_POINT('',(12.423455005799,0.201675831392));
#882 = CARTESIAN_POINT('',(12.382504791345,0.142067935845));
#883 = CARTESIAN_POINT('',(12.339525985555,8.380824895101E-02));
#884 = CARTESIAN_POINT('',(12.294733157433,2.680870925236E-02));
#885 = CARTESIAN_POINT('',(12.248340876018,-2.901874470894E-02));
#886 = CARTESIAN_POINT('',(12.200563710327,-8.376217439132E-02));
#887 = CARTESIAN_POINT('',(12.053721267512,-0.245004574976));
#888 = CARTESIAN_POINT('',(11.951119120978,-0.348591803754));
#889 = CARTESIAN_POINT('',(11.84604469801,-0.448252556095));
#890 = CARTESIAN_POINT('',(11.734236482735,-0.546692533876));
#891 = CARTESIAN_POINT('',(11.632580050639,-0.636181580132));
#892 = CARTESIAN_POINT('',(11.509452355721,-0.734693640784));
#893 = CARTESIAN_POINT('',(11.411876833786,-0.817074326086));
#894 = CARTESIAN_POINT('',(11.30068549042,-0.906228135124));
#895 = CARTESIAN_POINT('',(11.191746460964,-0.99419959019));
#896 = CARTESIAN_POINT('',(11.023289961402,-1.130552961779));
#897 = CARTESIAN_POINT('',(10.966875317769,-1.176647512789));
#898 = CARTESIAN_POINT('',(10.9068397537,-1.223708346363));
#899 = CARTESIAN_POINT('',(10.85279321644,-1.27158138211));
#900 = CARTESIAN_POINT('',(10.789916099477,-1.321010980262));
#901 = CARTESIAN_POINT('',(10.724324166969,-1.371971565282));
#902 = CARTESIAN_POINT('',(10.666760028853,-1.424267401067));
#903 = CARTESIAN_POINT('',(10.609145859332,-1.47839490679));
#904 = CARTESIAN_POINT('',(10.558734919645,-1.534286673407));
#905 = CARTESIAN_POINT('',(10.494683806603,-1.621041761664));
#906 = CARTESIAN_POINT('',(10.475221167477,-1.650429828324));
#907 = CARTESIAN_POINT('',(10.458253170572,-1.680365034797));
#908 = CARTESIAN_POINT('',(10.443574678143,-1.710784944039));
#909 = CARTESIAN_POINT('',(10.431385721206,-1.74169690816));
#910 = CARTESIAN_POINT('',(10.422318121292,-1.773182653951));
#911 = CARTESIAN_POINT('',(10.416876144396,-1.805301937123));
#912 = CARTESIAN_POINT('',(10.414895814284,-1.837999410586));
#913 = CARTESIAN_POINT('',(10.415627512446,-1.871118852043));
#914 = CARTESIAN_POINT('',(10.422465471314,-1.938138940431));
#915 = CARTESIAN_POINT('',(10.428546140814,-1.972035179351));
#916 = CARTESIAN_POINT('',(10.43704869469,-2.006249204497));
#917 = CARTESIAN_POINT('',(10.447733327264,-2.040712607372));
#918 = CARTESIAN_POINT('',(10.460360232836,-2.075356979474));
#919 = CARTESIAN_POINT('',(10.474689605737,-2.110113912309));
#920 = CARTESIAN_POINT('',(10.490481640263,-2.144914997374));
#921 = CARTESIAN_POINT('',(10.507496530742,-2.179691826174));
#922 = CARTESIAN_POINT('',(10.525494471479,-2.214375990207));
#923 = CARTESIAN_POINT('',(10.581718027417,-2.317945262516));
#924 = CARTESIAN_POINT('',(10.621839632119,-2.386214658623));
#925 = CARTESIAN_POINT('',(10.66531559413,-2.454205495897));
#926 = CARTESIAN_POINT('',(10.701765226409,-2.518011099898));
#927 = CARTESIAN_POINT('',(10.740560852378,-2.581566499872));
#928 = CARTESIAN_POINT('',(10.780389468678,-2.64456478096));
#929 = CARTESIAN_POINT('',(10.816377603353,-2.705285565784));
#930 = CARTESIAN_POINT('',(10.854345978519,-2.766253941293));
#931 = CARTESIAN_POINT('',(10.891114809687,-2.826421903333));
#932 = CARTESIAN_POINT('',(10.964430713353,-2.946450036438));
#933 = CARTESIAN_POINT('',(11.000818817431,-3.006232742458));
#934 = CARTESIAN_POINT('',(11.037027656733,-3.066046762031));
#935 = CARTESIAN_POINT('',(11.073198978612,-3.126214527084));
#936 = CARTESIAN_POINT('',(11.109409539606,-3.186982562978));
#937 = CARTESIAN_POINT('',(11.145612101,-3.248452574006));
#938 = CARTESIAN_POINT('',(11.181633575827,-3.310579278975));
#939 = CARTESIAN_POINT('',(11.217230326478,-3.37323499664));
#940 = CARTESIAN_POINT('',(11.252200613741,-3.436340981233));
#941 = CARTESIAN_POINT('',(11.355261362313,-3.627514561183));
#942 = CARTESIAN_POINT('',(11.421459132362,-3.757139928088));
#943 = CARTESIAN_POINT('',(11.483090152445,-3.88929600612));
#944 = CARTESIAN_POINT('',(11.541123923902,-4.022990043622));
#945 = CARTESIAN_POINT('',(11.59339582005,-4.159170299865));
#946 = CARTESIAN_POINT('',(11.636905572319,-4.2980752711));
#947 = CARTESIAN_POINT('',(11.670110166305,-4.438632949373));
#948 = CARTESIAN_POINT('',(11.691953058017,-4.581305338901));
#949 = CARTESIAN_POINT('',(11.699578587642,-4.729179711739));
#950 = CARTESIAN_POINT('',(11.688041863564,-4.948681657797));
#951 = CARTESIAN_POINT('',(11.680455868564,-5.021670110976));
#952 = CARTESIAN_POINT('',(11.668456338841,-5.093878938636));
#953 = CARTESIAN_POINT('',(11.652426371037,-5.165194814566));
#954 = CARTESIAN_POINT('',(11.63222206875,-5.235261207407));
#955 = CARTESIAN_POINT('',(11.607137916126,-5.303462400665));
#956 = CARTESIAN_POINT('',(11.576634305759,-5.369259243948));
#957 = CARTESIAN_POINT('',(11.54104079652,-5.432513703579));
#958 = CARTESIAN_POINT('',(11.501448677907,-5.493439281507));
#959 = CARTESIAN_POINT('',(11.414564155598,-5.61018946012));
#960 = CARTESIAN_POINT('',(11.367369272891,-5.665967504389));
#961 = CARTESIAN_POINT('',(11.316669750817,-5.719229691969));
#962 = CARTESIAN_POINT('',(11.262965795983,-5.76981408634));
#963 = CARTESIAN_POINT('',(11.206815004566,-5.817503431876));
#964 = CARTESIAN_POINT('',(11.148699029463,-5.862153676399));
#965 = CARTESIAN_POINT('',(11.088951749456,-5.903763210573));
#966 = CARTESIAN_POINT('',(11.027748940392,-5.942482824081));
#967 = CARTESIAN_POINT('',(10.965159448361,-5.978566378635));
#968 = CARTESIAN_POINT('',(10.773454697961,-6.079653836084));
#969 = CARTESIAN_POINT('',(10.640656504941,-6.137425949624));
#970 = CARTESIAN_POINT('',(10.503551350186,-6.186572813153));
#971 = CARTESIAN_POINT('',(10.363962190171,-6.229375948723));
#972 = CARTESIAN_POINT('',(10.223067211607,-6.267346530968));
#973 = CARTESIAN_POINT('',(10.081270994864,-6.301005458344));
#974 = CARTESIAN_POINT('',(9.938893777114,-6.330622588734));
#975 = CARTESIAN_POINT('',(9.796846090657,-6.357036638723));
#976 = CARTESIAN_POINT('',(9.656456050745,-6.381677244849));
#977 = CARTESIAN_POINT('',(9.448196827002,-6.416527406624));
#978 = CARTESIAN_POINT('',(9.37907846309,-6.427818152231));
#979 = CARTESIAN_POINT('',(9.310027521057,-6.438884477477));
#980 = CARTESIAN_POINT('',(9.240810045428,-6.449827936979));
#981 = CARTESIAN_POINT('',(9.171192080765,-6.460750085368));
#982 = CARTESIAN_POINT('',(9.100939671574,-6.471752477253));
#983 = CARTESIAN_POINT('',(9.029818862428,-6.48293666727));
#984 = CARTESIAN_POINT('',(8.957595697836,-6.494404210029));
#985 = CARTESIAN_POINT('',(8.884036222355,-6.506256660158));
#986 = CARTESIAN_POINT('',(8.733776738675,-6.530934484399));
#987 = CARTESIAN_POINT('',(8.656959118936,-6.543697602712));
#988 = CARTESIAN_POINT('',(8.577960842337,-6.556849477743));
#989 = CARTESIAN_POINT('',(8.499102166911,-6.571843696358));
#990 = CARTESIAN_POINT('',(8.422631564839,-6.590095846725));
#991 = CARTESIAN_POINT('',(8.350017342497,-6.612608548669));
#992 = CARTESIAN_POINT('',(8.28245586421,-6.640240473812));
#993 = CARTESIAN_POINT('',(8.221636540238,-6.674111279802));
#994 = CARTESIAN_POINT('',(8.169803739865,-6.715634383001));
#995 = CARTESIAN_POINT('',(8.086507840375,-6.815704604925));
#996 = CARTESIAN_POINT('',(8.055078568276,-6.874211084475));
#997 = CARTESIAN_POINT('',(8.032805106726,-6.940166482865));
#998 = CARTESIAN_POINT('',(8.017890277947,-7.011620135809));
#999 = CARTESIAN_POINT('',(8.008926479528,-7.087113826615));
#1000 = CARTESIAN_POINT('',(8.004852222221,-7.165626847211));
#1001 = CARTESIAN_POINT('',(8.004415116227,-7.245897179334));
#1002 = CARTESIAN_POINT('',(8.00581510358,-7.325970517958));
#1003 = CARTESIAN_POINT('',(8.007201733354,-7.403828858225));
#1004 = CARTESIAN_POINT('',(8.010196821,-7.556071877425));
#1005 = CARTESIAN_POINT('',(8.01188784094,-7.630560919967));
#1006 = CARTESIAN_POINT('',(8.013714917236,-7.703665993885));
#1007 = CARTESIAN_POINT('',(8.015620630109,-7.775635597598));
#1008 = CARTESIAN_POINT('',(8.01754755981,-7.846718229556));
#1009 = CARTESIAN_POINT('',(8.01943828655,-7.917162388162));
#1010 = CARTESIAN_POINT('',(8.021235390583,-7.987216571873));
#1011 = CARTESIAN_POINT('',(8.022881452125,-8.057129279098));
#1012 = CARTESIAN_POINT('',(8.024319051419,-8.127149008278));
#1013 = CARTESIAN_POINT('',(8.027834203246,-8.338274756963));
#1014 = CARTESIAN_POINT('',(8.029075164769,-8.480805395041));
#1015 = CARTESIAN_POINT('',(8.028872884351,-8.625287941902));
#1016 = CARTESIAN_POINT('',(8.025580479717,-8.770675722055));
#1017 = CARTESIAN_POINT('',(8.018207947213,-8.916225494438));
#1018 = CARTESIAN_POINT('',(8.006431803784,-9.06167130065));
#1019 = CARTESIAN_POINT('',(7.989666389358,-9.206709788262));
#1020 = CARTESIAN_POINT('',(7.966211840194,-9.350456516148));
#1021 = CARTESIAN_POINT('',(7.933493743624,-9.491532748482));
#1022 = CARTESIAN_POINT('',(7.868867355251,-9.698396992142));
#1023 = CARTESIAN_POINT('',(7.844739054822,-9.766494661268));
#1024 = CARTESIAN_POINT('',(7.817766847612,-9.833706954383));
#1025 = CARTESIAN_POINT('',(7.787688594033,-9.900012229166));
#1026 = CARTESIAN_POINT('',(7.754324114221,-9.965264986847));
#1027 = CARTESIAN_POINT('',(7.717614411337,-10.02913659845));
#1028 = CARTESIAN_POINT('',(7.67761375473,-10.09112726863));
#1029 = CARTESIAN_POINT('',(7.634434622889,-10.15064923716));
#1030 = CARTESIAN_POINT('',(7.58814550624,-10.20718121798));
#1031 = CARTESIAN_POINT('',(7.489097633292,-10.31380693387));
#1032 = CARTESIAN_POINT('',(7.436366966301,-10.36379631935));
#1033 = CARTESIAN_POINT('',(7.380620559382,-10.41027602114));
#1034 = CARTESIAN_POINT('',(7.321450449164,-10.45221160136));
#1035 = CARTESIAN_POINT('',(7.258932582556,-10.4892539262));
#1036 = CARTESIAN_POINT('',(7.193695068165,-10.52183582228));
#1037 = CARTESIAN_POINT('',(7.126471412494,-10.55053937861));
#1038 = CARTESIAN_POINT('',(7.057638337892,-10.5754414136));
#1039 = CARTESIAN_POINT('',(6.987237779922,-10.59614462724));
#1040 = CARTESIAN_POINT('',(6.773472423711,-10.64731661967));
#1041 = CARTESIAN_POINT('',(6.626668920235,-10.66664820553));
#1042 = CARTESIAN_POINT('',(6.482401437009,-10.67105455718));
#1043 = CARTESIAN_POINT('',(6.338152080441,-10.66390409466));
#1044 = CARTESIAN_POINT('',(6.1936582157,-10.64631965192));
#1045 = CARTESIAN_POINT('',(6.050254024072,-10.61962412526));
#1046 = CARTESIAN_POINT('',(5.90824934112,-10.5868112572));
#1047 = CARTESIAN_POINT('',(5.767104400071,-10.55018179891));
#1048 = CARTESIAN_POINT('',(5.627619566891,-10.50860221477));
#1049 = CARTESIAN_POINT('',(5.420919640315,-10.44193891211));
#1050 = CARTESIAN_POINT('',(5.35251604437,-10.41899911386));
#1051 = CARTESIAN_POINT('',(5.284441575257,-10.3953615533));
#1052 = CARTESIAN_POINT('',(5.216810275579,-10.37121033343));
#1053 = CARTESIAN_POINT('',(5.149791913239,-10.34676188116));
#1054 = CARTESIAN_POINT('',(5.083462423025,-10.3221781947));
#1055 = CARTESIAN_POINT('',(5.017730359794,-10.29752418199));
#1056 = CARTESIAN_POINT('',(4.952339363275,-10.2727690905));
#1057 = CARTESIAN_POINT('',(4.88694663449,-10.24783202813));
#1058 = CARTESIAN_POINT('',(4.755608213067,-10.19751112268));
#1059 = CARTESIAN_POINT('',(4.689545837506,-10.17191620998));
#1060 = CARTESIAN_POINT('',(4.623587215149,-10.14705361216));
#1061 = CARTESIAN_POINT('',(4.555966806829,-10.12048430583));
#1062 = CARTESIAN_POINT('',(4.487500249584,-10.09388302521));
#1063 = CARTESIAN_POINT('',(4.418673247956,-10.06839867358));
#1064 = CARTESIAN_POINT('',(4.347935488265,-10.04193524385));
#1065 = CARTESIAN_POINT('',(4.274071660061,-10.01293064137));
#1066 = CARTESIAN_POINT('',(4.19943398792,-9.985508541525));
#1067 = CARTESIAN_POINT('',(4.087382499764,-9.949009960583));
#1068 = CARTESIAN_POINT('',(4.050008459379,-9.937603900317));
#1069 = CARTESIAN_POINT('',(4.012721658396,-9.927181386625));
#1070 = CARTESIAN_POINT('',(3.975632880548,-9.917965832692));
#1071 = CARTESIAN_POINT('',(3.938852909576,-9.910180651723));
#1072 = CARTESIAN_POINT('',(3.902492529209,-9.904049256888));
#1073 = CARTESIAN_POINT('',(3.866662523188,-9.8997950614));
#1074 = CARTESIAN_POINT('',(3.831473675244,-9.897641478431));
#1075 = CARTESIAN_POINT('',(3.797036769116,-9.897811921184));
#1076 = CARTESIAN_POINT('',(3.729888407958,-9.903247684506));
#1077 = CARTESIAN_POINT('',(3.697185931082,-9.908537371718));
#1078 = CARTESIAN_POINT('',(3.665390492688,-9.916417509761));
#1079 = CARTESIAN_POINT('',(3.634791733953,-9.927596929599));
#1080 = CARTESIAN_POINT('',(3.605473835381,-9.942226843457));
#1081 = CARTESIAN_POINT('',(3.577286538348,-9.959822197476));
#1082 = CARTESIAN_POINT('',(3.550034833938,-9.979776485861));
#1083 = CARTESIAN_POINT('',(3.523675198158,-10.00189433175));
#1084 = CARTESIAN_POINT('',(3.4983062522,-10.0263661393));
#1085 = CARTESIAN_POINT('',(3.42461267585,-10.10509508713));
#1086 = CARTESIAN_POINT('',(3.378795250582,-10.16481037794));
#1087 = CARTESIAN_POINT('',(3.336019767233,-10.23128922744));
#1088 = CARTESIAN_POINT('',(3.295036473522,-10.29738653505));
#1089 = CARTESIAN_POINT('',(3.256822842635,-10.3711361198));
#1090 = CARTESIAN_POINT('',(3.219622206751,-10.44193816567));
#1091 = CARTESIAN_POINT('',(3.182350063608,-10.5037737791));
#1092 = CARTESIAN_POINT('',(3.146963299381,-10.57135164475));
#1093 = CARTESIAN_POINT('',(3.111869793951,-10.63519336721));
#1094 = CARTESIAN_POINT('',(3.008344647091,-10.82559394009));
#1095 = CARTESIAN_POINT('',(2.941599423469,-10.94868644258));
#1096 = CARTESIAN_POINT('',(2.874100134055,-11.07420840256));
#1097 = CARTESIAN_POINT('',(2.810791071551,-11.18511161438));
#1098 = CARTESIAN_POINT('',(2.736254610463,-11.32406977832));
#1099 = CARTESIAN_POINT('',(2.666695619775,-11.44027591585));
#1100 = CARTESIAN_POINT('',(2.59017622198,-11.56808940493));
#1101 = CARTESIAN_POINT('',(2.511234523114,-11.68950237005));
#1102 = CARTESIAN_POINT('',(2.427982946983,-11.80919651991));
#1103 = CARTESIAN_POINT('',(2.296060199183,-11.98285769393));
#1104 = CARTESIAN_POINT('',(2.250894174613,-12.03977457085));
#1105 = CARTESIAN_POINT('',(2.204410843223,-12.09552623713));
#1106 = CARTESIAN_POINT('',(2.156484673507,-12.14991766323));
#1107 = CARTESIAN_POINT('',(2.10699013394,-12.20275381955));
#1108 = CARTESIAN_POINT('',(2.055801693022,-12.25383967662));
#1109 = CARTESIAN_POINT('',(2.002793819228,-12.30298020481));
#1110 = CARTESIAN_POINT('',(1.947840981053,-12.34998037462));
#1111 = CARTESIAN_POINT('',(1.890817646978,-12.39464515648));
#1112 = CARTESIAN_POINT('',(1.772378924008,-12.4789138852));
#1113 = CARTESIAN_POINT('',(1.710848199019,-12.51857535194));
#1114 = CARTESIAN_POINT('',(1.647222400135,-12.55539842007));
#1115 = CARTESIAN_POINT('',(1.58172109626,-12.58901595316));
#1116 = CARTESIAN_POINT('',(1.514567135593,-12.61905917934));
#1117 = CARTESIAN_POINT('',(1.445986645625,-12.64515769133));
#1118 = CARTESIAN_POINT('',(1.376209033144,-12.66693944639));
#1119 = CARTESIAN_POINT('',(1.305466984231,-12.68403076635));
#1120 = CARTESIAN_POINT('',(1.233996464262,-12.69605633761));
#1121 = CARTESIAN_POINT('',(1.090076971555,-12.70922208468));
#1122 = CARTESIAN_POINT('',(1.017610800152,-12.71036383381));
#1123 = CARTESIAN_POINT('',(0.944941871518,-12.70639174199));
#1124 = CARTESIAN_POINT('',(0.872370331868,-12.69763207933));
#1125 = CARTESIAN_POINT('',(0.800192805822,-12.6844101027));
#1126 = CARTESIAN_POINT('',(0.728702396396,-12.66705005566));
#1127 = CARTESIAN_POINT('',(0.658188685009,-12.64587516849));
#1128 = CARTESIAN_POINT('',(0.588937731481,-12.62120765817));
#1129 = CARTESIAN_POINT('',(0.521232074029,-12.5933687284));
#1130 = CARTESIAN_POINT('',(0.389469384522,-12.53198841077));
#1131 = CARTESIAN_POINT('',(0.325288494258,-12.49841138451));
#1132 = CARTESIAN_POINT('',(0.262719997026,-12.46216205984));
#1133 = CARTESIAN_POINT('',(0.201675831367,-12.42345500576));
#1134 = CARTESIAN_POINT('',(0.142067935821,-12.38250479132));
#1135 = CARTESIAN_POINT('',(8.380824893087E-02,-12.33952598552));
#1136 = CARTESIAN_POINT('',(2.680870923699E-02,-12.29473315741));
#1137 = CARTESIAN_POINT('',(-2.901874471939E-02,-12.248340876));
#1138 = CARTESIAN_POINT('',(-8.376217439701E-02,-12.20056371032));
#1139 = CARTESIAN_POINT('',(-0.24500457497,-12.05372126751));
#1140 = CARTESIAN_POINT('',(-0.348591803745,-11.95111912099));
#1141 = CARTESIAN_POINT('',(-0.448252556086,-11.84604469801));
#1142 = CARTESIAN_POINT('',(-0.54669253387,-11.73423648274));
#1143 = CARTESIAN_POINT('',(-0.636181580126,-11.63258005064));
#1144 = CARTESIAN_POINT('',(-0.734693640789,-11.50945235571));
#1145 = CARTESIAN_POINT('',(-0.817074326086,-11.41187683378));
#1146 = CARTESIAN_POINT('',(-0.906228135127,-11.30068549041));
#1147 = CARTESIAN_POINT('',(-0.994199590191,-11.19174646096));
#1148 = CARTESIAN_POINT('',(-1.13055296178,-11.0232899614));
#1149 = CARTESIAN_POINT('',(-1.176647512789,-10.96687531776));
#1150 = CARTESIAN_POINT('',(-1.223708346364,-10.9068397537));
#1151 = CARTESIAN_POINT('',(-1.271581382108,-10.85279321642));
#1152 = CARTESIAN_POINT('',(-1.321010980264,-10.78991609949));
#1153 = CARTESIAN_POINT('',(-1.371971565281,-10.72432416695));
#1154 = CARTESIAN_POINT('',(-1.424267401067,-10.66676002886));
#1155 = CARTESIAN_POINT('',(-1.478394906789,-10.60914585933));
#1156 = CARTESIAN_POINT('',(-1.534286673407,-10.55873491964));
#1157 = CARTESIAN_POINT('',(-1.621041761664,-10.4946838066));
#1158 = CARTESIAN_POINT('',(-1.650429828324,-10.47522116747));
#1159 = CARTESIAN_POINT('',(-1.680365034797,-10.45825317057));
#1160 = CARTESIAN_POINT('',(-1.710784944039,-10.44357467814));
#1161 = CARTESIAN_POINT('',(-1.74169690816,-10.4313857212));
#1162 = CARTESIAN_POINT('',(-1.77318265395,-10.42231812129));
#1163 = CARTESIAN_POINT('',(-1.805301937123,-10.41687614439));
#1164 = CARTESIAN_POINT('',(-1.837999410586,-10.41489581428));
#1165 = CARTESIAN_POINT('',(-1.871118852043,-10.41562751244));
#1166 = CARTESIAN_POINT('',(-1.938138940432,-10.42246547131));
#1167 = CARTESIAN_POINT('',(-1.972035179351,-10.42854614081));
#1168 = CARTESIAN_POINT('',(-2.006249204497,-10.43704869469));
#1169 = CARTESIAN_POINT('',(-2.040712607371,-10.44773332726));
#1170 = CARTESIAN_POINT('',(-2.075356979475,-10.46036023284));
#1171 = CARTESIAN_POINT('',(-2.110113912309,-10.47468960573));
#1172 = CARTESIAN_POINT('',(-2.144914997375,-10.49048164026));
#1173 = CARTESIAN_POINT('',(-2.179691826174,-10.50749653074));
#1174 = CARTESIAN_POINT('',(-2.214375990208,-10.52549447147));
#1175 = CARTESIAN_POINT('',(-2.317945262516,-10.58171802741));
#1176 = CARTESIAN_POINT('',(-2.386214658623,-10.62183963212));
#1177 = CARTESIAN_POINT('',(-2.454205495896,-10.66531559412));
#1178 = CARTESIAN_POINT('',(-2.518011099898,-10.70176522641));
#1179 = CARTESIAN_POINT('',(-2.581566499871,-10.74056085237));
#1180 = CARTESIAN_POINT('',(-2.64456478096,-10.78038946868));
#1181 = CARTESIAN_POINT('',(-2.705285565784,-10.81637760335));
#1182 = CARTESIAN_POINT('',(-2.766253941293,-10.85434597851));
#1183 = CARTESIAN_POINT('',(-2.826421903333,-10.89111480968));
#1184 = CARTESIAN_POINT('',(-2.946450036438,-10.96443071335));
#1185 = CARTESIAN_POINT('',(-3.006232742458,-11.00081881743));
#1186 = CARTESIAN_POINT('',(-3.06604676203,-11.03702765673));
#1187 = CARTESIAN_POINT('',(-3.126214527085,-11.07319897861));
#1188 = CARTESIAN_POINT('',(-3.186982562976,-11.1094095396));
#1189 = CARTESIAN_POINT('',(-3.248452574008,-11.145612101));
#1190 = CARTESIAN_POINT('',(-3.310579278974,-11.18163357582));
#1191 = CARTESIAN_POINT('',(-3.373234996641,-11.21723032648));
#1192 = CARTESIAN_POINT('',(-3.436340981233,-11.25220061374));
#1193 = CARTESIAN_POINT('',(-3.627514561184,-11.35526136231));
#1194 = CARTESIAN_POINT('',(-3.757139928087,-11.42145913235));
#1195 = CARTESIAN_POINT('',(-3.889296006122,-11.48309015245));
#1196 = CARTESIAN_POINT('',(-4.022990043619,-11.54112392389));
#1197 = CARTESIAN_POINT('',(-4.159170299868,-11.59339582006));
#1198 = CARTESIAN_POINT('',(-4.298075271098,-11.63690557231));
#1199 = CARTESIAN_POINT('',(-4.438632949375,-11.67011016631));
#1200 = CARTESIAN_POINT('',(-4.581305338901,-11.69195305801));
#1201 = CARTESIAN_POINT('',(-4.72917971174,-11.69957858764));
#1202 = CARTESIAN_POINT('',(-4.948681657797,-11.68804186356));
#1203 = CARTESIAN_POINT('',(-5.021670110977,-11.68045586856));
#1204 = CARTESIAN_POINT('',(-5.093878938634,-11.66845633883));
#1205 = CARTESIAN_POINT('',(-5.165194814569,-11.65242637104));
#1206 = CARTESIAN_POINT('',(-5.235261207405,-11.63222206874));
#1207 = CARTESIAN_POINT('',(-5.303462400666,-11.60713791612));
#1208 = CARTESIAN_POINT('',(-5.369259243947,-11.57663430575));
#1209 = CARTESIAN_POINT('',(-5.43251370358,-11.54104079652));
#1210 = CARTESIAN_POINT('',(-5.493439281507,-11.5014486779));
#1211 = CARTESIAN_POINT('',(-5.610189460121,-11.41456415559));
#1212 = CARTESIAN_POINT('',(-5.665967504388,-11.36736927289));
#1213 = CARTESIAN_POINT('',(-5.719229691971,-11.31666975082));
#1214 = CARTESIAN_POINT('',(-5.769814086338,-11.26296579597));
#1215 = CARTESIAN_POINT('',(-5.817503431878,-11.20681500457));
#1216 = CARTESIAN_POINT('',(-5.862153676397,-11.14869902946));
#1217 = CARTESIAN_POINT('',(-5.903763210574,-11.08895174945));
#1218 = CARTESIAN_POINT('',(-5.942482824081,-11.02774894039));
#1219 = CARTESIAN_POINT('',(-5.978566378635,-10.96515944836));
#1220 = CARTESIAN_POINT('',(-6.079653836084,-10.77345469796));
#1221 = CARTESIAN_POINT('',(-6.137425949623,-10.64065650493));
#1222 = CARTESIAN_POINT('',(-6.186572813156,-10.50355135019));
#1223 = CARTESIAN_POINT('',(-6.229375948717,-10.36396219016));
#1224 = CARTESIAN_POINT('',(-6.267346530975,-10.22306721161));
#1225 = CARTESIAN_POINT('',(-6.301005458339,-10.08127099485));
#1226 = CARTESIAN_POINT('',(-6.330622588737,-9.938893777119));
#1227 = CARTESIAN_POINT('',(-6.357036638722,-9.796846090655));
#1228 = CARTESIAN_POINT('',(-6.381677244849,-9.656456050746));
#1229 = CARTESIAN_POINT('',(-6.416527406624,-9.448196827002));
#1230 = CARTESIAN_POINT('',(-6.427818152231,-9.37907846309));
#1231 = CARTESIAN_POINT('',(-6.438884477477,-9.310027521057));
#1232 = CARTESIAN_POINT('',(-6.449827936979,-9.240810045429));
#1233 = CARTESIAN_POINT('',(-6.460750085367,-9.171192080763));
#1234 = CARTESIAN_POINT('',(-6.471752477254,-9.100939671576));
#1235 = CARTESIAN_POINT('',(-6.482936667269,-9.029818862426));
#1236 = CARTESIAN_POINT('',(-6.494404210029,-8.957595697837));
#1237 = CARTESIAN_POINT('',(-6.506256660158,-8.884036222355));
#1238 = CARTESIAN_POINT('',(-6.530934484399,-8.733776738675));
#1239 = CARTESIAN_POINT('',(-6.543697602712,-8.656959118935));
#1240 = CARTESIAN_POINT('',(-6.556849477744,-8.577960842338));
#1241 = CARTESIAN_POINT('',(-6.571843696358,-8.499102166909));
#1242 = CARTESIAN_POINT('',(-6.590095846726,-8.42263156484));
#1243 = CARTESIAN_POINT('',(-6.612608548668,-8.350017342496));
#1244 = CARTESIAN_POINT('',(-6.640240473812,-8.28245586421));
#1245 = CARTESIAN_POINT('',(-6.674111279802,-8.221636540238));
#1246 = CARTESIAN_POINT('',(-6.715634383001,-8.169803739865));
#1247 = CARTESIAN_POINT('',(-6.815704604925,-8.086507840375));
#1248 = CARTESIAN_POINT('',(-6.874211084475,-8.055078568276));
#1249 = CARTESIAN_POINT('',(-6.940166482866,-8.032805106727));
#1250 = CARTESIAN_POINT('',(-7.011620135808,-8.017890277946));
#1251 = CARTESIAN_POINT('',(-7.087113826615,-8.008926479529));
#1252 = CARTESIAN_POINT('',(-7.165626847211,-8.004852222221));
#1253 = CARTESIAN_POINT('',(-7.245897179334,-8.004415116228));
#1254 = CARTESIAN_POINT('',(-7.325970517958,-8.005815103579));
#1255 = CARTESIAN_POINT('',(-7.403828858225,-8.007201733354));
#1256 = CARTESIAN_POINT('',(-7.556071877425,-8.010196821));
#1257 = CARTESIAN_POINT('',(-7.630560919967,-8.011887840941));
#1258 = CARTESIAN_POINT('',(-7.703665993884,-8.013714917235));
#1259 = CARTESIAN_POINT('',(-7.7756355976,-8.015620630111));
#1260 = CARTESIAN_POINT('',(-7.846718229554,-8.017547559808));
#1261 = CARTESIAN_POINT('',(-7.917162388164,-8.019438286552));
#1262 = CARTESIAN_POINT('',(-7.987216571872,-8.021235390582));
#1263 = CARTESIAN_POINT('',(-8.057129279098,-8.022881452125));
#1264 = CARTESIAN_POINT('',(-8.127149008278,-8.024319051419));
#1265 = CARTESIAN_POINT('',(-8.338274756963,-8.027834203246));
#1266 = CARTESIAN_POINT('',(-8.480805395039,-8.029075164767));
#1267 = CARTESIAN_POINT('',(-8.625287941907,-8.028872884354));
#1268 = CARTESIAN_POINT('',(-8.770675722049,-8.025580479712));
#1269 = CARTESIAN_POINT('',(-8.916225494444,-8.018207947218));
#1270 = CARTESIAN_POINT('',(-9.061671300646,-8.006431803781));
#1271 = CARTESIAN_POINT('',(-9.206709788265,-7.98966638936));
#1272 = CARTESIAN_POINT('',(-9.350456516147,-7.966211840193));
#1273 = CARTESIAN_POINT('',(-9.491532748482,-7.933493743625));
#1274 = CARTESIAN_POINT('',(-9.698396992143,-7.868867355252));
#1275 = CARTESIAN_POINT('',(-9.766494661267,-7.844739054821));
#1276 = CARTESIAN_POINT('',(-9.833706954385,-7.817766847613));
#1277 = CARTESIAN_POINT('',(-9.900012229162,-7.78768859403));
#1278 = CARTESIAN_POINT('',(-9.965264986852,-7.754324114224));
#1279 = CARTESIAN_POINT('',(-10.02913659844,-7.717614411334));
#1280 = CARTESIAN_POINT('',(-10.09112726863,-7.677613754732));
#1281 = CARTESIAN_POINT('',(-10.15064923716,-7.634434622888));
#1282 = CARTESIAN_POINT('',(-10.20718121798,-7.58814550624));
#1283 = CARTESIAN_POINT('',(-10.31380693387,-7.489097633292));
#1284 = CARTESIAN_POINT('',(-10.36379631935,-7.436366966302));
#1285 = CARTESIAN_POINT('',(-10.41027602114,-7.380620559381));
#1286 = CARTESIAN_POINT('',(-10.45221160136,-7.321450449167));
#1287 = CARTESIAN_POINT('',(-10.4892539262,-7.258932582553));
#1288 = CARTESIAN_POINT('',(-10.52183582228,-7.193695068168));
#1289 = CARTESIAN_POINT('',(-10.55053937861,-7.126471412492));
#1290 = CARTESIAN_POINT('',(-10.5754414136,-7.057638337893));
#1291 = CARTESIAN_POINT('',(-10.59614462724,-6.987237779922));
#1292 = CARTESIAN_POINT('',(-10.64731661967,-6.773472423711));
#1293 = CARTESIAN_POINT('',(-10.66664820553,-6.626668920235));
#1294 = CARTESIAN_POINT('',(-10.67105455719,-6.48240143701));
#1295 = CARTESIAN_POINT('',(-10.66390409465,-6.338152080439));
#1296 = CARTESIAN_POINT('',(-10.64631965192,-6.193658215701));
#1297 = CARTESIAN_POINT('',(-10.61962412526,-6.050254024071));
#1298 = CARTESIAN_POINT('',(-10.5868112572,-5.908249341121));
#1299 = CARTESIAN_POINT('',(-10.55018179891,-5.767104400071));
#1300 = CARTESIAN_POINT('',(-10.50860221477,-5.627619566891));
#1301 = CARTESIAN_POINT('',(-10.44193891211,-5.420919640315));
#1302 = CARTESIAN_POINT('',(-10.41899911386,-5.352516044369));
#1303 = CARTESIAN_POINT('',(-10.39536155331,-5.284441575258));
#1304 = CARTESIAN_POINT('',(-10.37121033343,-5.216810275577));
#1305 = CARTESIAN_POINT('',(-10.34676188117,-5.149791913241));
#1306 = CARTESIAN_POINT('',(-10.32217819469,-5.083462423023));
#1307 = CARTESIAN_POINT('',(-10.29752418199,-5.017730359794));
#1308 = CARTESIAN_POINT('',(-10.2727690905,-4.952339363275));
#1309 = CARTESIAN_POINT('',(-10.24783202813,-4.88694663449));
#1310 = CARTESIAN_POINT('',(-10.19751112268,-4.755608213067));
#1311 = CARTESIAN_POINT('',(-10.17191620998,-4.689545837506));
#1312 = CARTESIAN_POINT('',(-10.14705361216,-4.62358721515));
#1313 = CARTESIAN_POINT('',(-10.12048430583,-4.555966806828));
#1314 = CARTESIAN_POINT('',(-10.09388302521,-4.487500249585));
#1315 = CARTESIAN_POINT('',(-10.06839867358,-4.418673247955));
#1316 = CARTESIAN_POINT('',(-10.04193524385,-4.347935488266));
#1317 = CARTESIAN_POINT('',(-10.01293064138,-4.27407166006));
#1318 = CARTESIAN_POINT('',(-9.985508541525,-4.19943398792));
#1319 = CARTESIAN_POINT('',(-9.949009960583,-4.087382499764));
#1320 = CARTESIAN_POINT('',(-9.937603900317,-4.050008459379));
#1321 = CARTESIAN_POINT('',(-9.927181386624,-4.012721658396));
#1322 = CARTESIAN_POINT('',(-9.917965832695,-3.975632880548));
#1323 = CARTESIAN_POINT('',(-9.91018065172,-3.938852909575));
#1324 = CARTESIAN_POINT('',(-9.904049256891,-3.902492529209));
#1325 = CARTESIAN_POINT('',(-9.899795061398,-3.866662523188));
#1326 = CARTESIAN_POINT('',(-9.897641478432,-3.831473675244));
#1327 = CARTESIAN_POINT('',(-9.897811921184,-3.797036769116));
#1328 = CARTESIAN_POINT('',(-9.903247684506,-3.729888407958));
#1329 = CARTESIAN_POINT('',(-9.908537371718,-3.697185931082));
#1330 = CARTESIAN_POINT('',(-9.916417509763,-3.665390492689));
#1331 = CARTESIAN_POINT('',(-9.927596929596,-3.634791733952));
#1332 = CARTESIAN_POINT('',(-9.942226843459,-3.605473835383));
#1333 = CARTESIAN_POINT('',(-9.959822197475,-3.577286538347));
#1334 = CARTESIAN_POINT('',(-9.979776485861,-3.550034833938));
#1335 = CARTESIAN_POINT('',(-10.00189433175,-3.523675198158));
#1336 = CARTESIAN_POINT('',(-10.0263661393,-3.4983062522));
#1337 = CARTESIAN_POINT('',(-10.10509508713,-3.42461267585));
#1338 = CARTESIAN_POINT('',(-10.16481037794,-3.378795250582));
#1339 = CARTESIAN_POINT('',(-10.23128922744,-3.336019767233));
#1340 = CARTESIAN_POINT('',(-10.29738653505,-3.295036473521));
#1341 = CARTESIAN_POINT('',(-10.3711361198,-3.256822842636));
#1342 = CARTESIAN_POINT('',(-10.44193816567,-3.21962220675));
#1343 = CARTESIAN_POINT('',(-10.5037737791,-3.182350063608));
#1344 = CARTESIAN_POINT('',(-10.57135164475,-3.146963299381));
#1345 = CARTESIAN_POINT('',(-10.63519336721,-3.111869793951));
#1346 = CARTESIAN_POINT('',(-10.82559394009,-3.008344647091));
#1347 = CARTESIAN_POINT('',(-10.94868644258,-2.941599423469));
#1348 = CARTESIAN_POINT('',(-11.07420840256,-2.874100134055));
#1349 = CARTESIAN_POINT('',(-11.18511161438,-2.810791071552));
#1350 = CARTESIAN_POINT('',(-11.32406977832,-2.736254610463));
#1351 = CARTESIAN_POINT('',(-11.44027591585,-2.666695619776));
#1352 = CARTESIAN_POINT('',(-11.56808940494,-2.59017622198));
#1353 = CARTESIAN_POINT('',(-11.68950237005,-2.511234523114));
#1354 = CARTESIAN_POINT('',(-11.80919651991,-2.427982946983));
#1355 = CARTESIAN_POINT('',(-11.98285769393,-2.296060199183));
#1356 = CARTESIAN_POINT('',(-12.03977457085,-2.250894174613));
#1357 = CARTESIAN_POINT('',(-12.09552623713,-2.204410843223));
#1358 = CARTESIAN_POINT('',(-12.14991766322,-2.156484673506));
#1359 = CARTESIAN_POINT('',(-12.20275381955,-2.10699013394));
#1360 = CARTESIAN_POINT('',(-12.25383967662,-2.055801693022));
#1361 = CARTESIAN_POINT('',(-12.30298020481,-2.002793819228));
#1362 = CARTESIAN_POINT('',(-12.34998037462,-1.947840981052));
#1363 = CARTESIAN_POINT('',(-12.39464515648,-1.890817646978));
#1364 = CARTESIAN_POINT('',(-12.4789138852,-1.772378924008));
#1365 = CARTESIAN_POINT('',(-12.51857535194,-1.710848199019));
#1366 = CARTESIAN_POINT('',(-12.55539842007,-1.647222400135));
#1367 = CARTESIAN_POINT('',(-12.58901595315,-1.58172109626));
#1368 = CARTESIAN_POINT('',(-12.61905917934,-1.514567135593));
#1369 = CARTESIAN_POINT('',(-12.64515769133,-1.445986645625));
#1370 = CARTESIAN_POINT('',(-12.66693944639,-1.376209033144));
#1371 = CARTESIAN_POINT('',(-12.68403076635,-1.305466984231));
#1372 = CARTESIAN_POINT('',(-12.69605633761,-1.233996464262));
#1373 = CARTESIAN_POINT('',(-12.70922208468,-1.090076971555));
#1374 = CARTESIAN_POINT('',(-12.71036383381,-1.017610800152));
#1375 = CARTESIAN_POINT('',(-12.70639174199,-0.944941871518));
#1376 = CARTESIAN_POINT('',(-12.69763207932,-0.872370331868));
#1377 = CARTESIAN_POINT('',(-12.68441010271,-0.800192805822));
#1378 = CARTESIAN_POINT('',(-12.66705005566,-0.728702396396));
#1379 = CARTESIAN_POINT('',(-12.64587516849,-0.658188685009));
#1380 = CARTESIAN_POINT('',(-12.62120765817,-0.588937731481));
#1381 = CARTESIAN_POINT('',(-12.5933687284,-0.521232074029));
#1382 = CARTESIAN_POINT('',(-12.53198841077,-0.389469384522));
#1383 = CARTESIAN_POINT('',(-12.49841138451,-0.325288494258));
#1384 = CARTESIAN_POINT('',(-12.46216205983,-0.262719997026));
#1385 = CARTESIAN_POINT('',(-12.42345500576,-0.201675831367));
#1386 = CARTESIAN_POINT('',(-12.38250479131,-0.142067935821));
#1387 = CARTESIAN_POINT('',(-12.33952598553,-8.38082489309E-02));
#1388 = CARTESIAN_POINT('',(-12.29473315741,-2.680870923694E-02));
#1389 = CARTESIAN_POINT('',(-12.248340876,2.90187447194E-02));
#1390 = CARTESIAN_POINT('',(-12.20056371032,8.376217439703E-02));
#1391 = CARTESIAN_POINT('',(-12.05372126751,0.24500457497));
#1392 = CARTESIAN_POINT('',(-11.95111912099,0.348591803745));
#1393 = CARTESIAN_POINT('',(-11.84604469801,0.448252556086));
#1394 = CARTESIAN_POINT('',(-11.73423648274,0.546692533869));
#1395 = CARTESIAN_POINT('',(-11.63258005064,0.636181580126));
#1396 = CARTESIAN_POINT('',(-11.50945235571,0.734693640789));
#1397 = CARTESIAN_POINT('',(-11.41187683378,0.817074326086));
#1398 = CARTESIAN_POINT('',(-11.30068549041,0.906228135127));
#1399 = CARTESIAN_POINT('',(-11.19174646096,0.994199590191));
#1400 = CARTESIAN_POINT('',(-11.0232899614,1.13055296178));
#1401 = CARTESIAN_POINT('',(-10.96687531776,1.17664751279));
#1402 = CARTESIAN_POINT('',(-10.9068397537,1.223708346364));
#1403 = CARTESIAN_POINT('',(-10.85279321643,1.271581382109));
#1404 = CARTESIAN_POINT('',(-10.78991609948,1.321010980263));
#1405 = CARTESIAN_POINT('',(-10.72432416696,1.371971565281));
#1406 = CARTESIAN_POINT('',(-10.66676002885,1.424267401067));
#1407 = CARTESIAN_POINT('',(-10.60914585933,1.478394906789));
#1408 = CARTESIAN_POINT('',(-10.55873491964,1.534286673407));
#1409 = CARTESIAN_POINT('',(-10.4946838066,1.621041761664));
#1410 = CARTESIAN_POINT('',(-10.47522116747,1.650429828324));
#1411 = CARTESIAN_POINT('',(-10.45825317057,1.680365034797));
#1412 = CARTESIAN_POINT('',(-10.44357467814,1.71078494404));
#1413 = CARTESIAN_POINT('',(-10.4313857212,1.74169690816));
#1414 = CARTESIAN_POINT('',(-10.42231812129,1.773182653951));
#1415 = CARTESIAN_POINT('',(-10.41687614439,1.805301937123));
#1416 = CARTESIAN_POINT('',(-10.41489581428,1.837999410586));
#1417 = CARTESIAN_POINT('',(-10.41562751244,1.871118852043));
#1418 = CARTESIAN_POINT('',(-10.42246547131,1.938138940432));
#1419 = CARTESIAN_POINT('',(-10.42854614081,1.972035179351));
#1420 = CARTESIAN_POINT('',(-10.43704869469,2.006249204497));
#1421 = CARTESIAN_POINT('',(-10.44773332726,2.040712607372));
#1422 = CARTESIAN_POINT('',(-10.46036023283,2.075356979475));
#1423 = CARTESIAN_POINT('',(-10.47468960573,2.110113912309));
#1424 = CARTESIAN_POINT('',(-10.49048164026,2.144914997375));
#1425 = CARTESIAN_POINT('',(-10.50749653074,2.179691826174));
#1426 = CARTESIAN_POINT('',(-10.52549447147,2.214375990208));
#1427 = CARTESIAN_POINT('',(-10.58171802741,2.317945262516));
#1428 = CARTESIAN_POINT('',(-10.62183963212,2.386214658623));
#1429 = CARTESIAN_POINT('',(-10.66531559413,2.454205495896));
#1430 = CARTESIAN_POINT('',(-10.70176522641,2.518011099898));
#1431 = CARTESIAN_POINT('',(-10.74056085237,2.581566499872));
#1432 = CARTESIAN_POINT('',(-10.78038946867,2.64456478096));
#1433 = CARTESIAN_POINT('',(-10.81637760335,2.705285565784));
#1434 = CARTESIAN_POINT('',(-10.85434597851,2.766253941293));
#1435 = CARTESIAN_POINT('',(-10.89111480968,2.826421903333));
#1436 = CARTESIAN_POINT('',(-10.96443071335,2.946450036438));
#1437 = CARTESIAN_POINT('',(-11.00081881743,3.006232742458));
#1438 = CARTESIAN_POINT('',(-11.03702765673,3.06604676203));
#1439 = CARTESIAN_POINT('',(-11.07319897861,3.126214527085));
#1440 = CARTESIAN_POINT('',(-11.1094095396,3.186982562977));
#1441 = CARTESIAN_POINT('',(-11.145612101,3.248452574008));
#1442 = CARTESIAN_POINT('',(-11.18163357582,3.310579278974));
#1443 = CARTESIAN_POINT('',(-11.21723032648,3.37323499664));
#1444 = CARTESIAN_POINT('',(-11.25220061374,3.436340981233));
#1445 = CARTESIAN_POINT('',(-11.35526136231,3.627514561184));
#1446 = CARTESIAN_POINT('',(-11.42145913235,3.757139928087));
#1447 = CARTESIAN_POINT('',(-11.48309015245,3.889296006123));
#1448 = CARTESIAN_POINT('',(-11.54112392389,4.022990043618));
#1449 = CARTESIAN_POINT('',(-11.59339582006,4.159170299869));
#1450 = CARTESIAN_POINT('',(-11.6369055723,4.298075271096));
#1451 = CARTESIAN_POINT('',(-11.67011016631,4.438632949376));
#1452 = CARTESIAN_POINT('',(-11.69195305801,4.5813053389));
#1453 = CARTESIAN_POINT('',(-11.69957858764,4.72917971174));
#1454 = CARTESIAN_POINT('',(-11.68804186356,4.948681657797));
#1455 = CARTESIAN_POINT('',(-11.68045586856,5.021670110978));
#1456 = CARTESIAN_POINT('',(-11.66845633883,5.093878938632));
#1457 = CARTESIAN_POINT('',(-11.65242637104,5.165194814571));
#1458 = CARTESIAN_POINT('',(-11.63222206873,5.235261207402));
#1459 = CARTESIAN_POINT('',(-11.60713791613,5.303462400669));
#1460 = CARTESIAN_POINT('',(-11.57663430575,5.369259243946));
#1461 = CARTESIAN_POINT('',(-11.54104079652,5.43251370358));
#1462 = CARTESIAN_POINT('',(-11.5014486779,5.493439281507));
#1463 = CARTESIAN_POINT('',(-11.41456415559,5.61018946012));
#1464 = CARTESIAN_POINT('',(-11.36736927289,5.665967504389));
#1465 = CARTESIAN_POINT('',(-11.31666975081,5.719229691968));
#1466 = CARTESIAN_POINT('',(-11.26296579598,5.769814086341));
#1467 = CARTESIAN_POINT('',(-11.20681500456,5.817503431875));
#1468 = CARTESIAN_POINT('',(-11.14869902946,5.8621536764));
#1469 = CARTESIAN_POINT('',(-11.08895174945,5.903763210573));
#1470 = CARTESIAN_POINT('',(-11.02774894039,5.942482824081));
#1471 = CARTESIAN_POINT('',(-10.96515944836,5.978566378636));
#1472 = CARTESIAN_POINT('',(-10.77345469796,6.079653836084));
#1473 = CARTESIAN_POINT('',(-10.64065650494,6.137425949625));
#1474 = CARTESIAN_POINT('',(-10.50355135018,6.186572813152));
#1475 = CARTESIAN_POINT('',(-10.36396219017,6.229375948724));
#1476 = CARTESIAN_POINT('',(-10.2230672116,6.267346530967));
#1477 = CARTESIAN_POINT('',(-10.08127099486,6.301005458345));
#1478 = CARTESIAN_POINT('',(-9.938893777114,6.330622588734));
#1479 = CARTESIAN_POINT('',(-9.796846090656,6.357036638723));
#1480 = CARTESIAN_POINT('',(-9.656456050745,6.381677244849));
#1481 = CARTESIAN_POINT('',(-9.448196827002,6.416527406624));
#1482 = CARTESIAN_POINT('',(-9.37907846309,6.427818152231));
#1483 = CARTESIAN_POINT('',(-9.310027521057,6.438884477478));
#1484 = CARTESIAN_POINT('',(-9.240810045427,6.449827936978));
#1485 = CARTESIAN_POINT('',(-9.171192080766,6.460750085369));
#1486 = CARTESIAN_POINT('',(-9.100939671574,6.471752477252));
#1487 = CARTESIAN_POINT('',(-9.029818862428,6.48293666727));
#1488 = CARTESIAN_POINT('',(-8.957595697836,6.494404210028));
#1489 = CARTESIAN_POINT('',(-8.884036222355,6.506256660158));
#1490 = CARTESIAN_POINT('',(-8.733776738674,6.530934484398));
#1491 = CARTESIAN_POINT('',(-8.656959118936,6.543697602713));
#1492 = CARTESIAN_POINT('',(-8.577960842335,6.556849477742));
#1493 = CARTESIAN_POINT('',(-8.499102166913,6.571843696359));
#1494 = CARTESIAN_POINT('',(-8.422631564835,6.590095846724));
#1495 = CARTESIAN_POINT('',(-8.3500173425,6.61260854867));
#1496 = CARTESIAN_POINT('',(-8.282455864208,6.640240473812));
#1497 = CARTESIAN_POINT('',(-8.221636540239,6.674111279802));
#1498 = CARTESIAN_POINT('',(-8.169803739865,6.715634383));
#1499 = CARTESIAN_POINT('',(-8.086507840375,6.815704604926));
#1500 = CARTESIAN_POINT('',(-8.055078568274,6.874211084473));
#1501 = CARTESIAN_POINT('',(-8.03280510673,6.940166482868));
#1502 = CARTESIAN_POINT('',(-8.017890277942,7.011620135805));
#1503 = CARTESIAN_POINT('',(-8.008926479533,7.087113826619));
#1504 = CARTESIAN_POINT('',(-8.004852222218,7.165626847208));
#1505 = CARTESIAN_POINT('',(-8.00441511623,7.245897179336));
#1506 = CARTESIAN_POINT('',(-8.005815103579,7.325970517957));
#1507 = CARTESIAN_POINT('',(-8.007201733354,7.403828858225));
#1508 = CARTESIAN_POINT('',(-8.010196821,7.556071877425));
#1509 = CARTESIAN_POINT('',(-8.011887840941,7.630560919967));
#1510 = CARTESIAN_POINT('',(-8.013714917235,7.703665993885));
#1511 = CARTESIAN_POINT('',(-8.015620630111,7.775635597598));
#1512 = CARTESIAN_POINT('',(-8.017547559808,7.846718229555));
#1513 = CARTESIAN_POINT('',(-8.019438286551,7.917162388163));
#1514 = CARTESIAN_POINT('',(-8.021235390582,7.987216571873));
#1515 = CARTESIAN_POINT('',(-8.022881452125,8.057129279098));
#1516 = CARTESIAN_POINT('',(-8.024319051419,8.127149008278));
#1517 = CARTESIAN_POINT('',(-8.027834203246,8.338274756963));
#1518 = CARTESIAN_POINT('',(-8.029075164768,8.48080539504));
#1519 = CARTESIAN_POINT('',(-8.028872884351,8.625287941905));
#1520 = CARTESIAN_POINT('',(-8.025580479716,8.770675722051));
#1521 = CARTESIAN_POINT('',(-8.018207947214,8.916225494442));
#1522 = CARTESIAN_POINT('',(-8.006431803784,9.061671300647));
#1523 = CARTESIAN_POINT('',(-7.989666389358,9.206709788264));
#1524 = CARTESIAN_POINT('',(-7.966211840194,9.350456516148));
#1525 = CARTESIAN_POINT('',(-7.933493743624,9.491532748482));
#1526 = CARTESIAN_POINT('',(-7.868867355252,9.698396992143));
#1527 = CARTESIAN_POINT('',(-7.844739054821,9.766494661267));
#1528 = CARTESIAN_POINT('',(-7.817766847613,9.833706954385));
#1529 = CARTESIAN_POINT('',(-7.78768859403,9.900012229162));
#1530 = CARTESIAN_POINT('',(-7.754324114224,9.965264986851));
#1531 = CARTESIAN_POINT('',(-7.717614411334,10.029136598445));
#1532 = CARTESIAN_POINT('',(-7.677613754732,10.091127268634));
#1533 = CARTESIAN_POINT('',(-7.634434622888,10.150649237161));
#1534 = CARTESIAN_POINT('',(-7.58814550624,10.207181217987));
#1535 = CARTESIAN_POINT('',(-7.489097633292,10.31380693387));
#1536 = CARTESIAN_POINT('',(-7.436366966302,10.363796319352));
#1537 = CARTESIAN_POINT('',(-7.380620559381,10.410276021144));
#1538 = CARTESIAN_POINT('',(-7.321450449167,10.452211601366));
#1539 = CARTESIAN_POINT('',(-7.258932582553,10.4892539262));
#1540 = CARTESIAN_POINT('',(-7.193695068167,10.52183582229));
#1541 = CARTESIAN_POINT('',(-7.126471412492,10.550539378617));
#1542 = CARTESIAN_POINT('',(-7.057638337893,10.5754414136));
#1543 = CARTESIAN_POINT('',(-6.987237779922,10.596144627244));
#1544 = CARTESIAN_POINT('',(-6.773472423711,10.647316619674));
#1545 = CARTESIAN_POINT('',(-6.626668920235,10.666648205535));
#1546 = CARTESIAN_POINT('',(-6.482401437011,10.671054557191));
#1547 = CARTESIAN_POINT('',(-6.338152080437,10.66390409466));
#1548 = CARTESIAN_POINT('',(-6.193658215704,10.646319651926));
#1549 = CARTESIAN_POINT('',(-6.050254024069,10.619624125264));
#1550 = CARTESIAN_POINT('',(-5.908249341122,10.586811257206));
#1551 = CARTESIAN_POINT('',(-5.76710440007,10.55018179891));
#1552 = CARTESIAN_POINT('',(-5.627619566891,10.508602214776));
#1553 = CARTESIAN_POINT('',(-5.420919640315,10.441938912118));
#1554 = CARTESIAN_POINT('',(-5.352516044369,10.41899911386));
#1555 = CARTESIAN_POINT('',(-5.284441575258,10.39536155331));
#1556 = CARTESIAN_POINT('',(-5.216810275578,10.371210333431));
#1557 = CARTESIAN_POINT('',(-5.14979191324,10.346761881168));
#1558 = CARTESIAN_POINT('',(-5.083462423024,10.322178194699));
#1559 = CARTESIAN_POINT('',(-5.017730359794,10.297524181994));
#1560 = CARTESIAN_POINT('',(-4.952339363275,10.272769090501));
#1561 = CARTESIAN_POINT('',(-4.88694663449,10.247832028131));
#1562 = CARTESIAN_POINT('',(-4.755608213067,10.197511122683));
#1563 = CARTESIAN_POINT('',(-4.689545837505,10.171916209985));
#1564 = CARTESIAN_POINT('',(-4.623587215151,10.147053612165));
#1565 = CARTESIAN_POINT('',(-4.555966806826,10.120484305826));
#1566 = CARTESIAN_POINT('',(-4.487500249587,10.093883025226));
#1567 = CARTESIAN_POINT('',(-4.418673247954,10.068398673579));
#1568 = CARTESIAN_POINT('',(-4.347935488267,10.041935243859));
#1569 = CARTESIAN_POINT('',(-4.27407166006,10.012930641378));
#1570 = CARTESIAN_POINT('',(-4.19943398792,9.985508541526));
#1571 = CARTESIAN_POINT('',(-4.087382499764,9.949009960582));
#1572 = CARTESIAN_POINT('',(-4.050008459379,9.937603900317));
#1573 = CARTESIAN_POINT('',(-4.012721658395,9.927181386623));
#1574 = CARTESIAN_POINT('',(-3.975632880549,9.917965832696));
#1575 = CARTESIAN_POINT('',(-3.938852909576,9.910180651719));
#1576 = CARTESIAN_POINT('',(-3.902492529209,9.904049256891));
#1577 = CARTESIAN_POINT('',(-3.866662523188,9.899795061398));
#1578 = CARTESIAN_POINT('',(-3.831473675244,9.897641478432));
#1579 = CARTESIAN_POINT('',(-3.797036769116,9.897811921184));
#1580 = CARTESIAN_POINT('',(-3.729888407958,9.903247684506));
#1581 = CARTESIAN_POINT('',(-3.697185931082,9.908537371718));
#1582 = CARTESIAN_POINT('',(-3.665390492689,9.916417509762));
#1583 = CARTESIAN_POINT('',(-3.634791733952,9.927596929597));
#1584 = CARTESIAN_POINT('',(-3.605473835383,9.942226843458));
#1585 = CARTESIAN_POINT('',(-3.577286538347,9.959822197476));
#1586 = CARTESIAN_POINT('',(-3.550034833938,9.97977648586));
#1587 = CARTESIAN_POINT('',(-3.523675198158,10.001894331759));
#1588 = CARTESIAN_POINT('',(-3.4983062522,10.026366139308));
#1589 = CARTESIAN_POINT('',(-3.424612675849,10.105095087131));
#1590 = CARTESIAN_POINT('',(-3.378795250581,10.164810377948));
#1591 = CARTESIAN_POINT('',(-3.336019767233,10.231289227444));
#1592 = CARTESIAN_POINT('',(-3.29503647352,10.297386535049));
#1593 = CARTESIAN_POINT('',(-3.256822842636,10.371136119808));
#1594 = CARTESIAN_POINT('',(-3.21962220675,10.441938165676));
#1595 = CARTESIAN_POINT('',(-3.182350063609,10.503773779103));
#1596 = CARTESIAN_POINT('',(-3.146963299381,10.571351644758));
#1597 = CARTESIAN_POINT('',(-3.111869793953,10.635193367212));
#1598 = CARTESIAN_POINT('',(-3.008344647094,10.825593940097));
#1599 = CARTESIAN_POINT('',(-2.941599423472,10.948686442583));
#1600 = CARTESIAN_POINT('',(-2.874100134056,11.074208402558));
#1601 = CARTESIAN_POINT('',(-2.810791071557,11.185111614384));
#1602 = CARTESIAN_POINT('',(-2.736254610457,11.324069778328));
#1603 = CARTESIAN_POINT('',(-2.666695619768,11.440275915864));
#1604 = CARTESIAN_POINT('',(-2.59017622197,11.568089404946));
#1605 = CARTESIAN_POINT('',(-2.511234523103,11.68950237007));
#1606 = CARTESIAN_POINT('',(-2.427982946976,11.80919651992));
#1607 = CARTESIAN_POINT('',(-2.29606019919,11.982857693932));
#1608 = CARTESIAN_POINT('',(-2.250894174625,12.039774570847));
#1609 = CARTESIAN_POINT('',(-2.204410843243,12.095526237118));
#1610 = CARTESIAN_POINT('',(-2.156484673529,12.149917663205));
#1611 = CARTESIAN_POINT('',(-2.106990133971,12.202753819539));
#1612 = CARTESIAN_POINT('',(-2.055801693051,12.253839676592));
#1613 = CARTESIAN_POINT('',(-2.00279381926,12.302980204792));
#1614 = CARTESIAN_POINT('',(-1.947840981079,12.349980374604));
#1615 = CARTESIAN_POINT('',(-1.890817646998,12.394645156469));
#1616 = CARTESIAN_POINT('',(-1.772378924002,12.478913885209));
#1617 = CARTESIAN_POINT('',(-1.710848198994,12.518575351966));
#1618 = CARTESIAN_POINT('',(-1.647222400089,12.555398420109));
#1619 = CARTESIAN_POINT('',(-1.581721096193,12.58901595322));
#1620 = CARTESIAN_POINT('',(-1.514567135508,12.619059179414));
#1621 = CARTESIAN_POINT('',(-1.445986645529,12.645157691416));
#1622 = CARTESIAN_POINT('',(-1.376209033048,12.666939446468));
#1623 = CARTESIAN_POINT('',(-1.305466984148,12.68403076642));
#1624 = CARTESIAN_POINT('',(-1.23399646421,12.696056337658));
#1625 = CARTESIAN_POINT('',(-1.090076971606,12.70922208464));
#1626 = CARTESIAN_POINT('',(-1.017610800278,12.710363833715));
#1627 = CARTESIAN_POINT('',(-0.944941871724,12.706391741816));
#1628 = CARTESIAN_POINT('',(-0.87237033215,12.697632079098));
#1629 = CARTESIAN_POINT('',(-0.800192806159,12.684410102422));
#1630 = CARTESIAN_POINT('',(-0.728702396757,12.667050055367));
#1631 = CARTESIAN_POINT('',(-0.658188685349,12.645875168213));
#1632 = CARTESIAN_POINT('',(-0.588937731743,12.621207657959));
#1633 = CARTESIAN_POINT('',(-0.521232074147,12.593368728309));
#1634 = CARTESIAN_POINT('',(-0.389469384192,12.531988411051));
#1635 = CARTESIAN_POINT('',(-0.325288493643,12.49841138503));
#1636 = CARTESIAN_POINT('',(-0.262719996103,12.462162060605));
#1637 = CARTESIAN_POINT('',(-0.201675830155,12.423455006776));
#1638 = CARTESIAN_POINT('',(-0.142067934377,12.382504792518));
#1639 = CARTESIAN_POINT('',(-8.380824735286E-02,12.339525986845));
#1640 = CARTESIAN_POINT('',(-2.680870766169E-02,12.294733158725));
#1641 = CARTESIAN_POINT('',(2.9018746115E-02,12.248340877167));
#1642 = CARTESIAN_POINT('',(8.376217539639E-02,12.200563711152));
#1643 = CARTESIAN_POINT('',(0.245004574012,12.053721266721));
#1644 = CARTESIAN_POINT('',(0.348591800167,11.951119118014));
#1645 = CARTESIAN_POINT('',(0.448252551012,11.846044693792));
#1646 = CARTESIAN_POINT('',(0.546692520269,11.734236471428));
#1647 = CARTESIAN_POINT('',(0.636181583198,11.632580053196));
#1648 = CARTESIAN_POINT('',(0.73469361867,11.509452337309));
#1649 = CARTESIAN_POINT('',(0.81707433632,11.411876842302));
#1650 = CARTESIAN_POINT('',(0.906228149232,11.300685502159));
#1651 = CARTESIAN_POINT('',(0.994199612716,11.19174647971));
#1652 = CARTESIAN_POINT('',(1.130552983466,11.023289979452));
#1653 = CARTESIAN_POINT('',(1.176647532891,10.966875334498));
#1654 = CARTESIAN_POINT('',(1.223708358377,10.906839763703));
#1655 = CARTESIAN_POINT('',(1.27158139334,10.852793225783));
#1656 = CARTESIAN_POINT('',(1.321010976023,10.789916095953));
#1657 = CARTESIAN_POINT('',(1.371971539566,10.72432414556));
#1658 = CARTESIAN_POINT('',(1.424267363346,10.666759997458));
#1659 = CARTESIAN_POINT('',(1.478394854416,10.609145815737));
#1660 = CARTESIAN_POINT('',(1.534286614089,10.558734870271));
#1661 = CARTESIAN_POINT('',(1.621041704193,10.494683758766));
#1662 = CARTESIAN_POINT('',(1.650429773298,10.475221121675));
#1663 = CARTESIAN_POINT('',(1.68036498555,10.458253129579));
#1664 = CARTESIAN_POINT('',(1.710784902747,10.443574643775));
#1665 = CARTESIAN_POINT('',(1.741696877167,10.431385695407));
#1666 = CARTESIAN_POINT('',(1.77318263719,10.422318107342));
#1667 = CARTESIAN_POINT('',(1.805301939694,10.416876146535));
#1668 = CARTESIAN_POINT('',(1.837999436564,10.414895835907));
#1669 = CARTESIAN_POINT('',(1.871118902559,10.415627554495));
#1670 = CARTESIAN_POINT('',(1.938139041154,10.422465555152));
#1671 = CARTESIAN_POINT('',(1.972035305657,10.428546245947));
#1672 = CARTESIAN_POINT('',(2.006249355594,10.437048820458));
#1673 = CARTESIAN_POINT('',(2.040712781195,10.44773347195));
#1674 = CARTESIAN_POINT('',(2.075357172687,10.46036039366));
#1675 = CARTESIAN_POINT('',(2.110114120301,10.474689778864));
#1676 = CARTESIAN_POINT('',(2.144915214265,10.490481820796));
#1677 = CARTESIAN_POINT('',(2.179692044807,10.507496712726));
#1678 = CARTESIAN_POINT('',(2.214376202157,10.5254946479));
#1679 = CARTESIAN_POINT('',(2.317945425314,10.581718162926));
#1680 = CARTESIAN_POINT('',(2.38621474358,10.621839702836));
#1681 = CARTESIAN_POINT('',(2.454205497281,10.665315595283));
#1682 = CARTESIAN_POINT('',(2.518010842671,10.701765012302));
#1683 = CARTESIAN_POINT('',(2.581566011133,10.740560445565));
#1684 = CARTESIAN_POINT('',(2.64456408901,10.780388892719));
#1685 = CARTESIAN_POINT('',(2.705284633179,10.816376827079));
#1686 = CARTESIAN_POINT('',(2.766252865937,10.854345083422));
#1687 = CARTESIAN_POINT('',(2.826420749234,10.891113849047));
#1688 = CARTESIAN_POINT('',(2.946448945598,10.964429805368));
#1689 = CARTESIAN_POINT('',(3.006231780401,11.000818016643));
#1690 = CARTESIAN_POINT('',(3.06604606233,11.037027074318));
#1691 = CARTESIAN_POINT('',(3.126214288817,11.073198780291));
#1692 = CARTESIAN_POINT('',(3.186983013776,11.109409914832));
#1693 = CARTESIAN_POINT('',(3.248453899624,11.145613204412));
#1694 = CARTESIAN_POINT('',(3.310581551741,11.181635467611));
#1695 = CARTESIAN_POINT('',(3.3732381354,11.217232939097));
#1696 = CARTESIAN_POINT('',(3.436344775136,11.252203771681));
#1697 = CARTESIAN_POINT('',(3.62751965946,11.355265605978));
#1698 = CARTESIAN_POINT('',(3.7571438792,11.421462421157));
#1699 = CARTESIAN_POINT('',(3.889302257712,11.4830953561));
#1700 = CARTESIAN_POINT('',(4.022987152744,11.54112151761));
#1701 = CARTESIAN_POINT('',(4.159155927125,11.593383856583));
#1702 = CARTESIAN_POINT('',(4.298056021015,11.636889549075));
#1703 = CARTESIAN_POINT('',(4.438611034158,11.670091924687));
#1704 = CARTESIAN_POINT('',(4.581284659612,11.691935845147));
#1705 = CARTESIAN_POINT('',(4.72918770504,11.699585241045));
#1706 = CARTESIAN_POINT('',(4.948718895668,11.68807285934));
#1707 = CARTESIAN_POINT('',(5.021717279606,11.68049513043));
#1708 = CARTESIAN_POINT('',(5.093927942003,11.668497127888));
#1709 = CARTESIAN_POINT('',(5.165243900741,11.652467229016));
#1710 = CARTESIAN_POINT('',(5.235307672583,11.632260745077));
#1711 = CARTESIAN_POINT('',(5.303494813903,11.607164896012));
#1712 = CARTESIAN_POINT('',(5.369259744033,11.576634722015));
#1713 = CARTESIAN_POINT('',(5.432470032187,11.541004445658));
#1714 = CARTESIAN_POINT('',(5.493355328917,11.501378798089));
#1715 = CARTESIAN_POINT('',(5.610038917212,11.414438847838));
#1716 = CARTESIAN_POINT('',(5.665797463659,11.367227735682));
#1717 = CARTESIAN_POINT('',(5.71904310338,11.316514439628));
#1718 = CARTESIAN_POINT('',(5.769627988127,11.262810892967));
#1719 = CARTESIAN_POINT('',(5.817354624266,11.206691141223));
#1720 = CARTESIAN_POINT('',(5.862091213612,11.148647037162));
#1721 = CARTESIAN_POINT('',(5.903833791457,11.089010499037));
#1722 = CARTESIAN_POINT('',(5.942715161561,11.027942331695));
#1723 = CARTESIAN_POINT('',(5.978960628334,10.965487610925));
#1724 = CARTESIAN_POINT('',(6.080450321418,10.774117670362));
#1725 = CARTESIAN_POINT('',(6.138339005556,10.641416507487));
#1726 = CARTESIAN_POINT('',(6.187644368164,10.504443282993));
#1727 = CARTESIAN_POINT('',(6.229772902657,10.364292603662));
#1728 = CARTESIAN_POINT('',(6.26603584355,10.221976231592));
#1729 = CARTESIAN_POINT('',(6.297679173432,10.078502287141));
#1730 = CARTESIAN_POINT('',(6.326048073718,9.935086077121));
#1731 = CARTESIAN_POINT('',(6.352676293057,9.793216659315));
#1732 = CARTESIAN_POINT('',(6.379090907613,9.65430325504));
#1733 = CARTESIAN_POINT('',(6.419638966926,9.450786803885));
#1734 = CARTESIAN_POINT('',(6.433200833871,9.383558858669));
#1735 = CARTESIAN_POINT('',(6.446642582467,9.316485153443));
#1736 = CARTESIAN_POINT('',(6.45979824719,9.249109056366));
#1737 = CARTESIAN_POINT('',(6.47250186252,9.180973935589));
#1738 = CARTESIAN_POINT('',(6.484587462929,9.111623159275));
#1739 = CARTESIAN_POINT('',(6.495889082899,9.040600095573));
#1740 = CARTESIAN_POINT('',(6.506240756904,8.967448112644));
#1741 = CARTESIAN_POINT('',(6.515476519422,8.891710578641));
#1742 = CARTESIAN_POINT('',(6.531384290438,8.734151144802));
#1743 = CARTESIAN_POINT('',(6.538169137273,8.652467635323));
#1744 = CARTESIAN_POINT('',(6.541950552703,8.56537746218));
#1745 = CARTESIAN_POINT('',(6.548376676358,8.479554691324));
#1746 = CARTESIAN_POINT('',(6.559728199062,8.397543387745));
#1747 = CARTESIAN_POINT('',(6.577134386294,8.320475453121));
#1748 = CARTESIAN_POINT('',(6.60358079331,8.251759432032));
#1749 = CARTESIAN_POINT('',(6.642708895303,8.195608320794));
#1750 = CARTESIAN_POINT('',(6.69568239343,8.15319625463));
#1751 = CARTESIAN_POINT('',(6.765669493963,8.12815579012));
#1752 = ( GEOMETRIC_REPRESENTATION_CONTEXT(2) 
PARAMETRIC_REPRESENTATION_CONTEXT() REPRESENTATION_CONTEXT('2D SPACE',''
  ) );
#1753 = FACE_BOUND('',#1754,.F.);
#1754 = EDGE_LOOP('',(#1755,#2515,#3268,#3302,#3339,#3373,#4126,#4160,
    #4197));
#1755 = ORIENTED_EDGE('',*,*,#1756,.F.);
#1756 = EDGE_CURVE('',#1757,#1759,#1761,.T.);
#1757 = VERTEX_POINT('',#1758);
#1758 = CARTESIAN_POINT('',(1.4643,-11.82786051534,8.56838));
#1759 = VERTEX_POINT('',#1760);
#1760 = CARTESIAN_POINT('',(0.366075,-12.69678524352,7.150577510473));
#1761 = SURFACE_CURVE('',#1762,(#1968,#2239),.PCURVE_S1.);
#1762 = B_SPLINE_CURVE_WITH_KNOTS('',8,(#1763,#1764,#1765,#1766,#1767,
    #1768,#1769,#1770,#1771,#1772,#1773,#1774,#1775,#1776,#1777,#1778,
    #1779,#1780,#1781,#1782,#1783,#1784,#1785,#1786,#1787,#1788,#1789,
    #1790,#1791,#1792,#1793,#1794,#1795,#1796,#1797,#1798,#1799,#1800,
    #1801,#1802,#1803,#1804,#1805,#1806,#1807,#1808,#1809,#1810,#1811,
    #1812,#1813,#1814,#1815,#1816,#1817,#1818,#1819,#1820,#1821,#1822,
    #1823,#1824,#1825,#1826,#1827,#1828,#1829,#1830,#1831,#1832,#1833,
    #1834,#1835,#1836,#1837,#1838,#1839,#1840,#1841,#1842,#1843,#1844,
    #1845,#1846,#1847,#1848,#1849,#1850,#1851,#1852,#1853,#1854,#1855,
    #1856,#1857,#1858,#1859,#1860,#1861,#1862,#1863,#1864,#1865,#1866,
    #1867,#1868,#1869,#1870,#1871,#1872,#1873,#1874,#1875,#1876,#1877,
    #1878,#1879,#1880,#1881,#1882,#1883,#1884,#1885,#1886,#1887,#1888,
    #1889,#1890,#1891,#1892,#1893,#1894,#1895,#1896,#1897,#1898,#1899,
    #1900,#1901,#1902,#1903,#1904,#1905,#1906,#1907,#1908,#1909,#1910,
    #1911,#1912,#1913,#1914,#1915,#1916,#1917,#1918,#1919,#1920,#1921,
    #1922,#1923,#1924,#1925,#1926,#1927,#1928,#1929,#1930,#1931,#1932,
    #1933,#1934,#1935,#1936,#1937,#1938,#1939,#1940,#1941,#1942,#1943,
    #1944,#1945,#1946,#1947,#1948,#1949,#1950,#1951,#1952,#1953,#1954,
    #1955,#1956,#1957,#1958,#1959,#1960,#1961,#1962,#1963,#1964,#1965,
    #1966,#1967),.UNSPECIFIED.,.T.,.F.,(9,7,7,7,7,7,7,7,7,7,7,7,7,7,7,7,
    7,7,7,7,7,7,7,7,7,7,7,7,7,9),(0.,1.569942605335E-02,
    3.073842922771E-02,6.439738090252E-02,0.110364158453,0.160442978501,
    0.215933153636,0.268157717424,0.337872333759,0.413632826568,
    0.462063492644,0.494960649713,0.543755669735,0.613721832693,
    0.670622026814,0.712055979708,0.755861163028,0.813604477686,
    0.844672339724,0.873150901964,0.901625883835,0.932184957661,
    0.962190313129,1.,1.025195828333,1.04564684464,1.07593364172,
    1.111245460242,1.138585936438,1.180664491353),.UNSPECIFIED.);
#1763 = CARTESIAN_POINT('',(1.4643,-11.82786051534,8.56838));
#1764 = CARTESIAN_POINT('',(1.464299999909,-11.82786051545,
    8.556551009452));
#1765 = CARTESIAN_POINT('',(1.464190818902,-11.82799914482,
    8.544722944794));
#1766 = CARTESIAN_POINT('',(1.463972432449,-11.82827643307,
    8.532898444874));
#1767 = CARTESIAN_POINT('',(1.463644960557,-11.82869217746,
    8.521080476114));
#1768 = CARTESIAN_POINT('',(1.463208667774,-11.82924594287,
    8.509272332516));
#1769 = CARTESIAN_POINT('',(1.462663963183,-11.82993706181,
    8.497477635659));
#1770 = CARTESIAN_POINT('',(1.462011400408,-11.83076463441,
    8.485700334702));
#1771 = CARTESIAN_POINT('',(1.460523913836,-11.83264991667,
    8.462683598421));
#1772 = CARTESIAN_POINT('',(1.459696470955,-11.8336981854,8.45142120731)
  );
#1773 = CARTESIAN_POINT('',(1.458769112862,-11.83487241832,
    8.440157540803));
#1774 = CARTESIAN_POINT('',(1.45774156367,-11.83617270409,8.428892608034
    ));
#1775 = CARTESIAN_POINT('',(1.456613507713,-11.83759913628,
    8.417626419513));
#1776 = CARTESIAN_POINT('',(1.455384589542,-11.83915181338,
    8.406358987131));
#1777 = CARTESIAN_POINT('',(1.454054413928,-11.84083083884,
    8.395090324154));
#1778 = CARTESIAN_POINT('',(1.449417866833,-11.84667718967,
    8.358597210304));
#1779 = CARTESIAN_POINT('',(1.445727200126,-11.85132198177,
    8.333552282126));
#1780 = CARTESIAN_POINT('',(1.44156225864,-11.85655117947,8.308713623538
    ));
#1781 = CARTESIAN_POINT('',(1.436936363736,-11.8623423866,8.28410514423)
  );
#1782 = CARTESIAN_POINT('',(1.431863966645,-11.86867106823,
    8.259746988293));
#1783 = CARTESIAN_POINT('',(1.426360169884,-11.87551129026,
    8.235655821756));
#1784 = CARTESIAN_POINT('',(1.420440248673,-11.88283645895,
    8.211845120141));
#1785 = CARTESIAN_POINT('',(1.405486713663,-11.90124983542,
    8.156205526073));
#1786 = CARTESIAN_POINT('',(1.396106389825,-11.91273427228,8.12462962112
    ));
#1787 = CARTESIAN_POINT('',(1.386015771419,-11.92500633986,
    8.093620787893));
#1788 = CARTESIAN_POINT('',(1.375251249661,-11.93799957277,
    8.063193805038));
#1789 = CARTESIAN_POINT('',(1.363847145346,-11.9516493758,8.033356182283
    ));
#1790 = CARTESIAN_POINT('',(1.351834817821,-11.96589432822,
    8.004109159627));
#1791 = CARTESIAN_POINT('',(1.339241773943,-11.98067748811,7.97544870652
    ));
#1792 = CARTESIAN_POINT('',(1.311763333567,-12.01258392976,
    7.916772192106));
#1793 = CARTESIAN_POINT('',(1.29677491727,-12.02979624025,7.886866852066
    ));
#1794 = CARTESIAN_POINT('',(1.281156099268,-12.04752117178,
    7.857640314688));
#1795 = CARTESIAN_POINT('',(1.264929137681,-12.06568356567,
    7.829075102639));
#1796 = CARTESIAN_POINT('',(1.248124237946,-12.08425598961,
    7.801170983029));
#1797 = CARTESIAN_POINT('',(1.23074807008,-12.10314898654,7.77389541401)
  );
#1798 = CARTESIAN_POINT('',(1.212816148853,-12.12232625725,7.74723928171
    ));
#1799 = CARTESIAN_POINT('',(1.173852036319,-12.16323902176,
    7.692309814871));
#1800 = CARTESIAN_POINT('',(1.152696405968,-12.18502582118,
    7.664176037438));
#1801 = CARTESIAN_POINT('',(1.130873622804,-12.20702787921,
    7.636756961114));
#1802 = CARTESIAN_POINT('',(1.108386969,-12.2291816611,7.610032121553));
#1803 = CARTESIAN_POINT('',(1.085235181096,-12.25142634021,
    7.583984540489));
#1804 = CARTESIAN_POINT('',(1.061412413847,-12.27370345496,
    7.558600608073));
#1805 = CARTESIAN_POINT('',(1.036908204075,-12.29595656571,
    7.533869965217));
#1806 = CARTESIAN_POINT('',(0.987989736866,-12.33900029158,
    7.487118190455));
#1807 = CARTESIAN_POINT('',(0.963029549451,-12.36034986008,7.46442597843
    ));
#1808 = CARTESIAN_POINT('',(0.936733214365,-12.38215033851,
    7.441730801011));
#1809 = CARTESIAN_POINT('',(0.908962108783,-12.40438721735,
    7.419035252151));
#1810 = CARTESIAN_POINT('',(0.879528298569,-12.42706099614,
    7.396326740517));
#1811 = CARTESIAN_POINT('',(0.848180561952,-12.45017971462,
    7.373587837348));
#1812 = CARTESIAN_POINT('',(0.814580783262,-12.47374377515,
    7.350812700277));
#1813 = CARTESIAN_POINT('',(0.72980037685,-12.52973302018,7.29761635654)
  );
#1814 = CARTESIAN_POINT('',(0.679298357072,-12.56062908299,
    7.268947700145));
#1815 = CARTESIAN_POINT('',(0.626747857546,-12.59017131952,
    7.242139907302));
#1816 = CARTESIAN_POINT('',(0.571717574817,-12.61813279707,
    7.217166618323));
#1817 = CARTESIAN_POINT('',(0.514773025245,-12.64420978232,7.19454863912
    ));
#1818 = CARTESIAN_POINT('',(0.455604691885,-12.66801497611,
    7.174291370697));
#1819 = CARTESIAN_POINT('',(0.394520721917,-12.68913553962,
    7.156752283677));
#1820 = CARTESIAN_POINT('',(0.263351407406,-12.72662059459,
    7.126249922557));
#1821 = CARTESIAN_POINT('',(0.192664657995,-12.74275058684,
    7.113748608397));
#1822 = CARTESIAN_POINT('',(0.120250540872,-12.75423973836,
    7.105093792722));
#1823 = CARTESIAN_POINT('',(4.678055268747E-02,-12.76027853703,
    7.100587461846));
#1824 = CARTESIAN_POINT('',(-2.70513704771E-02,-12.76049733356,
    7.100370788129));
#1825 = CARTESIAN_POINT('',(-0.100528853113,-12.75496634152,
    7.104424129986));
#1826 = CARTESIAN_POINT('',(-0.172913080284,-12.74419563729,
    7.112567031878));
#1827 = CARTESIAN_POINT('',(-0.288529637244,-12.71950759679,
    7.132059790109));
#1828 = CARTESIAN_POINT('',(-0.332919390906,-12.70809821552,
    7.141203445331));
#1829 = CARTESIAN_POINT('',(-0.376507274764,-12.69508147539,
    7.151807129275));
#1830 = CARTESIAN_POINT('',(-0.419207982849,-12.68061993451,
    7.163789360776));
#1831 = CARTESIAN_POINT('',(-0.460955687075,-12.66486425001,
    7.177069238211));
#1832 = CARTESIAN_POINT('',(-0.501704037239,-12.64795317808,7.1915664395
    ));
#1833 = CARTESIAN_POINT('',(-0.541426161018,-12.63001357394,
    7.207201222108));
#1834 = CARTESIAN_POINT('',(-0.60639433058,-12.59835412373,
    7.235233495938));
#1835 = CARTESIAN_POINT('',(-0.632194252913,-12.58512642967,
    7.247062781661));
#1836 = CARTESIAN_POINT('',(-0.657508831532,-12.5715102187,
    7.259357140886));
#1837 = CARTESIAN_POINT('',(-0.682336538134,-12.5575366915,
    7.272094855583));
#1838 = CARTESIAN_POINT('',(-0.706679915552,-12.54323534042,
    7.285257629022));
#1839 = CARTESIAN_POINT('',(-0.730545577749,-12.52863394943,
    7.298830585767));
#1840 = CARTESIAN_POINT('',(-0.753944209825,-12.51375859418,
    7.312802271681));
#1841 = CARTESIAN_POINT('',(-0.810925971272,-12.47619941314,
    7.348467793508));
#1842 = CARTESIAN_POINT('',(-0.843956816885,-12.45321974512,
    7.370626523195));
#1843 = CARTESIAN_POINT('',(-0.876016043492,-12.42977744264,
    7.393610394882));
#1844 = CARTESIAN_POINT('',(-0.90713426388,-12.40595313791,
    7.417397119813));
#1845 = CARTESIAN_POINT('',(-0.937339574437,-12.38182552329,
    7.441972673359));
#1846 = CARTESIAN_POINT('',(-0.96665736461,-12.35747158394,
    7.467331399802));
#1847 = CARTESIAN_POINT('',(-0.995110126362,-12.33296683051,
    7.493476117115));
#1848 = CARTESIAN_POINT('',(-1.062302562773,-12.2731389198,
    7.559049944452));
#1849 = CARTESIAN_POINT('',(-1.100132197057,-12.23774926319,
    7.599304530634));
#1850 = CARTESIAN_POINT('',(-1.136278722687,-12.20243069731,7.6412283894
    ));
#1851 = CARTESIAN_POINT('',(-1.170766933393,-12.16739173451,
    7.684872897515));
#1852 = CARTESIAN_POINT('',(-1.203599599641,-12.13291817649,
    7.730330290402));
#1853 = CARTESIAN_POINT('',(-1.234723735779,-12.0992320278,
    7.777657602573));
#1854 = CARTESIAN_POINT('',(-1.264080058674,-12.06668694227,
    7.826980292461));
#1855 = CARTESIAN_POINT('',(-1.313881938887,-12.01026798856,
    7.920201216556));
#1856 = CARTESIAN_POINT('',(-1.334957355157,-11.98592322258,
    7.963372457247));
#1857 = CARTESIAN_POINT('',(-1.35470934971,-11.96270495595,
    8.007955815868));
#1858 = CARTESIAN_POINT('',(-1.373047009538,-11.94081220055,
    8.053980629399));
#1859 = CARTESIAN_POINT('',(-1.389854689177,-11.92047400164,
    8.101451090419));
#1860 = CARTESIAN_POINT('',(-1.404998264602,-11.90194140409,
    8.150339265269));
#1861 = CARTESIAN_POINT('',(-1.418333906706,-11.88547328036,
    8.20057468496));
#1862 = CARTESIAN_POINT('',(-1.438010118145,-11.86100689442,
    8.289499944818));
#1863 = CARTESIAN_POINT('',(-1.445266750018,-11.85192307453,
    8.327616802509));
#1864 = CARTESIAN_POINT('',(-1.451430366994,-11.84416494006,
    8.366311010407));
#1865 = CARTESIAN_POINT('',(-1.456446310399,-11.83782454659,
    8.405498761632));
#1866 = CARTESIAN_POINT('',(-1.460267867827,-11.83297982915,
    8.445081516008));
#1867 = CARTESIAN_POINT('',(-1.462859975087,-11.82968880581,
    8.484945002151));
#1868 = CARTESIAN_POINT('',(-1.46420291816,-11.8279837811,8.524958219561
    ));
#1869 = CARTESIAN_POINT('',(-1.464394481136,-11.82774055173,
    8.607276642234));
#1870 = CARTESIAN_POINT('',(-1.463095951217,-11.82938913951,
    8.649600068361));
#1871 = CARTESIAN_POINT('',(-1.46039891981,-11.83281420864,
    8.691765188571));
#1872 = CARTESIAN_POINT('',(-1.45632595226,-11.83797881028,
    8.733616687066));
#1873 = CARTESIAN_POINT('',(-1.450918851693,-11.84481376382,
    8.775020133665));
#1874 = CARTESIAN_POINT('',(-1.444233805876,-11.85322526973,
    8.815860654684));
#1875 = CARTESIAN_POINT('',(-1.43633653408,-11.86310252236,
    8.856041603827));
#1876 = CARTESIAN_POINT('',(-1.415382232025,-11.88911904456,
    8.947474578279));
#1877 = CARTESIAN_POINT('',(-1.401482441282,-11.9062516369,
    8.998184663922));
#1878 = CARTESIAN_POINT('',(-1.38574692543,-11.92546401332,
    9.047492121105));
#1879 = CARTESIAN_POINT('',(-1.368324200629,-11.94648700848,
    9.095332102801));
#1880 = CARTESIAN_POINT('',(-1.349351360651,-11.96906163447,
    9.141682152957));
#1881 = CARTESIAN_POINT('',(-1.328945420355,-11.99295309921,
    9.186551610166));
#1882 = CARTESIAN_POINT('',(-1.307197077464,-12.01795858688,
    9.229974545901));
#1883 = CARTESIAN_POINT('',(-1.271775871982,-12.05787089581,
    9.294620713092));
#1884 = CARTESIAN_POINT('',(-1.25879073352,-12.07235764197,
    9.317239423152));
#1885 = CARTESIAN_POINT('',(-1.245189480589,-12.08737060287,
    9.339860266745));
#1886 = CARTESIAN_POINT('',(-1.230945918062,-12.10290744326,
    9.362483542607));
#1887 = CARTESIAN_POINT('',(-1.216029974956,-12.11896491871,
    9.385110130941));
#1888 = CARTESIAN_POINT('',(-1.200407364595,-12.13553996779,
    9.407740456728));
#1889 = CARTESIAN_POINT('',(-1.184038582319,-12.15262890635,
    9.430374234375));
#1890 = CARTESIAN_POINT('',(-1.151146182949,-12.18635404755,
    9.473761129581));
#1891 = CARTESIAN_POINT('',(-1.134747691267,-12.20291117702,
    9.494515901275));
#1892 = CARTESIAN_POINT('',(-1.117646482757,-12.21989010269,
    9.515273295699));
#1893 = CARTESIAN_POINT('',(-1.099801441841,-12.2372858772,
    9.536033539403));
#1894 = CARTESIAN_POINT('',(-1.081163837816,-12.25509377613,
    9.556798025791));
#1895 = CARTESIAN_POINT('',(-1.061675542365,-12.27330845845,
    9.577568242346));
#1896 = CARTESIAN_POINT('',(-1.041267247051,-12.29192312687,
    9.598344697859));
#1897 = CARTESIAN_POINT('',(-0.998448806373,-12.32993186021,
    9.639904388818));
#1898 = CARTESIAN_POINT('',(-0.976027454254,-12.34933560952,
    9.660698364521));
#1899 = CARTESIAN_POINT('',(-0.952518863803,-12.36912234551,
    9.681496351327));
#1900 = CARTESIAN_POINT('',(-0.927822125566,-12.38928251994,
    9.702297576519));
#1901 = CARTESIAN_POINT('',(-0.901806030684,-12.40981413199,
    9.723109080178));
#1902 = CARTESIAN_POINT('',(-0.874301477261,-12.43071873387,
    9.743940201402));
#1903 = CARTESIAN_POINT('',(-0.845089433733,-12.4519939371,
    9.764794390649));
#1904 = CARTESIAN_POINT('',(-0.780395583837,-12.49683389645,
    9.808049344715));
#1905 = CARTESIAN_POINT('',(-0.745902263818,-12.51955449391,
    9.829586969189));
#1906 = CARTESIAN_POINT('',(-0.710392477525,-12.54169844743,
    9.850237392545));
#1907 = CARTESIAN_POINT('',(-0.673806097425,-12.56318007399,
    9.86997735669));
#1908 = CARTESIAN_POINT('',(-0.636103590961,-12.58390904054,
    9.888761727779));
#1909 = CARTESIAN_POINT('',(-0.597292429217,-12.60378551025,
    9.906514393137));
#1910 = CARTESIAN_POINT('',(-0.557411203383,-12.62269516642,
    9.923142501874));
#1911 = CARTESIAN_POINT('',(-0.47627350683,-12.65799037057,
    9.953725982902));
#1912 = CARTESIAN_POINT('',(-0.435066892702,-12.67441896427,
    9.967725587916));
#1913 = CARTESIAN_POINT('',(-0.3928679362,-12.68965570026,9.980485907142
    ));
#1914 = CARTESIAN_POINT('',(-0.349718949629,-12.70355769696,
    9.99192278545));
#1915 = CARTESIAN_POINT('',(-0.30568822803,-12.71597338611,
    10.00195486964));
#1916 = CARTESIAN_POINT('',(-0.260870049172,-12.72674251276,
    10.010503608442));
#1917 = CARTESIAN_POINT('',(-0.215384673561,-12.73569613527,
    10.017493252515));
#1918 = CARTESIAN_POINT('',(-0.111405863473,-12.75142752458,
    10.029601957653));
#1919 = CARTESIAN_POINT('',(-5.255589324579E-02,-12.75701861363,
    10.033773846589));
#1920 = CARTESIAN_POINT('',(6.754422615706E-03,-12.75904336581,
    10.035236623824));
#1921 = CARTESIAN_POINT('',(6.612195190341E-02,-12.75732208148,
    10.033931261443));
#1922 = CARTESIAN_POINT('',(0.125157573838,-12.75188188799,
    10.029869601045));
#1923 = CARTESIAN_POINT('',(0.183486179069,-12.74295673968,
    10.023134353745));
#1924 = CARTESIAN_POINT('',(0.240746669673,-12.73098741791,
    10.013879100174));
#1925 = CARTESIAN_POINT('',(0.33380645215,-12.70704831181,9.994630998003
    ));
#1926 = CARTESIAN_POINT('',(0.370466799306,-12.69632324524,
    9.985895315706));
#1927 = CARTESIAN_POINT('',(0.406520209329,-12.68454613576,
    9.976171401249));
#1928 = CARTESIAN_POINT('',(0.441923412536,-12.67181024979,
    9.965508479932));
#1929 = CARTESIAN_POINT('',(0.476642660865,-12.65820231572,
    9.953954844688));
#1930 = CARTESIAN_POINT('',(0.510653727871,-12.6438025239,9.941557856084
    ));
#1931 = CARTESIAN_POINT('',(0.543941908727,-12.62868452664,
    9.928363942326));
#1932 = CARTESIAN_POINT('',(0.602930497288,-12.60011594296,
    9.903099406454));
#1933 = CARTESIAN_POINT('',(0.628876749782,-12.5868884568,9.891284023074
    ));
#1934 = CARTESIAN_POINT('',(0.65433451033,-12.57326654844,9.878998145155
    ));
#1935 = CARTESIAN_POINT('',(0.679301754129,-12.55928199013,
    9.866263990538));
#1936 = CARTESIAN_POINT('',(0.703780698949,-12.54496475768,
    9.853100298858));
#1937 = CARTESIAN_POINT('',(0.727777805133,-12.53034303043,
    9.839522331549));
#1938 = CARTESIAN_POINT('',(0.751303775599,-12.51544319129,
    9.825541871841));
#1939 = CARTESIAN_POINT('',(0.808538594005,-12.47784855182,
    9.789879186416));
#1940 = CARTESIAN_POINT('',(0.841693578241,-12.45485506073,
    9.767730492151));
#1941 = CARTESIAN_POINT('',(0.87387162129,-12.43139279395,9.744752225752
    ));
#1942 = CARTESIAN_POINT('',(0.905103553445,-12.40754297907,
    9.720967219505));
#1943 = CARTESIAN_POINT('',(0.93541772381,-12.38338485783,9.696389949422
    ));
#1944 = CARTESIAN_POINT('',(0.964839801556,-12.3589959134,9.671026430474
    ));
#1945 = CARTESIAN_POINT('',(0.993392577185,-12.33445209753,
    9.644874111811));
#1946 = CARTESIAN_POINT('',(1.053395313172,-12.28111853052,
    9.586497645845));
#1947 = CARTESIAN_POINT('',(1.084533104992,-12.25230608298,
    9.553992498381));
#1948 = CARTESIAN_POINT('',(1.114543733985,-12.2235067992,9.520386216153
    ));
#1949 = CARTESIAN_POINT('',(1.143445519472,-12.19484337736,
    9.485650442194));
#1950 = CARTESIAN_POINT('',(1.171242414498,-12.16644632832,9.4497496264)
  );
#1951 = CARTESIAN_POINT('',(1.197924779343,-12.13845512169,9.41264120458
    ));
#1952 = CARTESIAN_POINT('',(1.223469019396,-12.1110192792,9.374274906205
    ));
#1953 = CARTESIAN_POINT('',(1.266702497329,-12.06361133328,9.30386573626
    ));
#1954 = CARTESIAN_POINT('',(1.284859059479,-12.04335655356,
    9.272357359047));
#1955 = CARTESIAN_POINT('',(1.302289411012,-12.02361343843,
    9.240036615609));
#1956 = CARTESIAN_POINT('',(1.318961903851,-12.00445193945,
    9.206887441237));
#1957 = CARTESIAN_POINT('',(1.334839943278,-11.98595961583,
    9.172893381564));
#1958 = CARTESIAN_POINT('',(1.349880683644,-11.96823550491,
    9.138041649591));
#1959 = CARTESIAN_POINT('',(1.364032156939,-11.95137887981,
    9.102329900152));
#1960 = CARTESIAN_POINT('',(1.397564857403,-11.91106131679,
    9.009478392551));
#1961 = CARTESIAN_POINT('',(1.415677200449,-11.88890883901,
    8.951098651127));
#1962 = CARTESIAN_POINT('',(1.43133078907,-11.86948435466,8.890708566055
    ));
#1963 = CARTESIAN_POINT('',(1.44426250049,-11.85325474191,8.828478248943
    ));
#1964 = CARTESIAN_POINT('',(1.454208269977,-11.84067486157,
    8.764674995405));
#1965 = CARTESIAN_POINT('',(1.460936807467,-11.83213038914,
    8.699681906868));
#1966 = CARTESIAN_POINT('',(1.4643,-11.82786051534,8.634020885177));
#1967 = CARTESIAN_POINT('',(1.4643,-11.82786051534,8.56838));
#1968 = PCURVE('',#368,#1969);
#1969 = DEFINITIONAL_REPRESENTATION('',(#1970),#2238);
#1970 = B_SPLINE_CURVE_WITH_KNOTS('',3,(#1971,#1972,#1973,#1974,#1975,
    #1976,#1977,#1978,#1979,#1980,#1981,#1982,#1983,#1984,#1985,#1986,
    #1987,#1988,#1989,#1990,#1991,#1992,#1993,#1994,#1995,#1996,#1997,
    #1998,#1999,#2000,#2001,#2002,#2003,#2004,#2005,#2006,#2007,#2008,
    #2009,#2010,#2011,#2012,#2013,#2014,#2015,#2016,#2017,#2018,#2019,
    #2020,#2021,#2022,#2023,#2024,#2025,#2026,#2027,#2028,#2029,#2030,
    #2031,#2032,#2033,#2034,#2035,#2036,#2037,#2038,#2039,#2040,#2041,
    #2042,#2043,#2044,#2045,#2046,#2047,#2048,#2049,#2050,#2051,#2052,
    #2053,#2054,#2055,#2056,#2057,#2058,#2059,#2060,#2061,#2062,#2063,
    #2064,#2065,#2066,#2067,#2068,#2069,#2070,#2071,#2072,#2073,#2074,
    #2075,#2076,#2077,#2078,#2079,#2080,#2081,#2082,#2083,#2084,#2085,
    #2086,#2087,#2088,#2089,#2090,#2091,#2092,#2093,#2094,#2095,#2096,
    #2097,#2098,#2099,#2100,#2101,#2102,#2103,#2104,#2105,#2106,#2107,
    #2108,#2109,#2110,#2111,#2112,#2113,#2114,#2115,#2116,#2117,#2118,
    #2119,#2120,#2121,#2122,#2123,#2124,#2125,#2126,#2127,#2128,#2129,
    #2130,#2131,#2132,#2133,#2134,#2135,#2136,#2137,#2138,#2139,#2140,
    #2141,#2142,#2143,#2144,#2145,#2146,#2147,#2148,#2149,#2150,#2151,
    #2152,#2153,#2154,#2155,#2156,#2157,#2158,#2159,#2160,#2161,#2162,
    #2163,#2164,#2165,#2166,#2167,#2168,#2169,#2170,#2171,#2172,#2173,
    #2174,#2175,#2176,#2177,#2178,#2179,#2180,#2181,#2182,#2183,#2184,
    #2185,#2186,#2187,#2188,#2189,#2190,#2191,#2192,#2193,#2194,#2195,
    #2196,#2197,#2198,#2199,#2200,#2201,#2202,#2203,#2204,#2205,#2206,
    #2207,#2208,#2209,#2210,#2211,#2212,#2213,#2214,#2215,#2216,#2217,
    #2218,#2219,#2220,#2221,#2222,#2223,#2224,#2225,#2226,#2227,#2228,
    #2229,#2230,#2231,#2232,#2233,#2234,#2235,#2236,#2237),
  .UNSPECIFIED.,.T.,.F.,(4,1,1,1,1,1,1,1,1,1,1,1,1,1,1,1,1,1,1,1,1,1,1,1
    ,1,1,1,1,1,1,1,1,1,1,1,1,1,1,1,1,1,1,1,1,1,1,1,1,1,1,1,1,1,1,1,1,1,1
    ,1,1,1,1,1,1,1,1,1,1,1,1,1,1,1,1,1,1,1,1,1,1,1,1,1,1,1,1,1,1,1,1,1,1
    ,1,1,1,1,1,1,1,1,1,1,1,1,1,1,1,1,1,1,1,1,1,1,1,1,1,1,1,1,1,1,1,1,1,1
    ,1,1,1,1,1,1,1,1,1,1,1,1,1,1,1,1,1,1,1,1,1,1,1,1,1,1,1,1,1,1,1,1,1,1
    ,1,1,1,1,1,1,1,1,1,1,1,1,1,1,1,1,1,1,1,1,1,1,1,1,1,1,1,1,1,1,1,1,1,1
    ,1,1,1,1,1,1,1,1,1,1,1,1,1,1,1,1,1,1,1,1,1,1,1,1,1,1,1,1,1,1,1,1,1,1
    ,1,1,1,1,1,1,1,1,1,1,1,1,1,1,1,1,1,1,1,1,1,1,1,1,1,1,1,1,1,1,1,1,1,1
    ,1,1,4),(0.,4.472213982398E-03,8.944427964796E-03,1.341664194719E-02
    ,1.788885592959E-02,2.236106991199E-02,2.683328389439E-02,
    3.130549787679E-02,3.577771185918E-02,4.024992584158E-02,
    4.472213982398E-02,4.919435380638E-02,5.366656778878E-02,
    5.813878177118E-02,6.261099575357E-02,6.708320973597E-02,
    7.155542371837E-02,7.602763770077E-02,8.049985168317E-02,
    8.497206566556E-02,8.944427964796E-02,9.391649363036E-02,
    9.838870761276E-02,0.102860921595,0.107333135578,0.11180534956,
    0.116277563542,0.120749777525,0.125221991507,0.12969420549,
    0.134166419472,0.138638633454,0.143110847437,0.147583061419,
    0.152055275402,0.156527489384,0.160999703366,0.165471917349,
    0.169944131331,0.174416345314,0.178888559296,0.183360773278,
    0.187832987261,0.192305201243,0.196777415226,0.201249629208,
    0.20572184319,0.210194057173,0.214666271155,0.219138485138,
    0.22361069912,0.228082913102,0.232555127085,0.237027341067,
    0.241499555049,0.245971769032,0.250443983014,0.254916196997,
    0.259388410979,0.263860624961,0.268332838944,0.272805052926,
    0.277277266909,0.281749480891,0.286221694873,0.290693908856,
    0.295166122838,0.299638336821,0.304110550803,0.308582764785,
    0.313054978768,0.31752719275,0.321999406733,0.326471620715,
    0.330943834697,0.33541604868,0.339888262662,0.344360476645,
    0.348832690627,0.353304904609,0.357777118592,0.362249332574,
    0.366721546557,0.371193760539,0.375665974521,0.380138188504,
    0.384610402486,0.389082616469,0.393554830451,0.398027044433,
    0.402499258416,0.406971472398,0.411443686381,0.415915900363,
    0.420388114345,0.424860328328,0.42933254231,0.433804756293,
    0.438276970275,0.442749184257,0.44722139824,0.451693612222,
    0.456165826205,0.460638040187,0.465110254169,0.469582468152,
    0.474054682134,0.478526896117,0.482999110099,0.487471324081,
    0.491943538064,0.496415752046,0.500887966029,0.505360180011,
    0.509832393993,0.514304607976,0.518776821958,0.523249035941,
    0.527721249923,0.532193463905,0.536665677888,0.54113789187,
    0.545610105853,0.550082319835,0.554554533817,0.5590267478,
    0.563498961782,0.567971175765,0.572443389747,0.576915603729,
    0.581387817712,0.585860031694,0.590332245677,0.594804459659,
    0.599276673641,0.603748887624,0.608221101606,0.612693315589,
    0.617165529571,0.621637743553,0.626109957536,0.630582171518,
    0.635054385501,0.639526599483,0.643998813465,0.648471027448,
    0.65294324143,0.657415455413,0.661887669395,0.666359883377,
    0.67083209736,0.675304311342,0.679776525325,0.684248739307,
    0.688720953289,0.693193167272,0.697665381254,0.702137595237,
    0.706609809219,0.711082023201,0.715554237184,0.720026451166,
    0.724498665148,0.728970879131,0.733443093113,0.737915307096,
    0.742387521078,0.74685973506,0.751331949043,0.755804163025,
    0.760276377008,0.76474859099,0.769220804972,0.773693018955,
    0.778165232937,0.78263744692,0.787109660902,0.791581874884,
    0.796054088867,0.800526302849,0.804998516832,0.809470730814,
    0.813942944796,0.818415158779,0.822887372761,0.827359586744,
    0.831831800726,0.836304014708,0.840776228691,0.845248442673,
    0.849720656656,0.854192870638,0.85866508462,0.863137298603,
    0.867609512585,0.872081726568,0.87655394055,0.881026154532,
    0.885498368515,0.889970582497,0.89444279648,0.898915010462,
    0.903387224444,0.907859438427,0.912331652409,0.916803866392,
    0.921276080374,0.925748294356,0.930220508339,0.934692722321,
    0.939164936304,0.943637150286,0.948109364268,0.952581578251,
    0.957053792233,0.961526006216,0.965998220198,0.97047043418,
    0.974942648163,0.979414862145,0.983887076128,0.98835929011,
    0.992831504092,0.997303718075,1.001775932057,1.00624814604,
    1.010720360022,1.015192574004,1.019664787987,1.024137001969,
    1.028609215952,1.033081429934,1.037553643916,1.042025857899,
    1.046498071881,1.050970285864,1.055442499846,1.059914713828,
    1.064386927811,1.068859141793,1.073331355776,1.077803569758,
    1.08227578374,1.086747997723,1.091220211705,1.095692425688,
    1.10016463967,1.104636853652,1.109109067635,1.113581281617,
    1.1180534956,1.122525709582,1.126997923564,1.131470137547,
    1.135942351529,1.140414565512,1.144886779494,1.149358993476,
    1.153831207459,1.158303421441,1.162775635424,1.167247849406,
    1.171720063388,1.176192277371,1.180664491353),
  .QUASI_UNIFORM_KNOTS.);
#1971 = CARTESIAN_POINT('',(67.161465115252,-6.90138));
#1972 = CARTESIAN_POINT('',(67.161465366497,-6.892394533682));
#1973 = CARTESIAN_POINT('',(67.161199498329,-6.874423683307));
#1974 = CARTESIAN_POINT('',(67.160006356588,-6.847495502842));
#1975 = CARTESIAN_POINT('',(67.158021472147,-6.820615600177));
#1976 = CARTESIAN_POINT('',(67.15525505673,-6.793830987671));
#1977 = CARTESIAN_POINT('',(67.151697986084,-6.767031444592));
#1978 = CARTESIAN_POINT('',(67.14735047219,-6.740236031092));
#1979 = CARTESIAN_POINT('',(67.142201349054,-6.713401645588));
#1980 = CARTESIAN_POINT('',(67.136282133688,-6.686691099015));
#1981 = CARTESIAN_POINT('',(67.129626850781,-6.660195348065));
#1982 = CARTESIAN_POINT('',(67.122251677048,-6.633914261837));
#1983 = CARTESIAN_POINT('',(67.114179112038,-6.607869620414));
#1984 = CARTESIAN_POINT('',(67.105431184155,-6.582074935314));
#1985 = CARTESIAN_POINT('',(67.096030957003,-6.55654364923));
#1986 = CARTESIAN_POINT('',(67.086001801683,-6.531286996722));
#1987 = CARTESIAN_POINT('',(67.075367308451,-6.506314841813));
#1988 = CARTESIAN_POINT('',(67.064151084412,-6.481635401175));
#1989 = CARTESIAN_POINT('',(67.052376030301,-6.457254249355));
#1990 = CARTESIAN_POINT('',(67.040064749456,-6.433176089302));
#1991 = CARTESIAN_POINT('',(67.027239351995,-6.409404456634));
#1992 = CARTESIAN_POINT('',(67.013921388401,-6.385941873626));
#1993 = CARTESIAN_POINT('',(67.000131747255,-6.36278988019));
#1994 = CARTESIAN_POINT('',(66.985890570765,-6.339949107184));
#1995 = CARTESIAN_POINT('',(66.971217138528,-6.317419303393));
#1996 = CARTESIAN_POINT('',(66.956129863945,-6.295199505495));
#1997 = CARTESIAN_POINT('',(66.940645874981,-6.273287682423));
#1998 = CARTESIAN_POINT('',(66.92478246562,-6.25168270978));
#1999 = CARTESIAN_POINT('',(66.908555248923,-6.230381841275));
#2000 = CARTESIAN_POINT('',(66.891979127304,-6.209382123149));
#2001 = CARTESIAN_POINT('',(66.875068173323,-6.188680597248));
#2002 = CARTESIAN_POINT('',(66.857835747141,-6.168274139518));
#2003 = CARTESIAN_POINT('',(66.840294646928,-6.14815934033));
#2004 = CARTESIAN_POINT('',(66.822456933358,-6.128332450219));
#2005 = CARTESIAN_POINT('',(66.804334118713,-6.108789453525));
#2006 = CARTESIAN_POINT('',(66.785936988707,-6.089526192675));
#2007 = CARTESIAN_POINT('',(66.767275535846,-6.070538619019));
#2008 = CARTESIAN_POINT('',(66.748358660468,-6.051822406203));
#2009 = CARTESIAN_POINT('',(66.729195770552,-6.03337405483));
#2010 = CARTESIAN_POINT('',(66.709795095985,-6.015189894115));
#2011 = CARTESIAN_POINT('',(66.690164017066,-5.997265993871));
#2012 = CARTESIAN_POINT('',(66.670309593798,-5.979598811041));
#2013 = CARTESIAN_POINT('',(66.650238430494,-5.962185011822));
#2014 = CARTESIAN_POINT('',(66.629956725796,-5.945021520488));
#2015 = CARTESIAN_POINT('',(66.609470244421,-5.928105485861));
#2016 = CARTESIAN_POINT('',(66.58878441529,-5.911434350465));
#2017 = CARTESIAN_POINT('',(66.567904001128,-5.895005591308));
#2018 = CARTESIAN_POINT('',(66.546834354677,-5.878817671465));
#2019 = CARTESIAN_POINT('',(66.525576756025,-5.862866476837));
#2020 = CARTESIAN_POINT('',(66.504145838116,-5.847158601403));
#2021 = CARTESIAN_POINT('',(66.482504577939,-5.831661753311));
#2022 = CARTESIAN_POINT('',(66.460275517714,-5.816113890811));
#2023 = CARTESIAN_POINT('',(66.437517006437,-5.800573131698));
#2024 = CARTESIAN_POINT('',(66.4141870401,-5.785025761708));
#2025 = CARTESIAN_POINT('',(66.390264821213,-5.769475711396));
#2026 = CARTESIAN_POINT('',(66.365717855864,-5.7539208898));
#2027 = CARTESIAN_POINT('',(66.340510792447,-5.738360098383));
#2028 = CARTESIAN_POINT('',(66.31460159957,-5.722791056939));
#2029 = CARTESIAN_POINT('',(66.28794647069,-5.707213691189));
#2030 = CARTESIAN_POINT('',(66.260482292787,-5.691621551469));
#2031 = CARTESIAN_POINT('',(66.232189933347,-5.676035735208));
#2032 = CARTESIAN_POINT('',(66.202856491866,-5.660380952972));
#2033 = CARTESIAN_POINT('',(66.172964242207,-5.644952671017));
#2034 = CARTESIAN_POINT('',(66.142944591085,-5.629983014691));
#2035 = CARTESIAN_POINT('',(66.112686053949,-5.615420705895));
#2036 = CARTESIAN_POINT('',(66.082222572181,-5.601292366635));
#2037 = CARTESIAN_POINT('',(66.051555177776,-5.587606968608));
#2038 = CARTESIAN_POINT('',(66.020687927423,-5.574381528073));
#2039 = CARTESIAN_POINT('',(65.989610265263,-5.561633645561));
#2040 = CARTESIAN_POINT('',(65.958317288724,-5.54938266033));
#2041 = CARTESIAN_POINT('',(65.92680437607,-5.537648523114));
#2042 = CARTESIAN_POINT('',(65.89506786159,-5.52645150101));
#2043 = CARTESIAN_POINT('',(65.86310447174,-5.515811968901));
#2044 = CARTESIAN_POINT('',(65.830911609056,-5.505750484466));
#2045 = CARTESIAN_POINT('',(65.798487521662,-5.496287948052));
#2046 = CARTESIAN_POINT('',(65.76583241934,-5.487445804357));
#2047 = CARTESIAN_POINT('',(65.732945683804,-5.47924553127));
#2048 = CARTESIAN_POINT('',(65.699835009295,-5.471708867203));
#2049 = CARTESIAN_POINT('',(65.666437168355,-5.464844978525));
#2050 = CARTESIAN_POINT('',(65.632801188596,-5.458685117057));
#2051 = CARTESIAN_POINT('',(65.598958845334,-5.453254231244));
#2052 = CARTESIAN_POINT('',(65.564941449841,-5.448574798891));
#2053 = CARTESIAN_POINT('',(65.530776495893,-5.444665800187));
#2054 = CARTESIAN_POINT('',(65.496489809801,-5.441542992882));
#2055 = CARTESIAN_POINT('',(65.462106324695,-5.43921883855));
#2056 = CARTESIAN_POINT('',(65.427651349892,-5.437702522357));
#2057 = CARTESIAN_POINT('',(65.393151690714,-5.436999947731));
#2058 = CARTESIAN_POINT('',(65.358637230842,-5.437113737907));
#2059 = CARTESIAN_POINT('',(65.32414093567,-5.438043235087));
#2060 = CARTESIAN_POINT('',(65.289693215782,-5.439784502246));
#2061 = CARTESIAN_POINT('',(65.255323388788,-5.442330316758));
#2062 = CARTESIAN_POINT('',(65.221060611377,-5.445670194072));
#2063 = CARTESIAN_POINT('',(65.186935746896,-5.449790299396));
#2064 = CARTESIAN_POINT('',(65.152979703408,-5.454673777276));
#2065 = CARTESIAN_POINT('',(65.119234558203,-5.460299521597));
#2066 = CARTESIAN_POINT('',(65.085688497566,-5.466650931808));
#2067 = CARTESIAN_POINT('',(65.052352225958,-5.473705903915));
#2068 = CARTESIAN_POINT('',(65.019233404766,-5.481442993654));
#2069 = CARTESIAN_POINT('',(64.986338353365,-5.48984066974));
#2070 = CARTESIAN_POINT('',(64.953671564089,-5.498877514019));
#2071 = CARTESIAN_POINT('',(64.921235824594,-5.508532167602));
#2072 = CARTESIAN_POINT('',(64.889032192348,-5.518783346182));
#2073 = CARTESIAN_POINT('',(64.857060012791,-5.529609832625));
#2074 = CARTESIAN_POINT('',(64.825316941196,-5.540990491302));
#2075 = CARTESIAN_POINT('',(64.793798913812,-5.552904218153));
#2076 = CARTESIAN_POINT('',(64.76250030871,-5.565330126118));
#2077 = CARTESIAN_POINT('',(64.731417452255,-5.578249548587));
#2078 = CARTESIAN_POINT('',(64.700542447984,-5.591643153627));
#2079 = CARTESIAN_POINT('',(64.669864535638,-5.605494118671));
#2080 = CARTESIAN_POINT('',(64.639391818696,-5.619787427251));
#2081 = CARTESIAN_POINT('',(64.609132800814,-5.63451010813));
#2082 = CARTESIAN_POINT('',(64.579093174153,-5.64965098204));
#2083 = CARTESIAN_POINT('',(64.549274830502,-5.665201435594));
#2084 = CARTESIAN_POINT('',(64.519684796481,-5.681151946054));
#2085 = CARTESIAN_POINT('',(64.490327868272,-5.697495226234));
#2086 = CARTESIAN_POINT('',(64.461208209461,-5.714225228894));
#2087 = CARTESIAN_POINT('',(64.432330382029,-5.731336813157));
#2088 = CARTESIAN_POINT('',(64.403699086892,-5.748825839978));
#2089 = CARTESIAN_POINT('',(64.375319252394,-5.76668915117));
#2090 = CARTESIAN_POINT('',(64.347196022126,-5.784924585161));
#2091 = CARTESIAN_POINT('',(64.319334797969,-5.803530962253));
#2092 = CARTESIAN_POINT('',(64.291741163249,-5.822508155165));
#2093 = CARTESIAN_POINT('',(64.264421230509,-5.841856848922));
#2094 = CARTESIAN_POINT('',(64.237380410904,-5.86157945808));
#2095 = CARTESIAN_POINT('',(64.210630605532,-5.881674843185));
#2096 = CARTESIAN_POINT('',(64.184177709739,-5.902147566434));
#2097 = CARTESIAN_POINT('',(64.158029317646,-5.923002208987));
#2098 = CARTESIAN_POINT('',(64.132194230428,-5.944243868194));
#2099 = CARTESIAN_POINT('',(64.106682619116,-5.965878033872));
#2100 = CARTESIAN_POINT('',(64.081505973893,-5.987910592972));
#2101 = CARTESIAN_POINT('',(64.056677098311,-6.010347791218));
#2102 = CARTESIAN_POINT('',(64.032210099033,-6.03319621726));
#2103 = CARTESIAN_POINT('',(64.008120396146,-6.056462802181));
#2104 = CARTESIAN_POINT('',(63.984424750282,-6.080154835483));
#2105 = CARTESIAN_POINT('',(63.961141298489,-6.104279992663));
#2106 = CARTESIAN_POINT('',(63.93828958657,-6.128846339686));
#2107 = CARTESIAN_POINT('',(63.915890553018,-6.153862359354));
#2108 = CARTESIAN_POINT('',(63.893966497714,-6.179336709968));
#2109 = CARTESIAN_POINT('',(63.872540766159,-6.205278639884));
#2110 = CARTESIAN_POINT('',(63.851639016559,-6.231695417752));
#2111 = CARTESIAN_POINT('',(63.831293467878,-6.258587936231));
#2112 = CARTESIAN_POINT('',(63.81153220483,-6.285964279961));
#2113 = CARTESIAN_POINT('',(63.792387618524,-6.313828976235));
#2114 = CARTESIAN_POINT('',(63.77389421645,-6.342185448686));
#2115 = CARTESIAN_POINT('',(63.756088997929,-6.371035205799));
#2116 = CARTESIAN_POINT('',(63.739011103118,-6.400377883703));
#2117 = CARTESIAN_POINT('',(63.722701617168,-6.430211039283));
#2118 = CARTESIAN_POINT('',(63.707203292174,-6.460529989995));
#2119 = CARTESIAN_POINT('',(63.692560251877,-6.491327618825));
#2120 = CARTESIAN_POINT('',(63.678817654108,-6.522594174233));
#2121 = CARTESIAN_POINT('',(63.666021343867,-6.554317027265));
#2122 = CARTESIAN_POINT('',(63.654217388831,-6.586480507308));
#2123 = CARTESIAN_POINT('',(63.643451896537,-6.619065368688));
#2124 = CARTESIAN_POINT('',(63.63377231677,-6.652040117139));
#2125 = CARTESIAN_POINT('',(63.625223217115,-6.68537023211));
#2126 = CARTESIAN_POINT('',(63.617845813413,-6.719017805029));
#2127 = CARTESIAN_POINT('',(63.611677216225,-6.752941507405));
#2128 = CARTESIAN_POINT('',(63.606749752759,-6.787096490709));
#2129 = CARTESIAN_POINT('',(63.603090272423,-6.821434229316));
#2130 = CARTESIAN_POINT('',(63.60071945106,-6.855902659394));
#2131 = CARTESIAN_POINT('',(63.599651133014,-6.890445190981));
#2132 = CARTESIAN_POINT('',(63.599891546773,-6.925003931336));
#2133 = CARTESIAN_POINT('',(63.60143934878,-6.959527039027));
#2134 = CARTESIAN_POINT('',(63.604285395645,-6.993953755658));
#2135 = CARTESIAN_POINT('',(63.608413250083,-7.02823024983));
#2136 = CARTESIAN_POINT('',(63.613799901398,-7.062305652313));
#2137 = CARTESIAN_POINT('',(63.620416436841,-7.096132991571));
#2138 = CARTESIAN_POINT('',(63.628228731879,-7.129668822093));
#2139 = CARTESIAN_POINT('',(63.637198134806,-7.162873181169));
#2140 = CARTESIAN_POINT('',(63.647282168443,-7.19570953906));
#2141 = CARTESIAN_POINT('',(63.658435175103,-7.228144447162));
#2142 = CARTESIAN_POINT('',(63.670609170396,-7.26014840079));
#2143 = CARTESIAN_POINT('',(63.683758231046,-7.291704753618));
#2144 = CARTESIAN_POINT('',(63.69783634389,-7.32279919186));
#2145 = CARTESIAN_POINT('',(63.71279798704,-7.353420546107));
#2146 = CARTESIAN_POINT('',(63.72859844351,-7.383560278919));
#2147 = CARTESIAN_POINT('',(63.745194162861,-7.413212364875));
#2148 = CARTESIAN_POINT('',(63.762543015147,-7.4423730168));
#2149 = CARTESIAN_POINT('',(63.780604745744,-7.471040727082));
#2150 = CARTESIAN_POINT('',(63.799340554281,-7.499215294741));
#2151 = CARTESIAN_POINT('',(63.818715798441,-7.526900686686));
#2152 = CARTESIAN_POINT('',(63.838690899007,-7.55409366873));
#2153 = CARTESIAN_POINT('',(63.8592561427,-7.580825615672));
#2154 = CARTESIAN_POINT('',(63.88030252318,-7.607005927648));
#2155 = CARTESIAN_POINT('',(63.902111024699,-7.633014044862));
#2156 = CARTESIAN_POINT('',(63.924884623602,-7.659072958356));
#2157 = CARTESIAN_POINT('',(63.948592369705,-7.685122391267));
#2158 = CARTESIAN_POINT('',(63.973268260163,-7.711178714403));
#2159 = CARTESIAN_POINT('',(63.998931567622,-7.737237908343));
#2160 = CARTESIAN_POINT('',(64.025608866169,-7.763301434549));
#2161 = CARTESIAN_POINT('',(64.053327353274,-7.789368264808));
#2162 = CARTESIAN_POINT('',(64.082120516017,-7.815440351296));
#2163 = CARTESIAN_POINT('',(64.112023802094,-7.841517218788));
#2164 = CARTESIAN_POINT('',(64.143077753247,-7.867598889686));
#2165 = CARTESIAN_POINT('',(64.175330029009,-7.893686399446));
#2166 = CARTESIAN_POINT('',(64.208836150434,-7.919781169102));
#2167 = CARTESIAN_POINT('',(64.243658193437,-7.945882868779));
#2168 = CARTESIAN_POINT('',(64.279873200089,-7.971994460165));
#2169 = CARTESIAN_POINT('',(64.317575638456,-7.99812121022));
#2170 = CARTESIAN_POINT('',(64.356861793529,-8.024257405594));
#2171 = CARTESIAN_POINT('',(64.397856667754,-8.050404058122));
#2172 = CARTESIAN_POINT('',(64.440751275377,-8.076581260647));
#2173 = CARTESIAN_POINT('',(64.485645866378,-8.102741870692));
#2174 = CARTESIAN_POINT('',(64.533158430243,-8.129077647428));
#2175 = CARTESIAN_POINT('',(64.581274259638,-8.154365873084));
#2176 = CARTESIAN_POINT('',(64.629968144959,-8.1785863801));
#2177 = CARTESIAN_POINT('',(64.679227298028,-8.201694717141));
#2178 = CARTESIAN_POINT('',(64.729010579502,-8.223637162232));
#2179 = CARTESIAN_POINT('',(64.7793310064,-8.244344109642));
#2180 = CARTESIAN_POINT('',(64.830222105575,-8.263733962083));
#2181 = CARTESIAN_POINT('',(64.881705218636,-8.281724367858));
#2182 = CARTESIAN_POINT('',(64.933790348403,-8.29822872033));
#2183 = CARTESIAN_POINT('',(64.986485115609,-8.313150749492));
#2184 = CARTESIAN_POINT('',(65.039780668098,-8.326399041997));
#2185 = CARTESIAN_POINT('',(65.09365226735,-8.33788379209));
#2186 = CARTESIAN_POINT('',(65.14805983923,-8.347517845399));
#2187 = CARTESIAN_POINT('',(65.202940930788,-8.355215772828));
#2188 = CARTESIAN_POINT('',(65.25823620102,-8.360896531188));
#2189 = CARTESIAN_POINT('',(65.313839421444,-8.364502836671));
#2190 = CARTESIAN_POINT('',(65.369606991028,-8.365992314465));
#2191 = CARTESIAN_POINT('',(65.425402644433,-8.365347967322));
#2192 = CARTESIAN_POINT('',(65.481085663755,-8.362575601008));
#2193 = CARTESIAN_POINT('',(65.536540136561,-8.357704260901));
#2194 = CARTESIAN_POINT('',(65.591650090771,-8.350787060151));
#2195 = CARTESIAN_POINT('',(65.646305007539,-8.341897430441));
#2196 = CARTESIAN_POINT('',(65.700318668381,-8.331143290784));
#2197 = CARTESIAN_POINT('',(65.753760089849,-8.318596192799));
#2198 = CARTESIAN_POINT('',(65.806615318504,-8.304346885525));
#2199 = CARTESIAN_POINT('',(65.858867409662,-8.288487237633));
#2200 = CARTESIAN_POINT('',(65.910514928964,-8.271106797918));
#2201 = CARTESIAN_POINT('',(65.961567272082,-8.252293946331));
#2202 = CARTESIAN_POINT('',(66.012045286271,-8.232134729353));
#2203 = CARTESIAN_POINT('',(66.061967934387,-8.210712224608));
#2204 = CARTESIAN_POINT('',(66.111377133144,-8.188100593226));
#2205 = CARTESIAN_POINT('',(66.160235136802,-8.164359976313));
#2206 = CARTESIAN_POINT('',(66.208521264056,-8.139535915924));
#2207 = CARTESIAN_POINT('',(66.256215816876,-8.113666740873));
#2208 = CARTESIAN_POINT('',(66.303297136617,-8.086782861236));
#2209 = CARTESIAN_POINT('',(66.349747366299,-8.058906330652));
#2210 = CARTESIAN_POINT('',(66.395545987416,-8.03005298128));
#2211 = CARTESIAN_POINT('',(66.440671490117,-8.000231694989));
#2212 = CARTESIAN_POINT('',(66.485100250075,-7.969444887106));
#2213 = CARTESIAN_POINT('',(66.528808438837,-7.937687003649));
#2214 = CARTESIAN_POINT('',(66.5717604217,-7.90495272064));
#2215 = CARTESIAN_POINT('',(66.613925240621,-7.871224638769));
#2216 = CARTESIAN_POINT('',(66.655263092691,-7.836482658684));
#2217 = CARTESIAN_POINT('',(66.695726531887,-7.800703292338));
#2218 = CARTESIAN_POINT('',(66.73526002038,-7.763859920596));
#2219 = CARTESIAN_POINT('',(66.773799950471,-7.725922562239));
#2220 = CARTESIAN_POINT('',(66.811273960456,-7.686858216186));
#2221 = CARTESIAN_POINT('',(66.847602154414,-7.646628964484));
#2222 = CARTESIAN_POINT('',(66.882683609861,-7.605206384431));
#2223 = CARTESIAN_POINT('',(66.9164155399,-7.562557586255));
#2224 = CARTESIAN_POINT('',(66.948678981161,-7.518658225279));
#2225 = CARTESIAN_POINT('',(66.979340163349,-7.473489348512));
#2226 = CARTESIAN_POINT('',(67.008252034474,-7.427037286733));
#2227 = CARTESIAN_POINT('',(67.035252424652,-7.379302367829));
#2228 = CARTESIAN_POINT('',(67.060187742543,-7.330251478193));
#2229 = CARTESIAN_POINT('',(67.08285209969,-7.279940856644));
#2230 = CARTESIAN_POINT('',(67.103042214635,-7.228440874114));
#2231 = CARTESIAN_POINT('',(67.120557055145,-7.17584466216));
#2232 = CARTESIAN_POINT('',(67.135205389072,-7.122267956036));
#2233 = CARTESIAN_POINT('',(67.146811718102,-7.06785110294));
#2234 = CARTESIAN_POINT('',(67.155225585571,-7.012761957383));
#2235 = CARTESIAN_POINT('',(67.160323694095,-6.957193825285));
#2236 = CARTESIAN_POINT('',(67.161469185341,-6.919986667363));
#2237 = CARTESIAN_POINT('',(67.161465115252,-6.90138));
#2238 = ( GEOMETRIC_REPRESENTATION_CONTEXT(2) 
PARAMETRIC_REPRESENTATION_CONTEXT() REPRESENTATION_CONTEXT('2D SPACE',''
  ) );
#2239 = PCURVE('',#2240,#2245);
#2240 = CYLINDRICAL_SURFACE('',#2241,1.4643);
#2241 = AXIS2_PLACEMENT_3D('',#2242,#2243,#2244);
#2242 = CARTESIAN_POINT('',(0.,4.5556,8.56838));
#2243 = DIRECTION('',(0.,-1.,1.110223024625E-16));
#2244 = DIRECTION('',(1.,0.,0.));
#2245 = DEFINITIONAL_REPRESENTATION('',(#2246),#2514);
#2246 = B_SPLINE_CURVE_WITH_KNOTS('',3,(#2247,#2248,#2249,#2250,#2251,
    #2252,#2253,#2254,#2255,#2256,#2257,#2258,#2259,#2260,#2261,#2262,
    #2263,#2264,#2265,#2266,#2267,#2268,#2269,#2270,#2271,#2272,#2273,
    #2274,#2275,#2276,#2277,#2278,#2279,#2280,#2281,#2282,#2283,#2284,
    #2285,#2286,#2287,#2288,#2289,#2290,#2291,#2292,#2293,#2294,#2295,
    #2296,#2297,#2298,#2299,#2300,#2301,#2302,#2303,#2304,#2305,#2306,
    #2307,#2308,#2309,#2310,#2311,#2312,#2313,#2314,#2315,#2316,#2317,
    #2318,#2319,#2320,#2321,#2322,#2323,#2324,#2325,#2326,#2327,#2328,
    #2329,#2330,#2331,#2332,#2333,#2334,#2335,#2336,#2337,#2338,#2339,
    #2340,#2341,#2342,#2343,#2344,#2345,#2346,#2347,#2348,#2349,#2350,
    #2351,#2352,#2353,#2354,#2355,#2356,#2357,#2358,#2359,#2360,#2361,
    #2362,#2363,#2364,#2365,#2366,#2367,#2368,#2369,#2370,#2371,#2372,
    #2373,#2374,#2375,#2376,#2377,#2378,#2379,#2380,#2381,#2382,#2383,
    #2384,#2385,#2386,#2387,#2388,#2389,#2390,#2391,#2392,#2393,#2394,
    #2395,#2396,#2397,#2398,#2399,#2400,#2401,#2402,#2403,#2404,#2405,
    #2406,#2407,#2408,#2409,#2410,#2411,#2412,#2413,#2414,#2415,#2416,
    #2417,#2418,#2419,#2420,#2421,#2422,#2423,#2424,#2425,#2426,#2427,
    #2428,#2429,#2430,#2431,#2432,#2433,#2434,#2435,#2436,#2437,#2438,
    #2439,#2440,#2441,#2442,#2443,#2444,#2445,#2446,#2447,#2448,#2449,
    #2450,#2451,#2452,#2453,#2454,#2455,#2456,#2457,#2458,#2459,#2460,
    #2461,#2462,#2463,#2464,#2465,#2466,#2467,#2468,#2469,#2470,#2471,
    #2472,#2473,#2474,#2475,#2476,#2477,#2478,#2479,#2480,#2481,#2482,
    #2483,#2484,#2485,#2486,#2487,#2488,#2489,#2490,#2491,#2492,#2493,
    #2494,#2495,#2496,#2497,#2498,#2499,#2500,#2501,#2502,#2503,#2504,
    #2505,#2506,#2507,#2508,#2509,#2510,#2511,#2512,#2513),
  .UNSPECIFIED.,.F.,.F.,(4,1,1,1,1,1,1,1,1,1,1,1,1,1,1,1,1,1,1,1,1,1,1,1
    ,1,1,1,1,1,1,1,1,1,1,1,1,1,1,1,1,1,1,1,1,1,1,1,1,1,1,1,1,1,1,1,1,1,1
    ,1,1,1,1,1,1,1,1,1,1,1,1,1,1,1,1,1,1,1,1,1,1,1,1,1,1,1,1,1,1,1,1,1,1
    ,1,1,1,1,1,1,1,1,1,1,1,1,1,1,1,1,1,1,1,1,1,1,1,1,1,1,1,1,1,1,1,1,1,1
    ,1,1,1,1,1,1,1,1,1,1,1,1,1,1,1,1,1,1,1,1,1,1,1,1,1,1,1,1,1,1,1,1,1,1
    ,1,1,1,1,1,1,1,1,1,1,1,1,1,1,1,1,1,1,1,1,1,1,1,1,1,1,1,1,1,1,1,1,1,1
    ,1,1,1,1,1,1,1,1,1,1,1,1,1,1,1,1,1,1,1,1,1,1,1,1,1,1,1,1,1,1,1,1,1,1
    ,1,1,1,1,1,1,1,1,1,1,1,1,1,1,1,1,1,1,1,1,1,1,1,1,1,1,1,1,1,1,1,1,1,1
    ,1,1,4),(0.,4.472213982398E-03,8.944427964796E-03,1.341664194719E-02
    ,1.788885592959E-02,2.236106991199E-02,2.683328389439E-02,
    3.130549787679E-02,3.577771185918E-02,4.024992584158E-02,
    4.472213982398E-02,4.919435380638E-02,5.366656778878E-02,
    5.813878177118E-02,6.261099575357E-02,6.708320973597E-02,
    7.155542371837E-02,7.602763770077E-02,8.049985168317E-02,
    8.497206566556E-02,8.944427964796E-02,9.391649363036E-02,
    9.838870761276E-02,0.102860921595,0.107333135578,0.11180534956,
    0.116277563542,0.120749777525,0.125221991507,0.12969420549,
    0.134166419472,0.138638633454,0.143110847437,0.147583061419,
    0.152055275402,0.156527489384,0.160999703366,0.165471917349,
    0.169944131331,0.174416345314,0.178888559296,0.183360773278,
    0.187832987261,0.192305201243,0.196777415226,0.201249629208,
    0.20572184319,0.210194057173,0.214666271155,0.219138485138,
    0.22361069912,0.228082913102,0.232555127085,0.237027341067,
    0.241499555049,0.245971769032,0.250443983014,0.254916196997,
    0.259388410979,0.263860624961,0.268332838944,0.272805052926,
    0.277277266909,0.281749480891,0.286221694873,0.290693908856,
    0.295166122838,0.299638336821,0.304110550803,0.308582764785,
    0.313054978768,0.31752719275,0.321999406733,0.326471620715,
    0.330943834697,0.33541604868,0.339888262662,0.344360476645,
    0.348832690627,0.353304904609,0.357777118592,0.362249332574,
    0.366721546557,0.371193760539,0.375665974521,0.380138188504,
    0.384610402486,0.389082616469,0.393554830451,0.398027044433,
    0.402499258416,0.406971472398,0.411443686381,0.415915900363,
    0.420388114345,0.424860328328,0.42933254231,0.433804756293,
    0.438276970275,0.442749184257,0.44722139824,0.451693612222,
    0.456165826205,0.460638040187,0.465110254169,0.469582468152,
    0.474054682134,0.478526896117,0.482999110099,0.487471324081,
    0.491943538064,0.496415752046,0.500887966029,0.505360180011,
    0.509832393993,0.514304607976,0.518776821958,0.523249035941,
    0.527721249923,0.532193463905,0.536665677888,0.54113789187,
    0.545610105853,0.550082319835,0.554554533817,0.5590267478,
    0.563498961782,0.567971175765,0.572443389747,0.576915603729,
    0.581387817712,0.585860031694,0.590332245677,0.594804459659,
    0.599276673641,0.603748887624,0.608221101606,0.612693315589,
    0.617165529571,0.621637743553,0.626109957536,0.630582171518,
    0.635054385501,0.639526599483,0.643998813465,0.648471027448,
    0.65294324143,0.657415455413,0.661887669395,0.666359883377,
    0.67083209736,0.675304311342,0.679776525325,0.684248739307,
    0.688720953289,0.693193167272,0.697665381254,0.702137595237,
    0.706609809219,0.711082023201,0.715554237184,0.720026451166,
    0.724498665148,0.728970879131,0.733443093113,0.737915307096,
    0.742387521078,0.74685973506,0.751331949043,0.755804163025,
    0.760276377008,0.76474859099,0.769220804972,0.773693018955,
    0.778165232937,0.78263744692,0.787109660902,0.791581874884,
    0.796054088867,0.800526302849,0.804998516832,0.809470730814,
    0.813942944796,0.818415158779,0.822887372761,0.827359586744,
    0.831831800726,0.836304014708,0.840776228691,0.845248442673,
    0.849720656656,0.854192870638,0.85866508462,0.863137298603,
    0.867609512585,0.872081726568,0.87655394055,0.881026154532,
    0.885498368515,0.889970582497,0.89444279648,0.898915010462,
    0.903387224444,0.907859438427,0.912331652409,0.916803866392,
    0.921276080374,0.925748294356,0.930220508339,0.934692722321,
    0.939164936304,0.943637150286,0.948109364268,0.952581578251,
    0.957053792233,0.961526006216,0.965998220198,0.97047043418,
    0.974942648163,0.979414862145,0.983887076128,0.98835929011,
    0.992831504092,0.997303718075,1.001775932057,1.00624814604,
    1.010720360022,1.015192574004,1.019664787987,1.024137001969,
    1.028609215952,1.033081429934,1.037553643916,1.042025857899,
    1.046498071881,1.050970285864,1.055442499846,1.059914713828,
    1.064386927811,1.068859141793,1.073331355776,1.077803569758,
    1.08227578374,1.086747997723,1.091220211705,1.095692425688,
    1.10016463967,1.104636853652,1.109109067635,1.113581281617,
    1.1180534956,1.122525709582,1.126997923564,1.131470137547,
    1.135942351529,1.140414565512,1.144886779494,1.149358993476,
    1.153831207459,1.158303421441,1.162775635424,1.167247849406,
    1.171720063388,1.176192277371,1.180664491353),
  .QUASI_UNIFORM_KNOTS.);
#2247 = CARTESIAN_POINT('',(6.28318530718,16.383460515341));
#2248 = CARTESIAN_POINT('',(6.277048955436,16.383460301202));
#2249 = CARTESIAN_POINT('',(6.264776292307,16.383670698553));
#2250 = CARTESIAN_POINT('',(6.246380264556,16.384614697116));
#2251 = CARTESIAN_POINT('',(6.228004763804,16.386184817594));
#2252 = CARTESIAN_POINT('',(6.209675850461,16.388372501288));
#2253 = CARTESIAN_POINT('',(6.191311938566,16.391184309942));
#2254 = CARTESIAN_POINT('',(6.172919762395,16.394619217306));
#2255 = CARTESIAN_POINT('',(6.154463204955,16.398684964562));
#2256 = CARTESIAN_POINT('',(6.136047839884,16.403355383517));
#2257 = CARTESIAN_POINT('',(6.117730749525,16.408602188204));
#2258 = CARTESIAN_POINT('',(6.099506536715,16.414411020619));
#2259 = CARTESIAN_POINT('',(6.081385183459,16.420762379623));
#2260 = CARTESIAN_POINT('',(6.063371263002,16.427636992395));
#2261 = CARTESIAN_POINT('',(6.045469587632,16.435014634555));
#2262 = CARTESIAN_POINT('',(6.027683728044,16.442874713042));
#2263 = CARTESIAN_POINT('',(6.010016576698,16.451196349305));
#2264 = CARTESIAN_POINT('',(5.992470151779,16.459958542875));
#2265 = CARTESIAN_POINT('',(5.975044865763,16.469140734234));
#2266 = CARTESIAN_POINT('',(5.957740743569,16.478722513363));
#2267 = CARTESIAN_POINT('',(5.940557200898,16.488683769726));
#2268 = CARTESIAN_POINT('',(5.923493133546,16.499004748653));
#2269 = CARTESIAN_POINT('',(5.906546919049,16.509666134289));
#2270 = CARTESIAN_POINT('',(5.889716446455,16.520649119858));
#2271 = CARTESIAN_POINT('',(5.872999108707,16.531935502122));
#2272 = CARTESIAN_POINT('',(5.856391903065,16.543507691728));
#2273 = CARTESIAN_POINT('',(5.839891122625,16.555349035824));
#2274 = CARTESIAN_POINT('',(5.823493843633,16.567442712486));
#2275 = CARTESIAN_POINT('',(5.807195999852,16.579773142835));
#2276 = CARTESIAN_POINT('',(5.790993402835,16.592325169762));
#2277 = CARTESIAN_POINT('',(5.774881899882,16.605084352328));
#2278 = CARTESIAN_POINT('',(5.758857229668,16.618036715385));
#2279 = CARTESIAN_POINT('',(5.742914908375,16.631168457467));
#2280 = CARTESIAN_POINT('',(5.727050164475,16.644465795175));
#2281 = CARTESIAN_POINT('',(5.711257974901,16.657915036515));
#2282 = CARTESIAN_POINT('',(5.695533140384,16.671502855867));
#2283 = CARTESIAN_POINT('',(5.679870468969,16.685216520545));
#2284 = CARTESIAN_POINT('',(5.66426443345,16.699044041984));
#2285 = CARTESIAN_POINT('',(5.648710105175,16.712972749165));
#2286 = CARTESIAN_POINT('',(5.633202275611,16.726990886761));
#2287 = CARTESIAN_POINT('',(5.61773538172,16.741087131256));
#2288 = CARTESIAN_POINT('',(5.602304037851,16.755250298409));
#2289 = CARTESIAN_POINT('',(5.586902874493,16.769469412792));
#2290 = CARTESIAN_POINT('',(5.571526568218,16.783733675143));
#2291 = CARTESIAN_POINT('',(5.556169799906,16.79803247637));
#2292 = CARTESIAN_POINT('',(5.540827308801,16.812355327145));
#2293 = CARTESIAN_POINT('',(5.525493635326,16.826692078481));
#2294 = CARTESIAN_POINT('',(5.510164013594,16.841032062792));
#2295 = CARTESIAN_POINT('',(5.494830977223,16.855367262032));
#2296 = CARTESIAN_POINT('',(5.479496963226,16.869680447043));
#2297 = CARTESIAN_POINT('',(5.464127211576,16.883989404981));
#2298 = CARTESIAN_POINT('',(5.448449411536,16.898531238473));
#2299 = CARTESIAN_POINT('',(5.432502630767,16.913250821224));
#2300 = CARTESIAN_POINT('',(5.416253925532,16.928158395575));
#2301 = CARTESIAN_POINT('',(5.399685334272,16.943248143925));
#2302 = CARTESIAN_POINT('',(5.382770334648,16.958519828414));
#2303 = CARTESIAN_POINT('',(5.365480130443,16.973972522454));
#2304 = CARTESIAN_POINT('',(5.347780917238,16.989606538926));
#2305 = CARTESIAN_POINT('',(5.329637126841,17.005420112124));
#2306 = CARTESIAN_POINT('',(5.310999463237,17.021418500352));
#2307 = CARTESIAN_POINT('',(5.291847440549,17.037578284436));
#2308 = CARTESIAN_POINT('',(5.272028730364,17.053978094208));
#2309 = CARTESIAN_POINT('',(5.251858738023,17.070306093394));
#2310 = CARTESIAN_POINT('',(5.231616050689,17.08630560454));
#2311 = CARTESIAN_POINT('',(5.211212278237,17.102018337536));
#2312 = CARTESIAN_POINT('',(5.19065776558,17.117405252461));
#2313 = CARTESIAN_POINT('',(5.169939153549,17.132447645548));
#2314 = CARTESIAN_POINT('',(5.149052794143,17.147119687406));
#2315 = CARTESIAN_POINT('',(5.127995366275,17.161395522311));
#2316 = CARTESIAN_POINT('',(5.106765492776,17.175247210382));
#2317 = CARTESIAN_POINT('',(5.085362375746,17.188645213284));
#2318 = CARTESIAN_POINT('',(5.063785491597,17.201558266028));
#2319 = CARTESIAN_POINT('',(5.042034397524,17.213953481416));
#2320 = CARTESIAN_POINT('',(5.020108950331,17.225796366149));
#2321 = CARTESIAN_POINT('',(4.998009550238,17.237051084195));
#2322 = CARTESIAN_POINT('',(4.975737863253,17.247679834555));
#2323 = CARTESIAN_POINT('',(4.9532951699,17.257645418293));
#2324 = CARTESIAN_POINT('',(4.930687289063,17.266901697531));
#2325 = CARTESIAN_POINT('',(4.907879425051,17.275465023489));
#2326 = CARTESIAN_POINT('',(4.884899284724,17.283247913927));
#2327 = CARTESIAN_POINT('',(4.861767251144,17.290184110477));
#2328 = CARTESIAN_POINT('',(4.838504900437,17.296213045372));
#2329 = CARTESIAN_POINT('',(4.815132872765,17.301284003572));
#2330 = CARTESIAN_POINT('',(4.791671598723,17.30535500752));
#2331 = CARTESIAN_POINT('',(4.76814126259,17.308393115986));
#2332 = CARTESIAN_POINT('',(4.744561971023,17.310374343952));
#2333 = CARTESIAN_POINT('',(4.72095386692,17.31128368422));
#2334 = CARTESIAN_POINT('',(4.697337256259,17.311115101092));
#2335 = CARTESIAN_POINT('',(4.673732732231,17.309871534046));
#2336 = CARTESIAN_POINT('',(4.650161286936,17.307564889345));
#2337 = CARTESIAN_POINT('',(4.626644460713,17.30421606994));
#2338 = CARTESIAN_POINT('',(4.603204334293,17.299854864229));
#2339 = CARTESIAN_POINT('',(4.579864089056,17.294520361136));
#2340 = CARTESIAN_POINT('',(4.556646425674,17.288259401025));
#2341 = CARTESIAN_POINT('',(4.533579951902,17.281132356972));
#2342 = CARTESIAN_POINT('',(4.510657794114,17.273178040136));
#2343 = CARTESIAN_POINT('',(4.4878885097,17.26444102794));
#2344 = CARTESIAN_POINT('',(4.465278532678,17.254964584394));
#2345 = CARTESIAN_POINT('',(4.442833495446,17.244790482081));
#2346 = CARTESIAN_POINT('',(4.420557853264,17.233959050004));
#2347 = CARTESIAN_POINT('',(4.398454977719,17.222509160206));
#2348 = CARTESIAN_POINT('',(4.376527137319,17.210478233439));
#2349 = CARTESIAN_POINT('',(4.354775523228,17.197902229873));
#2350 = CARTESIAN_POINT('',(4.333200266381,17.184815680588));
#2351 = CARTESIAN_POINT('',(4.311800499335,17.171251570897));
#2352 = CARTESIAN_POINT('',(4.290574299421,17.157241775563));
#2353 = CARTESIAN_POINT('',(4.269521447682,17.142814767742));
#2354 = CARTESIAN_POINT('',(4.248639084544,17.127996969291));
#2355 = CARTESIAN_POINT('',(4.22792300162,17.112814074791));
#2356 = CARTESIAN_POINT('',(4.207367346509,17.09729074048));
#2357 = CARTESIAN_POINT('',(4.186964556236,17.081450621653));
#2358 = CARTESIAN_POINT('',(4.166705690923,17.065316534122));
#2359 = CARTESIAN_POINT('',(4.146579008531,17.048909770978));
#2360 = CARTESIAN_POINT('',(4.126576377749,17.032253256502));
#2361 = CARTESIAN_POINT('',(4.1066881218,17.015368385972));
#2362 = CARTESIAN_POINT('',(4.086904068898,16.998276077174));
#2363 = CARTESIAN_POINT('',(4.067214229937,16.980997076439));
#2364 = CARTESIAN_POINT('',(4.047608571235,16.963551889173));
#2365 = CARTESIAN_POINT('',(4.028077031146,16.945960812389));
#2366 = CARTESIAN_POINT('',(4.008609466098,16.928243934723));
#2367 = CARTESIAN_POINT('',(3.98919563576,16.910421164516));
#2368 = CARTESIAN_POINT('',(3.969825103698,16.892512178148));
#2369 = CARTESIAN_POINT('',(3.950487439082,16.874536659307));
#2370 = CARTESIAN_POINT('',(3.931171301498,16.856513454256));
#2371 = CARTESIAN_POINT('',(3.911869533615,16.838465433914));
#2372 = CARTESIAN_POINT('',(3.89257008078,16.820411270838));
#2373 = CARTESIAN_POINT('',(3.873261618123,16.802370273526));
#2374 = CARTESIAN_POINT('',(3.853932996916,16.784362283079));
#2375 = CARTESIAN_POINT('',(3.834573311841,16.76640780475));
#2376 = CARTESIAN_POINT('',(3.815171834726,16.748527988972));
#2377 = CARTESIAN_POINT('',(3.795717995704,16.730744622092));
#2378 = CARTESIAN_POINT('',(3.776201348423,16.71308012249));
#2379 = CARTESIAN_POINT('',(3.756611527776,16.695557563337));
#2380 = CARTESIAN_POINT('',(3.736938197686,16.678200718708));
#2381 = CARTESIAN_POINT('',(3.717170992228,16.661034115433));
#2382 = CARTESIAN_POINT('',(3.697299476434,16.644083068117));
#2383 = CARTESIAN_POINT('',(3.677313090763,16.627373621969));
#2384 = CARTESIAN_POINT('',(3.657201305322,16.610932457398));
#2385 = CARTESIAN_POINT('',(3.636953259028,16.594786258927));
#2386 = CARTESIAN_POINT('',(3.616559734089,16.578962040477));
#2387 = CARTESIAN_POINT('',(3.596016320379,16.563491907582));
#2388 = CARTESIAN_POINT('',(3.575312956311,16.54840472225));
#2389 = CARTESIAN_POINT('',(3.554442185814,16.533732495426));
#2390 = CARTESIAN_POINT('',(3.533397169615,16.519508741729));
#2391 = CARTESIAN_POINT('',(3.512172228861,16.505768758713));
#2392 = CARTESIAN_POINT('',(3.49076272559,16.492549353451));
#2393 = CARTESIAN_POINT('',(3.469165138106,16.479888680288));
#2394 = CARTESIAN_POINT('',(3.447377102495,16.467826011526));
#2395 = CARTESIAN_POINT('',(3.425397484632,16.456401490176));
#2396 = CARTESIAN_POINT('',(3.403226460654,16.44565584649));
#2397 = CARTESIAN_POINT('',(3.380865635298,16.435630102223));
#2398 = CARTESIAN_POINT('',(3.358318107134,16.426365185195));
#2399 = CARTESIAN_POINT('',(3.335588818464,16.417901739895));
#2400 = CARTESIAN_POINT('',(3.312690482574,16.410281179719));
#2401 = CARTESIAN_POINT('',(3.289637122087,16.403542293634));
#2402 = CARTESIAN_POINT('',(3.266444352823,16.397720838981));
#2403 = CARTESIAN_POINT('',(3.24312944105,16.392848927174));
#2404 = CARTESIAN_POINT('',(3.219711433682,16.388954464245));
#2405 = CARTESIAN_POINT('',(3.196211345276,16.386060579079));
#2406 = CARTESIAN_POINT('',(3.17265216177,16.384185046086));
#2407 = CARTESIAN_POINT('',(3.149059630974,16.383339742389));
#2408 = CARTESIAN_POINT('',(3.125460192359,16.383529972546));
#2409 = CARTESIAN_POINT('',(3.101876102601,16.384754603818));
#2410 = CARTESIAN_POINT('',(3.078335815367,16.387005817959));
#2411 = CARTESIAN_POINT('',(3.054863301287,16.390269500015));
#2412 = CARTESIAN_POINT('',(3.031480881074,16.394525851109));
#2413 = CARTESIAN_POINT('',(3.00820869597,16.399749943502));
#2414 = CARTESIAN_POINT('',(2.985065053441,16.405912292037));
#2415 = CARTESIAN_POINT('',(2.962066529807,16.412979417794));
#2416 = CARTESIAN_POINT('',(2.93922805804,16.42091442651));
#2417 = CARTESIAN_POINT('',(2.916563200153,16.429677535728));
#2418 = CARTESIAN_POINT('',(2.894083573451,16.439226792266));
#2419 = CARTESIAN_POINT('',(2.87179256999,16.449521588593));
#2420 = CARTESIAN_POINT('',(2.849692584138,16.460520938039));
#2421 = CARTESIAN_POINT('',(2.827784424118,16.472183980546));
#2422 = CARTESIAN_POINT('',(2.806067618227,16.484470247445));
#2423 = CARTESIAN_POINT('',(2.784540445395,16.49733996773));
#2424 = CARTESIAN_POINT('',(2.763200071591,16.510754286333));
#2425 = CARTESIAN_POINT('',(2.74204243894,16.524675630022));
#2426 = CARTESIAN_POINT('',(2.721062942562,16.539067407976));
#2427 = CARTESIAN_POINT('',(2.700254113276,16.553896063152));
#2428 = CARTESIAN_POINT('',(2.679614404434,16.569124222953));
#2429 = CARTESIAN_POINT('',(2.659115478273,16.584736939059));
#2430 = CARTESIAN_POINT('',(2.638824319209,16.600644308439));
#2431 = CARTESIAN_POINT('',(2.618441155451,16.617050337988));
#2432 = CARTESIAN_POINT('',(2.597775185117,16.634095217007));
#2433 = CARTESIAN_POINT('',(2.576855335204,16.651739831891));
#2434 = CARTESIAN_POINT('',(2.555649030882,16.669991708109));
#2435 = CARTESIAN_POINT('',(2.534137718363,16.68884496811));
#2436 = CARTESIAN_POINT('',(2.512296365109,16.708296748347));
#2437 = CARTESIAN_POINT('',(2.490099423794,16.728341721411));
#2438 = CARTESIAN_POINT('',(2.467515957328,16.748975825064));
#2439 = CARTESIAN_POINT('',(2.444513485395,16.770192583667));
#2440 = CARTESIAN_POINT('',(2.421055210869,16.79198506859));
#2441 = CARTESIAN_POINT('',(2.397098594301,16.814346465259));
#2442 = CARTESIAN_POINT('',(2.37259479828,16.837269586966));
#2443 = CARTESIAN_POINT('',(2.347489542393,16.860745019521));
#2444 = CARTESIAN_POINT('',(2.321716930984,16.884765795783));
#2445 = CARTESIAN_POINT('',(2.295197702736,16.909326804339));
#2446 = CARTESIAN_POINT('',(2.267849898591,16.93441243508));
#2447 = CARTESIAN_POINT('',(2.239569197624,16.960012647244));
#2448 = CARTESIAN_POINT('',(2.21020378324,16.986138203781));
#2449 = CARTESIAN_POINT('',(2.179659062525,17.012729871482));
#2450 = CARTESIAN_POINT('',(2.147485979178,17.039983761756));
#2451 = CARTESIAN_POINT('',(2.115004002658,17.066606697945));
#2452 = CARTESIAN_POINT('',(2.082173586754,17.092516122832));
#2453 = CARTESIAN_POINT('',(2.048950520793,17.11761580056));
#2454 = CARTESIAN_POINT('',(2.015301489185,17.141807246993));
#2455 = CARTESIAN_POINT('',(1.981206644431,17.164983929013));
#2456 = CARTESIAN_POINT('',(1.946658457124,17.187029810016));
#2457 = CARTESIAN_POINT('',(1.911649750891,17.207817596256));
#2458 = CARTESIAN_POINT('',(1.876181668567,17.22720655743));
#2459 = CARTESIAN_POINT('',(1.840255560232,17.245038240454));
#2460 = CARTESIAN_POINT('',(1.803883724659,17.261148884901));
#2461 = CARTESIAN_POINT('',(1.767088973715,17.275367162726));
#2462 = CARTESIAN_POINT('',(1.729904049117,17.287514111144));
#2463 = CARTESIAN_POINT('',(1.692376759747,17.297405661412));
#2464 = CARTESIAN_POINT('',(1.654550868953,17.304842590806));
#2465 = CARTESIAN_POINT('',(1.616503382676,17.309621791345));
#2466 = CARTESIAN_POINT('',(1.578342362894,17.311623323914));
#2467 = CARTESIAN_POINT('',(1.540161601061,17.310791322655));
#2468 = CARTESIAN_POINT('',(1.502054032385,17.307139253368));
#2469 = CARTESIAN_POINT('',(1.464109211693,17.300747262374));
#2470 = CARTESIAN_POINT('',(1.426418219444,17.291767522647));
#2471 = CARTESIAN_POINT('',(1.389065103058,17.280405500439));
#2472 = CARTESIAN_POINT('',(1.352164923914,17.266989542639));
#2473 = CARTESIAN_POINT('',(1.315680914953,17.251626844561));
#2474 = CARTESIAN_POINT('',(1.279630587565,17.234481259873));
#2475 = CARTESIAN_POINT('',(1.244030857099,17.215723338816));
#2476 = CARTESIAN_POINT('',(1.208889456871,17.195508106663));
#2477 = CARTESIAN_POINT('',(1.17420730026,17.173980576008));
#2478 = CARTESIAN_POINT('',(1.139978082118,17.151275919156));
#2479 = CARTESIAN_POINT('',(1.106198547521,17.127514503157));
#2480 = CARTESIAN_POINT('',(1.072852266134,17.102804492719));
#2481 = CARTESIAN_POINT('',(1.039912856826,17.077248795917));
#2482 = CARTESIAN_POINT('',(1.007339355414,17.050941592846));
#2483 = CARTESIAN_POINT('',(0.975090876094,17.023976356548));
#2484 = CARTESIAN_POINT('',(0.943127658285,16.996443492508));
#2485 = CARTESIAN_POINT('',(0.911406892673,16.968430064984));
#2486 = CARTESIAN_POINT('',(0.879886604334,16.940022080159));
#2487 = CARTESIAN_POINT('',(0.848524026065,16.911303921158));
#2488 = CARTESIAN_POINT('',(0.817275883309,16.88235896788));
#2489 = CARTESIAN_POINT('',(0.786096565601,16.853268325716));
#2490 = CARTESIAN_POINT('',(0.75494581398,16.824118741949));
#2491 = CARTESIAN_POINT('',(0.723776361521,16.794991706768));
#2492 = CARTESIAN_POINT('',(0.692542903677,16.765972533152));
#2493 = CARTESIAN_POINT('',(0.661200783142,16.737149849733));
#2494 = CARTESIAN_POINT('',(0.629705774275,16.708616079557));
#2495 = CARTESIAN_POINT('',(0.598013467663,16.680467530303));
#2496 = CARTESIAN_POINT('',(0.56607916008,16.652805026493));
#2497 = CARTESIAN_POINT('',(0.533856051709,16.625732736011));
#2498 = CARTESIAN_POINT('',(0.501306191426,16.599369225449));
#2499 = CARTESIAN_POINT('',(0.468388546166,16.573827369644));
#2500 = CARTESIAN_POINT('',(0.43506874033,16.549229024831));
#2501 = CARTESIAN_POINT('',(0.401315655941,16.525707295118));
#2502 = CARTESIAN_POINT('',(0.367100825345,16.503404545451));
#2503 = CARTESIAN_POINT('',(0.332403944114,16.482473672706));
#2504 = CARTESIAN_POINT('',(0.297178416925,16.463059921769));
#2505 = CARTESIAN_POINT('',(0.261439089329,16.445347625977));
#2506 = CARTESIAN_POINT('',(0.225205758476,16.429517943963));
#2507 = CARTESIAN_POINT('',(0.188509347449,16.415748447805));
#2508 = CARTESIAN_POINT('',(0.151391447215,16.404206857997));
#2509 = CARTESIAN_POINT('',(0.113905753271,16.395046054056));
#2510 = CARTESIAN_POINT('',(7.612022023084E-02,16.388396325944));
#2511 = CARTESIAN_POINT('',(3.8116474286E-02,16.384363876734));
#2512 = CARTESIAN_POINT('',(1.270670652975E-02,16.383457005368));
#2513 = CARTESIAN_POINT('',(8.881784197001E-16,16.383460515341));
#2514 = ( GEOMETRIC_REPRESENTATION_CONTEXT(2) 
PARAMETRIC_REPRESENTATION_CONTEXT() REPRESENTATION_CONTEXT('2D SPACE',''
  ) );
#2515 = ORIENTED_EDGE('',*,*,#2516,.F.);
#2516 = EDGE_CURVE('',#2517,#1757,#2519,.T.);
#2517 = VERTEX_POINT('',#2518);
#2518 = CARTESIAN_POINT('',(0.366075,-12.69678446008,9.986181396009));
#2519 = SURFACE_CURVE('',#2520,(#2726,#2997),.PCURVE_S1.);
#2520 = B_SPLINE_CURVE_WITH_KNOTS('',8,(#2521,#2522,#2523,#2524,#2525,
    #2526,#2527,#2528,#2529,#2530,#2531,#2532,#2533,#2534,#2535,#2536,
    #2537,#2538,#2539,#2540,#2541,#2542,#2543,#2544,#2545,#2546,#2547,
    #2548,#2549,#2550,#2551,#2552,#2553,#2554,#2555,#2556,#2557,#2558,
    #2559,#2560,#2561,#2562,#2563,#2564,#2565,#2566,#2567,#2568,#2569,
    #2570,#2571,#2572,#2573,#2574,#2575,#2576,#2577,#2578,#2579,#2580,
    #2581,#2582,#2583,#2584,#2585,#2586,#2587,#2588,#2589,#2590,#2591,
    #2592,#2593,#2594,#2595,#2596,#2597,#2598,#2599,#2600,#2601,#2602,
    #2603,#2604,#2605,#2606,#2607,#2608,#2609,#2610,#2611,#2612,#2613,
    #2614,#2615,#2616,#2617,#2618,#2619,#2620,#2621,#2622,#2623,#2624,
    #2625,#2626,#2627,#2628,#2629,#2630,#2631,#2632,#2633,#2634,#2635,
    #2636,#2637,#2638,#2639,#2640,#2641,#2642,#2643,#2644,#2645,#2646,
    #2647,#2648,#2649,#2650,#2651,#2652,#2653,#2654,#2655,#2656,#2657,
    #2658,#2659,#2660,#2661,#2662,#2663,#2664,#2665,#2666,#2667,#2668,
    #2669,#2670,#2671,#2672,#2673,#2674,#2675,#2676,#2677,#2678,#2679,
    #2680,#2681,#2682,#2683,#2684,#2685,#2686,#2687,#2688,#2689,#2690,
    #2691,#2692,#2693,#2694,#2695,#2696,#2697,#2698,#2699,#2700,#2701,
    #2702,#2703,#2704,#2705,#2706,#2707,#2708,#2709,#2710,#2711,#2712,
    #2713,#2714,#2715,#2716,#2717,#2718,#2719,#2720,#2721,#2722,#2723,
    #2724,#2725),.UNSPECIFIED.,.T.,.F.,(9,7,7,7,7,7,7,7,7,7,7,7,7,7,7,7,
    7,7,7,7,7,7,7,7,7,7,7,7,7,9),(0.,1.569942605335E-02,
    3.073842922771E-02,6.439738090252E-02,0.110364158453,0.160442978501,
    0.215933153636,0.268157717424,0.337872333759,0.413632826568,
    0.462063492644,0.494960649713,0.543755669735,0.613721832693,
    0.670622026814,0.712055979708,0.755861163028,0.813604477686,
    0.844672339724,0.873150901964,0.901625883835,0.932184957661,
    0.962190313129,1.,1.025195828333,1.04564684464,1.07593364172,
    1.111245460242,1.138585936438,1.180664491353),.UNSPECIFIED.);
#2521 = CARTESIAN_POINT('',(1.4643,-11.82786051534,8.56838));
#2522 = CARTESIAN_POINT('',(1.464299999909,-11.82786051545,
    8.556551009452));
#2523 = CARTESIAN_POINT('',(1.464190818902,-11.82799914482,
    8.544722944794));
#2524 = CARTESIAN_POINT('',(1.463972432449,-11.82827643307,
    8.532898444874));
#2525 = CARTESIAN_POINT('',(1.463644960557,-11.82869217746,
    8.521080476114));
#2526 = CARTESIAN_POINT('',(1.463208667774,-11.82924594287,
    8.509272332516));
#2527 = CARTESIAN_POINT('',(1.462663963183,-11.82993706181,
    8.497477635659));
#2528 = CARTESIAN_POINT('',(1.462011400408,-11.83076463441,
    8.485700334702));
#2529 = CARTESIAN_POINT('',(1.460523913836,-11.83264991667,
    8.462683598421));
#2530 = CARTESIAN_POINT('',(1.459696470955,-11.8336981854,8.45142120731)
  );
#2531 = CARTESIAN_POINT('',(1.458769112862,-11.83487241832,
    8.440157540803));
#2532 = CARTESIAN_POINT('',(1.45774156367,-11.83617270409,8.428892608034
    ));
#2533 = CARTESIAN_POINT('',(1.456613507713,-11.83759913628,
    8.417626419513));
#2534 = CARTESIAN_POINT('',(1.455384589542,-11.83915181338,
    8.406358987131));
#2535 = CARTESIAN_POINT('',(1.454054413928,-11.84083083884,
    8.395090324154));
#2536 = CARTESIAN_POINT('',(1.449417866833,-11.84667718967,
    8.358597210304));
#2537 = CARTESIAN_POINT('',(1.445727200126,-11.85132198177,
    8.333552282126));
#2538 = CARTESIAN_POINT('',(1.44156225864,-11.85655117947,8.308713623538
    ));
#2539 = CARTESIAN_POINT('',(1.436936363736,-11.8623423866,8.28410514423)
  );
#2540 = CARTESIAN_POINT('',(1.431863966645,-11.86867106823,
    8.259746988293));
#2541 = CARTESIAN_POINT('',(1.426360169884,-11.87551129026,
    8.235655821756));
#2542 = CARTESIAN_POINT('',(1.420440248673,-11.88283645895,
    8.211845120141));
#2543 = CARTESIAN_POINT('',(1.405486713663,-11.90124983542,
    8.156205526073));
#2544 = CARTESIAN_POINT('',(1.396106389825,-11.91273427228,8.12462962112
    ));
#2545 = CARTESIAN_POINT('',(1.386015771419,-11.92500633986,
    8.093620787893));
#2546 = CARTESIAN_POINT('',(1.375251249661,-11.93799957277,
    8.063193805038));
#2547 = CARTESIAN_POINT('',(1.363847145346,-11.9516493758,8.033356182283
    ));
#2548 = CARTESIAN_POINT('',(1.351834817821,-11.96589432822,
    8.004109159627));
#2549 = CARTESIAN_POINT('',(1.339241773943,-11.98067748811,7.97544870652
    ));
#2550 = CARTESIAN_POINT('',(1.311763333567,-12.01258392976,
    7.916772192106));
#2551 = CARTESIAN_POINT('',(1.29677491727,-12.02979624025,7.886866852066
    ));
#2552 = CARTESIAN_POINT('',(1.281156099268,-12.04752117178,
    7.857640314688));
#2553 = CARTESIAN_POINT('',(1.264929137681,-12.06568356567,
    7.829075102639));
#2554 = CARTESIAN_POINT('',(1.248124237946,-12.08425598961,
    7.801170983029));
#2555 = CARTESIAN_POINT('',(1.23074807008,-12.10314898654,7.77389541401)
  );
#2556 = CARTESIAN_POINT('',(1.212816148853,-12.12232625725,7.74723928171
    ));
#2557 = CARTESIAN_POINT('',(1.173852036319,-12.16323902176,
    7.692309814871));
#2558 = CARTESIAN_POINT('',(1.152696405968,-12.18502582118,
    7.664176037438));
#2559 = CARTESIAN_POINT('',(1.130873622804,-12.20702787921,
    7.636756961114));
#2560 = CARTESIAN_POINT('',(1.108386969,-12.2291816611,7.610032121553));
#2561 = CARTESIAN_POINT('',(1.085235181096,-12.25142634021,
    7.583984540489));
#2562 = CARTESIAN_POINT('',(1.061412413847,-12.27370345496,
    7.558600608073));
#2563 = CARTESIAN_POINT('',(1.036908204075,-12.29595656571,
    7.533869965217));
#2564 = CARTESIAN_POINT('',(0.987989736866,-12.33900029158,
    7.487118190455));
#2565 = CARTESIAN_POINT('',(0.963029549451,-12.36034986008,7.46442597843
    ));
#2566 = CARTESIAN_POINT('',(0.936733214365,-12.38215033851,
    7.441730801011));
#2567 = CARTESIAN_POINT('',(0.908962108783,-12.40438721735,
    7.419035252151));
#2568 = CARTESIAN_POINT('',(0.879528298569,-12.42706099614,
    7.396326740517));
#2569 = CARTESIAN_POINT('',(0.848180561952,-12.45017971462,
    7.373587837348));
#2570 = CARTESIAN_POINT('',(0.814580783262,-12.47374377515,
    7.350812700277));
#2571 = CARTESIAN_POINT('',(0.72980037685,-12.52973302018,7.29761635654)
  );
#2572 = CARTESIAN_POINT('',(0.679298357072,-12.56062908299,
    7.268947700145));
#2573 = CARTESIAN_POINT('',(0.626747857546,-12.59017131952,
    7.242139907302));
#2574 = CARTESIAN_POINT('',(0.571717574817,-12.61813279707,
    7.217166618323));
#2575 = CARTESIAN_POINT('',(0.514773025245,-12.64420978232,7.19454863912
    ));
#2576 = CARTESIAN_POINT('',(0.455604691885,-12.66801497611,
    7.174291370697));
#2577 = CARTESIAN_POINT('',(0.394520721917,-12.68913553962,
    7.156752283677));
#2578 = CARTESIAN_POINT('',(0.263351407406,-12.72662059459,
    7.126249922557));
#2579 = CARTESIAN_POINT('',(0.192664657995,-12.74275058684,
    7.113748608397));
#2580 = CARTESIAN_POINT('',(0.120250540872,-12.75423973836,
    7.105093792722));
#2581 = CARTESIAN_POINT('',(4.678055268747E-02,-12.76027853703,
    7.100587461846));
#2582 = CARTESIAN_POINT('',(-2.70513704771E-02,-12.76049733356,
    7.100370788129));
#2583 = CARTESIAN_POINT('',(-0.100528853113,-12.75496634152,
    7.104424129986));
#2584 = CARTESIAN_POINT('',(-0.172913080284,-12.74419563729,
    7.112567031878));
#2585 = CARTESIAN_POINT('',(-0.288529637244,-12.71950759679,
    7.132059790109));
#2586 = CARTESIAN_POINT('',(-0.332919390906,-12.70809821552,
    7.141203445331));
#2587 = CARTESIAN_POINT('',(-0.376507274764,-12.69508147539,
    7.151807129275));
#2588 = CARTESIAN_POINT('',(-0.419207982849,-12.68061993451,
    7.163789360776));
#2589 = CARTESIAN_POINT('',(-0.460955687075,-12.66486425001,
    7.177069238211));
#2590 = CARTESIAN_POINT('',(-0.501704037239,-12.64795317808,7.1915664395
    ));
#2591 = CARTESIAN_POINT('',(-0.541426161018,-12.63001357394,
    7.207201222108));
#2592 = CARTESIAN_POINT('',(-0.60639433058,-12.59835412373,
    7.235233495938));
#2593 = CARTESIAN_POINT('',(-0.632194252913,-12.58512642967,
    7.247062781661));
#2594 = CARTESIAN_POINT('',(-0.657508831532,-12.5715102187,
    7.259357140886));
#2595 = CARTESIAN_POINT('',(-0.682336538134,-12.5575366915,
    7.272094855583));
#2596 = CARTESIAN_POINT('',(-0.706679915552,-12.54323534042,
    7.285257629022));
#2597 = CARTESIAN_POINT('',(-0.730545577749,-12.52863394943,
    7.298830585767));
#2598 = CARTESIAN_POINT('',(-0.753944209825,-12.51375859418,
    7.312802271681));
#2599 = CARTESIAN_POINT('',(-0.810925971272,-12.47619941314,
    7.348467793508));
#2600 = CARTESIAN_POINT('',(-0.843956816885,-12.45321974512,
    7.370626523195));
#2601 = CARTESIAN_POINT('',(-0.876016043492,-12.42977744264,
    7.393610394882));
#2602 = CARTESIAN_POINT('',(-0.90713426388,-12.40595313791,
    7.417397119813));
#2603 = CARTESIAN_POINT('',(-0.937339574437,-12.38182552329,
    7.441972673359));
#2604 = CARTESIAN_POINT('',(-0.96665736461,-12.35747158394,
    7.467331399802));
#2605 = CARTESIAN_POINT('',(-0.995110126362,-12.33296683051,
    7.493476117115));
#2606 = CARTESIAN_POINT('',(-1.062302562773,-12.2731389198,
    7.559049944452));
#2607 = CARTESIAN_POINT('',(-1.100132197057,-12.23774926319,
    7.599304530634));
#2608 = CARTESIAN_POINT('',(-1.136278722687,-12.20243069731,7.6412283894
    ));
#2609 = CARTESIAN_POINT('',(-1.170766933393,-12.16739173451,
    7.684872897515));
#2610 = CARTESIAN_POINT('',(-1.203599599641,-12.13291817649,
    7.730330290402));
#2611 = CARTESIAN_POINT('',(-1.234723735779,-12.0992320278,
    7.777657602573));
#2612 = CARTESIAN_POINT('',(-1.264080058674,-12.06668694227,
    7.826980292461));
#2613 = CARTESIAN_POINT('',(-1.313881938887,-12.01026798856,
    7.920201216556));
#2614 = CARTESIAN_POINT('',(-1.334957355157,-11.98592322258,
    7.963372457247));
#2615 = CARTESIAN_POINT('',(-1.35470934971,-11.96270495595,
    8.007955815868));
#2616 = CARTESIAN_POINT('',(-1.373047009538,-11.94081220055,
    8.053980629399));
#2617 = CARTESIAN_POINT('',(-1.389854689177,-11.92047400164,
    8.101451090419));
#2618 = CARTESIAN_POINT('',(-1.404998264602,-11.90194140409,
    8.150339265269));
#2619 = CARTESIAN_POINT('',(-1.418333906706,-11.88547328036,
    8.20057468496));
#2620 = CARTESIAN_POINT('',(-1.438010118145,-11.86100689442,
    8.289499944818));
#2621 = CARTESIAN_POINT('',(-1.445266750018,-11.85192307453,
    8.327616802509));
#2622 = CARTESIAN_POINT('',(-1.451430366994,-11.84416494006,
    8.366311010407));
#2623 = CARTESIAN_POINT('',(-1.456446310399,-11.83782454659,
    8.405498761632));
#2624 = CARTESIAN_POINT('',(-1.460267867827,-11.83297982915,
    8.445081516008));
#2625 = CARTESIAN_POINT('',(-1.462859975087,-11.82968880581,
    8.484945002151));
#2626 = CARTESIAN_POINT('',(-1.46420291816,-11.8279837811,8.524958219561
    ));
#2627 = CARTESIAN_POINT('',(-1.464394481136,-11.82774055173,
    8.607276642234));
#2628 = CARTESIAN_POINT('',(-1.463095951217,-11.82938913951,
    8.649600068361));
#2629 = CARTESIAN_POINT('',(-1.46039891981,-11.83281420864,
    8.691765188571));
#2630 = CARTESIAN_POINT('',(-1.45632595226,-11.83797881028,
    8.733616687066));
#2631 = CARTESIAN_POINT('',(-1.450918851693,-11.84481376382,
    8.775020133665));
#2632 = CARTESIAN_POINT('',(-1.444233805876,-11.85322526973,
    8.815860654684));
#2633 = CARTESIAN_POINT('',(-1.43633653408,-11.86310252236,
    8.856041603827));
#2634 = CARTESIAN_POINT('',(-1.415382232025,-11.88911904456,
    8.947474578279));
#2635 = CARTESIAN_POINT('',(-1.401482441282,-11.9062516369,
    8.998184663922));
#2636 = CARTESIAN_POINT('',(-1.38574692543,-11.92546401332,
    9.047492121105));
#2637 = CARTESIAN_POINT('',(-1.368324200629,-11.94648700848,
    9.095332102801));
#2638 = CARTESIAN_POINT('',(-1.349351360651,-11.96906163447,
    9.141682152957));
#2639 = CARTESIAN_POINT('',(-1.328945420355,-11.99295309921,
    9.186551610166));
#2640 = CARTESIAN_POINT('',(-1.307197077464,-12.01795858688,
    9.229974545901));
#2641 = CARTESIAN_POINT('',(-1.271775871982,-12.05787089581,
    9.294620713092));
#2642 = CARTESIAN_POINT('',(-1.25879073352,-12.07235764197,
    9.317239423152));
#2643 = CARTESIAN_POINT('',(-1.245189480589,-12.08737060287,
    9.339860266745));
#2644 = CARTESIAN_POINT('',(-1.230945918062,-12.10290744326,
    9.362483542607));
#2645 = CARTESIAN_POINT('',(-1.216029974956,-12.11896491871,
    9.385110130941));
#2646 = CARTESIAN_POINT('',(-1.200407364595,-12.13553996779,
    9.407740456728));
#2647 = CARTESIAN_POINT('',(-1.184038582319,-12.15262890635,
    9.430374234375));
#2648 = CARTESIAN_POINT('',(-1.151146182949,-12.18635404755,
    9.473761129581));
#2649 = CARTESIAN_POINT('',(-1.134747691267,-12.20291117702,
    9.494515901275));
#2650 = CARTESIAN_POINT('',(-1.117646482757,-12.21989010269,
    9.515273295699));
#2651 = CARTESIAN_POINT('',(-1.099801441841,-12.2372858772,
    9.536033539403));
#2652 = CARTESIAN_POINT('',(-1.081163837816,-12.25509377613,
    9.556798025791));
#2653 = CARTESIAN_POINT('',(-1.061675542365,-12.27330845845,
    9.577568242346));
#2654 = CARTESIAN_POINT('',(-1.041267247051,-12.29192312687,
    9.598344697859));
#2655 = CARTESIAN_POINT('',(-0.998448806373,-12.32993186021,
    9.639904388818));
#2656 = CARTESIAN_POINT('',(-0.976027454254,-12.34933560952,
    9.660698364521));
#2657 = CARTESIAN_POINT('',(-0.952518863803,-12.36912234551,
    9.681496351327));
#2658 = CARTESIAN_POINT('',(-0.927822125566,-12.38928251994,
    9.702297576519));
#2659 = CARTESIAN_POINT('',(-0.901806030684,-12.40981413199,
    9.723109080178));
#2660 = CARTESIAN_POINT('',(-0.874301477261,-12.43071873387,
    9.743940201402));
#2661 = CARTESIAN_POINT('',(-0.845089433733,-12.4519939371,
    9.764794390649));
#2662 = CARTESIAN_POINT('',(-0.780395583837,-12.49683389645,
    9.808049344715));
#2663 = CARTESIAN_POINT('',(-0.745902263818,-12.51955449391,
    9.829586969189));
#2664 = CARTESIAN_POINT('',(-0.710392477525,-12.54169844743,
    9.850237392545));
#2665 = CARTESIAN_POINT('',(-0.673806097425,-12.56318007399,
    9.86997735669));
#2666 = CARTESIAN_POINT('',(-0.636103590961,-12.58390904054,
    9.888761727779));
#2667 = CARTESIAN_POINT('',(-0.597292429217,-12.60378551025,
    9.906514393137));
#2668 = CARTESIAN_POINT('',(-0.557411203383,-12.62269516642,
    9.923142501874));
#2669 = CARTESIAN_POINT('',(-0.47627350683,-12.65799037057,
    9.953725982902));
#2670 = CARTESIAN_POINT('',(-0.435066892702,-12.67441896427,
    9.967725587916));
#2671 = CARTESIAN_POINT('',(-0.3928679362,-12.68965570026,9.980485907142
    ));
#2672 = CARTESIAN_POINT('',(-0.349718949629,-12.70355769696,
    9.99192278545));
#2673 = CARTESIAN_POINT('',(-0.30568822803,-12.71597338611,
    10.00195486964));
#2674 = CARTESIAN_POINT('',(-0.260870049172,-12.72674251276,
    10.010503608442));
#2675 = CARTESIAN_POINT('',(-0.215384673561,-12.73569613527,
    10.017493252515));
#2676 = CARTESIAN_POINT('',(-0.111405863473,-12.75142752458,
    10.029601957653));
#2677 = CARTESIAN_POINT('',(-5.255589324579E-02,-12.75701861363,
    10.033773846589));
#2678 = CARTESIAN_POINT('',(6.754422615706E-03,-12.75904336581,
    10.035236623824));
#2679 = CARTESIAN_POINT('',(6.612195190341E-02,-12.75732208148,
    10.033931261443));
#2680 = CARTESIAN_POINT('',(0.125157573838,-12.75188188799,
    10.029869601045));
#2681 = CARTESIAN_POINT('',(0.183486179069,-12.74295673968,
    10.023134353745));
#2682 = CARTESIAN_POINT('',(0.240746669673,-12.73098741791,
    10.013879100174));
#2683 = CARTESIAN_POINT('',(0.33380645215,-12.70704831181,9.994630998003
    ));
#2684 = CARTESIAN_POINT('',(0.370466799306,-12.69632324524,
    9.985895315706));
#2685 = CARTESIAN_POINT('',(0.406520209329,-12.68454613576,
    9.976171401249));
#2686 = CARTESIAN_POINT('',(0.441923412536,-12.67181024979,
    9.965508479932));
#2687 = CARTESIAN_POINT('',(0.476642660865,-12.65820231572,
    9.953954844688));
#2688 = CARTESIAN_POINT('',(0.510653727871,-12.6438025239,9.941557856084
    ));
#2689 = CARTESIAN_POINT('',(0.543941908727,-12.62868452664,
    9.928363942326));
#2690 = CARTESIAN_POINT('',(0.602930497288,-12.60011594296,
    9.903099406454));
#2691 = CARTESIAN_POINT('',(0.628876749782,-12.5868884568,9.891284023074
    ));
#2692 = CARTESIAN_POINT('',(0.65433451033,-12.57326654844,9.878998145155
    ));
#2693 = CARTESIAN_POINT('',(0.679301754129,-12.55928199013,
    9.866263990538));
#2694 = CARTESIAN_POINT('',(0.703780698949,-12.54496475768,
    9.853100298858));
#2695 = CARTESIAN_POINT('',(0.727777805133,-12.53034303043,
    9.839522331549));
#2696 = CARTESIAN_POINT('',(0.751303775599,-12.51544319129,
    9.825541871841));
#2697 = CARTESIAN_POINT('',(0.808538594005,-12.47784855182,
    9.789879186416));
#2698 = CARTESIAN_POINT('',(0.841693578241,-12.45485506073,
    9.767730492151));
#2699 = CARTESIAN_POINT('',(0.87387162129,-12.43139279395,9.744752225752
    ));
#2700 = CARTESIAN_POINT('',(0.905103553445,-12.40754297907,
    9.720967219505));
#2701 = CARTESIAN_POINT('',(0.93541772381,-12.38338485783,9.696389949422
    ));
#2702 = CARTESIAN_POINT('',(0.964839801556,-12.3589959134,9.671026430474
    ));
#2703 = CARTESIAN_POINT('',(0.993392577185,-12.33445209753,
    9.644874111811));
#2704 = CARTESIAN_POINT('',(1.053395313172,-12.28111853052,
    9.586497645845));
#2705 = CARTESIAN_POINT('',(1.084533104992,-12.25230608298,
    9.553992498381));
#2706 = CARTESIAN_POINT('',(1.114543733985,-12.2235067992,9.520386216153
    ));
#2707 = CARTESIAN_POINT('',(1.143445519472,-12.19484337736,
    9.485650442194));
#2708 = CARTESIAN_POINT('',(1.171242414498,-12.16644632832,9.4497496264)
  );
#2709 = CARTESIAN_POINT('',(1.197924779343,-12.13845512169,9.41264120458
    ));
#2710 = CARTESIAN_POINT('',(1.223469019396,-12.1110192792,9.374274906205
    ));
#2711 = CARTESIAN_POINT('',(1.266702497329,-12.06361133328,9.30386573626
    ));
#2712 = CARTESIAN_POINT('',(1.284859059479,-12.04335655356,
    9.272357359047));
#2713 = CARTESIAN_POINT('',(1.302289411012,-12.02361343843,
    9.240036615609));
#2714 = CARTESIAN_POINT('',(1.318961903851,-12.00445193945,
    9.206887441237));
#2715 = CARTESIAN_POINT('',(1.334839943278,-11.98595961583,
    9.172893381564));
#2716 = CARTESIAN_POINT('',(1.349880683644,-11.96823550491,
    9.138041649591));
#2717 = CARTESIAN_POINT('',(1.364032156939,-11.95137887981,
    9.102329900152));
#2718 = CARTESIAN_POINT('',(1.397564857403,-11.91106131679,
    9.009478392551));
#2719 = CARTESIAN_POINT('',(1.415677200449,-11.88890883901,
    8.951098651127));
#2720 = CARTESIAN_POINT('',(1.43133078907,-11.86948435466,8.890708566055
    ));
#2721 = CARTESIAN_POINT('',(1.44426250049,-11.85325474191,8.828478248943
    ));
#2722 = CARTESIAN_POINT('',(1.454208269977,-11.84067486157,
    8.764674995405));
#2723 = CARTESIAN_POINT('',(1.460936807467,-11.83213038914,
    8.699681906868));
#2724 = CARTESIAN_POINT('',(1.4643,-11.82786051534,8.634020885177));
#2725 = CARTESIAN_POINT('',(1.4643,-11.82786051534,8.56838));
#2726 = PCURVE('',#368,#2727);
#2727 = DEFINITIONAL_REPRESENTATION('',(#2728),#2996);
#2728 = B_SPLINE_CURVE_WITH_KNOTS('',3,(#2729,#2730,#2731,#2732,#2733,
    #2734,#2735,#2736,#2737,#2738,#2739,#2740,#2741,#2742,#2743,#2744,
    #2745,#2746,#2747,#2748,#2749,#2750,#2751,#2752,#2753,#2754,#2755,
    #2756,#2757,#2758,#2759,#2760,#2761,#2762,#2763,#2764,#2765,#2766,
    #2767,#2768,#2769,#2770,#2771,#2772,#2773,#2774,#2775,#2776,#2777,
    #2778,#2779,#2780,#2781,#2782,#2783,#2784,#2785,#2786,#2787,#2788,
    #2789,#2790,#2791,#2792,#2793,#2794,#2795,#2796,#2797,#2798,#2799,
    #2800,#2801,#2802,#2803,#2804,#2805,#2806,#2807,#2808,#2809,#2810,
    #2811,#2812,#2813,#2814,#2815,#2816,#2817,#2818,#2819,#2820,#2821,
    #2822,#2823,#2824,#2825,#2826,#2827,#2828,#2829,#2830,#2831,#2832,
    #2833,#2834,#2835,#2836,#2837,#2838,#2839,#2840,#2841,#2842,#2843,
    #2844,#2845,#2846,#2847,#2848,#2849,#2850,#2851,#2852,#2853,#2854,
    #2855,#2856,#2857,#2858,#2859,#2860,#2861,#2862,#2863,#2864,#2865,
    #2866,#2867,#2868,#2869,#2870,#2871,#2872,#2873,#2874,#2875,#2876,
    #2877,#2878,#2879,#2880,#2881,#2882,#2883,#2884,#2885,#2886,#2887,
    #2888,#2889,#2890,#2891,#2892,#2893,#2894,#2895,#2896,#2897,#2898,
    #2899,#2900,#2901,#2902,#2903,#2904,#2905,#2906,#2907,#2908,#2909,
    #2910,#2911,#2912,#2913,#2914,#2915,#2916,#2917,#2918,#2919,#2920,
    #2921,#2922,#2923,#2924,#2925,#2926,#2927,#2928,#2929,#2930,#2931,
    #2932,#2933,#2934,#2935,#2936,#2937,#2938,#2939,#2940,#2941,#2942,
    #2943,#2944,#2945,#2946,#2947,#2948,#2949,#2950,#2951,#2952,#2953,
    #2954,#2955,#2956,#2957,#2958,#2959,#2960,#2961,#2962,#2963,#2964,
    #2965,#2966,#2967,#2968,#2969,#2970,#2971,#2972,#2973,#2974,#2975,
    #2976,#2977,#2978,#2979,#2980,#2981,#2982,#2983,#2984,#2985,#2986,
    #2987,#2988,#2989,#2990,#2991,#2992,#2993,#2994,#2995),
  .UNSPECIFIED.,.T.,.F.,(4,1,1,1,1,1,1,1,1,1,1,1,1,1,1,1,1,1,1,1,1,1,1,1
    ,1,1,1,1,1,1,1,1,1,1,1,1,1,1,1,1,1,1,1,1,1,1,1,1,1,1,1,1,1,1,1,1,1,1
    ,1,1,1,1,1,1,1,1,1,1,1,1,1,1,1,1,1,1,1,1,1,1,1,1,1,1,1,1,1,1,1,1,1,1
    ,1,1,1,1,1,1,1,1,1,1,1,1,1,1,1,1,1,1,1,1,1,1,1,1,1,1,1,1,1,1,1,1,1,1
    ,1,1,1,1,1,1,1,1,1,1,1,1,1,1,1,1,1,1,1,1,1,1,1,1,1,1,1,1,1,1,1,1,1,1
    ,1,1,1,1,1,1,1,1,1,1,1,1,1,1,1,1,1,1,1,1,1,1,1,1,1,1,1,1,1,1,1,1,1,1
    ,1,1,1,1,1,1,1,1,1,1,1,1,1,1,1,1,1,1,1,1,1,1,1,1,1,1,1,1,1,1,1,1,1,1
    ,1,1,1,1,1,1,1,1,1,1,1,1,1,1,1,1,1,1,1,1,1,1,1,1,1,1,1,1,1,1,1,1,1,1
    ,1,1,4),(0.,4.472213982398E-03,8.944427964796E-03,1.341664194719E-02
    ,1.788885592959E-02,2.236106991199E-02,2.683328389439E-02,
    3.130549787679E-02,3.577771185918E-02,4.024992584158E-02,
    4.472213982398E-02,4.919435380638E-02,5.366656778878E-02,
    5.813878177118E-02,6.261099575357E-02,6.708320973597E-02,
    7.155542371837E-02,7.602763770077E-02,8.049985168317E-02,
    8.497206566556E-02,8.944427964796E-02,9.391649363036E-02,
    9.838870761276E-02,0.102860921595,0.107333135578,0.11180534956,
    0.116277563542,0.120749777525,0.125221991507,0.12969420549,
    0.134166419472,0.138638633454,0.143110847437,0.147583061419,
    0.152055275402,0.156527489384,0.160999703366,0.165471917349,
    0.169944131331,0.174416345314,0.178888559296,0.183360773278,
    0.187832987261,0.192305201243,0.196777415226,0.201249629208,
    0.20572184319,0.210194057173,0.214666271155,0.219138485138,
    0.22361069912,0.228082913102,0.232555127085,0.237027341067,
    0.241499555049,0.245971769032,0.250443983014,0.254916196997,
    0.259388410979,0.263860624961,0.268332838944,0.272805052926,
    0.277277266909,0.281749480891,0.286221694873,0.290693908856,
    0.295166122838,0.299638336821,0.304110550803,0.308582764785,
    0.313054978768,0.31752719275,0.321999406733,0.326471620715,
    0.330943834697,0.33541604868,0.339888262662,0.344360476645,
    0.348832690627,0.353304904609,0.357777118592,0.362249332574,
    0.366721546557,0.371193760539,0.375665974521,0.380138188504,
    0.384610402486,0.389082616469,0.393554830451,0.398027044433,
    0.402499258416,0.406971472398,0.411443686381,0.415915900363,
    0.420388114345,0.424860328328,0.42933254231,0.433804756293,
    0.438276970275,0.442749184257,0.44722139824,0.451693612222,
    0.456165826205,0.460638040187,0.465110254169,0.469582468152,
    0.474054682134,0.478526896117,0.482999110099,0.487471324081,
    0.491943538064,0.496415752046,0.500887966029,0.505360180011,
    0.509832393993,0.514304607976,0.518776821958,0.523249035941,
    0.527721249923,0.532193463905,0.536665677888,0.54113789187,
    0.545610105853,0.550082319835,0.554554533817,0.5590267478,
    0.563498961782,0.567971175765,0.572443389747,0.576915603729,
    0.581387817712,0.585860031694,0.590332245677,0.594804459659,
    0.599276673641,0.603748887624,0.608221101606,0.612693315589,
    0.617165529571,0.621637743553,0.626109957536,0.630582171518,
    0.635054385501,0.639526599483,0.643998813465,0.648471027448,
    0.65294324143,0.657415455413,0.661887669395,0.666359883377,
    0.67083209736,0.675304311342,0.679776525325,0.684248739307,
    0.688720953289,0.693193167272,0.697665381254,0.702137595237,
    0.706609809219,0.711082023201,0.715554237184,0.720026451166,
    0.724498665148,0.728970879131,0.733443093113,0.737915307096,
    0.742387521078,0.74685973506,0.751331949043,0.755804163025,
    0.760276377008,0.76474859099,0.769220804972,0.773693018955,
    0.778165232937,0.78263744692,0.787109660902,0.791581874884,
    0.796054088867,0.800526302849,0.804998516832,0.809470730814,
    0.813942944796,0.818415158779,0.822887372761,0.827359586744,
    0.831831800726,0.836304014708,0.840776228691,0.845248442673,
    0.849720656656,0.854192870638,0.85866508462,0.863137298603,
    0.867609512585,0.872081726568,0.87655394055,0.881026154532,
    0.885498368515,0.889970582497,0.89444279648,0.898915010462,
    0.903387224444,0.907859438427,0.912331652409,0.916803866392,
    0.921276080374,0.925748294356,0.930220508339,0.934692722321,
    0.939164936304,0.943637150286,0.948109364268,0.952581578251,
    0.957053792233,0.961526006216,0.965998220198,0.97047043418,
    0.974942648163,0.979414862145,0.983887076128,0.98835929011,
    0.992831504092,0.997303718075,1.001775932057,1.00624814604,
    1.010720360022,1.015192574004,1.019664787987,1.024137001969,
    1.028609215952,1.033081429934,1.037553643916,1.042025857899,
    1.046498071881,1.050970285864,1.055442499846,1.059914713828,
    1.064386927811,1.068859141793,1.073331355776,1.077803569758,
    1.08227578374,1.086747997723,1.091220211705,1.095692425688,
    1.10016463967,1.104636853652,1.109109067635,1.113581281617,
    1.1180534956,1.122525709582,1.126997923564,1.131470137547,
    1.135942351529,1.140414565512,1.144886779494,1.149358993476,
    1.153831207459,1.158303421441,1.162775635424,1.167247849406,
    1.171720063388,1.176192277371,1.180664491353),
  .QUASI_UNIFORM_KNOTS.);
#2729 = CARTESIAN_POINT('',(67.161465115252,-6.90138));
#2730 = CARTESIAN_POINT('',(67.161465366497,-6.892394533682));
#2731 = CARTESIAN_POINT('',(67.161199498329,-6.874423683307));
#2732 = CARTESIAN_POINT('',(67.160006356588,-6.847495502842));
#2733 = CARTESIAN_POINT('',(67.158021472147,-6.820615600177));
#2734 = CARTESIAN_POINT('',(67.15525505673,-6.793830987671));
#2735 = CARTESIAN_POINT('',(67.151697986084,-6.767031444592));
#2736 = CARTESIAN_POINT('',(67.14735047219,-6.740236031092));
#2737 = CARTESIAN_POINT('',(67.142201349054,-6.713401645588));
#2738 = CARTESIAN_POINT('',(67.136282133688,-6.686691099015));
#2739 = CARTESIAN_POINT('',(67.129626850781,-6.660195348065));
#2740 = CARTESIAN_POINT('',(67.122251677048,-6.633914261837));
#2741 = CARTESIAN_POINT('',(67.114179112038,-6.607869620414));
#2742 = CARTESIAN_POINT('',(67.105431184155,-6.582074935314));
#2743 = CARTESIAN_POINT('',(67.096030957003,-6.55654364923));
#2744 = CARTESIAN_POINT('',(67.086001801683,-6.531286996722));
#2745 = CARTESIAN_POINT('',(67.075367308451,-6.506314841813));
#2746 = CARTESIAN_POINT('',(67.064151084412,-6.481635401175));
#2747 = CARTESIAN_POINT('',(67.052376030301,-6.457254249355));
#2748 = CARTESIAN_POINT('',(67.040064749456,-6.433176089302));
#2749 = CARTESIAN_POINT('',(67.027239351995,-6.409404456634));
#2750 = CARTESIAN_POINT('',(67.013921388401,-6.385941873626));
#2751 = CARTESIAN_POINT('',(67.000131747255,-6.36278988019));
#2752 = CARTESIAN_POINT('',(66.985890570765,-6.339949107184));
#2753 = CARTESIAN_POINT('',(66.971217138528,-6.317419303393));
#2754 = CARTESIAN_POINT('',(66.956129863945,-6.295199505495));
#2755 = CARTESIAN_POINT('',(66.940645874981,-6.273287682423));
#2756 = CARTESIAN_POINT('',(66.92478246562,-6.25168270978));
#2757 = CARTESIAN_POINT('',(66.908555248923,-6.230381841275));
#2758 = CARTESIAN_POINT('',(66.891979127304,-6.209382123149));
#2759 = CARTESIAN_POINT('',(66.875068173323,-6.188680597248));
#2760 = CARTESIAN_POINT('',(66.857835747141,-6.168274139518));
#2761 = CARTESIAN_POINT('',(66.840294646928,-6.14815934033));
#2762 = CARTESIAN_POINT('',(66.822456933358,-6.128332450219));
#2763 = CARTESIAN_POINT('',(66.804334118713,-6.108789453525));
#2764 = CARTESIAN_POINT('',(66.785936988707,-6.089526192675));
#2765 = CARTESIAN_POINT('',(66.767275535846,-6.070538619019));
#2766 = CARTESIAN_POINT('',(66.748358660468,-6.051822406203));
#2767 = CARTESIAN_POINT('',(66.729195770552,-6.03337405483));
#2768 = CARTESIAN_POINT('',(66.709795095985,-6.015189894115));
#2769 = CARTESIAN_POINT('',(66.690164017066,-5.997265993871));
#2770 = CARTESIAN_POINT('',(66.670309593798,-5.979598811041));
#2771 = CARTESIAN_POINT('',(66.650238430494,-5.962185011822));
#2772 = CARTESIAN_POINT('',(66.629956725796,-5.945021520488));
#2773 = CARTESIAN_POINT('',(66.609470244421,-5.928105485861));
#2774 = CARTESIAN_POINT('',(66.58878441529,-5.911434350465));
#2775 = CARTESIAN_POINT('',(66.567904001128,-5.895005591308));
#2776 = CARTESIAN_POINT('',(66.546834354677,-5.878817671465));
#2777 = CARTESIAN_POINT('',(66.525576756025,-5.862866476837));
#2778 = CARTESIAN_POINT('',(66.504145838116,-5.847158601403));
#2779 = CARTESIAN_POINT('',(66.482504577939,-5.831661753311));
#2780 = CARTESIAN_POINT('',(66.460275517714,-5.816113890811));
#2781 = CARTESIAN_POINT('',(66.437517006437,-5.800573131698));
#2782 = CARTESIAN_POINT('',(66.4141870401,-5.785025761708));
#2783 = CARTESIAN_POINT('',(66.390264821213,-5.769475711396));
#2784 = CARTESIAN_POINT('',(66.365717855864,-5.7539208898));
#2785 = CARTESIAN_POINT('',(66.340510792447,-5.738360098383));
#2786 = CARTESIAN_POINT('',(66.31460159957,-5.722791056939));
#2787 = CARTESIAN_POINT('',(66.28794647069,-5.707213691189));
#2788 = CARTESIAN_POINT('',(66.260482292787,-5.691621551469));
#2789 = CARTESIAN_POINT('',(66.232189933347,-5.676035735208));
#2790 = CARTESIAN_POINT('',(66.202856491866,-5.660380952972));
#2791 = CARTESIAN_POINT('',(66.172964242207,-5.644952671017));
#2792 = CARTESIAN_POINT('',(66.142944591085,-5.629983014691));
#2793 = CARTESIAN_POINT('',(66.112686053949,-5.615420705895));
#2794 = CARTESIAN_POINT('',(66.082222572181,-5.601292366635));
#2795 = CARTESIAN_POINT('',(66.051555177776,-5.587606968608));
#2796 = CARTESIAN_POINT('',(66.020687927423,-5.574381528073));
#2797 = CARTESIAN_POINT('',(65.989610265263,-5.561633645561));
#2798 = CARTESIAN_POINT('',(65.958317288724,-5.54938266033));
#2799 = CARTESIAN_POINT('',(65.92680437607,-5.537648523114));
#2800 = CARTESIAN_POINT('',(65.89506786159,-5.52645150101));
#2801 = CARTESIAN_POINT('',(65.86310447174,-5.515811968901));
#2802 = CARTESIAN_POINT('',(65.830911609056,-5.505750484466));
#2803 = CARTESIAN_POINT('',(65.798487521662,-5.496287948052));
#2804 = CARTESIAN_POINT('',(65.76583241934,-5.487445804357));
#2805 = CARTESIAN_POINT('',(65.732945683804,-5.47924553127));
#2806 = CARTESIAN_POINT('',(65.699835009295,-5.471708867203));
#2807 = CARTESIAN_POINT('',(65.666437168355,-5.464844978525));
#2808 = CARTESIAN_POINT('',(65.632801188596,-5.458685117057));
#2809 = CARTESIAN_POINT('',(65.598958845334,-5.453254231244));
#2810 = CARTESIAN_POINT('',(65.564941449841,-5.448574798891));
#2811 = CARTESIAN_POINT('',(65.530776495893,-5.444665800187));
#2812 = CARTESIAN_POINT('',(65.496489809801,-5.441542992882));
#2813 = CARTESIAN_POINT('',(65.462106324695,-5.43921883855));
#2814 = CARTESIAN_POINT('',(65.427651349892,-5.437702522357));
#2815 = CARTESIAN_POINT('',(65.393151690714,-5.436999947731));
#2816 = CARTESIAN_POINT('',(65.358637230842,-5.437113737907));
#2817 = CARTESIAN_POINT('',(65.32414093567,-5.438043235087));
#2818 = CARTESIAN_POINT('',(65.289693215782,-5.439784502246));
#2819 = CARTESIAN_POINT('',(65.255323388788,-5.442330316758));
#2820 = CARTESIAN_POINT('',(65.221060611377,-5.445670194072));
#2821 = CARTESIAN_POINT('',(65.186935746896,-5.449790299396));
#2822 = CARTESIAN_POINT('',(65.152979703408,-5.454673777276));
#2823 = CARTESIAN_POINT('',(65.119234558203,-5.460299521597));
#2824 = CARTESIAN_POINT('',(65.085688497566,-5.466650931808));
#2825 = CARTESIAN_POINT('',(65.052352225958,-5.473705903915));
#2826 = CARTESIAN_POINT('',(65.019233404766,-5.481442993654));
#2827 = CARTESIAN_POINT('',(64.986338353365,-5.48984066974));
#2828 = CARTESIAN_POINT('',(64.953671564089,-5.498877514019));
#2829 = CARTESIAN_POINT('',(64.921235824594,-5.508532167602));
#2830 = CARTESIAN_POINT('',(64.889032192348,-5.518783346182));
#2831 = CARTESIAN_POINT('',(64.857060012791,-5.529609832625));
#2832 = CARTESIAN_POINT('',(64.825316941196,-5.540990491302));
#2833 = CARTESIAN_POINT('',(64.793798913812,-5.552904218153));
#2834 = CARTESIAN_POINT('',(64.76250030871,-5.565330126118));
#2835 = CARTESIAN_POINT('',(64.731417452255,-5.578249548587));
#2836 = CARTESIAN_POINT('',(64.700542447984,-5.591643153627));
#2837 = CARTESIAN_POINT('',(64.669864535638,-5.605494118671));
#2838 = CARTESIAN_POINT('',(64.639391818696,-5.619787427251));
#2839 = CARTESIAN_POINT('',(64.609132800814,-5.63451010813));
#2840 = CARTESIAN_POINT('',(64.579093174153,-5.64965098204));
#2841 = CARTESIAN_POINT('',(64.549274830502,-5.665201435594));
#2842 = CARTESIAN_POINT('',(64.519684796481,-5.681151946054));
#2843 = CARTESIAN_POINT('',(64.490327868272,-5.697495226234));
#2844 = CARTESIAN_POINT('',(64.461208209461,-5.714225228894));
#2845 = CARTESIAN_POINT('',(64.432330382029,-5.731336813157));
#2846 = CARTESIAN_POINT('',(64.403699086892,-5.748825839978));
#2847 = CARTESIAN_POINT('',(64.375319252394,-5.76668915117));
#2848 = CARTESIAN_POINT('',(64.347196022126,-5.784924585161));
#2849 = CARTESIAN_POINT('',(64.319334797969,-5.803530962253));
#2850 = CARTESIAN_POINT('',(64.291741163249,-5.822508155165));
#2851 = CARTESIAN_POINT('',(64.264421230509,-5.841856848922));
#2852 = CARTESIAN_POINT('',(64.237380410904,-5.86157945808));
#2853 = CARTESIAN_POINT('',(64.210630605532,-5.881674843185));
#2854 = CARTESIAN_POINT('',(64.184177709739,-5.902147566434));
#2855 = CARTESIAN_POINT('',(64.158029317646,-5.923002208987));
#2856 = CARTESIAN_POINT('',(64.132194230428,-5.944243868194));
#2857 = CARTESIAN_POINT('',(64.106682619116,-5.965878033872));
#2858 = CARTESIAN_POINT('',(64.081505973893,-5.987910592972));
#2859 = CARTESIAN_POINT('',(64.056677098311,-6.010347791218));
#2860 = CARTESIAN_POINT('',(64.032210099033,-6.03319621726));
#2861 = CARTESIAN_POINT('',(64.008120396146,-6.056462802181));
#2862 = CARTESIAN_POINT('',(63.984424750282,-6.080154835483));
#2863 = CARTESIAN_POINT('',(63.961141298489,-6.104279992663));
#2864 = CARTESIAN_POINT('',(63.93828958657,-6.128846339686));
#2865 = CARTESIAN_POINT('',(63.915890553018,-6.153862359354));
#2866 = CARTESIAN_POINT('',(63.893966497714,-6.179336709968));
#2867 = CARTESIAN_POINT('',(63.872540766159,-6.205278639884));
#2868 = CARTESIAN_POINT('',(63.851639016559,-6.231695417752));
#2869 = CARTESIAN_POINT('',(63.831293467878,-6.258587936231));
#2870 = CARTESIAN_POINT('',(63.81153220483,-6.285964279961));
#2871 = CARTESIAN_POINT('',(63.792387618524,-6.313828976235));
#2872 = CARTESIAN_POINT('',(63.77389421645,-6.342185448686));
#2873 = CARTESIAN_POINT('',(63.756088997929,-6.371035205799));
#2874 = CARTESIAN_POINT('',(63.739011103118,-6.400377883703));
#2875 = CARTESIAN_POINT('',(63.722701617168,-6.430211039283));
#2876 = CARTESIAN_POINT('',(63.707203292174,-6.460529989995));
#2877 = CARTESIAN_POINT('',(63.692560251877,-6.491327618825));
#2878 = CARTESIAN_POINT('',(63.678817654108,-6.522594174233));
#2879 = CARTESIAN_POINT('',(63.666021343867,-6.554317027265));
#2880 = CARTESIAN_POINT('',(63.654217388831,-6.586480507308));
#2881 = CARTESIAN_POINT('',(63.643451896537,-6.619065368688));
#2882 = CARTESIAN_POINT('',(63.63377231677,-6.652040117139));
#2883 = CARTESIAN_POINT('',(63.625223217115,-6.68537023211));
#2884 = CARTESIAN_POINT('',(63.617845813413,-6.719017805029));
#2885 = CARTESIAN_POINT('',(63.611677216225,-6.752941507405));
#2886 = CARTESIAN_POINT('',(63.606749752759,-6.787096490709));
#2887 = CARTESIAN_POINT('',(63.603090272423,-6.821434229316));
#2888 = CARTESIAN_POINT('',(63.60071945106,-6.855902659394));
#2889 = CARTESIAN_POINT('',(63.599651133014,-6.890445190981));
#2890 = CARTESIAN_POINT('',(63.599891546773,-6.925003931336));
#2891 = CARTESIAN_POINT('',(63.60143934878,-6.959527039027));
#2892 = CARTESIAN_POINT('',(63.604285395645,-6.993953755658));
#2893 = CARTESIAN_POINT('',(63.608413250083,-7.02823024983));
#2894 = CARTESIAN_POINT('',(63.613799901398,-7.062305652313));
#2895 = CARTESIAN_POINT('',(63.620416436841,-7.096132991571));
#2896 = CARTESIAN_POINT('',(63.628228731879,-7.129668822093));
#2897 = CARTESIAN_POINT('',(63.637198134806,-7.162873181169));
#2898 = CARTESIAN_POINT('',(63.647282168443,-7.19570953906));
#2899 = CARTESIAN_POINT('',(63.658435175103,-7.228144447162));
#2900 = CARTESIAN_POINT('',(63.670609170396,-7.26014840079));
#2901 = CARTESIAN_POINT('',(63.683758231046,-7.291704753618));
#2902 = CARTESIAN_POINT('',(63.69783634389,-7.32279919186));
#2903 = CARTESIAN_POINT('',(63.71279798704,-7.353420546107));
#2904 = CARTESIAN_POINT('',(63.72859844351,-7.383560278919));
#2905 = CARTESIAN_POINT('',(63.745194162861,-7.413212364875));
#2906 = CARTESIAN_POINT('',(63.762543015147,-7.4423730168));
#2907 = CARTESIAN_POINT('',(63.780604745744,-7.471040727082));
#2908 = CARTESIAN_POINT('',(63.799340554281,-7.499215294741));
#2909 = CARTESIAN_POINT('',(63.818715798441,-7.526900686686));
#2910 = CARTESIAN_POINT('',(63.838690899007,-7.55409366873));
#2911 = CARTESIAN_POINT('',(63.8592561427,-7.580825615672));
#2912 = CARTESIAN_POINT('',(63.88030252318,-7.607005927648));
#2913 = CARTESIAN_POINT('',(63.902111024699,-7.633014044862));
#2914 = CARTESIAN_POINT('',(63.924884623602,-7.659072958356));
#2915 = CARTESIAN_POINT('',(63.948592369705,-7.685122391267));
#2916 = CARTESIAN_POINT('',(63.973268260163,-7.711178714403));
#2917 = CARTESIAN_POINT('',(63.998931567622,-7.737237908343));
#2918 = CARTESIAN_POINT('',(64.025608866169,-7.763301434549));
#2919 = CARTESIAN_POINT('',(64.053327353274,-7.789368264808));
#2920 = CARTESIAN_POINT('',(64.082120516017,-7.815440351296));
#2921 = CARTESIAN_POINT('',(64.112023802094,-7.841517218788));
#2922 = CARTESIAN_POINT('',(64.143077753247,-7.867598889686));
#2923 = CARTESIAN_POINT('',(64.175330029009,-7.893686399446));
#2924 = CARTESIAN_POINT('',(64.208836150434,-7.919781169102));
#2925 = CARTESIAN_POINT('',(64.243658193437,-7.945882868779));
#2926 = CARTESIAN_POINT('',(64.279873200089,-7.971994460165));
#2927 = CARTESIAN_POINT('',(64.317575638456,-7.99812121022));
#2928 = CARTESIAN_POINT('',(64.356861793529,-8.024257405594));
#2929 = CARTESIAN_POINT('',(64.397856667754,-8.050404058122));
#2930 = CARTESIAN_POINT('',(64.440751275377,-8.076581260647));
#2931 = CARTESIAN_POINT('',(64.485645866378,-8.102741870692));
#2932 = CARTESIAN_POINT('',(64.533158430243,-8.129077647428));
#2933 = CARTESIAN_POINT('',(64.581274259638,-8.154365873084));
#2934 = CARTESIAN_POINT('',(64.629968144959,-8.1785863801));
#2935 = CARTESIAN_POINT('',(64.679227298028,-8.201694717141));
#2936 = CARTESIAN_POINT('',(64.729010579502,-8.223637162232));
#2937 = CARTESIAN_POINT('',(64.7793310064,-8.244344109642));
#2938 = CARTESIAN_POINT('',(64.830222105575,-8.263733962083));
#2939 = CARTESIAN_POINT('',(64.881705218636,-8.281724367858));
#2940 = CARTESIAN_POINT('',(64.933790348403,-8.29822872033));
#2941 = CARTESIAN_POINT('',(64.986485115609,-8.313150749492));
#2942 = CARTESIAN_POINT('',(65.039780668098,-8.326399041997));
#2943 = CARTESIAN_POINT('',(65.09365226735,-8.33788379209));
#2944 = CARTESIAN_POINT('',(65.14805983923,-8.347517845399));
#2945 = CARTESIAN_POINT('',(65.202940930788,-8.355215772828));
#2946 = CARTESIAN_POINT('',(65.25823620102,-8.360896531188));
#2947 = CARTESIAN_POINT('',(65.313839421444,-8.364502836671));
#2948 = CARTESIAN_POINT('',(65.369606991028,-8.365992314465));
#2949 = CARTESIAN_POINT('',(65.425402644433,-8.365347967322));
#2950 = CARTESIAN_POINT('',(65.481085663755,-8.362575601008));
#2951 = CARTESIAN_POINT('',(65.536540136561,-8.357704260901));
#2952 = CARTESIAN_POINT('',(65.591650090771,-8.350787060151));
#2953 = CARTESIAN_POINT('',(65.646305007539,-8.341897430441));
#2954 = CARTESIAN_POINT('',(65.700318668381,-8.331143290784));
#2955 = CARTESIAN_POINT('',(65.753760089849,-8.318596192799));
#2956 = CARTESIAN_POINT('',(65.806615318504,-8.304346885525));
#2957 = CARTESIAN_POINT('',(65.858867409662,-8.288487237633));
#2958 = CARTESIAN_POINT('',(65.910514928964,-8.271106797918));
#2959 = CARTESIAN_POINT('',(65.961567272082,-8.252293946331));
#2960 = CARTESIAN_POINT('',(66.012045286271,-8.232134729353));
#2961 = CARTESIAN_POINT('',(66.061967934387,-8.210712224608));
#2962 = CARTESIAN_POINT('',(66.111377133144,-8.188100593226));
#2963 = CARTESIAN_POINT('',(66.160235136802,-8.164359976313));
#2964 = CARTESIAN_POINT('',(66.208521264056,-8.139535915924));
#2965 = CARTESIAN_POINT('',(66.256215816876,-8.113666740873));
#2966 = CARTESIAN_POINT('',(66.303297136617,-8.086782861236));
#2967 = CARTESIAN_POINT('',(66.349747366299,-8.058906330652));
#2968 = CARTESIAN_POINT('',(66.395545987416,-8.03005298128));
#2969 = CARTESIAN_POINT('',(66.440671490117,-8.000231694989));
#2970 = CARTESIAN_POINT('',(66.485100250075,-7.969444887106));
#2971 = CARTESIAN_POINT('',(66.528808438837,-7.937687003649));
#2972 = CARTESIAN_POINT('',(66.5717604217,-7.90495272064));
#2973 = CARTESIAN_POINT('',(66.613925240621,-7.871224638769));
#2974 = CARTESIAN_POINT('',(66.655263092691,-7.836482658684));
#2975 = CARTESIAN_POINT('',(66.695726531887,-7.800703292338));
#2976 = CARTESIAN_POINT('',(66.73526002038,-7.763859920596));
#2977 = CARTESIAN_POINT('',(66.773799950471,-7.725922562239));
#2978 = CARTESIAN_POINT('',(66.811273960456,-7.686858216186));
#2979 = CARTESIAN_POINT('',(66.847602154414,-7.646628964484));
#2980 = CARTESIAN_POINT('',(66.882683609861,-7.605206384431));
#2981 = CARTESIAN_POINT('',(66.9164155399,-7.562557586255));
#2982 = CARTESIAN_POINT('',(66.948678981161,-7.518658225279));
#2983 = CARTESIAN_POINT('',(66.979340163349,-7.473489348512));
#2984 = CARTESIAN_POINT('',(67.008252034474,-7.427037286733));
#2985 = CARTESIAN_POINT('',(67.035252424652,-7.379302367829));
#2986 = CARTESIAN_POINT('',(67.060187742543,-7.330251478193));
#2987 = CARTESIAN_POINT('',(67.08285209969,-7.279940856644));
#2988 = CARTESIAN_POINT('',(67.103042214635,-7.228440874114));
#2989 = CARTESIAN_POINT('',(67.120557055145,-7.17584466216));
#2990 = CARTESIAN_POINT('',(67.135205389072,-7.122267956036));
#2991 = CARTESIAN_POINT('',(67.146811718102,-7.06785110294));
#2992 = CARTESIAN_POINT('',(67.155225585571,-7.012761957383));
#2993 = CARTESIAN_POINT('',(67.160323694095,-6.957193825285));
#2994 = CARTESIAN_POINT('',(67.161469185341,-6.919986667363));
#2995 = CARTESIAN_POINT('',(67.161465115252,-6.90138));
#2996 = ( GEOMETRIC_REPRESENTATION_CONTEXT(2) 
PARAMETRIC_REPRESENTATION_CONTEXT() REPRESENTATION_CONTEXT('2D SPACE',''
  ) );
#2997 = PCURVE('',#2240,#2998);
#2998 = DEFINITIONAL_REPRESENTATION('',(#2999),#3267);
#2999 = B_SPLINE_CURVE_WITH_KNOTS('',3,(#3000,#3001,#3002,#3003,#3004,
    #3005,#3006,#3007,#3008,#3009,#3010,#3011,#3012,#3013,#3014,#3015,
    #3016,#3017,#3018,#3019,#3020,#3021,#3022,#3023,#3024,#3025,#3026,
    #3027,#3028,#3029,#3030,#3031,#3032,#3033,#3034,#3035,#3036,#3037,
    #3038,#3039,#3040,#3041,#3042,#3043,#3044,#3045,#3046,#3047,#3048,
    #3049,#3050,#3051,#3052,#3053,#3054,#3055,#3056,#3057,#3058,#3059,
    #3060,#3061,#3062,#3063,#3064,#3065,#3066,#3067,#3068,#3069,#3070,
    #3071,#3072,#3073,#3074,#3075,#3076,#3077,#3078,#3079,#3080,#3081,
    #3082,#3083,#3084,#3085,#3086,#3087,#3088,#3089,#3090,#3091,#3092,
    #3093,#3094,#3095,#3096,#3097,#3098,#3099,#3100,#3101,#3102,#3103,
    #3104,#3105,#3106,#3107,#3108,#3109,#3110,#3111,#3112,#3113,#3114,
    #3115,#3116,#3117,#3118,#3119,#3120,#3121,#3122,#3123,#3124,#3125,
    #3126,#3127,#3128,#3129,#3130,#3131,#3132,#3133,#3134,#3135,#3136,
    #3137,#3138,#3139,#3140,#3141,#3142,#3143,#3144,#3145,#3146,#3147,
    #3148,#3149,#3150,#3151,#3152,#3153,#3154,#3155,#3156,#3157,#3158,
    #3159,#3160,#3161,#3162,#3163,#3164,#3165,#3166,#3167,#3168,#3169,
    #3170,#3171,#3172,#3173,#3174,#3175,#3176,#3177,#3178,#3179,#3180,
    #3181,#3182,#3183,#3184,#3185,#3186,#3187,#3188,#3189,#3190,#3191,
    #3192,#3193,#3194,#3195,#3196,#3197,#3198,#3199,#3200,#3201,#3202,
    #3203,#3204,#3205,#3206,#3207,#3208,#3209,#3210,#3211,#3212,#3213,
    #3214,#3215,#3216,#3217,#3218,#3219,#3220,#3221,#3222,#3223,#3224,
    #3225,#3226,#3227,#3228,#3229,#3230,#3231,#3232,#3233,#3234,#3235,
    #3236,#3237,#3238,#3239,#3240,#3241,#3242,#3243,#3244,#3245,#3246,
    #3247,#3248,#3249,#3250,#3251,#3252,#3253,#3254,#3255,#3256,#3257,
    #3258,#3259,#3260,#3261,#3262,#3263,#3264,#3265,#3266),
  .UNSPECIFIED.,.F.,.F.,(4,1,1,1,1,1,1,1,1,1,1,1,1,1,1,1,1,1,1,1,1,1,1,1
    ,1,1,1,1,1,1,1,1,1,1,1,1,1,1,1,1,1,1,1,1,1,1,1,1,1,1,1,1,1,1,1,1,1,1
    ,1,1,1,1,1,1,1,1,1,1,1,1,1,1,1,1,1,1,1,1,1,1,1,1,1,1,1,1,1,1,1,1,1,1
    ,1,1,1,1,1,1,1,1,1,1,1,1,1,1,1,1,1,1,1,1,1,1,1,1,1,1,1,1,1,1,1,1,1,1
    ,1,1,1,1,1,1,1,1,1,1,1,1,1,1,1,1,1,1,1,1,1,1,1,1,1,1,1,1,1,1,1,1,1,1
    ,1,1,1,1,1,1,1,1,1,1,1,1,1,1,1,1,1,1,1,1,1,1,1,1,1,1,1,1,1,1,1,1,1,1
    ,1,1,1,1,1,1,1,1,1,1,1,1,1,1,1,1,1,1,1,1,1,1,1,1,1,1,1,1,1,1,1,1,1,1
    ,1,1,1,1,1,1,1,1,1,1,1,1,1,1,1,1,1,1,1,1,1,1,1,1,1,1,1,1,1,1,1,1,1,1
    ,1,1,4),(0.,4.472213982398E-03,8.944427964796E-03,1.341664194719E-02
    ,1.788885592959E-02,2.236106991199E-02,2.683328389439E-02,
    3.130549787679E-02,3.577771185918E-02,4.024992584158E-02,
    4.472213982398E-02,4.919435380638E-02,5.366656778878E-02,
    5.813878177118E-02,6.261099575357E-02,6.708320973597E-02,
    7.155542371837E-02,7.602763770077E-02,8.049985168317E-02,
    8.497206566556E-02,8.944427964796E-02,9.391649363036E-02,
    9.838870761276E-02,0.102860921595,0.107333135578,0.11180534956,
    0.116277563542,0.120749777525,0.125221991507,0.12969420549,
    0.134166419472,0.138638633454,0.143110847437,0.147583061419,
    0.152055275402,0.156527489384,0.160999703366,0.165471917349,
    0.169944131331,0.174416345314,0.178888559296,0.183360773278,
    0.187832987261,0.192305201243,0.196777415226,0.201249629208,
    0.20572184319,0.210194057173,0.214666271155,0.219138485138,
    0.22361069912,0.228082913102,0.232555127085,0.237027341067,
    0.241499555049,0.245971769032,0.250443983014,0.254916196997,
    0.259388410979,0.263860624961,0.268332838944,0.272805052926,
    0.277277266909,0.281749480891,0.286221694873,0.290693908856,
    0.295166122838,0.299638336821,0.304110550803,0.308582764785,
    0.313054978768,0.31752719275,0.321999406733,0.326471620715,
    0.330943834697,0.33541604868,0.339888262662,0.344360476645,
    0.348832690627,0.353304904609,0.357777118592,0.362249332574,
    0.366721546557,0.371193760539,0.375665974521,0.380138188504,
    0.384610402486,0.389082616469,0.393554830451,0.398027044433,
    0.402499258416,0.406971472398,0.411443686381,0.415915900363,
    0.420388114345,0.424860328328,0.42933254231,0.433804756293,
    0.438276970275,0.442749184257,0.44722139824,0.451693612222,
    0.456165826205,0.460638040187,0.465110254169,0.469582468152,
    0.474054682134,0.478526896117,0.482999110099,0.487471324081,
    0.491943538064,0.496415752046,0.500887966029,0.505360180011,
    0.509832393993,0.514304607976,0.518776821958,0.523249035941,
    0.527721249923,0.532193463905,0.536665677888,0.54113789187,
    0.545610105853,0.550082319835,0.554554533817,0.5590267478,
    0.563498961782,0.567971175765,0.572443389747,0.576915603729,
    0.581387817712,0.585860031694,0.590332245677,0.594804459659,
    0.599276673641,0.603748887624,0.608221101606,0.612693315589,
    0.617165529571,0.621637743553,0.626109957536,0.630582171518,
    0.635054385501,0.639526599483,0.643998813465,0.648471027448,
    0.65294324143,0.657415455413,0.661887669395,0.666359883377,
    0.67083209736,0.675304311342,0.679776525325,0.684248739307,
    0.688720953289,0.693193167272,0.697665381254,0.702137595237,
    0.706609809219,0.711082023201,0.715554237184,0.720026451166,
    0.724498665148,0.728970879131,0.733443093113,0.737915307096,
    0.742387521078,0.74685973506,0.751331949043,0.755804163025,
    0.760276377008,0.76474859099,0.769220804972,0.773693018955,
    0.778165232937,0.78263744692,0.787109660902,0.791581874884,
    0.796054088867,0.800526302849,0.804998516832,0.809470730814,
    0.813942944796,0.818415158779,0.822887372761,0.827359586744,
    0.831831800726,0.836304014708,0.840776228691,0.845248442673,
    0.849720656656,0.854192870638,0.85866508462,0.863137298603,
    0.867609512585,0.872081726568,0.87655394055,0.881026154532,
    0.885498368515,0.889970582497,0.89444279648,0.898915010462,
    0.903387224444,0.907859438427,0.912331652409,0.916803866392,
    0.921276080374,0.925748294356,0.930220508339,0.934692722321,
    0.939164936304,0.943637150286,0.948109364268,0.952581578251,
    0.957053792233,0.961526006216,0.965998220198,0.97047043418,
    0.974942648163,0.979414862145,0.983887076128,0.98835929011,
    0.992831504092,0.997303718075,1.001775932057,1.00624814604,
    1.010720360022,1.015192574004,1.019664787987,1.024137001969,
    1.028609215952,1.033081429934,1.037553643916,1.042025857899,
    1.046498071881,1.050970285864,1.055442499846,1.059914713828,
    1.064386927811,1.068859141793,1.073331355776,1.077803569758,
    1.08227578374,1.086747997723,1.091220211705,1.095692425688,
    1.10016463967,1.104636853652,1.109109067635,1.113581281617,
    1.1180534956,1.122525709582,1.126997923564,1.131470137547,
    1.135942351529,1.140414565512,1.144886779494,1.149358993476,
    1.153831207459,1.158303421441,1.162775635424,1.167247849406,
    1.171720063388,1.176192277371,1.180664491353),
  .QUASI_UNIFORM_KNOTS.);
#3000 = CARTESIAN_POINT('',(6.28318530718,16.383460515341));
#3001 = CARTESIAN_POINT('',(6.277048955436,16.383460301202));
#3002 = CARTESIAN_POINT('',(6.264776292307,16.383670698553));
#3003 = CARTESIAN_POINT('',(6.246380264556,16.384614697116));
#3004 = CARTESIAN_POINT('',(6.228004763804,16.386184817594));
#3005 = CARTESIAN_POINT('',(6.209675850461,16.388372501288));
#3006 = CARTESIAN_POINT('',(6.191311938566,16.391184309942));
#3007 = CARTESIAN_POINT('',(6.172919762395,16.394619217306));
#3008 = CARTESIAN_POINT('',(6.154463204955,16.398684964562));
#3009 = CARTESIAN_POINT('',(6.136047839884,16.403355383517));
#3010 = CARTESIAN_POINT('',(6.117730749525,16.408602188204));
#3011 = CARTESIAN_POINT('',(6.099506536715,16.414411020619));
#3012 = CARTESIAN_POINT('',(6.081385183459,16.420762379623));
#3013 = CARTESIAN_POINT('',(6.063371263002,16.427636992395));
#3014 = CARTESIAN_POINT('',(6.045469587632,16.435014634555));
#3015 = CARTESIAN_POINT('',(6.027683728044,16.442874713042));
#3016 = CARTESIAN_POINT('',(6.010016576698,16.451196349305));
#3017 = CARTESIAN_POINT('',(5.992470151779,16.459958542875));
#3018 = CARTESIAN_POINT('',(5.975044865763,16.469140734234));
#3019 = CARTESIAN_POINT('',(5.957740743569,16.478722513363));
#3020 = CARTESIAN_POINT('',(5.940557200898,16.488683769726));
#3021 = CARTESIAN_POINT('',(5.923493133546,16.499004748653));
#3022 = CARTESIAN_POINT('',(5.906546919049,16.509666134289));
#3023 = CARTESIAN_POINT('',(5.889716446455,16.520649119858));
#3024 = CARTESIAN_POINT('',(5.872999108707,16.531935502122));
#3025 = CARTESIAN_POINT('',(5.856391903065,16.543507691728));
#3026 = CARTESIAN_POINT('',(5.839891122625,16.555349035824));
#3027 = CARTESIAN_POINT('',(5.823493843633,16.567442712486));
#3028 = CARTESIAN_POINT('',(5.807195999852,16.579773142835));
#3029 = CARTESIAN_POINT('',(5.790993402835,16.592325169762));
#3030 = CARTESIAN_POINT('',(5.774881899882,16.605084352328));
#3031 = CARTESIAN_POINT('',(5.758857229668,16.618036715385));
#3032 = CARTESIAN_POINT('',(5.742914908375,16.631168457467));
#3033 = CARTESIAN_POINT('',(5.727050164475,16.644465795175));
#3034 = CARTESIAN_POINT('',(5.711257974901,16.657915036515));
#3035 = CARTESIAN_POINT('',(5.695533140384,16.671502855867));
#3036 = CARTESIAN_POINT('',(5.679870468969,16.685216520545));
#3037 = CARTESIAN_POINT('',(5.66426443345,16.699044041984));
#3038 = CARTESIAN_POINT('',(5.648710105175,16.712972749165));
#3039 = CARTESIAN_POINT('',(5.633202275611,16.726990886761));
#3040 = CARTESIAN_POINT('',(5.61773538172,16.741087131256));
#3041 = CARTESIAN_POINT('',(5.602304037851,16.755250298409));
#3042 = CARTESIAN_POINT('',(5.586902874493,16.769469412792));
#3043 = CARTESIAN_POINT('',(5.571526568218,16.783733675143));
#3044 = CARTESIAN_POINT('',(5.556169799906,16.79803247637));
#3045 = CARTESIAN_POINT('',(5.540827308801,16.812355327145));
#3046 = CARTESIAN_POINT('',(5.525493635326,16.826692078481));
#3047 = CARTESIAN_POINT('',(5.510164013594,16.841032062792));
#3048 = CARTESIAN_POINT('',(5.494830977223,16.855367262032));
#3049 = CARTESIAN_POINT('',(5.479496963226,16.869680447043));
#3050 = CARTESIAN_POINT('',(5.464127211576,16.883989404981));
#3051 = CARTESIAN_POINT('',(5.448449411536,16.898531238473));
#3052 = CARTESIAN_POINT('',(5.432502630767,16.913250821224));
#3053 = CARTESIAN_POINT('',(5.416253925532,16.928158395575));
#3054 = CARTESIAN_POINT('',(5.399685334272,16.943248143925));
#3055 = CARTESIAN_POINT('',(5.382770334648,16.958519828414));
#3056 = CARTESIAN_POINT('',(5.365480130443,16.973972522454));
#3057 = CARTESIAN_POINT('',(5.347780917238,16.989606538926));
#3058 = CARTESIAN_POINT('',(5.329637126841,17.005420112124));
#3059 = CARTESIAN_POINT('',(5.310999463237,17.021418500352));
#3060 = CARTESIAN_POINT('',(5.291847440549,17.037578284436));
#3061 = CARTESIAN_POINT('',(5.272028730364,17.053978094208));
#3062 = CARTESIAN_POINT('',(5.251858738023,17.070306093394));
#3063 = CARTESIAN_POINT('',(5.231616050689,17.08630560454));
#3064 = CARTESIAN_POINT('',(5.211212278237,17.102018337536));
#3065 = CARTESIAN_POINT('',(5.19065776558,17.117405252461));
#3066 = CARTESIAN_POINT('',(5.169939153549,17.132447645548));
#3067 = CARTESIAN_POINT('',(5.149052794143,17.147119687406));
#3068 = CARTESIAN_POINT('',(5.127995366275,17.161395522311));
#3069 = CARTESIAN_POINT('',(5.106765492776,17.175247210382));
#3070 = CARTESIAN_POINT('',(5.085362375746,17.188645213284));
#3071 = CARTESIAN_POINT('',(5.063785491597,17.201558266028));
#3072 = CARTESIAN_POINT('',(5.042034397524,17.213953481416));
#3073 = CARTESIAN_POINT('',(5.020108950331,17.225796366149));
#3074 = CARTESIAN_POINT('',(4.998009550238,17.237051084195));
#3075 = CARTESIAN_POINT('',(4.975737863253,17.247679834555));
#3076 = CARTESIAN_POINT('',(4.9532951699,17.257645418293));
#3077 = CARTESIAN_POINT('',(4.930687289063,17.266901697531));
#3078 = CARTESIAN_POINT('',(4.907879425051,17.275465023489));
#3079 = CARTESIAN_POINT('',(4.884899284724,17.283247913927));
#3080 = CARTESIAN_POINT('',(4.861767251144,17.290184110477));
#3081 = CARTESIAN_POINT('',(4.838504900437,17.296213045372));
#3082 = CARTESIAN_POINT('',(4.815132872765,17.301284003572));
#3083 = CARTESIAN_POINT('',(4.791671598723,17.30535500752));
#3084 = CARTESIAN_POINT('',(4.76814126259,17.308393115986));
#3085 = CARTESIAN_POINT('',(4.744561971023,17.310374343952));
#3086 = CARTESIAN_POINT('',(4.72095386692,17.31128368422));
#3087 = CARTESIAN_POINT('',(4.697337256259,17.311115101092));
#3088 = CARTESIAN_POINT('',(4.673732732231,17.309871534046));
#3089 = CARTESIAN_POINT('',(4.650161286936,17.307564889345));
#3090 = CARTESIAN_POINT('',(4.626644460713,17.30421606994));
#3091 = CARTESIAN_POINT('',(4.603204334293,17.299854864229));
#3092 = CARTESIAN_POINT('',(4.579864089056,17.294520361136));
#3093 = CARTESIAN_POINT('',(4.556646425674,17.288259401025));
#3094 = CARTESIAN_POINT('',(4.533579951902,17.281132356972));
#3095 = CARTESIAN_POINT('',(4.510657794114,17.273178040136));
#3096 = CARTESIAN_POINT('',(4.4878885097,17.26444102794));
#3097 = CARTESIAN_POINT('',(4.465278532678,17.254964584394));
#3098 = CARTESIAN_POINT('',(4.442833495446,17.244790482081));
#3099 = CARTESIAN_POINT('',(4.420557853264,17.233959050004));
#3100 = CARTESIAN_POINT('',(4.398454977719,17.222509160206));
#3101 = CARTESIAN_POINT('',(4.376527137319,17.210478233439));
#3102 = CARTESIAN_POINT('',(4.354775523228,17.197902229873));
#3103 = CARTESIAN_POINT('',(4.333200266381,17.184815680588));
#3104 = CARTESIAN_POINT('',(4.311800499335,17.171251570897));
#3105 = CARTESIAN_POINT('',(4.290574299421,17.157241775563));
#3106 = CARTESIAN_POINT('',(4.269521447682,17.142814767742));
#3107 = CARTESIAN_POINT('',(4.248639084544,17.127996969291));
#3108 = CARTESIAN_POINT('',(4.22792300162,17.112814074791));
#3109 = CARTESIAN_POINT('',(4.207367346509,17.09729074048));
#3110 = CARTESIAN_POINT('',(4.186964556236,17.081450621653));
#3111 = CARTESIAN_POINT('',(4.166705690923,17.065316534122));
#3112 = CARTESIAN_POINT('',(4.146579008531,17.048909770978));
#3113 = CARTESIAN_POINT('',(4.126576377749,17.032253256502));
#3114 = CARTESIAN_POINT('',(4.1066881218,17.015368385972));
#3115 = CARTESIAN_POINT('',(4.086904068898,16.998276077174));
#3116 = CARTESIAN_POINT('',(4.067214229937,16.980997076439));
#3117 = CARTESIAN_POINT('',(4.047608571235,16.963551889173));
#3118 = CARTESIAN_POINT('',(4.028077031146,16.945960812389));
#3119 = CARTESIAN_POINT('',(4.008609466098,16.928243934723));
#3120 = CARTESIAN_POINT('',(3.98919563576,16.910421164516));
#3121 = CARTESIAN_POINT('',(3.969825103698,16.892512178148));
#3122 = CARTESIAN_POINT('',(3.950487439082,16.874536659307));
#3123 = CARTESIAN_POINT('',(3.931171301498,16.856513454256));
#3124 = CARTESIAN_POINT('',(3.911869533615,16.838465433914));
#3125 = CARTESIAN_POINT('',(3.89257008078,16.820411270838));
#3126 = CARTESIAN_POINT('',(3.873261618123,16.802370273526));
#3127 = CARTESIAN_POINT('',(3.853932996916,16.784362283079));
#3128 = CARTESIAN_POINT('',(3.834573311841,16.76640780475));
#3129 = CARTESIAN_POINT('',(3.815171834726,16.748527988972));
#3130 = CARTESIAN_POINT('',(3.795717995704,16.730744622092));
#3131 = CARTESIAN_POINT('',(3.776201348423,16.71308012249));
#3132 = CARTESIAN_POINT('',(3.756611527776,16.695557563337));
#3133 = CARTESIAN_POINT('',(3.736938197686,16.678200718708));
#3134 = CARTESIAN_POINT('',(3.717170992228,16.661034115433));
#3135 = CARTESIAN_POINT('',(3.697299476434,16.644083068117));
#3136 = CARTESIAN_POINT('',(3.677313090763,16.627373621969));
#3137 = CARTESIAN_POINT('',(3.657201305322,16.610932457398));
#3138 = CARTESIAN_POINT('',(3.636953259028,16.594786258927));
#3139 = CARTESIAN_POINT('',(3.616559734089,16.578962040477));
#3140 = CARTESIAN_POINT('',(3.596016320379,16.563491907582));
#3141 = CARTESIAN_POINT('',(3.575312956311,16.54840472225));
#3142 = CARTESIAN_POINT('',(3.554442185814,16.533732495426));
#3143 = CARTESIAN_POINT('',(3.533397169615,16.519508741729));
#3144 = CARTESIAN_POINT('',(3.512172228861,16.505768758713));
#3145 = CARTESIAN_POINT('',(3.49076272559,16.492549353451));
#3146 = CARTESIAN_POINT('',(3.469165138106,16.479888680288));
#3147 = CARTESIAN_POINT('',(3.447377102495,16.467826011526));
#3148 = CARTESIAN_POINT('',(3.425397484632,16.456401490176));
#3149 = CARTESIAN_POINT('',(3.403226460654,16.44565584649));
#3150 = CARTESIAN_POINT('',(3.380865635298,16.435630102223));
#3151 = CARTESIAN_POINT('',(3.358318107134,16.426365185195));
#3152 = CARTESIAN_POINT('',(3.335588818464,16.417901739895));
#3153 = CARTESIAN_POINT('',(3.312690482574,16.410281179719));
#3154 = CARTESIAN_POINT('',(3.289637122087,16.403542293634));
#3155 = CARTESIAN_POINT('',(3.266444352823,16.397720838981));
#3156 = CARTESIAN_POINT('',(3.24312944105,16.392848927174));
#3157 = CARTESIAN_POINT('',(3.219711433682,16.388954464245));
#3158 = CARTESIAN_POINT('',(3.196211345276,16.386060579079));
#3159 = CARTESIAN_POINT('',(3.17265216177,16.384185046086));
#3160 = CARTESIAN_POINT('',(3.149059630974,16.383339742389));
#3161 = CARTESIAN_POINT('',(3.125460192359,16.383529972546));
#3162 = CARTESIAN_POINT('',(3.101876102601,16.384754603818));
#3163 = CARTESIAN_POINT('',(3.078335815367,16.387005817959));
#3164 = CARTESIAN_POINT('',(3.054863301287,16.390269500015));
#3165 = CARTESIAN_POINT('',(3.031480881074,16.394525851109));
#3166 = CARTESIAN_POINT('',(3.00820869597,16.399749943502));
#3167 = CARTESIAN_POINT('',(2.985065053441,16.405912292037));
#3168 = CARTESIAN_POINT('',(2.962066529807,16.412979417794));
#3169 = CARTESIAN_POINT('',(2.93922805804,16.42091442651));
#3170 = CARTESIAN_POINT('',(2.916563200153,16.429677535728));
#3171 = CARTESIAN_POINT('',(2.894083573451,16.439226792266));
#3172 = CARTESIAN_POINT('',(2.87179256999,16.449521588593));
#3173 = CARTESIAN_POINT('',(2.849692584138,16.460520938039));
#3174 = CARTESIAN_POINT('',(2.827784424118,16.472183980546));
#3175 = CARTESIAN_POINT('',(2.806067618227,16.484470247445));
#3176 = CARTESIAN_POINT('',(2.784540445395,16.49733996773));
#3177 = CARTESIAN_POINT('',(2.763200071591,16.510754286333));
#3178 = CARTESIAN_POINT('',(2.74204243894,16.524675630022));
#3179 = CARTESIAN_POINT('',(2.721062942562,16.539067407976));
#3180 = CARTESIAN_POINT('',(2.700254113276,16.553896063152));
#3181 = CARTESIAN_POINT('',(2.679614404434,16.569124222953));
#3182 = CARTESIAN_POINT('',(2.659115478273,16.584736939059));
#3183 = CARTESIAN_POINT('',(2.638824319209,16.600644308439));
#3184 = CARTESIAN_POINT('',(2.618441155451,16.617050337988));
#3185 = CARTESIAN_POINT('',(2.597775185117,16.634095217007));
#3186 = CARTESIAN_POINT('',(2.576855335204,16.651739831891));
#3187 = CARTESIAN_POINT('',(2.555649030882,16.669991708109));
#3188 = CARTESIAN_POINT('',(2.534137718363,16.68884496811));
#3189 = CARTESIAN_POINT('',(2.512296365109,16.708296748347));
#3190 = CARTESIAN_POINT('',(2.490099423794,16.728341721411));
#3191 = CARTESIAN_POINT('',(2.467515957328,16.748975825064));
#3192 = CARTESIAN_POINT('',(2.444513485395,16.770192583667));
#3193 = CARTESIAN_POINT('',(2.421055210869,16.79198506859));
#3194 = CARTESIAN_POINT('',(2.397098594301,16.814346465259));
#3195 = CARTESIAN_POINT('',(2.37259479828,16.837269586966));
#3196 = CARTESIAN_POINT('',(2.347489542393,16.860745019521));
#3197 = CARTESIAN_POINT('',(2.321716930984,16.884765795783));
#3198 = CARTESIAN_POINT('',(2.295197702736,16.909326804339));
#3199 = CARTESIAN_POINT('',(2.267849898591,16.93441243508));
#3200 = CARTESIAN_POINT('',(2.239569197624,16.960012647244));
#3201 = CARTESIAN_POINT('',(2.21020378324,16.986138203781));
#3202 = CARTESIAN_POINT('',(2.179659062525,17.012729871482));
#3203 = CARTESIAN_POINT('',(2.147485979178,17.039983761756));
#3204 = CARTESIAN_POINT('',(2.115004002658,17.066606697945));
#3205 = CARTESIAN_POINT('',(2.082173586754,17.092516122832));
#3206 = CARTESIAN_POINT('',(2.048950520793,17.11761580056));
#3207 = CARTESIAN_POINT('',(2.015301489185,17.141807246993));
#3208 = CARTESIAN_POINT('',(1.981206644431,17.164983929013));
#3209 = CARTESIAN_POINT('',(1.946658457124,17.187029810016));
#3210 = CARTESIAN_POINT('',(1.911649750891,17.207817596256));
#3211 = CARTESIAN_POINT('',(1.876181668567,17.22720655743));
#3212 = CARTESIAN_POINT('',(1.840255560232,17.245038240454));
#3213 = CARTESIAN_POINT('',(1.803883724659,17.261148884901));
#3214 = CARTESIAN_POINT('',(1.767088973715,17.275367162726));
#3215 = CARTESIAN_POINT('',(1.729904049117,17.287514111144));
#3216 = CARTESIAN_POINT('',(1.692376759747,17.297405661412));
#3217 = CARTESIAN_POINT('',(1.654550868953,17.304842590806));
#3218 = CARTESIAN_POINT('',(1.616503382676,17.309621791345));
#3219 = CARTESIAN_POINT('',(1.578342362894,17.311623323914));
#3220 = CARTESIAN_POINT('',(1.540161601061,17.310791322655));
#3221 = CARTESIAN_POINT('',(1.502054032385,17.307139253368));
#3222 = CARTESIAN_POINT('',(1.464109211693,17.300747262374));
#3223 = CARTESIAN_POINT('',(1.426418219444,17.291767522647));
#3224 = CARTESIAN_POINT('',(1.389065103058,17.280405500439));
#3225 = CARTESIAN_POINT('',(1.352164923914,17.266989542639));
#3226 = CARTESIAN_POINT('',(1.315680914953,17.251626844561));
#3227 = CARTESIAN_POINT('',(1.279630587565,17.234481259873));
#3228 = CARTESIAN_POINT('',(1.244030857099,17.215723338816));
#3229 = CARTESIAN_POINT('',(1.208889456871,17.195508106663));
#3230 = CARTESIAN_POINT('',(1.17420730026,17.173980576008));
#3231 = CARTESIAN_POINT('',(1.139978082118,17.151275919156));
#3232 = CARTESIAN_POINT('',(1.106198547521,17.127514503157));
#3233 = CARTESIAN_POINT('',(1.072852266134,17.102804492719));
#3234 = CARTESIAN_POINT('',(1.039912856826,17.077248795917));
#3235 = CARTESIAN_POINT('',(1.007339355414,17.050941592846));
#3236 = CARTESIAN_POINT('',(0.975090876094,17.023976356548));
#3237 = CARTESIAN_POINT('',(0.943127658285,16.996443492508));
#3238 = CARTESIAN_POINT('',(0.911406892673,16.968430064984));
#3239 = CARTESIAN_POINT('',(0.879886604334,16.940022080159));
#3240 = CARTESIAN_POINT('',(0.848524026065,16.911303921158));
#3241 = CARTESIAN_POINT('',(0.817275883309,16.88235896788));
#3242 = CARTESIAN_POINT('',(0.786096565601,16.853268325716));
#3243 = CARTESIAN_POINT('',(0.75494581398,16.824118741949));
#3244 = CARTESIAN_POINT('',(0.723776361521,16.794991706768));
#3245 = CARTESIAN_POINT('',(0.692542903677,16.765972533152));
#3246 = CARTESIAN_POINT('',(0.661200783142,16.737149849733));
#3247 = CARTESIAN_POINT('',(0.629705774275,16.708616079557));
#3248 = CARTESIAN_POINT('',(0.598013467663,16.680467530303));
#3249 = CARTESIAN_POINT('',(0.56607916008,16.652805026493));
#3250 = CARTESIAN_POINT('',(0.533856051709,16.625732736011));
#3251 = CARTESIAN_POINT('',(0.501306191426,16.599369225449));
#3252 = CARTESIAN_POINT('',(0.468388546166,16.573827369644));
#3253 = CARTESIAN_POINT('',(0.43506874033,16.549229024831));
#3254 = CARTESIAN_POINT('',(0.401315655941,16.525707295118));
#3255 = CARTESIAN_POINT('',(0.367100825345,16.503404545451));
#3256 = CARTESIAN_POINT('',(0.332403944114,16.482473672706));
#3257 = CARTESIAN_POINT('',(0.297178416925,16.463059921769));
#3258 = CARTESIAN_POINT('',(0.261439089329,16.445347625977));
#3259 = CARTESIAN_POINT('',(0.225205758476,16.429517943963));
#3260 = CARTESIAN_POINT('',(0.188509347449,16.415748447805));
#3261 = CARTESIAN_POINT('',(0.151391447215,16.404206857997));
#3262 = CARTESIAN_POINT('',(0.113905753271,16.395046054056));
#3263 = CARTESIAN_POINT('',(7.612022023084E-02,16.388396325944));
#3264 = CARTESIAN_POINT('',(3.8116474286E-02,16.384363876734));
#3265 = CARTESIAN_POINT('',(1.270670652975E-02,16.383457005368));
#3266 = CARTESIAN_POINT('',(8.881784197001E-16,16.383460515341));
#3267 = ( GEOMETRIC_REPRESENTATION_CONTEXT(2) 
PARAMETRIC_REPRESENTATION_CONTEXT() REPRESENTATION_CONTEXT('2D SPACE',''
  ) );
#3268 = ORIENTED_EDGE('',*,*,#3269,.F.);
#3269 = EDGE_CURVE('',#3270,#2517,#3272,.T.);
#3270 = VERTEX_POINT('',#3271);
#3271 = CARTESIAN_POINT('',(0.366075,-12.69678536381,12.08575));
#3272 = SURFACE_CURVE('',#3273,(#3279,#3288),.PCURVE_S1.);
#3273 = B_SPLINE_CURVE_WITH_KNOTS('',4,(#3274,#3275,#3276,#3277,#3278),
  .UNSPECIFIED.,.F.,.F.,(5,5),(0.,1.),.PIECEWISE_BEZIER_KNOTS.);
#3274 = CARTESIAN_POINT('',(0.366075,-12.69678536381,12.08575));
#3275 = CARTESIAN_POINT('',(0.366075,-12.69678536381,9.793625));
#3276 = CARTESIAN_POINT('',(0.366075,-12.69678536381,7.5015));
#3277 = CARTESIAN_POINT('',(0.366075,-12.69678536381,5.209375));
#3278 = CARTESIAN_POINT('',(0.366075,-12.69678536381,2.91725));
#3279 = PCURVE('',#368,#3280);
#3280 = DEFINITIONAL_REPRESENTATION('',(#3281),#3287);
#3281 = B_SPLINE_CURVE_WITH_KNOTS('',4,(#3282,#3283,#3284,#3285,#3286),
  .UNSPECIFIED.,.F.,.F.,(5,5),(0.,1.),.PIECEWISE_BEZIER_KNOTS.);
#3282 = CARTESIAN_POINT('',(65.750199741587,-10.41875));
#3283 = CARTESIAN_POINT('',(65.750199741587,-8.126625));
#3284 = CARTESIAN_POINT('',(65.750199741587,-5.8345));
#3285 = CARTESIAN_POINT('',(65.750199741587,-3.542375));
#3286 = CARTESIAN_POINT('',(65.750199741587,-1.25025));
#3287 = ( GEOMETRIC_REPRESENTATION_CONTEXT(2) 
PARAMETRIC_REPRESENTATION_CONTEXT() REPRESENTATION_CONTEXT('2D SPACE',''
  ) );
#3288 = PCURVE('',#3289,#3294);
#3289 = PLANE('',#3290);
#3290 = AXIS2_PLACEMENT_3D('',#3291,#3292,#3293);
#3291 = CARTESIAN_POINT('',(0.366075,-12.90068,2.91725));
#3292 = DIRECTION('',(1.,0.,0.));
#3293 = DIRECTION('',(0.,0.,1.));
#3294 = DEFINITIONAL_REPRESENTATION('',(#3295),#3301);
#3295 = B_SPLINE_CURVE_WITH_KNOTS('',4,(#3296,#3297,#3298,#3299,#3300),
  .UNSPECIFIED.,.F.,.F.,(5,5),(0.,1.),.PIECEWISE_BEZIER_KNOTS.);
#3296 = CARTESIAN_POINT('',(9.1685,-0.203894636185));
#3297 = CARTESIAN_POINT('',(6.876375,-0.203894636185));
#3298 = CARTESIAN_POINT('',(4.58425,-0.203894636185));
#3299 = CARTESIAN_POINT('',(2.292125,-0.203894636185));
#3300 = CARTESIAN_POINT('',(0.,-0.203894636185));
#3301 = ( GEOMETRIC_REPRESENTATION_CONTEXT(2) 
PARAMETRIC_REPRESENTATION_CONTEXT() REPRESENTATION_CONTEXT('2D SPACE',''
  ) );
#3302 = ORIENTED_EDGE('',*,*,#3303,.T.);
#3303 = EDGE_CURVE('',#3270,#3304,#3306,.T.);
#3304 = VERTEX_POINT('',#3305);
#3305 = CARTESIAN_POINT('',(-0.366075,-12.69678536381,12.08575));
#3306 = SURFACE_CURVE('',#3307,(#3314,#3324),.PCURVE_S1.);
#3307 = B_SPLINE_CURVE_WITH_KNOTS('',5,(#3308,#3309,#3310,#3311,#3312,
    #3313),.UNSPECIFIED.,.F.,.F.,(6,6),(0.,1.),
  .PIECEWISE_BEZIER_KNOTS.);
#3308 = CARTESIAN_POINT('',(0.366075,-12.69678536381,12.08575));
#3309 = CARTESIAN_POINT('',(0.223833454757,-12.74139356362,12.08575));
#3310 = CARTESIAN_POINT('',(7.493527994369E-02,-12.76851662508,12.08575)
  );
#3311 = CARTESIAN_POINT('',(-7.492083552246E-02,-12.76852276699,12.08575
    ));
#3312 = CARTESIAN_POINT('',(-0.223850988777,-12.7413880648,12.08575));
#3313 = CARTESIAN_POINT('',(-0.366075,-12.69678536381,12.08575));
#3314 = PCURVE('',#368,#3315);
#3315 = DEFINITIONAL_REPRESENTATION('',(#3316),#3323);
#3316 = B_SPLINE_CURVE_WITH_KNOTS('',5,(#3317,#3318,#3319,#3320,#3321,
    #3322),.UNSPECIFIED.,.F.,.F.,(6,6),(0.,1.),
  .PIECEWISE_BEZIER_KNOTS.);
#3317 = CARTESIAN_POINT('',(65.750199741587,-10.41875));
#3318 = CARTESIAN_POINT('',(65.603184342854,-10.41875));
#3319 = CARTESIAN_POINT('',(65.454519291229,-10.41875));
#3320 = CARTESIAN_POINT('',(65.306764458135,-10.41875));
#3321 = CARTESIAN_POINT('',(65.158066417953,-10.41875));
#3322 = CARTESIAN_POINT('',(65.01106914171,-10.41875));
#3323 = ( GEOMETRIC_REPRESENTATION_CONTEXT(2) 
PARAMETRIC_REPRESENTATION_CONTEXT() REPRESENTATION_CONTEXT('2D SPACE',''
  ) );
#3324 = PCURVE('',#3325,#3330);
#3325 = PLANE('',#3326);
#3326 = AXIS2_PLACEMENT_3D('',#3327,#3328,#3329);
#3327 = CARTESIAN_POINT('',(-0.366075,-12.90068,12.08575));
#3328 = DIRECTION('',(0.,0.,1.));
#3329 = DIRECTION('',(1.,0.,0.));
#3330 = DEFINITIONAL_REPRESENTATION('',(#3331),#3338);
#3331 = B_SPLINE_CURVE_WITH_KNOTS('',5,(#3332,#3333,#3334,#3335,#3336,
    #3337),.UNSPECIFIED.,.F.,.F.,(6,6),(0.,1.),
  .PIECEWISE_BEZIER_KNOTS.);
#3332 = CARTESIAN_POINT('',(0.73215,0.203894636185));
#3333 = CARTESIAN_POINT('',(0.589908454757,0.159286436377));
#3334 = CARTESIAN_POINT('',(0.441010279944,0.132163374919));
#3335 = CARTESIAN_POINT('',(0.291154164478,0.132157233002));
#3336 = CARTESIAN_POINT('',(0.142224011223,0.1592919352));
#3337 = CARTESIAN_POINT('',(0.,0.203894636185));
#3338 = ( GEOMETRIC_REPRESENTATION_CONTEXT(2) 
PARAMETRIC_REPRESENTATION_CONTEXT() REPRESENTATION_CONTEXT('2D SPACE',''
  ) );
#3339 = ORIENTED_EDGE('',*,*,#3340,.T.);
#3340 = EDGE_CURVE('',#3304,#3341,#3343,.T.);
#3341 = VERTEX_POINT('',#3342);
#3342 = CARTESIAN_POINT('',(-0.366075,-12.69678640349,9.98618326007));
#3343 = SURFACE_CURVE('',#3344,(#3350,#3359),.PCURVE_S1.);
#3344 = B_SPLINE_CURVE_WITH_KNOTS('',4,(#3345,#3346,#3347,#3348,#3349),
  .UNSPECIFIED.,.F.,.F.,(5,5),(0.,1.),.PIECEWISE_BEZIER_KNOTS.);
#3345 = CARTESIAN_POINT('',(-0.366075,-12.69678536381,12.08575));
#3346 = CARTESIAN_POINT('',(-0.366075,-12.69678536381,9.793625));
#3347 = CARTESIAN_POINT('',(-0.366075,-12.69678536381,7.5015));
#3348 = CARTESIAN_POINT('',(-0.366075,-12.69678536381,5.209375));
#3349 = CARTESIAN_POINT('',(-0.366075,-12.69678536381,2.91725));
#3350 = PCURVE('',#368,#3351);
#3351 = DEFINITIONAL_REPRESENTATION('',(#3352),#3358);
#3352 = B_SPLINE_CURVE_WITH_KNOTS('',4,(#3353,#3354,#3355,#3356,#3357),
  .UNSPECIFIED.,.F.,.F.,(5,5),(0.,1.),.PIECEWISE_BEZIER_KNOTS.);
#3353 = CARTESIAN_POINT('',(65.01106914171,-10.41875));
#3354 = CARTESIAN_POINT('',(65.01106914171,-8.126625));
#3355 = CARTESIAN_POINT('',(65.01106914171,-5.8345));
#3356 = CARTESIAN_POINT('',(65.01106914171,-3.542375));
#3357 = CARTESIAN_POINT('',(65.01106914171,-1.25025));
#3358 = ( GEOMETRIC_REPRESENTATION_CONTEXT(2) 
PARAMETRIC_REPRESENTATION_CONTEXT() REPRESENTATION_CONTEXT('2D SPACE',''
  ) );
#3359 = PCURVE('',#3360,#3365);
#3360 = PLANE('',#3361);
#3361 = AXIS2_PLACEMENT_3D('',#3362,#3363,#3364);
#3362 = CARTESIAN_POINT('',(-0.366075,-12.90068,2.91725));
#3363 = DIRECTION('',(1.,0.,0.));
#3364 = DIRECTION('',(0.,0.,1.));
#3365 = DEFINITIONAL_REPRESENTATION('',(#3366),#3372);
#3366 = B_SPLINE_CURVE_WITH_KNOTS('',4,(#3367,#3368,#3369,#3370,#3371),
  .UNSPECIFIED.,.F.,.F.,(5,5),(0.,1.),.PIECEWISE_BEZIER_KNOTS.);
#3367 = CARTESIAN_POINT('',(9.1685,-0.203894636185));
#3368 = CARTESIAN_POINT('',(6.876375,-0.203894636185));
#3369 = CARTESIAN_POINT('',(4.58425,-0.203894636185));
#3370 = CARTESIAN_POINT('',(2.292125,-0.203894636185));
#3371 = CARTESIAN_POINT('',(0.,-0.203894636185));
#3372 = ( GEOMETRIC_REPRESENTATION_CONTEXT(2) 
PARAMETRIC_REPRESENTATION_CONTEXT() REPRESENTATION_CONTEXT('2D SPACE',''
  ) );
#3373 = ORIENTED_EDGE('',*,*,#3374,.F.);
#3374 = EDGE_CURVE('',#3375,#3341,#3377,.T.);
#3375 = VERTEX_POINT('',#3376);
#3376 = CARTESIAN_POINT('',(-0.366075,-12.69678319625,7.150579899175));
#3377 = SURFACE_CURVE('',#3378,(#3584,#3855),.PCURVE_S1.);
#3378 = B_SPLINE_CURVE_WITH_KNOTS('',8,(#3379,#3380,#3381,#3382,#3383,
    #3384,#3385,#3386,#3387,#3388,#3389,#3390,#3391,#3392,#3393,#3394,
    #3395,#3396,#3397,#3398,#3399,#3400,#3401,#3402,#3403,#3404,#3405,
    #3406,#3407,#3408,#3409,#3410,#3411,#3412,#3413,#3414,#3415,#3416,
    #3417,#3418,#3419,#3420,#3421,#3422,#3423,#3424,#3425,#3426,#3427,
    #3428,#3429,#3430,#3431,#3432,#3433,#3434,#3435,#3436,#3437,#3438,
    #3439,#3440,#3441,#3442,#3443,#3444,#3445,#3446,#3447,#3448,#3449,
    #3450,#3451,#3452,#3453,#3454,#3455,#3456,#3457,#3458,#3459,#3460,
    #3461,#3462,#3463,#3464,#3465,#3466,#3467,#3468,#3469,#3470,#3471,
    #3472,#3473,#3474,#3475,#3476,#3477,#3478,#3479,#3480,#3481,#3482,
    #3483,#3484,#3485,#3486,#3487,#3488,#3489,#3490,#3491,#3492,#3493,
    #3494,#3495,#3496,#3497,#3498,#3499,#3500,#3501,#3502,#3503,#3504,
    #3505,#3506,#3507,#3508,#3509,#3510,#3511,#3512,#3513,#3514,#3515,
    #3516,#3517,#3518,#3519,#3520,#3521,#3522,#3523,#3524,#3525,#3526,
    #3527,#3528,#3529,#3530,#3531,#3532,#3533,#3534,#3535,#3536,#3537,
    #3538,#3539,#3540,#3541,#3542,#3543,#3544,#3545,#3546,#3547,#3548,
    #3549,#3550,#3551,#3552,#3553,#3554,#3555,#3556,#3557,#3558,#3559,
    #3560,#3561,#3562,#3563,#3564,#3565,#3566,#3567,#3568,#3569,#3570,
    #3571,#3572,#3573,#3574,#3575,#3576,#3577,#3578,#3579,#3580,#3581,
    #3582,#3583),.UNSPECIFIED.,.T.,.F.,(9,7,7,7,7,7,7,7,7,7,7,7,7,7,7,7,
    7,7,7,7,7,7,7,7,7,7,7,7,7,9),(0.,1.569942605335E-02,
    3.073842922771E-02,6.439738090252E-02,0.110364158453,0.160442978501,
    0.215933153636,0.268157717424,0.337872333759,0.413632826568,
    0.462063492644,0.494960649713,0.543755669735,0.613721832693,
    0.670622026814,0.712055979708,0.755861163028,0.813604477686,
    0.844672339724,0.873150901964,0.901625883835,0.932184957661,
    0.962190313129,1.,1.025195828333,1.04564684464,1.07593364172,
    1.111245460242,1.138585936438,1.180664491353),.UNSPECIFIED.);
#3379 = CARTESIAN_POINT('',(1.4643,-11.82786051534,8.56838));
#3380 = CARTESIAN_POINT('',(1.464299999909,-11.82786051545,
    8.556551009452));
#3381 = CARTESIAN_POINT('',(1.464190818902,-11.82799914482,
    8.544722944794));
#3382 = CARTESIAN_POINT('',(1.463972432449,-11.82827643307,
    8.532898444874));
#3383 = CARTESIAN_POINT('',(1.463644960557,-11.82869217746,
    8.521080476114));
#3384 = CARTESIAN_POINT('',(1.463208667774,-11.82924594287,
    8.509272332516));
#3385 = CARTESIAN_POINT('',(1.462663963183,-11.82993706181,
    8.497477635659));
#3386 = CARTESIAN_POINT('',(1.462011400408,-11.83076463441,
    8.485700334702));
#3387 = CARTESIAN_POINT('',(1.460523913836,-11.83264991667,
    8.462683598421));
#3388 = CARTESIAN_POINT('',(1.459696470955,-11.8336981854,8.45142120731)
  );
#3389 = CARTESIAN_POINT('',(1.458769112862,-11.83487241832,
    8.440157540803));
#3390 = CARTESIAN_POINT('',(1.45774156367,-11.83617270409,8.428892608034
    ));
#3391 = CARTESIAN_POINT('',(1.456613507713,-11.83759913628,
    8.417626419513));
#3392 = CARTESIAN_POINT('',(1.455384589542,-11.83915181338,
    8.406358987131));
#3393 = CARTESIAN_POINT('',(1.454054413928,-11.84083083884,
    8.395090324154));
#3394 = CARTESIAN_POINT('',(1.449417866833,-11.84667718967,
    8.358597210304));
#3395 = CARTESIAN_POINT('',(1.445727200126,-11.85132198177,
    8.333552282126));
#3396 = CARTESIAN_POINT('',(1.44156225864,-11.85655117947,8.308713623538
    ));
#3397 = CARTESIAN_POINT('',(1.436936363736,-11.8623423866,8.28410514423)
  );
#3398 = CARTESIAN_POINT('',(1.431863966645,-11.86867106823,
    8.259746988293));
#3399 = CARTESIAN_POINT('',(1.426360169884,-11.87551129026,
    8.235655821756));
#3400 = CARTESIAN_POINT('',(1.420440248673,-11.88283645895,
    8.211845120141));
#3401 = CARTESIAN_POINT('',(1.405486713663,-11.90124983542,
    8.156205526073));
#3402 = CARTESIAN_POINT('',(1.396106389825,-11.91273427228,8.12462962112
    ));
#3403 = CARTESIAN_POINT('',(1.386015771419,-11.92500633986,
    8.093620787893));
#3404 = CARTESIAN_POINT('',(1.375251249661,-11.93799957277,
    8.063193805038));
#3405 = CARTESIAN_POINT('',(1.363847145346,-11.9516493758,8.033356182283
    ));
#3406 = CARTESIAN_POINT('',(1.351834817821,-11.96589432822,
    8.004109159627));
#3407 = CARTESIAN_POINT('',(1.339241773943,-11.98067748811,7.97544870652
    ));
#3408 = CARTESIAN_POINT('',(1.311763333567,-12.01258392976,
    7.916772192106));
#3409 = CARTESIAN_POINT('',(1.29677491727,-12.02979624025,7.886866852066
    ));
#3410 = CARTESIAN_POINT('',(1.281156099268,-12.04752117178,
    7.857640314688));
#3411 = CARTESIAN_POINT('',(1.264929137681,-12.06568356567,
    7.829075102639));
#3412 = CARTESIAN_POINT('',(1.248124237946,-12.08425598961,
    7.801170983029));
#3413 = CARTESIAN_POINT('',(1.23074807008,-12.10314898654,7.77389541401)
  );
#3414 = CARTESIAN_POINT('',(1.212816148853,-12.12232625725,7.74723928171
    ));
#3415 = CARTESIAN_POINT('',(1.173852036319,-12.16323902176,
    7.692309814871));
#3416 = CARTESIAN_POINT('',(1.152696405968,-12.18502582118,
    7.664176037438));
#3417 = CARTESIAN_POINT('',(1.130873622804,-12.20702787921,
    7.636756961114));
#3418 = CARTESIAN_POINT('',(1.108386969,-12.2291816611,7.610032121553));
#3419 = CARTESIAN_POINT('',(1.085235181096,-12.25142634021,
    7.583984540489));
#3420 = CARTESIAN_POINT('',(1.061412413847,-12.27370345496,
    7.558600608073));
#3421 = CARTESIAN_POINT('',(1.036908204075,-12.29595656571,
    7.533869965217));
#3422 = CARTESIAN_POINT('',(0.987989736866,-12.33900029158,
    7.487118190455));
#3423 = CARTESIAN_POINT('',(0.963029549451,-12.36034986008,7.46442597843
    ));
#3424 = CARTESIAN_POINT('',(0.936733214365,-12.38215033851,
    7.441730801011));
#3425 = CARTESIAN_POINT('',(0.908962108783,-12.40438721735,
    7.419035252151));
#3426 = CARTESIAN_POINT('',(0.879528298569,-12.42706099614,
    7.396326740517));
#3427 = CARTESIAN_POINT('',(0.848180561952,-12.45017971462,
    7.373587837348));
#3428 = CARTESIAN_POINT('',(0.814580783262,-12.47374377515,
    7.350812700277));
#3429 = CARTESIAN_POINT('',(0.72980037685,-12.52973302018,7.29761635654)
  );
#3430 = CARTESIAN_POINT('',(0.679298357072,-12.56062908299,
    7.268947700145));
#3431 = CARTESIAN_POINT('',(0.626747857546,-12.59017131952,
    7.242139907302));
#3432 = CARTESIAN_POINT('',(0.571717574817,-12.61813279707,
    7.217166618323));
#3433 = CARTESIAN_POINT('',(0.514773025245,-12.64420978232,7.19454863912
    ));
#3434 = CARTESIAN_POINT('',(0.455604691885,-12.66801497611,
    7.174291370697));
#3435 = CARTESIAN_POINT('',(0.394520721917,-12.68913553962,
    7.156752283677));
#3436 = CARTESIAN_POINT('',(0.263351407406,-12.72662059459,
    7.126249922557));
#3437 = CARTESIAN_POINT('',(0.192664657995,-12.74275058684,
    7.113748608397));
#3438 = CARTESIAN_POINT('',(0.120250540872,-12.75423973836,
    7.105093792722));
#3439 = CARTESIAN_POINT('',(4.678055268747E-02,-12.76027853703,
    7.100587461846));
#3440 = CARTESIAN_POINT('',(-2.70513704771E-02,-12.76049733356,
    7.100370788129));
#3441 = CARTESIAN_POINT('',(-0.100528853113,-12.75496634152,
    7.104424129986));
#3442 = CARTESIAN_POINT('',(-0.172913080284,-12.74419563729,
    7.112567031878));
#3443 = CARTESIAN_POINT('',(-0.288529637244,-12.71950759679,
    7.132059790109));
#3444 = CARTESIAN_POINT('',(-0.332919390906,-12.70809821552,
    7.141203445331));
#3445 = CARTESIAN_POINT('',(-0.376507274764,-12.69508147539,
    7.151807129275));
#3446 = CARTESIAN_POINT('',(-0.419207982849,-12.68061993451,
    7.163789360776));
#3447 = CARTESIAN_POINT('',(-0.460955687075,-12.66486425001,
    7.177069238211));
#3448 = CARTESIAN_POINT('',(-0.501704037239,-12.64795317808,7.1915664395
    ));
#3449 = CARTESIAN_POINT('',(-0.541426161018,-12.63001357394,
    7.207201222108));
#3450 = CARTESIAN_POINT('',(-0.60639433058,-12.59835412373,
    7.235233495938));
#3451 = CARTESIAN_POINT('',(-0.632194252913,-12.58512642967,
    7.247062781661));
#3452 = CARTESIAN_POINT('',(-0.657508831532,-12.5715102187,
    7.259357140886));
#3453 = CARTESIAN_POINT('',(-0.682336538134,-12.5575366915,
    7.272094855583));
#3454 = CARTESIAN_POINT('',(-0.706679915552,-12.54323534042,
    7.285257629022));
#3455 = CARTESIAN_POINT('',(-0.730545577749,-12.52863394943,
    7.298830585767));
#3456 = CARTESIAN_POINT('',(-0.753944209825,-12.51375859418,
    7.312802271681));
#3457 = CARTESIAN_POINT('',(-0.810925971272,-12.47619941314,
    7.348467793508));
#3458 = CARTESIAN_POINT('',(-0.843956816885,-12.45321974512,
    7.370626523195));
#3459 = CARTESIAN_POINT('',(-0.876016043492,-12.42977744264,
    7.393610394882));
#3460 = CARTESIAN_POINT('',(-0.90713426388,-12.40595313791,
    7.417397119813));
#3461 = CARTESIAN_POINT('',(-0.937339574437,-12.38182552329,
    7.441972673359));
#3462 = CARTESIAN_POINT('',(-0.96665736461,-12.35747158394,
    7.467331399802));
#3463 = CARTESIAN_POINT('',(-0.995110126362,-12.33296683051,
    7.493476117115));
#3464 = CARTESIAN_POINT('',(-1.062302562773,-12.2731389198,
    7.559049944452));
#3465 = CARTESIAN_POINT('',(-1.100132197057,-12.23774926319,
    7.599304530634));
#3466 = CARTESIAN_POINT('',(-1.136278722687,-12.20243069731,7.6412283894
    ));
#3467 = CARTESIAN_POINT('',(-1.170766933393,-12.16739173451,
    7.684872897515));
#3468 = CARTESIAN_POINT('',(-1.203599599641,-12.13291817649,
    7.730330290402));
#3469 = CARTESIAN_POINT('',(-1.234723735779,-12.0992320278,
    7.777657602573));
#3470 = CARTESIAN_POINT('',(-1.264080058674,-12.06668694227,
    7.826980292461));
#3471 = CARTESIAN_POINT('',(-1.313881938887,-12.01026798856,
    7.920201216556));
#3472 = CARTESIAN_POINT('',(-1.334957355157,-11.98592322258,
    7.963372457247));
#3473 = CARTESIAN_POINT('',(-1.35470934971,-11.96270495595,
    8.007955815868));
#3474 = CARTESIAN_POINT('',(-1.373047009538,-11.94081220055,
    8.053980629399));
#3475 = CARTESIAN_POINT('',(-1.389854689177,-11.92047400164,
    8.101451090419));
#3476 = CARTESIAN_POINT('',(-1.404998264602,-11.90194140409,
    8.150339265269));
#3477 = CARTESIAN_POINT('',(-1.418333906706,-11.88547328036,
    8.20057468496));
#3478 = CARTESIAN_POINT('',(-1.438010118145,-11.86100689442,
    8.289499944818));
#3479 = CARTESIAN_POINT('',(-1.445266750018,-11.85192307453,
    8.327616802509));
#3480 = CARTESIAN_POINT('',(-1.451430366994,-11.84416494006,
    8.366311010407));
#3481 = CARTESIAN_POINT('',(-1.456446310399,-11.83782454659,
    8.405498761632));
#3482 = CARTESIAN_POINT('',(-1.460267867827,-11.83297982915,
    8.445081516008));
#3483 = CARTESIAN_POINT('',(-1.462859975087,-11.82968880581,
    8.484945002151));
#3484 = CARTESIAN_POINT('',(-1.46420291816,-11.8279837811,8.524958219561
    ));
#3485 = CARTESIAN_POINT('',(-1.464394481136,-11.82774055173,
    8.607276642234));
#3486 = CARTESIAN_POINT('',(-1.463095951217,-11.82938913951,
    8.649600068361));
#3487 = CARTESIAN_POINT('',(-1.46039891981,-11.83281420864,
    8.691765188571));
#3488 = CARTESIAN_POINT('',(-1.45632595226,-11.83797881028,
    8.733616687066));
#3489 = CARTESIAN_POINT('',(-1.450918851693,-11.84481376382,
    8.775020133665));
#3490 = CARTESIAN_POINT('',(-1.444233805876,-11.85322526973,
    8.815860654684));
#3491 = CARTESIAN_POINT('',(-1.43633653408,-11.86310252236,
    8.856041603827));
#3492 = CARTESIAN_POINT('',(-1.415382232025,-11.88911904456,
    8.947474578279));
#3493 = CARTESIAN_POINT('',(-1.401482441282,-11.9062516369,
    8.998184663922));
#3494 = CARTESIAN_POINT('',(-1.38574692543,-11.92546401332,
    9.047492121105));
#3495 = CARTESIAN_POINT('',(-1.368324200629,-11.94648700848,
    9.095332102801));
#3496 = CARTESIAN_POINT('',(-1.349351360651,-11.96906163447,
    9.141682152957));
#3497 = CARTESIAN_POINT('',(-1.328945420355,-11.99295309921,
    9.186551610166));
#3498 = CARTESIAN_POINT('',(-1.307197077464,-12.01795858688,
    9.229974545901));
#3499 = CARTESIAN_POINT('',(-1.271775871982,-12.05787089581,
    9.294620713092));
#3500 = CARTESIAN_POINT('',(-1.25879073352,-12.07235764197,
    9.317239423152));
#3501 = CARTESIAN_POINT('',(-1.245189480589,-12.08737060287,
    9.339860266745));
#3502 = CARTESIAN_POINT('',(-1.230945918062,-12.10290744326,
    9.362483542607));
#3503 = CARTESIAN_POINT('',(-1.216029974956,-12.11896491871,
    9.385110130941));
#3504 = CARTESIAN_POINT('',(-1.200407364595,-12.13553996779,
    9.407740456728));
#3505 = CARTESIAN_POINT('',(-1.184038582319,-12.15262890635,
    9.430374234375));
#3506 = CARTESIAN_POINT('',(-1.151146182949,-12.18635404755,
    9.473761129581));
#3507 = CARTESIAN_POINT('',(-1.134747691267,-12.20291117702,
    9.494515901275));
#3508 = CARTESIAN_POINT('',(-1.117646482757,-12.21989010269,
    9.515273295699));
#3509 = CARTESIAN_POINT('',(-1.099801441841,-12.2372858772,
    9.536033539403));
#3510 = CARTESIAN_POINT('',(-1.081163837816,-12.25509377613,
    9.556798025791));
#3511 = CARTESIAN_POINT('',(-1.061675542365,-12.27330845845,
    9.577568242346));
#3512 = CARTESIAN_POINT('',(-1.041267247051,-12.29192312687,
    9.598344697859));
#3513 = CARTESIAN_POINT('',(-0.998448806373,-12.32993186021,
    9.639904388818));
#3514 = CARTESIAN_POINT('',(-0.976027454254,-12.34933560952,
    9.660698364521));
#3515 = CARTESIAN_POINT('',(-0.952518863803,-12.36912234551,
    9.681496351327));
#3516 = CARTESIAN_POINT('',(-0.927822125566,-12.38928251994,
    9.702297576519));
#3517 = CARTESIAN_POINT('',(-0.901806030684,-12.40981413199,
    9.723109080178));
#3518 = CARTESIAN_POINT('',(-0.874301477261,-12.43071873387,
    9.743940201402));
#3519 = CARTESIAN_POINT('',(-0.845089433733,-12.4519939371,
    9.764794390649));
#3520 = CARTESIAN_POINT('',(-0.780395583837,-12.49683389645,
    9.808049344715));
#3521 = CARTESIAN_POINT('',(-0.745902263818,-12.51955449391,
    9.829586969189));
#3522 = CARTESIAN_POINT('',(-0.710392477525,-12.54169844743,
    9.850237392545));
#3523 = CARTESIAN_POINT('',(-0.673806097425,-12.56318007399,
    9.86997735669));
#3524 = CARTESIAN_POINT('',(-0.636103590961,-12.58390904054,
    9.888761727779));
#3525 = CARTESIAN_POINT('',(-0.597292429217,-12.60378551025,
    9.906514393137));
#3526 = CARTESIAN_POINT('',(-0.557411203383,-12.62269516642,
    9.923142501874));
#3527 = CARTESIAN_POINT('',(-0.47627350683,-12.65799037057,
    9.953725982902));
#3528 = CARTESIAN_POINT('',(-0.435066892702,-12.67441896427,
    9.967725587916));
#3529 = CARTESIAN_POINT('',(-0.3928679362,-12.68965570026,9.980485907142
    ));
#3530 = CARTESIAN_POINT('',(-0.349718949629,-12.70355769696,
    9.99192278545));
#3531 = CARTESIAN_POINT('',(-0.30568822803,-12.71597338611,
    10.00195486964));
#3532 = CARTESIAN_POINT('',(-0.260870049172,-12.72674251276,
    10.010503608442));
#3533 = CARTESIAN_POINT('',(-0.215384673561,-12.73569613527,
    10.017493252515));
#3534 = CARTESIAN_POINT('',(-0.111405863473,-12.75142752458,
    10.029601957653));
#3535 = CARTESIAN_POINT('',(-5.255589324579E-02,-12.75701861363,
    10.033773846589));
#3536 = CARTESIAN_POINT('',(6.754422615706E-03,-12.75904336581,
    10.035236623824));
#3537 = CARTESIAN_POINT('',(6.612195190341E-02,-12.75732208148,
    10.033931261443));
#3538 = CARTESIAN_POINT('',(0.125157573838,-12.75188188799,
    10.029869601045));
#3539 = CARTESIAN_POINT('',(0.183486179069,-12.74295673968,
    10.023134353745));
#3540 = CARTESIAN_POINT('',(0.240746669673,-12.73098741791,
    10.013879100174));
#3541 = CARTESIAN_POINT('',(0.33380645215,-12.70704831181,9.994630998003
    ));
#3542 = CARTESIAN_POINT('',(0.370466799306,-12.69632324524,
    9.985895315706));
#3543 = CARTESIAN_POINT('',(0.406520209329,-12.68454613576,
    9.976171401249));
#3544 = CARTESIAN_POINT('',(0.441923412536,-12.67181024979,
    9.965508479932));
#3545 = CARTESIAN_POINT('',(0.476642660865,-12.65820231572,
    9.953954844688));
#3546 = CARTESIAN_POINT('',(0.510653727871,-12.6438025239,9.941557856084
    ));
#3547 = CARTESIAN_POINT('',(0.543941908727,-12.62868452664,
    9.928363942326));
#3548 = CARTESIAN_POINT('',(0.602930497288,-12.60011594296,
    9.903099406454));
#3549 = CARTESIAN_POINT('',(0.628876749782,-12.5868884568,9.891284023074
    ));
#3550 = CARTESIAN_POINT('',(0.65433451033,-12.57326654844,9.878998145155
    ));
#3551 = CARTESIAN_POINT('',(0.679301754129,-12.55928199013,
    9.866263990538));
#3552 = CARTESIAN_POINT('',(0.703780698949,-12.54496475768,
    9.853100298858));
#3553 = CARTESIAN_POINT('',(0.727777805133,-12.53034303043,
    9.839522331549));
#3554 = CARTESIAN_POINT('',(0.751303775599,-12.51544319129,
    9.825541871841));
#3555 = CARTESIAN_POINT('',(0.808538594005,-12.47784855182,
    9.789879186416));
#3556 = CARTESIAN_POINT('',(0.841693578241,-12.45485506073,
    9.767730492151));
#3557 = CARTESIAN_POINT('',(0.87387162129,-12.43139279395,9.744752225752
    ));
#3558 = CARTESIAN_POINT('',(0.905103553445,-12.40754297907,
    9.720967219505));
#3559 = CARTESIAN_POINT('',(0.93541772381,-12.38338485783,9.696389949422
    ));
#3560 = CARTESIAN_POINT('',(0.964839801556,-12.3589959134,9.671026430474
    ));
#3561 = CARTESIAN_POINT('',(0.993392577185,-12.33445209753,
    9.644874111811));
#3562 = CARTESIAN_POINT('',(1.053395313172,-12.28111853052,
    9.586497645845));
#3563 = CARTESIAN_POINT('',(1.084533104992,-12.25230608298,
    9.553992498381));
#3564 = CARTESIAN_POINT('',(1.114543733985,-12.2235067992,9.520386216153
    ));
#3565 = CARTESIAN_POINT('',(1.143445519472,-12.19484337736,
    9.485650442194));
#3566 = CARTESIAN_POINT('',(1.171242414498,-12.16644632832,9.4497496264)
  );
#3567 = CARTESIAN_POINT('',(1.197924779343,-12.13845512169,9.41264120458
    ));
#3568 = CARTESIAN_POINT('',(1.223469019396,-12.1110192792,9.374274906205
    ));
#3569 = CARTESIAN_POINT('',(1.266702497329,-12.06361133328,9.30386573626
    ));
#3570 = CARTESIAN_POINT('',(1.284859059479,-12.04335655356,
    9.272357359047));
#3571 = CARTESIAN_POINT('',(1.302289411012,-12.02361343843,
    9.240036615609));
#3572 = CARTESIAN_POINT('',(1.318961903851,-12.00445193945,
    9.206887441237));
#3573 = CARTESIAN_POINT('',(1.334839943278,-11.98595961583,
    9.172893381564));
#3574 = CARTESIAN_POINT('',(1.349880683644,-11.96823550491,
    9.138041649591));
#3575 = CARTESIAN_POINT('',(1.364032156939,-11.95137887981,
    9.102329900152));
#3576 = CARTESIAN_POINT('',(1.397564857403,-11.91106131679,
    9.009478392551));
#3577 = CARTESIAN_POINT('',(1.415677200449,-11.88890883901,
    8.951098651127));
#3578 = CARTESIAN_POINT('',(1.43133078907,-11.86948435466,8.890708566055
    ));
#3579 = CARTESIAN_POINT('',(1.44426250049,-11.85325474191,8.828478248943
    ));
#3580 = CARTESIAN_POINT('',(1.454208269977,-11.84067486157,
    8.764674995405));
#3581 = CARTESIAN_POINT('',(1.460936807467,-11.83213038914,
    8.699681906868));
#3582 = CARTESIAN_POINT('',(1.4643,-11.82786051534,8.634020885177));
#3583 = CARTESIAN_POINT('',(1.4643,-11.82786051534,8.56838));
#3584 = PCURVE('',#368,#3585);
#3585 = DEFINITIONAL_REPRESENTATION('',(#3586),#3854);
#3586 = B_SPLINE_CURVE_WITH_KNOTS('',3,(#3587,#3588,#3589,#3590,#3591,
    #3592,#3593,#3594,#3595,#3596,#3597,#3598,#3599,#3600,#3601,#3602,
    #3603,#3604,#3605,#3606,#3607,#3608,#3609,#3610,#3611,#3612,#3613,
    #3614,#3615,#3616,#3617,#3618,#3619,#3620,#3621,#3622,#3623,#3624,
    #3625,#3626,#3627,#3628,#3629,#3630,#3631,#3632,#3633,#3634,#3635,
    #3636,#3637,#3638,#3639,#3640,#3641,#3642,#3643,#3644,#3645,#3646,
    #3647,#3648,#3649,#3650,#3651,#3652,#3653,#3654,#3655,#3656,#3657,
    #3658,#3659,#3660,#3661,#3662,#3663,#3664,#3665,#3666,#3667,#3668,
    #3669,#3670,#3671,#3672,#3673,#3674,#3675,#3676,#3677,#3678,#3679,
    #3680,#3681,#3682,#3683,#3684,#3685,#3686,#3687,#3688,#3689,#3690,
    #3691,#3692,#3693,#3694,#3695,#3696,#3697,#3698,#3699,#3700,#3701,
    #3702,#3703,#3704,#3705,#3706,#3707,#3708,#3709,#3710,#3711,#3712,
    #3713,#3714,#3715,#3716,#3717,#3718,#3719,#3720,#3721,#3722,#3723,
    #3724,#3725,#3726,#3727,#3728,#3729,#3730,#3731,#3732,#3733,#3734,
    #3735,#3736,#3737,#3738,#3739,#3740,#3741,#3742,#3743,#3744,#3745,
    #3746,#3747,#3748,#3749,#3750,#3751,#3752,#3753,#3754,#3755,#3756,
    #3757,#3758,#3759,#3760,#3761,#3762,#3763,#3764,#3765,#3766,#3767,
    #3768,#3769,#3770,#3771,#3772,#3773,#3774,#3775,#3776,#3777,#3778,
    #3779,#3780,#3781,#3782,#3783,#3784,#3785,#3786,#3787,#3788,#3789,
    #3790,#3791,#3792,#3793,#3794,#3795,#3796,#3797,#3798,#3799,#3800,
    #3801,#3802,#3803,#3804,#3805,#3806,#3807,#3808,#3809,#3810,#3811,
    #3812,#3813,#3814,#3815,#3816,#3817,#3818,#3819,#3820,#3821,#3822,
    #3823,#3824,#3825,#3826,#3827,#3828,#3829,#3830,#3831,#3832,#3833,
    #3834,#3835,#3836,#3837,#3838,#3839,#3840,#3841,#3842,#3843,#3844,
    #3845,#3846,#3847,#3848,#3849,#3850,#3851,#3852,#3853),
  .UNSPECIFIED.,.T.,.F.,(4,1,1,1,1,1,1,1,1,1,1,1,1,1,1,1,1,1,1,1,1,1,1,1
    ,1,1,1,1,1,1,1,1,1,1,1,1,1,1,1,1,1,1,1,1,1,1,1,1,1,1,1,1,1,1,1,1,1,1
    ,1,1,1,1,1,1,1,1,1,1,1,1,1,1,1,1,1,1,1,1,1,1,1,1,1,1,1,1,1,1,1,1,1,1
    ,1,1,1,1,1,1,1,1,1,1,1,1,1,1,1,1,1,1,1,1,1,1,1,1,1,1,1,1,1,1,1,1,1,1
    ,1,1,1,1,1,1,1,1,1,1,1,1,1,1,1,1,1,1,1,1,1,1,1,1,1,1,1,1,1,1,1,1,1,1
    ,1,1,1,1,1,1,1,1,1,1,1,1,1,1,1,1,1,1,1,1,1,1,1,1,1,1,1,1,1,1,1,1,1,1
    ,1,1,1,1,1,1,1,1,1,1,1,1,1,1,1,1,1,1,1,1,1,1,1,1,1,1,1,1,1,1,1,1,1,1
    ,1,1,1,1,1,1,1,1,1,1,1,1,1,1,1,1,1,1,1,1,1,1,1,1,1,1,1,1,1,1,1,1,1,1
    ,1,1,4),(0.,4.472213982398E-03,8.944427964796E-03,1.341664194719E-02
    ,1.788885592959E-02,2.236106991199E-02,2.683328389439E-02,
    3.130549787679E-02,3.577771185918E-02,4.024992584158E-02,
    4.472213982398E-02,4.919435380638E-02,5.366656778878E-02,
    5.813878177118E-02,6.261099575357E-02,6.708320973597E-02,
    7.155542371837E-02,7.602763770077E-02,8.049985168317E-02,
    8.497206566556E-02,8.944427964796E-02,9.391649363036E-02,
    9.838870761276E-02,0.102860921595,0.107333135578,0.11180534956,
    0.116277563542,0.120749777525,0.125221991507,0.12969420549,
    0.134166419472,0.138638633454,0.143110847437,0.147583061419,
    0.152055275402,0.156527489384,0.160999703366,0.165471917349,
    0.169944131331,0.174416345314,0.178888559296,0.183360773278,
    0.187832987261,0.192305201243,0.196777415226,0.201249629208,
    0.20572184319,0.210194057173,0.214666271155,0.219138485138,
    0.22361069912,0.228082913102,0.232555127085,0.237027341067,
    0.241499555049,0.245971769032,0.250443983014,0.254916196997,
    0.259388410979,0.263860624961,0.268332838944,0.272805052926,
    0.277277266909,0.281749480891,0.286221694873,0.290693908856,
    0.295166122838,0.299638336821,0.304110550803,0.308582764785,
    0.313054978768,0.31752719275,0.321999406733,0.326471620715,
    0.330943834697,0.33541604868,0.339888262662,0.344360476645,
    0.348832690627,0.353304904609,0.357777118592,0.362249332574,
    0.366721546557,0.371193760539,0.375665974521,0.380138188504,
    0.384610402486,0.389082616469,0.393554830451,0.398027044433,
    0.402499258416,0.406971472398,0.411443686381,0.415915900363,
    0.420388114345,0.424860328328,0.42933254231,0.433804756293,
    0.438276970275,0.442749184257,0.44722139824,0.451693612222,
    0.456165826205,0.460638040187,0.465110254169,0.469582468152,
    0.474054682134,0.478526896117,0.482999110099,0.487471324081,
    0.491943538064,0.496415752046,0.500887966029,0.505360180011,
    0.509832393993,0.514304607976,0.518776821958,0.523249035941,
    0.527721249923,0.532193463905,0.536665677888,0.54113789187,
    0.545610105853,0.550082319835,0.554554533817,0.5590267478,
    0.563498961782,0.567971175765,0.572443389747,0.576915603729,
    0.581387817712,0.585860031694,0.590332245677,0.594804459659,
    0.599276673641,0.603748887624,0.608221101606,0.612693315589,
    0.617165529571,0.621637743553,0.626109957536,0.630582171518,
    0.635054385501,0.639526599483,0.643998813465,0.648471027448,
    0.65294324143,0.657415455413,0.661887669395,0.666359883377,
    0.67083209736,0.675304311342,0.679776525325,0.684248739307,
    0.688720953289,0.693193167272,0.697665381254,0.702137595237,
    0.706609809219,0.711082023201,0.715554237184,0.720026451166,
    0.724498665148,0.728970879131,0.733443093113,0.737915307096,
    0.742387521078,0.74685973506,0.751331949043,0.755804163025,
    0.760276377008,0.76474859099,0.769220804972,0.773693018955,
    0.778165232937,0.78263744692,0.787109660902,0.791581874884,
    0.796054088867,0.800526302849,0.804998516832,0.809470730814,
    0.813942944796,0.818415158779,0.822887372761,0.827359586744,
    0.831831800726,0.836304014708,0.840776228691,0.845248442673,
    0.849720656656,0.854192870638,0.85866508462,0.863137298603,
    0.867609512585,0.872081726568,0.87655394055,0.881026154532,
    0.885498368515,0.889970582497,0.89444279648,0.898915010462,
    0.903387224444,0.907859438427,0.912331652409,0.916803866392,
    0.921276080374,0.925748294356,0.930220508339,0.934692722321,
    0.939164936304,0.943637150286,0.948109364268,0.952581578251,
    0.957053792233,0.961526006216,0.965998220198,0.97047043418,
    0.974942648163,0.979414862145,0.983887076128,0.98835929011,
    0.992831504092,0.997303718075,1.001775932057,1.00624814604,
    1.010720360022,1.015192574004,1.019664787987,1.024137001969,
    1.028609215952,1.033081429934,1.037553643916,1.042025857899,
    1.046498071881,1.050970285864,1.055442499846,1.059914713828,
    1.064386927811,1.068859141793,1.073331355776,1.077803569758,
    1.08227578374,1.086747997723,1.091220211705,1.095692425688,
    1.10016463967,1.104636853652,1.109109067635,1.113581281617,
    1.1180534956,1.122525709582,1.126997923564,1.131470137547,
    1.135942351529,1.140414565512,1.144886779494,1.149358993476,
    1.153831207459,1.158303421441,1.162775635424,1.167247849406,
    1.171720063388,1.176192277371,1.180664491353),
  .QUASI_UNIFORM_KNOTS.);
#3587 = CARTESIAN_POINT('',(67.161465115252,-6.90138));
#3588 = CARTESIAN_POINT('',(67.161465366497,-6.892394533682));
#3589 = CARTESIAN_POINT('',(67.161199498329,-6.874423683307));
#3590 = CARTESIAN_POINT('',(67.160006356588,-6.847495502842));
#3591 = CARTESIAN_POINT('',(67.158021472147,-6.820615600177));
#3592 = CARTESIAN_POINT('',(67.15525505673,-6.793830987671));
#3593 = CARTESIAN_POINT('',(67.151697986084,-6.767031444592));
#3594 = CARTESIAN_POINT('',(67.14735047219,-6.740236031092));
#3595 = CARTESIAN_POINT('',(67.142201349054,-6.713401645588));
#3596 = CARTESIAN_POINT('',(67.136282133688,-6.686691099015));
#3597 = CARTESIAN_POINT('',(67.129626850781,-6.660195348065));
#3598 = CARTESIAN_POINT('',(67.122251677048,-6.633914261837));
#3599 = CARTESIAN_POINT('',(67.114179112038,-6.607869620414));
#3600 = CARTESIAN_POINT('',(67.105431184155,-6.582074935314));
#3601 = CARTESIAN_POINT('',(67.096030957003,-6.55654364923));
#3602 = CARTESIAN_POINT('',(67.086001801683,-6.531286996722));
#3603 = CARTESIAN_POINT('',(67.075367308451,-6.506314841813));
#3604 = CARTESIAN_POINT('',(67.064151084412,-6.481635401175));
#3605 = CARTESIAN_POINT('',(67.052376030301,-6.457254249355));
#3606 = CARTESIAN_POINT('',(67.040064749456,-6.433176089302));
#3607 = CARTESIAN_POINT('',(67.027239351995,-6.409404456634));
#3608 = CARTESIAN_POINT('',(67.013921388401,-6.385941873626));
#3609 = CARTESIAN_POINT('',(67.000131747255,-6.36278988019));
#3610 = CARTESIAN_POINT('',(66.985890570765,-6.339949107184));
#3611 = CARTESIAN_POINT('',(66.971217138528,-6.317419303393));
#3612 = CARTESIAN_POINT('',(66.956129863945,-6.295199505495));
#3613 = CARTESIAN_POINT('',(66.940645874981,-6.273287682423));
#3614 = CARTESIAN_POINT('',(66.92478246562,-6.25168270978));
#3615 = CARTESIAN_POINT('',(66.908555248923,-6.230381841275));
#3616 = CARTESIAN_POINT('',(66.891979127304,-6.209382123149));
#3617 = CARTESIAN_POINT('',(66.875068173323,-6.188680597248));
#3618 = CARTESIAN_POINT('',(66.857835747141,-6.168274139518));
#3619 = CARTESIAN_POINT('',(66.840294646928,-6.14815934033));
#3620 = CARTESIAN_POINT('',(66.822456933358,-6.128332450219));
#3621 = CARTESIAN_POINT('',(66.804334118713,-6.108789453525));
#3622 = CARTESIAN_POINT('',(66.785936988707,-6.089526192675));
#3623 = CARTESIAN_POINT('',(66.767275535846,-6.070538619019));
#3624 = CARTESIAN_POINT('',(66.748358660468,-6.051822406203));
#3625 = CARTESIAN_POINT('',(66.729195770552,-6.03337405483));
#3626 = CARTESIAN_POINT('',(66.709795095985,-6.015189894115));
#3627 = CARTESIAN_POINT('',(66.690164017066,-5.997265993871));
#3628 = CARTESIAN_POINT('',(66.670309593798,-5.979598811041));
#3629 = CARTESIAN_POINT('',(66.650238430494,-5.962185011822));
#3630 = CARTESIAN_POINT('',(66.629956725796,-5.945021520488));
#3631 = CARTESIAN_POINT('',(66.609470244421,-5.928105485861));
#3632 = CARTESIAN_POINT('',(66.58878441529,-5.911434350465));
#3633 = CARTESIAN_POINT('',(66.567904001128,-5.895005591308));
#3634 = CARTESIAN_POINT('',(66.546834354677,-5.878817671465));
#3635 = CARTESIAN_POINT('',(66.525576756025,-5.862866476837));
#3636 = CARTESIAN_POINT('',(66.504145838116,-5.847158601403));
#3637 = CARTESIAN_POINT('',(66.482504577939,-5.831661753311));
#3638 = CARTESIAN_POINT('',(66.460275517714,-5.816113890811));
#3639 = CARTESIAN_POINT('',(66.437517006437,-5.800573131698));
#3640 = CARTESIAN_POINT('',(66.4141870401,-5.785025761708));
#3641 = CARTESIAN_POINT('',(66.390264821213,-5.769475711396));
#3642 = CARTESIAN_POINT('',(66.365717855864,-5.7539208898));
#3643 = CARTESIAN_POINT('',(66.340510792447,-5.738360098383));
#3644 = CARTESIAN_POINT('',(66.31460159957,-5.722791056939));
#3645 = CARTESIAN_POINT('',(66.28794647069,-5.707213691189));
#3646 = CARTESIAN_POINT('',(66.260482292787,-5.691621551469));
#3647 = CARTESIAN_POINT('',(66.232189933347,-5.676035735208));
#3648 = CARTESIAN_POINT('',(66.202856491866,-5.660380952972));
#3649 = CARTESIAN_POINT('',(66.172964242207,-5.644952671017));
#3650 = CARTESIAN_POINT('',(66.142944591085,-5.629983014691));
#3651 = CARTESIAN_POINT('',(66.112686053949,-5.615420705895));
#3652 = CARTESIAN_POINT('',(66.082222572181,-5.601292366635));
#3653 = CARTESIAN_POINT('',(66.051555177776,-5.587606968608));
#3654 = CARTESIAN_POINT('',(66.020687927423,-5.574381528073));
#3655 = CARTESIAN_POINT('',(65.989610265263,-5.561633645561));
#3656 = CARTESIAN_POINT('',(65.958317288724,-5.54938266033));
#3657 = CARTESIAN_POINT('',(65.92680437607,-5.537648523114));
#3658 = CARTESIAN_POINT('',(65.89506786159,-5.52645150101));
#3659 = CARTESIAN_POINT('',(65.86310447174,-5.515811968901));
#3660 = CARTESIAN_POINT('',(65.830911609056,-5.505750484466));
#3661 = CARTESIAN_POINT('',(65.798487521662,-5.496287948052));
#3662 = CARTESIAN_POINT('',(65.76583241934,-5.487445804357));
#3663 = CARTESIAN_POINT('',(65.732945683804,-5.47924553127));
#3664 = CARTESIAN_POINT('',(65.699835009295,-5.471708867203));
#3665 = CARTESIAN_POINT('',(65.666437168355,-5.464844978525));
#3666 = CARTESIAN_POINT('',(65.632801188596,-5.458685117057));
#3667 = CARTESIAN_POINT('',(65.598958845334,-5.453254231244));
#3668 = CARTESIAN_POINT('',(65.564941449841,-5.448574798891));
#3669 = CARTESIAN_POINT('',(65.530776495893,-5.444665800187));
#3670 = CARTESIAN_POINT('',(65.496489809801,-5.441542992882));
#3671 = CARTESIAN_POINT('',(65.462106324695,-5.43921883855));
#3672 = CARTESIAN_POINT('',(65.427651349892,-5.437702522357));
#3673 = CARTESIAN_POINT('',(65.393151690714,-5.436999947731));
#3674 = CARTESIAN_POINT('',(65.358637230842,-5.437113737907));
#3675 = CARTESIAN_POINT('',(65.32414093567,-5.438043235087));
#3676 = CARTESIAN_POINT('',(65.289693215782,-5.439784502246));
#3677 = CARTESIAN_POINT('',(65.255323388788,-5.442330316758));
#3678 = CARTESIAN_POINT('',(65.221060611377,-5.445670194072));
#3679 = CARTESIAN_POINT('',(65.186935746896,-5.449790299396));
#3680 = CARTESIAN_POINT('',(65.152979703408,-5.454673777276));
#3681 = CARTESIAN_POINT('',(65.119234558203,-5.460299521597));
#3682 = CARTESIAN_POINT('',(65.085688497566,-5.466650931808));
#3683 = CARTESIAN_POINT('',(65.052352225958,-5.473705903915));
#3684 = CARTESIAN_POINT('',(65.019233404766,-5.481442993654));
#3685 = CARTESIAN_POINT('',(64.986338353365,-5.48984066974));
#3686 = CARTESIAN_POINT('',(64.953671564089,-5.498877514019));
#3687 = CARTESIAN_POINT('',(64.921235824594,-5.508532167602));
#3688 = CARTESIAN_POINT('',(64.889032192348,-5.518783346182));
#3689 = CARTESIAN_POINT('',(64.857060012791,-5.529609832625));
#3690 = CARTESIAN_POINT('',(64.825316941196,-5.540990491302));
#3691 = CARTESIAN_POINT('',(64.793798913812,-5.552904218153));
#3692 = CARTESIAN_POINT('',(64.76250030871,-5.565330126118));
#3693 = CARTESIAN_POINT('',(64.731417452255,-5.578249548587));
#3694 = CARTESIAN_POINT('',(64.700542447984,-5.591643153627));
#3695 = CARTESIAN_POINT('',(64.669864535638,-5.605494118671));
#3696 = CARTESIAN_POINT('',(64.639391818696,-5.619787427251));
#3697 = CARTESIAN_POINT('',(64.609132800814,-5.63451010813));
#3698 = CARTESIAN_POINT('',(64.579093174153,-5.64965098204));
#3699 = CARTESIAN_POINT('',(64.549274830502,-5.665201435594));
#3700 = CARTESIAN_POINT('',(64.519684796481,-5.681151946054));
#3701 = CARTESIAN_POINT('',(64.490327868272,-5.697495226234));
#3702 = CARTESIAN_POINT('',(64.461208209461,-5.714225228894));
#3703 = CARTESIAN_POINT('',(64.432330382029,-5.731336813157));
#3704 = CARTESIAN_POINT('',(64.403699086892,-5.748825839978));
#3705 = CARTESIAN_POINT('',(64.375319252394,-5.76668915117));
#3706 = CARTESIAN_POINT('',(64.347196022126,-5.784924585161));
#3707 = CARTESIAN_POINT('',(64.319334797969,-5.803530962253));
#3708 = CARTESIAN_POINT('',(64.291741163249,-5.822508155165));
#3709 = CARTESIAN_POINT('',(64.264421230509,-5.841856848922));
#3710 = CARTESIAN_POINT('',(64.237380410904,-5.86157945808));
#3711 = CARTESIAN_POINT('',(64.210630605532,-5.881674843185));
#3712 = CARTESIAN_POINT('',(64.184177709739,-5.902147566434));
#3713 = CARTESIAN_POINT('',(64.158029317646,-5.923002208987));
#3714 = CARTESIAN_POINT('',(64.132194230428,-5.944243868194));
#3715 = CARTESIAN_POINT('',(64.106682619116,-5.965878033872));
#3716 = CARTESIAN_POINT('',(64.081505973893,-5.987910592972));
#3717 = CARTESIAN_POINT('',(64.056677098311,-6.010347791218));
#3718 = CARTESIAN_POINT('',(64.032210099033,-6.03319621726));
#3719 = CARTESIAN_POINT('',(64.008120396146,-6.056462802181));
#3720 = CARTESIAN_POINT('',(63.984424750282,-6.080154835483));
#3721 = CARTESIAN_POINT('',(63.961141298489,-6.104279992663));
#3722 = CARTESIAN_POINT('',(63.93828958657,-6.128846339686));
#3723 = CARTESIAN_POINT('',(63.915890553018,-6.153862359354));
#3724 = CARTESIAN_POINT('',(63.893966497714,-6.179336709968));
#3725 = CARTESIAN_POINT('',(63.872540766159,-6.205278639884));
#3726 = CARTESIAN_POINT('',(63.851639016559,-6.231695417752));
#3727 = CARTESIAN_POINT('',(63.831293467878,-6.258587936231));
#3728 = CARTESIAN_POINT('',(63.81153220483,-6.285964279961));
#3729 = CARTESIAN_POINT('',(63.792387618524,-6.313828976235));
#3730 = CARTESIAN_POINT('',(63.77389421645,-6.342185448686));
#3731 = CARTESIAN_POINT('',(63.756088997929,-6.371035205799));
#3732 = CARTESIAN_POINT('',(63.739011103118,-6.400377883703));
#3733 = CARTESIAN_POINT('',(63.722701617168,-6.430211039283));
#3734 = CARTESIAN_POINT('',(63.707203292174,-6.460529989995));
#3735 = CARTESIAN_POINT('',(63.692560251877,-6.491327618825));
#3736 = CARTESIAN_POINT('',(63.678817654108,-6.522594174233));
#3737 = CARTESIAN_POINT('',(63.666021343867,-6.554317027265));
#3738 = CARTESIAN_POINT('',(63.654217388831,-6.586480507308));
#3739 = CARTESIAN_POINT('',(63.643451896537,-6.619065368688));
#3740 = CARTESIAN_POINT('',(63.63377231677,-6.652040117139));
#3741 = CARTESIAN_POINT('',(63.625223217115,-6.68537023211));
#3742 = CARTESIAN_POINT('',(63.617845813413,-6.719017805029));
#3743 = CARTESIAN_POINT('',(63.611677216225,-6.752941507405));
#3744 = CARTESIAN_POINT('',(63.606749752759,-6.787096490709));
#3745 = CARTESIAN_POINT('',(63.603090272423,-6.821434229316));
#3746 = CARTESIAN_POINT('',(63.60071945106,-6.855902659394));
#3747 = CARTESIAN_POINT('',(63.599651133014,-6.890445190981));
#3748 = CARTESIAN_POINT('',(63.599891546773,-6.925003931336));
#3749 = CARTESIAN_POINT('',(63.60143934878,-6.959527039027));
#3750 = CARTESIAN_POINT('',(63.604285395645,-6.993953755658));
#3751 = CARTESIAN_POINT('',(63.608413250083,-7.02823024983));
#3752 = CARTESIAN_POINT('',(63.613799901398,-7.062305652313));
#3753 = CARTESIAN_POINT('',(63.620416436841,-7.096132991571));
#3754 = CARTESIAN_POINT('',(63.628228731879,-7.129668822093));
#3755 = CARTESIAN_POINT('',(63.637198134806,-7.162873181169));
#3756 = CARTESIAN_POINT('',(63.647282168443,-7.19570953906));
#3757 = CARTESIAN_POINT('',(63.658435175103,-7.228144447162));
#3758 = CARTESIAN_POINT('',(63.670609170396,-7.26014840079));
#3759 = CARTESIAN_POINT('',(63.683758231046,-7.291704753618));
#3760 = CARTESIAN_POINT('',(63.69783634389,-7.32279919186));
#3761 = CARTESIAN_POINT('',(63.71279798704,-7.353420546107));
#3762 = CARTESIAN_POINT('',(63.72859844351,-7.383560278919));
#3763 = CARTESIAN_POINT('',(63.745194162861,-7.413212364875));
#3764 = CARTESIAN_POINT('',(63.762543015147,-7.4423730168));
#3765 = CARTESIAN_POINT('',(63.780604745744,-7.471040727082));
#3766 = CARTESIAN_POINT('',(63.799340554281,-7.499215294741));
#3767 = CARTESIAN_POINT('',(63.818715798441,-7.526900686686));
#3768 = CARTESIAN_POINT('',(63.838690899007,-7.55409366873));
#3769 = CARTESIAN_POINT('',(63.8592561427,-7.580825615672));
#3770 = CARTESIAN_POINT('',(63.88030252318,-7.607005927648));
#3771 = CARTESIAN_POINT('',(63.902111024699,-7.633014044862));
#3772 = CARTESIAN_POINT('',(63.924884623602,-7.659072958356));
#3773 = CARTESIAN_POINT('',(63.948592369705,-7.685122391267));
#3774 = CARTESIAN_POINT('',(63.973268260163,-7.711178714403));
#3775 = CARTESIAN_POINT('',(63.998931567622,-7.737237908343));
#3776 = CARTESIAN_POINT('',(64.025608866169,-7.763301434549));
#3777 = CARTESIAN_POINT('',(64.053327353274,-7.789368264808));
#3778 = CARTESIAN_POINT('',(64.082120516017,-7.815440351296));
#3779 = CARTESIAN_POINT('',(64.112023802094,-7.841517218788));
#3780 = CARTESIAN_POINT('',(64.143077753247,-7.867598889686));
#3781 = CARTESIAN_POINT('',(64.175330029009,-7.893686399446));
#3782 = CARTESIAN_POINT('',(64.208836150434,-7.919781169102));
#3783 = CARTESIAN_POINT('',(64.243658193437,-7.945882868779));
#3784 = CARTESIAN_POINT('',(64.279873200089,-7.971994460165));
#3785 = CARTESIAN_POINT('',(64.317575638456,-7.99812121022));
#3786 = CARTESIAN_POINT('',(64.356861793529,-8.024257405594));
#3787 = CARTESIAN_POINT('',(64.397856667754,-8.050404058122));
#3788 = CARTESIAN_POINT('',(64.440751275377,-8.076581260647));
#3789 = CARTESIAN_POINT('',(64.485645866378,-8.102741870692));
#3790 = CARTESIAN_POINT('',(64.533158430243,-8.129077647428));
#3791 = CARTESIAN_POINT('',(64.581274259638,-8.154365873084));
#3792 = CARTESIAN_POINT('',(64.629968144959,-8.1785863801));
#3793 = CARTESIAN_POINT('',(64.679227298028,-8.201694717141));
#3794 = CARTESIAN_POINT('',(64.729010579502,-8.223637162232));
#3795 = CARTESIAN_POINT('',(64.7793310064,-8.244344109642));
#3796 = CARTESIAN_POINT('',(64.830222105575,-8.263733962083));
#3797 = CARTESIAN_POINT('',(64.881705218636,-8.281724367858));
#3798 = CARTESIAN_POINT('',(64.933790348403,-8.29822872033));
#3799 = CARTESIAN_POINT('',(64.986485115609,-8.313150749492));
#3800 = CARTESIAN_POINT('',(65.039780668098,-8.326399041997));
#3801 = CARTESIAN_POINT('',(65.09365226735,-8.33788379209));
#3802 = CARTESIAN_POINT('',(65.14805983923,-8.347517845399));
#3803 = CARTESIAN_POINT('',(65.202940930788,-8.355215772828));
#3804 = CARTESIAN_POINT('',(65.25823620102,-8.360896531188));
#3805 = CARTESIAN_POINT('',(65.313839421444,-8.364502836671));
#3806 = CARTESIAN_POINT('',(65.369606991028,-8.365992314465));
#3807 = CARTESIAN_POINT('',(65.425402644433,-8.365347967322));
#3808 = CARTESIAN_POINT('',(65.481085663755,-8.362575601008));
#3809 = CARTESIAN_POINT('',(65.536540136561,-8.357704260901));
#3810 = CARTESIAN_POINT('',(65.591650090771,-8.350787060151));
#3811 = CARTESIAN_POINT('',(65.646305007539,-8.341897430441));
#3812 = CARTESIAN_POINT('',(65.700318668381,-8.331143290784));
#3813 = CARTESIAN_POINT('',(65.753760089849,-8.318596192799));
#3814 = CARTESIAN_POINT('',(65.806615318504,-8.304346885525));
#3815 = CARTESIAN_POINT('',(65.858867409662,-8.288487237633));
#3816 = CARTESIAN_POINT('',(65.910514928964,-8.271106797918));
#3817 = CARTESIAN_POINT('',(65.961567272082,-8.252293946331));
#3818 = CARTESIAN_POINT('',(66.012045286271,-8.232134729353));
#3819 = CARTESIAN_POINT('',(66.061967934387,-8.210712224608));
#3820 = CARTESIAN_POINT('',(66.111377133144,-8.188100593226));
#3821 = CARTESIAN_POINT('',(66.160235136802,-8.164359976313));
#3822 = CARTESIAN_POINT('',(66.208521264056,-8.139535915924));
#3823 = CARTESIAN_POINT('',(66.256215816876,-8.113666740873));
#3824 = CARTESIAN_POINT('',(66.303297136617,-8.086782861236));
#3825 = CARTESIAN_POINT('',(66.349747366299,-8.058906330652));
#3826 = CARTESIAN_POINT('',(66.395545987416,-8.03005298128));
#3827 = CARTESIAN_POINT('',(66.440671490117,-8.000231694989));
#3828 = CARTESIAN_POINT('',(66.485100250075,-7.969444887106));
#3829 = CARTESIAN_POINT('',(66.528808438837,-7.937687003649));
#3830 = CARTESIAN_POINT('',(66.5717604217,-7.90495272064));
#3831 = CARTESIAN_POINT('',(66.613925240621,-7.871224638769));
#3832 = CARTESIAN_POINT('',(66.655263092691,-7.836482658684));
#3833 = CARTESIAN_POINT('',(66.695726531887,-7.800703292338));
#3834 = CARTESIAN_POINT('',(66.73526002038,-7.763859920596));
#3835 = CARTESIAN_POINT('',(66.773799950471,-7.725922562239));
#3836 = CARTESIAN_POINT('',(66.811273960456,-7.686858216186));
#3837 = CARTESIAN_POINT('',(66.847602154414,-7.646628964484));
#3838 = CARTESIAN_POINT('',(66.882683609861,-7.605206384431));
#3839 = CARTESIAN_POINT('',(66.9164155399,-7.562557586255));
#3840 = CARTESIAN_POINT('',(66.948678981161,-7.518658225279));
#3841 = CARTESIAN_POINT('',(66.979340163349,-7.473489348512));
#3842 = CARTESIAN_POINT('',(67.008252034474,-7.427037286733));
#3843 = CARTESIAN_POINT('',(67.035252424652,-7.379302367829));
#3844 = CARTESIAN_POINT('',(67.060187742543,-7.330251478193));
#3845 = CARTESIAN_POINT('',(67.08285209969,-7.279940856644));
#3846 = CARTESIAN_POINT('',(67.103042214635,-7.228440874114));
#3847 = CARTESIAN_POINT('',(67.120557055145,-7.17584466216));
#3848 = CARTESIAN_POINT('',(67.135205389072,-7.122267956036));
#3849 = CARTESIAN_POINT('',(67.146811718102,-7.06785110294));
#3850 = CARTESIAN_POINT('',(67.155225585571,-7.012761957383));
#3851 = CARTESIAN_POINT('',(67.160323694095,-6.957193825285));
#3852 = CARTESIAN_POINT('',(67.161469185341,-6.919986667363));
#3853 = CARTESIAN_POINT('',(67.161465115252,-6.90138));
#3854 = ( GEOMETRIC_REPRESENTATION_CONTEXT(2) 
PARAMETRIC_REPRESENTATION_CONTEXT() REPRESENTATION_CONTEXT('2D SPACE',''
  ) );
#3855 = PCURVE('',#2240,#3856);
#3856 = DEFINITIONAL_REPRESENTATION('',(#3857),#4125);
#3857 = B_SPLINE_CURVE_WITH_KNOTS('',3,(#3858,#3859,#3860,#3861,#3862,
    #3863,#3864,#3865,#3866,#3867,#3868,#3869,#3870,#3871,#3872,#3873,
    #3874,#3875,#3876,#3877,#3878,#3879,#3880,#3881,#3882,#3883,#3884,
    #3885,#3886,#3887,#3888,#3889,#3890,#3891,#3892,#3893,#3894,#3895,
    #3896,#3897,#3898,#3899,#3900,#3901,#3902,#3903,#3904,#3905,#3906,
    #3907,#3908,#3909,#3910,#3911,#3912,#3913,#3914,#3915,#3916,#3917,
    #3918,#3919,#3920,#3921,#3922,#3923,#3924,#3925,#3926,#3927,#3928,
    #3929,#3930,#3931,#3932,#3933,#3934,#3935,#3936,#3937,#3938,#3939,
    #3940,#3941,#3942,#3943,#3944,#3945,#3946,#3947,#3948,#3949,#3950,
    #3951,#3952,#3953,#3954,#3955,#3956,#3957,#3958,#3959,#3960,#3961,
    #3962,#3963,#3964,#3965,#3966,#3967,#3968,#3969,#3970,#3971,#3972,
    #3973,#3974,#3975,#3976,#3977,#3978,#3979,#3980,#3981,#3982,#3983,
    #3984,#3985,#3986,#3987,#3988,#3989,#3990,#3991,#3992,#3993,#3994,
    #3995,#3996,#3997,#3998,#3999,#4000,#4001,#4002,#4003,#4004,#4005,
    #4006,#4007,#4008,#4009,#4010,#4011,#4012,#4013,#4014,#4015,#4016,
    #4017,#4018,#4019,#4020,#4021,#4022,#4023,#4024,#4025,#4026,#4027,
    #4028,#4029,#4030,#4031,#4032,#4033,#4034,#4035,#4036,#4037,#4038,
    #4039,#4040,#4041,#4042,#4043,#4044,#4045,#4046,#4047,#4048,#4049,
    #4050,#4051,#4052,#4053,#4054,#4055,#4056,#4057,#4058,#4059,#4060,
    #4061,#4062,#4063,#4064,#4065,#4066,#4067,#4068,#4069,#4070,#4071,
    #4072,#4073,#4074,#4075,#4076,#4077,#4078,#4079,#4080,#4081,#4082,
    #4083,#4084,#4085,#4086,#4087,#4088,#4089,#4090,#4091,#4092,#4093,
    #4094,#4095,#4096,#4097,#4098,#4099,#4100,#4101,#4102,#4103,#4104,
    #4105,#4106,#4107,#4108,#4109,#4110,#4111,#4112,#4113,#4114,#4115,
    #4116,#4117,#4118,#4119,#4120,#4121,#4122,#4123,#4124),
  .UNSPECIFIED.,.F.,.F.,(4,1,1,1,1,1,1,1,1,1,1,1,1,1,1,1,1,1,1,1,1,1,1,1
    ,1,1,1,1,1,1,1,1,1,1,1,1,1,1,1,1,1,1,1,1,1,1,1,1,1,1,1,1,1,1,1,1,1,1
    ,1,1,1,1,1,1,1,1,1,1,1,1,1,1,1,1,1,1,1,1,1,1,1,1,1,1,1,1,1,1,1,1,1,1
    ,1,1,1,1,1,1,1,1,1,1,1,1,1,1,1,1,1,1,1,1,1,1,1,1,1,1,1,1,1,1,1,1,1,1
    ,1,1,1,1,1,1,1,1,1,1,1,1,1,1,1,1,1,1,1,1,1,1,1,1,1,1,1,1,1,1,1,1,1,1
    ,1,1,1,1,1,1,1,1,1,1,1,1,1,1,1,1,1,1,1,1,1,1,1,1,1,1,1,1,1,1,1,1,1,1
    ,1,1,1,1,1,1,1,1,1,1,1,1,1,1,1,1,1,1,1,1,1,1,1,1,1,1,1,1,1,1,1,1,1,1
    ,1,1,1,1,1,1,1,1,1,1,1,1,1,1,1,1,1,1,1,1,1,1,1,1,1,1,1,1,1,1,1,1,1,1
    ,1,1,4),(0.,4.472213982398E-03,8.944427964796E-03,1.341664194719E-02
    ,1.788885592959E-02,2.236106991199E-02,2.683328389439E-02,
    3.130549787679E-02,3.577771185918E-02,4.024992584158E-02,
    4.472213982398E-02,4.919435380638E-02,5.366656778878E-02,
    5.813878177118E-02,6.261099575357E-02,6.708320973597E-02,
    7.155542371837E-02,7.602763770077E-02,8.049985168317E-02,
    8.497206566556E-02,8.944427964796E-02,9.391649363036E-02,
    9.838870761276E-02,0.102860921595,0.107333135578,0.11180534956,
    0.116277563542,0.120749777525,0.125221991507,0.12969420549,
    0.134166419472,0.138638633454,0.143110847437,0.147583061419,
    0.152055275402,0.156527489384,0.160999703366,0.165471917349,
    0.169944131331,0.174416345314,0.178888559296,0.183360773278,
    0.187832987261,0.192305201243,0.196777415226,0.201249629208,
    0.20572184319,0.210194057173,0.214666271155,0.219138485138,
    0.22361069912,0.228082913102,0.232555127085,0.237027341067,
    0.241499555049,0.245971769032,0.250443983014,0.254916196997,
    0.259388410979,0.263860624961,0.268332838944,0.272805052926,
    0.277277266909,0.281749480891,0.286221694873,0.290693908856,
    0.295166122838,0.299638336821,0.304110550803,0.308582764785,
    0.313054978768,0.31752719275,0.321999406733,0.326471620715,
    0.330943834697,0.33541604868,0.339888262662,0.344360476645,
    0.348832690627,0.353304904609,0.357777118592,0.362249332574,
    0.366721546557,0.371193760539,0.375665974521,0.380138188504,
    0.384610402486,0.389082616469,0.393554830451,0.398027044433,
    0.402499258416,0.406971472398,0.411443686381,0.415915900363,
    0.420388114345,0.424860328328,0.42933254231,0.433804756293,
    0.438276970275,0.442749184257,0.44722139824,0.451693612222,
    0.456165826205,0.460638040187,0.465110254169,0.469582468152,
    0.474054682134,0.478526896117,0.482999110099,0.487471324081,
    0.491943538064,0.496415752046,0.500887966029,0.505360180011,
    0.509832393993,0.514304607976,0.518776821958,0.523249035941,
    0.527721249923,0.532193463905,0.536665677888,0.54113789187,
    0.545610105853,0.550082319835,0.554554533817,0.5590267478,
    0.563498961782,0.567971175765,0.572443389747,0.576915603729,
    0.581387817712,0.585860031694,0.590332245677,0.594804459659,
    0.599276673641,0.603748887624,0.608221101606,0.612693315589,
    0.617165529571,0.621637743553,0.626109957536,0.630582171518,
    0.635054385501,0.639526599483,0.643998813465,0.648471027448,
    0.65294324143,0.657415455413,0.661887669395,0.666359883377,
    0.67083209736,0.675304311342,0.679776525325,0.684248739307,
    0.688720953289,0.693193167272,0.697665381254,0.702137595237,
    0.706609809219,0.711082023201,0.715554237184,0.720026451166,
    0.724498665148,0.728970879131,0.733443093113,0.737915307096,
    0.742387521078,0.74685973506,0.751331949043,0.755804163025,
    0.760276377008,0.76474859099,0.769220804972,0.773693018955,
    0.778165232937,0.78263744692,0.787109660902,0.791581874884,
    0.796054088867,0.800526302849,0.804998516832,0.809470730814,
    0.813942944796,0.818415158779,0.822887372761,0.827359586744,
    0.831831800726,0.836304014708,0.840776228691,0.845248442673,
    0.849720656656,0.854192870638,0.85866508462,0.863137298603,
    0.867609512585,0.872081726568,0.87655394055,0.881026154532,
    0.885498368515,0.889970582497,0.89444279648,0.898915010462,
    0.903387224444,0.907859438427,0.912331652409,0.916803866392,
    0.921276080374,0.925748294356,0.930220508339,0.934692722321,
    0.939164936304,0.943637150286,0.948109364268,0.952581578251,
    0.957053792233,0.961526006216,0.965998220198,0.97047043418,
    0.974942648163,0.979414862145,0.983887076128,0.98835929011,
    0.992831504092,0.997303718075,1.001775932057,1.00624814604,
    1.010720360022,1.015192574004,1.019664787987,1.024137001969,
    1.028609215952,1.033081429934,1.037553643916,1.042025857899,
    1.046498071881,1.050970285864,1.055442499846,1.059914713828,
    1.064386927811,1.068859141793,1.073331355776,1.077803569758,
    1.08227578374,1.086747997723,1.091220211705,1.095692425688,
    1.10016463967,1.104636853652,1.109109067635,1.113581281617,
    1.1180534956,1.122525709582,1.126997923564,1.131470137547,
    1.135942351529,1.140414565512,1.144886779494,1.149358993476,
    1.153831207459,1.158303421441,1.162775635424,1.167247849406,
    1.171720063388,1.176192277371,1.180664491353),
  .QUASI_UNIFORM_KNOTS.);
#3858 = CARTESIAN_POINT('',(6.28318530718,16.383460515341));
#3859 = CARTESIAN_POINT('',(6.277048955436,16.383460301202));
#3860 = CARTESIAN_POINT('',(6.264776292307,16.383670698553));
#3861 = CARTESIAN_POINT('',(6.246380264556,16.384614697116));
#3862 = CARTESIAN_POINT('',(6.228004763804,16.386184817594));
#3863 = CARTESIAN_POINT('',(6.209675850461,16.388372501288));
#3864 = CARTESIAN_POINT('',(6.191311938566,16.391184309942));
#3865 = CARTESIAN_POINT('',(6.172919762395,16.394619217306));
#3866 = CARTESIAN_POINT('',(6.154463204955,16.398684964562));
#3867 = CARTESIAN_POINT('',(6.136047839884,16.403355383517));
#3868 = CARTESIAN_POINT('',(6.117730749525,16.408602188204));
#3869 = CARTESIAN_POINT('',(6.099506536715,16.414411020619));
#3870 = CARTESIAN_POINT('',(6.081385183459,16.420762379623));
#3871 = CARTESIAN_POINT('',(6.063371263002,16.427636992395));
#3872 = CARTESIAN_POINT('',(6.045469587632,16.435014634555));
#3873 = CARTESIAN_POINT('',(6.027683728044,16.442874713042));
#3874 = CARTESIAN_POINT('',(6.010016576698,16.451196349305));
#3875 = CARTESIAN_POINT('',(5.992470151779,16.459958542875));
#3876 = CARTESIAN_POINT('',(5.975044865763,16.469140734234));
#3877 = CARTESIAN_POINT('',(5.957740743569,16.478722513363));
#3878 = CARTESIAN_POINT('',(5.940557200898,16.488683769726));
#3879 = CARTESIAN_POINT('',(5.923493133546,16.499004748653));
#3880 = CARTESIAN_POINT('',(5.906546919049,16.509666134289));
#3881 = CARTESIAN_POINT('',(5.889716446455,16.520649119858));
#3882 = CARTESIAN_POINT('',(5.872999108707,16.531935502122));
#3883 = CARTESIAN_POINT('',(5.856391903065,16.543507691728));
#3884 = CARTESIAN_POINT('',(5.839891122625,16.555349035824));
#3885 = CARTESIAN_POINT('',(5.823493843633,16.567442712486));
#3886 = CARTESIAN_POINT('',(5.807195999852,16.579773142835));
#3887 = CARTESIAN_POINT('',(5.790993402835,16.592325169762));
#3888 = CARTESIAN_POINT('',(5.774881899882,16.605084352328));
#3889 = CARTESIAN_POINT('',(5.758857229668,16.618036715385));
#3890 = CARTESIAN_POINT('',(5.742914908375,16.631168457467));
#3891 = CARTESIAN_POINT('',(5.727050164475,16.644465795175));
#3892 = CARTESIAN_POINT('',(5.711257974901,16.657915036515));
#3893 = CARTESIAN_POINT('',(5.695533140384,16.671502855867));
#3894 = CARTESIAN_POINT('',(5.679870468969,16.685216520545));
#3895 = CARTESIAN_POINT('',(5.66426443345,16.699044041984));
#3896 = CARTESIAN_POINT('',(5.648710105175,16.712972749165));
#3897 = CARTESIAN_POINT('',(5.633202275611,16.726990886761));
#3898 = CARTESIAN_POINT('',(5.61773538172,16.741087131256));
#3899 = CARTESIAN_POINT('',(5.602304037851,16.755250298409));
#3900 = CARTESIAN_POINT('',(5.586902874493,16.769469412792));
#3901 = CARTESIAN_POINT('',(5.571526568218,16.783733675143));
#3902 = CARTESIAN_POINT('',(5.556169799906,16.79803247637));
#3903 = CARTESIAN_POINT('',(5.540827308801,16.812355327145));
#3904 = CARTESIAN_POINT('',(5.525493635326,16.826692078481));
#3905 = CARTESIAN_POINT('',(5.510164013594,16.841032062792));
#3906 = CARTESIAN_POINT('',(5.494830977223,16.855367262032));
#3907 = CARTESIAN_POINT('',(5.479496963226,16.869680447043));
#3908 = CARTESIAN_POINT('',(5.464127211576,16.883989404981));
#3909 = CARTESIAN_POINT('',(5.448449411536,16.898531238473));
#3910 = CARTESIAN_POINT('',(5.432502630767,16.913250821224));
#3911 = CARTESIAN_POINT('',(5.416253925532,16.928158395575));
#3912 = CARTESIAN_POINT('',(5.399685334272,16.943248143925));
#3913 = CARTESIAN_POINT('',(5.382770334648,16.958519828414));
#3914 = CARTESIAN_POINT('',(5.365480130443,16.973972522454));
#3915 = CARTESIAN_POINT('',(5.347780917238,16.989606538926));
#3916 = CARTESIAN_POINT('',(5.329637126841,17.005420112124));
#3917 = CARTESIAN_POINT('',(5.310999463237,17.021418500352));
#3918 = CARTESIAN_POINT('',(5.291847440549,17.037578284436));
#3919 = CARTESIAN_POINT('',(5.272028730364,17.053978094208));
#3920 = CARTESIAN_POINT('',(5.251858738023,17.070306093394));
#3921 = CARTESIAN_POINT('',(5.231616050689,17.08630560454));
#3922 = CARTESIAN_POINT('',(5.211212278237,17.102018337536));
#3923 = CARTESIAN_POINT('',(5.19065776558,17.117405252461));
#3924 = CARTESIAN_POINT('',(5.169939153549,17.132447645548));
#3925 = CARTESIAN_POINT('',(5.149052794143,17.147119687406));
#3926 = CARTESIAN_POINT('',(5.127995366275,17.161395522311));
#3927 = CARTESIAN_POINT('',(5.106765492776,17.175247210382));
#3928 = CARTESIAN_POINT('',(5.085362375746,17.188645213284));
#3929 = CARTESIAN_POINT('',(5.063785491597,17.201558266028));
#3930 = CARTESIAN_POINT('',(5.042034397524,17.213953481416));
#3931 = CARTESIAN_POINT('',(5.020108950331,17.225796366149));
#3932 = CARTESIAN_POINT('',(4.998009550238,17.237051084195));
#3933 = CARTESIAN_POINT('',(4.975737863253,17.247679834555));
#3934 = CARTESIAN_POINT('',(4.9532951699,17.257645418293));
#3935 = CARTESIAN_POINT('',(4.930687289063,17.266901697531));
#3936 = CARTESIAN_POINT('',(4.907879425051,17.275465023489));
#3937 = CARTESIAN_POINT('',(4.884899284724,17.283247913927));
#3938 = CARTESIAN_POINT('',(4.861767251144,17.290184110477));
#3939 = CARTESIAN_POINT('',(4.838504900437,17.296213045372));
#3940 = CARTESIAN_POINT('',(4.815132872765,17.301284003572));
#3941 = CARTESIAN_POINT('',(4.791671598723,17.30535500752));
#3942 = CARTESIAN_POINT('',(4.76814126259,17.308393115986));
#3943 = CARTESIAN_POINT('',(4.744561971023,17.310374343952));
#3944 = CARTESIAN_POINT('',(4.72095386692,17.31128368422));
#3945 = CARTESIAN_POINT('',(4.697337256259,17.311115101092));
#3946 = CARTESIAN_POINT('',(4.673732732231,17.309871534046));
#3947 = CARTESIAN_POINT('',(4.650161286936,17.307564889345));
#3948 = CARTESIAN_POINT('',(4.626644460713,17.30421606994));
#3949 = CARTESIAN_POINT('',(4.603204334293,17.299854864229));
#3950 = CARTESIAN_POINT('',(4.579864089056,17.294520361136));
#3951 = CARTESIAN_POINT('',(4.556646425674,17.288259401025));
#3952 = CARTESIAN_POINT('',(4.533579951902,17.281132356972));
#3953 = CARTESIAN_POINT('',(4.510657794114,17.273178040136));
#3954 = CARTESIAN_POINT('',(4.4878885097,17.26444102794));
#3955 = CARTESIAN_POINT('',(4.465278532678,17.254964584394));
#3956 = CARTESIAN_POINT('',(4.442833495446,17.244790482081));
#3957 = CARTESIAN_POINT('',(4.420557853264,17.233959050004));
#3958 = CARTESIAN_POINT('',(4.398454977719,17.222509160206));
#3959 = CARTESIAN_POINT('',(4.376527137319,17.210478233439));
#3960 = CARTESIAN_POINT('',(4.354775523228,17.197902229873));
#3961 = CARTESIAN_POINT('',(4.333200266381,17.184815680588));
#3962 = CARTESIAN_POINT('',(4.311800499335,17.171251570897));
#3963 = CARTESIAN_POINT('',(4.290574299421,17.157241775563));
#3964 = CARTESIAN_POINT('',(4.269521447682,17.142814767742));
#3965 = CARTESIAN_POINT('',(4.248639084544,17.127996969291));
#3966 = CARTESIAN_POINT('',(4.22792300162,17.112814074791));
#3967 = CARTESIAN_POINT('',(4.207367346509,17.09729074048));
#3968 = CARTESIAN_POINT('',(4.186964556236,17.081450621653));
#3969 = CARTESIAN_POINT('',(4.166705690923,17.065316534122));
#3970 = CARTESIAN_POINT('',(4.146579008531,17.048909770978));
#3971 = CARTESIAN_POINT('',(4.126576377749,17.032253256502));
#3972 = CARTESIAN_POINT('',(4.1066881218,17.015368385972));
#3973 = CARTESIAN_POINT('',(4.086904068898,16.998276077174));
#3974 = CARTESIAN_POINT('',(4.067214229937,16.980997076439));
#3975 = CARTESIAN_POINT('',(4.047608571235,16.963551889173));
#3976 = CARTESIAN_POINT('',(4.028077031146,16.945960812389));
#3977 = CARTESIAN_POINT('',(4.008609466098,16.928243934723));
#3978 = CARTESIAN_POINT('',(3.98919563576,16.910421164516));
#3979 = CARTESIAN_POINT('',(3.969825103698,16.892512178148));
#3980 = CARTESIAN_POINT('',(3.950487439082,16.874536659307));
#3981 = CARTESIAN_POINT('',(3.931171301498,16.856513454256));
#3982 = CARTESIAN_POINT('',(3.911869533615,16.838465433914));
#3983 = CARTESIAN_POINT('',(3.89257008078,16.820411270838));
#3984 = CARTESIAN_POINT('',(3.873261618123,16.802370273526));
#3985 = CARTESIAN_POINT('',(3.853932996916,16.784362283079));
#3986 = CARTESIAN_POINT('',(3.834573311841,16.76640780475));
#3987 = CARTESIAN_POINT('',(3.815171834726,16.748527988972));
#3988 = CARTESIAN_POINT('',(3.795717995704,16.730744622092));
#3989 = CARTESIAN_POINT('',(3.776201348423,16.71308012249));
#3990 = CARTESIAN_POINT('',(3.756611527776,16.695557563337));
#3991 = CARTESIAN_POINT('',(3.736938197686,16.678200718708));
#3992 = CARTESIAN_POINT('',(3.717170992228,16.661034115433));
#3993 = CARTESIAN_POINT('',(3.697299476434,16.644083068117));
#3994 = CARTESIAN_POINT('',(3.677313090763,16.627373621969));
#3995 = CARTESIAN_POINT('',(3.657201305322,16.610932457398));
#3996 = CARTESIAN_POINT('',(3.636953259028,16.594786258927));
#3997 = CARTESIAN_POINT('',(3.616559734089,16.578962040477));
#3998 = CARTESIAN_POINT('',(3.596016320379,16.563491907582));
#3999 = CARTESIAN_POINT('',(3.575312956311,16.54840472225));
#4000 = CARTESIAN_POINT('',(3.554442185814,16.533732495426));
#4001 = CARTESIAN_POINT('',(3.533397169615,16.519508741729));
#4002 = CARTESIAN_POINT('',(3.512172228861,16.505768758713));
#4003 = CARTESIAN_POINT('',(3.49076272559,16.492549353451));
#4004 = CARTESIAN_POINT('',(3.469165138106,16.479888680288));
#4005 = CARTESIAN_POINT('',(3.447377102495,16.467826011526));
#4006 = CARTESIAN_POINT('',(3.425397484632,16.456401490176));
#4007 = CARTESIAN_POINT('',(3.403226460654,16.44565584649));
#4008 = CARTESIAN_POINT('',(3.380865635298,16.435630102223));
#4009 = CARTESIAN_POINT('',(3.358318107134,16.426365185195));
#4010 = CARTESIAN_POINT('',(3.335588818464,16.417901739895));
#4011 = CARTESIAN_POINT('',(3.312690482574,16.410281179719));
#4012 = CARTESIAN_POINT('',(3.289637122087,16.403542293634));
#4013 = CARTESIAN_POINT('',(3.266444352823,16.397720838981));
#4014 = CARTESIAN_POINT('',(3.24312944105,16.392848927174));
#4015 = CARTESIAN_POINT('',(3.219711433682,16.388954464245));
#4016 = CARTESIAN_POINT('',(3.196211345276,16.386060579079));
#4017 = CARTESIAN_POINT('',(3.17265216177,16.384185046086));
#4018 = CARTESIAN_POINT('',(3.149059630974,16.383339742389));
#4019 = CARTESIAN_POINT('',(3.125460192359,16.383529972546));
#4020 = CARTESIAN_POINT('',(3.101876102601,16.384754603818));
#4021 = CARTESIAN_POINT('',(3.078335815367,16.387005817959));
#4022 = CARTESIAN_POINT('',(3.054863301287,16.390269500015));
#4023 = CARTESIAN_POINT('',(3.031480881074,16.394525851109));
#4024 = CARTESIAN_POINT('',(3.00820869597,16.399749943502));
#4025 = CARTESIAN_POINT('',(2.985065053441,16.405912292037));
#4026 = CARTESIAN_POINT('',(2.962066529807,16.412979417794));
#4027 = CARTESIAN_POINT('',(2.93922805804,16.42091442651));
#4028 = CARTESIAN_POINT('',(2.916563200153,16.429677535728));
#4029 = CARTESIAN_POINT('',(2.894083573451,16.439226792266));
#4030 = CARTESIAN_POINT('',(2.87179256999,16.449521588593));
#4031 = CARTESIAN_POINT('',(2.849692584138,16.460520938039));
#4032 = CARTESIAN_POINT('',(2.827784424118,16.472183980546));
#4033 = CARTESIAN_POINT('',(2.806067618227,16.484470247445));
#4034 = CARTESIAN_POINT('',(2.784540445395,16.49733996773));
#4035 = CARTESIAN_POINT('',(2.763200071591,16.510754286333));
#4036 = CARTESIAN_POINT('',(2.74204243894,16.524675630022));
#4037 = CARTESIAN_POINT('',(2.721062942562,16.539067407976));
#4038 = CARTESIAN_POINT('',(2.700254113276,16.553896063152));
#4039 = CARTESIAN_POINT('',(2.679614404434,16.569124222953));
#4040 = CARTESIAN_POINT('',(2.659115478273,16.584736939059));
#4041 = CARTESIAN_POINT('',(2.638824319209,16.600644308439));
#4042 = CARTESIAN_POINT('',(2.618441155451,16.617050337988));
#4043 = CARTESIAN_POINT('',(2.597775185117,16.634095217007));
#4044 = CARTESIAN_POINT('',(2.576855335204,16.651739831891));
#4045 = CARTESIAN_POINT('',(2.555649030882,16.669991708109));
#4046 = CARTESIAN_POINT('',(2.534137718363,16.68884496811));
#4047 = CARTESIAN_POINT('',(2.512296365109,16.708296748347));
#4048 = CARTESIAN_POINT('',(2.490099423794,16.728341721411));
#4049 = CARTESIAN_POINT('',(2.467515957328,16.748975825064));
#4050 = CARTESIAN_POINT('',(2.444513485395,16.770192583667));
#4051 = CARTESIAN_POINT('',(2.421055210869,16.79198506859));
#4052 = CARTESIAN_POINT('',(2.397098594301,16.814346465259));
#4053 = CARTESIAN_POINT('',(2.37259479828,16.837269586966));
#4054 = CARTESIAN_POINT('',(2.347489542393,16.860745019521));
#4055 = CARTESIAN_POINT('',(2.321716930984,16.884765795783));
#4056 = CARTESIAN_POINT('',(2.295197702736,16.909326804339));
#4057 = CARTESIAN_POINT('',(2.267849898591,16.93441243508));
#4058 = CARTESIAN_POINT('',(2.239569197624,16.960012647244));
#4059 = CARTESIAN_POINT('',(2.21020378324,16.986138203781));
#4060 = CARTESIAN_POINT('',(2.179659062525,17.012729871482));
#4061 = CARTESIAN_POINT('',(2.147485979178,17.039983761756));
#4062 = CARTESIAN_POINT('',(2.115004002658,17.066606697945));
#4063 = CARTESIAN_POINT('',(2.082173586754,17.092516122832));
#4064 = CARTESIAN_POINT('',(2.048950520793,17.11761580056));
#4065 = CARTESIAN_POINT('',(2.015301489185,17.141807246993));
#4066 = CARTESIAN_POINT('',(1.981206644431,17.164983929013));
#4067 = CARTESIAN_POINT('',(1.946658457124,17.187029810016));
#4068 = CARTESIAN_POINT('',(1.911649750891,17.207817596256));
#4069 = CARTESIAN_POINT('',(1.876181668567,17.22720655743));
#4070 = CARTESIAN_POINT('',(1.840255560232,17.245038240454));
#4071 = CARTESIAN_POINT('',(1.803883724659,17.261148884901));
#4072 = CARTESIAN_POINT('',(1.767088973715,17.275367162726));
#4073 = CARTESIAN_POINT('',(1.729904049117,17.287514111144));
#4074 = CARTESIAN_POINT('',(1.692376759747,17.297405661412));
#4075 = CARTESIAN_POINT('',(1.654550868953,17.304842590806));
#4076 = CARTESIAN_POINT('',(1.616503382676,17.309621791345));
#4077 = CARTESIAN_POINT('',(1.578342362894,17.311623323914));
#4078 = CARTESIAN_POINT('',(1.540161601061,17.310791322655));
#4079 = CARTESIAN_POINT('',(1.502054032385,17.307139253368));
#4080 = CARTESIAN_POINT('',(1.464109211693,17.300747262374));
#4081 = CARTESIAN_POINT('',(1.426418219444,17.291767522647));
#4082 = CARTESIAN_POINT('',(1.389065103058,17.280405500439));
#4083 = CARTESIAN_POINT('',(1.352164923914,17.266989542639));
#4084 = CARTESIAN_POINT('',(1.315680914953,17.251626844561));
#4085 = CARTESIAN_POINT('',(1.279630587565,17.234481259873));
#4086 = CARTESIAN_POINT('',(1.244030857099,17.215723338816));
#4087 = CARTESIAN_POINT('',(1.208889456871,17.195508106663));
#4088 = CARTESIAN_POINT('',(1.17420730026,17.173980576008));
#4089 = CARTESIAN_POINT('',(1.139978082118,17.151275919156));
#4090 = CARTESIAN_POINT('',(1.106198547521,17.127514503157));
#4091 = CARTESIAN_POINT('',(1.072852266134,17.102804492719));
#4092 = CARTESIAN_POINT('',(1.039912856826,17.077248795917));
#4093 = CARTESIAN_POINT('',(1.007339355414,17.050941592846));
#4094 = CARTESIAN_POINT('',(0.975090876094,17.023976356548));
#4095 = CARTESIAN_POINT('',(0.943127658285,16.996443492508));
#4096 = CARTESIAN_POINT('',(0.911406892673,16.968430064984));
#4097 = CARTESIAN_POINT('',(0.879886604334,16.940022080159));
#4098 = CARTESIAN_POINT('',(0.848524026065,16.911303921158));
#4099 = CARTESIAN_POINT('',(0.817275883309,16.88235896788));
#4100 = CARTESIAN_POINT('',(0.786096565601,16.853268325716));
#4101 = CARTESIAN_POINT('',(0.75494581398,16.824118741949));
#4102 = CARTESIAN_POINT('',(0.723776361521,16.794991706768));
#4103 = CARTESIAN_POINT('',(0.692542903677,16.765972533152));
#4104 = CARTESIAN_POINT('',(0.661200783142,16.737149849733));
#4105 = CARTESIAN_POINT('',(0.629705774275,16.708616079557));
#4106 = CARTESIAN_POINT('',(0.598013467663,16.680467530303));
#4107 = CARTESIAN_POINT('',(0.56607916008,16.652805026493));
#4108 = CARTESIAN_POINT('',(0.533856051709,16.625732736011));
#4109 = CARTESIAN_POINT('',(0.501306191426,16.599369225449));
#4110 = CARTESIAN_POINT('',(0.468388546166,16.573827369644));
#4111 = CARTESIAN_POINT('',(0.43506874033,16.549229024831));
#4112 = CARTESIAN_POINT('',(0.401315655941,16.525707295118));
#4113 = CARTESIAN_POINT('',(0.367100825345,16.503404545451));
#4114 = CARTESIAN_POINT('',(0.332403944114,16.482473672706));
#4115 = CARTESIAN_POINT('',(0.297178416925,16.463059921769));
#4116 = CARTESIAN_POINT('',(0.261439089329,16.445347625977));
#4117 = CARTESIAN_POINT('',(0.225205758476,16.429517943963));
#4118 = CARTESIAN_POINT('',(0.188509347449,16.415748447805));
#4119 = CARTESIAN_POINT('',(0.151391447215,16.404206857997));
#4120 = CARTESIAN_POINT('',(0.113905753271,16.395046054056));
#4121 = CARTESIAN_POINT('',(7.612022023084E-02,16.388396325944));
#4122 = CARTESIAN_POINT('',(3.8116474286E-02,16.384363876734));
#4123 = CARTESIAN_POINT('',(1.270670652975E-02,16.383457005368));
#4124 = CARTESIAN_POINT('',(8.881784197001E-16,16.383460515341));
#4125 = ( GEOMETRIC_REPRESENTATION_CONTEXT(2) 
PARAMETRIC_REPRESENTATION_CONTEXT() REPRESENTATION_CONTEXT('2D SPACE',''
  ) );
#4126 = ORIENTED_EDGE('',*,*,#4127,.T.);
#4127 = EDGE_CURVE('',#3375,#4128,#4130,.T.);
#4128 = VERTEX_POINT('',#4129);
#4129 = CARTESIAN_POINT('',(-0.366075,-12.69678536381,2.91725));
#4130 = SURFACE_CURVE('',#4131,(#4137,#4146),.PCURVE_S1.);
#4131 = B_SPLINE_CURVE_WITH_KNOTS('',4,(#4132,#4133,#4134,#4135,#4136),
  .UNSPECIFIED.,.F.,.F.,(5,5),(0.,1.),.PIECEWISE_BEZIER_KNOTS.);
#4132 = CARTESIAN_POINT('',(-0.366075,-12.69678536381,12.08575));
#4133 = CARTESIAN_POINT('',(-0.366075,-12.69678536381,9.793625));
#4134 = CARTESIAN_POINT('',(-0.366075,-12.69678536381,7.5015));
#4135 = CARTESIAN_POINT('',(-0.366075,-12.69678536381,5.209375));
#4136 = CARTESIAN_POINT('',(-0.366075,-12.69678536381,2.91725));
#4137 = PCURVE('',#368,#4138);
#4138 = DEFINITIONAL_REPRESENTATION('',(#4139),#4145);
#4139 = B_SPLINE_CURVE_WITH_KNOTS('',4,(#4140,#4141,#4142,#4143,#4144),
  .UNSPECIFIED.,.F.,.F.,(5,5),(0.,1.),.PIECEWISE_BEZIER_KNOTS.);
#4140 = CARTESIAN_POINT('',(65.01106914171,-10.41875));
#4141 = CARTESIAN_POINT('',(65.01106914171,-8.126625));
#4142 = CARTESIAN_POINT('',(65.01106914171,-5.8345));
#4143 = CARTESIAN_POINT('',(65.01106914171,-3.542375));
#4144 = CARTESIAN_POINT('',(65.01106914171,-1.25025));
#4145 = ( GEOMETRIC_REPRESENTATION_CONTEXT(2) 
PARAMETRIC_REPRESENTATION_CONTEXT() REPRESENTATION_CONTEXT('2D SPACE',''
  ) );
#4146 = PCURVE('',#4147,#4152);
#4147 = PLANE('',#4148);
#4148 = AXIS2_PLACEMENT_3D('',#4149,#4150,#4151);
#4149 = CARTESIAN_POINT('',(-0.366075,-12.90068,2.91725));
#4150 = DIRECTION('',(1.,0.,0.));
#4151 = DIRECTION('',(0.,0.,1.));
#4152 = DEFINITIONAL_REPRESENTATION('',(#4153),#4159);
#4153 = B_SPLINE_CURVE_WITH_KNOTS('',4,(#4154,#4155,#4156,#4157,#4158),
  .UNSPECIFIED.,.F.,.F.,(5,5),(0.,1.),.PIECEWISE_BEZIER_KNOTS.);
#4154 = CARTESIAN_POINT('',(9.1685,-0.203894636185));
#4155 = CARTESIAN_POINT('',(6.876375,-0.203894636185));
#4156 = CARTESIAN_POINT('',(4.58425,-0.203894636185));
#4157 = CARTESIAN_POINT('',(2.292125,-0.203894636185));
#4158 = CARTESIAN_POINT('',(0.,-0.203894636185));
#4159 = ( GEOMETRIC_REPRESENTATION_CONTEXT(2) 
PARAMETRIC_REPRESENTATION_CONTEXT() REPRESENTATION_CONTEXT('2D SPACE',''
  ) );
#4160 = ORIENTED_EDGE('',*,*,#4161,.F.);
#4161 = EDGE_CURVE('',#4162,#4128,#4164,.T.);
#4162 = VERTEX_POINT('',#4163);
#4163 = CARTESIAN_POINT('',(0.366075,-12.69678536381,2.91725));
#4164 = SURFACE_CURVE('',#4165,(#4172,#4182),.PCURVE_S1.);
#4165 = B_SPLINE_CURVE_WITH_KNOTS('',5,(#4166,#4167,#4168,#4169,#4170,
    #4171),.UNSPECIFIED.,.F.,.F.,(6,6),(0.,1.),
  .PIECEWISE_BEZIER_KNOTS.);
#4166 = CARTESIAN_POINT('',(0.366075,-12.69678536381,2.91725));
#4167 = CARTESIAN_POINT('',(0.223833454757,-12.74139356362,2.91725));
#4168 = CARTESIAN_POINT('',(7.493527994369E-02,-12.76851662508,2.91725)
  );
#4169 = CARTESIAN_POINT('',(-7.492083552246E-02,-12.76852276699,2.91725)
  );
#4170 = CARTESIAN_POINT('',(-0.223850988777,-12.7413880648,2.91725));
#4171 = CARTESIAN_POINT('',(-0.366075,-12.69678536381,2.91725));
#4172 = PCURVE('',#368,#4173);
#4173 = DEFINITIONAL_REPRESENTATION('',(#4174),#4181);
#4174 = B_SPLINE_CURVE_WITH_KNOTS('',5,(#4175,#4176,#4177,#4178,#4179,
    #4180),.UNSPECIFIED.,.F.,.F.,(6,6),(0.,1.),
  .PIECEWISE_BEZIER_KNOTS.);
#4175 = CARTESIAN_POINT('',(65.750199741587,-1.25025));
#4176 = CARTESIAN_POINT('',(65.603184342854,-1.25025));
#4177 = CARTESIAN_POINT('',(65.454519291229,-1.25025));
#4178 = CARTESIAN_POINT('',(65.306764458135,-1.25025));
#4179 = CARTESIAN_POINT('',(65.158066417953,-1.25025));
#4180 = CARTESIAN_POINT('',(65.01106914171,-1.25025));
#4181 = ( GEOMETRIC_REPRESENTATION_CONTEXT(2) 
PARAMETRIC_REPRESENTATION_CONTEXT() REPRESENTATION_CONTEXT('2D SPACE',''
  ) );
#4182 = PCURVE('',#4183,#4188);
#4183 = PLANE('',#4184);
#4184 = AXIS2_PLACEMENT_3D('',#4185,#4186,#4187);
#4185 = CARTESIAN_POINT('',(-0.366075,-12.90068,2.91725));
#4186 = DIRECTION('',(0.,0.,1.));
#4187 = DIRECTION('',(1.,0.,0.));
#4188 = DEFINITIONAL_REPRESENTATION('',(#4189),#4196);
#4189 = B_SPLINE_CURVE_WITH_KNOTS('',5,(#4190,#4191,#4192,#4193,#4194,
    #4195),.UNSPECIFIED.,.F.,.F.,(6,6),(0.,1.),
  .PIECEWISE_BEZIER_KNOTS.);
#4190 = CARTESIAN_POINT('',(0.73215,0.203894636185));
#4191 = CARTESIAN_POINT('',(0.589908454757,0.159286436377));
#4192 = CARTESIAN_POINT('',(0.441010279944,0.132163374919));
#4193 = CARTESIAN_POINT('',(0.291154164478,0.132157233002));
#4194 = CARTESIAN_POINT('',(0.142224011223,0.1592919352));
#4195 = CARTESIAN_POINT('',(0.,0.203894636185));
#4196 = ( GEOMETRIC_REPRESENTATION_CONTEXT(2) 
PARAMETRIC_REPRESENTATION_CONTEXT() REPRESENTATION_CONTEXT('2D SPACE',''
  ) );
#4197 = ORIENTED_EDGE('',*,*,#4198,.F.);
#4198 = EDGE_CURVE('',#1759,#4162,#4199,.T.);
#4199 = SURFACE_CURVE('',#4200,(#4206,#4215),.PCURVE_S1.);
#4200 = B_SPLINE_CURVE_WITH_KNOTS('',4,(#4201,#4202,#4203,#4204,#4205),
  .UNSPECIFIED.,.F.,.F.,(5,5),(0.,1.),.PIECEWISE_BEZIER_KNOTS.);
#4201 = CARTESIAN_POINT('',(0.366075,-12.69678536381,12.08575));
#4202 = CARTESIAN_POINT('',(0.366075,-12.69678536381,9.793625));
#4203 = CARTESIAN_POINT('',(0.366075,-12.69678536381,7.5015));
#4204 = CARTESIAN_POINT('',(0.366075,-12.69678536381,5.209375));
#4205 = CARTESIAN_POINT('',(0.366075,-12.69678536381,2.91725));
#4206 = PCURVE('',#368,#4207);
#4207 = DEFINITIONAL_REPRESENTATION('',(#4208),#4214);
#4208 = B_SPLINE_CURVE_WITH_KNOTS('',4,(#4209,#4210,#4211,#4212,#4213),
  .UNSPECIFIED.,.F.,.F.,(5,5),(0.,1.),.PIECEWISE_BEZIER_KNOTS.);
#4209 = CARTESIAN_POINT('',(65.750199741587,-10.41875));
#4210 = CARTESIAN_POINT('',(65.750199741587,-8.126625));
#4211 = CARTESIAN_POINT('',(65.750199741587,-5.8345));
#4212 = CARTESIAN_POINT('',(65.750199741587,-3.542375));
#4213 = CARTESIAN_POINT('',(65.750199741587,-1.25025));
#4214 = ( GEOMETRIC_REPRESENTATION_CONTEXT(2) 
PARAMETRIC_REPRESENTATION_CONTEXT() REPRESENTATION_CONTEXT('2D SPACE',''
  ) );
#4215 = PCURVE('',#4216,#4221);
#4216 = PLANE('',#4217);
#4217 = AXIS2_PLACEMENT_3D('',#4218,#4219,#4220);
#4218 = CARTESIAN_POINT('',(0.366075,-12.90068,2.91725));
#4219 = DIRECTION('',(1.,0.,0.));
#4220 = DIRECTION('',(0.,0.,1.));
#4221 = DEFINITIONAL_REPRESENTATION('',(#4222),#4228);
#4222 = B_SPLINE_CURVE_WITH_KNOTS('',4,(#4223,#4224,#4225,#4226,#4227),
  .UNSPECIFIED.,.F.,.F.,(5,5),(0.,1.),.PIECEWISE_BEZIER_KNOTS.);
#4223 = CARTESIAN_POINT('',(9.1685,-0.203894636185));
#4224 = CARTESIAN_POINT('',(6.876375,-0.203894636185));
#4225 = CARTESIAN_POINT('',(4.58425,-0.203894636185));
#4226 = CARTESIAN_POINT('',(2.292125,-0.203894636185));
#4227 = CARTESIAN_POINT('',(0.,-0.203894636185));
#4228 = ( GEOMETRIC_REPRESENTATION_CONTEXT(2) 
PARAMETRIC_REPRESENTATION_CONTEXT() REPRESENTATION_CONTEXT('2D SPACE',''
  ) );
#4229 = ADVANCED_FACE('',(#4230,#4284,#4596),#525,.F.);
#4230 = FACE_BOUND('',#4231,.F.);
#4231 = EDGE_LOOP('',(#4232,#4233,#4256,#4283));
#4232 = ORIENTED_EDGE('',*,*,#508,.T.);
#4233 = ORIENTED_EDGE('',*,*,#4234,.T.);
#4234 = EDGE_CURVE('',#509,#4235,#4237,.T.);
#4235 = VERTEX_POINT('',#4236);
#4236 = CARTESIAN_POINT('',(3.175,-7.776507174586E-16,14.3362));
#4237 = SEAM_CURVE('',#4238,(#4242,#4249),.PCURVE_S1.);
#4238 = LINE('',#4239,#4240);
#4239 = CARTESIAN_POINT('',(3.175,-7.776507174586E-16,-0.8));
#4240 = VECTOR('',#4241,1.);
#4241 = DIRECTION('',(0.,0.,1.));
#4242 = PCURVE('',#525,#4243);
#4243 = DEFINITIONAL_REPRESENTATION('',(#4244),#4248);
#4244 = LINE('',#4245,#4246);
#4245 = CARTESIAN_POINT('',(0.,-0.));
#4246 = VECTOR('',#4247,1.);
#4247 = DIRECTION('',(0.,1.));
#4248 = ( GEOMETRIC_REPRESENTATION_CONTEXT(2) 
PARAMETRIC_REPRESENTATION_CONTEXT() REPRESENTATION_CONTEXT('2D SPACE',''
  ) );
#4249 = PCURVE('',#525,#4250);
#4250 = DEFINITIONAL_REPRESENTATION('',(#4251),#4255);
#4251 = LINE('',#4252,#4253);
#4252 = CARTESIAN_POINT('',(6.28318530718,-0.));
#4253 = VECTOR('',#4254,1.);
#4254 = DIRECTION('',(0.,1.));
#4255 = ( GEOMETRIC_REPRESENTATION_CONTEXT(2) 
PARAMETRIC_REPRESENTATION_CONTEXT() REPRESENTATION_CONTEXT('2D SPACE',''
  ) );
#4256 = ORIENTED_EDGE('',*,*,#4257,.F.);
#4257 = EDGE_CURVE('',#4235,#4235,#4258,.T.);
#4258 = SURFACE_CURVE('',#4259,(#4264,#4271),.PCURVE_S1.);
#4259 = CIRCLE('',#4260,3.175);
#4260 = AXIS2_PLACEMENT_3D('',#4261,#4262,#4263);
#4261 = CARTESIAN_POINT('',(0.,0.,14.3362));
#4262 = DIRECTION('',(0.,0.,1.));
#4263 = DIRECTION('',(1.,0.,0.));
#4264 = PCURVE('',#525,#4265);
#4265 = DEFINITIONAL_REPRESENTATION('',(#4266),#4270);
#4266 = LINE('',#4267,#4268);
#4267 = CARTESIAN_POINT('',(0.,15.1362));
#4268 = VECTOR('',#4269,1.);
#4269 = DIRECTION('',(1.,0.));
#4270 = ( GEOMETRIC_REPRESENTATION_CONTEXT(2) 
PARAMETRIC_REPRESENTATION_CONTEXT() REPRESENTATION_CONTEXT('2D SPACE',''
  ) );
#4271 = PCURVE('',#4272,#4277);
#4272 = PLANE('',#4273);
#4273 = AXIS2_PLACEMENT_3D('',#4274,#4275,#4276);
#4274 = CARTESIAN_POINT('',(0.,0.,14.3362));
#4275 = DIRECTION('',(0.,0.,1.));
#4276 = DIRECTION('',(1.,0.,0.));
#4277 = DEFINITIONAL_REPRESENTATION('',(#4278),#4282);
#4278 = CIRCLE('',#4279,3.175);
#4279 = AXIS2_PLACEMENT_2D('',#4280,#4281);
#4280 = CARTESIAN_POINT('',(0.,0.));
#4281 = DIRECTION('',(1.,0.));
#4282 = ( GEOMETRIC_REPRESENTATION_CONTEXT(2) 
PARAMETRIC_REPRESENTATION_CONTEXT() REPRESENTATION_CONTEXT('2D SPACE',''
  ) );
#4283 = ORIENTED_EDGE('',*,*,#4234,.F.);
#4284 = FACE_BOUND('',#4285,.F.);
#4285 = EDGE_LOOP('',(#4286));
#4286 = ORIENTED_EDGE('',*,*,#4287,.T.);
#4287 = EDGE_CURVE('',#4288,#4288,#4290,.T.);
#4288 = VERTEX_POINT('',#4289);
#4289 = CARTESIAN_POINT('',(1.4643,2.817170656883,8.56838));
#4290 = SURFACE_CURVE('',#4291,(#4389,#4490),.PCURVE_S1.);
#4291 = B_SPLINE_CURVE_WITH_KNOTS('',6,(#4292,#4293,#4294,#4295,#4296,
    #4297,#4298,#4299,#4300,#4301,#4302,#4303,#4304,#4305,#4306,#4307,
    #4308,#4309,#4310,#4311,#4312,#4313,#4314,#4315,#4316,#4317,#4318,
    #4319,#4320,#4321,#4322,#4323,#4324,#4325,#4326,#4327,#4328,#4329,
    #4330,#4331,#4332,#4333,#4334,#4335,#4336,#4337,#4338,#4339,#4340,
    #4341,#4342,#4343,#4344,#4345,#4346,#4347,#4348,#4349,#4350,#4351,
    #4352,#4353,#4354,#4355,#4356,#4357,#4358,#4359,#4360,#4361,#4362,
    #4363,#4364,#4365,#4366,#4367,#4368,#4369,#4370,#4371,#4372,#4373,
    #4374,#4375,#4376,#4377,#4378,#4379,#4380,#4381,#4382,#4383,#4384,
    #4385,#4386,#4387,#4388),.UNSPECIFIED.,.T.,.F.,(7,5,5,5,5,5,5,5,5,5,
    5,5,5,5,5,5,5,5,5,7),(0.,7.678416292002E-02,0.134117930691,
    0.18292022813,0.2207540055,0.27979709871,0.317031953242,
    0.344869489195,0.422542403153,0.459219351891,0.499552750903,
    0.576731927929,0.634089377533,0.682911832862,0.720761237555,
    0.779828718646,0.817078953082,0.844927987341,0.922632984121,1.),
  .UNSPECIFIED.);
#4292 = CARTESIAN_POINT('',(1.4643,2.817170656883,8.56838));
#4293 = CARTESIAN_POINT('',(1.4643,2.817170656883,8.676204856767));
#4294 = CARTESIAN_POINT('',(1.454772378239,2.822122879821,8.783910538767
    ));
#4295 = CARTESIAN_POINT('',(1.435755972183,2.832007228935,8.890709135454
    ));
#4296 = CARTESIAN_POINT('',(1.407291519138,2.846495311428,8.995797359504
    ));
#4297 = CARTESIAN_POINT('',(1.369438292251,2.864951096762,9.098310258457
    ));
#4298 = CARTESIAN_POINT('',(1.287214825253,2.902619123633,9.271195864401
    ));
#4299 = CARTESIAN_POINT('',(1.246901273655,2.920466130321,9.343181748678
    ));
#4300 = CARTESIAN_POINT('',(1.201418095355,2.939732977359,9.412971289212
    ));
#4301 = CARTESIAN_POINT('',(1.150743136341,2.96004042436,9.480231012332)
  );
#4302 = CARTESIAN_POINT('',(1.094847620829,2.980958774866,9.544563974764
    ));
#4303 = CARTESIAN_POINT('',(0.981662631561,3.019932639023,9.657375953752
    ));
#4304 = CARTESIAN_POINT('',(0.925777393672,3.03796494916,9.706830049604)
  );
#4305 = CARTESIAN_POINT('',(0.86605902695,3.055803504857,9.753533560133)
  );
#4306 = CARTESIAN_POINT('',(0.802539444744,3.07311319372,9.797120173568)
  );
#4307 = CARTESIAN_POINT('',(0.735279725238,3.089538197059,9.837186029606
    ));
#4308 = CARTESIAN_POINT('',(0.60940821352,3.116473398911,9.901271894881)
  );
#4309 = CARTESIAN_POINT('',(0.552223423571,3.127489094065,9.92688791391)
  );
#4310 = CARTESIAN_POINT('',(0.492996770018,3.137556373998,9.949853477658
    ));
#4311 = CARTESIAN_POINT('',(0.431926950643,3.146486911952,9.969921809705
    ));
#4312 = CARTESIAN_POINT('',(0.369233863382,3.15411407206,9.986876810642)
  );
#4313 = CARTESIAN_POINT('',(0.205157186528,3.169957187855,
    10.021837543631));
#4314 = CARTESIAN_POINT('',(0.101834171132,3.176101545373,
    10.035093897686));
#4315 = CARTESIAN_POINT('',(-3.189144399001E-03,3.1781525876,
    10.039447853869));
#4316 = CARTESIAN_POINT('',(-0.108178279106,3.175887804577,
    10.034635615868));
#4317 = CARTESIAN_POINT('',(-0.211399211809,3.16954227745,
    10.020937253092));
#4318 = CARTESIAN_POINT('',(-0.374187113132,3.153507739141,9.98552841304
    ));
#4319 = CARTESIAN_POINT('',(-0.435785596526,3.14592044372,9.968648335438
    ));
#4320 = CARTESIAN_POINT('',(-0.495799991645,3.137078713674,
    9.948763420928));
#4321 = CARTESIAN_POINT('',(-0.554022622165,3.127141972379,
    9.926080477929));
#4322 = CARTESIAN_POINT('',(-0.610265713035,3.116289675349,
    9.900834658166));
#4323 = CARTESIAN_POINT('',(-0.704808164011,3.096058966113,
    9.852700721255));
#4324 = CARTESIAN_POINT('',(-0.74407968388,3.086994067633,9.830812466546
    ));
#4325 = CARTESIAN_POINT('',(-0.782153623515,3.077588213493,
    9.807711197497));
#4326 = CARTESIAN_POINT('',(-0.819009609244,3.067909405643,
    9.783478046787));
#4327 = CARTESIAN_POINT('',(-0.854631361955,3.058024268044,
    9.758191417549));
#4328 = CARTESIAN_POINT('',(-0.984921524231,3.020022660085,
    9.658643373092));
#4329 = CARTESIAN_POINT('',(-1.071158764614,2.990939817638,
    9.577727411187));
#4330 = CARTESIAN_POINT('',(-1.147715693585,2.962075506233,
    9.490607035324));
#4331 = CARTESIAN_POINT('',(-1.214690904293,2.934588391509,
    9.398379259077));
#4332 = CARTESIAN_POINT('',(-1.272177756062,2.90946298636,9.301899637675
    ));
#4333 = CARTESIAN_POINT('',(-1.342849514233,2.877151612727,
    9.154618061397));
#4334 = CARTESIAN_POINT('',(-1.363399158038,2.867498065937,
    9.106591532873));
#4335 = CARTESIAN_POINT('',(-1.381822376522,2.85864488079,9.057872795925
    ));
#4336 = CARTESIAN_POINT('',(-1.398112362443,2.850671534497,
    9.008551645957));
#4337 = CARTESIAN_POINT('',(-1.412262779844,2.843645411932,
    8.958713192862));
#4338 = CARTESIAN_POINT('',(-1.437466836756,2.830994920733,
    8.853150966073));
#4339 = CARTESIAN_POINT('',(-1.448070494147,2.825580398132,
    8.797338338035));
#4340 = CARTESIAN_POINT('',(-1.456062331195,2.821451836841,
    8.741132672478));
#4341 = CARTESIAN_POINT('',(-1.46143314319,2.818660717603,8.684663752297
    ));
#4342 = CARTESIAN_POINT('',(-1.464178362654,2.817233880982,
    8.628058895195));
#4343 = CARTESIAN_POINT('',(-1.464523422203,2.817054527526,
    8.463107171572));
#4344 = CARTESIAN_POINT('',(-1.455131610118,2.821936118018,
    8.354874497431));
#4345 = CARTESIAN_POINT('',(-1.436160103073,2.831801470755,
    8.247544977256));
#4346 = CARTESIAN_POINT('',(-1.407649928377,2.84632055083,8.141933575305
    ));
#4347 = CARTESIAN_POINT('',(-1.369660926972,2.864849103852,
    8.038917860196));
#4348 = CARTESIAN_POINT('',(-1.287214825253,2.902619123633,
    7.865564135599));
#4349 = CARTESIAN_POINT('',(-1.246901273655,2.920466130321,
    7.793578251322));
#4350 = CARTESIAN_POINT('',(-1.201418095355,2.939732977359,
    7.723788710788));
#4351 = CARTESIAN_POINT('',(-1.150743136341,2.96004042436,7.656528987668
    ));
#4352 = CARTESIAN_POINT('',(-1.094847620829,2.980958774866,
    7.592196025236));
#4353 = CARTESIAN_POINT('',(-0.981662631561,3.019932639023,
    7.479384046248));
#4354 = CARTESIAN_POINT('',(-0.925777393672,3.03796494916,7.429929950396
    ));
#4355 = CARTESIAN_POINT('',(-0.86605902695,3.055803504857,7.383226439866
    ));
#4356 = CARTESIAN_POINT('',(-0.802539444743,3.07311319372,7.339639826432
    ));
#4357 = CARTESIAN_POINT('',(-0.735279725238,3.089538197059,
    7.299573970394));
#4358 = CARTESIAN_POINT('',(-0.609408213517,3.116473398912,
    7.235488105117));
#4359 = CARTESIAN_POINT('',(-0.552223423572,3.127489094065,
    7.209872086091));
#4360 = CARTESIAN_POINT('',(-0.492996770022,3.137556373997,
    7.186906522343));
#4361 = CARTESIAN_POINT('',(-0.431926950645,3.146486911952,
    7.166838190295));
#4362 = CARTESIAN_POINT('',(-0.369233863377,3.15411407206,7.149883189356
    ));
#4363 = CARTESIAN_POINT('',(-0.205157186528,3.169957187855,
    7.114922456369));
#4364 = CARTESIAN_POINT('',(-0.101834171131,3.176101545373,
    7.101666102314));
#4365 = CARTESIAN_POINT('',(3.189144399208E-03,3.1781525876,
    7.097312146131));
#4366 = CARTESIAN_POINT('',(0.108178279106,3.175887804577,7.102124384132
    ));
#4367 = CARTESIAN_POINT('',(0.211399211809,3.16954227745,7.115822746908)
  );
#4368 = CARTESIAN_POINT('',(0.374187113072,3.153507739146,7.151231586947
    ));
#4369 = CARTESIAN_POINT('',(0.435785596543,3.14592044372,7.16811166456)
  );
#4370 = CARTESIAN_POINT('',(0.495799991699,3.137078713666,7.187996579091
    ));
#4371 = CARTESIAN_POINT('',(0.554022622178,3.127141972373,7.210679522084
    ));
#4372 = CARTESIAN_POINT('',(0.610265712988,3.11628967536,7.23592534181)
  );
#4373 = CARTESIAN_POINT('',(0.704808164012,3.096058966113,7.284059278746
    ));
#4374 = CARTESIAN_POINT('',(0.74407968388,3.086994067633,7.305947533454)
  );
#4375 = CARTESIAN_POINT('',(0.782153623515,3.077588213494,7.329048802502
    ));
#4376 = CARTESIAN_POINT('',(0.819009609244,3.067909405643,7.353281953213
    ));
#4377 = CARTESIAN_POINT('',(0.854631361956,3.058024268043,7.378568582451
    ));
#4378 = CARTESIAN_POINT('',(0.984921524221,3.020022660088,7.4781166269)
  );
#4379 = CARTESIAN_POINT('',(1.071158764632,2.990939817632,7.559032588825
    ));
#4380 = CARTESIAN_POINT('',(1.147715693577,2.962075506234,7.646152964681
    ));
#4381 = CARTESIAN_POINT('',(1.214690904287,2.934588391513,7.738380740905
    ));
#4382 = CARTESIAN_POINT('',(1.272177756067,2.909462986358,7.834860362336
    ));
#4383 = CARTESIAN_POINT('',(1.36797749453,2.86566301274,8.034509229903)
  );
#4384 = CARTESIAN_POINT('',(1.40641289781,2.846942425172,8.137731560284)
  );
#4385 = CARTESIAN_POINT('',(1.435315462575,2.832236198347,8.243587455955
    ));
#4386 = CARTESIAN_POINT('',(1.454625008611,2.822199478345,8.351192014904
    ));
#4387 = CARTESIAN_POINT('',(1.4643,2.817170656883,8.45972442207));
#4388 = CARTESIAN_POINT('',(1.4643,2.817170656883,8.56838));
#4389 = PCURVE('',#525,#4390);
#4390 = DEFINITIONAL_REPRESENTATION('',(#4391),#4489);
#4391 = B_SPLINE_CURVE_WITH_KNOTS('',6,(#4392,#4393,#4394,#4395,#4396,
    #4397,#4398,#4399,#4400,#4401,#4402,#4403,#4404,#4405,#4406,#4407,
    #4408,#4409,#4410,#4411,#4412,#4413,#4414,#4415,#4416,#4417,#4418,
    #4419,#4420,#4421,#4422,#4423,#4424,#4425,#4426,#4427,#4428,#4429,
    #4430,#4431,#4432,#4433,#4434,#4435,#4436,#4437,#4438,#4439,#4440,
    #4441,#4442,#4443,#4444,#4445,#4446,#4447,#4448,#4449,#4450,#4451,
    #4452,#4453,#4454,#4455,#4456,#4457,#4458,#4459,#4460,#4461,#4462,
    #4463,#4464,#4465,#4466,#4467,#4468,#4469,#4470,#4471,#4472,#4473,
    #4474,#4475,#4476,#4477,#4478,#4479,#4480,#4481,#4482,#4483,#4484,
    #4485,#4486,#4487,#4488),.UNSPECIFIED.,.T.,.F.,(7,5,5,5,5,5,5,5,5,5,
    5,5,5,5,5,5,5,5,5,7),(0.,7.678416292002E-02,0.134117930691,
    0.18292022813,0.2207540055,0.27979709871,0.317031953242,
    0.344869489195,0.422542403153,0.459219351891,0.499552750903,
    0.576731927929,0.634089377533,0.682911832862,0.720761237555,
    0.779828718646,0.817078953082,0.844927987341,0.922632984121,1.),
  .UNSPECIFIED.);
#4392 = CARTESIAN_POINT('',(1.091452729321,9.36838));
#4393 = CARTESIAN_POINT('',(1.091452729321,9.476204856767));
#4394 = CARTESIAN_POINT('',(1.094834688393,9.583910538767));
#4395 = CARTESIAN_POINT('',(1.101584976613,9.690709135454));
#4396 = CARTESIAN_POINT('',(1.111644039817,9.795797359504));
#4397 = CARTESIAN_POINT('',(1.124904028917,9.898310258457));
#4398 = CARTESIAN_POINT('',(1.153389390722,10.071195864401));
#4399 = CARTESIAN_POINT('',(1.167274026363,10.143181748678));
#4400 = CARTESIAN_POINT('',(1.182828517648,10.212971289212));
#4401 = CARTESIAN_POINT('',(1.200017099578,10.280231012332));
#4402 = CARTESIAN_POINT('',(1.218807858333,10.344563974764));
#4403 = CARTESIAN_POINT('',(1.256510900494,10.457375953752));
#4404 = CARTESIAN_POINT('',(1.275002651361,10.506830049604));
#4405 = CARTESIAN_POINT('',(1.294625371632,10.553533560134));
#4406 = CARTESIAN_POINT('',(1.315350929493,10.597120173568));
#4407 = CARTESIAN_POINT('',(1.33714860925,10.637186029606));
#4408 = CARTESIAN_POINT('',(1.377690713652,10.701271894881));
#4409 = CARTESIAN_POINT('',(1.396028960009,10.72688791391));
#4410 = CARTESIAN_POINT('',(1.414943488143,10.749853477658));
#4411 = CARTESIAN_POINT('',(1.43437443113,10.769921809705));
#4412 = CARTESIAN_POINT('',(1.454259737789,10.786876810642));
#4413 = CARTESIAN_POINT('',(1.50617778555,10.821837543631));
#4414 = CARTESIAN_POINT('',(1.538755873823,10.835093897686));
#4415 = CARTESIAN_POINT('',(1.571799754244,10.839447853869));
#4416 = CARTESIAN_POINT('',(1.604834329057,10.834635615868));
#4417 = CARTESIAN_POINT('',(1.637384261512,10.820937253092));
#4418 = CARTESIAN_POINT('',(1.688904164719,10.78552841304));
#4419 = CARTESIAN_POINT('',(1.70844605741,10.768648335438));
#4420 = CARTESIAN_POINT('',(1.727544463734,10.748763420928));
#4421 = CARTESIAN_POINT('',(1.746140702696,10.726080477929));
#4422 = CARTESIAN_POINT('',(1.764178147969,10.700834658166));
#4423 = CARTESIAN_POINT('',(1.794629411859,10.652700721255));
#4424 = CARTESIAN_POINT('',(1.807322019425,10.630812466546));
#4425 = CARTESIAN_POINT('',(1.819672196541,10.607711197497));
#4426 = CARTESIAN_POINT('',(1.831672179139,10.583478046787));
#4427 = CARTESIAN_POINT('',(1.843314628893,10.558191417549));
#4428 = CARTESIAN_POINT('',(1.886060772519,10.458643373092));
#4429 = CARTESIAN_POINT('',(1.914700437617,10.377727411187));
#4430 = CARTESIAN_POINT('',(1.940449997451,10.290607035324));
#4431 = CARTESIAN_POINT('',(1.963242601345,10.198379259077));
#4432 = CARTESIAN_POINT('',(1.982999728654,10.101899637675));
#4433 = CARTESIAN_POINT('',(2.007474667002,9.954618061397));
#4434 = CARTESIAN_POINT('',(2.014625202322,9.906591532873));
#4435 = CARTESIAN_POINT('',(2.021062687792,9.857872795925));
#4436 = CARTESIAN_POINT('',(2.026774872542,9.808551645957));
#4437 = CARTESIAN_POINT('',(2.031750810816,9.758713192862));
#4438 = CARTESIAN_POINT('',(2.040632920672,9.653150966073));
#4439 = CARTESIAN_POINT('',(2.044382781393,9.597338338035));
#4440 = CARTESIAN_POINT('',(2.047215902535,9.541132672478));
#4441 = CARTESIAN_POINT('',(2.049122303019,9.484663752297));
#4442 = CARTESIAN_POINT('',(2.050096747164,9.428058895195));
#4443 = CARTESIAN_POINT('',(2.050219231524,9.263107171572));
#4444 = CARTESIAN_POINT('',(2.046885486985,9.154874497431));
#4445 = CARTESIAN_POINT('',(2.040150502844,9.047544977256));
#4446 = CARTESIAN_POINT('',(2.03007416581,8.941933575305));
#4447 = CARTESIAN_POINT('',(2.016765753877,8.838917860196));
#4448 = CARTESIAN_POINT('',(1.988203262868,8.665564135599));
#4449 = CARTESIAN_POINT('',(1.974318627227,8.593578251322));
#4450 = CARTESIAN_POINT('',(1.958764135942,8.523788710788));
#4451 = CARTESIAN_POINT('',(1.941575554012,8.456528987668));
#4452 = CARTESIAN_POINT('',(1.922784795257,8.392196025236));
#4453 = CARTESIAN_POINT('',(1.885081753095,8.279384046248));
#4454 = CARTESIAN_POINT('',(1.866590002229,8.229929950396));
#4455 = CARTESIAN_POINT('',(1.846967281958,8.183226439866));
#4456 = CARTESIAN_POINT('',(1.826241724097,8.139639826432));
#4457 = CARTESIAN_POINT('',(1.80444404434,8.099573970394));
#4458 = CARTESIAN_POINT('',(1.763901939937,8.035488105117));
#4459 = CARTESIAN_POINT('',(1.745563693581,8.009872086091));
#4460 = CARTESIAN_POINT('',(1.726649165448,7.986906522343));
#4461 = CARTESIAN_POINT('',(1.707218222461,7.966838190295));
#4462 = CARTESIAN_POINT('',(1.687332915799,7.949883189356));
#4463 = CARTESIAN_POINT('',(1.635414868039,7.914922456369));
#4464 = CARTESIAN_POINT('',(1.602836779767,7.901666102314));
#4465 = CARTESIAN_POINT('',(1.569792899346,7.897312146131));
#4466 = CARTESIAN_POINT('',(1.536758324533,7.902124384132));
#4467 = CARTESIAN_POINT('',(1.504208392077,7.915822746908));
#4468 = CARTESIAN_POINT('',(1.45268848889,7.951231586947));
#4469 = CARTESIAN_POINT('',(1.433146596174,7.96811166456));
#4470 = CARTESIAN_POINT('',(1.414048189838,7.987996579091));
#4471 = CARTESIAN_POINT('',(1.39545195089,8.010679522084));
#4472 = CARTESIAN_POINT('',(1.377414505636,8.03592534181));
#4473 = CARTESIAN_POINT('',(1.34696324173,8.084059278746));
#4474 = CARTESIAN_POINT('',(1.334270634165,8.105947533454));
#4475 = CARTESIAN_POINT('',(1.321920457049,8.129048802502));
#4476 = CARTESIAN_POINT('',(1.309920474451,8.153281953213));
#4477 = CARTESIAN_POINT('',(1.298278024697,8.178568582451));
#4478 = CARTESIAN_POINT('',(1.255531881074,8.2781166269));
#4479 = CARTESIAN_POINT('',(1.226892215967,8.359032588825));
#4480 = CARTESIAN_POINT('',(1.201142656141,8.446152964681));
#4481 = CARTESIAN_POINT('',(1.178350052248,8.538380740905));
#4482 = CARTESIAN_POINT('',(1.158592924934,8.634860362336));
#4483 = CARTESIAN_POINT('',(1.125415701764,8.834509229903));
#4484 = CARTESIAN_POINT('',(1.111954520255,8.937731560284));
#4485 = CARTESIAN_POINT('',(1.101741347512,9.043587455955));
#4486 = CARTESIAN_POINT('',(1.094886998282,9.151192014904));
#4487 = CARTESIAN_POINT('',(1.091452729321,9.25972442207));
#4488 = CARTESIAN_POINT('',(1.091452729321,9.36838));
#4489 = ( GEOMETRIC_REPRESENTATION_CONTEXT(2) 
PARAMETRIC_REPRESENTATION_CONTEXT() REPRESENTATION_CONTEXT('2D SPACE',''
  ) );
#4490 = PCURVE('',#4491,#4496);
#4491 = CYLINDRICAL_SURFACE('',#4492,1.4643);
#4492 = AXIS2_PLACEMENT_3D('',#4493,#4494,#4495);
#4493 = CARTESIAN_POINT('',(0.,4.5556,8.56838));
#4494 = DIRECTION('',(0.,-1.,1.110223024625E-16));
#4495 = DIRECTION('',(1.,0.,0.));
#4496 = DEFINITIONAL_REPRESENTATION('',(#4497),#4595);
#4497 = B_SPLINE_CURVE_WITH_KNOTS('',6,(#4498,#4499,#4500,#4501,#4502,
    #4503,#4504,#4505,#4506,#4507,#4508,#4509,#4510,#4511,#4512,#4513,
    #4514,#4515,#4516,#4517,#4518,#4519,#4520,#4521,#4522,#4523,#4524,
    #4525,#4526,#4527,#4528,#4529,#4530,#4531,#4532,#4533,#4534,#4535,
    #4536,#4537,#4538,#4539,#4540,#4541,#4542,#4543,#4544,#4545,#4546,
    #4547,#4548,#4549,#4550,#4551,#4552,#4553,#4554,#4555,#4556,#4557,
    #4558,#4559,#4560,#4561,#4562,#4563,#4564,#4565,#4566,#4567,#4568,
    #4569,#4570,#4571,#4572,#4573,#4574,#4575,#4576,#4577,#4578,#4579,
    #4580,#4581,#4582,#4583,#4584,#4585,#4586,#4587,#4588,#4589,#4590,
    #4591,#4592,#4593,#4594),.UNSPECIFIED.,.F.,.F.,(7,5,5,5,5,5,5,5,5,5,
    5,5,5,5,5,5,5,5,5,7),(0.,7.678416292002E-02,0.134117930691,
    0.18292022813,0.2207540055,0.27979709871,0.317031953242,
    0.344869489195,0.422542403153,0.459219351891,0.499552750903,
    0.576731927929,0.634089377533,0.682911832862,0.720761237555,
    0.779828718646,0.817078953082,0.844927987341,0.922632984121,1.),
  .UNSPECIFIED.);
#4498 = CARTESIAN_POINT('',(0.,1.738429343117));
#4499 = CARTESIAN_POINT('',(7.363576915068E-02,1.738429343117));
#4500 = CARTESIAN_POINT('',(0.147190097714,1.733477120179));
#4501 = CARTESIAN_POINT('',(0.220843942965,1.723592771065));
#4502 = CARTESIAN_POINT('',(0.29475836519,1.709104688572));
#4503 = CARTESIAN_POINT('',(0.369083272603,1.690648903238));
#4504 = CARTESIAN_POINT('',(0.499823039065,1.652980876367));
#4505 = CARTESIAN_POINT('',(0.556042765604,1.635133869679));
#4506 = CARTESIAN_POINT('',(0.612738851019,1.615867022641));
#4507 = CARTESIAN_POINT('',(0.670044396818,1.59555957564));
#4508 = CARTESIAN_POINT('',(0.728095708096,1.574641225134));
#4509 = CARTESIAN_POINT('',(0.837229223393,1.535667360977));
#4510 = CARTESIAN_POINT('',(0.888102247143,1.51763505084));
#4511 = CARTESIAN_POINT('',(0.93973117172,1.499796495143));
#4512 = CARTESIAN_POINT('',(0.992181828978,1.48248680628));
#4513 = CARTESIAN_POINT('',(1.045529461392,1.466061802941));
#4514 = CARTESIAN_POINT('',(1.141989694176,1.439126601089));
#4515 = CARTESIAN_POINT('',(1.184728451563,1.428110905935));
#4516 = CARTESIAN_POINT('',(1.228023286254,1.418043626002));
#4517 = CARTESIAN_POINT('',(1.271830618637,1.409113088048));
#4518 = CARTESIAN_POINT('',(1.316118029857,1.40148592794));
#4519 = CARTESIAN_POINT('',(1.430684698974,1.385642812145));
#4520 = CARTESIAN_POINT('',(1.501583363396,1.379498454627));
#4521 = CARTESIAN_POINT('',(1.57296411239,1.3774474124));
#4522 = CARTESIAN_POINT('',(1.644335439595,1.379712195423));
#4523 = CARTESIAN_POINT('',(1.715204679397,1.38605772255));
#4524 = CARTESIAN_POINT('',(1.82897533976,1.402092260859));
#4525 = CARTESIAN_POINT('',(1.872531218326,1.40967955628));
#4526 = CARTESIAN_POINT('',(1.91561934868,1.418521286326));
#4527 = CARTESIAN_POINT('',(1.958209324341,1.428458027621));
#4528 = CARTESIAN_POINT('',(2.000260296599,1.439310324651));
#4529 = CARTESIAN_POINT('',(2.072711499266,1.459541033887));
#4530 = CARTESIAN_POINT('',(2.103393655212,1.468605932367));
#4531 = CARTESIAN_POINT('',(2.133776176074,1.478011786507));
#4532 = CARTESIAN_POINT('',(2.163869998266,1.487690594357));
#4533 = CARTESIAN_POINT('',(2.193684642905,1.497575731956));
#4534 = CARTESIAN_POINT('',(2.305661352172,1.535577339915));
#4535 = CARTESIAN_POINT('',(2.386007524401,1.564660182362));
#4536 = CARTESIAN_POINT('',(2.464680486246,1.593524493767));
#4537 = CARTESIAN_POINT('',(2.542035616097,1.621011608491));
#4538 = CARTESIAN_POINT('',(2.618422860188,1.64613701364));
#4539 = CARTESIAN_POINT('',(2.729984427953,1.678448387273));
#4540 = CARTESIAN_POINT('',(2.765625878699,1.688101934063));
#4541 = CARTESIAN_POINT('',(2.80114777802,1.69695511921));
#4542 = CARTESIAN_POINT('',(2.836572005843,1.704928465503));
#4543 = CARTESIAN_POINT('',(2.871921373053,1.711954588068));
#4544 = CARTESIAN_POINT('',(2.946038281262,1.724605079267));
#4545 = CARTESIAN_POINT('',(2.98479347507,1.730019601868));
#4546 = CARTESIAN_POINT('',(3.023500833509,1.734148163159));
#4547 = CARTESIAN_POINT('',(3.062176202891,1.736939282397));
#4548 = CARTESIAN_POINT('',(3.100836646417,1.738366119018));
#4549 = CARTESIAN_POINT('',(3.213485751474,1.738545472474));
#4550 = CARTESIAN_POINT('',(3.28738639262,1.733663881982));
#4551 = CARTESIAN_POINT('',(3.361385837161,1.723798529245));
#4552 = CARTESIAN_POINT('',(3.435647096195,1.70927944917));
#4553 = CARTESIAN_POINT('',(3.510321924928,1.690750896148));
#4554 = CARTESIAN_POINT('',(3.641415692655,1.652980876367));
#4555 = CARTESIAN_POINT('',(3.697635419194,1.635133869679));
#4556 = CARTESIAN_POINT('',(3.754331504608,1.615867022641));
#4557 = CARTESIAN_POINT('',(3.811637050408,1.59555957564));
#4558 = CARTESIAN_POINT('',(3.869688361686,1.574641225134));
#4559 = CARTESIAN_POINT('',(3.978821876983,1.535667360977));
#4560 = CARTESIAN_POINT('',(4.029694900733,1.51763505084));
#4561 = CARTESIAN_POINT('',(4.08132382531,1.499796495143));
#4562 = CARTESIAN_POINT('',(4.133774482568,1.48248680628));
#4563 = CARTESIAN_POINT('',(4.187122114982,1.466061802941));
#4564 = CARTESIAN_POINT('',(4.283582347769,1.439126601088));
#4565 = CARTESIAN_POINT('',(4.326321105152,1.428110905935));
#4566 = CARTESIAN_POINT('',(4.369615939841,1.418043626003));
#4567 = CARTESIAN_POINT('',(4.413423272226,1.409113088048));
#4568 = CARTESIAN_POINT('',(4.45771068345,1.40148592794));
#4569 = CARTESIAN_POINT('',(4.572277352564,1.385642812145));
#4570 = CARTESIAN_POINT('',(4.643176016986,1.379498454627));
#4571 = CARTESIAN_POINT('',(4.714556765979,1.3774474124));
#4572 = CARTESIAN_POINT('',(4.785928093185,1.379712195423));
#4573 = CARTESIAN_POINT('',(4.856797332987,1.38605772255));
#4574 = CARTESIAN_POINT('',(4.970567993307,1.402092260854));
#4575 = CARTESIAN_POINT('',(5.014123871927,1.40967955628));
#4576 = CARTESIAN_POINT('',(5.05721200231,1.418521286334));
#4577 = CARTESIAN_POINT('',(5.099801977942,1.428458027627));
#4578 = CARTESIAN_POINT('',(5.141852950153,1.43931032464));
#4579 = CARTESIAN_POINT('',(5.214304152856,1.459541033887));
#4580 = CARTESIAN_POINT('',(5.244986308802,1.468605932367));
#4581 = CARTESIAN_POINT('',(5.275368829664,1.478011786506));
#4582 = CARTESIAN_POINT('',(5.305462651855,1.487690594357));
#4583 = CARTESIAN_POINT('',(5.335277296496,1.497575731957));
#4584 = CARTESIAN_POINT('',(5.447254005754,1.535577339912));
#4585 = CARTESIAN_POINT('',(5.527600178006,1.564660182368));
#4586 = CARTESIAN_POINT('',(5.606273139834,1.593524493766));
#4587 = CARTESIAN_POINT('',(5.683628269674,1.621011608487));
#4588 = CARTESIAN_POINT('',(5.760015513786,1.646137013642));
#4589 = CARTESIAN_POINT('',(5.911243802015,1.68993698726));
#4590 = CARTESIAN_POINT('',(5.986153819595,1.708657574828));
#4591 = CARTESIAN_POINT('',(6.060642306222,1.723363801653));
#4592 = CARTESIAN_POINT('',(6.134863308105,1.733400521655));
#4593 = CARTESIAN_POINT('',(6.208982221794,1.738429343117));
#4594 = CARTESIAN_POINT('',(6.28318530718,1.738429343117));
#4595 = ( GEOMETRIC_REPRESENTATION_CONTEXT(2) 
PARAMETRIC_REPRESENTATION_CONTEXT() REPRESENTATION_CONTEXT('2D SPACE',''
  ) );
#4596 = FACE_BOUND('',#4597,.F.);
#4597 = EDGE_LOOP('',(#4598));
#4598 = ORIENTED_EDGE('',*,*,#4599,.F.);
#4599 = EDGE_CURVE('',#4600,#4600,#4602,.T.);
#4600 = VERTEX_POINT('',#4601);
#4601 = CARTESIAN_POINT('',(1.4643,-2.817170656883,8.56838));
#4602 = SURFACE_CURVE('',#4603,(#4701,#4802),.PCURVE_S1.);
#4603 = B_SPLINE_CURVE_WITH_KNOTS('',6,(#4604,#4605,#4606,#4607,#4608,
    #4609,#4610,#4611,#4612,#4613,#4614,#4615,#4616,#4617,#4618,#4619,
    #4620,#4621,#4622,#4623,#4624,#4625,#4626,#4627,#4628,#4629,#4630,
    #4631,#4632,#4633,#4634,#4635,#4636,#4637,#4638,#4639,#4640,#4641,
    #4642,#4643,#4644,#4645,#4646,#4647,#4648,#4649,#4650,#4651,#4652,
    #4653,#4654,#4655,#4656,#4657,#4658,#4659,#4660,#4661,#4662,#4663,
    #4664,#4665,#4666,#4667,#4668,#4669,#4670,#4671,#4672,#4673,#4674,
    #4675,#4676,#4677,#4678,#4679,#4680,#4681,#4682,#4683,#4684,#4685,
    #4686,#4687,#4688,#4689,#4690,#4691,#4692,#4693,#4694,#4695,#4696,
    #4697,#4698,#4699,#4700),.UNSPECIFIED.,.T.,.F.,(7,5,5,5,5,5,5,5,5,5,
    5,5,5,5,5,5,5,5,5,7),(0.,7.678416290367E-02,0.134117930663,
    0.182920228091,0.220754005453,0.27979709865,0.317031953161,
    0.344869489091,0.422542402978,0.459219351687,0.499552750667,
    0.576731927631,0.634089377189,0.682911832479,0.720761237182,
    0.779828718357,0.817078952847,0.844927987144,0.922632984023,1.),
  .UNSPECIFIED.);
#4604 = CARTESIAN_POINT('',(1.4643,-2.817170656883,8.56838));
#4605 = CARTESIAN_POINT('',(1.4643,-2.817170656883,8.676204856767));
#4606 = CARTESIAN_POINT('',(1.454772378239,-2.822122879821,
    8.783910538767));
#4607 = CARTESIAN_POINT('',(1.435755972183,-2.832007228935,
    8.890709135454));
#4608 = CARTESIAN_POINT('',(1.407291519138,-2.846495311428,
    8.995797359504));
#4609 = CARTESIAN_POINT('',(1.369438292251,-2.864951096762,
    9.098310258457));
#4610 = CARTESIAN_POINT('',(1.287214825253,-2.902619123633,
    9.271195864401));
#4611 = CARTESIAN_POINT('',(1.246901273655,-2.920466130321,
    9.343181748678));
#4612 = CARTESIAN_POINT('',(1.201418095355,-2.939732977359,
    9.412971289212));
#4613 = CARTESIAN_POINT('',(1.150743136341,-2.96004042436,9.480231012332
    ));
#4614 = CARTESIAN_POINT('',(1.094847620829,-2.980958774866,
    9.544563974764));
#4615 = CARTESIAN_POINT('',(0.981662631561,-3.019932639023,
    9.657375953752));
#4616 = CARTESIAN_POINT('',(0.925777393672,-3.03796494916,9.706830049604
    ));
#4617 = CARTESIAN_POINT('',(0.86605902695,-3.055803504857,9.753533560134
    ));
#4618 = CARTESIAN_POINT('',(0.802539444744,-3.07311319372,9.797120173568
    ));
#4619 = CARTESIAN_POINT('',(0.735279725238,-3.089538197059,
    9.837186029606));
#4620 = CARTESIAN_POINT('',(0.60940821352,-3.116473398911,9.901271894881
    ));
#4621 = CARTESIAN_POINT('',(0.552223423571,-3.127489094065,9.92688791391
    ));
#4622 = CARTESIAN_POINT('',(0.492996770018,-3.137556373998,
    9.949853477658));
#4623 = CARTESIAN_POINT('',(0.431926950643,-3.146486911952,
    9.969921809705));
#4624 = CARTESIAN_POINT('',(0.369233863382,-3.15411407206,9.986876810642
    ));
#4625 = CARTESIAN_POINT('',(0.205157186528,-3.169957187855,
    10.021837543631));
#4626 = CARTESIAN_POINT('',(0.101834171132,-3.176101545373,
    10.035093897686));
#4627 = CARTESIAN_POINT('',(-3.189144398798E-03,-3.1781525876,
    10.039447853869));
#4628 = CARTESIAN_POINT('',(-0.108178279106,-3.175887804577,
    10.034635615868));
#4629 = CARTESIAN_POINT('',(-0.211399211809,-3.16954227745,
    10.020937253092));
#4630 = CARTESIAN_POINT('',(-0.374187113109,-3.153507739143,
    9.985528413045));
#4631 = CARTESIAN_POINT('',(-0.435785596532,-3.14592044372,
    9.968648335439));
#4632 = CARTESIAN_POINT('',(-0.495799991665,-3.137078713671,
    9.948763420921));
#4633 = CARTESIAN_POINT('',(-0.55402262217,-3.127141972377,
    9.926080477924));
#4634 = CARTESIAN_POINT('',(-0.610265713018,-3.116289675353,
    9.900834658175));
#4635 = CARTESIAN_POINT('',(-0.704808164013,-3.096058966113,
    9.852700721254));
#4636 = CARTESIAN_POINT('',(-0.74407968388,-3.086994067633,
    9.830812466547));
#4637 = CARTESIAN_POINT('',(-0.782153623513,-3.077588213494,
    9.807711197499));
#4638 = CARTESIAN_POINT('',(-0.819009609244,-3.067909405643,
    9.783478046788));
#4639 = CARTESIAN_POINT('',(-0.854631361957,-3.058024268043,
    9.758191417548));
#4640 = CARTESIAN_POINT('',(-0.984921524221,-3.020022660088,9.6586433731
    ));
#4641 = CARTESIAN_POINT('',(-1.071158764632,-2.990939817632,
    9.577727411175));
#4642 = CARTESIAN_POINT('',(-1.147715693577,-2.962075506234,
    9.490607035319));
#4643 = CARTESIAN_POINT('',(-1.214690904287,-2.934588391513,
    9.398379259095));
#4644 = CARTESIAN_POINT('',(-1.272177756067,-2.909462986358,
    9.301899637664));
#4645 = CARTESIAN_POINT('',(-1.342849514233,-2.877151612727,
    9.154618061397));
#4646 = CARTESIAN_POINT('',(-1.363399158038,-2.867498065937,
    9.106591532873));
#4647 = CARTESIAN_POINT('',(-1.381822376522,-2.85864488079,
    9.057872795925));
#4648 = CARTESIAN_POINT('',(-1.398112362443,-2.850671534497,
    9.008551645957));
#4649 = CARTESIAN_POINT('',(-1.412262779844,-2.843645411932,
    8.958713192862));
#4650 = CARTESIAN_POINT('',(-1.437466836756,-2.830994920733,
    8.853150966073));
#4651 = CARTESIAN_POINT('',(-1.448070494147,-2.825580398132,
    8.797338338035));
#4652 = CARTESIAN_POINT('',(-1.456062331195,-2.821451836841,
    8.741132672478));
#4653 = CARTESIAN_POINT('',(-1.46143314319,-2.818660717603,
    8.684663752297));
#4654 = CARTESIAN_POINT('',(-1.464178362654,-2.817233880982,
    8.628058895195));
#4655 = CARTESIAN_POINT('',(-1.464523422203,-2.817054527526,
    8.463107171572));
#4656 = CARTESIAN_POINT('',(-1.455131610118,-2.821936118018,
    8.354874497431));
#4657 = CARTESIAN_POINT('',(-1.436160103073,-2.831801470755,
    8.247544977256));
#4658 = CARTESIAN_POINT('',(-1.407649928377,-2.84632055083,
    8.141933575305));
#4659 = CARTESIAN_POINT('',(-1.369660926972,-2.864849103852,
    8.038917860196));
#4660 = CARTESIAN_POINT('',(-1.287214825253,-2.902619123633,
    7.865564135599));
#4661 = CARTESIAN_POINT('',(-1.246901273655,-2.920466130321,
    7.793578251322));
#4662 = CARTESIAN_POINT('',(-1.201418095355,-2.939732977359,
    7.723788710788));
#4663 = CARTESIAN_POINT('',(-1.150743136341,-2.96004042436,
    7.656528987668));
#4664 = CARTESIAN_POINT('',(-1.094847620829,-2.980958774866,
    7.592196025236));
#4665 = CARTESIAN_POINT('',(-0.981662631561,-3.019932639023,
    7.479384046248));
#4666 = CARTESIAN_POINT('',(-0.925777393672,-3.03796494916,
    7.429929950396));
#4667 = CARTESIAN_POINT('',(-0.86605902695,-3.055803504857,
    7.383226439866));
#4668 = CARTESIAN_POINT('',(-0.802539444743,-3.07311319372,
    7.339639826432));
#4669 = CARTESIAN_POINT('',(-0.735279725238,-3.089538197059,
    7.299573970394));
#4670 = CARTESIAN_POINT('',(-0.609408213459,-3.116473398924,
    7.235488105087));
#4671 = CARTESIAN_POINT('',(-0.552223423587,-3.127489094058,
    7.209872086107));
#4672 = CARTESIAN_POINT('',(-0.492996770089,-3.137556373987,
    7.186906522367));
#4673 = CARTESIAN_POINT('',(-0.431926950665,-3.146486911953,
    7.166838190291));
#4674 = CARTESIAN_POINT('',(-0.369233863302,-3.154114072068,
    7.14988318934));
#4675 = CARTESIAN_POINT('',(-0.205157186528,-3.169957187855,
    7.114922456369));
#4676 = CARTESIAN_POINT('',(-0.101834171131,-3.176101545373,
    7.101666102314));
#4677 = CARTESIAN_POINT('',(3.189144399361E-03,-3.1781525876,
    7.097312146131));
#4678 = CARTESIAN_POINT('',(0.108178279106,-3.175887804577,
    7.102124384132));
#4679 = CARTESIAN_POINT('',(0.211399211809,-3.16954227745,7.115822746908
    ));
#4680 = CARTESIAN_POINT('',(0.374187113072,-3.153507739146,
    7.151231586947));
#4681 = CARTESIAN_POINT('',(0.435785596543,-3.14592044372,7.16811166456)
  );
#4682 = CARTESIAN_POINT('',(0.495799991699,-3.137078713666,
    7.187996579091));
#4683 = CARTESIAN_POINT('',(0.554022622178,-3.127141972373,
    7.210679522084));
#4684 = CARTESIAN_POINT('',(0.610265712988,-3.11628967536,7.23592534181)
  );
#4685 = CARTESIAN_POINT('',(0.704808164009,-3.096058966114,
    7.284059278744));
#4686 = CARTESIAN_POINT('',(0.744079683881,-3.086994067633,
    7.305947533454));
#4687 = CARTESIAN_POINT('',(0.782153623518,-3.077588213493,
    7.329048802504));
#4688 = CARTESIAN_POINT('',(0.819009609245,-3.067909405643,
    7.353281953213));
#4689 = CARTESIAN_POINT('',(0.854631361954,-3.058024268044,
    7.378568582449));
#4690 = CARTESIAN_POINT('',(0.984921524221,-3.020022660088,7.4781166269)
  );
#4691 = CARTESIAN_POINT('',(1.071158764632,-2.990939817632,
    7.559032588825));
#4692 = CARTESIAN_POINT('',(1.147715693577,-2.962075506234,
    7.646152964681));
#4693 = CARTESIAN_POINT('',(1.214690904287,-2.934588391513,
    7.738380740905));
#4694 = CARTESIAN_POINT('',(1.272177756067,-2.909462986358,
    7.834860362336));
#4695 = CARTESIAN_POINT('',(1.36797749453,-2.86566301274,8.034509229903)
  );
#4696 = CARTESIAN_POINT('',(1.40641289781,-2.846942425172,8.137731560284
    ));
#4697 = CARTESIAN_POINT('',(1.435315462575,-2.832236198347,
    8.243587455954));
#4698 = CARTESIAN_POINT('',(1.454625008611,-2.822199478345,
    8.351192014905));
#4699 = CARTESIAN_POINT('',(1.4643,-2.817170656883,8.45972442207));
#4700 = CARTESIAN_POINT('',(1.4643,-2.817170656883,8.56838));
#4701 = PCURVE('',#525,#4702);
#4702 = DEFINITIONAL_REPRESENTATION('',(#4703),#4801);
#4703 = B_SPLINE_CURVE_WITH_KNOTS('',6,(#4704,#4705,#4706,#4707,#4708,
    #4709,#4710,#4711,#4712,#4713,#4714,#4715,#4716,#4717,#4718,#4719,
    #4720,#4721,#4722,#4723,#4724,#4725,#4726,#4727,#4728,#4729,#4730,
    #4731,#4732,#4733,#4734,#4735,#4736,#4737,#4738,#4739,#4740,#4741,
    #4742,#4743,#4744,#4745,#4746,#4747,#4748,#4749,#4750,#4751,#4752,
    #4753,#4754,#4755,#4756,#4757,#4758,#4759,#4760,#4761,#4762,#4763,
    #4764,#4765,#4766,#4767,#4768,#4769,#4770,#4771,#4772,#4773,#4774,
    #4775,#4776,#4777,#4778,#4779,#4780,#4781,#4782,#4783,#4784,#4785,
    #4786,#4787,#4788,#4789,#4790,#4791,#4792,#4793,#4794,#4795,#4796,
    #4797,#4798,#4799,#4800),.UNSPECIFIED.,.T.,.F.,(7,5,5,5,5,5,5,5,5,5,
    5,5,5,5,5,5,5,5,5,7),(0.,7.678416290367E-02,0.134117930663,
    0.182920228091,0.220754005453,0.27979709865,0.317031953161,
    0.344869489091,0.422542402978,0.459219351687,0.499552750667,
    0.576731927631,0.634089377189,0.682911832479,0.720761237182,
    0.779828718357,0.817078952847,0.844927987144,0.922632984023,1.),
  .UNSPECIFIED.);
#4704 = CARTESIAN_POINT('',(5.191732577859,9.36838));
#4705 = CARTESIAN_POINT('',(5.191732577859,9.476204856767));
#4706 = CARTESIAN_POINT('',(5.188350618786,9.583910538767));
#4707 = CARTESIAN_POINT('',(5.181600330566,9.690709135454));
#4708 = CARTESIAN_POINT('',(5.171541267363,9.795797359504));
#4709 = CARTESIAN_POINT('',(5.158281278263,9.898310258457));
#4710 = CARTESIAN_POINT('',(5.129795916458,10.071195864401));
#4711 = CARTESIAN_POINT('',(5.115911280817,10.143181748678));
#4712 = CARTESIAN_POINT('',(5.100356789531,10.212971289212));
#4713 = CARTESIAN_POINT('',(5.083168207601,10.280231012332));
#4714 = CARTESIAN_POINT('',(5.064377448847,10.344563974764));
#4715 = CARTESIAN_POINT('',(5.026674406685,10.457375953752));
#4716 = CARTESIAN_POINT('',(5.008182655818,10.506830049604));
#4717 = CARTESIAN_POINT('',(4.988559935547,10.553533560134));
#4718 = CARTESIAN_POINT('',(4.967834377687,10.597120173568));
#4719 = CARTESIAN_POINT('',(4.94603669793,10.637186029606));
#4720 = CARTESIAN_POINT('',(4.905494593528,10.701271894881));
#4721 = CARTESIAN_POINT('',(4.88715634717,10.72688791391));
#4722 = CARTESIAN_POINT('',(4.868241819037,10.749853477658));
#4723 = CARTESIAN_POINT('',(4.84881087605,10.769921809705));
#4724 = CARTESIAN_POINT('',(4.828925569391,10.786876810642));
#4725 = CARTESIAN_POINT('',(4.777007521629,10.821837543631));
#4726 = CARTESIAN_POINT('',(4.744429433357,10.835093897686));
#4727 = CARTESIAN_POINT('',(4.711385552936,10.839447853869));
#4728 = CARTESIAN_POINT('',(4.678350978123,10.834635615868));
#4729 = CARTESIAN_POINT('',(4.645801045667,10.820937253092));
#4730 = CARTESIAN_POINT('',(4.594281142468,10.785528413045));
#4731 = CARTESIAN_POINT('',(4.574739249767,10.768648335439));
#4732 = CARTESIAN_POINT('',(4.555640843439,10.748763420921));
#4733 = CARTESIAN_POINT('',(4.537044604482,10.726080477924));
#4734 = CARTESIAN_POINT('',(4.519007159217,10.700834658175));
#4735 = CARTESIAN_POINT('',(4.48855589532,10.652700721254));
#4736 = CARTESIAN_POINT('',(4.475863287755,10.630812466547));
#4737 = CARTESIAN_POINT('',(4.46351311064,10.607711197499));
#4738 = CARTESIAN_POINT('',(4.451513128041,10.583478046788));
#4739 = CARTESIAN_POINT('',(4.439870678286,10.558191417548));
#4740 = CARTESIAN_POINT('',(4.397124534664,10.4586433731));
#4741 = CARTESIAN_POINT('',(4.368484869557,10.377727411175));
#4742 = CARTESIAN_POINT('',(4.342735309731,10.290607035319));
#4743 = CARTESIAN_POINT('',(4.319942705837,10.198379259095));
#4744 = CARTESIAN_POINT('',(4.300185578523,10.101899637664));
#4745 = CARTESIAN_POINT('',(4.275710640177,9.954618061397));
#4746 = CARTESIAN_POINT('',(4.268560104857,9.906591532873));
#4747 = CARTESIAN_POINT('',(4.262122619387,9.857872795925));
#4748 = CARTESIAN_POINT('',(4.256410434638,9.808551645957));
#4749 = CARTESIAN_POINT('',(4.251434496364,9.758713192862));
#4750 = CARTESIAN_POINT('',(4.242552386508,9.653150966073));
#4751 = CARTESIAN_POINT('',(4.238802525786,9.597338338035));
#4752 = CARTESIAN_POINT('',(4.235969404645,9.541132672478));
#4753 = CARTESIAN_POINT('',(4.234063004161,9.484663752297));
#4754 = CARTESIAN_POINT('',(4.233088560016,9.428058895195));
#4755 = CARTESIAN_POINT('',(4.232966075656,9.263107171572));
#4756 = CARTESIAN_POINT('',(4.236299820194,9.154874497431));
#4757 = CARTESIAN_POINT('',(4.243034804335,9.047544977256));
#4758 = CARTESIAN_POINT('',(4.25311114137,8.941933575305));
#4759 = CARTESIAN_POINT('',(4.266419553303,8.838917860196));
#4760 = CARTESIAN_POINT('',(4.294982044312,8.665564135599));
#4761 = CARTESIAN_POINT('',(4.308866679953,8.593578251322));
#4762 = CARTESIAN_POINT('',(4.324421171238,8.523788710788));
#4763 = CARTESIAN_POINT('',(4.341609753168,8.456528987668));
#4764 = CARTESIAN_POINT('',(4.360400511923,8.392196025236));
#4765 = CARTESIAN_POINT('',(4.398103554084,8.279384046248));
#4766 = CARTESIAN_POINT('',(4.416595304951,8.229929950396));
#4767 = CARTESIAN_POINT('',(4.436218025222,8.183226439866));
#4768 = CARTESIAN_POINT('',(4.456943583083,8.139639826432));
#4769 = CARTESIAN_POINT('',(4.478741262839,8.099573970394));
#4770 = CARTESIAN_POINT('',(4.519283367262,8.035488105087));
#4771 = CARTESIAN_POINT('',(4.537621613594,8.009872086107));
#4772 = CARTESIAN_POINT('',(4.55653614171,7.986906522367));
#4773 = CARTESIAN_POINT('',(4.575967084713,7.966838190291));
#4774 = CARTESIAN_POINT('',(4.595852391404,7.94988318934));
#4775 = CARTESIAN_POINT('',(4.64777043914,7.914922456369));
#4776 = CARTESIAN_POINT('',(4.680348527413,7.901666102314));
#4777 = CARTESIAN_POINT('',(4.713392407834,7.897312146131));
#4778 = CARTESIAN_POINT('',(4.746426982647,7.902124384132));
#4779 = CARTESIAN_POINT('',(4.778976915102,7.915822746908));
#4780 = CARTESIAN_POINT('',(4.83049681829,7.951231586947));
#4781 = CARTESIAN_POINT('',(4.850038711005,7.96811166456));
#4782 = CARTESIAN_POINT('',(4.869137117342,7.987996579091));
#4783 = CARTESIAN_POINT('',(4.88773335629,8.010679522084));
#4784 = CARTESIAN_POINT('',(4.905770801543,8.03592534181));
#4785 = CARTESIAN_POINT('',(4.936222065448,8.084059278744));
#4786 = CARTESIAN_POINT('',(4.948914673015,8.105947533454));
#4787 = CARTESIAN_POINT('',(4.961264850131,8.129048802504));
#4788 = CARTESIAN_POINT('',(4.973264832729,8.153281953213));
#4789 = CARTESIAN_POINT('',(4.984907282482,8.178568582449));
#4790 = CARTESIAN_POINT('',(5.027653426106,8.2781166269));
#4791 = CARTESIAN_POINT('',(5.056293091212,8.359032588825));
#4792 = CARTESIAN_POINT('',(5.082042651038,8.446152964681));
#4793 = CARTESIAN_POINT('',(5.104835254932,8.538380740905));
#4794 = CARTESIAN_POINT('',(5.124592382246,8.634860362336));
#4795 = CARTESIAN_POINT('',(5.157769605416,8.834509229903));
#4796 = CARTESIAN_POINT('',(5.171230786925,8.937731560284));
#4797 = CARTESIAN_POINT('',(5.181443959667,9.043587455954));
#4798 = CARTESIAN_POINT('',(5.188298308897,9.151192014905));
#4799 = CARTESIAN_POINT('',(5.191732577859,9.25972442207));
#4800 = CARTESIAN_POINT('',(5.191732577859,9.36838));
#4801 = ( GEOMETRIC_REPRESENTATION_CONTEXT(2) 
PARAMETRIC_REPRESENTATION_CONTEXT() REPRESENTATION_CONTEXT('2D SPACE',''
  ) );
#4802 = PCURVE('',#2240,#4803);
#4803 = DEFINITIONAL_REPRESENTATION('',(#4804),#4902);
#4804 = B_SPLINE_CURVE_WITH_KNOTS('',6,(#4805,#4806,#4807,#4808,#4809,
    #4810,#4811,#4812,#4813,#4814,#4815,#4816,#4817,#4818,#4819,#4820,
    #4821,#4822,#4823,#4824,#4825,#4826,#4827,#4828,#4829,#4830,#4831,
    #4832,#4833,#4834,#4835,#4836,#4837,#4838,#4839,#4840,#4841,#4842,
    #4843,#4844,#4845,#4846,#4847,#4848,#4849,#4850,#4851,#4852,#4853,
    #4854,#4855,#4856,#4857,#4858,#4859,#4860,#4861,#4862,#4863,#4864,
    #4865,#4866,#4867,#4868,#4869,#4870,#4871,#4872,#4873,#4874,#4875,
    #4876,#4877,#4878,#4879,#4880,#4881,#4882,#4883,#4884,#4885,#4886,
    #4887,#4888,#4889,#4890,#4891,#4892,#4893,#4894,#4895,#4896,#4897,
    #4898,#4899,#4900,#4901),.UNSPECIFIED.,.F.,.F.,(7,5,5,5,5,5,5,5,5,5,
    5,5,5,5,5,5,5,5,5,7),(0.,7.678416290367E-02,0.134117930663,
    0.182920228091,0.220754005453,0.27979709865,0.317031953161,
    0.344869489091,0.422542402978,0.459219351687,0.499552750667,
    0.576731927631,0.634089377189,0.682911832479,0.720761237182,
    0.779828718357,0.817078952847,0.844927987144,0.922632984023,1.),
  .UNSPECIFIED.);
#4805 = CARTESIAN_POINT('',(0.,7.372770656883));
#4806 = CARTESIAN_POINT('',(7.363576915066E-02,7.372770656883));
#4807 = CARTESIAN_POINT('',(0.147190097714,7.377722879821));
#4808 = CARTESIAN_POINT('',(0.220843942965,7.387607228935));
#4809 = CARTESIAN_POINT('',(0.29475836519,7.402095311428));
#4810 = CARTESIAN_POINT('',(0.369083272603,7.420551096762));
#4811 = CARTESIAN_POINT('',(0.499823039065,7.458219123633));
#4812 = CARTESIAN_POINT('',(0.556042765604,7.476066130321));
#4813 = CARTESIAN_POINT('',(0.612738851019,7.495332977359));
#4814 = CARTESIAN_POINT('',(0.670044396818,7.51564042436));
#4815 = CARTESIAN_POINT('',(0.728095708096,7.536558774866));
#4816 = CARTESIAN_POINT('',(0.837229223393,7.575532639023));
#4817 = CARTESIAN_POINT('',(0.888102247143,7.59356494916));
#4818 = CARTESIAN_POINT('',(0.93973117172,7.611403504857));
#4819 = CARTESIAN_POINT('',(0.992181828978,7.62871319372));
#4820 = CARTESIAN_POINT('',(1.045529461392,7.645138197059));
#4821 = CARTESIAN_POINT('',(1.141989694176,7.672073398911));
#4822 = CARTESIAN_POINT('',(1.184728451563,7.683089094065));
#4823 = CARTESIAN_POINT('',(1.228023286254,7.693156373998));
#4824 = CARTESIAN_POINT('',(1.271830618637,7.702086911952));
#4825 = CARTESIAN_POINT('',(1.316118029857,7.70971407206));
#4826 = CARTESIAN_POINT('',(1.430684698974,7.725557187855));
#4827 = CARTESIAN_POINT('',(1.501583363396,7.731701545373));
#4828 = CARTESIAN_POINT('',(1.572964112389,7.7337525876));
#4829 = CARTESIAN_POINT('',(1.644335439595,7.731487804577));
#4830 = CARTESIAN_POINT('',(1.715204679397,7.72514227745));
#4831 = CARTESIAN_POINT('',(1.828975339744,7.709107739143));
#4832 = CARTESIAN_POINT('',(1.87253121833,7.70152044372));
#4833 = CARTESIAN_POINT('',(1.915619348695,7.692678713671));
#4834 = CARTESIAN_POINT('',(1.958209324345,7.682741972377));
#4835 = CARTESIAN_POINT('',(2.000260296586,7.671889675353));
#4836 = CARTESIAN_POINT('',(2.072711499268,7.651658966113));
#4837 = CARTESIAN_POINT('',(2.103393655212,7.642594067633));
#4838 = CARTESIAN_POINT('',(2.133776176073,7.633188213494));
#4839 = CARTESIAN_POINT('',(2.163869998265,7.623509405643));
#4840 = CARTESIAN_POINT('',(2.193684642907,7.613624268043));
#4841 = CARTESIAN_POINT('',(2.305661352164,7.575622660088));
#4842 = CARTESIAN_POINT('',(2.386007524416,7.546539817632));
#4843 = CARTESIAN_POINT('',(2.464680486245,7.517675506234));
#4844 = CARTESIAN_POINT('',(2.542035616084,7.490188391513));
#4845 = CARTESIAN_POINT('',(2.618422860196,7.465062986358));
#4846 = CARTESIAN_POINT('',(2.729984427953,7.432751612727));
#4847 = CARTESIAN_POINT('',(2.765625878699,7.423098065937));
#4848 = CARTESIAN_POINT('',(2.80114777802,7.41424488079));
#4849 = CARTESIAN_POINT('',(2.836572005843,7.406271534497));
#4850 = CARTESIAN_POINT('',(2.871921373053,7.399245411932));
#4851 = CARTESIAN_POINT('',(2.946038281262,7.386594920733));
#4852 = CARTESIAN_POINT('',(2.98479347507,7.381180398132));
#4853 = CARTESIAN_POINT('',(3.023500833509,7.377051836841));
#4854 = CARTESIAN_POINT('',(3.062176202891,7.374260717603));
#4855 = CARTESIAN_POINT('',(3.100836646417,7.372833880982));
#4856 = CARTESIAN_POINT('',(3.213485751474,7.372654527526));
#4857 = CARTESIAN_POINT('',(3.28738639262,7.377536118018));
#4858 = CARTESIAN_POINT('',(3.361385837161,7.387401470755));
#4859 = CARTESIAN_POINT('',(3.435647096195,7.40192055083));
#4860 = CARTESIAN_POINT('',(3.510321924928,7.420449103852));
#4861 = CARTESIAN_POINT('',(3.641415692655,7.458219123633));
#4862 = CARTESIAN_POINT('',(3.697635419194,7.476066130321));
#4863 = CARTESIAN_POINT('',(3.754331504608,7.495332977359));
#4864 = CARTESIAN_POINT('',(3.811637050408,7.51564042436));
#4865 = CARTESIAN_POINT('',(3.869688361686,7.536558774866));
#4866 = CARTESIAN_POINT('',(3.978821876983,7.575532639023));
#4867 = CARTESIAN_POINT('',(4.029694900733,7.59356494916));
#4868 = CARTESIAN_POINT('',(4.08132382531,7.611403504857));
#4869 = CARTESIAN_POINT('',(4.133774482568,7.62871319372));
#4870 = CARTESIAN_POINT('',(4.187122114982,7.645138197059));
#4871 = CARTESIAN_POINT('',(4.283582347813,7.672073398924));
#4872 = CARTESIAN_POINT('',(4.326321105138,7.683089094058));
#4873 = CARTESIAN_POINT('',(4.369615939793,7.693156373987));
#4874 = CARTESIAN_POINT('',(4.413423272214,7.702086911953));
#4875 = CARTESIAN_POINT('',(4.457710683503,7.709714072068));
#4876 = CARTESIAN_POINT('',(4.572277352564,7.725557187855));
#4877 = CARTESIAN_POINT('',(4.643176016986,7.731701545373));
#4878 = CARTESIAN_POINT('',(4.71455676598,7.7337525876));
#4879 = CARTESIAN_POINT('',(4.785928093185,7.731487804577));
#4880 = CARTESIAN_POINT('',(4.856797332987,7.72514227745));
#4881 = CARTESIAN_POINT('',(4.970567993308,7.709107739146));
#4882 = CARTESIAN_POINT('',(5.014123871927,7.70152044372));
#4883 = CARTESIAN_POINT('',(5.05721200231,7.692678713666));
#4884 = CARTESIAN_POINT('',(5.099801977942,7.682741972373));
#4885 = CARTESIAN_POINT('',(5.141852950153,7.67188967536));
#4886 = CARTESIAN_POINT('',(5.214304152854,7.651658966114));
#4887 = CARTESIAN_POINT('',(5.244986308803,7.642594067633));
#4888 = CARTESIAN_POINT('',(5.275368829666,7.633188213493));
#4889 = CARTESIAN_POINT('',(5.305462651856,7.623509405643));
#4890 = CARTESIAN_POINT('',(5.335277296494,7.613624268044));
#4891 = CARTESIAN_POINT('',(5.447254005754,7.575622660088));
#4892 = CARTESIAN_POINT('',(5.527600178006,7.546539817632));
#4893 = CARTESIAN_POINT('',(5.606273139834,7.517675506234));
#4894 = CARTESIAN_POINT('',(5.683628269674,7.490188391513));
#4895 = CARTESIAN_POINT('',(5.760015513786,7.465062986358));
#4896 = CARTESIAN_POINT('',(5.911243802015,7.42126301274));
#4897 = CARTESIAN_POINT('',(5.986153819595,7.402542425172));
#4898 = CARTESIAN_POINT('',(6.060642306222,7.387836198347));
#4899 = CARTESIAN_POINT('',(6.134863308106,7.377799478345));
#4900 = CARTESIAN_POINT('',(6.208982221794,7.372770656883));
#4901 = CARTESIAN_POINT('',(6.28318530718,7.372770656883));
#4902 = ( GEOMETRIC_REPRESENTATION_CONTEXT(2) 
PARAMETRIC_REPRESENTATION_CONTEXT() REPRESENTATION_CONTEXT('2D SPACE',''
  ) );
#4903 = ADVANCED_FACE('',(#4904,#4907),#699,.F.);
#4904 = FACE_BOUND('',#4905,.F.);
#4905 = EDGE_LOOP('',(#4906));
#4906 = ORIENTED_EDGE('',*,*,#565,.F.);
#4907 = FACE_BOUND('',#4908,.F.);
#4908 = EDGE_LOOP('',(#4909,#4948,#5459,#5496));
#4909 = ORIENTED_EDGE('',*,*,#4910,.F.);
#4910 = EDGE_CURVE('',#4911,#4913,#4915,.T.);
#4911 = VERTEX_POINT('',#4912);
#4912 = CARTESIAN_POINT('',(0.4881,-9.937450562066,16.67));
#4913 = VERTEX_POINT('',#4914);
#4914 = CARTESIAN_POINT('',(0.4881,-10.7382,16.67));
#4915 = SURFACE_CURVE('',#4916,(#4923,#4933),.PCURVE_S1.);
#4916 = B_SPLINE_CURVE_WITH_KNOTS('',5,(#4917,#4918,#4919,#4920,#4921,
    #4922),.UNSPECIFIED.,.F.,.F.,(6,6),(0.,1.),
  .PIECEWISE_BEZIER_KNOTS.);
#4917 = CARTESIAN_POINT('',(0.4881,-1.627,16.67));
#4918 = CARTESIAN_POINT('',(0.4881,-3.44924333185,16.67));
#4919 = CARTESIAN_POINT('',(0.4881,-5.271485630864,16.67));
#4920 = CARTESIAN_POINT('',(0.4881,-7.093725860419,16.67));
#4921 = CARTESIAN_POINT('',(0.4881,-8.915963460471,16.67));
#4922 = CARTESIAN_POINT('',(0.4881,-10.7382,16.67));
#4923 = PCURVE('',#699,#4924);
#4924 = DEFINITIONAL_REPRESENTATION('',(#4925),#4932);
#4925 = B_SPLINE_CURVE_WITH_KNOTS('',5,(#4926,#4927,#4928,#4929,#4930,
    #4931),.UNSPECIFIED.,.F.,.F.,(6,6),(0.,1.),
  .PIECEWISE_BEZIER_KNOTS.);
#4926 = CARTESIAN_POINT('',(-1.272730500333,1.124884046896));
#4927 = CARTESIAN_POINT('',(-2.927280666407,1.888446404383));
#4928 = CARTESIAN_POINT('',(-4.581829209928,2.652014742638));
#4929 = CARTESIAN_POINT('',(-6.236376105877,3.415591589604));
#4930 = CARTESIAN_POINT('',(-7.890923670811,4.179173262169));
#4931 = CARTESIAN_POINT('',(-9.545471200222,4.942757542524));
#4932 = ( GEOMETRIC_REPRESENTATION_CONTEXT(2) 
PARAMETRIC_REPRESENTATION_CONTEXT() REPRESENTATION_CONTEXT('2D SPACE',''
  ) );
#4933 = PCURVE('',#4934,#4939);
#4934 = PLANE('',#4935);
#4935 = AXIS2_PLACEMENT_3D('',#4936,#4937,#4938);
#4936 = CARTESIAN_POINT('',(0.4881,-10.7382,16.1699));
#4937 = DIRECTION('',(1.,0.,0.));
#4938 = DIRECTION('',(0.,0.,1.));
#4939 = DEFINITIONAL_REPRESENTATION('',(#4940),#4947);
#4940 = B_SPLINE_CURVE_WITH_KNOTS('',5,(#4941,#4942,#4943,#4944,#4945,
    #4946),.UNSPECIFIED.,.F.,.F.,(6,6),(0.,1.),
  .PIECEWISE_BEZIER_KNOTS.);
#4941 = CARTESIAN_POINT('',(0.5001,-9.1112));
#4942 = CARTESIAN_POINT('',(0.5001,-7.28895666815));
#4943 = CARTESIAN_POINT('',(0.5001,-5.466714369136));
#4944 = CARTESIAN_POINT('',(0.5001,-3.644474139581));
#4945 = CARTESIAN_POINT('',(0.5001,-1.822236539529));
#4946 = CARTESIAN_POINT('',(0.5001,0.));
#4947 = ( GEOMETRIC_REPRESENTATION_CONTEXT(2) 
PARAMETRIC_REPRESENTATION_CONTEXT() REPRESENTATION_CONTEXT('2D SPACE',''
  ) );
#4948 = ORIENTED_EDGE('',*,*,#4949,.F.);
#4949 = EDGE_CURVE('',#4950,#4911,#4952,.T.);
#4950 = VERTEX_POINT('',#4951);
#4951 = CARTESIAN_POINT('',(-0.4881,-9.937450560596,16.67));
#4952 = SURFACE_CURVE('',#4953,(#5088,#5271),.PCURVE_S1.);
#4953 = B_SPLINE_CURVE_WITH_KNOTS('',8,(#4954,#4955,#4956,#4957,#4958,
    #4959,#4960,#4961,#4962,#4963,#4964,#4965,#4966,#4967,#4968,#4969,
    #4970,#4971,#4972,#4973,#4974,#4975,#4976,#4977,#4978,#4979,#4980,
    #4981,#4982,#4983,#4984,#4985,#4986,#4987,#4988,#4989,#4990,#4991,
    #4992,#4993,#4994,#4995,#4996,#4997,#4998,#4999,#5000,#5001,#5002,
    #5003,#5004,#5005,#5006,#5007,#5008,#5009,#5010,#5011,#5012,#5013,
    #5014,#5015,#5016,#5017,#5018,#5019,#5020,#5021,#5022,#5023,#5024,
    #5025,#5026,#5027,#5028,#5029,#5030,#5031,#5032,#5033,#5034,#5035,
    #5036,#5037,#5038,#5039,#5040,#5041,#5042,#5043,#5044,#5045,#5046,
    #5047,#5048,#5049,#5050,#5051,#5052,#5053,#5054,#5055,#5056,#5057,
    #5058,#5059,#5060,#5061,#5062,#5063,#5064,#5065,#5066,#5067,#5068,
    #5069,#5070,#5071,#5072,#5073,#5074,#5075,#5076,#5077,#5078,#5079,
    #5080,#5081,#5082,#5083,#5084,#5085,#5086,#5087),.UNSPECIFIED.,.F.,
  .F.,(9,7,7,7,7,7,7,7,7,7,7,7,7,6,7,7,7,7,7,9),(0.556055323161,
    0.686282355626,0.758431456376,0.817144823242,1.,1.099136320041,
    1.226120985838,1.396415504187,1.601108057891,1.751209357538,
    1.765731570794,2.033335693462,2.140547874339,2.157068007437,
    2.305677378717,2.334663334726,2.62991692844,2.655215819444,
    2.673455907598,2.679448073963),.UNSPECIFIED.);
#4954 = CARTESIAN_POINT('',(-0.4881,-9.937450560596,16.67));
#4955 = CARTESIAN_POINT('',(-0.959258698652,-9.914308550632,16.67));
#4956 = CARTESIAN_POINT('',(-1.429173290153,-9.865636030003,16.67));
#4957 = CARTESIAN_POINT('',(-1.896209996689,-9.791511386757,16.67));
#4958 = CARTESIAN_POINT('',(-2.358762962942,-9.692140210327,16.67));
#4959 = CARTESIAN_POINT('',(-2.815252636269,-9.567845683516,16.67));
#4960 = CARTESIAN_POINT('',(-3.264125711422,-9.419065830642,16.67));
#4961 = CARTESIAN_POINT('',(-3.703856639824,-9.246357621882,16.67));
#4962 = CARTESIAN_POINT('',(-4.370679769607,-8.941846803868,16.67));
#4963 = CARTESIAN_POINT('',(-4.605150672641,-8.826148701231,16.67));
#4964 = CARTESIAN_POINT('',(-4.836112298887,-8.703428364214,16.67));
#4965 = CARTESIAN_POINT('',(-5.063319412272,-8.57381048334,16.67));
#4966 = CARTESIAN_POINT('',(-5.28653265426,-8.437429701307,16.67));
#4967 = CARTESIAN_POINT('',(-5.50551854385,-8.294430612985,16.67));
#4968 = CARTESIAN_POINT('',(-5.720049477581,-8.144967765418,16.67));
#4969 = CARTESIAN_POINT('',(-6.100678549372,-7.862449846985,16.67));
#4970 = CARTESIAN_POINT('',(-6.268357060634,-7.731521908784,16.67));
#4971 = CARTESIAN_POINT('',(-6.432819994632,-7.596510389796,16.67));
#4972 = CARTESIAN_POINT('',(-6.593951438855,-7.45750763318,16.67));
#4973 = CARTESIAN_POINT('',(-6.751638836964,-7.314609778684,16.67));
#4974 = CARTESIAN_POINT('',(-6.905772988791,-7.16791676264,16.67));
#4975 = CARTESIAN_POINT('',(-7.056248050336,-7.017532317966,16.67));
#4976 = CARTESIAN_POINT('',(-7.659881676124,-6.384049508828,16.67));
#4977 = CARTESIAN_POINT('',(-8.080381588112,-5.869705970381,16.67));
#4978 = CARTESIAN_POINT('',(-8.461264888726,-5.323854772062,16.67));
#4979 = CARTESIAN_POINT('',(-8.799811331705,-4.75008549936,16.67));
#4980 = CARTESIAN_POINT('',(-9.093709658711,-4.152214386946,16.67));
#4981 = CARTESIAN_POINT('',(-9.341036907244,-3.534267913984,16.67));
#4982 = CARTESIAN_POINT('',(-9.540284173314,-2.900491517784,16.67));
#4983 = CARTESIAN_POINT('',(-9.77183089187,-1.905633184156,16.67));
#4984 = CARTESIAN_POINT('',(-9.838806983767,-1.552521040622,16.67));
#4985 = CARTESIAN_POINT('',(-9.891194489101,-1.196747285448,16.67));
#4986 = CARTESIAN_POINT('',(-9.928871851316,-0.839016011838,16.67));
#4987 = CARTESIAN_POINT('',(-9.951758584188,-0.480034940171,16.67));
#4988 = CARTESIAN_POINT('',(-9.95981528328,-0.120515242172,16.67));
#4989 = CARTESIAN_POINT('',(-9.953043637395,0.238828634905,16.67));
#4990 = CARTESIAN_POINT('',(-9.903873618591,1.056421848786,16.67));
#4991 = CARTESIAN_POINT('',(-9.852000866543,1.514120723528,16.67));
#4992 = CARTESIAN_POINT('',(-9.775956731171,1.968858060452,16.67));
#4993 = CARTESIAN_POINT('',(-9.675945386329,2.419144234576,16.67));
#4994 = CARTESIAN_POINT('',(-9.552277667554,2.863515884465,16.67));
#4995 = CARTESIAN_POINT('',(-9.405368008707,3.300535573083,16.67));
#4996 = CARTESIAN_POINT('',(-9.235737280117,3.728792928864,16.67));
#4997 = CARTESIAN_POINT('',(-8.786918503897,4.70762520388,16.67));
#4998 = CARTESIAN_POINT('',(-8.490058573609,5.250184177759,16.67));
#4999 = CARTESIAN_POINT('',(-8.154973879969,5.771206360378,16.67));
#5000 = CARTESIAN_POINT('',(-7.783515478745,6.267562897968,16.67));
#5001 = CARTESIAN_POINT('',(-7.377811117972,6.736343729004,16.67));
#5002 = CARTESIAN_POINT('',(-6.940250014021,7.174849095579,16.67));
#5003 = CARTESIAN_POINT('',(-6.473494624666,7.580602748368,16.67));
#5004 = CARTESIAN_POINT('',(-5.387967440919,8.397066156428,16.67));
#5005 = CARTESIAN_POINT('',(-4.757328702821,8.792375644139,16.67));
#5006 = CARTESIAN_POINT('',(-4.093786027594,9.133361049831,16.67));
#5007 = CARTESIAN_POINT('',(-3.402841235604,9.416894809842,16.67));
#5008 = CARTESIAN_POINT('',(-2.690253698277,9.640534251546,16.67));
#5009 = CARTESIAN_POINT('',(-1.962013835022,9.80247644666,16.67));
#5010 = CARTESIAN_POINT('',(-1.224351553651,9.901609721628,16.67));
#5011 = CARTESIAN_POINT('',(5.928265873665E-02,9.964098876597,16.67));
#5012 = CARTESIAN_POINT('',(0.604030878349,9.956621389037,16.67));
#5013 = CARTESIAN_POINT('',(1.147942746356,9.915099230797,16.67));
#5014 = CARTESIAN_POINT('',(1.688533959453,9.839637650947,16.67));
#5015 = CARTESIAN_POINT('',(2.223355220221,9.730552744984,16.67));
#5016 = CARTESIAN_POINT('',(2.749992064301,9.588363098637,16.67));
#5017 = CARTESIAN_POINT('',(3.26606748373,9.413797609733,16.67));
#5018 = CARTESIAN_POINT('',(3.817929704908,9.187891224896,16.67));
#5019 = CARTESIAN_POINT('',(3.86649164805,9.167668806,16.67));
#5020 = CARTESIAN_POINT('',(3.914931106433,9.147153078316,16.67));
#5021 = CARTESIAN_POINT('',(3.963246015833,9.126344907185,16.67));
#5022 = CARTESIAN_POINT('',(4.011434317255,9.105245176388,16.67));
#5023 = CARTESIAN_POINT('',(4.059493956932,9.083854788151,16.67));
#5024 = CARTESIAN_POINT('',(4.107422886323,9.062174663144,16.67));
#5025 = CARTESIAN_POINT('',(5.03597005128,8.635379411945,16.67));
#5026 = CARTESIAN_POINT('',(5.872187687931,8.132237667344,16.67));
#5027 = CARTESIAN_POINT('',(6.650187423715,7.536816129821,16.67));
#5028 = CARTESIAN_POINT('',(7.358328163934,6.857248820402,16.67));
#5029 = CARTESIAN_POINT('',(7.986353790075,6.103014725071,16.67));
#5030 = CARTESIAN_POINT('',(8.525525955699,5.285011272175,16.67));
#5031 = CARTESIAN_POINT('',(8.968540794682,4.415428815302,16.67));
#5032 = CARTESIAN_POINT('',(9.447279315562,3.144978449474,16.67));
#5033 = CARTESIAN_POINT('',(9.568009250517,2.775465171417,16.67));
#5034 = CARTESIAN_POINT('',(9.672208899246,2.400689531805,16.67));
#5035 = CARTESIAN_POINT('',(9.75961407926,2.021516004511,16.67));
#5036 = CARTESIAN_POINT('',(9.830015377946,1.638820508249,16.67));
#5037 = CARTESIAN_POINT('',(9.883257076844,1.253490048599,16.67));
#5038 = CARTESIAN_POINT('',(9.919238253211,0.866422806485,16.67));
#5039 = CARTESIAN_POINT('',(9.940794088537,0.418758760253,16.67));
#5040 = CARTESIAN_POINT('',(9.943261288539,0.358969063802,16.67));
#5041 = CARTESIAN_POINT('',(9.945317500199,0.299162878207,16.67));
#5042 = CARTESIAN_POINT('',(9.94696259655,0.239343499069,16.67));
#5043 = CARTESIAN_POINT('',(9.948196482354,0.179514223156,16.67));
#5044 = CARTESIAN_POINT('',(9.949019094099,0.119678348406,16.67));
#5045 = CARTESIAN_POINT('',(9.953130367095,-0.478451368553,16.67));
#5046 = CARTESIAN_POINT('',(9.916146762551,-1.076618169478,16.67));
#5047 = CARTESIAN_POINT('',(9.849572529733,-1.612527366092,16.67));
#5048 = CARTESIAN_POINT('',(9.749924551605,-2.143616898831,16.67));
#5049 = CARTESIAN_POINT('',(9.617620540432,-2.667526694166,16.67));
#5050 = CARTESIAN_POINT('',(9.453271227383,-3.181939171819,16.67));
#5051 = CARTESIAN_POINT('',(9.25768762173,-3.684582063131,16.67));
#5052 = CARTESIAN_POINT('',(8.987864613335,-4.268545245692,16.67));
#5053 = CARTESIAN_POINT('',(8.942676385209,-4.363324816016,16.67));
#5054 = CARTESIAN_POINT('',(8.89634616723,-4.457557092388,16.67));
#5055 = CARTESIAN_POINT('',(8.848881706037,-4.551226026544,16.67));
#5056 = CARTESIAN_POINT('',(8.800291015821,-4.644315707854,16.67));
#5057 = CARTESIAN_POINT('',(8.750582378323,-4.736810363316,16.67));
#5058 = CARTESIAN_POINT('',(8.69976434284,-4.828694357562,16.67));
#5059 = CARTESIAN_POINT('',(8.118997958255,-5.849512833025,16.67));
#5060 = CARTESIAN_POINT('',(7.475476866425,-6.714950133083,16.67));
#5061 = CARTESIAN_POINT('',(6.727001409303,-7.498343687655,16.67));
#5062 = CARTESIAN_POINT('',(5.886187115829,-8.185346943591,16.67));
#5063 = CARTESIAN_POINT('',(4.967286601352,-8.763781840517,16.67));
#5064 = CARTESIAN_POINT('',(3.986381152038,-9.224000869453,16.67));
#5065 = CARTESIAN_POINT('',(2.961102388068,-9.558594817728,16.67));
#5066 = CARTESIAN_POINT('',(1.821661120577,-9.781672302553,16.67));
#5067 = CARTESIAN_POINT('',(1.731547935824,-9.798331633369,16.67));
#5068 = CARTESIAN_POINT('',(1.641261061714,-9.814042124376,16.67));
#5069 = CARTESIAN_POINT('',(1.550812156282,-9.828801671094,16.67));
#5070 = CARTESIAN_POINT('',(1.460212904754,-9.842608341472,16.67));
#5071 = CARTESIAN_POINT('',(1.36947501956,-9.855460375897,16.67));
#5072 = CARTESIAN_POINT('',(1.278610240322,-9.867356187186,16.67));
#5073 = CARTESIAN_POINT('',(1.122035303877,-9.886180605376,16.67));
#5074 = CARTESIAN_POINT('',(1.056380425339,-9.89356905367,16.67));
#5075 = CARTESIAN_POINT('',(0.990670106991,-9.900459175461,16.67));
#5076 = CARTESIAN_POINT('',(0.924908761954,-9.906850487696,16.67));
#5077 = CARTESIAN_POINT('',(0.859100807731,-9.912742554287,16.67));
#5078 = CARTESIAN_POINT('',(0.79325066621,-9.918134986108,16.67));
#5079 = CARTESIAN_POINT('',(0.727362763657,-9.923027440994,16.67));
#5080 = CARTESIAN_POINT('',(0.639785330853,-9.928862527391,16.67));
#5081 = CARTESIAN_POINT('',(0.618125533348,-9.930251440215,16.67));
#5082 = CARTESIAN_POINT('',(0.596462295369,-9.931586351747,16.67));
#5083 = CARTESIAN_POINT('',(0.574795774094,-9.932867252066,16.67));
#5084 = CARTESIAN_POINT('',(0.553126126711,-9.934094131804,16.67));
#5085 = CARTESIAN_POINT('',(0.531453510423,-9.935266982139,16.67));
#5086 = CARTESIAN_POINT('',(0.509778082443,-9.936385794801,16.67));
#5087 = CARTESIAN_POINT('',(0.4881,-9.937450562066,16.67));
#5088 = PCURVE('',#699,#5089);
#5089 = DEFINITIONAL_REPRESENTATION('',(#5090),#5270);
#5090 = B_SPLINE_CURVE_WITH_KNOTS('',3,(#5091,#5092,#5093,#5094,#5095,
    #5096,#5097,#5098,#5099,#5100,#5101,#5102,#5103,#5104,#5105,#5106,
    #5107,#5108,#5109,#5110,#5111,#5112,#5113,#5114,#5115,#5116,#5117,
    #5118,#5119,#5120,#5121,#5122,#5123,#5124,#5125,#5126,#5127,#5128,
    #5129,#5130,#5131,#5132,#5133,#5134,#5135,#5136,#5137,#5138,#5139,
    #5140,#5141,#5142,#5143,#5144,#5145,#5146,#5147,#5148,#5149,#5150,
    #5151,#5152,#5153,#5154,#5155,#5156,#5157,#5158,#5159,#5160,#5161,
    #5162,#5163,#5164,#5165,#5166,#5167,#5168,#5169,#5170,#5171,#5172,
    #5173,#5174,#5175,#5176,#5177,#5178,#5179,#5180,#5181,#5182,#5183,
    #5184,#5185,#5186,#5187,#5188,#5189,#5190,#5191,#5192,#5193,#5194,
    #5195,#5196,#5197,#5198,#5199,#5200,#5201,#5202,#5203,#5204,#5205,
    #5206,#5207,#5208,#5209,#5210,#5211,#5212,#5213,#5214,#5215,#5216,
    #5217,#5218,#5219,#5220,#5221,#5222,#5223,#5224,#5225,#5226,#5227,
    #5228,#5229,#5230,#5231,#5232,#5233,#5234,#5235,#5236,#5237,#5238,
    #5239,#5240,#5241,#5242,#5243,#5244,#5245,#5246,#5247,#5248,#5249,
    #5250,#5251,#5252,#5253,#5254,#5255,#5256,#5257,#5258,#5259,#5260,
    #5261,#5262,#5263,#5264,#5265,#5266,#5267,#5268,#5269),
  .UNSPECIFIED.,.F.,.F.,(4,1,1,1,1,1,1,1,1,1,1,1,1,1,1,1,1,1,1,1,1,1,1,1
    ,1,1,1,1,1,1,1,1,1,1,1,1,1,1,1,1,1,1,1,1,1,1,1,1,1,1,1,1,1,1,1,1,1,1
    ,1,1,1,1,1,1,1,1,1,1,1,1,1,1,1,1,1,1,1,1,1,1,1,1,1,1,1,1,1,1,1,1,1,1
    ,1,1,1,1,1,1,1,1,1,1,1,1,1,1,1,1,1,1,1,1,1,1,1,1,1,1,1,1,1,1,1,1,1,1
    ,1,1,1,1,1,1,1,1,1,1,1,1,1,1,1,1,1,1,1,1,1,1,1,1,1,1,1,1,1,1,1,1,1,1
    ,1,1,1,1,1,1,1,1,1,1,1,1,1,1,1,1,4),(0.556055323161,0.5681200547,
    0.580184786239,0.592249517777,0.604314249316,0.616378980855,
    0.628443712393,0.640508443932,0.652573175471,0.664637907009,
    0.676702638548,0.688767370087,0.700832101625,0.712896833164,
    0.724961564703,0.737026296241,0.74909102778,0.761155759318,
    0.773220490857,0.785285222396,0.797349953934,0.809414685473,
    0.821479417012,0.83354414855,0.845608880089,0.857673611628,
    0.869738343166,0.881803074705,0.893867806244,0.905932537782,
    0.917997269321,0.93006200086,0.942126732398,0.954191463937,
    0.966256195475,0.978320927014,0.990385658553,1.002450390091,
    1.01451512163,1.026579853169,1.038644584707,1.050709316246,
    1.062774047785,1.074838779323,1.086903510862,1.098968242401,
    1.111032973939,1.123097705478,1.135162437016,1.147227168555,
    1.159291900094,1.171356631632,1.183421363171,1.19548609471,
    1.207550826248,1.219615557787,1.231680289326,1.243745020864,
    1.255809752403,1.267874483942,1.27993921548,1.292003947019,
    1.304068678558,1.316133410096,1.328198141635,1.340262873173,
    1.352327604712,1.364392336251,1.376457067789,1.388521799328,
    1.400586530867,1.412651262405,1.424715993944,1.436780725483,
    1.448845457021,1.46091018856,1.472974920099,1.485039651637,
    1.497104383176,1.509169114715,1.521233846253,1.533298577792,
    1.54536330933,1.557428040869,1.569492772408,1.581557503946,
    1.593622235485,1.605686967024,1.617751698562,1.629816430101,
    1.64188116164,1.653945893178,1.666010624717,1.678075356256,
    1.690140087794,1.702204819333,1.714269550872,1.72633428241,
    1.738399013949,1.750463745487,1.762528477026,1.774593208565,
    1.786657940103,1.798722671642,1.810787403181,1.822852134719,
    1.834916866258,1.846981597797,1.859046329335,1.871111060874,
    1.883175792413,1.895240523951,1.90730525549,1.919369987029,
    1.931434718567,1.943499450106,1.955564181644,1.967628913183,
    1.979693644722,1.99175837626,2.003823107799,2.015887839338,
    2.027952570876,2.040017302415,2.052082033954,2.064146765492,
    2.076211497031,2.08827622857,2.100340960108,2.112405691647,
    2.124470423185,2.136535154724,2.148599886263,2.160664617801,
    2.17272934934,2.184794080879,2.196858812417,2.208923543956,
    2.220988275495,2.233053007033,2.245117738572,2.257182470111,
    2.269247201649,2.281311933188,2.293376664727,2.305441396265,
    2.317506127804,2.329570859342,2.341635590881,2.35370032242,
    2.365765053958,2.377829785497,2.389894517036,2.401959248574,
    2.414023980113,2.426088711652,2.43815344319,2.450218174729,
    2.462282906268,2.474347637806,2.486412369345,2.498477100884,
    2.510541832422,2.522606563961,2.534671295499,2.546736027038,
    2.558800758577,2.570865490115,2.582930221654,2.594994953193,
    2.607059684731,2.61912441627,2.631189147809,2.643253879347,
    2.655318610886,2.667383342425,2.679448073963),
  .QUASI_UNIFORM_KNOTS.);
#5091 = CARTESIAN_POINT('',(-9.227463680977,3.720850062732));
#5092 = CARTESIAN_POINT('',(-9.271048503964,3.612766603635));
#5093 = CARTESIAN_POINT('',(-9.354415857811,3.395065636425));
#5094 = CARTESIAN_POINT('',(-9.467920747496,3.064322521479));
#5095 = CARTESIAN_POINT('',(-9.569734300711,2.729796938459));
#5096 = CARTESIAN_POINT('',(-9.659732079443,2.391902587448));
#5097 = CARTESIAN_POINT('',(-9.737802959731,2.051056027554));
#5098 = CARTESIAN_POINT('',(-9.803850944977,1.707677040256));
#5099 = CARTESIAN_POINT('',(-9.857794610494,1.362188506487));
#5100 = CARTESIAN_POINT('',(-9.899567292869,1.015016331624));
#5101 = CARTESIAN_POINT('',(-9.929117195145,0.666589776305));
#5102 = CARTESIAN_POINT('',(-9.946407610207,0.317340227192));
#5103 = CARTESIAN_POINT('',(-9.951417281827,-3.229408677479E-02));
#5104 = CARTESIAN_POINT('',(-9.944140612122,-0.38188702654));
#5105 = CARTESIAN_POINT('',(-9.924586583078,-0.731009029275));
#5106 = CARTESIAN_POINT('',(-9.892779331948,-1.079228131619));
#5107 = CARTESIAN_POINT('',(-9.848758094865,-1.426114913332));
#5108 = CARTESIAN_POINT('',(-9.792577187138,-1.771241373624));
#5109 = CARTESIAN_POINT('',(-9.724306138485,-2.114180482288));
#5110 = CARTESIAN_POINT('',(-9.644029109225,-2.454509438033));
#5111 = CARTESIAN_POINT('',(-9.551845244766,-2.791807997322));
#5112 = CARTESIAN_POINT('',(-9.447868444177,-3.125659463568));
#5113 = CARTESIAN_POINT('',(-9.332226609939,-3.45565278011));
#5114 = CARTESIAN_POINT('',(-9.205064101152,-3.781376958414));
#5115 = CARTESIAN_POINT('',(-9.066529520687,-4.10244895629));
#5116 = CARTESIAN_POINT('',(-8.916796656772,-4.418462095957));
#5117 = CARTESIAN_POINT('',(-8.756052639612,-4.729020578165));
#5118 = CARTESIAN_POINT('',(-8.584497614526,-5.033737768032));
#5119 = CARTESIAN_POINT('',(-8.402344364215,-5.332236367005));
#5120 = CARTESIAN_POINT('',(-8.209818033764,-5.624148146223));
#5121 = CARTESIAN_POINT('',(-8.007155917541,-5.909113863925));
#5122 = CARTESIAN_POINT('',(-7.794607317718,-6.186783201012));
#5123 = CARTESIAN_POINT('',(-7.572433476382,-6.456814755732));
#5124 = CARTESIAN_POINT('',(-7.340907563521,-6.718876099442));
#5125 = CARTESIAN_POINT('',(-7.100314789813,-6.972643844732));
#5126 = CARTESIAN_POINT('',(-6.850952386114,-7.21780391881));
#5127 = CARTESIAN_POINT('',(-6.593130413131,-7.454051319304));
#5128 = CARTESIAN_POINT('',(-6.327169805385,-7.681092050979));
#5129 = CARTESIAN_POINT('',(-6.053411069535,-7.898637172274));
#5130 = CARTESIAN_POINT('',(-5.772180875102,-8.106428565936));
#5131 = CARTESIAN_POINT('',(-5.483822702059,-8.304212578985));
#5132 = CARTESIAN_POINT('',(-5.188694807479,-8.491743372956));
#5133 = CARTESIAN_POINT('',(-4.887161081548,-8.668789724315));
#5134 = CARTESIAN_POINT('',(-4.579593416313,-8.835133240207));
#5135 = CARTESIAN_POINT('',(-4.266371207376,-8.990568785343));
#5136 = CARTESIAN_POINT('',(-3.947880810999,-9.134904649099));
#5137 = CARTESIAN_POINT('',(-3.624518046609,-9.267961540641));
#5138 = CARTESIAN_POINT('',(-3.296678562266,-9.389576531828));
#5139 = CARTESIAN_POINT('',(-2.964765066664,-9.499599962189));
#5140 = CARTESIAN_POINT('',(-2.629191685543,-9.597894322508));
#5141 = CARTESIAN_POINT('',(-2.290373258841,-9.684338256071));
#5142 = CARTESIAN_POINT('',(-1.948728118086,-9.758825155805));
#5143 = CARTESIAN_POINT('',(-1.604677266003,-9.821263320589));
#5144 = CARTESIAN_POINT('',(-1.258644573505,-9.871575808426));
#5145 = CARTESIAN_POINT('',(-0.911056605422,-9.909700474856));
#5146 = CARTESIAN_POINT('',(-0.562343014404,-9.935590105463));
#5147 = CARTESIAN_POINT('',(-0.212935133881,-9.949212518651));
#5148 = CARTESIAN_POINT('',(0.136728692922,-9.950551225134));
#5149 = CARTESIAN_POINT('',(0.486238714827,-9.939604196161));
#5150 = CARTESIAN_POINT('',(0.835152750321,-9.916384026101));
#5151 = CARTESIAN_POINT('',(1.183035870462,-9.880919531699));
#5152 = CARTESIAN_POINT('',(1.529455902469,-9.833254859976));
#5153 = CARTESIAN_POINT('',(1.873984561379,-9.77344925044));
#5154 = CARTESIAN_POINT('',(2.216197100313,-9.701576730838));
#5155 = CARTESIAN_POINT('',(2.555672386349,-9.617725938358));
#5156 = CARTESIAN_POINT('',(2.891992883446,-9.522000019345));
#5157 = CARTESIAN_POINT('',(3.224744709669,-9.414516603458));
#5158 = CARTESIAN_POINT('',(3.553517618236,-9.295407915454));
#5159 = CARTESIAN_POINT('',(3.877905337036,-9.164820775951));
#5160 = CARTESIAN_POINT('',(4.197504678577,-9.022917422654));
#5161 = CARTESIAN_POINT('',(4.511919337836,-8.869873674774));
#5162 = CARTESIAN_POINT('',(4.820746296269,-8.705887418263));
#5163 = CARTESIAN_POINT('',(5.12364270049,-8.531140405855));
#5164 = CARTESIAN_POINT('',(5.420223382744,-8.345852064922));
#5165 = CARTESIAN_POINT('',(5.710114019199,-8.15025538484));
#5166 = CARTESIAN_POINT('',(5.992952091849,-7.944594764341));
#5167 = CARTESIAN_POINT('',(6.268386212858,-7.729126094253));
#5168 = CARTESIAN_POINT('',(6.53607596615,-7.504116318763));
#5169 = CARTESIAN_POINT('',(6.79569168886,-7.269843213914));
#5170 = CARTESIAN_POINT('',(7.04691434742,-7.026595185259));
#5171 = CARTESIAN_POINT('',(7.289435466541,-6.774671138239));
#5172 = CARTESIAN_POINT('',(7.522957123204,-6.514380404963));
#5173 = CARTESIAN_POINT('',(7.747191998897,-6.246042739026));
#5174 = CARTESIAN_POINT('',(7.96186350488,-5.96998834795));
#5175 = CARTESIAN_POINT('',(8.166705927988,-5.686558073145));
#5176 = CARTESIAN_POINT('',(8.361464791999,-5.396103308074));
#5177 = CARTESIAN_POINT('',(8.54589670677,-5.09898718185));
#5178 = CARTESIAN_POINT('',(8.719771421167,-4.795581308526));
#5179 = CARTESIAN_POINT('',(8.882865943353,-4.486279373735));
#5180 = CARTESIAN_POINT('',(9.034997379245,-4.171430822997));
#5181 = CARTESIAN_POINT('',(9.175974619751,-3.851428837803));
#5182 = CARTESIAN_POINT('',(9.305622108839,-3.526671907194));
#5183 = CARTESIAN_POINT('',(9.423779349059,-3.197562404476));
#5184 = CARTESIAN_POINT('',(9.530300652897,-2.864506828848));
#5185 = CARTESIAN_POINT('',(9.625054937468,-2.527915630518));
#5186 = CARTESIAN_POINT('',(9.707925617031,-2.188203174991));
#5187 = CARTESIAN_POINT('',(9.778810578048,-1.845787705444));
#5188 = CARTESIAN_POINT('',(9.83762224356,-1.50109131196));
#5189 = CARTESIAN_POINT('',(9.884287715258,-1.154540013789));
#5190 = CARTESIAN_POINT('',(9.91874903308,-0.806563521293));
#5191 = CARTESIAN_POINT('',(9.940963404761,-0.457596304943));
#5192 = CARTESIAN_POINT('',(9.950903955935,-0.108073895269));
#5193 = CARTESIAN_POINT('',(9.948559486362,0.241593607223));
#5194 = CARTESIAN_POINT('',(9.933928174969,0.59102361275));
#5195 = CARTESIAN_POINT('',(9.907024674177,0.93974737804));
#5196 = CARTESIAN_POINT('',(9.867881430788,1.287323244294));
#5197 = CARTESIAN_POINT('',(9.816547268513,1.633309996446));
#5198 = CARTESIAN_POINT('',(9.753086835829,1.977273755304));
#5199 = CARTESIAN_POINT('',(9.677579977033,2.318785937336));
#5200 = CARTESIAN_POINT('',(9.590121262111,2.657423655118));
#5201 = CARTESIAN_POINT('',(9.490819597838,2.992769506484));
#5202 = CARTESIAN_POINT('',(9.379797928752,3.324411566552));
#5203 = CARTESIAN_POINT('',(9.257193015894,3.651943361832));
#5204 = CARTESIAN_POINT('',(9.1231552891,3.974963883885));
#5205 = CARTESIAN_POINT('',(8.977848768892,4.293077626398));
#5206 = CARTESIAN_POINT('',(8.821451056145,4.605894650313));
#5207 = CARTESIAN_POINT('',(8.654153390007,4.913030676619));
#5208 = CARTESIAN_POINT('',(8.47616077438,5.214107210275));
#5209 = CARTESIAN_POINT('',(8.287692182732,5.508751692876));
#5210 = CARTESIAN_POINT('',(8.088980824432,5.796597705686));
#5211 = CARTESIAN_POINT('',(7.880274563844,6.077285159035));
#5212 = CARTESIAN_POINT('',(7.661836188887,6.350460726986));
#5213 = CARTESIAN_POINT('',(7.433944707019,6.615777584729));
#5214 = CARTESIAN_POINT('',(7.196893327191,6.872897993493));
#5215 = CARTESIAN_POINT('',(6.951000393864,7.121485534424));
#5216 = CARTESIAN_POINT('',(6.696519323647,7.361288355724));
#5217 = CARTESIAN_POINT('',(6.433772114684,7.592001447114));
#5218 = CARTESIAN_POINT('',(6.163082139273,7.813341442164));
#5219 = CARTESIAN_POINT('',(5.884783943213,8.025034736127));
#5220 = CARTESIAN_POINT('',(5.599220491223,8.226820532735));
#5221 = CARTESIAN_POINT('',(5.306743848754,8.41844998062));
#5222 = CARTESIAN_POINT('',(5.00771499648,8.599686461818));
#5223 = CARTESIAN_POINT('',(4.702504001971,8.770305621813));
#5224 = CARTESIAN_POINT('',(4.391489954223,8.930095720766));
#5225 = CARTESIAN_POINT('',(4.075055131235,9.078860692238));
#5226 = CARTESIAN_POINT('',(3.753580748955,9.216420756042));
#5227 = CARTESIAN_POINT('',(3.427469549602,9.34260269048));
#5228 = CARTESIAN_POINT('',(3.097126942847,9.457249545184));
#5229 = CARTESIAN_POINT('',(2.762962249148,9.560219375821));
#5230 = CARTESIAN_POINT('',(2.425388149576,9.651385238808));
#5231 = CARTESIAN_POINT('',(2.084820675105,9.730634943523));
#5232 = CARTESIAN_POINT('',(1.741679095728,9.79787096863));
#5233 = CARTESIAN_POINT('',(1.39638589623,9.853010436391));
#5234 = CARTESIAN_POINT('',(1.049366697781,9.895985178105));
#5235 = CARTESIAN_POINT('',(0.701050474227,9.926741876921));
#5236 = CARTESIAN_POINT('',(0.351868786362,9.94524232007));
#5237 = CARTESIAN_POINT('',(2.258775647829E-03,9.95146365365));
#5238 = CARTESIAN_POINT('',(-0.347347782706,9.945399040444));
#5239 = CARTESIAN_POINT('',(-0.696527220046,9.927055801082));
#5240 = CARTESIAN_POINT('',(-1.044845978717,9.896457521807));
#5241 = CARTESIAN_POINT('',(-1.391959822577,9.85362959835));
#5242 = CARTESIAN_POINT('',(-1.737393538895,9.798623082555));
#5243 = CARTESIAN_POINT('',(-2.080704480616,9.731505570048));
#5244 = CARTESIAN_POINT('',(-2.421451928727,9.652361401153));
#5245 = CARTESIAN_POINT('',(-2.759204862779,9.56129052249));
#5246 = CARTESIAN_POINT('',(-3.093539520077,9.458407874577));
#5247 = CARTESIAN_POINT('',(-3.424039762231,9.343842787109));
#5248 = CARTESIAN_POINT('',(-3.750296753116,9.217738504458));
#5249 = CARTESIAN_POINT('',(-4.071908878535,9.080251794334));
#5250 = CARTESIAN_POINT('',(-4.388481653126,8.931552640151));
#5251 = CARTESIAN_POINT('',(-4.699627678707,8.771824007035));
#5252 = CARTESIAN_POINT('',(-5.00496663406,8.60126167639));
#5253 = CARTESIAN_POINT('',(-5.304125299978,8.42007414472));
#5254 = CARTESIAN_POINT('',(-5.596737618113,8.228482584452));
#5255 = CARTESIAN_POINT('',(-5.882444785104,8.026720865701));
#5256 = CARTESIAN_POINT('',(-6.160895382843,7.815035641164));
#5257 = CARTESIAN_POINT('',(-6.431745550889,7.59368649233));
#5258 = CARTESIAN_POINT('',(-6.694659192888,7.362946158053));
#5259 = CARTESIAN_POINT('',(-6.949308266009,7.123100789297));
#5260 = CARTESIAN_POINT('',(-7.195372993715,6.874450470066));
#5261 = CARTESIAN_POINT('',(-7.432542625603,6.617309147173));
#5262 = CARTESIAN_POINT('',(-7.660514448747,6.352007214818));
#5263 = CARTESIAN_POINT('',(-7.878999654671,6.078884694367));
#5264 = CARTESIAN_POINT('',(-8.087703992281,5.798320078803));
#5265 = CARTESIAN_POINT('',(-8.286404828841,5.510624076124));
#5266 = CARTESIAN_POINT('',(-8.474881313094,5.216118051953));
#5267 = CARTESIAN_POINT('',(-8.652893245626,4.915174098285));
#5268 = CARTESIAN_POINT('',(-8.764448755268,4.710500344959));
#5269 = CARTESIAN_POINT('',(-8.818409803969,4.607214271049));
#5270 = ( GEOMETRIC_REPRESENTATION_CONTEXT(2) 
PARAMETRIC_REPRESENTATION_CONTEXT() REPRESENTATION_CONTEXT('2D SPACE',''
  ) );
#5271 = PCURVE('',#5272,#5277);
#5272 = CYLINDRICAL_SURFACE('',#5273,9.9494304);
#5273 = AXIS2_PLACEMENT_3D('',#5274,#5275,#5276);
#5274 = CARTESIAN_POINT('',(0.,0.,16.25));
#5275 = DIRECTION('',(0.,0.,1.));
#5276 = DIRECTION('',(1.,0.,0.));
#5277 = DEFINITIONAL_REPRESENTATION('',(#5278),#5458);
#5278 = B_SPLINE_CURVE_WITH_KNOTS('',3,(#5279,#5280,#5281,#5282,#5283,
    #5284,#5285,#5286,#5287,#5288,#5289,#5290,#5291,#5292,#5293,#5294,
    #5295,#5296,#5297,#5298,#5299,#5300,#5301,#5302,#5303,#5304,#5305,
    #5306,#5307,#5308,#5309,#5310,#5311,#5312,#5313,#5314,#5315,#5316,
    #5317,#5318,#5319,#5320,#5321,#5322,#5323,#5324,#5325,#5326,#5327,
    #5328,#5329,#5330,#5331,#5332,#5333,#5334,#5335,#5336,#5337,#5338,
    #5339,#5340,#5341,#5342,#5343,#5344,#5345,#5346,#5347,#5348,#5349,
    #5350,#5351,#5352,#5353,#5354,#5355,#5356,#5357,#5358,#5359,#5360,
    #5361,#5362,#5363,#5364,#5365,#5366,#5367,#5368,#5369,#5370,#5371,
    #5372,#5373,#5374,#5375,#5376,#5377,#5378,#5379,#5380,#5381,#5382,
    #5383,#5384,#5385,#5386,#5387,#5388,#5389,#5390,#5391,#5392,#5393,
    #5394,#5395,#5396,#5397,#5398,#5399,#5400,#5401,#5402,#5403,#5404,
    #5405,#5406,#5407,#5408,#5409,#5410,#5411,#5412,#5413,#5414,#5415,
    #5416,#5417,#5418,#5419,#5420,#5421,#5422,#5423,#5424,#5425,#5426,
    #5427,#5428,#5429,#5430,#5431,#5432,#5433,#5434,#5435,#5436,#5437,
    #5438,#5439,#5440,#5441,#5442,#5443,#5444,#5445,#5446,#5447,#5448,
    #5449,#5450,#5451,#5452,#5453,#5454,#5455,#5456,#5457),
  .UNSPECIFIED.,.F.,.F.,(4,1,1,1,1,1,1,1,1,1,1,1,1,1,1,1,1,1,1,1,1,1,1,1
    ,1,1,1,1,1,1,1,1,1,1,1,1,1,1,1,1,1,1,1,1,1,1,1,1,1,1,1,1,1,1,1,1,1,1
    ,1,1,1,1,1,1,1,1,1,1,1,1,1,1,1,1,1,1,1,1,1,1,1,1,1,1,1,1,1,1,1,1,1,1
    ,1,1,1,1,1,1,1,1,1,1,1,1,1,1,1,1,1,1,1,1,1,1,1,1,1,1,1,1,1,1,1,1,1,1
    ,1,1,1,1,1,1,1,1,1,1,1,1,1,1,1,1,1,1,1,1,1,1,1,1,1,1,1,1,1,1,1,1,1,1
    ,1,1,1,1,1,1,1,1,1,1,1,1,1,1,1,1,4),(0.556055323161,0.5681200547,
    0.580184786239,0.592249517777,0.604314249316,0.616378980855,
    0.628443712393,0.640508443932,0.652573175471,0.664637907009,
    0.676702638548,0.688767370087,0.700832101625,0.712896833164,
    0.724961564703,0.737026296241,0.74909102778,0.761155759318,
    0.773220490857,0.785285222396,0.797349953934,0.809414685473,
    0.821479417012,0.83354414855,0.845608880089,0.857673611628,
    0.869738343166,0.881803074705,0.893867806244,0.905932537782,
    0.917997269321,0.93006200086,0.942126732398,0.954191463937,
    0.966256195475,0.978320927014,0.990385658553,1.002450390091,
    1.01451512163,1.026579853169,1.038644584707,1.050709316246,
    1.062774047785,1.074838779323,1.086903510862,1.098968242401,
    1.111032973939,1.123097705478,1.135162437016,1.147227168555,
    1.159291900094,1.171356631632,1.183421363171,1.19548609471,
    1.207550826248,1.219615557787,1.231680289326,1.243745020864,
    1.255809752403,1.267874483942,1.27993921548,1.292003947019,
    1.304068678558,1.316133410096,1.328198141635,1.340262873173,
    1.352327604712,1.364392336251,1.376457067789,1.388521799328,
    1.400586530867,1.412651262405,1.424715993944,1.436780725483,
    1.448845457021,1.46091018856,1.472974920099,1.485039651637,
    1.497104383176,1.509169114715,1.521233846253,1.533298577792,
    1.54536330933,1.557428040869,1.569492772408,1.581557503946,
    1.593622235485,1.605686967024,1.617751698562,1.629816430101,
    1.64188116164,1.653945893178,1.666010624717,1.678075356256,
    1.690140087794,1.702204819333,1.714269550872,1.72633428241,
    1.738399013949,1.750463745487,1.762528477026,1.774593208565,
    1.786657940103,1.798722671642,1.810787403181,1.822852134719,
    1.834916866258,1.846981597797,1.859046329335,1.871111060874,
    1.883175792413,1.895240523951,1.90730525549,1.919369987029,
    1.931434718567,1.943499450106,1.955564181644,1.967628913183,
    1.979693644722,1.99175837626,2.003823107799,2.015887839338,
    2.027952570876,2.040017302415,2.052082033954,2.064146765492,
    2.076211497031,2.08827622857,2.100340960108,2.112405691647,
    2.124470423185,2.136535154724,2.148599886263,2.160664617801,
    2.17272934934,2.184794080879,2.196858812417,2.208923543956,
    2.220988275495,2.233053007033,2.245117738572,2.257182470111,
    2.269247201649,2.281311933188,2.293376664727,2.305441396265,
    2.317506127804,2.329570859342,2.341635590881,2.35370032242,
    2.365765053958,2.377829785497,2.389894517036,2.401959248574,
    2.414023980113,2.426088711652,2.43815344319,2.450218174729,
    2.462282906268,2.474347637806,2.486412369345,2.498477100884,
    2.510541832422,2.522606563961,2.534671295499,2.546736027038,
    2.558800758577,2.570865490115,2.582930221654,2.594994953193,
    2.607059684731,2.61912441627,2.631189147809,2.643253879347,
    2.655318610886,2.667383342425,2.679448073963),
  .QUASI_UNIFORM_KNOTS.);
#5279 = CARTESIAN_POINT('',(10.946496503462,0.42));
#5280 = CARTESIAN_POINT('',(10.934783234959,0.42));
#5281 = CARTESIAN_POINT('',(10.911356603695,0.42));
#5282 = CARTESIAN_POINT('',(10.876216557339,0.42));
#5283 = CARTESIAN_POINT('',(10.841076659692,0.42));
#5284 = CARTESIAN_POINT('',(10.805936931938,0.42));
#5285 = CARTESIAN_POINT('',(10.770797315573,0.42));
#5286 = CARTESIAN_POINT('',(10.735657697698,0.42));
#5287 = CARTESIAN_POINT('',(10.700517969897,0.42));
#5288 = CARTESIAN_POINT('',(10.665378067168,0.42));
#5289 = CARTESIAN_POINT('',(10.630238053228,0.42));
#5290 = CARTESIAN_POINT('',(10.595098048181,0.42));
#5291 = CARTESIAN_POINT('',(10.559958755938,0.42));
#5292 = CARTESIAN_POINT('',(10.524819618561,0.42));
#5293 = CARTESIAN_POINT('',(10.489680429495,0.42));
#5294 = CARTESIAN_POINT('',(10.454541281443,0.42));
#5295 = CARTESIAN_POINT('',(10.419402123129,0.42));
#5296 = CARTESIAN_POINT('',(10.384262925991,0.42));
#5297 = CARTESIAN_POINT('',(10.349123784408,0.42));
#5298 = CARTESIAN_POINT('',(10.313984635958,0.42));
#5299 = CARTESIAN_POINT('',(10.278845486976,0.42));
#5300 = CARTESIAN_POINT('',(10.243706364604,0.42));
#5301 = CARTESIAN_POINT('',(10.208567145419,0.42));
#5302 = CARTESIAN_POINT('',(10.173428221439,0.42));
#5303 = CARTESIAN_POINT('',(10.138287495297,0.42));
#5304 = CARTESIAN_POINT('',(10.103146021544,0.42));
#5305 = CARTESIAN_POINT('',(10.068004403422,0.42));
#5306 = CARTESIAN_POINT('',(10.032862999246,0.42));
#5307 = CARTESIAN_POINT('',(9.997721946245,0.42));
#5308 = CARTESIAN_POINT('',(9.962581226515,0.42));
#5309 = CARTESIAN_POINT('',(9.927440716322,0.42));
#5310 = CARTESIAN_POINT('',(9.892300235845,0.42));
#5311 = CARTESIAN_POINT('',(9.857159596974,0.42));
#5312 = CARTESIAN_POINT('',(9.822018649261,0.42));
#5313 = CARTESIAN_POINT('',(9.786877333729,0.42));
#5314 = CARTESIAN_POINT('',(9.751735713466,0.42));
#5315 = CARTESIAN_POINT('',(9.716594103262,0.42));
#5316 = CARTESIAN_POINT('',(9.681452847723,0.42));
#5317 = CARTESIAN_POINT('',(9.64631343476,0.42));
#5318 = CARTESIAN_POINT('',(9.61117431617,0.42));
#5319 = CARTESIAN_POINT('',(9.576035017606,0.42));
#5320 = CARTESIAN_POINT('',(9.540895819262,0.42));
#5321 = CARTESIAN_POINT('',(9.505756663084,0.42));
#5322 = CARTESIAN_POINT('',(9.47061750423,0.42));
#5323 = CARTESIAN_POINT('',(9.435478300499,0.42));
#5324 = CARTESIAN_POINT('',(9.400339010619,0.42));
#5325 = CARTESIAN_POINT('',(9.365199918625,0.42));
#5326 = CARTESIAN_POINT('',(9.330060638999,0.42));
#5327 = CARTESIAN_POINT('',(9.294920959961,0.42));
#5328 = CARTESIAN_POINT('',(9.259781346749,0.42));
#5329 = CARTESIAN_POINT('',(9.22464184873,0.42));
#5330 = CARTESIAN_POINT('',(9.189502463428,0.42));
#5331 = CARTESIAN_POINT('',(9.154363105442,0.42));
#5332 = CARTESIAN_POINT('',(9.119223681996,0.42));
#5333 = CARTESIAN_POINT('',(9.084084127047,0.42));
#5334 = CARTESIAN_POINT('',(9.04894449231,0.42));
#5335 = CARTESIAN_POINT('',(9.013804857598,0.42));
#5336 = CARTESIAN_POINT('',(8.978665920251,0.42));
#5337 = CARTESIAN_POINT('',(8.9435254725,0.42));
#5338 = CARTESIAN_POINT('',(8.908384581363,0.42));
#5339 = CARTESIAN_POINT('',(8.873243659073,0.42));
#5340 = CARTESIAN_POINT('',(8.838102971993,0.42));
#5341 = CARTESIAN_POINT('',(8.802962579935,0.42));
#5342 = CARTESIAN_POINT('',(8.767822422193,0.42));
#5343 = CARTESIAN_POINT('',(8.732682359603,0.42));
#5344 = CARTESIAN_POINT('',(8.697542226152,0.42));
#5345 = CARTESIAN_POINT('',(8.662401874137,0.42));
#5346 = CARTESIAN_POINT('',(8.627261231104,0.42));
#5347 = CARTESIAN_POINT('',(8.592120319409,0.42));
#5348 = CARTESIAN_POINT('',(8.556979424588,0.42));
#5349 = CARTESIAN_POINT('',(8.521838724381,0.42));
#5350 = CARTESIAN_POINT('',(8.486699952003,0.42));
#5351 = CARTESIAN_POINT('',(8.4515587173,0.42));
#5352 = CARTESIAN_POINT('',(8.416416178177,0.42));
#5353 = CARTESIAN_POINT('',(8.381273246319,0.42));
#5354 = CARTESIAN_POINT('',(8.346130460893,0.42));
#5355 = CARTESIAN_POINT('',(8.31098810753,0.42));
#5356 = CARTESIAN_POINT('',(8.275846263584,0.42));
#5357 = CARTESIAN_POINT('',(8.240704856387,0.42));
#5358 = CARTESIAN_POINT('',(8.205563712662,0.42));
#5359 = CARTESIAN_POINT('',(8.17042260653,0.42));
#5360 = CARTESIAN_POINT('',(8.135281305486,0.42));
#5361 = CARTESIAN_POINT('',(8.100139616982,0.42));
#5362 = CARTESIAN_POINT('',(8.064997433537,0.42));
#5363 = CARTESIAN_POINT('',(8.029854789873,0.42));
#5364 = CARTESIAN_POINT('',(7.994711887806,0.42));
#5365 = CARTESIAN_POINT('',(7.959569259928,0.42));
#5366 = CARTESIAN_POINT('',(7.924427439064,0.42));
#5367 = CARTESIAN_POINT('',(7.88928850088,0.42));
#5368 = CARTESIAN_POINT('',(7.85414869253,0.42));
#5369 = CARTESIAN_POINT('',(7.819008560124,0.42));
#5370 = CARTESIAN_POINT('',(7.783868472567,0.42));
#5371 = CARTESIAN_POINT('',(7.748728574449,0.42));
#5372 = CARTESIAN_POINT('',(7.713588871379,0.42));
#5373 = CARTESIAN_POINT('',(7.678449274973,0.42));
#5374 = CARTESIAN_POINT('',(7.643309655108,0.42));
#5375 = CARTESIAN_POINT('',(7.608169889078,0.42));
#5376 = CARTESIAN_POINT('',(7.573029909157,0.42));
#5377 = CARTESIAN_POINT('',(7.537889760754,0.42));
#5378 = CARTESIAN_POINT('',(7.502749628641,0.42));
#5379 = CARTESIAN_POINT('',(7.467609996746,0.42));
#5380 = CARTESIAN_POINT('',(7.432471329298,0.42));
#5381 = CARTESIAN_POINT('',(7.397331472588,0.42));
#5382 = CARTESIAN_POINT('',(7.362185481908,0.42));
#5383 = CARTESIAN_POINT('',(7.327037078202,0.42));
#5384 = CARTESIAN_POINT('',(7.291887345137,0.42));
#5385 = CARTESIAN_POINT('',(7.256737471772,0.42));
#5386 = CARTESIAN_POINT('',(7.22158811904,0.42));
#5387 = CARTESIAN_POINT('',(7.186439678214,0.42));
#5388 = CARTESIAN_POINT('',(7.151292280132,0.42));
#5389 = CARTESIAN_POINT('',(7.116145863111,0.42));
#5390 = CARTESIAN_POINT('',(7.081000218908,0.42));
#5391 = CARTESIAN_POINT('',(7.045855039979,0.42));
#5392 = CARTESIAN_POINT('',(7.010709963261,0.42));
#5393 = CARTESIAN_POINT('',(6.975564613069,0.42));
#5394 = CARTESIAN_POINT('',(6.940418643649,0.42));
#5395 = CARTESIAN_POINT('',(6.905271782478,0.42));
#5396 = CARTESIAN_POINT('',(6.87012387508,0.42));
#5397 = CARTESIAN_POINT('',(6.834974933179,0.42));
#5398 = CARTESIAN_POINT('',(6.799825184476,0.42));
#5399 = CARTESIAN_POINT('',(6.764675136183,0.42));
#5400 = CARTESIAN_POINT('',(6.729525613534,0.42));
#5401 = CARTESIAN_POINT('',(6.694377925362,0.42));
#5402 = CARTESIAN_POINT('',(6.659233597661,0.42));
#5403 = CARTESIAN_POINT('',(6.624095771197,0.42));
#5404 = CARTESIAN_POINT('',(6.588956960897,0.42));
#5405 = CARTESIAN_POINT('',(6.553818357298,0.42));
#5406 = CARTESIAN_POINT('',(6.518679781684,0.42));
#5407 = CARTESIAN_POINT('',(6.483541282062,0.42));
#5408 = CARTESIAN_POINT('',(6.448402772545,0.42));
#5409 = CARTESIAN_POINT('',(6.413264195647,0.42));
#5410 = CARTESIAN_POINT('',(6.378125542359,0.42));
#5411 = CARTESIAN_POINT('',(6.34298691882,0.42));
#5412 = CARTESIAN_POINT('',(6.307848577276,0.42));
#5413 = CARTESIAN_POINT('',(6.272710310481,0.42));
#5414 = CARTESIAN_POINT('',(6.237571092429,0.42));
#5415 = CARTESIAN_POINT('',(6.202431597012,0.42));
#5416 = CARTESIAN_POINT('',(6.16729212577,0.42));
#5417 = CARTESIAN_POINT('',(6.132152830736,0.42));
#5418 = CARTESIAN_POINT('',(6.097013717027,0.42));
#5419 = CARTESIAN_POINT('',(6.061874703266,0.42));
#5420 = CARTESIAN_POINT('',(6.026735665394,0.42));
#5421 = CARTESIAN_POINT('',(5.991596486952,0.42));
#5422 = CARTESIAN_POINT('',(5.956457102096,0.42));
#5423 = CARTESIAN_POINT('',(5.921317567838,0.42));
#5424 = CARTESIAN_POINT('',(5.886178038585,0.42));
#5425 = CARTESIAN_POINT('',(5.851039119876,0.42));
#5426 = CARTESIAN_POINT('',(5.815900826613,0.42));
#5427 = CARTESIAN_POINT('',(5.780762358681,0.42));
#5428 = CARTESIAN_POINT('',(5.745623974706,0.42));
#5429 = CARTESIAN_POINT('',(5.710476970668,0.42));
#5430 = CARTESIAN_POINT('',(5.675325965355,0.42));
#5431 = CARTESIAN_POINT('',(5.640172526154,0.42));
#5432 = CARTESIAN_POINT('',(5.605018310967,0.42));
#5433 = CARTESIAN_POINT('',(5.569864343618,0.42));
#5434 = CARTESIAN_POINT('',(5.534711309567,0.42));
#5435 = CARTESIAN_POINT('',(5.499559565295,0.42));
#5436 = CARTESIAN_POINT('',(5.464409213927,0.42));
#5437 = CARTESIAN_POINT('',(5.429260154788,0.42));
#5438 = CARTESIAN_POINT('',(5.394112133502,0.42));
#5439 = CARTESIAN_POINT('',(5.358964787135,0.42));
#5440 = CARTESIAN_POINT('',(5.323817687308,0.42));
#5441 = CARTESIAN_POINT('',(5.288670381755,0.42));
#5442 = CARTESIAN_POINT('',(5.253522435401,0.42));
#5443 = CARTESIAN_POINT('',(5.218373471766,0.42));
#5444 = CARTESIAN_POINT('',(5.183223215767,0.42));
#5445 = CARTESIAN_POINT('',(5.148071538316,0.42));
#5446 = CARTESIAN_POINT('',(5.112918505867,0.42));
#5447 = CARTESIAN_POINT('',(5.07776442844,0.42));
#5448 = CARTESIAN_POINT('',(5.042609936169,0.42));
#5449 = CARTESIAN_POINT('',(5.007455979089,0.42));
#5450 = CARTESIAN_POINT('',(4.972304150931,0.42));
#5451 = CARTESIAN_POINT('',(4.937155850171,0.42));
#5452 = CARTESIAN_POINT('',(4.902015837152,0.42));
#5453 = CARTESIAN_POINT('',(4.866879126853,0.42));
#5454 = CARTESIAN_POINT('',(4.831741532705,0.42));
#5455 = CARTESIAN_POINT('',(4.796604179316,0.42));
#5456 = CARTESIAN_POINT('',(4.773179232288,0.42));
#5457 = CARTESIAN_POINT('',(4.76146676448,0.42));
#5458 = ( GEOMETRIC_REPRESENTATION_CONTEXT(2) 
PARAMETRIC_REPRESENTATION_CONTEXT() REPRESENTATION_CONTEXT('2D SPACE',''
  ) );
#5459 = ORIENTED_EDGE('',*,*,#5460,.T.);
#5460 = EDGE_CURVE('',#4950,#5461,#5463,.T.);
#5461 = VERTEX_POINT('',#5462);
#5462 = CARTESIAN_POINT('',(-0.4881,-10.7382,16.67));
#5463 = SURFACE_CURVE('',#5464,(#5471,#5481),.PCURVE_S1.);
#5464 = B_SPLINE_CURVE_WITH_KNOTS('',5,(#5465,#5466,#5467,#5468,#5469,
    #5470),.UNSPECIFIED.,.F.,.F.,(6,6),(0.,1.),
  .PIECEWISE_BEZIER_KNOTS.);
#5465 = CARTESIAN_POINT('',(-0.4881,-1.627,16.67));
#5466 = CARTESIAN_POINT('',(-0.4881,-3.449243350486,16.67));
#5467 = CARTESIAN_POINT('',(-0.4881,-5.27148565332,16.67));
#5468 = CARTESIAN_POINT('',(-0.4881,-7.093725927757,16.67));
#5469 = CARTESIAN_POINT('',(-0.4881,-8.915963476056,16.67));
#5470 = CARTESIAN_POINT('',(-0.4881,-10.7382,16.67));
#5471 = PCURVE('',#699,#5472);
#5472 = DEFINITIONAL_REPRESENTATION('',(#5473),#5480);
#5473 = B_SPLINE_CURVE_WITH_KNOTS('',5,(#5474,#5475,#5476,#5477,#5478,
    #5479),.UNSPECIFIED.,.F.,.F.,(6,6),(0.,1.),
  .PIECEWISE_BEZIER_KNOTS.);
#5474 = CARTESIAN_POINT('',(-1.68178360188,0.238519753699));
#5475 = CARTESIAN_POINT('',(-3.336333768539,1.002082462396));
#5476 = CARTESIAN_POINT('',(-4.990882442552,1.765650905727));
#5477 = CARTESIAN_POINT('',(-6.645429517403,2.529227654883));
#5478 = CARTESIAN_POINT('',(-8.299977388326,3.292809184877));
#5479 = CARTESIAN_POINT('',(-9.954525218305,4.056393248091));
#5480 = ( GEOMETRIC_REPRESENTATION_CONTEXT(2) 
PARAMETRIC_REPRESENTATION_CONTEXT() REPRESENTATION_CONTEXT('2D SPACE',''
  ) );
#5481 = PCURVE('',#5482,#5487);
#5482 = PLANE('',#5483);
#5483 = AXIS2_PLACEMENT_3D('',#5484,#5485,#5486);
#5484 = CARTESIAN_POINT('',(-0.4881,-10.7382,16.1699));
#5485 = DIRECTION('',(1.,0.,0.));
#5486 = DIRECTION('',(0.,0.,1.));
#5487 = DEFINITIONAL_REPRESENTATION('',(#5488),#5495);
#5488 = B_SPLINE_CURVE_WITH_KNOTS('',5,(#5489,#5490,#5491,#5492,#5493,
    #5494),.UNSPECIFIED.,.F.,.F.,(6,6),(0.,1.),
  .PIECEWISE_BEZIER_KNOTS.);
#5489 = CARTESIAN_POINT('',(0.5001,-9.1112));
#5490 = CARTESIAN_POINT('',(0.5001,-7.288956649514));
#5491 = CARTESIAN_POINT('',(0.5001,-5.46671434668));
#5492 = CARTESIAN_POINT('',(0.5001,-3.644474072243));
#5493 = CARTESIAN_POINT('',(0.5001,-1.822236523944));
#5494 = CARTESIAN_POINT('',(0.5001,0.));
#5495 = ( GEOMETRIC_REPRESENTATION_CONTEXT(2) 
PARAMETRIC_REPRESENTATION_CONTEXT() REPRESENTATION_CONTEXT('2D SPACE',''
  ) );
#5496 = ORIENTED_EDGE('',*,*,#5497,.F.);
#5497 = EDGE_CURVE('',#4913,#5461,#5498,.T.);
#5498 = SURFACE_CURVE('',#5499,(#5502,#5508),.PCURVE_S1.);
#5499 = B_SPLINE_CURVE_WITH_KNOTS('',1,(#5500,#5501),.UNSPECIFIED.,.F.,
  .F.,(2,2),(0.,1.),.PIECEWISE_BEZIER_KNOTS.);
#5500 = CARTESIAN_POINT('',(0.4881,-10.7382,16.67));
#5501 = CARTESIAN_POINT('',(-0.4881,-10.7382,16.67));
#5502 = PCURVE('',#699,#5503);
#5503 = DEFINITIONAL_REPRESENTATION('',(#5504),#5507);
#5504 = B_SPLINE_CURVE_WITH_KNOTS('',1,(#5505,#5506),.UNSPECIFIED.,.F.,
  .F.,(2,2),(0.,1.),.PIECEWISE_BEZIER_KNOTS.);
#5505 = CARTESIAN_POINT('',(-9.545471200214,4.942757542514));
#5506 = CARTESIAN_POINT('',(-9.954525218309,4.056393248084));
#5507 = ( GEOMETRIC_REPRESENTATION_CONTEXT(2) 
PARAMETRIC_REPRESENTATION_CONTEXT() REPRESENTATION_CONTEXT('2D SPACE',''
  ) );
#5508 = PCURVE('',#5509,#5514);
#5509 = PLANE('',#5510);
#5510 = AXIS2_PLACEMENT_3D('',#5511,#5512,#5513);
#5511 = CARTESIAN_POINT('',(-0.4881,-10.7382,16.1699));
#5512 = DIRECTION('',(0.,1.,0.));
#5513 = DIRECTION('',(0.,0.,1.));
#5514 = DEFINITIONAL_REPRESENTATION('',(#5515),#5518);
#5515 = B_SPLINE_CURVE_WITH_KNOTS('',1,(#5516,#5517),.UNSPECIFIED.,.F.,
  .F.,(2,2),(0.,1.),.PIECEWISE_BEZIER_KNOTS.);
#5516 = CARTESIAN_POINT('',(0.5001,0.9762));
#5517 = CARTESIAN_POINT('',(0.5001,0.));
#5518 = ( GEOMETRIC_REPRESENTATION_CONTEXT(2) 
PARAMETRIC_REPRESENTATION_CONTEXT() REPRESENTATION_CONTEXT('2D SPACE',''
  ) );
#5519 = ADVANCED_FACE('',(#5520),#2240,.F.);
#5520 = FACE_BOUND('',#5521,.F.);
#5521 = EDGE_LOOP('',(#5522,#5543,#5544,#5565,#5598,#5617,#5618,#5639,
    #5672,#5691,#5692,#5693));
#5522 = ORIENTED_EDGE('',*,*,#5523,.T.);
#5523 = EDGE_CURVE('',#4600,#1757,#5524,.T.);
#5524 = SEAM_CURVE('',#5525,(#5529,#5536),.PCURVE_S1.);
#5525 = LINE('',#5526,#5527);
#5526 = CARTESIAN_POINT('',(1.4643,4.5556,8.56838));
#5527 = VECTOR('',#5528,1.);
#5528 = DIRECTION('',(0.,-1.,1.110223024625E-16));
#5529 = PCURVE('',#2240,#5530);
#5530 = DEFINITIONAL_REPRESENTATION('',(#5531),#5535);
#5531 = LINE('',#5532,#5533);
#5532 = CARTESIAN_POINT('',(6.28318530718,-0.));
#5533 = VECTOR('',#5534,1.);
#5534 = DIRECTION('',(0.,1.));
#5535 = ( GEOMETRIC_REPRESENTATION_CONTEXT(2) 
PARAMETRIC_REPRESENTATION_CONTEXT() REPRESENTATION_CONTEXT('2D SPACE',''
  ) );
#5536 = PCURVE('',#2240,#5537);
#5537 = DEFINITIONAL_REPRESENTATION('',(#5538),#5542);
#5538 = LINE('',#5539,#5540);
#5539 = CARTESIAN_POINT('',(0.,-0.));
#5540 = VECTOR('',#5541,1.);
#5541 = DIRECTION('',(0.,1.));
#5542 = ( GEOMETRIC_REPRESENTATION_CONTEXT(2) 
PARAMETRIC_REPRESENTATION_CONTEXT() REPRESENTATION_CONTEXT('2D SPACE',''
  ) );
#5543 = ORIENTED_EDGE('',*,*,#1756,.T.);
#5544 = ORIENTED_EDGE('',*,*,#5545,.F.);
#5545 = EDGE_CURVE('',#5546,#1759,#5548,.T.);
#5546 = VERTEX_POINT('',#5547);
#5547 = CARTESIAN_POINT('',(0.366075,-12.45068,7.150577621537));
#5548 = SURFACE_CURVE('',#5549,(#5553,#5559),.PCURVE_S1.);
#5549 = LINE('',#5550,#5551);
#5550 = CARTESIAN_POINT('',(0.366075,4.5556,7.150577621537));
#5551 = VECTOR('',#5552,1.);
#5552 = DIRECTION('',(0.,-1.,1.110223024625E-16));
#5553 = PCURVE('',#2240,#5554);
#5554 = DEFINITIONAL_REPRESENTATION('',(#5555),#5558);
#5555 = B_SPLINE_CURVE_WITH_KNOTS('',1,(#5556,#5557),.UNSPECIFIED.,.F.,
  .F.,(2,2),(16.96128,17.311623923914),.PIECEWISE_BEZIER_KNOTS.);
#5556 = CARTESIAN_POINT('',(4.965069235527,16.96128));
#5557 = CARTESIAN_POINT('',(4.965069235527,17.311623923914));
#5558 = ( GEOMETRIC_REPRESENTATION_CONTEXT(2) 
PARAMETRIC_REPRESENTATION_CONTEXT() REPRESENTATION_CONTEXT('2D SPACE',''
  ) );
#5559 = PCURVE('',#4216,#5560);
#5560 = DEFINITIONAL_REPRESENTATION('',(#5561),#5564);
#5561 = B_SPLINE_CURVE_WITH_KNOTS('',1,(#5562,#5563),.UNSPECIFIED.,.F.,
  .F.,(2,2),(16.96128,17.311623923914),.PIECEWISE_BEZIER_KNOTS.);
#5562 = CARTESIAN_POINT('',(4.233327621537,-0.495));
#5563 = CARTESIAN_POINT('',(4.233327621537,-0.144656076086));
#5564 = ( GEOMETRIC_REPRESENTATION_CONTEXT(2) 
PARAMETRIC_REPRESENTATION_CONTEXT() REPRESENTATION_CONTEXT('2D SPACE',''
  ) );
#5565 = ORIENTED_EDGE('',*,*,#5566,.F.);
#5566 = EDGE_CURVE('',#5567,#5546,#5569,.T.);
#5567 = VERTEX_POINT('',#5568);
#5568 = CARTESIAN_POINT('',(-0.366075,-12.45068,7.150577621537));
#5569 = SURFACE_CURVE('',#5570,(#5575,#5582),.PCURVE_S1.);
#5570 = CIRCLE('',#5571,1.4643);
#5571 = AXIS2_PLACEMENT_3D('',#5572,#5573,#5574);
#5572 = CARTESIAN_POINT('',(0.,-12.45068,8.56838));
#5573 = DIRECTION('',(0.,-1.,1.110223024625E-16));
#5574 = DIRECTION('',(1.,0.,0.));
#5575 = PCURVE('',#2240,#5576);
#5576 = DEFINITIONAL_REPRESENTATION('',(#5577),#5581);
#5577 = LINE('',#5578,#5579);
#5578 = CARTESIAN_POINT('',(0.,17.00628));
#5579 = VECTOR('',#5580,1.);
#5580 = DIRECTION('',(1.,0.));
#5581 = ( GEOMETRIC_REPRESENTATION_CONTEXT(2) 
PARAMETRIC_REPRESENTATION_CONTEXT() REPRESENTATION_CONTEXT('2D SPACE',''
  ) );
#5582 = PCURVE('',#5583,#5588);
#5583 = PLANE('',#5584);
#5584 = AXIS2_PLACEMENT_3D('',#5585,#5586,#5587);
#5585 = CARTESIAN_POINT('',(-0.366075,-12.45068,2.91725));
#5586 = DIRECTION('',(0.,1.,0.));
#5587 = DIRECTION('',(0.,0.,1.));
#5588 = DEFINITIONAL_REPRESENTATION('',(#5589),#5597);
#5589 = ( BOUNDED_CURVE() B_SPLINE_CURVE(2,(#5590,#5591,#5592,#5593,
#5594,#5595,#5596),.UNSPECIFIED.,.T.,.F.) B_SPLINE_CURVE_WITH_KNOTS((1,2
    ,2,2,2,1),(-2.094395102393,0.,2.094395102393,4.188790204786,
6.28318530718,8.377580409573),.UNSPECIFIED.) CURVE() 
GEOMETRIC_REPRESENTATION_ITEM() RATIONAL_B_SPLINE_CURVE((1.,0.5,1.,0.5,
1.,0.5,1.)) REPRESENTATION_ITEM('') );
#5590 = CARTESIAN_POINT('',(5.65113,1.830375));
#5591 = CARTESIAN_POINT('',(8.187371997523,1.830375));
#5592 = CARTESIAN_POINT('',(6.919250998762,-0.366075));
#5593 = CARTESIAN_POINT('',(5.65113,-2.562525));
#5594 = CARTESIAN_POINT('',(4.383009001238,-0.366075));
#5595 = CARTESIAN_POINT('',(3.114888002477,1.830375));
#5596 = CARTESIAN_POINT('',(5.65113,1.830375));
#5597 = ( GEOMETRIC_REPRESENTATION_CONTEXT(2) 
PARAMETRIC_REPRESENTATION_CONTEXT() REPRESENTATION_CONTEXT('2D SPACE',''
  ) );
#5598 = ORIENTED_EDGE('',*,*,#5599,.T.);
#5599 = EDGE_CURVE('',#5567,#3375,#5600,.T.);
#5600 = SURFACE_CURVE('',#5601,(#5605,#5611),.PCURVE_S1.);
#5601 = LINE('',#5602,#5603);
#5602 = CARTESIAN_POINT('',(-0.366075,4.5556,7.150577621537));
#5603 = VECTOR('',#5604,1.);
#5604 = DIRECTION('',(0.,-1.,1.110223024625E-16));
#5605 = PCURVE('',#2240,#5606);
#5606 = DEFINITIONAL_REPRESENTATION('',(#5607),#5610);
#5607 = B_SPLINE_CURVE_WITH_KNOTS('',1,(#5608,#5609),.UNSPECIFIED.,.F.,
  .F.,(2,2),(16.96128,17.311623923914),.PIECEWISE_BEZIER_KNOTS.);
#5608 = CARTESIAN_POINT('',(4.459708725243,16.96128));
#5609 = CARTESIAN_POINT('',(4.459708725243,17.311623923914));
#5610 = ( GEOMETRIC_REPRESENTATION_CONTEXT(2) 
PARAMETRIC_REPRESENTATION_CONTEXT() REPRESENTATION_CONTEXT('2D SPACE',''
  ) );
#5611 = PCURVE('',#4147,#5612);
#5612 = DEFINITIONAL_REPRESENTATION('',(#5613),#5616);
#5613 = B_SPLINE_CURVE_WITH_KNOTS('',1,(#5614,#5615),.UNSPECIFIED.,.F.,
  .F.,(2,2),(16.96128,17.311623923914),.PIECEWISE_BEZIER_KNOTS.);
#5614 = CARTESIAN_POINT('',(4.233327621537,-0.495));
#5615 = CARTESIAN_POINT('',(4.233327621537,-0.144656076086));
#5616 = ( GEOMETRIC_REPRESENTATION_CONTEXT(2) 
PARAMETRIC_REPRESENTATION_CONTEXT() REPRESENTATION_CONTEXT('2D SPACE',''
  ) );
#5617 = ORIENTED_EDGE('',*,*,#3374,.T.);
#5618 = ORIENTED_EDGE('',*,*,#5619,.F.);
#5619 = EDGE_CURVE('',#5620,#3341,#5622,.T.);
#5620 = VERTEX_POINT('',#5621);
#5621 = CARTESIAN_POINT('',(-0.366075,-12.45068,9.986182378463));
#5622 = SURFACE_CURVE('',#5623,(#5627,#5633),.PCURVE_S1.);
#5623 = LINE('',#5624,#5625);
#5624 = CARTESIAN_POINT('',(-0.366075,4.5556,9.986182378463));
#5625 = VECTOR('',#5626,1.);
#5626 = DIRECTION('',(0.,-1.,1.110223024625E-16));
#5627 = PCURVE('',#2240,#5628);
#5628 = DEFINITIONAL_REPRESENTATION('',(#5629),#5632);
#5629 = B_SPLINE_CURVE_WITH_KNOTS('',1,(#5630,#5631),.UNSPECIFIED.,.F.,
  .F.,(2,2),(16.96128,17.311623923914),.PIECEWISE_BEZIER_KNOTS.);
#5630 = CARTESIAN_POINT('',(1.823476581937,16.96128));
#5631 = CARTESIAN_POINT('',(1.823476581937,17.311623923914));
#5632 = ( GEOMETRIC_REPRESENTATION_CONTEXT(2) 
PARAMETRIC_REPRESENTATION_CONTEXT() REPRESENTATION_CONTEXT('2D SPACE',''
  ) );
#5633 = PCURVE('',#3360,#5634);
#5634 = DEFINITIONAL_REPRESENTATION('',(#5635),#5638);
#5635 = B_SPLINE_CURVE_WITH_KNOTS('',1,(#5636,#5637),.UNSPECIFIED.,.F.,
  .F.,(2,2),(16.96128,17.311623923914),.PIECEWISE_BEZIER_KNOTS.);
#5636 = CARTESIAN_POINT('',(7.068932378463,-0.495));
#5637 = CARTESIAN_POINT('',(7.068932378463,-0.144656076086));
#5638 = ( GEOMETRIC_REPRESENTATION_CONTEXT(2) 
PARAMETRIC_REPRESENTATION_CONTEXT() REPRESENTATION_CONTEXT('2D SPACE',''
  ) );
#5639 = ORIENTED_EDGE('',*,*,#5640,.F.);
#5640 = EDGE_CURVE('',#5641,#5620,#5643,.T.);
#5641 = VERTEX_POINT('',#5642);
#5642 = CARTESIAN_POINT('',(0.366075,-12.45068,9.986182378463));
#5643 = SURFACE_CURVE('',#5644,(#5649,#5656),.PCURVE_S1.);
#5644 = CIRCLE('',#5645,1.4643);
#5645 = AXIS2_PLACEMENT_3D('',#5646,#5647,#5648);
#5646 = CARTESIAN_POINT('',(0.,-12.45068,8.56838));
#5647 = DIRECTION('',(0.,-1.,1.110223024625E-16));
#5648 = DIRECTION('',(1.,0.,0.));
#5649 = PCURVE('',#2240,#5650);
#5650 = DEFINITIONAL_REPRESENTATION('',(#5651),#5655);
#5651 = LINE('',#5652,#5653);
#5652 = CARTESIAN_POINT('',(0.,17.00628));
#5653 = VECTOR('',#5654,1.);
#5654 = DIRECTION('',(1.,0.));
#5655 = ( GEOMETRIC_REPRESENTATION_CONTEXT(2) 
PARAMETRIC_REPRESENTATION_CONTEXT() REPRESENTATION_CONTEXT('2D SPACE',''
  ) );
#5656 = PCURVE('',#5657,#5662);
#5657 = PLANE('',#5658);
#5658 = AXIS2_PLACEMENT_3D('',#5659,#5660,#5661);
#5659 = CARTESIAN_POINT('',(-0.366075,-12.45068,2.91725));
#5660 = DIRECTION('',(0.,1.,0.));
#5661 = DIRECTION('',(0.,0.,1.));
#5662 = DEFINITIONAL_REPRESENTATION('',(#5663),#5671);
#5663 = ( BOUNDED_CURVE() B_SPLINE_CURVE(2,(#5664,#5665,#5666,#5667,
#5668,#5669,#5670),.UNSPECIFIED.,.T.,.F.) B_SPLINE_CURVE_WITH_KNOTS((1,2
    ,2,2,2,1),(-2.094395102393,0.,2.094395102393,4.188790204786,
6.28318530718,8.377580409573),.UNSPECIFIED.) CURVE() 
GEOMETRIC_REPRESENTATION_ITEM() RATIONAL_B_SPLINE_CURVE((1.,0.5,1.,0.5,
1.,0.5,1.)) REPRESENTATION_ITEM('') );
#5664 = CARTESIAN_POINT('',(5.65113,1.830375));
#5665 = CARTESIAN_POINT('',(8.187371997523,1.830375));
#5666 = CARTESIAN_POINT('',(6.919250998762,-0.366075));
#5667 = CARTESIAN_POINT('',(5.65113,-2.562525));
#5668 = CARTESIAN_POINT('',(4.383009001238,-0.366075));
#5669 = CARTESIAN_POINT('',(3.114888002477,1.830375));
#5670 = CARTESIAN_POINT('',(5.65113,1.830375));
#5671 = ( GEOMETRIC_REPRESENTATION_CONTEXT(2) 
PARAMETRIC_REPRESENTATION_CONTEXT() REPRESENTATION_CONTEXT('2D SPACE',''
  ) );
#5672 = ORIENTED_EDGE('',*,*,#5673,.T.);
#5673 = EDGE_CURVE('',#5641,#2517,#5674,.T.);
#5674 = SURFACE_CURVE('',#5675,(#5679,#5685),.PCURVE_S1.);
#5675 = LINE('',#5676,#5677);
#5676 = CARTESIAN_POINT('',(0.366075,4.5556,9.986182378463));
#5677 = VECTOR('',#5678,1.);
#5678 = DIRECTION('',(0.,-1.,1.110223024625E-16));
#5679 = PCURVE('',#2240,#5680);
#5680 = DEFINITIONAL_REPRESENTATION('',(#5681),#5684);
#5681 = B_SPLINE_CURVE_WITH_KNOTS('',1,(#5682,#5683),.UNSPECIFIED.,.F.,
  .F.,(2,2),(16.96128,17.311623923914),.PIECEWISE_BEZIER_KNOTS.);
#5682 = CARTESIAN_POINT('',(1.318116071653,16.96128));
#5683 = CARTESIAN_POINT('',(1.318116071653,17.311623923914));
#5684 = ( GEOMETRIC_REPRESENTATION_CONTEXT(2) 
PARAMETRIC_REPRESENTATION_CONTEXT() REPRESENTATION_CONTEXT('2D SPACE',''
  ) );
#5685 = PCURVE('',#3289,#5686);
#5686 = DEFINITIONAL_REPRESENTATION('',(#5687),#5690);
#5687 = B_SPLINE_CURVE_WITH_KNOTS('',1,(#5688,#5689),.UNSPECIFIED.,.F.,
  .F.,(2,2),(16.96128,17.311623923914),.PIECEWISE_BEZIER_KNOTS.);
#5688 = CARTESIAN_POINT('',(7.068932378463,-0.495));
#5689 = CARTESIAN_POINT('',(7.068932378463,-0.144656076086));
#5690 = ( GEOMETRIC_REPRESENTATION_CONTEXT(2) 
PARAMETRIC_REPRESENTATION_CONTEXT() REPRESENTATION_CONTEXT('2D SPACE',''
  ) );
#5691 = ORIENTED_EDGE('',*,*,#2516,.T.);
#5692 = ORIENTED_EDGE('',*,*,#5523,.F.);
#5693 = ORIENTED_EDGE('',*,*,#4599,.T.);
#5694 = ADVANCED_FACE('',(#5695),#4216,.F.);
#5695 = FACE_BOUND('',#5696,.F.);
#5696 = EDGE_LOOP('',(#5697,#5698,#5721,#5742));
#5697 = ORIENTED_EDGE('',*,*,#4198,.T.);
#5698 = ORIENTED_EDGE('',*,*,#5699,.T.);
#5699 = EDGE_CURVE('',#4162,#5700,#5702,.T.);
#5700 = VERTEX_POINT('',#5701);
#5701 = CARTESIAN_POINT('',(0.366075,-12.45068,2.91725));
#5702 = SURFACE_CURVE('',#5703,(#5707,#5714),.PCURVE_S1.);
#5703 = LINE('',#5704,#5705);
#5704 = CARTESIAN_POINT('',(0.366075,-12.90068,2.91725));
#5705 = VECTOR('',#5706,1.);
#5706 = DIRECTION('',(0.,1.,0.));
#5707 = PCURVE('',#4216,#5708);
#5708 = DEFINITIONAL_REPRESENTATION('',(#5709),#5713);
#5709 = LINE('',#5710,#5711);
#5710 = CARTESIAN_POINT('',(0.,0.));
#5711 = VECTOR('',#5712,1.);
#5712 = DIRECTION('',(0.,-1.));
#5713 = ( GEOMETRIC_REPRESENTATION_CONTEXT(2) 
PARAMETRIC_REPRESENTATION_CONTEXT() REPRESENTATION_CONTEXT('2D SPACE',''
  ) );
#5714 = PCURVE('',#4183,#5715);
#5715 = DEFINITIONAL_REPRESENTATION('',(#5716),#5720);
#5716 = LINE('',#5717,#5718);
#5717 = CARTESIAN_POINT('',(0.73215,0.));
#5718 = VECTOR('',#5719,1.);
#5719 = DIRECTION('',(0.,1.));
#5720 = ( GEOMETRIC_REPRESENTATION_CONTEXT(2) 
PARAMETRIC_REPRESENTATION_CONTEXT() REPRESENTATION_CONTEXT('2D SPACE',''
  ) );
#5721 = ORIENTED_EDGE('',*,*,#5722,.T.);
#5722 = EDGE_CURVE('',#5700,#5546,#5723,.T.);
#5723 = SURFACE_CURVE('',#5724,(#5728,#5735),.PCURVE_S1.);
#5724 = LINE('',#5725,#5726);
#5725 = CARTESIAN_POINT('',(0.366075,-12.45068,2.91725));
#5726 = VECTOR('',#5727,1.);
#5727 = DIRECTION('',(0.,0.,1.));
#5728 = PCURVE('',#4216,#5729);
#5729 = DEFINITIONAL_REPRESENTATION('',(#5730),#5734);
#5730 = LINE('',#5731,#5732);
#5731 = CARTESIAN_POINT('',(0.,-0.45));
#5732 = VECTOR('',#5733,1.);
#5733 = DIRECTION('',(1.,0.));
#5734 = ( GEOMETRIC_REPRESENTATION_CONTEXT(2) 
PARAMETRIC_REPRESENTATION_CONTEXT() REPRESENTATION_CONTEXT('2D SPACE',''
  ) );
#5735 = PCURVE('',#5583,#5736);
#5736 = DEFINITIONAL_REPRESENTATION('',(#5737),#5741);
#5737 = LINE('',#5738,#5739);
#5738 = CARTESIAN_POINT('',(0.,0.73215));
#5739 = VECTOR('',#5740,1.);
#5740 = DIRECTION('',(1.,0.));
#5741 = ( GEOMETRIC_REPRESENTATION_CONTEXT(2) 
PARAMETRIC_REPRESENTATION_CONTEXT() REPRESENTATION_CONTEXT('2D SPACE',''
  ) );
#5742 = ORIENTED_EDGE('',*,*,#5545,.T.);
#5743 = ADVANCED_FACE('',(#5744),#4183,.T.);
#5744 = FACE_BOUND('',#5745,.T.);
#5745 = EDGE_LOOP('',(#5746,#5769,#5770,#5771));
#5746 = ORIENTED_EDGE('',*,*,#5747,.F.);
#5747 = EDGE_CURVE('',#4128,#5748,#5750,.T.);
#5748 = VERTEX_POINT('',#5749);
#5749 = CARTESIAN_POINT('',(-0.366075,-12.45068,2.91725));
#5750 = SURFACE_CURVE('',#5751,(#5755,#5762),.PCURVE_S1.);
#5751 = LINE('',#5752,#5753);
#5752 = CARTESIAN_POINT('',(-0.366075,-12.90068,2.91725));
#5753 = VECTOR('',#5754,1.);
#5754 = DIRECTION('',(0.,1.,0.));
#5755 = PCURVE('',#4183,#5756);
#5756 = DEFINITIONAL_REPRESENTATION('',(#5757),#5761);
#5757 = LINE('',#5758,#5759);
#5758 = CARTESIAN_POINT('',(0.,0.));
#5759 = VECTOR('',#5760,1.);
#5760 = DIRECTION('',(0.,1.));
#5761 = ( GEOMETRIC_REPRESENTATION_CONTEXT(2) 
PARAMETRIC_REPRESENTATION_CONTEXT() REPRESENTATION_CONTEXT('2D SPACE',''
  ) );
#5762 = PCURVE('',#4147,#5763);
#5763 = DEFINITIONAL_REPRESENTATION('',(#5764),#5768);
#5764 = LINE('',#5765,#5766);
#5765 = CARTESIAN_POINT('',(0.,0.));
#5766 = VECTOR('',#5767,1.);
#5767 = DIRECTION('',(0.,-1.));
#5768 = ( GEOMETRIC_REPRESENTATION_CONTEXT(2) 
PARAMETRIC_REPRESENTATION_CONTEXT() REPRESENTATION_CONTEXT('2D SPACE',''
  ) );
#5769 = ORIENTED_EDGE('',*,*,#4161,.F.);
#5770 = ORIENTED_EDGE('',*,*,#5699,.T.);
#5771 = ORIENTED_EDGE('',*,*,#5772,.F.);
#5772 = EDGE_CURVE('',#5748,#5700,#5773,.T.);
#5773 = SURFACE_CURVE('',#5774,(#5778,#5785),.PCURVE_S1.);
#5774 = LINE('',#5775,#5776);
#5775 = CARTESIAN_POINT('',(-0.366075,-12.45068,2.91725));
#5776 = VECTOR('',#5777,1.);
#5777 = DIRECTION('',(1.,0.,0.));
#5778 = PCURVE('',#4183,#5779);
#5779 = DEFINITIONAL_REPRESENTATION('',(#5780),#5784);
#5780 = LINE('',#5781,#5782);
#5781 = CARTESIAN_POINT('',(0.,0.45));
#5782 = VECTOR('',#5783,1.);
#5783 = DIRECTION('',(1.,0.));
#5784 = ( GEOMETRIC_REPRESENTATION_CONTEXT(2) 
PARAMETRIC_REPRESENTATION_CONTEXT() REPRESENTATION_CONTEXT('2D SPACE',''
  ) );
#5785 = PCURVE('',#5583,#5786);
#5786 = DEFINITIONAL_REPRESENTATION('',(#5787),#5791);
#5787 = LINE('',#5788,#5789);
#5788 = CARTESIAN_POINT('',(0.,0.));
#5789 = VECTOR('',#5790,1.);
#5790 = DIRECTION('',(0.,1.));
#5791 = ( GEOMETRIC_REPRESENTATION_CONTEXT(2) 
PARAMETRIC_REPRESENTATION_CONTEXT() REPRESENTATION_CONTEXT('2D SPACE',''
  ) );
#5792 = ADVANCED_FACE('',(#5793),#4147,.T.);
#5793 = FACE_BOUND('',#5794,.T.);
#5794 = EDGE_LOOP('',(#5795,#5796,#5797,#5818));
#5795 = ORIENTED_EDGE('',*,*,#4127,.T.);
#5796 = ORIENTED_EDGE('',*,*,#5747,.T.);
#5797 = ORIENTED_EDGE('',*,*,#5798,.T.);
#5798 = EDGE_CURVE('',#5748,#5567,#5799,.T.);
#5799 = SURFACE_CURVE('',#5800,(#5804,#5811),.PCURVE_S1.);
#5800 = LINE('',#5801,#5802);
#5801 = CARTESIAN_POINT('',(-0.366075,-12.45068,2.91725));
#5802 = VECTOR('',#5803,1.);
#5803 = DIRECTION('',(0.,0.,1.));
#5804 = PCURVE('',#4147,#5805);
#5805 = DEFINITIONAL_REPRESENTATION('',(#5806),#5810);
#5806 = LINE('',#5807,#5808);
#5807 = CARTESIAN_POINT('',(0.,-0.45));
#5808 = VECTOR('',#5809,1.);
#5809 = DIRECTION('',(1.,0.));
#5810 = ( GEOMETRIC_REPRESENTATION_CONTEXT(2) 
PARAMETRIC_REPRESENTATION_CONTEXT() REPRESENTATION_CONTEXT('2D SPACE',''
  ) );
#5811 = PCURVE('',#5583,#5812);
#5812 = DEFINITIONAL_REPRESENTATION('',(#5813),#5817);
#5813 = LINE('',#5814,#5815);
#5814 = CARTESIAN_POINT('',(0.,0.));
#5815 = VECTOR('',#5816,1.);
#5816 = DIRECTION('',(1.,0.));
#5817 = ( GEOMETRIC_REPRESENTATION_CONTEXT(2) 
PARAMETRIC_REPRESENTATION_CONTEXT() REPRESENTATION_CONTEXT('2D SPACE',''
  ) );
#5818 = ORIENTED_EDGE('',*,*,#5599,.T.);
#5819 = ADVANCED_FACE('',(#5820),#3360,.T.);
#5820 = FACE_BOUND('',#5821,.T.);
#5821 = EDGE_LOOP('',(#5822,#5845,#5846,#5847));
#5822 = ORIENTED_EDGE('',*,*,#5823,.F.);
#5823 = EDGE_CURVE('',#3304,#5824,#5826,.T.);
#5824 = VERTEX_POINT('',#5825);
#5825 = CARTESIAN_POINT('',(-0.366075,-12.45068,12.08575));
#5826 = SURFACE_CURVE('',#5827,(#5831,#5838),.PCURVE_S1.);
#5827 = LINE('',#5828,#5829);
#5828 = CARTESIAN_POINT('',(-0.366075,-12.90068,12.08575));
#5829 = VECTOR('',#5830,1.);
#5830 = DIRECTION('',(0.,1.,0.));
#5831 = PCURVE('',#3360,#5832);
#5832 = DEFINITIONAL_REPRESENTATION('',(#5833),#5837);
#5833 = LINE('',#5834,#5835);
#5834 = CARTESIAN_POINT('',(9.1685,0.));
#5835 = VECTOR('',#5836,1.);
#5836 = DIRECTION('',(0.,-1.));
#5837 = ( GEOMETRIC_REPRESENTATION_CONTEXT(2) 
PARAMETRIC_REPRESENTATION_CONTEXT() REPRESENTATION_CONTEXT('2D SPACE',''
  ) );
#5838 = PCURVE('',#3325,#5839);
#5839 = DEFINITIONAL_REPRESENTATION('',(#5840),#5844);
#5840 = LINE('',#5841,#5842);
#5841 = CARTESIAN_POINT('',(0.,0.));
#5842 = VECTOR('',#5843,1.);
#5843 = DIRECTION('',(0.,1.));
#5844 = ( GEOMETRIC_REPRESENTATION_CONTEXT(2) 
PARAMETRIC_REPRESENTATION_CONTEXT() REPRESENTATION_CONTEXT('2D SPACE',''
  ) );
#5845 = ORIENTED_EDGE('',*,*,#3340,.T.);
#5846 = ORIENTED_EDGE('',*,*,#5619,.F.);
#5847 = ORIENTED_EDGE('',*,*,#5848,.T.);
#5848 = EDGE_CURVE('',#5620,#5824,#5849,.T.);
#5849 = SURFACE_CURVE('',#5850,(#5854,#5861),.PCURVE_S1.);
#5850 = LINE('',#5851,#5852);
#5851 = CARTESIAN_POINT('',(-0.366075,-12.45068,2.91725));
#5852 = VECTOR('',#5853,1.);
#5853 = DIRECTION('',(0.,0.,1.));
#5854 = PCURVE('',#3360,#5855);
#5855 = DEFINITIONAL_REPRESENTATION('',(#5856),#5860);
#5856 = LINE('',#5857,#5858);
#5857 = CARTESIAN_POINT('',(0.,-0.45));
#5858 = VECTOR('',#5859,1.);
#5859 = DIRECTION('',(1.,0.));
#5860 = ( GEOMETRIC_REPRESENTATION_CONTEXT(2) 
PARAMETRIC_REPRESENTATION_CONTEXT() REPRESENTATION_CONTEXT('2D SPACE',''
  ) );
#5861 = PCURVE('',#5657,#5862);
#5862 = DEFINITIONAL_REPRESENTATION('',(#5863),#5867);
#5863 = LINE('',#5864,#5865);
#5864 = CARTESIAN_POINT('',(0.,0.));
#5865 = VECTOR('',#5866,1.);
#5866 = DIRECTION('',(1.,0.));
#5867 = ( GEOMETRIC_REPRESENTATION_CONTEXT(2) 
PARAMETRIC_REPRESENTATION_CONTEXT() REPRESENTATION_CONTEXT('2D SPACE',''
  ) );
#5868 = ADVANCED_FACE('',(#5869),#3325,.F.);
#5869 = FACE_BOUND('',#5870,.F.);
#5870 = EDGE_LOOP('',(#5871,#5872,#5873,#5896));
#5871 = ORIENTED_EDGE('',*,*,#5823,.F.);
#5872 = ORIENTED_EDGE('',*,*,#3303,.F.);
#5873 = ORIENTED_EDGE('',*,*,#5874,.T.);
#5874 = EDGE_CURVE('',#3270,#5875,#5877,.T.);
#5875 = VERTEX_POINT('',#5876);
#5876 = CARTESIAN_POINT('',(0.366075,-12.45068,12.08575));
#5877 = SURFACE_CURVE('',#5878,(#5882,#5889),.PCURVE_S1.);
#5878 = LINE('',#5879,#5880);
#5879 = CARTESIAN_POINT('',(0.366075,-12.90068,12.08575));
#5880 = VECTOR('',#5881,1.);
#5881 = DIRECTION('',(0.,1.,0.));
#5882 = PCURVE('',#3325,#5883);
#5883 = DEFINITIONAL_REPRESENTATION('',(#5884),#5888);
#5884 = LINE('',#5885,#5886);
#5885 = CARTESIAN_POINT('',(0.73215,0.));
#5886 = VECTOR('',#5887,1.);
#5887 = DIRECTION('',(0.,1.));
#5888 = ( GEOMETRIC_REPRESENTATION_CONTEXT(2) 
PARAMETRIC_REPRESENTATION_CONTEXT() REPRESENTATION_CONTEXT('2D SPACE',''
  ) );
#5889 = PCURVE('',#3289,#5890);
#5890 = DEFINITIONAL_REPRESENTATION('',(#5891),#5895);
#5891 = LINE('',#5892,#5893);
#5892 = CARTESIAN_POINT('',(9.1685,0.));
#5893 = VECTOR('',#5894,1.);
#5894 = DIRECTION('',(0.,-1.));
#5895 = ( GEOMETRIC_REPRESENTATION_CONTEXT(2) 
PARAMETRIC_REPRESENTATION_CONTEXT() REPRESENTATION_CONTEXT('2D SPACE',''
  ) );
#5896 = ORIENTED_EDGE('',*,*,#5897,.F.);
#5897 = EDGE_CURVE('',#5824,#5875,#5898,.T.);
#5898 = SURFACE_CURVE('',#5899,(#5903,#5910),.PCURVE_S1.);
#5899 = LINE('',#5900,#5901);
#5900 = CARTESIAN_POINT('',(-0.366075,-12.45068,12.08575));
#5901 = VECTOR('',#5902,1.);
#5902 = DIRECTION('',(1.,0.,0.));
#5903 = PCURVE('',#3325,#5904);
#5904 = DEFINITIONAL_REPRESENTATION('',(#5905),#5909);
#5905 = LINE('',#5906,#5907);
#5906 = CARTESIAN_POINT('',(0.,0.45));
#5907 = VECTOR('',#5908,1.);
#5908 = DIRECTION('',(1.,0.));
#5909 = ( GEOMETRIC_REPRESENTATION_CONTEXT(2) 
PARAMETRIC_REPRESENTATION_CONTEXT() REPRESENTATION_CONTEXT('2D SPACE',''
  ) );
#5910 = PCURVE('',#5657,#5911);
#5911 = DEFINITIONAL_REPRESENTATION('',(#5912),#5916);
#5912 = LINE('',#5913,#5914);
#5913 = CARTESIAN_POINT('',(9.1685,0.));
#5914 = VECTOR('',#5915,1.);
#5915 = DIRECTION('',(0.,1.));
#5916 = ( GEOMETRIC_REPRESENTATION_CONTEXT(2) 
PARAMETRIC_REPRESENTATION_CONTEXT() REPRESENTATION_CONTEXT('2D SPACE',''
  ) );
#5917 = ADVANCED_FACE('',(#5918),#3289,.F.);
#5918 = FACE_BOUND('',#5919,.F.);
#5919 = EDGE_LOOP('',(#5920,#5921,#5922,#5923));
#5920 = ORIENTED_EDGE('',*,*,#5874,.F.);
#5921 = ORIENTED_EDGE('',*,*,#3269,.T.);
#5922 = ORIENTED_EDGE('',*,*,#5673,.F.);
#5923 = ORIENTED_EDGE('',*,*,#5924,.T.);
#5924 = EDGE_CURVE('',#5641,#5875,#5925,.T.);
#5925 = SURFACE_CURVE('',#5926,(#5930,#5937),.PCURVE_S1.);
#5926 = LINE('',#5927,#5928);
#5927 = CARTESIAN_POINT('',(0.366075,-12.45068,2.91725));
#5928 = VECTOR('',#5929,1.);
#5929 = DIRECTION('',(0.,0.,1.));
#5930 = PCURVE('',#3289,#5931);
#5931 = DEFINITIONAL_REPRESENTATION('',(#5932),#5936);
#5932 = LINE('',#5933,#5934);
#5933 = CARTESIAN_POINT('',(0.,-0.45));
#5934 = VECTOR('',#5935,1.);
#5935 = DIRECTION('',(1.,0.));
#5936 = ( GEOMETRIC_REPRESENTATION_CONTEXT(2) 
PARAMETRIC_REPRESENTATION_CONTEXT() REPRESENTATION_CONTEXT('2D SPACE',''
  ) );
#5937 = PCURVE('',#5657,#5938);
#5938 = DEFINITIONAL_REPRESENTATION('',(#5939),#5943);
#5939 = LINE('',#5940,#5941);
#5940 = CARTESIAN_POINT('',(0.,0.73215));
#5941 = VECTOR('',#5942,1.);
#5942 = DIRECTION('',(1.,0.));
#5943 = ( GEOMETRIC_REPRESENTATION_CONTEXT(2) 
PARAMETRIC_REPRESENTATION_CONTEXT() REPRESENTATION_CONTEXT('2D SPACE',''
  ) );
#5944 = ADVANCED_FACE('',(#5945),#4272,.F.);
#5945 = FACE_BOUND('',#5946,.F.);
#5946 = EDGE_LOOP('',(#5947));
#5947 = ORIENTED_EDGE('',*,*,#4257,.T.);
#5948 = ADVANCED_FACE('',(#5949),#4491,.F.);
#5949 = FACE_BOUND('',#5950,.F.);
#5950 = EDGE_LOOP('',(#5951,#5952,#5975,#6002));
#5951 = ORIENTED_EDGE('',*,*,#4287,.F.);
#5952 = ORIENTED_EDGE('',*,*,#5953,.F.);
#5953 = EDGE_CURVE('',#5954,#4288,#5956,.T.);
#5954 = VERTEX_POINT('',#5955);
#5955 = CARTESIAN_POINT('',(1.4643,4.5556,8.56838));
#5956 = SEAM_CURVE('',#5957,(#5961,#5968),.PCURVE_S1.);
#5957 = LINE('',#5958,#5959);
#5958 = CARTESIAN_POINT('',(1.4643,4.5556,8.56838));
#5959 = VECTOR('',#5960,1.);
#5960 = DIRECTION('',(0.,-1.,1.110223024625E-16));
#5961 = PCURVE('',#4491,#5962);
#5962 = DEFINITIONAL_REPRESENTATION('',(#5963),#5967);
#5963 = LINE('',#5964,#5965);
#5964 = CARTESIAN_POINT('',(6.28318530718,-0.));
#5965 = VECTOR('',#5966,1.);
#5966 = DIRECTION('',(0.,1.));
#5967 = ( GEOMETRIC_REPRESENTATION_CONTEXT(2) 
PARAMETRIC_REPRESENTATION_CONTEXT() REPRESENTATION_CONTEXT('2D SPACE',''
  ) );
#5968 = PCURVE('',#4491,#5969);
#5969 = DEFINITIONAL_REPRESENTATION('',(#5970),#5974);
#5970 = LINE('',#5971,#5972);
#5971 = CARTESIAN_POINT('',(0.,-0.));
#5972 = VECTOR('',#5973,1.);
#5973 = DIRECTION('',(0.,1.));
#5974 = ( GEOMETRIC_REPRESENTATION_CONTEXT(2) 
PARAMETRIC_REPRESENTATION_CONTEXT() REPRESENTATION_CONTEXT('2D SPACE',''
  ) );
#5975 = ORIENTED_EDGE('',*,*,#5976,.T.);
#5976 = EDGE_CURVE('',#5954,#5954,#5977,.T.);
#5977 = SURFACE_CURVE('',#5978,(#5983,#5990),.PCURVE_S1.);
#5978 = CIRCLE('',#5979,1.4643);
#5979 = AXIS2_PLACEMENT_3D('',#5980,#5981,#5982);
#5980 = CARTESIAN_POINT('',(0.,4.5556,8.56838));
#5981 = DIRECTION('',(0.,-1.,1.110223024625E-16));
#5982 = DIRECTION('',(1.,0.,0.));
#5983 = PCURVE('',#4491,#5984);
#5984 = DEFINITIONAL_REPRESENTATION('',(#5985),#5989);
#5985 = LINE('',#5986,#5987);
#5986 = CARTESIAN_POINT('',(0.,0.));
#5987 = VECTOR('',#5988,1.);
#5988 = DIRECTION('',(1.,0.));
#5989 = ( GEOMETRIC_REPRESENTATION_CONTEXT(2) 
PARAMETRIC_REPRESENTATION_CONTEXT() REPRESENTATION_CONTEXT('2D SPACE',''
  ) );
#5990 = PCURVE('',#5991,#5996);
#5991 = PLANE('',#5992);
#5992 = AXIS2_PLACEMENT_3D('',#5993,#5994,#5995);
#5993 = CARTESIAN_POINT('',(0.,4.5556,8.56838));
#5994 = DIRECTION('',(0.,-1.,1.110223024625E-16));
#5995 = DIRECTION('',(1.,0.,0.));
#5996 = DEFINITIONAL_REPRESENTATION('',(#5997),#6001);
#5997 = CIRCLE('',#5998,1.4643);
#5998 = AXIS2_PLACEMENT_2D('',#5999,#6000);
#5999 = CARTESIAN_POINT('',(0.,0.));
#6000 = DIRECTION('',(1.,0.));
#6001 = ( GEOMETRIC_REPRESENTATION_CONTEXT(2) 
PARAMETRIC_REPRESENTATION_CONTEXT() REPRESENTATION_CONTEXT('2D SPACE',''
  ) );
#6002 = ORIENTED_EDGE('',*,*,#5953,.T.);
#6003 = ADVANCED_FACE('',(#6004),#4934,.F.);
#6004 = FACE_BOUND('',#6005,.F.);
#6005 = EDGE_LOOP('',(#6006,#6029,#6057,#6085,#6111,#6130));
#6006 = ORIENTED_EDGE('',*,*,#6007,.F.);
#6007 = EDGE_CURVE('',#6008,#4913,#6010,.T.);
#6008 = VERTEX_POINT('',#6009);
#6009 = CARTESIAN_POINT('',(0.4881,-10.7382,16.1699));
#6010 = SURFACE_CURVE('',#6011,(#6015,#6022),.PCURVE_S1.);
#6011 = LINE('',#6012,#6013);
#6012 = CARTESIAN_POINT('',(0.4881,-10.7382,16.1699));
#6013 = VECTOR('',#6014,1.);
#6014 = DIRECTION('',(0.,0.,1.));
#6015 = PCURVE('',#4934,#6016);
#6016 = DEFINITIONAL_REPRESENTATION('',(#6017),#6021);
#6017 = LINE('',#6018,#6019);
#6018 = CARTESIAN_POINT('',(0.,0.));
#6019 = VECTOR('',#6020,1.);
#6020 = DIRECTION('',(1.,0.));
#6021 = ( GEOMETRIC_REPRESENTATION_CONTEXT(2) 
PARAMETRIC_REPRESENTATION_CONTEXT() REPRESENTATION_CONTEXT('2D SPACE',''
  ) );
#6022 = PCURVE('',#5509,#6023);
#6023 = DEFINITIONAL_REPRESENTATION('',(#6024),#6028);
#6024 = LINE('',#6025,#6026);
#6025 = CARTESIAN_POINT('',(0.,0.9762));
#6026 = VECTOR('',#6027,1.);
#6027 = DIRECTION('',(1.,0.));
#6028 = ( GEOMETRIC_REPRESENTATION_CONTEXT(2) 
PARAMETRIC_REPRESENTATION_CONTEXT() REPRESENTATION_CONTEXT('2D SPACE',''
  ) );
#6029 = ORIENTED_EDGE('',*,*,#6030,.T.);
#6030 = EDGE_CURVE('',#6008,#6031,#6033,.T.);
#6031 = VERTEX_POINT('',#6032);
#6032 = CARTESIAN_POINT('',(0.4881,-1.627,16.1699));
#6033 = SURFACE_CURVE('',#6034,(#6038,#6045),.PCURVE_S1.);
#6034 = LINE('',#6035,#6036);
#6035 = CARTESIAN_POINT('',(0.4881,-10.7382,16.1699));
#6036 = VECTOR('',#6037,1.);
#6037 = DIRECTION('',(0.,1.,0.));
#6038 = PCURVE('',#4934,#6039);
#6039 = DEFINITIONAL_REPRESENTATION('',(#6040),#6044);
#6040 = LINE('',#6041,#6042);
#6041 = CARTESIAN_POINT('',(0.,0.));
#6042 = VECTOR('',#6043,1.);
#6043 = DIRECTION('',(0.,-1.));
#6044 = ( GEOMETRIC_REPRESENTATION_CONTEXT(2) 
PARAMETRIC_REPRESENTATION_CONTEXT() REPRESENTATION_CONTEXT('2D SPACE',''
  ) );
#6045 = PCURVE('',#6046,#6051);
#6046 = PLANE('',#6047);
#6047 = AXIS2_PLACEMENT_3D('',#6048,#6049,#6050);
#6048 = CARTESIAN_POINT('',(-0.4881,-10.7382,16.1699));
#6049 = DIRECTION('',(0.,0.,1.));
#6050 = DIRECTION('',(1.,0.,0.));
#6051 = DEFINITIONAL_REPRESENTATION('',(#6052),#6056);
#6052 = LINE('',#6053,#6054);
#6053 = CARTESIAN_POINT('',(0.9762,0.));
#6054 = VECTOR('',#6055,1.);
#6055 = DIRECTION('',(0.,1.));
#6056 = ( GEOMETRIC_REPRESENTATION_CONTEXT(2) 
PARAMETRIC_REPRESENTATION_CONTEXT() REPRESENTATION_CONTEXT('2D SPACE',''
  ) );
#6057 = ORIENTED_EDGE('',*,*,#6058,.T.);
#6058 = EDGE_CURVE('',#6031,#6059,#6061,.T.);
#6059 = VERTEX_POINT('',#6060);
#6060 = CARTESIAN_POINT('',(0.4881,-1.627,16.25));
#6061 = SURFACE_CURVE('',#6062,(#6066,#6073),.PCURVE_S1.);
#6062 = LINE('',#6063,#6064);
#6063 = CARTESIAN_POINT('',(0.4881,-1.627,16.1699));
#6064 = VECTOR('',#6065,1.);
#6065 = DIRECTION('',(0.,0.,1.));
#6066 = PCURVE('',#4934,#6067);
#6067 = DEFINITIONAL_REPRESENTATION('',(#6068),#6072);
#6068 = LINE('',#6069,#6070);
#6069 = CARTESIAN_POINT('',(0.,-9.1112));
#6070 = VECTOR('',#6071,1.);
#6071 = DIRECTION('',(1.,0.));
#6072 = ( GEOMETRIC_REPRESENTATION_CONTEXT(2) 
PARAMETRIC_REPRESENTATION_CONTEXT() REPRESENTATION_CONTEXT('2D SPACE',''
  ) );
#6073 = PCURVE('',#6074,#6079);
#6074 = PLANE('',#6075);
#6075 = AXIS2_PLACEMENT_3D('',#6076,#6077,#6078);
#6076 = CARTESIAN_POINT('',(-0.4881,-1.627,16.1699));
#6077 = DIRECTION('',(0.,1.,0.));
#6078 = DIRECTION('',(0.,0.,1.));
#6079 = DEFINITIONAL_REPRESENTATION('',(#6080),#6084);
#6080 = LINE('',#6081,#6082);
#6081 = CARTESIAN_POINT('',(0.,0.9762));
#6082 = VECTOR('',#6083,1.);
#6083 = DIRECTION('',(1.,0.));
#6084 = ( GEOMETRIC_REPRESENTATION_CONTEXT(2) 
PARAMETRIC_REPRESENTATION_CONTEXT() REPRESENTATION_CONTEXT('2D SPACE',''
  ) );
#6085 = ORIENTED_EDGE('',*,*,#6086,.F.);
#6086 = EDGE_CURVE('',#6087,#6059,#6089,.T.);
#6087 = VERTEX_POINT('',#6088);
#6088 = CARTESIAN_POINT('',(0.4881,-9.937450562113,16.25));
#6089 = SURFACE_CURVE('',#6090,(#6094,#6100),.PCURVE_S1.);
#6090 = LINE('',#6091,#6092);
#6091 = CARTESIAN_POINT('',(0.4881,-5.3691,16.25));
#6092 = VECTOR('',#6093,1.);
#6093 = DIRECTION('',(0.,1.,0.));
#6094 = PCURVE('',#4934,#6095);
#6095 = DEFINITIONAL_REPRESENTATION('',(#6096),#6099);
#6096 = B_SPLINE_CURVE_WITH_KNOTS('',1,(#6097,#6098),.UNSPECIFIED.,.F.,
  .F.,(2,2),(-4.5803304,3.7421),.PIECEWISE_BEZIER_KNOTS.);
#6097 = CARTESIAN_POINT('',(8.01E-02,-0.7887696));
#6098 = CARTESIAN_POINT('',(8.01E-02,-9.1112));
#6099 = ( GEOMETRIC_REPRESENTATION_CONTEXT(2) 
PARAMETRIC_REPRESENTATION_CONTEXT() REPRESENTATION_CONTEXT('2D SPACE',''
  ) );
#6100 = PCURVE('',#6101,#6106);
#6101 = PLANE('',#6102);
#6102 = AXIS2_PLACEMENT_3D('',#6103,#6104,#6105);
#6103 = CARTESIAN_POINT('',(0.,0.,16.25));
#6104 = DIRECTION('',(0.,0.,1.));
#6105 = DIRECTION('',(1.,0.,0.));
#6106 = DEFINITIONAL_REPRESENTATION('',(#6107),#6110);
#6107 = B_SPLINE_CURVE_WITH_KNOTS('',1,(#6108,#6109),.UNSPECIFIED.,.F.,
  .F.,(2,2),(-4.5803304,3.7421),.PIECEWISE_BEZIER_KNOTS.);
#6108 = CARTESIAN_POINT('',(0.4881,-9.9494304));
#6109 = CARTESIAN_POINT('',(0.4881,-1.627));
#6110 = ( GEOMETRIC_REPRESENTATION_CONTEXT(2) 
PARAMETRIC_REPRESENTATION_CONTEXT() REPRESENTATION_CONTEXT('2D SPACE',''
  ) );
#6111 = ORIENTED_EDGE('',*,*,#6112,.T.);
#6112 = EDGE_CURVE('',#6087,#4911,#6113,.T.);
#6113 = SURFACE_CURVE('',#6114,(#6118,#6124),.PCURVE_S1.);
#6114 = LINE('',#6115,#6116);
#6115 = CARTESIAN_POINT('',(0.4881,-9.937450562113,16.25));
#6116 = VECTOR('',#6117,1.);
#6117 = DIRECTION('',(0.,0.,1.));
#6118 = PCURVE('',#4934,#6119);
#6119 = DEFINITIONAL_REPRESENTATION('',(#6120),#6123);
#6120 = B_SPLINE_CURVE_WITH_KNOTS('',1,(#6121,#6122),.UNSPECIFIED.,.F.,
  .F.,(2,2),(-5.999999999062E-07,0.4200006),.PIECEWISE_BEZIER_KNOTS.);
#6121 = CARTESIAN_POINT('',(8.00994E-02,-0.800749437887));
#6122 = CARTESIAN_POINT('',(0.5001006,-0.800749437887));
#6123 = ( GEOMETRIC_REPRESENTATION_CONTEXT(2) 
PARAMETRIC_REPRESENTATION_CONTEXT() REPRESENTATION_CONTEXT('2D SPACE',''
  ) );
#6124 = PCURVE('',#5272,#6125);
#6125 = DEFINITIONAL_REPRESENTATION('',(#6126),#6129);
#6126 = B_SPLINE_CURVE_WITH_KNOTS('',1,(#6127,#6128),.UNSPECIFIED.,.F.,
  .F.,(2,2),(0.,0.4200006),.PIECEWISE_BEZIER_KNOTS.);
#6127 = CARTESIAN_POINT('',(4.761466764479,0.));
#6128 = CARTESIAN_POINT('',(4.761466764479,0.4200006));
#6129 = ( GEOMETRIC_REPRESENTATION_CONTEXT(2) 
PARAMETRIC_REPRESENTATION_CONTEXT() REPRESENTATION_CONTEXT('2D SPACE',''
  ) );
#6130 = ORIENTED_EDGE('',*,*,#4910,.T.);
#6131 = ADVANCED_FACE('',(#6132),#5272,.F.);
#6132 = FACE_BOUND('',#6133,.F.);
#6133 = EDGE_LOOP('',(#6134,#6162,#6181,#6182));
#6134 = ORIENTED_EDGE('',*,*,#6135,.F.);
#6135 = EDGE_CURVE('',#6136,#6087,#6138,.T.);
#6136 = VERTEX_POINT('',#6137);
#6137 = CARTESIAN_POINT('',(-0.4881,-9.937450562113,16.25));
#6138 = SURFACE_CURVE('',#6139,(#6144,#6151),.PCURVE_S1.);
#6139 = CIRCLE('',#6140,9.9494304);
#6140 = AXIS2_PLACEMENT_3D('',#6141,#6142,#6143);
#6141 = CARTESIAN_POINT('',(0.,0.,16.25));
#6142 = DIRECTION('',(-0.,0.,-1.));
#6143 = DIRECTION('',(-4.905808477237E-02,-0.998795927264,0.));
#6144 = PCURVE('',#5272,#6145);
#6145 = DEFINITIONAL_REPRESENTATION('',(#6146),#6150);
#6146 = LINE('',#6147,#6148);
#6147 = CARTESIAN_POINT('',(10.94649650347,0.));
#6148 = VECTOR('',#6149,1.);
#6149 = DIRECTION('',(-1.,-0.));
#6150 = ( GEOMETRIC_REPRESENTATION_CONTEXT(2) 
PARAMETRIC_REPRESENTATION_CONTEXT() REPRESENTATION_CONTEXT('2D SPACE',''
  ) );
#6151 = PCURVE('',#6101,#6152);
#6152 = DEFINITIONAL_REPRESENTATION('',(#6153),#6161);
#6153 = ( BOUNDED_CURVE() B_SPLINE_CURVE(2,(#6154,#6155,#6156,#6157,
#6158,#6159,#6160),.UNSPECIFIED.,.T.,.F.) B_SPLINE_CURVE_WITH_KNOTS((1,2
    ,2,2,2,1),(-2.094395102393,0.,2.094395102393,4.188790204786,
6.28318530718,8.377580409573),.UNSPECIFIED.) CURVE() 
GEOMETRIC_REPRESENTATION_ITEM() RATIONAL_B_SPLINE_CURVE((1.,0.5,1.,0.5,
1.,0.5,1.)) REPRESENTATION_ITEM('') );
#6154 = CARTESIAN_POINT('',(-0.4881,-9.937450562113));
#6155 = CARTESIAN_POINT('',(-17.70026927128,-9.092036562939));
#6156 = CARTESIAN_POINT('',(-8.362034635642,5.391432280644));
#6157 = CARTESIAN_POINT('',(0.9762,19.874901124226));
#6158 = CARTESIAN_POINT('',(8.850134635642,4.546018281469));
#6159 = CARTESIAN_POINT('',(16.724069271284,-10.78286456128));
#6160 = CARTESIAN_POINT('',(-0.4881,-9.937450562113));
#6161 = ( GEOMETRIC_REPRESENTATION_CONTEXT(2) 
PARAMETRIC_REPRESENTATION_CONTEXT() REPRESENTATION_CONTEXT('2D SPACE',''
  ) );
#6162 = ORIENTED_EDGE('',*,*,#6163,.T.);
#6163 = EDGE_CURVE('',#6136,#4950,#6164,.T.);
#6164 = SURFACE_CURVE('',#6165,(#6169,#6175),.PCURVE_S1.);
#6165 = LINE('',#6166,#6167);
#6166 = CARTESIAN_POINT('',(-0.4881,-9.937450562113,16.25));
#6167 = VECTOR('',#6168,1.);
#6168 = DIRECTION('',(0.,0.,1.));
#6169 = PCURVE('',#5272,#6170);
#6170 = DEFINITIONAL_REPRESENTATION('',(#6171),#6174);
#6171 = B_SPLINE_CURVE_WITH_KNOTS('',1,(#6172,#6173),.UNSPECIFIED.,.F.,
  .F.,(2,2),(0.,0.4200006),.PIECEWISE_BEZIER_KNOTS.);
#6172 = CARTESIAN_POINT('',(10.94649650347,0.));
#6173 = CARTESIAN_POINT('',(10.94649650347,0.4200006));
#6174 = ( GEOMETRIC_REPRESENTATION_CONTEXT(2) 
PARAMETRIC_REPRESENTATION_CONTEXT() REPRESENTATION_CONTEXT('2D SPACE',''
  ) );
#6175 = PCURVE('',#5482,#6176);
#6176 = DEFINITIONAL_REPRESENTATION('',(#6177),#6180);
#6177 = B_SPLINE_CURVE_WITH_KNOTS('',1,(#6178,#6179),.UNSPECIFIED.,.F.,
  .F.,(2,2),(-5.999999999062E-07,0.4200006),.PIECEWISE_BEZIER_KNOTS.);
#6178 = CARTESIAN_POINT('',(8.00994E-02,-0.800749437887));
#6179 = CARTESIAN_POINT('',(0.5001006,-0.800749437887));
#6180 = ( GEOMETRIC_REPRESENTATION_CONTEXT(2) 
PARAMETRIC_REPRESENTATION_CONTEXT() REPRESENTATION_CONTEXT('2D SPACE',''
  ) );
#6181 = ORIENTED_EDGE('',*,*,#4949,.T.);
#6182 = ORIENTED_EDGE('',*,*,#6112,.F.);
#6183 = ADVANCED_FACE('',(#6184),#5482,.T.);
#6184 = FACE_BOUND('',#6185,.T.);
#6185 = EDGE_LOOP('',(#6186,#6209,#6232,#6255,#6274,#6275));
#6186 = ORIENTED_EDGE('',*,*,#6187,.F.);
#6187 = EDGE_CURVE('',#6188,#5461,#6190,.T.);
#6188 = VERTEX_POINT('',#6189);
#6189 = CARTESIAN_POINT('',(-0.4881,-10.7382,16.1699));
#6190 = SURFACE_CURVE('',#6191,(#6195,#6202),.PCURVE_S1.);
#6191 = LINE('',#6192,#6193);
#6192 = CARTESIAN_POINT('',(-0.4881,-10.7382,16.1699));
#6193 = VECTOR('',#6194,1.);
#6194 = DIRECTION('',(0.,0.,1.));
#6195 = PCURVE('',#5482,#6196);
#6196 = DEFINITIONAL_REPRESENTATION('',(#6197),#6201);
#6197 = LINE('',#6198,#6199);
#6198 = CARTESIAN_POINT('',(0.,0.));
#6199 = VECTOR('',#6200,1.);
#6200 = DIRECTION('',(1.,0.));
#6201 = ( GEOMETRIC_REPRESENTATION_CONTEXT(2) 
PARAMETRIC_REPRESENTATION_CONTEXT() REPRESENTATION_CONTEXT('2D SPACE',''
  ) );
#6202 = PCURVE('',#5509,#6203);
#6203 = DEFINITIONAL_REPRESENTATION('',(#6204),#6208);
#6204 = LINE('',#6205,#6206);
#6205 = CARTESIAN_POINT('',(0.,0.));
#6206 = VECTOR('',#6207,1.);
#6207 = DIRECTION('',(1.,0.));
#6208 = ( GEOMETRIC_REPRESENTATION_CONTEXT(2) 
PARAMETRIC_REPRESENTATION_CONTEXT() REPRESENTATION_CONTEXT('2D SPACE',''
  ) );
#6209 = ORIENTED_EDGE('',*,*,#6210,.T.);
#6210 = EDGE_CURVE('',#6188,#6211,#6213,.T.);
#6211 = VERTEX_POINT('',#6212);
#6212 = CARTESIAN_POINT('',(-0.4881,-1.627,16.1699));
#6213 = SURFACE_CURVE('',#6214,(#6218,#6225),.PCURVE_S1.);
#6214 = LINE('',#6215,#6216);
#6215 = CARTESIAN_POINT('',(-0.4881,-10.7382,16.1699));
#6216 = VECTOR('',#6217,1.);
#6217 = DIRECTION('',(0.,1.,0.));
#6218 = PCURVE('',#5482,#6219);
#6219 = DEFINITIONAL_REPRESENTATION('',(#6220),#6224);
#6220 = LINE('',#6221,#6222);
#6221 = CARTESIAN_POINT('',(0.,0.));
#6222 = VECTOR('',#6223,1.);
#6223 = DIRECTION('',(0.,-1.));
#6224 = ( GEOMETRIC_REPRESENTATION_CONTEXT(2) 
PARAMETRIC_REPRESENTATION_CONTEXT() REPRESENTATION_CONTEXT('2D SPACE',''
  ) );
#6225 = PCURVE('',#6046,#6226);
#6226 = DEFINITIONAL_REPRESENTATION('',(#6227),#6231);
#6227 = LINE('',#6228,#6229);
#6228 = CARTESIAN_POINT('',(0.,0.));
#6229 = VECTOR('',#6230,1.);
#6230 = DIRECTION('',(0.,1.));
#6231 = ( GEOMETRIC_REPRESENTATION_CONTEXT(2) 
PARAMETRIC_REPRESENTATION_CONTEXT() REPRESENTATION_CONTEXT('2D SPACE',''
  ) );
#6232 = ORIENTED_EDGE('',*,*,#6233,.T.);
#6233 = EDGE_CURVE('',#6211,#6234,#6236,.T.);
#6234 = VERTEX_POINT('',#6235);
#6235 = CARTESIAN_POINT('',(-0.4881,-1.627,16.25));
#6236 = SURFACE_CURVE('',#6237,(#6241,#6248),.PCURVE_S1.);
#6237 = LINE('',#6238,#6239);
#6238 = CARTESIAN_POINT('',(-0.4881,-1.627,16.1699));
#6239 = VECTOR('',#6240,1.);
#6240 = DIRECTION('',(0.,0.,1.));
#6241 = PCURVE('',#5482,#6242);
#6242 = DEFINITIONAL_REPRESENTATION('',(#6243),#6247);
#6243 = LINE('',#6244,#6245);
#6244 = CARTESIAN_POINT('',(0.,-9.1112));
#6245 = VECTOR('',#6246,1.);
#6246 = DIRECTION('',(1.,0.));
#6247 = ( GEOMETRIC_REPRESENTATION_CONTEXT(2) 
PARAMETRIC_REPRESENTATION_CONTEXT() REPRESENTATION_CONTEXT('2D SPACE',''
  ) );
#6248 = PCURVE('',#6074,#6249);
#6249 = DEFINITIONAL_REPRESENTATION('',(#6250),#6254);
#6250 = LINE('',#6251,#6252);
#6251 = CARTESIAN_POINT('',(0.,0.));
#6252 = VECTOR('',#6253,1.);
#6253 = DIRECTION('',(1.,0.));
#6254 = ( GEOMETRIC_REPRESENTATION_CONTEXT(2) 
PARAMETRIC_REPRESENTATION_CONTEXT() REPRESENTATION_CONTEXT('2D SPACE',''
  ) );
#6255 = ORIENTED_EDGE('',*,*,#6256,.F.);
#6256 = EDGE_CURVE('',#6136,#6234,#6257,.T.);
#6257 = SURFACE_CURVE('',#6258,(#6262,#6268),.PCURVE_S1.);
#6258 = LINE('',#6259,#6260);
#6259 = CARTESIAN_POINT('',(-0.4881,-5.3691,16.25));
#6260 = VECTOR('',#6261,1.);
#6261 = DIRECTION('',(0.,1.,0.));
#6262 = PCURVE('',#5482,#6263);
#6263 = DEFINITIONAL_REPRESENTATION('',(#6264),#6267);
#6264 = B_SPLINE_CURVE_WITH_KNOTS('',1,(#6265,#6266),.UNSPECIFIED.,.F.,
  .F.,(2,2),(-4.5803304,3.7421),.PIECEWISE_BEZIER_KNOTS.);
#6265 = CARTESIAN_POINT('',(8.01E-02,-0.7887696));
#6266 = CARTESIAN_POINT('',(8.01E-02,-9.1112));
#6267 = ( GEOMETRIC_REPRESENTATION_CONTEXT(2) 
PARAMETRIC_REPRESENTATION_CONTEXT() REPRESENTATION_CONTEXT('2D SPACE',''
  ) );
#6268 = PCURVE('',#6101,#6269);
#6269 = DEFINITIONAL_REPRESENTATION('',(#6270),#6273);
#6270 = B_SPLINE_CURVE_WITH_KNOTS('',1,(#6271,#6272),.UNSPECIFIED.,.F.,
  .F.,(2,2),(-4.5803304,3.7421),.PIECEWISE_BEZIER_KNOTS.);
#6271 = CARTESIAN_POINT('',(-0.4881,-9.9494304));
#6272 = CARTESIAN_POINT('',(-0.4881,-1.627));
#6273 = ( GEOMETRIC_REPRESENTATION_CONTEXT(2) 
PARAMETRIC_REPRESENTATION_CONTEXT() REPRESENTATION_CONTEXT('2D SPACE',''
  ) );
#6274 = ORIENTED_EDGE('',*,*,#6163,.T.);
#6275 = ORIENTED_EDGE('',*,*,#5460,.T.);
#6276 = ADVANCED_FACE('',(#6277),#5509,.T.);
#6277 = FACE_BOUND('',#6278,.T.);
#6278 = EDGE_LOOP('',(#6279,#6280,#6301,#6302));
#6279 = ORIENTED_EDGE('',*,*,#6007,.F.);
#6280 = ORIENTED_EDGE('',*,*,#6281,.F.);
#6281 = EDGE_CURVE('',#6188,#6008,#6282,.T.);
#6282 = SURFACE_CURVE('',#6283,(#6287,#6294),.PCURVE_S1.);
#6283 = LINE('',#6284,#6285);
#6284 = CARTESIAN_POINT('',(-0.4881,-10.7382,16.1699));
#6285 = VECTOR('',#6286,1.);
#6286 = DIRECTION('',(1.,0.,0.));
#6287 = PCURVE('',#5509,#6288);
#6288 = DEFINITIONAL_REPRESENTATION('',(#6289),#6293);
#6289 = LINE('',#6290,#6291);
#6290 = CARTESIAN_POINT('',(0.,0.));
#6291 = VECTOR('',#6292,1.);
#6292 = DIRECTION('',(0.,1.));
#6293 = ( GEOMETRIC_REPRESENTATION_CONTEXT(2) 
PARAMETRIC_REPRESENTATION_CONTEXT() REPRESENTATION_CONTEXT('2D SPACE',''
  ) );
#6294 = PCURVE('',#6046,#6295);
#6295 = DEFINITIONAL_REPRESENTATION('',(#6296),#6300);
#6296 = LINE('',#6297,#6298);
#6297 = CARTESIAN_POINT('',(0.,0.));
#6298 = VECTOR('',#6299,1.);
#6299 = DIRECTION('',(1.,0.));
#6300 = ( GEOMETRIC_REPRESENTATION_CONTEXT(2) 
PARAMETRIC_REPRESENTATION_CONTEXT() REPRESENTATION_CONTEXT('2D SPACE',''
  ) );
#6301 = ORIENTED_EDGE('',*,*,#6187,.T.);
#6302 = ORIENTED_EDGE('',*,*,#5497,.F.);
#6303 = ADVANCED_FACE('',(#6304),#5657,.F.);
#6304 = FACE_BOUND('',#6305,.F.);
#6305 = EDGE_LOOP('',(#6306,#6307,#6308,#6309));
#6306 = ORIENTED_EDGE('',*,*,#5924,.F.);
#6307 = ORIENTED_EDGE('',*,*,#5640,.T.);
#6308 = ORIENTED_EDGE('',*,*,#5848,.T.);
#6309 = ORIENTED_EDGE('',*,*,#5897,.T.);
#6310 = ADVANCED_FACE('',(#6311),#5583,.F.);
#6311 = FACE_BOUND('',#6312,.F.);
#6312 = EDGE_LOOP('',(#6313,#6314,#6315,#6316));
#6313 = ORIENTED_EDGE('',*,*,#5722,.F.);
#6314 = ORIENTED_EDGE('',*,*,#5772,.F.);
#6315 = ORIENTED_EDGE('',*,*,#5798,.T.);
#6316 = ORIENTED_EDGE('',*,*,#5566,.T.);
#6317 = ADVANCED_FACE('',(#6318),#5991,.T.);
#6318 = FACE_BOUND('',#6319,.F.);
#6319 = EDGE_LOOP('',(#6320));
#6320 = ORIENTED_EDGE('',*,*,#5976,.F.);
#6321 = ADVANCED_FACE('',(#6322),#6101,.T.);
#6322 = FACE_BOUND('',#6323,.T.);
#6323 = EDGE_LOOP('',(#6324,#6325,#6326,#6327));
#6324 = ORIENTED_EDGE('',*,*,#6086,.F.);
#6325 = ORIENTED_EDGE('',*,*,#6135,.F.);
#6326 = ORIENTED_EDGE('',*,*,#6256,.T.);
#6327 = ORIENTED_EDGE('',*,*,#6328,.F.);
#6328 = EDGE_CURVE('',#6059,#6234,#6329,.T.);
#6329 = SURFACE_CURVE('',#6330,(#6334,#6340),.PCURVE_S1.);
#6330 = LINE('',#6331,#6332);
#6331 = CARTESIAN_POINT('',(-0.24405,-1.627,16.25));
#6332 = VECTOR('',#6333,1.);
#6333 = DIRECTION('',(-1.,0.,0.));
#6334 = PCURVE('',#6101,#6335);
#6335 = DEFINITIONAL_REPRESENTATION('',(#6336),#6339);
#6336 = B_SPLINE_CURVE_WITH_KNOTS('',1,(#6337,#6338),.UNSPECIFIED.,.F.,
  .F.,(2,2),(-0.73215,0.24405),.PIECEWISE_BEZIER_KNOTS.);
#6337 = CARTESIAN_POINT('',(0.4881,-1.627));
#6338 = CARTESIAN_POINT('',(-0.4881,-1.627));
#6339 = ( GEOMETRIC_REPRESENTATION_CONTEXT(2) 
PARAMETRIC_REPRESENTATION_CONTEXT() REPRESENTATION_CONTEXT('2D SPACE',''
  ) );
#6340 = PCURVE('',#6074,#6341);
#6341 = DEFINITIONAL_REPRESENTATION('',(#6342),#6345);
#6342 = B_SPLINE_CURVE_WITH_KNOTS('',1,(#6343,#6344),.UNSPECIFIED.,.F.,
  .F.,(2,2),(-0.73215,0.24405),.PIECEWISE_BEZIER_KNOTS.);
#6343 = CARTESIAN_POINT('',(8.01E-02,0.9762));
#6344 = CARTESIAN_POINT('',(8.01E-02,0.));
#6345 = ( GEOMETRIC_REPRESENTATION_CONTEXT(2) 
PARAMETRIC_REPRESENTATION_CONTEXT() REPRESENTATION_CONTEXT('2D SPACE',''
  ) );
#6346 = ADVANCED_FACE('',(#6347),#6074,.F.);
#6347 = FACE_BOUND('',#6348,.F.);
#6348 = EDGE_LOOP('',(#6349,#6350,#6371,#6372));
#6349 = ORIENTED_EDGE('',*,*,#6058,.F.);
#6350 = ORIENTED_EDGE('',*,*,#6351,.F.);
#6351 = EDGE_CURVE('',#6211,#6031,#6352,.T.);
#6352 = SURFACE_CURVE('',#6353,(#6357,#6364),.PCURVE_S1.);
#6353 = LINE('',#6354,#6355);
#6354 = CARTESIAN_POINT('',(-0.4881,-1.627,16.1699));
#6355 = VECTOR('',#6356,1.);
#6356 = DIRECTION('',(1.,0.,0.));
#6357 = PCURVE('',#6074,#6358);
#6358 = DEFINITIONAL_REPRESENTATION('',(#6359),#6363);
#6359 = LINE('',#6360,#6361);
#6360 = CARTESIAN_POINT('',(0.,0.));
#6361 = VECTOR('',#6362,1.);
#6362 = DIRECTION('',(0.,1.));
#6363 = ( GEOMETRIC_REPRESENTATION_CONTEXT(2) 
PARAMETRIC_REPRESENTATION_CONTEXT() REPRESENTATION_CONTEXT('2D SPACE',''
  ) );
#6364 = PCURVE('',#6046,#6365);
#6365 = DEFINITIONAL_REPRESENTATION('',(#6366),#6370);
#6366 = LINE('',#6367,#6368);
#6367 = CARTESIAN_POINT('',(0.,9.1112));
#6368 = VECTOR('',#6369,1.);
#6369 = DIRECTION('',(1.,0.));
#6370 = ( GEOMETRIC_REPRESENTATION_CONTEXT(2) 
PARAMETRIC_REPRESENTATION_CONTEXT() REPRESENTATION_CONTEXT('2D SPACE',''
  ) );
#6371 = ORIENTED_EDGE('',*,*,#6233,.T.);
#6372 = ORIENTED_EDGE('',*,*,#6328,.F.);
#6373 = ADVANCED_FACE('',(#6374),#6046,.T.);
#6374 = FACE_BOUND('',#6375,.T.);
#6375 = EDGE_LOOP('',(#6376,#6377,#6378,#6379));
#6376 = ORIENTED_EDGE('',*,*,#6210,.F.);
#6377 = ORIENTED_EDGE('',*,*,#6281,.T.);
#6378 = ORIENTED_EDGE('',*,*,#6030,.T.);
#6379 = ORIENTED_EDGE('',*,*,#6351,.F.);
#6380 = ( GEOMETRIC_REPRESENTATION_CONTEXT(3) 
GLOBAL_UNCERTAINTY_ASSIGNED_CONTEXT((#6384)) 
GLOBAL_UNIT_ASSIGNED_CONTEXT((#6381,#6382,#6383)) REPRESENTATION_CONTEXT
('Context #1','3D Context with UNIT and UNCERTAINTY') );
#6381 = ( LENGTH_UNIT() NAMED_UNIT(*) SI_UNIT(.MILLI.,.METRE.) );
#6382 = ( NAMED_UNIT(*) PLANE_ANGLE_UNIT() SI_UNIT($,.RADIAN.) );
#6383 = ( NAMED_UNIT(*) SI_UNIT($,.STERADIAN.) SOLID_ANGLE_UNIT() );
#6384 = UNCERTAINTY_MEASURE_WITH_UNIT(LENGTH_MEASURE(2.E-05),#6381,
  'distance_accuracy_value','confusion accuracy');
#6385 = PRODUCT_RELATED_PRODUCT_CATEGORY('part',$,(#7));

#6386=DESCRIPTIVE_REPRESENTATION_ITEM('cadpy:generator','cadpy');
#6387=REPRESENTATION('cadpy:generator',(#6386),#6380);
#6388=PROPERTY_DEFINITION('cadpy metadata','cadpy:generator',#5);
#6389=PROPERTY_DEFINITION_REPRESENTATION(#6388,#6387);
#6390=DESCRIPTIVE_REPRESENTATION_ITEM('cadpy:entryKind','part');
#6391=REPRESENTATION('cadpy:entryKind',(#6390),#6380);
#6392=PROPERTY_DEFINITION('cadpy metadata','cadpy:entryKind',#5);
#6393=PROPERTY_DEFINITION_REPRESENTATION(#6392,#6391);
#6394=DESCRIPTIVE_REPRESENTATION_ITEM('cadpy:sourcePath','davies-1110.py');
#6395=REPRESENTATION('cadpy:sourcePath',(#6394),#6380);
#6396=PROPERTY_DEFINITION('cadpy metadata','cadpy:sourcePath',#5);
#6397=PROPERTY_DEFINITION_REPRESENTATION(#6396,#6395);
#6398=DESCRIPTIVE_REPRESENTATION_ITEM('cadpy:sourceHash','6d40b2f10299553111232653dad2e257a51fd6aa3175e1fae39e865f66d44b75');
#6399=REPRESENTATION('cadpy:sourceHash',(#6398),#6380);
#6400=PROPERTY_DEFINITION('cadpy metadata','cadpy:sourceHash',#5);
#6401=PROPERTY_DEFINITION_REPRESENTATION(#6400,#6399);
ENDSEC;
END-ISO-10303-21;
