ISO-10303-21;
HEADER;
FILE_DESCRIPTION(('Open CASCADE Model'),'2;1');
FILE_NAME('davies_1100_reference_knob','2026-06-17T20:50:31',('Author'),
  ('Open CASCADE'),'Open CASCADE STEP processor 7.8','cadpy','Unknown');
FILE_SCHEMA(('AUTOMOTIVE_DESIGN { 1 0 10303 214 1 1 1 1 }'));
ENDSEC;
DATA;
#1 = APPLICATION_PROTOCOL_DEFINITION('international standard',
  'automotive_design',2000,#2);
#2 = APPLICATION_CONTEXT(
  'core data for automotive mechanical design processes');
#3 = SHAPE_DEFINITION_REPRESENTATION(#4,#10);
#4 = PRODUCT_DEFINITION_SHAPE('','',#5);
#5 = PRODUCT_DEFINITION('design','',#6,#9);
#6 = PRODUCT_DEFINITION_FORMATION('','',#7);
#7 = PRODUCT('davies_1100_reference_knob','davies_1100_reference_knob',
  '',(#8));
#8 = PRODUCT_CONTEXT('',#2,'mechanical');
#9 = PRODUCT_DEFINITION_CONTEXT('part definition',#2,'design');
#10 = ADVANCED_BREP_SHAPE_REPRESENTATION('',(#11,#15),#5711);
#11 = AXIS2_PLACEMENT_3D('',#12,#13,#14);
#12 = CARTESIAN_POINT('',(0.,0.,0.));
#13 = DIRECTION('',(0.,0.,1.));
#14 = DIRECTION('',(1.,0.,-0.));
#15 = MANIFOLD_SOLID_BREP('',#16);
#16 = CLOSED_SHELL('',(#17,#105,#501,#536,#3797,#4000,#5007,#5182,#5231,
    #5280,#5307,#5356,#5405,#5432,#5436,#5561,#5610,#5659,#5686,#5693,
    #5700,#5704));
#17 = ADVANCED_FACE('',(#18),#31,.T.);
#18 = FACE_BOUND('',#19,.T.);
#19 = EDGE_LOOP('',(#20,#54,#77,#104));
#20 = ORIENTED_EDGE('',*,*,#21,.F.);
#21 = EDGE_CURVE('',#22,#22,#24,.T.);
#22 = VERTEX_POINT('',#23);
#23 = CARTESIAN_POINT('',(9.92,-2.429699249508E-15,1.191));
#24 = SURFACE_CURVE('',#25,(#30,#42),.PCURVE_S1.);
#25 = CIRCLE('',#26,9.92);
#26 = AXIS2_PLACEMENT_3D('',#27,#28,#29);
#27 = CARTESIAN_POINT('',(0.,0.,1.191));
#28 = DIRECTION('',(0.,0.,1.));
#29 = DIRECTION('',(1.,0.,0.));
#30 = PCURVE('',#31,#36);
#31 = CYLINDRICAL_SURFACE('',#32,9.92);
#32 = AXIS2_PLACEMENT_3D('',#33,#34,#35);
#33 = CARTESIAN_POINT('',(0.,0.,0.));
#34 = DIRECTION('',(0.,0.,1.));
#35 = DIRECTION('',(1.,0.,0.));
#36 = DEFINITIONAL_REPRESENTATION('',(#37),#41);
#37 = LINE('',#38,#39);
#38 = CARTESIAN_POINT('',(0.,1.191));
#39 = VECTOR('',#40,1.);
#40 = DIRECTION('',(1.,0.));
#41 = ( GEOMETRIC_REPRESENTATION_CONTEXT(2) 
PARAMETRIC_REPRESENTATION_CONTEXT() REPRESENTATION_CONTEXT('2D SPACE',''
  ) );
#42 = PCURVE('',#43,#48);
#43 = PLANE('',#44);
#44 = AXIS2_PLACEMENT_3D('',#45,#46,#47);
#45 = CARTESIAN_POINT('',(0.,0.,1.191));
#46 = DIRECTION('',(0.,0.,1.));
#47 = DIRECTION('',(1.,0.,0.));
#48 = DEFINITIONAL_REPRESENTATION('',(#49),#53);
#49 = CIRCLE('',#50,9.92);
#50 = AXIS2_PLACEMENT_2D('',#51,#52);
#51 = CARTESIAN_POINT('',(0.,0.));
#52 = DIRECTION('',(1.,0.));
#53 = ( GEOMETRIC_REPRESENTATION_CONTEXT(2) 
PARAMETRIC_REPRESENTATION_CONTEXT() REPRESENTATION_CONTEXT('2D SPACE',''
  ) );
#54 = ORIENTED_EDGE('',*,*,#55,.F.);
#55 = EDGE_CURVE('',#56,#22,#58,.T.);
#56 = VERTEX_POINT('',#57);
#57 = CARTESIAN_POINT('',(9.92,-2.429699249508E-15,0.));
#58 = SEAM_CURVE('',#59,(#63,#70),.PCURVE_S1.);
#59 = LINE('',#60,#61);
#60 = CARTESIAN_POINT('',(9.92,-2.429699249508E-15,0.));
#61 = VECTOR('',#62,1.);
#62 = DIRECTION('',(0.,0.,1.));
#63 = PCURVE('',#31,#64);
#64 = DEFINITIONAL_REPRESENTATION('',(#65),#69);
#65 = LINE('',#66,#67);
#66 = CARTESIAN_POINT('',(6.28318530718,-0.));
#67 = VECTOR('',#68,1.);
#68 = DIRECTION('',(0.,1.));
#69 = ( GEOMETRIC_REPRESENTATION_CONTEXT(2) 
PARAMETRIC_REPRESENTATION_CONTEXT() REPRESENTATION_CONTEXT('2D SPACE',''
  ) );
#70 = PCURVE('',#31,#71);
#71 = DEFINITIONAL_REPRESENTATION('',(#72),#76);
#72 = LINE('',#73,#74);
#73 = CARTESIAN_POINT('',(0.,-0.));
#74 = VECTOR('',#75,1.);
#75 = DIRECTION('',(0.,1.));
#76 = ( GEOMETRIC_REPRESENTATION_CONTEXT(2) 
PARAMETRIC_REPRESENTATION_CONTEXT() REPRESENTATION_CONTEXT('2D SPACE',''
  ) );
#77 = ORIENTED_EDGE('',*,*,#78,.T.);
#78 = EDGE_CURVE('',#56,#56,#79,.T.);
#79 = SURFACE_CURVE('',#80,(#85,#92),.PCURVE_S1.);
#80 = CIRCLE('',#81,9.92);
#81 = AXIS2_PLACEMENT_3D('',#82,#83,#84);
#82 = CARTESIAN_POINT('',(0.,0.,0.));
#83 = DIRECTION('',(0.,0.,1.));
#84 = DIRECTION('',(1.,0.,0.));
#85 = PCURVE('',#31,#86);
#86 = DEFINITIONAL_REPRESENTATION('',(#87),#91);
#87 = LINE('',#88,#89);
#88 = CARTESIAN_POINT('',(0.,0.));
#89 = VECTOR('',#90,1.);
#90 = DIRECTION('',(1.,0.));
#91 = ( GEOMETRIC_REPRESENTATION_CONTEXT(2) 
PARAMETRIC_REPRESENTATION_CONTEXT() REPRESENTATION_CONTEXT('2D SPACE',''
  ) );
#92 = PCURVE('',#93,#98);
#93 = PLANE('',#94);
#94 = AXIS2_PLACEMENT_3D('',#95,#96,#97);
#95 = CARTESIAN_POINT('',(0.,0.,0.));
#96 = DIRECTION('',(0.,0.,1.));
#97 = DIRECTION('',(1.,0.,0.));
#98 = DEFINITIONAL_REPRESENTATION('',(#99),#103);
#99 = CIRCLE('',#100,9.92);
#100 = AXIS2_PLACEMENT_2D('',#101,#102);
#101 = CARTESIAN_POINT('',(0.,0.));
#102 = DIRECTION('',(1.,0.));
#103 = ( GEOMETRIC_REPRESENTATION_CONTEXT(2) 
PARAMETRIC_REPRESENTATION_CONTEXT() REPRESENTATION_CONTEXT('2D SPACE',''
  ) );
#104 = ORIENTED_EDGE('',*,*,#55,.T.);
#105 = ADVANCED_FACE('',(#106,#109),#43,.T.);
#106 = FACE_BOUND('',#107,.T.);
#107 = EDGE_LOOP('',(#108));
#108 = ORIENTED_EDGE('',*,*,#21,.T.);
#109 = FACE_BOUND('',#110,.T.);
#110 = EDGE_LOOP('',(#111));
#111 = ORIENTED_EDGE('',*,*,#112,.F.);
#112 = EDGE_CURVE('',#113,#113,#115,.T.);
#113 = VERTEX_POINT('',#114);
#114 = CARTESIAN_POINT('',(6.228289727912,1.668865202821,1.191));
#115 = SURFACE_CURVE('',#116,(#240,#367),.PCURVE_S1.);
#116 = B_SPLINE_CURVE_WITH_KNOTS('',3,(#117,#118,#119,#120,#121,#122,
    #123,#124,#125,#126,#127,#128,#129,#130,#131,#132,#133,#134,#135,
    #136,#137,#138,#139,#140,#141,#142,#143,#144,#145,#146,#147,#148,
    #149,#150,#151,#152,#153,#154,#155,#156,#157,#158,#159,#160,#161,
    #162,#163,#164,#165,#166,#167,#168,#169,#170,#171,#172,#173,#174,
    #175,#176,#177,#178,#179,#180,#181,#182,#183,#184,#185,#186,#187,
    #188,#189,#190,#191,#192,#193,#194,#195,#196,#197,#198,#199,#200,
    #201,#202,#203,#204,#205,#206,#207,#208,#209,#210,#211,#212,#213,
    #214,#215,#216,#217,#218,#219,#220,#221,#222,#223,#224,#225,#226,
    #227,#228,#229,#230,#231,#232,#233,#234,#235,#236,#237,#238,#239),
  .UNSPECIFIED.,.T.,.F.,(1,1,2,1,1,1,1,1,1,1,1,1,1,1,1,1,1,1,1,1,1,1,1,1
    ,1,1,1,1,1,1,1,1,1,1,1,1,1,1,1,1,1,1,1,1,1,1,1,1,1,1,1,1,1,1,1,1,1,1
    ,1,1,1,1,1,1,1,1,1,1,1,1,1,1,1,1,1,1,1,1,1,1,1,1,1,1,1,1,1,1,1,1,1,1
    ,1,1,1,1,1,1,1,1,1,1,1,1,1,1,1,1,1,1,1,1,1,1,1,1,1,1,1,1,1,1,2,1,1),
  (-0.909456713406,-0.398464359626,0.,0.398464359626,0.909456713406,
    1.444087438329,1.927623313064,2.344900009621,2.762176706179,
    3.245712580913,3.780343305837,4.291335659616,4.689800019243,
    5.088264378869,5.599256732649,6.133887457572,6.617423332307,
    7.034700028864,7.451976725421,7.935512600156,8.470143325079,
    8.981135678859,9.379600038485,9.778064398111,10.289056751891,
    10.823687476814,11.307223351549,11.724500048106,12.141776744664,
    12.625312619398,13.159943344322,13.670935698101,14.069400057728,
    14.467864417354,14.978856771134,15.513487496057,15.997023370792,
    16.414300067349,16.831576763906,17.315112638641,17.849743363564,
    18.360735717344,18.75920007697,19.157664436597,19.668656790376,
    20.2032875153,20.686823390034,21.104100086592,21.521376783149,
    22.004912657884,22.539543382807,23.050535736587,23.449000096213,
    23.847464455839,24.358456809619,24.893087534542,25.376623409277,
    25.793900105834,26.211176802392,26.694712677126,27.229343402049,
    27.740335755829,28.138800115455,28.537264475082,29.048256828861,
    29.582887553785,30.066423428519,30.483700125077,30.900976821634,
    31.384512696369,31.919143421292,32.430135775072,32.828600134698,
    33.227064494324,33.738056848104,34.272687573027,34.756223447762,
    35.173500144319,35.590776840877,36.074312715611,36.608943440535,
    37.119935794314,37.518400153941,37.916864513567,38.427856867347,
    38.96248759227,39.446023467005,39.863300163562,40.280576860119,
    40.764112734854,41.298743459777,41.809735813557,42.208200173183,
    42.606664532809,43.117656886589,43.652287611512,44.135823486247,
    44.553100182804,44.970376879362,45.453912754096,45.98854347902,
    46.499535832799,46.898000192426,47.296464552052,47.807456905832,
    48.342087630755,48.82562350549,49.242900202047,49.660176898604,
    50.143712773339,50.678343498262,51.189335852042,51.587800211668,
    51.986264571295,52.497256925074,53.031887649998,53.515423524732,
    53.93270022129,54.349976917847,54.833512792582,55.368143517505,
    55.879135871285,56.277600230911,56.676064590537,57.187056944317),
  .UNSPECIFIED.);
#117 = CARTESIAN_POINT('',(6.216150945755,1.532492389055,1.191));
#118 = CARTESIAN_POINT('',(6.240428510069,1.805238016587,1.191));
#119 = CARTESIAN_POINT('',(6.322396149403,2.096160551286,1.191));
#120 = CARTESIAN_POINT('',(6.562262670256,2.517745699993,1.191));
#121 = CARTESIAN_POINT('',(6.765349156215,2.985434892282,1.191));
#122 = CARTESIAN_POINT('',(6.871779669167,3.458997452947,1.191));
#123 = CARTESIAN_POINT('',(6.774175888007,3.911083196072,1.191));
#124 = CARTESIAN_POINT('',(6.431109926841,4.221382272831,1.191));
#125 = CARTESIAN_POINT('',(5.969935775104,4.367487459934,1.191));
#126 = CARTESIAN_POINT('',(5.454194677485,4.419139804902,1.191));
#127 = CARTESIAN_POINT('',(5.000174898132,4.443556802251,1.191));
#128 = CARTESIAN_POINT('',(4.488253327355,4.488253255704,1.191));
#129 = CARTESIAN_POINT('',(4.443557028112,5.000175451069,1.191));
#130 = CARTESIAN_POINT('',(4.419138442509,5.454191790789,1.191));
#131 = CARTESIAN_POINT('',(4.36749259912,5.969946578025,1.191));
#132 = CARTESIAN_POINT('',(4.221366126387,6.431076003454,1.191));
#133 = CARTESIAN_POINT('',(3.911134490973,6.774283653851,1.191));
#134 = CARTESIAN_POINT('',(3.458792129599,6.871348304997,1.191));
#135 = CARTESIAN_POINT('',(2.986379095901,6.767332834758,1.191));
#136 = CARTESIAN_POINT('',(2.513899428007,6.554182032842,1.191));
#137 = CARTESIAN_POINT('',(2.108500445711,6.348321048328,1.191));
#138 = CARTESIAN_POINT('',(1.642814686383,6.131067877003,1.191));
#139 = CARTESIAN_POINT('',(1.348145574287,6.552057522088,1.191));
#140 = CARTESIAN_POINT('',(1.099990249211,6.933037855468,1.191));
#141 = CARTESIAN_POINT('',(0.797386254985,7.353871698734,1.191));
#142 = CARTESIAN_POINT('',(0.440272301896,7.68015825512,1.191));
#143 = CARTESIAN_POINT('',(1.541720006177E-16,7.822268982346,1.191));
#144 = CARTESIAN_POINT('',(-0.440272301896,7.68015825512,1.191));
#145 = CARTESIAN_POINT('',(-0.797386254985,7.353871698734,1.191));
#146 = CARTESIAN_POINT('',(-1.099990249211,6.933037855468,1.191));
#147 = CARTESIAN_POINT('',(-1.348145574287,6.552057522088,1.191));
#148 = CARTESIAN_POINT('',(-1.642814686383,6.131067877003,1.191));
#149 = CARTESIAN_POINT('',(-2.108500445712,6.348321048328,1.191));
#150 = CARTESIAN_POINT('',(-2.513899428002,6.55418203284,1.191));
#151 = CARTESIAN_POINT('',(-2.986379095921,6.767332834768,1.191));
#152 = CARTESIAN_POINT('',(-3.458792129536,6.871348304967,1.191));
#153 = CARTESIAN_POINT('',(-3.911134491173,6.774283653947,1.191));
#154 = CARTESIAN_POINT('',(-4.221366125584,6.431076003071,1.191));
#155 = CARTESIAN_POINT('',(-4.367492602813,5.969946579782,1.191));
#156 = CARTESIAN_POINT('',(-4.419138427466,5.454191783629,1.191));
#157 = CARTESIAN_POINT('',(-4.443557076376,5.000175474042,1.191));
#158 = CARTESIAN_POINT('',(-4.488253190619,4.488253190619,1.191));
#159 = CARTESIAN_POINT('',(-5.000175474042,4.443557076376,1.191));
#160 = CARTESIAN_POINT('',(-5.454191783629,4.419138427466,1.191));
#161 = CARTESIAN_POINT('',(-5.969946579782,4.367492602813,1.191));
#162 = CARTESIAN_POINT('',(-6.431076003071,4.221366125584,1.191));
#163 = CARTESIAN_POINT('',(-6.774283653947,3.911134491173,1.191));
#164 = CARTESIAN_POINT('',(-6.871348304967,3.458792129536,1.191));
#165 = CARTESIAN_POINT('',(-6.767332834768,2.986379095921,1.191));
#166 = CARTESIAN_POINT('',(-6.55418203284,2.513899428002,1.191));
#167 = CARTESIAN_POINT('',(-6.348321048328,2.108500445712,1.191));
#168 = CARTESIAN_POINT('',(-6.131067877003,1.642814686383,1.191));
#169 = CARTESIAN_POINT('',(-6.552057522088,1.348145574287,1.191));
#170 = CARTESIAN_POINT('',(-6.933037855468,1.099990249211,1.191));
#171 = CARTESIAN_POINT('',(-7.353871698734,0.797386254985,1.191));
#172 = CARTESIAN_POINT('',(-7.68015825512,0.440272301896,1.191));
#173 = CARTESIAN_POINT('',(-7.822268982346,-1.389827888692E-15,1.191));
#174 = CARTESIAN_POINT('',(-7.68015825512,-0.440272301896,1.191));
#175 = CARTESIAN_POINT('',(-7.353871698734,-0.797386254985,1.191));
#176 = CARTESIAN_POINT('',(-6.933037855468,-1.099990249211,1.191));
#177 = CARTESIAN_POINT('',(-6.552057522088,-1.348145574287,1.191));
#178 = CARTESIAN_POINT('',(-6.131067877003,-1.642814686383,1.191));
#179 = CARTESIAN_POINT('',(-6.348321048328,-2.108500445712,1.191));
#180 = CARTESIAN_POINT('',(-6.55418203284,-2.513899428002,1.191));
#181 = CARTESIAN_POINT('',(-6.767332834768,-2.986379095921,1.191));
#182 = CARTESIAN_POINT('',(-6.871348304967,-3.458792129536,1.191));
#183 = CARTESIAN_POINT('',(-6.774283653947,-3.911134491173,1.191));
#184 = CARTESIAN_POINT('',(-6.431076003071,-4.221366125584,1.191));
#185 = CARTESIAN_POINT('',(-5.969946579782,-4.367492602813,1.191));
#186 = CARTESIAN_POINT('',(-5.454191783629,-4.419138427466,1.191));
#187 = CARTESIAN_POINT('',(-5.000175474042,-4.443557076376,1.191));
#188 = CARTESIAN_POINT('',(-4.488253190619,-4.488253190619,1.191));
#189 = CARTESIAN_POINT('',(-4.443557076376,-5.000175474042,1.191));
#190 = CARTESIAN_POINT('',(-4.419138427466,-5.454191783629,1.191));
#191 = CARTESIAN_POINT('',(-4.367492602813,-5.969946579782,1.191));
#192 = CARTESIAN_POINT('',(-4.221366125584,-6.431076003071,1.191));
#193 = CARTESIAN_POINT('',(-3.911134491173,-6.774283653947,1.191));
#194 = CARTESIAN_POINT('',(-3.458792129536,-6.871348304967,1.191));
#195 = CARTESIAN_POINT('',(-2.986379095921,-6.767332834768,1.191));
#196 = CARTESIAN_POINT('',(-2.513899428002,-6.55418203284,1.191));
#197 = CARTESIAN_POINT('',(-2.108500445712,-6.348321048328,1.191));
#198 = CARTESIAN_POINT('',(-1.642814686383,-6.131067877003,1.191));
#199 = CARTESIAN_POINT('',(-1.348145574287,-6.552057522088,1.191));
#200 = CARTESIAN_POINT('',(-1.099990249211,-6.933037855468,1.191));
#201 = CARTESIAN_POINT('',(-0.797386254985,-7.353871698734,1.191));
#202 = CARTESIAN_POINT('',(-0.440272301896,-7.68015825512,1.191));
#203 = CARTESIAN_POINT('',(-8.497718247206E-15,-7.822268982346,1.191));
#204 = CARTESIAN_POINT('',(0.440272301896,-7.68015825512,1.191));
#205 = CARTESIAN_POINT('',(0.797386254985,-7.353871698734,1.191));
#206 = CARTESIAN_POINT('',(1.099990249211,-6.933037855468,1.191));
#207 = CARTESIAN_POINT('',(1.348145574287,-6.552057522088,1.191));
#208 = CARTESIAN_POINT('',(1.642814686383,-6.131067877003,1.191));
#209 = CARTESIAN_POINT('',(2.108500445712,-6.348321048328,1.191));
#210 = CARTESIAN_POINT('',(2.513899428002,-6.55418203284,1.191));
#211 = CARTESIAN_POINT('',(2.986379095921,-6.767332834768,1.191));
#212 = CARTESIAN_POINT('',(3.458792129536,-6.871348304967,1.191));
#213 = CARTESIAN_POINT('',(3.911134491173,-6.774283653947,1.191));
#214 = CARTESIAN_POINT('',(4.221366125584,-6.431076003071,1.191));
#215 = CARTESIAN_POINT('',(4.367492602813,-5.969946579782,1.191));
#216 = CARTESIAN_POINT('',(4.419138427466,-5.454191783629,1.191));
#217 = CARTESIAN_POINT('',(4.443557076376,-5.000175474042,1.191));
#218 = CARTESIAN_POINT('',(4.488253190619,-4.488253190619,1.191));
#219 = CARTESIAN_POINT('',(5.000175474043,-4.443557076375,1.191));
#220 = CARTESIAN_POINT('',(5.454191783623,-4.419138427468,1.191));
#221 = CARTESIAN_POINT('',(5.969946579803,-4.367492602803,1.191));
#222 = CARTESIAN_POINT('',(6.431076003008,-4.221366125614,1.191));
#223 = CARTESIAN_POINT('',(6.774283654148,-3.911134491078,1.191));
#224 = CARTESIAN_POINT('',(6.871348304164,-3.458792129918,1.191));
#225 = CARTESIAN_POINT('',(6.76733283846,-2.986379094163,1.191));
#226 = CARTESIAN_POINT('',(6.554182017796,-2.513899435162,1.191));
#227 = CARTESIAN_POINT('',(6.348321096592,-2.108500422739,1.191));
#228 = CARTESIAN_POINT('',(6.131067740267,-1.642814751468,1.191));
#229 = CARTESIAN_POINT('',(6.552058097997,-1.348145300162,1.191));
#230 = CARTESIAN_POINT('',(6.933034961611,-1.099991626647,1.191));
#231 = CARTESIAN_POINT('',(7.353882503413,-0.797381112107,1.191));
#232 = CARTESIAN_POINT('',(7.680124331351,-0.440288449142,1.191));
#233 = CARTESIAN_POINT('',(7.822376748286,5.129510145497E-05,1.191));
#234 = CARTESIAN_POINT('',(7.679726890921,0.440066978484,1.191));
#235 = CARTESIAN_POINT('',(7.355855377286,0.798330458624,1.191));
#236 = CARTESIAN_POINT('',(6.924957218052,1.09614397722,1.191));
#237 = CARTESIAN_POINT('',(6.577982421012,1.360485468713,1.191));
#238 = CARTESIAN_POINT('',(6.216150945755,1.532492389055,1.191));
#239 = CARTESIAN_POINT('',(6.240428510069,1.805238016587,1.191));
#240 = PCURVE('',#43,#241);
#241 = DEFINITIONAL_REPRESENTATION('',(#242),#366);
#242 = B_SPLINE_CURVE_WITH_KNOTS('',3,(#243,#244,#245,#246,#247,#248,
    #249,#250,#251,#252,#253,#254,#255,#256,#257,#258,#259,#260,#261,
    #262,#263,#264,#265,#266,#267,#268,#269,#270,#271,#272,#273,#274,
    #275,#276,#277,#278,#279,#280,#281,#282,#283,#284,#285,#286,#287,
    #288,#289,#290,#291,#292,#293,#294,#295,#296,#297,#298,#299,#300,
    #301,#302,#303,#304,#305,#306,#307,#308,#309,#310,#311,#312,#313,
    #314,#315,#316,#317,#318,#319,#320,#321,#322,#323,#324,#325,#326,
    #327,#328,#329,#330,#331,#332,#333,#334,#335,#336,#337,#338,#339,
    #340,#341,#342,#343,#344,#345,#346,#347,#348,#349,#350,#351,#352,
    #353,#354,#355,#356,#357,#358,#359,#360,#361,#362,#363,#364,#365),
  .UNSPECIFIED.,.F.,.F.,(1,1,2,1,1,1,1,1,1,1,1,1,1,1,1,1,1,1,1,1,1,1,1,1
    ,1,1,1,1,1,1,1,1,1,1,1,1,1,1,1,1,1,1,1,1,1,1,1,1,1,1,1,1,1,1,1,1,1,1
    ,1,1,1,1,1,1,1,1,1,1,1,1,1,1,1,1,1,1,1,1,1,1,1,1,1,1,1,1,1,1,1,1,1,1
    ,1,1,1,1,1,1,1,1,1,1,1,1,1,1,1,1,1,1,1,1,1,1,1,1,1,1,1,1,1,1,2,1,1),
  (-0.909456713406,-0.398464359626,0.,0.398464359626,0.909456713406,
    1.444087438329,1.927623313064,2.344900009621,2.762176706179,
    3.245712580913,3.780343305837,4.291335659616,4.689800019243,
    5.088264378869,5.599256732649,6.133887457572,6.617423332307,
    7.034700028864,7.451976725421,7.935512600156,8.470143325079,
    8.981135678859,9.379600038485,9.778064398111,10.289056751891,
    10.823687476814,11.307223351549,11.724500048106,12.141776744664,
    12.625312619398,13.159943344322,13.670935698101,14.069400057728,
    14.467864417354,14.978856771134,15.513487496057,15.997023370792,
    16.414300067349,16.831576763906,17.315112638641,17.849743363564,
    18.360735717344,18.75920007697,19.157664436597,19.668656790376,
    20.2032875153,20.686823390034,21.104100086592,21.521376783149,
    22.004912657884,22.539543382807,23.050535736587,23.449000096213,
    23.847464455839,24.358456809619,24.893087534542,25.376623409277,
    25.793900105834,26.211176802392,26.694712677126,27.229343402049,
    27.740335755829,28.138800115455,28.537264475082,29.048256828861,
    29.582887553785,30.066423428519,30.483700125077,30.900976821634,
    31.384512696369,31.919143421292,32.430135775072,32.828600134698,
    33.227064494324,33.738056848104,34.272687573027,34.756223447762,
    35.173500144319,35.590776840877,36.074312715611,36.608943440535,
    37.119935794314,37.518400153941,37.916864513567,38.427856867347,
    38.96248759227,39.446023467005,39.863300163562,40.280576860119,
    40.764112734854,41.298743459777,41.809735813557,42.208200173183,
    42.606664532809,43.117656886589,43.652287611512,44.135823486247,
    44.553100182804,44.970376879362,45.453912754096,45.98854347902,
    46.499535832799,46.898000192426,47.296464552052,47.807456905832,
    48.342087630755,48.82562350549,49.242900202047,49.660176898604,
    50.143712773339,50.678343498262,51.189335852042,51.587800211668,
    51.986264571295,52.497256925074,53.031887649998,53.515423524732,
    53.93270022129,54.349976917847,54.833512792582,55.368143517505,
    55.879135871285,56.277600230911,56.676064590537,57.187056944317),
  .UNSPECIFIED.);
#243 = CARTESIAN_POINT('',(6.216150945755,1.532492389055));
#244 = CARTESIAN_POINT('',(6.240428510069,1.805238016587));
#245 = CARTESIAN_POINT('',(6.322396149403,2.096160551286));
#246 = CARTESIAN_POINT('',(6.562262670256,2.517745699993));
#247 = CARTESIAN_POINT('',(6.765349156215,2.985434892282));
#248 = CARTESIAN_POINT('',(6.871779669167,3.458997452947));
#249 = CARTESIAN_POINT('',(6.774175888007,3.911083196072));
#250 = CARTESIAN_POINT('',(6.431109926841,4.221382272831));
#251 = CARTESIAN_POINT('',(5.969935775104,4.367487459934));
#252 = CARTESIAN_POINT('',(5.454194677485,4.419139804902));
#253 = CARTESIAN_POINT('',(5.000174898132,4.443556802251));
#254 = CARTESIAN_POINT('',(4.488253327355,4.488253255704));
#255 = CARTESIAN_POINT('',(4.443557028112,5.000175451069));
#256 = CARTESIAN_POINT('',(4.419138442509,5.454191790789));
#257 = CARTESIAN_POINT('',(4.36749259912,5.969946578025));
#258 = CARTESIAN_POINT('',(4.221366126387,6.431076003454));
#259 = CARTESIAN_POINT('',(3.911134490973,6.774283653851));
#260 = CARTESIAN_POINT('',(3.458792129599,6.871348304997));
#261 = CARTESIAN_POINT('',(2.986379095901,6.767332834758));
#262 = CARTESIAN_POINT('',(2.513899428007,6.554182032842));
#263 = CARTESIAN_POINT('',(2.108500445711,6.348321048328));
#264 = CARTESIAN_POINT('',(1.642814686383,6.131067877003));
#265 = CARTESIAN_POINT('',(1.348145574287,6.552057522088));
#266 = CARTESIAN_POINT('',(1.099990249211,6.933037855468));
#267 = CARTESIAN_POINT('',(0.797386254985,7.353871698734));
#268 = CARTESIAN_POINT('',(0.440272301896,7.68015825512));
#269 = CARTESIAN_POINT('',(1.541720006177E-16,7.822268982346));
#270 = CARTESIAN_POINT('',(-0.440272301896,7.68015825512));
#271 = CARTESIAN_POINT('',(-0.797386254985,7.353871698734));
#272 = CARTESIAN_POINT('',(-1.099990249211,6.933037855468));
#273 = CARTESIAN_POINT('',(-1.348145574287,6.552057522088));
#274 = CARTESIAN_POINT('',(-1.642814686383,6.131067877003));
#275 = CARTESIAN_POINT('',(-2.108500445712,6.348321048328));
#276 = CARTESIAN_POINT('',(-2.513899428002,6.55418203284));
#277 = CARTESIAN_POINT('',(-2.986379095921,6.767332834768));
#278 = CARTESIAN_POINT('',(-3.458792129536,6.871348304967));
#279 = CARTESIAN_POINT('',(-3.911134491173,6.774283653947));
#280 = CARTESIAN_POINT('',(-4.221366125584,6.431076003071));
#281 = CARTESIAN_POINT('',(-4.367492602813,5.969946579782));
#282 = CARTESIAN_POINT('',(-4.419138427466,5.454191783629));
#283 = CARTESIAN_POINT('',(-4.443557076376,5.000175474042));
#284 = CARTESIAN_POINT('',(-4.488253190619,4.488253190619));
#285 = CARTESIAN_POINT('',(-5.000175474042,4.443557076376));
#286 = CARTESIAN_POINT('',(-5.454191783629,4.419138427466));
#287 = CARTESIAN_POINT('',(-5.969946579782,4.367492602813));
#288 = CARTESIAN_POINT('',(-6.431076003071,4.221366125584));
#289 = CARTESIAN_POINT('',(-6.774283653947,3.911134491173));
#290 = CARTESIAN_POINT('',(-6.871348304967,3.458792129536));
#291 = CARTESIAN_POINT('',(-6.767332834768,2.986379095921));
#292 = CARTESIAN_POINT('',(-6.55418203284,2.513899428002));
#293 = CARTESIAN_POINT('',(-6.348321048328,2.108500445712));
#294 = CARTESIAN_POINT('',(-6.131067877003,1.642814686383));
#295 = CARTESIAN_POINT('',(-6.552057522088,1.348145574287));
#296 = CARTESIAN_POINT('',(-6.933037855468,1.099990249211));
#297 = CARTESIAN_POINT('',(-7.353871698734,0.797386254985));
#298 = CARTESIAN_POINT('',(-7.68015825512,0.440272301896));
#299 = CARTESIAN_POINT('',(-7.822268982346,-1.389827888692E-15));
#300 = CARTESIAN_POINT('',(-7.68015825512,-0.440272301896));
#301 = CARTESIAN_POINT('',(-7.353871698734,-0.797386254985));
#302 = CARTESIAN_POINT('',(-6.933037855468,-1.099990249211));
#303 = CARTESIAN_POINT('',(-6.552057522088,-1.348145574287));
#304 = CARTESIAN_POINT('',(-6.131067877003,-1.642814686383));
#305 = CARTESIAN_POINT('',(-6.348321048328,-2.108500445712));
#306 = CARTESIAN_POINT('',(-6.55418203284,-2.513899428002));
#307 = CARTESIAN_POINT('',(-6.767332834768,-2.986379095921));
#308 = CARTESIAN_POINT('',(-6.871348304967,-3.458792129536));
#309 = CARTESIAN_POINT('',(-6.774283653947,-3.911134491173));
#310 = CARTESIAN_POINT('',(-6.431076003071,-4.221366125584));
#311 = CARTESIAN_POINT('',(-5.969946579782,-4.367492602813));
#312 = CARTESIAN_POINT('',(-5.454191783629,-4.419138427466));
#313 = CARTESIAN_POINT('',(-5.000175474042,-4.443557076376));
#314 = CARTESIAN_POINT('',(-4.488253190619,-4.488253190619));
#315 = CARTESIAN_POINT('',(-4.443557076376,-5.000175474042));
#316 = CARTESIAN_POINT('',(-4.419138427466,-5.454191783629));
#317 = CARTESIAN_POINT('',(-4.367492602813,-5.969946579782));
#318 = CARTESIAN_POINT('',(-4.221366125584,-6.431076003071));
#319 = CARTESIAN_POINT('',(-3.911134491173,-6.774283653947));
#320 = CARTESIAN_POINT('',(-3.458792129536,-6.871348304967));
#321 = CARTESIAN_POINT('',(-2.986379095921,-6.767332834768));
#322 = CARTESIAN_POINT('',(-2.513899428002,-6.55418203284));
#323 = CARTESIAN_POINT('',(-2.108500445712,-6.348321048328));
#324 = CARTESIAN_POINT('',(-1.642814686383,-6.131067877003));
#325 = CARTESIAN_POINT('',(-1.348145574287,-6.552057522088));
#326 = CARTESIAN_POINT('',(-1.099990249211,-6.933037855468));
#327 = CARTESIAN_POINT('',(-0.797386254985,-7.353871698734));
#328 = CARTESIAN_POINT('',(-0.440272301896,-7.68015825512));
#329 = CARTESIAN_POINT('',(-8.497718247206E-15,-7.822268982346));
#330 = CARTESIAN_POINT('',(0.440272301896,-7.68015825512));
#331 = CARTESIAN_POINT('',(0.797386254985,-7.353871698734));
#332 = CARTESIAN_POINT('',(1.099990249211,-6.933037855468));
#333 = CARTESIAN_POINT('',(1.348145574287,-6.552057522088));
#334 = CARTESIAN_POINT('',(1.642814686383,-6.131067877003));
#335 = CARTESIAN_POINT('',(2.108500445712,-6.348321048328));
#336 = CARTESIAN_POINT('',(2.513899428002,-6.55418203284));
#337 = CARTESIAN_POINT('',(2.986379095921,-6.767332834768));
#338 = CARTESIAN_POINT('',(3.458792129536,-6.871348304967));
#339 = CARTESIAN_POINT('',(3.911134491173,-6.774283653947));
#340 = CARTESIAN_POINT('',(4.221366125584,-6.431076003071));
#341 = CARTESIAN_POINT('',(4.367492602813,-5.969946579782));
#342 = CARTESIAN_POINT('',(4.419138427466,-5.454191783629));
#343 = CARTESIAN_POINT('',(4.443557076376,-5.000175474042));
#344 = CARTESIAN_POINT('',(4.488253190619,-4.488253190619));
#345 = CARTESIAN_POINT('',(5.000175474043,-4.443557076375));
#346 = CARTESIAN_POINT('',(5.454191783623,-4.419138427468));
#347 = CARTESIAN_POINT('',(5.969946579803,-4.367492602803));
#348 = CARTESIAN_POINT('',(6.431076003008,-4.221366125614));
#349 = CARTESIAN_POINT('',(6.774283654148,-3.911134491078));
#350 = CARTESIAN_POINT('',(6.871348304164,-3.458792129918));
#351 = CARTESIAN_POINT('',(6.76733283846,-2.986379094163));
#352 = CARTESIAN_POINT('',(6.554182017796,-2.513899435162));
#353 = CARTESIAN_POINT('',(6.348321096592,-2.108500422739));
#354 = CARTESIAN_POINT('',(6.131067740267,-1.642814751468));
#355 = CARTESIAN_POINT('',(6.552058097997,-1.348145300162));
#356 = CARTESIAN_POINT('',(6.933034961611,-1.099991626647));
#357 = CARTESIAN_POINT('',(7.353882503413,-0.797381112107));
#358 = CARTESIAN_POINT('',(7.680124331351,-0.440288449142));
#359 = CARTESIAN_POINT('',(7.822376748286,5.129510145497E-05));
#360 = CARTESIAN_POINT('',(7.679726890921,0.440066978484));
#361 = CARTESIAN_POINT('',(7.355855377286,0.798330458624));
#362 = CARTESIAN_POINT('',(6.924957218052,1.09614397722));
#363 = CARTESIAN_POINT('',(6.577982421012,1.360485468713));
#364 = CARTESIAN_POINT('',(6.216150945755,1.532492389055));
#365 = CARTESIAN_POINT('',(6.240428510069,1.805238016587));
#366 = ( GEOMETRIC_REPRESENTATION_CONTEXT(2) 
PARAMETRIC_REPRESENTATION_CONTEXT() REPRESENTATION_CONTEXT('2D SPACE',''
  ) );
#367 = PCURVE('',#368,#495);
#368 = SURFACE_OF_LINEAR_EXTRUSION('',#369,#493);
#369 = B_SPLINE_CURVE_WITH_KNOTS('',3,(#370,#371,#372,#373,#374,#375,
    #376,#377,#378,#379,#380,#381,#382,#383,#384,#385,#386,#387,#388,
    #389,#390,#391,#392,#393,#394,#395,#396,#397,#398,#399,#400,#401,
    #402,#403,#404,#405,#406,#407,#408,#409,#410,#411,#412,#413,#414,
    #415,#416,#417,#418,#419,#420,#421,#422,#423,#424,#425,#426,#427,
    #428,#429,#430,#431,#432,#433,#434,#435,#436,#437,#438,#439,#440,
    #441,#442,#443,#444,#445,#446,#447,#448,#449,#450,#451,#452,#453,
    #454,#455,#456,#457,#458,#459,#460,#461,#462,#463,#464,#465,#466,
    #467,#468,#469,#470,#471,#472,#473,#474,#475,#476,#477,#478,#479,
    #480,#481,#482,#483,#484,#485,#486,#487,#488,#489,#490,#491,#492),
  .UNSPECIFIED.,.T.,.F.,(1,1,2,1,1,1,1,1,1,1,1,1,1,1,1,1,1,1,1,1,1,1,1,1
    ,1,1,1,1,1,1,1,1,1,1,1,1,1,1,1,1,1,1,1,1,1,1,1,1,1,1,1,1,1,1,1,1,1,1
    ,1,1,1,1,1,1,1,1,1,1,1,1,1,1,1,1,1,1,1,1,1,1,1,1,1,1,1,1,1,1,1,1,1,1
    ,1,1,1,1,1,1,1,1,1,1,1,1,1,1,1,1,1,1,1,1,1,1,1,1,1,1,1,1,1,1,2,1,1),
  (-0.909456713406,-0.398464359626,0.,0.398464359626,0.909456713406,
    1.444087438329,1.927623313064,2.344900009621,2.762176706179,
    3.245712580913,3.780343305837,4.291335659616,4.689800019243,
    5.088264378869,5.599256732649,6.133887457572,6.617423332307,
    7.034700028864,7.451976725421,7.935512600156,8.470143325079,
    8.981135678859,9.379600038485,9.778064398111,10.289056751891,
    10.823687476814,11.307223351549,11.724500048106,12.141776744664,
    12.625312619398,13.159943344322,13.670935698101,14.069400057728,
    14.467864417354,14.978856771134,15.513487496057,15.997023370792,
    16.414300067349,16.831576763906,17.315112638641,17.849743363564,
    18.360735717344,18.75920007697,19.157664436597,19.668656790376,
    20.2032875153,20.686823390034,21.104100086592,21.521376783149,
    22.004912657884,22.539543382807,23.050535736587,23.449000096213,
    23.847464455839,24.358456809619,24.893087534542,25.376623409277,
    25.793900105834,26.211176802392,26.694712677126,27.229343402049,
    27.740335755829,28.138800115455,28.537264475082,29.048256828861,
    29.582887553785,30.066423428519,30.483700125077,30.900976821634,
    31.384512696369,31.919143421292,32.430135775072,32.828600134698,
    33.227064494324,33.738056848104,34.272687573027,34.756223447762,
    35.173500144319,35.590776840877,36.074312715611,36.608943440535,
    37.119935794314,37.518400153941,37.916864513567,38.427856867347,
    38.96248759227,39.446023467005,39.863300163562,40.280576860119,
    40.764112734854,41.298743459777,41.809735813557,42.208200173183,
    42.606664532809,43.117656886589,43.652287611512,44.135823486247,
    44.553100182804,44.970376879362,45.453912754096,45.98854347902,
    46.499535832799,46.898000192426,47.296464552052,47.807456905832,
    48.342087630755,48.82562350549,49.242900202047,49.660176898604,
    50.143712773339,50.678343498262,51.189335852042,51.587800211668,
    51.986264571295,52.497256925074,53.031887649998,53.515423524732,
    53.93270022129,54.349976917847,54.833512792582,55.368143517505,
    55.879135871285,56.277600230911,56.676064590537,57.187056944317),
  .UNSPECIFIED.);
#370 = CARTESIAN_POINT('',(6.216150945755,1.532492389055,1.191));
#371 = CARTESIAN_POINT('',(6.240428510069,1.805238016587,1.191));
#372 = CARTESIAN_POINT('',(6.322396149403,2.096160551286,1.191));
#373 = CARTESIAN_POINT('',(6.562262670256,2.517745699993,1.191));
#374 = CARTESIAN_POINT('',(6.765349156215,2.985434892282,1.191));
#375 = CARTESIAN_POINT('',(6.871779669167,3.458997452947,1.191));
#376 = CARTESIAN_POINT('',(6.774175888007,3.911083196072,1.191));
#377 = CARTESIAN_POINT('',(6.431109926841,4.221382272831,1.191));
#378 = CARTESIAN_POINT('',(5.969935775104,4.367487459934,1.191));
#379 = CARTESIAN_POINT('',(5.454194677485,4.419139804902,1.191));
#380 = CARTESIAN_POINT('',(5.000174898132,4.443556802251,1.191));
#381 = CARTESIAN_POINT('',(4.488253327355,4.488253255704,1.191));
#382 = CARTESIAN_POINT('',(4.443557028112,5.000175451069,1.191));
#383 = CARTESIAN_POINT('',(4.419138442509,5.454191790789,1.191));
#384 = CARTESIAN_POINT('',(4.36749259912,5.969946578025,1.191));
#385 = CARTESIAN_POINT('',(4.221366126387,6.431076003454,1.191));
#386 = CARTESIAN_POINT('',(3.911134490973,6.774283653851,1.191));
#387 = CARTESIAN_POINT('',(3.458792129599,6.871348304997,1.191));
#388 = CARTESIAN_POINT('',(2.986379095901,6.767332834758,1.191));
#389 = CARTESIAN_POINT('',(2.513899428007,6.554182032842,1.191));
#390 = CARTESIAN_POINT('',(2.108500445711,6.348321048328,1.191));
#391 = CARTESIAN_POINT('',(1.642814686383,6.131067877003,1.191));
#392 = CARTESIAN_POINT('',(1.348145574287,6.552057522088,1.191));
#393 = CARTESIAN_POINT('',(1.099990249211,6.933037855468,1.191));
#394 = CARTESIAN_POINT('',(0.797386254985,7.353871698734,1.191));
#395 = CARTESIAN_POINT('',(0.440272301896,7.68015825512,1.191));
#396 = CARTESIAN_POINT('',(1.541720006177E-16,7.822268982346,1.191));
#397 = CARTESIAN_POINT('',(-0.440272301896,7.68015825512,1.191));
#398 = CARTESIAN_POINT('',(-0.797386254985,7.353871698734,1.191));
#399 = CARTESIAN_POINT('',(-1.099990249211,6.933037855468,1.191));
#400 = CARTESIAN_POINT('',(-1.348145574287,6.552057522088,1.191));
#401 = CARTESIAN_POINT('',(-1.642814686383,6.131067877003,1.191));
#402 = CARTESIAN_POINT('',(-2.108500445712,6.348321048328,1.191));
#403 = CARTESIAN_POINT('',(-2.513899428002,6.55418203284,1.191));
#404 = CARTESIAN_POINT('',(-2.986379095921,6.767332834768,1.191));
#405 = CARTESIAN_POINT('',(-3.458792129536,6.871348304967,1.191));
#406 = CARTESIAN_POINT('',(-3.911134491173,6.774283653947,1.191));
#407 = CARTESIAN_POINT('',(-4.221366125584,6.431076003071,1.191));
#408 = CARTESIAN_POINT('',(-4.367492602813,5.969946579782,1.191));
#409 = CARTESIAN_POINT('',(-4.419138427466,5.454191783629,1.191));
#410 = CARTESIAN_POINT('',(-4.443557076376,5.000175474042,1.191));
#411 = CARTESIAN_POINT('',(-4.488253190619,4.488253190619,1.191));
#412 = CARTESIAN_POINT('',(-5.000175474042,4.443557076376,1.191));
#413 = CARTESIAN_POINT('',(-5.454191783629,4.419138427466,1.191));
#414 = CARTESIAN_POINT('',(-5.969946579782,4.367492602813,1.191));
#415 = CARTESIAN_POINT('',(-6.431076003071,4.221366125584,1.191));
#416 = CARTESIAN_POINT('',(-6.774283653947,3.911134491173,1.191));
#417 = CARTESIAN_POINT('',(-6.871348304967,3.458792129536,1.191));
#418 = CARTESIAN_POINT('',(-6.767332834768,2.986379095921,1.191));
#419 = CARTESIAN_POINT('',(-6.55418203284,2.513899428002,1.191));
#420 = CARTESIAN_POINT('',(-6.348321048328,2.108500445712,1.191));
#421 = CARTESIAN_POINT('',(-6.131067877003,1.642814686383,1.191));
#422 = CARTESIAN_POINT('',(-6.552057522088,1.348145574287,1.191));
#423 = CARTESIAN_POINT('',(-6.933037855468,1.099990249211,1.191));
#424 = CARTESIAN_POINT('',(-7.353871698734,0.797386254985,1.191));
#425 = CARTESIAN_POINT('',(-7.68015825512,0.440272301896,1.191));
#426 = CARTESIAN_POINT('',(-7.822268982346,-1.389827888692E-15,1.191));
#427 = CARTESIAN_POINT('',(-7.68015825512,-0.440272301896,1.191));
#428 = CARTESIAN_POINT('',(-7.353871698734,-0.797386254985,1.191));
#429 = CARTESIAN_POINT('',(-6.933037855468,-1.099990249211,1.191));
#430 = CARTESIAN_POINT('',(-6.552057522088,-1.348145574287,1.191));
#431 = CARTESIAN_POINT('',(-6.131067877003,-1.642814686383,1.191));
#432 = CARTESIAN_POINT('',(-6.348321048328,-2.108500445712,1.191));
#433 = CARTESIAN_POINT('',(-6.55418203284,-2.513899428002,1.191));
#434 = CARTESIAN_POINT('',(-6.767332834768,-2.986379095921,1.191));
#435 = CARTESIAN_POINT('',(-6.871348304967,-3.458792129536,1.191));
#436 = CARTESIAN_POINT('',(-6.774283653947,-3.911134491173,1.191));
#437 = CARTESIAN_POINT('',(-6.431076003071,-4.221366125584,1.191));
#438 = CARTESIAN_POINT('',(-5.969946579782,-4.367492602813,1.191));
#439 = CARTESIAN_POINT('',(-5.454191783629,-4.419138427466,1.191));
#440 = CARTESIAN_POINT('',(-5.000175474042,-4.443557076376,1.191));
#441 = CARTESIAN_POINT('',(-4.488253190619,-4.488253190619,1.191));
#442 = CARTESIAN_POINT('',(-4.443557076376,-5.000175474042,1.191));
#443 = CARTESIAN_POINT('',(-4.419138427466,-5.454191783629,1.191));
#444 = CARTESIAN_POINT('',(-4.367492602813,-5.969946579782,1.191));
#445 = CARTESIAN_POINT('',(-4.221366125584,-6.431076003071,1.191));
#446 = CARTESIAN_POINT('',(-3.911134491173,-6.774283653947,1.191));
#447 = CARTESIAN_POINT('',(-3.458792129536,-6.871348304967,1.191));
#448 = CARTESIAN_POINT('',(-2.986379095921,-6.767332834768,1.191));
#449 = CARTESIAN_POINT('',(-2.513899428002,-6.55418203284,1.191));
#450 = CARTESIAN_POINT('',(-2.108500445712,-6.348321048328,1.191));
#451 = CARTESIAN_POINT('',(-1.642814686383,-6.131067877003,1.191));
#452 = CARTESIAN_POINT('',(-1.348145574287,-6.552057522088,1.191));
#453 = CARTESIAN_POINT('',(-1.099990249211,-6.933037855468,1.191));
#454 = CARTESIAN_POINT('',(-0.797386254985,-7.353871698734,1.191));
#455 = CARTESIAN_POINT('',(-0.440272301896,-7.68015825512,1.191));
#456 = CARTESIAN_POINT('',(-8.497718247206E-15,-7.822268982346,1.191));
#457 = CARTESIAN_POINT('',(0.440272301896,-7.68015825512,1.191));
#458 = CARTESIAN_POINT('',(0.797386254985,-7.353871698734,1.191));
#459 = CARTESIAN_POINT('',(1.099990249211,-6.933037855468,1.191));
#460 = CARTESIAN_POINT('',(1.348145574287,-6.552057522088,1.191));
#461 = CARTESIAN_POINT('',(1.642814686383,-6.131067877003,1.191));
#462 = CARTESIAN_POINT('',(2.108500445712,-6.348321048328,1.191));
#463 = CARTESIAN_POINT('',(2.513899428002,-6.55418203284,1.191));
#464 = CARTESIAN_POINT('',(2.986379095921,-6.767332834768,1.191));
#465 = CARTESIAN_POINT('',(3.458792129536,-6.871348304967,1.191));
#466 = CARTESIAN_POINT('',(3.911134491173,-6.774283653947,1.191));
#467 = CARTESIAN_POINT('',(4.221366125584,-6.431076003071,1.191));
#468 = CARTESIAN_POINT('',(4.367492602813,-5.969946579782,1.191));
#469 = CARTESIAN_POINT('',(4.419138427466,-5.454191783629,1.191));
#470 = CARTESIAN_POINT('',(4.443557076376,-5.000175474042,1.191));
#471 = CARTESIAN_POINT('',(4.488253190619,-4.488253190619,1.191));
#472 = CARTESIAN_POINT('',(5.000175474043,-4.443557076375,1.191));
#473 = CARTESIAN_POINT('',(5.454191783623,-4.419138427468,1.191));
#474 = CARTESIAN_POINT('',(5.969946579803,-4.367492602803,1.191));
#475 = CARTESIAN_POINT('',(6.431076003008,-4.221366125614,1.191));
#476 = CARTESIAN_POINT('',(6.774283654148,-3.911134491078,1.191));
#477 = CARTESIAN_POINT('',(6.871348304164,-3.458792129918,1.191));
#478 = CARTESIAN_POINT('',(6.76733283846,-2.986379094163,1.191));
#479 = CARTESIAN_POINT('',(6.554182017796,-2.513899435162,1.191));
#480 = CARTESIAN_POINT('',(6.348321096592,-2.108500422739,1.191));
#481 = CARTESIAN_POINT('',(6.131067740267,-1.642814751468,1.191));
#482 = CARTESIAN_POINT('',(6.552058097997,-1.348145300162,1.191));
#483 = CARTESIAN_POINT('',(6.933034961611,-1.099991626647,1.191));
#484 = CARTESIAN_POINT('',(7.353882503413,-0.797381112107,1.191));
#485 = CARTESIAN_POINT('',(7.680124331351,-0.440288449142,1.191));
#486 = CARTESIAN_POINT('',(7.822376748286,5.129510145497E-05,1.191));
#487 = CARTESIAN_POINT('',(7.679726890921,0.440066978484,1.191));
#488 = CARTESIAN_POINT('',(7.355855377286,0.798330458624,1.191));
#489 = CARTESIAN_POINT('',(6.924957218052,1.09614397722,1.191));
#490 = CARTESIAN_POINT('',(6.577982421012,1.360485468713,1.191));
#491 = CARTESIAN_POINT('',(6.216150945755,1.532492389055,1.191));
#492 = CARTESIAN_POINT('',(6.240428510069,1.805238016587,1.191));
#493 = VECTOR('',#494,1.);
#494 = DIRECTION('',(-0.,-0.,-1.));
#495 = DEFINITIONAL_REPRESENTATION('',(#496),#500);
#496 = LINE('',#497,#498);
#497 = CARTESIAN_POINT('',(0.,0.));
#498 = VECTOR('',#499,1.);
#499 = DIRECTION('',(1.,0.));
#500 = ( GEOMETRIC_REPRESENTATION_CONTEXT(2) 
PARAMETRIC_REPRESENTATION_CONTEXT() REPRESENTATION_CONTEXT('2D SPACE',''
  ) );
#501 = ADVANCED_FACE('',(#502,#505),#93,.F.);
#502 = FACE_BOUND('',#503,.F.);
#503 = EDGE_LOOP('',(#504));
#504 = ORIENTED_EDGE('',*,*,#78,.T.);
#505 = FACE_BOUND('',#506,.F.);
#506 = EDGE_LOOP('',(#507));
#507 = ORIENTED_EDGE('',*,*,#508,.F.);
#508 = EDGE_CURVE('',#509,#509,#511,.T.);
#509 = VERTEX_POINT('',#510);
#510 = CARTESIAN_POINT('',(3.175,-7.776507174586E-16,0.));
#511 = SURFACE_CURVE('',#512,(#517,#524),.PCURVE_S1.);
#512 = CIRCLE('',#513,3.175);
#513 = AXIS2_PLACEMENT_3D('',#514,#515,#516);
#514 = CARTESIAN_POINT('',(0.,0.,0.));
#515 = DIRECTION('',(0.,0.,1.));
#516 = DIRECTION('',(1.,0.,-0.));
#517 = PCURVE('',#93,#518);
#518 = DEFINITIONAL_REPRESENTATION('',(#519),#523);
#519 = CIRCLE('',#520,3.175);
#520 = AXIS2_PLACEMENT_2D('',#521,#522);
#521 = CARTESIAN_POINT('',(0.,0.));
#522 = DIRECTION('',(1.,0.));
#523 = ( GEOMETRIC_REPRESENTATION_CONTEXT(2) 
PARAMETRIC_REPRESENTATION_CONTEXT() REPRESENTATION_CONTEXT('2D SPACE',''
  ) );
#524 = PCURVE('',#525,#530);
#525 = CYLINDRICAL_SURFACE('',#526,3.175);
#526 = AXIS2_PLACEMENT_3D('',#527,#528,#529);
#527 = CARTESIAN_POINT('',(0.,0.,-0.8));
#528 = DIRECTION('',(0.,0.,1.));
#529 = DIRECTION('',(1.,0.,0.));
#530 = DEFINITIONAL_REPRESENTATION('',(#531),#535);
#531 = LINE('',#532,#533);
#532 = CARTESIAN_POINT('',(0.,0.8));
#533 = VECTOR('',#534,1.);
#534 = DIRECTION('',(1.,0.));
#535 = ( GEOMETRIC_REPRESENTATION_CONTEXT(2) 
PARAMETRIC_REPRESENTATION_CONTEXT() REPRESENTATION_CONTEXT('2D SPACE',''
  ) );
#536 = ADVANCED_FACE('',(#537,#1537),#368,.F.);
#537 = FACE_BOUND('',#538,.F.);
#538 = EDGE_LOOP('',(#539,#562,#563,#564));
#539 = ORIENTED_EDGE('',*,*,#540,.F.);
#540 = EDGE_CURVE('',#113,#541,#543,.T.);
#541 = VERTEX_POINT('',#542);
#542 = CARTESIAN_POINT('',(6.228289727912,1.668865202821,11.91));
#543 = SEAM_CURVE('',#544,(#548,#555),.PCURVE_S1.);
#544 = LINE('',#545,#546);
#545 = CARTESIAN_POINT('',(6.228289727912,1.668865202821,1.191));
#546 = VECTOR('',#547,1.);
#547 = DIRECTION('',(0.,0.,1.));
#548 = PCURVE('',#368,#549);
#549 = DEFINITIONAL_REPRESENTATION('',(#550),#554);
#550 = LINE('',#551,#552);
#551 = CARTESIAN_POINT('',(56.277600230911,0.));
#552 = VECTOR('',#553,1.);
#553 = DIRECTION('',(0.,-1.));
#554 = ( GEOMETRIC_REPRESENTATION_CONTEXT(2) 
PARAMETRIC_REPRESENTATION_CONTEXT() REPRESENTATION_CONTEXT('2D SPACE',''
  ) );
#555 = PCURVE('',#368,#556);
#556 = DEFINITIONAL_REPRESENTATION('',(#557),#561);
#557 = LINE('',#558,#559);
#558 = CARTESIAN_POINT('',(0.,0.));
#559 = VECTOR('',#560,1.);
#560 = DIRECTION('',(0.,-1.));
#561 = ( GEOMETRIC_REPRESENTATION_CONTEXT(2) 
PARAMETRIC_REPRESENTATION_CONTEXT() REPRESENTATION_CONTEXT('2D SPACE',''
  ) );
#562 = ORIENTED_EDGE('',*,*,#112,.F.);
#563 = ORIENTED_EDGE('',*,*,#540,.T.);
#564 = ORIENTED_EDGE('',*,*,#565,.T.);
#565 = EDGE_CURVE('',#541,#541,#566,.T.);
#566 = SURFACE_CURVE('',#567,(#691,#698),.PCURVE_S1.);
#567 = B_SPLINE_CURVE_WITH_KNOTS('',3,(#568,#569,#570,#571,#572,#573,
    #574,#575,#576,#577,#578,#579,#580,#581,#582,#583,#584,#585,#586,
    #587,#588,#589,#590,#591,#592,#593,#594,#595,#596,#597,#598,#599,
    #600,#601,#602,#603,#604,#605,#606,#607,#608,#609,#610,#611,#612,
    #613,#614,#615,#616,#617,#618,#619,#620,#621,#622,#623,#624,#625,
    #626,#627,#628,#629,#630,#631,#632,#633,#634,#635,#636,#637,#638,
    #639,#640,#641,#642,#643,#644,#645,#646,#647,#648,#649,#650,#651,
    #652,#653,#654,#655,#656,#657,#658,#659,#660,#661,#662,#663,#664,
    #665,#666,#667,#668,#669,#670,#671,#672,#673,#674,#675,#676,#677,
    #678,#679,#680,#681,#682,#683,#684,#685,#686,#687,#688,#689,#690),
  .UNSPECIFIED.,.T.,.F.,(1,1,2,1,1,1,1,1,1,1,1,1,1,1,1,1,1,1,1,1,1,1,1,1
    ,1,1,1,1,1,1,1,1,1,1,1,1,1,1,1,1,1,1,1,1,1,1,1,1,1,1,1,1,1,1,1,1,1,1
    ,1,1,1,1,1,1,1,1,1,1,1,1,1,1,1,1,1,1,1,1,1,1,1,1,1,1,1,1,1,1,1,1,1,1
    ,1,1,1,1,1,1,1,1,1,1,1,1,1,1,1,1,1,1,1,1,1,1,1,1,1,1,1,1,1,1,2,1,1),
  (-0.909456713406,-0.398464359626,0.,0.398464359626,0.909456713406,
    1.444087438329,1.927623313064,2.344900009621,2.762176706179,
    3.245712580913,3.780343305837,4.291335659616,4.689800019243,
    5.088264378869,5.599256732649,6.133887457572,6.617423332307,
    7.034700028864,7.451976725421,7.935512600156,8.470143325079,
    8.981135678859,9.379600038485,9.778064398111,10.289056751891,
    10.823687476814,11.307223351549,11.724500048106,12.141776744664,
    12.625312619398,13.159943344322,13.670935698101,14.069400057728,
    14.467864417354,14.978856771134,15.513487496057,15.997023370792,
    16.414300067349,16.831576763906,17.315112638641,17.849743363564,
    18.360735717344,18.75920007697,19.157664436597,19.668656790376,
    20.2032875153,20.686823390034,21.104100086592,21.521376783149,
    22.004912657884,22.539543382807,23.050535736587,23.449000096213,
    23.847464455839,24.358456809619,24.893087534542,25.376623409277,
    25.793900105834,26.211176802392,26.694712677126,27.229343402049,
    27.740335755829,28.138800115455,28.537264475082,29.048256828861,
    29.582887553785,30.066423428519,30.483700125077,30.900976821634,
    31.384512696369,31.919143421292,32.430135775072,32.828600134698,
    33.227064494324,33.738056848104,34.272687573027,34.756223447762,
    35.173500144319,35.590776840877,36.074312715611,36.608943440535,
    37.119935794314,37.518400153941,37.916864513567,38.427856867347,
    38.96248759227,39.446023467005,39.863300163562,40.280576860119,
    40.764112734854,41.298743459777,41.809735813557,42.208200173183,
    42.606664532809,43.117656886589,43.652287611512,44.135823486247,
    44.553100182804,44.970376879362,45.453912754096,45.98854347902,
    46.499535832799,46.898000192426,47.296464552052,47.807456905832,
    48.342087630755,48.82562350549,49.242900202047,49.660176898604,
    50.143712773339,50.678343498262,51.189335852042,51.587800211668,
    51.986264571295,52.497256925074,53.031887649998,53.515423524732,
    53.93270022129,54.349976917847,54.833512792582,55.368143517505,
    55.879135871285,56.277600230911,56.676064590537,57.187056944317),
  .UNSPECIFIED.);
#568 = CARTESIAN_POINT('',(6.216150945755,1.532492389055,11.91));
#569 = CARTESIAN_POINT('',(6.240428510069,1.805238016587,11.91));
#570 = CARTESIAN_POINT('',(6.322396149403,2.096160551286,11.91));
#571 = CARTESIAN_POINT('',(6.562262670256,2.517745699993,11.91));
#572 = CARTESIAN_POINT('',(6.765349156215,2.985434892282,11.91));
#573 = CARTESIAN_POINT('',(6.871779669167,3.458997452947,11.91));
#574 = CARTESIAN_POINT('',(6.774175888007,3.911083196072,11.91));
#575 = CARTESIAN_POINT('',(6.431109926841,4.221382272831,11.91));
#576 = CARTESIAN_POINT('',(5.969935775104,4.367487459934,11.91));
#577 = CARTESIAN_POINT('',(5.454194677485,4.419139804902,11.91));
#578 = CARTESIAN_POINT('',(5.000174898132,4.443556802251,11.91));
#579 = CARTESIAN_POINT('',(4.488253327355,4.488253255704,11.91));
#580 = CARTESIAN_POINT('',(4.443557028112,5.000175451069,11.91));
#581 = CARTESIAN_POINT('',(4.419138442509,5.454191790789,11.91));
#582 = CARTESIAN_POINT('',(4.36749259912,5.969946578025,11.91));
#583 = CARTESIAN_POINT('',(4.221366126387,6.431076003454,11.91));
#584 = CARTESIAN_POINT('',(3.911134490973,6.774283653851,11.91));
#585 = CARTESIAN_POINT('',(3.458792129599,6.871348304997,11.91));
#586 = CARTESIAN_POINT('',(2.986379095901,6.767332834758,11.91));
#587 = CARTESIAN_POINT('',(2.513899428007,6.554182032842,11.91));
#588 = CARTESIAN_POINT('',(2.108500445711,6.348321048328,11.91));
#589 = CARTESIAN_POINT('',(1.642814686383,6.131067877003,11.91));
#590 = CARTESIAN_POINT('',(1.348145574287,6.552057522088,11.91));
#591 = CARTESIAN_POINT('',(1.099990249211,6.933037855468,11.91));
#592 = CARTESIAN_POINT('',(0.797386254985,7.353871698734,11.91));
#593 = CARTESIAN_POINT('',(0.440272301896,7.68015825512,11.91));
#594 = CARTESIAN_POINT('',(1.541720006177E-16,7.822268982346,11.91));
#595 = CARTESIAN_POINT('',(-0.440272301896,7.68015825512,11.91));
#596 = CARTESIAN_POINT('',(-0.797386254985,7.353871698734,11.91));
#597 = CARTESIAN_POINT('',(-1.099990249211,6.933037855468,11.91));
#598 = CARTESIAN_POINT('',(-1.348145574287,6.552057522088,11.91));
#599 = CARTESIAN_POINT('',(-1.642814686383,6.131067877003,11.91));
#600 = CARTESIAN_POINT('',(-2.108500445712,6.348321048328,11.91));
#601 = CARTESIAN_POINT('',(-2.513899428002,6.55418203284,11.91));
#602 = CARTESIAN_POINT('',(-2.986379095921,6.767332834768,11.91));
#603 = CARTESIAN_POINT('',(-3.458792129536,6.871348304967,11.91));
#604 = CARTESIAN_POINT('',(-3.911134491173,6.774283653947,11.91));
#605 = CARTESIAN_POINT('',(-4.221366125584,6.431076003071,11.91));
#606 = CARTESIAN_POINT('',(-4.367492602813,5.969946579782,11.91));
#607 = CARTESIAN_POINT('',(-4.419138427466,5.454191783629,11.91));
#608 = CARTESIAN_POINT('',(-4.443557076376,5.000175474042,11.91));
#609 = CARTESIAN_POINT('',(-4.488253190619,4.488253190619,11.91));
#610 = CARTESIAN_POINT('',(-5.000175474042,4.443557076376,11.91));
#611 = CARTESIAN_POINT('',(-5.454191783629,4.419138427466,11.91));
#612 = CARTESIAN_POINT('',(-5.969946579782,4.367492602813,11.91));
#613 = CARTESIAN_POINT('',(-6.431076003071,4.221366125584,11.91));
#614 = CARTESIAN_POINT('',(-6.774283653947,3.911134491173,11.91));
#615 = CARTESIAN_POINT('',(-6.871348304967,3.458792129536,11.91));
#616 = CARTESIAN_POINT('',(-6.767332834768,2.986379095921,11.91));
#617 = CARTESIAN_POINT('',(-6.55418203284,2.513899428002,11.91));
#618 = CARTESIAN_POINT('',(-6.348321048328,2.108500445712,11.91));
#619 = CARTESIAN_POINT('',(-6.131067877003,1.642814686383,11.91));
#620 = CARTESIAN_POINT('',(-6.552057522088,1.348145574287,11.91));
#621 = CARTESIAN_POINT('',(-6.933037855468,1.099990249211,11.91));
#622 = CARTESIAN_POINT('',(-7.353871698734,0.797386254985,11.91));
#623 = CARTESIAN_POINT('',(-7.68015825512,0.440272301896,11.91));
#624 = CARTESIAN_POINT('',(-7.822268982346,-1.389827888692E-15,11.91));
#625 = CARTESIAN_POINT('',(-7.68015825512,-0.440272301896,11.91));
#626 = CARTESIAN_POINT('',(-7.353871698734,-0.797386254985,11.91));
#627 = CARTESIAN_POINT('',(-6.933037855468,-1.099990249211,11.91));
#628 = CARTESIAN_POINT('',(-6.552057522088,-1.348145574287,11.91));
#629 = CARTESIAN_POINT('',(-6.131067877003,-1.642814686383,11.91));
#630 = CARTESIAN_POINT('',(-6.348321048328,-2.108500445712,11.91));
#631 = CARTESIAN_POINT('',(-6.55418203284,-2.513899428002,11.91));
#632 = CARTESIAN_POINT('',(-6.767332834768,-2.986379095921,11.91));
#633 = CARTESIAN_POINT('',(-6.871348304967,-3.458792129536,11.91));
#634 = CARTESIAN_POINT('',(-6.774283653947,-3.911134491173,11.91));
#635 = CARTESIAN_POINT('',(-6.431076003071,-4.221366125584,11.91));
#636 = CARTESIAN_POINT('',(-5.969946579782,-4.367492602813,11.91));
#637 = CARTESIAN_POINT('',(-5.454191783629,-4.419138427466,11.91));
#638 = CARTESIAN_POINT('',(-5.000175474042,-4.443557076376,11.91));
#639 = CARTESIAN_POINT('',(-4.488253190619,-4.488253190619,11.91));
#640 = CARTESIAN_POINT('',(-4.443557076376,-5.000175474042,11.91));
#641 = CARTESIAN_POINT('',(-4.419138427466,-5.454191783629,11.91));
#642 = CARTESIAN_POINT('',(-4.367492602813,-5.969946579782,11.91));
#643 = CARTESIAN_POINT('',(-4.221366125584,-6.431076003071,11.91));
#644 = CARTESIAN_POINT('',(-3.911134491173,-6.774283653947,11.91));
#645 = CARTESIAN_POINT('',(-3.458792129536,-6.871348304967,11.91));
#646 = CARTESIAN_POINT('',(-2.986379095921,-6.767332834768,11.91));
#647 = CARTESIAN_POINT('',(-2.513899428002,-6.55418203284,11.91));
#648 = CARTESIAN_POINT('',(-2.108500445712,-6.348321048328,11.91));
#649 = CARTESIAN_POINT('',(-1.642814686383,-6.131067877003,11.91));
#650 = CARTESIAN_POINT('',(-1.348145574287,-6.552057522088,11.91));
#651 = CARTESIAN_POINT('',(-1.099990249211,-6.933037855468,11.91));
#652 = CARTESIAN_POINT('',(-0.797386254985,-7.353871698734,11.91));
#653 = CARTESIAN_POINT('',(-0.440272301896,-7.68015825512,11.91));
#654 = CARTESIAN_POINT('',(-8.497718247206E-15,-7.822268982346,11.91));
#655 = CARTESIAN_POINT('',(0.440272301896,-7.68015825512,11.91));
#656 = CARTESIAN_POINT('',(0.797386254985,-7.353871698734,11.91));
#657 = CARTESIAN_POINT('',(1.099990249211,-6.933037855468,11.91));
#658 = CARTESIAN_POINT('',(1.348145574287,-6.552057522088,11.91));
#659 = CARTESIAN_POINT('',(1.642814686383,-6.131067877003,11.91));
#660 = CARTESIAN_POINT('',(2.108500445712,-6.348321048328,11.91));
#661 = CARTESIAN_POINT('',(2.513899428002,-6.55418203284,11.91));
#662 = CARTESIAN_POINT('',(2.986379095921,-6.767332834768,11.91));
#663 = CARTESIAN_POINT('',(3.458792129536,-6.871348304967,11.91));
#664 = CARTESIAN_POINT('',(3.911134491173,-6.774283653947,11.91));
#665 = CARTESIAN_POINT('',(4.221366125584,-6.431076003071,11.91));
#666 = CARTESIAN_POINT('',(4.367492602813,-5.969946579782,11.91));
#667 = CARTESIAN_POINT('',(4.419138427466,-5.454191783629,11.91));
#668 = CARTESIAN_POINT('',(4.443557076376,-5.000175474042,11.91));
#669 = CARTESIAN_POINT('',(4.488253190619,-4.488253190619,11.91));
#670 = CARTESIAN_POINT('',(5.000175474043,-4.443557076375,11.91));
#671 = CARTESIAN_POINT('',(5.454191783623,-4.419138427468,11.91));
#672 = CARTESIAN_POINT('',(5.969946579803,-4.367492602803,11.91));
#673 = CARTESIAN_POINT('',(6.431076003008,-4.221366125614,11.91));
#674 = CARTESIAN_POINT('',(6.774283654148,-3.911134491078,11.91));
#675 = CARTESIAN_POINT('',(6.871348304164,-3.458792129918,11.91));
#676 = CARTESIAN_POINT('',(6.76733283846,-2.986379094163,11.91));
#677 = CARTESIAN_POINT('',(6.554182017796,-2.513899435162,11.91));
#678 = CARTESIAN_POINT('',(6.348321096592,-2.108500422739,11.91));
#679 = CARTESIAN_POINT('',(6.131067740267,-1.642814751468,11.91));
#680 = CARTESIAN_POINT('',(6.552058097997,-1.348145300162,11.91));
#681 = CARTESIAN_POINT('',(6.933034961611,-1.099991626647,11.91));
#682 = CARTESIAN_POINT('',(7.353882503413,-0.797381112107,11.91));
#683 = CARTESIAN_POINT('',(7.680124331351,-0.440288449142,11.91));
#684 = CARTESIAN_POINT('',(7.822376748286,5.129510145497E-05,11.91));
#685 = CARTESIAN_POINT('',(7.679726890921,0.440066978484,11.91));
#686 = CARTESIAN_POINT('',(7.355855377286,0.798330458624,11.91));
#687 = CARTESIAN_POINT('',(6.924957218052,1.09614397722,11.91));
#688 = CARTESIAN_POINT('',(6.577982421012,1.360485468713,11.91));
#689 = CARTESIAN_POINT('',(6.216150945755,1.532492389055,11.91));
#690 = CARTESIAN_POINT('',(6.240428510069,1.805238016587,11.91));
#691 = PCURVE('',#368,#692);
#692 = DEFINITIONAL_REPRESENTATION('',(#693),#697);
#693 = LINE('',#694,#695);
#694 = CARTESIAN_POINT('',(0.,-10.719));
#695 = VECTOR('',#696,1.);
#696 = DIRECTION('',(1.,0.));
#697 = ( GEOMETRIC_REPRESENTATION_CONTEXT(2) 
PARAMETRIC_REPRESENTATION_CONTEXT() REPRESENTATION_CONTEXT('2D SPACE',''
  ) );
#698 = PCURVE('',#699,#749);
#699 = B_SPLINE_SURFACE_WITH_KNOTS('',6,6,(
    (#700,#701,#702,#703,#704,#705,#706)
    ,(#707,#708,#709,#710,#711,#712,#713)
    ,(#714,#715,#716,#717,#718,#719,#720)
    ,(#721,#722,#723,#724,#725,#726,#727)
    ,(#728,#729,#730,#731,#732,#733,#734)
    ,(#735,#736,#737,#738,#739,#740,#741)
    ,(#742,#743,#744,#745,#746,#747,#748
    )),.UNSPECIFIED.,.F.,.F.,.F.,(7,7),(7,7),(-8.286020454397,
    8.477211848729),(-8.179145223938,8.427064515767),
  .PIECEWISE_BEZIER_KNOTS.);
#700 = CARTESIAN_POINT('',(-10.89842655777,-4.09619945492,11.91));
#701 = CARTESIAN_POINT('',(-8.385475039807,-5.255940083882,11.91));
#702 = CARTESIAN_POINT('',(-5.872521928195,-6.415700491492,11.91));
#703 = CARTESIAN_POINT('',(-3.35950665295,-7.57543123423,11.91));
#704 = CARTESIAN_POINT('',(-0.846481533043,-8.735161341205,11.91));
#705 = CARTESIAN_POINT('',(1.666510109795,-9.894921913219,11.91));
#706 = CARTESIAN_POINT('',(4.179555837276,-11.05466972181,11.91));
#707 = CARTESIAN_POINT('',(-9.727764589782,-1.559446950527,11.91));
#708 = CARTESIAN_POINT('',(-7.214809020799,-2.719183319281,11.91));
#709 = CARTESIAN_POINT('',(-4.701855387995,-3.878938501319,11.91));
#710 = CARTESIAN_POINT('',(-2.18883286673,-5.038660226325,11.91));
#711 = CARTESIAN_POINT('',(0.324189352536,-6.198390416172,11.91));
#712 = CARTESIAN_POINT('',(2.837161190336,-7.358164200594,11.91));
#713 = CARTESIAN_POINT('',(5.350210804292,-8.517908932872,11.91));
#714 = CARTESIAN_POINT('',(-8.557088636394,0.977307352516,11.91));
#715 = CARTESIAN_POINT('',(-6.044133144611,-0.182431822473,11.91));
#716 = CARTESIAN_POINT('',(-3.53118121539,-1.342194441752,11.91));
#717 = CARTESIAN_POINT('',(-1.018192775766,-2.501785011773,11.91));
#718 = CARTESIAN_POINT('',(1.494851387748,-3.661721326991,11.91));
#719 = CARTESIAN_POINT('',(4.007797493088,-4.821435787031,11.91));
#720 = CARTESIAN_POINT('',(6.520872247024,-5.98115410798,11.91));
#721 = CARTESIAN_POINT('',(-7.386394323641,3.514069078026,11.91));
#722 = CARTESIAN_POINT('',(-4.873431466338,2.354325843139,11.91));
#723 = CARTESIAN_POINT('',(-2.36050217567,1.194544442101,11.91));
#724 = CARTESIAN_POINT('',(0.153037769733,3.500799473947E-02,11.91));
#725 = CARTESIAN_POINT('',(2.66528813746,-1.124903212131,11.91));
#726 = CARTESIAN_POINT('',(5.178620569424,-2.284523370892,11.91));
#727 = CARTESIAN_POINT('',(7.691684332954,-3.444282025957,11.91));
#728 = CARTESIAN_POINT('',(-6.215679102571,6.050841736941,11.91));
#729 = CARTESIAN_POINT('',(-3.70271976724,4.891090560662,11.91));
#730 = CARTESIAN_POINT('',(-1.189676028138,3.731355772365,11.91));
#731 = CARTESIAN_POINT('',(1.322830238314,2.5714690496,11.91));
#732 = CARTESIAN_POINT('',(3.836589032493,1.411966926175,11.91));
#733 = CARTESIAN_POINT('',(6.349267682978,0.252070618479,11.91));
#734 = CARTESIAN_POINT('',(8.86233744332,-0.9076612931,11.91));
#735 = CARTESIAN_POINT('',(-5.044942249248,8.587626727324,11.91));
#736 = CARTESIAN_POINT('',(-2.532006039588,7.427863433843,11.91));
#737 = CARTESIAN_POINT('',(-1.913686335618E-02,6.268100988239,11.91));
#738 = CARTESIAN_POINT('',(2.494056370345,5.108304821369,11.91));
#739 = CARTESIAN_POINT('',(5.006938328947,3.948641740303,11.91));
#740 = CARTESIAN_POINT('',(7.519998957394,2.788891970798,11.91));
#741 = CARTESIAN_POINT('',(10.03307347831,1.629158078023,11.91));
#742 = CARTESIAN_POINT('',(-3.874184864752,11.124423334359,11.91));
#743 = CARTESIAN_POINT('',(-1.361250971514,9.964656561223,11.91));
#744 = CARTESIAN_POINT('',(1.151642046462,8.804890728943,11.91));
#745 = CARTESIAN_POINT('',(3.664856804357,7.645120851602,11.91));
#746 = CARTESIAN_POINT('',(6.177704794035,6.485434239392,11.91));
#747 = CARTESIAN_POINT('',(8.690767230153,5.325697811833,11.91));
#748 = CARTESIAN_POINT('',(11.203842233752,4.165968194608,11.91));
#749 = DEFINITIONAL_REPRESENTATION('',(#750),#1536);
#750 = B_SPLINE_CURVE_WITH_KNOTS('',10,(#751,#752,#753,#754,#755,#756,
    #757,#758,#759,#760,#761,#762,#763,#764,#765,#766,#767,#768,#769,
    #770,#771,#772,#773,#774,#775,#776,#777,#778,#779,#780,#781,#782,
    #783,#784,#785,#786,#787,#788,#789,#790,#791,#792,#793,#794,#795,
    #796,#797,#798,#799,#800,#801,#802,#803,#804,#805,#806,#807,#808,
    #809,#810,#811,#812,#813,#814,#815,#816,#817,#818,#819,#820,#821,
    #822,#823,#824,#825,#826,#827,#828,#829,#830,#831,#832,#833,#834,
    #835,#836,#837,#838,#839,#840,#841,#842,#843,#844,#845,#846,#847,
    #848,#849,#850,#851,#852,#853,#854,#855,#856,#857,#858,#859,#860,
    #861,#862,#863,#864,#865,#866,#867,#868,#869,#870,#871,#872,#873,
    #874,#875,#876,#877,#878,#879,#880,#881,#882,#883,#884,#885,#886,
    #887,#888,#889,#890,#891,#892,#893,#894,#895,#896,#897,#898,#899,
    #900,#901,#902,#903,#904,#905,#906,#907,#908,#909,#910,#911,#912,
    #913,#914,#915,#916,#917,#918,#919,#920,#921,#922,#923,#924,#925,
    #926,#927,#928,#929,#930,#931,#932,#933,#934,#935,#936,#937,#938,
    #939,#940,#941,#942,#943,#944,#945,#946,#947,#948,#949,#950,#951,
    #952,#953,#954,#955,#956,#957,#958,#959,#960,#961,#962,#963,#964,
    #965,#966,#967,#968,#969,#970,#971,#972,#973,#974,#975,#976,#977,
    #978,#979,#980,#981,#982,#983,#984,#985,#986,#987,#988,#989,#990,
    #991,#992,#993,#994,#995,#996,#997,#998,#999,#1000,#1001,#1002,#1003
    ,#1004,#1005,#1006,#1007,#1008,#1009,#1010,#1011,#1012,#1013,#1014,
    #1015,#1016,#1017,#1018,#1019,#1020,#1021,#1022,#1023,#1024,#1025,
    #1026,#1027,#1028,#1029,#1030,#1031,#1032,#1033,#1034,#1035,#1036,
    #1037,#1038,#1039,#1040,#1041,#1042,#1043,#1044,#1045,#1046,#1047,
    #1048,#1049,#1050,#1051,#1052,#1053,#1054,#1055,#1056,#1057,#1058,
    #1059,#1060,#1061,#1062,#1063,#1064,#1065,#1066,#1067,#1068,#1069,
    #1070,#1071,#1072,#1073,#1074,#1075,#1076,#1077,#1078,#1079,#1080,
    #1081,#1082,#1083,#1084,#1085,#1086,#1087,#1088,#1089,#1090,#1091,
    #1092,#1093,#1094,#1095,#1096,#1097,#1098,#1099,#1100,#1101,#1102,
    #1103,#1104,#1105,#1106,#1107,#1108,#1109,#1110,#1111,#1112,#1113,
    #1114,#1115,#1116,#1117,#1118,#1119,#1120,#1121,#1122,#1123,#1124,
    #1125,#1126,#1127,#1128,#1129,#1130,#1131,#1132,#1133,#1134,#1135,
    #1136,#1137,#1138,#1139,#1140,#1141,#1142,#1143,#1144,#1145,#1146,
    #1147,#1148,#1149,#1150,#1151,#1152,#1153,#1154,#1155,#1156,#1157,
    #1158,#1159,#1160,#1161,#1162,#1163,#1164,#1165,#1166,#1167,#1168,
    #1169,#1170,#1171,#1172,#1173,#1174,#1175,#1176,#1177,#1178,#1179,
    #1180,#1181,#1182,#1183,#1184,#1185,#1186,#1187,#1188,#1189,#1190,
    #1191,#1192,#1193,#1194,#1195,#1196,#1197,#1198,#1199,#1200,#1201,
    #1202,#1203,#1204,#1205,#1206,#1207,#1208,#1209,#1210,#1211,#1212,
    #1213,#1214,#1215,#1216,#1217,#1218,#1219,#1220,#1221,#1222,#1223,
    #1224,#1225,#1226,#1227,#1228,#1229,#1230,#1231,#1232,#1233,#1234,
    #1235,#1236,#1237,#1238,#1239,#1240,#1241,#1242,#1243,#1244,#1245,
    #1246,#1247,#1248,#1249,#1250,#1251,#1252,#1253,#1254,#1255,#1256,
    #1257,#1258,#1259,#1260,#1261,#1262,#1263,#1264,#1265,#1266,#1267,
    #1268,#1269,#1270,#1271,#1272,#1273,#1274,#1275,#1276,#1277,#1278,
    #1279,#1280,#1281,#1282,#1283,#1284,#1285,#1286,#1287,#1288,#1289,
    #1290,#1291,#1292,#1293,#1294,#1295,#1296,#1297,#1298,#1299,#1300,
    #1301,#1302,#1303,#1304,#1305,#1306,#1307,#1308,#1309,#1310,#1311,
    #1312,#1313,#1314,#1315,#1316,#1317,#1318,#1319,#1320,#1321,#1322,
    #1323,#1324,#1325,#1326,#1327,#1328,#1329,#1330,#1331,#1332,#1333,
    #1334,#1335,#1336,#1337,#1338,#1339,#1340,#1341,#1342,#1343,#1344,
    #1345,#1346,#1347,#1348,#1349,#1350,#1351,#1352,#1353,#1354,#1355,
    #1356,#1357,#1358,#1359,#1360,#1361,#1362,#1363,#1364,#1365,#1366,
    #1367,#1368,#1369,#1370,#1371,#1372,#1373,#1374,#1375,#1376,#1377,
    #1378,#1379,#1380,#1381,#1382,#1383,#1384,#1385,#1386,#1387,#1388,
    #1389,#1390,#1391,#1392,#1393,#1394,#1395,#1396,#1397,#1398,#1399,
    #1400,#1401,#1402,#1403,#1404,#1405,#1406,#1407,#1408,#1409,#1410,
    #1411,#1412,#1413,#1414,#1415,#1416,#1417,#1418,#1419,#1420,#1421,
    #1422,#1423,#1424,#1425,#1426,#1427,#1428,#1429,#1430,#1431,#1432,
    #1433,#1434,#1435,#1436,#1437,#1438,#1439,#1440,#1441,#1442,#1443,
    #1444,#1445,#1446,#1447,#1448,#1449,#1450,#1451,#1452,#1453,#1454,
    #1455,#1456,#1457,#1458,#1459,#1460,#1461,#1462,#1463,#1464,#1465,
    #1466,#1467,#1468,#1469,#1470,#1471,#1472,#1473,#1474,#1475,#1476,
    #1477,#1478,#1479,#1480,#1481,#1482,#1483,#1484,#1485,#1486,#1487,
    #1488,#1489,#1490,#1491,#1492,#1493,#1494,#1495,#1496,#1497,#1498,
    #1499,#1500,#1501,#1502,#1503,#1504,#1505,#1506,#1507,#1508,#1509,
    #1510,#1511,#1512,#1513,#1514,#1515,#1516,#1517,#1518,#1519,#1520,
    #1521,#1522,#1523,#1524,#1525,#1526,#1527,#1528,#1529,#1530,#1531,
    #1532,#1533,#1534,#1535),.UNSPECIFIED.,.F.,.F.,(11,9,9,9,9,9,9,9,9,9
    ,9,9,9,9,9,9,9,9,9,9,9,9,9,9,9,9,9,9,9,9,9,9,9,9,9,9,9,9,9,9,9,9,9,9
    ,9,9,9,9,9,9,9,9,9,9,9,9,9,9,9,9,9,9,9,9,9,9,9,9,9,9,9,9,9,9,9,9,9,9
    ,9,9,9,9,9,9,9,9,9,11),(0.,0.879337503608,1.758675007216,
    2.638012510824,3.517350014432,3.957018766236,4.39668751804,
    4.836356269844,5.276025021648,6.155362525256,7.034700028864,
    7.914037532472,8.79337503608,9.233043787884,9.672712539688,
    10.112381291492,10.552050043296,11.431387546904,12.310725050512,
    13.19006255412,13.629731305924,14.069400057728,14.509068809532,
    14.948737561336,15.828075064944,16.707412568552,17.58675007216,
    18.026418823964,18.466087575768,18.905756327572,19.345425079376,
    20.224762582984,21.104100086592,21.9834375902,22.862775093808,
    23.302443845612,23.742112597416,24.18178134922,24.621450101024,
    25.500787604631,26.380125108239,27.259462611847,27.699131363651,
    28.138800115455,28.578468867259,29.018137619063,29.897475122671,
    30.776812626279,31.656150129887,32.095818881691,32.535487633495,
    32.975156385299,33.414825137103,34.294162640711,35.173500144319,
    36.052837647927,36.932175151535,37.371843903339,37.811512655143,
    38.251181406947,38.690850158751,39.570187662359,40.449525165967,
    41.328862669575,41.768531421379,42.208200173183,42.647868924987,
    43.087537676791,43.966875180399,44.846212684007,45.725550187615,
    46.165218939419,46.604887691223,47.044556443027,47.484225194831,
    48.363562698439,49.242900202047,50.122237705655,51.001575209263,
    51.441243961067,51.880912712871,52.320581464675,52.760250216479,
    53.639587720087,54.518925223695,55.398262727303,55.837931479107,
    56.277600230911),.UNSPECIFIED.);
#751 = CARTESIAN_POINT('',(4.125103981947,4.955826988316));
#752 = CARTESIAN_POINT('',(4.210447809365,4.925292088323));
#753 = CARTESIAN_POINT('',(4.296401290376,4.9030023564));
#754 = CARTESIAN_POINT('',(4.382888406851,4.887822928824));
#755 = CARTESIAN_POINT('',(4.469854077303,4.87890788837));
#756 = CARTESIAN_POINT('',(4.557240284225,4.875370797634));
#757 = CARTESIAN_POINT('',(4.644972426892,4.876096354629));
#758 = CARTESIAN_POINT('',(4.732955899747,4.879693170706));
#759 = CARTESIAN_POINT('',(4.821082896251,4.884587670765));
#760 = CARTESIAN_POINT('',(4.909249438299,4.889259115774));
#761 = CARTESIAN_POINT('',(5.085515823954,4.895972379398));
#762 = CARTESIAN_POINT('',(5.173499972291,4.897629328173));
#763 = CARTESIAN_POINT('',(5.26172316989,4.897614687494));
#764 = CARTESIAN_POINT('',(5.349606657049,4.894973786161));
#765 = CARTESIAN_POINT('',(5.43712104025,4.889455741403));
#766 = CARTESIAN_POINT('',(5.524759798365,4.881409055857));
#767 = CARTESIAN_POINT('',(5.612780065957,4.870844631164));
#768 = CARTESIAN_POINT('',(5.700520683673,4.856624570512));
#769 = CARTESIAN_POINT('',(5.786607506259,4.83673514298));
#770 = CARTESIAN_POINT('',(5.955104410288,4.784469421248));
#771 = CARTESIAN_POINT('',(6.037968779341,4.752081391894));
#772 = CARTESIAN_POINT('',(6.113887162697,4.711878967349));
#773 = CARTESIAN_POINT('',(6.203269398405,4.664276084045));
#774 = CARTESIAN_POINT('',(6.254466806152,4.601761833731));
#775 = CARTESIAN_POINT('',(6.339814717422,4.547149198227));
#776 = CARTESIAN_POINT('',(6.377360529245,4.467146222381));
#777 = CARTESIAN_POINT('',(6.420687094896,4.388443180996));
#778 = CARTESIAN_POINT('',(6.450158588298,4.303617766186));
#779 = CARTESIAN_POINT('',(6.491782539158,4.129857400701));
#780 = CARTESIAN_POINT('',(6.503437212266,4.040492998026));
#781 = CARTESIAN_POINT('',(6.506520719207,3.952190881833));
#782 = CARTESIAN_POINT('',(6.501931936772,3.864435013925));
#783 = CARTESIAN_POINT('',(6.490932040904,3.776570335971));
#784 = CARTESIAN_POINT('',(6.474923971552,3.688892063886));
#785 = CARTESIAN_POINT('',(6.45513946664,3.602109667075));
#786 = CARTESIAN_POINT('',(6.432411328415,3.516394447889));
#787 = CARTESIAN_POINT('',(6.407208584935,3.431219636219));
#788 = CARTESIAN_POINT('',(6.366564022346,3.305193053679));
#789 = CARTESIAN_POINT('',(6.352549280214,3.263437816376));
#790 = CARTESIAN_POINT('',(6.338149120848,3.221952149391));
#791 = CARTESIAN_POINT('',(6.323457399055,3.180773932239));
#792 = CARTESIAN_POINT('',(6.308568126586,3.139941315119));
#793 = CARTESIAN_POINT('',(6.293562911707,3.099471056905));
#794 = CARTESIAN_POINT('',(6.278498398665,3.059336863069));
#795 = CARTESIAN_POINT('',(6.263393707282,3.019447723682));
#796 = CARTESIAN_POINT('',(6.248217872427,2.979626251338));
#797 = CARTESIAN_POINT('',(6.217536694734,2.899547786945));
#798 = CARTESIAN_POINT('',(6.201931147957,2.859268785453));
#799 = CARTESIAN_POINT('',(6.18677204045,2.819052992456));
#800 = CARTESIAN_POINT('',(6.170572319494,2.777823978183));
#801 = CARTESIAN_POINT('',(6.154353084368,2.736079041613));
#802 = CARTESIAN_POINT('',(6.138814836018,2.694114323729));
#803 = CARTESIAN_POINT('',(6.122679658238,2.65098461653));
#804 = CARTESIAN_POINT('',(6.104995160478,2.605948961632));
#805 = CARTESIAN_POINT('',(6.088275557887,2.56044150688));
#806 = CARTESIAN_POINT('',(6.058604063019,2.469349421936));
#807 = CARTESIAN_POINT('',(6.04534385596,2.423643424771));
#808 = CARTESIAN_POINT('',(6.037177879124,2.379212807617));
#809 = CARTESIAN_POINT('',(6.025118571531,2.332884861553));
#810 = CARTESIAN_POINT('',(6.036222116531,2.29476752815));
#811 = CARTESIAN_POINT('',(6.026366058439,2.248742322036));
#812 = CARTESIAN_POINT('',(6.050088452429,2.215043134274));
#813 = CARTESIAN_POINT('',(6.069386059666,2.179806161454));
#814 = CARTESIAN_POINT('',(6.097186383191,2.147933502399));
#815 = CARTESIAN_POINT('',(6.161188938162,2.08802444556));
#816 = CARTESIAN_POINT('',(6.197598010917,2.060089047958));
#817 = CARTESIAN_POINT('',(6.238130895951,2.034008352253));
#818 = CARTESIAN_POINT('',(6.27843115227,2.009020375851));
#819 = CARTESIAN_POINT('',(6.323397081334,1.985721088857));
#820 = CARTESIAN_POINT('',(6.366565866808,1.96303943924));
#821 = CARTESIAN_POINT('',(6.404267727632,1.940314198335));
#822 = CARTESIAN_POINT('',(6.445470699069,1.918738490204));
#823 = CARTESIAN_POINT('',(6.4843957064,1.897341588536));
#824 = CARTESIAN_POINT('',(6.600485053022,1.834221153792));
#825 = CARTESIAN_POINT('',(6.675860077193,1.79341907687));
#826 = CARTESIAN_POINT('',(6.75060938369,1.752851275748));
#827 = CARTESIAN_POINT('',(6.822812747959,1.712740942201));
#828 = CARTESIAN_POINT('',(6.900442130887,1.669632294337));
#829 = CARTESIAN_POINT('',(6.978389255572,1.624884337117));
#830 = CARTESIAN_POINT('',(7.051734133614,1.57973971422));
#831 = CARTESIAN_POINT('',(7.12754379904,1.531020816112));
#832 = CARTESIAN_POINT('',(7.200198500823,1.480368177743));
#833 = CARTESIAN_POINT('',(7.341376031681,1.373121819782));
#834 = CARTESIAN_POINT('',(7.40977335546,1.316241829517));
#835 = CARTESIAN_POINT('',(7.473542559563,1.258471146544));
#836 = CARTESIAN_POINT('',(7.537636446483,1.187358852607));
#837 = CARTESIAN_POINT('',(7.586963015839,1.130646920041));
#838 = CARTESIAN_POINT('',(7.642172466486,1.044408753957));
#839 = CARTESIAN_POINT('',(7.68243561126,0.967890262237));
#840 = CARTESIAN_POINT('',(7.715676927244,0.882681865281));
#841 = CARTESIAN_POINT('',(7.736913142593,0.796255991153));
#842 = CARTESIAN_POINT('',(7.752967746488,0.620757359417));
#843 = CARTESIAN_POINT('',(7.747765252741,0.53191287387));
#844 = CARTESIAN_POINT('',(7.730536021089,0.442087434532));
#845 = CARTESIAN_POINT('',(7.704824802515,0.35953361166));
#846 = CARTESIAN_POINT('',(7.666178910544,0.264709565748));
#847 = CARTESIAN_POINT('',(7.62796097508,0.199989065425));
#848 = CARTESIAN_POINT('',(7.577833653389,0.118427822802));
#849 = CARTESIAN_POINT('',(7.525604905037,5.004565380822E-02));
#850 = CARTESIAN_POINT('',(7.468663246211,-1.83003387101E-02));
#851 = CARTESIAN_POINT('',(7.34928795092,-0.149382052003));
#852 = CARTESIAN_POINT('',(7.287029678418,-0.212376520247));
#853 = CARTESIAN_POINT('',(7.221317944597,-0.274041783994));
#854 = CARTESIAN_POINT('',(7.15738157449,-0.331744889801));
#855 = CARTESIAN_POINT('',(7.088847366955,-0.389892947551));
#856 = CARTESIAN_POINT('',(7.020328191,-0.446371255462));
#857 = CARTESIAN_POINT('',(6.95660096663,-0.498916518881));
#858 = CARTESIAN_POINT('',(6.89045305623,-0.552373593061));
#859 = CARTESIAN_POINT('',(6.823732319796,-0.606174584754));
#860 = CARTESIAN_POINT('',(6.721022517555,-0.689310751794));
#861 = CARTESIAN_POINT('',(6.686625881589,-0.717415112163));
#862 = CARTESIAN_POINT('',(6.650021530153,-0.74610862575));
#863 = CARTESIAN_POINT('',(6.617068754978,-0.775297348054));
#864 = CARTESIAN_POINT('',(6.578731877127,-0.805435123749));
#865 = CARTESIAN_POINT('',(6.538739746019,-0.836506359158));
#866 = CARTESIAN_POINT('',(6.503642250465,-0.868391711839));
#867 = CARTESIAN_POINT('',(6.468514250196,-0.901393854057));
#868 = CARTESIAN_POINT('',(6.437778139287,-0.935471685791));
#869 = CARTESIAN_POINT('',(6.385707904032,-1.00599907545));
#870 = CARTESIAN_POINT('',(6.364152044899,-1.042386838616));
#871 = CARTESIAN_POINT('',(6.351568216471,-1.080540338933));
#872 = CARTESIAN_POINT('',(6.334353992359,-1.117984399075));
#873 = CARTESIAN_POINT('',(6.352397438588,-1.161457425857));
#874 = CARTESIAN_POINT('',(6.348394253631,-1.200956719107));
#875 = CARTESIAN_POINT('',(6.368659268771,-1.244327677552));
#876 = CARTESIAN_POINT('',(6.384751277765,-1.286539186528));
#877 = CARTESIAN_POINT('',(6.40608435709,-1.329080595418));
#878 = CARTESIAN_POINT('',(6.451791193371,-1.413277045663));
#879 = CARTESIAN_POINT('',(6.476490170415,-1.454995499429));
#880 = CARTESIAN_POINT('',(6.502052393814,-1.496074896011));
#881 = CARTESIAN_POINT('',(6.525745125731,-1.535561052125));
#882 = CARTESIAN_POINT('',(6.548639430024,-1.574009847291));
#883 = CARTESIAN_POINT('',(6.572163560037,-1.612118960882));
#884 = CARTESIAN_POINT('',(6.595574911724,-1.649724268421));
#885 = CARTESIAN_POINT('',(6.617779098184,-1.686521991927));
#886 = CARTESIAN_POINT('',(6.640433851927,-1.723300911205));
#887 = CARTESIAN_POINT('',(6.685135373646,-1.796483399469));
#888 = CARTESIAN_POINT('',(6.707284647846,-1.832890415749));
#889 = CARTESIAN_POINT('',(6.729376362792,-1.869376954915));
#890 = CARTESIAN_POINT('',(6.751473185043,-1.906111858528));
#891 = CARTESIAN_POINT('',(6.773572813252,-1.94318808837));
#892 = CARTESIAN_POINT('',(6.795624270966,-1.98064175583));
#893 = CARTESIAN_POINT('',(6.81754419962,-2.018471151308));
#894 = CARTESIAN_POINT('',(6.839233151314,-2.056655773604));
#895 = CARTESIAN_POINT('',(6.860591881782,-2.095175359318));
#896 = CARTESIAN_POINT('',(6.923429166127,-2.211736018093));
#897 = CARTESIAN_POINT('',(6.963668576916,-2.290924672633));
#898 = CARTESIAN_POINT('',(7.00156927505,-2.371091944686));
#899 = CARTESIAN_POINT('',(7.036767335678,-2.452841939382));
#900 = CARTESIAN_POINT('',(7.068413068616,-2.536157510533));
#901 = CARTESIAN_POINT('',(7.095166471423,-2.620564463129));
#902 = CARTESIAN_POINT('',(7.115597456367,-2.706028790809));
#903 = CARTESIAN_POINT('',(7.128591730039,-2.793427493086));
#904 = CARTESIAN_POINT('',(7.133363205476,-2.883433517216));
#905 = CARTESIAN_POINT('',(7.123984445891,-3.061877221727));
#906 = CARTESIAN_POINT('',(7.110418941792,-3.150656616769));
#907 = CARTESIAN_POINT('',(7.081970995607,-3.235846873868));
#908 = CARTESIAN_POINT('',(7.059929514649,-3.321539453992));
#909 = CARTESIAN_POINT('',(6.985071110885,-3.390261688307));
#910 = CARTESIAN_POINT('',(6.946820294862,-3.461451174838));
#911 = CARTESIAN_POINT('',(6.866883387751,-3.524102262453));
#912 = CARTESIAN_POINT('',(6.799929027928,-3.577642135765));
#913 = CARTESIAN_POINT('',(6.724541188609,-3.624653749307));
#914 = CARTESIAN_POINT('',(6.568695162874,-3.706832611697));
#915 = CARTESIAN_POINT('',(6.487596441996,-3.741919570089));
#916 = CARTESIAN_POINT('',(6.404190672076,-3.772084104324));
#917 = CARTESIAN_POINT('',(6.319173667626,-3.798278771905));
#918 = CARTESIAN_POINT('',(6.233117788935,-3.821270934117));
#919 = CARTESIAN_POINT('',(6.14651241531,-3.841634232381));
#920 = CARTESIAN_POINT('',(6.059795501086,-3.859789245908));
#921 = CARTESIAN_POINT('',(5.973376214671,-3.876093330813));
#922 = CARTESIAN_POINT('',(5.887648660387,-3.890979640531));
#923 = CARTESIAN_POINT('',(5.760670694728,-3.912228171226));
#924 = CARTESIAN_POINT('',(5.718528459291,-3.919112264218));
#925 = CARTESIAN_POINT('',(5.676427331719,-3.925859525616));
#926 = CARTESIAN_POINT('',(5.634224666775,-3.932531874411));
#927 = CARTESIAN_POINT('',(5.591777819191,-3.939191229568));
#928 = CARTESIAN_POINT('',(5.548944143743,-3.945899510091));
#929 = CARTESIAN_POINT('',(5.505580995161,-3.952718634942));
#930 = CARTESIAN_POINT('',(5.461545728213,-3.959710523117));
#931 = CARTESIAN_POINT('',(5.416695697642,-3.96693709359));
#932 = CARTESIAN_POINT('',(5.325080818764,-3.981983437103));
#933 = CARTESIAN_POINT('',(5.278094203776,-3.989685821479));
#934 = CARTESIAN_POINT('',(5.230145659199,-3.99781984014));
#935 = CARTESIAN_POINT('',(5.182170759633,-4.007018150584));
#936 = CARTESIAN_POINT('',(5.135372144676,-4.018054776914));
#937 = CARTESIAN_POINT('',(5.090924807331,-4.031689108952));
#938 = CARTESIAN_POINT('',(5.049837934499,-4.048592769691));
#939 = CARTESIAN_POINT('',(5.012973299513,-4.069359351108));
#940 = CARTESIAN_POINT('',(4.981220206753,-4.094597018292));
#941 = CARTESIAN_POINT('',(4.930433769879,-4.155610945602));
#942 = CARTESIAN_POINT('',(4.911376331733,-4.191416151873));
#943 = CARTESIAN_POINT('',(4.897643212867,-4.231436817316));
#944 = CARTESIAN_POINT('',(4.888474985983,-4.274908744827));
#945 = CARTESIAN_POINT('',(4.883131550262,-4.321092167193));
#946 = CARTESIAN_POINT('',(4.880769322144,-4.369116508536));
#947 = CARTESIAN_POINT('',(4.880428323876,-4.417964063472));
#948 = CARTESIAN_POINT('',(4.881129170124,-4.466592594206));
#949 = CARTESIAN_POINT('',(4.88207995236,-4.514196845342));
#950 = CARTESIAN_POINT('',(4.88390609015,-4.607021107826));
#951 = CARTESIAN_POINT('',(4.884937123592,-4.652437905744));
#952 = CARTESIAN_POINT('',(4.886051112107,-4.69701088259));
#953 = CARTESIAN_POINT('',(4.887213046232,-4.740891550633));
#954 = CARTESIAN_POINT('',(4.88838791648,-4.784231422112));
#955 = CARTESIAN_POINT('',(4.889540713399,-4.827182009304));
#956 = CARTESIAN_POINT('',(4.890636427499,-4.869894824448));
#957 = CARTESIAN_POINT('',(4.891640049322,-4.912521379814));
#958 = CARTESIAN_POINT('',(4.892516569389,-4.955213187652));
#959 = CARTESIAN_POINT('',(4.894659795915,-5.083938905361));
#960 = CARTESIAN_POINT('',(4.89557510639,-5.170944525796));
#961 = CARTESIAN_POINT('',(4.895221683167,-5.258887640029));
#962 = CARTESIAN_POINT('',(4.893102055533,-5.347459277181));
#963 = CARTESIAN_POINT('',(4.888790558746,-5.436321899537));
#964 = CARTESIAN_POINT('',(4.881794131391,-5.525121132556));
#965 = CARTESIAN_POINT('',(4.871459859802,-5.613479802114));
#966 = CARTESIAN_POINT('',(4.856929269651,-5.700974279262));
#967 = CARTESIAN_POINT('',(4.837139364625,-5.78709313223));
#968 = CARTESIAN_POINT('',(4.784601459852,-5.955263039534));
#969 = CARTESIAN_POINT('',(4.752048637393,-6.037929428564));
#970 = CARTESIAN_POINT('',(4.711545729967,-6.11348681618));
#971 = CARTESIAN_POINT('',(4.664438410953,-6.203464415579));
#972 = CARTESIAN_POINT('',(4.601370829908,-6.253997059878));
#973 = CARTESIAN_POINT('',(4.547371683521,-6.340082008));
#974 = CARTESIAN_POINT('',(4.467100689346,-6.377305826522));
#975 = CARTESIAN_POINT('',(4.388486078977,-6.420738631903));
#976 = CARTESIAN_POINT('',(4.303641611927,-6.450187236223));
#977 = CARTESIAN_POINT('',(4.129861457354,-6.491787412762));
#978 = CARTESIAN_POINT('',(4.040483632603,-6.503425960784));
#979 = CARTESIAN_POINT('',(3.952177896113,-6.506505118353));
#980 = CARTESIAN_POINT('',(3.864425099163,-6.501920025322));
#981 = CARTESIAN_POINT('',(3.776564977917,-6.490925603815));
#982 = CARTESIAN_POINT('',(3.688890451531,-6.474922034493));
#983 = CARTESIAN_POINT('',(3.602110976199,-6.455141039401));
#984 = CARTESIAN_POINT('',(3.51639758256,-6.432415094363));
#985 = CARTESIAN_POINT('',(3.431222223629,-6.407211693411));
#986 = CARTESIAN_POINT('',(3.305194979111,-6.366566335532));
#987 = CARTESIAN_POINT('',(3.263439391837,-6.35255117295));
#988 = CARTESIAN_POINT('',(3.221953292347,-6.338150493978));
#989 = CARTESIAN_POINT('',(3.180774614737,-6.323458218999));
#990 = CARTESIAN_POINT('',(3.139941563881,-6.308568425444));
#991 = CARTESIAN_POINT('',(3.099470945721,-6.293562778132));
#992 = CARTESIAN_POINT('',(3.059336497479,-6.27849795945));
#993 = CARTESIAN_POINT('',(3.01944721795,-6.263393099704));
#994 = CARTESIAN_POINT('',(2.979625697729,-6.24821720733));
#995 = CARTESIAN_POINT('',(2.899547201232,-6.217535991067));
#996 = CARTESIAN_POINT('',(2.859268236002,-6.201930487855));
#997 = CARTESIAN_POINT('',(2.819052530254,-6.186771485168));
#998 = CARTESIAN_POINT('',(2.77782361512,-6.170571883314));
#999 = CARTESIAN_POINT('',(2.736078793576,-6.154352786381));
#1000 = CARTESIAN_POINT('',(2.694114205076,-6.13881469347));
#1001 = CARTESIAN_POINT('',(2.650984606133,-6.122679645748));
#1002 = CARTESIAN_POINT('',(2.605949008448,-6.104995216722));
#1003 = CARTESIAN_POINT('',(2.560441589501,-6.088275657147));
#1004 = CARTESIAN_POINT('',(2.469349537816,-6.058604202236));
#1005 = CARTESIAN_POINT('',(2.423643536793,-6.045343990541));
#1006 = CARTESIAN_POINT('',(2.379212907422,-6.037177999029));
#1007 = CARTESIAN_POINT('',(2.332884917055,-6.02511863821));
#1008 = CARTESIAN_POINT('',(2.294767586885,-6.036222187097));
#1009 = CARTESIAN_POINT('',(2.248742307067,-6.026366040453));
#1010 = CARTESIAN_POINT('',(2.215043127083,-6.050088443791));
#1011 = CARTESIAN_POINT('',(2.179806136598,-6.069386029803));
#1012 = CARTESIAN_POINT('',(2.147933473545,-6.097186348525));
#1013 = CARTESIAN_POINT('',(2.088024415456,-6.161188901995));
#1014 = CARTESIAN_POINT('',(2.060089021378,-6.197597978985));
#1015 = CARTESIAN_POINT('',(2.03400833311,-6.238130872953));
#1016 = CARTESIAN_POINT('',(2.0090203628,-6.278431136591));
#1017 = CARTESIAN_POINT('',(1.985721086706,-6.323397078749));
#1018 = CARTESIAN_POINT('',(1.963039444939,-6.366565873656));
#1019 = CARTESIAN_POINT('',(1.940314204432,-6.404267734956));
#1020 = CARTESIAN_POINT('',(1.918738500405,-6.445470711325));
#1021 = CARTESIAN_POINT('',(1.897341599542,-6.484395719622));
#1022 = CARTESIAN_POINT('',(1.834221165223,-6.600485066755));
#1023 = CARTESIAN_POINT('',(1.793419084556,-6.675860086427));
#1024 = CARTESIAN_POINT('',(1.752851278572,-6.750609387079));
#1025 = CARTESIAN_POINT('',(1.712740936053,-6.822812740579));
#1026 = CARTESIAN_POINT('',(1.669632289449,-6.900442125007));
#1027 = CARTESIAN_POINT('',(1.624884335293,-6.978389253385));
#1028 = CARTESIAN_POINT('',(1.579739709275,-7.05173412767));
#1029 = CARTESIAN_POINT('',(1.531020814823,-7.127543797493));
#1030 = CARTESIAN_POINT('',(1.480368177256,-7.200198500238));
#1031 = CARTESIAN_POINT('',(1.37312182062,-7.341376032689));
#1032 = CARTESIAN_POINT('',(1.316241830541,-7.409773356691));
#1033 = CARTESIAN_POINT('',(1.25847114707,-7.473542560191));
#1034 = CARTESIAN_POINT('',(1.187358853573,-7.53763644765));
#1035 = CARTESIAN_POINT('',(1.130646919049,-7.586963014642));
#1036 = CARTESIAN_POINT('',(1.044408754116,-7.642172466682));
#1037 = CARTESIAN_POINT('',(0.967890261895,-7.682435610845));
#1038 = CARTESIAN_POINT('',(0.882681865148,-7.715676927086));
#1039 = CARTESIAN_POINT('',(0.796255991101,-7.736913142529));
#1040 = CARTESIAN_POINT('',(0.62075735947,-7.752967746552));
#1041 = CARTESIAN_POINT('',(0.531912873934,-7.747765252817));
#1042 = CARTESIAN_POINT('',(0.442087434568,-7.730536021134));
#1043 = CARTESIAN_POINT('',(0.359533611705,-7.704824802566));
#1044 = CARTESIAN_POINT('',(0.264709565662,-7.666178910445));
#1045 = CARTESIAN_POINT('',(0.199989065453,-7.62796097511));
#1046 = CARTESIAN_POINT('',(0.118427822765,-7.577833653346));
#1047 = CARTESIAN_POINT('',(5.004565379897E-02,-7.525604905025));
#1048 = CARTESIAN_POINT('',(-1.830033871593E-02,-7.468663246204));
#1049 = CARTESIAN_POINT('',(-0.149382052,-7.349287950924));
#1050 = CARTESIAN_POINT('',(-0.212376520241,-7.287029678426));
#1051 = CARTESIAN_POINT('',(-0.274041783989,-7.221317944601));
#1052 = CARTESIAN_POINT('',(-0.331744889796,-7.157381574498));
#1053 = CARTESIAN_POINT('',(-0.389892947549,-7.088847366954));
#1054 = CARTESIAN_POINT('',(-0.446371255463,-7.020328191));
#1055 = CARTESIAN_POINT('',(-0.498916518882,-6.956600966628));
#1056 = CARTESIAN_POINT('',(-0.552373593062,-6.890453056229));
#1057 = CARTESIAN_POINT('',(-0.606174584755,-6.823732319794));
#1058 = CARTESIAN_POINT('',(-0.689310751795,-6.721022517554));
#1059 = CARTESIAN_POINT('',(-0.717415112163,-6.686625881588));
#1060 = CARTESIAN_POINT('',(-0.74610862575,-6.650021530154));
#1061 = CARTESIAN_POINT('',(-0.775297348054,-6.617068754977));
#1062 = CARTESIAN_POINT('',(-0.805435123749,-6.578731877129));
#1063 = CARTESIAN_POINT('',(-0.836506359158,-6.538739746018));
#1064 = CARTESIAN_POINT('',(-0.868391711838,-6.503642250466));
#1065 = CARTESIAN_POINT('',(-0.901393854056,-6.468514250196));
#1066 = CARTESIAN_POINT('',(-0.935471685791,-6.437778139288));
#1067 = CARTESIAN_POINT('',(-1.00599907545,-6.385707904032));
#1068 = CARTESIAN_POINT('',(-1.042386838616,-6.3641520449));
#1069 = CARTESIAN_POINT('',(-1.080540338933,-6.351568216471));
#1070 = CARTESIAN_POINT('',(-1.117984399075,-6.33435399236));
#1071 = CARTESIAN_POINT('',(-1.161457425857,-6.352397438587));
#1072 = CARTESIAN_POINT('',(-1.200956719107,-6.348394253631));
#1073 = CARTESIAN_POINT('',(-1.244327677552,-6.368659268771));
#1074 = CARTESIAN_POINT('',(-1.286539186528,-6.384751277765));
#1075 = CARTESIAN_POINT('',(-1.329080595418,-6.40608435709));
#1076 = CARTESIAN_POINT('',(-1.413277045663,-6.451791193371));
#1077 = CARTESIAN_POINT('',(-1.454995499429,-6.476490170414));
#1078 = CARTESIAN_POINT('',(-1.496074896011,-6.502052393816));
#1079 = CARTESIAN_POINT('',(-1.535561052124,-6.525745125728));
#1080 = CARTESIAN_POINT('',(-1.574009847292,-6.548639430029));
#1081 = CARTESIAN_POINT('',(-1.612118960881,-6.572163560032));
#1082 = CARTESIAN_POINT('',(-1.649724268422,-6.595574911727));
#1083 = CARTESIAN_POINT('',(-1.686521991927,-6.617779098183));
#1084 = CARTESIAN_POINT('',(-1.723300911205,-6.640433851928));
#1085 = CARTESIAN_POINT('',(-1.796483399469,-6.685135373646));
#1086 = CARTESIAN_POINT('',(-1.832890415748,-6.707284647846));
#1087 = CARTESIAN_POINT('',(-1.869376954915,-6.729376362793));
#1088 = CARTESIAN_POINT('',(-1.906111858528,-6.751473185042));
#1089 = CARTESIAN_POINT('',(-1.943188088371,-6.773572813253));
#1090 = CARTESIAN_POINT('',(-1.980641755829,-6.795624270965));
#1091 = CARTESIAN_POINT('',(-2.018471151308,-6.817544199621));
#1092 = CARTESIAN_POINT('',(-2.056655773604,-6.839233151314));
#1093 = CARTESIAN_POINT('',(-2.095175359318,-6.860591881782));
#1094 = CARTESIAN_POINT('',(-2.211736018093,-6.923429166126));
#1095 = CARTESIAN_POINT('',(-2.290924672633,-6.963668576918));
#1096 = CARTESIAN_POINT('',(-2.371091944685,-7.001569275045));
#1097 = CARTESIAN_POINT('',(-2.452841939383,-7.036767335686));
#1098 = CARTESIAN_POINT('',(-2.536157510531,-7.068413068607));
#1099 = CARTESIAN_POINT('',(-2.62056446313,-7.09516647143));
#1100 = CARTESIAN_POINT('',(-2.706028790808,-7.115597456363));
#1101 = CARTESIAN_POINT('',(-2.793427493087,-7.128591730041));
#1102 = CARTESIAN_POINT('',(-2.883433517215,-7.133363205476));
#1103 = CARTESIAN_POINT('',(-3.061877221728,-7.123984445892));
#1104 = CARTESIAN_POINT('',(-3.150656616768,-7.11041894179));
#1105 = CARTESIAN_POINT('',(-3.23584687387,-7.081970995611));
#1106 = CARTESIAN_POINT('',(-3.32153945399,-7.059929514644));
#1107 = CARTESIAN_POINT('',(-3.39026168831,-6.98507111089));
#1108 = CARTESIAN_POINT('',(-3.461451174836,-6.946820294859));
#1109 = CARTESIAN_POINT('',(-3.524102262454,-6.866883387753));
#1110 = CARTESIAN_POINT('',(-3.577642135764,-6.799929027928));
#1111 = CARTESIAN_POINT('',(-3.624653749308,-6.724541188609));
#1112 = CARTESIAN_POINT('',(-3.706832611697,-6.568695162874));
#1113 = CARTESIAN_POINT('',(-3.741919570089,-6.487596441996));
#1114 = CARTESIAN_POINT('',(-3.772084104323,-6.404190672074));
#1115 = CARTESIAN_POINT('',(-3.798278771906,-6.319173667628));
#1116 = CARTESIAN_POINT('',(-3.821270934116,-6.233117788932));
#1117 = CARTESIAN_POINT('',(-3.841634232381,-6.146512415312));
#1118 = CARTESIAN_POINT('',(-3.859789245908,-6.059795501084));
#1119 = CARTESIAN_POINT('',(-3.876093330813,-5.973376214671));
#1120 = CARTESIAN_POINT('',(-3.890979640531,-5.887648660387));
#1121 = CARTESIAN_POINT('',(-3.912228171226,-5.760670694728));
#1122 = CARTESIAN_POINT('',(-3.919112264218,-5.718528459291));
#1123 = CARTESIAN_POINT('',(-3.925859525615,-5.676427331719));
#1124 = CARTESIAN_POINT('',(-3.932531874411,-5.634224666775));
#1125 = CARTESIAN_POINT('',(-3.939191229568,-5.591777819191));
#1126 = CARTESIAN_POINT('',(-3.945899510092,-5.548944143744));
#1127 = CARTESIAN_POINT('',(-3.952718634942,-5.505580995161));
#1128 = CARTESIAN_POINT('',(-3.959710523117,-5.461545728213));
#1129 = CARTESIAN_POINT('',(-3.96693709359,-5.416695697642));
#1130 = CARTESIAN_POINT('',(-3.981983437103,-5.325080818764));
#1131 = CARTESIAN_POINT('',(-3.989685821479,-5.278094203776));
#1132 = CARTESIAN_POINT('',(-3.99781984014,-5.230145659199));
#1133 = CARTESIAN_POINT('',(-4.007018150583,-5.182170759633));
#1134 = CARTESIAN_POINT('',(-4.018054776915,-5.135372144676));
#1135 = CARTESIAN_POINT('',(-4.03168910895,-5.090924807331));
#1136 = CARTESIAN_POINT('',(-4.048592769692,-5.049837934499));
#1137 = CARTESIAN_POINT('',(-4.069359351107,-5.012973299513));
#1138 = CARTESIAN_POINT('',(-4.094597018292,-4.981220206753));
#1139 = CARTESIAN_POINT('',(-4.155610945602,-4.930433769879));
#1140 = CARTESIAN_POINT('',(-4.191416151872,-4.911376331732));
#1141 = CARTESIAN_POINT('',(-4.231436817318,-4.897643212869));
#1142 = CARTESIAN_POINT('',(-4.274908744824,-4.888474985979));
#1143 = CARTESIAN_POINT('',(-4.321092167196,-4.883131550266));
#1144 = CARTESIAN_POINT('',(-4.369116508534,-4.880769322141));
#1145 = CARTESIAN_POINT('',(-4.417964063473,-4.880428323878));
#1146 = CARTESIAN_POINT('',(-4.466592594206,-4.881129170123));
#1147 = CARTESIAN_POINT('',(-4.514196845342,-4.88207995236));
#1148 = CARTESIAN_POINT('',(-4.607021107826,-4.88390609015));
#1149 = CARTESIAN_POINT('',(-4.652437905743,-4.884937123592));
#1150 = CARTESIAN_POINT('',(-4.697010882592,-4.886051112108));
#1151 = CARTESIAN_POINT('',(-4.74089155063,-4.88721304623));
#1152 = CARTESIAN_POINT('',(-4.784231422114,-4.888387916483));
#1153 = CARTESIAN_POINT('',(-4.827182009302,-4.889540713397));
#1154 = CARTESIAN_POINT('',(-4.869894824449,-4.890636427501));
#1155 = CARTESIAN_POINT('',(-4.912521379813,-4.891640049322));
#1156 = CARTESIAN_POINT('',(-4.955213187652,-4.892516569389));
#1157 = CARTESIAN_POINT('',(-5.083938905361,-4.894659795914));
#1158 = CARTESIAN_POINT('',(-5.170944525797,-4.895575106391));
#1159 = CARTESIAN_POINT('',(-5.258887640028,-4.895221683166));
#1160 = CARTESIAN_POINT('',(-5.347459277182,-4.893102055535));
#1161 = CARTESIAN_POINT('',(-5.436321899536,-4.888790558743));
#1162 = CARTESIAN_POINT('',(-5.525121132557,-4.881794131393));
#1163 = CARTESIAN_POINT('',(-5.613479802114,-4.8714598598));
#1164 = CARTESIAN_POINT('',(-5.700974279262,-4.856929269652));
#1165 = CARTESIAN_POINT('',(-5.78709313223,-4.837139364625));
#1166 = CARTESIAN_POINT('',(-5.955263039535,-4.784601459852));
#1167 = CARTESIAN_POINT('',(-6.037929428563,-4.752048637393));
#1168 = CARTESIAN_POINT('',(-6.113486816182,-4.711545729968));
#1169 = CARTESIAN_POINT('',(-6.203464415577,-4.664438410951));
#1170 = CARTESIAN_POINT('',(-6.253997059881,-4.60137082991));
#1171 = CARTESIAN_POINT('',(-6.340082007998,-4.547371683519));
#1172 = CARTESIAN_POINT('',(-6.377305826523,-4.467100689347));
#1173 = CARTESIAN_POINT('',(-6.420738631903,-4.388486078977));
#1174 = CARTESIAN_POINT('',(-6.450187236223,-4.303641611927));
#1175 = CARTESIAN_POINT('',(-6.491787412762,-4.129861457354));
#1176 = CARTESIAN_POINT('',(-6.503425960784,-4.040483632603));
#1177 = CARTESIAN_POINT('',(-6.506505118354,-3.952177896114));
#1178 = CARTESIAN_POINT('',(-6.501920025321,-3.864425099162));
#1179 = CARTESIAN_POINT('',(-6.490925603816,-3.776564977918));
#1180 = CARTESIAN_POINT('',(-6.474922034493,-3.688890451531));
#1181 = CARTESIAN_POINT('',(-6.455141039402,-3.602110976199));
#1182 = CARTESIAN_POINT('',(-6.432415094363,-3.51639758256));
#1183 = CARTESIAN_POINT('',(-6.407211693411,-3.431222223629));
#1184 = CARTESIAN_POINT('',(-6.366566335532,-3.305194979111));
#1185 = CARTESIAN_POINT('',(-6.35255117295,-3.263439391837));
#1186 = CARTESIAN_POINT('',(-6.338150493978,-3.221953292348));
#1187 = CARTESIAN_POINT('',(-6.323458218999,-3.180774614736));
#1188 = CARTESIAN_POINT('',(-6.308568425444,-3.139941563882));
#1189 = CARTESIAN_POINT('',(-6.293562778133,-3.09947094572));
#1190 = CARTESIAN_POINT('',(-6.278497959449,-3.059336497479));
#1191 = CARTESIAN_POINT('',(-6.263393099704,-3.01944721795));
#1192 = CARTESIAN_POINT('',(-6.24821720733,-2.979625697729));
#1193 = CARTESIAN_POINT('',(-6.217535991067,-2.899547201232));
#1194 = CARTESIAN_POINT('',(-6.201930487855,-2.859268236003));
#1195 = CARTESIAN_POINT('',(-6.186771485167,-2.819052530253));
#1196 = CARTESIAN_POINT('',(-6.170571883315,-2.777823615121));
#1197 = CARTESIAN_POINT('',(-6.154352786379,-2.736078793575));
#1198 = CARTESIAN_POINT('',(-6.138814693472,-2.694114205078));
#1199 = CARTESIAN_POINT('',(-6.122679645747,-2.650984606133));
#1200 = CARTESIAN_POINT('',(-6.104995216722,-2.605949008448));
#1201 = CARTESIAN_POINT('',(-6.088275657147,-2.560441589501));
#1202 = CARTESIAN_POINT('',(-6.058604202236,-2.469349537816));
#1203 = CARTESIAN_POINT('',(-6.045343990541,-2.423643536793));
#1204 = CARTESIAN_POINT('',(-6.037177999027,-2.379212907422));
#1205 = CARTESIAN_POINT('',(-6.025118638213,-2.332884917056));
#1206 = CARTESIAN_POINT('',(-6.036222187093,-2.294767586885));
#1207 = CARTESIAN_POINT('',(-6.026366040457,-2.248742307067));
#1208 = CARTESIAN_POINT('',(-6.050088443789,-2.215043127083));
#1209 = CARTESIAN_POINT('',(-6.069386029804,-2.179806136598));
#1210 = CARTESIAN_POINT('',(-6.097186348525,-2.147933473545));
#1211 = CARTESIAN_POINT('',(-6.161188901995,-2.088024415456));
#1212 = CARTESIAN_POINT('',(-6.197597978984,-2.060089021378));
#1213 = CARTESIAN_POINT('',(-6.238130872954,-2.03400833311));
#1214 = CARTESIAN_POINT('',(-6.27843113659,-2.009020362799));
#1215 = CARTESIAN_POINT('',(-6.323397078751,-1.985721086706));
#1216 = CARTESIAN_POINT('',(-6.366565873654,-1.963039444939));
#1217 = CARTESIAN_POINT('',(-6.404267734958,-1.940314204433));
#1218 = CARTESIAN_POINT('',(-6.445470711324,-1.918738500405));
#1219 = CARTESIAN_POINT('',(-6.484395719622,-1.897341599542));
#1220 = CARTESIAN_POINT('',(-6.600485066755,-1.834221165223));
#1221 = CARTESIAN_POINT('',(-6.675860086426,-1.793419084555));
#1222 = CARTESIAN_POINT('',(-6.750609387081,-1.752851278573));
#1223 = CARTESIAN_POINT('',(-6.822812740575,-1.712740936052));
#1224 = CARTESIAN_POINT('',(-6.900442125013,-1.66963228945));
#1225 = CARTESIAN_POINT('',(-6.978389253381,-1.624884335291));
#1226 = CARTESIAN_POINT('',(-7.051734127673,-1.579739709276));
#1227 = CARTESIAN_POINT('',(-7.127543797491,-1.531020814823));
#1228 = CARTESIAN_POINT('',(-7.200198500239,-1.480368177256));
#1229 = CARTESIAN_POINT('',(-7.341376032688,-1.37312182062));
#1230 = CARTESIAN_POINT('',(-7.409773356693,-1.316241830541));
#1231 = CARTESIAN_POINT('',(-7.473542560187,-1.258471147069));
#1232 = CARTESIAN_POINT('',(-7.537636447656,-1.187358853574));
#1233 = CARTESIAN_POINT('',(-7.586963014636,-1.130646919048));
#1234 = CARTESIAN_POINT('',(-7.642172466686,-1.044408754116));
#1235 = CARTESIAN_POINT('',(-7.682435610843,-0.967890261894));
#1236 = CARTESIAN_POINT('',(-7.715676927087,-0.882681865148));
#1237 = CARTESIAN_POINT('',(-7.736913142529,-0.7962559911));
#1238 = CARTESIAN_POINT('',(-7.752967746551,-0.62075735947));
#1239 = CARTESIAN_POINT('',(-7.747765252819,-0.531912873934));
#1240 = CARTESIAN_POINT('',(-7.730536021131,-0.442087434569));
#1241 = CARTESIAN_POINT('',(-7.704824802571,-0.359533611705));
#1242 = CARTESIAN_POINT('',(-7.666178910439,-0.264709565662));
#1243 = CARTESIAN_POINT('',(-7.627960975114,-0.199989065453));
#1244 = CARTESIAN_POINT('',(-7.577833653343,-0.118427822765));
#1245 = CARTESIAN_POINT('',(-7.525604905026,-5.004565379897E-02));
#1246 = CARTESIAN_POINT('',(-7.468663246204,1.830033871594E-02));
#1247 = CARTESIAN_POINT('',(-7.349287950925,0.149382052));
#1248 = CARTESIAN_POINT('',(-7.287029678424,0.212376520241));
#1249 = CARTESIAN_POINT('',(-7.221317944604,0.27404178399));
#1250 = CARTESIAN_POINT('',(-7.157381574493,0.331744889796));
#1251 = CARTESIAN_POINT('',(-7.08884736696,0.389892947549));
#1252 = CARTESIAN_POINT('',(-7.020328190995,0.446371255463));
#1253 = CARTESIAN_POINT('',(-6.956600966631,0.498916518882));
#1254 = CARTESIAN_POINT('',(-6.890453056227,0.552373593062));
#1255 = CARTESIAN_POINT('',(-6.823732319795,0.606174584755));
#1256 = CARTESIAN_POINT('',(-6.721022517554,0.689310751795));
#1257 = CARTESIAN_POINT('',(-6.686625881588,0.717415112163));
#1258 = CARTESIAN_POINT('',(-6.650021530155,0.74610862575));
#1259 = CARTESIAN_POINT('',(-6.617068754974,0.775297348054));
#1260 = CARTESIAN_POINT('',(-6.578731877132,0.805435123749));
#1261 = CARTESIAN_POINT('',(-6.538739746015,0.836506359157));
#1262 = CARTESIAN_POINT('',(-6.503642250469,0.868391711839));
#1263 = CARTESIAN_POINT('',(-6.468514250195,0.901393854056));
#1264 = CARTESIAN_POINT('',(-6.437778139288,0.935471685791));
#1265 = CARTESIAN_POINT('',(-6.385707904031,1.00599907545));
#1266 = CARTESIAN_POINT('',(-6.364152044901,1.042386838617));
#1267 = CARTESIAN_POINT('',(-6.351568216467,1.080540338932));
#1268 = CARTESIAN_POINT('',(-6.334353992366,1.117984399076));
#1269 = CARTESIAN_POINT('',(-6.35239743858,1.161457425856));
#1270 = CARTESIAN_POINT('',(-6.348394253637,1.200956719108));
#1271 = CARTESIAN_POINT('',(-6.368659268767,1.244327677551));
#1272 = CARTESIAN_POINT('',(-6.384751277766,1.286539186529));
#1273 = CARTESIAN_POINT('',(-6.406084357089,1.329080595418));
#1274 = CARTESIAN_POINT('',(-6.451791193371,1.413277045663));
#1275 = CARTESIAN_POINT('',(-6.476490170415,1.454995499429));
#1276 = CARTESIAN_POINT('',(-6.502052393813,1.49607489601));
#1277 = CARTESIAN_POINT('',(-6.525745125733,1.535561052125));
#1278 = CARTESIAN_POINT('',(-6.548639430022,1.57400984729));
#1279 = CARTESIAN_POINT('',(-6.572163560038,1.612118960882));
#1280 = CARTESIAN_POINT('',(-6.595574911724,1.649724268421));
#1281 = CARTESIAN_POINT('',(-6.617779098184,1.686521991927));
#1282 = CARTESIAN_POINT('',(-6.640433851927,1.723300911204));
#1283 = CARTESIAN_POINT('',(-6.685135373646,1.796483399469));
#1284 = CARTESIAN_POINT('',(-6.707284647848,1.832890415749));
#1285 = CARTESIAN_POINT('',(-6.729376362788,1.869376954914));
#1286 = CARTESIAN_POINT('',(-6.751473185049,1.90611185853));
#1287 = CARTESIAN_POINT('',(-6.773572813245,1.943188088369));
#1288 = CARTESIAN_POINT('',(-6.795624270972,1.980641755831));
#1289 = CARTESIAN_POINT('',(-6.817544199617,2.018471151307));
#1290 = CARTESIAN_POINT('',(-6.839233151315,2.056655773604));
#1291 = CARTESIAN_POINT('',(-6.860591881782,2.095175359318));
#1292 = CARTESIAN_POINT('',(-6.923429166126,2.211736018093));
#1293 = CARTESIAN_POINT('',(-6.963668576917,2.290924672633));
#1294 = CARTESIAN_POINT('',(-7.001569275047,2.371091944686));
#1295 = CARTESIAN_POINT('',(-7.036767335684,2.452841939382));
#1296 = CARTESIAN_POINT('',(-7.06841306861,2.536157510532));
#1297 = CARTESIAN_POINT('',(-7.095166471428,2.62056446313));
#1298 = CARTESIAN_POINT('',(-7.115597456364,2.706028790808));
#1299 = CARTESIAN_POINT('',(-7.128591730041,2.793427493087));
#1300 = CARTESIAN_POINT('',(-7.133363205476,2.883433517215));
#1301 = CARTESIAN_POINT('',(-7.123984445892,3.061877221727));
#1302 = CARTESIAN_POINT('',(-7.110418941791,3.150656616769));
#1303 = CARTESIAN_POINT('',(-7.081970995609,3.235846873869));
#1304 = CARTESIAN_POINT('',(-7.059929514647,3.321539453991));
#1305 = CARTESIAN_POINT('',(-6.985071110887,3.390261688308));
#1306 = CARTESIAN_POINT('',(-6.946820294862,3.461451174837));
#1307 = CARTESIAN_POINT('',(-6.866883387752,3.524102262453));
#1308 = CARTESIAN_POINT('',(-6.799929027928,3.577642135765));
#1309 = CARTESIAN_POINT('',(-6.724541188609,3.624653749307));
#1310 = CARTESIAN_POINT('',(-6.568695162875,3.706832611697));
#1311 = CARTESIAN_POINT('',(-6.487596441995,3.741919570088));
#1312 = CARTESIAN_POINT('',(-6.404190672077,3.772084104325));
#1313 = CARTESIAN_POINT('',(-6.319173667624,3.798278771903));
#1314 = CARTESIAN_POINT('',(-6.233117788936,3.821270934119));
#1315 = CARTESIAN_POINT('',(-6.14651241531,3.841634232379));
#1316 = CARTESIAN_POINT('',(-6.059795501086,3.859789245909));
#1317 = CARTESIAN_POINT('',(-5.973376214671,3.876093330813));
#1318 = CARTESIAN_POINT('',(-5.887648660387,3.890979640532));
#1319 = CARTESIAN_POINT('',(-5.760670694728,3.912228171226));
#1320 = CARTESIAN_POINT('',(-5.718528459292,3.919112264218));
#1321 = CARTESIAN_POINT('',(-5.676427331719,3.925859525616));
#1322 = CARTESIAN_POINT('',(-5.634224666776,3.93253187441));
#1323 = CARTESIAN_POINT('',(-5.59177781919,3.939191229569));
#1324 = CARTESIAN_POINT('',(-5.548944143744,3.945899510091));
#1325 = CARTESIAN_POINT('',(-5.50558099516,3.952718634942));
#1326 = CARTESIAN_POINT('',(-5.461545728213,3.959710523117));
#1327 = CARTESIAN_POINT('',(-5.416695697642,3.96693709359));
#1328 = CARTESIAN_POINT('',(-5.325080818764,3.981983437103));
#1329 = CARTESIAN_POINT('',(-5.278094203776,3.989685821479));
#1330 = CARTESIAN_POINT('',(-5.230145659198,3.99781984014));
#1331 = CARTESIAN_POINT('',(-5.182170759633,4.007018150584));
#1332 = CARTESIAN_POINT('',(-5.135372144675,4.018054776915));
#1333 = CARTESIAN_POINT('',(-5.090924807331,4.031689108951));
#1334 = CARTESIAN_POINT('',(-5.049837934499,4.048592769692));
#1335 = CARTESIAN_POINT('',(-5.012973299513,4.069359351107));
#1336 = CARTESIAN_POINT('',(-4.981220206753,4.094597018292));
#1337 = CARTESIAN_POINT('',(-4.930433769879,4.155610945602));
#1338 = CARTESIAN_POINT('',(-4.911376331731,4.191416151872));
#1339 = CARTESIAN_POINT('',(-4.897643212871,4.231436817318));
#1340 = CARTESIAN_POINT('',(-4.888474985977,4.274908744823));
#1341 = CARTESIAN_POINT('',(-4.883131550269,4.321092167198));
#1342 = CARTESIAN_POINT('',(-4.880769322139,4.369116508532));
#1343 = CARTESIAN_POINT('',(-4.88042832388,4.417964063474));
#1344 = CARTESIAN_POINT('',(-4.881129170123,4.466592594205));
#1345 = CARTESIAN_POINT('',(-4.88207995236,4.514196845343));
#1346 = CARTESIAN_POINT('',(-4.883906090149,4.607021107826));
#1347 = CARTESIAN_POINT('',(-4.884937123592,4.652437905744));
#1348 = CARTESIAN_POINT('',(-4.886051112106,4.69701088259));
#1349 = CARTESIAN_POINT('',(-4.887213046233,4.740891550633));
#1350 = CARTESIAN_POINT('',(-4.88838791648,4.784231422112));
#1351 = CARTESIAN_POINT('',(-4.8895407134,4.827182009304));
#1352 = CARTESIAN_POINT('',(-4.890636427499,4.869894824448));
#1353 = CARTESIAN_POINT('',(-4.891640049322,4.912521379814));
#1354 = CARTESIAN_POINT('',(-4.892516569389,4.955213187652));
#1355 = CARTESIAN_POINT('',(-4.894659795915,5.083938905362));
#1356 = CARTESIAN_POINT('',(-4.89557510639,5.170944525795));
#1357 = CARTESIAN_POINT('',(-4.895221683168,5.258887640031));
#1358 = CARTESIAN_POINT('',(-4.893102055531,5.347459277178));
#1359 = CARTESIAN_POINT('',(-4.888790558747,5.43632189954));
#1360 = CARTESIAN_POINT('',(-4.88179413139,5.525121132554));
#1361 = CARTESIAN_POINT('',(-4.871459859802,5.613479802115));
#1362 = CARTESIAN_POINT('',(-4.856929269651,5.700974279262));
#1363 = CARTESIAN_POINT('',(-4.837139364625,5.78709313223));
#1364 = CARTESIAN_POINT('',(-4.784601459852,5.955263039535));
#1365 = CARTESIAN_POINT('',(-4.752048637393,6.037929428563));
#1366 = CARTESIAN_POINT('',(-4.711545729967,6.113486816182));
#1367 = CARTESIAN_POINT('',(-4.664438410952,6.203464415576));
#1368 = CARTESIAN_POINT('',(-4.601370829909,6.253997059882));
#1369 = CARTESIAN_POINT('',(-4.54737168352,6.340082007997));
#1370 = CARTESIAN_POINT('',(-4.467100689346,6.377305826523));
#1371 = CARTESIAN_POINT('',(-4.388486078977,6.420738631903));
#1372 = CARTESIAN_POINT('',(-4.303641611927,6.450187236223));
#1373 = CARTESIAN_POINT('',(-4.129861457354,6.491787412762));
#1374 = CARTESIAN_POINT('',(-4.040483632603,6.503425960783));
#1375 = CARTESIAN_POINT('',(-3.952177896114,6.506505118355));
#1376 = CARTESIAN_POINT('',(-3.864425099162,6.501920025319));
#1377 = CARTESIAN_POINT('',(-3.776564977918,6.490925603819));
#1378 = CARTESIAN_POINT('',(-3.688890451531,6.47492203449));
#1379 = CARTESIAN_POINT('',(-3.602110976199,6.455141039403));
#1380 = CARTESIAN_POINT('',(-3.51639758256,6.432415094362));
#1381 = CARTESIAN_POINT('',(-3.431222223629,6.407211693411));
#1382 = CARTESIAN_POINT('',(-3.305194979111,6.366566335531));
#1383 = CARTESIAN_POINT('',(-3.263439391838,6.352551172951));
#1384 = CARTESIAN_POINT('',(-3.221953292347,6.338150493977));
#1385 = CARTESIAN_POINT('',(-3.180774614737,6.323458219));
#1386 = CARTESIAN_POINT('',(-3.13994156388,6.308568425443));
#1387 = CARTESIAN_POINT('',(-3.099470945721,6.293562778134));
#1388 = CARTESIAN_POINT('',(-3.059336497479,6.278497959449));
#1389 = CARTESIAN_POINT('',(-3.01944721795,6.263393099704));
#1390 = CARTESIAN_POINT('',(-2.979625697729,6.24821720733));
#1391 = CARTESIAN_POINT('',(-2.899547201232,6.217535991067));
#1392 = CARTESIAN_POINT('',(-2.859268236003,6.201930487856));
#1393 = CARTESIAN_POINT('',(-2.819052530252,6.186771485165));
#1394 = CARTESIAN_POINT('',(-2.777823615122,6.170571883319));
#1395 = CARTESIAN_POINT('',(-2.736078793574,6.154352786376));
#1396 = CARTESIAN_POINT('',(-2.694114205078,6.138814693475));
#1397 = CARTESIAN_POINT('',(-2.650984606133,6.122679645745));
#1398 = CARTESIAN_POINT('',(-2.605949008448,6.104995216723));
#1399 = CARTESIAN_POINT('',(-2.560441589501,6.088275657147));
#1400 = CARTESIAN_POINT('',(-2.469349537816,6.058604202236));
#1401 = CARTESIAN_POINT('',(-2.423643536793,6.045343990542));
#1402 = CARTESIAN_POINT('',(-2.379212907421,6.037177999026));
#1403 = CARTESIAN_POINT('',(-2.332884917057,6.025118638215));
#1404 = CARTESIAN_POINT('',(-2.294767586883,6.036222187091));
#1405 = CARTESIAN_POINT('',(-2.248742307068,6.026366040458));
#1406 = CARTESIAN_POINT('',(-2.215043127082,6.050088443788));
#1407 = CARTESIAN_POINT('',(-2.179806136599,6.069386029805));
#1408 = CARTESIAN_POINT('',(-2.147933473545,6.097186348525));
#1409 = CARTESIAN_POINT('',(-2.088024415456,6.161188901996));
#1410 = CARTESIAN_POINT('',(-2.060089021378,6.197597978984));
#1411 = CARTESIAN_POINT('',(-2.03400833311,6.238130872954));
#1412 = CARTESIAN_POINT('',(-2.009020362799,6.27843113659));
#1413 = CARTESIAN_POINT('',(-1.985721086706,6.323397078751));
#1414 = CARTESIAN_POINT('',(-1.963039444939,6.366565873655));
#1415 = CARTESIAN_POINT('',(-1.940314204433,6.404267734957));
#1416 = CARTESIAN_POINT('',(-1.918738500406,6.445470711324));
#1417 = CARTESIAN_POINT('',(-1.897341599543,6.484395719622));
#1418 = CARTESIAN_POINT('',(-1.834221165225,6.600485066754));
#1419 = CARTESIAN_POINT('',(-1.793419084557,6.675860086425));
#1420 = CARTESIAN_POINT('',(-1.752851278573,6.75060938708));
#1421 = CARTESIAN_POINT('',(-1.712740936054,6.822812740573));
#1422 = CARTESIAN_POINT('',(-1.669632289448,6.900442125014));
#1423 = CARTESIAN_POINT('',(-1.624884335285,6.978389253386));
#1424 = CARTESIAN_POINT('',(-1.57973970927,7.051734127678));
#1425 = CARTESIAN_POINT('',(-1.531020814816,7.127543797498));
#1426 = CARTESIAN_POINT('',(-1.480368177252,7.200198500242));
#1427 = CARTESIAN_POINT('',(-1.373121820627,7.341376032683));
#1428 = CARTESIAN_POINT('',(-1.316241830552,7.409773356682));
#1429 = CARTESIAN_POINT('',(-1.258471147114,7.473542560154));
#1430 = CARTESIAN_POINT('',(-1.18735885354,7.537636447677));
#1431 = CARTESIAN_POINT('',(-1.130646919152,7.586963014557));
#1432 = CARTESIAN_POINT('',(-1.044408754062,7.642172466726));
#1433 = CARTESIAN_POINT('',(-0.967890261851,7.682435610882));
#1434 = CARTESIAN_POINT('',(-0.882681865071,7.71567692715));
#1435 = CARTESIAN_POINT('',(-0.796255991037,7.736913142582));
#1436 = CARTESIAN_POINT('',(-0.620757359533,7.752967746499));
#1437 = CARTESIAN_POINT('',(-0.531912874094,7.747765252683));
#1438 = CARTESIAN_POINT('',(-0.44208743498,7.730536020794));
#1439 = CARTESIAN_POINT('',(-0.359533611515,7.704824802722));
#1440 = CARTESIAN_POINT('',(-0.264709566853,7.666178909456));
#1441 = CARTESIAN_POINT('',(-0.199989064292,7.627960976074));
#1442 = CARTESIAN_POINT('',(-0.118427822134,7.577833653873));
#1443 = CARTESIAN_POINT('',(-5.00456525692E-02,7.525604906048));
#1444 = CARTESIAN_POINT('',(1.830033972315E-02,7.468663247042));
#1445 = CARTESIAN_POINT('',(0.149382051415,7.349287950438));
#1446 = CARTESIAN_POINT('',(0.212376518692,7.287029677135));
#1447 = CARTESIAN_POINT('',(0.27404177805,7.22131793966));
#1448 = CARTESIAN_POINT('',(0.331744887601,7.157381572666));
#1449 = CARTESIAN_POINT('',(0.389892941679,7.088847362075));
#1450 = CARTESIAN_POINT('',(0.446371248075,7.020328184844));
#1451 = CARTESIAN_POINT('',(0.498916522276,6.956600969457));
#1452 = CARTESIAN_POINT('',(0.552373602294,6.890453063912));
#1453 = CARTESIAN_POINT('',(0.606174598488,6.823732331226));
#1454 = CARTESIAN_POINT('',(0.689310765017,6.72102252856));
#1455 = CARTESIAN_POINT('',(0.717415124419,6.686625891789));
#1456 = CARTESIAN_POINT('',(0.746108633075,6.650021536252));
#1457 = CARTESIAN_POINT('',(0.775297354902,6.617068760674));
#1458 = CARTESIAN_POINT('',(0.805435121163,6.578731874979));
#1459 = CARTESIAN_POINT('',(0.836506343479,6.538739732966));
#1460 = CARTESIAN_POINT('',(0.86839168884,6.503642231324));
#1461 = CARTESIAN_POINT('',(0.901393822124,6.468514223616));
#1462 = CARTESIAN_POINT('',(0.935471649624,6.437778109184));
#1463 = CARTESIAN_POINT('',(1.005999040785,6.385707875177));
#1464 = CARTESIAN_POINT('',(1.042386808755,6.364152020045));
#1465 = CARTESIAN_POINT('',(1.080540330293,6.351568209277));
#1466 = CARTESIAN_POINT('',(1.117984381092,6.334353977394));
#1467 = CARTESIAN_POINT('',(1.161457496419,6.352397497319));
#1468 = CARTESIAN_POINT('',(1.200956785788,6.348394309137));
#1469 = CARTESIAN_POINT('',(1.244327797456,6.368659368574));
#1470 = CARTESIAN_POINT('',(1.286539321109,6.384751389787));
#1471 = CARTESIAN_POINT('',(1.329080734635,6.40608447297));
#1472 = CARTESIAN_POINT('',(1.413277144923,6.451791275992));
#1473 = CARTESIAN_POINT('',(1.454995555673,6.476490217231));
#1474 = CARTESIAN_POINT('',(1.49607488352,6.502052383417));
#1475 = CARTESIAN_POINT('',(1.535560909579,6.52574500708));
#1476 = CARTESIAN_POINT('',(1.574009549302,6.548639181987));
#1477 = CARTESIAN_POINT('',(1.612118524704,6.572163196974));
#1478 = CARTESIAN_POINT('',(1.649723713137,6.595574449522));
#1479 = CARTESIAN_POINT('',(1.686521331825,6.617778548733));
#1480 = CARTESIAN_POINT('',(1.723300207537,6.640433266214));
#1481 = CARTESIAN_POINT('',(1.796482734372,6.685134820037));
#1482 = CARTESIAN_POINT('',(1.832889808171,6.707284142117));
#1483 = CARTESIAN_POINT('',(1.869376515699,6.729375997197));
#1484 = CARTESIAN_POINT('',(1.906111724954,6.751473073865));
#1485 = CARTESIAN_POINT('',(1.943188387229,6.773573062007));
#1486 = CARTESIAN_POINT('',(1.980642575773,6.79562495347));
#1487 = CARTESIAN_POINT('',(2.018472524438,6.817545342573));
#1488 = CARTESIAN_POINT('',(2.056657666339,6.839234726776));
#1489 = CARTESIAN_POINT('',(2.095177672504,6.860593807213));
#1490 = CARTESIAN_POINT('',(2.211739126569,6.923431753536));
#1491 = CARTESIAN_POINT('',(2.290928438581,6.963671711589));
#1492 = CARTESIAN_POINT('',(2.371093517447,7.001570584167));
#1493 = CARTESIAN_POINT('',(2.452840002325,7.036765723334));
#1494 = CARTESIAN_POINT('',(2.536151073442,7.068407710551));
#1495 = CARTESIAN_POINT('',(2.620552551681,7.09515655667));
#1496 = CARTESIAN_POINT('',(2.706013189954,7.115584470642));
#1497 = CARTESIAN_POINT('',(2.793416241605,7.128582364619));
#1498 = CARTESIAN_POINT('',(2.883438390819,7.133367262129));
#1499 = CARTESIAN_POINT('',(3.061905869652,7.124008291633));
#1500 = CARTESIAN_POINT('',(3.150708153776,7.110461839773));
#1501 = CARTESIAN_POINT('',(3.235792171147,7.081925462573));
#1502 = CARTESIAN_POINT('',(3.321806744567,7.060151999942));
#1503 = CARTESIAN_POINT('',(3.389791942038,6.984680107063));
#1504 = CARTESIAN_POINT('',(3.461646192008,6.946982621771));
#1505 = CARTESIAN_POINT('',(3.523701915939,6.866550150369));
#1506 = CARTESIAN_POINT('',(3.577602784987,6.799896273428));
#1507 = CARTESIAN_POINT('',(3.624812378555,6.724673227213));
#1508 = CARTESIAN_POINT('',(3.707318237668,6.56909938452));
#1509 = CARTESIAN_POINT('',(3.742580855491,6.488146877701));
#1510 = CARTESIAN_POINT('',(3.772690380066,6.404695319258));
#1511 = CARTESIAN_POINT('',(3.798399779309,6.319274390848));
#1512 = CARTESIAN_POINT('',(3.820471793408,6.232452606279));
#1513 = CARTESIAN_POINT('',(3.839727179293,6.144925036992));
#1514 = CARTESIAN_POINT('',(3.857047176466,6.057513078215));
#1515 = CARTESIAN_POINT('',(3.873330194503,5.971076256321));
#1516 = CARTESIAN_POINT('',(3.889402721939,5.886336076904));
#1517 = CARTESIAN_POINT('',(3.914125324165,5.762249832437));
#1518 = CARTESIAN_POINT('',(3.922394145108,5.721260206302));
#1519 = CARTESIAN_POINT('',(3.930589728556,5.680364622003));
#1520 = CARTESIAN_POINT('',(3.938610883488,5.639284666034));
#1521 = CARTESIAN_POINT('',(3.946356418865,5.597741924866));
#1522 = CARTESIAN_POINT('',(3.953725143676,5.555457985003));
#1523 = CARTESIAN_POINT('',(3.960615866878,5.512154432911));
#1524 = CARTESIAN_POINT('',(3.966927397456,5.46755285509));
#1525 = CARTESIAN_POINT('',(3.972558544376,5.421374838017));
#1526 = CARTESIAN_POINT('',(3.98225768885,5.325309098344));
#1527 = CARTESIAN_POINT('',(3.986223894191,5.275296532886));
#1528 = CARTESIAN_POINT('',(3.988981531138,5.222751121095));
#1529 = CARTESIAN_POINT('',(3.99264006793,5.170105708122));
#1530 = CARTESIAN_POINT('',(3.999246842503,5.119716939529));
#1531 = CARTESIAN_POINT('',(4.010173963112,5.073113326781));
#1532 = CARTESIAN_POINT('',(4.026558173496,5.031534718996));
#1533 = CARTESIAN_POINT('',(4.04996294624,4.996744326041));
#1534 = CARTESIAN_POINT('',(4.082432068239,4.971094438313));
#1535 = CARTESIAN_POINT('',(4.125103981947,4.955826988316));
#1536 = ( GEOMETRIC_REPRESENTATION_CONTEXT(2) 
PARAMETRIC_REPRESENTATION_CONTEXT() REPRESENTATION_CONTEXT('2D SPACE',''
  ) );
#1537 = FACE_BOUND('',#1538,.F.);
#1538 = EDGE_LOOP('',(#1539,#2227,#2908,#2942,#2979,#3013,#3694,#3728,
    #3765));
#1539 = ORIENTED_EDGE('',*,*,#1540,.F.);
#1540 = EDGE_CURVE('',#1541,#1543,#1545,.T.);
#1541 = VERTEX_POINT('',#1542);
#1542 = CARTESIAN_POINT('',(0.95,-7.137005532549,6.12174));
#1543 = VERTEX_POINT('',#1544);
#1544 = CARTESIAN_POINT('',(0.2232,-7.741374157333,5.198331115593));
#1545 = SURFACE_CURVE('',#1546,(#1724,#1973),.PCURVE_S1.);
#1546 = B_SPLINE_CURVE_WITH_KNOTS('',7,(#1547,#1548,#1549,#1550,#1551,
    #1552,#1553,#1554,#1555,#1556,#1557,#1558,#1559,#1560,#1561,#1562,
    #1563,#1564,#1565,#1566,#1567,#1568,#1569,#1570,#1571,#1572,#1573,
    #1574,#1575,#1576,#1577,#1578,#1579,#1580,#1581,#1582,#1583,#1584,
    #1585,#1586,#1587,#1588,#1589,#1590,#1591,#1592,#1593,#1594,#1595,
    #1596,#1597,#1598,#1599,#1600,#1601,#1602,#1603,#1604,#1605,#1606,
    #1607,#1608,#1609,#1610,#1611,#1612,#1613,#1614,#1615,#1616,#1617,
    #1618,#1619,#1620,#1621,#1622,#1623,#1624,#1625,#1626,#1627,#1628,
    #1629,#1630,#1631,#1632,#1633,#1634,#1635,#1636,#1637,#1638,#1639,
    #1640,#1641,#1642,#1643,#1644,#1645,#1646,#1647,#1648,#1649,#1650,
    #1651,#1652,#1653,#1654,#1655,#1656,#1657,#1658,#1659,#1660,#1661,
    #1662,#1663,#1664,#1665,#1666,#1667,#1668,#1669,#1670,#1671,#1672,
    #1673,#1674,#1675,#1676,#1677,#1678,#1679,#1680,#1681,#1682,#1683,
    #1684,#1685,#1686,#1687,#1688,#1689,#1690,#1691,#1692,#1693,#1694,
    #1695,#1696,#1697,#1698,#1699,#1700,#1701,#1702,#1703,#1704,#1705,
    #1706,#1707,#1708,#1709,#1710,#1711,#1712,#1713,#1714,#1715,#1716,
    #1717,#1718,#1719,#1720,#1721,#1722,#1723),.UNSPECIFIED.,.T.,.F.,(8,
    6,6,6,6,6,6,6,6,6,6,6,6,6,6,6,6,6,1,6,6,6,6,6,6,6,6,6,6,6,8),(0.,
    2.416421720891E-02,4.597023152871E-02,9.503627798898E-02,
    0.143051622976,0.19871896144,0.23823182261,0.296001519189,
    0.363462450993,0.423153773247,0.495637762334,0.537944943824,
    0.597412854375,0.641921215099,0.686430751849,0.763442289048,
    0.829129188002,0.890104720964,1.,1.038066653095,1.079577052113,
    1.134759069126,1.203100257355,1.274519362757,1.353917317506,
    1.400127417966,1.464696908921,1.504187212484,1.537561629744,
    1.595916526132,1.690845810865),.UNSPECIFIED.);
#1547 = CARTESIAN_POINT('',(0.95,-7.137005532549,6.12174));
#1548 = CARTESIAN_POINT('',(0.950000000136,-7.137005532366,
    6.109719707612));
#1549 = CARTESIAN_POINT('',(0.949822581605,-7.137242655381,
    6.097700184436));
#1550 = CARTESIAN_POINT('',(0.949467733678,-7.137716908817,
    6.085689223699));
#1551 = CARTESIAN_POINT('',(0.948935989732,-7.138427361372,6.07369488384
    ));
#1552 = CARTESIAN_POINT('',(0.948228427243,-7.139372143217,
    6.061725488502));
#1553 = CARTESIAN_POINT('',(0.947346667789,-7.140548445994,
    6.049789626541));
#1554 = CARTESIAN_POINT('',(0.945341926488,-7.1432195748,6.027163370005)
  );
#1555 = CARTESIAN_POINT('',(0.944247650456,-7.144676417827,
    6.016428461916));
#1556 = CARTESIAN_POINT('',(0.943009353468,-7.146323355166,
    6.005691459807));
#1557 = CARTESIAN_POINT('',(0.941626192189,-7.148160715643,
    5.994952400923));
#1558 = CARTESIAN_POINT('',(0.940097175441,-7.150188853641,
    5.984211327687));
#1559 = CARTESIAN_POINT('',(0.938421164197,-7.152408149102,
    5.973468287712));
#1560 = CARTESIAN_POINT('',(0.932492002873,-7.16024371694,5.938545948567
    ));
#1561 = CARTESIAN_POINT('',(0.927690919554,-7.166566221495,
    5.914680590918));
#1562 = CARTESIAN_POINT('',(0.9222234687,-7.17373312812,5.89117777126));
#1563 = CARTESIAN_POINT('',(0.916122835753,-7.181683840886,
    5.868075033808));
#1564 = CARTESIAN_POINT('',(0.909423237341,-7.190354228961,
    5.845398614549));
#1565 = CARTESIAN_POINT('',(0.902157614091,-7.199680294569,
    5.823165099204));
#1566 = CARTESIAN_POINT('',(0.886720111235,-7.219310927096,
    5.780067503837));
#1567 = CARTESIAN_POINT('',(0.87857122118,-7.22958994345,5.759184871646)
  );
#1568 = CARTESIAN_POINT('',(0.869935925873,-7.240382619604,
    5.738741562052));
#1569 = CARTESIAN_POINT('',(0.860839139794,-7.251634940695,
    5.718739167718));
#1570 = CARTESIAN_POINT('',(0.851302846375,-7.263295989155,5.69917529592
    ));
#1571 = CARTESIAN_POINT('',(0.841345525064,-7.275318786465,
    5.680044367926));
#1572 = CARTESIAN_POINT('',(0.818965975318,-7.301970428901,
    5.639651384247));
#1573 = CARTESIAN_POINT('',(0.806404412796,-7.31670742535,5.618536763679
    ));
#1574 = CARTESIAN_POINT('',(0.79332155228,-7.331811107107,5.597984552045
    ));
#1575 = CARTESIAN_POINT('',(0.779729585898,-7.347203815747,
    5.577974773555));
#1576 = CARTESIAN_POINT('',(0.765652399901,-7.362859483211,
    5.558508984536));
#1577 = CARTESIAN_POINT('',(0.751088868468,-7.378698336955,
    5.539561322382));
#1578 = CARTESIAN_POINT('',(0.725359906027,-7.406007270331,
    5.508031256632));
#1579 = CARTESIAN_POINT('',(0.714435086733,-7.417410565134,
    5.495197610386));
#1580 = CARTESIAN_POINT('',(0.703266686017,-7.428860220714,
    5.482614694143));
#1581 = CARTESIAN_POINT('',(0.691853947952,-7.440336651883,
    5.470278394911));
#1582 = CARTESIAN_POINT('',(0.680195177531,-7.451820662531,
    5.458185420159));
#1583 = CARTESIAN_POINT('',(0.668287740669,-7.463293445624,5.44633329782
    ));
#1584 = CARTESIAN_POINT('',(0.638350034492,-7.491466998727,
    5.417741728492));
#1585 = CARTESIAN_POINT('',(0.619471205117,-7.508662165936,
    5.400738413252));
#1586 = CARTESIAN_POINT('',(0.599393838103,-7.526282895046,
    5.383737245531));
#1587 = CARTESIAN_POINT('',(0.57795744209,-7.544312761842,5.366735795669
    ));
#1588 = CARTESIAN_POINT('',(0.554929554297,-7.562758933992,
    5.349710884251));
#1589 = CARTESIAN_POINT('',(0.529972505218,-7.581627497845,
    5.332645167475));
#1590 = CARTESIAN_POINT('',(0.470605593772,-7.623347677355,
    5.295634294438));
#1591 = CARTESIAN_POINT('',(0.437274344577,-7.644960542533,
    5.276911754528));
#1592 = CARTESIAN_POINT('',(0.402541818268,-7.665503305097,
    5.259461585612));
#1593 = CARTESIAN_POINT('',(0.366314209469,-7.684792213258,
    5.243379262402));
#1594 = CARTESIAN_POINT('',(0.328635174346,-7.70260784715,5.228831585026
    ));
#1595 = CARTESIAN_POINT('',(0.289669382845,-7.718673150989,
    5.216021659475));
#1596 = CARTESIAN_POINT('',(0.213936189616,-7.745054784953,
    5.195409097458));
#1597 = CARTESIAN_POINT('',(0.177426482631,-7.755844421436,
    5.187192026666));
#1598 = CARTESIAN_POINT('',(0.140082014171,-7.76476756715,5.180576940252
    ));
#1599 = CARTESIAN_POINT('',(0.102064150865,-7.771574734739,
    5.175673617276));
#1600 = CARTESIAN_POINT('',(6.357344729922E-02,-7.776038281626,
    5.172559078744));
#1601 = CARTESIAN_POINT('',(2.484964602648E-02,-7.777952410018,
    5.171277587605));
#1602 = CARTESIAN_POINT('',(-6.079550859765E-02,-7.776138348783,
    5.172524381607));
#1603 = CARTESIAN_POINT('',(-0.107627216897,-7.771197847498,
    5.175941301557));
#1604 = CARTESIAN_POINT('',(-0.153836975936,-7.762740392446,
    5.182003980414));
#1605 = CARTESIAN_POINT('',(-0.199039184663,-7.751186507176,
    5.190583749139));
#1606 = CARTESIAN_POINT('',(-0.242949112384,-7.736948509384,
    5.201510697837));
#1607 = CARTESIAN_POINT('',(-0.285382898758,-7.72043051092,
    5.214573675759));
#1608 = CARTESIAN_POINT('',(-0.35011511836,-7.691287553431,
    5.238244275515));
#1609 = CARTESIAN_POINT('',(-0.373443144398,-7.679896716735,
    5.247620245868));
#1610 = CARTESIAN_POINT('',(-0.396216784798,-7.66791826816,
    5.257602009891));
#1611 = CARTESIAN_POINT('',(-0.418422702378,-7.65541065254,
    5.268150285317));
#1612 = CARTESIAN_POINT('',(-0.440059069888,-7.642428399078,
    5.279232700083));
#1613 = CARTESIAN_POINT('',(-0.461135570014,-7.629022121342,
    5.29082379233));
#1614 = CARTESIAN_POINT('',(-0.510541817198,-7.595863978349,
    5.31988663788));
#1615 = CARTESIAN_POINT('',(-0.538334624452,-7.575749759637,
    5.33783370768));
#1616 = CARTESIAN_POINT('',(-0.565089625004,-7.55503252441,5.35669369239
    ));
#1617 = CARTESIAN_POINT('',(-0.590844304391,-7.533846166087,
    5.376430760937));
#1618 = CARTESIAN_POINT('',(-0.615633989118,-7.512321716567,
    5.397026052508));
#1619 = CARTESIAN_POINT('',(-0.639490009956,-7.49058725457,
    5.418477950461));
#1620 = CARTESIAN_POINT('',(-0.67961303436,-7.4524371993,5.457510908731)
  );
#1621 = CARTESIAN_POINT('',(-0.695785959049,-7.436528567881,
    5.474227939512));
#1622 = CARTESIAN_POINT('',(-0.711059066544,-7.421061050619,
    5.490948718059));
#1623 = CARTESIAN_POINT('',(-0.725514075418,-7.406047737147,
    5.507672751181));
#1624 = CARTESIAN_POINT('',(-0.739215852095,-7.391498024377,
    5.524401191073));
#1625 = CARTESIAN_POINT('',(-0.752216267363,-7.377419965035,
    5.541134243359));
#1626 = CARTESIAN_POINT('',(-0.776900164505,-7.350224908099,
    5.574603349089));
#1627 = CARTESIAN_POINT('',(-0.788584806688,-7.337107192486,
    5.591341230771));
#1628 = CARTESIAN_POINT('',(-0.799656453873,-7.32447314229,5.60808265606
    ));
#1629 = CARTESIAN_POINT('',(-0.810150255781,-7.312319820596,
    5.624826487362));
#1630 = CARTESIAN_POINT('',(-0.820096220982,-7.300645629133,
    5.641572787635));
#1631 = CARTESIAN_POINT('',(-0.82952064571,-7.289451698253,
    5.658322523759));
#1632 = CARTESIAN_POINT('',(-0.853885566732,-7.260197386605,
    5.704058375942));
#1633 = CARTESIAN_POINT('',(-0.868357342968,-7.242458128624,
    5.734040500533));
#1634 = CARTESIAN_POINT('',(-0.881805925714,-7.225672737166,
    5.765050694348));
#1635 = CARTESIAN_POINT('',(-0.894152983505,-7.210022247089,
    5.797099807966));
#1636 = CARTESIAN_POINT('',(-0.905300301677,-7.195711061939,
    5.830174112776));
#1637 = CARTESIAN_POINT('',(-0.91513806867,-7.182953969654,
    5.864225819031));
#1638 = CARTESIAN_POINT('',(-0.930738271893,-7.162571676882,
    5.928955994039));
#1639 = CARTESIAN_POINT('',(-0.936888099376,-7.15446651463,
    5.959398113151));
#1640 = CARTESIAN_POINT('',(-0.941934118032,-7.147771263784,
    5.990405660956));
#1641 = CARTESIAN_POINT('',(-0.945809208024,-7.142605735765,
    6.021876290816));
#1642 = CARTESIAN_POINT('',(-0.948459879074,-7.139063751017,
    6.053683884327));
#1643 = CARTESIAN_POINT('',(-0.949854464152,-7.137200039711,
    6.085677009454));
#1644 = CARTESIAN_POINT('',(-0.950118346758,-7.136847363401,
    6.147382534448));
#1645 = CARTESIAN_POINT('',(-0.949161696406,-7.138125809389,
    6.177106317025));
#1646 = CARTESIAN_POINT('',(-0.947119264564,-7.140856265358,
    6.206706635381));
#1647 = CARTESIAN_POINT('',(-0.94401155485,-7.14500335557,6.23605917708)
  );
#1648 = CARTESIAN_POINT('',(-0.939876419366,-7.150500929568,
    6.265056712883));
#1649 = CARTESIAN_POINT('',(-0.93476380601,-7.157260448155,
    6.293608401371));
#1650 = CARTESIAN_POINT('',(-0.917856780239,-7.17945152108,
    6.372158385345));
#1651 = CARTESIAN_POINT('',(-0.899198095881,-7.203727335461,
    6.437859537833));
#1652 = CARTESIAN_POINT('',(-0.875696710211,-7.233778816991,
    6.499901870198));
#1653 = CARTESIAN_POINT('',(-0.848139833673,-7.268069023534,
    6.558010573955));
#1654 = CARTESIAN_POINT('',(-0.817156808226,-7.305145802853,
    6.612287136727));
#1655 = CARTESIAN_POINT('',(-0.782939128002,-7.344267013596,
    6.663116384803));
#1656 = CARTESIAN_POINT('',(-0.74563836876,-7.384486412224,
    6.710606363816));
#1657 = CARTESIAN_POINT('',(-0.725147478709,-7.4062295497,6.735699873211
    ));
#1658 = CARTESIAN_POINT('',(-0.714214724476,-7.417637697427,
    6.748533817528));
#1659 = CARTESIAN_POINT('',(-0.70303820949,-7.429091962223,
    6.761116915224));
#1660 = CARTESIAN_POINT('',(-0.691617165167,-7.44057274408,
    6.773453275662));
#1661 = CARTESIAN_POINT('',(-0.679949883825,-7.452060831078,
    6.785546185268));
#1662 = CARTESIAN_POINT('',(-0.668033718687,-7.46353739938,
    6.797398107537));
#1663 = CARTESIAN_POINT('',(-0.639688659919,-7.490200615713,
    6.824447907282));
#1664 = CARTESIAN_POINT('',(-0.622606122302,-7.505796755924,
    6.839900929289));
#1665 = CARTESIAN_POINT('',(-0.604538439305,-7.521747917784,
    6.855355002831));
#1666 = CARTESIAN_POINT('',(-0.585366738727,-7.538042905637,
    6.870812288112));
#1667 = CARTESIAN_POINT('',(-0.564925794787,-7.554682880672,
    6.886286015539));
#1668 = CARTESIAN_POINT('',(-0.542985719352,-7.571667987813,
    6.901786008995));
#1669 = CARTESIAN_POINT('',(-0.48979106382,-7.61040151788,6.936503669136
    ));
#1670 = CARTESIAN_POINT('',(-0.459179695301,-7.631138344682,
    6.95466879493));
#1671 = CARTESIAN_POINT('',(-0.427377136413,-7.651018713262,
    6.971732167849));
#1672 = CARTESIAN_POINT('',(-0.394272515457,-7.669876056029,
    6.987648332624));
#1673 = CARTESIAN_POINT('',(-0.359861885524,-7.687540832271,
    7.002301287606));
#1674 = CARTESIAN_POINT('',(-0.324261059883,-7.703821345878,
    7.015518753764));
#1675 = CARTESIAN_POINT('',(-0.24913260247,-7.733768426714,7.03937580992
    ));
#1676 = CARTESIAN_POINT('',(-0.209494932566,-7.747311901406,
    7.049887067144));
#1677 = CARTESIAN_POINT('',(-0.168722233269,-7.758762049316,
    7.05852185553));
#1678 = CARTESIAN_POINT('',(-0.126992900941,-7.767794501888,
    7.065122904286));
#1679 = CARTESIAN_POINT('',(-8.455258711876E-02,-7.774094023333,
    7.069572169859));
#1680 = CARTESIAN_POINT('',(-4.171419851231E-02,-7.777354510631,
    7.071790835943));
#1681 = CARTESIAN_POINT('',(4.878625462935E-02,-7.777195039752,
    7.071682034982));
#1682 = CARTESIAN_POINT('',(9.639400524902E-02,-7.772986224463,
    7.06880968073));
#1683 = CARTESIAN_POINT('',(0.143439170199,-7.76508503901,7.063195615531
    ));
#1684 = CARTESIAN_POINT('',(0.189502927556,-7.753922650416,
    7.054962043176));
#1685 = CARTESIAN_POINT('',(0.23427381812,-7.739928901384,7.044280006438
    ));
#1686 = CARTESIAN_POINT('',(0.277547745423,-7.723532310289,7.03136938707
    ));
#1687 = CARTESIAN_POINT('',(0.343486127401,-7.694467314456,
    7.007844193786));
#1688 = CARTESIAN_POINT('',(0.36720815877,-7.683095480286,6.998513842827
    ));
#1689 = CARTESIAN_POINT('',(0.390366303313,-7.671110686167,6.98855604952
    ));
#1690 = CARTESIAN_POINT('',(0.412944973789,-7.658574503951,
    6.978012086619));
#1691 = CARTESIAN_POINT('',(0.434940762228,-7.645543959845,
    6.966916303038));
#1692 = CARTESIAN_POINT('',(0.456362439929,-7.632071534411,
    6.955296123849));
#1693 = CARTESIAN_POINT('',(0.506390590118,-7.598829645915,
    6.926231051447));
#1694 = CARTESIAN_POINT('',(0.534459856952,-7.578691324302,
    6.908308371641));
#1695 = CARTESIAN_POINT('',(0.561476640073,-7.557929451485,
    6.889459132538));
#1696 = CARTESIAN_POINT('',(0.587478930601,-7.536680431113,
    6.869721305952));
#1697 = CARTESIAN_POINT('',(0.61250287422,-7.515077637817,6.849115414157
    ));
#1698 = CARTESIAN_POINT('',(0.636580816743,-7.493251238309,
    6.827644230203));
#1699 = CARTESIAN_POINT('',(0.673902965973,-7.457919902368,6.7916222842)
  );
#1700 = CARTESIAN_POINT('',(0.687386943425,-7.444793538317,
    6.777946792194));
#1701 = CARTESIAN_POINT('',(0.700249449905,-7.431959154014,
    6.764268233909));
#1702 = CARTESIAN_POINT('',(0.712538546022,-7.419424326134,
    6.750586981701));
#1703 = CARTESIAN_POINT('',(0.724293833719,-7.407194988451,
    6.736902675439));
#1704 = CARTESIAN_POINT('',(0.735548104877,-7.395276445987,
    6.723215349352));
#1705 = CARTESIAN_POINT('',(0.755440233038,-7.373869149581,
    6.697957759341));
#1706 = CARTESIAN_POINT('',(0.764366661358,-7.36412487307,6.68619328928)
  );
#1707 = CARTESIAN_POINT('',(0.77310775827,-7.354455437017,6.674229458899
    ));
#1708 = CARTESIAN_POINT('',(0.781662033745,-7.344874525454,
    6.662062847363));
#1709 = CARTESIAN_POINT('',(0.790027024343,-7.335395629032,
    6.649690302784));
#1710 = CARTESIAN_POINT('',(0.798199293214,-7.326032045021,
    6.637108942225));
#1711 = CARTESIAN_POINT('',(0.820118891898,-7.300649261876,
    6.601948061794));
#1712 = CARTESIAN_POINT('',(0.833460017019,-7.284897146591,
    6.578934874703));
#1713 = CARTESIAN_POINT('',(0.84617805202,-7.269613713845,6.555258207143
    ));
#1714 = CARTESIAN_POINT('',(0.858243527255,-7.254883414437,
    6.530903169089));
#1715 = CARTESIAN_POINT('',(0.86961847943,-7.240800281155,6.505860234736
    ));
#1716 = CARTESIAN_POINT('',(0.880257674172,-7.22746624235,6.480127113459
    ));
#1717 = CARTESIAN_POINT('',(0.906136897933,-7.194692692279,
    6.410737384418));
#1718 = CARTESIAN_POINT('',(0.920102127531,-7.176637983023,
    6.365900360584));
#1719 = CARTESIAN_POINT('',(0.931743737562,-7.161338611857,
    6.319303400252));
#1720 = CARTESIAN_POINT('',(0.940777043803,-7.149332734062,
    6.271156858241));
#1721 = CARTESIAN_POINT('',(0.946926759027,-7.141112652655,
    6.221806233315));
#1722 = CARTESIAN_POINT('',(0.949999999988,-7.137005532588,
    6.171763338265));
#1723 = CARTESIAN_POINT('',(0.949999999988,-7.137005532588,6.12174));
#1724 = PCURVE('',#368,#1725);
#1725 = DEFINITIONAL_REPRESENTATION('',(#1726),#1972);
#1726 = B_SPLINE_CURVE_WITH_KNOTS('',3,(#1727,#1728,#1729,#1730,#1731,
    #1732,#1733,#1734,#1735,#1736,#1737,#1738,#1739,#1740,#1741,#1742,
    #1743,#1744,#1745,#1746,#1747,#1748,#1749,#1750,#1751,#1752,#1753,
    #1754,#1755,#1756,#1757,#1758,#1759,#1760,#1761,#1762,#1763,#1764,
    #1765,#1766,#1767,#1768,#1769,#1770,#1771,#1772,#1773,#1774,#1775,
    #1776,#1777,#1778,#1779,#1780,#1781,#1782,#1783,#1784,#1785,#1786,
    #1787,#1788,#1789,#1790,#1791,#1792,#1793,#1794,#1795,#1796,#1797,
    #1798,#1799,#1800,#1801,#1802,#1803,#1804,#1805,#1806,#1807,#1808,
    #1809,#1810,#1811,#1812,#1813,#1814,#1815,#1816,#1817,#1818,#1819,
    #1820,#1821,#1822,#1823,#1824,#1825,#1826,#1827,#1828,#1829,#1830,
    #1831,#1832,#1833,#1834,#1835,#1836,#1837,#1838,#1839,#1840,#1841,
    #1842,#1843,#1844,#1845,#1846,#1847,#1848,#1849,#1850,#1851,#1852,
    #1853,#1854,#1855,#1856,#1857,#1858,#1859,#1860,#1861,#1862,#1863,
    #1864,#1865,#1866,#1867,#1868,#1869,#1870,#1871,#1872,#1873,#1874,
    #1875,#1876,#1877,#1878,#1879,#1880,#1881,#1882,#1883,#1884,#1885,
    #1886,#1887,#1888,#1889,#1890,#1891,#1892,#1893,#1894,#1895,#1896,
    #1897,#1898,#1899,#1900,#1901,#1902,#1903,#1904,#1905,#1906,#1907,
    #1908,#1909,#1910,#1911,#1912,#1913,#1914,#1915,#1916,#1917,#1918,
    #1919,#1920,#1921,#1922,#1923,#1924,#1925,#1926,#1927,#1928,#1929,
    #1930,#1931,#1932,#1933,#1934,#1935,#1936,#1937,#1938,#1939,#1940,
    #1941,#1942,#1943,#1944,#1945,#1946,#1947,#1948,#1949,#1950,#1951,
    #1952,#1953,#1954,#1955,#1956,#1957,#1958,#1959,#1960,#1961,#1962,
    #1963,#1964,#1965,#1966,#1967,#1968,#1969,#1970,#1971),
  .UNSPECIFIED.,.F.,.F.,(4,1,1,1,1,1,1,1,1,1,1,1,1,1,1,1,1,1,1,1,1,1,1,1
    ,1,1,1,1,1,1,1,1,1,1,1,1,1,1,1,1,1,1,1,1,1,1,1,1,1,1,1,1,1,1,1,1,1,1
    ,1,1,1,1,1,1,1,1,1,1,1,1,1,1,1,1,1,1,1,1,1,1,1,1,1,1,1,1,1,1,1,1,1,1
    ,1,1,1,1,1,1,1,1,1,1,1,1,1,1,1,1,1,1,1,1,1,1,1,1,1,1,1,1,1,1,1,1,1,1
    ,1,1,1,1,1,1,1,1,1,1,1,1,1,1,1,1,1,1,1,1,1,1,1,1,1,1,1,1,1,1,1,1,1,1
    ,1,1,1,1,1,1,1,1,1,1,1,1,1,1,1,1,1,1,1,1,1,1,1,1,1,1,1,1,1,1,1,1,1,1
    ,1,1,1,1,1,1,1,1,1,1,1,1,1,1,1,1,1,1,1,1,1,1,1,1,1,1,1,1,1,1,1,1,1,1
    ,1,1,1,1,1,1,1,1,1,1,1,1,1,1,4),(0.,6.986966160601E-03,
    1.39739323212E-02,2.09608984818E-02,2.79478646424E-02,
    3.4934830803E-02,4.192179696361E-02,4.890876312421E-02,
    5.589572928481E-02,6.288269544541E-02,6.986966160601E-02,
    7.685662776661E-02,8.384359392721E-02,9.083056008781E-02,
    9.781752624841E-02,0.104804492409,0.11179145857,0.11877842473,
    0.125765390891,0.132752357051,0.139739323212,0.146726289373,
    0.153713255533,0.160700221694,0.167687187854,0.174674154015,
    0.181661120176,0.188648086336,0.195635052497,0.202622018657,
    0.209608984818,0.216595950979,0.223582917139,0.2305698833,
    0.23755684946,0.244543815621,0.251530781782,0.258517747942,
    0.265504714103,0.272491680263,0.279478646424,0.286465612585,
    0.293452578745,0.300439544906,0.307426511066,0.314413477227,
    0.321400443388,0.328387409548,0.335374375709,0.342361341869,
    0.34934830803,0.356335274191,0.363322240351,0.370309206512,
    0.377296172672,0.384283138833,0.391270104994,0.398257071154,
    0.405244037315,0.412231003475,0.419217969636,0.426204935797,
    0.433191901957,0.440178868118,0.447165834278,0.454152800439,
    0.4611397666,0.46812673276,0.475113698921,0.482100665081,
    0.489087631242,0.496074597403,0.503061563563,0.510048529724,
    0.517035495884,0.524022462045,0.531009428206,0.537996394366,
    0.544983360527,0.551970326687,0.558957292848,0.565944259009,
    0.572931225169,0.57991819133,0.58690515749,0.593892123651,
    0.600879089812,0.607866055972,0.614853022133,0.621839988293,
    0.628826954454,0.635813920615,0.642800886775,0.649787852936,
    0.656774819096,0.663761785257,0.670748751418,0.677735717578,
    0.684722683739,0.691709649899,0.69869661606,0.705683582221,
    0.712670548381,0.719657514542,0.726644480702,0.733631446863,
    0.740618413024,0.747605379184,0.754592345345,0.761579311505,
    0.768566277666,0.775553243827,0.782540209987,0.789527176148,
    0.796514142308,0.803501108469,0.81048807463,0.81747504079,
    0.824462006951,0.831448973111,0.838435939272,0.845422905433,
    0.852409871593,0.859396837754,0.866383803915,0.873370770075,
    0.880357736236,0.887344702396,0.894331668557,0.901318634718,
    0.908305600878,0.915292567039,0.922279533199,0.92926649936,
    0.936253465521,0.943240431681,0.950227397842,0.957214364002,
    0.964201330163,0.971188296324,0.978175262484,0.985162228645,
    0.992149194805,0.999136160966,1.006123127127,1.013110093287,
    1.020097059448,1.027084025608,1.034070991769,1.04105795793,
    1.04804492409,1.055031890251,1.062018856411,1.069005822572,
    1.075992788733,1.082979754893,1.089966721054,1.096953687214,
    1.103940653375,1.110927619536,1.117914585696,1.124901551857,
    1.131888518017,1.138875484178,1.145862450339,1.152849416499,
    1.15983638266,1.16682334882,1.173810314981,1.180797281142,
    1.187784247302,1.194771213463,1.201758179623,1.208745145784,
    1.215732111945,1.222719078105,1.229706044266,1.236693010426,
    1.243679976587,1.250666942748,1.257653908908,1.264640875069,
    1.271627841229,1.27861480739,1.285601773551,1.292588739711,
    1.299575705872,1.306562672032,1.313549638193,1.320536604354,
    1.327523570514,1.334510536675,1.341497502835,1.348484468996,
    1.355471435157,1.362458401317,1.369445367478,1.376432333638,
    1.383419299799,1.39040626596,1.39739323212,1.404380198281,
    1.411367164441,1.418354130602,1.425341096763,1.432328062923,
    1.439315029084,1.446301995244,1.453288961405,1.460275927566,
    1.467262893726,1.474249859887,1.481236826047,1.488223792208,
    1.495210758369,1.502197724529,1.50918469069,1.51617165685,
    1.523158623011,1.530145589172,1.537132555332,1.544119521493,
    1.551106487653,1.558093453814,1.565080419975,1.572067386135,
    1.579054352296,1.586041318456,1.593028284617,1.600015250778,
    1.607002216938,1.613989183099,1.620976149259,1.62796311542,
    1.634950081581,1.641937047741,1.648924013902,1.655910980062,
    1.662897946223,1.669884912384,1.676871878544,1.683858844705,
    1.690845810865),.QUASI_UNIFORM_KNOTS.);
#1727 = CARTESIAN_POINT('',(41.042556084746,-4.93074));
#1728 = CARTESIAN_POINT('',(41.042556623251,-4.922630374913));
#1729 = CARTESIAN_POINT('',(41.042210209773,-4.906411346868));
#1730 = CARTESIAN_POINT('',(41.040658844301,-4.882127191196));
#1731 = CARTESIAN_POINT('',(41.03808209089,-4.857923855046));
#1732 = CARTESIAN_POINT('',(41.034501597981,-4.83386327563));
#1733 = CARTESIAN_POINT('',(41.029896225116,-4.809775859638));
#1734 = CARTESIAN_POINT('',(41.024266646743,-4.785694154348));
#1735 = CARTESIAN_POINT('',(41.017589786049,-4.761563836038));
#1736 = CARTESIAN_POINT('',(41.009966666727,-4.737719152724));
#1737 = CARTESIAN_POINT('',(41.001438107898,-4.714177775014));
#1738 = CARTESIAN_POINT('',(40.992044973963,-4.690964563465));
#1739 = CARTESIAN_POINT('',(40.981829587016,-4.668097459106));
#1740 = CARTESIAN_POINT('',(40.970834492669,-4.645591573671));
#1741 = CARTESIAN_POINT('',(40.959101968068,-4.623458405941));
#1742 = CARTESIAN_POINT('',(40.946673244613,-4.601706353943));
#1743 = CARTESIAN_POINT('',(40.933588334382,-4.580341099341));
#1744 = CARTESIAN_POINT('',(40.919885109547,-4.55936505082));
#1745 = CARTESIAN_POINT('',(40.905599813543,-4.538779184453));
#1746 = CARTESIAN_POINT('',(40.890766829234,-4.518582943056));
#1747 = CARTESIAN_POINT('',(40.875418521419,-4.498774413665));
#1748 = CARTESIAN_POINT('',(40.859585101638,-4.479350506867));
#1749 = CARTESIAN_POINT('',(40.843294346902,-4.460306850569));
#1750 = CARTESIAN_POINT('',(40.826572786671,-4.441639603715));
#1751 = CARTESIAN_POINT('',(40.80944429887,-4.423343453994));
#1752 = CARTESIAN_POINT('',(40.79193133574,-4.405413210309));
#1753 = CARTESIAN_POINT('',(40.774054344607,-4.387843925607));
#1754 = CARTESIAN_POINT('',(40.755832457715,-4.370630537164));
#1755 = CARTESIAN_POINT('',(40.737283471668,-4.353767416243));
#1756 = CARTESIAN_POINT('',(40.718424084713,-4.337248222307));
#1757 = CARTESIAN_POINT('',(40.699269395195,-4.321066633427));
#1758 = CARTESIAN_POINT('',(40.67983414316,-4.305217898288));
#1759 = CARTESIAN_POINT('',(40.66012999694,-4.289696139788));
#1760 = CARTESIAN_POINT('',(40.64017268404,-4.274499810143));
#1761 = CARTESIAN_POINT('',(40.619958465157,-4.259614930905));
#1762 = CARTESIAN_POINT('',(40.599551616178,-4.245076959841));
#1763 = CARTESIAN_POINT('',(40.578758066594,-4.230740083383));
#1764 = CARTESIAN_POINT('',(40.55716590366,-4.216339753436));
#1765 = CARTESIAN_POINT('',(40.534837876776,-4.20194971535));
#1766 = CARTESIAN_POINT('',(40.511696979086,-4.18755059792));
#1767 = CARTESIAN_POINT('',(40.487686690995,-4.173144608733));
#1768 = CARTESIAN_POINT('',(40.462727017298,-4.158726371864));
#1769 = CARTESIAN_POINT('',(40.436725410679,-4.144294033099));
#1770 = CARTESIAN_POINT('',(40.40957175337,-4.129844864922));
#1771 = CARTESIAN_POINT('',(40.38114152434,-4.115394317162));
#1772 = CARTESIAN_POINT('',(40.352626161878,-4.101586763726));
#1773 = CARTESIAN_POINT('',(40.323836421332,-4.088330387445));
#1774 = CARTESIAN_POINT('',(40.294840164541,-4.075677469578));
#1775 = CARTESIAN_POINT('',(40.265648737075,-4.063647787911));
#1776 = CARTESIAN_POINT('',(40.236268475325,-4.052275634624));
#1777 = CARTESIAN_POINT('',(40.206677806022,-4.041596348683));
#1778 = CARTESIAN_POINT('',(40.176868700818,-4.031648622475));
#1779 = CARTESIAN_POINT('',(40.146834639968,-4.022471649014));
#1780 = CARTESIAN_POINT('',(40.116572424357,-4.014104584762));
#1781 = CARTESIAN_POINT('',(40.086067849708,-4.006579361491));
#1782 = CARTESIAN_POINT('',(40.055331405918,-3.999938281899));
#1783 = CARTESIAN_POINT('',(40.024382874402,-3.994222568071));
#1784 = CARTESIAN_POINT('',(39.993242543088,-3.989467181945));
#1785 = CARTESIAN_POINT('',(39.961934755108,-3.985702219489));
#1786 = CARTESIAN_POINT('',(39.930488244139,-3.982952508067));
#1787 = CARTESIAN_POINT('',(39.898936651302,-3.981237822796));
#1788 = CARTESIAN_POINT('',(39.86732065553,-3.980572423762));
#1789 = CARTESIAN_POINT('',(39.835681875043,-3.980966690793));
#1790 = CARTESIAN_POINT('',(39.804098440953,-3.9824223416));
#1791 = CARTESIAN_POINT('',(39.772611434341,-3.984917625372));
#1792 = CARTESIAN_POINT('',(39.741258400644,-3.988430977134));
#1793 = CARTESIAN_POINT('',(39.710070195636,-3.992936988881));
#1794 = CARTESIAN_POINT('',(39.679071531064,-3.998407493864));
#1795 = CARTESIAN_POINT('',(39.648280999219,-4.004811258288));
#1796 = CARTESIAN_POINT('',(39.617711492255,-4.012114130258));
#1797 = CARTESIAN_POINT('',(39.587370826887,-4.020278752282));
#1798 = CARTESIAN_POINT('',(39.557261819685,-4.029265562314));
#1799 = CARTESIAN_POINT('',(39.527384592344,-4.039029077093));
#1800 = CARTESIAN_POINT('',(39.497730404286,-4.049531896662));
#1801 = CARTESIAN_POINT('',(39.468288257409,-4.060738422712));
#1802 = CARTESIAN_POINT('',(39.43904167088,-4.072610185677));
#1803 = CARTESIAN_POINT('',(39.409980734116,-4.085114983242));
#1804 = CARTESIAN_POINT('',(39.381134237332,-4.098224322485));
#1805 = CARTESIAN_POINT('',(39.352516004045,-4.111914512811));
#1806 = CARTESIAN_POINT('',(39.324139994464,-4.126164851785));
#1807 = CARTESIAN_POINT('',(39.296023306287,-4.140957836275));
#1808 = CARTESIAN_POINT('',(39.268177918468,-4.156279901704));
#1809 = CARTESIAN_POINT('',(39.240617521192,-4.172119754222));
#1810 = CARTESIAN_POINT('',(39.213355216315,-4.1884692999));
#1811 = CARTESIAN_POINT('',(39.186406443145,-4.205321688505));
#1812 = CARTESIAN_POINT('',(39.159780139261,-4.222678301931));
#1813 = CARTESIAN_POINT('',(39.133511732594,-4.240522849421));
#1814 = CARTESIAN_POINT('',(39.10754056347,-4.258918090977));
#1815 = CARTESIAN_POINT('',(39.082676956664,-4.277276779078));
#1816 = CARTESIAN_POINT('',(39.058783558693,-4.29565212141));
#1817 = CARTESIAN_POINT('',(39.035839363657,-4.314028598096));
#1818 = CARTESIAN_POINT('',(39.013799811937,-4.332410000702));
#1819 = CARTESIAN_POINT('',(38.992633521699,-4.350795246154));
#1820 = CARTESIAN_POINT('',(38.972312524687,-4.369183345992));
#1821 = CARTESIAN_POINT('',(38.952812049348,-4.387574075536));
#1822 = CARTESIAN_POINT('',(38.934107175605,-4.405968191805));
#1823 = CARTESIAN_POINT('',(38.916175960492,-4.424365523937));
#1824 = CARTESIAN_POINT('',(38.898999623177,-4.442764799915));
#1825 = CARTESIAN_POINT('',(38.882556790411,-4.461170392905));
#1826 = CARTESIAN_POINT('',(38.866846710933,-4.479565858729));
#1827 = CARTESIAN_POINT('',(38.85180135686,-4.498011999767));
#1828 = CARTESIAN_POINT('',(38.837142521156,-4.516868606832));
#1829 = CARTESIAN_POINT('',(38.822962812868,-4.536060201722));
#1830 = CARTESIAN_POINT('',(38.809271848186,-4.555609911192));
#1831 = CARTESIAN_POINT('',(38.796103942093,-4.575512735508));
#1832 = CARTESIAN_POINT('',(38.783489038898,-4.595769356929));
#1833 = CARTESIAN_POINT('',(38.771460251309,-4.616376914703));
#1834 = CARTESIAN_POINT('',(38.76005154957,-4.637331303691));
#1835 = CARTESIAN_POINT('',(38.749298061068,-4.658626341594));
#1836 = CARTESIAN_POINT('',(38.739235593726,-4.680253867738));
#1837 = CARTESIAN_POINT('',(38.729900466737,-4.702203176641));
#1838 = CARTESIAN_POINT('',(38.72132869906,-4.72446211051));
#1839 = CARTESIAN_POINT('',(38.713556923382,-4.747013084318));
#1840 = CARTESIAN_POINT('',(38.706621479165,-4.769832135887));
#1841 = CARTESIAN_POINT('',(38.700556051808,-4.792893744181));
#1842 = CARTESIAN_POINT('',(38.695391542648,-4.816169608218));
#1843 = CARTESIAN_POINT('',(38.691155389574,-4.839628896074));
#1844 = CARTESIAN_POINT('',(38.687871036375,-4.86323815253));
#1845 = CARTESIAN_POINT('',(38.685557363207,-4.886961102056));
#1846 = CARTESIAN_POINT('',(38.684228141783,-4.910759211786));
#1847 = CARTESIAN_POINT('',(38.683891459833,-4.934589319204));
#1848 = CARTESIAN_POINT('',(38.684549276379,-4.958414522195));
#1849 = CARTESIAN_POINT('',(38.686197656455,-4.982192311131));
#1850 = CARTESIAN_POINT('',(38.688826619689,-5.005882384489));
#1851 = CARTESIAN_POINT('',(38.692420737533,-5.029447021685));
#1852 = CARTESIAN_POINT('',(38.696959619607,-5.052850933461));
#1853 = CARTESIAN_POINT('',(38.702418445578,-5.076061279806));
#1854 = CARTESIAN_POINT('',(38.708768462877,-5.099047540183));
#1855 = CARTESIAN_POINT('',(38.715977601732,-5.121781807005));
#1856 = CARTESIAN_POINT('',(38.724010670144,-5.14423753379));
#1857 = CARTESIAN_POINT('',(38.732829734973,-5.166390355569));
#1858 = CARTESIAN_POINT('',(38.742399487833,-5.188228497593));
#1859 = CARTESIAN_POINT('',(38.752683886026,-5.209740462177));
#1860 = CARTESIAN_POINT('',(38.763647203786,-5.230917384389));
#1861 = CARTESIAN_POINT('',(38.775254134451,-5.251752213656));
#1862 = CARTESIAN_POINT('',(38.787470132861,-5.272239754928));
#1863 = CARTESIAN_POINT('',(38.800261670631,-5.292376485171));
#1864 = CARTESIAN_POINT('',(38.813596483555,-5.312160432284));
#1865 = CARTESIAN_POINT('',(38.827443781696,-5.331591036098));
#1866 = CARTESIAN_POINT('',(38.84177442201,-5.350669009568));
#1867 = CARTESIAN_POINT('',(38.856561035707,-5.369396191886));
#1868 = CARTESIAN_POINT('',(38.871778104672,-5.387775392307));
#1869 = CARTESIAN_POINT('',(38.887401981076,-5.405810221617));
#1870 = CARTESIAN_POINT('',(38.903410843631,-5.423504908562));
#1871 = CARTESIAN_POINT('',(38.919784587488,-5.440864098865));
#1872 = CARTESIAN_POINT('',(38.936504632208,-5.457892632817));
#1873 = CARTESIAN_POINT('',(38.953553679943,-5.474595303834));
#1874 = CARTESIAN_POINT('',(38.970915288728,-5.490976599941));
#1875 = CARTESIAN_POINT('',(38.988573942616,-5.507040720985));
#1876 = CARTESIAN_POINT('',(39.006515021717,-5.522791718392));
#1877 = CARTESIAN_POINT('',(39.024723581377,-5.538235519296));
#1878 = CARTESIAN_POINT('',(39.043188380607,-5.553377307045));
#1879 = CARTESIAN_POINT('',(39.061898089789,-5.568221076676));
#1880 = CARTESIAN_POINT('',(39.080843393565,-5.582771465496));
#1881 = CARTESIAN_POINT('',(39.100010689392,-5.597029146055));
#1882 = CARTESIAN_POINT('',(39.119406271581,-5.611006678591));
#1883 = CARTESIAN_POINT('',(39.138965864379,-5.624669708286));
#1884 = CARTESIAN_POINT('',(39.15919675195,-5.638365678424));
#1885 = CARTESIAN_POINT('',(39.180086738009,-5.652059691575));
#1886 = CARTESIAN_POINT('',(39.201686017036,-5.665760118131));
#1887 = CARTESIAN_POINT('',(39.224040756387,-5.679466470657));
#1888 = CARTESIAN_POINT('',(39.247210341545,-5.693181674361));
#1889 = CARTESIAN_POINT('',(39.271268063306,-5.706909023241));
#1890 = CARTESIAN_POINT('',(39.296284748262,-5.720644920806));
#1891 = CARTESIAN_POINT('',(39.322397614767,-5.734402720147));
#1892 = CARTESIAN_POINT('',(39.34861673606,-5.747630784874));
#1893 = CARTESIAN_POINT('',(39.375075228257,-5.76039750711));
#1894 = CARTESIAN_POINT('',(39.401724127736,-5.772666180336));
#1895 = CARTESIAN_POINT('',(39.4285625667,-5.784424777522));
#1896 = CARTESIAN_POINT('',(39.455568465088,-5.795650239371));
#1897 = CARTESIAN_POINT('',(39.482733830189,-5.806317848013));
#1898 = CARTESIAN_POINT('',(39.510075816768,-5.81639913771));
#1899 = CARTESIAN_POINT('',(39.537602656895,-5.825863960923));
#1900 = CARTESIAN_POINT('',(39.565320420078,-5.834680784811));
#1901 = CARTESIAN_POINT('',(39.593238920189,-5.842823299522));
#1902 = CARTESIAN_POINT('',(39.621362423613,-5.850261500237));
#1903 = CARTESIAN_POINT('',(39.649683067779,-5.856958831506));
#1904 = CARTESIAN_POINT('',(39.678192951721,-5.862884122904));
#1905 = CARTESIAN_POINT('',(39.706880487108,-5.868008587355));
#1906 = CARTESIAN_POINT('',(39.735730764909,-5.87230662922));
#1907 = CARTESIAN_POINT('',(39.764724893514,-5.875755613634));
#1908 = CARTESIAN_POINT('',(39.793839691704,-5.87833598107));
#1909 = CARTESIAN_POINT('',(39.823047545561,-5.880031019736));
#1910 = CARTESIAN_POINT('',(39.852316204783,-5.880827661428));
#1911 = CARTESIAN_POINT('',(39.881610081177,-5.880713525731));
#1912 = CARTESIAN_POINT('',(39.910868108275,-5.879688492576));
#1913 = CARTESIAN_POINT('',(39.940057749754,-5.877767870029));
#1914 = CARTESIAN_POINT('',(39.969146407378,-5.874966716749));
#1915 = CARTESIAN_POINT('',(39.998107192368,-5.871303277258));
#1916 = CARTESIAN_POINT('',(40.026917647658,-5.86679806298));
#1917 = CARTESIAN_POINT('',(40.055560027588,-5.861474092832));
#1918 = CARTESIAN_POINT('',(40.084020914071,-5.8553568498));
#1919 = CARTESIAN_POINT('',(40.112290927881,-5.848474214065));
#1920 = CARTESIAN_POINT('',(40.140364127706,-5.840856773909));
#1921 = CARTESIAN_POINT('',(40.168238279104,-5.832536648962));
#1922 = CARTESIAN_POINT('',(40.195911889868,-5.823551886323));
#1923 = CARTESIAN_POINT('',(40.223394417669,-5.813928333486));
#1924 = CARTESIAN_POINT('',(40.250693787114,-5.803696263431));
#1925 = CARTESIAN_POINT('',(40.277819612908,-5.792886100471));
#1926 = CARTESIAN_POINT('',(40.304788652318,-5.78152437448));
#1927 = CARTESIAN_POINT('',(40.331583217682,-5.76963480344));
#1928 = CARTESIAN_POINT('',(40.35818713822,-5.757238009044));
#1929 = CARTESIAN_POINT('',(40.38459169506,-5.744351571725));
#1930 = CARTESIAN_POINT('',(40.41078148929,-5.730991257943));
#1931 = CARTESIAN_POINT('',(40.436746734638,-5.717169328977));
#1932 = CARTESIAN_POINT('',(40.462476781801,-5.702896288871));
#1933 = CARTESIAN_POINT('',(40.487960885853,-5.688180712313));
#1934 = CARTESIAN_POINT('',(40.513188806038,-5.673028622796));
#1935 = CARTESIAN_POINT('',(40.538147255711,-5.657446084873));
#1936 = CARTESIAN_POINT('',(40.562833117257,-5.641429389759));
#1937 = CARTESIAN_POINT('',(40.587203750788,-5.625001653449));
#1938 = CARTESIAN_POINT('',(40.611362170505,-5.608076171401));
#1939 = CARTESIAN_POINT('',(40.634623753698,-5.591139069909));
#1940 = CARTESIAN_POINT('',(40.657028538953,-5.574198747698));
#1941 = CARTESIAN_POINT('',(40.678613362213,-5.557254674577));
#1942 = CARTESIAN_POINT('',(40.699414233475,-5.540304518685));
#1943 = CARTESIAN_POINT('',(40.719444654416,-5.523359893654));
#1944 = CARTESIAN_POINT('',(40.738782030342,-5.506379196691));
#1945 = CARTESIAN_POINT('',(40.75786357606,-5.488970293306));
#1946 = CARTESIAN_POINT('',(40.776576525903,-5.471206490997));
#1947 = CARTESIAN_POINT('',(40.794926371112,-5.453060264288));
#1948 = CARTESIAN_POINT('',(40.81288531386,-5.434531517966));
#1949 = CARTESIAN_POINT('',(40.830432357167,-5.415613872503));
#1950 = CARTESIAN_POINT('',(40.847542039382,-5.396302036927));
#1951 = CARTESIAN_POINT('',(40.864188242592,-5.37659008474));
#1952 = CARTESIAN_POINT('',(40.880341761625,-5.356473276388));
#1953 = CARTESIAN_POINT('',(40.895971104549,-5.335947718663));
#1954 = CARTESIAN_POINT('',(40.911042424095,-5.315010609909));
#1955 = CARTESIAN_POINT('',(40.925519721673,-5.293660295895));
#1956 = CARTESIAN_POINT('',(40.939364843069,-5.271896497218));
#1957 = CARTESIAN_POINT('',(40.952538051405,-5.249720039927));
#1958 = CARTESIAN_POINT('',(40.965003360543,-5.227122690381));
#1959 = CARTESIAN_POINT('',(40.976711154153,-5.204118832332));
#1960 = CARTESIAN_POINT('',(40.987613742161,-5.18072223859));
#1961 = CARTESIAN_POINT('',(40.997663008589,-5.156950651521));
#1962 = CARTESIAN_POINT('',(41.006811785158,-5.132824760805));
#1963 = CARTESIAN_POINT('',(41.015014300236,-5.108368684766));
#1964 = CARTESIAN_POINT('',(41.022226950095,-5.083610052353));
#1965 = CARTESIAN_POINT('',(41.028409048295,-5.058580191078));
#1966 = CARTESIAN_POINT('',(41.033523673161,-5.03331430265));
#1967 = CARTESIAN_POINT('',(41.037538464859,-5.007851594046));
#1968 = CARTESIAN_POINT('',(41.040426830367,-4.982235611275));
#1969 = CARTESIAN_POINT('',(41.04216785379,-4.956513819103));
#1970 = CARTESIAN_POINT('',(41.042556780963,-4.939331277314));
#1971 = CARTESIAN_POINT('',(41.042556084708,-4.93074));
#1972 = ( GEOMETRIC_REPRESENTATION_CONTEXT(2) 
PARAMETRIC_REPRESENTATION_CONTEXT() REPRESENTATION_CONTEXT('2D SPACE',''
  ) );
#1973 = PCURVE('',#1974,#1979);
#1974 = CYLINDRICAL_SURFACE('',#1975,0.95);
#1975 = AXIS2_PLACEMENT_3D('',#1976,#1977,#1978);
#1976 = CARTESIAN_POINT('',(0.,2.7776,6.12174));
#1977 = DIRECTION('',(0.,-1.,1.110223024625E-16));
#1978 = DIRECTION('',(1.,0.,0.));
#1979 = DEFINITIONAL_REPRESENTATION('',(#1980),#2226);
#1980 = B_SPLINE_CURVE_WITH_KNOTS('',3,(#1981,#1982,#1983,#1984,#1985,
    #1986,#1987,#1988,#1989,#1990,#1991,#1992,#1993,#1994,#1995,#1996,
    #1997,#1998,#1999,#2000,#2001,#2002,#2003,#2004,#2005,#2006,#2007,
    #2008,#2009,#2010,#2011,#2012,#2013,#2014,#2015,#2016,#2017,#2018,
    #2019,#2020,#2021,#2022,#2023,#2024,#2025,#2026,#2027,#2028,#2029,
    #2030,#2031,#2032,#2033,#2034,#2035,#2036,#2037,#2038,#2039,#2040,
    #2041,#2042,#2043,#2044,#2045,#2046,#2047,#2048,#2049,#2050,#2051,
    #2052,#2053,#2054,#2055,#2056,#2057,#2058,#2059,#2060,#2061,#2062,
    #2063,#2064,#2065,#2066,#2067,#2068,#2069,#2070,#2071,#2072,#2073,
    #2074,#2075,#2076,#2077,#2078,#2079,#2080,#2081,#2082,#2083,#2084,
    #2085,#2086,#2087,#2088,#2089,#2090,#2091,#2092,#2093,#2094,#2095,
    #2096,#2097,#2098,#2099,#2100,#2101,#2102,#2103,#2104,#2105,#2106,
    #2107,#2108,#2109,#2110,#2111,#2112,#2113,#2114,#2115,#2116,#2117,
    #2118,#2119,#2120,#2121,#2122,#2123,#2124,#2125,#2126,#2127,#2128,
    #2129,#2130,#2131,#2132,#2133,#2134,#2135,#2136,#2137,#2138,#2139,
    #2140,#2141,#2142,#2143,#2144,#2145,#2146,#2147,#2148,#2149,#2150,
    #2151,#2152,#2153,#2154,#2155,#2156,#2157,#2158,#2159,#2160,#2161,
    #2162,#2163,#2164,#2165,#2166,#2167,#2168,#2169,#2170,#2171,#2172,
    #2173,#2174,#2175,#2176,#2177,#2178,#2179,#2180,#2181,#2182,#2183,
    #2184,#2185,#2186,#2187,#2188,#2189,#2190,#2191,#2192,#2193,#2194,
    #2195,#2196,#2197,#2198,#2199,#2200,#2201,#2202,#2203,#2204,#2205,
    #2206,#2207,#2208,#2209,#2210,#2211,#2212,#2213,#2214,#2215,#2216,
    #2217,#2218,#2219,#2220,#2221,#2222,#2223,#2224,#2225),
  .UNSPECIFIED.,.F.,.F.,(4,1,1,1,1,1,1,1,1,1,1,1,1,1,1,1,1,1,1,1,1,1,1,1
    ,1,1,1,1,1,1,1,1,1,1,1,1,1,1,1,1,1,1,1,1,1,1,1,1,1,1,1,1,1,1,1,1,1,1
    ,1,1,1,1,1,1,1,1,1,1,1,1,1,1,1,1,1,1,1,1,1,1,1,1,1,1,1,1,1,1,1,1,1,1
    ,1,1,1,1,1,1,1,1,1,1,1,1,1,1,1,1,1,1,1,1,1,1,1,1,1,1,1,1,1,1,1,1,1,1
    ,1,1,1,1,1,1,1,1,1,1,1,1,1,1,1,1,1,1,1,1,1,1,1,1,1,1,1,1,1,1,1,1,1,1
    ,1,1,1,1,1,1,1,1,1,1,1,1,1,1,1,1,1,1,1,1,1,1,1,1,1,1,1,1,1,1,1,1,1,1
    ,1,1,1,1,1,1,1,1,1,1,1,1,1,1,1,1,1,1,1,1,1,1,1,1,1,1,1,1,1,1,1,1,1,1
    ,1,1,1,1,1,1,1,1,1,1,1,1,1,1,4),(0.,6.986966160601E-03,
    1.39739323212E-02,2.09608984818E-02,2.79478646424E-02,
    3.4934830803E-02,4.192179696361E-02,4.890876312421E-02,
    5.589572928481E-02,6.288269544541E-02,6.986966160601E-02,
    7.685662776661E-02,8.384359392721E-02,9.083056008781E-02,
    9.781752624841E-02,0.104804492409,0.11179145857,0.11877842473,
    0.125765390891,0.132752357051,0.139739323212,0.146726289373,
    0.153713255533,0.160700221694,0.167687187854,0.174674154015,
    0.181661120176,0.188648086336,0.195635052497,0.202622018657,
    0.209608984818,0.216595950979,0.223582917139,0.2305698833,
    0.23755684946,0.244543815621,0.251530781782,0.258517747942,
    0.265504714103,0.272491680263,0.279478646424,0.286465612585,
    0.293452578745,0.300439544906,0.307426511066,0.314413477227,
    0.321400443388,0.328387409548,0.335374375709,0.342361341869,
    0.34934830803,0.356335274191,0.363322240351,0.370309206512,
    0.377296172672,0.384283138833,0.391270104994,0.398257071154,
    0.405244037315,0.412231003475,0.419217969636,0.426204935797,
    0.433191901957,0.440178868118,0.447165834278,0.454152800439,
    0.4611397666,0.46812673276,0.475113698921,0.482100665081,
    0.489087631242,0.496074597403,0.503061563563,0.510048529724,
    0.517035495884,0.524022462045,0.531009428206,0.537996394366,
    0.544983360527,0.551970326687,0.558957292848,0.565944259009,
    0.572931225169,0.57991819133,0.58690515749,0.593892123651,
    0.600879089812,0.607866055972,0.614853022133,0.621839988293,
    0.628826954454,0.635813920615,0.642800886775,0.649787852936,
    0.656774819096,0.663761785257,0.670748751418,0.677735717578,
    0.684722683739,0.691709649899,0.69869661606,0.705683582221,
    0.712670548381,0.719657514542,0.726644480702,0.733631446863,
    0.740618413024,0.747605379184,0.754592345345,0.761579311505,
    0.768566277666,0.775553243827,0.782540209987,0.789527176148,
    0.796514142308,0.803501108469,0.81048807463,0.81747504079,
    0.824462006951,0.831448973111,0.838435939272,0.845422905433,
    0.852409871593,0.859396837754,0.866383803915,0.873370770075,
    0.880357736236,0.887344702396,0.894331668557,0.901318634718,
    0.908305600878,0.915292567039,0.922279533199,0.92926649936,
    0.936253465521,0.943240431681,0.950227397842,0.957214364002,
    0.964201330163,0.971188296324,0.978175262484,0.985162228645,
    0.992149194805,0.999136160966,1.006123127127,1.013110093287,
    1.020097059448,1.027084025608,1.034070991769,1.04105795793,
    1.04804492409,1.055031890251,1.062018856411,1.069005822572,
    1.075992788733,1.082979754893,1.089966721054,1.096953687214,
    1.103940653375,1.110927619536,1.117914585696,1.124901551857,
    1.131888518017,1.138875484178,1.145862450339,1.152849416499,
    1.15983638266,1.16682334882,1.173810314981,1.180797281142,
    1.187784247302,1.194771213463,1.201758179623,1.208745145784,
    1.215732111945,1.222719078105,1.229706044266,1.236693010426,
    1.243679976587,1.250666942748,1.257653908908,1.264640875069,
    1.271627841229,1.27861480739,1.285601773551,1.292588739711,
    1.299575705872,1.306562672032,1.313549638193,1.320536604354,
    1.327523570514,1.334510536675,1.341497502835,1.348484468996,
    1.355471435157,1.362458401317,1.369445367478,1.376432333638,
    1.383419299799,1.39040626596,1.39739323212,1.404380198281,
    1.411367164441,1.418354130602,1.425341096763,1.432328062923,
    1.439315029084,1.446301995244,1.453288961405,1.460275927566,
    1.467262893726,1.474249859887,1.481236826047,1.488223792208,
    1.495210758369,1.502197724529,1.50918469069,1.51617165685,
    1.523158623011,1.530145589172,1.537132555332,1.544119521493,
    1.551106487653,1.558093453814,1.565080419975,1.572067386135,
    1.579054352296,1.586041318456,1.593028284617,1.600015250778,
    1.607002216938,1.613989183099,1.620976149259,1.62796311542,
    1.634950081581,1.641937047741,1.648924013902,1.655910980062,
    1.662897946223,1.669884912384,1.676871878544,1.683858844705,
    1.690845810865),.QUASI_UNIFORM_KNOTS.);
#1981 = CARTESIAN_POINT('',(6.28318530718,9.914605532549));
#1982 = CARTESIAN_POINT('',(6.274648879485,9.914605073218));
#1983 = CARTESIAN_POINT('',(6.25757618623,9.914883484685));
#1984 = CARTESIAN_POINT('',(6.23199715989,9.916129953709));
#1985 = CARTESIAN_POINT('',(6.206469784042,9.918199774026));
#1986 = CARTESIAN_POINT('',(6.1810433113,9.921074712007));
#1987 = CARTESIAN_POINT('',(6.155521983309,9.924770572965));
#1988 = CARTESIAN_POINT('',(6.129922980855,9.929285229737));
#1989 = CARTESIAN_POINT('',(6.104170131762,9.934635103527));
#1990 = CARTESIAN_POINT('',(6.078603324304,9.94073676035));
#1991 = CARTESIAN_POINT('',(6.053227997571,9.947554711422));
#1992 = CARTESIAN_POINT('',(6.028057830452,9.95505305402));
#1993 = CARTESIAN_POINT('',(6.003100269338,9.963194356998));
#1994 = CARTESIAN_POINT('',(5.978360680924,9.971940650241));
#1995 = CARTESIAN_POINT('',(5.953841483947,9.981253828577));
#1996 = CARTESIAN_POINT('',(5.929542556765,9.991096293912));
#1997 = CARTESIAN_POINT('',(5.90546158189,10.001431097242));
#1998 = CARTESIAN_POINT('',(5.881593281143,10.01222266893));
#1999 = CARTESIAN_POINT('',(5.857931327247,10.023436447143));
#2000 = CARTESIAN_POINT('',(5.834468143661,10.03503906067));
#2001 = CARTESIAN_POINT('',(5.811194987855,10.046998456331));
#2002 = CARTESIAN_POINT('',(5.788102046794,10.059284036916));
#2003 = CARTESIAN_POINT('',(5.765178150458,10.071866812396));
#2004 = CARTESIAN_POINT('',(5.742412892128,10.084718686327));
#2005 = CARTESIAN_POINT('',(5.719794094983,10.097813276153));
#2006 = CARTESIAN_POINT('',(5.697309624903,10.111124989765));
#2007 = CARTESIAN_POINT('',(5.674947531237,10.124629919493));
#2008 = CARTESIAN_POINT('',(5.652695492719,10.13830481999));
#2009 = CARTESIAN_POINT('',(5.63054012617,10.152126087702));
#2010 = CARTESIAN_POINT('',(5.608466681476,10.166069087023));
#2011 = CARTESIAN_POINT('',(5.586459790275,10.180109900209));
#2012 = CARTESIAN_POINT('',(5.564505569894,10.194224740194));
#2013 = CARTESIAN_POINT('',(5.542587735166,10.208391480964));
#2014 = CARTESIAN_POINT('',(5.520695600696,10.222584883656));
#2015 = CARTESIAN_POINT('',(5.498798731357,10.236792823755));
#2016 = CARTESIAN_POINT('',(5.476940334544,10.250955749391));
#2017 = CARTESIAN_POINT('',(5.45488864004,10.265192620968));
#2018 = CARTESIAN_POINT('',(5.432194396022,10.27975775068));
#2019 = CARTESIAN_POINT('',(5.408913620823,10.294573039141));
#2020 = CARTESIAN_POINT('',(5.384952004613,10.309651568236));
#2021 = CARTESIAN_POINT('',(5.360235822898,10.324985420334));
#2022 = CARTESIAN_POINT('',(5.334664680452,10.340574409259));
#2023 = CARTESIAN_POINT('',(5.308122565555,10.356415446469));
#2024 = CARTESIAN_POINT('',(5.280471475726,10.372506041166));
#2025 = CARTESIAN_POINT('',(5.251553625136,10.388828215972));
#2026 = CARTESIAN_POINT('',(5.222542341101,10.404636211112));
#2027 = CARTESIAN_POINT('',(5.193203990916,10.420004039608));
#2028 = CARTESIAN_POINT('',(5.163570387936,10.434852041884));
#2029 = CARTESIAN_POINT('',(5.133609429774,10.449140115281));
#2030 = CARTESIAN_POINT('',(5.103315217013,10.462814506713));
#2031 = CARTESIAN_POINT('',(5.072684112488,10.475821020514));
#2032 = CARTESIAN_POINT('',(5.041719840226,10.48810044029));
#2033 = CARTESIAN_POINT('',(5.010428588126,10.499590117513));
#2034 = CARTESIAN_POINT('',(4.978817181335,10.510220117067));
#2035 = CARTESIAN_POINT('',(4.946881340033,10.519926406159));
#2036 = CARTESIAN_POINT('',(4.914641294512,10.528628549809));
#2037 = CARTESIAN_POINT('',(4.882125424051,10.536237773816));
#2038 = CARTESIAN_POINT('',(4.849364104409,10.542671931348));
#2039 = CARTESIAN_POINT('',(4.816392091027,10.547851355799));
#2040 = CARTESIAN_POINT('',(4.783248680163,10.551700499791));
#2041 = CARTESIAN_POINT('',(4.749977798964,10.554145526316));
#2042 = CARTESIAN_POINT('',(4.71663010949,10.555122305158));
#2043 = CARTESIAN_POINT('',(4.683256583278,10.554546836068));
#2044 = CARTESIAN_POINT('',(4.649949164703,10.552456337195));
#2045 = CARTESIAN_POINT('',(4.616758971635,10.548944121789));
#2046 = CARTESIAN_POINT('',(4.583733251979,10.544086130037));
#2047 = CARTESIAN_POINT('',(4.550912529003,10.537962203549));
#2048 = CARTESIAN_POINT('',(4.518331408614,10.530650380712));
#2049 = CARTESIAN_POINT('',(4.486018562395,10.522228440798));
#2050 = CARTESIAN_POINT('',(4.453997029476,10.512773432164));
#2051 = CARTESIAN_POINT('',(4.42228471144,10.502362015347));
#2052 = CARTESIAN_POINT('',(4.390894365877,10.491069562482));
#2053 = CARTESIAN_POINT('',(4.359835938671,10.478973416553));
#2054 = CARTESIAN_POINT('',(4.329110431906,10.466140642309));
#2055 = CARTESIAN_POINT('',(4.298720852104,10.452623733336));
#2056 = CARTESIAN_POINT('',(4.268666964625,10.43847923411));
#2057 = CARTESIAN_POINT('',(4.238940528536,10.423759453814));
#2058 = CARTESIAN_POINT('',(4.209526767115,10.408514911747));
#2059 = CARTESIAN_POINT('',(4.180402215673,10.39279284189));
#2060 = CARTESIAN_POINT('',(4.151541465878,10.376640729771));
#2061 = CARTESIAN_POINT('',(4.122921877201,10.360106894436));
#2062 = CARTESIAN_POINT('',(4.094515653979,10.343236654387));
#2063 = CARTESIAN_POINT('',(4.066296160407,10.326075647851));
#2064 = CARTESIAN_POINT('',(4.038235406755,10.308668512215));
#2065 = CARTESIAN_POINT('',(4.010306977131,10.291060815008));
#2066 = CARTESIAN_POINT('',(3.982476007361,10.273292619499));
#2067 = CARTESIAN_POINT('',(3.95473551044,10.2554222603));
#2068 = CARTESIAN_POINT('',(3.926970253217,10.237437644322));
#2069 = CARTESIAN_POINT('',(3.900012157936,10.219942754129));
#2070 = CARTESIAN_POINT('',(3.873699612701,10.202892761447));
#2071 = CARTESIAN_POINT('',(3.84799340257,10.186313574828));
#2072 = CARTESIAN_POINT('',(3.822831638188,10.170209896423));
#2073 = CARTESIAN_POINT('',(3.798167533824,10.154590476562));
#2074 = CARTESIAN_POINT('',(3.77395949054,10.139462423876));
#2075 = CARTESIAN_POINT('',(3.750169720614,10.124832049859));
#2076 = CARTESIAN_POINT('',(3.726763403557,10.110700177378));
#2077 = CARTESIAN_POINT('',(3.703710370469,10.097066321039));
#2078 = CARTESIAN_POINT('',(3.680984748388,10.083930456087));
#2079 = CARTESIAN_POINT('',(3.658556363097,10.07128894774));
#2080 = CARTESIAN_POINT('',(3.636422515561,10.059152727924));
#2081 = CARTESIAN_POINT('',(3.614488638102,10.047479354396));
#2082 = CARTESIAN_POINT('',(3.592317491985,10.03606022707));
#2083 = CARTESIAN_POINT('',(3.569994555956,10.024973199117));
#2084 = CARTESIAN_POINT('',(3.547486516208,10.014231799141));
#2085 = CARTESIAN_POINT('',(3.524793496248,10.003868455996));
#2086 = CARTESIAN_POINT('',(3.501908303745,9.993912023715));
#2087 = CARTESIAN_POINT('',(3.478827408628,9.98439359675));
#2088 = CARTESIAN_POINT('',(3.455548073198,9.975344710196));
#2089 = CARTESIAN_POINT('',(3.432069247373,9.966797556132));
#2090 = CARTESIAN_POINT('',(3.408391365289,9.958784596836));
#2091 = CARTESIAN_POINT('',(3.38451689361,9.951338420771));
#2092 = CARTESIAN_POINT('',(3.360449100928,9.944491076913));
#2093 = CARTESIAN_POINT('',(3.336196279655,9.938274814818));
#2094 = CARTESIAN_POINT('',(3.311772648749,9.932721358628));
#2095 = CARTESIAN_POINT('',(3.287193171269,9.927859988831));
#2096 = CARTESIAN_POINT('',(3.262474899565,9.923717445769));
#2097 = CARTESIAN_POINT('',(3.237636762683,9.920317385436));
#2098 = CARTESIAN_POINT('',(3.212699747117,9.917679955963));
#2099 = CARTESIAN_POINT('',(3.187687208677,9.915821339095));
#2100 = CARTESIAN_POINT('',(3.162624407454,9.914753310981));
#2101 = CARTESIAN_POINT('',(3.137541152855,9.914482760739));
#2102 = CARTESIAN_POINT('',(3.112460508972,9.915011356172));
#2103 = CARTESIAN_POINT('',(3.087411474445,9.916335756413));
#2104 = CARTESIAN_POINT('',(3.062420933534,9.918447436395));
#2105 = CARTESIAN_POINT('',(3.037513426494,9.921333192389));
#2106 = CARTESIAN_POINT('',(3.012711450224,9.924975534545));
#2107 = CARTESIAN_POINT('',(2.988035561697,9.929353115973));
#2108 = CARTESIAN_POINT('',(2.963504616018,9.934441128677));
#2109 = CARTESIAN_POINT('',(2.93913553239,9.94021179551));
#2110 = CARTESIAN_POINT('',(2.9149446776,9.946634511206));
#2111 = CARTESIAN_POINT('',(2.890947096239,9.953676203727));
#2112 = CARTESIAN_POINT('',(2.8671451613,9.961305627594));
#2113 = CARTESIAN_POINT('',(2.843541702775,9.969490641986));
#2114 = CARTESIAN_POINT('',(2.820137446673,9.978199056517));
#2115 = CARTESIAN_POINT('',(2.796931835159,9.987398715747));
#2116 = CARTESIAN_POINT('',(2.77392291975,9.997057783291));
#2117 = CARTESIAN_POINT('',(2.751107486911,10.007144959567));
#2118 = CARTESIAN_POINT('',(2.72848111098,10.017629695963));
#2119 = CARTESIAN_POINT('',(2.70603822217,10.028482380112));
#2120 = CARTESIAN_POINT('',(2.683772172446,10.039674490578));
#2121 = CARTESIAN_POINT('',(2.661675310425,10.051178712913));
#2122 = CARTESIAN_POINT('',(2.639739068942,10.062969010765));
#2123 = CARTESIAN_POINT('',(2.617954070911,10.075020645196));
#2124 = CARTESIAN_POINT('',(2.596310258629,10.087310135756));
#2125 = CARTESIAN_POINT('',(2.574797051154,10.099815155796));
#2126 = CARTESIAN_POINT('',(2.553403535984,10.112514358413));
#2127 = CARTESIAN_POINT('',(2.532118694096,10.125387114748));
#2128 = CARTESIAN_POINT('',(2.510931653143,10.138413200292));
#2129 = CARTESIAN_POINT('',(2.489831615645,10.151572251313));
#2130 = CARTESIAN_POINT('',(2.468807609677,10.16484358399));
#2131 = CARTESIAN_POINT('',(2.447846048709,10.17820408272));
#2132 = CARTESIAN_POINT('',(2.426933491163,10.191634482233));
#2133 = CARTESIAN_POINT('',(2.406057538082,10.205115109086));
#2134 = CARTESIAN_POINT('',(2.385204106423,10.218627095636));
#2135 = CARTESIAN_POINT('',(2.364364596821,10.232148514593));
#2136 = CARTESIAN_POINT('',(2.343510443375,10.245670441406));
#2137 = CARTESIAN_POINT('',(2.322687433043,10.259136570146));
#2138 = CARTESIAN_POINT('',(2.301340862411,10.272876845951));
#2139 = CARTESIAN_POINT('',(2.279475973392,10.286853702768));
#2140 = CARTESIAN_POINT('',(2.257028956332,10.30106991886));
#2141 = CARTESIAN_POINT('',(2.2339397393,10.315520127877));
#2142 = CARTESIAN_POINT('',(2.210132799506,10.330202233675));
#2143 = CARTESIAN_POINT('',(2.185516463203,10.345115147146));
#2144 = CARTESIAN_POINT('',(2.159998760014,10.360249784985));
#2145 = CARTESIAN_POINT('',(2.133416823877,10.375619152442));
#2146 = CARTESIAN_POINT('',(2.106748728885,10.390592132112));
#2147 = CARTESIAN_POINT('',(2.079827231268,10.405221108856));
#2148 = CARTESIAN_POINT('',(2.052670272465,10.419444715284));
#2149 = CARTESIAN_POINT('',(2.025248255171,10.433231298555));
#2150 = CARTESIAN_POINT('',(1.997549780449,10.446540072436));
#2151 = CARTESIAN_POINT('',(1.96956577219,10.459331011837));
#2152 = CARTESIAN_POINT('',(1.941293924368,10.471561420987));
#2153 = CARTESIAN_POINT('',(1.912735688194,10.483186393422));
#2154 = CARTESIAN_POINT('',(1.883895042229,10.494156359889));
#2155 = CARTESIAN_POINT('',(1.854770080133,10.504421721604));
#2156 = CARTESIAN_POINT('',(1.825365250824,10.513929136742));
#2157 = CARTESIAN_POINT('',(1.795695422133,10.52261107617));
#2158 = CARTESIAN_POINT('',(1.765776297445,10.530404357514));
#2159 = CARTESIAN_POINT('',(1.735627369997,10.537245519094));
#2160 = CARTESIAN_POINT('',(1.705271608143,10.543072085977));
#2161 = CARTESIAN_POINT('',(1.674735945117,10.547822131842));
#2162 = CARTESIAN_POINT('',(1.644051500119,10.551434765452));
#2163 = CARTESIAN_POINT('',(1.613253711904,10.5538486229));
#2164 = CARTESIAN_POINT('',(1.582382700783,10.555007412171));
#2165 = CARTESIAN_POINT('',(1.551482389994,10.554839242627));
#2166 = CARTESIAN_POINT('',(1.520624386972,10.553357349629));
#2167 = CARTESIAN_POINT('',(1.489849303726,10.55063422074));
#2168 = CARTESIAN_POINT('',(1.459197518774,10.546728750405));
#2169 = CARTESIAN_POINT('',(1.428703610685,10.541703390423));
#2170 = CARTESIAN_POINT('',(1.398397886452,10.535619556039));
#2171 = CARTESIAN_POINT('',(1.36830609885,10.528538851105));
#2172 = CARTESIAN_POINT('',(1.33844975399,10.520522761333));
#2173 = CARTESIAN_POINT('',(1.308846289326,10.511632656129));
#2174 = CARTESIAN_POINT('',(1.279509569658,10.501930088003));
#2175 = CARTESIAN_POINT('',(1.250449594242,10.491475593097));
#2176 = CARTESIAN_POINT('',(1.221675355191,10.480333189659));
#2177 = CARTESIAN_POINT('',(1.193185078545,10.468552032084));
#2178 = CARTESIAN_POINT('',(1.164982814703,10.456175515981));
#2179 = CARTESIAN_POINT('',(1.137069113994,10.44324904285));
#2180 = CARTESIAN_POINT('',(1.109439040631,10.429814953594));
#2181 = CARTESIAN_POINT('',(1.082082468609,10.415913851796));
#2182 = CARTESIAN_POINT('',(1.05498418738,10.401584377085));
#2183 = CARTESIAN_POINT('',(1.028122894021,10.38686278841));
#2184 = CARTESIAN_POINT('',(1.001482150616,10.371788898422));
#2185 = CARTESIAN_POINT('',(0.975040392773,10.356399000728));
#2186 = CARTESIAN_POINT('',(0.948776573716,10.340729517221));
#2187 = CARTESIAN_POINT('',(0.922669372578,10.324816530804));
#2188 = CARTESIAN_POINT('',(0.896696332254,10.308695277953));
#2189 = CARTESIAN_POINT('',(0.870837556476,10.292402605606));
#2190 = CARTESIAN_POINT('',(0.845061232768,10.275967610915));
#2191 = CARTESIAN_POINT('',(0.819377286032,10.259446585214));
#2192 = CARTESIAN_POINT('',(0.793636678098,10.242792558266));
#2193 = CARTESIAN_POINT('',(0.768539301149,10.226510199087));
#2194 = CARTESIAN_POINT('',(0.744030329349,10.210613516557));
#2195 = CARTESIAN_POINT('',(0.720056710759,10.195110746413));
#2196 = CARTESIAN_POINT('',(0.69656804788,10.180006816949));
#2197 = CARTESIAN_POINT('',(0.673539578155,10.165318830148));
#2198 = CARTESIAN_POINT('',(0.650876477544,10.151014329966));
#2199 = CARTESIAN_POINT('',(0.628039478201,10.136786330845));
#2200 = CARTESIAN_POINT('',(0.605121594117,10.122730653221));
#2201 = CARTESIAN_POINT('',(0.582079150013,10.108854781939));
#2202 = CARTESIAN_POINT('',(0.558906149981,10.095189246628));
#2203 = CARTESIAN_POINT('',(0.535588237727,10.081758861192));
#2204 = CARTESIAN_POINT('',(0.512112661892,10.068592373184));
#2205 = CARTESIAN_POINT('',(0.488465965919,10.055718453956));
#2206 = CARTESIAN_POINT('',(0.464636124249,10.043168027901));
#2207 = CARTESIAN_POINT('',(0.440611964592,10.030973519398));
#2208 = CARTESIAN_POINT('',(0.416383334797,10.019168927853));
#2209 = CARTESIAN_POINT('',(0.391941037705,10.007789653151));
#2210 = CARTESIAN_POINT('',(0.367276989659,9.996872491365));
#2211 = CARTESIAN_POINT('',(0.342383752929,9.986455199029));
#2212 = CARTESIAN_POINT('',(0.317243270631,9.976572182618));
#2213 = CARTESIAN_POINT('',(0.291862017193,9.967268280033));
#2214 = CARTESIAN_POINT('',(0.266244529292,9.958586493535));
#2215 = CARTESIAN_POINT('',(0.240398548568,9.950569791609));
#2216 = CARTESIAN_POINT('',(0.21433379668,9.943259996199));
#2217 = CARTESIAN_POINT('',(0.188062478856,9.936697401954));
#2218 = CARTESIAN_POINT('',(0.16159935342,9.930920148503));
#2219 = CARTESIAN_POINT('',(0.134961947802,9.92596361503));
#2220 = CARTESIAN_POINT('',(0.108170787642,9.921859739077));
#2221 = CARTESIAN_POINT('',(8.124961704248E-02,9.91863638259));
#2222 = CARTESIAN_POINT('',(5.422585463483E-02,9.916316351181));
#2223 = CARTESIAN_POINT('',(2.713035044428E-02,9.914917519746));
#2224 = CARTESIAN_POINT('',(9.043422321908E-03,9.91460493718));
#2225 = CARTESIAN_POINT('',(1.7763568394E-15,9.914605532588));
#2226 = ( GEOMETRIC_REPRESENTATION_CONTEXT(2) 
PARAMETRIC_REPRESENTATION_CONTEXT() REPRESENTATION_CONTEXT('2D SPACE',''
  ) );
#2227 = ORIENTED_EDGE('',*,*,#2228,.F.);
#2228 = EDGE_CURVE('',#2229,#1541,#2231,.T.);
#2229 = VERTEX_POINT('',#2230);
#2230 = CARTESIAN_POINT('',(0.2232,-7.741383251856,7.045156245052));
#2231 = SURFACE_CURVE('',#2232,(#2410,#2659),.PCURVE_S1.);
#2232 = B_SPLINE_CURVE_WITH_KNOTS('',7,(#2233,#2234,#2235,#2236,#2237,
    #2238,#2239,#2240,#2241,#2242,#2243,#2244,#2245,#2246,#2247,#2248,
    #2249,#2250,#2251,#2252,#2253,#2254,#2255,#2256,#2257,#2258,#2259,
    #2260,#2261,#2262,#2263,#2264,#2265,#2266,#2267,#2268,#2269,#2270,
    #2271,#2272,#2273,#2274,#2275,#2276,#2277,#2278,#2279,#2280,#2281,
    #2282,#2283,#2284,#2285,#2286,#2287,#2288,#2289,#2290,#2291,#2292,
    #2293,#2294,#2295,#2296,#2297,#2298,#2299,#2300,#2301,#2302,#2303,
    #2304,#2305,#2306,#2307,#2308,#2309,#2310,#2311,#2312,#2313,#2314,
    #2315,#2316,#2317,#2318,#2319,#2320,#2321,#2322,#2323,#2324,#2325,
    #2326,#2327,#2328,#2329,#2330,#2331,#2332,#2333,#2334,#2335,#2336,
    #2337,#2338,#2339,#2340,#2341,#2342,#2343,#2344,#2345,#2346,#2347,
    #2348,#2349,#2350,#2351,#2352,#2353,#2354,#2355,#2356,#2357,#2358,
    #2359,#2360,#2361,#2362,#2363,#2364,#2365,#2366,#2367,#2368,#2369,
    #2370,#2371,#2372,#2373,#2374,#2375,#2376,#2377,#2378,#2379,#2380,
    #2381,#2382,#2383,#2384,#2385,#2386,#2387,#2388,#2389,#2390,#2391,
    #2392,#2393,#2394,#2395,#2396,#2397,#2398,#2399,#2400,#2401,#2402,
    #2403,#2404,#2405,#2406,#2407,#2408,#2409),.UNSPECIFIED.,.T.,.F.,(8,
    6,6,6,6,6,6,6,6,6,6,6,6,6,6,6,6,6,1,6,6,6,6,6,6,6,6,6,6,6,8),(0.,
    2.416421720891E-02,4.597023152871E-02,9.503627798898E-02,
    0.143051622976,0.19871896144,0.23823182261,0.296001519189,
    0.363462450993,0.423153773247,0.495637762334,0.537944943824,
    0.597412854375,0.641921215099,0.686430751849,0.763442289048,
    0.829129188002,0.890104720964,1.,1.038066653095,1.079577052113,
    1.134759069126,1.203100257355,1.274519362757,1.353917317506,
    1.400127417966,1.464696908921,1.504187212484,1.537561629744,
    1.595916526132,1.690845810865),.UNSPECIFIED.);
#2233 = CARTESIAN_POINT('',(0.95,-7.137005532549,6.12174));
#2234 = CARTESIAN_POINT('',(0.950000000136,-7.137005532366,
    6.109719707612));
#2235 = CARTESIAN_POINT('',(0.949822581605,-7.137242655381,
    6.097700184436));
#2236 = CARTESIAN_POINT('',(0.949467733678,-7.137716908817,
    6.085689223699));
#2237 = CARTESIAN_POINT('',(0.948935989732,-7.138427361372,6.07369488384
    ));
#2238 = CARTESIAN_POINT('',(0.948228427243,-7.139372143217,
    6.061725488502));
#2239 = CARTESIAN_POINT('',(0.947346667789,-7.140548445994,
    6.049789626541));
#2240 = CARTESIAN_POINT('',(0.945341926488,-7.1432195748,6.027163370005)
  );
#2241 = CARTESIAN_POINT('',(0.944247650456,-7.144676417827,
    6.016428461916));
#2242 = CARTESIAN_POINT('',(0.943009353468,-7.146323355166,
    6.005691459807));
#2243 = CARTESIAN_POINT('',(0.941626192189,-7.148160715643,
    5.994952400923));
#2244 = CARTESIAN_POINT('',(0.940097175441,-7.150188853641,
    5.984211327687));
#2245 = CARTESIAN_POINT('',(0.938421164197,-7.152408149102,
    5.973468287712));
#2246 = CARTESIAN_POINT('',(0.932492002873,-7.16024371694,5.938545948567
    ));
#2247 = CARTESIAN_POINT('',(0.927690919554,-7.166566221495,
    5.914680590918));
#2248 = CARTESIAN_POINT('',(0.9222234687,-7.17373312812,5.89117777126));
#2249 = CARTESIAN_POINT('',(0.916122835753,-7.181683840886,
    5.868075033808));
#2250 = CARTESIAN_POINT('',(0.909423237341,-7.190354228961,
    5.845398614549));
#2251 = CARTESIAN_POINT('',(0.902157614091,-7.199680294569,
    5.823165099204));
#2252 = CARTESIAN_POINT('',(0.886720111235,-7.219310927096,
    5.780067503837));
#2253 = CARTESIAN_POINT('',(0.87857122118,-7.22958994345,5.759184871646)
  );
#2254 = CARTESIAN_POINT('',(0.869935925873,-7.240382619604,
    5.738741562052));
#2255 = CARTESIAN_POINT('',(0.860839139794,-7.251634940695,
    5.718739167718));
#2256 = CARTESIAN_POINT('',(0.851302846375,-7.263295989155,5.69917529592
    ));
#2257 = CARTESIAN_POINT('',(0.841345525064,-7.275318786465,
    5.680044367926));
#2258 = CARTESIAN_POINT('',(0.818965975318,-7.301970428901,
    5.639651384247));
#2259 = CARTESIAN_POINT('',(0.806404412796,-7.31670742535,5.618536763679
    ));
#2260 = CARTESIAN_POINT('',(0.79332155228,-7.331811107107,5.597984552045
    ));
#2261 = CARTESIAN_POINT('',(0.779729585898,-7.347203815747,
    5.577974773555));
#2262 = CARTESIAN_POINT('',(0.765652399901,-7.362859483211,
    5.558508984536));
#2263 = CARTESIAN_POINT('',(0.751088868468,-7.378698336955,
    5.539561322382));
#2264 = CARTESIAN_POINT('',(0.725359906027,-7.406007270331,
    5.508031256632));
#2265 = CARTESIAN_POINT('',(0.714435086733,-7.417410565134,
    5.495197610386));
#2266 = CARTESIAN_POINT('',(0.703266686017,-7.428860220714,
    5.482614694143));
#2267 = CARTESIAN_POINT('',(0.691853947952,-7.440336651883,
    5.470278394911));
#2268 = CARTESIAN_POINT('',(0.680195177531,-7.451820662531,
    5.458185420159));
#2269 = CARTESIAN_POINT('',(0.668287740669,-7.463293445624,5.44633329782
    ));
#2270 = CARTESIAN_POINT('',(0.638350034492,-7.491466998727,
    5.417741728492));
#2271 = CARTESIAN_POINT('',(0.619471205117,-7.508662165936,
    5.400738413252));
#2272 = CARTESIAN_POINT('',(0.599393838103,-7.526282895046,
    5.383737245531));
#2273 = CARTESIAN_POINT('',(0.57795744209,-7.544312761842,5.366735795669
    ));
#2274 = CARTESIAN_POINT('',(0.554929554297,-7.562758933992,
    5.349710884251));
#2275 = CARTESIAN_POINT('',(0.529972505218,-7.581627497845,
    5.332645167475));
#2276 = CARTESIAN_POINT('',(0.470605593772,-7.623347677355,
    5.295634294438));
#2277 = CARTESIAN_POINT('',(0.437274344577,-7.644960542533,
    5.276911754528));
#2278 = CARTESIAN_POINT('',(0.402541818268,-7.665503305097,
    5.259461585612));
#2279 = CARTESIAN_POINT('',(0.366314209469,-7.684792213258,
    5.243379262402));
#2280 = CARTESIAN_POINT('',(0.328635174346,-7.70260784715,5.228831585026
    ));
#2281 = CARTESIAN_POINT('',(0.289669382845,-7.718673150989,
    5.216021659475));
#2282 = CARTESIAN_POINT('',(0.213936189616,-7.745054784953,
    5.195409097458));
#2283 = CARTESIAN_POINT('',(0.177426482631,-7.755844421436,
    5.187192026666));
#2284 = CARTESIAN_POINT('',(0.140082014171,-7.76476756715,5.180576940252
    ));
#2285 = CARTESIAN_POINT('',(0.102064150865,-7.771574734739,
    5.175673617276));
#2286 = CARTESIAN_POINT('',(6.357344729922E-02,-7.776038281626,
    5.172559078744));
#2287 = CARTESIAN_POINT('',(2.484964602648E-02,-7.777952410018,
    5.171277587605));
#2288 = CARTESIAN_POINT('',(-6.079550859765E-02,-7.776138348783,
    5.172524381607));
#2289 = CARTESIAN_POINT('',(-0.107627216897,-7.771197847498,
    5.175941301557));
#2290 = CARTESIAN_POINT('',(-0.153836975936,-7.762740392446,
    5.182003980414));
#2291 = CARTESIAN_POINT('',(-0.199039184663,-7.751186507176,
    5.190583749139));
#2292 = CARTESIAN_POINT('',(-0.242949112384,-7.736948509384,
    5.201510697837));
#2293 = CARTESIAN_POINT('',(-0.285382898758,-7.72043051092,
    5.214573675759));
#2294 = CARTESIAN_POINT('',(-0.35011511836,-7.691287553431,
    5.238244275515));
#2295 = CARTESIAN_POINT('',(-0.373443144398,-7.679896716735,
    5.247620245868));
#2296 = CARTESIAN_POINT('',(-0.396216784798,-7.66791826816,
    5.257602009891));
#2297 = CARTESIAN_POINT('',(-0.418422702378,-7.65541065254,
    5.268150285317));
#2298 = CARTESIAN_POINT('',(-0.440059069888,-7.642428399078,
    5.279232700083));
#2299 = CARTESIAN_POINT('',(-0.461135570014,-7.629022121342,
    5.29082379233));
#2300 = CARTESIAN_POINT('',(-0.510541817198,-7.595863978349,
    5.31988663788));
#2301 = CARTESIAN_POINT('',(-0.538334624452,-7.575749759637,
    5.33783370768));
#2302 = CARTESIAN_POINT('',(-0.565089625004,-7.55503252441,5.35669369239
    ));
#2303 = CARTESIAN_POINT('',(-0.590844304391,-7.533846166087,
    5.376430760937));
#2304 = CARTESIAN_POINT('',(-0.615633989118,-7.512321716567,
    5.397026052508));
#2305 = CARTESIAN_POINT('',(-0.639490009956,-7.49058725457,
    5.418477950461));
#2306 = CARTESIAN_POINT('',(-0.67961303436,-7.4524371993,5.457510908731)
  );
#2307 = CARTESIAN_POINT('',(-0.695785959049,-7.436528567881,
    5.474227939512));
#2308 = CARTESIAN_POINT('',(-0.711059066544,-7.421061050619,
    5.490948718059));
#2309 = CARTESIAN_POINT('',(-0.725514075418,-7.406047737147,
    5.507672751181));
#2310 = CARTESIAN_POINT('',(-0.739215852095,-7.391498024377,
    5.524401191073));
#2311 = CARTESIAN_POINT('',(-0.752216267363,-7.377419965035,
    5.541134243359));
#2312 = CARTESIAN_POINT('',(-0.776900164505,-7.350224908099,
    5.574603349089));
#2313 = CARTESIAN_POINT('',(-0.788584806688,-7.337107192486,
    5.591341230771));
#2314 = CARTESIAN_POINT('',(-0.799656453873,-7.32447314229,5.60808265606
    ));
#2315 = CARTESIAN_POINT('',(-0.810150255781,-7.312319820596,
    5.624826487362));
#2316 = CARTESIAN_POINT('',(-0.820096220982,-7.300645629133,
    5.641572787635));
#2317 = CARTESIAN_POINT('',(-0.82952064571,-7.289451698253,
    5.658322523759));
#2318 = CARTESIAN_POINT('',(-0.853885566732,-7.260197386605,
    5.704058375942));
#2319 = CARTESIAN_POINT('',(-0.868357342968,-7.242458128624,
    5.734040500533));
#2320 = CARTESIAN_POINT('',(-0.881805925714,-7.225672737166,
    5.765050694348));
#2321 = CARTESIAN_POINT('',(-0.894152983505,-7.210022247089,
    5.797099807966));
#2322 = CARTESIAN_POINT('',(-0.905300301677,-7.195711061939,
    5.830174112776));
#2323 = CARTESIAN_POINT('',(-0.91513806867,-7.182953969654,
    5.864225819031));
#2324 = CARTESIAN_POINT('',(-0.930738271893,-7.162571676882,
    5.928955994039));
#2325 = CARTESIAN_POINT('',(-0.936888099376,-7.15446651463,
    5.959398113151));
#2326 = CARTESIAN_POINT('',(-0.941934118032,-7.147771263784,
    5.990405660956));
#2327 = CARTESIAN_POINT('',(-0.945809208024,-7.142605735765,
    6.021876290816));
#2328 = CARTESIAN_POINT('',(-0.948459879074,-7.139063751017,
    6.053683884327));
#2329 = CARTESIAN_POINT('',(-0.949854464152,-7.137200039711,
    6.085677009454));
#2330 = CARTESIAN_POINT('',(-0.950118346758,-7.136847363401,
    6.147382534448));
#2331 = CARTESIAN_POINT('',(-0.949161696406,-7.138125809389,
    6.177106317025));
#2332 = CARTESIAN_POINT('',(-0.947119264564,-7.140856265358,
    6.206706635381));
#2333 = CARTESIAN_POINT('',(-0.94401155485,-7.14500335557,6.23605917708)
  );
#2334 = CARTESIAN_POINT('',(-0.939876419366,-7.150500929568,
    6.265056712883));
#2335 = CARTESIAN_POINT('',(-0.93476380601,-7.157260448155,
    6.293608401371));
#2336 = CARTESIAN_POINT('',(-0.917856780239,-7.17945152108,
    6.372158385345));
#2337 = CARTESIAN_POINT('',(-0.899198095881,-7.203727335461,
    6.437859537833));
#2338 = CARTESIAN_POINT('',(-0.875696710211,-7.233778816991,
    6.499901870198));
#2339 = CARTESIAN_POINT('',(-0.848139833673,-7.268069023534,
    6.558010573955));
#2340 = CARTESIAN_POINT('',(-0.817156808226,-7.305145802853,
    6.612287136727));
#2341 = CARTESIAN_POINT('',(-0.782939128002,-7.344267013596,
    6.663116384803));
#2342 = CARTESIAN_POINT('',(-0.74563836876,-7.384486412224,
    6.710606363816));
#2343 = CARTESIAN_POINT('',(-0.725147478709,-7.4062295497,6.735699873211
    ));
#2344 = CARTESIAN_POINT('',(-0.714214724476,-7.417637697427,
    6.748533817528));
#2345 = CARTESIAN_POINT('',(-0.70303820949,-7.429091962223,
    6.761116915224));
#2346 = CARTESIAN_POINT('',(-0.691617165167,-7.44057274408,
    6.773453275662));
#2347 = CARTESIAN_POINT('',(-0.679949883825,-7.452060831078,
    6.785546185268));
#2348 = CARTESIAN_POINT('',(-0.668033718687,-7.46353739938,
    6.797398107537));
#2349 = CARTESIAN_POINT('',(-0.639688659919,-7.490200615713,
    6.824447907282));
#2350 = CARTESIAN_POINT('',(-0.622606122302,-7.505796755924,
    6.839900929289));
#2351 = CARTESIAN_POINT('',(-0.604538439305,-7.521747917784,
    6.855355002831));
#2352 = CARTESIAN_POINT('',(-0.585366738727,-7.538042905637,
    6.870812288112));
#2353 = CARTESIAN_POINT('',(-0.564925794787,-7.554682880672,
    6.886286015539));
#2354 = CARTESIAN_POINT('',(-0.542985719352,-7.571667987813,
    6.901786008995));
#2355 = CARTESIAN_POINT('',(-0.48979106382,-7.61040151788,6.936503669136
    ));
#2356 = CARTESIAN_POINT('',(-0.459179695301,-7.631138344682,
    6.95466879493));
#2357 = CARTESIAN_POINT('',(-0.427377136413,-7.651018713262,
    6.971732167849));
#2358 = CARTESIAN_POINT('',(-0.394272515457,-7.669876056029,
    6.987648332624));
#2359 = CARTESIAN_POINT('',(-0.359861885524,-7.687540832271,
    7.002301287606));
#2360 = CARTESIAN_POINT('',(-0.324261059883,-7.703821345878,
    7.015518753764));
#2361 = CARTESIAN_POINT('',(-0.24913260247,-7.733768426714,7.03937580992
    ));
#2362 = CARTESIAN_POINT('',(-0.209494932566,-7.747311901406,
    7.049887067144));
#2363 = CARTESIAN_POINT('',(-0.168722233269,-7.758762049316,
    7.05852185553));
#2364 = CARTESIAN_POINT('',(-0.126992900941,-7.767794501888,
    7.065122904286));
#2365 = CARTESIAN_POINT('',(-8.455258711876E-02,-7.774094023333,
    7.069572169859));
#2366 = CARTESIAN_POINT('',(-4.171419851231E-02,-7.777354510631,
    7.071790835943));
#2367 = CARTESIAN_POINT('',(4.878625462935E-02,-7.777195039752,
    7.071682034982));
#2368 = CARTESIAN_POINT('',(9.639400524902E-02,-7.772986224463,
    7.06880968073));
#2369 = CARTESIAN_POINT('',(0.143439170199,-7.76508503901,7.063195615531
    ));
#2370 = CARTESIAN_POINT('',(0.189502927556,-7.753922650416,
    7.054962043176));
#2371 = CARTESIAN_POINT('',(0.23427381812,-7.739928901384,7.044280006438
    ));
#2372 = CARTESIAN_POINT('',(0.277547745423,-7.723532310289,7.03136938707
    ));
#2373 = CARTESIAN_POINT('',(0.343486127401,-7.694467314456,
    7.007844193786));
#2374 = CARTESIAN_POINT('',(0.36720815877,-7.683095480286,6.998513842827
    ));
#2375 = CARTESIAN_POINT('',(0.390366303313,-7.671110686167,6.98855604952
    ));
#2376 = CARTESIAN_POINT('',(0.412944973789,-7.658574503951,
    6.978012086619));
#2377 = CARTESIAN_POINT('',(0.434940762228,-7.645543959845,
    6.966916303038));
#2378 = CARTESIAN_POINT('',(0.456362439929,-7.632071534411,
    6.955296123849));
#2379 = CARTESIAN_POINT('',(0.506390590118,-7.598829645915,
    6.926231051447));
#2380 = CARTESIAN_POINT('',(0.534459856952,-7.578691324302,
    6.908308371641));
#2381 = CARTESIAN_POINT('',(0.561476640073,-7.557929451485,
    6.889459132538));
#2382 = CARTESIAN_POINT('',(0.587478930601,-7.536680431113,
    6.869721305952));
#2383 = CARTESIAN_POINT('',(0.61250287422,-7.515077637817,6.849115414157
    ));
#2384 = CARTESIAN_POINT('',(0.636580816743,-7.493251238309,
    6.827644230203));
#2385 = CARTESIAN_POINT('',(0.673902965973,-7.457919902368,6.7916222842)
  );
#2386 = CARTESIAN_POINT('',(0.687386943425,-7.444793538317,
    6.777946792194));
#2387 = CARTESIAN_POINT('',(0.700249449905,-7.431959154014,
    6.764268233909));
#2388 = CARTESIAN_POINT('',(0.712538546022,-7.419424326134,
    6.750586981701));
#2389 = CARTESIAN_POINT('',(0.724293833719,-7.407194988451,
    6.736902675439));
#2390 = CARTESIAN_POINT('',(0.735548104877,-7.395276445987,
    6.723215349352));
#2391 = CARTESIAN_POINT('',(0.755440233038,-7.373869149581,
    6.697957759341));
#2392 = CARTESIAN_POINT('',(0.764366661358,-7.36412487307,6.68619328928)
  );
#2393 = CARTESIAN_POINT('',(0.77310775827,-7.354455437017,6.674229458899
    ));
#2394 = CARTESIAN_POINT('',(0.781662033745,-7.344874525454,
    6.662062847363));
#2395 = CARTESIAN_POINT('',(0.790027024343,-7.335395629032,
    6.649690302784));
#2396 = CARTESIAN_POINT('',(0.798199293214,-7.326032045021,
    6.637108942225));
#2397 = CARTESIAN_POINT('',(0.820118891898,-7.300649261876,
    6.601948061794));
#2398 = CARTESIAN_POINT('',(0.833460017019,-7.284897146591,
    6.578934874703));
#2399 = CARTESIAN_POINT('',(0.84617805202,-7.269613713845,6.555258207143
    ));
#2400 = CARTESIAN_POINT('',(0.858243527255,-7.254883414437,
    6.530903169089));
#2401 = CARTESIAN_POINT('',(0.86961847943,-7.240800281155,6.505860234736
    ));
#2402 = CARTESIAN_POINT('',(0.880257674172,-7.22746624235,6.480127113459
    ));
#2403 = CARTESIAN_POINT('',(0.906136897933,-7.194692692279,
    6.410737384418));
#2404 = CARTESIAN_POINT('',(0.920102127531,-7.176637983023,
    6.365900360584));
#2405 = CARTESIAN_POINT('',(0.931743737562,-7.161338611857,
    6.319303400252));
#2406 = CARTESIAN_POINT('',(0.940777043803,-7.149332734062,
    6.271156858241));
#2407 = CARTESIAN_POINT('',(0.946926759027,-7.141112652655,
    6.221806233315));
#2408 = CARTESIAN_POINT('',(0.949999999988,-7.137005532588,
    6.171763338265));
#2409 = CARTESIAN_POINT('',(0.949999999988,-7.137005532588,6.12174));
#2410 = PCURVE('',#368,#2411);
#2411 = DEFINITIONAL_REPRESENTATION('',(#2412),#2658);
#2412 = B_SPLINE_CURVE_WITH_KNOTS('',3,(#2413,#2414,#2415,#2416,#2417,
    #2418,#2419,#2420,#2421,#2422,#2423,#2424,#2425,#2426,#2427,#2428,
    #2429,#2430,#2431,#2432,#2433,#2434,#2435,#2436,#2437,#2438,#2439,
    #2440,#2441,#2442,#2443,#2444,#2445,#2446,#2447,#2448,#2449,#2450,
    #2451,#2452,#2453,#2454,#2455,#2456,#2457,#2458,#2459,#2460,#2461,
    #2462,#2463,#2464,#2465,#2466,#2467,#2468,#2469,#2470,#2471,#2472,
    #2473,#2474,#2475,#2476,#2477,#2478,#2479,#2480,#2481,#2482,#2483,
    #2484,#2485,#2486,#2487,#2488,#2489,#2490,#2491,#2492,#2493,#2494,
    #2495,#2496,#2497,#2498,#2499,#2500,#2501,#2502,#2503,#2504,#2505,
    #2506,#2507,#2508,#2509,#2510,#2511,#2512,#2513,#2514,#2515,#2516,
    #2517,#2518,#2519,#2520,#2521,#2522,#2523,#2524,#2525,#2526,#2527,
    #2528,#2529,#2530,#2531,#2532,#2533,#2534,#2535,#2536,#2537,#2538,
    #2539,#2540,#2541,#2542,#2543,#2544,#2545,#2546,#2547,#2548,#2549,
    #2550,#2551,#2552,#2553,#2554,#2555,#2556,#2557,#2558,#2559,#2560,
    #2561,#2562,#2563,#2564,#2565,#2566,#2567,#2568,#2569,#2570,#2571,
    #2572,#2573,#2574,#2575,#2576,#2577,#2578,#2579,#2580,#2581,#2582,
    #2583,#2584,#2585,#2586,#2587,#2588,#2589,#2590,#2591,#2592,#2593,
    #2594,#2595,#2596,#2597,#2598,#2599,#2600,#2601,#2602,#2603,#2604,
    #2605,#2606,#2607,#2608,#2609,#2610,#2611,#2612,#2613,#2614,#2615,
    #2616,#2617,#2618,#2619,#2620,#2621,#2622,#2623,#2624,#2625,#2626,
    #2627,#2628,#2629,#2630,#2631,#2632,#2633,#2634,#2635,#2636,#2637,
    #2638,#2639,#2640,#2641,#2642,#2643,#2644,#2645,#2646,#2647,#2648,
    #2649,#2650,#2651,#2652,#2653,#2654,#2655,#2656,#2657),
  .UNSPECIFIED.,.F.,.F.,(4,1,1,1,1,1,1,1,1,1,1,1,1,1,1,1,1,1,1,1,1,1,1,1
    ,1,1,1,1,1,1,1,1,1,1,1,1,1,1,1,1,1,1,1,1,1,1,1,1,1,1,1,1,1,1,1,1,1,1
    ,1,1,1,1,1,1,1,1,1,1,1,1,1,1,1,1,1,1,1,1,1,1,1,1,1,1,1,1,1,1,1,1,1,1
    ,1,1,1,1,1,1,1,1,1,1,1,1,1,1,1,1,1,1,1,1,1,1,1,1,1,1,1,1,1,1,1,1,1,1
    ,1,1,1,1,1,1,1,1,1,1,1,1,1,1,1,1,1,1,1,1,1,1,1,1,1,1,1,1,1,1,1,1,1,1
    ,1,1,1,1,1,1,1,1,1,1,1,1,1,1,1,1,1,1,1,1,1,1,1,1,1,1,1,1,1,1,1,1,1,1
    ,1,1,1,1,1,1,1,1,1,1,1,1,1,1,1,1,1,1,1,1,1,1,1,1,1,1,1,1,1,1,1,1,1,1
    ,1,1,1,1,1,1,1,1,1,1,1,1,1,1,4),(0.,6.986966160601E-03,
    1.39739323212E-02,2.09608984818E-02,2.79478646424E-02,
    3.4934830803E-02,4.192179696361E-02,4.890876312421E-02,
    5.589572928481E-02,6.288269544541E-02,6.986966160601E-02,
    7.685662776661E-02,8.384359392721E-02,9.083056008781E-02,
    9.781752624841E-02,0.104804492409,0.11179145857,0.11877842473,
    0.125765390891,0.132752357051,0.139739323212,0.146726289373,
    0.153713255533,0.160700221694,0.167687187854,0.174674154015,
    0.181661120176,0.188648086336,0.195635052497,0.202622018657,
    0.209608984818,0.216595950979,0.223582917139,0.2305698833,
    0.23755684946,0.244543815621,0.251530781782,0.258517747942,
    0.265504714103,0.272491680263,0.279478646424,0.286465612585,
    0.293452578745,0.300439544906,0.307426511066,0.314413477227,
    0.321400443388,0.328387409548,0.335374375709,0.342361341869,
    0.34934830803,0.356335274191,0.363322240351,0.370309206512,
    0.377296172672,0.384283138833,0.391270104994,0.398257071154,
    0.405244037315,0.412231003475,0.419217969636,0.426204935797,
    0.433191901957,0.440178868118,0.447165834278,0.454152800439,
    0.4611397666,0.46812673276,0.475113698921,0.482100665081,
    0.489087631242,0.496074597403,0.503061563563,0.510048529724,
    0.517035495884,0.524022462045,0.531009428206,0.537996394366,
    0.544983360527,0.551970326687,0.558957292848,0.565944259009,
    0.572931225169,0.57991819133,0.58690515749,0.593892123651,
    0.600879089812,0.607866055972,0.614853022133,0.621839988293,
    0.628826954454,0.635813920615,0.642800886775,0.649787852936,
    0.656774819096,0.663761785257,0.670748751418,0.677735717578,
    0.684722683739,0.691709649899,0.69869661606,0.705683582221,
    0.712670548381,0.719657514542,0.726644480702,0.733631446863,
    0.740618413024,0.747605379184,0.754592345345,0.761579311505,
    0.768566277666,0.775553243827,0.782540209987,0.789527176148,
    0.796514142308,0.803501108469,0.81048807463,0.81747504079,
    0.824462006951,0.831448973111,0.838435939272,0.845422905433,
    0.852409871593,0.859396837754,0.866383803915,0.873370770075,
    0.880357736236,0.887344702396,0.894331668557,0.901318634718,
    0.908305600878,0.915292567039,0.922279533199,0.92926649936,
    0.936253465521,0.943240431681,0.950227397842,0.957214364002,
    0.964201330163,0.971188296324,0.978175262484,0.985162228645,
    0.992149194805,0.999136160966,1.006123127127,1.013110093287,
    1.020097059448,1.027084025608,1.034070991769,1.04105795793,
    1.04804492409,1.055031890251,1.062018856411,1.069005822572,
    1.075992788733,1.082979754893,1.089966721054,1.096953687214,
    1.103940653375,1.110927619536,1.117914585696,1.124901551857,
    1.131888518017,1.138875484178,1.145862450339,1.152849416499,
    1.15983638266,1.16682334882,1.173810314981,1.180797281142,
    1.187784247302,1.194771213463,1.201758179623,1.208745145784,
    1.215732111945,1.222719078105,1.229706044266,1.236693010426,
    1.243679976587,1.250666942748,1.257653908908,1.264640875069,
    1.271627841229,1.27861480739,1.285601773551,1.292588739711,
    1.299575705872,1.306562672032,1.313549638193,1.320536604354,
    1.327523570514,1.334510536675,1.341497502835,1.348484468996,
    1.355471435157,1.362458401317,1.369445367478,1.376432333638,
    1.383419299799,1.39040626596,1.39739323212,1.404380198281,
    1.411367164441,1.418354130602,1.425341096763,1.432328062923,
    1.439315029084,1.446301995244,1.453288961405,1.460275927566,
    1.467262893726,1.474249859887,1.481236826047,1.488223792208,
    1.495210758369,1.502197724529,1.50918469069,1.51617165685,
    1.523158623011,1.530145589172,1.537132555332,1.544119521493,
    1.551106487653,1.558093453814,1.565080419975,1.572067386135,
    1.579054352296,1.586041318456,1.593028284617,1.600015250778,
    1.607002216938,1.613989183099,1.620976149259,1.62796311542,
    1.634950081581,1.641937047741,1.648924013902,1.655910980062,
    1.662897946223,1.669884912384,1.676871878544,1.683858844705,
    1.690845810865),.QUASI_UNIFORM_KNOTS.);
#2413 = CARTESIAN_POINT('',(41.042556084746,-4.93074));
#2414 = CARTESIAN_POINT('',(41.042556623251,-4.922630374913));
#2415 = CARTESIAN_POINT('',(41.042210209773,-4.906411346868));
#2416 = CARTESIAN_POINT('',(41.040658844301,-4.882127191196));
#2417 = CARTESIAN_POINT('',(41.03808209089,-4.857923855046));
#2418 = CARTESIAN_POINT('',(41.034501597981,-4.83386327563));
#2419 = CARTESIAN_POINT('',(41.029896225116,-4.809775859638));
#2420 = CARTESIAN_POINT('',(41.024266646743,-4.785694154348));
#2421 = CARTESIAN_POINT('',(41.017589786049,-4.761563836038));
#2422 = CARTESIAN_POINT('',(41.009966666727,-4.737719152724));
#2423 = CARTESIAN_POINT('',(41.001438107898,-4.714177775014));
#2424 = CARTESIAN_POINT('',(40.992044973963,-4.690964563465));
#2425 = CARTESIAN_POINT('',(40.981829587016,-4.668097459106));
#2426 = CARTESIAN_POINT('',(40.970834492669,-4.645591573671));
#2427 = CARTESIAN_POINT('',(40.959101968068,-4.623458405941));
#2428 = CARTESIAN_POINT('',(40.946673244613,-4.601706353943));
#2429 = CARTESIAN_POINT('',(40.933588334382,-4.580341099341));
#2430 = CARTESIAN_POINT('',(40.919885109547,-4.55936505082));
#2431 = CARTESIAN_POINT('',(40.905599813543,-4.538779184453));
#2432 = CARTESIAN_POINT('',(40.890766829234,-4.518582943056));
#2433 = CARTESIAN_POINT('',(40.875418521419,-4.498774413665));
#2434 = CARTESIAN_POINT('',(40.859585101638,-4.479350506867));
#2435 = CARTESIAN_POINT('',(40.843294346902,-4.460306850569));
#2436 = CARTESIAN_POINT('',(40.826572786671,-4.441639603715));
#2437 = CARTESIAN_POINT('',(40.80944429887,-4.423343453994));
#2438 = CARTESIAN_POINT('',(40.79193133574,-4.405413210309));
#2439 = CARTESIAN_POINT('',(40.774054344607,-4.387843925607));
#2440 = CARTESIAN_POINT('',(40.755832457715,-4.370630537164));
#2441 = CARTESIAN_POINT('',(40.737283471668,-4.353767416243));
#2442 = CARTESIAN_POINT('',(40.718424084713,-4.337248222307));
#2443 = CARTESIAN_POINT('',(40.699269395195,-4.321066633427));
#2444 = CARTESIAN_POINT('',(40.67983414316,-4.305217898288));
#2445 = CARTESIAN_POINT('',(40.66012999694,-4.289696139788));
#2446 = CARTESIAN_POINT('',(40.64017268404,-4.274499810143));
#2447 = CARTESIAN_POINT('',(40.619958465157,-4.259614930905));
#2448 = CARTESIAN_POINT('',(40.599551616178,-4.245076959841));
#2449 = CARTESIAN_POINT('',(40.578758066594,-4.230740083383));
#2450 = CARTESIAN_POINT('',(40.55716590366,-4.216339753436));
#2451 = CARTESIAN_POINT('',(40.534837876776,-4.20194971535));
#2452 = CARTESIAN_POINT('',(40.511696979086,-4.18755059792));
#2453 = CARTESIAN_POINT('',(40.487686690995,-4.173144608733));
#2454 = CARTESIAN_POINT('',(40.462727017298,-4.158726371864));
#2455 = CARTESIAN_POINT('',(40.436725410679,-4.144294033099));
#2456 = CARTESIAN_POINT('',(40.40957175337,-4.129844864922));
#2457 = CARTESIAN_POINT('',(40.38114152434,-4.115394317162));
#2458 = CARTESIAN_POINT('',(40.352626161878,-4.101586763726));
#2459 = CARTESIAN_POINT('',(40.323836421332,-4.088330387445));
#2460 = CARTESIAN_POINT('',(40.294840164541,-4.075677469578));
#2461 = CARTESIAN_POINT('',(40.265648737075,-4.063647787911));
#2462 = CARTESIAN_POINT('',(40.236268475325,-4.052275634624));
#2463 = CARTESIAN_POINT('',(40.206677806022,-4.041596348683));
#2464 = CARTESIAN_POINT('',(40.176868700818,-4.031648622475));
#2465 = CARTESIAN_POINT('',(40.146834639968,-4.022471649014));
#2466 = CARTESIAN_POINT('',(40.116572424357,-4.014104584762));
#2467 = CARTESIAN_POINT('',(40.086067849708,-4.006579361491));
#2468 = CARTESIAN_POINT('',(40.055331405918,-3.999938281899));
#2469 = CARTESIAN_POINT('',(40.024382874402,-3.994222568071));
#2470 = CARTESIAN_POINT('',(39.993242543088,-3.989467181945));
#2471 = CARTESIAN_POINT('',(39.961934755108,-3.985702219489));
#2472 = CARTESIAN_POINT('',(39.930488244139,-3.982952508067));
#2473 = CARTESIAN_POINT('',(39.898936651302,-3.981237822796));
#2474 = CARTESIAN_POINT('',(39.86732065553,-3.980572423762));
#2475 = CARTESIAN_POINT('',(39.835681875043,-3.980966690793));
#2476 = CARTESIAN_POINT('',(39.804098440953,-3.9824223416));
#2477 = CARTESIAN_POINT('',(39.772611434341,-3.984917625372));
#2478 = CARTESIAN_POINT('',(39.741258400644,-3.988430977134));
#2479 = CARTESIAN_POINT('',(39.710070195636,-3.992936988881));
#2480 = CARTESIAN_POINT('',(39.679071531064,-3.998407493864));
#2481 = CARTESIAN_POINT('',(39.648280999219,-4.004811258288));
#2482 = CARTESIAN_POINT('',(39.617711492255,-4.012114130258));
#2483 = CARTESIAN_POINT('',(39.587370826887,-4.020278752282));
#2484 = CARTESIAN_POINT('',(39.557261819685,-4.029265562314));
#2485 = CARTESIAN_POINT('',(39.527384592344,-4.039029077093));
#2486 = CARTESIAN_POINT('',(39.497730404286,-4.049531896662));
#2487 = CARTESIAN_POINT('',(39.468288257409,-4.060738422712));
#2488 = CARTESIAN_POINT('',(39.43904167088,-4.072610185677));
#2489 = CARTESIAN_POINT('',(39.409980734116,-4.085114983242));
#2490 = CARTESIAN_POINT('',(39.381134237332,-4.098224322485));
#2491 = CARTESIAN_POINT('',(39.352516004045,-4.111914512811));
#2492 = CARTESIAN_POINT('',(39.324139994464,-4.126164851785));
#2493 = CARTESIAN_POINT('',(39.296023306287,-4.140957836275));
#2494 = CARTESIAN_POINT('',(39.268177918468,-4.156279901704));
#2495 = CARTESIAN_POINT('',(39.240617521192,-4.172119754222));
#2496 = CARTESIAN_POINT('',(39.213355216315,-4.1884692999));
#2497 = CARTESIAN_POINT('',(39.186406443145,-4.205321688505));
#2498 = CARTESIAN_POINT('',(39.159780139261,-4.222678301931));
#2499 = CARTESIAN_POINT('',(39.133511732594,-4.240522849421));
#2500 = CARTESIAN_POINT('',(39.10754056347,-4.258918090977));
#2501 = CARTESIAN_POINT('',(39.082676956664,-4.277276779078));
#2502 = CARTESIAN_POINT('',(39.058783558693,-4.29565212141));
#2503 = CARTESIAN_POINT('',(39.035839363657,-4.314028598096));
#2504 = CARTESIAN_POINT('',(39.013799811937,-4.332410000702));
#2505 = CARTESIAN_POINT('',(38.992633521699,-4.350795246154));
#2506 = CARTESIAN_POINT('',(38.972312524687,-4.369183345992));
#2507 = CARTESIAN_POINT('',(38.952812049348,-4.387574075536));
#2508 = CARTESIAN_POINT('',(38.934107175605,-4.405968191805));
#2509 = CARTESIAN_POINT('',(38.916175960492,-4.424365523937));
#2510 = CARTESIAN_POINT('',(38.898999623177,-4.442764799915));
#2511 = CARTESIAN_POINT('',(38.882556790411,-4.461170392905));
#2512 = CARTESIAN_POINT('',(38.866846710933,-4.479565858729));
#2513 = CARTESIAN_POINT('',(38.85180135686,-4.498011999767));
#2514 = CARTESIAN_POINT('',(38.837142521156,-4.516868606832));
#2515 = CARTESIAN_POINT('',(38.822962812868,-4.536060201722));
#2516 = CARTESIAN_POINT('',(38.809271848186,-4.555609911192));
#2517 = CARTESIAN_POINT('',(38.796103942093,-4.575512735508));
#2518 = CARTESIAN_POINT('',(38.783489038898,-4.595769356929));
#2519 = CARTESIAN_POINT('',(38.771460251309,-4.616376914703));
#2520 = CARTESIAN_POINT('',(38.76005154957,-4.637331303691));
#2521 = CARTESIAN_POINT('',(38.749298061068,-4.658626341594));
#2522 = CARTESIAN_POINT('',(38.739235593726,-4.680253867738));
#2523 = CARTESIAN_POINT('',(38.729900466737,-4.702203176641));
#2524 = CARTESIAN_POINT('',(38.72132869906,-4.72446211051));
#2525 = CARTESIAN_POINT('',(38.713556923382,-4.747013084318));
#2526 = CARTESIAN_POINT('',(38.706621479165,-4.769832135887));
#2527 = CARTESIAN_POINT('',(38.700556051808,-4.792893744181));
#2528 = CARTESIAN_POINT('',(38.695391542648,-4.816169608218));
#2529 = CARTESIAN_POINT('',(38.691155389574,-4.839628896074));
#2530 = CARTESIAN_POINT('',(38.687871036375,-4.86323815253));
#2531 = CARTESIAN_POINT('',(38.685557363207,-4.886961102056));
#2532 = CARTESIAN_POINT('',(38.684228141783,-4.910759211786));
#2533 = CARTESIAN_POINT('',(38.683891459833,-4.934589319204));
#2534 = CARTESIAN_POINT('',(38.684549276379,-4.958414522195));
#2535 = CARTESIAN_POINT('',(38.686197656455,-4.982192311131));
#2536 = CARTESIAN_POINT('',(38.688826619689,-5.005882384489));
#2537 = CARTESIAN_POINT('',(38.692420737533,-5.029447021685));
#2538 = CARTESIAN_POINT('',(38.696959619607,-5.052850933461));
#2539 = CARTESIAN_POINT('',(38.702418445578,-5.076061279806));
#2540 = CARTESIAN_POINT('',(38.708768462877,-5.099047540183));
#2541 = CARTESIAN_POINT('',(38.715977601732,-5.121781807005));
#2542 = CARTESIAN_POINT('',(38.724010670144,-5.14423753379));
#2543 = CARTESIAN_POINT('',(38.732829734973,-5.166390355569));
#2544 = CARTESIAN_POINT('',(38.742399487833,-5.188228497593));
#2545 = CARTESIAN_POINT('',(38.752683886026,-5.209740462177));
#2546 = CARTESIAN_POINT('',(38.763647203786,-5.230917384389));
#2547 = CARTESIAN_POINT('',(38.775254134451,-5.251752213656));
#2548 = CARTESIAN_POINT('',(38.787470132861,-5.272239754928));
#2549 = CARTESIAN_POINT('',(38.800261670631,-5.292376485171));
#2550 = CARTESIAN_POINT('',(38.813596483555,-5.312160432284));
#2551 = CARTESIAN_POINT('',(38.827443781696,-5.331591036098));
#2552 = CARTESIAN_POINT('',(38.84177442201,-5.350669009568));
#2553 = CARTESIAN_POINT('',(38.856561035707,-5.369396191886));
#2554 = CARTESIAN_POINT('',(38.871778104672,-5.387775392307));
#2555 = CARTESIAN_POINT('',(38.887401981076,-5.405810221617));
#2556 = CARTESIAN_POINT('',(38.903410843631,-5.423504908562));
#2557 = CARTESIAN_POINT('',(38.919784587488,-5.440864098865));
#2558 = CARTESIAN_POINT('',(38.936504632208,-5.457892632817));
#2559 = CARTESIAN_POINT('',(38.953553679943,-5.474595303834));
#2560 = CARTESIAN_POINT('',(38.970915288728,-5.490976599941));
#2561 = CARTESIAN_POINT('',(38.988573942616,-5.507040720985));
#2562 = CARTESIAN_POINT('',(39.006515021717,-5.522791718392));
#2563 = CARTESIAN_POINT('',(39.024723581377,-5.538235519296));
#2564 = CARTESIAN_POINT('',(39.043188380607,-5.553377307045));
#2565 = CARTESIAN_POINT('',(39.061898089789,-5.568221076676));
#2566 = CARTESIAN_POINT('',(39.080843393565,-5.582771465496));
#2567 = CARTESIAN_POINT('',(39.100010689392,-5.597029146055));
#2568 = CARTESIAN_POINT('',(39.119406271581,-5.611006678591));
#2569 = CARTESIAN_POINT('',(39.138965864379,-5.624669708286));
#2570 = CARTESIAN_POINT('',(39.15919675195,-5.638365678424));
#2571 = CARTESIAN_POINT('',(39.180086738009,-5.652059691575));
#2572 = CARTESIAN_POINT('',(39.201686017036,-5.665760118131));
#2573 = CARTESIAN_POINT('',(39.224040756387,-5.679466470657));
#2574 = CARTESIAN_POINT('',(39.247210341545,-5.693181674361));
#2575 = CARTESIAN_POINT('',(39.271268063306,-5.706909023241));
#2576 = CARTESIAN_POINT('',(39.296284748262,-5.720644920806));
#2577 = CARTESIAN_POINT('',(39.322397614767,-5.734402720147));
#2578 = CARTESIAN_POINT('',(39.34861673606,-5.747630784874));
#2579 = CARTESIAN_POINT('',(39.375075228257,-5.76039750711));
#2580 = CARTESIAN_POINT('',(39.401724127736,-5.772666180336));
#2581 = CARTESIAN_POINT('',(39.4285625667,-5.784424777522));
#2582 = CARTESIAN_POINT('',(39.455568465088,-5.795650239371));
#2583 = CARTESIAN_POINT('',(39.482733830189,-5.806317848013));
#2584 = CARTESIAN_POINT('',(39.510075816768,-5.81639913771));
#2585 = CARTESIAN_POINT('',(39.537602656895,-5.825863960923));
#2586 = CARTESIAN_POINT('',(39.565320420078,-5.834680784811));
#2587 = CARTESIAN_POINT('',(39.593238920189,-5.842823299522));
#2588 = CARTESIAN_POINT('',(39.621362423613,-5.850261500237));
#2589 = CARTESIAN_POINT('',(39.649683067779,-5.856958831506));
#2590 = CARTESIAN_POINT('',(39.678192951721,-5.862884122904));
#2591 = CARTESIAN_POINT('',(39.706880487108,-5.868008587355));
#2592 = CARTESIAN_POINT('',(39.735730764909,-5.87230662922));
#2593 = CARTESIAN_POINT('',(39.764724893514,-5.875755613634));
#2594 = CARTESIAN_POINT('',(39.793839691704,-5.87833598107));
#2595 = CARTESIAN_POINT('',(39.823047545561,-5.880031019736));
#2596 = CARTESIAN_POINT('',(39.852316204783,-5.880827661428));
#2597 = CARTESIAN_POINT('',(39.881610081177,-5.880713525731));
#2598 = CARTESIAN_POINT('',(39.910868108275,-5.879688492576));
#2599 = CARTESIAN_POINT('',(39.940057749754,-5.877767870029));
#2600 = CARTESIAN_POINT('',(39.969146407378,-5.874966716749));
#2601 = CARTESIAN_POINT('',(39.998107192368,-5.871303277258));
#2602 = CARTESIAN_POINT('',(40.026917647658,-5.86679806298));
#2603 = CARTESIAN_POINT('',(40.055560027588,-5.861474092832));
#2604 = CARTESIAN_POINT('',(40.084020914071,-5.8553568498));
#2605 = CARTESIAN_POINT('',(40.112290927881,-5.848474214065));
#2606 = CARTESIAN_POINT('',(40.140364127706,-5.840856773909));
#2607 = CARTESIAN_POINT('',(40.168238279104,-5.832536648962));
#2608 = CARTESIAN_POINT('',(40.195911889868,-5.823551886323));
#2609 = CARTESIAN_POINT('',(40.223394417669,-5.813928333486));
#2610 = CARTESIAN_POINT('',(40.250693787114,-5.803696263431));
#2611 = CARTESIAN_POINT('',(40.277819612908,-5.792886100471));
#2612 = CARTESIAN_POINT('',(40.304788652318,-5.78152437448));
#2613 = CARTESIAN_POINT('',(40.331583217682,-5.76963480344));
#2614 = CARTESIAN_POINT('',(40.35818713822,-5.757238009044));
#2615 = CARTESIAN_POINT('',(40.38459169506,-5.744351571725));
#2616 = CARTESIAN_POINT('',(40.41078148929,-5.730991257943));
#2617 = CARTESIAN_POINT('',(40.436746734638,-5.717169328977));
#2618 = CARTESIAN_POINT('',(40.462476781801,-5.702896288871));
#2619 = CARTESIAN_POINT('',(40.487960885853,-5.688180712313));
#2620 = CARTESIAN_POINT('',(40.513188806038,-5.673028622796));
#2621 = CARTESIAN_POINT('',(40.538147255711,-5.657446084873));
#2622 = CARTESIAN_POINT('',(40.562833117257,-5.641429389759));
#2623 = CARTESIAN_POINT('',(40.587203750788,-5.625001653449));
#2624 = CARTESIAN_POINT('',(40.611362170505,-5.608076171401));
#2625 = CARTESIAN_POINT('',(40.634623753698,-5.591139069909));
#2626 = CARTESIAN_POINT('',(40.657028538953,-5.574198747698));
#2627 = CARTESIAN_POINT('',(40.678613362213,-5.557254674577));
#2628 = CARTESIAN_POINT('',(40.699414233475,-5.540304518685));
#2629 = CARTESIAN_POINT('',(40.719444654416,-5.523359893654));
#2630 = CARTESIAN_POINT('',(40.738782030342,-5.506379196691));
#2631 = CARTESIAN_POINT('',(40.75786357606,-5.488970293306));
#2632 = CARTESIAN_POINT('',(40.776576525903,-5.471206490997));
#2633 = CARTESIAN_POINT('',(40.794926371112,-5.453060264288));
#2634 = CARTESIAN_POINT('',(40.81288531386,-5.434531517966));
#2635 = CARTESIAN_POINT('',(40.830432357167,-5.415613872503));
#2636 = CARTESIAN_POINT('',(40.847542039382,-5.396302036927));
#2637 = CARTESIAN_POINT('',(40.864188242592,-5.37659008474));
#2638 = CARTESIAN_POINT('',(40.880341761625,-5.356473276388));
#2639 = CARTESIAN_POINT('',(40.895971104549,-5.335947718663));
#2640 = CARTESIAN_POINT('',(40.911042424095,-5.315010609909));
#2641 = CARTESIAN_POINT('',(40.925519721673,-5.293660295895));
#2642 = CARTESIAN_POINT('',(40.939364843069,-5.271896497218));
#2643 = CARTESIAN_POINT('',(40.952538051405,-5.249720039927));
#2644 = CARTESIAN_POINT('',(40.965003360543,-5.227122690381));
#2645 = CARTESIAN_POINT('',(40.976711154153,-5.204118832332));
#2646 = CARTESIAN_POINT('',(40.987613742161,-5.18072223859));
#2647 = CARTESIAN_POINT('',(40.997663008589,-5.156950651521));
#2648 = CARTESIAN_POINT('',(41.006811785158,-5.132824760805));
#2649 = CARTESIAN_POINT('',(41.015014300236,-5.108368684766));
#2650 = CARTESIAN_POINT('',(41.022226950095,-5.083610052353));
#2651 = CARTESIAN_POINT('',(41.028409048295,-5.058580191078));
#2652 = CARTESIAN_POINT('',(41.033523673161,-5.03331430265));
#2653 = CARTESIAN_POINT('',(41.037538464859,-5.007851594046));
#2654 = CARTESIAN_POINT('',(41.040426830367,-4.982235611275));
#2655 = CARTESIAN_POINT('',(41.04216785379,-4.956513819103));
#2656 = CARTESIAN_POINT('',(41.042556780963,-4.939331277314));
#2657 = CARTESIAN_POINT('',(41.042556084708,-4.93074));
#2658 = ( GEOMETRIC_REPRESENTATION_CONTEXT(2) 
PARAMETRIC_REPRESENTATION_CONTEXT() REPRESENTATION_CONTEXT('2D SPACE',''
  ) );
#2659 = PCURVE('',#1974,#2660);
#2660 = DEFINITIONAL_REPRESENTATION('',(#2661),#2907);
#2661 = B_SPLINE_CURVE_WITH_KNOTS('',3,(#2662,#2663,#2664,#2665,#2666,
    #2667,#2668,#2669,#2670,#2671,#2672,#2673,#2674,#2675,#2676,#2677,
    #2678,#2679,#2680,#2681,#2682,#2683,#2684,#2685,#2686,#2687,#2688,
    #2689,#2690,#2691,#2692,#2693,#2694,#2695,#2696,#2697,#2698,#2699,
    #2700,#2701,#2702,#2703,#2704,#2705,#2706,#2707,#2708,#2709,#2710,
    #2711,#2712,#2713,#2714,#2715,#2716,#2717,#2718,#2719,#2720,#2721,
    #2722,#2723,#2724,#2725,#2726,#2727,#2728,#2729,#2730,#2731,#2732,
    #2733,#2734,#2735,#2736,#2737,#2738,#2739,#2740,#2741,#2742,#2743,
    #2744,#2745,#2746,#2747,#2748,#2749,#2750,#2751,#2752,#2753,#2754,
    #2755,#2756,#2757,#2758,#2759,#2760,#2761,#2762,#2763,#2764,#2765,
    #2766,#2767,#2768,#2769,#2770,#2771,#2772,#2773,#2774,#2775,#2776,
    #2777,#2778,#2779,#2780,#2781,#2782,#2783,#2784,#2785,#2786,#2787,
    #2788,#2789,#2790,#2791,#2792,#2793,#2794,#2795,#2796,#2797,#2798,
    #2799,#2800,#2801,#2802,#2803,#2804,#2805,#2806,#2807,#2808,#2809,
    #2810,#2811,#2812,#2813,#2814,#2815,#2816,#2817,#2818,#2819,#2820,
    #2821,#2822,#2823,#2824,#2825,#2826,#2827,#2828,#2829,#2830,#2831,
    #2832,#2833,#2834,#2835,#2836,#2837,#2838,#2839,#2840,#2841,#2842,
    #2843,#2844,#2845,#2846,#2847,#2848,#2849,#2850,#2851,#2852,#2853,
    #2854,#2855,#2856,#2857,#2858,#2859,#2860,#2861,#2862,#2863,#2864,
    #2865,#2866,#2867,#2868,#2869,#2870,#2871,#2872,#2873,#2874,#2875,
    #2876,#2877,#2878,#2879,#2880,#2881,#2882,#2883,#2884,#2885,#2886,
    #2887,#2888,#2889,#2890,#2891,#2892,#2893,#2894,#2895,#2896,#2897,
    #2898,#2899,#2900,#2901,#2902,#2903,#2904,#2905,#2906),
  .UNSPECIFIED.,.F.,.F.,(4,1,1,1,1,1,1,1,1,1,1,1,1,1,1,1,1,1,1,1,1,1,1,1
    ,1,1,1,1,1,1,1,1,1,1,1,1,1,1,1,1,1,1,1,1,1,1,1,1,1,1,1,1,1,1,1,1,1,1
    ,1,1,1,1,1,1,1,1,1,1,1,1,1,1,1,1,1,1,1,1,1,1,1,1,1,1,1,1,1,1,1,1,1,1
    ,1,1,1,1,1,1,1,1,1,1,1,1,1,1,1,1,1,1,1,1,1,1,1,1,1,1,1,1,1,1,1,1,1,1
    ,1,1,1,1,1,1,1,1,1,1,1,1,1,1,1,1,1,1,1,1,1,1,1,1,1,1,1,1,1,1,1,1,1,1
    ,1,1,1,1,1,1,1,1,1,1,1,1,1,1,1,1,1,1,1,1,1,1,1,1,1,1,1,1,1,1,1,1,1,1
    ,1,1,1,1,1,1,1,1,1,1,1,1,1,1,1,1,1,1,1,1,1,1,1,1,1,1,1,1,1,1,1,1,1,1
    ,1,1,1,1,1,1,1,1,1,1,1,1,1,1,4),(0.,6.986966160601E-03,
    1.39739323212E-02,2.09608984818E-02,2.79478646424E-02,
    3.4934830803E-02,4.192179696361E-02,4.890876312421E-02,
    5.589572928481E-02,6.288269544541E-02,6.986966160601E-02,
    7.685662776661E-02,8.384359392721E-02,9.083056008781E-02,
    9.781752624841E-02,0.104804492409,0.11179145857,0.11877842473,
    0.125765390891,0.132752357051,0.139739323212,0.146726289373,
    0.153713255533,0.160700221694,0.167687187854,0.174674154015,
    0.181661120176,0.188648086336,0.195635052497,0.202622018657,
    0.209608984818,0.216595950979,0.223582917139,0.2305698833,
    0.23755684946,0.244543815621,0.251530781782,0.258517747942,
    0.265504714103,0.272491680263,0.279478646424,0.286465612585,
    0.293452578745,0.300439544906,0.307426511066,0.314413477227,
    0.321400443388,0.328387409548,0.335374375709,0.342361341869,
    0.34934830803,0.356335274191,0.363322240351,0.370309206512,
    0.377296172672,0.384283138833,0.391270104994,0.398257071154,
    0.405244037315,0.412231003475,0.419217969636,0.426204935797,
    0.433191901957,0.440178868118,0.447165834278,0.454152800439,
    0.4611397666,0.46812673276,0.475113698921,0.482100665081,
    0.489087631242,0.496074597403,0.503061563563,0.510048529724,
    0.517035495884,0.524022462045,0.531009428206,0.537996394366,
    0.544983360527,0.551970326687,0.558957292848,0.565944259009,
    0.572931225169,0.57991819133,0.58690515749,0.593892123651,
    0.600879089812,0.607866055972,0.614853022133,0.621839988293,
    0.628826954454,0.635813920615,0.642800886775,0.649787852936,
    0.656774819096,0.663761785257,0.670748751418,0.677735717578,
    0.684722683739,0.691709649899,0.69869661606,0.705683582221,
    0.712670548381,0.719657514542,0.726644480702,0.733631446863,
    0.740618413024,0.747605379184,0.754592345345,0.761579311505,
    0.768566277666,0.775553243827,0.782540209987,0.789527176148,
    0.796514142308,0.803501108469,0.81048807463,0.81747504079,
    0.824462006951,0.831448973111,0.838435939272,0.845422905433,
    0.852409871593,0.859396837754,0.866383803915,0.873370770075,
    0.880357736236,0.887344702396,0.894331668557,0.901318634718,
    0.908305600878,0.915292567039,0.922279533199,0.92926649936,
    0.936253465521,0.943240431681,0.950227397842,0.957214364002,
    0.964201330163,0.971188296324,0.978175262484,0.985162228645,
    0.992149194805,0.999136160966,1.006123127127,1.013110093287,
    1.020097059448,1.027084025608,1.034070991769,1.04105795793,
    1.04804492409,1.055031890251,1.062018856411,1.069005822572,
    1.075992788733,1.082979754893,1.089966721054,1.096953687214,
    1.103940653375,1.110927619536,1.117914585696,1.124901551857,
    1.131888518017,1.138875484178,1.145862450339,1.152849416499,
    1.15983638266,1.16682334882,1.173810314981,1.180797281142,
    1.187784247302,1.194771213463,1.201758179623,1.208745145784,
    1.215732111945,1.222719078105,1.229706044266,1.236693010426,
    1.243679976587,1.250666942748,1.257653908908,1.264640875069,
    1.271627841229,1.27861480739,1.285601773551,1.292588739711,
    1.299575705872,1.306562672032,1.313549638193,1.320536604354,
    1.327523570514,1.334510536675,1.341497502835,1.348484468996,
    1.355471435157,1.362458401317,1.369445367478,1.376432333638,
    1.383419299799,1.39040626596,1.39739323212,1.404380198281,
    1.411367164441,1.418354130602,1.425341096763,1.432328062923,
    1.439315029084,1.446301995244,1.453288961405,1.460275927566,
    1.467262893726,1.474249859887,1.481236826047,1.488223792208,
    1.495210758369,1.502197724529,1.50918469069,1.51617165685,
    1.523158623011,1.530145589172,1.537132555332,1.544119521493,
    1.551106487653,1.558093453814,1.565080419975,1.572067386135,
    1.579054352296,1.586041318456,1.593028284617,1.600015250778,
    1.607002216938,1.613989183099,1.620976149259,1.62796311542,
    1.634950081581,1.641937047741,1.648924013902,1.655910980062,
    1.662897946223,1.669884912384,1.676871878544,1.683858844705,
    1.690845810865),.QUASI_UNIFORM_KNOTS.);
#2662 = CARTESIAN_POINT('',(6.28318530718,9.914605532549));
#2663 = CARTESIAN_POINT('',(6.274648879485,9.914605073218));
#2664 = CARTESIAN_POINT('',(6.25757618623,9.914883484685));
#2665 = CARTESIAN_POINT('',(6.23199715989,9.916129953709));
#2666 = CARTESIAN_POINT('',(6.206469784042,9.918199774026));
#2667 = CARTESIAN_POINT('',(6.1810433113,9.921074712007));
#2668 = CARTESIAN_POINT('',(6.155521983309,9.924770572965));
#2669 = CARTESIAN_POINT('',(6.129922980855,9.929285229737));
#2670 = CARTESIAN_POINT('',(6.104170131762,9.934635103527));
#2671 = CARTESIAN_POINT('',(6.078603324304,9.94073676035));
#2672 = CARTESIAN_POINT('',(6.053227997571,9.947554711422));
#2673 = CARTESIAN_POINT('',(6.028057830452,9.95505305402));
#2674 = CARTESIAN_POINT('',(6.003100269338,9.963194356998));
#2675 = CARTESIAN_POINT('',(5.978360680924,9.971940650241));
#2676 = CARTESIAN_POINT('',(5.953841483947,9.981253828577));
#2677 = CARTESIAN_POINT('',(5.929542556765,9.991096293912));
#2678 = CARTESIAN_POINT('',(5.90546158189,10.001431097242));
#2679 = CARTESIAN_POINT('',(5.881593281143,10.01222266893));
#2680 = CARTESIAN_POINT('',(5.857931327247,10.023436447143));
#2681 = CARTESIAN_POINT('',(5.834468143661,10.03503906067));
#2682 = CARTESIAN_POINT('',(5.811194987855,10.046998456331));
#2683 = CARTESIAN_POINT('',(5.788102046794,10.059284036916));
#2684 = CARTESIAN_POINT('',(5.765178150458,10.071866812396));
#2685 = CARTESIAN_POINT('',(5.742412892128,10.084718686327));
#2686 = CARTESIAN_POINT('',(5.719794094983,10.097813276153));
#2687 = CARTESIAN_POINT('',(5.697309624903,10.111124989765));
#2688 = CARTESIAN_POINT('',(5.674947531237,10.124629919493));
#2689 = CARTESIAN_POINT('',(5.652695492719,10.13830481999));
#2690 = CARTESIAN_POINT('',(5.63054012617,10.152126087702));
#2691 = CARTESIAN_POINT('',(5.608466681476,10.166069087023));
#2692 = CARTESIAN_POINT('',(5.586459790275,10.180109900209));
#2693 = CARTESIAN_POINT('',(5.564505569894,10.194224740194));
#2694 = CARTESIAN_POINT('',(5.542587735166,10.208391480964));
#2695 = CARTESIAN_POINT('',(5.520695600696,10.222584883656));
#2696 = CARTESIAN_POINT('',(5.498798731357,10.236792823755));
#2697 = CARTESIAN_POINT('',(5.476940334544,10.250955749391));
#2698 = CARTESIAN_POINT('',(5.45488864004,10.265192620968));
#2699 = CARTESIAN_POINT('',(5.432194396022,10.27975775068));
#2700 = CARTESIAN_POINT('',(5.408913620823,10.294573039141));
#2701 = CARTESIAN_POINT('',(5.384952004613,10.309651568236));
#2702 = CARTESIAN_POINT('',(5.360235822898,10.324985420334));
#2703 = CARTESIAN_POINT('',(5.334664680452,10.340574409259));
#2704 = CARTESIAN_POINT('',(5.308122565555,10.356415446469));
#2705 = CARTESIAN_POINT('',(5.280471475726,10.372506041166));
#2706 = CARTESIAN_POINT('',(5.251553625136,10.388828215972));
#2707 = CARTESIAN_POINT('',(5.222542341101,10.404636211112));
#2708 = CARTESIAN_POINT('',(5.193203990916,10.420004039608));
#2709 = CARTESIAN_POINT('',(5.163570387936,10.434852041884));
#2710 = CARTESIAN_POINT('',(5.133609429774,10.449140115281));
#2711 = CARTESIAN_POINT('',(5.103315217013,10.462814506713));
#2712 = CARTESIAN_POINT('',(5.072684112488,10.475821020514));
#2713 = CARTESIAN_POINT('',(5.041719840226,10.48810044029));
#2714 = CARTESIAN_POINT('',(5.010428588126,10.499590117513));
#2715 = CARTESIAN_POINT('',(4.978817181335,10.510220117067));
#2716 = CARTESIAN_POINT('',(4.946881340033,10.519926406159));
#2717 = CARTESIAN_POINT('',(4.914641294512,10.528628549809));
#2718 = CARTESIAN_POINT('',(4.882125424051,10.536237773816));
#2719 = CARTESIAN_POINT('',(4.849364104409,10.542671931348));
#2720 = CARTESIAN_POINT('',(4.816392091027,10.547851355799));
#2721 = CARTESIAN_POINT('',(4.783248680163,10.551700499791));
#2722 = CARTESIAN_POINT('',(4.749977798964,10.554145526316));
#2723 = CARTESIAN_POINT('',(4.71663010949,10.555122305158));
#2724 = CARTESIAN_POINT('',(4.683256583278,10.554546836068));
#2725 = CARTESIAN_POINT('',(4.649949164703,10.552456337195));
#2726 = CARTESIAN_POINT('',(4.616758971635,10.548944121789));
#2727 = CARTESIAN_POINT('',(4.583733251979,10.544086130037));
#2728 = CARTESIAN_POINT('',(4.550912529003,10.537962203549));
#2729 = CARTESIAN_POINT('',(4.518331408614,10.530650380712));
#2730 = CARTESIAN_POINT('',(4.486018562395,10.522228440798));
#2731 = CARTESIAN_POINT('',(4.453997029476,10.512773432164));
#2732 = CARTESIAN_POINT('',(4.42228471144,10.502362015347));
#2733 = CARTESIAN_POINT('',(4.390894365877,10.491069562482));
#2734 = CARTESIAN_POINT('',(4.359835938671,10.478973416553));
#2735 = CARTESIAN_POINT('',(4.329110431906,10.466140642309));
#2736 = CARTESIAN_POINT('',(4.298720852104,10.452623733336));
#2737 = CARTESIAN_POINT('',(4.268666964625,10.43847923411));
#2738 = CARTESIAN_POINT('',(4.238940528536,10.423759453814));
#2739 = CARTESIAN_POINT('',(4.209526767115,10.408514911747));
#2740 = CARTESIAN_POINT('',(4.180402215673,10.39279284189));
#2741 = CARTESIAN_POINT('',(4.151541465878,10.376640729771));
#2742 = CARTESIAN_POINT('',(4.122921877201,10.360106894436));
#2743 = CARTESIAN_POINT('',(4.094515653979,10.343236654387));
#2744 = CARTESIAN_POINT('',(4.066296160407,10.326075647851));
#2745 = CARTESIAN_POINT('',(4.038235406755,10.308668512215));
#2746 = CARTESIAN_POINT('',(4.010306977131,10.291060815008));
#2747 = CARTESIAN_POINT('',(3.982476007361,10.273292619499));
#2748 = CARTESIAN_POINT('',(3.95473551044,10.2554222603));
#2749 = CARTESIAN_POINT('',(3.926970253217,10.237437644322));
#2750 = CARTESIAN_POINT('',(3.900012157936,10.219942754129));
#2751 = CARTESIAN_POINT('',(3.873699612701,10.202892761447));
#2752 = CARTESIAN_POINT('',(3.84799340257,10.186313574828));
#2753 = CARTESIAN_POINT('',(3.822831638188,10.170209896423));
#2754 = CARTESIAN_POINT('',(3.798167533824,10.154590476562));
#2755 = CARTESIAN_POINT('',(3.77395949054,10.139462423876));
#2756 = CARTESIAN_POINT('',(3.750169720614,10.124832049859));
#2757 = CARTESIAN_POINT('',(3.726763403557,10.110700177378));
#2758 = CARTESIAN_POINT('',(3.703710370469,10.097066321039));
#2759 = CARTESIAN_POINT('',(3.680984748388,10.083930456087));
#2760 = CARTESIAN_POINT('',(3.658556363097,10.07128894774));
#2761 = CARTESIAN_POINT('',(3.636422515561,10.059152727924));
#2762 = CARTESIAN_POINT('',(3.614488638102,10.047479354396));
#2763 = CARTESIAN_POINT('',(3.592317491985,10.03606022707));
#2764 = CARTESIAN_POINT('',(3.569994555956,10.024973199117));
#2765 = CARTESIAN_POINT('',(3.547486516208,10.014231799141));
#2766 = CARTESIAN_POINT('',(3.524793496248,10.003868455996));
#2767 = CARTESIAN_POINT('',(3.501908303745,9.993912023715));
#2768 = CARTESIAN_POINT('',(3.478827408628,9.98439359675));
#2769 = CARTESIAN_POINT('',(3.455548073198,9.975344710196));
#2770 = CARTESIAN_POINT('',(3.432069247373,9.966797556132));
#2771 = CARTESIAN_POINT('',(3.408391365289,9.958784596836));
#2772 = CARTESIAN_POINT('',(3.38451689361,9.951338420771));
#2773 = CARTESIAN_POINT('',(3.360449100928,9.944491076913));
#2774 = CARTESIAN_POINT('',(3.336196279655,9.938274814818));
#2775 = CARTESIAN_POINT('',(3.311772648749,9.932721358628));
#2776 = CARTESIAN_POINT('',(3.287193171269,9.927859988831));
#2777 = CARTESIAN_POINT('',(3.262474899565,9.923717445769));
#2778 = CARTESIAN_POINT('',(3.237636762683,9.920317385436));
#2779 = CARTESIAN_POINT('',(3.212699747117,9.917679955963));
#2780 = CARTESIAN_POINT('',(3.187687208677,9.915821339095));
#2781 = CARTESIAN_POINT('',(3.162624407454,9.914753310981));
#2782 = CARTESIAN_POINT('',(3.137541152855,9.914482760739));
#2783 = CARTESIAN_POINT('',(3.112460508972,9.915011356172));
#2784 = CARTESIAN_POINT('',(3.087411474445,9.916335756413));
#2785 = CARTESIAN_POINT('',(3.062420933534,9.918447436395));
#2786 = CARTESIAN_POINT('',(3.037513426494,9.921333192389));
#2787 = CARTESIAN_POINT('',(3.012711450224,9.924975534545));
#2788 = CARTESIAN_POINT('',(2.988035561697,9.929353115973));
#2789 = CARTESIAN_POINT('',(2.963504616018,9.934441128677));
#2790 = CARTESIAN_POINT('',(2.93913553239,9.94021179551));
#2791 = CARTESIAN_POINT('',(2.9149446776,9.946634511206));
#2792 = CARTESIAN_POINT('',(2.890947096239,9.953676203727));
#2793 = CARTESIAN_POINT('',(2.8671451613,9.961305627594));
#2794 = CARTESIAN_POINT('',(2.843541702775,9.969490641986));
#2795 = CARTESIAN_POINT('',(2.820137446673,9.978199056517));
#2796 = CARTESIAN_POINT('',(2.796931835159,9.987398715747));
#2797 = CARTESIAN_POINT('',(2.77392291975,9.997057783291));
#2798 = CARTESIAN_POINT('',(2.751107486911,10.007144959567));
#2799 = CARTESIAN_POINT('',(2.72848111098,10.017629695963));
#2800 = CARTESIAN_POINT('',(2.70603822217,10.028482380112));
#2801 = CARTESIAN_POINT('',(2.683772172446,10.039674490578));
#2802 = CARTESIAN_POINT('',(2.661675310425,10.051178712913));
#2803 = CARTESIAN_POINT('',(2.639739068942,10.062969010765));
#2804 = CARTESIAN_POINT('',(2.617954070911,10.075020645196));
#2805 = CARTESIAN_POINT('',(2.596310258629,10.087310135756));
#2806 = CARTESIAN_POINT('',(2.574797051154,10.099815155796));
#2807 = CARTESIAN_POINT('',(2.553403535984,10.112514358413));
#2808 = CARTESIAN_POINT('',(2.532118694096,10.125387114748));
#2809 = CARTESIAN_POINT('',(2.510931653143,10.138413200292));
#2810 = CARTESIAN_POINT('',(2.489831615645,10.151572251313));
#2811 = CARTESIAN_POINT('',(2.468807609677,10.16484358399));
#2812 = CARTESIAN_POINT('',(2.447846048709,10.17820408272));
#2813 = CARTESIAN_POINT('',(2.426933491163,10.191634482233));
#2814 = CARTESIAN_POINT('',(2.406057538082,10.205115109086));
#2815 = CARTESIAN_POINT('',(2.385204106423,10.218627095636));
#2816 = CARTESIAN_POINT('',(2.364364596821,10.232148514593));
#2817 = CARTESIAN_POINT('',(2.343510443375,10.245670441406));
#2818 = CARTESIAN_POINT('',(2.322687433043,10.259136570146));
#2819 = CARTESIAN_POINT('',(2.301340862411,10.272876845951));
#2820 = CARTESIAN_POINT('',(2.279475973392,10.286853702768));
#2821 = CARTESIAN_POINT('',(2.257028956332,10.30106991886));
#2822 = CARTESIAN_POINT('',(2.2339397393,10.315520127877));
#2823 = CARTESIAN_POINT('',(2.210132799506,10.330202233675));
#2824 = CARTESIAN_POINT('',(2.185516463203,10.345115147146));
#2825 = CARTESIAN_POINT('',(2.159998760014,10.360249784985));
#2826 = CARTESIAN_POINT('',(2.133416823877,10.375619152442));
#2827 = CARTESIAN_POINT('',(2.106748728885,10.390592132112));
#2828 = CARTESIAN_POINT('',(2.079827231268,10.405221108856));
#2829 = CARTESIAN_POINT('',(2.052670272465,10.419444715284));
#2830 = CARTESIAN_POINT('',(2.025248255171,10.433231298555));
#2831 = CARTESIAN_POINT('',(1.997549780449,10.446540072436));
#2832 = CARTESIAN_POINT('',(1.96956577219,10.459331011837));
#2833 = CARTESIAN_POINT('',(1.941293924368,10.471561420987));
#2834 = CARTESIAN_POINT('',(1.912735688194,10.483186393422));
#2835 = CARTESIAN_POINT('',(1.883895042229,10.494156359889));
#2836 = CARTESIAN_POINT('',(1.854770080133,10.504421721604));
#2837 = CARTESIAN_POINT('',(1.825365250824,10.513929136742));
#2838 = CARTESIAN_POINT('',(1.795695422133,10.52261107617));
#2839 = CARTESIAN_POINT('',(1.765776297445,10.530404357514));
#2840 = CARTESIAN_POINT('',(1.735627369997,10.537245519094));
#2841 = CARTESIAN_POINT('',(1.705271608143,10.543072085977));
#2842 = CARTESIAN_POINT('',(1.674735945117,10.547822131842));
#2843 = CARTESIAN_POINT('',(1.644051500119,10.551434765452));
#2844 = CARTESIAN_POINT('',(1.613253711904,10.5538486229));
#2845 = CARTESIAN_POINT('',(1.582382700783,10.555007412171));
#2846 = CARTESIAN_POINT('',(1.551482389994,10.554839242627));
#2847 = CARTESIAN_POINT('',(1.520624386972,10.553357349629));
#2848 = CARTESIAN_POINT('',(1.489849303726,10.55063422074));
#2849 = CARTESIAN_POINT('',(1.459197518774,10.546728750405));
#2850 = CARTESIAN_POINT('',(1.428703610685,10.541703390423));
#2851 = CARTESIAN_POINT('',(1.398397886452,10.535619556039));
#2852 = CARTESIAN_POINT('',(1.36830609885,10.528538851105));
#2853 = CARTESIAN_POINT('',(1.33844975399,10.520522761333));
#2854 = CARTESIAN_POINT('',(1.308846289326,10.511632656129));
#2855 = CARTESIAN_POINT('',(1.279509569658,10.501930088003));
#2856 = CARTESIAN_POINT('',(1.250449594242,10.491475593097));
#2857 = CARTESIAN_POINT('',(1.221675355191,10.480333189659));
#2858 = CARTESIAN_POINT('',(1.193185078545,10.468552032084));
#2859 = CARTESIAN_POINT('',(1.164982814703,10.456175515981));
#2860 = CARTESIAN_POINT('',(1.137069113994,10.44324904285));
#2861 = CARTESIAN_POINT('',(1.109439040631,10.429814953594));
#2862 = CARTESIAN_POINT('',(1.082082468609,10.415913851796));
#2863 = CARTESIAN_POINT('',(1.05498418738,10.401584377085));
#2864 = CARTESIAN_POINT('',(1.028122894021,10.38686278841));
#2865 = CARTESIAN_POINT('',(1.001482150616,10.371788898422));
#2866 = CARTESIAN_POINT('',(0.975040392773,10.356399000728));
#2867 = CARTESIAN_POINT('',(0.948776573716,10.340729517221));
#2868 = CARTESIAN_POINT('',(0.922669372578,10.324816530804));
#2869 = CARTESIAN_POINT('',(0.896696332254,10.308695277953));
#2870 = CARTESIAN_POINT('',(0.870837556476,10.292402605606));
#2871 = CARTESIAN_POINT('',(0.845061232768,10.275967610915));
#2872 = CARTESIAN_POINT('',(0.819377286032,10.259446585214));
#2873 = CARTESIAN_POINT('',(0.793636678098,10.242792558266));
#2874 = CARTESIAN_POINT('',(0.768539301149,10.226510199087));
#2875 = CARTESIAN_POINT('',(0.744030329349,10.210613516557));
#2876 = CARTESIAN_POINT('',(0.720056710759,10.195110746413));
#2877 = CARTESIAN_POINT('',(0.69656804788,10.180006816949));
#2878 = CARTESIAN_POINT('',(0.673539578155,10.165318830148));
#2879 = CARTESIAN_POINT('',(0.650876477544,10.151014329966));
#2880 = CARTESIAN_POINT('',(0.628039478201,10.136786330845));
#2881 = CARTESIAN_POINT('',(0.605121594117,10.122730653221));
#2882 = CARTESIAN_POINT('',(0.582079150013,10.108854781939));
#2883 = CARTESIAN_POINT('',(0.558906149981,10.095189246628));
#2884 = CARTESIAN_POINT('',(0.535588237727,10.081758861192));
#2885 = CARTESIAN_POINT('',(0.512112661892,10.068592373184));
#2886 = CARTESIAN_POINT('',(0.488465965919,10.055718453956));
#2887 = CARTESIAN_POINT('',(0.464636124249,10.043168027901));
#2888 = CARTESIAN_POINT('',(0.440611964592,10.030973519398));
#2889 = CARTESIAN_POINT('',(0.416383334797,10.019168927853));
#2890 = CARTESIAN_POINT('',(0.391941037705,10.007789653151));
#2891 = CARTESIAN_POINT('',(0.367276989659,9.996872491365));
#2892 = CARTESIAN_POINT('',(0.342383752929,9.986455199029));
#2893 = CARTESIAN_POINT('',(0.317243270631,9.976572182618));
#2894 = CARTESIAN_POINT('',(0.291862017193,9.967268280033));
#2895 = CARTESIAN_POINT('',(0.266244529292,9.958586493535));
#2896 = CARTESIAN_POINT('',(0.240398548568,9.950569791609));
#2897 = CARTESIAN_POINT('',(0.21433379668,9.943259996199));
#2898 = CARTESIAN_POINT('',(0.188062478856,9.936697401954));
#2899 = CARTESIAN_POINT('',(0.16159935342,9.930920148503));
#2900 = CARTESIAN_POINT('',(0.134961947802,9.92596361503));
#2901 = CARTESIAN_POINT('',(0.108170787642,9.921859739077));
#2902 = CARTESIAN_POINT('',(8.124961704248E-02,9.91863638259));
#2903 = CARTESIAN_POINT('',(5.422585463483E-02,9.916316351181));
#2904 = CARTESIAN_POINT('',(2.713035044428E-02,9.914917519746));
#2905 = CARTESIAN_POINT('',(9.043422321908E-03,9.91460493718));
#2906 = CARTESIAN_POINT('',(1.7763568394E-15,9.914605532588));
#2907 = ( GEOMETRIC_REPRESENTATION_CONTEXT(2) 
PARAMETRIC_REPRESENTATION_CONTEXT() REPRESENTATION_CONTEXT('2D SPACE',''
  ) );
#2908 = ORIENTED_EDGE('',*,*,#2909,.F.);
#2909 = EDGE_CURVE('',#2910,#2229,#2912,.T.);
#2910 = VERTEX_POINT('',#2911);
#2911 = CARTESIAN_POINT('',(0.2232,-7.741371285129,8.63475));
#2912 = SURFACE_CURVE('',#2913,(#2919,#2928),.PCURVE_S1.);
#2913 = B_SPLINE_CURVE_WITH_KNOTS('',4,(#2914,#2915,#2916,#2917,#2918),
  .UNSPECIFIED.,.F.,.F.,(5,5),(0.,1.),.PIECEWISE_BEZIER_KNOTS.);
#2914 = CARTESIAN_POINT('',(0.2232,-7.741371285129,8.63475));
#2915 = CARTESIAN_POINT('',(0.2232,-7.741371285129,6.997125));
#2916 = CARTESIAN_POINT('',(0.2232,-7.741371285129,5.3595));
#2917 = CARTESIAN_POINT('',(0.2232,-7.741371285129,3.721875));
#2918 = CARTESIAN_POINT('',(0.2232,-7.741371285129,2.08425));
#2919 = PCURVE('',#368,#2920);
#2920 = DEFINITIONAL_REPRESENTATION('',(#2921),#2927);
#2921 = B_SPLINE_CURVE_WITH_KNOTS('',4,(#2922,#2923,#2924,#2925,#2926),
  .UNSPECIFIED.,.F.,.F.,(5,5),(0.,1.),.PIECEWISE_BEZIER_KNOTS.);
#2922 = CARTESIAN_POINT('',(40.088628238263,-7.44375));
#2923 = CARTESIAN_POINT('',(40.088628238263,-5.806125));
#2924 = CARTESIAN_POINT('',(40.088628238263,-4.1685));
#2925 = CARTESIAN_POINT('',(40.088628238263,-2.530875));
#2926 = CARTESIAN_POINT('',(40.088628238263,-0.89325));
#2927 = ( GEOMETRIC_REPRESENTATION_CONTEXT(2) 
PARAMETRIC_REPRESENTATION_CONTEXT() REPRESENTATION_CONTEXT('2D SPACE',''
  ) );
#2928 = PCURVE('',#2929,#2934);
#2929 = PLANE('',#2930);
#2930 = AXIS2_PLACEMENT_3D('',#2931,#2932,#2933);
#2931 = CARTESIAN_POINT('',(0.2232,-7.92228,2.08425));
#2932 = DIRECTION('',(1.,0.,0.));
#2933 = DIRECTION('',(0.,0.,1.));
#2934 = DEFINITIONAL_REPRESENTATION('',(#2935),#2941);
#2935 = B_SPLINE_CURVE_WITH_KNOTS('',4,(#2936,#2937,#2938,#2939,#2940),
  .UNSPECIFIED.,.F.,.F.,(5,5),(0.,1.),.PIECEWISE_BEZIER_KNOTS.);
#2936 = CARTESIAN_POINT('',(6.5505,-0.180908714871));
#2937 = CARTESIAN_POINT('',(4.912875,-0.180908714871));
#2938 = CARTESIAN_POINT('',(3.27525,-0.180908714871));
#2939 = CARTESIAN_POINT('',(1.637625,-0.180908714871));
#2940 = CARTESIAN_POINT('',(0.,-0.180908714871));
#2941 = ( GEOMETRIC_REPRESENTATION_CONTEXT(2) 
PARAMETRIC_REPRESENTATION_CONTEXT() REPRESENTATION_CONTEXT('2D SPACE',''
  ) );
#2942 = ORIENTED_EDGE('',*,*,#2943,.T.);
#2943 = EDGE_CURVE('',#2910,#2944,#2946,.T.);
#2944 = VERTEX_POINT('',#2945);
#2945 = CARTESIAN_POINT('',(-0.2232,-7.741371285129,8.63475));
#2946 = SURFACE_CURVE('',#2947,(#2954,#2964),.PCURVE_S1.);
#2947 = B_SPLINE_CURVE_WITH_KNOTS('',5,(#2948,#2949,#2950,#2951,#2952,
    #2953),.UNSPECIFIED.,.F.,.F.,(6,6),(0.,1.),
  .PIECEWISE_BEZIER_KNOTS.);
#2948 = CARTESIAN_POINT('',(0.2232,-7.741371285129,8.63475));
#2949 = CARTESIAN_POINT('',(0.136473747461,-7.768569400807,8.63475));
#2950 = CARTESIAN_POINT('',(4.568887381939E-02,-7.785106633116,8.63475)
  );
#2951 = CARTESIAN_POINT('',(-4.568006689507E-02,-7.785110377911,8.63475)
  );
#2952 = CARTESIAN_POINT('',(-0.136484438148,-7.768566048114,8.63475));
#2953 = CARTESIAN_POINT('',(-0.2232,-7.741371285129,8.63475));
#2954 = PCURVE('',#368,#2955);
#2955 = DEFINITIONAL_REPRESENTATION('',(#2956),#2963);
#2956 = B_SPLINE_CURVE_WITH_KNOTS('',5,(#2957,#2958,#2959,#2960,#2961,
    #2962),.UNSPECIFIED.,.F.,.F.,(6,6),(0.,1.),
  .PIECEWISE_BEZIER_KNOTS.);
#2957 = CARTESIAN_POINT('',(40.088628238263,-7.44375));
#2958 = CARTESIAN_POINT('',(39.998991314144,-7.44375));
#2959 = CARTESIAN_POINT('',(39.908348578303,-7.44375));
#2960 = CARTESIAN_POINT('',(39.818260812827,-7.44375));
#2961 = CARTESIAN_POINT('',(39.727597963497,-7.44375));
#2962 = CARTESIAN_POINT('',(39.637972088861,-7.44375));
#2963 = ( GEOMETRIC_REPRESENTATION_CONTEXT(2) 
PARAMETRIC_REPRESENTATION_CONTEXT() REPRESENTATION_CONTEXT('2D SPACE',''
  ) );
#2964 = PCURVE('',#2965,#2970);
#2965 = PLANE('',#2966);
#2966 = AXIS2_PLACEMENT_3D('',#2967,#2968,#2969);
#2967 = CARTESIAN_POINT('',(-0.2232,-7.92228,8.63475));
#2968 = DIRECTION('',(0.,0.,1.));
#2969 = DIRECTION('',(1.,0.,0.));
#2970 = DEFINITIONAL_REPRESENTATION('',(#2971),#2978);
#2971 = B_SPLINE_CURVE_WITH_KNOTS('',5,(#2972,#2973,#2974,#2975,#2976,
    #2977),.UNSPECIFIED.,.F.,.F.,(6,6),(0.,1.),
  .PIECEWISE_BEZIER_KNOTS.);
#2972 = CARTESIAN_POINT('',(0.4464,0.180908714871));
#2973 = CARTESIAN_POINT('',(0.359673747461,0.153710599193));
#2974 = CARTESIAN_POINT('',(0.268888873819,0.137173366884));
#2975 = CARTESIAN_POINT('',(0.177519933105,0.137169622089));
#2976 = CARTESIAN_POINT('',(8.671556185177E-02,0.153713951886));
#2977 = CARTESIAN_POINT('',(0.,0.180908714871));
#2978 = ( GEOMETRIC_REPRESENTATION_CONTEXT(2) 
PARAMETRIC_REPRESENTATION_CONTEXT() REPRESENTATION_CONTEXT('2D SPACE',''
  ) );
#2979 = ORIENTED_EDGE('',*,*,#2980,.T.);
#2980 = EDGE_CURVE('',#2944,#2981,#2983,.T.);
#2981 = VERTEX_POINT('',#2982);
#2982 = CARTESIAN_POINT('',(-0.2232,-7.741379447047,7.045153232663));
#2983 = SURFACE_CURVE('',#2984,(#2990,#2999),.PCURVE_S1.);
#2984 = B_SPLINE_CURVE_WITH_KNOTS('',4,(#2985,#2986,#2987,#2988,#2989),
  .UNSPECIFIED.,.F.,.F.,(5,5),(0.,1.),.PIECEWISE_BEZIER_KNOTS.);
#2985 = CARTESIAN_POINT('',(-0.2232,-7.741371285129,8.63475));
#2986 = CARTESIAN_POINT('',(-0.2232,-7.741371285129,6.997125));
#2987 = CARTESIAN_POINT('',(-0.2232,-7.741371285129,5.3595));
#2988 = CARTESIAN_POINT('',(-0.2232,-7.741371285129,3.721875));
#2989 = CARTESIAN_POINT('',(-0.2232,-7.741371285129,2.08425));
#2990 = PCURVE('',#368,#2991);
#2991 = DEFINITIONAL_REPRESENTATION('',(#2992),#2998);
#2992 = B_SPLINE_CURVE_WITH_KNOTS('',4,(#2993,#2994,#2995,#2996,#2997),
  .UNSPECIFIED.,.F.,.F.,(5,5),(0.,1.),.PIECEWISE_BEZIER_KNOTS.);
#2993 = CARTESIAN_POINT('',(39.637972088861,-7.44375));
#2994 = CARTESIAN_POINT('',(39.637972088861,-5.806125));
#2995 = CARTESIAN_POINT('',(39.637972088861,-4.1685));
#2996 = CARTESIAN_POINT('',(39.637972088861,-2.530875));
#2997 = CARTESIAN_POINT('',(39.637972088861,-0.89325));
#2998 = ( GEOMETRIC_REPRESENTATION_CONTEXT(2) 
PARAMETRIC_REPRESENTATION_CONTEXT() REPRESENTATION_CONTEXT('2D SPACE',''
  ) );
#2999 = PCURVE('',#3000,#3005);
#3000 = PLANE('',#3001);
#3001 = AXIS2_PLACEMENT_3D('',#3002,#3003,#3004);
#3002 = CARTESIAN_POINT('',(-0.2232,-7.92228,2.08425));
#3003 = DIRECTION('',(1.,0.,0.));
#3004 = DIRECTION('',(0.,0.,1.));
#3005 = DEFINITIONAL_REPRESENTATION('',(#3006),#3012);
#3006 = B_SPLINE_CURVE_WITH_KNOTS('',4,(#3007,#3008,#3009,#3010,#3011),
  .UNSPECIFIED.,.F.,.F.,(5,5),(0.,1.),.PIECEWISE_BEZIER_KNOTS.);
#3007 = CARTESIAN_POINT('',(6.5505,-0.180908714871));
#3008 = CARTESIAN_POINT('',(4.912875,-0.180908714871));
#3009 = CARTESIAN_POINT('',(3.27525,-0.180908714871));
#3010 = CARTESIAN_POINT('',(1.637625,-0.180908714871));
#3011 = CARTESIAN_POINT('',(0.,-0.180908714871));
#3012 = ( GEOMETRIC_REPRESENTATION_CONTEXT(2) 
PARAMETRIC_REPRESENTATION_CONTEXT() REPRESENTATION_CONTEXT('2D SPACE',''
  ) );
#3013 = ORIENTED_EDGE('',*,*,#3014,.F.);
#3014 = EDGE_CURVE('',#3015,#2981,#3017,.T.);
#3015 = VERTEX_POINT('',#3016);
#3016 = CARTESIAN_POINT('',(-0.2232,-7.741380868184,5.198325305455));
#3017 = SURFACE_CURVE('',#3018,(#3196,#3445),.PCURVE_S1.);
#3018 = B_SPLINE_CURVE_WITH_KNOTS('',7,(#3019,#3020,#3021,#3022,#3023,
    #3024,#3025,#3026,#3027,#3028,#3029,#3030,#3031,#3032,#3033,#3034,
    #3035,#3036,#3037,#3038,#3039,#3040,#3041,#3042,#3043,#3044,#3045,
    #3046,#3047,#3048,#3049,#3050,#3051,#3052,#3053,#3054,#3055,#3056,
    #3057,#3058,#3059,#3060,#3061,#3062,#3063,#3064,#3065,#3066,#3067,
    #3068,#3069,#3070,#3071,#3072,#3073,#3074,#3075,#3076,#3077,#3078,
    #3079,#3080,#3081,#3082,#3083,#3084,#3085,#3086,#3087,#3088,#3089,
    #3090,#3091,#3092,#3093,#3094,#3095,#3096,#3097,#3098,#3099,#3100,
    #3101,#3102,#3103,#3104,#3105,#3106,#3107,#3108,#3109,#3110,#3111,
    #3112,#3113,#3114,#3115,#3116,#3117,#3118,#3119,#3120,#3121,#3122,
    #3123,#3124,#3125,#3126,#3127,#3128,#3129,#3130,#3131,#3132,#3133,
    #3134,#3135,#3136,#3137,#3138,#3139,#3140,#3141,#3142,#3143,#3144,
    #3145,#3146,#3147,#3148,#3149,#3150,#3151,#3152,#3153,#3154,#3155,
    #3156,#3157,#3158,#3159,#3160,#3161,#3162,#3163,#3164,#3165,#3166,
    #3167,#3168,#3169,#3170,#3171,#3172,#3173,#3174,#3175,#3176,#3177,
    #3178,#3179,#3180,#3181,#3182,#3183,#3184,#3185,#3186,#3187,#3188,
    #3189,#3190,#3191,#3192,#3193,#3194,#3195),.UNSPECIFIED.,.T.,.F.,(8,
    6,6,6,6,6,6,6,6,6,6,6,6,6,6,6,6,6,1,6,6,6,6,6,6,6,6,6,6,6,8),(0.,
    2.416421720891E-02,4.597023152871E-02,9.503627798898E-02,
    0.143051622976,0.19871896144,0.23823182261,0.296001519189,
    0.363462450993,0.423153773247,0.495637762334,0.537944943824,
    0.597412854375,0.641921215099,0.686430751849,0.763442289048,
    0.829129188002,0.890104720964,1.,1.038066653095,1.079577052113,
    1.134759069126,1.203100257355,1.274519362757,1.353917317506,
    1.400127417966,1.464696908921,1.504187212484,1.537561629744,
    1.595916526132,1.690845810865),.UNSPECIFIED.);
#3019 = CARTESIAN_POINT('',(0.95,-7.137005532549,6.12174));
#3020 = CARTESIAN_POINT('',(0.950000000136,-7.137005532366,
    6.109719707612));
#3021 = CARTESIAN_POINT('',(0.949822581605,-7.137242655381,
    6.097700184436));
#3022 = CARTESIAN_POINT('',(0.949467733678,-7.137716908817,
    6.085689223699));
#3023 = CARTESIAN_POINT('',(0.948935989732,-7.138427361372,6.07369488384
    ));
#3024 = CARTESIAN_POINT('',(0.948228427243,-7.139372143217,
    6.061725488502));
#3025 = CARTESIAN_POINT('',(0.947346667789,-7.140548445994,
    6.049789626541));
#3026 = CARTESIAN_POINT('',(0.945341926488,-7.1432195748,6.027163370005)
  );
#3027 = CARTESIAN_POINT('',(0.944247650456,-7.144676417827,
    6.016428461916));
#3028 = CARTESIAN_POINT('',(0.943009353468,-7.146323355166,
    6.005691459807));
#3029 = CARTESIAN_POINT('',(0.941626192189,-7.148160715643,
    5.994952400923));
#3030 = CARTESIAN_POINT('',(0.940097175441,-7.150188853641,
    5.984211327687));
#3031 = CARTESIAN_POINT('',(0.938421164197,-7.152408149102,
    5.973468287712));
#3032 = CARTESIAN_POINT('',(0.932492002873,-7.16024371694,5.938545948567
    ));
#3033 = CARTESIAN_POINT('',(0.927690919554,-7.166566221495,
    5.914680590918));
#3034 = CARTESIAN_POINT('',(0.9222234687,-7.17373312812,5.89117777126));
#3035 = CARTESIAN_POINT('',(0.916122835753,-7.181683840886,
    5.868075033808));
#3036 = CARTESIAN_POINT('',(0.909423237341,-7.190354228961,
    5.845398614549));
#3037 = CARTESIAN_POINT('',(0.902157614091,-7.199680294569,
    5.823165099204));
#3038 = CARTESIAN_POINT('',(0.886720111235,-7.219310927096,
    5.780067503837));
#3039 = CARTESIAN_POINT('',(0.87857122118,-7.22958994345,5.759184871646)
  );
#3040 = CARTESIAN_POINT('',(0.869935925873,-7.240382619604,
    5.738741562052));
#3041 = CARTESIAN_POINT('',(0.860839139794,-7.251634940695,
    5.718739167718));
#3042 = CARTESIAN_POINT('',(0.851302846375,-7.263295989155,5.69917529592
    ));
#3043 = CARTESIAN_POINT('',(0.841345525064,-7.275318786465,
    5.680044367926));
#3044 = CARTESIAN_POINT('',(0.818965975318,-7.301970428901,
    5.639651384247));
#3045 = CARTESIAN_POINT('',(0.806404412796,-7.31670742535,5.618536763679
    ));
#3046 = CARTESIAN_POINT('',(0.79332155228,-7.331811107107,5.597984552045
    ));
#3047 = CARTESIAN_POINT('',(0.779729585898,-7.347203815747,
    5.577974773555));
#3048 = CARTESIAN_POINT('',(0.765652399901,-7.362859483211,
    5.558508984536));
#3049 = CARTESIAN_POINT('',(0.751088868468,-7.378698336955,
    5.539561322382));
#3050 = CARTESIAN_POINT('',(0.725359906027,-7.406007270331,
    5.508031256632));
#3051 = CARTESIAN_POINT('',(0.714435086733,-7.417410565134,
    5.495197610386));
#3052 = CARTESIAN_POINT('',(0.703266686017,-7.428860220714,
    5.482614694143));
#3053 = CARTESIAN_POINT('',(0.691853947952,-7.440336651883,
    5.470278394911));
#3054 = CARTESIAN_POINT('',(0.680195177531,-7.451820662531,
    5.458185420159));
#3055 = CARTESIAN_POINT('',(0.668287740669,-7.463293445624,5.44633329782
    ));
#3056 = CARTESIAN_POINT('',(0.638350034492,-7.491466998727,
    5.417741728492));
#3057 = CARTESIAN_POINT('',(0.619471205117,-7.508662165936,
    5.400738413252));
#3058 = CARTESIAN_POINT('',(0.599393838103,-7.526282895046,
    5.383737245531));
#3059 = CARTESIAN_POINT('',(0.57795744209,-7.544312761842,5.366735795669
    ));
#3060 = CARTESIAN_POINT('',(0.554929554297,-7.562758933992,
    5.349710884251));
#3061 = CARTESIAN_POINT('',(0.529972505218,-7.581627497845,
    5.332645167475));
#3062 = CARTESIAN_POINT('',(0.470605593772,-7.623347677355,
    5.295634294438));
#3063 = CARTESIAN_POINT('',(0.437274344577,-7.644960542533,
    5.276911754528));
#3064 = CARTESIAN_POINT('',(0.402541818268,-7.665503305097,
    5.259461585612));
#3065 = CARTESIAN_POINT('',(0.366314209469,-7.684792213258,
    5.243379262402));
#3066 = CARTESIAN_POINT('',(0.328635174346,-7.70260784715,5.228831585026
    ));
#3067 = CARTESIAN_POINT('',(0.289669382845,-7.718673150989,
    5.216021659475));
#3068 = CARTESIAN_POINT('',(0.213936189616,-7.745054784953,
    5.195409097458));
#3069 = CARTESIAN_POINT('',(0.177426482631,-7.755844421436,
    5.187192026666));
#3070 = CARTESIAN_POINT('',(0.140082014171,-7.76476756715,5.180576940252
    ));
#3071 = CARTESIAN_POINT('',(0.102064150865,-7.771574734739,
    5.175673617276));
#3072 = CARTESIAN_POINT('',(6.357344729922E-02,-7.776038281626,
    5.172559078744));
#3073 = CARTESIAN_POINT('',(2.484964602648E-02,-7.777952410018,
    5.171277587605));
#3074 = CARTESIAN_POINT('',(-6.079550859765E-02,-7.776138348783,
    5.172524381607));
#3075 = CARTESIAN_POINT('',(-0.107627216897,-7.771197847498,
    5.175941301557));
#3076 = CARTESIAN_POINT('',(-0.153836975936,-7.762740392446,
    5.182003980414));
#3077 = CARTESIAN_POINT('',(-0.199039184663,-7.751186507176,
    5.190583749139));
#3078 = CARTESIAN_POINT('',(-0.242949112384,-7.736948509384,
    5.201510697837));
#3079 = CARTESIAN_POINT('',(-0.285382898758,-7.72043051092,
    5.214573675759));
#3080 = CARTESIAN_POINT('',(-0.35011511836,-7.691287553431,
    5.238244275515));
#3081 = CARTESIAN_POINT('',(-0.373443144398,-7.679896716735,
    5.247620245868));
#3082 = CARTESIAN_POINT('',(-0.396216784798,-7.66791826816,
    5.257602009891));
#3083 = CARTESIAN_POINT('',(-0.418422702378,-7.65541065254,
    5.268150285317));
#3084 = CARTESIAN_POINT('',(-0.440059069888,-7.642428399078,
    5.279232700083));
#3085 = CARTESIAN_POINT('',(-0.461135570014,-7.629022121342,
    5.29082379233));
#3086 = CARTESIAN_POINT('',(-0.510541817198,-7.595863978349,
    5.31988663788));
#3087 = CARTESIAN_POINT('',(-0.538334624452,-7.575749759637,
    5.33783370768));
#3088 = CARTESIAN_POINT('',(-0.565089625004,-7.55503252441,5.35669369239
    ));
#3089 = CARTESIAN_POINT('',(-0.590844304391,-7.533846166087,
    5.376430760937));
#3090 = CARTESIAN_POINT('',(-0.615633989118,-7.512321716567,
    5.397026052508));
#3091 = CARTESIAN_POINT('',(-0.639490009956,-7.49058725457,
    5.418477950461));
#3092 = CARTESIAN_POINT('',(-0.67961303436,-7.4524371993,5.457510908731)
  );
#3093 = CARTESIAN_POINT('',(-0.695785959049,-7.436528567881,
    5.474227939512));
#3094 = CARTESIAN_POINT('',(-0.711059066544,-7.421061050619,
    5.490948718059));
#3095 = CARTESIAN_POINT('',(-0.725514075418,-7.406047737147,
    5.507672751181));
#3096 = CARTESIAN_POINT('',(-0.739215852095,-7.391498024377,
    5.524401191073));
#3097 = CARTESIAN_POINT('',(-0.752216267363,-7.377419965035,
    5.541134243359));
#3098 = CARTESIAN_POINT('',(-0.776900164505,-7.350224908099,
    5.574603349089));
#3099 = CARTESIAN_POINT('',(-0.788584806688,-7.337107192486,
    5.591341230771));
#3100 = CARTESIAN_POINT('',(-0.799656453873,-7.32447314229,5.60808265606
    ));
#3101 = CARTESIAN_POINT('',(-0.810150255781,-7.312319820596,
    5.624826487362));
#3102 = CARTESIAN_POINT('',(-0.820096220982,-7.300645629133,
    5.641572787635));
#3103 = CARTESIAN_POINT('',(-0.82952064571,-7.289451698253,
    5.658322523759));
#3104 = CARTESIAN_POINT('',(-0.853885566732,-7.260197386605,
    5.704058375942));
#3105 = CARTESIAN_POINT('',(-0.868357342968,-7.242458128624,
    5.734040500533));
#3106 = CARTESIAN_POINT('',(-0.881805925714,-7.225672737166,
    5.765050694348));
#3107 = CARTESIAN_POINT('',(-0.894152983505,-7.210022247089,
    5.797099807966));
#3108 = CARTESIAN_POINT('',(-0.905300301677,-7.195711061939,
    5.830174112776));
#3109 = CARTESIAN_POINT('',(-0.91513806867,-7.182953969654,
    5.864225819031));
#3110 = CARTESIAN_POINT('',(-0.930738271893,-7.162571676882,
    5.928955994039));
#3111 = CARTESIAN_POINT('',(-0.936888099376,-7.15446651463,
    5.959398113151));
#3112 = CARTESIAN_POINT('',(-0.941934118032,-7.147771263784,
    5.990405660956));
#3113 = CARTESIAN_POINT('',(-0.945809208024,-7.142605735765,
    6.021876290816));
#3114 = CARTESIAN_POINT('',(-0.948459879074,-7.139063751017,
    6.053683884327));
#3115 = CARTESIAN_POINT('',(-0.949854464152,-7.137200039711,
    6.085677009454));
#3116 = CARTESIAN_POINT('',(-0.950118346758,-7.136847363401,
    6.147382534448));
#3117 = CARTESIAN_POINT('',(-0.949161696406,-7.138125809389,
    6.177106317025));
#3118 = CARTESIAN_POINT('',(-0.947119264564,-7.140856265358,
    6.206706635381));
#3119 = CARTESIAN_POINT('',(-0.94401155485,-7.14500335557,6.23605917708)
  );
#3120 = CARTESIAN_POINT('',(-0.939876419366,-7.150500929568,
    6.265056712883));
#3121 = CARTESIAN_POINT('',(-0.93476380601,-7.157260448155,
    6.293608401371));
#3122 = CARTESIAN_POINT('',(-0.917856780239,-7.17945152108,
    6.372158385345));
#3123 = CARTESIAN_POINT('',(-0.899198095881,-7.203727335461,
    6.437859537833));
#3124 = CARTESIAN_POINT('',(-0.875696710211,-7.233778816991,
    6.499901870198));
#3125 = CARTESIAN_POINT('',(-0.848139833673,-7.268069023534,
    6.558010573955));
#3126 = CARTESIAN_POINT('',(-0.817156808226,-7.305145802853,
    6.612287136727));
#3127 = CARTESIAN_POINT('',(-0.782939128002,-7.344267013596,
    6.663116384803));
#3128 = CARTESIAN_POINT('',(-0.74563836876,-7.384486412224,
    6.710606363816));
#3129 = CARTESIAN_POINT('',(-0.725147478709,-7.4062295497,6.735699873211
    ));
#3130 = CARTESIAN_POINT('',(-0.714214724476,-7.417637697427,
    6.748533817528));
#3131 = CARTESIAN_POINT('',(-0.70303820949,-7.429091962223,
    6.761116915224));
#3132 = CARTESIAN_POINT('',(-0.691617165167,-7.44057274408,
    6.773453275662));
#3133 = CARTESIAN_POINT('',(-0.679949883825,-7.452060831078,
    6.785546185268));
#3134 = CARTESIAN_POINT('',(-0.668033718687,-7.46353739938,
    6.797398107537));
#3135 = CARTESIAN_POINT('',(-0.639688659919,-7.490200615713,
    6.824447907282));
#3136 = CARTESIAN_POINT('',(-0.622606122302,-7.505796755924,
    6.839900929289));
#3137 = CARTESIAN_POINT('',(-0.604538439305,-7.521747917784,
    6.855355002831));
#3138 = CARTESIAN_POINT('',(-0.585366738727,-7.538042905637,
    6.870812288112));
#3139 = CARTESIAN_POINT('',(-0.564925794787,-7.554682880672,
    6.886286015539));
#3140 = CARTESIAN_POINT('',(-0.542985719352,-7.571667987813,
    6.901786008995));
#3141 = CARTESIAN_POINT('',(-0.48979106382,-7.61040151788,6.936503669136
    ));
#3142 = CARTESIAN_POINT('',(-0.459179695301,-7.631138344682,
    6.95466879493));
#3143 = CARTESIAN_POINT('',(-0.427377136413,-7.651018713262,
    6.971732167849));
#3144 = CARTESIAN_POINT('',(-0.394272515457,-7.669876056029,
    6.987648332624));
#3145 = CARTESIAN_POINT('',(-0.359861885524,-7.687540832271,
    7.002301287606));
#3146 = CARTESIAN_POINT('',(-0.324261059883,-7.703821345878,
    7.015518753764));
#3147 = CARTESIAN_POINT('',(-0.24913260247,-7.733768426714,7.03937580992
    ));
#3148 = CARTESIAN_POINT('',(-0.209494932566,-7.747311901406,
    7.049887067144));
#3149 = CARTESIAN_POINT('',(-0.168722233269,-7.758762049316,
    7.05852185553));
#3150 = CARTESIAN_POINT('',(-0.126992900941,-7.767794501888,
    7.065122904286));
#3151 = CARTESIAN_POINT('',(-8.455258711876E-02,-7.774094023333,
    7.069572169859));
#3152 = CARTESIAN_POINT('',(-4.171419851231E-02,-7.777354510631,
    7.071790835943));
#3153 = CARTESIAN_POINT('',(4.878625462935E-02,-7.777195039752,
    7.071682034982));
#3154 = CARTESIAN_POINT('',(9.639400524902E-02,-7.772986224463,
    7.06880968073));
#3155 = CARTESIAN_POINT('',(0.143439170199,-7.76508503901,7.063195615531
    ));
#3156 = CARTESIAN_POINT('',(0.189502927556,-7.753922650416,
    7.054962043176));
#3157 = CARTESIAN_POINT('',(0.23427381812,-7.739928901384,7.044280006438
    ));
#3158 = CARTESIAN_POINT('',(0.277547745423,-7.723532310289,7.03136938707
    ));
#3159 = CARTESIAN_POINT('',(0.343486127401,-7.694467314456,
    7.007844193786));
#3160 = CARTESIAN_POINT('',(0.36720815877,-7.683095480286,6.998513842827
    ));
#3161 = CARTESIAN_POINT('',(0.390366303313,-7.671110686167,6.98855604952
    ));
#3162 = CARTESIAN_POINT('',(0.412944973789,-7.658574503951,
    6.978012086619));
#3163 = CARTESIAN_POINT('',(0.434940762228,-7.645543959845,
    6.966916303038));
#3164 = CARTESIAN_POINT('',(0.456362439929,-7.632071534411,
    6.955296123849));
#3165 = CARTESIAN_POINT('',(0.506390590118,-7.598829645915,
    6.926231051447));
#3166 = CARTESIAN_POINT('',(0.534459856952,-7.578691324302,
    6.908308371641));
#3167 = CARTESIAN_POINT('',(0.561476640073,-7.557929451485,
    6.889459132538));
#3168 = CARTESIAN_POINT('',(0.587478930601,-7.536680431113,
    6.869721305952));
#3169 = CARTESIAN_POINT('',(0.61250287422,-7.515077637817,6.849115414157
    ));
#3170 = CARTESIAN_POINT('',(0.636580816743,-7.493251238309,
    6.827644230203));
#3171 = CARTESIAN_POINT('',(0.673902965973,-7.457919902368,6.7916222842)
  );
#3172 = CARTESIAN_POINT('',(0.687386943425,-7.444793538317,
    6.777946792194));
#3173 = CARTESIAN_POINT('',(0.700249449905,-7.431959154014,
    6.764268233909));
#3174 = CARTESIAN_POINT('',(0.712538546022,-7.419424326134,
    6.750586981701));
#3175 = CARTESIAN_POINT('',(0.724293833719,-7.407194988451,
    6.736902675439));
#3176 = CARTESIAN_POINT('',(0.735548104877,-7.395276445987,
    6.723215349352));
#3177 = CARTESIAN_POINT('',(0.755440233038,-7.373869149581,
    6.697957759341));
#3178 = CARTESIAN_POINT('',(0.764366661358,-7.36412487307,6.68619328928)
  );
#3179 = CARTESIAN_POINT('',(0.77310775827,-7.354455437017,6.674229458899
    ));
#3180 = CARTESIAN_POINT('',(0.781662033745,-7.344874525454,
    6.662062847363));
#3181 = CARTESIAN_POINT('',(0.790027024343,-7.335395629032,
    6.649690302784));
#3182 = CARTESIAN_POINT('',(0.798199293214,-7.326032045021,
    6.637108942225));
#3183 = CARTESIAN_POINT('',(0.820118891898,-7.300649261876,
    6.601948061794));
#3184 = CARTESIAN_POINT('',(0.833460017019,-7.284897146591,
    6.578934874703));
#3185 = CARTESIAN_POINT('',(0.84617805202,-7.269613713845,6.555258207143
    ));
#3186 = CARTESIAN_POINT('',(0.858243527255,-7.254883414437,
    6.530903169089));
#3187 = CARTESIAN_POINT('',(0.86961847943,-7.240800281155,6.505860234736
    ));
#3188 = CARTESIAN_POINT('',(0.880257674172,-7.22746624235,6.480127113459
    ));
#3189 = CARTESIAN_POINT('',(0.906136897933,-7.194692692279,
    6.410737384418));
#3190 = CARTESIAN_POINT('',(0.920102127531,-7.176637983023,
    6.365900360584));
#3191 = CARTESIAN_POINT('',(0.931743737562,-7.161338611857,
    6.319303400252));
#3192 = CARTESIAN_POINT('',(0.940777043803,-7.149332734062,
    6.271156858241));
#3193 = CARTESIAN_POINT('',(0.946926759027,-7.141112652655,
    6.221806233315));
#3194 = CARTESIAN_POINT('',(0.949999999988,-7.137005532588,
    6.171763338265));
#3195 = CARTESIAN_POINT('',(0.949999999988,-7.137005532588,6.12174));
#3196 = PCURVE('',#368,#3197);
#3197 = DEFINITIONAL_REPRESENTATION('',(#3198),#3444);
#3198 = B_SPLINE_CURVE_WITH_KNOTS('',3,(#3199,#3200,#3201,#3202,#3203,
    #3204,#3205,#3206,#3207,#3208,#3209,#3210,#3211,#3212,#3213,#3214,
    #3215,#3216,#3217,#3218,#3219,#3220,#3221,#3222,#3223,#3224,#3225,
    #3226,#3227,#3228,#3229,#3230,#3231,#3232,#3233,#3234,#3235,#3236,
    #3237,#3238,#3239,#3240,#3241,#3242,#3243,#3244,#3245,#3246,#3247,
    #3248,#3249,#3250,#3251,#3252,#3253,#3254,#3255,#3256,#3257,#3258,
    #3259,#3260,#3261,#3262,#3263,#3264,#3265,#3266,#3267,#3268,#3269,
    #3270,#3271,#3272,#3273,#3274,#3275,#3276,#3277,#3278,#3279,#3280,
    #3281,#3282,#3283,#3284,#3285,#3286,#3287,#3288,#3289,#3290,#3291,
    #3292,#3293,#3294,#3295,#3296,#3297,#3298,#3299,#3300,#3301,#3302,
    #3303,#3304,#3305,#3306,#3307,#3308,#3309,#3310,#3311,#3312,#3313,
    #3314,#3315,#3316,#3317,#3318,#3319,#3320,#3321,#3322,#3323,#3324,
    #3325,#3326,#3327,#3328,#3329,#3330,#3331,#3332,#3333,#3334,#3335,
    #3336,#3337,#3338,#3339,#3340,#3341,#3342,#3343,#3344,#3345,#3346,
    #3347,#3348,#3349,#3350,#3351,#3352,#3353,#3354,#3355,#3356,#3357,
    #3358,#3359,#3360,#3361,#3362,#3363,#3364,#3365,#3366,#3367,#3368,
    #3369,#3370,#3371,#3372,#3373,#3374,#3375,#3376,#3377,#3378,#3379,
    #3380,#3381,#3382,#3383,#3384,#3385,#3386,#3387,#3388,#3389,#3390,
    #3391,#3392,#3393,#3394,#3395,#3396,#3397,#3398,#3399,#3400,#3401,
    #3402,#3403,#3404,#3405,#3406,#3407,#3408,#3409,#3410,#3411,#3412,
    #3413,#3414,#3415,#3416,#3417,#3418,#3419,#3420,#3421,#3422,#3423,
    #3424,#3425,#3426,#3427,#3428,#3429,#3430,#3431,#3432,#3433,#3434,
    #3435,#3436,#3437,#3438,#3439,#3440,#3441,#3442,#3443),
  .UNSPECIFIED.,.F.,.F.,(4,1,1,1,1,1,1,1,1,1,1,1,1,1,1,1,1,1,1,1,1,1,1,1
    ,1,1,1,1,1,1,1,1,1,1,1,1,1,1,1,1,1,1,1,1,1,1,1,1,1,1,1,1,1,1,1,1,1,1
    ,1,1,1,1,1,1,1,1,1,1,1,1,1,1,1,1,1,1,1,1,1,1,1,1,1,1,1,1,1,1,1,1,1,1
    ,1,1,1,1,1,1,1,1,1,1,1,1,1,1,1,1,1,1,1,1,1,1,1,1,1,1,1,1,1,1,1,1,1,1
    ,1,1,1,1,1,1,1,1,1,1,1,1,1,1,1,1,1,1,1,1,1,1,1,1,1,1,1,1,1,1,1,1,1,1
    ,1,1,1,1,1,1,1,1,1,1,1,1,1,1,1,1,1,1,1,1,1,1,1,1,1,1,1,1,1,1,1,1,1,1
    ,1,1,1,1,1,1,1,1,1,1,1,1,1,1,1,1,1,1,1,1,1,1,1,1,1,1,1,1,1,1,1,1,1,1
    ,1,1,1,1,1,1,1,1,1,1,1,1,1,1,4),(0.,6.986966160601E-03,
    1.39739323212E-02,2.09608984818E-02,2.79478646424E-02,
    3.4934830803E-02,4.192179696361E-02,4.890876312421E-02,
    5.589572928481E-02,6.288269544541E-02,6.986966160601E-02,
    7.685662776661E-02,8.384359392721E-02,9.083056008781E-02,
    9.781752624841E-02,0.104804492409,0.11179145857,0.11877842473,
    0.125765390891,0.132752357051,0.139739323212,0.146726289373,
    0.153713255533,0.160700221694,0.167687187854,0.174674154015,
    0.181661120176,0.188648086336,0.195635052497,0.202622018657,
    0.209608984818,0.216595950979,0.223582917139,0.2305698833,
    0.23755684946,0.244543815621,0.251530781782,0.258517747942,
    0.265504714103,0.272491680263,0.279478646424,0.286465612585,
    0.293452578745,0.300439544906,0.307426511066,0.314413477227,
    0.321400443388,0.328387409548,0.335374375709,0.342361341869,
    0.34934830803,0.356335274191,0.363322240351,0.370309206512,
    0.377296172672,0.384283138833,0.391270104994,0.398257071154,
    0.405244037315,0.412231003475,0.419217969636,0.426204935797,
    0.433191901957,0.440178868118,0.447165834278,0.454152800439,
    0.4611397666,0.46812673276,0.475113698921,0.482100665081,
    0.489087631242,0.496074597403,0.503061563563,0.510048529724,
    0.517035495884,0.524022462045,0.531009428206,0.537996394366,
    0.544983360527,0.551970326687,0.558957292848,0.565944259009,
    0.572931225169,0.57991819133,0.58690515749,0.593892123651,
    0.600879089812,0.607866055972,0.614853022133,0.621839988293,
    0.628826954454,0.635813920615,0.642800886775,0.649787852936,
    0.656774819096,0.663761785257,0.670748751418,0.677735717578,
    0.684722683739,0.691709649899,0.69869661606,0.705683582221,
    0.712670548381,0.719657514542,0.726644480702,0.733631446863,
    0.740618413024,0.747605379184,0.754592345345,0.761579311505,
    0.768566277666,0.775553243827,0.782540209987,0.789527176148,
    0.796514142308,0.803501108469,0.81048807463,0.81747504079,
    0.824462006951,0.831448973111,0.838435939272,0.845422905433,
    0.852409871593,0.859396837754,0.866383803915,0.873370770075,
    0.880357736236,0.887344702396,0.894331668557,0.901318634718,
    0.908305600878,0.915292567039,0.922279533199,0.92926649936,
    0.936253465521,0.943240431681,0.950227397842,0.957214364002,
    0.964201330163,0.971188296324,0.978175262484,0.985162228645,
    0.992149194805,0.999136160966,1.006123127127,1.013110093287,
    1.020097059448,1.027084025608,1.034070991769,1.04105795793,
    1.04804492409,1.055031890251,1.062018856411,1.069005822572,
    1.075992788733,1.082979754893,1.089966721054,1.096953687214,
    1.103940653375,1.110927619536,1.117914585696,1.124901551857,
    1.131888518017,1.138875484178,1.145862450339,1.152849416499,
    1.15983638266,1.16682334882,1.173810314981,1.180797281142,
    1.187784247302,1.194771213463,1.201758179623,1.208745145784,
    1.215732111945,1.222719078105,1.229706044266,1.236693010426,
    1.243679976587,1.250666942748,1.257653908908,1.264640875069,
    1.271627841229,1.27861480739,1.285601773551,1.292588739711,
    1.299575705872,1.306562672032,1.313549638193,1.320536604354,
    1.327523570514,1.334510536675,1.341497502835,1.348484468996,
    1.355471435157,1.362458401317,1.369445367478,1.376432333638,
    1.383419299799,1.39040626596,1.39739323212,1.404380198281,
    1.411367164441,1.418354130602,1.425341096763,1.432328062923,
    1.439315029084,1.446301995244,1.453288961405,1.460275927566,
    1.467262893726,1.474249859887,1.481236826047,1.488223792208,
    1.495210758369,1.502197724529,1.50918469069,1.51617165685,
    1.523158623011,1.530145589172,1.537132555332,1.544119521493,
    1.551106487653,1.558093453814,1.565080419975,1.572067386135,
    1.579054352296,1.586041318456,1.593028284617,1.600015250778,
    1.607002216938,1.613989183099,1.620976149259,1.62796311542,
    1.634950081581,1.641937047741,1.648924013902,1.655910980062,
    1.662897946223,1.669884912384,1.676871878544,1.683858844705,
    1.690845810865),.QUASI_UNIFORM_KNOTS.);
#3199 = CARTESIAN_POINT('',(41.042556084746,-4.93074));
#3200 = CARTESIAN_POINT('',(41.042556623251,-4.922630374913));
#3201 = CARTESIAN_POINT('',(41.042210209773,-4.906411346868));
#3202 = CARTESIAN_POINT('',(41.040658844301,-4.882127191196));
#3203 = CARTESIAN_POINT('',(41.03808209089,-4.857923855046));
#3204 = CARTESIAN_POINT('',(41.034501597981,-4.83386327563));
#3205 = CARTESIAN_POINT('',(41.029896225116,-4.809775859638));
#3206 = CARTESIAN_POINT('',(41.024266646743,-4.785694154348));
#3207 = CARTESIAN_POINT('',(41.017589786049,-4.761563836038));
#3208 = CARTESIAN_POINT('',(41.009966666727,-4.737719152724));
#3209 = CARTESIAN_POINT('',(41.001438107898,-4.714177775014));
#3210 = CARTESIAN_POINT('',(40.992044973963,-4.690964563465));
#3211 = CARTESIAN_POINT('',(40.981829587016,-4.668097459106));
#3212 = CARTESIAN_POINT('',(40.970834492669,-4.645591573671));
#3213 = CARTESIAN_POINT('',(40.959101968068,-4.623458405941));
#3214 = CARTESIAN_POINT('',(40.946673244613,-4.601706353943));
#3215 = CARTESIAN_POINT('',(40.933588334382,-4.580341099341));
#3216 = CARTESIAN_POINT('',(40.919885109547,-4.55936505082));
#3217 = CARTESIAN_POINT('',(40.905599813543,-4.538779184453));
#3218 = CARTESIAN_POINT('',(40.890766829234,-4.518582943056));
#3219 = CARTESIAN_POINT('',(40.875418521419,-4.498774413665));
#3220 = CARTESIAN_POINT('',(40.859585101638,-4.479350506867));
#3221 = CARTESIAN_POINT('',(40.843294346902,-4.460306850569));
#3222 = CARTESIAN_POINT('',(40.826572786671,-4.441639603715));
#3223 = CARTESIAN_POINT('',(40.80944429887,-4.423343453994));
#3224 = CARTESIAN_POINT('',(40.79193133574,-4.405413210309));
#3225 = CARTESIAN_POINT('',(40.774054344607,-4.387843925607));
#3226 = CARTESIAN_POINT('',(40.755832457715,-4.370630537164));
#3227 = CARTESIAN_POINT('',(40.737283471668,-4.353767416243));
#3228 = CARTESIAN_POINT('',(40.718424084713,-4.337248222307));
#3229 = CARTESIAN_POINT('',(40.699269395195,-4.321066633427));
#3230 = CARTESIAN_POINT('',(40.67983414316,-4.305217898288));
#3231 = CARTESIAN_POINT('',(40.66012999694,-4.289696139788));
#3232 = CARTESIAN_POINT('',(40.64017268404,-4.274499810143));
#3233 = CARTESIAN_POINT('',(40.619958465157,-4.259614930905));
#3234 = CARTESIAN_POINT('',(40.599551616178,-4.245076959841));
#3235 = CARTESIAN_POINT('',(40.578758066594,-4.230740083383));
#3236 = CARTESIAN_POINT('',(40.55716590366,-4.216339753436));
#3237 = CARTESIAN_POINT('',(40.534837876776,-4.20194971535));
#3238 = CARTESIAN_POINT('',(40.511696979086,-4.18755059792));
#3239 = CARTESIAN_POINT('',(40.487686690995,-4.173144608733));
#3240 = CARTESIAN_POINT('',(40.462727017298,-4.158726371864));
#3241 = CARTESIAN_POINT('',(40.436725410679,-4.144294033099));
#3242 = CARTESIAN_POINT('',(40.40957175337,-4.129844864922));
#3243 = CARTESIAN_POINT('',(40.38114152434,-4.115394317162));
#3244 = CARTESIAN_POINT('',(40.352626161878,-4.101586763726));
#3245 = CARTESIAN_POINT('',(40.323836421332,-4.088330387445));
#3246 = CARTESIAN_POINT('',(40.294840164541,-4.075677469578));
#3247 = CARTESIAN_POINT('',(40.265648737075,-4.063647787911));
#3248 = CARTESIAN_POINT('',(40.236268475325,-4.052275634624));
#3249 = CARTESIAN_POINT('',(40.206677806022,-4.041596348683));
#3250 = CARTESIAN_POINT('',(40.176868700818,-4.031648622475));
#3251 = CARTESIAN_POINT('',(40.146834639968,-4.022471649014));
#3252 = CARTESIAN_POINT('',(40.116572424357,-4.014104584762));
#3253 = CARTESIAN_POINT('',(40.086067849708,-4.006579361491));
#3254 = CARTESIAN_POINT('',(40.055331405918,-3.999938281899));
#3255 = CARTESIAN_POINT('',(40.024382874402,-3.994222568071));
#3256 = CARTESIAN_POINT('',(39.993242543088,-3.989467181945));
#3257 = CARTESIAN_POINT('',(39.961934755108,-3.985702219489));
#3258 = CARTESIAN_POINT('',(39.930488244139,-3.982952508067));
#3259 = CARTESIAN_POINT('',(39.898936651302,-3.981237822796));
#3260 = CARTESIAN_POINT('',(39.86732065553,-3.980572423762));
#3261 = CARTESIAN_POINT('',(39.835681875043,-3.980966690793));
#3262 = CARTESIAN_POINT('',(39.804098440953,-3.9824223416));
#3263 = CARTESIAN_POINT('',(39.772611434341,-3.984917625372));
#3264 = CARTESIAN_POINT('',(39.741258400644,-3.988430977134));
#3265 = CARTESIAN_POINT('',(39.710070195636,-3.992936988881));
#3266 = CARTESIAN_POINT('',(39.679071531064,-3.998407493864));
#3267 = CARTESIAN_POINT('',(39.648280999219,-4.004811258288));
#3268 = CARTESIAN_POINT('',(39.617711492255,-4.012114130258));
#3269 = CARTESIAN_POINT('',(39.587370826887,-4.020278752282));
#3270 = CARTESIAN_POINT('',(39.557261819685,-4.029265562314));
#3271 = CARTESIAN_POINT('',(39.527384592344,-4.039029077093));
#3272 = CARTESIAN_POINT('',(39.497730404286,-4.049531896662));
#3273 = CARTESIAN_POINT('',(39.468288257409,-4.060738422712));
#3274 = CARTESIAN_POINT('',(39.43904167088,-4.072610185677));
#3275 = CARTESIAN_POINT('',(39.409980734116,-4.085114983242));
#3276 = CARTESIAN_POINT('',(39.381134237332,-4.098224322485));
#3277 = CARTESIAN_POINT('',(39.352516004045,-4.111914512811));
#3278 = CARTESIAN_POINT('',(39.324139994464,-4.126164851785));
#3279 = CARTESIAN_POINT('',(39.296023306287,-4.140957836275));
#3280 = CARTESIAN_POINT('',(39.268177918468,-4.156279901704));
#3281 = CARTESIAN_POINT('',(39.240617521192,-4.172119754222));
#3282 = CARTESIAN_POINT('',(39.213355216315,-4.1884692999));
#3283 = CARTESIAN_POINT('',(39.186406443145,-4.205321688505));
#3284 = CARTESIAN_POINT('',(39.159780139261,-4.222678301931));
#3285 = CARTESIAN_POINT('',(39.133511732594,-4.240522849421));
#3286 = CARTESIAN_POINT('',(39.10754056347,-4.258918090977));
#3287 = CARTESIAN_POINT('',(39.082676956664,-4.277276779078));
#3288 = CARTESIAN_POINT('',(39.058783558693,-4.29565212141));
#3289 = CARTESIAN_POINT('',(39.035839363657,-4.314028598096));
#3290 = CARTESIAN_POINT('',(39.013799811937,-4.332410000702));
#3291 = CARTESIAN_POINT('',(38.992633521699,-4.350795246154));
#3292 = CARTESIAN_POINT('',(38.972312524687,-4.369183345992));
#3293 = CARTESIAN_POINT('',(38.952812049348,-4.387574075536));
#3294 = CARTESIAN_POINT('',(38.934107175605,-4.405968191805));
#3295 = CARTESIAN_POINT('',(38.916175960492,-4.424365523937));
#3296 = CARTESIAN_POINT('',(38.898999623177,-4.442764799915));
#3297 = CARTESIAN_POINT('',(38.882556790411,-4.461170392905));
#3298 = CARTESIAN_POINT('',(38.866846710933,-4.479565858729));
#3299 = CARTESIAN_POINT('',(38.85180135686,-4.498011999767));
#3300 = CARTESIAN_POINT('',(38.837142521156,-4.516868606832));
#3301 = CARTESIAN_POINT('',(38.822962812868,-4.536060201722));
#3302 = CARTESIAN_POINT('',(38.809271848186,-4.555609911192));
#3303 = CARTESIAN_POINT('',(38.796103942093,-4.575512735508));
#3304 = CARTESIAN_POINT('',(38.783489038898,-4.595769356929));
#3305 = CARTESIAN_POINT('',(38.771460251309,-4.616376914703));
#3306 = CARTESIAN_POINT('',(38.76005154957,-4.637331303691));
#3307 = CARTESIAN_POINT('',(38.749298061068,-4.658626341594));
#3308 = CARTESIAN_POINT('',(38.739235593726,-4.680253867738));
#3309 = CARTESIAN_POINT('',(38.729900466737,-4.702203176641));
#3310 = CARTESIAN_POINT('',(38.72132869906,-4.72446211051));
#3311 = CARTESIAN_POINT('',(38.713556923382,-4.747013084318));
#3312 = CARTESIAN_POINT('',(38.706621479165,-4.769832135887));
#3313 = CARTESIAN_POINT('',(38.700556051808,-4.792893744181));
#3314 = CARTESIAN_POINT('',(38.695391542648,-4.816169608218));
#3315 = CARTESIAN_POINT('',(38.691155389574,-4.839628896074));
#3316 = CARTESIAN_POINT('',(38.687871036375,-4.86323815253));
#3317 = CARTESIAN_POINT('',(38.685557363207,-4.886961102056));
#3318 = CARTESIAN_POINT('',(38.684228141783,-4.910759211786));
#3319 = CARTESIAN_POINT('',(38.683891459833,-4.934589319204));
#3320 = CARTESIAN_POINT('',(38.684549276379,-4.958414522195));
#3321 = CARTESIAN_POINT('',(38.686197656455,-4.982192311131));
#3322 = CARTESIAN_POINT('',(38.688826619689,-5.005882384489));
#3323 = CARTESIAN_POINT('',(38.692420737533,-5.029447021685));
#3324 = CARTESIAN_POINT('',(38.696959619607,-5.052850933461));
#3325 = CARTESIAN_POINT('',(38.702418445578,-5.076061279806));
#3326 = CARTESIAN_POINT('',(38.708768462877,-5.099047540183));
#3327 = CARTESIAN_POINT('',(38.715977601732,-5.121781807005));
#3328 = CARTESIAN_POINT('',(38.724010670144,-5.14423753379));
#3329 = CARTESIAN_POINT('',(38.732829734973,-5.166390355569));
#3330 = CARTESIAN_POINT('',(38.742399487833,-5.188228497593));
#3331 = CARTESIAN_POINT('',(38.752683886026,-5.209740462177));
#3332 = CARTESIAN_POINT('',(38.763647203786,-5.230917384389));
#3333 = CARTESIAN_POINT('',(38.775254134451,-5.251752213656));
#3334 = CARTESIAN_POINT('',(38.787470132861,-5.272239754928));
#3335 = CARTESIAN_POINT('',(38.800261670631,-5.292376485171));
#3336 = CARTESIAN_POINT('',(38.813596483555,-5.312160432284));
#3337 = CARTESIAN_POINT('',(38.827443781696,-5.331591036098));
#3338 = CARTESIAN_POINT('',(38.84177442201,-5.350669009568));
#3339 = CARTESIAN_POINT('',(38.856561035707,-5.369396191886));
#3340 = CARTESIAN_POINT('',(38.871778104672,-5.387775392307));
#3341 = CARTESIAN_POINT('',(38.887401981076,-5.405810221617));
#3342 = CARTESIAN_POINT('',(38.903410843631,-5.423504908562));
#3343 = CARTESIAN_POINT('',(38.919784587488,-5.440864098865));
#3344 = CARTESIAN_POINT('',(38.936504632208,-5.457892632817));
#3345 = CARTESIAN_POINT('',(38.953553679943,-5.474595303834));
#3346 = CARTESIAN_POINT('',(38.970915288728,-5.490976599941));
#3347 = CARTESIAN_POINT('',(38.988573942616,-5.507040720985));
#3348 = CARTESIAN_POINT('',(39.006515021717,-5.522791718392));
#3349 = CARTESIAN_POINT('',(39.024723581377,-5.538235519296));
#3350 = CARTESIAN_POINT('',(39.043188380607,-5.553377307045));
#3351 = CARTESIAN_POINT('',(39.061898089789,-5.568221076676));
#3352 = CARTESIAN_POINT('',(39.080843393565,-5.582771465496));
#3353 = CARTESIAN_POINT('',(39.100010689392,-5.597029146055));
#3354 = CARTESIAN_POINT('',(39.119406271581,-5.611006678591));
#3355 = CARTESIAN_POINT('',(39.138965864379,-5.624669708286));
#3356 = CARTESIAN_POINT('',(39.15919675195,-5.638365678424));
#3357 = CARTESIAN_POINT('',(39.180086738009,-5.652059691575));
#3358 = CARTESIAN_POINT('',(39.201686017036,-5.665760118131));
#3359 = CARTESIAN_POINT('',(39.224040756387,-5.679466470657));
#3360 = CARTESIAN_POINT('',(39.247210341545,-5.693181674361));
#3361 = CARTESIAN_POINT('',(39.271268063306,-5.706909023241));
#3362 = CARTESIAN_POINT('',(39.296284748262,-5.720644920806));
#3363 = CARTESIAN_POINT('',(39.322397614767,-5.734402720147));
#3364 = CARTESIAN_POINT('',(39.34861673606,-5.747630784874));
#3365 = CARTESIAN_POINT('',(39.375075228257,-5.76039750711));
#3366 = CARTESIAN_POINT('',(39.401724127736,-5.772666180336));
#3367 = CARTESIAN_POINT('',(39.4285625667,-5.784424777522));
#3368 = CARTESIAN_POINT('',(39.455568465088,-5.795650239371));
#3369 = CARTESIAN_POINT('',(39.482733830189,-5.806317848013));
#3370 = CARTESIAN_POINT('',(39.510075816768,-5.81639913771));
#3371 = CARTESIAN_POINT('',(39.537602656895,-5.825863960923));
#3372 = CARTESIAN_POINT('',(39.565320420078,-5.834680784811));
#3373 = CARTESIAN_POINT('',(39.593238920189,-5.842823299522));
#3374 = CARTESIAN_POINT('',(39.621362423613,-5.850261500237));
#3375 = CARTESIAN_POINT('',(39.649683067779,-5.856958831506));
#3376 = CARTESIAN_POINT('',(39.678192951721,-5.862884122904));
#3377 = CARTESIAN_POINT('',(39.706880487108,-5.868008587355));
#3378 = CARTESIAN_POINT('',(39.735730764909,-5.87230662922));
#3379 = CARTESIAN_POINT('',(39.764724893514,-5.875755613634));
#3380 = CARTESIAN_POINT('',(39.793839691704,-5.87833598107));
#3381 = CARTESIAN_POINT('',(39.823047545561,-5.880031019736));
#3382 = CARTESIAN_POINT('',(39.852316204783,-5.880827661428));
#3383 = CARTESIAN_POINT('',(39.881610081177,-5.880713525731));
#3384 = CARTESIAN_POINT('',(39.910868108275,-5.879688492576));
#3385 = CARTESIAN_POINT('',(39.940057749754,-5.877767870029));
#3386 = CARTESIAN_POINT('',(39.969146407378,-5.874966716749));
#3387 = CARTESIAN_POINT('',(39.998107192368,-5.871303277258));
#3388 = CARTESIAN_POINT('',(40.026917647658,-5.86679806298));
#3389 = CARTESIAN_POINT('',(40.055560027588,-5.861474092832));
#3390 = CARTESIAN_POINT('',(40.084020914071,-5.8553568498));
#3391 = CARTESIAN_POINT('',(40.112290927881,-5.848474214065));
#3392 = CARTESIAN_POINT('',(40.140364127706,-5.840856773909));
#3393 = CARTESIAN_POINT('',(40.168238279104,-5.832536648962));
#3394 = CARTESIAN_POINT('',(40.195911889868,-5.823551886323));
#3395 = CARTESIAN_POINT('',(40.223394417669,-5.813928333486));
#3396 = CARTESIAN_POINT('',(40.250693787114,-5.803696263431));
#3397 = CARTESIAN_POINT('',(40.277819612908,-5.792886100471));
#3398 = CARTESIAN_POINT('',(40.304788652318,-5.78152437448));
#3399 = CARTESIAN_POINT('',(40.331583217682,-5.76963480344));
#3400 = CARTESIAN_POINT('',(40.35818713822,-5.757238009044));
#3401 = CARTESIAN_POINT('',(40.38459169506,-5.744351571725));
#3402 = CARTESIAN_POINT('',(40.41078148929,-5.730991257943));
#3403 = CARTESIAN_POINT('',(40.436746734638,-5.717169328977));
#3404 = CARTESIAN_POINT('',(40.462476781801,-5.702896288871));
#3405 = CARTESIAN_POINT('',(40.487960885853,-5.688180712313));
#3406 = CARTESIAN_POINT('',(40.513188806038,-5.673028622796));
#3407 = CARTESIAN_POINT('',(40.538147255711,-5.657446084873));
#3408 = CARTESIAN_POINT('',(40.562833117257,-5.641429389759));
#3409 = CARTESIAN_POINT('',(40.587203750788,-5.625001653449));
#3410 = CARTESIAN_POINT('',(40.611362170505,-5.608076171401));
#3411 = CARTESIAN_POINT('',(40.634623753698,-5.591139069909));
#3412 = CARTESIAN_POINT('',(40.657028538953,-5.574198747698));
#3413 = CARTESIAN_POINT('',(40.678613362213,-5.557254674577));
#3414 = CARTESIAN_POINT('',(40.699414233475,-5.540304518685));
#3415 = CARTESIAN_POINT('',(40.719444654416,-5.523359893654));
#3416 = CARTESIAN_POINT('',(40.738782030342,-5.506379196691));
#3417 = CARTESIAN_POINT('',(40.75786357606,-5.488970293306));
#3418 = CARTESIAN_POINT('',(40.776576525903,-5.471206490997));
#3419 = CARTESIAN_POINT('',(40.794926371112,-5.453060264288));
#3420 = CARTESIAN_POINT('',(40.81288531386,-5.434531517966));
#3421 = CARTESIAN_POINT('',(40.830432357167,-5.415613872503));
#3422 = CARTESIAN_POINT('',(40.847542039382,-5.396302036927));
#3423 = CARTESIAN_POINT('',(40.864188242592,-5.37659008474));
#3424 = CARTESIAN_POINT('',(40.880341761625,-5.356473276388));
#3425 = CARTESIAN_POINT('',(40.895971104549,-5.335947718663));
#3426 = CARTESIAN_POINT('',(40.911042424095,-5.315010609909));
#3427 = CARTESIAN_POINT('',(40.925519721673,-5.293660295895));
#3428 = CARTESIAN_POINT('',(40.939364843069,-5.271896497218));
#3429 = CARTESIAN_POINT('',(40.952538051405,-5.249720039927));
#3430 = CARTESIAN_POINT('',(40.965003360543,-5.227122690381));
#3431 = CARTESIAN_POINT('',(40.976711154153,-5.204118832332));
#3432 = CARTESIAN_POINT('',(40.987613742161,-5.18072223859));
#3433 = CARTESIAN_POINT('',(40.997663008589,-5.156950651521));
#3434 = CARTESIAN_POINT('',(41.006811785158,-5.132824760805));
#3435 = CARTESIAN_POINT('',(41.015014300236,-5.108368684766));
#3436 = CARTESIAN_POINT('',(41.022226950095,-5.083610052353));
#3437 = CARTESIAN_POINT('',(41.028409048295,-5.058580191078));
#3438 = CARTESIAN_POINT('',(41.033523673161,-5.03331430265));
#3439 = CARTESIAN_POINT('',(41.037538464859,-5.007851594046));
#3440 = CARTESIAN_POINT('',(41.040426830367,-4.982235611275));
#3441 = CARTESIAN_POINT('',(41.04216785379,-4.956513819103));
#3442 = CARTESIAN_POINT('',(41.042556780963,-4.939331277314));
#3443 = CARTESIAN_POINT('',(41.042556084708,-4.93074));
#3444 = ( GEOMETRIC_REPRESENTATION_CONTEXT(2) 
PARAMETRIC_REPRESENTATION_CONTEXT() REPRESENTATION_CONTEXT('2D SPACE',''
  ) );
#3445 = PCURVE('',#1974,#3446);
#3446 = DEFINITIONAL_REPRESENTATION('',(#3447),#3693);
#3447 = B_SPLINE_CURVE_WITH_KNOTS('',3,(#3448,#3449,#3450,#3451,#3452,
    #3453,#3454,#3455,#3456,#3457,#3458,#3459,#3460,#3461,#3462,#3463,
    #3464,#3465,#3466,#3467,#3468,#3469,#3470,#3471,#3472,#3473,#3474,
    #3475,#3476,#3477,#3478,#3479,#3480,#3481,#3482,#3483,#3484,#3485,
    #3486,#3487,#3488,#3489,#3490,#3491,#3492,#3493,#3494,#3495,#3496,
    #3497,#3498,#3499,#3500,#3501,#3502,#3503,#3504,#3505,#3506,#3507,
    #3508,#3509,#3510,#3511,#3512,#3513,#3514,#3515,#3516,#3517,#3518,
    #3519,#3520,#3521,#3522,#3523,#3524,#3525,#3526,#3527,#3528,#3529,
    #3530,#3531,#3532,#3533,#3534,#3535,#3536,#3537,#3538,#3539,#3540,
    #3541,#3542,#3543,#3544,#3545,#3546,#3547,#3548,#3549,#3550,#3551,
    #3552,#3553,#3554,#3555,#3556,#3557,#3558,#3559,#3560,#3561,#3562,
    #3563,#3564,#3565,#3566,#3567,#3568,#3569,#3570,#3571,#3572,#3573,
    #3574,#3575,#3576,#3577,#3578,#3579,#3580,#3581,#3582,#3583,#3584,
    #3585,#3586,#3587,#3588,#3589,#3590,#3591,#3592,#3593,#3594,#3595,
    #3596,#3597,#3598,#3599,#3600,#3601,#3602,#3603,#3604,#3605,#3606,
    #3607,#3608,#3609,#3610,#3611,#3612,#3613,#3614,#3615,#3616,#3617,
    #3618,#3619,#3620,#3621,#3622,#3623,#3624,#3625,#3626,#3627,#3628,
    #3629,#3630,#3631,#3632,#3633,#3634,#3635,#3636,#3637,#3638,#3639,
    #3640,#3641,#3642,#3643,#3644,#3645,#3646,#3647,#3648,#3649,#3650,
    #3651,#3652,#3653,#3654,#3655,#3656,#3657,#3658,#3659,#3660,#3661,
    #3662,#3663,#3664,#3665,#3666,#3667,#3668,#3669,#3670,#3671,#3672,
    #3673,#3674,#3675,#3676,#3677,#3678,#3679,#3680,#3681,#3682,#3683,
    #3684,#3685,#3686,#3687,#3688,#3689,#3690,#3691,#3692),
  .UNSPECIFIED.,.F.,.F.,(4,1,1,1,1,1,1,1,1,1,1,1,1,1,1,1,1,1,1,1,1,1,1,1
    ,1,1,1,1,1,1,1,1,1,1,1,1,1,1,1,1,1,1,1,1,1,1,1,1,1,1,1,1,1,1,1,1,1,1
    ,1,1,1,1,1,1,1,1,1,1,1,1,1,1,1,1,1,1,1,1,1,1,1,1,1,1,1,1,1,1,1,1,1,1
    ,1,1,1,1,1,1,1,1,1,1,1,1,1,1,1,1,1,1,1,1,1,1,1,1,1,1,1,1,1,1,1,1,1,1
    ,1,1,1,1,1,1,1,1,1,1,1,1,1,1,1,1,1,1,1,1,1,1,1,1,1,1,1,1,1,1,1,1,1,1
    ,1,1,1,1,1,1,1,1,1,1,1,1,1,1,1,1,1,1,1,1,1,1,1,1,1,1,1,1,1,1,1,1,1,1
    ,1,1,1,1,1,1,1,1,1,1,1,1,1,1,1,1,1,1,1,1,1,1,1,1,1,1,1,1,1,1,1,1,1,1
    ,1,1,1,1,1,1,1,1,1,1,1,1,1,1,4),(0.,6.986966160601E-03,
    1.39739323212E-02,2.09608984818E-02,2.79478646424E-02,
    3.4934830803E-02,4.192179696361E-02,4.890876312421E-02,
    5.589572928481E-02,6.288269544541E-02,6.986966160601E-02,
    7.685662776661E-02,8.384359392721E-02,9.083056008781E-02,
    9.781752624841E-02,0.104804492409,0.11179145857,0.11877842473,
    0.125765390891,0.132752357051,0.139739323212,0.146726289373,
    0.153713255533,0.160700221694,0.167687187854,0.174674154015,
    0.181661120176,0.188648086336,0.195635052497,0.202622018657,
    0.209608984818,0.216595950979,0.223582917139,0.2305698833,
    0.23755684946,0.244543815621,0.251530781782,0.258517747942,
    0.265504714103,0.272491680263,0.279478646424,0.286465612585,
    0.293452578745,0.300439544906,0.307426511066,0.314413477227,
    0.321400443388,0.328387409548,0.335374375709,0.342361341869,
    0.34934830803,0.356335274191,0.363322240351,0.370309206512,
    0.377296172672,0.384283138833,0.391270104994,0.398257071154,
    0.405244037315,0.412231003475,0.419217969636,0.426204935797,
    0.433191901957,0.440178868118,0.447165834278,0.454152800439,
    0.4611397666,0.46812673276,0.475113698921,0.482100665081,
    0.489087631242,0.496074597403,0.503061563563,0.510048529724,
    0.517035495884,0.524022462045,0.531009428206,0.537996394366,
    0.544983360527,0.551970326687,0.558957292848,0.565944259009,
    0.572931225169,0.57991819133,0.58690515749,0.593892123651,
    0.600879089812,0.607866055972,0.614853022133,0.621839988293,
    0.628826954454,0.635813920615,0.642800886775,0.649787852936,
    0.656774819096,0.663761785257,0.670748751418,0.677735717578,
    0.684722683739,0.691709649899,0.69869661606,0.705683582221,
    0.712670548381,0.719657514542,0.726644480702,0.733631446863,
    0.740618413024,0.747605379184,0.754592345345,0.761579311505,
    0.768566277666,0.775553243827,0.782540209987,0.789527176148,
    0.796514142308,0.803501108469,0.81048807463,0.81747504079,
    0.824462006951,0.831448973111,0.838435939272,0.845422905433,
    0.852409871593,0.859396837754,0.866383803915,0.873370770075,
    0.880357736236,0.887344702396,0.894331668557,0.901318634718,
    0.908305600878,0.915292567039,0.922279533199,0.92926649936,
    0.936253465521,0.943240431681,0.950227397842,0.957214364002,
    0.964201330163,0.971188296324,0.978175262484,0.985162228645,
    0.992149194805,0.999136160966,1.006123127127,1.013110093287,
    1.020097059448,1.027084025608,1.034070991769,1.04105795793,
    1.04804492409,1.055031890251,1.062018856411,1.069005822572,
    1.075992788733,1.082979754893,1.089966721054,1.096953687214,
    1.103940653375,1.110927619536,1.117914585696,1.124901551857,
    1.131888518017,1.138875484178,1.145862450339,1.152849416499,
    1.15983638266,1.16682334882,1.173810314981,1.180797281142,
    1.187784247302,1.194771213463,1.201758179623,1.208745145784,
    1.215732111945,1.222719078105,1.229706044266,1.236693010426,
    1.243679976587,1.250666942748,1.257653908908,1.264640875069,
    1.271627841229,1.27861480739,1.285601773551,1.292588739711,
    1.299575705872,1.306562672032,1.313549638193,1.320536604354,
    1.327523570514,1.334510536675,1.341497502835,1.348484468996,
    1.355471435157,1.362458401317,1.369445367478,1.376432333638,
    1.383419299799,1.39040626596,1.39739323212,1.404380198281,
    1.411367164441,1.418354130602,1.425341096763,1.432328062923,
    1.439315029084,1.446301995244,1.453288961405,1.460275927566,
    1.467262893726,1.474249859887,1.481236826047,1.488223792208,
    1.495210758369,1.502197724529,1.50918469069,1.51617165685,
    1.523158623011,1.530145589172,1.537132555332,1.544119521493,
    1.551106487653,1.558093453814,1.565080419975,1.572067386135,
    1.579054352296,1.586041318456,1.593028284617,1.600015250778,
    1.607002216938,1.613989183099,1.620976149259,1.62796311542,
    1.634950081581,1.641937047741,1.648924013902,1.655910980062,
    1.662897946223,1.669884912384,1.676871878544,1.683858844705,
    1.690845810865),.QUASI_UNIFORM_KNOTS.);
#3448 = CARTESIAN_POINT('',(6.28318530718,9.914605532549));
#3449 = CARTESIAN_POINT('',(6.274648879485,9.914605073218));
#3450 = CARTESIAN_POINT('',(6.25757618623,9.914883484685));
#3451 = CARTESIAN_POINT('',(6.23199715989,9.916129953709));
#3452 = CARTESIAN_POINT('',(6.206469784042,9.918199774026));
#3453 = CARTESIAN_POINT('',(6.1810433113,9.921074712007));
#3454 = CARTESIAN_POINT('',(6.155521983309,9.924770572965));
#3455 = CARTESIAN_POINT('',(6.129922980855,9.929285229737));
#3456 = CARTESIAN_POINT('',(6.104170131762,9.934635103527));
#3457 = CARTESIAN_POINT('',(6.078603324304,9.94073676035));
#3458 = CARTESIAN_POINT('',(6.053227997571,9.947554711422));
#3459 = CARTESIAN_POINT('',(6.028057830452,9.95505305402));
#3460 = CARTESIAN_POINT('',(6.003100269338,9.963194356998));
#3461 = CARTESIAN_POINT('',(5.978360680924,9.971940650241));
#3462 = CARTESIAN_POINT('',(5.953841483947,9.981253828577));
#3463 = CARTESIAN_POINT('',(5.929542556765,9.991096293912));
#3464 = CARTESIAN_POINT('',(5.90546158189,10.001431097242));
#3465 = CARTESIAN_POINT('',(5.881593281143,10.01222266893));
#3466 = CARTESIAN_POINT('',(5.857931327247,10.023436447143));
#3467 = CARTESIAN_POINT('',(5.834468143661,10.03503906067));
#3468 = CARTESIAN_POINT('',(5.811194987855,10.046998456331));
#3469 = CARTESIAN_POINT('',(5.788102046794,10.059284036916));
#3470 = CARTESIAN_POINT('',(5.765178150458,10.071866812396));
#3471 = CARTESIAN_POINT('',(5.742412892128,10.084718686327));
#3472 = CARTESIAN_POINT('',(5.719794094983,10.097813276153));
#3473 = CARTESIAN_POINT('',(5.697309624903,10.111124989765));
#3474 = CARTESIAN_POINT('',(5.674947531237,10.124629919493));
#3475 = CARTESIAN_POINT('',(5.652695492719,10.13830481999));
#3476 = CARTESIAN_POINT('',(5.63054012617,10.152126087702));
#3477 = CARTESIAN_POINT('',(5.608466681476,10.166069087023));
#3478 = CARTESIAN_POINT('',(5.586459790275,10.180109900209));
#3479 = CARTESIAN_POINT('',(5.564505569894,10.194224740194));
#3480 = CARTESIAN_POINT('',(5.542587735166,10.208391480964));
#3481 = CARTESIAN_POINT('',(5.520695600696,10.222584883656));
#3482 = CARTESIAN_POINT('',(5.498798731357,10.236792823755));
#3483 = CARTESIAN_POINT('',(5.476940334544,10.250955749391));
#3484 = CARTESIAN_POINT('',(5.45488864004,10.265192620968));
#3485 = CARTESIAN_POINT('',(5.432194396022,10.27975775068));
#3486 = CARTESIAN_POINT('',(5.408913620823,10.294573039141));
#3487 = CARTESIAN_POINT('',(5.384952004613,10.309651568236));
#3488 = CARTESIAN_POINT('',(5.360235822898,10.324985420334));
#3489 = CARTESIAN_POINT('',(5.334664680452,10.340574409259));
#3490 = CARTESIAN_POINT('',(5.308122565555,10.356415446469));
#3491 = CARTESIAN_POINT('',(5.280471475726,10.372506041166));
#3492 = CARTESIAN_POINT('',(5.251553625136,10.388828215972));
#3493 = CARTESIAN_POINT('',(5.222542341101,10.404636211112));
#3494 = CARTESIAN_POINT('',(5.193203990916,10.420004039608));
#3495 = CARTESIAN_POINT('',(5.163570387936,10.434852041884));
#3496 = CARTESIAN_POINT('',(5.133609429774,10.449140115281));
#3497 = CARTESIAN_POINT('',(5.103315217013,10.462814506713));
#3498 = CARTESIAN_POINT('',(5.072684112488,10.475821020514));
#3499 = CARTESIAN_POINT('',(5.041719840226,10.48810044029));
#3500 = CARTESIAN_POINT('',(5.010428588126,10.499590117513));
#3501 = CARTESIAN_POINT('',(4.978817181335,10.510220117067));
#3502 = CARTESIAN_POINT('',(4.946881340033,10.519926406159));
#3503 = CARTESIAN_POINT('',(4.914641294512,10.528628549809));
#3504 = CARTESIAN_POINT('',(4.882125424051,10.536237773816));
#3505 = CARTESIAN_POINT('',(4.849364104409,10.542671931348));
#3506 = CARTESIAN_POINT('',(4.816392091027,10.547851355799));
#3507 = CARTESIAN_POINT('',(4.783248680163,10.551700499791));
#3508 = CARTESIAN_POINT('',(4.749977798964,10.554145526316));
#3509 = CARTESIAN_POINT('',(4.71663010949,10.555122305158));
#3510 = CARTESIAN_POINT('',(4.683256583278,10.554546836068));
#3511 = CARTESIAN_POINT('',(4.649949164703,10.552456337195));
#3512 = CARTESIAN_POINT('',(4.616758971635,10.548944121789));
#3513 = CARTESIAN_POINT('',(4.583733251979,10.544086130037));
#3514 = CARTESIAN_POINT('',(4.550912529003,10.537962203549));
#3515 = CARTESIAN_POINT('',(4.518331408614,10.530650380712));
#3516 = CARTESIAN_POINT('',(4.486018562395,10.522228440798));
#3517 = CARTESIAN_POINT('',(4.453997029476,10.512773432164));
#3518 = CARTESIAN_POINT('',(4.42228471144,10.502362015347));
#3519 = CARTESIAN_POINT('',(4.390894365877,10.491069562482));
#3520 = CARTESIAN_POINT('',(4.359835938671,10.478973416553));
#3521 = CARTESIAN_POINT('',(4.329110431906,10.466140642309));
#3522 = CARTESIAN_POINT('',(4.298720852104,10.452623733336));
#3523 = CARTESIAN_POINT('',(4.268666964625,10.43847923411));
#3524 = CARTESIAN_POINT('',(4.238940528536,10.423759453814));
#3525 = CARTESIAN_POINT('',(4.209526767115,10.408514911747));
#3526 = CARTESIAN_POINT('',(4.180402215673,10.39279284189));
#3527 = CARTESIAN_POINT('',(4.151541465878,10.376640729771));
#3528 = CARTESIAN_POINT('',(4.122921877201,10.360106894436));
#3529 = CARTESIAN_POINT('',(4.094515653979,10.343236654387));
#3530 = CARTESIAN_POINT('',(4.066296160407,10.326075647851));
#3531 = CARTESIAN_POINT('',(4.038235406755,10.308668512215));
#3532 = CARTESIAN_POINT('',(4.010306977131,10.291060815008));
#3533 = CARTESIAN_POINT('',(3.982476007361,10.273292619499));
#3534 = CARTESIAN_POINT('',(3.95473551044,10.2554222603));
#3535 = CARTESIAN_POINT('',(3.926970253217,10.237437644322));
#3536 = CARTESIAN_POINT('',(3.900012157936,10.219942754129));
#3537 = CARTESIAN_POINT('',(3.873699612701,10.202892761447));
#3538 = CARTESIAN_POINT('',(3.84799340257,10.186313574828));
#3539 = CARTESIAN_POINT('',(3.822831638188,10.170209896423));
#3540 = CARTESIAN_POINT('',(3.798167533824,10.154590476562));
#3541 = CARTESIAN_POINT('',(3.77395949054,10.139462423876));
#3542 = CARTESIAN_POINT('',(3.750169720614,10.124832049859));
#3543 = CARTESIAN_POINT('',(3.726763403557,10.110700177378));
#3544 = CARTESIAN_POINT('',(3.703710370469,10.097066321039));
#3545 = CARTESIAN_POINT('',(3.680984748388,10.083930456087));
#3546 = CARTESIAN_POINT('',(3.658556363097,10.07128894774));
#3547 = CARTESIAN_POINT('',(3.636422515561,10.059152727924));
#3548 = CARTESIAN_POINT('',(3.614488638102,10.047479354396));
#3549 = CARTESIAN_POINT('',(3.592317491985,10.03606022707));
#3550 = CARTESIAN_POINT('',(3.569994555956,10.024973199117));
#3551 = CARTESIAN_POINT('',(3.547486516208,10.014231799141));
#3552 = CARTESIAN_POINT('',(3.524793496248,10.003868455996));
#3553 = CARTESIAN_POINT('',(3.501908303745,9.993912023715));
#3554 = CARTESIAN_POINT('',(3.478827408628,9.98439359675));
#3555 = CARTESIAN_POINT('',(3.455548073198,9.975344710196));
#3556 = CARTESIAN_POINT('',(3.432069247373,9.966797556132));
#3557 = CARTESIAN_POINT('',(3.408391365289,9.958784596836));
#3558 = CARTESIAN_POINT('',(3.38451689361,9.951338420771));
#3559 = CARTESIAN_POINT('',(3.360449100928,9.944491076913));
#3560 = CARTESIAN_POINT('',(3.336196279655,9.938274814818));
#3561 = CARTESIAN_POINT('',(3.311772648749,9.932721358628));
#3562 = CARTESIAN_POINT('',(3.287193171269,9.927859988831));
#3563 = CARTESIAN_POINT('',(3.262474899565,9.923717445769));
#3564 = CARTESIAN_POINT('',(3.237636762683,9.920317385436));
#3565 = CARTESIAN_POINT('',(3.212699747117,9.917679955963));
#3566 = CARTESIAN_POINT('',(3.187687208677,9.915821339095));
#3567 = CARTESIAN_POINT('',(3.162624407454,9.914753310981));
#3568 = CARTESIAN_POINT('',(3.137541152855,9.914482760739));
#3569 = CARTESIAN_POINT('',(3.112460508972,9.915011356172));
#3570 = CARTESIAN_POINT('',(3.087411474445,9.916335756413));
#3571 = CARTESIAN_POINT('',(3.062420933534,9.918447436395));
#3572 = CARTESIAN_POINT('',(3.037513426494,9.921333192389));
#3573 = CARTESIAN_POINT('',(3.012711450224,9.924975534545));
#3574 = CARTESIAN_POINT('',(2.988035561697,9.929353115973));
#3575 = CARTESIAN_POINT('',(2.963504616018,9.934441128677));
#3576 = CARTESIAN_POINT('',(2.93913553239,9.94021179551));
#3577 = CARTESIAN_POINT('',(2.9149446776,9.946634511206));
#3578 = CARTESIAN_POINT('',(2.890947096239,9.953676203727));
#3579 = CARTESIAN_POINT('',(2.8671451613,9.961305627594));
#3580 = CARTESIAN_POINT('',(2.843541702775,9.969490641986));
#3581 = CARTESIAN_POINT('',(2.820137446673,9.978199056517));
#3582 = CARTESIAN_POINT('',(2.796931835159,9.987398715747));
#3583 = CARTESIAN_POINT('',(2.77392291975,9.997057783291));
#3584 = CARTESIAN_POINT('',(2.751107486911,10.007144959567));
#3585 = CARTESIAN_POINT('',(2.72848111098,10.017629695963));
#3586 = CARTESIAN_POINT('',(2.70603822217,10.028482380112));
#3587 = CARTESIAN_POINT('',(2.683772172446,10.039674490578));
#3588 = CARTESIAN_POINT('',(2.661675310425,10.051178712913));
#3589 = CARTESIAN_POINT('',(2.639739068942,10.062969010765));
#3590 = CARTESIAN_POINT('',(2.617954070911,10.075020645196));
#3591 = CARTESIAN_POINT('',(2.596310258629,10.087310135756));
#3592 = CARTESIAN_POINT('',(2.574797051154,10.099815155796));
#3593 = CARTESIAN_POINT('',(2.553403535984,10.112514358413));
#3594 = CARTESIAN_POINT('',(2.532118694096,10.125387114748));
#3595 = CARTESIAN_POINT('',(2.510931653143,10.138413200292));
#3596 = CARTESIAN_POINT('',(2.489831615645,10.151572251313));
#3597 = CARTESIAN_POINT('',(2.468807609677,10.16484358399));
#3598 = CARTESIAN_POINT('',(2.447846048709,10.17820408272));
#3599 = CARTESIAN_POINT('',(2.426933491163,10.191634482233));
#3600 = CARTESIAN_POINT('',(2.406057538082,10.205115109086));
#3601 = CARTESIAN_POINT('',(2.385204106423,10.218627095636));
#3602 = CARTESIAN_POINT('',(2.364364596821,10.232148514593));
#3603 = CARTESIAN_POINT('',(2.343510443375,10.245670441406));
#3604 = CARTESIAN_POINT('',(2.322687433043,10.259136570146));
#3605 = CARTESIAN_POINT('',(2.301340862411,10.272876845951));
#3606 = CARTESIAN_POINT('',(2.279475973392,10.286853702768));
#3607 = CARTESIAN_POINT('',(2.257028956332,10.30106991886));
#3608 = CARTESIAN_POINT('',(2.2339397393,10.315520127877));
#3609 = CARTESIAN_POINT('',(2.210132799506,10.330202233675));
#3610 = CARTESIAN_POINT('',(2.185516463203,10.345115147146));
#3611 = CARTESIAN_POINT('',(2.159998760014,10.360249784985));
#3612 = CARTESIAN_POINT('',(2.133416823877,10.375619152442));
#3613 = CARTESIAN_POINT('',(2.106748728885,10.390592132112));
#3614 = CARTESIAN_POINT('',(2.079827231268,10.405221108856));
#3615 = CARTESIAN_POINT('',(2.052670272465,10.419444715284));
#3616 = CARTESIAN_POINT('',(2.025248255171,10.433231298555));
#3617 = CARTESIAN_POINT('',(1.997549780449,10.446540072436));
#3618 = CARTESIAN_POINT('',(1.96956577219,10.459331011837));
#3619 = CARTESIAN_POINT('',(1.941293924368,10.471561420987));
#3620 = CARTESIAN_POINT('',(1.912735688194,10.483186393422));
#3621 = CARTESIAN_POINT('',(1.883895042229,10.494156359889));
#3622 = CARTESIAN_POINT('',(1.854770080133,10.504421721604));
#3623 = CARTESIAN_POINT('',(1.825365250824,10.513929136742));
#3624 = CARTESIAN_POINT('',(1.795695422133,10.52261107617));
#3625 = CARTESIAN_POINT('',(1.765776297445,10.530404357514));
#3626 = CARTESIAN_POINT('',(1.735627369997,10.537245519094));
#3627 = CARTESIAN_POINT('',(1.705271608143,10.543072085977));
#3628 = CARTESIAN_POINT('',(1.674735945117,10.547822131842));
#3629 = CARTESIAN_POINT('',(1.644051500119,10.551434765452));
#3630 = CARTESIAN_POINT('',(1.613253711904,10.5538486229));
#3631 = CARTESIAN_POINT('',(1.582382700783,10.555007412171));
#3632 = CARTESIAN_POINT('',(1.551482389994,10.554839242627));
#3633 = CARTESIAN_POINT('',(1.520624386972,10.553357349629));
#3634 = CARTESIAN_POINT('',(1.489849303726,10.55063422074));
#3635 = CARTESIAN_POINT('',(1.459197518774,10.546728750405));
#3636 = CARTESIAN_POINT('',(1.428703610685,10.541703390423));
#3637 = CARTESIAN_POINT('',(1.398397886452,10.535619556039));
#3638 = CARTESIAN_POINT('',(1.36830609885,10.528538851105));
#3639 = CARTESIAN_POINT('',(1.33844975399,10.520522761333));
#3640 = CARTESIAN_POINT('',(1.308846289326,10.511632656129));
#3641 = CARTESIAN_POINT('',(1.279509569658,10.501930088003));
#3642 = CARTESIAN_POINT('',(1.250449594242,10.491475593097));
#3643 = CARTESIAN_POINT('',(1.221675355191,10.480333189659));
#3644 = CARTESIAN_POINT('',(1.193185078545,10.468552032084));
#3645 = CARTESIAN_POINT('',(1.164982814703,10.456175515981));
#3646 = CARTESIAN_POINT('',(1.137069113994,10.44324904285));
#3647 = CARTESIAN_POINT('',(1.109439040631,10.429814953594));
#3648 = CARTESIAN_POINT('',(1.082082468609,10.415913851796));
#3649 = CARTESIAN_POINT('',(1.05498418738,10.401584377085));
#3650 = CARTESIAN_POINT('',(1.028122894021,10.38686278841));
#3651 = CARTESIAN_POINT('',(1.001482150616,10.371788898422));
#3652 = CARTESIAN_POINT('',(0.975040392773,10.356399000728));
#3653 = CARTESIAN_POINT('',(0.948776573716,10.340729517221));
#3654 = CARTESIAN_POINT('',(0.922669372578,10.324816530804));
#3655 = CARTESIAN_POINT('',(0.896696332254,10.308695277953));
#3656 = CARTESIAN_POINT('',(0.870837556476,10.292402605606));
#3657 = CARTESIAN_POINT('',(0.845061232768,10.275967610915));
#3658 = CARTESIAN_POINT('',(0.819377286032,10.259446585214));
#3659 = CARTESIAN_POINT('',(0.793636678098,10.242792558266));
#3660 = CARTESIAN_POINT('',(0.768539301149,10.226510199087));
#3661 = CARTESIAN_POINT('',(0.744030329349,10.210613516557));
#3662 = CARTESIAN_POINT('',(0.720056710759,10.195110746413));
#3663 = CARTESIAN_POINT('',(0.69656804788,10.180006816949));
#3664 = CARTESIAN_POINT('',(0.673539578155,10.165318830148));
#3665 = CARTESIAN_POINT('',(0.650876477544,10.151014329966));
#3666 = CARTESIAN_POINT('',(0.628039478201,10.136786330845));
#3667 = CARTESIAN_POINT('',(0.605121594117,10.122730653221));
#3668 = CARTESIAN_POINT('',(0.582079150013,10.108854781939));
#3669 = CARTESIAN_POINT('',(0.558906149981,10.095189246628));
#3670 = CARTESIAN_POINT('',(0.535588237727,10.081758861192));
#3671 = CARTESIAN_POINT('',(0.512112661892,10.068592373184));
#3672 = CARTESIAN_POINT('',(0.488465965919,10.055718453956));
#3673 = CARTESIAN_POINT('',(0.464636124249,10.043168027901));
#3674 = CARTESIAN_POINT('',(0.440611964592,10.030973519398));
#3675 = CARTESIAN_POINT('',(0.416383334797,10.019168927853));
#3676 = CARTESIAN_POINT('',(0.391941037705,10.007789653151));
#3677 = CARTESIAN_POINT('',(0.367276989659,9.996872491365));
#3678 = CARTESIAN_POINT('',(0.342383752929,9.986455199029));
#3679 = CARTESIAN_POINT('',(0.317243270631,9.976572182618));
#3680 = CARTESIAN_POINT('',(0.291862017193,9.967268280033));
#3681 = CARTESIAN_POINT('',(0.266244529292,9.958586493535));
#3682 = CARTESIAN_POINT('',(0.240398548568,9.950569791609));
#3683 = CARTESIAN_POINT('',(0.21433379668,9.943259996199));
#3684 = CARTESIAN_POINT('',(0.188062478856,9.936697401954));
#3685 = CARTESIAN_POINT('',(0.16159935342,9.930920148503));
#3686 = CARTESIAN_POINT('',(0.134961947802,9.92596361503));
#3687 = CARTESIAN_POINT('',(0.108170787642,9.921859739077));
#3688 = CARTESIAN_POINT('',(8.124961704248E-02,9.91863638259));
#3689 = CARTESIAN_POINT('',(5.422585463483E-02,9.916316351181));
#3690 = CARTESIAN_POINT('',(2.713035044428E-02,9.914917519746));
#3691 = CARTESIAN_POINT('',(9.043422321908E-03,9.91460493718));
#3692 = CARTESIAN_POINT('',(1.7763568394E-15,9.914605532588));
#3693 = ( GEOMETRIC_REPRESENTATION_CONTEXT(2) 
PARAMETRIC_REPRESENTATION_CONTEXT() REPRESENTATION_CONTEXT('2D SPACE',''
  ) );
#3694 = ORIENTED_EDGE('',*,*,#3695,.T.);
#3695 = EDGE_CURVE('',#3015,#3696,#3698,.T.);
#3696 = VERTEX_POINT('',#3697);
#3697 = CARTESIAN_POINT('',(-0.2232,-7.741371285129,2.08425));
#3698 = SURFACE_CURVE('',#3699,(#3705,#3714),.PCURVE_S1.);
#3699 = B_SPLINE_CURVE_WITH_KNOTS('',4,(#3700,#3701,#3702,#3703,#3704),
  .UNSPECIFIED.,.F.,.F.,(5,5),(0.,1.),.PIECEWISE_BEZIER_KNOTS.);
#3700 = CARTESIAN_POINT('',(-0.2232,-7.741371285129,8.63475));
#3701 = CARTESIAN_POINT('',(-0.2232,-7.741371285129,6.997125));
#3702 = CARTESIAN_POINT('',(-0.2232,-7.741371285129,5.3595));
#3703 = CARTESIAN_POINT('',(-0.2232,-7.741371285129,3.721875));
#3704 = CARTESIAN_POINT('',(-0.2232,-7.741371285129,2.08425));
#3705 = PCURVE('',#368,#3706);
#3706 = DEFINITIONAL_REPRESENTATION('',(#3707),#3713);
#3707 = B_SPLINE_CURVE_WITH_KNOTS('',4,(#3708,#3709,#3710,#3711,#3712),
  .UNSPECIFIED.,.F.,.F.,(5,5),(0.,1.),.PIECEWISE_BEZIER_KNOTS.);
#3708 = CARTESIAN_POINT('',(39.637972088861,-7.44375));
#3709 = CARTESIAN_POINT('',(39.637972088861,-5.806125));
#3710 = CARTESIAN_POINT('',(39.637972088861,-4.1685));
#3711 = CARTESIAN_POINT('',(39.637972088861,-2.530875));
#3712 = CARTESIAN_POINT('',(39.637972088861,-0.89325));
#3713 = ( GEOMETRIC_REPRESENTATION_CONTEXT(2) 
PARAMETRIC_REPRESENTATION_CONTEXT() REPRESENTATION_CONTEXT('2D SPACE',''
  ) );
#3714 = PCURVE('',#3715,#3720);
#3715 = PLANE('',#3716);
#3716 = AXIS2_PLACEMENT_3D('',#3717,#3718,#3719);
#3717 = CARTESIAN_POINT('',(-0.2232,-7.92228,2.08425));
#3718 = DIRECTION('',(1.,0.,0.));
#3719 = DIRECTION('',(0.,0.,1.));
#3720 = DEFINITIONAL_REPRESENTATION('',(#3721),#3727);
#3721 = B_SPLINE_CURVE_WITH_KNOTS('',4,(#3722,#3723,#3724,#3725,#3726),
  .UNSPECIFIED.,.F.,.F.,(5,5),(0.,1.),.PIECEWISE_BEZIER_KNOTS.);
#3722 = CARTESIAN_POINT('',(6.5505,-0.180908714871));
#3723 = CARTESIAN_POINT('',(4.912875,-0.180908714871));
#3724 = CARTESIAN_POINT('',(3.27525,-0.180908714871));
#3725 = CARTESIAN_POINT('',(1.637625,-0.180908714871));
#3726 = CARTESIAN_POINT('',(0.,-0.180908714871));
#3727 = ( GEOMETRIC_REPRESENTATION_CONTEXT(2) 
PARAMETRIC_REPRESENTATION_CONTEXT() REPRESENTATION_CONTEXT('2D SPACE',''
  ) );
#3728 = ORIENTED_EDGE('',*,*,#3729,.F.);
#3729 = EDGE_CURVE('',#3730,#3696,#3732,.T.);
#3730 = VERTEX_POINT('',#3731);
#3731 = CARTESIAN_POINT('',(0.2232,-7.741371285129,2.08425));
#3732 = SURFACE_CURVE('',#3733,(#3740,#3750),.PCURVE_S1.);
#3733 = B_SPLINE_CURVE_WITH_KNOTS('',5,(#3734,#3735,#3736,#3737,#3738,
    #3739),.UNSPECIFIED.,.F.,.F.,(6,6),(0.,1.),
  .PIECEWISE_BEZIER_KNOTS.);
#3734 = CARTESIAN_POINT('',(0.2232,-7.741371285129,2.08425));
#3735 = CARTESIAN_POINT('',(0.136473747461,-7.768569400807,2.08425));
#3736 = CARTESIAN_POINT('',(4.568887381939E-02,-7.785106633116,2.08425)
  );
#3737 = CARTESIAN_POINT('',(-4.568006689507E-02,-7.785110377911,2.08425)
  );
#3738 = CARTESIAN_POINT('',(-0.136484438148,-7.768566048114,2.08425));
#3739 = CARTESIAN_POINT('',(-0.2232,-7.741371285129,2.08425));
#3740 = PCURVE('',#368,#3741);
#3741 = DEFINITIONAL_REPRESENTATION('',(#3742),#3749);
#3742 = B_SPLINE_CURVE_WITH_KNOTS('',5,(#3743,#3744,#3745,#3746,#3747,
    #3748),.UNSPECIFIED.,.F.,.F.,(6,6),(0.,1.),
  .PIECEWISE_BEZIER_KNOTS.);
#3743 = CARTESIAN_POINT('',(40.088628238263,-0.89325));
#3744 = CARTESIAN_POINT('',(39.998991314144,-0.89325));
#3745 = CARTESIAN_POINT('',(39.908348578303,-0.89325));
#3746 = CARTESIAN_POINT('',(39.818260812827,-0.89325));
#3747 = CARTESIAN_POINT('',(39.727597963497,-0.89325));
#3748 = CARTESIAN_POINT('',(39.637972088861,-0.89325));
#3749 = ( GEOMETRIC_REPRESENTATION_CONTEXT(2) 
PARAMETRIC_REPRESENTATION_CONTEXT() REPRESENTATION_CONTEXT('2D SPACE',''
  ) );
#3750 = PCURVE('',#3751,#3756);
#3751 = PLANE('',#3752);
#3752 = AXIS2_PLACEMENT_3D('',#3753,#3754,#3755);
#3753 = CARTESIAN_POINT('',(-0.2232,-7.92228,2.08425));
#3754 = DIRECTION('',(0.,0.,1.));
#3755 = DIRECTION('',(1.,0.,0.));
#3756 = DEFINITIONAL_REPRESENTATION('',(#3757),#3764);
#3757 = B_SPLINE_CURVE_WITH_KNOTS('',5,(#3758,#3759,#3760,#3761,#3762,
    #3763),.UNSPECIFIED.,.F.,.F.,(6,6),(0.,1.),
  .PIECEWISE_BEZIER_KNOTS.);
#3758 = CARTESIAN_POINT('',(0.4464,0.180908714871));
#3759 = CARTESIAN_POINT('',(0.359673747461,0.153710599193));
#3760 = CARTESIAN_POINT('',(0.268888873819,0.137173366884));
#3761 = CARTESIAN_POINT('',(0.177519933105,0.137169622089));
#3762 = CARTESIAN_POINT('',(8.671556185177E-02,0.153713951886));
#3763 = CARTESIAN_POINT('',(0.,0.180908714871));
#3764 = ( GEOMETRIC_REPRESENTATION_CONTEXT(2) 
PARAMETRIC_REPRESENTATION_CONTEXT() REPRESENTATION_CONTEXT('2D SPACE',''
  ) );
#3765 = ORIENTED_EDGE('',*,*,#3766,.F.);
#3766 = EDGE_CURVE('',#1543,#3730,#3767,.T.);
#3767 = SURFACE_CURVE('',#3768,(#3774,#3783),.PCURVE_S1.);
#3768 = B_SPLINE_CURVE_WITH_KNOTS('',4,(#3769,#3770,#3771,#3772,#3773),
  .UNSPECIFIED.,.F.,.F.,(5,5),(0.,1.),.PIECEWISE_BEZIER_KNOTS.);
#3769 = CARTESIAN_POINT('',(0.2232,-7.741371285129,8.63475));
#3770 = CARTESIAN_POINT('',(0.2232,-7.741371285129,6.997125));
#3771 = CARTESIAN_POINT('',(0.2232,-7.741371285129,5.3595));
#3772 = CARTESIAN_POINT('',(0.2232,-7.741371285129,3.721875));
#3773 = CARTESIAN_POINT('',(0.2232,-7.741371285129,2.08425));
#3774 = PCURVE('',#368,#3775);
#3775 = DEFINITIONAL_REPRESENTATION('',(#3776),#3782);
#3776 = B_SPLINE_CURVE_WITH_KNOTS('',4,(#3777,#3778,#3779,#3780,#3781),
  .UNSPECIFIED.,.F.,.F.,(5,5),(0.,1.),.PIECEWISE_BEZIER_KNOTS.);
#3777 = CARTESIAN_POINT('',(40.088628238263,-7.44375));
#3778 = CARTESIAN_POINT('',(40.088628238263,-5.806125));
#3779 = CARTESIAN_POINT('',(40.088628238263,-4.1685));
#3780 = CARTESIAN_POINT('',(40.088628238263,-2.530875));
#3781 = CARTESIAN_POINT('',(40.088628238263,-0.89325));
#3782 = ( GEOMETRIC_REPRESENTATION_CONTEXT(2) 
PARAMETRIC_REPRESENTATION_CONTEXT() REPRESENTATION_CONTEXT('2D SPACE',''
  ) );
#3783 = PCURVE('',#3784,#3789);
#3784 = PLANE('',#3785);
#3785 = AXIS2_PLACEMENT_3D('',#3786,#3787,#3788);
#3786 = CARTESIAN_POINT('',(0.2232,-7.92228,2.08425));
#3787 = DIRECTION('',(1.,0.,0.));
#3788 = DIRECTION('',(0.,0.,1.));
#3789 = DEFINITIONAL_REPRESENTATION('',(#3790),#3796);
#3790 = B_SPLINE_CURVE_WITH_KNOTS('',4,(#3791,#3792,#3793,#3794,#3795),
  .UNSPECIFIED.,.F.,.F.,(5,5),(0.,1.),.PIECEWISE_BEZIER_KNOTS.);
#3791 = CARTESIAN_POINT('',(6.5505,-0.180908714871));
#3792 = CARTESIAN_POINT('',(4.912875,-0.180908714871));
#3793 = CARTESIAN_POINT('',(3.27525,-0.180908714871));
#3794 = CARTESIAN_POINT('',(1.637625,-0.180908714871));
#3795 = CARTESIAN_POINT('',(0.,-0.180908714871));
#3796 = ( GEOMETRIC_REPRESENTATION_CONTEXT(2) 
PARAMETRIC_REPRESENTATION_CONTEXT() REPRESENTATION_CONTEXT('2D SPACE',''
  ) );
#3797 = ADVANCED_FACE('',(#3798,#3852),#525,.F.);
#3798 = FACE_BOUND('',#3799,.F.);
#3799 = EDGE_LOOP('',(#3800,#3801,#3824,#3851));
#3800 = ORIENTED_EDGE('',*,*,#508,.T.);
#3801 = ORIENTED_EDGE('',*,*,#3802,.T.);
#3802 = EDGE_CURVE('',#509,#3803,#3805,.T.);
#3803 = VERTEX_POINT('',#3804);
#3804 = CARTESIAN_POINT('',(3.175,-7.776507174586E-16,10.2426));
#3805 = SEAM_CURVE('',#3806,(#3810,#3817),.PCURVE_S1.);
#3806 = LINE('',#3807,#3808);
#3807 = CARTESIAN_POINT('',(3.175,-7.776507174586E-16,-0.8));
#3808 = VECTOR('',#3809,1.);
#3809 = DIRECTION('',(0.,0.,1.));
#3810 = PCURVE('',#525,#3811);
#3811 = DEFINITIONAL_REPRESENTATION('',(#3812),#3816);
#3812 = LINE('',#3813,#3814);
#3813 = CARTESIAN_POINT('',(0.,-0.));
#3814 = VECTOR('',#3815,1.);
#3815 = DIRECTION('',(0.,1.));
#3816 = ( GEOMETRIC_REPRESENTATION_CONTEXT(2) 
PARAMETRIC_REPRESENTATION_CONTEXT() REPRESENTATION_CONTEXT('2D SPACE',''
  ) );
#3817 = PCURVE('',#525,#3818);
#3818 = DEFINITIONAL_REPRESENTATION('',(#3819),#3823);
#3819 = LINE('',#3820,#3821);
#3820 = CARTESIAN_POINT('',(6.28318530718,-0.));
#3821 = VECTOR('',#3822,1.);
#3822 = DIRECTION('',(0.,1.));
#3823 = ( GEOMETRIC_REPRESENTATION_CONTEXT(2) 
PARAMETRIC_REPRESENTATION_CONTEXT() REPRESENTATION_CONTEXT('2D SPACE',''
  ) );
#3824 = ORIENTED_EDGE('',*,*,#3825,.F.);
#3825 = EDGE_CURVE('',#3803,#3803,#3826,.T.);
#3826 = SURFACE_CURVE('',#3827,(#3832,#3839),.PCURVE_S1.);
#3827 = CIRCLE('',#3828,3.175);
#3828 = AXIS2_PLACEMENT_3D('',#3829,#3830,#3831);
#3829 = CARTESIAN_POINT('',(0.,0.,10.2426));
#3830 = DIRECTION('',(0.,0.,1.));
#3831 = DIRECTION('',(1.,0.,0.));
#3832 = PCURVE('',#525,#3833);
#3833 = DEFINITIONAL_REPRESENTATION('',(#3834),#3838);
#3834 = LINE('',#3835,#3836);
#3835 = CARTESIAN_POINT('',(0.,11.0426));
#3836 = VECTOR('',#3837,1.);
#3837 = DIRECTION('',(1.,0.));
#3838 = ( GEOMETRIC_REPRESENTATION_CONTEXT(2) 
PARAMETRIC_REPRESENTATION_CONTEXT() REPRESENTATION_CONTEXT('2D SPACE',''
  ) );
#3839 = PCURVE('',#3840,#3845);
#3840 = PLANE('',#3841);
#3841 = AXIS2_PLACEMENT_3D('',#3842,#3843,#3844);
#3842 = CARTESIAN_POINT('',(0.,0.,10.2426));
#3843 = DIRECTION('',(0.,0.,1.));
#3844 = DIRECTION('',(1.,0.,0.));
#3845 = DEFINITIONAL_REPRESENTATION('',(#3846),#3850);
#3846 = CIRCLE('',#3847,3.175);
#3847 = AXIS2_PLACEMENT_2D('',#3848,#3849);
#3848 = CARTESIAN_POINT('',(0.,0.));
#3849 = DIRECTION('',(1.,0.));
#3850 = ( GEOMETRIC_REPRESENTATION_CONTEXT(2) 
PARAMETRIC_REPRESENTATION_CONTEXT() REPRESENTATION_CONTEXT('2D SPACE',''
  ) );
#3851 = ORIENTED_EDGE('',*,*,#3802,.F.);
#3852 = FACE_BOUND('',#3853,.F.);
#3853 = EDGE_LOOP('',(#3854));
#3854 = ORIENTED_EDGE('',*,*,#3855,.F.);
#3855 = EDGE_CURVE('',#3856,#3856,#3858,.T.);
#3856 = VERTEX_POINT('',#3857);
#3857 = CARTESIAN_POINT('',(0.95,-3.0295420446,6.12174));
#3858 = SURFACE_CURVE('',#3859,(#3904,#3952),.PCURVE_S1.);
#3859 = B_SPLINE_CURVE_WITH_KNOTS('',7,(#3860,#3861,#3862,#3863,#3864,
    #3865,#3866,#3867,#3868,#3869,#3870,#3871,#3872,#3873,#3874,#3875,
    #3876,#3877,#3878,#3879,#3880,#3881,#3882,#3883,#3884,#3885,#3886,
    #3887,#3888,#3889,#3890,#3891,#3892,#3893,#3894,#3895,#3896,#3897,
    #3898,#3899,#3900,#3901,#3902,#3903),.UNSPECIFIED.,.T.,.F.,(8,6,6,6,
    6,6,6,8),(0.,0.148134812762,0.287598479661,0.425731097101,
    0.574718369276,0.703792366128,0.832784803768,1.),.UNSPECIFIED.);
#3860 = CARTESIAN_POINT('',(0.95,-3.0295420446,6.12174));
#3861 = CARTESIAN_POINT('',(0.95,-3.0295420446,6.23774858375));
#3862 = CARTESIAN_POINT('',(0.933472607276,-3.03472457355,6.353720320753
    ));
#3863 = CARTESIAN_POINT('',(0.900436943121,-3.045084393181,
    6.467529630195));
#3864 = CARTESIAN_POINT('',(0.850916825774,-3.05998775059,6.577012943158
    ));
#3865 = CARTESIAN_POINT('',(0.785005011124,-3.078166157788,
    6.679800966182));
#3866 = CARTESIAN_POINT('',(0.702957456584,-3.09779302669,6.773147432782
    ));
#3867 = CARTESIAN_POINT('',(0.513849755134,-3.13453510534,6.929590928959
    ));
#3868 = CARTESIAN_POINT('',(0.406421905451,-3.152140172697,
    6.995887705285));
#3869 = CARTESIAN_POINT('',(0.285693006751,-3.167128852003,
    7.046495640325));
#3870 = CARTESIAN_POINT('',(0.155930540628,-3.176809385591,
    7.077458254414));
#3871 = CARTESIAN_POINT('',(2.219521428424E-02,-3.179591178324,
    7.08676442161));
#3872 = CARTESIAN_POINT('',(-0.110160185645,-3.175606755182,
    7.074269749523));
#3873 = CARTESIAN_POINT('',(-0.361147139877,-3.156878606924,
    7.009827252654));
#3874 = CARTESIAN_POINT('',(-0.476997999753,-3.142454235652,
    6.959001523435));
#3875 = CARTESIAN_POINT('',(-0.581416205169,-3.124540423859,
    6.892437680749));
#3876 = CARTESIAN_POINT('',(-0.672745893269,-3.105165007963,
    6.813015855145));
#3877 = CARTESIAN_POINT('',(-0.749855184563,-3.086358437399,
    6.723601817489));
#3878 = CARTESIAN_POINT('',(-0.812138109191,-3.069769703195,
    6.627061589678));
#3879 = CARTESIAN_POINT('',(-0.910761788688,-3.042032890406,
    6.417475602312));
#3880 = CARTESIAN_POINT('',(-0.945541318194,-3.031173014608,
    6.301896159641));
#3881 = CARTESIAN_POINT('',(-0.963106088403,-3.025297215993,
    6.182244782258));
#3882 = CARTESIAN_POINT('',(-0.963106088406,-3.025297215992,
    6.061235217744));
#3883 = CARTESIAN_POINT('',(-0.945541318192,-3.031173014609,
    5.941583840355));
#3884 = CARTESIAN_POINT('',(-0.910761788688,-3.042032890406,
    5.826004397689));
#3885 = CARTESIAN_POINT('',(-0.815249682181,-3.068894607904,
    5.623030839515));
#3886 = CARTESIAN_POINT('',(-0.7580439135,-3.084173078014,5.532736496392
    ));
#3887 = CARTESIAN_POINT('',(-0.688006541869,-3.101420215192,
    5.448532776595));
#3888 = CARTESIAN_POINT('',(-0.605555705363,-3.119350179683,
    5.372650225242));
#3889 = CARTESIAN_POINT('',(-0.511462642466,-3.136384380945,
    5.307371421679));
#3890 = CARTESIAN_POINT('',(-0.406900115159,-3.150874901158,
    5.255060748788));
#3891 = CARTESIAN_POINT('',(-0.180303787565,-3.171916537898,
    5.181435138859));
#3892 = CARTESIAN_POINT('',(-5.95810656034E-02,-3.178351768917,
    5.160523392227));
#3893 = CARTESIAN_POINT('',(6.465251048355E-02,-3.179273084686,
    5.15799563503));
#3894 = CARTESIAN_POINT('',(0.187834096184,-3.174068876319,
    5.174510302227));
#3895 = CARTESIAN_POINT('',(0.305452272315,-3.163505384114,
    5.209068001174));
#3896 = CARTESIAN_POINT('',(0.41345854834,-3.149452806077,5.258973521261
    ));
#3897 = CARTESIAN_POINT('',(0.632933503311,-3.113804088099,
    5.398256563013));
#3898 = CARTESIAN_POINT('',(0.738024833381,-3.090868894713,
    5.496268750412));
#3899 = CARTESIAN_POINT('',(0.822700150582,-3.06843226392,5.608428393886
    ));
#3900 = CARTESIAN_POINT('',(0.886339551473,-3.049504632109,
    5.730494728781));
#3901 = CARTESIAN_POINT('',(0.928777873376,-3.036196826127,
    5.858836391812));
#3902 = CARTESIAN_POINT('',(0.95,-3.0295420446,5.990283239931));
#3903 = CARTESIAN_POINT('',(0.95,-3.0295420446,6.12174));
#3904 = PCURVE('',#525,#3905);
#3905 = DEFINITIONAL_REPRESENTATION('',(#3906),#3951);
#3906 = B_SPLINE_CURVE_WITH_KNOTS('',7,(#3907,#3908,#3909,#3910,#3911,
    #3912,#3913,#3914,#3915,#3916,#3917,#3918,#3919,#3920,#3921,#3922,
    #3923,#3924,#3925,#3926,#3927,#3928,#3929,#3930,#3931,#3932,#3933,
    #3934,#3935,#3936,#3937,#3938,#3939,#3940,#3941,#3942,#3943,#3944,
    #3945,#3946,#3947,#3948,#3949,#3950),.UNSPECIFIED.,.T.,.F.,(8,6,6,6,
    6,6,6,8),(0.,0.148134812762,0.287598479661,0.425731097101,
    0.574718369276,0.703792366128,0.832784803768,1.),.UNSPECIFIED.);
#3907 = CARTESIAN_POINT('',(5.01625632028,6.92174));
#3908 = CARTESIAN_POINT('',(5.01625632028,7.03774858375));
#3909 = CARTESIAN_POINT('',(5.01080088801,7.153720320753));
#3910 = CARTESIAN_POINT('',(4.999896507211,7.267529630195));
#3911 = CARTESIAN_POINT('',(4.983609174966,7.377012943158));
#3912 = CARTESIAN_POINT('',(4.962088603444,7.479800966182));
#3913 = CARTESIAN_POINT('',(4.935542244795,7.573147432782));
#3914 = CARTESIAN_POINT('',(4.874866975454,7.729590928959));
#3915 = CARTESIAN_POINT('',(4.840595179671,7.795887705285));
#3916 = CARTESIAN_POINT('',(4.802325225361,7.846495640325));
#3917 = CARTESIAN_POINT('',(4.761440855548,7.877458254415));
#3918 = CARTESIAN_POINT('',(4.719399148793,7.88676442161));
#3919 = CARTESIAN_POINT('',(4.677734428077,7.874269749523));
#3920 = CARTESIAN_POINT('',(4.598463652345,7.809827252654));
#3921 = CARTESIAN_POINT('',(4.561738274363,7.759001523435));
#3922 = CARTESIAN_POINT('',(4.52842184081,7.692437680749));
#3923 = CARTESIAN_POINT('',(4.499043479124,7.613015855145));
#3924 = CARTESIAN_POINT('',(4.474054317016,7.523601817489));
#3925 = CARTESIAN_POINT('',(4.453755719801,7.427061589678));
#3926 = CARTESIAN_POINT('',(4.421488067148,7.217475602312));
#3927 = CARTESIAN_POINT('',(4.410017033608,7.101896159641));
#3928 = CARTESIAN_POINT('',(4.404182272428,6.982244782258));
#3929 = CARTESIAN_POINT('',(4.404182272427,6.861235217744));
#3930 = CARTESIAN_POINT('',(4.410017033608,6.741583840355));
#3931 = CARTESIAN_POINT('',(4.421488067148,6.626004397689));
#3932 = CARTESIAN_POINT('',(4.452737676701,6.423030839515));
#3933 = CARTESIAN_POINT('',(4.471384870014,6.332736496392));
#3934 = CARTESIAN_POINT('',(4.494096755554,6.248532776595));
#3935 = CARTESIAN_POINT('',(4.520650924239,6.172650225242));
#3936 = CARTESIAN_POINT('',(4.55073194285,6.107371421679));
#3937 = CARTESIAN_POINT('',(4.583945638928,6.055060748788));
#3938 = CARTESIAN_POINT('',(4.655621604032,5.981435138859));
#3939 = CARTESIAN_POINT('',(4.693669092117,5.960523392227));
#3940 = CARTESIAN_POINT('',(4.732731820356,5.95799563503));
#3941 = CARTESIAN_POINT('',(4.771479214724,5.974510302227));
#3942 = CARTESIAN_POINT('',(4.808625358593,6.009068001174));
#3943 = CARTESIAN_POINT('',(4.842912550991,6.058973521261));
#3944 = CARTESIAN_POINT('',(4.912944446829,6.198256563013));
#3945 = CARTESIAN_POINT('',(4.94677396571,6.296268750412));
#3946 = CARTESIAN_POINT('',(4.97433271871,6.408428393886));
#3947 = CARTESIAN_POINT('',(4.995243494831,6.530494728781));
#3948 = CARTESIAN_POINT('',(5.00925117105,6.658836391812));
#3949 = CARTESIAN_POINT('',(5.01625632028,6.790283239931));
#3950 = CARTESIAN_POINT('',(5.01625632028,6.92174));
#3951 = ( GEOMETRIC_REPRESENTATION_CONTEXT(2) 
PARAMETRIC_REPRESENTATION_CONTEXT() REPRESENTATION_CONTEXT('2D SPACE',''
  ) );
#3952 = PCURVE('',#1974,#3953);
#3953 = DEFINITIONAL_REPRESENTATION('',(#3954),#3999);
#3954 = B_SPLINE_CURVE_WITH_KNOTS('',7,(#3955,#3956,#3957,#3958,#3959,
    #3960,#3961,#3962,#3963,#3964,#3965,#3966,#3967,#3968,#3969,#3970,
    #3971,#3972,#3973,#3974,#3975,#3976,#3977,#3978,#3979,#3980,#3981,
    #3982,#3983,#3984,#3985,#3986,#3987,#3988,#3989,#3990,#3991,#3992,
    #3993,#3994,#3995,#3996,#3997,#3998),.UNSPECIFIED.,.F.,.F.,(8,6,6,6,
    6,6,6,8),(0.,0.148134812762,0.287598479661,0.425731097101,
    0.574718369276,0.703792366128,0.832784803768,1.),.UNSPECIFIED.);
#3955 = CARTESIAN_POINT('',(0.,5.8071420446));
#3956 = CARTESIAN_POINT('',(0.122114298685,5.8071420446));
#3957 = CARTESIAN_POINT('',(0.244189801829,5.81232457355));
#3958 = CARTESIAN_POINT('',(0.366963303198,5.822684393181));
#3959 = CARTESIAN_POINT('',(0.4911233737,5.83758775059));
#3960 = CARTESIAN_POINT('',(0.617398145174,5.855766157788));
#3961 = CARTESIAN_POINT('',(0.746577201268,5.87539302669));
#3962 = CARTESIAN_POINT('',(1.004925438933,5.91213510534));
#3963 = CARTESIAN_POINT('',(1.136540186625,5.929740172697));
#3964 = CARTESIAN_POINT('',(1.271625457948,5.944728852003));
#3965 = CARTESIAN_POINT('',(1.408751343679,5.954409385591));
#3966 = CARTESIAN_POINT('',(1.546871805533,5.957191178324));
#3967 = CARTESIAN_POINT('',(1.685086670569,5.953206755182));
#3968 = CARTESIAN_POINT('',(1.957852917735,5.934478606924));
#3969 = CARTESIAN_POINT('',(2.089275451615,5.920054235652));
#3970 = CARTESIAN_POINT('',(2.217242988733,5.902140423859));
#3971 = CARTESIAN_POINT('',(2.342243736868,5.882765007963));
#3972 = CARTESIAN_POINT('',(2.464603664031,5.863958437399));
#3973 = CARTESIAN_POINT('',(2.584467518139,5.847369703195));
#3974 = CARTESIAN_POINT('',(2.828289614532,5.819632890406));
#3975 = CARTESIAN_POINT('',(2.953961114269,5.808773014608));
#3976 = CARTESIAN_POINT('',(3.079102779988,5.802897215993));
#3977 = CARTESIAN_POINT('',(3.204082527189,5.802897215992));
#3978 = CARTESIAN_POINT('',(3.329224192914,5.808773014609));
#3979 = CARTESIAN_POINT('',(3.454895692646,5.819632890406));
#3980 = CARTESIAN_POINT('',(3.691025212031,5.846494607904));
#3981 = CARTESIAN_POINT('',(3.802666035538,5.861773078014));
#3982 = CARTESIAN_POINT('',(3.916403507216,5.879020215192));
#3983 = CARTESIAN_POINT('',(4.032445544624,5.896950179683));
#3984 = CARTESIAN_POINT('',(4.151095588538,5.913984380945));
#3985 = CARTESIAN_POINT('',(4.272791411124,5.928474901158));
#3986 = CARTESIAN_POINT('',(4.523588757036,5.949516537898));
#3987 = CARTESIAN_POINT('',(4.651247722606,5.955951768917));
#3988 = CARTESIAN_POINT('',(4.779660311295,5.956873084686));
#3989 = CARTESIAN_POINT('',(4.907789609611,5.951668876319));
#3990 = CARTESIAN_POINT('',(5.034578427551,5.941105384114));
#3991 = CARTESIAN_POINT('',(5.158719027802,5.927052806077));
#3992 = CARTESIAN_POINT('',(5.432340521788,5.891404088099));
#3993 = CARTESIAN_POINT('',(5.581024772827,5.868468894713));
#3994 = CARTESIAN_POINT('',(5.725556116221,5.84603226392));
#3995 = CARTESIAN_POINT('',(5.867017315664,5.827104632109));
#3996 = CARTESIAN_POINT('',(6.006445477308,5.813796826127));
#3997 = CARTESIAN_POINT('',(6.144809770265,5.8071420446));
#3998 = CARTESIAN_POINT('',(6.28318530718,5.8071420446));
#3999 = ( GEOMETRIC_REPRESENTATION_CONTEXT(2) 
PARAMETRIC_REPRESENTATION_CONTEXT() REPRESENTATION_CONTEXT('2D SPACE',''
  ) );
#4000 = ADVANCED_FACE('',(#4001,#4004),#699,.F.);
#4001 = FACE_BOUND('',#4002,.F.);
#4002 = EDGE_LOOP('',(#4003));
#4003 = ORIENTED_EDGE('',*,*,#565,.F.);
#4004 = FACE_BOUND('',#4005,.F.);
#4005 = EDGE_LOOP('',(#4006,#4457,#4901,#4938,#4972));
#4006 = ORIENTED_EDGE('',*,*,#4007,.F.);
#4007 = EDGE_CURVE('',#4008,#4010,#4012,.T.);
#4008 = VERTEX_POINT('',#4009);
#4009 = CARTESIAN_POINT('',(6.0662784,-1.485809685059E-15,11.91));
#4010 = VERTEX_POINT('',#4011);
#4011 = CARTESIAN_POINT('',(0.2976,-6.058974166412,11.91));
#4012 = SURFACE_CURVE('',#4013,(#4130,#4291),.PCURVE_S1.);
#4013 = B_SPLINE_CURVE_WITH_KNOTS('',7,(#4014,#4015,#4016,#4017,#4018,
    #4019,#4020,#4021,#4022,#4023,#4024,#4025,#4026,#4027,#4028,#4029,
    #4030,#4031,#4032,#4033,#4034,#4035,#4036,#4037,#4038,#4039,#4040,
    #4041,#4042,#4043,#4044,#4045,#4046,#4047,#4048,#4049,#4050,#4051,
    #4052,#4053,#4054,#4055,#4056,#4057,#4058,#4059,#4060,#4061,#4062,
    #4063,#4064,#4065,#4066,#4067,#4068,#4069,#4070,#4071,#4072,#4073,
    #4074,#4075,#4076,#4077,#4078,#4079,#4080,#4081,#4082,#4083,#4084,
    #4085,#4086,#4087,#4088,#4089,#4090,#4091,#4092,#4093,#4094,#4095,
    #4096,#4097,#4098,#4099,#4100,#4101,#4102,#4103,#4104,#4105,#4106,
    #4107,#4108,#4109,#4110,#4111,#4112,#4113,#4114,#4115,#4116,#4117,
    #4118,#4119,#4120,#4121,#4122,#4123,#4124,#4125,#4126,#4127,#4128,
    #4129),.UNSPECIFIED.,.T.,.F.,(8,6,6,6,6,6,6,6,6,6,6,6,6,6,6,6,6,6,6,
    8),(0.,0.147881887786,0.359495070974,0.568889411137,0.687654269445,
    0.721055739435,0.73697068623,0.750314425815,0.956691243707,
    0.974836466643,1.,1.155981906082,1.226444549049,1.348426477665,
    1.592413289885,1.611187988377,1.766619896674,1.862678797588,
    2.040779713551,2.157022224416),.UNSPECIFIED.);
#4014 = CARTESIAN_POINT('',(6.0662784,-1.7763568394E-15,11.91));
#4015 = CARTESIAN_POINT('',(6.0662784,-0.373286497014,11.91));
#4016 = CARTESIAN_POINT('',(6.0394799572,-0.746599134401,11.91));
#4017 = CARTESIAN_POINT('',(5.985876563327,-1.117583064882,11.91));
#4018 = CARTESIAN_POINT('',(5.905729067558,-1.48393878886,11.91));
#4019 = CARTESIAN_POINT('',(5.799529689407,-1.843416410307,11.91));
#4020 = CARTESIAN_POINT('',(5.668001505906,-2.193817689803,11.91));
#4021 = CARTESIAN_POINT('',(5.289092283588,-3.018370916935,11.91));
#4022 = CARTESIAN_POINT('',(5.016125949061,-3.480960695452,11.91));
#4023 = CARTESIAN_POINT('',(4.696127157487,-3.914355391748,11.91));
#4024 = CARTESIAN_POINT('',(4.332929705822,-4.312947048334,11.91));
#4025 = CARTESIAN_POINT('',(3.931071936926,-4.671753952637,11.91));
#4026 = CARTESIAN_POINT('',(3.49578312572,-4.986437317846,11.91));
#4027 = CARTESIAN_POINT('',(2.575452815659,-5.517802779306,11.91));
#4028 = CARTESIAN_POINT('',(2.090719966387,-5.735628530708,11.91));
#4029 = CARTESIAN_POINT('',(1.584876851063,-5.903543234618,11.91));
#4030 = CARTESIAN_POINT('',(1.06409169179,-6.019249260103,11.91));
#4031 = CARTESIAN_POINT('',(0.534737641239,-6.081331561349,11.91));
#4032 = CARTESIAN_POINT('',(3.373445638566E-03,-6.089260665839,11.91));
#4033 = CARTESIAN_POINT('',(-0.821886229292,-6.017816046838,11.91));
#4034 = CARTESIAN_POINT('',(-1.119075909032,-5.974738562507,11.91));
#4035 = CARTESIAN_POINT('',(-1.413576738742,-5.914542965439,11.91));
#4036 = CARTESIAN_POINT('',(-1.704209304511,-5.837438511627,11.91));
#4037 = CARTESIAN_POINT('',(-1.9898196358,-5.743731343437,11.91));
#4038 = CARTESIAN_POINT('',(-2.269279716731,-5.633824343519,11.91));
#4039 = CARTESIAN_POINT('',(-2.618047198711,-5.472903355724,11.91));
#4040 = CARTESIAN_POINT('',(-2.694031111954,-5.436338805968,11.91));
#4041 = CARTESIAN_POINT('',(-2.769418094217,-5.39854403643,11.91));
#4042 = CARTESIAN_POINT('',(-2.844184265439,-5.359530777804,11.91));
#4043 = CARTESIAN_POINT('',(-2.918306044959,-5.319311334542,11.91));
#4044 = CARTESIAN_POINT('',(-2.991760151517,-5.277898584848,11.91));
#4045 = CARTESIAN_POINT('',(-3.09919352836,-5.21501169336,11.91));
#4046 = CARTESIAN_POINT('',(-3.133706659004,-5.194449544237,11.91));
#4047 = CARTESIAN_POINT('',(-3.16806051117,-5.173620987363,11.91));
#4048 = CARTESIAN_POINT('',(-3.202252618356,-5.152527505169,11.91));
#4049 = CARTESIAN_POINT('',(-3.23628053157,-5.131170608469,11.91));
#4050 = CARTESIAN_POINT('',(-3.270141819335,-5.10955183646,11.91));
#4051 = CARTESIAN_POINT('',(-3.332083020928,-5.069328445176,11.91));
#4052 = CARTESIAN_POINT('',(-3.360213142725,-5.050801141525,11.91));
#4053 = CARTESIAN_POINT('',(-3.388223010356,-5.032091769662,11.91));
#4054 = CARTESIAN_POINT('',(-3.416111210354,-5.013201267122,11.91));
#4055 = CARTESIAN_POINT('',(-3.44387633849,-4.994130585085,11.91));
#4056 = CARTESIAN_POINT('',(-3.471516999783,-4.974880688376,11.91));
#4057 = CARTESIAN_POINT('',(-3.924581080523,-4.654973351548,11.91));
#4058 = CARTESIAN_POINT('',(-4.320133811778,-4.311782882588,11.91));
#4059 = CARTESIAN_POINT('',(-4.680340840707,-3.929603743263,11.91));
#4060 = CARTESIAN_POINT('',(-5.000718713835,-3.512861172301,11.91));
#4061 = CARTESIAN_POINT('',(-5.277456584868,-3.066510518569,11.91));
#4062 = CARTESIAN_POINT('',(-5.507428591425,-2.596023819542,11.91));
#4063 = CARTESIAN_POINT('',(-5.704324247712,-2.064586241902,11.91));
#4064 = CARTESIAN_POINT('',(-5.719858459384,-2.021496822954,11.91));
#4065 = CARTESIAN_POINT('',(-5.735012862369,-1.978271235579,11.91));
#4066 = CARTESIAN_POINT('',(-5.749786027969,-1.934913498197,11.91));
#4067 = CARTESIAN_POINT('',(-5.764176580825,-1.891427647403,11.91));
#4068 = CARTESIAN_POINT('',(-5.778183198916,-1.847817737964,11.91));
#4069 = CARTESIAN_POINT('',(-5.810694594859,-1.743443855193,11.91));
#4070 = CARTESIAN_POINT('',(-5.82884376433,-1.68256910913,11.91));
#4071 = CARTESIAN_POINT('',(-5.846248737553,-1.621474470384,11.91));
#4072 = CARTESIAN_POINT('',(-5.862906331243,-1.560170859353,11.91));
#4073 = CARTESIAN_POINT('',(-5.878813563251,-1.498669251082,11.91));
#4074 = CARTESIAN_POINT('',(-5.893967652565,-1.436980675262,11.91));
#4075 = CARTESIAN_POINT('',(-5.997617582591,-0.991635243915,11.91));
#4076 = CARTESIAN_POINT('',(-6.057838868438,-0.601362435859,11.91));
#4077 = CARTESIAN_POINT('',(-6.088393241639,-0.206993518636,11.91));
#4078 = CARTESIAN_POINT('',(-6.088985419924,0.188771093383,11.91));
#4079 = CARTESIAN_POINT('',(-6.05961148761,0.583229279889,11.91));
#4080 = CARTESIAN_POINT('',(-6.000558692582,0.973680218986,11.91));
#4081 = CARTESIAN_POINT('',(-5.872655428626,1.530779838517,11.91));
#4082 = CARTESIAN_POINT('',(-5.826925867075,1.702771495037,11.91));
#4083 = CARTESIAN_POINT('',(-5.775322525492,1.873157883316,11.91));
#4084 = CARTESIAN_POINT('',(-5.717913729101,2.041698634925,11.91));
#4085 = CARTESIAN_POINT('',(-5.654779944836,2.208157513285,11.91));
#4086 = CARTESIAN_POINT('',(-5.586013781338,2.372302413666,11.91));
#4087 = CARTESIAN_POINT('',(-5.383105737535,2.813665511592,11.91));
#4088 = CARTESIAN_POINT('',(-5.23792081966,3.085818523855,11.91));
#4089 = CARTESIAN_POINT('',(-5.076711877228,3.349170419993,11.91));
#4090 = CARTESIAN_POINT('',(-4.900126878487,3.602596640067,11.91));
#4091 = CARTESIAN_POINT('',(-4.70890527533,3.845035955826,11.91));
#4092 = CARTESIAN_POINT('',(-4.503877656147,4.07549099622,11.91));
#4093 = CARTESIAN_POINT('',(-3.850128364775,4.72816510615,11.91));
#4094 = CARTESIAN_POINT('',(-3.362526819771,5.111885087378,11.91));
#4095 = CARTESIAN_POINT('',(-2.830820186148,5.436388246846,11.91));
#4096 = CARTESIAN_POINT('',(-2.263714175334,5.69591632782,11.91));
#4097 = CARTESIAN_POINT('',(-1.670573247875,5.886182999526,11.91));
#4098 = CARTESIAN_POINT('',(-1.061447223555,6.004361784581,11.91));
#4099 = CARTESIAN_POINT('',(-0.399990351861,6.053262529941,11.91));
#4100 = CARTESIAN_POINT('',(-0.352696428678,6.056325802762,11.91));
#4101 = CARTESIAN_POINT('',(-0.305375366642,6.058957969273,11.91));
#4102 = CARTESIAN_POINT('',(-0.258031881508,6.061158745429,11.91));
#4103 = CARTESIAN_POINT('',(-0.210670692059,6.062927911702,11.91));
#4104 = CARTESIAN_POINT('',(-0.163296520097,6.064265313085,11.91));
#4105 = CARTESIAN_POINT('',(0.276355402633,6.072667690185,11.91));
#4106 = CARTESIAN_POINT('',(0.669224512666,6.050566406246,11.91));
#4107 = CARTESIAN_POINT('',(1.059953795581,5.998805804087,11.91));
#4108 = CARTESIAN_POINT('',(1.445868878493,5.917654612436,11.91));
#4109 = CARTESIAN_POINT('',(1.824353180451,5.807663104013,11.91));
#4110 = CARTESIAN_POINT('',(2.192850791708,5.669662368547,11.91));
#4111 = CARTESIAN_POINT('',(2.768909799354,5.40293115176,11.91));
#4112 = CARTESIAN_POINT('',(2.984191673646,5.290789163332,11.91));
#4113 = CARTESIAN_POINT('',(3.194146528658,5.168653521734,11.91));
#4114 = CARTESIAN_POINT('',(3.398219482215,5.036829909813,11.91));
#4115 = CARTESIAN_POINT('',(3.595879593751,4.895661309888,11.91));
#4116 = CARTESIAN_POINT('',(3.78662008234,4.745527860668,11.91));
#4117 = CARTESIAN_POINT('',(4.30988277638,4.292639126251,11.91));
#4118 = CARTESIAN_POINT('',(4.624417750425,3.969000093047,11.91));
#4119 = CARTESIAN_POINT('',(4.91041485598,3.618629969464,11.91));
#4120 = CARTESIAN_POINT('',(5.165210694346,3.244573574934,11.91));
#4121 = CARTESIAN_POINT('',(5.386541664995,2.850153193314,11.91));
#4122 = CARTESIAN_POINT('',(5.572548525976,2.438963151813,11.91));
#4123 = CARTESIAN_POINT('',(5.819330343505,1.738166337326,11.91));
#4124 = CARTESIAN_POINT('',(5.901174793119,1.455899549302,11.91));
#4125 = CARTESIAN_POINT('',(5.967025749622,1.169195791648,11.91));
#4126 = CARTESIAN_POINT('',(6.016603926052,0.879142828081,11.91));
#4127 = CARTESIAN_POINT('',(6.049720750228,0.586844089668,11.91));
#4128 = CARTESIAN_POINT('',(6.0662784,0.293418207835,11.91));
#4129 = CARTESIAN_POINT('',(6.0662784,-1.554312234475E-15,11.91));
#4130 = PCURVE('',#699,#4131);
#4131 = DEFINITIONAL_REPRESENTATION('',(#4132),#4290);
#4132 = B_SPLINE_CURVE_WITH_KNOTS('',3,(#4133,#4134,#4135,#4136,#4137,
    #4138,#4139,#4140,#4141,#4142,#4143,#4144,#4145,#4146,#4147,#4148,
    #4149,#4150,#4151,#4152,#4153,#4154,#4155,#4156,#4157,#4158,#4159,
    #4160,#4161,#4162,#4163,#4164,#4165,#4166,#4167,#4168,#4169,#4170,
    #4171,#4172,#4173,#4174,#4175,#4176,#4177,#4178,#4179,#4180,#4181,
    #4182,#4183,#4184,#4185,#4186,#4187,#4188,#4189,#4190,#4191,#4192,
    #4193,#4194,#4195,#4196,#4197,#4198,#4199,#4200,#4201,#4202,#4203,
    #4204,#4205,#4206,#4207,#4208,#4209,#4210,#4211,#4212,#4213,#4214,
    #4215,#4216,#4217,#4218,#4219,#4220,#4221,#4222,#4223,#4224,#4225,
    #4226,#4227,#4228,#4229,#4230,#4231,#4232,#4233,#4234,#4235,#4236,
    #4237,#4238,#4239,#4240,#4241,#4242,#4243,#4244,#4245,#4246,#4247,
    #4248,#4249,#4250,#4251,#4252,#4253,#4254,#4255,#4256,#4257,#4258,
    #4259,#4260,#4261,#4262,#4263,#4264,#4265,#4266,#4267,#4268,#4269,
    #4270,#4271,#4272,#4273,#4274,#4275,#4276,#4277,#4278,#4279,#4280,
    #4281,#4282,#4283,#4284,#4285,#4286,#4287,#4288,#4289),
  .UNSPECIFIED.,.T.,.F.,(4,1,1,1,1,1,1,1,1,1,1,1,1,1,1,1,1,1,1,1,1,1,1,1
    ,1,1,1,1,1,1,1,1,1,1,1,1,1,1,1,1,1,1,1,1,1,1,1,1,1,1,1,1,1,1,1,1,1,1
    ,1,1,1,1,1,1,1,1,1,1,1,1,1,1,1,1,1,1,1,1,1,1,1,1,1,1,1,1,1,1,1,1,1,1
    ,1,1,1,1,1,1,1,1,1,1,1,1,1,1,1,1,1,1,1,1,1,1,1,1,1,1,1,1,1,1,1,1,1,1
    ,1,1,1,1,1,1,1,1,1,1,1,1,1,1,1,1,1,1,1,1,1,1,1,1,1,1,1,1,4),(0.,
    1.400663782088E-02,2.801327564176E-02,4.201991346264E-02,
    5.602655128353E-02,7.003318910441E-02,8.403982692529E-02,
    9.804646474617E-02,0.112053102567,0.126059740388,0.140066378209,
    0.15407301603,0.168079653851,0.182086291671,0.196092929492,
    0.210099567313,0.224106205134,0.238112842955,0.252119480776,
    0.266126118597,0.280132756418,0.294139394239,0.308146032059,
    0.32215266988,0.336159307701,0.350165945522,0.364172583343,
    0.378179221164,0.392185858985,0.406192496806,0.420199134626,
    0.434205772447,0.448212410268,0.462219048089,0.47622568591,
    0.490232323731,0.504238961552,0.518245599373,0.532252237193,
    0.546258875014,0.560265512835,0.574272150656,0.588278788477,
    0.602285426298,0.616292064119,0.63029870194,0.644305339761,
    0.658311977581,0.672318615402,0.686325253223,0.700331891044,
    0.714338528865,0.728345166686,0.742351804507,0.756358442328,
    0.770365080148,0.784371717969,0.79837835579,0.812384993611,
    0.826391631432,0.840398269253,0.854404907074,0.868411544895,
    0.882418182716,0.896424820536,0.910431458357,0.924438096178,
    0.938444733999,0.95245137182,0.966458009641,0.980464647462,
    0.994471285283,1.008477923103,1.022484560924,1.036491198745,
    1.050497836566,1.064504474387,1.078511112208,1.092517750029,
    1.10652438785,1.120531025671,1.134537663491,1.148544301312,
    1.162550939133,1.176557576954,1.190564214775,1.204570852596,
    1.218577490417,1.232584128238,1.246590766058,1.260597403879,
    1.2746040417,1.288610679521,1.302617317342,1.316623955163,
    1.330630592984,1.344637230805,1.358643868625,1.372650506446,
    1.386657144267,1.400663782088,1.414670419909,1.42867705773,
    1.442683695551,1.456690333372,1.470696971193,1.484703609013,
    1.498710246834,1.512716884655,1.526723522476,1.540730160297,
    1.554736798118,1.568743435939,1.58275007376,1.59675671158,
    1.610763349401,1.624769987222,1.638776625043,1.652783262864,
    1.666789900685,1.680796538506,1.694803176327,1.708809814148,
    1.722816451968,1.736823089789,1.75082972761,1.764836365431,
    1.778843003252,1.792849641073,1.806856278894,1.820862916715,
    1.834869554535,1.848876192356,1.862882830177,1.876889467998,
    1.890896105819,1.90490274364,1.918909381461,1.932916019282,
    1.946922657102,1.960929294923,1.974935932744,1.988942570565,
    2.002949208386,2.016955846207,2.030962484028,2.044969121849,
    2.05897575967,2.07298239749,2.086989035311,2.100995673132,
    2.115002310953,2.129008948774,2.143015586595,2.157022224416),
  .QUASI_UNIFORM_KNOTS.);
#4133 = CARTESIAN_POINT('',(2.5419327512,5.508029361213));
#4134 = CARTESIAN_POINT('',(2.467027910727,5.542599362563));
#4135 = CARTESIAN_POINT('',(2.315803683845,5.608679323293));
#4136 = CARTESIAN_POINT('',(2.085111169646,5.698469899617));
#4137 = CARTESIAN_POINT('',(1.850948420854,5.778775207264));
#4138 = CARTESIAN_POINT('',(1.613706713025,5.849462669962));
#4139 = CARTESIAN_POINT('',(1.373780663855,5.910414522983));
#4140 = CARTESIAN_POINT('',(1.131568633869,5.961529777996));
#4141 = CARTESIAN_POINT('',(0.88747257178,6.002723546921));
#4142 = CARTESIAN_POINT('',(0.641897855574,6.033927223027));
#4143 = CARTESIAN_POINT('',(0.395253875567,6.055088648368));
#4144 = CARTESIAN_POINT('',(0.147951823789,6.066172253167));
#4145 = CARTESIAN_POINT('',(-9.958691366515E-02,6.067160095789));
#4146 = CARTESIAN_POINT('',(-0.346983156526,6.058049725193));
#4147 = CARTESIAN_POINT('',(-0.593809735992,6.038854567431));
#4148 = CARTESIAN_POINT('',(-0.839649190118,6.009606679578));
#4149 = CARTESIAN_POINT('',(-1.084087966239,5.97035529572));
#4150 = CARTESIAN_POINT('',(-1.326717824615,5.921166451004));
#4151 = CARTESIAN_POINT('',(-1.567135360866,5.862122471157));
#4152 = CARTESIAN_POINT('',(-1.804942080228,5.79332165281));
#4153 = CARTESIAN_POINT('',(-2.039744374002,5.714878045695));
#4154 = CARTESIAN_POINT('',(-2.271153563872,5.626921366951));
#4155 = CARTESIAN_POINT('',(-2.498786001263,5.529597015319));
#4156 = CARTESIAN_POINT('',(-2.722263107731,5.423066283605));
#4157 = CARTESIAN_POINT('',(-2.941211825629,5.307506407895));
#4158 = CARTESIAN_POINT('',(-3.155263716567,5.183111800972));
#4159 = CARTESIAN_POINT('',(-3.364059288786,5.05009144145));
#4160 = CARTESIAN_POINT('',(-3.567232991898,4.908681184983));
#4161 = CARTESIAN_POINT('',(-3.764485920219,4.759089813238));
#4162 = CARTESIAN_POINT('',(-3.955480790574,4.601570116495));
#4163 = CARTESIAN_POINT('',(-4.139892610945,4.436389420859));
#4164 = CARTESIAN_POINT('',(-4.31741128048,4.263825545107));
#4165 = CARTESIAN_POINT('',(-4.487740312767,4.084167336235));
#4166 = CARTESIAN_POINT('',(-4.65059672748,3.897714076395));
#4167 = CARTESIAN_POINT('',(-4.805710758314,3.704775290984));
#4168 = CARTESIAN_POINT('',(-4.952825739915,3.50567054643));
#4169 = CARTESIAN_POINT('',(-5.091698074623,3.300729353911));
#4170 = CARTESIAN_POINT('',(-5.222097312537,3.090291125682));
#4171 = CARTESIAN_POINT('',(-5.343806309658,2.874705281083));
#4172 = CARTESIAN_POINT('',(-5.456621571266,2.654331167314));
#4173 = CARTESIAN_POINT('',(-5.560353386925,2.429539037431));
#4174 = CARTESIAN_POINT('',(-5.654827224262,2.200707450595));
#4175 = CARTESIAN_POINT('',(-5.739880906587,1.968234391815));
#4176 = CARTESIAN_POINT('',(-5.815382871934,1.732483539611));
#4177 = CARTESIAN_POINT('',(-5.881206365768,1.493849060284));
#4178 = CARTESIAN_POINT('',(-5.937241641244,1.252729340907));
#4179 = CARTESIAN_POINT('',(-5.983395588129,1.00952542092));
#4180 = CARTESIAN_POINT('',(-6.019591576133,0.764641314694));
#4181 = CARTESIAN_POINT('',(-6.045769405059,0.518483922673));
#4182 = CARTESIAN_POINT('',(-6.061885404582,0.271462835044));
#4183 = CARTESIAN_POINT('',(-6.067912620115,2.399111455049E-02));
#4184 = CARTESIAN_POINT('',(-6.06384129626,-0.223517591959));
#4185 = CARTESIAN_POINT('',(-6.049678275837,-0.470655064358));
#4186 = CARTESIAN_POINT('',(-6.025447172361,-0.717008867427));
#4187 = CARTESIAN_POINT('',(-5.99118811986,-0.962169990202));
#4188 = CARTESIAN_POINT('',(-5.94695890042,-1.205727666789));
#4189 = CARTESIAN_POINT('',(-5.892827651028,-1.447299473092));
#4190 = CARTESIAN_POINT('',(-5.82888564516,-1.686468976297));
#4191 = CARTESIAN_POINT('',(-5.755240572659,-1.922832081366));
#4192 = CARTESIAN_POINT('',(-5.672016277912,-2.155991633728));
#4193 = CARTESIAN_POINT('',(-5.579352128873,-2.385558594903));
#4194 = CARTESIAN_POINT('',(-5.477402629082,-2.611151531835));
#4195 = CARTESIAN_POINT('',(-5.366337108628,-2.83239663305));
#4196 = CARTESIAN_POINT('',(-5.246339538038,-3.048927658465));
#4197 = CARTESIAN_POINT('',(-5.117608453099,-3.260385982494));
#4198 = CARTESIAN_POINT('',(-4.98035699449,-3.466420685072));
#4199 = CARTESIAN_POINT('',(-4.834813058556,-3.666688712447));
#4200 = CARTESIAN_POINT('',(-4.681219569898,-3.860855065672));
#4201 = CARTESIAN_POINT('',(-4.519834836599,-4.048593163173));
#4202 = CARTESIAN_POINT('',(-4.350933134073,-4.229584833844));
#4203 = CARTESIAN_POINT('',(-4.174804972685,-4.403521968375));
#4204 = CARTESIAN_POINT('',(-3.991726441961,-4.570133536596));
#4205 = CARTESIAN_POINT('',(-3.802005612155,-4.729138531253));
#4206 = CARTESIAN_POINT('',(-3.605956860261,-4.880273816624));
#4207 = CARTESIAN_POINT('',(-3.403899769661,-5.023292111328));
#4208 = CARTESIAN_POINT('',(-3.196176852085,-5.157950180138));
#4209 = CARTESIAN_POINT('',(-2.983135399824,-5.284023030835));
#4210 = CARTESIAN_POINT('',(-2.76513077301,-5.401300586924));
#4211 = CARTESIAN_POINT('',(-2.54252528067,-5.509588193844));
#4212 = CARTESIAN_POINT('',(-2.315688305941,-5.60870625042));
#4213 = CARTESIAN_POINT('',(-2.084996191564,-5.698490222507));
#4214 = CARTESIAN_POINT('',(-1.850832170751,-5.778790719339));
#4215 = CARTESIAN_POINT('',(-1.613586686954,-5.84947365361));
#4216 = CARTESIAN_POINT('',(-1.373656443261,-5.910420720686));
#4217 = CARTESIAN_POINT('',(-1.131448474898,-5.961529234384));
#4218 = CARTESIAN_POINT('',(-0.887356941655,-6.002716600589));
#4219 = CARTESIAN_POINT('',(-0.641788958632,-6.033913993381));
#4220 = CARTESIAN_POINT('',(-0.395152928793,-6.055069559071));
#4221 = CARTESIAN_POINT('',(-0.147858894402,-6.066148097416));
#4222 = CARTESIAN_POINT('',(9.96804394649E-02,-6.067131196873));
#4223 = CARTESIAN_POINT('',(0.34705768354,-6.058017008242));
#4224 = CARTESIAN_POINT('',(0.593857263027,-6.038820562109));
#4225 = CARTESIAN_POINT('',(0.839667648433,-6.009573975066));
#4226 = CARTESIAN_POINT('',(1.084079900761,-5.970326005233));
#4227 = CARTESIAN_POINT('',(1.32668811216,-5.921141875443));
#4228 = CARTESIAN_POINT('',(1.567089086383,-5.86210327894));
#4229 = CARTESIAN_POINT('',(1.804883304636,-5.793308177548));
#4230 = CARTESIAN_POINT('',(2.039671650127,-5.714872037612));
#4231 = CARTESIAN_POINT('',(2.271067952393,-5.626924312596));
#4232 = CARTESIAN_POINT('',(2.498717825349,-5.529596822489));
#4233 = CARTESIAN_POINT('',(2.722216700023,-5.423059130569));
#4234 = CARTESIAN_POINT('',(2.941186143739,-5.307491048811));
#4235 = CARTESIAN_POINT('',(3.155255584377,-5.183088101358));
#4236 = CARTESIAN_POINT('',(3.364066740277,-5.050059278542));
#4237 = CARTESIAN_POINT('',(3.567272053649,-4.908626989753));
#4238 = CARTESIAN_POINT('',(3.764534821272,-4.759026557746));
#4239 = CARTESIAN_POINT('',(3.955528964083,-4.601505963727));
#4240 = CARTESIAN_POINT('',(4.139938989977,-4.436325651215));
#4241 = CARTESIAN_POINT('',(4.317460005471,-4.263758435451));
#4242 = CARTESIAN_POINT('',(4.487797813634,-4.084089511557));
#4243 = CARTESIAN_POINT('',(4.650669107328,-3.897616530236));
#4244 = CARTESIAN_POINT('',(4.805801698342,-3.704649861222));
#4245 = CARTESIAN_POINT('',(4.952935025123,-3.505512583499));
#4246 = CARTESIAN_POINT('',(5.091820041697,-3.300541914793));
#4247 = CARTESIAN_POINT('',(5.222221848605,-3.090085680087));
#4248 = CARTESIAN_POINT('',(5.343912533911,-2.874517696433));
#4249 = CARTESIAN_POINT('',(5.456707277732,-2.654171430959));
#4250 = CARTESIAN_POINT('',(5.560423643378,-2.429402372928));
#4251 = CARTESIAN_POINT('',(5.654887879411,-2.200585081935));
#4252 = CARTESIAN_POINT('',(5.739940247948,-1.968105621048));
#4253 = CARTESIAN_POINT('',(5.815438908937,-1.732352136534));
#4254 = CARTESIAN_POINT('',(5.881258357764,-1.493717200152));
#4255 = CARTESIAN_POINT('',(5.937289481101,-1.252597041172));
#4256 = CARTESIAN_POINT('',(5.983439341477,-1.009391660502));
#4257 = CARTESIAN_POINT('',(6.019631197945,-0.764504700955));
#4258 = CARTESIAN_POINT('',(6.0458046232,-0.518343584638));
#4259 = CARTESIAN_POINT('',(6.061915768637,-0.271318998994));
#4260 = CARTESIAN_POINT('',(6.067937711307,-2.384689400187E-02));
#4261 = CARTESIAN_POINT('',(6.063861095649,0.223658741394));
#4262 = CARTESIAN_POINT('',(6.049692873484,0.470794819636));
#4263 = CARTESIAN_POINT('',(6.025456668038,0.717146363614));
#4264 = CARTESIAN_POINT('',(5.991192756151,0.962304377783));
#4265 = CARTESIAN_POINT('',(5.946958161404,1.205860952789));
#4266 = CARTESIAN_POINT('',(5.89282625554,1.447411896874));
#4267 = CARTESIAN_POINT('',(5.828888222953,1.686551368045));
#4268 = CARTESIAN_POINT('',(5.755247561713,1.922890989155));
#4269 = CARTESIAN_POINT('',(5.672025315572,2.156038649783));
#4270 = CARTESIAN_POINT('',(5.579362369088,2.385597921516));
#4271 = CARTESIAN_POINT('',(5.477413885205,2.611184891243));
#4272 = CARTESIAN_POINT('',(5.366350193071,2.832423370589));
#4273 = CARTESIAN_POINT('',(5.246356088134,3.048945984291));
#4274 = CARTESIAN_POINT('',(5.117630701777,3.260393764898));
#4275 = CARTESIAN_POINT('',(4.980387349433,3.466416241281));
#4276 = CARTESIAN_POINT('',(4.834853564292,3.666671443647));
#4277 = CARTESIAN_POINT('',(4.681271079503,3.860826146905));
#4278 = CARTESIAN_POINT('',(4.519896500468,4.048555642632));
#4279 = CARTESIAN_POINT('',(4.350999938311,4.229545557207));
#4280 = CARTESIAN_POINT('',(4.174871778943,4.403486356072));
#4281 = CARTESIAN_POINT('',(3.991795144394,4.570099718523));
#4282 = CARTESIAN_POINT('',(3.802074675531,4.729107974823));
#4283 = CARTESIAN_POINT('',(3.606027517795,4.880245398698));
#4284 = CARTESIAN_POINT('',(3.403979720305,5.023260804602));
#4285 = CARTESIAN_POINT('',(3.196266936632,5.157916530633));
#4286 = CARTESIAN_POINT('',(2.983234456162,5.283989101222));
#4287 = CARTESIAN_POINT('',(2.765236065754,5.40126744921));
#4288 = CARTESIAN_POINT('',(2.616837830945,5.473462406016));
#4289 = CARTESIAN_POINT('',(2.5419327512,5.508029361213));
#4290 = ( GEOMETRIC_REPRESENTATION_CONTEXT(2) 
PARAMETRIC_REPRESENTATION_CONTEXT() REPRESENTATION_CONTEXT('2D SPACE',''
  ) );
#4291 = PCURVE('',#4292,#4297);
#4292 = CYLINDRICAL_SURFACE('',#4293,6.0662784);
#4293 = AXIS2_PLACEMENT_3D('',#4294,#4295,#4296);
#4294 = CARTESIAN_POINT('',(0.,0.,11.49315));
#4295 = DIRECTION('',(0.,0.,1.));
#4296 = DIRECTION('',(1.,0.,0.));
#4297 = DEFINITIONAL_REPRESENTATION('',(#4298),#4456);
#4298 = B_SPLINE_CURVE_WITH_KNOTS('',3,(#4299,#4300,#4301,#4302,#4303,
    #4304,#4305,#4306,#4307,#4308,#4309,#4310,#4311,#4312,#4313,#4314,
    #4315,#4316,#4317,#4318,#4319,#4320,#4321,#4322,#4323,#4324,#4325,
    #4326,#4327,#4328,#4329,#4330,#4331,#4332,#4333,#4334,#4335,#4336,
    #4337,#4338,#4339,#4340,#4341,#4342,#4343,#4344,#4345,#4346,#4347,
    #4348,#4349,#4350,#4351,#4352,#4353,#4354,#4355,#4356,#4357,#4358,
    #4359,#4360,#4361,#4362,#4363,#4364,#4365,#4366,#4367,#4368,#4369,
    #4370,#4371,#4372,#4373,#4374,#4375,#4376,#4377,#4378,#4379,#4380,
    #4381,#4382,#4383,#4384,#4385,#4386,#4387,#4388,#4389,#4390,#4391,
    #4392,#4393,#4394,#4395,#4396,#4397,#4398,#4399,#4400,#4401,#4402,
    #4403,#4404,#4405,#4406,#4407,#4408,#4409,#4410,#4411,#4412,#4413,
    #4414,#4415,#4416,#4417,#4418,#4419,#4420,#4421,#4422,#4423,#4424,
    #4425,#4426,#4427,#4428,#4429,#4430,#4431,#4432,#4433,#4434,#4435,
    #4436,#4437,#4438,#4439,#4440,#4441,#4442,#4443,#4444,#4445,#4446,
    #4447,#4448,#4449,#4450,#4451,#4452,#4453,#4454,#4455),
  .UNSPECIFIED.,.F.,.F.,(4,1,1,1,1,1,1,1,1,1,1,1,1,1,1,1,1,1,1,1,1,1,1,1
    ,1,1,1,1,1,1,1,1,1,1,1,1,1,1,1,1,1,1,1,1,1,1,1,1,1,1,1,1,1,1,1,1,1,1
    ,1,1,1,1,1,1,1,1,1,1,1,1,1,1,1,1,1,1,1,1,1,1,1,1,1,1,1,1,1,1,1,1,1,1
    ,1,1,1,1,1,1,1,1,1,1,1,1,1,1,1,1,1,1,1,1,1,1,1,1,1,1,1,1,1,1,1,1,1,1
    ,1,1,1,1,1,1,1,1,1,1,1,1,1,1,1,1,1,1,1,1,1,1,1,1,1,1,1,1,4),(0.,
    1.400663782088E-02,2.801327564176E-02,4.201991346264E-02,
    5.602655128353E-02,7.003318910441E-02,8.403982692529E-02,
    9.804646474617E-02,0.112053102567,0.126059740388,0.140066378209,
    0.15407301603,0.168079653851,0.182086291671,0.196092929492,
    0.210099567313,0.224106205134,0.238112842955,0.252119480776,
    0.266126118597,0.280132756418,0.294139394239,0.308146032059,
    0.32215266988,0.336159307701,0.350165945522,0.364172583343,
    0.378179221164,0.392185858985,0.406192496806,0.420199134626,
    0.434205772447,0.448212410268,0.462219048089,0.47622568591,
    0.490232323731,0.504238961552,0.518245599373,0.532252237193,
    0.546258875014,0.560265512835,0.574272150656,0.588278788477,
    0.602285426298,0.616292064119,0.63029870194,0.644305339761,
    0.658311977581,0.672318615402,0.686325253223,0.700331891044,
    0.714338528865,0.728345166686,0.742351804507,0.756358442328,
    0.770365080148,0.784371717969,0.79837835579,0.812384993611,
    0.826391631432,0.840398269253,0.854404907074,0.868411544895,
    0.882418182716,0.896424820536,0.910431458357,0.924438096178,
    0.938444733999,0.95245137182,0.966458009641,0.980464647462,
    0.994471285283,1.008477923103,1.022484560924,1.036491198745,
    1.050497836566,1.064504474387,1.078511112208,1.092517750029,
    1.10652438785,1.120531025671,1.134537663491,1.148544301312,
    1.162550939133,1.176557576954,1.190564214775,1.204570852596,
    1.218577490417,1.232584128238,1.246590766058,1.260597403879,
    1.2746040417,1.288610679521,1.302617317342,1.316623955163,
    1.330630592984,1.344637230805,1.358643868625,1.372650506446,
    1.386657144267,1.400663782088,1.414670419909,1.42867705773,
    1.442683695551,1.456690333372,1.470696971193,1.484703609013,
    1.498710246834,1.512716884655,1.526723522476,1.540730160297,
    1.554736798118,1.568743435939,1.58275007376,1.59675671158,
    1.610763349401,1.624769987222,1.638776625043,1.652783262864,
    1.666789900685,1.680796538506,1.694803176327,1.708809814148,
    1.722816451968,1.736823089789,1.75082972761,1.764836365431,
    1.778843003252,1.792849641073,1.806856278894,1.820862916715,
    1.834869554535,1.848876192356,1.862882830177,1.876889467998,
    1.890896105819,1.90490274364,1.918909381461,1.932916019282,
    1.946922657102,1.960929294923,1.974935932744,1.988942570565,
    2.002949208386,2.016955846207,2.030962484028,2.044969121849,
    2.05897575967,2.07298239749,2.086989035311,2.100995673132,
    2.115002310953,2.129008948774,2.143015586595,2.157022224416),
  .QUASI_UNIFORM_KNOTS.);
#4299 = CARTESIAN_POINT('',(6.28318530718,0.41685));
#4300 = CARTESIAN_POINT('',(6.269585997156,0.41685));
#4301 = CARTESIAN_POINT('',(6.242386986264,0.41685));
#4302 = CARTESIAN_POINT('',(6.201587847623,0.41685));
#4303 = CARTESIAN_POINT('',(6.160788788843,0.41685));
#4304 = CARTESIAN_POINT('',(6.119989980343,0.41685));
#4305 = CARTESIAN_POINT('',(6.079191396121,0.41685));
#4306 = CARTESIAN_POINT('',(6.038392862494,0.41685));
#4307 = CARTESIAN_POINT('',(5.997594185041,0.41685));
#4308 = CARTESIAN_POINT('',(5.9567952211,0.41685));
#4309 = CARTESIAN_POINT('',(5.91599608544,0.41685));
#4310 = CARTESIAN_POINT('',(5.875196893229,0.41685));
#4311 = CARTESIAN_POINT('',(5.834399257677,0.41685));
#4312 = CARTESIAN_POINT('',(5.793597770088,0.41685));
#4313 = CARTESIAN_POINT('',(5.752794958094,0.41685));
#4314 = CARTESIAN_POINT('',(5.711991905295,0.41685));
#4315 = CARTESIAN_POINT('',(5.671189332142,0.41685));
#4316 = CARTESIAN_POINT('',(5.630387477938,0.41685));
#4317 = CARTESIAN_POINT('',(5.589586285725,0.41685));
#4318 = CARTESIAN_POINT('',(5.548785491542,0.41685));
#4319 = CARTESIAN_POINT('',(5.507984728516,0.41685));
#4320 = CARTESIAN_POINT('',(5.46718362239,0.41685));
#4321 = CARTESIAN_POINT('',(5.426381882848,0.41685));
#4322 = CARTESIAN_POINT('',(5.385579418491,0.41685));
#4323 = CARTESIAN_POINT('',(5.344776381645,0.41685));
#4324 = CARTESIAN_POINT('',(5.303973511774,0.41685));
#4325 = CARTESIAN_POINT('',(5.263171416442,0.41685));
#4326 = CARTESIAN_POINT('',(5.222373883702,0.41685));
#4327 = CARTESIAN_POINT('',(5.181573096874,0.41685));
#4328 = CARTESIAN_POINT('',(5.140770615276,0.41685));
#4329 = CARTESIAN_POINT('',(5.099967868607,0.41685));
#4330 = CARTESIAN_POINT('',(5.05916555115,0.41685));
#4331 = CARTESIAN_POINT('',(5.018363958328,0.41685));
#4332 = CARTESIAN_POINT('',(4.977563052063,0.41685));
#4333 = CARTESIAN_POINT('',(4.936762583872,0.41685));
#4334 = CARTESIAN_POINT('',(4.895962191442,0.41685));
#4335 = CARTESIAN_POINT('',(4.855161496711,0.41685));
#4336 = CARTESIAN_POINT('',(4.814360198734,0.41685));
#4337 = CARTESIAN_POINT('',(4.773558182113,0.41685));
#4338 = CARTESIAN_POINT('',(4.732755586648,0.41685));
#4339 = CARTESIAN_POINT('',(4.691953056266,0.41685));
#4340 = CARTESIAN_POINT('',(4.651151369748,0.41685));
#4341 = CARTESIAN_POINT('',(4.610353443763,0.41685));
#4342 = CARTESIAN_POINT('',(4.569555114106,0.41685));
#4343 = CARTESIAN_POINT('',(4.528756724113,0.41685));
#4344 = CARTESIAN_POINT('',(4.487958477657,0.41685));
#4345 = CARTESIAN_POINT('',(4.447160330856,0.41685));
#4346 = CARTESIAN_POINT('',(4.40636215927,0.41685));
#4347 = CARTESIAN_POINT('',(4.365563857194,0.41685));
#4348 = CARTESIAN_POINT('',(4.324765414188,0.41685));
#4349 = CARTESIAN_POINT('',(4.283967153592,0.41685));
#4350 = CARTESIAN_POINT('',(4.24316937075,0.41685));
#4351 = CARTESIAN_POINT('',(4.202371457899,0.41685));
#4352 = CARTESIAN_POINT('',(4.161573605442,0.41685));
#4353 = CARTESIAN_POINT('',(4.12077564881,0.41685));
#4354 = CARTESIAN_POINT('',(4.079978060306,0.41685));
#4355 = CARTESIAN_POINT('',(4.039176959823,0.41685));
#4356 = CARTESIAN_POINT('',(3.998374700483,0.41685));
#4357 = CARTESIAN_POINT('',(3.957572286477,0.41685));
#4358 = CARTESIAN_POINT('',(3.916770363435,0.41685));
#4359 = CARTESIAN_POINT('',(3.875969121697,0.41685));
#4360 = CARTESIAN_POINT('',(3.835168473253,0.41685));
#4361 = CARTESIAN_POINT('',(3.794368141581,0.41685));
#4362 = CARTESIAN_POINT('',(3.753567765288,0.41685));
#4363 = CARTESIAN_POINT('',(3.712766992912,0.41685));
#4364 = CARTESIAN_POINT('',(3.671965579976,0.41685));
#4365 = CARTESIAN_POINT('',(3.631163488543,0.41685));
#4366 = CARTESIAN_POINT('',(3.590360999045,0.41685));
#4367 = CARTESIAN_POINT('',(3.549558816215,0.41685));
#4368 = CARTESIAN_POINT('',(3.508758251951,0.41685));
#4369 = CARTESIAN_POINT('',(3.467961189911,0.41685));
#4370 = CARTESIAN_POINT('',(3.427163493545,0.41685));
#4371 = CARTESIAN_POINT('',(3.38636599149,0.41685));
#4372 = CARTESIAN_POINT('',(3.3455683532,0.41685));
#4373 = CARTESIAN_POINT('',(3.30476927733,0.41685));
#4374 = CARTESIAN_POINT('',(3.263970096819,0.41685));
#4375 = CARTESIAN_POINT('',(3.223171105439,0.41685));
#4376 = CARTESIAN_POINT('',(3.182372435575,0.41685));
#4377 = CARTESIAN_POINT('',(3.141573969868,0.41685));
#4378 = CARTESIAN_POINT('',(3.100775500643,0.41685));
#4379 = CARTESIAN_POINT('',(3.059976821348,0.41685));
#4380 = CARTESIAN_POINT('',(3.01917782048,0.41685));
#4381 = CARTESIAN_POINT('',(2.978378633699,0.41685));
#4382 = CARTESIAN_POINT('',(2.937579582757,0.41685));
#4383 = CARTESIAN_POINT('',(2.896781952298,0.41685));
#4384 = CARTESIAN_POINT('',(2.85598421708,0.41685));
#4385 = CARTESIAN_POINT('',(2.815186531758,0.41685));
#4386 = CARTESIAN_POINT('',(2.77438884971,0.41685));
#4387 = CARTESIAN_POINT('',(2.733591103092,0.41685));
#4388 = CARTESIAN_POINT('',(2.692793483307,0.41685));
#4389 = CARTESIAN_POINT('',(2.651995237289,0.41685));
#4390 = CARTESIAN_POINT('',(2.611197004264,0.41685));
#4391 = CARTESIAN_POINT('',(2.570398917068,0.41685));
#4392 = CARTESIAN_POINT('',(2.529600954288,0.41685));
#4393 = CARTESIAN_POINT('',(2.488802976119,0.41685));
#4394 = CARTESIAN_POINT('',(2.448004888252,0.41685));
#4395 = CARTESIAN_POINT('',(2.407206589971,0.41685));
#4396 = CARTESIAN_POINT('',(2.366408659338,0.41685));
#4397 = CARTESIAN_POINT('',(2.325610329666,0.41685));
#4398 = CARTESIAN_POINT('',(2.284806010258,0.41685));
#4399 = CARTESIAN_POINT('',(2.244000075279,0.41685));
#4400 = CARTESIAN_POINT('',(2.203193638041,0.41685));
#4401 = CARTESIAN_POINT('',(2.162387814635,0.41685));
#4402 = CARTESIAN_POINT('',(2.12158302622,0.41685));
#4403 = CARTESIAN_POINT('',(2.080779344463,0.41685));
#4404 = CARTESIAN_POINT('',(2.039976542161,0.41685));
#4405 = CARTESIAN_POINT('',(1.999174210859,0.41685));
#4406 = CARTESIAN_POINT('',(1.95837185222,0.41685));
#4407 = CARTESIAN_POINT('',(1.917568971554,0.41685));
#4408 = CARTESIAN_POINT('',(1.876765171304,0.41685));
#4409 = CARTESIAN_POINT('',(1.835960243338,0.41685));
#4410 = CARTESIAN_POINT('',(1.795154285462,0.41685));
#4411 = CARTESIAN_POINT('',(1.754347759718,0.41685));
#4412 = CARTESIAN_POINT('',(1.713541814049,0.41685));
#4413 = CARTESIAN_POINT('',(1.672737679479,0.41685));
#4414 = CARTESIAN_POINT('',(1.631939587002,0.41685));
#4415 = CARTESIAN_POINT('',(1.591142464882,0.41685));
#4416 = CARTESIAN_POINT('',(1.550344275763,0.41685));
#4417 = CARTESIAN_POINT('',(1.50954517187,0.41685));
#4418 = CARTESIAN_POINT('',(1.468746112629,0.41685));
#4419 = CARTESIAN_POINT('',(1.427947306823,0.41685));
#4420 = CARTESIAN_POINT('',(1.387148783613,0.41685));
#4421 = CARTESIAN_POINT('',(1.346350381403,0.41685));
#4422 = CARTESIAN_POINT('',(1.305551886316,0.41685));
#4423 = CARTESIAN_POINT('',(1.264753119511,0.41685));
#4424 = CARTESIAN_POINT('',(1.223954066249,0.41685));
#4425 = CARTESIAN_POINT('',(1.183154897758,0.41685));
#4426 = CARTESIAN_POINT('',(1.142356410532,0.41685));
#4427 = CARTESIAN_POINT('',(1.101558954292,0.41685));
#4428 = CARTESIAN_POINT('',(1.060761076415,0.41685));
#4429 = CARTESIAN_POINT('',(1.01996338669,0.41685));
#4430 = CARTESIAN_POINT('',(0.979165720406,0.41685));
#4431 = CARTESIAN_POINT('',(0.938368061468,0.41685));
#4432 = CARTESIAN_POINT('',(0.897570214629,0.41685));
#4433 = CARTESIAN_POINT('',(0.856772838638,0.41685));
#4434 = CARTESIAN_POINT('',(0.815974277631,0.41685));
#4435 = CARTESIAN_POINT('',(0.775174261256,0.41685));
#4436 = CARTESIAN_POINT('',(0.734374219935,0.41685));
#4437 = CARTESIAN_POINT('',(0.693574488687,0.41685));
#4438 = CARTESIAN_POINT('',(0.652775218983,0.41685));
#4439 = CARTESIAN_POINT('',(0.611976281472,0.41685));
#4440 = CARTESIAN_POINT('',(0.571177428372,0.41685));
#4441 = CARTESIAN_POINT('',(0.530378377035,0.41685));
#4442 = CARTESIAN_POINT('',(0.489578920854,0.41685));
#4443 = CARTESIAN_POINT('',(0.448779003059,0.41685));
#4444 = CARTESIAN_POINT('',(0.407978927,0.41685));
#4445 = CARTESIAN_POINT('',(0.367179094505,0.41685));
#4446 = CARTESIAN_POINT('',(0.326381552813,0.41685));
#4447 = CARTESIAN_POINT('',(0.285583836655,0.41685));
#4448 = CARTESIAN_POINT('',(0.244785987556,0.41685));
#4449 = CARTESIAN_POINT('',(0.203988300102,0.41685));
#4450 = CARTESIAN_POINT('',(0.163190713929,0.41685));
#4451 = CARTESIAN_POINT('',(0.122393114696,0.41685));
#4452 = CARTESIAN_POINT('',(8.159539941442E-02,0.41685));
#4453 = CARTESIAN_POINT('',(4.079755622586E-02,0.41685));
#4454 = CARTESIAN_POINT('',(1.359913529295E-02,0.41685));
#4455 = CARTESIAN_POINT('',(0.,0.41685));
#4456 = ( GEOMETRIC_REPRESENTATION_CONTEXT(2) 
PARAMETRIC_REPRESENTATION_CONTEXT() REPRESENTATION_CONTEXT('2D SPACE',''
  ) );
#4457 = ORIENTED_EDGE('',*,*,#4458,.F.);
#4458 = EDGE_CURVE('',#4459,#4008,#4461,.T.);
#4459 = VERTEX_POINT('',#4460);
#4460 = CARTESIAN_POINT('',(-0.2976,-6.058974142933,11.91));
#4461 = SURFACE_CURVE('',#4462,(#4579,#4740),.PCURVE_S1.);
#4462 = B_SPLINE_CURVE_WITH_KNOTS('',7,(#4463,#4464,#4465,#4466,#4467,
    #4468,#4469,#4470,#4471,#4472,#4473,#4474,#4475,#4476,#4477,#4478,
    #4479,#4480,#4481,#4482,#4483,#4484,#4485,#4486,#4487,#4488,#4489,
    #4490,#4491,#4492,#4493,#4494,#4495,#4496,#4497,#4498,#4499,#4500,
    #4501,#4502,#4503,#4504,#4505,#4506,#4507,#4508,#4509,#4510,#4511,
    #4512,#4513,#4514,#4515,#4516,#4517,#4518,#4519,#4520,#4521,#4522,
    #4523,#4524,#4525,#4526,#4527,#4528,#4529,#4530,#4531,#4532,#4533,
    #4534,#4535,#4536,#4537,#4538,#4539,#4540,#4541,#4542,#4543,#4544,
    #4545,#4546,#4547,#4548,#4549,#4550,#4551,#4552,#4553,#4554,#4555,
    #4556,#4557,#4558,#4559,#4560,#4561,#4562,#4563,#4564,#4565,#4566,
    #4567,#4568,#4569,#4570,#4571,#4572,#4573,#4574,#4575,#4576,#4577,
    #4578),.UNSPECIFIED.,.T.,.F.,(8,6,6,6,6,6,6,6,6,6,6,6,6,6,6,6,6,6,6,
    8),(0.,0.147881887786,0.359495070974,0.568889411137,0.687654269445,
    0.721055739435,0.73697068623,0.750314425815,0.956691243707,
    0.974836466643,1.,1.155981906082,1.226444549049,1.348426477665,
    1.592413289885,1.611187988377,1.766619896674,1.862678797588,
    2.040779713551,2.157022224416),.UNSPECIFIED.);
#4463 = CARTESIAN_POINT('',(6.0662784,-1.7763568394E-15,11.91));
#4464 = CARTESIAN_POINT('',(6.0662784,-0.373286497014,11.91));
#4465 = CARTESIAN_POINT('',(6.0394799572,-0.746599134401,11.91));
#4466 = CARTESIAN_POINT('',(5.985876563327,-1.117583064882,11.91));
#4467 = CARTESIAN_POINT('',(5.905729067558,-1.48393878886,11.91));
#4468 = CARTESIAN_POINT('',(5.799529689407,-1.843416410307,11.91));
#4469 = CARTESIAN_POINT('',(5.668001505906,-2.193817689803,11.91));
#4470 = CARTESIAN_POINT('',(5.289092283588,-3.018370916935,11.91));
#4471 = CARTESIAN_POINT('',(5.016125949061,-3.480960695452,11.91));
#4472 = CARTESIAN_POINT('',(4.696127157487,-3.914355391748,11.91));
#4473 = CARTESIAN_POINT('',(4.332929705822,-4.312947048334,11.91));
#4474 = CARTESIAN_POINT('',(3.931071936926,-4.671753952637,11.91));
#4475 = CARTESIAN_POINT('',(3.49578312572,-4.986437317846,11.91));
#4476 = CARTESIAN_POINT('',(2.575452815659,-5.517802779306,11.91));
#4477 = CARTESIAN_POINT('',(2.090719966387,-5.735628530708,11.91));
#4478 = CARTESIAN_POINT('',(1.584876851063,-5.903543234618,11.91));
#4479 = CARTESIAN_POINT('',(1.06409169179,-6.019249260103,11.91));
#4480 = CARTESIAN_POINT('',(0.534737641239,-6.081331561349,11.91));
#4481 = CARTESIAN_POINT('',(3.373445638566E-03,-6.089260665839,11.91));
#4482 = CARTESIAN_POINT('',(-0.821886229292,-6.017816046838,11.91));
#4483 = CARTESIAN_POINT('',(-1.119075909032,-5.974738562507,11.91));
#4484 = CARTESIAN_POINT('',(-1.413576738742,-5.914542965439,11.91));
#4485 = CARTESIAN_POINT('',(-1.704209304511,-5.837438511627,11.91));
#4486 = CARTESIAN_POINT('',(-1.9898196358,-5.743731343437,11.91));
#4487 = CARTESIAN_POINT('',(-2.269279716731,-5.633824343519,11.91));
#4488 = CARTESIAN_POINT('',(-2.618047198711,-5.472903355724,11.91));
#4489 = CARTESIAN_POINT('',(-2.694031111954,-5.436338805968,11.91));
#4490 = CARTESIAN_POINT('',(-2.769418094217,-5.39854403643,11.91));
#4491 = CARTESIAN_POINT('',(-2.844184265439,-5.359530777804,11.91));
#4492 = CARTESIAN_POINT('',(-2.918306044959,-5.319311334542,11.91));
#4493 = CARTESIAN_POINT('',(-2.991760151517,-5.277898584848,11.91));
#4494 = CARTESIAN_POINT('',(-3.09919352836,-5.21501169336,11.91));
#4495 = CARTESIAN_POINT('',(-3.133706659004,-5.194449544237,11.91));
#4496 = CARTESIAN_POINT('',(-3.16806051117,-5.173620987363,11.91));
#4497 = CARTESIAN_POINT('',(-3.202252618356,-5.152527505169,11.91));
#4498 = CARTESIAN_POINT('',(-3.23628053157,-5.131170608469,11.91));
#4499 = CARTESIAN_POINT('',(-3.270141819335,-5.10955183646,11.91));
#4500 = CARTESIAN_POINT('',(-3.332083020928,-5.069328445176,11.91));
#4501 = CARTESIAN_POINT('',(-3.360213142725,-5.050801141525,11.91));
#4502 = CARTESIAN_POINT('',(-3.388223010356,-5.032091769662,11.91));
#4503 = CARTESIAN_POINT('',(-3.416111210354,-5.013201267122,11.91));
#4504 = CARTESIAN_POINT('',(-3.44387633849,-4.994130585085,11.91));
#4505 = CARTESIAN_POINT('',(-3.471516999783,-4.974880688376,11.91));
#4506 = CARTESIAN_POINT('',(-3.924581080523,-4.654973351548,11.91));
#4507 = CARTESIAN_POINT('',(-4.320133811778,-4.311782882588,11.91));
#4508 = CARTESIAN_POINT('',(-4.680340840707,-3.929603743263,11.91));
#4509 = CARTESIAN_POINT('',(-5.000718713835,-3.512861172301,11.91));
#4510 = CARTESIAN_POINT('',(-5.277456584868,-3.066510518569,11.91));
#4511 = CARTESIAN_POINT('',(-5.507428591425,-2.596023819542,11.91));
#4512 = CARTESIAN_POINT('',(-5.704324247712,-2.064586241902,11.91));
#4513 = CARTESIAN_POINT('',(-5.719858459384,-2.021496822954,11.91));
#4514 = CARTESIAN_POINT('',(-5.735012862369,-1.978271235579,11.91));
#4515 = CARTESIAN_POINT('',(-5.749786027969,-1.934913498197,11.91));
#4516 = CARTESIAN_POINT('',(-5.764176580825,-1.891427647403,11.91));
#4517 = CARTESIAN_POINT('',(-5.778183198916,-1.847817737964,11.91));
#4518 = CARTESIAN_POINT('',(-5.810694594859,-1.743443855193,11.91));
#4519 = CARTESIAN_POINT('',(-5.82884376433,-1.68256910913,11.91));
#4520 = CARTESIAN_POINT('',(-5.846248737553,-1.621474470384,11.91));
#4521 = CARTESIAN_POINT('',(-5.862906331243,-1.560170859353,11.91));
#4522 = CARTESIAN_POINT('',(-5.878813563251,-1.498669251082,11.91));
#4523 = CARTESIAN_POINT('',(-5.893967652565,-1.436980675262,11.91));
#4524 = CARTESIAN_POINT('',(-5.997617582591,-0.991635243915,11.91));
#4525 = CARTESIAN_POINT('',(-6.057838868438,-0.601362435859,11.91));
#4526 = CARTESIAN_POINT('',(-6.088393241639,-0.206993518636,11.91));
#4527 = CARTESIAN_POINT('',(-6.088985419924,0.188771093383,11.91));
#4528 = CARTESIAN_POINT('',(-6.05961148761,0.583229279889,11.91));
#4529 = CARTESIAN_POINT('',(-6.000558692582,0.973680218986,11.91));
#4530 = CARTESIAN_POINT('',(-5.872655428626,1.530779838517,11.91));
#4531 = CARTESIAN_POINT('',(-5.826925867075,1.702771495037,11.91));
#4532 = CARTESIAN_POINT('',(-5.775322525492,1.873157883316,11.91));
#4533 = CARTESIAN_POINT('',(-5.717913729101,2.041698634925,11.91));
#4534 = CARTESIAN_POINT('',(-5.654779944836,2.208157513285,11.91));
#4535 = CARTESIAN_POINT('',(-5.586013781338,2.372302413666,11.91));
#4536 = CARTESIAN_POINT('',(-5.383105737535,2.813665511592,11.91));
#4537 = CARTESIAN_POINT('',(-5.23792081966,3.085818523855,11.91));
#4538 = CARTESIAN_POINT('',(-5.076711877228,3.349170419993,11.91));
#4539 = CARTESIAN_POINT('',(-4.900126878487,3.602596640067,11.91));
#4540 = CARTESIAN_POINT('',(-4.70890527533,3.845035955826,11.91));
#4541 = CARTESIAN_POINT('',(-4.503877656147,4.07549099622,11.91));
#4542 = CARTESIAN_POINT('',(-3.850128364775,4.72816510615,11.91));
#4543 = CARTESIAN_POINT('',(-3.362526819771,5.111885087378,11.91));
#4544 = CARTESIAN_POINT('',(-2.830820186148,5.436388246846,11.91));
#4545 = CARTESIAN_POINT('',(-2.263714175334,5.69591632782,11.91));
#4546 = CARTESIAN_POINT('',(-1.670573247875,5.886182999526,11.91));
#4547 = CARTESIAN_POINT('',(-1.061447223555,6.004361784581,11.91));
#4548 = CARTESIAN_POINT('',(-0.399990351861,6.053262529941,11.91));
#4549 = CARTESIAN_POINT('',(-0.352696428678,6.056325802762,11.91));
#4550 = CARTESIAN_POINT('',(-0.305375366642,6.058957969273,11.91));
#4551 = CARTESIAN_POINT('',(-0.258031881508,6.061158745429,11.91));
#4552 = CARTESIAN_POINT('',(-0.210670692059,6.062927911702,11.91));
#4553 = CARTESIAN_POINT('',(-0.163296520097,6.064265313085,11.91));
#4554 = CARTESIAN_POINT('',(0.276355402633,6.072667690185,11.91));
#4555 = CARTESIAN_POINT('',(0.669224512666,6.050566406246,11.91));
#4556 = CARTESIAN_POINT('',(1.059953795581,5.998805804087,11.91));
#4557 = CARTESIAN_POINT('',(1.445868878493,5.917654612436,11.91));
#4558 = CARTESIAN_POINT('',(1.824353180451,5.807663104013,11.91));
#4559 = CARTESIAN_POINT('',(2.192850791708,5.669662368547,11.91));
#4560 = CARTESIAN_POINT('',(2.768909799354,5.40293115176,11.91));
#4561 = CARTESIAN_POINT('',(2.984191673646,5.290789163332,11.91));
#4562 = CARTESIAN_POINT('',(3.194146528658,5.168653521734,11.91));
#4563 = CARTESIAN_POINT('',(3.398219482215,5.036829909813,11.91));
#4564 = CARTESIAN_POINT('',(3.595879593751,4.895661309888,11.91));
#4565 = CARTESIAN_POINT('',(3.78662008234,4.745527860668,11.91));
#4566 = CARTESIAN_POINT('',(4.30988277638,4.292639126251,11.91));
#4567 = CARTESIAN_POINT('',(4.624417750425,3.969000093047,11.91));
#4568 = CARTESIAN_POINT('',(4.91041485598,3.618629969464,11.91));
#4569 = CARTESIAN_POINT('',(5.165210694346,3.244573574934,11.91));
#4570 = CARTESIAN_POINT('',(5.386541664995,2.850153193314,11.91));
#4571 = CARTESIAN_POINT('',(5.572548525976,2.438963151813,11.91));
#4572 = CARTESIAN_POINT('',(5.819330343505,1.738166337326,11.91));
#4573 = CARTESIAN_POINT('',(5.901174793119,1.455899549302,11.91));
#4574 = CARTESIAN_POINT('',(5.967025749622,1.169195791648,11.91));
#4575 = CARTESIAN_POINT('',(6.016603926052,0.879142828081,11.91));
#4576 = CARTESIAN_POINT('',(6.049720750228,0.586844089668,11.91));
#4577 = CARTESIAN_POINT('',(6.0662784,0.293418207835,11.91));
#4578 = CARTESIAN_POINT('',(6.0662784,-1.554312234475E-15,11.91));
#4579 = PCURVE('',#699,#4580);
#4580 = DEFINITIONAL_REPRESENTATION('',(#4581),#4739);
#4581 = B_SPLINE_CURVE_WITH_KNOTS('',3,(#4582,#4583,#4584,#4585,#4586,
    #4587,#4588,#4589,#4590,#4591,#4592,#4593,#4594,#4595,#4596,#4597,
    #4598,#4599,#4600,#4601,#4602,#4603,#4604,#4605,#4606,#4607,#4608,
    #4609,#4610,#4611,#4612,#4613,#4614,#4615,#4616,#4617,#4618,#4619,
    #4620,#4621,#4622,#4623,#4624,#4625,#4626,#4627,#4628,#4629,#4630,
    #4631,#4632,#4633,#4634,#4635,#4636,#4637,#4638,#4639,#4640,#4641,
    #4642,#4643,#4644,#4645,#4646,#4647,#4648,#4649,#4650,#4651,#4652,
    #4653,#4654,#4655,#4656,#4657,#4658,#4659,#4660,#4661,#4662,#4663,
    #4664,#4665,#4666,#4667,#4668,#4669,#4670,#4671,#4672,#4673,#4674,
    #4675,#4676,#4677,#4678,#4679,#4680,#4681,#4682,#4683,#4684,#4685,
    #4686,#4687,#4688,#4689,#4690,#4691,#4692,#4693,#4694,#4695,#4696,
    #4697,#4698,#4699,#4700,#4701,#4702,#4703,#4704,#4705,#4706,#4707,
    #4708,#4709,#4710,#4711,#4712,#4713,#4714,#4715,#4716,#4717,#4718,
    #4719,#4720,#4721,#4722,#4723,#4724,#4725,#4726,#4727,#4728,#4729,
    #4730,#4731,#4732,#4733,#4734,#4735,#4736,#4737,#4738),
  .UNSPECIFIED.,.T.,.F.,(4,1,1,1,1,1,1,1,1,1,1,1,1,1,1,1,1,1,1,1,1,1,1,1
    ,1,1,1,1,1,1,1,1,1,1,1,1,1,1,1,1,1,1,1,1,1,1,1,1,1,1,1,1,1,1,1,1,1,1
    ,1,1,1,1,1,1,1,1,1,1,1,1,1,1,1,1,1,1,1,1,1,1,1,1,1,1,1,1,1,1,1,1,1,1
    ,1,1,1,1,1,1,1,1,1,1,1,1,1,1,1,1,1,1,1,1,1,1,1,1,1,1,1,1,1,1,1,1,1,1
    ,1,1,1,1,1,1,1,1,1,1,1,1,1,1,1,1,1,1,1,1,1,1,1,1,1,1,1,1,4),(0.,
    1.400663782088E-02,2.801327564176E-02,4.201991346264E-02,
    5.602655128353E-02,7.003318910441E-02,8.403982692529E-02,
    9.804646474617E-02,0.112053102567,0.126059740388,0.140066378209,
    0.15407301603,0.168079653851,0.182086291671,0.196092929492,
    0.210099567313,0.224106205134,0.238112842955,0.252119480776,
    0.266126118597,0.280132756418,0.294139394239,0.308146032059,
    0.32215266988,0.336159307701,0.350165945522,0.364172583343,
    0.378179221164,0.392185858985,0.406192496806,0.420199134626,
    0.434205772447,0.448212410268,0.462219048089,0.47622568591,
    0.490232323731,0.504238961552,0.518245599373,0.532252237193,
    0.546258875014,0.560265512835,0.574272150656,0.588278788477,
    0.602285426298,0.616292064119,0.63029870194,0.644305339761,
    0.658311977581,0.672318615402,0.686325253223,0.700331891044,
    0.714338528865,0.728345166686,0.742351804507,0.756358442328,
    0.770365080148,0.784371717969,0.79837835579,0.812384993611,
    0.826391631432,0.840398269253,0.854404907074,0.868411544895,
    0.882418182716,0.896424820536,0.910431458357,0.924438096178,
    0.938444733999,0.95245137182,0.966458009641,0.980464647462,
    0.994471285283,1.008477923103,1.022484560924,1.036491198745,
    1.050497836566,1.064504474387,1.078511112208,1.092517750029,
    1.10652438785,1.120531025671,1.134537663491,1.148544301312,
    1.162550939133,1.176557576954,1.190564214775,1.204570852596,
    1.218577490417,1.232584128238,1.246590766058,1.260597403879,
    1.2746040417,1.288610679521,1.302617317342,1.316623955163,
    1.330630592984,1.344637230805,1.358643868625,1.372650506446,
    1.386657144267,1.400663782088,1.414670419909,1.42867705773,
    1.442683695551,1.456690333372,1.470696971193,1.484703609013,
    1.498710246834,1.512716884655,1.526723522476,1.540730160297,
    1.554736798118,1.568743435939,1.58275007376,1.59675671158,
    1.610763349401,1.624769987222,1.638776625043,1.652783262864,
    1.666789900685,1.680796538506,1.694803176327,1.708809814148,
    1.722816451968,1.736823089789,1.75082972761,1.764836365431,
    1.778843003252,1.792849641073,1.806856278894,1.820862916715,
    1.834869554535,1.848876192356,1.862882830177,1.876889467998,
    1.890896105819,1.90490274364,1.918909381461,1.932916019282,
    1.946922657102,1.960929294923,1.974935932744,1.988942570565,
    2.002949208386,2.016955846207,2.030962484028,2.044969121849,
    2.05897575967,2.07298239749,2.086989035311,2.100995673132,
    2.115002310953,2.129008948774,2.143015586595,2.157022224416),
  .QUASI_UNIFORM_KNOTS.);
#4582 = CARTESIAN_POINT('',(2.5419327512,5.508029361213));
#4583 = CARTESIAN_POINT('',(2.467027910727,5.542599362563));
#4584 = CARTESIAN_POINT('',(2.315803683845,5.608679323293));
#4585 = CARTESIAN_POINT('',(2.085111169646,5.698469899617));
#4586 = CARTESIAN_POINT('',(1.850948420854,5.778775207264));
#4587 = CARTESIAN_POINT('',(1.613706713025,5.849462669962));
#4588 = CARTESIAN_POINT('',(1.373780663855,5.910414522983));
#4589 = CARTESIAN_POINT('',(1.131568633869,5.961529777996));
#4590 = CARTESIAN_POINT('',(0.88747257178,6.002723546921));
#4591 = CARTESIAN_POINT('',(0.641897855574,6.033927223027));
#4592 = CARTESIAN_POINT('',(0.395253875567,6.055088648368));
#4593 = CARTESIAN_POINT('',(0.147951823789,6.066172253167));
#4594 = CARTESIAN_POINT('',(-9.958691366515E-02,6.067160095789));
#4595 = CARTESIAN_POINT('',(-0.346983156526,6.058049725193));
#4596 = CARTESIAN_POINT('',(-0.593809735992,6.038854567431));
#4597 = CARTESIAN_POINT('',(-0.839649190118,6.009606679578));
#4598 = CARTESIAN_POINT('',(-1.084087966239,5.97035529572));
#4599 = CARTESIAN_POINT('',(-1.326717824615,5.921166451004));
#4600 = CARTESIAN_POINT('',(-1.567135360866,5.862122471157));
#4601 = CARTESIAN_POINT('',(-1.804942080228,5.79332165281));
#4602 = CARTESIAN_POINT('',(-2.039744374002,5.714878045695));
#4603 = CARTESIAN_POINT('',(-2.271153563872,5.626921366951));
#4604 = CARTESIAN_POINT('',(-2.498786001263,5.529597015319));
#4605 = CARTESIAN_POINT('',(-2.722263107731,5.423066283605));
#4606 = CARTESIAN_POINT('',(-2.941211825629,5.307506407895));
#4607 = CARTESIAN_POINT('',(-3.155263716567,5.183111800972));
#4608 = CARTESIAN_POINT('',(-3.364059288786,5.05009144145));
#4609 = CARTESIAN_POINT('',(-3.567232991898,4.908681184983));
#4610 = CARTESIAN_POINT('',(-3.764485920219,4.759089813238));
#4611 = CARTESIAN_POINT('',(-3.955480790574,4.601570116495));
#4612 = CARTESIAN_POINT('',(-4.139892610945,4.436389420859));
#4613 = CARTESIAN_POINT('',(-4.31741128048,4.263825545107));
#4614 = CARTESIAN_POINT('',(-4.487740312767,4.084167336235));
#4615 = CARTESIAN_POINT('',(-4.65059672748,3.897714076395));
#4616 = CARTESIAN_POINT('',(-4.805710758314,3.704775290984));
#4617 = CARTESIAN_POINT('',(-4.952825739915,3.50567054643));
#4618 = CARTESIAN_POINT('',(-5.091698074623,3.300729353911));
#4619 = CARTESIAN_POINT('',(-5.222097312537,3.090291125682));
#4620 = CARTESIAN_POINT('',(-5.343806309658,2.874705281083));
#4621 = CARTESIAN_POINT('',(-5.456621571266,2.654331167314));
#4622 = CARTESIAN_POINT('',(-5.560353386925,2.429539037431));
#4623 = CARTESIAN_POINT('',(-5.654827224262,2.200707450595));
#4624 = CARTESIAN_POINT('',(-5.739880906587,1.968234391815));
#4625 = CARTESIAN_POINT('',(-5.815382871934,1.732483539611));
#4626 = CARTESIAN_POINT('',(-5.881206365768,1.493849060284));
#4627 = CARTESIAN_POINT('',(-5.937241641244,1.252729340907));
#4628 = CARTESIAN_POINT('',(-5.983395588129,1.00952542092));
#4629 = CARTESIAN_POINT('',(-6.019591576133,0.764641314694));
#4630 = CARTESIAN_POINT('',(-6.045769405059,0.518483922673));
#4631 = CARTESIAN_POINT('',(-6.061885404582,0.271462835044));
#4632 = CARTESIAN_POINT('',(-6.067912620115,2.399111455049E-02));
#4633 = CARTESIAN_POINT('',(-6.06384129626,-0.223517591959));
#4634 = CARTESIAN_POINT('',(-6.049678275837,-0.470655064358));
#4635 = CARTESIAN_POINT('',(-6.025447172361,-0.717008867427));
#4636 = CARTESIAN_POINT('',(-5.99118811986,-0.962169990202));
#4637 = CARTESIAN_POINT('',(-5.94695890042,-1.205727666789));
#4638 = CARTESIAN_POINT('',(-5.892827651028,-1.447299473092));
#4639 = CARTESIAN_POINT('',(-5.82888564516,-1.686468976297));
#4640 = CARTESIAN_POINT('',(-5.755240572659,-1.922832081366));
#4641 = CARTESIAN_POINT('',(-5.672016277912,-2.155991633728));
#4642 = CARTESIAN_POINT('',(-5.579352128873,-2.385558594903));
#4643 = CARTESIAN_POINT('',(-5.477402629082,-2.611151531835));
#4644 = CARTESIAN_POINT('',(-5.366337108628,-2.83239663305));
#4645 = CARTESIAN_POINT('',(-5.246339538038,-3.048927658465));
#4646 = CARTESIAN_POINT('',(-5.117608453099,-3.260385982494));
#4647 = CARTESIAN_POINT('',(-4.98035699449,-3.466420685072));
#4648 = CARTESIAN_POINT('',(-4.834813058556,-3.666688712447));
#4649 = CARTESIAN_POINT('',(-4.681219569898,-3.860855065672));
#4650 = CARTESIAN_POINT('',(-4.519834836599,-4.048593163173));
#4651 = CARTESIAN_POINT('',(-4.350933134073,-4.229584833844));
#4652 = CARTESIAN_POINT('',(-4.174804972685,-4.403521968375));
#4653 = CARTESIAN_POINT('',(-3.991726441961,-4.570133536596));
#4654 = CARTESIAN_POINT('',(-3.802005612155,-4.729138531253));
#4655 = CARTESIAN_POINT('',(-3.605956860261,-4.880273816624));
#4656 = CARTESIAN_POINT('',(-3.403899769661,-5.023292111328));
#4657 = CARTESIAN_POINT('',(-3.196176852085,-5.157950180138));
#4658 = CARTESIAN_POINT('',(-2.983135399824,-5.284023030835));
#4659 = CARTESIAN_POINT('',(-2.76513077301,-5.401300586924));
#4660 = CARTESIAN_POINT('',(-2.54252528067,-5.509588193844));
#4661 = CARTESIAN_POINT('',(-2.315688305941,-5.60870625042));
#4662 = CARTESIAN_POINT('',(-2.084996191564,-5.698490222507));
#4663 = CARTESIAN_POINT('',(-1.850832170751,-5.778790719339));
#4664 = CARTESIAN_POINT('',(-1.613586686954,-5.84947365361));
#4665 = CARTESIAN_POINT('',(-1.373656443261,-5.910420720686));
#4666 = CARTESIAN_POINT('',(-1.131448474898,-5.961529234384));
#4667 = CARTESIAN_POINT('',(-0.887356941655,-6.002716600589));
#4668 = CARTESIAN_POINT('',(-0.641788958632,-6.033913993381));
#4669 = CARTESIAN_POINT('',(-0.395152928793,-6.055069559071));
#4670 = CARTESIAN_POINT('',(-0.147858894402,-6.066148097416));
#4671 = CARTESIAN_POINT('',(9.96804394649E-02,-6.067131196873));
#4672 = CARTESIAN_POINT('',(0.34705768354,-6.058017008242));
#4673 = CARTESIAN_POINT('',(0.593857263027,-6.038820562109));
#4674 = CARTESIAN_POINT('',(0.839667648433,-6.009573975066));
#4675 = CARTESIAN_POINT('',(1.084079900761,-5.970326005233));
#4676 = CARTESIAN_POINT('',(1.32668811216,-5.921141875443));
#4677 = CARTESIAN_POINT('',(1.567089086383,-5.86210327894));
#4678 = CARTESIAN_POINT('',(1.804883304636,-5.793308177548));
#4679 = CARTESIAN_POINT('',(2.039671650127,-5.714872037612));
#4680 = CARTESIAN_POINT('',(2.271067952393,-5.626924312596));
#4681 = CARTESIAN_POINT('',(2.498717825349,-5.529596822489));
#4682 = CARTESIAN_POINT('',(2.722216700023,-5.423059130569));
#4683 = CARTESIAN_POINT('',(2.941186143739,-5.307491048811));
#4684 = CARTESIAN_POINT('',(3.155255584377,-5.183088101358));
#4685 = CARTESIAN_POINT('',(3.364066740277,-5.050059278542));
#4686 = CARTESIAN_POINT('',(3.567272053649,-4.908626989753));
#4687 = CARTESIAN_POINT('',(3.764534821272,-4.759026557746));
#4688 = CARTESIAN_POINT('',(3.955528964083,-4.601505963727));
#4689 = CARTESIAN_POINT('',(4.139938989977,-4.436325651215));
#4690 = CARTESIAN_POINT('',(4.317460005471,-4.263758435451));
#4691 = CARTESIAN_POINT('',(4.487797813634,-4.084089511557));
#4692 = CARTESIAN_POINT('',(4.650669107328,-3.897616530236));
#4693 = CARTESIAN_POINT('',(4.805801698342,-3.704649861222));
#4694 = CARTESIAN_POINT('',(4.952935025123,-3.505512583499));
#4695 = CARTESIAN_POINT('',(5.091820041697,-3.300541914793));
#4696 = CARTESIAN_POINT('',(5.222221848605,-3.090085680087));
#4697 = CARTESIAN_POINT('',(5.343912533911,-2.874517696433));
#4698 = CARTESIAN_POINT('',(5.456707277732,-2.654171430959));
#4699 = CARTESIAN_POINT('',(5.560423643378,-2.429402372928));
#4700 = CARTESIAN_POINT('',(5.654887879411,-2.200585081935));
#4701 = CARTESIAN_POINT('',(5.739940247948,-1.968105621048));
#4702 = CARTESIAN_POINT('',(5.815438908937,-1.732352136534));
#4703 = CARTESIAN_POINT('',(5.881258357764,-1.493717200152));
#4704 = CARTESIAN_POINT('',(5.937289481101,-1.252597041172));
#4705 = CARTESIAN_POINT('',(5.983439341477,-1.009391660502));
#4706 = CARTESIAN_POINT('',(6.019631197945,-0.764504700955));
#4707 = CARTESIAN_POINT('',(6.0458046232,-0.518343584638));
#4708 = CARTESIAN_POINT('',(6.061915768637,-0.271318998994));
#4709 = CARTESIAN_POINT('',(6.067937711307,-2.384689400187E-02));
#4710 = CARTESIAN_POINT('',(6.063861095649,0.223658741394));
#4711 = CARTESIAN_POINT('',(6.049692873484,0.470794819636));
#4712 = CARTESIAN_POINT('',(6.025456668038,0.717146363614));
#4713 = CARTESIAN_POINT('',(5.991192756151,0.962304377783));
#4714 = CARTESIAN_POINT('',(5.946958161404,1.205860952789));
#4715 = CARTESIAN_POINT('',(5.89282625554,1.447411896874));
#4716 = CARTESIAN_POINT('',(5.828888222953,1.686551368045));
#4717 = CARTESIAN_POINT('',(5.755247561713,1.922890989155));
#4718 = CARTESIAN_POINT('',(5.672025315572,2.156038649783));
#4719 = CARTESIAN_POINT('',(5.579362369088,2.385597921516));
#4720 = CARTESIAN_POINT('',(5.477413885205,2.611184891243));
#4721 = CARTESIAN_POINT('',(5.366350193071,2.832423370589));
#4722 = CARTESIAN_POINT('',(5.246356088134,3.048945984291));
#4723 = CARTESIAN_POINT('',(5.117630701777,3.260393764898));
#4724 = CARTESIAN_POINT('',(4.980387349433,3.466416241281));
#4725 = CARTESIAN_POINT('',(4.834853564292,3.666671443647));
#4726 = CARTESIAN_POINT('',(4.681271079503,3.860826146905));
#4727 = CARTESIAN_POINT('',(4.519896500468,4.048555642632));
#4728 = CARTESIAN_POINT('',(4.350999938311,4.229545557207));
#4729 = CARTESIAN_POINT('',(4.174871778943,4.403486356072));
#4730 = CARTESIAN_POINT('',(3.991795144394,4.570099718523));
#4731 = CARTESIAN_POINT('',(3.802074675531,4.729107974823));
#4732 = CARTESIAN_POINT('',(3.606027517795,4.880245398698));
#4733 = CARTESIAN_POINT('',(3.403979720305,5.023260804602));
#4734 = CARTESIAN_POINT('',(3.196266936632,5.157916530633));
#4735 = CARTESIAN_POINT('',(2.983234456162,5.283989101222));
#4736 = CARTESIAN_POINT('',(2.765236065754,5.40126744921));
#4737 = CARTESIAN_POINT('',(2.616837830945,5.473462406016));
#4738 = CARTESIAN_POINT('',(2.5419327512,5.508029361213));
#4739 = ( GEOMETRIC_REPRESENTATION_CONTEXT(2) 
PARAMETRIC_REPRESENTATION_CONTEXT() REPRESENTATION_CONTEXT('2D SPACE',''
  ) );
#4740 = PCURVE('',#4292,#4741);
#4741 = DEFINITIONAL_REPRESENTATION('',(#4742),#4900);
#4742 = B_SPLINE_CURVE_WITH_KNOTS('',3,(#4743,#4744,#4745,#4746,#4747,
    #4748,#4749,#4750,#4751,#4752,#4753,#4754,#4755,#4756,#4757,#4758,
    #4759,#4760,#4761,#4762,#4763,#4764,#4765,#4766,#4767,#4768,#4769,
    #4770,#4771,#4772,#4773,#4774,#4775,#4776,#4777,#4778,#4779,#4780,
    #4781,#4782,#4783,#4784,#4785,#4786,#4787,#4788,#4789,#4790,#4791,
    #4792,#4793,#4794,#4795,#4796,#4797,#4798,#4799,#4800,#4801,#4802,
    #4803,#4804,#4805,#4806,#4807,#4808,#4809,#4810,#4811,#4812,#4813,
    #4814,#4815,#4816,#4817,#4818,#4819,#4820,#4821,#4822,#4823,#4824,
    #4825,#4826,#4827,#4828,#4829,#4830,#4831,#4832,#4833,#4834,#4835,
    #4836,#4837,#4838,#4839,#4840,#4841,#4842,#4843,#4844,#4845,#4846,
    #4847,#4848,#4849,#4850,#4851,#4852,#4853,#4854,#4855,#4856,#4857,
    #4858,#4859,#4860,#4861,#4862,#4863,#4864,#4865,#4866,#4867,#4868,
    #4869,#4870,#4871,#4872,#4873,#4874,#4875,#4876,#4877,#4878,#4879,
    #4880,#4881,#4882,#4883,#4884,#4885,#4886,#4887,#4888,#4889,#4890,
    #4891,#4892,#4893,#4894,#4895,#4896,#4897,#4898,#4899),
  .UNSPECIFIED.,.F.,.F.,(4,1,1,1,1,1,1,1,1,1,1,1,1,1,1,1,1,1,1,1,1,1,1,1
    ,1,1,1,1,1,1,1,1,1,1,1,1,1,1,1,1,1,1,1,1,1,1,1,1,1,1,1,1,1,1,1,1,1,1
    ,1,1,1,1,1,1,1,1,1,1,1,1,1,1,1,1,1,1,1,1,1,1,1,1,1,1,1,1,1,1,1,1,1,1
    ,1,1,1,1,1,1,1,1,1,1,1,1,1,1,1,1,1,1,1,1,1,1,1,1,1,1,1,1,1,1,1,1,1,1
    ,1,1,1,1,1,1,1,1,1,1,1,1,1,1,1,1,1,1,1,1,1,1,1,1,1,1,1,1,4),(0.,
    1.400663782088E-02,2.801327564176E-02,4.201991346264E-02,
    5.602655128353E-02,7.003318910441E-02,8.403982692529E-02,
    9.804646474617E-02,0.112053102567,0.126059740388,0.140066378209,
    0.15407301603,0.168079653851,0.182086291671,0.196092929492,
    0.210099567313,0.224106205134,0.238112842955,0.252119480776,
    0.266126118597,0.280132756418,0.294139394239,0.308146032059,
    0.32215266988,0.336159307701,0.350165945522,0.364172583343,
    0.378179221164,0.392185858985,0.406192496806,0.420199134626,
    0.434205772447,0.448212410268,0.462219048089,0.47622568591,
    0.490232323731,0.504238961552,0.518245599373,0.532252237193,
    0.546258875014,0.560265512835,0.574272150656,0.588278788477,
    0.602285426298,0.616292064119,0.63029870194,0.644305339761,
    0.658311977581,0.672318615402,0.686325253223,0.700331891044,
    0.714338528865,0.728345166686,0.742351804507,0.756358442328,
    0.770365080148,0.784371717969,0.79837835579,0.812384993611,
    0.826391631432,0.840398269253,0.854404907074,0.868411544895,
    0.882418182716,0.896424820536,0.910431458357,0.924438096178,
    0.938444733999,0.95245137182,0.966458009641,0.980464647462,
    0.994471285283,1.008477923103,1.022484560924,1.036491198745,
    1.050497836566,1.064504474387,1.078511112208,1.092517750029,
    1.10652438785,1.120531025671,1.134537663491,1.148544301312,
    1.162550939133,1.176557576954,1.190564214775,1.204570852596,
    1.218577490417,1.232584128238,1.246590766058,1.260597403879,
    1.2746040417,1.288610679521,1.302617317342,1.316623955163,
    1.330630592984,1.344637230805,1.358643868625,1.372650506446,
    1.386657144267,1.400663782088,1.414670419909,1.42867705773,
    1.442683695551,1.456690333372,1.470696971193,1.484703609013,
    1.498710246834,1.512716884655,1.526723522476,1.540730160297,
    1.554736798118,1.568743435939,1.58275007376,1.59675671158,
    1.610763349401,1.624769987222,1.638776625043,1.652783262864,
    1.666789900685,1.680796538506,1.694803176327,1.708809814148,
    1.722816451968,1.736823089789,1.75082972761,1.764836365431,
    1.778843003252,1.792849641073,1.806856278894,1.820862916715,
    1.834869554535,1.848876192356,1.862882830177,1.876889467998,
    1.890896105819,1.90490274364,1.918909381461,1.932916019282,
    1.946922657102,1.960929294923,1.974935932744,1.988942570565,
    2.002949208386,2.016955846207,2.030962484028,2.044969121849,
    2.05897575967,2.07298239749,2.086989035311,2.100995673132,
    2.115002310953,2.129008948774,2.143015586595,2.157022224416),
  .QUASI_UNIFORM_KNOTS.);
#4743 = CARTESIAN_POINT('',(6.28318530718,0.41685));
#4744 = CARTESIAN_POINT('',(6.269585997156,0.41685));
#4745 = CARTESIAN_POINT('',(6.242386986264,0.41685));
#4746 = CARTESIAN_POINT('',(6.201587847623,0.41685));
#4747 = CARTESIAN_POINT('',(6.160788788843,0.41685));
#4748 = CARTESIAN_POINT('',(6.119989980343,0.41685));
#4749 = CARTESIAN_POINT('',(6.079191396121,0.41685));
#4750 = CARTESIAN_POINT('',(6.038392862494,0.41685));
#4751 = CARTESIAN_POINT('',(5.997594185041,0.41685));
#4752 = CARTESIAN_POINT('',(5.9567952211,0.41685));
#4753 = CARTESIAN_POINT('',(5.91599608544,0.41685));
#4754 = CARTESIAN_POINT('',(5.875196893229,0.41685));
#4755 = CARTESIAN_POINT('',(5.834399257677,0.41685));
#4756 = CARTESIAN_POINT('',(5.793597770088,0.41685));
#4757 = CARTESIAN_POINT('',(5.752794958094,0.41685));
#4758 = CARTESIAN_POINT('',(5.711991905295,0.41685));
#4759 = CARTESIAN_POINT('',(5.671189332142,0.41685));
#4760 = CARTESIAN_POINT('',(5.630387477938,0.41685));
#4761 = CARTESIAN_POINT('',(5.589586285725,0.41685));
#4762 = CARTESIAN_POINT('',(5.548785491542,0.41685));
#4763 = CARTESIAN_POINT('',(5.507984728516,0.41685));
#4764 = CARTESIAN_POINT('',(5.46718362239,0.41685));
#4765 = CARTESIAN_POINT('',(5.426381882848,0.41685));
#4766 = CARTESIAN_POINT('',(5.385579418491,0.41685));
#4767 = CARTESIAN_POINT('',(5.344776381645,0.41685));
#4768 = CARTESIAN_POINT('',(5.303973511774,0.41685));
#4769 = CARTESIAN_POINT('',(5.263171416442,0.41685));
#4770 = CARTESIAN_POINT('',(5.222373883702,0.41685));
#4771 = CARTESIAN_POINT('',(5.181573096874,0.41685));
#4772 = CARTESIAN_POINT('',(5.140770615276,0.41685));
#4773 = CARTESIAN_POINT('',(5.099967868607,0.41685));
#4774 = CARTESIAN_POINT('',(5.05916555115,0.41685));
#4775 = CARTESIAN_POINT('',(5.018363958328,0.41685));
#4776 = CARTESIAN_POINT('',(4.977563052063,0.41685));
#4777 = CARTESIAN_POINT('',(4.936762583872,0.41685));
#4778 = CARTESIAN_POINT('',(4.895962191442,0.41685));
#4779 = CARTESIAN_POINT('',(4.855161496711,0.41685));
#4780 = CARTESIAN_POINT('',(4.814360198734,0.41685));
#4781 = CARTESIAN_POINT('',(4.773558182113,0.41685));
#4782 = CARTESIAN_POINT('',(4.732755586648,0.41685));
#4783 = CARTESIAN_POINT('',(4.691953056266,0.41685));
#4784 = CARTESIAN_POINT('',(4.651151369748,0.41685));
#4785 = CARTESIAN_POINT('',(4.610353443763,0.41685));
#4786 = CARTESIAN_POINT('',(4.569555114106,0.41685));
#4787 = CARTESIAN_POINT('',(4.528756724113,0.41685));
#4788 = CARTESIAN_POINT('',(4.487958477657,0.41685));
#4789 = CARTESIAN_POINT('',(4.447160330856,0.41685));
#4790 = CARTESIAN_POINT('',(4.40636215927,0.41685));
#4791 = CARTESIAN_POINT('',(4.365563857194,0.41685));
#4792 = CARTESIAN_POINT('',(4.324765414188,0.41685));
#4793 = CARTESIAN_POINT('',(4.283967153592,0.41685));
#4794 = CARTESIAN_POINT('',(4.24316937075,0.41685));
#4795 = CARTESIAN_POINT('',(4.202371457899,0.41685));
#4796 = CARTESIAN_POINT('',(4.161573605442,0.41685));
#4797 = CARTESIAN_POINT('',(4.12077564881,0.41685));
#4798 = CARTESIAN_POINT('',(4.079978060306,0.41685));
#4799 = CARTESIAN_POINT('',(4.039176959823,0.41685));
#4800 = CARTESIAN_POINT('',(3.998374700483,0.41685));
#4801 = CARTESIAN_POINT('',(3.957572286477,0.41685));
#4802 = CARTESIAN_POINT('',(3.916770363435,0.41685));
#4803 = CARTESIAN_POINT('',(3.875969121697,0.41685));
#4804 = CARTESIAN_POINT('',(3.835168473253,0.41685));
#4805 = CARTESIAN_POINT('',(3.794368141581,0.41685));
#4806 = CARTESIAN_POINT('',(3.753567765288,0.41685));
#4807 = CARTESIAN_POINT('',(3.712766992912,0.41685));
#4808 = CARTESIAN_POINT('',(3.671965579976,0.41685));
#4809 = CARTESIAN_POINT('',(3.631163488543,0.41685));
#4810 = CARTESIAN_POINT('',(3.590360999045,0.41685));
#4811 = CARTESIAN_POINT('',(3.549558816215,0.41685));
#4812 = CARTESIAN_POINT('',(3.508758251951,0.41685));
#4813 = CARTESIAN_POINT('',(3.467961189911,0.41685));
#4814 = CARTESIAN_POINT('',(3.427163493545,0.41685));
#4815 = CARTESIAN_POINT('',(3.38636599149,0.41685));
#4816 = CARTESIAN_POINT('',(3.3455683532,0.41685));
#4817 = CARTESIAN_POINT('',(3.30476927733,0.41685));
#4818 = CARTESIAN_POINT('',(3.263970096819,0.41685));
#4819 = CARTESIAN_POINT('',(3.223171105439,0.41685));
#4820 = CARTESIAN_POINT('',(3.182372435575,0.41685));
#4821 = CARTESIAN_POINT('',(3.141573969868,0.41685));
#4822 = CARTESIAN_POINT('',(3.100775500643,0.41685));
#4823 = CARTESIAN_POINT('',(3.059976821348,0.41685));
#4824 = CARTESIAN_POINT('',(3.01917782048,0.41685));
#4825 = CARTESIAN_POINT('',(2.978378633699,0.41685));
#4826 = CARTESIAN_POINT('',(2.937579582757,0.41685));
#4827 = CARTESIAN_POINT('',(2.896781952298,0.41685));
#4828 = CARTESIAN_POINT('',(2.85598421708,0.41685));
#4829 = CARTESIAN_POINT('',(2.815186531758,0.41685));
#4830 = CARTESIAN_POINT('',(2.77438884971,0.41685));
#4831 = CARTESIAN_POINT('',(2.733591103092,0.41685));
#4832 = CARTESIAN_POINT('',(2.692793483307,0.41685));
#4833 = CARTESIAN_POINT('',(2.651995237289,0.41685));
#4834 = CARTESIAN_POINT('',(2.611197004264,0.41685));
#4835 = CARTESIAN_POINT('',(2.570398917068,0.41685));
#4836 = CARTESIAN_POINT('',(2.529600954288,0.41685));
#4837 = CARTESIAN_POINT('',(2.488802976119,0.41685));
#4838 = CARTESIAN_POINT('',(2.448004888252,0.41685));
#4839 = CARTESIAN_POINT('',(2.407206589971,0.41685));
#4840 = CARTESIAN_POINT('',(2.366408659338,0.41685));
#4841 = CARTESIAN_POINT('',(2.325610329666,0.41685));
#4842 = CARTESIAN_POINT('',(2.284806010258,0.41685));
#4843 = CARTESIAN_POINT('',(2.244000075279,0.41685));
#4844 = CARTESIAN_POINT('',(2.203193638041,0.41685));
#4845 = CARTESIAN_POINT('',(2.162387814635,0.41685));
#4846 = CARTESIAN_POINT('',(2.12158302622,0.41685));
#4847 = CARTESIAN_POINT('',(2.080779344463,0.41685));
#4848 = CARTESIAN_POINT('',(2.039976542161,0.41685));
#4849 = CARTESIAN_POINT('',(1.999174210859,0.41685));
#4850 = CARTESIAN_POINT('',(1.95837185222,0.41685));
#4851 = CARTESIAN_POINT('',(1.917568971554,0.41685));
#4852 = CARTESIAN_POINT('',(1.876765171304,0.41685));
#4853 = CARTESIAN_POINT('',(1.835960243338,0.41685));
#4854 = CARTESIAN_POINT('',(1.795154285462,0.41685));
#4855 = CARTESIAN_POINT('',(1.754347759718,0.41685));
#4856 = CARTESIAN_POINT('',(1.713541814049,0.41685));
#4857 = CARTESIAN_POINT('',(1.672737679479,0.41685));
#4858 = CARTESIAN_POINT('',(1.631939587002,0.41685));
#4859 = CARTESIAN_POINT('',(1.591142464882,0.41685));
#4860 = CARTESIAN_POINT('',(1.550344275763,0.41685));
#4861 = CARTESIAN_POINT('',(1.50954517187,0.41685));
#4862 = CARTESIAN_POINT('',(1.468746112629,0.41685));
#4863 = CARTESIAN_POINT('',(1.427947306823,0.41685));
#4864 = CARTESIAN_POINT('',(1.387148783613,0.41685));
#4865 = CARTESIAN_POINT('',(1.346350381403,0.41685));
#4866 = CARTESIAN_POINT('',(1.305551886316,0.41685));
#4867 = CARTESIAN_POINT('',(1.264753119511,0.41685));
#4868 = CARTESIAN_POINT('',(1.223954066249,0.41685));
#4869 = CARTESIAN_POINT('',(1.183154897758,0.41685));
#4870 = CARTESIAN_POINT('',(1.142356410532,0.41685));
#4871 = CARTESIAN_POINT('',(1.101558954292,0.41685));
#4872 = CARTESIAN_POINT('',(1.060761076415,0.41685));
#4873 = CARTESIAN_POINT('',(1.01996338669,0.41685));
#4874 = CARTESIAN_POINT('',(0.979165720406,0.41685));
#4875 = CARTESIAN_POINT('',(0.938368061468,0.41685));
#4876 = CARTESIAN_POINT('',(0.897570214629,0.41685));
#4877 = CARTESIAN_POINT('',(0.856772838638,0.41685));
#4878 = CARTESIAN_POINT('',(0.815974277631,0.41685));
#4879 = CARTESIAN_POINT('',(0.775174261256,0.41685));
#4880 = CARTESIAN_POINT('',(0.734374219935,0.41685));
#4881 = CARTESIAN_POINT('',(0.693574488687,0.41685));
#4882 = CARTESIAN_POINT('',(0.652775218983,0.41685));
#4883 = CARTESIAN_POINT('',(0.611976281472,0.41685));
#4884 = CARTESIAN_POINT('',(0.571177428372,0.41685));
#4885 = CARTESIAN_POINT('',(0.530378377035,0.41685));
#4886 = CARTESIAN_POINT('',(0.489578920854,0.41685));
#4887 = CARTESIAN_POINT('',(0.448779003059,0.41685));
#4888 = CARTESIAN_POINT('',(0.407978927,0.41685));
#4889 = CARTESIAN_POINT('',(0.367179094505,0.41685));
#4890 = CARTESIAN_POINT('',(0.326381552813,0.41685));
#4891 = CARTESIAN_POINT('',(0.285583836655,0.41685));
#4892 = CARTESIAN_POINT('',(0.244785987556,0.41685));
#4893 = CARTESIAN_POINT('',(0.203988300102,0.41685));
#4894 = CARTESIAN_POINT('',(0.163190713929,0.41685));
#4895 = CARTESIAN_POINT('',(0.122393114696,0.41685));
#4896 = CARTESIAN_POINT('',(8.159539941442E-02,0.41685));
#4897 = CARTESIAN_POINT('',(4.079755622586E-02,0.41685));
#4898 = CARTESIAN_POINT('',(1.359913529295E-02,0.41685));
#4899 = CARTESIAN_POINT('',(0.,0.41685));
#4900 = ( GEOMETRIC_REPRESENTATION_CONTEXT(2) 
PARAMETRIC_REPRESENTATION_CONTEXT() REPRESENTATION_CONTEXT('2D SPACE',''
  ) );
#4901 = ORIENTED_EDGE('',*,*,#4902,.T.);
#4902 = EDGE_CURVE('',#4459,#4903,#4905,.T.);
#4903 = VERTEX_POINT('',#4904);
#4904 = CARTESIAN_POINT('',(-0.2976,-6.5472,11.91));
#4905 = SURFACE_CURVE('',#4906,(#4913,#4923),.PCURVE_S1.);
#4906 = B_SPLINE_CURVE_WITH_KNOTS('',5,(#4907,#4908,#4909,#4910,#4911,
    #4912),.UNSPECIFIED.,.F.,.F.,(6,6),(0.,1.),
  .PIECEWISE_BEZIER_KNOTS.);
#4907 = CARTESIAN_POINT('',(-0.2976,-0.992,11.91));
#4908 = CARTESIAN_POINT('',(-0.2976,-2.103037868343,11.91));
#4909 = CARTESIAN_POINT('',(-0.2976,-3.214077115115,11.91));
#4910 = CARTESIAN_POINT('',(-0.2976,-4.325118526497,11.91));
#4911 = CARTESIAN_POINT('',(-0.2976,-5.43615966201,11.91));
#4912 = CARTESIAN_POINT('',(-0.2976,-6.5472,11.91));
#4913 = PCURVE('',#699,#4914);
#4914 = DEFINITIONAL_REPRESENTATION('',(#4915),#4922);
#4915 = B_SPLINE_CURVE_WITH_KNOTS('',5,(#4916,#4917,#4918,#4919,#4920,
    #4921),.UNSPECIFIED.,.F.,.F.,(6,6),(0.,1.),
  .PIECEWISE_BEZIER_KNOTS.);
#4916 = CARTESIAN_POINT('',(-1.025405280875,0.14549586695));
#4917 = CARTESIAN_POINT('',(-2.034202089667,0.611050424047));
#4918 = CARTESIAN_POINT('',(-3.042997056807,1.076605682185));
#4919 = CARTESIAN_POINT('',(-4.051790207435,1.542159710644));
#4920 = CARTESIAN_POINT('',(-5.060586799631,2.007706940008));
#4921 = CARTESIAN_POINT('',(-6.069386226582,2.473249929973));
#4922 = ( GEOMETRIC_REPRESENTATION_CONTEXT(2) 
PARAMETRIC_REPRESENTATION_CONTEXT() REPRESENTATION_CONTEXT('2D SPACE',''
  ) );
#4923 = PCURVE('',#4924,#4929);
#4924 = PLANE('',#4925);
#4925 = AXIS2_PLACEMENT_3D('',#4926,#4927,#4928);
#4926 = CARTESIAN_POINT('',(-0.2976,-6.5472,11.5527));
#4927 = DIRECTION('',(1.,0.,0.));
#4928 = DIRECTION('',(0.,0.,1.));
#4929 = DEFINITIONAL_REPRESENTATION('',(#4930),#4937);
#4930 = B_SPLINE_CURVE_WITH_KNOTS('',5,(#4931,#4932,#4933,#4934,#4935,
    #4936),.UNSPECIFIED.,.F.,.F.,(6,6),(0.,1.),
  .PIECEWISE_BEZIER_KNOTS.);
#4931 = CARTESIAN_POINT('',(0.3573,-5.5552));
#4932 = CARTESIAN_POINT('',(0.3573,-4.444162131657));
#4933 = CARTESIAN_POINT('',(0.3573,-3.333122884885));
#4934 = CARTESIAN_POINT('',(0.3573,-2.222081473503));
#4935 = CARTESIAN_POINT('',(0.3573,-1.11104033799));
#4936 = CARTESIAN_POINT('',(0.3573,0.));
#4937 = ( GEOMETRIC_REPRESENTATION_CONTEXT(2) 
PARAMETRIC_REPRESENTATION_CONTEXT() REPRESENTATION_CONTEXT('2D SPACE',''
  ) );
#4938 = ORIENTED_EDGE('',*,*,#4939,.F.);
#4939 = EDGE_CURVE('',#4940,#4903,#4942,.T.);
#4940 = VERTEX_POINT('',#4941);
#4941 = CARTESIAN_POINT('',(0.2976,-6.5472,11.91));
#4942 = SURFACE_CURVE('',#4943,(#4949,#4958),.PCURVE_S1.);
#4943 = B_SPLINE_CURVE_WITH_KNOTS('',4,(#4944,#4945,#4946,#4947,#4948),
  .UNSPECIFIED.,.F.,.F.,(5,5),(0.,1.),.PIECEWISE_BEZIER_KNOTS.);
#4944 = CARTESIAN_POINT('',(0.2976,-6.5472,11.91));
#4945 = CARTESIAN_POINT('',(0.148799992155,-6.5472,11.91));
#4946 = CARTESIAN_POINT('',(-9.425770386429E-09,-6.5472,11.91));
#4947 = CARTESIAN_POINT('',(-0.148800006654,-6.5472,11.91));
#4948 = CARTESIAN_POINT('',(-0.2976,-6.5472,11.91));
#4949 = PCURVE('',#699,#4950);
#4950 = DEFINITIONAL_REPRESENTATION('',(#4951),#4957);
#4951 = B_SPLINE_CURVE_WITH_KNOTS('',4,(#4952,#4953,#4954,#4955,#4956),
  .UNSPECIFIED.,.F.,.F.,(5,5),(0.,1.),.PIECEWISE_BEZIER_KNOTS.);
#4952 = CARTESIAN_POINT('',(-5.819979630946,3.013677237726));
#4953 = CARTESIAN_POINT('',(-5.88233131535,2.878570435839));
#4954 = CARTESIAN_POINT('',(-5.944682979012,2.74346361748));
#4955 = CARTESIAN_POINT('',(-6.007034616657,2.608356782321));
#4956 = CARTESIAN_POINT('',(-6.069386226469,2.473249930041));
#4957 = ( GEOMETRIC_REPRESENTATION_CONTEXT(2) 
PARAMETRIC_REPRESENTATION_CONTEXT() REPRESENTATION_CONTEXT('2D SPACE',''
  ) );
#4958 = PCURVE('',#4959,#4964);
#4959 = PLANE('',#4960);
#4960 = AXIS2_PLACEMENT_3D('',#4961,#4962,#4963);
#4961 = CARTESIAN_POINT('',(-0.2976,-6.5472,11.5527));
#4962 = DIRECTION('',(0.,1.,0.));
#4963 = DIRECTION('',(0.,0.,1.));
#4964 = DEFINITIONAL_REPRESENTATION('',(#4965),#4971);
#4965 = B_SPLINE_CURVE_WITH_KNOTS('',4,(#4966,#4967,#4968,#4969,#4970),
  .UNSPECIFIED.,.F.,.F.,(5,5),(0.,1.),.PIECEWISE_BEZIER_KNOTS.);
#4966 = CARTESIAN_POINT('',(0.3573,0.5952));
#4967 = CARTESIAN_POINT('',(0.3573,0.446399992155));
#4968 = CARTESIAN_POINT('',(0.3573,0.297599990574));
#4969 = CARTESIAN_POINT('',(0.3573,0.148799993346));
#4970 = CARTESIAN_POINT('',(0.3573,0.));
#4971 = ( GEOMETRIC_REPRESENTATION_CONTEXT(2) 
PARAMETRIC_REPRESENTATION_CONTEXT() REPRESENTATION_CONTEXT('2D SPACE',''
  ) );
#4972 = ORIENTED_EDGE('',*,*,#4973,.F.);
#4973 = EDGE_CURVE('',#4010,#4940,#4974,.T.);
#4974 = SURFACE_CURVE('',#4975,(#4982,#4992),.PCURVE_S1.);
#4975 = B_SPLINE_CURVE_WITH_KNOTS('',5,(#4976,#4977,#4978,#4979,#4980,
    #4981),.UNSPECIFIED.,.F.,.F.,(6,6),(0.,1.),
  .PIECEWISE_BEZIER_KNOTS.);
#4976 = CARTESIAN_POINT('',(0.2976,-0.992,11.91));
#4977 = CARTESIAN_POINT('',(0.2976,-2.103037832296,11.91));
#4978 = CARTESIAN_POINT('',(0.2976,-3.214077137784,11.91));
#4979 = CARTESIAN_POINT('',(0.2976,-4.32511859511,11.91));
#4980 = CARTESIAN_POINT('',(0.2976,-5.436159733339,11.91));
#4981 = CARTESIAN_POINT('',(0.2976,-6.5472,11.91));
#4982 = PCURVE('',#699,#4983);
#4983 = DEFINITIONAL_REPRESENTATION('',(#4984),#4991);
#4984 = B_SPLINE_CURVE_WITH_KNOTS('',5,(#4985,#4986,#4987,#4988,#4989,
    #4990),.UNSPECIFIED.,.F.,.F.,(6,6),(0.,1.),
  .PIECEWISE_BEZIER_KNOTS.);
#4985 = CARTESIAN_POINT('',(-0.776000462275,0.685922485752));
#4986 = CARTESIAN_POINT('',(-1.784796927578,1.151477240871));
#4987 = CARTESIAN_POINT('',(-2.793591437389,1.61703271755));
#4988 = CARTESIAN_POINT('',(-3.802384235111,2.082586768764));
#4989 = CARTESIAN_POINT('',(-4.811180454677,2.548134166791));
#4990 = CARTESIAN_POINT('',(-5.819979631045,3.013677237664));
#4991 = ( GEOMETRIC_REPRESENTATION_CONTEXT(2) 
PARAMETRIC_REPRESENTATION_CONTEXT() REPRESENTATION_CONTEXT('2D SPACE',''
  ) );
#4992 = PCURVE('',#4993,#4998);
#4993 = PLANE('',#4994);
#4994 = AXIS2_PLACEMENT_3D('',#4995,#4996,#4997);
#4995 = CARTESIAN_POINT('',(0.2976,-6.5472,11.5527));
#4996 = DIRECTION('',(1.,0.,0.));
#4997 = DIRECTION('',(0.,0.,1.));
#4998 = DEFINITIONAL_REPRESENTATION('',(#4999),#5006);
#4999 = B_SPLINE_CURVE_WITH_KNOTS('',5,(#5000,#5001,#5002,#5003,#5004,
    #5005),.UNSPECIFIED.,.F.,.F.,(6,6),(0.,1.),
  .PIECEWISE_BEZIER_KNOTS.);
#5000 = CARTESIAN_POINT('',(0.3573,-5.5552));
#5001 = CARTESIAN_POINT('',(0.3573,-4.444162167704));
#5002 = CARTESIAN_POINT('',(0.3573,-3.333122862216));
#5003 = CARTESIAN_POINT('',(0.3573,-2.22208140489));
#5004 = CARTESIAN_POINT('',(0.3573,-1.111040266661));
#5005 = CARTESIAN_POINT('',(0.3573,0.));
#5006 = ( GEOMETRIC_REPRESENTATION_CONTEXT(2) 
PARAMETRIC_REPRESENTATION_CONTEXT() REPRESENTATION_CONTEXT('2D SPACE',''
  ) );
#5007 = ADVANCED_FACE('',(#5008),#1974,.F.);
#5008 = FACE_BOUND('',#5009,.F.);
#5009 = EDGE_LOOP('',(#5010,#5031,#5032,#5053,#5086,#5105,#5106,#5127,
    #5160,#5179,#5180,#5181));
#5010 = ORIENTED_EDGE('',*,*,#5011,.T.);
#5011 = EDGE_CURVE('',#3856,#1541,#5012,.T.);
#5012 = SEAM_CURVE('',#5013,(#5017,#5024),.PCURVE_S1.);
#5013 = LINE('',#5014,#5015);
#5014 = CARTESIAN_POINT('',(0.95,2.7776,6.12174));
#5015 = VECTOR('',#5016,1.);
#5016 = DIRECTION('',(0.,-1.,1.110223024625E-16));
#5017 = PCURVE('',#1974,#5018);
#5018 = DEFINITIONAL_REPRESENTATION('',(#5019),#5023);
#5019 = LINE('',#5020,#5021);
#5020 = CARTESIAN_POINT('',(6.28318530718,-0.));
#5021 = VECTOR('',#5022,1.);
#5022 = DIRECTION('',(0.,1.));
#5023 = ( GEOMETRIC_REPRESENTATION_CONTEXT(2) 
PARAMETRIC_REPRESENTATION_CONTEXT() REPRESENTATION_CONTEXT('2D SPACE',''
  ) );
#5024 = PCURVE('',#1974,#5025);
#5025 = DEFINITIONAL_REPRESENTATION('',(#5026),#5030);
#5026 = LINE('',#5027,#5028);
#5027 = CARTESIAN_POINT('',(0.,-0.));
#5028 = VECTOR('',#5029,1.);
#5029 = DIRECTION('',(0.,1.));
#5030 = ( GEOMETRIC_REPRESENTATION_CONTEXT(2) 
PARAMETRIC_REPRESENTATION_CONTEXT() REPRESENTATION_CONTEXT('2D SPACE',''
  ) );
#5031 = ORIENTED_EDGE('',*,*,#1540,.T.);
#5032 = ORIENTED_EDGE('',*,*,#5033,.F.);
#5033 = EDGE_CURVE('',#5034,#1543,#5036,.T.);
#5034 = VERTEX_POINT('',#5035);
#5035 = CARTESIAN_POINT('',(0.2232,-7.47228,5.198332311056));
#5036 = SURFACE_CURVE('',#5037,(#5041,#5047),.PCURVE_S1.);
#5037 = LINE('',#5038,#5039);
#5038 = CARTESIAN_POINT('',(0.2232,2.7776,5.198332311056));
#5039 = VECTOR('',#5040,1.);
#5040 = DIRECTION('',(0.,-1.,1.110223024625E-16));
#5041 = PCURVE('',#1974,#5042);
#5042 = DEFINITIONAL_REPRESENTATION('',(#5043),#5046);
#5043 = B_SPLINE_CURVE_WITH_KNOTS('',1,(#5044,#5045),.UNSPECIFIED.,.F.,
  .F.,(2,2),(10.20488,10.555122905158),.PIECEWISE_BEZIER_KNOTS.);
#5044 = CARTESIAN_POINT('',(4.949553400861,10.20488));
#5045 = CARTESIAN_POINT('',(4.949553400861,10.555122905158));
#5046 = ( GEOMETRIC_REPRESENTATION_CONTEXT(2) 
PARAMETRIC_REPRESENTATION_CONTEXT() REPRESENTATION_CONTEXT('2D SPACE',''
  ) );
#5047 = PCURVE('',#3784,#5048);
#5048 = DEFINITIONAL_REPRESENTATION('',(#5049),#5052);
#5049 = B_SPLINE_CURVE_WITH_KNOTS('',1,(#5050,#5051),.UNSPECIFIED.,.F.,
  .F.,(2,2),(10.20488,10.555122905158),.PIECEWISE_BEZIER_KNOTS.);
#5050 = CARTESIAN_POINT('',(3.114082311056,-0.495));
#5051 = CARTESIAN_POINT('',(3.114082311056,-0.144757094842));
#5052 = ( GEOMETRIC_REPRESENTATION_CONTEXT(2) 
PARAMETRIC_REPRESENTATION_CONTEXT() REPRESENTATION_CONTEXT('2D SPACE',''
  ) );
#5053 = ORIENTED_EDGE('',*,*,#5054,.F.);
#5054 = EDGE_CURVE('',#5055,#5034,#5057,.T.);
#5055 = VERTEX_POINT('',#5056);
#5056 = CARTESIAN_POINT('',(-0.2232,-7.47228,5.198332311056));
#5057 = SURFACE_CURVE('',#5058,(#5063,#5070),.PCURVE_S1.);
#5058 = CIRCLE('',#5059,0.95);
#5059 = AXIS2_PLACEMENT_3D('',#5060,#5061,#5062);
#5060 = CARTESIAN_POINT('',(0.,-7.47228,6.12174));
#5061 = DIRECTION('',(0.,-1.,1.110223024625E-16));
#5062 = DIRECTION('',(1.,0.,0.));
#5063 = PCURVE('',#1974,#5064);
#5064 = DEFINITIONAL_REPRESENTATION('',(#5065),#5069);
#5065 = LINE('',#5066,#5067);
#5066 = CARTESIAN_POINT('',(0.,10.24988));
#5067 = VECTOR('',#5068,1.);
#5068 = DIRECTION('',(1.,0.));
#5069 = ( GEOMETRIC_REPRESENTATION_CONTEXT(2) 
PARAMETRIC_REPRESENTATION_CONTEXT() REPRESENTATION_CONTEXT('2D SPACE',''
  ) );
#5070 = PCURVE('',#5071,#5076);
#5071 = PLANE('',#5072);
#5072 = AXIS2_PLACEMENT_3D('',#5073,#5074,#5075);
#5073 = CARTESIAN_POINT('',(-0.2232,-7.47228,2.08425));
#5074 = DIRECTION('',(0.,1.,0.));
#5075 = DIRECTION('',(0.,0.,1.));
#5076 = DEFINITIONAL_REPRESENTATION('',(#5077),#5085);
#5077 = ( BOUNDED_CURVE() B_SPLINE_CURVE(2,(#5078,#5079,#5080,#5081,
#5082,#5083,#5084),.UNSPECIFIED.,.T.,.F.) B_SPLINE_CURVE_WITH_KNOTS((1,2
    ,2,2,2,1),(-2.094395102393,0.,2.094395102393,4.188790204786,
6.28318530718,8.377580409573),.UNSPECIFIED.) CURVE() 
GEOMETRIC_REPRESENTATION_ITEM() RATIONAL_B_SPLINE_CURVE((1.,0.5,1.,0.5,
1.,0.5,1.)) REPRESENTATION_ITEM('') );
#5078 = CARTESIAN_POINT('',(4.03749,1.1732));
#5079 = CARTESIAN_POINT('',(5.68293826719,1.1732));
#5080 = CARTESIAN_POINT('',(4.860214133595,-0.2518));
#5081 = CARTESIAN_POINT('',(4.03749,-1.6768));
#5082 = CARTESIAN_POINT('',(3.214765866405,-0.2518));
#5083 = CARTESIAN_POINT('',(2.39204173281,1.1732));
#5084 = CARTESIAN_POINT('',(4.03749,1.1732));
#5085 = ( GEOMETRIC_REPRESENTATION_CONTEXT(2) 
PARAMETRIC_REPRESENTATION_CONTEXT() REPRESENTATION_CONTEXT('2D SPACE',''
  ) );
#5086 = ORIENTED_EDGE('',*,*,#5087,.T.);
#5087 = EDGE_CURVE('',#5055,#3015,#5088,.T.);
#5088 = SURFACE_CURVE('',#5089,(#5093,#5099),.PCURVE_S1.);
#5089 = LINE('',#5090,#5091);
#5090 = CARTESIAN_POINT('',(-0.2232,2.7776,5.198332311056));
#5091 = VECTOR('',#5092,1.);
#5092 = DIRECTION('',(0.,-1.,1.110223024625E-16));
#5093 = PCURVE('',#1974,#5094);
#5094 = DEFINITIONAL_REPRESENTATION('',(#5095),#5098);
#5095 = B_SPLINE_CURVE_WITH_KNOTS('',1,(#5096,#5097),.UNSPECIFIED.,.F.,
  .F.,(2,2),(10.20488,10.555122905158),.PIECEWISE_BEZIER_KNOTS.);
#5096 = CARTESIAN_POINT('',(4.475224559909,10.20488));
#5097 = CARTESIAN_POINT('',(4.475224559909,10.555122905158));
#5098 = ( GEOMETRIC_REPRESENTATION_CONTEXT(2) 
PARAMETRIC_REPRESENTATION_CONTEXT() REPRESENTATION_CONTEXT('2D SPACE',''
  ) );
#5099 = PCURVE('',#3715,#5100);
#5100 = DEFINITIONAL_REPRESENTATION('',(#5101),#5104);
#5101 = B_SPLINE_CURVE_WITH_KNOTS('',1,(#5102,#5103),.UNSPECIFIED.,.F.,
  .F.,(2,2),(10.20488,10.555122905158),.PIECEWISE_BEZIER_KNOTS.);
#5102 = CARTESIAN_POINT('',(3.114082311056,-0.495));
#5103 = CARTESIAN_POINT('',(3.114082311056,-0.144757094842));
#5104 = ( GEOMETRIC_REPRESENTATION_CONTEXT(2) 
PARAMETRIC_REPRESENTATION_CONTEXT() REPRESENTATION_CONTEXT('2D SPACE',''
  ) );
#5105 = ORIENTED_EDGE('',*,*,#3014,.T.);
#5106 = ORIENTED_EDGE('',*,*,#5107,.F.);
#5107 = EDGE_CURVE('',#5108,#2981,#5110,.T.);
#5108 = VERTEX_POINT('',#5109);
#5109 = CARTESIAN_POINT('',(-0.2232,-7.47228,7.045147688944));
#5110 = SURFACE_CURVE('',#5111,(#5115,#5121),.PCURVE_S1.);
#5111 = LINE('',#5112,#5113);
#5112 = CARTESIAN_POINT('',(-0.2232,2.7776,7.045147688944));
#5113 = VECTOR('',#5114,1.);
#5114 = DIRECTION('',(0.,-1.,1.110223024625E-16));
#5115 = PCURVE('',#1974,#5116);
#5116 = DEFINITIONAL_REPRESENTATION('',(#5117),#5120);
#5117 = B_SPLINE_CURVE_WITH_KNOTS('',1,(#5118,#5119),.UNSPECIFIED.,.F.,
  .F.,(2,2),(10.20488,10.555122905158),.PIECEWISE_BEZIER_KNOTS.);
#5118 = CARTESIAN_POINT('',(1.807960747271,10.20488));
#5119 = CARTESIAN_POINT('',(1.807960747271,10.555122905158));
#5120 = ( GEOMETRIC_REPRESENTATION_CONTEXT(2) 
PARAMETRIC_REPRESENTATION_CONTEXT() REPRESENTATION_CONTEXT('2D SPACE',''
  ) );
#5121 = PCURVE('',#3000,#5122);
#5122 = DEFINITIONAL_REPRESENTATION('',(#5123),#5126);
#5123 = B_SPLINE_CURVE_WITH_KNOTS('',1,(#5124,#5125),.UNSPECIFIED.,.F.,
  .F.,(2,2),(10.20488,10.555122905158),.PIECEWISE_BEZIER_KNOTS.);
#5124 = CARTESIAN_POINT('',(4.960897688944,-0.495));
#5125 = CARTESIAN_POINT('',(4.960897688944,-0.144757094842));
#5126 = ( GEOMETRIC_REPRESENTATION_CONTEXT(2) 
PARAMETRIC_REPRESENTATION_CONTEXT() REPRESENTATION_CONTEXT('2D SPACE',''
  ) );
#5127 = ORIENTED_EDGE('',*,*,#5128,.F.);
#5128 = EDGE_CURVE('',#5129,#5108,#5131,.T.);
#5129 = VERTEX_POINT('',#5130);
#5130 = CARTESIAN_POINT('',(0.2232,-7.47228,7.045147688944));
#5131 = SURFACE_CURVE('',#5132,(#5137,#5144),.PCURVE_S1.);
#5132 = CIRCLE('',#5133,0.95);
#5133 = AXIS2_PLACEMENT_3D('',#5134,#5135,#5136);
#5134 = CARTESIAN_POINT('',(0.,-7.47228,6.12174));
#5135 = DIRECTION('',(0.,-1.,1.110223024625E-16));
#5136 = DIRECTION('',(1.,0.,0.));
#5137 = PCURVE('',#1974,#5138);
#5138 = DEFINITIONAL_REPRESENTATION('',(#5139),#5143);
#5139 = LINE('',#5140,#5141);
#5140 = CARTESIAN_POINT('',(0.,10.24988));
#5141 = VECTOR('',#5142,1.);
#5142 = DIRECTION('',(1.,0.));
#5143 = ( GEOMETRIC_REPRESENTATION_CONTEXT(2) 
PARAMETRIC_REPRESENTATION_CONTEXT() REPRESENTATION_CONTEXT('2D SPACE',''
  ) );
#5144 = PCURVE('',#5145,#5150);
#5145 = PLANE('',#5146);
#5146 = AXIS2_PLACEMENT_3D('',#5147,#5148,#5149);
#5147 = CARTESIAN_POINT('',(-0.2232,-7.47228,2.08425));
#5148 = DIRECTION('',(0.,1.,0.));
#5149 = DIRECTION('',(0.,0.,1.));
#5150 = DEFINITIONAL_REPRESENTATION('',(#5151),#5159);
#5151 = ( BOUNDED_CURVE() B_SPLINE_CURVE(2,(#5152,#5153,#5154,#5155,
#5156,#5157,#5158),.UNSPECIFIED.,.T.,.F.) B_SPLINE_CURVE_WITH_KNOTS((1,2
    ,2,2,2,1),(-2.094395102393,0.,2.094395102393,4.188790204786,
6.28318530718,8.377580409573),.UNSPECIFIED.) CURVE() 
GEOMETRIC_REPRESENTATION_ITEM() RATIONAL_B_SPLINE_CURVE((1.,0.5,1.,0.5,
1.,0.5,1.)) REPRESENTATION_ITEM('') );
#5152 = CARTESIAN_POINT('',(4.03749,1.1732));
#5153 = CARTESIAN_POINT('',(5.68293826719,1.1732));
#5154 = CARTESIAN_POINT('',(4.860214133595,-0.2518));
#5155 = CARTESIAN_POINT('',(4.03749,-1.6768));
#5156 = CARTESIAN_POINT('',(3.214765866405,-0.2518));
#5157 = CARTESIAN_POINT('',(2.39204173281,1.1732));
#5158 = CARTESIAN_POINT('',(4.03749,1.1732));
#5159 = ( GEOMETRIC_REPRESENTATION_CONTEXT(2) 
PARAMETRIC_REPRESENTATION_CONTEXT() REPRESENTATION_CONTEXT('2D SPACE',''
  ) );
#5160 = ORIENTED_EDGE('',*,*,#5161,.T.);
#5161 = EDGE_CURVE('',#5129,#2229,#5162,.T.);
#5162 = SURFACE_CURVE('',#5163,(#5167,#5173),.PCURVE_S1.);
#5163 = LINE('',#5164,#5165);
#5164 = CARTESIAN_POINT('',(0.2232,2.7776,7.045147688944));
#5165 = VECTOR('',#5166,1.);
#5166 = DIRECTION('',(0.,-1.,1.110223024625E-16));
#5167 = PCURVE('',#1974,#5168);
#5168 = DEFINITIONAL_REPRESENTATION('',(#5169),#5172);
#5169 = B_SPLINE_CURVE_WITH_KNOTS('',1,(#5170,#5171),.UNSPECIFIED.,.F.,
  .F.,(2,2),(10.20488,10.555122905158),.PIECEWISE_BEZIER_KNOTS.);
#5170 = CARTESIAN_POINT('',(1.333631906319,10.20488));
#5171 = CARTESIAN_POINT('',(1.333631906319,10.555122905158));
#5172 = ( GEOMETRIC_REPRESENTATION_CONTEXT(2) 
PARAMETRIC_REPRESENTATION_CONTEXT() REPRESENTATION_CONTEXT('2D SPACE',''
  ) );
#5173 = PCURVE('',#2929,#5174);
#5174 = DEFINITIONAL_REPRESENTATION('',(#5175),#5178);
#5175 = B_SPLINE_CURVE_WITH_KNOTS('',1,(#5176,#5177),.UNSPECIFIED.,.F.,
  .F.,(2,2),(10.20488,10.555122905158),.PIECEWISE_BEZIER_KNOTS.);
#5176 = CARTESIAN_POINT('',(4.960897688944,-0.495));
#5177 = CARTESIAN_POINT('',(4.960897688944,-0.144757094842));
#5178 = ( GEOMETRIC_REPRESENTATION_CONTEXT(2) 
PARAMETRIC_REPRESENTATION_CONTEXT() REPRESENTATION_CONTEXT('2D SPACE',''
  ) );
#5179 = ORIENTED_EDGE('',*,*,#2228,.T.);
#5180 = ORIENTED_EDGE('',*,*,#5011,.F.);
#5181 = ORIENTED_EDGE('',*,*,#3855,.T.);
#5182 = ADVANCED_FACE('',(#5183),#3784,.F.);
#5183 = FACE_BOUND('',#5184,.F.);
#5184 = EDGE_LOOP('',(#5185,#5186,#5209,#5230));
#5185 = ORIENTED_EDGE('',*,*,#3766,.T.);
#5186 = ORIENTED_EDGE('',*,*,#5187,.T.);
#5187 = EDGE_CURVE('',#3730,#5188,#5190,.T.);
#5188 = VERTEX_POINT('',#5189);
#5189 = CARTESIAN_POINT('',(0.2232,-7.47228,2.08425));
#5190 = SURFACE_CURVE('',#5191,(#5195,#5202),.PCURVE_S1.);
#5191 = LINE('',#5192,#5193);
#5192 = CARTESIAN_POINT('',(0.2232,-7.92228,2.08425));
#5193 = VECTOR('',#5194,1.);
#5194 = DIRECTION('',(0.,1.,0.));
#5195 = PCURVE('',#3784,#5196);
#5196 = DEFINITIONAL_REPRESENTATION('',(#5197),#5201);
#5197 = LINE('',#5198,#5199);
#5198 = CARTESIAN_POINT('',(0.,0.));
#5199 = VECTOR('',#5200,1.);
#5200 = DIRECTION('',(0.,-1.));
#5201 = ( GEOMETRIC_REPRESENTATION_CONTEXT(2) 
PARAMETRIC_REPRESENTATION_CONTEXT() REPRESENTATION_CONTEXT('2D SPACE',''
  ) );
#5202 = PCURVE('',#3751,#5203);
#5203 = DEFINITIONAL_REPRESENTATION('',(#5204),#5208);
#5204 = LINE('',#5205,#5206);
#5205 = CARTESIAN_POINT('',(0.4464,0.));
#5206 = VECTOR('',#5207,1.);
#5207 = DIRECTION('',(0.,1.));
#5208 = ( GEOMETRIC_REPRESENTATION_CONTEXT(2) 
PARAMETRIC_REPRESENTATION_CONTEXT() REPRESENTATION_CONTEXT('2D SPACE',''
  ) );
#5209 = ORIENTED_EDGE('',*,*,#5210,.T.);
#5210 = EDGE_CURVE('',#5188,#5034,#5211,.T.);
#5211 = SURFACE_CURVE('',#5212,(#5216,#5223),.PCURVE_S1.);
#5212 = LINE('',#5213,#5214);
#5213 = CARTESIAN_POINT('',(0.2232,-7.47228,2.08425));
#5214 = VECTOR('',#5215,1.);
#5215 = DIRECTION('',(0.,0.,1.));
#5216 = PCURVE('',#3784,#5217);
#5217 = DEFINITIONAL_REPRESENTATION('',(#5218),#5222);
#5218 = LINE('',#5219,#5220);
#5219 = CARTESIAN_POINT('',(0.,-0.45));
#5220 = VECTOR('',#5221,1.);
#5221 = DIRECTION('',(1.,0.));
#5222 = ( GEOMETRIC_REPRESENTATION_CONTEXT(2) 
PARAMETRIC_REPRESENTATION_CONTEXT() REPRESENTATION_CONTEXT('2D SPACE',''
  ) );
#5223 = PCURVE('',#5071,#5224);
#5224 = DEFINITIONAL_REPRESENTATION('',(#5225),#5229);
#5225 = LINE('',#5226,#5227);
#5226 = CARTESIAN_POINT('',(0.,0.4464));
#5227 = VECTOR('',#5228,1.);
#5228 = DIRECTION('',(1.,0.));
#5229 = ( GEOMETRIC_REPRESENTATION_CONTEXT(2) 
PARAMETRIC_REPRESENTATION_CONTEXT() REPRESENTATION_CONTEXT('2D SPACE',''
  ) );
#5230 = ORIENTED_EDGE('',*,*,#5033,.T.);
#5231 = ADVANCED_FACE('',(#5232),#3751,.T.);
#5232 = FACE_BOUND('',#5233,.T.);
#5233 = EDGE_LOOP('',(#5234,#5257,#5258,#5259));
#5234 = ORIENTED_EDGE('',*,*,#5235,.F.);
#5235 = EDGE_CURVE('',#3696,#5236,#5238,.T.);
#5236 = VERTEX_POINT('',#5237);
#5237 = CARTESIAN_POINT('',(-0.2232,-7.47228,2.08425));
#5238 = SURFACE_CURVE('',#5239,(#5243,#5250),.PCURVE_S1.);
#5239 = LINE('',#5240,#5241);
#5240 = CARTESIAN_POINT('',(-0.2232,-7.92228,2.08425));
#5241 = VECTOR('',#5242,1.);
#5242 = DIRECTION('',(0.,1.,0.));
#5243 = PCURVE('',#3751,#5244);
#5244 = DEFINITIONAL_REPRESENTATION('',(#5245),#5249);
#5245 = LINE('',#5246,#5247);
#5246 = CARTESIAN_POINT('',(0.,0.));
#5247 = VECTOR('',#5248,1.);
#5248 = DIRECTION('',(0.,1.));
#5249 = ( GEOMETRIC_REPRESENTATION_CONTEXT(2) 
PARAMETRIC_REPRESENTATION_CONTEXT() REPRESENTATION_CONTEXT('2D SPACE',''
  ) );
#5250 = PCURVE('',#3715,#5251);
#5251 = DEFINITIONAL_REPRESENTATION('',(#5252),#5256);
#5252 = LINE('',#5253,#5254);
#5253 = CARTESIAN_POINT('',(0.,0.));
#5254 = VECTOR('',#5255,1.);
#5255 = DIRECTION('',(0.,-1.));
#5256 = ( GEOMETRIC_REPRESENTATION_CONTEXT(2) 
PARAMETRIC_REPRESENTATION_CONTEXT() REPRESENTATION_CONTEXT('2D SPACE',''
  ) );
#5257 = ORIENTED_EDGE('',*,*,#3729,.F.);
#5258 = ORIENTED_EDGE('',*,*,#5187,.T.);
#5259 = ORIENTED_EDGE('',*,*,#5260,.F.);
#5260 = EDGE_CURVE('',#5236,#5188,#5261,.T.);
#5261 = SURFACE_CURVE('',#5262,(#5266,#5273),.PCURVE_S1.);
#5262 = LINE('',#5263,#5264);
#5263 = CARTESIAN_POINT('',(-0.2232,-7.47228,2.08425));
#5264 = VECTOR('',#5265,1.);
#5265 = DIRECTION('',(1.,0.,0.));
#5266 = PCURVE('',#3751,#5267);
#5267 = DEFINITIONAL_REPRESENTATION('',(#5268),#5272);
#5268 = LINE('',#5269,#5270);
#5269 = CARTESIAN_POINT('',(0.,0.45));
#5270 = VECTOR('',#5271,1.);
#5271 = DIRECTION('',(1.,0.));
#5272 = ( GEOMETRIC_REPRESENTATION_CONTEXT(2) 
PARAMETRIC_REPRESENTATION_CONTEXT() REPRESENTATION_CONTEXT('2D SPACE',''
  ) );
#5273 = PCURVE('',#5071,#5274);
#5274 = DEFINITIONAL_REPRESENTATION('',(#5275),#5279);
#5275 = LINE('',#5276,#5277);
#5276 = CARTESIAN_POINT('',(0.,0.));
#5277 = VECTOR('',#5278,1.);
#5278 = DIRECTION('',(0.,1.));
#5279 = ( GEOMETRIC_REPRESENTATION_CONTEXT(2) 
PARAMETRIC_REPRESENTATION_CONTEXT() REPRESENTATION_CONTEXT('2D SPACE',''
  ) );
#5280 = ADVANCED_FACE('',(#5281),#3715,.T.);
#5281 = FACE_BOUND('',#5282,.T.);
#5282 = EDGE_LOOP('',(#5283,#5284,#5285,#5306));
#5283 = ORIENTED_EDGE('',*,*,#3695,.T.);
#5284 = ORIENTED_EDGE('',*,*,#5235,.T.);
#5285 = ORIENTED_EDGE('',*,*,#5286,.T.);
#5286 = EDGE_CURVE('',#5236,#5055,#5287,.T.);
#5287 = SURFACE_CURVE('',#5288,(#5292,#5299),.PCURVE_S1.);
#5288 = LINE('',#5289,#5290);
#5289 = CARTESIAN_POINT('',(-0.2232,-7.47228,2.08425));
#5290 = VECTOR('',#5291,1.);
#5291 = DIRECTION('',(0.,0.,1.));
#5292 = PCURVE('',#3715,#5293);
#5293 = DEFINITIONAL_REPRESENTATION('',(#5294),#5298);
#5294 = LINE('',#5295,#5296);
#5295 = CARTESIAN_POINT('',(0.,-0.45));
#5296 = VECTOR('',#5297,1.);
#5297 = DIRECTION('',(1.,0.));
#5298 = ( GEOMETRIC_REPRESENTATION_CONTEXT(2) 
PARAMETRIC_REPRESENTATION_CONTEXT() REPRESENTATION_CONTEXT('2D SPACE',''
  ) );
#5299 = PCURVE('',#5071,#5300);
#5300 = DEFINITIONAL_REPRESENTATION('',(#5301),#5305);
#5301 = LINE('',#5302,#5303);
#5302 = CARTESIAN_POINT('',(0.,0.));
#5303 = VECTOR('',#5304,1.);
#5304 = DIRECTION('',(1.,0.));
#5305 = ( GEOMETRIC_REPRESENTATION_CONTEXT(2) 
PARAMETRIC_REPRESENTATION_CONTEXT() REPRESENTATION_CONTEXT('2D SPACE',''
  ) );
#5306 = ORIENTED_EDGE('',*,*,#5087,.T.);
#5307 = ADVANCED_FACE('',(#5308),#3000,.T.);
#5308 = FACE_BOUND('',#5309,.T.);
#5309 = EDGE_LOOP('',(#5310,#5333,#5334,#5335));
#5310 = ORIENTED_EDGE('',*,*,#5311,.F.);
#5311 = EDGE_CURVE('',#2944,#5312,#5314,.T.);
#5312 = VERTEX_POINT('',#5313);
#5313 = CARTESIAN_POINT('',(-0.2232,-7.47228,8.63475));
#5314 = SURFACE_CURVE('',#5315,(#5319,#5326),.PCURVE_S1.);
#5315 = LINE('',#5316,#5317);
#5316 = CARTESIAN_POINT('',(-0.2232,-7.92228,8.63475));
#5317 = VECTOR('',#5318,1.);
#5318 = DIRECTION('',(0.,1.,0.));
#5319 = PCURVE('',#3000,#5320);
#5320 = DEFINITIONAL_REPRESENTATION('',(#5321),#5325);
#5321 = LINE('',#5322,#5323);
#5322 = CARTESIAN_POINT('',(6.5505,0.));
#5323 = VECTOR('',#5324,1.);
#5324 = DIRECTION('',(0.,-1.));
#5325 = ( GEOMETRIC_REPRESENTATION_CONTEXT(2) 
PARAMETRIC_REPRESENTATION_CONTEXT() REPRESENTATION_CONTEXT('2D SPACE',''
  ) );
#5326 = PCURVE('',#2965,#5327);
#5327 = DEFINITIONAL_REPRESENTATION('',(#5328),#5332);
#5328 = LINE('',#5329,#5330);
#5329 = CARTESIAN_POINT('',(0.,0.));
#5330 = VECTOR('',#5331,1.);
#5331 = DIRECTION('',(0.,1.));
#5332 = ( GEOMETRIC_REPRESENTATION_CONTEXT(2) 
PARAMETRIC_REPRESENTATION_CONTEXT() REPRESENTATION_CONTEXT('2D SPACE',''
  ) );
#5333 = ORIENTED_EDGE('',*,*,#2980,.T.);
#5334 = ORIENTED_EDGE('',*,*,#5107,.F.);
#5335 = ORIENTED_EDGE('',*,*,#5336,.T.);
#5336 = EDGE_CURVE('',#5108,#5312,#5337,.T.);
#5337 = SURFACE_CURVE('',#5338,(#5342,#5349),.PCURVE_S1.);
#5338 = LINE('',#5339,#5340);
#5339 = CARTESIAN_POINT('',(-0.2232,-7.47228,2.08425));
#5340 = VECTOR('',#5341,1.);
#5341 = DIRECTION('',(0.,0.,1.));
#5342 = PCURVE('',#3000,#5343);
#5343 = DEFINITIONAL_REPRESENTATION('',(#5344),#5348);
#5344 = LINE('',#5345,#5346);
#5345 = CARTESIAN_POINT('',(0.,-0.45));
#5346 = VECTOR('',#5347,1.);
#5347 = DIRECTION('',(1.,0.));
#5348 = ( GEOMETRIC_REPRESENTATION_CONTEXT(2) 
PARAMETRIC_REPRESENTATION_CONTEXT() REPRESENTATION_CONTEXT('2D SPACE',''
  ) );
#5349 = PCURVE('',#5145,#5350);
#5350 = DEFINITIONAL_REPRESENTATION('',(#5351),#5355);
#5351 = LINE('',#5352,#5353);
#5352 = CARTESIAN_POINT('',(0.,0.));
#5353 = VECTOR('',#5354,1.);
#5354 = DIRECTION('',(1.,0.));
#5355 = ( GEOMETRIC_REPRESENTATION_CONTEXT(2) 
PARAMETRIC_REPRESENTATION_CONTEXT() REPRESENTATION_CONTEXT('2D SPACE',''
  ) );
#5356 = ADVANCED_FACE('',(#5357),#2965,.F.);
#5357 = FACE_BOUND('',#5358,.F.);
#5358 = EDGE_LOOP('',(#5359,#5360,#5361,#5384));
#5359 = ORIENTED_EDGE('',*,*,#5311,.F.);
#5360 = ORIENTED_EDGE('',*,*,#2943,.F.);
#5361 = ORIENTED_EDGE('',*,*,#5362,.T.);
#5362 = EDGE_CURVE('',#2910,#5363,#5365,.T.);
#5363 = VERTEX_POINT('',#5364);
#5364 = CARTESIAN_POINT('',(0.2232,-7.47228,8.63475));
#5365 = SURFACE_CURVE('',#5366,(#5370,#5377),.PCURVE_S1.);
#5366 = LINE('',#5367,#5368);
#5367 = CARTESIAN_POINT('',(0.2232,-7.92228,8.63475));
#5368 = VECTOR('',#5369,1.);
#5369 = DIRECTION('',(0.,1.,0.));
#5370 = PCURVE('',#2965,#5371);
#5371 = DEFINITIONAL_REPRESENTATION('',(#5372),#5376);
#5372 = LINE('',#5373,#5374);
#5373 = CARTESIAN_POINT('',(0.4464,0.));
#5374 = VECTOR('',#5375,1.);
#5375 = DIRECTION('',(0.,1.));
#5376 = ( GEOMETRIC_REPRESENTATION_CONTEXT(2) 
PARAMETRIC_REPRESENTATION_CONTEXT() REPRESENTATION_CONTEXT('2D SPACE',''
  ) );
#5377 = PCURVE('',#2929,#5378);
#5378 = DEFINITIONAL_REPRESENTATION('',(#5379),#5383);
#5379 = LINE('',#5380,#5381);
#5380 = CARTESIAN_POINT('',(6.5505,0.));
#5381 = VECTOR('',#5382,1.);
#5382 = DIRECTION('',(0.,-1.));
#5383 = ( GEOMETRIC_REPRESENTATION_CONTEXT(2) 
PARAMETRIC_REPRESENTATION_CONTEXT() REPRESENTATION_CONTEXT('2D SPACE',''
  ) );
#5384 = ORIENTED_EDGE('',*,*,#5385,.F.);
#5385 = EDGE_CURVE('',#5312,#5363,#5386,.T.);
#5386 = SURFACE_CURVE('',#5387,(#5391,#5398),.PCURVE_S1.);
#5387 = LINE('',#5388,#5389);
#5388 = CARTESIAN_POINT('',(-0.2232,-7.47228,8.63475));
#5389 = VECTOR('',#5390,1.);
#5390 = DIRECTION('',(1.,0.,0.));
#5391 = PCURVE('',#2965,#5392);
#5392 = DEFINITIONAL_REPRESENTATION('',(#5393),#5397);
#5393 = LINE('',#5394,#5395);
#5394 = CARTESIAN_POINT('',(0.,0.45));
#5395 = VECTOR('',#5396,1.);
#5396 = DIRECTION('',(1.,0.));
#5397 = ( GEOMETRIC_REPRESENTATION_CONTEXT(2) 
PARAMETRIC_REPRESENTATION_CONTEXT() REPRESENTATION_CONTEXT('2D SPACE',''
  ) );
#5398 = PCURVE('',#5145,#5399);
#5399 = DEFINITIONAL_REPRESENTATION('',(#5400),#5404);
#5400 = LINE('',#5401,#5402);
#5401 = CARTESIAN_POINT('',(6.5505,0.));
#5402 = VECTOR('',#5403,1.);
#5403 = DIRECTION('',(0.,1.));
#5404 = ( GEOMETRIC_REPRESENTATION_CONTEXT(2) 
PARAMETRIC_REPRESENTATION_CONTEXT() REPRESENTATION_CONTEXT('2D SPACE',''
  ) );
#5405 = ADVANCED_FACE('',(#5406),#2929,.F.);
#5406 = FACE_BOUND('',#5407,.F.);
#5407 = EDGE_LOOP('',(#5408,#5409,#5410,#5411));
#5408 = ORIENTED_EDGE('',*,*,#5362,.F.);
#5409 = ORIENTED_EDGE('',*,*,#2909,.T.);
#5410 = ORIENTED_EDGE('',*,*,#5161,.F.);
#5411 = ORIENTED_EDGE('',*,*,#5412,.T.);
#5412 = EDGE_CURVE('',#5129,#5363,#5413,.T.);
#5413 = SURFACE_CURVE('',#5414,(#5418,#5425),.PCURVE_S1.);
#5414 = LINE('',#5415,#5416);
#5415 = CARTESIAN_POINT('',(0.2232,-7.47228,2.08425));
#5416 = VECTOR('',#5417,1.);
#5417 = DIRECTION('',(0.,0.,1.));
#5418 = PCURVE('',#2929,#5419);
#5419 = DEFINITIONAL_REPRESENTATION('',(#5420),#5424);
#5420 = LINE('',#5421,#5422);
#5421 = CARTESIAN_POINT('',(0.,-0.45));
#5422 = VECTOR('',#5423,1.);
#5423 = DIRECTION('',(1.,0.));
#5424 = ( GEOMETRIC_REPRESENTATION_CONTEXT(2) 
PARAMETRIC_REPRESENTATION_CONTEXT() REPRESENTATION_CONTEXT('2D SPACE',''
  ) );
#5425 = PCURVE('',#5145,#5426);
#5426 = DEFINITIONAL_REPRESENTATION('',(#5427),#5431);
#5427 = LINE('',#5428,#5429);
#5428 = CARTESIAN_POINT('',(0.,0.4464));
#5429 = VECTOR('',#5430,1.);
#5430 = DIRECTION('',(1.,0.));
#5431 = ( GEOMETRIC_REPRESENTATION_CONTEXT(2) 
PARAMETRIC_REPRESENTATION_CONTEXT() REPRESENTATION_CONTEXT('2D SPACE',''
  ) );
#5432 = ADVANCED_FACE('',(#5433),#3840,.F.);
#5433 = FACE_BOUND('',#5434,.F.);
#5434 = EDGE_LOOP('',(#5435));
#5435 = ORIENTED_EDGE('',*,*,#3825,.T.);
#5436 = ADVANCED_FACE('',(#5437),#4292,.F.);
#5437 = FACE_BOUND('',#5438,.F.);
#5438 = EDGE_LOOP('',(#5439,#5462,#5463,#5484,#5513,#5532,#5533,#5534));
#5439 = ORIENTED_EDGE('',*,*,#5440,.T.);
#5440 = EDGE_CURVE('',#5441,#4008,#5443,.T.);
#5441 = VERTEX_POINT('',#5442);
#5442 = CARTESIAN_POINT('',(6.0662784,-1.485809685059E-15,11.49315));
#5443 = SEAM_CURVE('',#5444,(#5448,#5455),.PCURVE_S1.);
#5444 = LINE('',#5445,#5446);
#5445 = CARTESIAN_POINT('',(6.0662784,-1.485809685059E-15,11.49315));
#5446 = VECTOR('',#5447,1.);
#5447 = DIRECTION('',(0.,0.,1.));
#5448 = PCURVE('',#4292,#5449);
#5449 = DEFINITIONAL_REPRESENTATION('',(#5450),#5454);
#5450 = LINE('',#5451,#5452);
#5451 = CARTESIAN_POINT('',(6.28318530718,-0.));
#5452 = VECTOR('',#5453,1.);
#5453 = DIRECTION('',(0.,1.));
#5454 = ( GEOMETRIC_REPRESENTATION_CONTEXT(2) 
PARAMETRIC_REPRESENTATION_CONTEXT() REPRESENTATION_CONTEXT('2D SPACE',''
  ) );
#5455 = PCURVE('',#4292,#5456);
#5456 = DEFINITIONAL_REPRESENTATION('',(#5457),#5461);
#5457 = LINE('',#5458,#5459);
#5458 = CARTESIAN_POINT('',(0.,-0.));
#5459 = VECTOR('',#5460,1.);
#5460 = DIRECTION('',(0.,1.));
#5461 = ( GEOMETRIC_REPRESENTATION_CONTEXT(2) 
PARAMETRIC_REPRESENTATION_CONTEXT() REPRESENTATION_CONTEXT('2D SPACE',''
  ) );
#5462 = ORIENTED_EDGE('',*,*,#4007,.T.);
#5463 = ORIENTED_EDGE('',*,*,#5464,.F.);
#5464 = EDGE_CURVE('',#5465,#4010,#5467,.T.);
#5465 = VERTEX_POINT('',#5466);
#5466 = CARTESIAN_POINT('',(0.2976,-6.058974159567,11.5527));
#5467 = SURFACE_CURVE('',#5468,(#5472,#5478),.PCURVE_S1.);
#5468 = LINE('',#5469,#5470);
#5469 = CARTESIAN_POINT('',(0.2976,-6.058974159567,11.49315));
#5470 = VECTOR('',#5471,1.);
#5471 = DIRECTION('',(0.,0.,1.));
#5472 = PCURVE('',#4292,#5473);
#5473 = DEFINITIONAL_REPRESENTATION('',(#5474),#5477);
#5474 = B_SPLINE_CURVE_WITH_KNOTS('',1,(#5475,#5476),.UNSPECIFIED.,.F.,
  .F.,(2,2),(1.582E-02,0.4168506),.PIECEWISE_BEZIER_KNOTS.);
#5475 = CARTESIAN_POINT('',(4.761466764479,1.582E-02));
#5476 = CARTESIAN_POINT('',(4.761466764479,0.4168506));
#5477 = ( GEOMETRIC_REPRESENTATION_CONTEXT(2) 
PARAMETRIC_REPRESENTATION_CONTEXT() REPRESENTATION_CONTEXT('2D SPACE',''
  ) );
#5478 = PCURVE('',#4993,#5479);
#5479 = DEFINITIONAL_REPRESENTATION('',(#5480),#5483);
#5480 = B_SPLINE_CURVE_WITH_KNOTS('',1,(#5481,#5482),.UNSPECIFIED.,.F.,
  .F.,(2,2),(1.582E-02,0.4168506),.PIECEWISE_BEZIER_KNOTS.);
#5481 = CARTESIAN_POINT('',(-4.373E-02,-0.488225840433));
#5482 = CARTESIAN_POINT('',(0.3573006,-0.488225840433));
#5483 = ( GEOMETRIC_REPRESENTATION_CONTEXT(2) 
PARAMETRIC_REPRESENTATION_CONTEXT() REPRESENTATION_CONTEXT('2D SPACE',''
  ) );
#5484 = ORIENTED_EDGE('',*,*,#5485,.F.);
#5485 = EDGE_CURVE('',#5486,#5465,#5488,.T.);
#5486 = VERTEX_POINT('',#5487);
#5487 = CARTESIAN_POINT('',(-0.2976,-6.058974159567,11.5527));
#5488 = SURFACE_CURVE('',#5489,(#5494,#5501),.PCURVE_S1.);
#5489 = CIRCLE('',#5490,6.0662784);
#5490 = AXIS2_PLACEMENT_3D('',#5491,#5492,#5493);
#5491 = CARTESIAN_POINT('',(0.,0.,11.5527));
#5492 = DIRECTION('',(0.,0.,1.));
#5493 = DIRECTION('',(1.,0.,-0.));
#5494 = PCURVE('',#4292,#5495);
#5495 = DEFINITIONAL_REPRESENTATION('',(#5496),#5500);
#5496 = LINE('',#5497,#5498);
#5497 = CARTESIAN_POINT('',(0.,5.955E-02));
#5498 = VECTOR('',#5499,1.);
#5499 = DIRECTION('',(1.,0.));
#5500 = ( GEOMETRIC_REPRESENTATION_CONTEXT(2) 
PARAMETRIC_REPRESENTATION_CONTEXT() REPRESENTATION_CONTEXT('2D SPACE',''
  ) );
#5501 = PCURVE('',#5502,#5507);
#5502 = PLANE('',#5503);
#5503 = AXIS2_PLACEMENT_3D('',#5504,#5505,#5506);
#5504 = CARTESIAN_POINT('',(-0.2976,-6.5472,11.5527));
#5505 = DIRECTION('',(0.,0.,1.));
#5506 = DIRECTION('',(1.,0.,0.));
#5507 = DEFINITIONAL_REPRESENTATION('',(#5508),#5512);
#5508 = CIRCLE('',#5509,6.0662784);
#5509 = AXIS2_PLACEMENT_2D('',#5510,#5511);
#5510 = CARTESIAN_POINT('',(0.2976,6.5472));
#5511 = DIRECTION('',(1.,0.));
#5512 = ( GEOMETRIC_REPRESENTATION_CONTEXT(2) 
PARAMETRIC_REPRESENTATION_CONTEXT() REPRESENTATION_CONTEXT('2D SPACE',''
  ) );
#5513 = ORIENTED_EDGE('',*,*,#5514,.T.);
#5514 = EDGE_CURVE('',#5486,#4459,#5515,.T.);
#5515 = SURFACE_CURVE('',#5516,(#5520,#5526),.PCURVE_S1.);
#5516 = LINE('',#5517,#5518);
#5517 = CARTESIAN_POINT('',(-0.2976,-6.058974159567,11.49315));
#5518 = VECTOR('',#5519,1.);
#5519 = DIRECTION('',(0.,0.,1.));
#5520 = PCURVE('',#4292,#5521);
#5521 = DEFINITIONAL_REPRESENTATION('',(#5522),#5525);
#5522 = B_SPLINE_CURVE_WITH_KNOTS('',1,(#5523,#5524),.UNSPECIFIED.,.F.,
  .F.,(2,2),(1.582E-02,0.4168506),.PIECEWISE_BEZIER_KNOTS.);
#5523 = CARTESIAN_POINT('',(4.66331119629,1.582E-02));
#5524 = CARTESIAN_POINT('',(4.66331119629,0.4168506));
#5525 = ( GEOMETRIC_REPRESENTATION_CONTEXT(2) 
PARAMETRIC_REPRESENTATION_CONTEXT() REPRESENTATION_CONTEXT('2D SPACE',''
  ) );
#5526 = PCURVE('',#4924,#5527);
#5527 = DEFINITIONAL_REPRESENTATION('',(#5528),#5531);
#5528 = B_SPLINE_CURVE_WITH_KNOTS('',1,(#5529,#5530),.UNSPECIFIED.,.F.,
  .F.,(2,2),(1.582E-02,0.4168506),.PIECEWISE_BEZIER_KNOTS.);
#5529 = CARTESIAN_POINT('',(-4.373E-02,-0.488225840433));
#5530 = CARTESIAN_POINT('',(0.3573006,-0.488225840433));
#5531 = ( GEOMETRIC_REPRESENTATION_CONTEXT(2) 
PARAMETRIC_REPRESENTATION_CONTEXT() REPRESENTATION_CONTEXT('2D SPACE',''
  ) );
#5532 = ORIENTED_EDGE('',*,*,#4458,.T.);
#5533 = ORIENTED_EDGE('',*,*,#5440,.F.);
#5534 = ORIENTED_EDGE('',*,*,#5535,.T.);
#5535 = EDGE_CURVE('',#5441,#5441,#5536,.T.);
#5536 = SURFACE_CURVE('',#5537,(#5542,#5549),.PCURVE_S1.);
#5537 = CIRCLE('',#5538,6.0662784);
#5538 = AXIS2_PLACEMENT_3D('',#5539,#5540,#5541);
#5539 = CARTESIAN_POINT('',(0.,0.,11.49315));
#5540 = DIRECTION('',(0.,0.,1.));
#5541 = DIRECTION('',(1.,0.,0.));
#5542 = PCURVE('',#4292,#5543);
#5543 = DEFINITIONAL_REPRESENTATION('',(#5544),#5548);
#5544 = LINE('',#5545,#5546);
#5545 = CARTESIAN_POINT('',(0.,0.));
#5546 = VECTOR('',#5547,1.);
#5547 = DIRECTION('',(1.,0.));
#5548 = ( GEOMETRIC_REPRESENTATION_CONTEXT(2) 
PARAMETRIC_REPRESENTATION_CONTEXT() REPRESENTATION_CONTEXT('2D SPACE',''
  ) );
#5549 = PCURVE('',#5550,#5555);
#5550 = PLANE('',#5551);
#5551 = AXIS2_PLACEMENT_3D('',#5552,#5553,#5554);
#5552 = CARTESIAN_POINT('',(0.,0.,11.49315));
#5553 = DIRECTION('',(0.,0.,1.));
#5554 = DIRECTION('',(1.,0.,0.));
#5555 = DEFINITIONAL_REPRESENTATION('',(#5556),#5560);
#5556 = CIRCLE('',#5557,6.0662784);
#5557 = AXIS2_PLACEMENT_2D('',#5558,#5559);
#5558 = CARTESIAN_POINT('',(0.,0.));
#5559 = DIRECTION('',(1.,0.));
#5560 = ( GEOMETRIC_REPRESENTATION_CONTEXT(2) 
PARAMETRIC_REPRESENTATION_CONTEXT() REPRESENTATION_CONTEXT('2D SPACE',''
  ) );
#5561 = ADVANCED_FACE('',(#5562),#4993,.F.);
#5562 = FACE_BOUND('',#5563,.F.);
#5563 = EDGE_LOOP('',(#5564,#5587,#5608,#5609));
#5564 = ORIENTED_EDGE('',*,*,#5565,.F.);
#5565 = EDGE_CURVE('',#5566,#4940,#5568,.T.);
#5566 = VERTEX_POINT('',#5567);
#5567 = CARTESIAN_POINT('',(0.2976,-6.5472,11.5527));
#5568 = SURFACE_CURVE('',#5569,(#5573,#5580),.PCURVE_S1.);
#5569 = LINE('',#5570,#5571);
#5570 = CARTESIAN_POINT('',(0.2976,-6.5472,11.5527));
#5571 = VECTOR('',#5572,1.);
#5572 = DIRECTION('',(0.,0.,1.));
#5573 = PCURVE('',#4993,#5574);
#5574 = DEFINITIONAL_REPRESENTATION('',(#5575),#5579);
#5575 = LINE('',#5576,#5577);
#5576 = CARTESIAN_POINT('',(0.,0.));
#5577 = VECTOR('',#5578,1.);
#5578 = DIRECTION('',(1.,0.));
#5579 = ( GEOMETRIC_REPRESENTATION_CONTEXT(2) 
PARAMETRIC_REPRESENTATION_CONTEXT() REPRESENTATION_CONTEXT('2D SPACE',''
  ) );
#5580 = PCURVE('',#4959,#5581);
#5581 = DEFINITIONAL_REPRESENTATION('',(#5582),#5586);
#5582 = LINE('',#5583,#5584);
#5583 = CARTESIAN_POINT('',(0.,0.5952));
#5584 = VECTOR('',#5585,1.);
#5585 = DIRECTION('',(1.,0.));
#5586 = ( GEOMETRIC_REPRESENTATION_CONTEXT(2) 
PARAMETRIC_REPRESENTATION_CONTEXT() REPRESENTATION_CONTEXT('2D SPACE',''
  ) );
#5587 = ORIENTED_EDGE('',*,*,#5588,.T.);
#5588 = EDGE_CURVE('',#5566,#5465,#5589,.T.);
#5589 = SURFACE_CURVE('',#5590,(#5594,#5601),.PCURVE_S1.);
#5590 = LINE('',#5591,#5592);
#5591 = CARTESIAN_POINT('',(0.2976,-6.5472,11.5527));
#5592 = VECTOR('',#5593,1.);
#5593 = DIRECTION('',(0.,1.,0.));
#5594 = PCURVE('',#4993,#5595);
#5595 = DEFINITIONAL_REPRESENTATION('',(#5596),#5600);
#5596 = LINE('',#5597,#5598);
#5597 = CARTESIAN_POINT('',(0.,0.));
#5598 = VECTOR('',#5599,1.);
#5599 = DIRECTION('',(0.,-1.));
#5600 = ( GEOMETRIC_REPRESENTATION_CONTEXT(2) 
PARAMETRIC_REPRESENTATION_CONTEXT() REPRESENTATION_CONTEXT('2D SPACE',''
  ) );
#5601 = PCURVE('',#5502,#5602);
#5602 = DEFINITIONAL_REPRESENTATION('',(#5603),#5607);
#5603 = LINE('',#5604,#5605);
#5604 = CARTESIAN_POINT('',(0.5952,0.));
#5605 = VECTOR('',#5606,1.);
#5606 = DIRECTION('',(0.,1.));
#5607 = ( GEOMETRIC_REPRESENTATION_CONTEXT(2) 
PARAMETRIC_REPRESENTATION_CONTEXT() REPRESENTATION_CONTEXT('2D SPACE',''
  ) );
#5608 = ORIENTED_EDGE('',*,*,#5464,.T.);
#5609 = ORIENTED_EDGE('',*,*,#4973,.T.);
#5610 = ADVANCED_FACE('',(#5611),#4959,.T.);
#5611 = FACE_BOUND('',#5612,.T.);
#5612 = EDGE_LOOP('',(#5613,#5614,#5637,#5658));
#5613 = ORIENTED_EDGE('',*,*,#5565,.F.);
#5614 = ORIENTED_EDGE('',*,*,#5615,.F.);
#5615 = EDGE_CURVE('',#5616,#5566,#5618,.T.);
#5616 = VERTEX_POINT('',#5617);
#5617 = CARTESIAN_POINT('',(-0.2976,-6.5472,11.5527));
#5618 = SURFACE_CURVE('',#5619,(#5623,#5630),.PCURVE_S1.);
#5619 = LINE('',#5620,#5621);
#5620 = CARTESIAN_POINT('',(-0.2976,-6.5472,11.5527));
#5621 = VECTOR('',#5622,1.);
#5622 = DIRECTION('',(1.,0.,0.));
#5623 = PCURVE('',#4959,#5624);
#5624 = DEFINITIONAL_REPRESENTATION('',(#5625),#5629);
#5625 = LINE('',#5626,#5627);
#5626 = CARTESIAN_POINT('',(0.,0.));
#5627 = VECTOR('',#5628,1.);
#5628 = DIRECTION('',(0.,1.));
#5629 = ( GEOMETRIC_REPRESENTATION_CONTEXT(2) 
PARAMETRIC_REPRESENTATION_CONTEXT() REPRESENTATION_CONTEXT('2D SPACE',''
  ) );
#5630 = PCURVE('',#5502,#5631);
#5631 = DEFINITIONAL_REPRESENTATION('',(#5632),#5636);
#5632 = LINE('',#5633,#5634);
#5633 = CARTESIAN_POINT('',(0.,0.));
#5634 = VECTOR('',#5635,1.);
#5635 = DIRECTION('',(1.,0.));
#5636 = ( GEOMETRIC_REPRESENTATION_CONTEXT(2) 
PARAMETRIC_REPRESENTATION_CONTEXT() REPRESENTATION_CONTEXT('2D SPACE',''
  ) );
#5637 = ORIENTED_EDGE('',*,*,#5638,.T.);
#5638 = EDGE_CURVE('',#5616,#4903,#5639,.T.);
#5639 = SURFACE_CURVE('',#5640,(#5644,#5651),.PCURVE_S1.);
#5640 = LINE('',#5641,#5642);
#5641 = CARTESIAN_POINT('',(-0.2976,-6.5472,11.5527));
#5642 = VECTOR('',#5643,1.);
#5643 = DIRECTION('',(0.,0.,1.));
#5644 = PCURVE('',#4959,#5645);
#5645 = DEFINITIONAL_REPRESENTATION('',(#5646),#5650);
#5646 = LINE('',#5647,#5648);
#5647 = CARTESIAN_POINT('',(0.,0.));
#5648 = VECTOR('',#5649,1.);
#5649 = DIRECTION('',(1.,0.));
#5650 = ( GEOMETRIC_REPRESENTATION_CONTEXT(2) 
PARAMETRIC_REPRESENTATION_CONTEXT() REPRESENTATION_CONTEXT('2D SPACE',''
  ) );
#5651 = PCURVE('',#4924,#5652);
#5652 = DEFINITIONAL_REPRESENTATION('',(#5653),#5657);
#5653 = LINE('',#5654,#5655);
#5654 = CARTESIAN_POINT('',(0.,0.));
#5655 = VECTOR('',#5656,1.);
#5656 = DIRECTION('',(1.,0.));
#5657 = ( GEOMETRIC_REPRESENTATION_CONTEXT(2) 
PARAMETRIC_REPRESENTATION_CONTEXT() REPRESENTATION_CONTEXT('2D SPACE',''
  ) );
#5658 = ORIENTED_EDGE('',*,*,#4939,.F.);
#5659 = ADVANCED_FACE('',(#5660),#4924,.T.);
#5660 = FACE_BOUND('',#5661,.T.);
#5661 = EDGE_LOOP('',(#5662,#5663,#5684,#5685));
#5662 = ORIENTED_EDGE('',*,*,#5638,.F.);
#5663 = ORIENTED_EDGE('',*,*,#5664,.T.);
#5664 = EDGE_CURVE('',#5616,#5486,#5665,.T.);
#5665 = SURFACE_CURVE('',#5666,(#5670,#5677),.PCURVE_S1.);
#5666 = LINE('',#5667,#5668);
#5667 = CARTESIAN_POINT('',(-0.2976,-6.5472,11.5527));
#5668 = VECTOR('',#5669,1.);
#5669 = DIRECTION('',(0.,1.,0.));
#5670 = PCURVE('',#4924,#5671);
#5671 = DEFINITIONAL_REPRESENTATION('',(#5672),#5676);
#5672 = LINE('',#5673,#5674);
#5673 = CARTESIAN_POINT('',(0.,0.));
#5674 = VECTOR('',#5675,1.);
#5675 = DIRECTION('',(0.,-1.));
#5676 = ( GEOMETRIC_REPRESENTATION_CONTEXT(2) 
PARAMETRIC_REPRESENTATION_CONTEXT() REPRESENTATION_CONTEXT('2D SPACE',''
  ) );
#5677 = PCURVE('',#5502,#5678);
#5678 = DEFINITIONAL_REPRESENTATION('',(#5679),#5683);
#5679 = LINE('',#5680,#5681);
#5680 = CARTESIAN_POINT('',(0.,0.));
#5681 = VECTOR('',#5682,1.);
#5682 = DIRECTION('',(0.,1.));
#5683 = ( GEOMETRIC_REPRESENTATION_CONTEXT(2) 
PARAMETRIC_REPRESENTATION_CONTEXT() REPRESENTATION_CONTEXT('2D SPACE',''
  ) );
#5684 = ORIENTED_EDGE('',*,*,#5514,.T.);
#5685 = ORIENTED_EDGE('',*,*,#4902,.T.);
#5686 = ADVANCED_FACE('',(#5687),#5145,.F.);
#5687 = FACE_BOUND('',#5688,.F.);
#5688 = EDGE_LOOP('',(#5689,#5690,#5691,#5692));
#5689 = ORIENTED_EDGE('',*,*,#5412,.F.);
#5690 = ORIENTED_EDGE('',*,*,#5128,.T.);
#5691 = ORIENTED_EDGE('',*,*,#5336,.T.);
#5692 = ORIENTED_EDGE('',*,*,#5385,.T.);
#5693 = ADVANCED_FACE('',(#5694),#5071,.F.);
#5694 = FACE_BOUND('',#5695,.F.);
#5695 = EDGE_LOOP('',(#5696,#5697,#5698,#5699));
#5696 = ORIENTED_EDGE('',*,*,#5210,.F.);
#5697 = ORIENTED_EDGE('',*,*,#5260,.F.);
#5698 = ORIENTED_EDGE('',*,*,#5286,.T.);
#5699 = ORIENTED_EDGE('',*,*,#5054,.T.);
#5700 = ADVANCED_FACE('',(#5701),#5550,.T.);
#5701 = FACE_BOUND('',#5702,.F.);
#5702 = EDGE_LOOP('',(#5703));
#5703 = ORIENTED_EDGE('',*,*,#5535,.F.);
#5704 = ADVANCED_FACE('',(#5705),#5502,.T.);
#5705 = FACE_BOUND('',#5706,.T.);
#5706 = EDGE_LOOP('',(#5707,#5708,#5709,#5710));
#5707 = ORIENTED_EDGE('',*,*,#5664,.F.);
#5708 = ORIENTED_EDGE('',*,*,#5615,.T.);
#5709 = ORIENTED_EDGE('',*,*,#5588,.T.);
#5710 = ORIENTED_EDGE('',*,*,#5485,.F.);
#5711 = ( GEOMETRIC_REPRESENTATION_CONTEXT(3) 
GLOBAL_UNCERTAINTY_ASSIGNED_CONTEXT((#5715)) 
GLOBAL_UNIT_ASSIGNED_CONTEXT((#5712,#5713,#5714)) REPRESENTATION_CONTEXT
('Context #1','3D Context with UNIT and UNCERTAINTY') );
#5712 = ( LENGTH_UNIT() NAMED_UNIT(*) SI_UNIT(.MILLI.,.METRE.) );
#5713 = ( NAMED_UNIT(*) PLANE_ANGLE_UNIT() SI_UNIT($,.RADIAN.) );
#5714 = ( NAMED_UNIT(*) SI_UNIT($,.STERADIAN.) SOLID_ANGLE_UNIT() );
#5715 = UNCERTAINTY_MEASURE_WITH_UNIT(LENGTH_MEASURE(1.E-05),#5712,
  'distance_accuracy_value','confusion accuracy');
#5716 = PRODUCT_RELATED_PRODUCT_CATEGORY('part',$,(#7));

#5717=DESCRIPTIVE_REPRESENTATION_ITEM('cadpy:generator','cadpy');
#5718=REPRESENTATION('cadpy:generator',(#5717),#5711);
#5719=PROPERTY_DEFINITION('cadpy metadata','cadpy:generator',#5);
#5720=PROPERTY_DEFINITION_REPRESENTATION(#5719,#5718);
#5721=DESCRIPTIVE_REPRESENTATION_ITEM('cadpy:entryKind','part');
#5722=REPRESENTATION('cadpy:entryKind',(#5721),#5711);
#5723=PROPERTY_DEFINITION('cadpy metadata','cadpy:entryKind',#5);
#5724=PROPERTY_DEFINITION_REPRESENTATION(#5723,#5722);
#5725=DESCRIPTIVE_REPRESENTATION_ITEM('cadpy:sourcePath','davies-1100.py');
#5726=REPRESENTATION('cadpy:sourcePath',(#5725),#5711);
#5727=PROPERTY_DEFINITION('cadpy metadata','cadpy:sourcePath',#5);
#5728=PROPERTY_DEFINITION_REPRESENTATION(#5727,#5726);
#5729=DESCRIPTIVE_REPRESENTATION_ITEM('cadpy:sourceHash','f2a67d55168d4a0d2b1653414f08a577aa719a5aa7b2504cc3aab0b0ca1304a1');
#5730=REPRESENTATION('cadpy:sourceHash',(#5729),#5711);
#5731=PROPERTY_DEFINITION('cadpy metadata','cadpy:sourceHash',#5);
#5732=PROPERTY_DEFINITION_REPRESENTATION(#5731,#5730);
ENDSEC;
END-ISO-10303-21;
