ISO-10303-21;
HEADER;
FILE_DESCRIPTION(('Open CASCADE Model'),'2;1');
FILE_NAME('davies_1550ag_reference_knob','2026-06-17T20:50:37',('Author'
    ),('Open CASCADE'),'Open CASCADE STEP processor 7.8','cadpy',
  'Unknown');
FILE_SCHEMA(('AUTOMOTIVE_DESIGN { 1 0 10303 214 1 1 1 1 }'));
ENDSEC;
DATA;
#1 = APPLICATION_PROTOCOL_DEFINITION('international standard',
  'automotive_design',2000,#2);
#2 = APPLICATION_CONTEXT(
  'core data for automotive mechanical design processes');
#3 = SHAPE_DEFINITION_REPRESENTATION(#4,#10);
#4 = PRODUCT_DEFINITION_SHAPE('','',#5);
#5 = PRODUCT_DEFINITION('design','',#6,#9);
#6 = PRODUCT_DEFINITION_FORMATION('','',#7);
#7 = PRODUCT('davies_1550ag_reference_knob',
  'davies_1550ag_reference_knob','',(#8));
#8 = PRODUCT_CONTEXT('',#2,'mechanical');
#9 = PRODUCT_DEFINITION_CONTEXT('part definition',#2,'design');
#10 = ADVANCED_BREP_SHAPE_REPRESENTATION('',(#11,#15),#2493);
#11 = AXIS2_PLACEMENT_3D('',#12,#13,#14);
#12 = CARTESIAN_POINT('',(0.,0.,0.));
#13 = DIRECTION('',(0.,0.,1.));
#14 = DIRECTION('',(1.,0.,-0.));
#15 = MANIFOLD_SOLID_BREP('',#16);
#16 = CLOSED_SHELL('',(#17,#105,#339,#374,#451,#747,#797,#846,#896,#945,
    #995,#1022,#1666,#1783,#1958,#2007,#2056,#2083,#2132,#2181,#2208,
    #2212,#2267,#2343,#2392,#2441,#2468,#2475,#2482,#2486));
#17 = ADVANCED_FACE('',(#18),#31,.T.);
#18 = FACE_BOUND('',#19,.T.);
#19 = EDGE_LOOP('',(#20,#54,#77,#104));
#20 = ORIENTED_EDGE('',*,*,#21,.F.);
#21 = EDGE_CURVE('',#22,#22,#24,.T.);
#22 = VERTEX_POINT('',#23);
#23 = CARTESIAN_POINT('',(14.67,-3.593113708698E-15,2.205));
#24 = SURFACE_CURVE('',#25,(#30,#42),.PCURVE_S1.);
#25 = CIRCLE('',#26,14.67);
#26 = AXIS2_PLACEMENT_3D('',#27,#28,#29);
#27 = CARTESIAN_POINT('',(0.,0.,2.205));
#28 = DIRECTION('',(0.,0.,1.));
#29 = DIRECTION('',(1.,0.,0.));
#30 = PCURVE('',#31,#36);
#31 = CYLINDRICAL_SURFACE('',#32,14.67);
#32 = AXIS2_PLACEMENT_3D('',#33,#34,#35);
#33 = CARTESIAN_POINT('',(0.,0.,0.));
#34 = DIRECTION('',(0.,0.,1.));
#35 = DIRECTION('',(1.,0.,0.));
#36 = DEFINITIONAL_REPRESENTATION('',(#37),#41);
#37 = LINE('',#38,#39);
#38 = CARTESIAN_POINT('',(0.,2.205));
#39 = VECTOR('',#40,1.);
#40 = DIRECTION('',(1.,0.));
#41 = ( GEOMETRIC_REPRESENTATION_CONTEXT(2) 
PARAMETRIC_REPRESENTATION_CONTEXT() REPRESENTATION_CONTEXT('2D SPACE',''
  ) );
#42 = PCURVE('',#43,#48);
#43 = PLANE('',#44);
#44 = AXIS2_PLACEMENT_3D('',#45,#46,#47);
#45 = CARTESIAN_POINT('',(0.,0.,2.205));
#46 = DIRECTION('',(0.,0.,1.));
#47 = DIRECTION('',(1.,0.,0.));
#48 = DEFINITIONAL_REPRESENTATION('',(#49),#53);
#49 = CIRCLE('',#50,14.67);
#50 = AXIS2_PLACEMENT_2D('',#51,#52);
#51 = CARTESIAN_POINT('',(0.,0.));
#52 = DIRECTION('',(1.,0.));
#53 = ( GEOMETRIC_REPRESENTATION_CONTEXT(2) 
PARAMETRIC_REPRESENTATION_CONTEXT() REPRESENTATION_CONTEXT('2D SPACE',''
  ) );
#54 = ORIENTED_EDGE('',*,*,#55,.F.);
#55 = EDGE_CURVE('',#56,#22,#58,.T.);
#56 = VERTEX_POINT('',#57);
#57 = CARTESIAN_POINT('',(14.67,-3.593113708698E-15,0.));
#58 = SEAM_CURVE('',#59,(#63,#70),.PCURVE_S1.);
#59 = LINE('',#60,#61);
#60 = CARTESIAN_POINT('',(14.67,-3.593113708698E-15,0.));
#61 = VECTOR('',#62,1.);
#62 = DIRECTION('',(0.,0.,1.));
#63 = PCURVE('',#31,#64);
#64 = DEFINITIONAL_REPRESENTATION('',(#65),#69);
#65 = LINE('',#66,#67);
#66 = CARTESIAN_POINT('',(6.28318530718,-0.));
#67 = VECTOR('',#68,1.);
#68 = DIRECTION('',(0.,1.));
#69 = ( GEOMETRIC_REPRESENTATION_CONTEXT(2) 
PARAMETRIC_REPRESENTATION_CONTEXT() REPRESENTATION_CONTEXT('2D SPACE',''
  ) );
#70 = PCURVE('',#31,#71);
#71 = DEFINITIONAL_REPRESENTATION('',(#72),#76);
#72 = LINE('',#73,#74);
#73 = CARTESIAN_POINT('',(0.,-0.));
#74 = VECTOR('',#75,1.);
#75 = DIRECTION('',(0.,1.));
#76 = ( GEOMETRIC_REPRESENTATION_CONTEXT(2) 
PARAMETRIC_REPRESENTATION_CONTEXT() REPRESENTATION_CONTEXT('2D SPACE',''
  ) );
#77 = ORIENTED_EDGE('',*,*,#78,.T.);
#78 = EDGE_CURVE('',#56,#56,#79,.T.);
#79 = SURFACE_CURVE('',#80,(#85,#92),.PCURVE_S1.);
#80 = CIRCLE('',#81,14.67);
#81 = AXIS2_PLACEMENT_3D('',#82,#83,#84);
#82 = CARTESIAN_POINT('',(0.,0.,0.));
#83 = DIRECTION('',(0.,0.,1.));
#84 = DIRECTION('',(1.,0.,0.));
#85 = PCURVE('',#31,#86);
#86 = DEFINITIONAL_REPRESENTATION('',(#87),#91);
#87 = LINE('',#88,#89);
#88 = CARTESIAN_POINT('',(0.,0.));
#89 = VECTOR('',#90,1.);
#90 = DIRECTION('',(1.,0.));
#91 = ( GEOMETRIC_REPRESENTATION_CONTEXT(2) 
PARAMETRIC_REPRESENTATION_CONTEXT() REPRESENTATION_CONTEXT('2D SPACE',''
  ) );
#92 = PCURVE('',#93,#98);
#93 = PLANE('',#94);
#94 = AXIS2_PLACEMENT_3D('',#95,#96,#97);
#95 = CARTESIAN_POINT('',(0.,0.,0.));
#96 = DIRECTION('',(0.,0.,1.));
#97 = DIRECTION('',(1.,0.,0.));
#98 = DEFINITIONAL_REPRESENTATION('',(#99),#103);
#99 = CIRCLE('',#100,14.67);
#100 = AXIS2_PLACEMENT_2D('',#101,#102);
#101 = CARTESIAN_POINT('',(0.,0.));
#102 = DIRECTION('',(1.,0.));
#103 = ( GEOMETRIC_REPRESENTATION_CONTEXT(2) 
PARAMETRIC_REPRESENTATION_CONTEXT() REPRESENTATION_CONTEXT('2D SPACE',''
  ) );
#104 = ORIENTED_EDGE('',*,*,#55,.T.);
#105 = ADVANCED_FACE('',(#106,#109),#43,.T.);
#106 = FACE_BOUND('',#107,.T.);
#107 = EDGE_LOOP('',(#108));
#108 = ORIENTED_EDGE('',*,*,#21,.T.);
#109 = FACE_BOUND('',#110,.T.);
#110 = EDGE_LOOP('',(#111,#142,#170,#199,#227,#256,#284,#313));
#111 = ORIENTED_EDGE('',*,*,#112,.F.);
#112 = EDGE_CURVE('',#113,#115,#117,.T.);
#113 = VERTEX_POINT('',#114);
#114 = CARTESIAN_POINT('',(-7.335,-7.9218,2.205));
#115 = VERTEX_POINT('',#116);
#116 = CARTESIAN_POINT('',(-2.3472,-12.9096,2.205));
#117 = SURFACE_CURVE('',#118,(#123,#130),.PCURVE_S1.);
#118 = CIRCLE('',#119,4.9878);
#119 = AXIS2_PLACEMENT_3D('',#120,#121,#122);
#120 = CARTESIAN_POINT('',(-2.3472,-7.9218,2.205));
#121 = DIRECTION('',(0.,0.,1.));
#122 = DIRECTION('',(1.,0.,0.));
#123 = PCURVE('',#43,#124);
#124 = DEFINITIONAL_REPRESENTATION('',(#125),#129);
#125 = CIRCLE('',#126,4.9878);
#126 = AXIS2_PLACEMENT_2D('',#127,#128);
#127 = CARTESIAN_POINT('',(-2.3472,-7.9218));
#128 = DIRECTION('',(1.,0.));
#129 = ( GEOMETRIC_REPRESENTATION_CONTEXT(2) 
PARAMETRIC_REPRESENTATION_CONTEXT() REPRESENTATION_CONTEXT('2D SPACE',''
  ) );
#130 = PCURVE('',#131,#136);
#131 = CYLINDRICAL_SURFACE('',#132,4.9878);
#132 = AXIS2_PLACEMENT_3D('',#133,#134,#135);
#133 = CARTESIAN_POINT('',(-2.3472,-7.9218,2.205));
#134 = DIRECTION('',(-0.,-0.,-1.));
#135 = DIRECTION('',(1.,0.,0.));
#136 = DEFINITIONAL_REPRESENTATION('',(#137),#141);
#137 = LINE('',#138,#139);
#138 = CARTESIAN_POINT('',(-0.,0.));
#139 = VECTOR('',#140,1.);
#140 = DIRECTION('',(-1.,0.));
#141 = ( GEOMETRIC_REPRESENTATION_CONTEXT(2) 
PARAMETRIC_REPRESENTATION_CONTEXT() REPRESENTATION_CONTEXT('2D SPACE',''
  ) );
#142 = ORIENTED_EDGE('',*,*,#143,.T.);
#143 = EDGE_CURVE('',#113,#144,#146,.T.);
#144 = VERTEX_POINT('',#145);
#145 = CARTESIAN_POINT('',(-7.335,7.9218,2.205));
#146 = SURFACE_CURVE('',#147,(#151,#158),.PCURVE_S1.);
#147 = LINE('',#148,#149);
#148 = CARTESIAN_POINT('',(-7.335,0.,2.205));
#149 = VECTOR('',#150,1.);
#150 = DIRECTION('',(0.,1.,0.));
#151 = PCURVE('',#43,#152);
#152 = DEFINITIONAL_REPRESENTATION('',(#153),#157);
#153 = LINE('',#154,#155);
#154 = CARTESIAN_POINT('',(-7.335,0.));
#155 = VECTOR('',#156,1.);
#156 = DIRECTION('',(0.,1.));
#157 = ( GEOMETRIC_REPRESENTATION_CONTEXT(2) 
PARAMETRIC_REPRESENTATION_CONTEXT() REPRESENTATION_CONTEXT('2D SPACE',''
  ) );
#158 = PCURVE('',#159,#164);
#159 = PLANE('',#160);
#160 = AXIS2_PLACEMENT_3D('',#161,#162,#163);
#161 = CARTESIAN_POINT('',(-7.335,-7.9218,2.205));
#162 = DIRECTION('',(-1.,0.,0.));
#163 = DIRECTION('',(0.,1.,0.));
#164 = DEFINITIONAL_REPRESENTATION('',(#165),#169);
#165 = LINE('',#166,#167);
#166 = CARTESIAN_POINT('',(7.9218,0.));
#167 = VECTOR('',#168,1.);
#168 = DIRECTION('',(1.,0.));
#169 = ( GEOMETRIC_REPRESENTATION_CONTEXT(2) 
PARAMETRIC_REPRESENTATION_CONTEXT() REPRESENTATION_CONTEXT('2D SPACE',''
  ) );
#170 = ORIENTED_EDGE('',*,*,#171,.F.);
#171 = EDGE_CURVE('',#172,#144,#174,.T.);
#172 = VERTEX_POINT('',#173);
#173 = CARTESIAN_POINT('',(-2.3472,12.9096,2.205));
#174 = SURFACE_CURVE('',#175,(#180,#187),.PCURVE_S1.);
#175 = CIRCLE('',#176,4.9878);
#176 = AXIS2_PLACEMENT_3D('',#177,#178,#179);
#177 = CARTESIAN_POINT('',(-2.3472,7.9218,2.205));
#178 = DIRECTION('',(0.,0.,1.));
#179 = DIRECTION('',(1.,0.,0.));
#180 = PCURVE('',#43,#181);
#181 = DEFINITIONAL_REPRESENTATION('',(#182),#186);
#182 = CIRCLE('',#183,4.9878);
#183 = AXIS2_PLACEMENT_2D('',#184,#185);
#184 = CARTESIAN_POINT('',(-2.3472,7.9218));
#185 = DIRECTION('',(1.,0.));
#186 = ( GEOMETRIC_REPRESENTATION_CONTEXT(2) 
PARAMETRIC_REPRESENTATION_CONTEXT() REPRESENTATION_CONTEXT('2D SPACE',''
  ) );
#187 = PCURVE('',#188,#193);
#188 = CYLINDRICAL_SURFACE('',#189,4.9878);
#189 = AXIS2_PLACEMENT_3D('',#190,#191,#192);
#190 = CARTESIAN_POINT('',(-2.3472,7.9218,2.205));
#191 = DIRECTION('',(-0.,-0.,-1.));
#192 = DIRECTION('',(1.,0.,0.));
#193 = DEFINITIONAL_REPRESENTATION('',(#194),#198);
#194 = LINE('',#195,#196);
#195 = CARTESIAN_POINT('',(-0.,0.));
#196 = VECTOR('',#197,1.);
#197 = DIRECTION('',(-1.,0.));
#198 = ( GEOMETRIC_REPRESENTATION_CONTEXT(2) 
PARAMETRIC_REPRESENTATION_CONTEXT() REPRESENTATION_CONTEXT('2D SPACE',''
  ) );
#199 = ORIENTED_EDGE('',*,*,#200,.T.);
#200 = EDGE_CURVE('',#172,#201,#203,.T.);
#201 = VERTEX_POINT('',#202);
#202 = CARTESIAN_POINT('',(2.3472,12.9096,2.205));
#203 = SURFACE_CURVE('',#204,(#208,#215),.PCURVE_S1.);
#204 = LINE('',#205,#206);
#205 = CARTESIAN_POINT('',(0.,12.9096,2.205));
#206 = VECTOR('',#207,1.);
#207 = DIRECTION('',(1.,0.,0.));
#208 = PCURVE('',#43,#209);
#209 = DEFINITIONAL_REPRESENTATION('',(#210),#214);
#210 = LINE('',#211,#212);
#211 = CARTESIAN_POINT('',(0.,12.9096));
#212 = VECTOR('',#213,1.);
#213 = DIRECTION('',(1.,0.));
#214 = ( GEOMETRIC_REPRESENTATION_CONTEXT(2) 
PARAMETRIC_REPRESENTATION_CONTEXT() REPRESENTATION_CONTEXT('2D SPACE',''
  ) );
#215 = PCURVE('',#216,#221);
#216 = PLANE('',#217);
#217 = AXIS2_PLACEMENT_3D('',#218,#219,#220);
#218 = CARTESIAN_POINT('',(-2.3472,12.9096,2.205));
#219 = DIRECTION('',(0.,1.,0.));
#220 = DIRECTION('',(1.,0.,0.));
#221 = DEFINITIONAL_REPRESENTATION('',(#222),#226);
#222 = LINE('',#223,#224);
#223 = CARTESIAN_POINT('',(2.3472,0.));
#224 = VECTOR('',#225,1.);
#225 = DIRECTION('',(1.,0.));
#226 = ( GEOMETRIC_REPRESENTATION_CONTEXT(2) 
PARAMETRIC_REPRESENTATION_CONTEXT() REPRESENTATION_CONTEXT('2D SPACE',''
  ) );
#227 = ORIENTED_EDGE('',*,*,#228,.F.);
#228 = EDGE_CURVE('',#229,#201,#231,.T.);
#229 = VERTEX_POINT('',#230);
#230 = CARTESIAN_POINT('',(7.335,7.9218,2.205));
#231 = SURFACE_CURVE('',#232,(#237,#244),.PCURVE_S1.);
#232 = CIRCLE('',#233,4.9878);
#233 = AXIS2_PLACEMENT_3D('',#234,#235,#236);
#234 = CARTESIAN_POINT('',(2.3472,7.9218,2.205));
#235 = DIRECTION('',(0.,0.,1.));
#236 = DIRECTION('',(1.,0.,0.));
#237 = PCURVE('',#43,#238);
#238 = DEFINITIONAL_REPRESENTATION('',(#239),#243);
#239 = CIRCLE('',#240,4.9878);
#240 = AXIS2_PLACEMENT_2D('',#241,#242);
#241 = CARTESIAN_POINT('',(2.3472,7.9218));
#242 = DIRECTION('',(1.,0.));
#243 = ( GEOMETRIC_REPRESENTATION_CONTEXT(2) 
PARAMETRIC_REPRESENTATION_CONTEXT() REPRESENTATION_CONTEXT('2D SPACE',''
  ) );
#244 = PCURVE('',#245,#250);
#245 = CYLINDRICAL_SURFACE('',#246,4.9878);
#246 = AXIS2_PLACEMENT_3D('',#247,#248,#249);
#247 = CARTESIAN_POINT('',(2.3472,7.9218,2.205));
#248 = DIRECTION('',(-0.,-0.,-1.));
#249 = DIRECTION('',(1.,0.,0.));
#250 = DEFINITIONAL_REPRESENTATION('',(#251),#255);
#251 = LINE('',#252,#253);
#252 = CARTESIAN_POINT('',(-0.,0.));
#253 = VECTOR('',#254,1.);
#254 = DIRECTION('',(-1.,0.));
#255 = ( GEOMETRIC_REPRESENTATION_CONTEXT(2) 
PARAMETRIC_REPRESENTATION_CONTEXT() REPRESENTATION_CONTEXT('2D SPACE',''
  ) );
#256 = ORIENTED_EDGE('',*,*,#257,.F.);
#257 = EDGE_CURVE('',#258,#229,#260,.T.);
#258 = VERTEX_POINT('',#259);
#259 = CARTESIAN_POINT('',(7.335,-7.9218,2.205));
#260 = SURFACE_CURVE('',#261,(#265,#272),.PCURVE_S1.);
#261 = LINE('',#262,#263);
#262 = CARTESIAN_POINT('',(7.335,0.,2.205));
#263 = VECTOR('',#264,1.);
#264 = DIRECTION('',(0.,1.,0.));
#265 = PCURVE('',#43,#266);
#266 = DEFINITIONAL_REPRESENTATION('',(#267),#271);
#267 = LINE('',#268,#269);
#268 = CARTESIAN_POINT('',(7.335,0.));
#269 = VECTOR('',#270,1.);
#270 = DIRECTION('',(0.,1.));
#271 = ( GEOMETRIC_REPRESENTATION_CONTEXT(2) 
PARAMETRIC_REPRESENTATION_CONTEXT() REPRESENTATION_CONTEXT('2D SPACE',''
  ) );
#272 = PCURVE('',#273,#278);
#273 = PLANE('',#274);
#274 = AXIS2_PLACEMENT_3D('',#275,#276,#277);
#275 = CARTESIAN_POINT('',(7.335,-7.9218,2.205));
#276 = DIRECTION('',(-1.,0.,0.));
#277 = DIRECTION('',(0.,1.,0.));
#278 = DEFINITIONAL_REPRESENTATION('',(#279),#283);
#279 = LINE('',#280,#281);
#280 = CARTESIAN_POINT('',(7.9218,0.));
#281 = VECTOR('',#282,1.);
#282 = DIRECTION('',(1.,0.));
#283 = ( GEOMETRIC_REPRESENTATION_CONTEXT(2) 
PARAMETRIC_REPRESENTATION_CONTEXT() REPRESENTATION_CONTEXT('2D SPACE',''
  ) );
#284 = ORIENTED_EDGE('',*,*,#285,.F.);
#285 = EDGE_CURVE('',#286,#258,#288,.T.);
#286 = VERTEX_POINT('',#287);
#287 = CARTESIAN_POINT('',(2.3472,-12.9096,2.205));
#288 = SURFACE_CURVE('',#289,(#294,#301),.PCURVE_S1.);
#289 = CIRCLE('',#290,4.9878);
#290 = AXIS2_PLACEMENT_3D('',#291,#292,#293);
#291 = CARTESIAN_POINT('',(2.3472,-7.9218,2.205));
#292 = DIRECTION('',(0.,0.,1.));
#293 = DIRECTION('',(1.,0.,0.));
#294 = PCURVE('',#43,#295);
#295 = DEFINITIONAL_REPRESENTATION('',(#296),#300);
#296 = CIRCLE('',#297,4.9878);
#297 = AXIS2_PLACEMENT_2D('',#298,#299);
#298 = CARTESIAN_POINT('',(2.3472,-7.9218));
#299 = DIRECTION('',(1.,0.));
#300 = ( GEOMETRIC_REPRESENTATION_CONTEXT(2) 
PARAMETRIC_REPRESENTATION_CONTEXT() REPRESENTATION_CONTEXT('2D SPACE',''
  ) );
#301 = PCURVE('',#302,#307);
#302 = CYLINDRICAL_SURFACE('',#303,4.9878);
#303 = AXIS2_PLACEMENT_3D('',#304,#305,#306);
#304 = CARTESIAN_POINT('',(2.3472,-7.9218,2.205));
#305 = DIRECTION('',(-0.,-0.,-1.));
#306 = DIRECTION('',(1.,0.,0.));
#307 = DEFINITIONAL_REPRESENTATION('',(#308),#312);
#308 = LINE('',#309,#310);
#309 = CARTESIAN_POINT('',(-0.,0.));
#310 = VECTOR('',#311,1.);
#311 = DIRECTION('',(-1.,0.));
#312 = ( GEOMETRIC_REPRESENTATION_CONTEXT(2) 
PARAMETRIC_REPRESENTATION_CONTEXT() REPRESENTATION_CONTEXT('2D SPACE',''
  ) );
#313 = ORIENTED_EDGE('',*,*,#314,.F.);
#314 = EDGE_CURVE('',#115,#286,#315,.T.);
#315 = SURFACE_CURVE('',#316,(#320,#327),.PCURVE_S1.);
#316 = LINE('',#317,#318);
#317 = CARTESIAN_POINT('',(0.,-12.9096,2.205));
#318 = VECTOR('',#319,1.);
#319 = DIRECTION('',(1.,0.,0.));
#320 = PCURVE('',#43,#321);
#321 = DEFINITIONAL_REPRESENTATION('',(#322),#326);
#322 = LINE('',#323,#324);
#323 = CARTESIAN_POINT('',(0.,-12.9096));
#324 = VECTOR('',#325,1.);
#325 = DIRECTION('',(1.,0.));
#326 = ( GEOMETRIC_REPRESENTATION_CONTEXT(2) 
PARAMETRIC_REPRESENTATION_CONTEXT() REPRESENTATION_CONTEXT('2D SPACE',''
  ) );
#327 = PCURVE('',#328,#333);
#328 = PLANE('',#329);
#329 = AXIS2_PLACEMENT_3D('',#330,#331,#332);
#330 = CARTESIAN_POINT('',(-2.3472,-12.9096,2.205));
#331 = DIRECTION('',(0.,1.,0.));
#332 = DIRECTION('',(1.,0.,0.));
#333 = DEFINITIONAL_REPRESENTATION('',(#334),#338);
#334 = LINE('',#335,#336);
#335 = CARTESIAN_POINT('',(2.3472,0.));
#336 = VECTOR('',#337,1.);
#337 = DIRECTION('',(1.,0.));
#338 = ( GEOMETRIC_REPRESENTATION_CONTEXT(2) 
PARAMETRIC_REPRESENTATION_CONTEXT() REPRESENTATION_CONTEXT('2D SPACE',''
  ) );
#339 = ADVANCED_FACE('',(#340,#343),#93,.F.);
#340 = FACE_BOUND('',#341,.F.);
#341 = EDGE_LOOP('',(#342));
#342 = ORIENTED_EDGE('',*,*,#78,.T.);
#343 = FACE_BOUND('',#344,.F.);
#344 = EDGE_LOOP('',(#345));
#345 = ORIENTED_EDGE('',*,*,#346,.F.);
#346 = EDGE_CURVE('',#347,#347,#349,.T.);
#347 = VERTEX_POINT('',#348);
#348 = CARTESIAN_POINT('',(3.175,-7.776507174586E-16,0.));
#349 = SURFACE_CURVE('',#350,(#355,#362),.PCURVE_S1.);
#350 = CIRCLE('',#351,3.175);
#351 = AXIS2_PLACEMENT_3D('',#352,#353,#354);
#352 = CARTESIAN_POINT('',(0.,0.,0.));
#353 = DIRECTION('',(0.,0.,1.));
#354 = DIRECTION('',(1.,0.,-0.));
#355 = PCURVE('',#93,#356);
#356 = DEFINITIONAL_REPRESENTATION('',(#357),#361);
#357 = CIRCLE('',#358,3.175);
#358 = AXIS2_PLACEMENT_2D('',#359,#360);
#359 = CARTESIAN_POINT('',(0.,0.));
#360 = DIRECTION('',(1.,0.));
#361 = ( GEOMETRIC_REPRESENTATION_CONTEXT(2) 
PARAMETRIC_REPRESENTATION_CONTEXT() REPRESENTATION_CONTEXT('2D SPACE',''
  ) );
#362 = PCURVE('',#363,#368);
#363 = CYLINDRICAL_SURFACE('',#364,3.175);
#364 = AXIS2_PLACEMENT_3D('',#365,#366,#367);
#365 = CARTESIAN_POINT('',(0.,0.,-0.8));
#366 = DIRECTION('',(0.,0.,1.));
#367 = DIRECTION('',(1.,0.,0.));
#368 = DEFINITIONAL_REPRESENTATION('',(#369),#373);
#369 = LINE('',#370,#371);
#370 = CARTESIAN_POINT('',(0.,0.8));
#371 = VECTOR('',#372,1.);
#372 = DIRECTION('',(1.,0.));
#373 = ( GEOMETRIC_REPRESENTATION_CONTEXT(2) 
PARAMETRIC_REPRESENTATION_CONTEXT() REPRESENTATION_CONTEXT('2D SPACE',''
  ) );
#374 = ADVANCED_FACE('',(#375),#131,.T.);
#375 = FACE_BOUND('',#376,.F.);
#376 = EDGE_LOOP('',(#377,#400,#429,#450));
#377 = ORIENTED_EDGE('',*,*,#378,.T.);
#378 = EDGE_CURVE('',#113,#379,#381,.T.);
#379 = VERTEX_POINT('',#380);
#380 = CARTESIAN_POINT('',(-7.335,-7.9218,15.75));
#381 = SURFACE_CURVE('',#382,(#386,#393),.PCURVE_S1.);
#382 = LINE('',#383,#384);
#383 = CARTESIAN_POINT('',(-7.335,-7.9218,2.205));
#384 = VECTOR('',#385,1.);
#385 = DIRECTION('',(0.,0.,1.));
#386 = PCURVE('',#131,#387);
#387 = DEFINITIONAL_REPRESENTATION('',(#388),#392);
#388 = LINE('',#389,#390);
#389 = CARTESIAN_POINT('',(-3.14159265359,0.));
#390 = VECTOR('',#391,1.);
#391 = DIRECTION('',(-0.,-1.));
#392 = ( GEOMETRIC_REPRESENTATION_CONTEXT(2) 
PARAMETRIC_REPRESENTATION_CONTEXT() REPRESENTATION_CONTEXT('2D SPACE',''
  ) );
#393 = PCURVE('',#159,#394);
#394 = DEFINITIONAL_REPRESENTATION('',(#395),#399);
#395 = LINE('',#396,#397);
#396 = CARTESIAN_POINT('',(0.,0.));
#397 = VECTOR('',#398,1.);
#398 = DIRECTION('',(0.,-1.));
#399 = ( GEOMETRIC_REPRESENTATION_CONTEXT(2) 
PARAMETRIC_REPRESENTATION_CONTEXT() REPRESENTATION_CONTEXT('2D SPACE',''
  ) );
#400 = ORIENTED_EDGE('',*,*,#401,.T.);
#401 = EDGE_CURVE('',#379,#402,#404,.T.);
#402 = VERTEX_POINT('',#403);
#403 = CARTESIAN_POINT('',(-2.3472,-12.9096,15.75));
#404 = SURFACE_CURVE('',#405,(#410,#417),.PCURVE_S1.);
#405 = CIRCLE('',#406,4.9878);
#406 = AXIS2_PLACEMENT_3D('',#407,#408,#409);
#407 = CARTESIAN_POINT('',(-2.3472,-7.9218,15.75));
#408 = DIRECTION('',(0.,0.,1.));
#409 = DIRECTION('',(1.,0.,0.));
#410 = PCURVE('',#131,#411);
#411 = DEFINITIONAL_REPRESENTATION('',(#412),#416);
#412 = LINE('',#413,#414);
#413 = CARTESIAN_POINT('',(-0.,-13.545));
#414 = VECTOR('',#415,1.);
#415 = DIRECTION('',(-1.,0.));
#416 = ( GEOMETRIC_REPRESENTATION_CONTEXT(2) 
PARAMETRIC_REPRESENTATION_CONTEXT() REPRESENTATION_CONTEXT('2D SPACE',''
  ) );
#417 = PCURVE('',#418,#423);
#418 = PLANE('',#419);
#419 = AXIS2_PLACEMENT_3D('',#420,#421,#422);
#420 = CARTESIAN_POINT('',(0.,0.,15.75));
#421 = DIRECTION('',(0.,0.,1.));
#422 = DIRECTION('',(1.,0.,0.));
#423 = DEFINITIONAL_REPRESENTATION('',(#424),#428);
#424 = CIRCLE('',#425,4.9878);
#425 = AXIS2_PLACEMENT_2D('',#426,#427);
#426 = CARTESIAN_POINT('',(-2.3472,-7.9218));
#427 = DIRECTION('',(1.,0.));
#428 = ( GEOMETRIC_REPRESENTATION_CONTEXT(2) 
PARAMETRIC_REPRESENTATION_CONTEXT() REPRESENTATION_CONTEXT('2D SPACE',''
  ) );
#429 = ORIENTED_EDGE('',*,*,#430,.F.);
#430 = EDGE_CURVE('',#115,#402,#431,.T.);
#431 = SURFACE_CURVE('',#432,(#436,#443),.PCURVE_S1.);
#432 = LINE('',#433,#434);
#433 = CARTESIAN_POINT('',(-2.3472,-12.9096,2.205));
#434 = VECTOR('',#435,1.);
#435 = DIRECTION('',(0.,0.,1.));
#436 = PCURVE('',#131,#437);
#437 = DEFINITIONAL_REPRESENTATION('',(#438),#442);
#438 = LINE('',#439,#440);
#439 = CARTESIAN_POINT('',(-4.712388980385,0.));
#440 = VECTOR('',#441,1.);
#441 = DIRECTION('',(-0.,-1.));
#442 = ( GEOMETRIC_REPRESENTATION_CONTEXT(2) 
PARAMETRIC_REPRESENTATION_CONTEXT() REPRESENTATION_CONTEXT('2D SPACE',''
  ) );
#443 = PCURVE('',#328,#444);
#444 = DEFINITIONAL_REPRESENTATION('',(#445),#449);
#445 = LINE('',#446,#447);
#446 = CARTESIAN_POINT('',(0.,0.));
#447 = VECTOR('',#448,1.);
#448 = DIRECTION('',(0.,-1.));
#449 = ( GEOMETRIC_REPRESENTATION_CONTEXT(2) 
PARAMETRIC_REPRESENTATION_CONTEXT() REPRESENTATION_CONTEXT('2D SPACE',''
  ) );
#450 = ORIENTED_EDGE('',*,*,#112,.F.);
#451 = ADVANCED_FACE('',(#452,#500),#328,.F.);
#452 = FACE_BOUND('',#453,.F.);
#453 = EDGE_LOOP('',(#454,#455,#478,#499));
#454 = ORIENTED_EDGE('',*,*,#430,.T.);
#455 = ORIENTED_EDGE('',*,*,#456,.T.);
#456 = EDGE_CURVE('',#402,#457,#459,.T.);
#457 = VERTEX_POINT('',#458);
#458 = CARTESIAN_POINT('',(2.3472,-12.9096,15.75));
#459 = SURFACE_CURVE('',#460,(#464,#471),.PCURVE_S1.);
#460 = LINE('',#461,#462);
#461 = CARTESIAN_POINT('',(0.,-12.9096,15.75));
#462 = VECTOR('',#463,1.);
#463 = DIRECTION('',(1.,0.,0.));
#464 = PCURVE('',#328,#465);
#465 = DEFINITIONAL_REPRESENTATION('',(#466),#470);
#466 = LINE('',#467,#468);
#467 = CARTESIAN_POINT('',(2.3472,-13.545));
#468 = VECTOR('',#469,1.);
#469 = DIRECTION('',(1.,0.));
#470 = ( GEOMETRIC_REPRESENTATION_CONTEXT(2) 
PARAMETRIC_REPRESENTATION_CONTEXT() REPRESENTATION_CONTEXT('2D SPACE',''
  ) );
#471 = PCURVE('',#418,#472);
#472 = DEFINITIONAL_REPRESENTATION('',(#473),#477);
#473 = LINE('',#474,#475);
#474 = CARTESIAN_POINT('',(0.,-12.9096));
#475 = VECTOR('',#476,1.);
#476 = DIRECTION('',(1.,0.));
#477 = ( GEOMETRIC_REPRESENTATION_CONTEXT(2) 
PARAMETRIC_REPRESENTATION_CONTEXT() REPRESENTATION_CONTEXT('2D SPACE',''
  ) );
#478 = ORIENTED_EDGE('',*,*,#479,.F.);
#479 = EDGE_CURVE('',#286,#457,#480,.T.);
#480 = SURFACE_CURVE('',#481,(#485,#492),.PCURVE_S1.);
#481 = LINE('',#482,#483);
#482 = CARTESIAN_POINT('',(2.3472,-12.9096,2.205));
#483 = VECTOR('',#484,1.);
#484 = DIRECTION('',(0.,0.,1.));
#485 = PCURVE('',#328,#486);
#486 = DEFINITIONAL_REPRESENTATION('',(#487),#491);
#487 = LINE('',#488,#489);
#488 = CARTESIAN_POINT('',(4.6944,0.));
#489 = VECTOR('',#490,1.);
#490 = DIRECTION('',(0.,-1.));
#491 = ( GEOMETRIC_REPRESENTATION_CONTEXT(2) 
PARAMETRIC_REPRESENTATION_CONTEXT() REPRESENTATION_CONTEXT('2D SPACE',''
  ) );
#492 = PCURVE('',#302,#493);
#493 = DEFINITIONAL_REPRESENTATION('',(#494),#498);
#494 = LINE('',#495,#496);
#495 = CARTESIAN_POINT('',(-4.712388980385,0.));
#496 = VECTOR('',#497,1.);
#497 = DIRECTION('',(-0.,-1.));
#498 = ( GEOMETRIC_REPRESENTATION_CONTEXT(2) 
PARAMETRIC_REPRESENTATION_CONTEXT() REPRESENTATION_CONTEXT('2D SPACE',''
  ) );
#499 = ORIENTED_EDGE('',*,*,#314,.F.);
#500 = FACE_BOUND('',#501,.F.);
#501 = EDGE_LOOP('',(#502,#537,#565,#591,#617,#643,#671,#697,#723));
#502 = ORIENTED_EDGE('',*,*,#503,.T.);
#503 = EDGE_CURVE('',#504,#506,#508,.T.);
#504 = VERTEX_POINT('',#505);
#505 = CARTESIAN_POINT('',(0.359415,-12.9096,7.047590163946));
#506 = VERTEX_POINT('',#507);
#507 = CARTESIAN_POINT('',(1.1736,-12.9096,8.1648));
#508 = SURFACE_CURVE('',#509,(#514,#525),.PCURVE_S1.);
#509 = CIRCLE('',#510,1.1736);
#510 = AXIS2_PLACEMENT_3D('',#511,#512,#513);
#511 = CARTESIAN_POINT('',(0.,-12.9096,8.1648));
#512 = DIRECTION('',(0.,-1.,1.110223024625E-16));
#513 = DIRECTION('',(1.,0.,0.));
#514 = PCURVE('',#328,#515);
#515 = DEFINITIONAL_REPRESENTATION('',(#516),#524);
#516 = ( BOUNDED_CURVE() B_SPLINE_CURVE(2,(#517,#518,#519,#520,#521,#522
,#523),.UNSPECIFIED.,.T.,.F.) B_SPLINE_CURVE_WITH_KNOTS((1,2,2,2,2,1),(
    -2.094395102393,0.,2.094395102393,4.188790204786,6.28318530718,
8.377580409573),.UNSPECIFIED.) CURVE() GEOMETRIC_REPRESENTATION_ITEM() 
RATIONAL_B_SPLINE_CURVE((1.,0.5,1.,0.5,1.,0.5,1.)) REPRESENTATION_ITEM(
  '') );
#517 = CARTESIAN_POINT('',(3.5208,-5.9598));
#518 = CARTESIAN_POINT('',(3.5208,-7.992534827763));
#519 = CARTESIAN_POINT('',(1.7604,-6.976167413881));
#520 = CARTESIAN_POINT('',(4.440892098501E-16,-5.9598));
#521 = CARTESIAN_POINT('',(1.7604,-4.943432586119));
#522 = CARTESIAN_POINT('',(3.5208,-3.927065172237));
#523 = CARTESIAN_POINT('',(3.5208,-5.9598));
#524 = ( GEOMETRIC_REPRESENTATION_CONTEXT(2) 
PARAMETRIC_REPRESENTATION_CONTEXT() REPRESENTATION_CONTEXT('2D SPACE',''
  ) );
#525 = PCURVE('',#526,#531);
#526 = CYLINDRICAL_SURFACE('',#527,1.1736);
#527 = AXIS2_PLACEMENT_3D('',#528,#529,#530);
#528 = CARTESIAN_POINT('',(0.,3.6675,8.1648));
#529 = DIRECTION('',(0.,-1.,1.110223024625E-16));
#530 = DIRECTION('',(1.,0.,0.));
#531 = DEFINITIONAL_REPRESENTATION('',(#532),#536);
#532 = LINE('',#533,#534);
#533 = CARTESIAN_POINT('',(0.,16.5771));
#534 = VECTOR('',#535,1.);
#535 = DIRECTION('',(1.,0.));
#536 = ( GEOMETRIC_REPRESENTATION_CONTEXT(2) 
PARAMETRIC_REPRESENTATION_CONTEXT() REPRESENTATION_CONTEXT('2D SPACE',''
  ) );
#537 = ORIENTED_EDGE('',*,*,#538,.T.);
#538 = EDGE_CURVE('',#506,#539,#541,.T.);
#539 = VERTEX_POINT('',#540);
#540 = CARTESIAN_POINT('',(0.359415,-12.9096,9.282009836054));
#541 = SURFACE_CURVE('',#542,(#547,#558),.PCURVE_S1.);
#542 = CIRCLE('',#543,1.1736);
#543 = AXIS2_PLACEMENT_3D('',#544,#545,#546);
#544 = CARTESIAN_POINT('',(0.,-12.9096,8.1648));
#545 = DIRECTION('',(0.,-1.,1.110223024625E-16));
#546 = DIRECTION('',(1.,0.,0.));
#547 = PCURVE('',#328,#548);
#548 = DEFINITIONAL_REPRESENTATION('',(#549),#557);
#549 = ( BOUNDED_CURVE() B_SPLINE_CURVE(2,(#550,#551,#552,#553,#554,#555
,#556),.UNSPECIFIED.,.T.,.F.) B_SPLINE_CURVE_WITH_KNOTS((1,2,2,2,2,1),(
    -2.094395102393,0.,2.094395102393,4.188790204786,6.28318530718,
8.377580409573),.UNSPECIFIED.) CURVE() GEOMETRIC_REPRESENTATION_ITEM() 
RATIONAL_B_SPLINE_CURVE((1.,0.5,1.,0.5,1.,0.5,1.)) REPRESENTATION_ITEM(
  '') );
#550 = CARTESIAN_POINT('',(3.5208,-5.9598));
#551 = CARTESIAN_POINT('',(3.5208,-7.992534827763));
#552 = CARTESIAN_POINT('',(1.7604,-6.976167413881));
#553 = CARTESIAN_POINT('',(4.440892098501E-16,-5.9598));
#554 = CARTESIAN_POINT('',(1.7604,-4.943432586119));
#555 = CARTESIAN_POINT('',(3.5208,-3.927065172237));
#556 = CARTESIAN_POINT('',(3.5208,-5.9598));
#557 = ( GEOMETRIC_REPRESENTATION_CONTEXT(2) 
PARAMETRIC_REPRESENTATION_CONTEXT() REPRESENTATION_CONTEXT('2D SPACE',''
  ) );
#558 = PCURVE('',#526,#559);
#559 = DEFINITIONAL_REPRESENTATION('',(#560),#564);
#560 = LINE('',#561,#562);
#561 = CARTESIAN_POINT('',(0.,16.5771));
#562 = VECTOR('',#563,1.);
#563 = DIRECTION('',(1.,0.));
#564 = ( GEOMETRIC_REPRESENTATION_CONTEXT(2) 
PARAMETRIC_REPRESENTATION_CONTEXT() REPRESENTATION_CONTEXT('2D SPACE',''
  ) );
#565 = ORIENTED_EDGE('',*,*,#566,.F.);
#566 = EDGE_CURVE('',#567,#539,#569,.T.);
#567 = VERTEX_POINT('',#568);
#568 = CARTESIAN_POINT('',(0.359415,-12.9096,11.55105));
#569 = SURFACE_CURVE('',#570,(#574,#580),.PCURVE_S1.);
#570 = LINE('',#571,#572);
#571 = CARTESIAN_POINT('',(0.359415,-12.9096,3.491775));
#572 = VECTOR('',#573,1.);
#573 = DIRECTION('',(0.,0.,-1.));
#574 = PCURVE('',#328,#575);
#575 = DEFINITIONAL_REPRESENTATION('',(#576),#579);
#576 = B_SPLINE_CURVE_WITH_KNOTS('',1,(#577,#578),.UNSPECIFIED.,.F.,.F.,
  (2,2),(-8.059275,-1.286775),.PIECEWISE_BEZIER_KNOTS.);
#577 = CARTESIAN_POINT('',(2.706615,-9.34605));
#578 = CARTESIAN_POINT('',(2.706615,-2.57355));
#579 = ( GEOMETRIC_REPRESENTATION_CONTEXT(2) 
PARAMETRIC_REPRESENTATION_CONTEXT() REPRESENTATION_CONTEXT('2D SPACE',''
  ) );
#580 = PCURVE('',#581,#586);
#581 = PLANE('',#582);
#582 = AXIS2_PLACEMENT_3D('',#583,#584,#585);
#583 = CARTESIAN_POINT('',(0.359415,-13.0546,4.77855));
#584 = DIRECTION('',(1.,0.,0.));
#585 = DIRECTION('',(0.,0.,1.));
#586 = DEFINITIONAL_REPRESENTATION('',(#587),#590);
#587 = B_SPLINE_CURVE_WITH_KNOTS('',1,(#588,#589),.UNSPECIFIED.,.F.,.F.,
  (2,2),(-8.059275,-1.286775),.PIECEWISE_BEZIER_KNOTS.);
#588 = CARTESIAN_POINT('',(6.7725,-0.145));
#589 = CARTESIAN_POINT('',(0.,-0.145));
#590 = ( GEOMETRIC_REPRESENTATION_CONTEXT(2) 
PARAMETRIC_REPRESENTATION_CONTEXT() REPRESENTATION_CONTEXT('2D SPACE',''
  ) );
#591 = ORIENTED_EDGE('',*,*,#592,.F.);
#592 = EDGE_CURVE('',#593,#567,#595,.T.);
#593 = VERTEX_POINT('',#594);
#594 = CARTESIAN_POINT('',(-0.359415,-12.9096,11.55105));
#595 = SURFACE_CURVE('',#596,(#600,#606),.PCURVE_S1.);
#596 = LINE('',#597,#598);
#597 = CARTESIAN_POINT('',(-1.3533075,-12.9096,11.55105));
#598 = VECTOR('',#599,1.);
#599 = DIRECTION('',(1.,0.,0.));
#600 = PCURVE('',#328,#601);
#601 = DEFINITIONAL_REPRESENTATION('',(#602),#605);
#602 = B_SPLINE_CURVE_WITH_KNOTS('',1,(#603,#604),.UNSPECIFIED.,.F.,.F.,
  (2,2),(0.9938925,1.7127225),.PIECEWISE_BEZIER_KNOTS.);
#603 = CARTESIAN_POINT('',(1.987785,-9.34605));
#604 = CARTESIAN_POINT('',(2.706615,-9.34605));
#605 = ( GEOMETRIC_REPRESENTATION_CONTEXT(2) 
PARAMETRIC_REPRESENTATION_CONTEXT() REPRESENTATION_CONTEXT('2D SPACE',''
  ) );
#606 = PCURVE('',#607,#612);
#607 = PLANE('',#608);
#608 = AXIS2_PLACEMENT_3D('',#609,#610,#611);
#609 = CARTESIAN_POINT('',(-0.359415,-13.0546,11.55105));
#610 = DIRECTION('',(0.,0.,1.));
#611 = DIRECTION('',(1.,0.,0.));
#612 = DEFINITIONAL_REPRESENTATION('',(#613),#616);
#613 = B_SPLINE_CURVE_WITH_KNOTS('',1,(#614,#615),.UNSPECIFIED.,.F.,.F.,
  (2,2),(0.9938925,1.7127225),.PIECEWISE_BEZIER_KNOTS.);
#614 = CARTESIAN_POINT('',(0.,0.145));
#615 = CARTESIAN_POINT('',(0.71883,0.145));
#616 = ( GEOMETRIC_REPRESENTATION_CONTEXT(2) 
PARAMETRIC_REPRESENTATION_CONTEXT() REPRESENTATION_CONTEXT('2D SPACE',''
  ) );
#617 = ORIENTED_EDGE('',*,*,#618,.T.);
#618 = EDGE_CURVE('',#593,#619,#621,.T.);
#619 = VERTEX_POINT('',#620);
#620 = CARTESIAN_POINT('',(-0.359415,-12.9096,9.282009836054));
#621 = SURFACE_CURVE('',#622,(#626,#632),.PCURVE_S1.);
#622 = LINE('',#623,#624);
#623 = CARTESIAN_POINT('',(-0.359415,-12.9096,3.491775));
#624 = VECTOR('',#625,1.);
#625 = DIRECTION('',(0.,0.,-1.));
#626 = PCURVE('',#328,#627);
#627 = DEFINITIONAL_REPRESENTATION('',(#628),#631);
#628 = B_SPLINE_CURVE_WITH_KNOTS('',1,(#629,#630),.UNSPECIFIED.,.F.,.F.,
  (2,2),(-8.059275,-1.286775),.PIECEWISE_BEZIER_KNOTS.);
#629 = CARTESIAN_POINT('',(1.987785,-9.34605));
#630 = CARTESIAN_POINT('',(1.987785,-2.57355));
#631 = ( GEOMETRIC_REPRESENTATION_CONTEXT(2) 
PARAMETRIC_REPRESENTATION_CONTEXT() REPRESENTATION_CONTEXT('2D SPACE',''
  ) );
#632 = PCURVE('',#633,#638);
#633 = PLANE('',#634);
#634 = AXIS2_PLACEMENT_3D('',#635,#636,#637);
#635 = CARTESIAN_POINT('',(-0.359415,-13.0546,4.77855));
#636 = DIRECTION('',(1.,0.,0.));
#637 = DIRECTION('',(0.,0.,1.));
#638 = DEFINITIONAL_REPRESENTATION('',(#639),#642);
#639 = B_SPLINE_CURVE_WITH_KNOTS('',1,(#640,#641),.UNSPECIFIED.,.F.,.F.,
  (2,2),(-8.059275,-1.286775),.PIECEWISE_BEZIER_KNOTS.);
#640 = CARTESIAN_POINT('',(6.7725,-0.145));
#641 = CARTESIAN_POINT('',(0.,-0.145));
#642 = ( GEOMETRIC_REPRESENTATION_CONTEXT(2) 
PARAMETRIC_REPRESENTATION_CONTEXT() REPRESENTATION_CONTEXT('2D SPACE',''
  ) );
#643 = ORIENTED_EDGE('',*,*,#644,.T.);
#644 = EDGE_CURVE('',#619,#645,#647,.T.);
#645 = VERTEX_POINT('',#646);
#646 = CARTESIAN_POINT('',(-0.359415,-12.9096,7.047590163946));
#647 = SURFACE_CURVE('',#648,(#653,#664),.PCURVE_S1.);
#648 = CIRCLE('',#649,1.1736);
#649 = AXIS2_PLACEMENT_3D('',#650,#651,#652);
#650 = CARTESIAN_POINT('',(0.,-12.9096,8.1648));
#651 = DIRECTION('',(0.,-1.,1.110223024625E-16));
#652 = DIRECTION('',(1.,0.,0.));
#653 = PCURVE('',#328,#654);
#654 = DEFINITIONAL_REPRESENTATION('',(#655),#663);
#655 = ( BOUNDED_CURVE() B_SPLINE_CURVE(2,(#656,#657,#658,#659,#660,#661
,#662),.UNSPECIFIED.,.T.,.F.) B_SPLINE_CURVE_WITH_KNOTS((1,2,2,2,2,1),(
    -2.094395102393,0.,2.094395102393,4.188790204786,6.28318530718,
8.377580409573),.UNSPECIFIED.) CURVE() GEOMETRIC_REPRESENTATION_ITEM() 
RATIONAL_B_SPLINE_CURVE((1.,0.5,1.,0.5,1.,0.5,1.)) REPRESENTATION_ITEM(
  '') );
#656 = CARTESIAN_POINT('',(3.5208,-5.9598));
#657 = CARTESIAN_POINT('',(3.5208,-7.992534827763));
#658 = CARTESIAN_POINT('',(1.7604,-6.976167413881));
#659 = CARTESIAN_POINT('',(4.440892098501E-16,-5.9598));
#660 = CARTESIAN_POINT('',(1.7604,-4.943432586119));
#661 = CARTESIAN_POINT('',(3.5208,-3.927065172237));
#662 = CARTESIAN_POINT('',(3.5208,-5.9598));
#663 = ( GEOMETRIC_REPRESENTATION_CONTEXT(2) 
PARAMETRIC_REPRESENTATION_CONTEXT() REPRESENTATION_CONTEXT('2D SPACE',''
  ) );
#664 = PCURVE('',#526,#665);
#665 = DEFINITIONAL_REPRESENTATION('',(#666),#670);
#666 = LINE('',#667,#668);
#667 = CARTESIAN_POINT('',(0.,16.5771));
#668 = VECTOR('',#669,1.);
#669 = DIRECTION('',(1.,0.));
#670 = ( GEOMETRIC_REPRESENTATION_CONTEXT(2) 
PARAMETRIC_REPRESENTATION_CONTEXT() REPRESENTATION_CONTEXT('2D SPACE',''
  ) );
#671 = ORIENTED_EDGE('',*,*,#672,.T.);
#672 = EDGE_CURVE('',#645,#673,#675,.T.);
#673 = VERTEX_POINT('',#674);
#674 = CARTESIAN_POINT('',(-0.359415,-12.9096,4.77855));
#675 = SURFACE_CURVE('',#676,(#680,#686),.PCURVE_S1.);
#676 = LINE('',#677,#678);
#677 = CARTESIAN_POINT('',(-0.359415,-12.9096,3.491775));
#678 = VECTOR('',#679,1.);
#679 = DIRECTION('',(0.,0.,-1.));
#680 = PCURVE('',#328,#681);
#681 = DEFINITIONAL_REPRESENTATION('',(#682),#685);
#682 = B_SPLINE_CURVE_WITH_KNOTS('',1,(#683,#684),.UNSPECIFIED.,.F.,.F.,
  (2,2),(-8.059275,-1.286775),.PIECEWISE_BEZIER_KNOTS.);
#683 = CARTESIAN_POINT('',(1.987785,-9.34605));
#684 = CARTESIAN_POINT('',(1.987785,-2.57355));
#685 = ( GEOMETRIC_REPRESENTATION_CONTEXT(2) 
PARAMETRIC_REPRESENTATION_CONTEXT() REPRESENTATION_CONTEXT('2D SPACE',''
  ) );
#686 = PCURVE('',#687,#692);
#687 = PLANE('',#688);
#688 = AXIS2_PLACEMENT_3D('',#689,#690,#691);
#689 = CARTESIAN_POINT('',(-0.359415,-13.0546,4.77855));
#690 = DIRECTION('',(1.,0.,0.));
#691 = DIRECTION('',(0.,0.,1.));
#692 = DEFINITIONAL_REPRESENTATION('',(#693),#696);
#693 = B_SPLINE_CURVE_WITH_KNOTS('',1,(#694,#695),.UNSPECIFIED.,.F.,.F.,
  (2,2),(-8.059275,-1.286775),.PIECEWISE_BEZIER_KNOTS.);
#694 = CARTESIAN_POINT('',(6.7725,-0.145));
#695 = CARTESIAN_POINT('',(0.,-0.145));
#696 = ( GEOMETRIC_REPRESENTATION_CONTEXT(2) 
PARAMETRIC_REPRESENTATION_CONTEXT() REPRESENTATION_CONTEXT('2D SPACE',''
  ) );
#697 = ORIENTED_EDGE('',*,*,#698,.T.);
#698 = EDGE_CURVE('',#673,#699,#701,.T.);
#699 = VERTEX_POINT('',#700);
#700 = CARTESIAN_POINT('',(0.359415,-12.9096,4.77855));
#701 = SURFACE_CURVE('',#702,(#706,#712),.PCURVE_S1.);
#702 = LINE('',#703,#704);
#703 = CARTESIAN_POINT('',(-1.3533075,-12.9096,4.77855));
#704 = VECTOR('',#705,1.);
#705 = DIRECTION('',(1.,0.,0.));
#706 = PCURVE('',#328,#707);
#707 = DEFINITIONAL_REPRESENTATION('',(#708),#711);
#708 = B_SPLINE_CURVE_WITH_KNOTS('',1,(#709,#710),.UNSPECIFIED.,.F.,.F.,
  (2,2),(0.9938925,1.7127225),.PIECEWISE_BEZIER_KNOTS.);
#709 = CARTESIAN_POINT('',(1.987785,-2.57355));
#710 = CARTESIAN_POINT('',(2.706615,-2.57355));
#711 = ( GEOMETRIC_REPRESENTATION_CONTEXT(2) 
PARAMETRIC_REPRESENTATION_CONTEXT() REPRESENTATION_CONTEXT('2D SPACE',''
  ) );
#712 = PCURVE('',#713,#718);
#713 = PLANE('',#714);
#714 = AXIS2_PLACEMENT_3D('',#715,#716,#717);
#715 = CARTESIAN_POINT('',(-0.359415,-13.0546,4.77855));
#716 = DIRECTION('',(0.,0.,1.));
#717 = DIRECTION('',(1.,0.,0.));
#718 = DEFINITIONAL_REPRESENTATION('',(#719),#722);
#719 = B_SPLINE_CURVE_WITH_KNOTS('',1,(#720,#721),.UNSPECIFIED.,.F.,.F.,
  (2,2),(0.9938925,1.7127225),.PIECEWISE_BEZIER_KNOTS.);
#720 = CARTESIAN_POINT('',(0.,0.145));
#721 = CARTESIAN_POINT('',(0.71883,0.145));
#722 = ( GEOMETRIC_REPRESENTATION_CONTEXT(2) 
PARAMETRIC_REPRESENTATION_CONTEXT() REPRESENTATION_CONTEXT('2D SPACE',''
  ) );
#723 = ORIENTED_EDGE('',*,*,#724,.F.);
#724 = EDGE_CURVE('',#504,#699,#725,.T.);
#725 = SURFACE_CURVE('',#726,(#730,#736),.PCURVE_S1.);
#726 = LINE('',#727,#728);
#727 = CARTESIAN_POINT('',(0.359415,-12.9096,3.491775));
#728 = VECTOR('',#729,1.);
#729 = DIRECTION('',(0.,0.,-1.));
#730 = PCURVE('',#328,#731);
#731 = DEFINITIONAL_REPRESENTATION('',(#732),#735);
#732 = B_SPLINE_CURVE_WITH_KNOTS('',1,(#733,#734),.UNSPECIFIED.,.F.,.F.,
  (2,2),(-8.059275,-1.286775),.PIECEWISE_BEZIER_KNOTS.);
#733 = CARTESIAN_POINT('',(2.706615,-9.34605));
#734 = CARTESIAN_POINT('',(2.706615,-2.57355));
#735 = ( GEOMETRIC_REPRESENTATION_CONTEXT(2) 
PARAMETRIC_REPRESENTATION_CONTEXT() REPRESENTATION_CONTEXT('2D SPACE',''
  ) );
#736 = PCURVE('',#737,#742);
#737 = PLANE('',#738);
#738 = AXIS2_PLACEMENT_3D('',#739,#740,#741);
#739 = CARTESIAN_POINT('',(0.359415,-13.0546,4.77855));
#740 = DIRECTION('',(1.,0.,0.));
#741 = DIRECTION('',(0.,0.,1.));
#742 = DEFINITIONAL_REPRESENTATION('',(#743),#746);
#743 = B_SPLINE_CURVE_WITH_KNOTS('',1,(#744,#745),.UNSPECIFIED.,.F.,.F.,
  (2,2),(-8.059275,-1.286775),.PIECEWISE_BEZIER_KNOTS.);
#744 = CARTESIAN_POINT('',(6.7725,-0.145));
#745 = CARTESIAN_POINT('',(0.,-0.145));
#746 = ( GEOMETRIC_REPRESENTATION_CONTEXT(2) 
PARAMETRIC_REPRESENTATION_CONTEXT() REPRESENTATION_CONTEXT('2D SPACE',''
  ) );
#747 = ADVANCED_FACE('',(#748),#302,.T.);
#748 = FACE_BOUND('',#749,.F.);
#749 = EDGE_LOOP('',(#750,#751,#775,#796));
#750 = ORIENTED_EDGE('',*,*,#479,.T.);
#751 = ORIENTED_EDGE('',*,*,#752,.T.);
#752 = EDGE_CURVE('',#457,#753,#755,.T.);
#753 = VERTEX_POINT('',#754);
#754 = CARTESIAN_POINT('',(7.335,-7.9218,15.75));
#755 = SURFACE_CURVE('',#756,(#761,#768),.PCURVE_S1.);
#756 = CIRCLE('',#757,4.9878);
#757 = AXIS2_PLACEMENT_3D('',#758,#759,#760);
#758 = CARTESIAN_POINT('',(2.3472,-7.9218,15.75));
#759 = DIRECTION('',(0.,0.,1.));
#760 = DIRECTION('',(1.,0.,0.));
#761 = PCURVE('',#302,#762);
#762 = DEFINITIONAL_REPRESENTATION('',(#763),#767);
#763 = LINE('',#764,#765);
#764 = CARTESIAN_POINT('',(-0.,-13.545));
#765 = VECTOR('',#766,1.);
#766 = DIRECTION('',(-1.,0.));
#767 = ( GEOMETRIC_REPRESENTATION_CONTEXT(2) 
PARAMETRIC_REPRESENTATION_CONTEXT() REPRESENTATION_CONTEXT('2D SPACE',''
  ) );
#768 = PCURVE('',#418,#769);
#769 = DEFINITIONAL_REPRESENTATION('',(#770),#774);
#770 = CIRCLE('',#771,4.9878);
#771 = AXIS2_PLACEMENT_2D('',#772,#773);
#772 = CARTESIAN_POINT('',(2.3472,-7.9218));
#773 = DIRECTION('',(1.,0.));
#774 = ( GEOMETRIC_REPRESENTATION_CONTEXT(2) 
PARAMETRIC_REPRESENTATION_CONTEXT() REPRESENTATION_CONTEXT('2D SPACE',''
  ) );
#775 = ORIENTED_EDGE('',*,*,#776,.F.);
#776 = EDGE_CURVE('',#258,#753,#777,.T.);
#777 = SURFACE_CURVE('',#778,(#782,#789),.PCURVE_S1.);
#778 = LINE('',#779,#780);
#779 = CARTESIAN_POINT('',(7.335,-7.9218,2.205));
#780 = VECTOR('',#781,1.);
#781 = DIRECTION('',(0.,0.,1.));
#782 = PCURVE('',#302,#783);
#783 = DEFINITIONAL_REPRESENTATION('',(#784),#788);
#784 = LINE('',#785,#786);
#785 = CARTESIAN_POINT('',(-6.28318530718,0.));
#786 = VECTOR('',#787,1.);
#787 = DIRECTION('',(-0.,-1.));
#788 = ( GEOMETRIC_REPRESENTATION_CONTEXT(2) 
PARAMETRIC_REPRESENTATION_CONTEXT() REPRESENTATION_CONTEXT('2D SPACE',''
  ) );
#789 = PCURVE('',#273,#790);
#790 = DEFINITIONAL_REPRESENTATION('',(#791),#795);
#791 = LINE('',#792,#793);
#792 = CARTESIAN_POINT('',(0.,0.));
#793 = VECTOR('',#794,1.);
#794 = DIRECTION('',(0.,-1.));
#795 = ( GEOMETRIC_REPRESENTATION_CONTEXT(2) 
PARAMETRIC_REPRESENTATION_CONTEXT() REPRESENTATION_CONTEXT('2D SPACE',''
  ) );
#796 = ORIENTED_EDGE('',*,*,#285,.F.);
#797 = ADVANCED_FACE('',(#798),#273,.F.);
#798 = FACE_BOUND('',#799,.F.);
#799 = EDGE_LOOP('',(#800,#801,#824,#845));
#800 = ORIENTED_EDGE('',*,*,#776,.T.);
#801 = ORIENTED_EDGE('',*,*,#802,.T.);
#802 = EDGE_CURVE('',#753,#803,#805,.T.);
#803 = VERTEX_POINT('',#804);
#804 = CARTESIAN_POINT('',(7.335,7.9218,15.75));
#805 = SURFACE_CURVE('',#806,(#810,#817),.PCURVE_S1.);
#806 = LINE('',#807,#808);
#807 = CARTESIAN_POINT('',(7.335,0.,15.75));
#808 = VECTOR('',#809,1.);
#809 = DIRECTION('',(0.,1.,0.));
#810 = PCURVE('',#273,#811);
#811 = DEFINITIONAL_REPRESENTATION('',(#812),#816);
#812 = LINE('',#813,#814);
#813 = CARTESIAN_POINT('',(7.9218,-13.545));
#814 = VECTOR('',#815,1.);
#815 = DIRECTION('',(1.,0.));
#816 = ( GEOMETRIC_REPRESENTATION_CONTEXT(2) 
PARAMETRIC_REPRESENTATION_CONTEXT() REPRESENTATION_CONTEXT('2D SPACE',''
  ) );
#817 = PCURVE('',#418,#818);
#818 = DEFINITIONAL_REPRESENTATION('',(#819),#823);
#819 = LINE('',#820,#821);
#820 = CARTESIAN_POINT('',(7.335,0.));
#821 = VECTOR('',#822,1.);
#822 = DIRECTION('',(0.,1.));
#823 = ( GEOMETRIC_REPRESENTATION_CONTEXT(2) 
PARAMETRIC_REPRESENTATION_CONTEXT() REPRESENTATION_CONTEXT('2D SPACE',''
  ) );
#824 = ORIENTED_EDGE('',*,*,#825,.F.);
#825 = EDGE_CURVE('',#229,#803,#826,.T.);
#826 = SURFACE_CURVE('',#827,(#831,#838),.PCURVE_S1.);
#827 = LINE('',#828,#829);
#828 = CARTESIAN_POINT('',(7.335,7.9218,2.205));
#829 = VECTOR('',#830,1.);
#830 = DIRECTION('',(0.,0.,1.));
#831 = PCURVE('',#273,#832);
#832 = DEFINITIONAL_REPRESENTATION('',(#833),#837);
#833 = LINE('',#834,#835);
#834 = CARTESIAN_POINT('',(15.8436,0.));
#835 = VECTOR('',#836,1.);
#836 = DIRECTION('',(0.,-1.));
#837 = ( GEOMETRIC_REPRESENTATION_CONTEXT(2) 
PARAMETRIC_REPRESENTATION_CONTEXT() REPRESENTATION_CONTEXT('2D SPACE',''
  ) );
#838 = PCURVE('',#245,#839);
#839 = DEFINITIONAL_REPRESENTATION('',(#840),#844);
#840 = LINE('',#841,#842);
#841 = CARTESIAN_POINT('',(-0.,0.));
#842 = VECTOR('',#843,1.);
#843 = DIRECTION('',(-0.,-1.));
#844 = ( GEOMETRIC_REPRESENTATION_CONTEXT(2) 
PARAMETRIC_REPRESENTATION_CONTEXT() REPRESENTATION_CONTEXT('2D SPACE',''
  ) );
#845 = ORIENTED_EDGE('',*,*,#257,.F.);
#846 = ADVANCED_FACE('',(#847),#245,.T.);
#847 = FACE_BOUND('',#848,.F.);
#848 = EDGE_LOOP('',(#849,#850,#874,#895));
#849 = ORIENTED_EDGE('',*,*,#825,.T.);
#850 = ORIENTED_EDGE('',*,*,#851,.T.);
#851 = EDGE_CURVE('',#803,#852,#854,.T.);
#852 = VERTEX_POINT('',#853);
#853 = CARTESIAN_POINT('',(2.3472,12.9096,15.75));
#854 = SURFACE_CURVE('',#855,(#860,#867),.PCURVE_S1.);
#855 = CIRCLE('',#856,4.9878);
#856 = AXIS2_PLACEMENT_3D('',#857,#858,#859);
#857 = CARTESIAN_POINT('',(2.3472,7.9218,15.75));
#858 = DIRECTION('',(0.,0.,1.));
#859 = DIRECTION('',(1.,0.,0.));
#860 = PCURVE('',#245,#861);
#861 = DEFINITIONAL_REPRESENTATION('',(#862),#866);
#862 = LINE('',#863,#864);
#863 = CARTESIAN_POINT('',(-0.,-13.545));
#864 = VECTOR('',#865,1.);
#865 = DIRECTION('',(-1.,0.));
#866 = ( GEOMETRIC_REPRESENTATION_CONTEXT(2) 
PARAMETRIC_REPRESENTATION_CONTEXT() REPRESENTATION_CONTEXT('2D SPACE',''
  ) );
#867 = PCURVE('',#418,#868);
#868 = DEFINITIONAL_REPRESENTATION('',(#869),#873);
#869 = CIRCLE('',#870,4.9878);
#870 = AXIS2_PLACEMENT_2D('',#871,#872);
#871 = CARTESIAN_POINT('',(2.3472,7.9218));
#872 = DIRECTION('',(1.,0.));
#873 = ( GEOMETRIC_REPRESENTATION_CONTEXT(2) 
PARAMETRIC_REPRESENTATION_CONTEXT() REPRESENTATION_CONTEXT('2D SPACE',''
  ) );
#874 = ORIENTED_EDGE('',*,*,#875,.F.);
#875 = EDGE_CURVE('',#201,#852,#876,.T.);
#876 = SURFACE_CURVE('',#877,(#881,#888),.PCURVE_S1.);
#877 = LINE('',#878,#879);
#878 = CARTESIAN_POINT('',(2.3472,12.9096,2.205));
#879 = VECTOR('',#880,1.);
#880 = DIRECTION('',(0.,0.,1.));
#881 = PCURVE('',#245,#882);
#882 = DEFINITIONAL_REPRESENTATION('',(#883),#887);
#883 = LINE('',#884,#885);
#884 = CARTESIAN_POINT('',(-1.570796326795,0.));
#885 = VECTOR('',#886,1.);
#886 = DIRECTION('',(-0.,-1.));
#887 = ( GEOMETRIC_REPRESENTATION_CONTEXT(2) 
PARAMETRIC_REPRESENTATION_CONTEXT() REPRESENTATION_CONTEXT('2D SPACE',''
  ) );
#888 = PCURVE('',#216,#889);
#889 = DEFINITIONAL_REPRESENTATION('',(#890),#894);
#890 = LINE('',#891,#892);
#891 = CARTESIAN_POINT('',(4.6944,0.));
#892 = VECTOR('',#893,1.);
#893 = DIRECTION('',(0.,-1.));
#894 = ( GEOMETRIC_REPRESENTATION_CONTEXT(2) 
PARAMETRIC_REPRESENTATION_CONTEXT() REPRESENTATION_CONTEXT('2D SPACE',''
  ) );
#895 = ORIENTED_EDGE('',*,*,#228,.F.);
#896 = ADVANCED_FACE('',(#897),#216,.T.);
#897 = FACE_BOUND('',#898,.T.);
#898 = EDGE_LOOP('',(#899,#922,#943,#944));
#899 = ORIENTED_EDGE('',*,*,#900,.T.);
#900 = EDGE_CURVE('',#172,#901,#903,.T.);
#901 = VERTEX_POINT('',#902);
#902 = CARTESIAN_POINT('',(-2.3472,12.9096,15.75));
#903 = SURFACE_CURVE('',#904,(#908,#915),.PCURVE_S1.);
#904 = LINE('',#905,#906);
#905 = CARTESIAN_POINT('',(-2.3472,12.9096,2.205));
#906 = VECTOR('',#907,1.);
#907 = DIRECTION('',(0.,0.,1.));
#908 = PCURVE('',#216,#909);
#909 = DEFINITIONAL_REPRESENTATION('',(#910),#914);
#910 = LINE('',#911,#912);
#911 = CARTESIAN_POINT('',(0.,0.));
#912 = VECTOR('',#913,1.);
#913 = DIRECTION('',(0.,-1.));
#914 = ( GEOMETRIC_REPRESENTATION_CONTEXT(2) 
PARAMETRIC_REPRESENTATION_CONTEXT() REPRESENTATION_CONTEXT('2D SPACE',''
  ) );
#915 = PCURVE('',#188,#916);
#916 = DEFINITIONAL_REPRESENTATION('',(#917),#921);
#917 = LINE('',#918,#919);
#918 = CARTESIAN_POINT('',(-1.570796326795,0.));
#919 = VECTOR('',#920,1.);
#920 = DIRECTION('',(-0.,-1.));
#921 = ( GEOMETRIC_REPRESENTATION_CONTEXT(2) 
PARAMETRIC_REPRESENTATION_CONTEXT() REPRESENTATION_CONTEXT('2D SPACE',''
  ) );
#922 = ORIENTED_EDGE('',*,*,#923,.T.);
#923 = EDGE_CURVE('',#901,#852,#924,.T.);
#924 = SURFACE_CURVE('',#925,(#929,#936),.PCURVE_S1.);
#925 = LINE('',#926,#927);
#926 = CARTESIAN_POINT('',(0.,12.9096,15.75));
#927 = VECTOR('',#928,1.);
#928 = DIRECTION('',(1.,0.,0.));
#929 = PCURVE('',#216,#930);
#930 = DEFINITIONAL_REPRESENTATION('',(#931),#935);
#931 = LINE('',#932,#933);
#932 = CARTESIAN_POINT('',(2.3472,-13.545));
#933 = VECTOR('',#934,1.);
#934 = DIRECTION('',(1.,0.));
#935 = ( GEOMETRIC_REPRESENTATION_CONTEXT(2) 
PARAMETRIC_REPRESENTATION_CONTEXT() REPRESENTATION_CONTEXT('2D SPACE',''
  ) );
#936 = PCURVE('',#418,#937);
#937 = DEFINITIONAL_REPRESENTATION('',(#938),#942);
#938 = LINE('',#939,#940);
#939 = CARTESIAN_POINT('',(0.,12.9096));
#940 = VECTOR('',#941,1.);
#941 = DIRECTION('',(1.,0.));
#942 = ( GEOMETRIC_REPRESENTATION_CONTEXT(2) 
PARAMETRIC_REPRESENTATION_CONTEXT() REPRESENTATION_CONTEXT('2D SPACE',''
  ) );
#943 = ORIENTED_EDGE('',*,*,#875,.F.);
#944 = ORIENTED_EDGE('',*,*,#200,.F.);
#945 = ADVANCED_FACE('',(#946),#188,.T.);
#946 = FACE_BOUND('',#947,.F.);
#947 = EDGE_LOOP('',(#948,#949,#973,#994));
#948 = ORIENTED_EDGE('',*,*,#900,.T.);
#949 = ORIENTED_EDGE('',*,*,#950,.T.);
#950 = EDGE_CURVE('',#901,#951,#953,.T.);
#951 = VERTEX_POINT('',#952);
#952 = CARTESIAN_POINT('',(-7.335,7.9218,15.75));
#953 = SURFACE_CURVE('',#954,(#959,#966),.PCURVE_S1.);
#954 = CIRCLE('',#955,4.9878);
#955 = AXIS2_PLACEMENT_3D('',#956,#957,#958);
#956 = CARTESIAN_POINT('',(-2.3472,7.9218,15.75));
#957 = DIRECTION('',(0.,0.,1.));
#958 = DIRECTION('',(1.,0.,0.));
#959 = PCURVE('',#188,#960);
#960 = DEFINITIONAL_REPRESENTATION('',(#961),#965);
#961 = LINE('',#962,#963);
#962 = CARTESIAN_POINT('',(-0.,-13.545));
#963 = VECTOR('',#964,1.);
#964 = DIRECTION('',(-1.,0.));
#965 = ( GEOMETRIC_REPRESENTATION_CONTEXT(2) 
PARAMETRIC_REPRESENTATION_CONTEXT() REPRESENTATION_CONTEXT('2D SPACE',''
  ) );
#966 = PCURVE('',#418,#967);
#967 = DEFINITIONAL_REPRESENTATION('',(#968),#972);
#968 = CIRCLE('',#969,4.9878);
#969 = AXIS2_PLACEMENT_2D('',#970,#971);
#970 = CARTESIAN_POINT('',(-2.3472,7.9218));
#971 = DIRECTION('',(1.,0.));
#972 = ( GEOMETRIC_REPRESENTATION_CONTEXT(2) 
PARAMETRIC_REPRESENTATION_CONTEXT() REPRESENTATION_CONTEXT('2D SPACE',''
  ) );
#973 = ORIENTED_EDGE('',*,*,#974,.F.);
#974 = EDGE_CURVE('',#144,#951,#975,.T.);
#975 = SURFACE_CURVE('',#976,(#980,#987),.PCURVE_S1.);
#976 = LINE('',#977,#978);
#977 = CARTESIAN_POINT('',(-7.335,7.9218,2.205));
#978 = VECTOR('',#979,1.);
#979 = DIRECTION('',(0.,0.,1.));
#980 = PCURVE('',#188,#981);
#981 = DEFINITIONAL_REPRESENTATION('',(#982),#986);
#982 = LINE('',#983,#984);
#983 = CARTESIAN_POINT('',(-3.14159265359,0.));
#984 = VECTOR('',#985,1.);
#985 = DIRECTION('',(-0.,-1.));
#986 = ( GEOMETRIC_REPRESENTATION_CONTEXT(2) 
PARAMETRIC_REPRESENTATION_CONTEXT() REPRESENTATION_CONTEXT('2D SPACE',''
  ) );
#987 = PCURVE('',#159,#988);
#988 = DEFINITIONAL_REPRESENTATION('',(#989),#993);
#989 = LINE('',#990,#991);
#990 = CARTESIAN_POINT('',(15.8436,0.));
#991 = VECTOR('',#992,1.);
#992 = DIRECTION('',(0.,-1.));
#993 = ( GEOMETRIC_REPRESENTATION_CONTEXT(2) 
PARAMETRIC_REPRESENTATION_CONTEXT() REPRESENTATION_CONTEXT('2D SPACE',''
  ) );
#994 = ORIENTED_EDGE('',*,*,#171,.F.);
#995 = ADVANCED_FACE('',(#996),#159,.T.);
#996 = FACE_BOUND('',#997,.T.);
#997 = EDGE_LOOP('',(#998,#999,#1020,#1021));
#998 = ORIENTED_EDGE('',*,*,#378,.T.);
#999 = ORIENTED_EDGE('',*,*,#1000,.T.);
#1000 = EDGE_CURVE('',#379,#951,#1001,.T.);
#1001 = SURFACE_CURVE('',#1002,(#1006,#1013),.PCURVE_S1.);
#1002 = LINE('',#1003,#1004);
#1003 = CARTESIAN_POINT('',(-7.335,0.,15.75));
#1004 = VECTOR('',#1005,1.);
#1005 = DIRECTION('',(0.,1.,0.));
#1006 = PCURVE('',#159,#1007);
#1007 = DEFINITIONAL_REPRESENTATION('',(#1008),#1012);
#1008 = LINE('',#1009,#1010);
#1009 = CARTESIAN_POINT('',(7.9218,-13.545));
#1010 = VECTOR('',#1011,1.);
#1011 = DIRECTION('',(1.,0.));
#1012 = ( GEOMETRIC_REPRESENTATION_CONTEXT(2) 
PARAMETRIC_REPRESENTATION_CONTEXT() REPRESENTATION_CONTEXT('2D SPACE',''
  ) );
#1013 = PCURVE('',#418,#1014);
#1014 = DEFINITIONAL_REPRESENTATION('',(#1015),#1019);
#1015 = LINE('',#1016,#1017);
#1016 = CARTESIAN_POINT('',(-7.335,0.));
#1017 = VECTOR('',#1018,1.);
#1018 = DIRECTION('',(0.,1.));
#1019 = ( GEOMETRIC_REPRESENTATION_CONTEXT(2) 
PARAMETRIC_REPRESENTATION_CONTEXT() REPRESENTATION_CONTEXT('2D SPACE',''
  ) );
#1020 = ORIENTED_EDGE('',*,*,#974,.F.);
#1021 = ORIENTED_EDGE('',*,*,#143,.F.);
#1022 = ADVANCED_FACE('',(#1023,#1077,#1369),#363,.F.);
#1023 = FACE_BOUND('',#1024,.F.);
#1024 = EDGE_LOOP('',(#1025,#1026,#1049,#1076));
#1025 = ORIENTED_EDGE('',*,*,#346,.T.);
#1026 = ORIENTED_EDGE('',*,*,#1027,.T.);
#1027 = EDGE_CURVE('',#347,#1028,#1030,.T.);
#1028 = VERTEX_POINT('',#1029);
#1029 = CARTESIAN_POINT('',(3.175,-7.776507174586E-16,13.23));
#1030 = SEAM_CURVE('',#1031,(#1035,#1042),.PCURVE_S1.);
#1031 = LINE('',#1032,#1033);
#1032 = CARTESIAN_POINT('',(3.175,-7.776507174586E-16,-0.8));
#1033 = VECTOR('',#1034,1.);
#1034 = DIRECTION('',(0.,0.,1.));
#1035 = PCURVE('',#363,#1036);
#1036 = DEFINITIONAL_REPRESENTATION('',(#1037),#1041);
#1037 = LINE('',#1038,#1039);
#1038 = CARTESIAN_POINT('',(0.,-0.));
#1039 = VECTOR('',#1040,1.);
#1040 = DIRECTION('',(0.,1.));
#1041 = ( GEOMETRIC_REPRESENTATION_CONTEXT(2) 
PARAMETRIC_REPRESENTATION_CONTEXT() REPRESENTATION_CONTEXT('2D SPACE',''
  ) );
#1042 = PCURVE('',#363,#1043);
#1043 = DEFINITIONAL_REPRESENTATION('',(#1044),#1048);
#1044 = LINE('',#1045,#1046);
#1045 = CARTESIAN_POINT('',(6.28318530718,-0.));
#1046 = VECTOR('',#1047,1.);
#1047 = DIRECTION('',(0.,1.));
#1048 = ( GEOMETRIC_REPRESENTATION_CONTEXT(2) 
PARAMETRIC_REPRESENTATION_CONTEXT() REPRESENTATION_CONTEXT('2D SPACE',''
  ) );
#1049 = ORIENTED_EDGE('',*,*,#1050,.F.);
#1050 = EDGE_CURVE('',#1028,#1028,#1051,.T.);
#1051 = SURFACE_CURVE('',#1052,(#1057,#1064),.PCURVE_S1.);
#1052 = CIRCLE('',#1053,3.175);
#1053 = AXIS2_PLACEMENT_3D('',#1054,#1055,#1056);
#1054 = CARTESIAN_POINT('',(0.,0.,13.23));
#1055 = DIRECTION('',(0.,0.,1.));
#1056 = DIRECTION('',(1.,0.,0.));
#1057 = PCURVE('',#363,#1058);
#1058 = DEFINITIONAL_REPRESENTATION('',(#1059),#1063);
#1059 = LINE('',#1060,#1061);
#1060 = CARTESIAN_POINT('',(0.,14.03));
#1061 = VECTOR('',#1062,1.);
#1062 = DIRECTION('',(1.,0.));
#1063 = ( GEOMETRIC_REPRESENTATION_CONTEXT(2) 
PARAMETRIC_REPRESENTATION_CONTEXT() REPRESENTATION_CONTEXT('2D SPACE',''
  ) );
#1064 = PCURVE('',#1065,#1070);
#1065 = PLANE('',#1066);
#1066 = AXIS2_PLACEMENT_3D('',#1067,#1068,#1069);
#1067 = CARTESIAN_POINT('',(0.,0.,13.23));
#1068 = DIRECTION('',(0.,0.,1.));
#1069 = DIRECTION('',(1.,0.,0.));
#1070 = DEFINITIONAL_REPRESENTATION('',(#1071),#1075);
#1071 = CIRCLE('',#1072,3.175);
#1072 = AXIS2_PLACEMENT_2D('',#1073,#1074);
#1073 = CARTESIAN_POINT('',(0.,0.));
#1074 = DIRECTION('',(1.,0.));
#1075 = ( GEOMETRIC_REPRESENTATION_CONTEXT(2) 
PARAMETRIC_REPRESENTATION_CONTEXT() REPRESENTATION_CONTEXT('2D SPACE',''
  ) );
#1076 = ORIENTED_EDGE('',*,*,#1027,.F.);
#1077 = FACE_BOUND('',#1078,.F.);
#1078 = EDGE_LOOP('',(#1079));
#1079 = ORIENTED_EDGE('',*,*,#1080,.F.);
#1080 = EDGE_CURVE('',#1081,#1081,#1083,.T.);
#1081 = VERTEX_POINT('',#1082);
#1082 = CARTESIAN_POINT('',(1.1736,-2.950133563078,8.1648));
#1083 = SURFACE_CURVE('',#1084,(#1177,#1273),.PCURVE_S1.);
#1084 = B_SPLINE_CURVE_WITH_KNOTS('',6,(#1085,#1086,#1087,#1088,#1089,
    #1090,#1091,#1092,#1093,#1094,#1095,#1096,#1097,#1098,#1099,#1100,
    #1101,#1102,#1103,#1104,#1105,#1106,#1107,#1108,#1109,#1110,#1111,
    #1112,#1113,#1114,#1115,#1116,#1117,#1118,#1119,#1120,#1121,#1122,
    #1123,#1124,#1125,#1126,#1127,#1128,#1129,#1130,#1131,#1132,#1133,
    #1134,#1135,#1136,#1137,#1138,#1139,#1140,#1141,#1142,#1143,#1144,
    #1145,#1146,#1147,#1148,#1149,#1150,#1151,#1152,#1153,#1154,#1155,
    #1156,#1157,#1158,#1159,#1160,#1161,#1162,#1163,#1164,#1165,#1166,
    #1167,#1168,#1169,#1170,#1171,#1172,#1173,#1174,#1175,#1176),
  .UNSPECIFIED.,.T.,.F.,(7,5,5,5,5,5,5,5,5,5,5,5,5,5,5,5,5,5,7),(0.,
    2.950384077235E-02,0.142274947445,0.175406882304,0.2176933072,
    0.296144852143,0.324445367459,0.355861743579,0.471603008721,
    0.50150492078,0.529304321379,0.642177519991,0.675339449267,
    0.717664156159,0.796186723465,0.824512859293,0.855957676711,
    0.971803722613,1.),.UNSPECIFIED.);
#1085 = CARTESIAN_POINT('',(1.1736,-2.950133563078,8.1648));
#1086 = CARTESIAN_POINT('',(1.1736,-2.950133563078,8.198165948664));
#1087 = CARTESIAN_POINT('',(1.172461652222,-2.95058642659,8.231531910079
    ));
#1088 = CARTESIAN_POINT('',(1.170185004717,-2.951492095413,
    8.264859438272));
#1089 = CARTESIAN_POINT('',(1.166770501123,-2.952846587656,
    8.298110141354));
#1090 = CARTESIAN_POINT('',(1.16221898066,-2.954641997738,8.331245681527
    ));
#1091 = CARTESIAN_POINT('',(1.13479337617,-2.965369090227,8.490293639476
    ));
#1092 = CARTESIAN_POINT('',(1.096495922853,-2.980127567016,
    8.613918690752));
#1093 = CARTESIAN_POINT('',(1.041750363325,-3.000468654945,
    8.733269908174));
#1094 = CARTESIAN_POINT('',(0.970513767091,-3.025011470976,
    8.846291459295));
#1095 = CARTESIAN_POINT('',(0.88278702401,-3.051685218808,8.950479987711
    ));
#1096 = CARTESIAN_POINT('',(0.748455138121,-3.085681451151,
    9.069684034357));
#1097 = CARTESIAN_POINT('',(0.716553863854,-3.093368894511,
    9.095719020246));
#1098 = CARTESIAN_POINT('',(0.683276802374,-3.100956583703,
    9.120626197427));
#1099 = CARTESIAN_POINT('',(0.648650706323,-3.108374051028,
    9.144310049931));
#1100 = CARTESIAN_POINT('',(0.612708333753,-3.115549044017,
    9.166672895686));
#1101 = CARTESIAN_POINT('',(0.527985475749,-3.131164250515,
    9.214342399237));
#1102 = CARTESIAN_POINT('',(0.478363186316,-3.139413439063,
    9.238776796019));
#1103 = CARTESIAN_POINT('',(0.426797252056,-3.146985310627,
    9.260646320363));
#1104 = CARTESIAN_POINT('',(0.373489928957,-3.153718092252,
    9.279713623274));
#1105 = CARTESIAN_POINT('',(0.31866699185,-3.159469007587,9.295773253642
    ));
#1106 = CARTESIAN_POINT('',(0.158508690703,-3.172759716216,
    9.332538096922));
#1107 = CARTESIAN_POINT('',(5.022125369331E-02,-3.177610472226,
    9.345435819826));
#1108 = CARTESIAN_POINT('',(-5.980633454678E-02,-3.177891900679,
    9.346077920803));
#1109 = CARTESIAN_POINT('',(-0.168862433058,-3.173394194333,
    9.334253296777));
#1110 = CARTESIAN_POINT('',(-0.274289024507,-3.164716064525,
    9.31071359911));
#1111 = CARTESIAN_POINT('',(-0.409668030571,-3.148666904476,
    9.265228342564));
#1112 = CARTESIAN_POINT('',(-0.444833200588,-3.144000953752,
    9.251867147481));
#1113 = CARTESIAN_POINT('',(-0.479214766141,-3.138965376263,
    9.237264644105));
#1114 = CARTESIAN_POINT('',(-0.512757991002,-3.133605478496,
    9.221486420479));
#1115 = CARTESIAN_POINT('',(-0.545412786256,-3.127969071306,
    9.20460240612));
#1116 = CARTESIAN_POINT('',(-0.61234765642,-3.115595885636,
    9.166799417107));
#1117 = CARTESIAN_POINT('',(-0.646414377438,-3.10880539001,
    9.145638893672));
#1118 = CARTESIAN_POINT('',(-0.679300950485,-3.101796203615,
    9.123290613713));
#1119 = CARTESIAN_POINT('',(-0.710979045907,-3.094629352707,
    9.099837933007));
#1120 = CARTESIAN_POINT('',(-0.741425200908,-3.087364476942,
    9.075362517949));
#1121 = CARTESIAN_POINT('',(-0.878180578347,-3.053148732158,
    8.956301099811));
#1122 = CARTESIAN_POINT('',(-0.968836601046,-3.02567720476,
    8.849802049841));
#1123 = CARTESIAN_POINT('',(-1.042149340663,-3.000390813182,
    8.733950943916));
#1124 = CARTESIAN_POINT('',(-1.098120779284,-2.979536875501,
    8.611451949595));
#1125 = CARTESIAN_POINT('',(-1.136801135034,-2.964596061096,
    8.484515351945));
#1126 = CARTESIAN_POINT('',(-1.163560837898,-2.954113402133,
    8.321678961884));
#1127 = CARTESIAN_POINT('',(-1.167890111021,-2.952403331302,
    8.288097019729));
#1128 = CARTESIAN_POINT('',(-1.171053396435,-2.951147115948,
    8.254404724282));
#1129 = CARTESIAN_POINT('',(-1.173049879569,-2.950352355604,
    8.220641890218));
#1130 = CARTESIAN_POINT('',(-1.173879173805,-2.950022511357,
    8.186848398143));
#1131 = CARTESIAN_POINT('',(-1.173227222841,-2.950281850579,
    8.121655480455));
#1132 = CARTESIAN_POINT('',(-1.171904340618,-2.950808044278,
    8.09025474129));
#1133 = CARTESIAN_POINT('',(-1.169572779951,-2.951734853345,
    8.058894045216));
#1134 = CARTESIAN_POINT('',(-1.166232952943,-2.953058568155,
    8.027605415561));
#1135 = CARTESIAN_POINT('',(-1.161885577661,-2.954772403061,
    7.996420830875));
#1136 = CARTESIAN_POINT('',(-1.13479337617,-2.965369090227,
    7.839306360524));
#1137 = CARTESIAN_POINT('',(-1.096495922853,-2.980127567016,
    7.715681309248));
#1138 = CARTESIAN_POINT('',(-1.041750363325,-3.000468654945,
    7.596330091826));
#1139 = CARTESIAN_POINT('',(-0.970513767091,-3.025011470976,
    7.483308540705));
#1140 = CARTESIAN_POINT('',(-0.88278702401,-3.051685218808,
    7.379120012289));
#1141 = CARTESIAN_POINT('',(-0.748455138121,-3.085681451151,
    7.259915965643));
#1142 = CARTESIAN_POINT('',(-0.716553863854,-3.093368894511,
    7.233880979754));
#1143 = CARTESIAN_POINT('',(-0.683276802374,-3.100956583703,
    7.208973802573));
#1144 = CARTESIAN_POINT('',(-0.648650706323,-3.108374051028,
    7.185289950069));
#1145 = CARTESIAN_POINT('',(-0.612708333753,-3.115549044017,
    7.162927104314));
#1146 = CARTESIAN_POINT('',(-0.527985475749,-3.131164250515,
    7.115257600763));
#1147 = CARTESIAN_POINT('',(-0.478363186316,-3.139413439063,
    7.090823203981));
#1148 = CARTESIAN_POINT('',(-0.426797252056,-3.146985310627,
    7.068953679637));
#1149 = CARTESIAN_POINT('',(-0.373489928957,-3.153718092252,
    7.049886376726));
#1150 = CARTESIAN_POINT('',(-0.318666991849,-3.159469007587,
    7.033826746358));
#1151 = CARTESIAN_POINT('',(-0.158508690703,-3.172759716216,
    6.997061903078));
#1152 = CARTESIAN_POINT('',(-5.022125369307E-02,-3.177610472226,
    6.984164180174));
#1153 = CARTESIAN_POINT('',(5.980633454722E-02,-3.177891900679,
    6.983522079197));
#1154 = CARTESIAN_POINT('',(0.168862433059,-3.173394194333,
    6.995346703223));
#1155 = CARTESIAN_POINT('',(0.274289024507,-3.164716064525,7.01888640089
    ));
#1156 = CARTESIAN_POINT('',(0.40966803056,-3.148666904477,7.064371657432
    ));
#1157 = CARTESIAN_POINT('',(0.444833200591,-3.144000953752,
    7.077732852519));
#1158 = CARTESIAN_POINT('',(0.479214766152,-3.138965376262,7.0923353559)
  );
#1159 = CARTESIAN_POINT('',(0.512757991005,-3.133605478495,
    7.108113579523));
#1160 = CARTESIAN_POINT('',(0.545412786247,-3.127969071308,
    7.124997593875));
#1161 = CARTESIAN_POINT('',(0.61234765642,-3.115595885636,7.162800582893
    ));
#1162 = CARTESIAN_POINT('',(0.646414377439,-3.10880539001,7.183961106328
    ));
#1163 = CARTESIAN_POINT('',(0.679300950485,-3.101796203615,
    7.206309386287));
#1164 = CARTESIAN_POINT('',(0.710979045907,-3.094629352707,
    7.229762066994));
#1165 = CARTESIAN_POINT('',(0.741425200908,-3.087364476942,
    7.254237482051));
#1166 = CARTESIAN_POINT('',(0.878180578347,-3.053148732158,
    7.373298900189));
#1167 = CARTESIAN_POINT('',(0.968836601046,-3.02567720476,7.479797950159
    ));
#1168 = CARTESIAN_POINT('',(1.042149340663,-3.000390813182,
    7.595649056085));
#1169 = CARTESIAN_POINT('',(1.098120779284,-2.979536875501,
    7.718148050405));
#1170 = CARTESIAN_POINT('',(1.136801135034,-2.964596061096,
    7.845084648055));
#1171 = CARTESIAN_POINT('',(1.163242767859,-2.954238000667,
    8.005985539162));
#1172 = CARTESIAN_POINT('',(1.167384924448,-2.952602822931,
    8.037615070006));
#1173 = CARTESIAN_POINT('',(1.170492259518,-2.951369864504,
    8.069344601073));
#1174 = CARTESIAN_POINT('',(1.172564074079,-2.950545678337,
    8.101140856172));
#1175 = CARTESIAN_POINT('',(1.1736,-2.950133563078,8.132970472373));
#1176 = CARTESIAN_POINT('',(1.1736,-2.950133563078,8.1648));
#1177 = PCURVE('',#363,#1178);
#1178 = DEFINITIONAL_REPRESENTATION('',(#1179),#1272);
#1179 = B_SPLINE_CURVE_WITH_KNOTS('',6,(#1180,#1181,#1182,#1183,#1184,
    #1185,#1186,#1187,#1188,#1189,#1190,#1191,#1192,#1193,#1194,#1195,
    #1196,#1197,#1198,#1199,#1200,#1201,#1202,#1203,#1204,#1205,#1206,
    #1207,#1208,#1209,#1210,#1211,#1212,#1213,#1214,#1215,#1216,#1217,
    #1218,#1219,#1220,#1221,#1222,#1223,#1224,#1225,#1226,#1227,#1228,
    #1229,#1230,#1231,#1232,#1233,#1234,#1235,#1236,#1237,#1238,#1239,
    #1240,#1241,#1242,#1243,#1244,#1245,#1246,#1247,#1248,#1249,#1250,
    #1251,#1252,#1253,#1254,#1255,#1256,#1257,#1258,#1259,#1260,#1261,
    #1262,#1263,#1264,#1265,#1266,#1267,#1268,#1269,#1270,#1271),
  .UNSPECIFIED.,.T.,.F.,(7,5,5,5,5,5,5,5,5,5,5,5,5,5,5,5,5,5,7),(0.,
    2.950384077235E-02,0.142274947445,0.175406882304,0.2176933072,
    0.296144852143,0.324445367459,0.355861743579,0.471603008721,
    0.50150492078,0.529304321379,0.642177519991,0.675339449267,
    0.717664156159,0.796186723465,0.824512859293,0.855957676711,
    0.971803722613,1.),.UNSPECIFIED.);
#1180 = CARTESIAN_POINT('',(5.091008157982,8.9648));
#1181 = CARTESIAN_POINT('',(5.091008157982,8.998165948664));
#1182 = CARTESIAN_POINT('',(5.090622290448,9.031531910079));
#1183 = CARTESIAN_POINT('',(5.089850583483,9.064859438272));
#1184 = CARTESIAN_POINT('',(5.08869362864,9.098110141354));
#1185 = CARTESIAN_POINT('',(5.087152580918,9.131245681527));
#1186 = CARTESIAN_POINT('',(5.077877355092,9.290293639476));
#1187 = CARTESIAN_POINT('',(5.064950776799,9.413918690752));
#1188 = CARTESIAN_POINT('',(5.046557769109,9.533269908174));
#1189 = CARTESIAN_POINT('',(5.022840588624,9.646291459295));
#1190 = CARTESIAN_POINT('',(4.993993561535,9.750479987711));
#1191 = CARTESIAN_POINT('',(4.950350427963,9.869684034357));
#1192 = CARTESIAN_POINT('',(4.940015838948,9.895719020246));
#1193 = CARTESIAN_POINT('',(4.929267136323,9.920626197427));
#1194 = CARTESIAN_POINT('',(4.918115419376,9.944310049931));
#1195 = CARTESIAN_POINT('',(4.906572891081,9.966672895686));
#1196 = CARTESIAN_POINT('',(4.879439078801,10.014342399237));
#1197 = CARTESIAN_POINT('',(4.863597940866,10.038776796019));
#1198 = CARTESIAN_POINT('',(4.847187167626,10.060646320363));
#1199 = CARTESIAN_POINT('',(4.830269519666,10.079713623274));
#1200 = CARTESIAN_POINT('',(4.812911825675,10.095773253642));
#1201 = CARTESIAN_POINT('',(4.762294874949,10.132538096922));
#1202 = CARTESIAN_POINT('',(4.728178896233,10.145435819826));
#1203 = CARTESIAN_POINT('',(4.693572775768,10.146077920803));
#1204 = CARTESIAN_POINT('',(4.659240797436,10.134253296777));
#1205 = CARTESIAN_POINT('',(4.625944519933,10.11071359911));
#1206 = CARTESIAN_POINT('',(4.583006882262,10.065228342564));
#1207 = CARTESIAN_POINT('',(4.571835249492,10.051867147481));
#1208 = CARTESIAN_POINT('',(4.560892339038,10.037264644105));
#1209 = CARTESIAN_POINT('',(4.550194802977,10.021486420479));
#1210 = CARTESIAN_POINT('',(4.539758477366,10.00460240612));
#1211 = CARTESIAN_POINT('',(4.518319459712,9.966799417107));
#1212 = CARTESIAN_POINT('',(4.507379750939,9.945638893672));
#1213 = CARTESIAN_POINT('',(4.49679048144,9.923290613713));
#1214 = CARTESIAN_POINT('',(4.486562085159,9.899837933007));
#1215 = CARTESIAN_POINT('',(4.476704104837,9.875362517949));
#1216 = CARTESIAN_POINT('',(4.432303870745,9.756301099811));
#1217 = CARTESIAN_POINT('',(4.402504665966,9.649802049841));
#1218 = CARTESIAN_POINT('',(4.378094078559,9.533950943916));
#1219 = CARTESIAN_POINT('',(4.359282758441,9.411451949595));
#1220 = CARTESIAN_POINT('',(4.346222999075,9.284515351945));
#1221 = CARTESIAN_POINT('',(4.337171138866,9.121678961884));
#1222 = CARTESIAN_POINT('',(4.335705069676,9.088097019729));
#1223 = CARTESIAN_POINT('',(4.334633076185,9.054404724282));
#1224 = CARTESIAN_POINT('',(4.333956272272,9.020641890218));
#1225 = CARTESIAN_POINT('',(4.333675172711,8.986848398143));
#1226 = CARTESIAN_POINT('',(4.333896161284,8.921655480455));
#1227 = CARTESIAN_POINT('',(4.334344570182,8.89025474129));
#1228 = CARTESIAN_POINT('',(4.335134809161,8.858894045216));
#1229 = CARTESIAN_POINT('',(4.33626632768,8.827605415561));
#1230 = CARTESIAN_POINT('',(4.337738135365,8.796420830875));
#1231 = CARTESIAN_POINT('',(4.346900605677,8.639306360524));
#1232 = CARTESIAN_POINT('',(4.35982718397,8.515681309248));
#1233 = CARTESIAN_POINT('',(4.378220191661,8.396330091826));
#1234 = CARTESIAN_POINT('',(4.401937372145,8.283308540705));
#1235 = CARTESIAN_POINT('',(4.430784399234,8.179120012289));
#1236 = CARTESIAN_POINT('',(4.474427532806,8.059915965643));
#1237 = CARTESIAN_POINT('',(4.484762121821,8.033880979754));
#1238 = CARTESIAN_POINT('',(4.495510824447,8.008973802573));
#1239 = CARTESIAN_POINT('',(4.506662541393,7.985289950069));
#1240 = CARTESIAN_POINT('',(4.518205069689,7.962927104314));
#1241 = CARTESIAN_POINT('',(4.545338881969,7.915257600763));
#1242 = CARTESIAN_POINT('',(4.561180019903,7.890823203981));
#1243 = CARTESIAN_POINT('',(4.577590793144,7.868953679637));
#1244 = CARTESIAN_POINT('',(4.594508441104,7.849886376726));
#1245 = CARTESIAN_POINT('',(4.611866135094,7.833826746358));
#1246 = CARTESIAN_POINT('',(4.662483085821,7.797061903078));
#1247 = CARTESIAN_POINT('',(4.696599064536,7.784164180174));
#1248 = CARTESIAN_POINT('',(4.731205185001,7.783522079197));
#1249 = CARTESIAN_POINT('',(4.765537163333,7.795346703223));
#1250 = CARTESIAN_POINT('',(4.798833440836,7.81888640089));
#1251 = CARTESIAN_POINT('',(4.841771078504,7.864371657432));
#1252 = CARTESIAN_POINT('',(4.852942711278,7.877732852519));
#1253 = CARTESIAN_POINT('',(4.863885621735,7.8923353559));
#1254 = CARTESIAN_POINT('',(4.874583157793,7.908113579523));
#1255 = CARTESIAN_POINT('',(4.885019483401,7.924997593875));
#1256 = CARTESIAN_POINT('',(4.906458501057,7.962800582893));
#1257 = CARTESIAN_POINT('',(4.91739820983,7.983961106328));
#1258 = CARTESIAN_POINT('',(4.927987479329,8.006309386287));
#1259 = CARTESIAN_POINT('',(4.93821587561,8.029762066994));
#1260 = CARTESIAN_POINT('',(4.948073855933,8.054237482051));
#1261 = CARTESIAN_POINT('',(4.992474090024,8.173298900189));
#1262 = CARTESIAN_POINT('',(5.022273294803,8.279797950159));
#1263 = CARTESIAN_POINT('',(5.04668388221,8.395649056085));
#1264 = CARTESIAN_POINT('',(5.065495202328,8.518148050405));
#1265 = CARTESIAN_POINT('',(5.078554961694,8.645084648055));
#1266 = CARTESIAN_POINT('',(5.087499230068,8.805985539162));
#1267 = CARTESIAN_POINT('',(5.088901820497,8.837615070006));
#1268 = CARTESIAN_POINT('',(5.089954733279,8.869344601073));
#1269 = CARTESIAN_POINT('',(5.09065700923,8.901140856172));
#1270 = CARTESIAN_POINT('',(5.091008157982,8.932970472373));
#1271 = CARTESIAN_POINT('',(5.091008157982,8.9648));
#1272 = ( GEOMETRIC_REPRESENTATION_CONTEXT(2) 
PARAMETRIC_REPRESENTATION_CONTEXT() REPRESENTATION_CONTEXT('2D SPACE',''
  ) );
#1273 = PCURVE('',#526,#1274);
#1274 = DEFINITIONAL_REPRESENTATION('',(#1275),#1368);
#1275 = B_SPLINE_CURVE_WITH_KNOTS('',6,(#1276,#1277,#1278,#1279,#1280,
    #1281,#1282,#1283,#1284,#1285,#1286,#1287,#1288,#1289,#1290,#1291,
    #1292,#1293,#1294,#1295,#1296,#1297,#1298,#1299,#1300,#1301,#1302,
    #1303,#1304,#1305,#1306,#1307,#1308,#1309,#1310,#1311,#1312,#1313,
    #1314,#1315,#1316,#1317,#1318,#1319,#1320,#1321,#1322,#1323,#1324,
    #1325,#1326,#1327,#1328,#1329,#1330,#1331,#1332,#1333,#1334,#1335,
    #1336,#1337,#1338,#1339,#1340,#1341,#1342,#1343,#1344,#1345,#1346,
    #1347,#1348,#1349,#1350,#1351,#1352,#1353,#1354,#1355,#1356,#1357,
    #1358,#1359,#1360,#1361,#1362,#1363,#1364,#1365,#1366,#1367),
  .UNSPECIFIED.,.F.,.F.,(7,5,5,5,5,5,5,5,5,5,5,5,5,5,5,5,5,5,7),(0.,
    2.950384077235E-02,0.142274947445,0.175406882304,0.2176933072,
    0.296144852143,0.324445367459,0.355861743579,0.471603008721,
    0.50150492078,0.529304321379,0.642177519991,0.675339449267,
    0.717664156159,0.796186723465,0.824512859293,0.855957676711,
    0.971803722613,1.),.UNSPECIFIED.);
#1276 = CARTESIAN_POINT('',(0.,6.617633563078));
#1277 = CARTESIAN_POINT('',(2.843042660563E-02,6.617633563078));
#1278 = CARTESIAN_POINT('',(5.686091072145E-02,6.61808642659));
#1279 = CARTESIAN_POINT('',(8.529991883899E-02,6.618992095413));
#1280 = CARTESIAN_POINT('',(0.113756190191,6.620346587656));
#1281 = CARTESIAN_POINT('',(0.142238736752,6.622141997738));
#1282 = CARTESIAN_POINT('',(0.279760225316,6.632869090227));
#1283 = CARTESIAN_POINT('',(0.389112451064,6.647627567016));
#1284 = CARTESIAN_POINT('',(0.49958457854,6.667968654945));
#1285 = CARTESIAN_POINT('',(0.611879498486,6.692511470976));
#1286 = CARTESIAN_POINT('',(0.726715400224,6.719185218808));
#1287 = CARTESIAN_POINT('',(0.879745244166,6.753181451151));
#1288 = CARTESIAN_POINT('',(0.914801010014,6.760868894511));
#1289 = CARTESIAN_POINT('',(0.950171334276,6.768456583703));
#1290 = CARTESIAN_POINT('',(0.985867241788,6.775874051028));
#1291 = CARTESIAN_POINT('',(1.021901969088,6.783049044017));
#1292 = CARTESIAN_POINT('',(1.104735030629,6.798664250515));
#1293 = CARTESIAN_POINT('',(1.151793996152,6.806913439063));
#1294 = CARTESIAN_POINT('',(1.199405169291,6.814485310627));
#1295 = CARTESIAN_POINT('',(1.247522861906,6.821218092252));
#1296 = CARTESIAN_POINT('',(1.296113820431,6.826969007587));
#1297 = CARTESIAN_POINT('',(1.436130753513,6.840259716216));
#1298 = CARTESIAN_POINT('',(1.528519502552,6.845110472226));
#1299 = CARTESIAN_POINT('',(1.621375496246,6.845391900679));
#1300 = CARTESIAN_POINT('',(1.713959808956,6.840894194333));
#1301 = CARTESIAN_POINT('',(1.805501399971,6.832216064525));
#1302 = CARTESIAN_POINT('',(1.927191847261,6.816166904476));
#1303 = CARTESIAN_POINT('',(1.959220986737,6.811500953752));
#1304 = CARTESIAN_POINT('',(1.99101448169,6.806465376263));
#1305 = CARTESIAN_POINT('',(2.022566466378,6.801105478496));
#1306 = CARTESIAN_POINT('',(2.053868790134,6.795469071306));
#1307 = CARTESIAN_POINT('',(2.11937002566,6.783095885636));
#1308 = CARTESIAN_POINT('',(2.153511972557,6.77630539001));
#1309 = CARTESIAN_POINT('',(2.187349433281,6.769296203615));
#1310 = CARTESIAN_POINT('',(2.220893617822,6.762129352707));
#1311 = CARTESIAN_POINT('',(2.254153925589,6.754864476942));
#1312 = CARTESIAN_POINT('',(2.408654576387,6.720648732158));
#1313 = CARTESIAN_POINT('',(2.526501946197,6.69317720476));
#1314 = CARTESIAN_POINT('',(2.641659475769,6.667890813182));
#1315 = CARTESIAN_POINT('',(2.754897795565,6.647036875501));
#1316 = CARTESIAN_POINT('',(2.866971702304,6.632096061096));
#1317 = CARTESIAN_POINT('',(3.007582232979,6.621613402133));
#1318 = CARTESIAN_POINT('',(3.036416213246,6.619903331302));
#1319 = CARTESIAN_POINT('',(3.065225079508,6.618647115948));
#1320 = CARTESIAN_POINT('',(3.094018131841,6.617852355604));
#1321 = CARTESIAN_POINT('',(3.122804402205,6.617522511357));
#1322 = CARTESIAN_POINT('',(3.178356700664,6.617781850579));
#1323 = CARTESIAN_POINT('',(3.205122582071,6.618308044278));
#1324 = CARTESIAN_POINT('',(3.231897380283,6.619234853345));
#1325 = CARTESIAN_POINT('',(3.258688403911,6.620558568155));
#1326 = CARTESIAN_POINT('',(3.285503188559,6.622272403061));
#1327 = CARTESIAN_POINT('',(3.421352878906,6.632869090227));
#1328 = CARTESIAN_POINT('',(3.530705104653,6.647627567016));
#1329 = CARTESIAN_POINT('',(3.64117723213,6.667968654945));
#1330 = CARTESIAN_POINT('',(3.753472152076,6.692511470976));
#1331 = CARTESIAN_POINT('',(3.868308053814,6.719185218808));
#1332 = CARTESIAN_POINT('',(4.021337897756,6.753181451151));
#1333 = CARTESIAN_POINT('',(4.056393663604,6.760868894511));
#1334 = CARTESIAN_POINT('',(4.091763987866,6.768456583703));
#1335 = CARTESIAN_POINT('',(4.127459895378,6.775874051028));
#1336 = CARTESIAN_POINT('',(4.163494622678,6.783049044017));
#1337 = CARTESIAN_POINT('',(4.246327684219,6.798664250515));
#1338 = CARTESIAN_POINT('',(4.293386649742,6.806913439063));
#1339 = CARTESIAN_POINT('',(4.340997822881,6.814485310627));
#1340 = CARTESIAN_POINT('',(4.389115515496,6.821218092252));
#1341 = CARTESIAN_POINT('',(4.437706474021,6.826969007587));
#1342 = CARTESIAN_POINT('',(4.577723407103,6.840259716216));
#1343 = CARTESIAN_POINT('',(4.670112156142,6.845110472226));
#1344 = CARTESIAN_POINT('',(4.762968149836,6.845391900679));
#1345 = CARTESIAN_POINT('',(4.855552462546,6.840894194333));
#1346 = CARTESIAN_POINT('',(4.947094053561,6.832216064525));
#1347 = CARTESIAN_POINT('',(5.06878450084,6.816166904477));
#1348 = CARTESIAN_POINT('',(5.10081364033,6.811500953752));
#1349 = CARTESIAN_POINT('',(5.132607135289,6.806465376262));
#1350 = CARTESIAN_POINT('',(5.164159119971,6.801105478495));
#1351 = CARTESIAN_POINT('',(5.195461443715,6.795469071308));
#1352 = CARTESIAN_POINT('',(5.26096267925,6.783095885636));
#1353 = CARTESIAN_POINT('',(5.295104626146,6.77630539001));
#1354 = CARTESIAN_POINT('',(5.328942086871,6.769296203615));
#1355 = CARTESIAN_POINT('',(5.362486271412,6.762129352707));
#1356 = CARTESIAN_POINT('',(5.395746579179,6.754864476942));
#1357 = CARTESIAN_POINT('',(5.550247229977,6.720648732158));
#1358 = CARTESIAN_POINT('',(5.668094599787,6.69317720476));
#1359 = CARTESIAN_POINT('',(5.783252129359,6.667890813182));
#1360 = CARTESIAN_POINT('',(5.896490449155,6.647036875501));
#1361 = CARTESIAN_POINT('',(6.008564355894,6.632096061096));
#1362 = CARTESIAN_POINT('',(6.147503567677,6.621738000667));
#1363 = CARTESIAN_POINT('',(6.17467009078,6.620102822931));
#1364 = CARTESIAN_POINT('',(6.2018138492,6.618869864504));
#1365 = CARTESIAN_POINT('',(6.228942646253,6.618045678337));
#1366 = CARTESIAN_POINT('',(6.256064032787,6.617633563078));
#1367 = CARTESIAN_POINT('',(6.28318530718,6.617633563078));
#1368 = ( GEOMETRIC_REPRESENTATION_CONTEXT(2) 
PARAMETRIC_REPRESENTATION_CONTEXT() REPRESENTATION_CONTEXT('2D SPACE',''
  ) );
#1369 = FACE_BOUND('',#1370,.F.);
#1370 = EDGE_LOOP('',(#1371));
#1371 = ORIENTED_EDGE('',*,*,#1372,.T.);
#1372 = EDGE_CURVE('',#1373,#1373,#1375,.T.);
#1373 = VERTEX_POINT('',#1374);
#1374 = CARTESIAN_POINT('',(1.1736,2.950133563078,8.1648));
#1375 = SURFACE_CURVE('',#1376,(#1469,#1565),.PCURVE_S1.);
#1376 = B_SPLINE_CURVE_WITH_KNOTS('',6,(#1377,#1378,#1379,#1380,#1381,
    #1382,#1383,#1384,#1385,#1386,#1387,#1388,#1389,#1390,#1391,#1392,
    #1393,#1394,#1395,#1396,#1397,#1398,#1399,#1400,#1401,#1402,#1403,
    #1404,#1405,#1406,#1407,#1408,#1409,#1410,#1411,#1412,#1413,#1414,
    #1415,#1416,#1417,#1418,#1419,#1420,#1421,#1422,#1423,#1424,#1425,
    #1426,#1427,#1428,#1429,#1430,#1431,#1432,#1433,#1434,#1435,#1436,
    #1437,#1438,#1439,#1440,#1441,#1442,#1443,#1444,#1445,#1446,#1447,
    #1448,#1449,#1450,#1451,#1452,#1453,#1454,#1455,#1456,#1457,#1458,
    #1459,#1460,#1461,#1462,#1463,#1464,#1465,#1466,#1467,#1468),
  .UNSPECIFIED.,.T.,.F.,(7,5,5,5,5,5,5,5,5,5,5,5,5,5,5,5,5,5,7),(0.,
    2.950384073609E-02,0.14227494727,0.175406882089,0.217693306972,
    0.296144851975,0.324445367304,0.355861743429,0.471603008589,
    0.501504920653,0.529304321257,0.642177519887,0.675339449168,
    0.717664156067,0.796186723384,0.824512859221,0.855957676652,
    0.971803722601,1.),.UNSPECIFIED.);
#1377 = CARTESIAN_POINT('',(1.1736,2.950133563078,8.1648));
#1378 = CARTESIAN_POINT('',(1.1736,2.950133563078,8.198165948664));
#1379 = CARTESIAN_POINT('',(1.172461652222,2.95058642659,8.231531910079)
  );
#1380 = CARTESIAN_POINT('',(1.170185004717,2.951492095413,8.264859438272
    ));
#1381 = CARTESIAN_POINT('',(1.166770501123,2.952846587656,8.298110141354
    ));
#1382 = CARTESIAN_POINT('',(1.16221898066,2.954641997738,8.331245681527)
  );
#1383 = CARTESIAN_POINT('',(1.13479337617,2.965369090227,8.490293639476)
  );
#1384 = CARTESIAN_POINT('',(1.096495922853,2.980127567016,8.613918690752
    ));
#1385 = CARTESIAN_POINT('',(1.041750363325,3.000468654945,8.733269908174
    ));
#1386 = CARTESIAN_POINT('',(0.970513767091,3.025011470976,8.846291459295
    ));
#1387 = CARTESIAN_POINT('',(0.88278702401,3.051685218808,8.950479987711)
  );
#1388 = CARTESIAN_POINT('',(0.748455138121,3.085681451151,9.069684034357
    ));
#1389 = CARTESIAN_POINT('',(0.716553863854,3.093368894511,9.095719020246
    ));
#1390 = CARTESIAN_POINT('',(0.683276802374,3.100956583703,9.120626197427
    ));
#1391 = CARTESIAN_POINT('',(0.648650706323,3.108374051028,9.144310049931
    ));
#1392 = CARTESIAN_POINT('',(0.612708333753,3.115549044017,9.166672895686
    ));
#1393 = CARTESIAN_POINT('',(0.527985475705,3.131164250523,9.214342399262
    ));
#1394 = CARTESIAN_POINT('',(0.478363186328,3.139413439059,9.238776796005
    ));
#1395 = CARTESIAN_POINT('',(0.426797252108,3.14698531062,9.260646320343)
  );
#1396 = CARTESIAN_POINT('',(0.373489928973,3.153718092253,9.279713623277
    ));
#1397 = CARTESIAN_POINT('',(0.31866699179,3.159469007592,9.295773253656)
  );
#1398 = CARTESIAN_POINT('',(0.158508690703,3.172759716216,9.332538096922
    ));
#1399 = CARTESIAN_POINT('',(5.022125369342E-02,3.177610472226,
    9.345435819826));
#1400 = CARTESIAN_POINT('',(-5.980633454693E-02,3.177891900679,
    9.346077920803));
#1401 = CARTESIAN_POINT('',(-0.168862433058,3.173394194333,
    9.334253296777));
#1402 = CARTESIAN_POINT('',(-0.274289024507,3.164716064525,9.31071359911
    ));
#1403 = CARTESIAN_POINT('',(-0.40966803056,3.148666904477,9.265228342568
    ));
#1404 = CARTESIAN_POINT('',(-0.444833200591,3.144000953752,
    9.251867147481));
#1405 = CARTESIAN_POINT('',(-0.479214766152,3.138965376262,9.2372646441)
  );
#1406 = CARTESIAN_POINT('',(-0.512757991005,3.133605478495,
    9.221486420477));
#1407 = CARTESIAN_POINT('',(-0.545412786247,3.127969071308,
    9.204602406125));
#1408 = CARTESIAN_POINT('',(-0.61234765642,3.115595885636,9.166799417107
    ));
#1409 = CARTESIAN_POINT('',(-0.646414377438,3.10880539001,9.145638893672
    ));
#1410 = CARTESIAN_POINT('',(-0.679300950485,3.101796203615,
    9.123290613713));
#1411 = CARTESIAN_POINT('',(-0.710979045907,3.094629352707,
    9.099837933007));
#1412 = CARTESIAN_POINT('',(-0.741425200908,3.087364476942,
    9.075362517949));
#1413 = CARTESIAN_POINT('',(-0.878180578347,3.053148732158,
    8.956301099811));
#1414 = CARTESIAN_POINT('',(-0.968836601046,3.02567720476,8.849802049841
    ));
#1415 = CARTESIAN_POINT('',(-1.042149340663,3.000390813182,
    8.733950943915));
#1416 = CARTESIAN_POINT('',(-1.098120779284,2.979536875501,
    8.611451949595));
#1417 = CARTESIAN_POINT('',(-1.136801135034,2.964596061096,
    8.484515351945));
#1418 = CARTESIAN_POINT('',(-1.163560837898,2.954113402133,
    8.321678961884));
#1419 = CARTESIAN_POINT('',(-1.167890111021,2.952403331302,
    8.288097019729));
#1420 = CARTESIAN_POINT('',(-1.171053396435,2.951147115948,
    8.254404724282));
#1421 = CARTESIAN_POINT('',(-1.173049879569,2.950352355604,
    8.220641890218));
#1422 = CARTESIAN_POINT('',(-1.173879173805,2.950022511357,
    8.186848398143));
#1423 = CARTESIAN_POINT('',(-1.173227222841,2.950281850579,
    8.121655480455));
#1424 = CARTESIAN_POINT('',(-1.171904340618,2.950808044278,8.09025474129
    ));
#1425 = CARTESIAN_POINT('',(-1.169572779951,2.951734853345,
    8.058894045216));
#1426 = CARTESIAN_POINT('',(-1.166232952943,2.953058568155,
    8.027605415561));
#1427 = CARTESIAN_POINT('',(-1.161885577661,2.954772403061,
    7.996420830875));
#1428 = CARTESIAN_POINT('',(-1.13479337617,2.965369090227,7.839306360524
    ));
#1429 = CARTESIAN_POINT('',(-1.096495922853,2.980127567016,
    7.715681309248));
#1430 = CARTESIAN_POINT('',(-1.041750363325,3.000468654945,
    7.596330091826));
#1431 = CARTESIAN_POINT('',(-0.970513767091,3.025011470976,
    7.483308540705));
#1432 = CARTESIAN_POINT('',(-0.88278702401,3.051685218808,7.379120012289
    ));
#1433 = CARTESIAN_POINT('',(-0.748455138121,3.085681451151,
    7.259915965643));
#1434 = CARTESIAN_POINT('',(-0.716553863854,3.093368894511,
    7.233880979754));
#1435 = CARTESIAN_POINT('',(-0.683276802374,3.100956583703,
    7.208973802573));
#1436 = CARTESIAN_POINT('',(-0.648650706323,3.108374051028,
    7.185289950069));
#1437 = CARTESIAN_POINT('',(-0.612708333753,3.115549044017,
    7.162927104314));
#1438 = CARTESIAN_POINT('',(-0.527985475749,3.131164250515,
    7.115257600763));
#1439 = CARTESIAN_POINT('',(-0.478363186316,3.139413439063,
    7.090823203981));
#1440 = CARTESIAN_POINT('',(-0.426797252056,3.146985310627,
    7.068953679637));
#1441 = CARTESIAN_POINT('',(-0.373489928957,3.153718092252,
    7.049886376726));
#1442 = CARTESIAN_POINT('',(-0.318666991849,3.159469007587,
    7.033826746358));
#1443 = CARTESIAN_POINT('',(-0.158508690703,3.172759716216,
    6.997061903078));
#1444 = CARTESIAN_POINT('',(-5.022125369299E-02,3.177610472226,
    6.984164180174));
#1445 = CARTESIAN_POINT('',(5.980633454714E-02,3.177891900679,
    6.983522079197));
#1446 = CARTESIAN_POINT('',(0.168862433059,3.173394194333,6.995346703223
    ));
#1447 = CARTESIAN_POINT('',(0.274289024507,3.164716064525,7.01888640089)
  );
#1448 = CARTESIAN_POINT('',(0.409668030565,3.148666904477,7.064371657434
    ));
#1449 = CARTESIAN_POINT('',(0.44483320059,3.144000953752,7.077732852519)
  );
#1450 = CARTESIAN_POINT('',(0.479214766148,3.138965376262,7.092335355898
    ));
#1451 = CARTESIAN_POINT('',(0.512757991004,3.133605478496,7.108113579522
    ));
#1452 = CARTESIAN_POINT('',(0.545412786251,3.127969071307,7.124997593878
    ));
#1453 = CARTESIAN_POINT('',(0.61234765642,3.115595885636,7.162800582893)
  );
#1454 = CARTESIAN_POINT('',(0.646414377439,3.10880539001,7.183961106328)
  );
#1455 = CARTESIAN_POINT('',(0.679300950485,3.101796203615,7.206309386287
    ));
#1456 = CARTESIAN_POINT('',(0.710979045907,3.094629352707,7.229762066994
    ));
#1457 = CARTESIAN_POINT('',(0.741425200908,3.087364476942,7.254237482051
    ));
#1458 = CARTESIAN_POINT('',(0.878180578347,3.053148732158,7.373298900189
    ));
#1459 = CARTESIAN_POINT('',(0.968836601046,3.02567720476,7.479797950159)
  );
#1460 = CARTESIAN_POINT('',(1.042149340663,3.000390813182,7.595649056085
    ));
#1461 = CARTESIAN_POINT('',(1.098120779284,2.979536875501,7.718148050405
    ));
#1462 = CARTESIAN_POINT('',(1.136801135034,2.964596061096,7.845084648055
    ));
#1463 = CARTESIAN_POINT('',(1.163242767859,2.954238000667,8.005985539162
    ));
#1464 = CARTESIAN_POINT('',(1.167384924448,2.952602822931,8.037615070006
    ));
#1465 = CARTESIAN_POINT('',(1.170492259518,2.951369864504,8.069344601073
    ));
#1466 = CARTESIAN_POINT('',(1.172564074079,2.950545678337,8.101140856172
    ));
#1467 = CARTESIAN_POINT('',(1.1736,2.950133563078,8.132970472373));
#1468 = CARTESIAN_POINT('',(1.1736,2.950133563078,8.1648));
#1469 = PCURVE('',#363,#1470);
#1470 = DEFINITIONAL_REPRESENTATION('',(#1471),#1564);
#1471 = B_SPLINE_CURVE_WITH_KNOTS('',6,(#1472,#1473,#1474,#1475,#1476,
    #1477,#1478,#1479,#1480,#1481,#1482,#1483,#1484,#1485,#1486,#1487,
    #1488,#1489,#1490,#1491,#1492,#1493,#1494,#1495,#1496,#1497,#1498,
    #1499,#1500,#1501,#1502,#1503,#1504,#1505,#1506,#1507,#1508,#1509,
    #1510,#1511,#1512,#1513,#1514,#1515,#1516,#1517,#1518,#1519,#1520,
    #1521,#1522,#1523,#1524,#1525,#1526,#1527,#1528,#1529,#1530,#1531,
    #1532,#1533,#1534,#1535,#1536,#1537,#1538,#1539,#1540,#1541,#1542,
    #1543,#1544,#1545,#1546,#1547,#1548,#1549,#1550,#1551,#1552,#1553,
    #1554,#1555,#1556,#1557,#1558,#1559,#1560,#1561,#1562,#1563),
  .UNSPECIFIED.,.T.,.F.,(7,5,5,5,5,5,5,5,5,5,5,5,5,5,5,5,5,5,7),(0.,
    2.950384073609E-02,0.14227494727,0.175406882089,0.217693306972,
    0.296144851975,0.324445367304,0.355861743429,0.471603008589,
    0.501504920653,0.529304321257,0.642177519887,0.675339449168,
    0.717664156067,0.796186723384,0.824512859221,0.855957676652,
    0.971803722601,1.),.UNSPECIFIED.);
#1472 = CARTESIAN_POINT('',(1.192177149198,8.9648));
#1473 = CARTESIAN_POINT('',(1.192177149198,8.998165948664));
#1474 = CARTESIAN_POINT('',(1.192563016732,9.031531910079));
#1475 = CARTESIAN_POINT('',(1.193334723696,9.064859438272));
#1476 = CARTESIAN_POINT('',(1.19449167854,9.098110141354));
#1477 = CARTESIAN_POINT('',(1.196032726262,9.131245681527));
#1478 = CARTESIAN_POINT('',(1.205307952087,9.290293639476));
#1479 = CARTESIAN_POINT('',(1.21823453038,9.413918690752));
#1480 = CARTESIAN_POINT('',(1.236627538071,9.533269908174));
#1481 = CARTESIAN_POINT('',(1.260344718555,9.646291459295));
#1482 = CARTESIAN_POINT('',(1.289191745645,9.750479987711));
#1483 = CARTESIAN_POINT('',(1.332834879216,9.869684034357));
#1484 = CARTESIAN_POINT('',(1.343169468232,9.895719020246));
#1485 = CARTESIAN_POINT('',(1.353918170857,9.920626197427));
#1486 = CARTESIAN_POINT('',(1.365069887803,9.944310049931));
#1487 = CARTESIAN_POINT('',(1.376612416099,9.966672895686));
#1488 = CARTESIAN_POINT('',(1.403746228393,10.014342399262));
#1489 = CARTESIAN_POINT('',(1.41958736631,10.038776796005));
#1490 = CARTESIAN_POINT('',(1.435998139537,10.060646320343));
#1491 = CARTESIAN_POINT('',(1.452915787509,10.079713623277));
#1492 = CARTESIAN_POINT('',(1.470273481523,10.095773253656));
#1493 = CARTESIAN_POINT('',(1.520890432231,10.132538096922));
#1494 = CARTESIAN_POINT('',(1.555006410946,10.145435819826));
#1495 = CARTESIAN_POINT('',(1.589612531411,10.146077920803));
#1496 = CARTESIAN_POINT('',(1.623944509743,10.134253296777));
#1497 = CARTESIAN_POINT('',(1.657240787247,10.11071359911));
#1498 = CARTESIAN_POINT('',(1.700178424914,10.065228342568));
#1499 = CARTESIAN_POINT('',(1.711350057688,10.051867147481));
#1500 = CARTESIAN_POINT('',(1.722292968145,10.0372646441));
#1501 = CARTESIAN_POINT('',(1.732990504203,10.021486420477));
#1502 = CARTESIAN_POINT('',(1.743426829811,10.004602406125));
#1503 = CARTESIAN_POINT('',(1.764865847468,9.966799417107));
#1504 = CARTESIAN_POINT('',(1.77580555624,9.945638893672));
#1505 = CARTESIAN_POINT('',(1.78639482574,9.923290613713));
#1506 = CARTESIAN_POINT('',(1.79662322202,9.899837933007));
#1507 = CARTESIAN_POINT('',(1.806481202343,9.875362517949));
#1508 = CARTESIAN_POINT('',(1.850881436434,9.756301099811));
#1509 = CARTESIAN_POINT('',(1.880680641213,9.649802049841));
#1510 = CARTESIAN_POINT('',(1.90509122862,9.533950943915));
#1511 = CARTESIAN_POINT('',(1.923902548738,9.411451949595));
#1512 = CARTESIAN_POINT('',(1.936962308105,9.284515351945));
#1513 = CARTESIAN_POINT('',(1.946014168313,9.121678961884));
#1514 = CARTESIAN_POINT('',(1.947480237504,9.088097019729));
#1515 = CARTESIAN_POINT('',(1.948552230994,9.054404724282));
#1516 = CARTESIAN_POINT('',(1.949229034907,9.020641890218));
#1517 = CARTESIAN_POINT('',(1.949510134468,8.986848398143));
#1518 = CARTESIAN_POINT('',(1.949289145896,8.921655480455));
#1519 = CARTESIAN_POINT('',(1.948840736997,8.89025474129));
#1520 = CARTESIAN_POINT('',(1.948050498019,8.858894045216));
#1521 = CARTESIAN_POINT('',(1.9469189795,8.827605415561));
#1522 = CARTESIAN_POINT('',(1.945447171815,8.796420830875));
#1523 = CARTESIAN_POINT('',(1.936284701502,8.639306360524));
#1524 = CARTESIAN_POINT('',(1.92335812321,8.515681309248));
#1525 = CARTESIAN_POINT('',(1.904965115519,8.396330091826));
#1526 = CARTESIAN_POINT('',(1.881247935035,8.283308540705));
#1527 = CARTESIAN_POINT('',(1.852400907945,8.179120012289));
#1528 = CARTESIAN_POINT('',(1.808757774374,8.059915965643));
#1529 = CARTESIAN_POINT('',(1.798423185358,8.033880979754));
#1530 = CARTESIAN_POINT('',(1.787674482733,8.008973802573));
#1531 = CARTESIAN_POINT('',(1.776522765786,7.985289950069));
#1532 = CARTESIAN_POINT('',(1.764980237491,7.962927104314));
#1533 = CARTESIAN_POINT('',(1.737846425211,7.915257600763));
#1534 = CARTESIAN_POINT('',(1.722005287276,7.890823203981));
#1535 = CARTESIAN_POINT('',(1.705594514036,7.868953679637));
#1536 = CARTESIAN_POINT('',(1.688676866076,7.849886376726));
#1537 = CARTESIAN_POINT('',(1.671319172085,7.833826746358));
#1538 = CARTESIAN_POINT('',(1.620702221359,7.797061903078));
#1539 = CARTESIAN_POINT('',(1.586586242643,7.784164180174));
#1540 = CARTESIAN_POINT('',(1.551980122178,7.783522079197));
#1541 = CARTESIAN_POINT('',(1.517648143846,7.795346703223));
#1542 = CARTESIAN_POINT('',(1.484351866343,7.81888640089));
#1543 = CARTESIAN_POINT('',(1.441414228674,7.864371657434));
#1544 = CARTESIAN_POINT('',(1.430242595902,7.877732852519));
#1545 = CARTESIAN_POINT('',(1.419299685446,7.892335355898));
#1546 = CARTESIAN_POINT('',(1.408602149387,7.908113579522));
#1547 = CARTESIAN_POINT('',(1.398165823778,7.924997593878));
#1548 = CARTESIAN_POINT('',(1.376726806122,7.962800582893));
#1549 = CARTESIAN_POINT('',(1.36578709735,7.983961106328));
#1550 = CARTESIAN_POINT('',(1.35519782785,8.006309386287));
#1551 = CARTESIAN_POINT('',(1.34496943157,8.029762066994));
#1552 = CARTESIAN_POINT('',(1.335111451247,8.054237482051));
#1553 = CARTESIAN_POINT('',(1.290711217155,8.173298900189));
#1554 = CARTESIAN_POINT('',(1.260912012377,8.279797950159));
#1555 = CARTESIAN_POINT('',(1.236501424969,8.395649056085));
#1556 = CARTESIAN_POINT('',(1.217690104851,8.518148050405));
#1557 = CARTESIAN_POINT('',(1.204630345485,8.645084648055));
#1558 = CARTESIAN_POINT('',(1.195686077111,8.805985539162));
#1559 = CARTESIAN_POINT('',(1.194283486682,8.837615070006));
#1560 = CARTESIAN_POINT('',(1.1932305739,8.869344601073));
#1561 = CARTESIAN_POINT('',(1.192528297949,8.901140856172));
#1562 = CARTESIAN_POINT('',(1.192177149198,8.932970472373));
#1563 = CARTESIAN_POINT('',(1.192177149198,8.9648));
#1564 = ( GEOMETRIC_REPRESENTATION_CONTEXT(2) 
PARAMETRIC_REPRESENTATION_CONTEXT() REPRESENTATION_CONTEXT('2D SPACE',''
  ) );
#1565 = PCURVE('',#1566,#1571);
#1566 = CYLINDRICAL_SURFACE('',#1567,1.1736);
#1567 = AXIS2_PLACEMENT_3D('',#1568,#1569,#1570);
#1568 = CARTESIAN_POINT('',(0.,3.6675,8.1648));
#1569 = DIRECTION('',(0.,-1.,1.110223024625E-16));
#1570 = DIRECTION('',(1.,0.,0.));
#1571 = DEFINITIONAL_REPRESENTATION('',(#1572),#1665);
#1572 = B_SPLINE_CURVE_WITH_KNOTS('',6,(#1573,#1574,#1575,#1576,#1577,
    #1578,#1579,#1580,#1581,#1582,#1583,#1584,#1585,#1586,#1587,#1588,
    #1589,#1590,#1591,#1592,#1593,#1594,#1595,#1596,#1597,#1598,#1599,
    #1600,#1601,#1602,#1603,#1604,#1605,#1606,#1607,#1608,#1609,#1610,
    #1611,#1612,#1613,#1614,#1615,#1616,#1617,#1618,#1619,#1620,#1621,
    #1622,#1623,#1624,#1625,#1626,#1627,#1628,#1629,#1630,#1631,#1632,
    #1633,#1634,#1635,#1636,#1637,#1638,#1639,#1640,#1641,#1642,#1643,
    #1644,#1645,#1646,#1647,#1648,#1649,#1650,#1651,#1652,#1653,#1654,
    #1655,#1656,#1657,#1658,#1659,#1660,#1661,#1662,#1663,#1664),
  .UNSPECIFIED.,.F.,.F.,(7,5,5,5,5,5,5,5,5,5,5,5,5,5,5,5,5,5,7),(0.,
    2.950384073609E-02,0.14227494727,0.175406882089,0.217693306972,
    0.296144851975,0.324445367304,0.355861743429,0.471603008589,
    0.501504920653,0.529304321257,0.642177519887,0.675339449168,
    0.717664156067,0.796186723384,0.824512859221,0.855957676652,
    0.971803722601,1.),.UNSPECIFIED.);
#1573 = CARTESIAN_POINT('',(0.,0.717366436922));
#1574 = CARTESIAN_POINT('',(2.843042660563E-02,0.717366436922));
#1575 = CARTESIAN_POINT('',(5.686091072145E-02,0.71691357341));
#1576 = CARTESIAN_POINT('',(8.529991883899E-02,0.716007904587));
#1577 = CARTESIAN_POINT('',(0.113756190191,0.714653412344));
#1578 = CARTESIAN_POINT('',(0.142238736752,0.712858002262));
#1579 = CARTESIAN_POINT('',(0.279760225316,0.702130909773));
#1580 = CARTESIAN_POINT('',(0.389112451064,0.687372432984));
#1581 = CARTESIAN_POINT('',(0.49958457854,0.667031345055));
#1582 = CARTESIAN_POINT('',(0.611879498486,0.642488529024));
#1583 = CARTESIAN_POINT('',(0.726715400224,0.615814781192));
#1584 = CARTESIAN_POINT('',(0.879745244166,0.581818548849));
#1585 = CARTESIAN_POINT('',(0.914801010014,0.574131105489));
#1586 = CARTESIAN_POINT('',(0.950171334276,0.566543416297));
#1587 = CARTESIAN_POINT('',(0.985867241788,0.559125948972));
#1588 = CARTESIAN_POINT('',(1.021901969088,0.551950955983));
#1589 = CARTESIAN_POINT('',(1.104735030673,0.536335749477));
#1590 = CARTESIAN_POINT('',(1.151793996138,0.528086560941));
#1591 = CARTESIAN_POINT('',(1.199405169244,0.52051468938));
#1592 = CARTESIAN_POINT('',(1.247522861895,0.513781907747));
#1593 = CARTESIAN_POINT('',(1.296113820483,0.508030992408));
#1594 = CARTESIAN_POINT('',(1.436130753513,0.494740283784));
#1595 = CARTESIAN_POINT('',(1.528519502552,0.489889527774));
#1596 = CARTESIAN_POINT('',(1.621375496246,0.489608099321));
#1597 = CARTESIAN_POINT('',(1.713959808956,0.494105805667));
#1598 = CARTESIAN_POINT('',(1.805501399971,0.502783935475));
#1599 = CARTESIAN_POINT('',(1.92719184725,0.518833095523));
#1600 = CARTESIAN_POINT('',(1.95922098674,0.523499046248));
#1601 = CARTESIAN_POINT('',(1.991014481699,0.528534623738));
#1602 = CARTESIAN_POINT('',(2.022566466381,0.533894521505));
#1603 = CARTESIAN_POINT('',(2.053868790125,0.539530928692));
#1604 = CARTESIAN_POINT('',(2.11937002566,0.551904114364));
#1605 = CARTESIAN_POINT('',(2.153511972557,0.55869460999));
#1606 = CARTESIAN_POINT('',(2.187349433281,0.565703796385));
#1607 = CARTESIAN_POINT('',(2.220893617822,0.572870647293));
#1608 = CARTESIAN_POINT('',(2.254153925589,0.580135523058));
#1609 = CARTESIAN_POINT('',(2.408654576387,0.614351267842));
#1610 = CARTESIAN_POINT('',(2.526501946197,0.64182279524));
#1611 = CARTESIAN_POINT('',(2.641659475769,0.667109186818));
#1612 = CARTESIAN_POINT('',(2.754897795565,0.687963124499));
#1613 = CARTESIAN_POINT('',(2.866971702304,0.702903938904));
#1614 = CARTESIAN_POINT('',(3.007582232979,0.713386597867));
#1615 = CARTESIAN_POINT('',(3.036416213246,0.715096668698));
#1616 = CARTESIAN_POINT('',(3.065225079508,0.716352884052));
#1617 = CARTESIAN_POINT('',(3.094018131841,0.717147644396));
#1618 = CARTESIAN_POINT('',(3.122804402205,0.717477488643));
#1619 = CARTESIAN_POINT('',(3.178356700664,0.717218149421));
#1620 = CARTESIAN_POINT('',(3.205122582071,0.716691955722));
#1621 = CARTESIAN_POINT('',(3.231897380283,0.715765146655));
#1622 = CARTESIAN_POINT('',(3.258688403911,0.714441431845));
#1623 = CARTESIAN_POINT('',(3.285503188559,0.712727596939));
#1624 = CARTESIAN_POINT('',(3.421352878906,0.702130909773));
#1625 = CARTESIAN_POINT('',(3.530705104653,0.687372432984));
#1626 = CARTESIAN_POINT('',(3.64117723213,0.667031345055));
#1627 = CARTESIAN_POINT('',(3.753472152076,0.642488529024));
#1628 = CARTESIAN_POINT('',(3.868308053814,0.615814781192));
#1629 = CARTESIAN_POINT('',(4.021337897756,0.581818548849));
#1630 = CARTESIAN_POINT('',(4.056393663604,0.574131105489));
#1631 = CARTESIAN_POINT('',(4.091763987866,0.566543416297));
#1632 = CARTESIAN_POINT('',(4.127459895378,0.559125948972));
#1633 = CARTESIAN_POINT('',(4.163494622678,0.551950955983));
#1634 = CARTESIAN_POINT('',(4.246327684219,0.536335749485));
#1635 = CARTESIAN_POINT('',(4.293386649742,0.528086560937));
#1636 = CARTESIAN_POINT('',(4.340997822881,0.520514689373));
#1637 = CARTESIAN_POINT('',(4.389115515496,0.513781907748));
#1638 = CARTESIAN_POINT('',(4.437706474021,0.508030992413));
#1639 = CARTESIAN_POINT('',(4.577723407103,0.494740283784));
#1640 = CARTESIAN_POINT('',(4.670112156142,0.489889527774));
#1641 = CARTESIAN_POINT('',(4.762968149836,0.489608099321));
#1642 = CARTESIAN_POINT('',(4.855552462546,0.494105805667));
#1643 = CARTESIAN_POINT('',(4.947094053561,0.502783935475));
#1644 = CARTESIAN_POINT('',(5.068784500844,0.518833095523));
#1645 = CARTESIAN_POINT('',(5.100813640329,0.523499046248));
#1646 = CARTESIAN_POINT('',(5.132607135285,0.528534623738));
#1647 = CARTESIAN_POINT('',(5.16415911997,0.533894521504));
#1648 = CARTESIAN_POINT('',(5.195461443718,0.539530928693));
#1649 = CARTESIAN_POINT('',(5.26096267925,0.551904114364));
#1650 = CARTESIAN_POINT('',(5.295104626146,0.55869460999));
#1651 = CARTESIAN_POINT('',(5.328942086871,0.565703796385));
#1652 = CARTESIAN_POINT('',(5.362486271412,0.572870647293));
#1653 = CARTESIAN_POINT('',(5.395746579179,0.580135523058));
#1654 = CARTESIAN_POINT('',(5.550247229977,0.614351267842));
#1655 = CARTESIAN_POINT('',(5.668094599787,0.64182279524));
#1656 = CARTESIAN_POINT('',(5.783252129359,0.667109186818));
#1657 = CARTESIAN_POINT('',(5.896490449155,0.687963124499));
#1658 = CARTESIAN_POINT('',(6.008564355894,0.702903938904));
#1659 = CARTESIAN_POINT('',(6.147503567677,0.713261999333));
#1660 = CARTESIAN_POINT('',(6.17467009078,0.714897177069));
#1661 = CARTESIAN_POINT('',(6.2018138492,0.716130135496));
#1662 = CARTESIAN_POINT('',(6.228942646253,0.716954321663));
#1663 = CARTESIAN_POINT('',(6.256064032787,0.717366436922));
#1664 = CARTESIAN_POINT('',(6.28318530718,0.717366436922));
#1665 = ( GEOMETRIC_REPRESENTATION_CONTEXT(2) 
PARAMETRIC_REPRESENTATION_CONTEXT() REPRESENTATION_CONTEXT('2D SPACE',''
  ) );
#1666 = ADVANCED_FACE('',(#1667,#1677),#418,.T.);
#1667 = FACE_BOUND('',#1668,.T.);
#1668 = EDGE_LOOP('',(#1669,#1670,#1671,#1672,#1673,#1674,#1675,#1676));
#1669 = ORIENTED_EDGE('',*,*,#1000,.F.);
#1670 = ORIENTED_EDGE('',*,*,#401,.T.);
#1671 = ORIENTED_EDGE('',*,*,#456,.T.);
#1672 = ORIENTED_EDGE('',*,*,#752,.T.);
#1673 = ORIENTED_EDGE('',*,*,#802,.T.);
#1674 = ORIENTED_EDGE('',*,*,#851,.T.);
#1675 = ORIENTED_EDGE('',*,*,#923,.F.);
#1676 = ORIENTED_EDGE('',*,*,#950,.T.);
#1677 = FACE_BOUND('',#1678,.T.);
#1678 = EDGE_LOOP('',(#1679,#1707,#1733,#1759));
#1679 = ORIENTED_EDGE('',*,*,#1680,.T.);
#1680 = EDGE_CURVE('',#1681,#1683,#1685,.T.);
#1681 = VERTEX_POINT('',#1682);
#1682 = CARTESIAN_POINT('',(0.51345,-9.553104,15.75));
#1683 = VERTEX_POINT('',#1684);
#1684 = CARTESIAN_POINT('',(-0.51345,-9.553104,15.75));
#1685 = SURFACE_CURVE('',#1686,(#1690,#1696),.PCURVE_S1.);
#1686 = LINE('',#1687,#1688);
#1687 = CARTESIAN_POINT('',(-0.256725,-9.553104,15.75));
#1688 = VECTOR('',#1689,1.);
#1689 = DIRECTION('',(-1.,0.,0.));
#1690 = PCURVE('',#418,#1691);
#1691 = DEFINITIONAL_REPRESENTATION('',(#1692),#1695);
#1692 = B_SPLINE_CURVE_WITH_KNOTS('',1,(#1693,#1694),.UNSPECIFIED.,.F.,
  .F.,(2,2),(-0.770175,0.256725),.PIECEWISE_BEZIER_KNOTS.);
#1693 = CARTESIAN_POINT('',(0.51345,-9.553104));
#1694 = CARTESIAN_POINT('',(-0.51345,-9.553104));
#1695 = ( GEOMETRIC_REPRESENTATION_CONTEXT(2) 
PARAMETRIC_REPRESENTATION_CONTEXT() REPRESENTATION_CONTEXT('2D SPACE',''
  ) );
#1696 = PCURVE('',#1697,#1702);
#1697 = PLANE('',#1698);
#1698 = AXIS2_PLACEMENT_3D('',#1699,#1700,#1701);
#1699 = CARTESIAN_POINT('',(-0.51345,-9.553104,15.37));
#1700 = DIRECTION('',(0.,1.,0.));
#1701 = DIRECTION('',(0.,0.,1.));
#1702 = DEFINITIONAL_REPRESENTATION('',(#1703),#1706);
#1703 = B_SPLINE_CURVE_WITH_KNOTS('',1,(#1704,#1705),.UNSPECIFIED.,.F.,
  .F.,(2,2),(-0.770175,0.256725),.PIECEWISE_BEZIER_KNOTS.);
#1704 = CARTESIAN_POINT('',(0.38,1.0269));
#1705 = CARTESIAN_POINT('',(0.38,0.));
#1706 = ( GEOMETRIC_REPRESENTATION_CONTEXT(2) 
PARAMETRIC_REPRESENTATION_CONTEXT() REPRESENTATION_CONTEXT('2D SPACE',''
  ) );
#1707 = ORIENTED_EDGE('',*,*,#1708,.T.);
#1708 = EDGE_CURVE('',#1683,#1709,#1711,.T.);
#1709 = VERTEX_POINT('',#1710);
#1710 = CARTESIAN_POINT('',(-0.51345,5.422032,15.75));
#1711 = SURFACE_CURVE('',#1712,(#1716,#1722),.PCURVE_S1.);
#1712 = LINE('',#1713,#1714);
#1713 = CARTESIAN_POINT('',(-0.51345,-4.776552,15.75));
#1714 = VECTOR('',#1715,1.);
#1715 = DIRECTION('',(0.,1.,0.));
#1716 = PCURVE('',#418,#1717);
#1717 = DEFINITIONAL_REPRESENTATION('',(#1718),#1721);
#1718 = B_SPLINE_CURVE_WITH_KNOTS('',1,(#1719,#1720),.UNSPECIFIED.,.F.,
  .F.,(2,2),(-4.776552,10.198584),.PIECEWISE_BEZIER_KNOTS.);
#1719 = CARTESIAN_POINT('',(-0.51345,-9.553104));
#1720 = CARTESIAN_POINT('',(-0.51345,5.422032));
#1721 = ( GEOMETRIC_REPRESENTATION_CONTEXT(2) 
PARAMETRIC_REPRESENTATION_CONTEXT() REPRESENTATION_CONTEXT('2D SPACE',''
  ) );
#1722 = PCURVE('',#1723,#1728);
#1723 = PLANE('',#1724);
#1724 = AXIS2_PLACEMENT_3D('',#1725,#1726,#1727);
#1725 = CARTESIAN_POINT('',(-0.51345,-9.553104,15.37));
#1726 = DIRECTION('',(1.,0.,0.));
#1727 = DIRECTION('',(0.,0.,1.));
#1728 = DEFINITIONAL_REPRESENTATION('',(#1729),#1732);
#1729 = B_SPLINE_CURVE_WITH_KNOTS('',1,(#1730,#1731),.UNSPECIFIED.,.F.,
  .F.,(2,2),(-4.776552,10.198584),.PIECEWISE_BEZIER_KNOTS.);
#1730 = CARTESIAN_POINT('',(0.38,0.));
#1731 = CARTESIAN_POINT('',(0.38,-14.975136));
#1732 = ( GEOMETRIC_REPRESENTATION_CONTEXT(2) 
PARAMETRIC_REPRESENTATION_CONTEXT() REPRESENTATION_CONTEXT('2D SPACE',''
  ) );
#1733 = ORIENTED_EDGE('',*,*,#1734,.F.);
#1734 = EDGE_CURVE('',#1735,#1709,#1737,.T.);
#1735 = VERTEX_POINT('',#1736);
#1736 = CARTESIAN_POINT('',(0.51345,5.422032,15.75));
#1737 = SURFACE_CURVE('',#1738,(#1742,#1748),.PCURVE_S1.);
#1738 = LINE('',#1739,#1740);
#1739 = CARTESIAN_POINT('',(-0.256725,5.422032,15.75));
#1740 = VECTOR('',#1741,1.);
#1741 = DIRECTION('',(-1.,0.,0.));
#1742 = PCURVE('',#418,#1743);
#1743 = DEFINITIONAL_REPRESENTATION('',(#1744),#1747);
#1744 = B_SPLINE_CURVE_WITH_KNOTS('',1,(#1745,#1746),.UNSPECIFIED.,.F.,
  .F.,(2,2),(-0.770175,0.256725),.PIECEWISE_BEZIER_KNOTS.);
#1745 = CARTESIAN_POINT('',(0.51345,5.422032));
#1746 = CARTESIAN_POINT('',(-0.51345,5.422032));
#1747 = ( GEOMETRIC_REPRESENTATION_CONTEXT(2) 
PARAMETRIC_REPRESENTATION_CONTEXT() REPRESENTATION_CONTEXT('2D SPACE',''
  ) );
#1748 = PCURVE('',#1749,#1754);
#1749 = PLANE('',#1750);
#1750 = AXIS2_PLACEMENT_3D('',#1751,#1752,#1753);
#1751 = CARTESIAN_POINT('',(-0.51345,5.422032,15.37));
#1752 = DIRECTION('',(0.,1.,0.));
#1753 = DIRECTION('',(0.,0.,1.));
#1754 = DEFINITIONAL_REPRESENTATION('',(#1755),#1758);
#1755 = B_SPLINE_CURVE_WITH_KNOTS('',1,(#1756,#1757),.UNSPECIFIED.,.F.,
  .F.,(2,2),(-0.770175,0.256725),.PIECEWISE_BEZIER_KNOTS.);
#1756 = CARTESIAN_POINT('',(0.38,1.0269));
#1757 = CARTESIAN_POINT('',(0.38,0.));
#1758 = ( GEOMETRIC_REPRESENTATION_CONTEXT(2) 
PARAMETRIC_REPRESENTATION_CONTEXT() REPRESENTATION_CONTEXT('2D SPACE',''
  ) );
#1759 = ORIENTED_EDGE('',*,*,#1760,.F.);
#1760 = EDGE_CURVE('',#1681,#1735,#1761,.T.);
#1761 = SURFACE_CURVE('',#1762,(#1766,#1772),.PCURVE_S1.);
#1762 = LINE('',#1763,#1764);
#1763 = CARTESIAN_POINT('',(0.51345,-4.776552,15.75));
#1764 = VECTOR('',#1765,1.);
#1765 = DIRECTION('',(0.,1.,0.));
#1766 = PCURVE('',#418,#1767);
#1767 = DEFINITIONAL_REPRESENTATION('',(#1768),#1771);
#1768 = B_SPLINE_CURVE_WITH_KNOTS('',1,(#1769,#1770),.UNSPECIFIED.,.F.,
  .F.,(2,2),(-4.776552,10.198584),.PIECEWISE_BEZIER_KNOTS.);
#1769 = CARTESIAN_POINT('',(0.51345,-9.553104));
#1770 = CARTESIAN_POINT('',(0.51345,5.422032));
#1771 = ( GEOMETRIC_REPRESENTATION_CONTEXT(2) 
PARAMETRIC_REPRESENTATION_CONTEXT() REPRESENTATION_CONTEXT('2D SPACE',''
  ) );
#1772 = PCURVE('',#1773,#1778);
#1773 = PLANE('',#1774);
#1774 = AXIS2_PLACEMENT_3D('',#1775,#1776,#1777);
#1775 = CARTESIAN_POINT('',(0.51345,-9.553104,15.37));
#1776 = DIRECTION('',(1.,0.,0.));
#1777 = DIRECTION('',(0.,0.,1.));
#1778 = DEFINITIONAL_REPRESENTATION('',(#1779),#1782);
#1779 = B_SPLINE_CURVE_WITH_KNOTS('',1,(#1780,#1781),.UNSPECIFIED.,.F.,
  .F.,(2,2),(-4.776552,10.198584),.PIECEWISE_BEZIER_KNOTS.);
#1780 = CARTESIAN_POINT('',(0.38,0.));
#1781 = CARTESIAN_POINT('',(0.38,-14.975136));
#1782 = ( GEOMETRIC_REPRESENTATION_CONTEXT(2) 
PARAMETRIC_REPRESENTATION_CONTEXT() REPRESENTATION_CONTEXT('2D SPACE',''
  ) );
#1783 = ADVANCED_FACE('',(#1784),#526,.F.);
#1784 = FACE_BOUND('',#1785,.F.);
#1785 = EDGE_LOOP('',(#1786,#1807,#1808,#1829,#1862,#1881,#1882,#1903,
    #1936,#1955,#1956,#1957));
#1786 = ORIENTED_EDGE('',*,*,#1787,.T.);
#1787 = EDGE_CURVE('',#1081,#506,#1788,.T.);
#1788 = SEAM_CURVE('',#1789,(#1793,#1800),.PCURVE_S1.);
#1789 = LINE('',#1790,#1791);
#1790 = CARTESIAN_POINT('',(1.1736,3.6675,8.1648));
#1791 = VECTOR('',#1792,1.);
#1792 = DIRECTION('',(0.,-1.,1.110223024625E-16));
#1793 = PCURVE('',#526,#1794);
#1794 = DEFINITIONAL_REPRESENTATION('',(#1795),#1799);
#1795 = LINE('',#1796,#1797);
#1796 = CARTESIAN_POINT('',(6.28318530718,-0.));
#1797 = VECTOR('',#1798,1.);
#1798 = DIRECTION('',(0.,1.));
#1799 = ( GEOMETRIC_REPRESENTATION_CONTEXT(2) 
PARAMETRIC_REPRESENTATION_CONTEXT() REPRESENTATION_CONTEXT('2D SPACE',''
  ) );
#1800 = PCURVE('',#526,#1801);
#1801 = DEFINITIONAL_REPRESENTATION('',(#1802),#1806);
#1802 = LINE('',#1803,#1804);
#1803 = CARTESIAN_POINT('',(0.,-0.));
#1804 = VECTOR('',#1805,1.);
#1805 = DIRECTION('',(0.,1.));
#1806 = ( GEOMETRIC_REPRESENTATION_CONTEXT(2) 
PARAMETRIC_REPRESENTATION_CONTEXT() REPRESENTATION_CONTEXT('2D SPACE',''
  ) );
#1807 = ORIENTED_EDGE('',*,*,#503,.F.);
#1808 = ORIENTED_EDGE('',*,*,#1809,.F.);
#1809 = EDGE_CURVE('',#1810,#504,#1812,.T.);
#1810 = VERTEX_POINT('',#1811);
#1811 = CARTESIAN_POINT('',(0.359415,-12.6046,7.047590163946));
#1812 = SURFACE_CURVE('',#1813,(#1817,#1823),.PCURVE_S1.);
#1813 = LINE('',#1814,#1815);
#1814 = CARTESIAN_POINT('',(0.359415,3.6675,7.047590163946));
#1815 = VECTOR('',#1816,1.);
#1816 = DIRECTION('',(0.,-1.,1.110223024625E-16));
#1817 = PCURVE('',#526,#1818);
#1818 = DEFINITIONAL_REPRESENTATION('',(#1819),#1822);
#1819 = B_SPLINE_CURVE_WITH_KNOTS('',1,(#1820,#1821),.UNSPECIFIED.,.F.,
  .F.,(2,2),(16.2271,16.5771006),.PIECEWISE_BEZIER_KNOTS.);
#1820 = CARTESIAN_POINT('',(5.023640225439,16.2271));
#1821 = CARTESIAN_POINT('',(5.023640225439,16.5771006));
#1822 = ( GEOMETRIC_REPRESENTATION_CONTEXT(2) 
PARAMETRIC_REPRESENTATION_CONTEXT() REPRESENTATION_CONTEXT('2D SPACE',''
  ) );
#1823 = PCURVE('',#737,#1824);
#1824 = DEFINITIONAL_REPRESENTATION('',(#1825),#1828);
#1825 = B_SPLINE_CURVE_WITH_KNOTS('',1,(#1826,#1827),.UNSPECIFIED.,.F.,
  .F.,(2,2),(16.2271,16.5771006),.PIECEWISE_BEZIER_KNOTS.);
#1826 = CARTESIAN_POINT('',(2.269040163946,-0.495));
#1827 = CARTESIAN_POINT('',(2.269040163946,-0.1449994));
#1828 = ( GEOMETRIC_REPRESENTATION_CONTEXT(2) 
PARAMETRIC_REPRESENTATION_CONTEXT() REPRESENTATION_CONTEXT('2D SPACE',''
  ) );
#1829 = ORIENTED_EDGE('',*,*,#1830,.F.);
#1830 = EDGE_CURVE('',#1831,#1810,#1833,.T.);
#1831 = VERTEX_POINT('',#1832);
#1832 = CARTESIAN_POINT('',(-0.359415,-12.6046,7.047590163946));
#1833 = SURFACE_CURVE('',#1834,(#1839,#1846),.PCURVE_S1.);
#1834 = CIRCLE('',#1835,1.1736);
#1835 = AXIS2_PLACEMENT_3D('',#1836,#1837,#1838);
#1836 = CARTESIAN_POINT('',(0.,-12.6046,8.1648));
#1837 = DIRECTION('',(0.,-1.,1.110223024625E-16));
#1838 = DIRECTION('',(1.,0.,0.));
#1839 = PCURVE('',#526,#1840);
#1840 = DEFINITIONAL_REPRESENTATION('',(#1841),#1845);
#1841 = LINE('',#1842,#1843);
#1842 = CARTESIAN_POINT('',(0.,16.2721));
#1843 = VECTOR('',#1844,1.);
#1844 = DIRECTION('',(1.,0.));
#1845 = ( GEOMETRIC_REPRESENTATION_CONTEXT(2) 
PARAMETRIC_REPRESENTATION_CONTEXT() REPRESENTATION_CONTEXT('2D SPACE',''
  ) );
#1846 = PCURVE('',#1847,#1852);
#1847 = PLANE('',#1848);
#1848 = AXIS2_PLACEMENT_3D('',#1849,#1850,#1851);
#1849 = CARTESIAN_POINT('',(-0.359415,-12.6046,4.77855));
#1850 = DIRECTION('',(0.,1.,0.));
#1851 = DIRECTION('',(0.,0.,1.));
#1852 = DEFINITIONAL_REPRESENTATION('',(#1853),#1861);
#1853 = ( BOUNDED_CURVE() B_SPLINE_CURVE(2,(#1854,#1855,#1856,#1857,
#1858,#1859,#1860),.UNSPECIFIED.,.T.,.F.) B_SPLINE_CURVE_WITH_KNOTS((1,2
    ,2,2,2,1),(-2.094395102393,0.,2.094395102393,4.188790204786,
6.28318530718,8.377580409573),.UNSPECIFIED.) CURVE() 
GEOMETRIC_REPRESENTATION_ITEM() RATIONAL_B_SPLINE_CURVE((1.,0.5,1.,0.5,
1.,0.5,1.)) REPRESENTATION_ITEM('') );
#1854 = CARTESIAN_POINT('',(3.38625,1.533015));
#1855 = CARTESIAN_POINT('',(5.418984827763,1.533015));
#1856 = CARTESIAN_POINT('',(4.402617413881,-0.227385));
#1857 = CARTESIAN_POINT('',(3.38625,-1.987785));
#1858 = CARTESIAN_POINT('',(2.369882586119,-0.227385));
#1859 = CARTESIAN_POINT('',(1.353515172237,1.533015));
#1860 = CARTESIAN_POINT('',(3.38625,1.533015));
#1861 = ( GEOMETRIC_REPRESENTATION_CONTEXT(2) 
PARAMETRIC_REPRESENTATION_CONTEXT() REPRESENTATION_CONTEXT('2D SPACE',''
  ) );
#1862 = ORIENTED_EDGE('',*,*,#1863,.T.);
#1863 = EDGE_CURVE('',#1831,#645,#1864,.T.);
#1864 = SURFACE_CURVE('',#1865,(#1869,#1875),.PCURVE_S1.);
#1865 = LINE('',#1866,#1867);
#1866 = CARTESIAN_POINT('',(-0.359415,3.6675,7.047590163946));
#1867 = VECTOR('',#1868,1.);
#1868 = DIRECTION('',(0.,-1.,1.110223024625E-16));
#1869 = PCURVE('',#526,#1870);
#1870 = DEFINITIONAL_REPRESENTATION('',(#1871),#1874);
#1871 = B_SPLINE_CURVE_WITH_KNOTS('',1,(#1872,#1873),.UNSPECIFIED.,.F.,
  .F.,(2,2),(16.2271,16.5771006),.PIECEWISE_BEZIER_KNOTS.);
#1872 = CARTESIAN_POINT('',(4.40113773533,16.2271));
#1873 = CARTESIAN_POINT('',(4.40113773533,16.5771006));
#1874 = ( GEOMETRIC_REPRESENTATION_CONTEXT(2) 
PARAMETRIC_REPRESENTATION_CONTEXT() REPRESENTATION_CONTEXT('2D SPACE',''
  ) );
#1875 = PCURVE('',#687,#1876);
#1876 = DEFINITIONAL_REPRESENTATION('',(#1877),#1880);
#1877 = B_SPLINE_CURVE_WITH_KNOTS('',1,(#1878,#1879),.UNSPECIFIED.,.F.,
  .F.,(2,2),(16.2271,16.5771006),.PIECEWISE_BEZIER_KNOTS.);
#1878 = CARTESIAN_POINT('',(2.269040163946,-0.495));
#1879 = CARTESIAN_POINT('',(2.269040163946,-0.1449994));
#1880 = ( GEOMETRIC_REPRESENTATION_CONTEXT(2) 
PARAMETRIC_REPRESENTATION_CONTEXT() REPRESENTATION_CONTEXT('2D SPACE',''
  ) );
#1881 = ORIENTED_EDGE('',*,*,#644,.F.);
#1882 = ORIENTED_EDGE('',*,*,#1883,.F.);
#1883 = EDGE_CURVE('',#1884,#619,#1886,.T.);
#1884 = VERTEX_POINT('',#1885);
#1885 = CARTESIAN_POINT('',(-0.359415,-12.6046,9.282009836054));
#1886 = SURFACE_CURVE('',#1887,(#1891,#1897),.PCURVE_S1.);
#1887 = LINE('',#1888,#1889);
#1888 = CARTESIAN_POINT('',(-0.359415,3.6675,9.282009836054));
#1889 = VECTOR('',#1890,1.);
#1890 = DIRECTION('',(0.,-1.,1.110223024625E-16));
#1891 = PCURVE('',#526,#1892);
#1892 = DEFINITIONAL_REPRESENTATION('',(#1893),#1896);
#1893 = B_SPLINE_CURVE_WITH_KNOTS('',1,(#1894,#1895),.UNSPECIFIED.,.F.,
  .F.,(2,2),(16.2271,16.5771006),.PIECEWISE_BEZIER_KNOTS.);
#1894 = CARTESIAN_POINT('',(1.882047571849,16.2271));
#1895 = CARTESIAN_POINT('',(1.882047571849,16.5771006));
#1896 = ( GEOMETRIC_REPRESENTATION_CONTEXT(2) 
PARAMETRIC_REPRESENTATION_CONTEXT() REPRESENTATION_CONTEXT('2D SPACE',''
  ) );
#1897 = PCURVE('',#633,#1898);
#1898 = DEFINITIONAL_REPRESENTATION('',(#1899),#1902);
#1899 = B_SPLINE_CURVE_WITH_KNOTS('',1,(#1900,#1901),.UNSPECIFIED.,.F.,
  .F.,(2,2),(16.2271,16.5771006),.PIECEWISE_BEZIER_KNOTS.);
#1900 = CARTESIAN_POINT('',(4.503459836054,-0.495));
#1901 = CARTESIAN_POINT('',(4.503459836054,-0.1449994));
#1902 = ( GEOMETRIC_REPRESENTATION_CONTEXT(2) 
PARAMETRIC_REPRESENTATION_CONTEXT() REPRESENTATION_CONTEXT('2D SPACE',''
  ) );
#1903 = ORIENTED_EDGE('',*,*,#1904,.F.);
#1904 = EDGE_CURVE('',#1905,#1884,#1907,.T.);
#1905 = VERTEX_POINT('',#1906);
#1906 = CARTESIAN_POINT('',(0.359415,-12.6046,9.282009836054));
#1907 = SURFACE_CURVE('',#1908,(#1913,#1920),.PCURVE_S1.);
#1908 = CIRCLE('',#1909,1.1736);
#1909 = AXIS2_PLACEMENT_3D('',#1910,#1911,#1912);
#1910 = CARTESIAN_POINT('',(0.,-12.6046,8.1648));
#1911 = DIRECTION('',(0.,-1.,1.110223024625E-16));
#1912 = DIRECTION('',(1.,0.,0.));
#1913 = PCURVE('',#526,#1914);
#1914 = DEFINITIONAL_REPRESENTATION('',(#1915),#1919);
#1915 = LINE('',#1916,#1917);
#1916 = CARTESIAN_POINT('',(0.,16.2721));
#1917 = VECTOR('',#1918,1.);
#1918 = DIRECTION('',(1.,0.));
#1919 = ( GEOMETRIC_REPRESENTATION_CONTEXT(2) 
PARAMETRIC_REPRESENTATION_CONTEXT() REPRESENTATION_CONTEXT('2D SPACE',''
  ) );
#1920 = PCURVE('',#1921,#1926);
#1921 = PLANE('',#1922);
#1922 = AXIS2_PLACEMENT_3D('',#1923,#1924,#1925);
#1923 = CARTESIAN_POINT('',(-0.359415,-12.6046,4.77855));
#1924 = DIRECTION('',(0.,1.,0.));
#1925 = DIRECTION('',(0.,0.,1.));
#1926 = DEFINITIONAL_REPRESENTATION('',(#1927),#1935);
#1927 = ( BOUNDED_CURVE() B_SPLINE_CURVE(2,(#1928,#1929,#1930,#1931,
#1932,#1933,#1934),.UNSPECIFIED.,.T.,.F.) B_SPLINE_CURVE_WITH_KNOTS((1,2
    ,2,2,2,1),(-2.094395102393,0.,2.094395102393,4.188790204786,
6.28318530718,8.377580409573),.UNSPECIFIED.) CURVE() 
GEOMETRIC_REPRESENTATION_ITEM() RATIONAL_B_SPLINE_CURVE((1.,0.5,1.,0.5,
1.,0.5,1.)) REPRESENTATION_ITEM('') );
#1928 = CARTESIAN_POINT('',(3.38625,1.533015));
#1929 = CARTESIAN_POINT('',(5.418984827763,1.533015));
#1930 = CARTESIAN_POINT('',(4.402617413881,-0.227385));
#1931 = CARTESIAN_POINT('',(3.38625,-1.987785));
#1932 = CARTESIAN_POINT('',(2.369882586119,-0.227385));
#1933 = CARTESIAN_POINT('',(1.353515172237,1.533015));
#1934 = CARTESIAN_POINT('',(3.38625,1.533015));
#1935 = ( GEOMETRIC_REPRESENTATION_CONTEXT(2) 
PARAMETRIC_REPRESENTATION_CONTEXT() REPRESENTATION_CONTEXT('2D SPACE',''
  ) );
#1936 = ORIENTED_EDGE('',*,*,#1937,.T.);
#1937 = EDGE_CURVE('',#1905,#539,#1938,.T.);
#1938 = SURFACE_CURVE('',#1939,(#1943,#1949),.PCURVE_S1.);
#1939 = LINE('',#1940,#1941);
#1940 = CARTESIAN_POINT('',(0.359415,3.6675,9.282009836054));
#1941 = VECTOR('',#1942,1.);
#1942 = DIRECTION('',(0.,-1.,1.110223024625E-16));
#1943 = PCURVE('',#526,#1944);
#1944 = DEFINITIONAL_REPRESENTATION('',(#1945),#1948);
#1945 = B_SPLINE_CURVE_WITH_KNOTS('',1,(#1946,#1947),.UNSPECIFIED.,.F.,
  .F.,(2,2),(16.2271,16.5771006),.PIECEWISE_BEZIER_KNOTS.);
#1946 = CARTESIAN_POINT('',(1.25954508174,16.2271));
#1947 = CARTESIAN_POINT('',(1.25954508174,16.5771006));
#1948 = ( GEOMETRIC_REPRESENTATION_CONTEXT(2) 
PARAMETRIC_REPRESENTATION_CONTEXT() REPRESENTATION_CONTEXT('2D SPACE',''
  ) );
#1949 = PCURVE('',#581,#1950);
#1950 = DEFINITIONAL_REPRESENTATION('',(#1951),#1954);
#1951 = B_SPLINE_CURVE_WITH_KNOTS('',1,(#1952,#1953),.UNSPECIFIED.,.F.,
  .F.,(2,2),(16.2271,16.5771006),.PIECEWISE_BEZIER_KNOTS.);
#1952 = CARTESIAN_POINT('',(4.503459836054,-0.495));
#1953 = CARTESIAN_POINT('',(4.503459836054,-0.1449994));
#1954 = ( GEOMETRIC_REPRESENTATION_CONTEXT(2) 
PARAMETRIC_REPRESENTATION_CONTEXT() REPRESENTATION_CONTEXT('2D SPACE',''
  ) );
#1955 = ORIENTED_EDGE('',*,*,#538,.F.);
#1956 = ORIENTED_EDGE('',*,*,#1787,.F.);
#1957 = ORIENTED_EDGE('',*,*,#1080,.T.);
#1958 = ADVANCED_FACE('',(#1959),#737,.F.);
#1959 = FACE_BOUND('',#1960,.F.);
#1960 = EDGE_LOOP('',(#1961,#1962,#1985,#2006));
#1961 = ORIENTED_EDGE('',*,*,#724,.T.);
#1962 = ORIENTED_EDGE('',*,*,#1963,.T.);
#1963 = EDGE_CURVE('',#699,#1964,#1966,.T.);
#1964 = VERTEX_POINT('',#1965);
#1965 = CARTESIAN_POINT('',(0.359415,-12.6046,4.77855));
#1966 = SURFACE_CURVE('',#1967,(#1971,#1978),.PCURVE_S1.);
#1967 = LINE('',#1968,#1969);
#1968 = CARTESIAN_POINT('',(0.359415,-13.0546,4.77855));
#1969 = VECTOR('',#1970,1.);
#1970 = DIRECTION('',(0.,1.,0.));
#1971 = PCURVE('',#737,#1972);
#1972 = DEFINITIONAL_REPRESENTATION('',(#1973),#1977);
#1973 = LINE('',#1974,#1975);
#1974 = CARTESIAN_POINT('',(0.,0.));
#1975 = VECTOR('',#1976,1.);
#1976 = DIRECTION('',(0.,-1.));
#1977 = ( GEOMETRIC_REPRESENTATION_CONTEXT(2) 
PARAMETRIC_REPRESENTATION_CONTEXT() REPRESENTATION_CONTEXT('2D SPACE',''
  ) );
#1978 = PCURVE('',#713,#1979);
#1979 = DEFINITIONAL_REPRESENTATION('',(#1980),#1984);
#1980 = LINE('',#1981,#1982);
#1981 = CARTESIAN_POINT('',(0.71883,0.));
#1982 = VECTOR('',#1983,1.);
#1983 = DIRECTION('',(0.,1.));
#1984 = ( GEOMETRIC_REPRESENTATION_CONTEXT(2) 
PARAMETRIC_REPRESENTATION_CONTEXT() REPRESENTATION_CONTEXT('2D SPACE',''
  ) );
#1985 = ORIENTED_EDGE('',*,*,#1986,.T.);
#1986 = EDGE_CURVE('',#1964,#1810,#1987,.T.);
#1987 = SURFACE_CURVE('',#1988,(#1992,#1999),.PCURVE_S1.);
#1988 = LINE('',#1989,#1990);
#1989 = CARTESIAN_POINT('',(0.359415,-12.6046,4.77855));
#1990 = VECTOR('',#1991,1.);
#1991 = DIRECTION('',(0.,0.,1.));
#1992 = PCURVE('',#737,#1993);
#1993 = DEFINITIONAL_REPRESENTATION('',(#1994),#1998);
#1994 = LINE('',#1995,#1996);
#1995 = CARTESIAN_POINT('',(0.,-0.45));
#1996 = VECTOR('',#1997,1.);
#1997 = DIRECTION('',(1.,0.));
#1998 = ( GEOMETRIC_REPRESENTATION_CONTEXT(2) 
PARAMETRIC_REPRESENTATION_CONTEXT() REPRESENTATION_CONTEXT('2D SPACE',''
  ) );
#1999 = PCURVE('',#1847,#2000);
#2000 = DEFINITIONAL_REPRESENTATION('',(#2001),#2005);
#2001 = LINE('',#2002,#2003);
#2002 = CARTESIAN_POINT('',(0.,0.71883));
#2003 = VECTOR('',#2004,1.);
#2004 = DIRECTION('',(1.,0.));
#2005 = ( GEOMETRIC_REPRESENTATION_CONTEXT(2) 
PARAMETRIC_REPRESENTATION_CONTEXT() REPRESENTATION_CONTEXT('2D SPACE',''
  ) );
#2006 = ORIENTED_EDGE('',*,*,#1809,.T.);
#2007 = ADVANCED_FACE('',(#2008),#713,.T.);
#2008 = FACE_BOUND('',#2009,.T.);
#2009 = EDGE_LOOP('',(#2010,#2033,#2034,#2035));
#2010 = ORIENTED_EDGE('',*,*,#2011,.F.);
#2011 = EDGE_CURVE('',#673,#2012,#2014,.T.);
#2012 = VERTEX_POINT('',#2013);
#2013 = CARTESIAN_POINT('',(-0.359415,-12.6046,4.77855));
#2014 = SURFACE_CURVE('',#2015,(#2019,#2026),.PCURVE_S1.);
#2015 = LINE('',#2016,#2017);
#2016 = CARTESIAN_POINT('',(-0.359415,-13.0546,4.77855));
#2017 = VECTOR('',#2018,1.);
#2018 = DIRECTION('',(0.,1.,0.));
#2019 = PCURVE('',#713,#2020);
#2020 = DEFINITIONAL_REPRESENTATION('',(#2021),#2025);
#2021 = LINE('',#2022,#2023);
#2022 = CARTESIAN_POINT('',(0.,0.));
#2023 = VECTOR('',#2024,1.);
#2024 = DIRECTION('',(0.,1.));
#2025 = ( GEOMETRIC_REPRESENTATION_CONTEXT(2) 
PARAMETRIC_REPRESENTATION_CONTEXT() REPRESENTATION_CONTEXT('2D SPACE',''
  ) );
#2026 = PCURVE('',#687,#2027);
#2027 = DEFINITIONAL_REPRESENTATION('',(#2028),#2032);
#2028 = LINE('',#2029,#2030);
#2029 = CARTESIAN_POINT('',(0.,0.));
#2030 = VECTOR('',#2031,1.);
#2031 = DIRECTION('',(0.,-1.));
#2032 = ( GEOMETRIC_REPRESENTATION_CONTEXT(2) 
PARAMETRIC_REPRESENTATION_CONTEXT() REPRESENTATION_CONTEXT('2D SPACE',''
  ) );
#2033 = ORIENTED_EDGE('',*,*,#698,.T.);
#2034 = ORIENTED_EDGE('',*,*,#1963,.T.);
#2035 = ORIENTED_EDGE('',*,*,#2036,.F.);
#2036 = EDGE_CURVE('',#2012,#1964,#2037,.T.);
#2037 = SURFACE_CURVE('',#2038,(#2042,#2049),.PCURVE_S1.);
#2038 = LINE('',#2039,#2040);
#2039 = CARTESIAN_POINT('',(-0.359415,-12.6046,4.77855));
#2040 = VECTOR('',#2041,1.);
#2041 = DIRECTION('',(1.,0.,0.));
#2042 = PCURVE('',#713,#2043);
#2043 = DEFINITIONAL_REPRESENTATION('',(#2044),#2048);
#2044 = LINE('',#2045,#2046);
#2045 = CARTESIAN_POINT('',(0.,0.45));
#2046 = VECTOR('',#2047,1.);
#2047 = DIRECTION('',(1.,0.));
#2048 = ( GEOMETRIC_REPRESENTATION_CONTEXT(2) 
PARAMETRIC_REPRESENTATION_CONTEXT() REPRESENTATION_CONTEXT('2D SPACE',''
  ) );
#2049 = PCURVE('',#1847,#2050);
#2050 = DEFINITIONAL_REPRESENTATION('',(#2051),#2055);
#2051 = LINE('',#2052,#2053);
#2052 = CARTESIAN_POINT('',(0.,0.));
#2053 = VECTOR('',#2054,1.);
#2054 = DIRECTION('',(0.,1.));
#2055 = ( GEOMETRIC_REPRESENTATION_CONTEXT(2) 
PARAMETRIC_REPRESENTATION_CONTEXT() REPRESENTATION_CONTEXT('2D SPACE',''
  ) );
#2056 = ADVANCED_FACE('',(#2057),#687,.T.);
#2057 = FACE_BOUND('',#2058,.T.);
#2058 = EDGE_LOOP('',(#2059,#2060,#2061,#2082));
#2059 = ORIENTED_EDGE('',*,*,#672,.T.);
#2060 = ORIENTED_EDGE('',*,*,#2011,.T.);
#2061 = ORIENTED_EDGE('',*,*,#2062,.T.);
#2062 = EDGE_CURVE('',#2012,#1831,#2063,.T.);
#2063 = SURFACE_CURVE('',#2064,(#2068,#2075),.PCURVE_S1.);
#2064 = LINE('',#2065,#2066);
#2065 = CARTESIAN_POINT('',(-0.359415,-12.6046,4.77855));
#2066 = VECTOR('',#2067,1.);
#2067 = DIRECTION('',(0.,0.,1.));
#2068 = PCURVE('',#687,#2069);
#2069 = DEFINITIONAL_REPRESENTATION('',(#2070),#2074);
#2070 = LINE('',#2071,#2072);
#2071 = CARTESIAN_POINT('',(0.,-0.45));
#2072 = VECTOR('',#2073,1.);
#2073 = DIRECTION('',(1.,0.));
#2074 = ( GEOMETRIC_REPRESENTATION_CONTEXT(2) 
PARAMETRIC_REPRESENTATION_CONTEXT() REPRESENTATION_CONTEXT('2D SPACE',''
  ) );
#2075 = PCURVE('',#1847,#2076);
#2076 = DEFINITIONAL_REPRESENTATION('',(#2077),#2081);
#2077 = LINE('',#2078,#2079);
#2078 = CARTESIAN_POINT('',(0.,0.));
#2079 = VECTOR('',#2080,1.);
#2080 = DIRECTION('',(1.,0.));
#2081 = ( GEOMETRIC_REPRESENTATION_CONTEXT(2) 
PARAMETRIC_REPRESENTATION_CONTEXT() REPRESENTATION_CONTEXT('2D SPACE',''
  ) );
#2082 = ORIENTED_EDGE('',*,*,#1863,.T.);
#2083 = ADVANCED_FACE('',(#2084),#633,.T.);
#2084 = FACE_BOUND('',#2085,.T.);
#2085 = EDGE_LOOP('',(#2086,#2109,#2110,#2111));
#2086 = ORIENTED_EDGE('',*,*,#2087,.F.);
#2087 = EDGE_CURVE('',#593,#2088,#2090,.T.);
#2088 = VERTEX_POINT('',#2089);
#2089 = CARTESIAN_POINT('',(-0.359415,-12.6046,11.55105));
#2090 = SURFACE_CURVE('',#2091,(#2095,#2102),.PCURVE_S1.);
#2091 = LINE('',#2092,#2093);
#2092 = CARTESIAN_POINT('',(-0.359415,-13.0546,11.55105));
#2093 = VECTOR('',#2094,1.);
#2094 = DIRECTION('',(0.,1.,0.));
#2095 = PCURVE('',#633,#2096);
#2096 = DEFINITIONAL_REPRESENTATION('',(#2097),#2101);
#2097 = LINE('',#2098,#2099);
#2098 = CARTESIAN_POINT('',(6.7725,0.));
#2099 = VECTOR('',#2100,1.);
#2100 = DIRECTION('',(0.,-1.));
#2101 = ( GEOMETRIC_REPRESENTATION_CONTEXT(2) 
PARAMETRIC_REPRESENTATION_CONTEXT() REPRESENTATION_CONTEXT('2D SPACE',''
  ) );
#2102 = PCURVE('',#607,#2103);
#2103 = DEFINITIONAL_REPRESENTATION('',(#2104),#2108);
#2104 = LINE('',#2105,#2106);
#2105 = CARTESIAN_POINT('',(0.,0.));
#2106 = VECTOR('',#2107,1.);
#2107 = DIRECTION('',(0.,1.));
#2108 = ( GEOMETRIC_REPRESENTATION_CONTEXT(2) 
PARAMETRIC_REPRESENTATION_CONTEXT() REPRESENTATION_CONTEXT('2D SPACE',''
  ) );
#2109 = ORIENTED_EDGE('',*,*,#618,.T.);
#2110 = ORIENTED_EDGE('',*,*,#1883,.F.);
#2111 = ORIENTED_EDGE('',*,*,#2112,.T.);
#2112 = EDGE_CURVE('',#1884,#2088,#2113,.T.);
#2113 = SURFACE_CURVE('',#2114,(#2118,#2125),.PCURVE_S1.);
#2114 = LINE('',#2115,#2116);
#2115 = CARTESIAN_POINT('',(-0.359415,-12.6046,4.77855));
#2116 = VECTOR('',#2117,1.);
#2117 = DIRECTION('',(0.,0.,1.));
#2118 = PCURVE('',#633,#2119);
#2119 = DEFINITIONAL_REPRESENTATION('',(#2120),#2124);
#2120 = LINE('',#2121,#2122);
#2121 = CARTESIAN_POINT('',(0.,-0.45));
#2122 = VECTOR('',#2123,1.);
#2123 = DIRECTION('',(1.,0.));
#2124 = ( GEOMETRIC_REPRESENTATION_CONTEXT(2) 
PARAMETRIC_REPRESENTATION_CONTEXT() REPRESENTATION_CONTEXT('2D SPACE',''
  ) );
#2125 = PCURVE('',#1921,#2126);
#2126 = DEFINITIONAL_REPRESENTATION('',(#2127),#2131);
#2127 = LINE('',#2128,#2129);
#2128 = CARTESIAN_POINT('',(0.,0.));
#2129 = VECTOR('',#2130,1.);
#2130 = DIRECTION('',(1.,0.));
#2131 = ( GEOMETRIC_REPRESENTATION_CONTEXT(2) 
PARAMETRIC_REPRESENTATION_CONTEXT() REPRESENTATION_CONTEXT('2D SPACE',''
  ) );
#2132 = ADVANCED_FACE('',(#2133),#607,.F.);
#2133 = FACE_BOUND('',#2134,.F.);
#2134 = EDGE_LOOP('',(#2135,#2136,#2137,#2160));
#2135 = ORIENTED_EDGE('',*,*,#2087,.F.);
#2136 = ORIENTED_EDGE('',*,*,#592,.T.);
#2137 = ORIENTED_EDGE('',*,*,#2138,.T.);
#2138 = EDGE_CURVE('',#567,#2139,#2141,.T.);
#2139 = VERTEX_POINT('',#2140);
#2140 = CARTESIAN_POINT('',(0.359415,-12.6046,11.55105));
#2141 = SURFACE_CURVE('',#2142,(#2146,#2153),.PCURVE_S1.);
#2142 = LINE('',#2143,#2144);
#2143 = CARTESIAN_POINT('',(0.359415,-13.0546,11.55105));
#2144 = VECTOR('',#2145,1.);
#2145 = DIRECTION('',(0.,1.,0.));
#2146 = PCURVE('',#607,#2147);
#2147 = DEFINITIONAL_REPRESENTATION('',(#2148),#2152);
#2148 = LINE('',#2149,#2150);
#2149 = CARTESIAN_POINT('',(0.71883,0.));
#2150 = VECTOR('',#2151,1.);
#2151 = DIRECTION('',(0.,1.));
#2152 = ( GEOMETRIC_REPRESENTATION_CONTEXT(2) 
PARAMETRIC_REPRESENTATION_CONTEXT() REPRESENTATION_CONTEXT('2D SPACE',''
  ) );
#2153 = PCURVE('',#581,#2154);
#2154 = DEFINITIONAL_REPRESENTATION('',(#2155),#2159);
#2155 = LINE('',#2156,#2157);
#2156 = CARTESIAN_POINT('',(6.7725,0.));
#2157 = VECTOR('',#2158,1.);
#2158 = DIRECTION('',(0.,-1.));
#2159 = ( GEOMETRIC_REPRESENTATION_CONTEXT(2) 
PARAMETRIC_REPRESENTATION_CONTEXT() REPRESENTATION_CONTEXT('2D SPACE',''
  ) );
#2160 = ORIENTED_EDGE('',*,*,#2161,.F.);
#2161 = EDGE_CURVE('',#2088,#2139,#2162,.T.);
#2162 = SURFACE_CURVE('',#2163,(#2167,#2174),.PCURVE_S1.);
#2163 = LINE('',#2164,#2165);
#2164 = CARTESIAN_POINT('',(-0.359415,-12.6046,11.55105));
#2165 = VECTOR('',#2166,1.);
#2166 = DIRECTION('',(1.,0.,0.));
#2167 = PCURVE('',#607,#2168);
#2168 = DEFINITIONAL_REPRESENTATION('',(#2169),#2173);
#2169 = LINE('',#2170,#2171);
#2170 = CARTESIAN_POINT('',(0.,0.45));
#2171 = VECTOR('',#2172,1.);
#2172 = DIRECTION('',(1.,0.));
#2173 = ( GEOMETRIC_REPRESENTATION_CONTEXT(2) 
PARAMETRIC_REPRESENTATION_CONTEXT() REPRESENTATION_CONTEXT('2D SPACE',''
  ) );
#2174 = PCURVE('',#1921,#2175);
#2175 = DEFINITIONAL_REPRESENTATION('',(#2176),#2180);
#2176 = LINE('',#2177,#2178);
#2177 = CARTESIAN_POINT('',(6.7725,0.));
#2178 = VECTOR('',#2179,1.);
#2179 = DIRECTION('',(0.,1.));
#2180 = ( GEOMETRIC_REPRESENTATION_CONTEXT(2) 
PARAMETRIC_REPRESENTATION_CONTEXT() REPRESENTATION_CONTEXT('2D SPACE',''
  ) );
#2181 = ADVANCED_FACE('',(#2182),#581,.F.);
#2182 = FACE_BOUND('',#2183,.F.);
#2183 = EDGE_LOOP('',(#2184,#2185,#2186,#2187));
#2184 = ORIENTED_EDGE('',*,*,#2138,.F.);
#2185 = ORIENTED_EDGE('',*,*,#566,.T.);
#2186 = ORIENTED_EDGE('',*,*,#1937,.F.);
#2187 = ORIENTED_EDGE('',*,*,#2188,.T.);
#2188 = EDGE_CURVE('',#1905,#2139,#2189,.T.);
#2189 = SURFACE_CURVE('',#2190,(#2194,#2201),.PCURVE_S1.);
#2190 = LINE('',#2191,#2192);
#2191 = CARTESIAN_POINT('',(0.359415,-12.6046,4.77855));
#2192 = VECTOR('',#2193,1.);
#2193 = DIRECTION('',(0.,0.,1.));
#2194 = PCURVE('',#581,#2195);
#2195 = DEFINITIONAL_REPRESENTATION('',(#2196),#2200);
#2196 = LINE('',#2197,#2198);
#2197 = CARTESIAN_POINT('',(0.,-0.45));
#2198 = VECTOR('',#2199,1.);
#2199 = DIRECTION('',(1.,0.));
#2200 = ( GEOMETRIC_REPRESENTATION_CONTEXT(2) 
PARAMETRIC_REPRESENTATION_CONTEXT() REPRESENTATION_CONTEXT('2D SPACE',''
  ) );
#2201 = PCURVE('',#1921,#2202);
#2202 = DEFINITIONAL_REPRESENTATION('',(#2203),#2207);
#2203 = LINE('',#2204,#2205);
#2204 = CARTESIAN_POINT('',(0.,0.71883));
#2205 = VECTOR('',#2206,1.);
#2206 = DIRECTION('',(1.,0.));
#2207 = ( GEOMETRIC_REPRESENTATION_CONTEXT(2) 
PARAMETRIC_REPRESENTATION_CONTEXT() REPRESENTATION_CONTEXT('2D SPACE',''
  ) );
#2208 = ADVANCED_FACE('',(#2209),#1065,.F.);
#2209 = FACE_BOUND('',#2210,.F.);
#2210 = EDGE_LOOP('',(#2211));
#2211 = ORIENTED_EDGE('',*,*,#1050,.T.);
#2212 = ADVANCED_FACE('',(#2213),#1566,.F.);
#2213 = FACE_BOUND('',#2214,.F.);
#2214 = EDGE_LOOP('',(#2215,#2216,#2239,#2266));
#2215 = ORIENTED_EDGE('',*,*,#1372,.F.);
#2216 = ORIENTED_EDGE('',*,*,#2217,.F.);
#2217 = EDGE_CURVE('',#2218,#1373,#2220,.T.);
#2218 = VERTEX_POINT('',#2219);
#2219 = CARTESIAN_POINT('',(1.1736,3.6675,8.1648));
#2220 = SEAM_CURVE('',#2221,(#2225,#2232),.PCURVE_S1.);
#2221 = LINE('',#2222,#2223);
#2222 = CARTESIAN_POINT('',(1.1736,3.6675,8.1648));
#2223 = VECTOR('',#2224,1.);
#2224 = DIRECTION('',(0.,-1.,1.110223024625E-16));
#2225 = PCURVE('',#1566,#2226);
#2226 = DEFINITIONAL_REPRESENTATION('',(#2227),#2231);
#2227 = LINE('',#2228,#2229);
#2228 = CARTESIAN_POINT('',(6.28318530718,-0.));
#2229 = VECTOR('',#2230,1.);
#2230 = DIRECTION('',(0.,1.));
#2231 = ( GEOMETRIC_REPRESENTATION_CONTEXT(2) 
PARAMETRIC_REPRESENTATION_CONTEXT() REPRESENTATION_CONTEXT('2D SPACE',''
  ) );
#2232 = PCURVE('',#1566,#2233);
#2233 = DEFINITIONAL_REPRESENTATION('',(#2234),#2238);
#2234 = LINE('',#2235,#2236);
#2235 = CARTESIAN_POINT('',(0.,-0.));
#2236 = VECTOR('',#2237,1.);
#2237 = DIRECTION('',(0.,1.));
#2238 = ( GEOMETRIC_REPRESENTATION_CONTEXT(2) 
PARAMETRIC_REPRESENTATION_CONTEXT() REPRESENTATION_CONTEXT('2D SPACE',''
  ) );
#2239 = ORIENTED_EDGE('',*,*,#2240,.T.);
#2240 = EDGE_CURVE('',#2218,#2218,#2241,.T.);
#2241 = SURFACE_CURVE('',#2242,(#2247,#2254),.PCURVE_S1.);
#2242 = CIRCLE('',#2243,1.1736);
#2243 = AXIS2_PLACEMENT_3D('',#2244,#2245,#2246);
#2244 = CARTESIAN_POINT('',(0.,3.6675,8.1648));
#2245 = DIRECTION('',(0.,-1.,1.110223024625E-16));
#2246 = DIRECTION('',(1.,0.,0.));
#2247 = PCURVE('',#1566,#2248);
#2248 = DEFINITIONAL_REPRESENTATION('',(#2249),#2253);
#2249 = LINE('',#2250,#2251);
#2250 = CARTESIAN_POINT('',(0.,0.));
#2251 = VECTOR('',#2252,1.);
#2252 = DIRECTION('',(1.,0.));
#2253 = ( GEOMETRIC_REPRESENTATION_CONTEXT(2) 
PARAMETRIC_REPRESENTATION_CONTEXT() REPRESENTATION_CONTEXT('2D SPACE',''
  ) );
#2254 = PCURVE('',#2255,#2260);
#2255 = PLANE('',#2256);
#2256 = AXIS2_PLACEMENT_3D('',#2257,#2258,#2259);
#2257 = CARTESIAN_POINT('',(0.,3.6675,8.1648));
#2258 = DIRECTION('',(0.,-1.,1.110223024625E-16));
#2259 = DIRECTION('',(1.,0.,0.));
#2260 = DEFINITIONAL_REPRESENTATION('',(#2261),#2265);
#2261 = CIRCLE('',#2262,1.1736);
#2262 = AXIS2_PLACEMENT_2D('',#2263,#2264);
#2263 = CARTESIAN_POINT('',(0.,0.));
#2264 = DIRECTION('',(1.,0.));
#2265 = ( GEOMETRIC_REPRESENTATION_CONTEXT(2) 
PARAMETRIC_REPRESENTATION_CONTEXT() REPRESENTATION_CONTEXT('2D SPACE',''
  ) );
#2266 = ORIENTED_EDGE('',*,*,#2217,.T.);
#2267 = ADVANCED_FACE('',(#2268),#1697,.T.);
#2268 = FACE_BOUND('',#2269,.T.);
#2269 = EDGE_LOOP('',(#2270,#2293,#2321,#2342));
#2270 = ORIENTED_EDGE('',*,*,#2271,.F.);
#2271 = EDGE_CURVE('',#2272,#1681,#2274,.T.);
#2272 = VERTEX_POINT('',#2273);
#2273 = CARTESIAN_POINT('',(0.51345,-9.553104,15.37));
#2274 = SURFACE_CURVE('',#2275,(#2279,#2286),.PCURVE_S1.);
#2275 = LINE('',#2276,#2277);
#2276 = CARTESIAN_POINT('',(0.51345,-9.553104,15.37));
#2277 = VECTOR('',#2278,1.);
#2278 = DIRECTION('',(0.,0.,1.));
#2279 = PCURVE('',#1697,#2280);
#2280 = DEFINITIONAL_REPRESENTATION('',(#2281),#2285);
#2281 = LINE('',#2282,#2283);
#2282 = CARTESIAN_POINT('',(0.,1.0269));
#2283 = VECTOR('',#2284,1.);
#2284 = DIRECTION('',(1.,0.));
#2285 = ( GEOMETRIC_REPRESENTATION_CONTEXT(2) 
PARAMETRIC_REPRESENTATION_CONTEXT() REPRESENTATION_CONTEXT('2D SPACE',''
  ) );
#2286 = PCURVE('',#1773,#2287);
#2287 = DEFINITIONAL_REPRESENTATION('',(#2288),#2292);
#2288 = LINE('',#2289,#2290);
#2289 = CARTESIAN_POINT('',(0.,0.));
#2290 = VECTOR('',#2291,1.);
#2291 = DIRECTION('',(1.,0.));
#2292 = ( GEOMETRIC_REPRESENTATION_CONTEXT(2) 
PARAMETRIC_REPRESENTATION_CONTEXT() REPRESENTATION_CONTEXT('2D SPACE',''
  ) );
#2293 = ORIENTED_EDGE('',*,*,#2294,.F.);
#2294 = EDGE_CURVE('',#2295,#2272,#2297,.T.);
#2295 = VERTEX_POINT('',#2296);
#2296 = CARTESIAN_POINT('',(-0.51345,-9.553104,15.37));
#2297 = SURFACE_CURVE('',#2298,(#2302,#2309),.PCURVE_S1.);
#2298 = LINE('',#2299,#2300);
#2299 = CARTESIAN_POINT('',(-0.51345,-9.553104,15.37));
#2300 = VECTOR('',#2301,1.);
#2301 = DIRECTION('',(1.,0.,0.));
#2302 = PCURVE('',#1697,#2303);
#2303 = DEFINITIONAL_REPRESENTATION('',(#2304),#2308);
#2304 = LINE('',#2305,#2306);
#2305 = CARTESIAN_POINT('',(0.,0.));
#2306 = VECTOR('',#2307,1.);
#2307 = DIRECTION('',(0.,1.));
#2308 = ( GEOMETRIC_REPRESENTATION_CONTEXT(2) 
PARAMETRIC_REPRESENTATION_CONTEXT() REPRESENTATION_CONTEXT('2D SPACE',''
  ) );
#2309 = PCURVE('',#2310,#2315);
#2310 = PLANE('',#2311);
#2311 = AXIS2_PLACEMENT_3D('',#2312,#2313,#2314);
#2312 = CARTESIAN_POINT('',(-0.51345,-9.553104,15.37));
#2313 = DIRECTION('',(0.,0.,1.));
#2314 = DIRECTION('',(1.,0.,0.));
#2315 = DEFINITIONAL_REPRESENTATION('',(#2316),#2320);
#2316 = LINE('',#2317,#2318);
#2317 = CARTESIAN_POINT('',(0.,0.));
#2318 = VECTOR('',#2319,1.);
#2319 = DIRECTION('',(1.,0.));
#2320 = ( GEOMETRIC_REPRESENTATION_CONTEXT(2) 
PARAMETRIC_REPRESENTATION_CONTEXT() REPRESENTATION_CONTEXT('2D SPACE',''
  ) );
#2321 = ORIENTED_EDGE('',*,*,#2322,.T.);
#2322 = EDGE_CURVE('',#2295,#1683,#2323,.T.);
#2323 = SURFACE_CURVE('',#2324,(#2328,#2335),.PCURVE_S1.);
#2324 = LINE('',#2325,#2326);
#2325 = CARTESIAN_POINT('',(-0.51345,-9.553104,15.37));
#2326 = VECTOR('',#2327,1.);
#2327 = DIRECTION('',(0.,0.,1.));
#2328 = PCURVE('',#1697,#2329);
#2329 = DEFINITIONAL_REPRESENTATION('',(#2330),#2334);
#2330 = LINE('',#2331,#2332);
#2331 = CARTESIAN_POINT('',(0.,0.));
#2332 = VECTOR('',#2333,1.);
#2333 = DIRECTION('',(1.,0.));
#2334 = ( GEOMETRIC_REPRESENTATION_CONTEXT(2) 
PARAMETRIC_REPRESENTATION_CONTEXT() REPRESENTATION_CONTEXT('2D SPACE',''
  ) );
#2335 = PCURVE('',#1723,#2336);
#2336 = DEFINITIONAL_REPRESENTATION('',(#2337),#2341);
#2337 = LINE('',#2338,#2339);
#2338 = CARTESIAN_POINT('',(0.,0.));
#2339 = VECTOR('',#2340,1.);
#2340 = DIRECTION('',(1.,0.));
#2341 = ( GEOMETRIC_REPRESENTATION_CONTEXT(2) 
PARAMETRIC_REPRESENTATION_CONTEXT() REPRESENTATION_CONTEXT('2D SPACE',''
  ) );
#2342 = ORIENTED_EDGE('',*,*,#1680,.F.);
#2343 = ADVANCED_FACE('',(#2344),#1773,.F.);
#2344 = FACE_BOUND('',#2345,.F.);
#2345 = EDGE_LOOP('',(#2346,#2347,#2370,#2391));
#2346 = ORIENTED_EDGE('',*,*,#2271,.F.);
#2347 = ORIENTED_EDGE('',*,*,#2348,.T.);
#2348 = EDGE_CURVE('',#2272,#2349,#2351,.T.);
#2349 = VERTEX_POINT('',#2350);
#2350 = CARTESIAN_POINT('',(0.51345,5.422032,15.37));
#2351 = SURFACE_CURVE('',#2352,(#2356,#2363),.PCURVE_S1.);
#2352 = LINE('',#2353,#2354);
#2353 = CARTESIAN_POINT('',(0.51345,-9.553104,15.37));
#2354 = VECTOR('',#2355,1.);
#2355 = DIRECTION('',(0.,1.,0.));
#2356 = PCURVE('',#1773,#2357);
#2357 = DEFINITIONAL_REPRESENTATION('',(#2358),#2362);
#2358 = LINE('',#2359,#2360);
#2359 = CARTESIAN_POINT('',(0.,0.));
#2360 = VECTOR('',#2361,1.);
#2361 = DIRECTION('',(0.,-1.));
#2362 = ( GEOMETRIC_REPRESENTATION_CONTEXT(2) 
PARAMETRIC_REPRESENTATION_CONTEXT() REPRESENTATION_CONTEXT('2D SPACE',''
  ) );
#2363 = PCURVE('',#2310,#2364);
#2364 = DEFINITIONAL_REPRESENTATION('',(#2365),#2369);
#2365 = LINE('',#2366,#2367);
#2366 = CARTESIAN_POINT('',(1.0269,0.));
#2367 = VECTOR('',#2368,1.);
#2368 = DIRECTION('',(0.,1.));
#2369 = ( GEOMETRIC_REPRESENTATION_CONTEXT(2) 
PARAMETRIC_REPRESENTATION_CONTEXT() REPRESENTATION_CONTEXT('2D SPACE',''
  ) );
#2370 = ORIENTED_EDGE('',*,*,#2371,.T.);
#2371 = EDGE_CURVE('',#2349,#1735,#2372,.T.);
#2372 = SURFACE_CURVE('',#2373,(#2377,#2384),.PCURVE_S1.);
#2373 = LINE('',#2374,#2375);
#2374 = CARTESIAN_POINT('',(0.51345,5.422032,15.37));
#2375 = VECTOR('',#2376,1.);
#2376 = DIRECTION('',(0.,0.,1.));
#2377 = PCURVE('',#1773,#2378);
#2378 = DEFINITIONAL_REPRESENTATION('',(#2379),#2383);
#2379 = LINE('',#2380,#2381);
#2380 = CARTESIAN_POINT('',(0.,-14.975136));
#2381 = VECTOR('',#2382,1.);
#2382 = DIRECTION('',(1.,0.));
#2383 = ( GEOMETRIC_REPRESENTATION_CONTEXT(2) 
PARAMETRIC_REPRESENTATION_CONTEXT() REPRESENTATION_CONTEXT('2D SPACE',''
  ) );
#2384 = PCURVE('',#1749,#2385);
#2385 = DEFINITIONAL_REPRESENTATION('',(#2386),#2390);
#2386 = LINE('',#2387,#2388);
#2387 = CARTESIAN_POINT('',(0.,1.0269));
#2388 = VECTOR('',#2389,1.);
#2389 = DIRECTION('',(1.,0.));
#2390 = ( GEOMETRIC_REPRESENTATION_CONTEXT(2) 
PARAMETRIC_REPRESENTATION_CONTEXT() REPRESENTATION_CONTEXT('2D SPACE',''
  ) );
#2391 = ORIENTED_EDGE('',*,*,#1760,.F.);
#2392 = ADVANCED_FACE('',(#2393),#1749,.F.);
#2393 = FACE_BOUND('',#2394,.F.);
#2394 = EDGE_LOOP('',(#2395,#2396,#2419,#2440));
#2395 = ORIENTED_EDGE('',*,*,#2371,.F.);
#2396 = ORIENTED_EDGE('',*,*,#2397,.F.);
#2397 = EDGE_CURVE('',#2398,#2349,#2400,.T.);
#2398 = VERTEX_POINT('',#2399);
#2399 = CARTESIAN_POINT('',(-0.51345,5.422032,15.37));
#2400 = SURFACE_CURVE('',#2401,(#2405,#2412),.PCURVE_S1.);
#2401 = LINE('',#2402,#2403);
#2402 = CARTESIAN_POINT('',(-0.51345,5.422032,15.37));
#2403 = VECTOR('',#2404,1.);
#2404 = DIRECTION('',(1.,0.,0.));
#2405 = PCURVE('',#1749,#2406);
#2406 = DEFINITIONAL_REPRESENTATION('',(#2407),#2411);
#2407 = LINE('',#2408,#2409);
#2408 = CARTESIAN_POINT('',(0.,0.));
#2409 = VECTOR('',#2410,1.);
#2410 = DIRECTION('',(0.,1.));
#2411 = ( GEOMETRIC_REPRESENTATION_CONTEXT(2) 
PARAMETRIC_REPRESENTATION_CONTEXT() REPRESENTATION_CONTEXT('2D SPACE',''
  ) );
#2412 = PCURVE('',#2310,#2413);
#2413 = DEFINITIONAL_REPRESENTATION('',(#2414),#2418);
#2414 = LINE('',#2415,#2416);
#2415 = CARTESIAN_POINT('',(0.,14.975136));
#2416 = VECTOR('',#2417,1.);
#2417 = DIRECTION('',(1.,0.));
#2418 = ( GEOMETRIC_REPRESENTATION_CONTEXT(2) 
PARAMETRIC_REPRESENTATION_CONTEXT() REPRESENTATION_CONTEXT('2D SPACE',''
  ) );
#2419 = ORIENTED_EDGE('',*,*,#2420,.T.);
#2420 = EDGE_CURVE('',#2398,#1709,#2421,.T.);
#2421 = SURFACE_CURVE('',#2422,(#2426,#2433),.PCURVE_S1.);
#2422 = LINE('',#2423,#2424);
#2423 = CARTESIAN_POINT('',(-0.51345,5.422032,15.37));
#2424 = VECTOR('',#2425,1.);
#2425 = DIRECTION('',(0.,0.,1.));
#2426 = PCURVE('',#1749,#2427);
#2427 = DEFINITIONAL_REPRESENTATION('',(#2428),#2432);
#2428 = LINE('',#2429,#2430);
#2429 = CARTESIAN_POINT('',(0.,0.));
#2430 = VECTOR('',#2431,1.);
#2431 = DIRECTION('',(1.,0.));
#2432 = ( GEOMETRIC_REPRESENTATION_CONTEXT(2) 
PARAMETRIC_REPRESENTATION_CONTEXT() REPRESENTATION_CONTEXT('2D SPACE',''
  ) );
#2433 = PCURVE('',#1723,#2434);
#2434 = DEFINITIONAL_REPRESENTATION('',(#2435),#2439);
#2435 = LINE('',#2436,#2437);
#2436 = CARTESIAN_POINT('',(0.,-14.975136));
#2437 = VECTOR('',#2438,1.);
#2438 = DIRECTION('',(1.,0.));
#2439 = ( GEOMETRIC_REPRESENTATION_CONTEXT(2) 
PARAMETRIC_REPRESENTATION_CONTEXT() REPRESENTATION_CONTEXT('2D SPACE',''
  ) );
#2440 = ORIENTED_EDGE('',*,*,#1734,.F.);
#2441 = ADVANCED_FACE('',(#2442),#1723,.T.);
#2442 = FACE_BOUND('',#2443,.T.);
#2443 = EDGE_LOOP('',(#2444,#2445,#2466,#2467));
#2444 = ORIENTED_EDGE('',*,*,#2322,.F.);
#2445 = ORIENTED_EDGE('',*,*,#2446,.T.);
#2446 = EDGE_CURVE('',#2295,#2398,#2447,.T.);
#2447 = SURFACE_CURVE('',#2448,(#2452,#2459),.PCURVE_S1.);
#2448 = LINE('',#2449,#2450);
#2449 = CARTESIAN_POINT('',(-0.51345,-9.553104,15.37));
#2450 = VECTOR('',#2451,1.);
#2451 = DIRECTION('',(0.,1.,0.));
#2452 = PCURVE('',#1723,#2453);
#2453 = DEFINITIONAL_REPRESENTATION('',(#2454),#2458);
#2454 = LINE('',#2455,#2456);
#2455 = CARTESIAN_POINT('',(0.,0.));
#2456 = VECTOR('',#2457,1.);
#2457 = DIRECTION('',(0.,-1.));
#2458 = ( GEOMETRIC_REPRESENTATION_CONTEXT(2) 
PARAMETRIC_REPRESENTATION_CONTEXT() REPRESENTATION_CONTEXT('2D SPACE',''
  ) );
#2459 = PCURVE('',#2310,#2460);
#2460 = DEFINITIONAL_REPRESENTATION('',(#2461),#2465);
#2461 = LINE('',#2462,#2463);
#2462 = CARTESIAN_POINT('',(0.,0.));
#2463 = VECTOR('',#2464,1.);
#2464 = DIRECTION('',(0.,1.));
#2465 = ( GEOMETRIC_REPRESENTATION_CONTEXT(2) 
PARAMETRIC_REPRESENTATION_CONTEXT() REPRESENTATION_CONTEXT('2D SPACE',''
  ) );
#2466 = ORIENTED_EDGE('',*,*,#2420,.T.);
#2467 = ORIENTED_EDGE('',*,*,#1708,.F.);
#2468 = ADVANCED_FACE('',(#2469),#1921,.F.);
#2469 = FACE_BOUND('',#2470,.F.);
#2470 = EDGE_LOOP('',(#2471,#2472,#2473,#2474));
#2471 = ORIENTED_EDGE('',*,*,#2188,.F.);
#2472 = ORIENTED_EDGE('',*,*,#1904,.T.);
#2473 = ORIENTED_EDGE('',*,*,#2112,.T.);
#2474 = ORIENTED_EDGE('',*,*,#2161,.T.);
#2475 = ADVANCED_FACE('',(#2476),#1847,.F.);
#2476 = FACE_BOUND('',#2477,.F.);
#2477 = EDGE_LOOP('',(#2478,#2479,#2480,#2481));
#2478 = ORIENTED_EDGE('',*,*,#1986,.F.);
#2479 = ORIENTED_EDGE('',*,*,#2036,.F.);
#2480 = ORIENTED_EDGE('',*,*,#2062,.T.);
#2481 = ORIENTED_EDGE('',*,*,#1830,.T.);
#2482 = ADVANCED_FACE('',(#2483),#2255,.T.);
#2483 = FACE_BOUND('',#2484,.F.);
#2484 = EDGE_LOOP('',(#2485));
#2485 = ORIENTED_EDGE('',*,*,#2240,.F.);
#2486 = ADVANCED_FACE('',(#2487),#2310,.T.);
#2487 = FACE_BOUND('',#2488,.T.);
#2488 = EDGE_LOOP('',(#2489,#2490,#2491,#2492));
#2489 = ORIENTED_EDGE('',*,*,#2446,.F.);
#2490 = ORIENTED_EDGE('',*,*,#2294,.T.);
#2491 = ORIENTED_EDGE('',*,*,#2348,.T.);
#2492 = ORIENTED_EDGE('',*,*,#2397,.F.);
#2493 = ( GEOMETRIC_REPRESENTATION_CONTEXT(3) 
GLOBAL_UNCERTAINTY_ASSIGNED_CONTEXT((#2497)) 
GLOBAL_UNIT_ASSIGNED_CONTEXT((#2494,#2495,#2496)) REPRESENTATION_CONTEXT
('Context #1','3D Context with UNIT and UNCERTAINTY') );
#2494 = ( LENGTH_UNIT() NAMED_UNIT(*) SI_UNIT(.MILLI.,.METRE.) );
#2495 = ( NAMED_UNIT(*) PLANE_ANGLE_UNIT() SI_UNIT($,.RADIAN.) );
#2496 = ( NAMED_UNIT(*) SI_UNIT($,.STERADIAN.) SOLID_ANGLE_UNIT() );
#2497 = UNCERTAINTY_MEASURE_WITH_UNIT(LENGTH_MEASURE(1.E-07),#2494,
  'distance_accuracy_value','confusion accuracy');
#2498 = PRODUCT_RELATED_PRODUCT_CATEGORY('part',$,(#7));

#2499=DESCRIPTIVE_REPRESENTATION_ITEM('cadpy:generator','cadpy');
#2500=REPRESENTATION('cadpy:generator',(#2499),#2493);
#2501=PROPERTY_DEFINITION('cadpy metadata','cadpy:generator',#5);
#2502=PROPERTY_DEFINITION_REPRESENTATION(#2501,#2500);
#2503=DESCRIPTIVE_REPRESENTATION_ITEM('cadpy:entryKind','part');
#2504=REPRESENTATION('cadpy:entryKind',(#2503),#2493);
#2505=PROPERTY_DEFINITION('cadpy metadata','cadpy:entryKind',#5);
#2506=PROPERTY_DEFINITION_REPRESENTATION(#2505,#2504);
#2507=DESCRIPTIVE_REPRESENTATION_ITEM('cadpy:sourcePath','davies-1550ag.py');
#2508=REPRESENTATION('cadpy:sourcePath',(#2507),#2493);
#2509=PROPERTY_DEFINITION('cadpy metadata','cadpy:sourcePath',#5);
#2510=PROPERTY_DEFINITION_REPRESENTATION(#2509,#2508);
#2511=DESCRIPTIVE_REPRESENTATION_ITEM('cadpy:sourceHash','87f6b37a5b2138d14dbfe395b5435aa52eff15c2d4358513d25782020d89fe36');
#2512=REPRESENTATION('cadpy:sourceHash',(#2511),#2493);
#2513=PROPERTY_DEFINITION('cadpy metadata','cadpy:sourceHash',#5);
#2514=PROPERTY_DEFINITION_REPRESENTATION(#2513,#2512);
ENDSEC;
END-ISO-10303-21;
