ISO-10303-21;
HEADER;
FILE_DESCRIPTION(('Open CASCADE Model'),'2;1');
FILE_NAME('davies_1105_reference_knob','2026-06-17T20:50:33',('Author'),
  ('Open CASCADE'),'Open CASCADE STEP processor 7.8','cadpy','Unknown');
FILE_SCHEMA(('AUTOMOTIVE_DESIGN { 1 0 10303 214 1 1 1 1 }'));
ENDSEC;
DATA;
#1 = APPLICATION_PROTOCOL_DEFINITION('international standard',
  'automotive_design',2000,#2);
#2 = APPLICATION_CONTEXT(
  'core data for automotive mechanical design processes');
#3 = SHAPE_DEFINITION_REPRESENTATION(#4,#10);
#4 = PRODUCT_DEFINITION_SHAPE('','',#5);
#5 = PRODUCT_DEFINITION('design','',#6,#9);
#6 = PRODUCT_DEFINITION_FORMATION('','',#7);
#7 = PRODUCT('davies_1105_reference_knob','davies_1105_reference_knob',
  '',(#8));
#8 = PRODUCT_CONTEXT('',#2,'mechanical');
#9 = PRODUCT_DEFINITION_CONTEXT('part definition',#2,'design');
#10 = ADVANCED_BREP_SHAPE_REPRESENTATION('',(#11,#15),#5850);
#11 = AXIS2_PLACEMENT_3D('',#12,#13,#14);
#12 = CARTESIAN_POINT('',(0.,0.,0.));
#13 = DIRECTION('',(0.,0.,1.));
#14 = DIRECTION('',(1.,0.,-0.));
#15 = MANIFOLD_SOLID_BREP('',#16);
#16 = CLOSED_SHELL('',(#17,#105,#501,#536,#3683,#4435,#4989,#5164,#5213,
    #5262,#5289,#5338,#5387,#5414,#5418,#5473,#5601,#5653,#5746,#5773,
    #5780,#5787,#5791,#5816,#5843));
#17 = ADVANCED_FACE('',(#18),#31,.T.);
#18 = FACE_BOUND('',#19,.T.);
#19 = EDGE_LOOP('',(#20,#54,#77,#104));
#20 = ORIENTED_EDGE('',*,*,#21,.F.);
#21 = EDGE_CURVE('',#22,#22,#24,.T.);
#22 = VERTEX_POINT('',#23);
#23 = CARTESIAN_POINT('',(12.7,-3.110602869834E-15,1.468));
#24 = SURFACE_CURVE('',#25,(#30,#42),.PCURVE_S1.);
#25 = CIRCLE('',#26,12.7);
#26 = AXIS2_PLACEMENT_3D('',#27,#28,#29);
#27 = CARTESIAN_POINT('',(0.,0.,1.468));
#28 = DIRECTION('',(0.,0.,1.));
#29 = DIRECTION('',(1.,0.,0.));
#30 = PCURVE('',#31,#36);
#31 = CYLINDRICAL_SURFACE('',#32,12.7);
#32 = AXIS2_PLACEMENT_3D('',#33,#34,#35);
#33 = CARTESIAN_POINT('',(0.,0.,0.));
#34 = DIRECTION('',(0.,0.,1.));
#35 = DIRECTION('',(1.,0.,0.));
#36 = DEFINITIONAL_REPRESENTATION('',(#37),#41);
#37 = LINE('',#38,#39);
#38 = CARTESIAN_POINT('',(0.,1.468));
#39 = VECTOR('',#40,1.);
#40 = DIRECTION('',(1.,0.));
#41 = ( GEOMETRIC_REPRESENTATION_CONTEXT(2) 
PARAMETRIC_REPRESENTATION_CONTEXT() REPRESENTATION_CONTEXT('2D SPACE',''
  ) );
#42 = PCURVE('',#43,#48);
#43 = PLANE('',#44);
#44 = AXIS2_PLACEMENT_3D('',#45,#46,#47);
#45 = CARTESIAN_POINT('',(0.,0.,1.468));
#46 = DIRECTION('',(0.,0.,1.));
#47 = DIRECTION('',(1.,0.,0.));
#48 = DEFINITIONAL_REPRESENTATION('',(#49),#53);
#49 = CIRCLE('',#50,12.7);
#50 = AXIS2_PLACEMENT_2D('',#51,#52);
#51 = CARTESIAN_POINT('',(0.,0.));
#52 = DIRECTION('',(1.,0.));
#53 = ( GEOMETRIC_REPRESENTATION_CONTEXT(2) 
PARAMETRIC_REPRESENTATION_CONTEXT() REPRESENTATION_CONTEXT('2D SPACE',''
  ) );
#54 = ORIENTED_EDGE('',*,*,#55,.F.);
#55 = EDGE_CURVE('',#56,#22,#58,.T.);
#56 = VERTEX_POINT('',#57);
#57 = CARTESIAN_POINT('',(12.7,-3.110602869834E-15,0.));
#58 = SEAM_CURVE('',#59,(#63,#70),.PCURVE_S1.);
#59 = LINE('',#60,#61);
#60 = CARTESIAN_POINT('',(12.7,-3.110602869834E-15,0.));
#61 = VECTOR('',#62,1.);
#62 = DIRECTION('',(0.,0.,1.));
#63 = PCURVE('',#31,#64);
#64 = DEFINITIONAL_REPRESENTATION('',(#65),#69);
#65 = LINE('',#66,#67);
#66 = CARTESIAN_POINT('',(6.28318530718,-0.));
#67 = VECTOR('',#68,1.);
#68 = DIRECTION('',(0.,1.));
#69 = ( GEOMETRIC_REPRESENTATION_CONTEXT(2) 
PARAMETRIC_REPRESENTATION_CONTEXT() REPRESENTATION_CONTEXT('2D SPACE',''
  ) );
#70 = PCURVE('',#31,#71);
#71 = DEFINITIONAL_REPRESENTATION('',(#72),#76);
#72 = LINE('',#73,#74);
#73 = CARTESIAN_POINT('',(0.,-0.));
#74 = VECTOR('',#75,1.);
#75 = DIRECTION('',(0.,1.));
#76 = ( GEOMETRIC_REPRESENTATION_CONTEXT(2) 
PARAMETRIC_REPRESENTATION_CONTEXT() REPRESENTATION_CONTEXT('2D SPACE',''
  ) );
#77 = ORIENTED_EDGE('',*,*,#78,.T.);
#78 = EDGE_CURVE('',#56,#56,#79,.T.);
#79 = SURFACE_CURVE('',#80,(#85,#92),.PCURVE_S1.);
#80 = CIRCLE('',#81,12.7);
#81 = AXIS2_PLACEMENT_3D('',#82,#83,#84);
#82 = CARTESIAN_POINT('',(0.,0.,0.));
#83 = DIRECTION('',(0.,0.,1.));
#84 = DIRECTION('',(1.,0.,0.));
#85 = PCURVE('',#31,#86);
#86 = DEFINITIONAL_REPRESENTATION('',(#87),#91);
#87 = LINE('',#88,#89);
#88 = CARTESIAN_POINT('',(0.,0.));
#89 = VECTOR('',#90,1.);
#90 = DIRECTION('',(1.,0.));
#91 = ( GEOMETRIC_REPRESENTATION_CONTEXT(2) 
PARAMETRIC_REPRESENTATION_CONTEXT() REPRESENTATION_CONTEXT('2D SPACE',''
  ) );
#92 = PCURVE('',#93,#98);
#93 = PLANE('',#94);
#94 = AXIS2_PLACEMENT_3D('',#95,#96,#97);
#95 = CARTESIAN_POINT('',(0.,0.,0.));
#96 = DIRECTION('',(0.,0.,1.));
#97 = DIRECTION('',(1.,0.,0.));
#98 = DEFINITIONAL_REPRESENTATION('',(#99),#103);
#99 = CIRCLE('',#100,12.7);
#100 = AXIS2_PLACEMENT_2D('',#101,#102);
#101 = CARTESIAN_POINT('',(0.,0.));
#102 = DIRECTION('',(1.,0.));
#103 = ( GEOMETRIC_REPRESENTATION_CONTEXT(2) 
PARAMETRIC_REPRESENTATION_CONTEXT() REPRESENTATION_CONTEXT('2D SPACE',''
  ) );
#104 = ORIENTED_EDGE('',*,*,#55,.T.);
#105 = ADVANCED_FACE('',(#106,#109),#43,.T.);
#106 = FACE_BOUND('',#107,.T.);
#107 = EDGE_LOOP('',(#108));
#108 = ORIENTED_EDGE('',*,*,#21,.T.);
#109 = FACE_BOUND('',#110,.T.);
#110 = EDGE_LOOP('',(#111));
#111 = ORIENTED_EDGE('',*,*,#112,.F.);
#112 = EDGE_CURVE('',#113,#113,#115,.T.);
#113 = VERTEX_POINT('',#114);
#114 = CARTESIAN_POINT('',(7.973717696016,2.136551217321,1.468));
#115 = SURFACE_CURVE('',#116,(#240,#367),.PCURVE_S1.);
#116 = B_SPLINE_CURVE_WITH_KNOTS('',3,(#117,#118,#119,#120,#121,#122,
    #123,#124,#125,#126,#127,#128,#129,#130,#131,#132,#133,#134,#135,
    #136,#137,#138,#139,#140,#141,#142,#143,#144,#145,#146,#147,#148,
    #149,#150,#151,#152,#153,#154,#155,#156,#157,#158,#159,#160,#161,
    #162,#163,#164,#165,#166,#167,#168,#169,#170,#171,#172,#173,#174,
    #175,#176,#177,#178,#179,#180,#181,#182,#183,#184,#185,#186,#187,
    #188,#189,#190,#191,#192,#193,#194,#195,#196,#197,#198,#199,#200,
    #201,#202,#203,#204,#205,#206,#207,#208,#209,#210,#211,#212,#213,
    #214,#215,#216,#217,#218,#219,#220,#221,#222,#223,#224,#225,#226,
    #227,#228,#229,#230,#231,#232,#233,#234,#235,#236,#237,#238,#239),
  .UNSPECIFIED.,.T.,.F.,(1,1,2,1,1,1,1,1,1,1,1,1,1,1,1,1,1,1,1,1,1,1,1,1
    ,1,1,1,1,1,1,1,1,1,1,1,1,1,1,1,1,1,1,1,1,1,1,1,1,1,1,1,1,1,1,1,1,1,1
    ,1,1,1,1,1,1,1,1,1,1,1,1,1,1,1,1,1,1,1,1,1,1,1,1,1,1,1,1,1,1,1,1,1,1
    ,1,1,1,1,1,1,1,1,1,1,1,1,1,1,1,1,1,1,1,1,1,1,1,1,1,1,1,1,1,1,2,1,1),
  (-1.16432462301,-0.510130782989,0.,0.510130782989,1.16432462301,
    1.848781297055,2.467824201201,3.002039326834,3.536254452467,
    4.155297356613,4.839754030658,5.493947870678,6.004078653667,
    6.514209436657,7.168403276677,7.852859950722,8.471902854868,
    9.006117980501,9.540333106134,10.15937601028,10.843832684325,
    11.498026524346,12.008157307335,12.518288090324,13.172481930345,
    13.856938604389,14.475981508536,15.010196634169,15.544411759801,
    16.163454663948,16.847911337992,17.502105178013,18.012235961002,
    18.522366743991,19.176560584012,19.861017258057,20.480060162203,
    21.014275287836,21.548490413469,22.167533317615,22.85198999166,
    23.50618383168,24.01631461467,24.526445397659,25.180639237679,
    25.865095911724,26.48413881587,27.018353941503,27.552569067136,
    28.171611971282,28.856068645327,29.510262485348,30.020393268337,
    30.530524051326,31.184717891347,31.869174565392,32.488217469538,
    33.022432595171,33.556647720804,34.17569062495,34.860147298995,
    35.514341139015,36.024471922004,36.534602704994,37.188796545014,
    37.873253219059,38.492296123205,39.026511248838,39.560726374471,
    40.179769278617,40.864225952662,41.518419792683,42.028550575672,
    42.538681358661,43.192875198682,43.877331872727,44.496374776873,
    45.030589902506,45.564805028138,46.183847932285,46.86830460633,
    47.52249844635,48.032629229339,48.542760012329,49.196953852349,
    49.881410526394,50.50045343054,51.034668556173,51.568883681806,
    52.187926585952,52.872383259997,53.526577100017,54.036707883007,
    54.546838665996,55.201032506016,55.885489180061,56.504532084207,
    57.03874720984,57.572962335473,58.192005239619,58.876461913664,
    59.530655753685,60.040786536674,60.550917319663,61.205111159684,
    61.889567833729,62.508610737875,63.042825863508,63.577040989141,
    64.196083893287,64.880540567332,65.534734407352,66.044865190341,
    66.554995973331,67.209189813351,67.893646487396,68.512689391542,
    69.046904517175,69.581119642808,70.200162546954,70.884619220999,
    71.53881306102,72.048943844009,72.559074626998,73.213268467019),
  .UNSPECIFIED.);
#117 = CARTESIAN_POINT('',(7.958177118053,1.961961022278,1.468));
#118 = CARTESIAN_POINT('',(7.989258273979,2.311141412365,1.468));
#119 = CARTESIAN_POINT('',(8.094196683208,2.683592641263,1.468));
#120 = CARTESIAN_POINT('',(8.401283862122,3.223323628016,1.468));
#121 = CARTESIAN_POINT('',(8.661283697977,3.822078944756,1.468));
#122 = CARTESIAN_POINT('',(8.797540503873,4.428353593995,1.468));
#123 = CARTESIAN_POINT('',(8.67258405017,5.007132720777,1.468));
#124 = CARTESIAN_POINT('',(8.233376620048,5.404390611386,1.468));
#125 = CARTESIAN_POINT('',(7.642962131433,5.591440598908,1.468));
#126 = CARTESIAN_POINT('',(6.98268875041,5.657568097001,1.468));
#127 = CARTESIAN_POINT('',(6.401433589343,5.688827760946,1.468));
#128 = CARTESIAN_POINT('',(5.746050126755,5.746050035024,1.468));
#129 = CARTESIAN_POINT('',(5.688828050103,6.401434297235,1.468));
#130 = CARTESIAN_POINT('',(5.657566352809,6.98268505474,1.468));
#131 = CARTESIAN_POINT('',(5.591447178308,7.642975961786,1.468));
#132 = CARTESIAN_POINT('',(5.404369940032,8.233333189905,1.468));
#133 = CARTESIAN_POINT('',(5.00719839066,8.672722016524,1.468));
#134 = CARTESIAN_POINT('',(4.428090730434,8.796988253373,1.468));
#135 = CARTESIAN_POINT('',(3.823287753825,8.663823286434,1.468));
#136 = CARTESIAN_POINT('',(3.218399469324,8.39093869124,1.468));
#137 = CARTESIAN_POINT('',(2.699390691586,8.127386825984,1.468));
#138 = CARTESIAN_POINT('',(2.103200253737,7.849250205437,1.468));
#139 = CARTESIAN_POINT('',(1.725952499339,8.388218803479,1.468));
#140 = CARTESIAN_POINT('',(1.408253645663,8.875965802867,1.468));
#141 = CARTESIAN_POINT('',(1.02084732241,9.414734936887,1.468));
#142 = CARTESIAN_POINT('',(0.563655063919,9.832460669358,1.468));
#143 = CARTESIAN_POINT('',(3.28837047667E-16,10.014396781835,1.468));
#144 = CARTESIAN_POINT('',(-0.563655063919,9.832460669358,1.468));
#145 = CARTESIAN_POINT('',(-1.02084732241,9.414734936887,1.468));
#146 = CARTESIAN_POINT('',(-1.408253645663,8.875965802867,1.468));
#147 = CARTESIAN_POINT('',(-1.725952499339,8.388218803479,1.468));
#148 = CARTESIAN_POINT('',(-2.103200253737,7.849250205437,1.468));
#149 = CARTESIAN_POINT('',(-2.699390691587,8.127386825985,1.468));
#150 = CARTESIAN_POINT('',(-3.218399469317,8.390938691236,1.468));
#151 = CARTESIAN_POINT('',(-3.823287753851,8.663823286446,1.468));
#152 = CARTESIAN_POINT('',(-4.428090730354,8.796988253335,1.468));
#153 = CARTESIAN_POINT('',(-5.007198390917,8.672722016646,1.468));
#154 = CARTESIAN_POINT('',(-5.404369939004,8.233333189416,1.468));
#155 = CARTESIAN_POINT('',(-5.591447183036,7.642975964036,1.468));
#156 = CARTESIAN_POINT('',(-5.65756633355,6.982685045573,1.468));
#157 = CARTESIAN_POINT('',(-5.688828111892,6.401434326646,1.468));
#158 = CARTESIAN_POINT('',(-5.7460499517,5.7460499517,1.468));
#159 = CARTESIAN_POINT('',(-6.401434326646,5.688828111892,1.468));
#160 = CARTESIAN_POINT('',(-6.982685045573,5.65756633355,1.468));
#161 = CARTESIAN_POINT('',(-7.642975964036,5.591447183036,1.468));
#162 = CARTESIAN_POINT('',(-8.233333189416,5.404369939004,1.468));
#163 = CARTESIAN_POINT('',(-8.672722016646,5.007198390917,1.468));
#164 = CARTESIAN_POINT('',(-8.796988253335,4.428090730354,1.468));
#165 = CARTESIAN_POINT('',(-8.663823286446,3.823287753851,1.468));
#166 = CARTESIAN_POINT('',(-8.390938691236,3.218399469317,1.468));
#167 = CARTESIAN_POINT('',(-8.127386825985,2.699390691587,1.468));
#168 = CARTESIAN_POINT('',(-7.849250205437,2.103200253737,1.468));
#169 = CARTESIAN_POINT('',(-8.388218803479,1.725952499339,1.468));
#170 = CARTESIAN_POINT('',(-8.875965802867,1.408253645663,1.468));
#171 = CARTESIAN_POINT('',(-9.414734936887,1.02084732241,1.468));
#172 = CARTESIAN_POINT('',(-9.832460669358,0.563655063919,1.468));
#173 = CARTESIAN_POINT('',(-10.01439678183,2.776887166064E-16,1.468));
#174 = CARTESIAN_POINT('',(-9.832460669358,-0.563655063919,1.468));
#175 = CARTESIAN_POINT('',(-9.414734936887,-1.02084732241,1.468));
#176 = CARTESIAN_POINT('',(-8.875965802867,-1.408253645663,1.468));
#177 = CARTESIAN_POINT('',(-8.388218803479,-1.725952499339,1.468));
#178 = CARTESIAN_POINT('',(-7.849250205437,-2.103200253737,1.468));
#179 = CARTESIAN_POINT('',(-8.127386825985,-2.699390691587,1.468));
#180 = CARTESIAN_POINT('',(-8.390938691236,-3.218399469317,1.468));
#181 = CARTESIAN_POINT('',(-8.663823286446,-3.823287753851,1.468));
#182 = CARTESIAN_POINT('',(-8.796988253335,-4.428090730354,1.468));
#183 = CARTESIAN_POINT('',(-8.672722016646,-5.007198390917,1.468));
#184 = CARTESIAN_POINT('',(-8.233333189416,-5.404369939004,1.468));
#185 = CARTESIAN_POINT('',(-7.642975964036,-5.591447183036,1.468));
#186 = CARTESIAN_POINT('',(-6.982685045573,-5.65756633355,1.468));
#187 = CARTESIAN_POINT('',(-6.401434326646,-5.688828111892,1.468));
#188 = CARTESIAN_POINT('',(-5.7460499517,-5.7460499517,1.468));
#189 = CARTESIAN_POINT('',(-5.688828111892,-6.401434326646,1.468));
#190 = CARTESIAN_POINT('',(-5.65756633355,-6.982685045573,1.468));
#191 = CARTESIAN_POINT('',(-5.591447183036,-7.642975964036,1.468));
#192 = CARTESIAN_POINT('',(-5.404369939004,-8.233333189416,1.468));
#193 = CARTESIAN_POINT('',(-5.007198390917,-8.672722016646,1.468));
#194 = CARTESIAN_POINT('',(-4.428090730354,-8.796988253335,1.468));
#195 = CARTESIAN_POINT('',(-3.823287753851,-8.663823286446,1.468));
#196 = CARTESIAN_POINT('',(-3.218399469317,-8.390938691236,1.468));
#197 = CARTESIAN_POINT('',(-2.699390691587,-8.127386825985,1.468));
#198 = CARTESIAN_POINT('',(-2.103200253737,-7.849250205437,1.468));
#199 = CARTESIAN_POINT('',(-1.725952499339,-8.388218803479,1.468));
#200 = CARTESIAN_POINT('',(-1.408253645663,-8.875965802867,1.468));
#201 = CARTESIAN_POINT('',(-1.02084732241,-9.414734936887,1.468));
#202 = CARTESIAN_POINT('',(-0.563655063919,-9.832460669358,1.468));
#203 = CARTESIAN_POINT('',(-3.393178179239E-15,-10.01439678183,1.468));
#204 = CARTESIAN_POINT('',(0.563655063919,-9.832460669358,1.468));
#205 = CARTESIAN_POINT('',(1.02084732241,-9.414734936887,1.468));
#206 = CARTESIAN_POINT('',(1.408253645663,-8.875965802867,1.468));
#207 = CARTESIAN_POINT('',(1.725952499339,-8.388218803479,1.468));
#208 = CARTESIAN_POINT('',(2.103200253737,-7.849250205437,1.468));
#209 = CARTESIAN_POINT('',(2.699390691587,-8.127386825985,1.468));
#210 = CARTESIAN_POINT('',(3.218399469317,-8.390938691236,1.468));
#211 = CARTESIAN_POINT('',(3.823287753851,-8.663823286446,1.468));
#212 = CARTESIAN_POINT('',(4.428090730354,-8.796988253335,1.468));
#213 = CARTESIAN_POINT('',(5.007198390917,-8.672722016646,1.468));
#214 = CARTESIAN_POINT('',(5.404369939004,-8.233333189416,1.468));
#215 = CARTESIAN_POINT('',(5.591447183036,-7.642975964036,1.468));
#216 = CARTESIAN_POINT('',(5.65756633355,-6.982685045573,1.468));
#217 = CARTESIAN_POINT('',(5.688828111892,-6.401434326646,1.468));
#218 = CARTESIAN_POINT('',(5.7460499517,-5.7460499517,1.468));
#219 = CARTESIAN_POINT('',(6.401434326647,-5.688828111892,1.468));
#220 = CARTESIAN_POINT('',(6.982685045566,-5.657566333553,1.468));
#221 = CARTESIAN_POINT('',(7.642975964062,-5.591447183024,1.468));
#222 = CARTESIAN_POINT('',(8.233333189335,-5.404369939043,1.468));
#223 = CARTESIAN_POINT('',(8.672722016903,-5.007198390795,1.468));
#224 = CARTESIAN_POINT('',(8.796988252306,-4.428090730843,1.468));
#225 = CARTESIAN_POINT('',(8.663823291174,-3.8232877516,1.468));
#226 = CARTESIAN_POINT('',(8.390938671977,-3.218399478484,1.468));
#227 = CARTESIAN_POINT('',(8.127386887774,-2.699390662176,1.468));
#228 = CARTESIAN_POINT('',(7.849250030382,-2.10320033706,1.468));
#229 = CARTESIAN_POINT('',(8.388219540782,-1.725952148393,1.468));
#230 = CARTESIAN_POINT('',(8.87596209803,-1.408255409114,1.468));
#231 = CARTESIAN_POINT('',(9.41474876949,-1.020840738282,1.468));
#232 = CARTESIAN_POINT('',(9.832417238726,-0.563675736301,1.468));
#233 = CARTESIAN_POINT('',(10.01453474831,6.567013997322E-05,1.468));
#234 = CARTESIAN_POINT('',(9.83190841882,0.563392200277,1.468));
#235 = CARTESIAN_POINT('',(9.417274525356,1.022056131505,1.468));
#236 = CARTESIAN_POINT('',(8.865620631981,1.403329486965,1.468));
#237 = CARTESIAN_POINT('',(8.421408946256,1.741750549663,1.468));
#238 = CARTESIAN_POINT('',(7.958177118053,1.961961022278,1.468));
#239 = CARTESIAN_POINT('',(7.989258273979,2.311141412365,1.468));
#240 = PCURVE('',#43,#241);
#241 = DEFINITIONAL_REPRESENTATION('',(#242),#366);
#242 = B_SPLINE_CURVE_WITH_KNOTS('',3,(#243,#244,#245,#246,#247,#248,
    #249,#250,#251,#252,#253,#254,#255,#256,#257,#258,#259,#260,#261,
    #262,#263,#264,#265,#266,#267,#268,#269,#270,#271,#272,#273,#274,
    #275,#276,#277,#278,#279,#280,#281,#282,#283,#284,#285,#286,#287,
    #288,#289,#290,#291,#292,#293,#294,#295,#296,#297,#298,#299,#300,
    #301,#302,#303,#304,#305,#306,#307,#308,#309,#310,#311,#312,#313,
    #314,#315,#316,#317,#318,#319,#320,#321,#322,#323,#324,#325,#326,
    #327,#328,#329,#330,#331,#332,#333,#334,#335,#336,#337,#338,#339,
    #340,#341,#342,#343,#344,#345,#346,#347,#348,#349,#350,#351,#352,
    #353,#354,#355,#356,#357,#358,#359,#360,#361,#362,#363,#364,#365),
  .UNSPECIFIED.,.F.,.F.,(1,1,2,1,1,1,1,1,1,1,1,1,1,1,1,1,1,1,1,1,1,1,1,1
    ,1,1,1,1,1,1,1,1,1,1,1,1,1,1,1,1,1,1,1,1,1,1,1,1,1,1,1,1,1,1,1,1,1,1
    ,1,1,1,1,1,1,1,1,1,1,1,1,1,1,1,1,1,1,1,1,1,1,1,1,1,1,1,1,1,1,1,1,1,1
    ,1,1,1,1,1,1,1,1,1,1,1,1,1,1,1,1,1,1,1,1,1,1,1,1,1,1,1,1,1,1,2,1,1),
  (-1.16432462301,-0.510130782989,0.,0.510130782989,1.16432462301,
    1.848781297055,2.467824201201,3.002039326834,3.536254452467,
    4.155297356613,4.839754030658,5.493947870678,6.004078653667,
    6.514209436657,7.168403276677,7.852859950722,8.471902854868,
    9.006117980501,9.540333106134,10.15937601028,10.843832684325,
    11.498026524346,12.008157307335,12.518288090324,13.172481930345,
    13.856938604389,14.475981508536,15.010196634169,15.544411759801,
    16.163454663948,16.847911337992,17.502105178013,18.012235961002,
    18.522366743991,19.176560584012,19.861017258057,20.480060162203,
    21.014275287836,21.548490413469,22.167533317615,22.85198999166,
    23.50618383168,24.01631461467,24.526445397659,25.180639237679,
    25.865095911724,26.48413881587,27.018353941503,27.552569067136,
    28.171611971282,28.856068645327,29.510262485348,30.020393268337,
    30.530524051326,31.184717891347,31.869174565392,32.488217469538,
    33.022432595171,33.556647720804,34.17569062495,34.860147298995,
    35.514341139015,36.024471922004,36.534602704994,37.188796545014,
    37.873253219059,38.492296123205,39.026511248838,39.560726374471,
    40.179769278617,40.864225952662,41.518419792683,42.028550575672,
    42.538681358661,43.192875198682,43.877331872727,44.496374776873,
    45.030589902506,45.564805028138,46.183847932285,46.86830460633,
    47.52249844635,48.032629229339,48.542760012329,49.196953852349,
    49.881410526394,50.50045343054,51.034668556173,51.568883681806,
    52.187926585952,52.872383259997,53.526577100017,54.036707883007,
    54.546838665996,55.201032506016,55.885489180061,56.504532084207,
    57.03874720984,57.572962335473,58.192005239619,58.876461913664,
    59.530655753685,60.040786536674,60.550917319663,61.205111159684,
    61.889567833729,62.508610737875,63.042825863508,63.577040989141,
    64.196083893287,64.880540567332,65.534734407352,66.044865190341,
    66.554995973331,67.209189813351,67.893646487396,68.512689391542,
    69.046904517175,69.581119642808,70.200162546954,70.884619220999,
    71.53881306102,72.048943844009,72.559074626998,73.213268467019),
  .UNSPECIFIED.);
#243 = CARTESIAN_POINT('',(7.958177118053,1.961961022278));
#244 = CARTESIAN_POINT('',(7.989258273979,2.311141412365));
#245 = CARTESIAN_POINT('',(8.094196683208,2.683592641263));
#246 = CARTESIAN_POINT('',(8.401283862122,3.223323628016));
#247 = CARTESIAN_POINT('',(8.661283697977,3.822078944756));
#248 = CARTESIAN_POINT('',(8.797540503873,4.428353593995));
#249 = CARTESIAN_POINT('',(8.67258405017,5.007132720777));
#250 = CARTESIAN_POINT('',(8.233376620048,5.404390611386));
#251 = CARTESIAN_POINT('',(7.642962131433,5.591440598908));
#252 = CARTESIAN_POINT('',(6.98268875041,5.657568097001));
#253 = CARTESIAN_POINT('',(6.401433589343,5.688827760946));
#254 = CARTESIAN_POINT('',(5.746050126755,5.746050035024));
#255 = CARTESIAN_POINT('',(5.688828050103,6.401434297235));
#256 = CARTESIAN_POINT('',(5.657566352809,6.98268505474));
#257 = CARTESIAN_POINT('',(5.591447178308,7.642975961786));
#258 = CARTESIAN_POINT('',(5.404369940032,8.233333189905));
#259 = CARTESIAN_POINT('',(5.00719839066,8.672722016524));
#260 = CARTESIAN_POINT('',(4.428090730434,8.796988253373));
#261 = CARTESIAN_POINT('',(3.823287753825,8.663823286434));
#262 = CARTESIAN_POINT('',(3.218399469324,8.39093869124));
#263 = CARTESIAN_POINT('',(2.699390691586,8.127386825984));
#264 = CARTESIAN_POINT('',(2.103200253737,7.849250205437));
#265 = CARTESIAN_POINT('',(1.725952499339,8.388218803479));
#266 = CARTESIAN_POINT('',(1.408253645663,8.875965802867));
#267 = CARTESIAN_POINT('',(1.02084732241,9.414734936887));
#268 = CARTESIAN_POINT('',(0.563655063919,9.832460669358));
#269 = CARTESIAN_POINT('',(3.28837047667E-16,10.014396781835));
#270 = CARTESIAN_POINT('',(-0.563655063919,9.832460669358));
#271 = CARTESIAN_POINT('',(-1.02084732241,9.414734936887));
#272 = CARTESIAN_POINT('',(-1.408253645663,8.875965802867));
#273 = CARTESIAN_POINT('',(-1.725952499339,8.388218803479));
#274 = CARTESIAN_POINT('',(-2.103200253737,7.849250205437));
#275 = CARTESIAN_POINT('',(-2.699390691587,8.127386825985));
#276 = CARTESIAN_POINT('',(-3.218399469317,8.390938691236));
#277 = CARTESIAN_POINT('',(-3.823287753851,8.663823286446));
#278 = CARTESIAN_POINT('',(-4.428090730354,8.796988253335));
#279 = CARTESIAN_POINT('',(-5.007198390917,8.672722016646));
#280 = CARTESIAN_POINT('',(-5.404369939004,8.233333189416));
#281 = CARTESIAN_POINT('',(-5.591447183036,7.642975964036));
#282 = CARTESIAN_POINT('',(-5.65756633355,6.982685045573));
#283 = CARTESIAN_POINT('',(-5.688828111892,6.401434326646));
#284 = CARTESIAN_POINT('',(-5.7460499517,5.7460499517));
#285 = CARTESIAN_POINT('',(-6.401434326646,5.688828111892));
#286 = CARTESIAN_POINT('',(-6.982685045573,5.65756633355));
#287 = CARTESIAN_POINT('',(-7.642975964036,5.591447183036));
#288 = CARTESIAN_POINT('',(-8.233333189416,5.404369939004));
#289 = CARTESIAN_POINT('',(-8.672722016646,5.007198390917));
#290 = CARTESIAN_POINT('',(-8.796988253335,4.428090730354));
#291 = CARTESIAN_POINT('',(-8.663823286446,3.823287753851));
#292 = CARTESIAN_POINT('',(-8.390938691236,3.218399469317));
#293 = CARTESIAN_POINT('',(-8.127386825985,2.699390691587));
#294 = CARTESIAN_POINT('',(-7.849250205437,2.103200253737));
#295 = CARTESIAN_POINT('',(-8.388218803479,1.725952499339));
#296 = CARTESIAN_POINT('',(-8.875965802867,1.408253645663));
#297 = CARTESIAN_POINT('',(-9.414734936887,1.02084732241));
#298 = CARTESIAN_POINT('',(-9.832460669358,0.563655063919));
#299 = CARTESIAN_POINT('',(-10.01439678183,2.776887166064E-16));
#300 = CARTESIAN_POINT('',(-9.832460669358,-0.563655063919));
#301 = CARTESIAN_POINT('',(-9.414734936887,-1.02084732241));
#302 = CARTESIAN_POINT('',(-8.875965802867,-1.408253645663));
#303 = CARTESIAN_POINT('',(-8.388218803479,-1.725952499339));
#304 = CARTESIAN_POINT('',(-7.849250205437,-2.103200253737));
#305 = CARTESIAN_POINT('',(-8.127386825985,-2.699390691587));
#306 = CARTESIAN_POINT('',(-8.390938691236,-3.218399469317));
#307 = CARTESIAN_POINT('',(-8.663823286446,-3.823287753851));
#308 = CARTESIAN_POINT('',(-8.796988253335,-4.428090730354));
#309 = CARTESIAN_POINT('',(-8.672722016646,-5.007198390917));
#310 = CARTESIAN_POINT('',(-8.233333189416,-5.404369939004));
#311 = CARTESIAN_POINT('',(-7.642975964036,-5.591447183036));
#312 = CARTESIAN_POINT('',(-6.982685045573,-5.65756633355));
#313 = CARTESIAN_POINT('',(-6.401434326646,-5.688828111892));
#314 = CARTESIAN_POINT('',(-5.7460499517,-5.7460499517));
#315 = CARTESIAN_POINT('',(-5.688828111892,-6.401434326646));
#316 = CARTESIAN_POINT('',(-5.65756633355,-6.982685045573));
#317 = CARTESIAN_POINT('',(-5.591447183036,-7.642975964036));
#318 = CARTESIAN_POINT('',(-5.404369939004,-8.233333189416));
#319 = CARTESIAN_POINT('',(-5.007198390917,-8.672722016646));
#320 = CARTESIAN_POINT('',(-4.428090730354,-8.796988253335));
#321 = CARTESIAN_POINT('',(-3.823287753851,-8.663823286446));
#322 = CARTESIAN_POINT('',(-3.218399469317,-8.390938691236));
#323 = CARTESIAN_POINT('',(-2.699390691587,-8.127386825985));
#324 = CARTESIAN_POINT('',(-2.103200253737,-7.849250205437));
#325 = CARTESIAN_POINT('',(-1.725952499339,-8.388218803479));
#326 = CARTESIAN_POINT('',(-1.408253645663,-8.875965802867));
#327 = CARTESIAN_POINT('',(-1.02084732241,-9.414734936887));
#328 = CARTESIAN_POINT('',(-0.563655063919,-9.832460669358));
#329 = CARTESIAN_POINT('',(-3.393178179239E-15,-10.01439678183));
#330 = CARTESIAN_POINT('',(0.563655063919,-9.832460669358));
#331 = CARTESIAN_POINT('',(1.02084732241,-9.414734936887));
#332 = CARTESIAN_POINT('',(1.408253645663,-8.875965802867));
#333 = CARTESIAN_POINT('',(1.725952499339,-8.388218803479));
#334 = CARTESIAN_POINT('',(2.103200253737,-7.849250205437));
#335 = CARTESIAN_POINT('',(2.699390691587,-8.127386825985));
#336 = CARTESIAN_POINT('',(3.218399469317,-8.390938691236));
#337 = CARTESIAN_POINT('',(3.823287753851,-8.663823286446));
#338 = CARTESIAN_POINT('',(4.428090730354,-8.796988253335));
#339 = CARTESIAN_POINT('',(5.007198390917,-8.672722016646));
#340 = CARTESIAN_POINT('',(5.404369939004,-8.233333189416));
#341 = CARTESIAN_POINT('',(5.591447183036,-7.642975964036));
#342 = CARTESIAN_POINT('',(5.65756633355,-6.982685045573));
#343 = CARTESIAN_POINT('',(5.688828111892,-6.401434326646));
#344 = CARTESIAN_POINT('',(5.7460499517,-5.7460499517));
#345 = CARTESIAN_POINT('',(6.401434326647,-5.688828111892));
#346 = CARTESIAN_POINT('',(6.982685045566,-5.657566333553));
#347 = CARTESIAN_POINT('',(7.642975964062,-5.591447183024));
#348 = CARTESIAN_POINT('',(8.233333189335,-5.404369939043));
#349 = CARTESIAN_POINT('',(8.672722016903,-5.007198390795));
#350 = CARTESIAN_POINT('',(8.796988252306,-4.428090730843));
#351 = CARTESIAN_POINT('',(8.663823291174,-3.8232877516));
#352 = CARTESIAN_POINT('',(8.390938671977,-3.218399478484));
#353 = CARTESIAN_POINT('',(8.127386887774,-2.699390662176));
#354 = CARTESIAN_POINT('',(7.849250030382,-2.10320033706));
#355 = CARTESIAN_POINT('',(8.388219540782,-1.725952148393));
#356 = CARTESIAN_POINT('',(8.87596209803,-1.408255409114));
#357 = CARTESIAN_POINT('',(9.41474876949,-1.020840738282));
#358 = CARTESIAN_POINT('',(9.832417238726,-0.563675736301));
#359 = CARTESIAN_POINT('',(10.01453474831,6.567013997322E-05));
#360 = CARTESIAN_POINT('',(9.83190841882,0.563392200277));
#361 = CARTESIAN_POINT('',(9.417274525356,1.022056131505));
#362 = CARTESIAN_POINT('',(8.865620631981,1.403329486965));
#363 = CARTESIAN_POINT('',(8.421408946256,1.741750549663));
#364 = CARTESIAN_POINT('',(7.958177118053,1.961961022278));
#365 = CARTESIAN_POINT('',(7.989258273979,2.311141412365));
#366 = ( GEOMETRIC_REPRESENTATION_CONTEXT(2) 
PARAMETRIC_REPRESENTATION_CONTEXT() REPRESENTATION_CONTEXT('2D SPACE',''
  ) );
#367 = PCURVE('',#368,#495);
#368 = SURFACE_OF_LINEAR_EXTRUSION('',#369,#493);
#369 = B_SPLINE_CURVE_WITH_KNOTS('',3,(#370,#371,#372,#373,#374,#375,
    #376,#377,#378,#379,#380,#381,#382,#383,#384,#385,#386,#387,#388,
    #389,#390,#391,#392,#393,#394,#395,#396,#397,#398,#399,#400,#401,
    #402,#403,#404,#405,#406,#407,#408,#409,#410,#411,#412,#413,#414,
    #415,#416,#417,#418,#419,#420,#421,#422,#423,#424,#425,#426,#427,
    #428,#429,#430,#431,#432,#433,#434,#435,#436,#437,#438,#439,#440,
    #441,#442,#443,#444,#445,#446,#447,#448,#449,#450,#451,#452,#453,
    #454,#455,#456,#457,#458,#459,#460,#461,#462,#463,#464,#465,#466,
    #467,#468,#469,#470,#471,#472,#473,#474,#475,#476,#477,#478,#479,
    #480,#481,#482,#483,#484,#485,#486,#487,#488,#489,#490,#491,#492),
  .UNSPECIFIED.,.T.,.F.,(1,1,2,1,1,1,1,1,1,1,1,1,1,1,1,1,1,1,1,1,1,1,1,1
    ,1,1,1,1,1,1,1,1,1,1,1,1,1,1,1,1,1,1,1,1,1,1,1,1,1,1,1,1,1,1,1,1,1,1
    ,1,1,1,1,1,1,1,1,1,1,1,1,1,1,1,1,1,1,1,1,1,1,1,1,1,1,1,1,1,1,1,1,1,1
    ,1,1,1,1,1,1,1,1,1,1,1,1,1,1,1,1,1,1,1,1,1,1,1,1,1,1,1,1,1,1,2,1,1),
  (-1.16432462301,-0.510130782989,0.,0.510130782989,1.16432462301,
    1.848781297055,2.467824201201,3.002039326834,3.536254452467,
    4.155297356613,4.839754030658,5.493947870678,6.004078653667,
    6.514209436657,7.168403276677,7.852859950722,8.471902854868,
    9.006117980501,9.540333106134,10.15937601028,10.843832684325,
    11.498026524346,12.008157307335,12.518288090324,13.172481930345,
    13.856938604389,14.475981508536,15.010196634169,15.544411759801,
    16.163454663948,16.847911337992,17.502105178013,18.012235961002,
    18.522366743991,19.176560584012,19.861017258057,20.480060162203,
    21.014275287836,21.548490413469,22.167533317615,22.85198999166,
    23.50618383168,24.01631461467,24.526445397659,25.180639237679,
    25.865095911724,26.48413881587,27.018353941503,27.552569067136,
    28.171611971282,28.856068645327,29.510262485348,30.020393268337,
    30.530524051326,31.184717891347,31.869174565392,32.488217469538,
    33.022432595171,33.556647720804,34.17569062495,34.860147298995,
    35.514341139015,36.024471922004,36.534602704994,37.188796545014,
    37.873253219059,38.492296123205,39.026511248838,39.560726374471,
    40.179769278617,40.864225952662,41.518419792683,42.028550575672,
    42.538681358661,43.192875198682,43.877331872727,44.496374776873,
    45.030589902506,45.564805028138,46.183847932285,46.86830460633,
    47.52249844635,48.032629229339,48.542760012329,49.196953852349,
    49.881410526394,50.50045343054,51.034668556173,51.568883681806,
    52.187926585952,52.872383259997,53.526577100017,54.036707883007,
    54.546838665996,55.201032506016,55.885489180061,56.504532084207,
    57.03874720984,57.572962335473,58.192005239619,58.876461913664,
    59.530655753685,60.040786536674,60.550917319663,61.205111159684,
    61.889567833729,62.508610737875,63.042825863508,63.577040989141,
    64.196083893287,64.880540567332,65.534734407352,66.044865190341,
    66.554995973331,67.209189813351,67.893646487396,68.512689391542,
    69.046904517175,69.581119642808,70.200162546954,70.884619220999,
    71.53881306102,72.048943844009,72.559074626998,73.213268467019),
  .UNSPECIFIED.);
#370 = CARTESIAN_POINT('',(7.958177118053,1.961961022278,1.468));
#371 = CARTESIAN_POINT('',(7.989258273979,2.311141412365,1.468));
#372 = CARTESIAN_POINT('',(8.094196683208,2.683592641263,1.468));
#373 = CARTESIAN_POINT('',(8.401283862122,3.223323628016,1.468));
#374 = CARTESIAN_POINT('',(8.661283697977,3.822078944756,1.468));
#375 = CARTESIAN_POINT('',(8.797540503873,4.428353593995,1.468));
#376 = CARTESIAN_POINT('',(8.67258405017,5.007132720777,1.468));
#377 = CARTESIAN_POINT('',(8.233376620048,5.404390611386,1.468));
#378 = CARTESIAN_POINT('',(7.642962131433,5.591440598908,1.468));
#379 = CARTESIAN_POINT('',(6.98268875041,5.657568097001,1.468));
#380 = CARTESIAN_POINT('',(6.401433589343,5.688827760946,1.468));
#381 = CARTESIAN_POINT('',(5.746050126755,5.746050035024,1.468));
#382 = CARTESIAN_POINT('',(5.688828050103,6.401434297235,1.468));
#383 = CARTESIAN_POINT('',(5.657566352809,6.98268505474,1.468));
#384 = CARTESIAN_POINT('',(5.591447178308,7.642975961786,1.468));
#385 = CARTESIAN_POINT('',(5.404369940032,8.233333189905,1.468));
#386 = CARTESIAN_POINT('',(5.00719839066,8.672722016524,1.468));
#387 = CARTESIAN_POINT('',(4.428090730434,8.796988253373,1.468));
#388 = CARTESIAN_POINT('',(3.823287753825,8.663823286434,1.468));
#389 = CARTESIAN_POINT('',(3.218399469324,8.39093869124,1.468));
#390 = CARTESIAN_POINT('',(2.699390691586,8.127386825984,1.468));
#391 = CARTESIAN_POINT('',(2.103200253737,7.849250205437,1.468));
#392 = CARTESIAN_POINT('',(1.725952499339,8.388218803479,1.468));
#393 = CARTESIAN_POINT('',(1.408253645663,8.875965802867,1.468));
#394 = CARTESIAN_POINT('',(1.02084732241,9.414734936887,1.468));
#395 = CARTESIAN_POINT('',(0.563655063919,9.832460669358,1.468));
#396 = CARTESIAN_POINT('',(3.28837047667E-16,10.014396781835,1.468));
#397 = CARTESIAN_POINT('',(-0.563655063919,9.832460669358,1.468));
#398 = CARTESIAN_POINT('',(-1.02084732241,9.414734936887,1.468));
#399 = CARTESIAN_POINT('',(-1.408253645663,8.875965802867,1.468));
#400 = CARTESIAN_POINT('',(-1.725952499339,8.388218803479,1.468));
#401 = CARTESIAN_POINT('',(-2.103200253737,7.849250205437,1.468));
#402 = CARTESIAN_POINT('',(-2.699390691587,8.127386825985,1.468));
#403 = CARTESIAN_POINT('',(-3.218399469317,8.390938691236,1.468));
#404 = CARTESIAN_POINT('',(-3.823287753851,8.663823286446,1.468));
#405 = CARTESIAN_POINT('',(-4.428090730354,8.796988253335,1.468));
#406 = CARTESIAN_POINT('',(-5.007198390917,8.672722016646,1.468));
#407 = CARTESIAN_POINT('',(-5.404369939004,8.233333189416,1.468));
#408 = CARTESIAN_POINT('',(-5.591447183036,7.642975964036,1.468));
#409 = CARTESIAN_POINT('',(-5.65756633355,6.982685045573,1.468));
#410 = CARTESIAN_POINT('',(-5.688828111892,6.401434326646,1.468));
#411 = CARTESIAN_POINT('',(-5.7460499517,5.7460499517,1.468));
#412 = CARTESIAN_POINT('',(-6.401434326646,5.688828111892,1.468));
#413 = CARTESIAN_POINT('',(-6.982685045573,5.65756633355,1.468));
#414 = CARTESIAN_POINT('',(-7.642975964036,5.591447183036,1.468));
#415 = CARTESIAN_POINT('',(-8.233333189416,5.404369939004,1.468));
#416 = CARTESIAN_POINT('',(-8.672722016646,5.007198390917,1.468));
#417 = CARTESIAN_POINT('',(-8.796988253335,4.428090730354,1.468));
#418 = CARTESIAN_POINT('',(-8.663823286446,3.823287753851,1.468));
#419 = CARTESIAN_POINT('',(-8.390938691236,3.218399469317,1.468));
#420 = CARTESIAN_POINT('',(-8.127386825985,2.699390691587,1.468));
#421 = CARTESIAN_POINT('',(-7.849250205437,2.103200253737,1.468));
#422 = CARTESIAN_POINT('',(-8.388218803479,1.725952499339,1.468));
#423 = CARTESIAN_POINT('',(-8.875965802867,1.408253645663,1.468));
#424 = CARTESIAN_POINT('',(-9.414734936887,1.02084732241,1.468));
#425 = CARTESIAN_POINT('',(-9.832460669358,0.563655063919,1.468));
#426 = CARTESIAN_POINT('',(-10.01439678183,2.776887166064E-16,1.468));
#427 = CARTESIAN_POINT('',(-9.832460669358,-0.563655063919,1.468));
#428 = CARTESIAN_POINT('',(-9.414734936887,-1.02084732241,1.468));
#429 = CARTESIAN_POINT('',(-8.875965802867,-1.408253645663,1.468));
#430 = CARTESIAN_POINT('',(-8.388218803479,-1.725952499339,1.468));
#431 = CARTESIAN_POINT('',(-7.849250205437,-2.103200253737,1.468));
#432 = CARTESIAN_POINT('',(-8.127386825985,-2.699390691587,1.468));
#433 = CARTESIAN_POINT('',(-8.390938691236,-3.218399469317,1.468));
#434 = CARTESIAN_POINT('',(-8.663823286446,-3.823287753851,1.468));
#435 = CARTESIAN_POINT('',(-8.796988253335,-4.428090730354,1.468));
#436 = CARTESIAN_POINT('',(-8.672722016646,-5.007198390917,1.468));
#437 = CARTESIAN_POINT('',(-8.233333189416,-5.404369939004,1.468));
#438 = CARTESIAN_POINT('',(-7.642975964036,-5.591447183036,1.468));
#439 = CARTESIAN_POINT('',(-6.982685045573,-5.65756633355,1.468));
#440 = CARTESIAN_POINT('',(-6.401434326646,-5.688828111892,1.468));
#441 = CARTESIAN_POINT('',(-5.7460499517,-5.7460499517,1.468));
#442 = CARTESIAN_POINT('',(-5.688828111892,-6.401434326646,1.468));
#443 = CARTESIAN_POINT('',(-5.65756633355,-6.982685045573,1.468));
#444 = CARTESIAN_POINT('',(-5.591447183036,-7.642975964036,1.468));
#445 = CARTESIAN_POINT('',(-5.404369939004,-8.233333189416,1.468));
#446 = CARTESIAN_POINT('',(-5.007198390917,-8.672722016646,1.468));
#447 = CARTESIAN_POINT('',(-4.428090730354,-8.796988253335,1.468));
#448 = CARTESIAN_POINT('',(-3.823287753851,-8.663823286446,1.468));
#449 = CARTESIAN_POINT('',(-3.218399469317,-8.390938691236,1.468));
#450 = CARTESIAN_POINT('',(-2.699390691587,-8.127386825985,1.468));
#451 = CARTESIAN_POINT('',(-2.103200253737,-7.849250205437,1.468));
#452 = CARTESIAN_POINT('',(-1.725952499339,-8.388218803479,1.468));
#453 = CARTESIAN_POINT('',(-1.408253645663,-8.875965802867,1.468));
#454 = CARTESIAN_POINT('',(-1.02084732241,-9.414734936887,1.468));
#455 = CARTESIAN_POINT('',(-0.563655063919,-9.832460669358,1.468));
#456 = CARTESIAN_POINT('',(-3.393178179239E-15,-10.01439678183,1.468));
#457 = CARTESIAN_POINT('',(0.563655063919,-9.832460669358,1.468));
#458 = CARTESIAN_POINT('',(1.02084732241,-9.414734936887,1.468));
#459 = CARTESIAN_POINT('',(1.408253645663,-8.875965802867,1.468));
#460 = CARTESIAN_POINT('',(1.725952499339,-8.388218803479,1.468));
#461 = CARTESIAN_POINT('',(2.103200253737,-7.849250205437,1.468));
#462 = CARTESIAN_POINT('',(2.699390691587,-8.127386825985,1.468));
#463 = CARTESIAN_POINT('',(3.218399469317,-8.390938691236,1.468));
#464 = CARTESIAN_POINT('',(3.823287753851,-8.663823286446,1.468));
#465 = CARTESIAN_POINT('',(4.428090730354,-8.796988253335,1.468));
#466 = CARTESIAN_POINT('',(5.007198390917,-8.672722016646,1.468));
#467 = CARTESIAN_POINT('',(5.404369939004,-8.233333189416,1.468));
#468 = CARTESIAN_POINT('',(5.591447183036,-7.642975964036,1.468));
#469 = CARTESIAN_POINT('',(5.65756633355,-6.982685045573,1.468));
#470 = CARTESIAN_POINT('',(5.688828111892,-6.401434326646,1.468));
#471 = CARTESIAN_POINT('',(5.7460499517,-5.7460499517,1.468));
#472 = CARTESIAN_POINT('',(6.401434326647,-5.688828111892,1.468));
#473 = CARTESIAN_POINT('',(6.982685045566,-5.657566333553,1.468));
#474 = CARTESIAN_POINT('',(7.642975964062,-5.591447183024,1.468));
#475 = CARTESIAN_POINT('',(8.233333189335,-5.404369939043,1.468));
#476 = CARTESIAN_POINT('',(8.672722016903,-5.007198390795,1.468));
#477 = CARTESIAN_POINT('',(8.796988252306,-4.428090730843,1.468));
#478 = CARTESIAN_POINT('',(8.663823291174,-3.8232877516,1.468));
#479 = CARTESIAN_POINT('',(8.390938671977,-3.218399478484,1.468));
#480 = CARTESIAN_POINT('',(8.127386887774,-2.699390662176,1.468));
#481 = CARTESIAN_POINT('',(7.849250030382,-2.10320033706,1.468));
#482 = CARTESIAN_POINT('',(8.388219540782,-1.725952148393,1.468));
#483 = CARTESIAN_POINT('',(8.87596209803,-1.408255409114,1.468));
#484 = CARTESIAN_POINT('',(9.41474876949,-1.020840738282,1.468));
#485 = CARTESIAN_POINT('',(9.832417238726,-0.563675736301,1.468));
#486 = CARTESIAN_POINT('',(10.01453474831,6.567013997322E-05,1.468));
#487 = CARTESIAN_POINT('',(9.83190841882,0.563392200277,1.468));
#488 = CARTESIAN_POINT('',(9.417274525356,1.022056131505,1.468));
#489 = CARTESIAN_POINT('',(8.865620631981,1.403329486965,1.468));
#490 = CARTESIAN_POINT('',(8.421408946256,1.741750549663,1.468));
#491 = CARTESIAN_POINT('',(7.958177118053,1.961961022278,1.468));
#492 = CARTESIAN_POINT('',(7.989258273979,2.311141412365,1.468));
#493 = VECTOR('',#494,1.);
#494 = DIRECTION('',(-0.,-0.,-1.));
#495 = DEFINITIONAL_REPRESENTATION('',(#496),#500);
#496 = LINE('',#497,#498);
#497 = CARTESIAN_POINT('',(0.,0.));
#498 = VECTOR('',#499,1.);
#499 = DIRECTION('',(1.,0.));
#500 = ( GEOMETRIC_REPRESENTATION_CONTEXT(2) 
PARAMETRIC_REPRESENTATION_CONTEXT() REPRESENTATION_CONTEXT('2D SPACE',''
  ) );
#501 = ADVANCED_FACE('',(#502,#505),#93,.F.);
#502 = FACE_BOUND('',#503,.F.);
#503 = EDGE_LOOP('',(#504));
#504 = ORIENTED_EDGE('',*,*,#78,.T.);
#505 = FACE_BOUND('',#506,.F.);
#506 = EDGE_LOOP('',(#507));
#507 = ORIENTED_EDGE('',*,*,#508,.F.);
#508 = EDGE_CURVE('',#509,#509,#511,.T.);
#509 = VERTEX_POINT('',#510);
#510 = CARTESIAN_POINT('',(3.175,-7.776507174586E-16,0.));
#511 = SURFACE_CURVE('',#512,(#517,#524),.PCURVE_S1.);
#512 = CIRCLE('',#513,3.175);
#513 = AXIS2_PLACEMENT_3D('',#514,#515,#516);
#514 = CARTESIAN_POINT('',(0.,0.,0.));
#515 = DIRECTION('',(0.,0.,1.));
#516 = DIRECTION('',(1.,0.,-0.));
#517 = PCURVE('',#93,#518);
#518 = DEFINITIONAL_REPRESENTATION('',(#519),#523);
#519 = CIRCLE('',#520,3.175);
#520 = AXIS2_PLACEMENT_2D('',#521,#522);
#521 = CARTESIAN_POINT('',(0.,0.));
#522 = DIRECTION('',(1.,0.));
#523 = ( GEOMETRIC_REPRESENTATION_CONTEXT(2) 
PARAMETRIC_REPRESENTATION_CONTEXT() REPRESENTATION_CONTEXT('2D SPACE',''
  ) );
#524 = PCURVE('',#525,#530);
#525 = CYLINDRICAL_SURFACE('',#526,3.175);
#526 = AXIS2_PLACEMENT_3D('',#527,#528,#529);
#527 = CARTESIAN_POINT('',(0.,0.,-0.8));
#528 = DIRECTION('',(0.,0.,1.));
#529 = DIRECTION('',(1.,0.,0.));
#530 = DEFINITIONAL_REPRESENTATION('',(#531),#535);
#531 = LINE('',#532,#533);
#532 = CARTESIAN_POINT('',(0.,0.8));
#533 = VECTOR('',#534,1.);
#534 = DIRECTION('',(1.,0.));
#535 = ( GEOMETRIC_REPRESENTATION_CONTEXT(2) 
PARAMETRIC_REPRESENTATION_CONTEXT() REPRESENTATION_CONTEXT('2D SPACE',''
  ) );
#536 = ADVANCED_FACE('',(#537,#1588),#368,.F.);
#537 = FACE_BOUND('',#538,.F.);
#538 = EDGE_LOOP('',(#539,#562,#563,#564));
#539 = ORIENTED_EDGE('',*,*,#540,.F.);
#540 = EDGE_CURVE('',#113,#541,#543,.T.);
#541 = VERTEX_POINT('',#542);
#542 = CARTESIAN_POINT('',(7.973717696016,2.136551217321,14.68));
#543 = SEAM_CURVE('',#544,(#548,#555),.PCURVE_S1.);
#544 = LINE('',#545,#546);
#545 = CARTESIAN_POINT('',(7.973717696016,2.136551217321,1.468));
#546 = VECTOR('',#547,1.);
#547 = DIRECTION('',(0.,0.,1.));
#548 = PCURVE('',#368,#549);
#549 = DEFINITIONAL_REPRESENTATION('',(#550),#554);
#550 = LINE('',#551,#552);
#551 = CARTESIAN_POINT('',(72.048943844009,0.));
#552 = VECTOR('',#553,1.);
#553 = DIRECTION('',(0.,-1.));
#554 = ( GEOMETRIC_REPRESENTATION_CONTEXT(2) 
PARAMETRIC_REPRESENTATION_CONTEXT() REPRESENTATION_CONTEXT('2D SPACE',''
  ) );
#555 = PCURVE('',#368,#556);
#556 = DEFINITIONAL_REPRESENTATION('',(#557),#561);
#557 = LINE('',#558,#559);
#558 = CARTESIAN_POINT('',(0.,0.));
#559 = VECTOR('',#560,1.);
#560 = DIRECTION('',(0.,-1.));
#561 = ( GEOMETRIC_REPRESENTATION_CONTEXT(2) 
PARAMETRIC_REPRESENTATION_CONTEXT() REPRESENTATION_CONTEXT('2D SPACE',''
  ) );
#562 = ORIENTED_EDGE('',*,*,#112,.F.);
#563 = ORIENTED_EDGE('',*,*,#540,.T.);
#564 = ORIENTED_EDGE('',*,*,#565,.T.);
#565 = EDGE_CURVE('',#541,#541,#566,.T.);
#566 = SURFACE_CURVE('',#567,(#691,#698),.PCURVE_S1.);
#567 = B_SPLINE_CURVE_WITH_KNOTS('',3,(#568,#569,#570,#571,#572,#573,
    #574,#575,#576,#577,#578,#579,#580,#581,#582,#583,#584,#585,#586,
    #587,#588,#589,#590,#591,#592,#593,#594,#595,#596,#597,#598,#599,
    #600,#601,#602,#603,#604,#605,#606,#607,#608,#609,#610,#611,#612,
    #613,#614,#615,#616,#617,#618,#619,#620,#621,#622,#623,#624,#625,
    #626,#627,#628,#629,#630,#631,#632,#633,#634,#635,#636,#637,#638,
    #639,#640,#641,#642,#643,#644,#645,#646,#647,#648,#649,#650,#651,
    #652,#653,#654,#655,#656,#657,#658,#659,#660,#661,#662,#663,#664,
    #665,#666,#667,#668,#669,#670,#671,#672,#673,#674,#675,#676,#677,
    #678,#679,#680,#681,#682,#683,#684,#685,#686,#687,#688,#689,#690),
  .UNSPECIFIED.,.T.,.F.,(1,1,2,1,1,1,1,1,1,1,1,1,1,1,1,1,1,1,1,1,1,1,1,1
    ,1,1,1,1,1,1,1,1,1,1,1,1,1,1,1,1,1,1,1,1,1,1,1,1,1,1,1,1,1,1,1,1,1,1
    ,1,1,1,1,1,1,1,1,1,1,1,1,1,1,1,1,1,1,1,1,1,1,1,1,1,1,1,1,1,1,1,1,1,1
    ,1,1,1,1,1,1,1,1,1,1,1,1,1,1,1,1,1,1,1,1,1,1,1,1,1,1,1,1,1,1,2,1,1),
  (-1.16432462301,-0.510130782989,0.,0.510130782989,1.16432462301,
    1.848781297055,2.467824201201,3.002039326834,3.536254452467,
    4.155297356613,4.839754030658,5.493947870678,6.004078653667,
    6.514209436657,7.168403276677,7.852859950722,8.471902854868,
    9.006117980501,9.540333106134,10.15937601028,10.843832684325,
    11.498026524346,12.008157307335,12.518288090324,13.172481930345,
    13.856938604389,14.475981508536,15.010196634169,15.544411759801,
    16.163454663948,16.847911337992,17.502105178013,18.012235961002,
    18.522366743991,19.176560584012,19.861017258057,20.480060162203,
    21.014275287836,21.548490413469,22.167533317615,22.85198999166,
    23.50618383168,24.01631461467,24.526445397659,25.180639237679,
    25.865095911724,26.48413881587,27.018353941503,27.552569067136,
    28.171611971282,28.856068645327,29.510262485348,30.020393268337,
    30.530524051326,31.184717891347,31.869174565392,32.488217469538,
    33.022432595171,33.556647720804,34.17569062495,34.860147298995,
    35.514341139015,36.024471922004,36.534602704994,37.188796545014,
    37.873253219059,38.492296123205,39.026511248838,39.560726374471,
    40.179769278617,40.864225952662,41.518419792683,42.028550575672,
    42.538681358661,43.192875198682,43.877331872727,44.496374776873,
    45.030589902506,45.564805028138,46.183847932285,46.86830460633,
    47.52249844635,48.032629229339,48.542760012329,49.196953852349,
    49.881410526394,50.50045343054,51.034668556173,51.568883681806,
    52.187926585952,52.872383259997,53.526577100017,54.036707883007,
    54.546838665996,55.201032506016,55.885489180061,56.504532084207,
    57.03874720984,57.572962335473,58.192005239619,58.876461913664,
    59.530655753685,60.040786536674,60.550917319663,61.205111159684,
    61.889567833729,62.508610737875,63.042825863508,63.577040989141,
    64.196083893287,64.880540567332,65.534734407352,66.044865190341,
    66.554995973331,67.209189813351,67.893646487396,68.512689391542,
    69.046904517175,69.581119642808,70.200162546954,70.884619220999,
    71.53881306102,72.048943844009,72.559074626998,73.213268467019),
  .UNSPECIFIED.);
#568 = CARTESIAN_POINT('',(7.958177118053,1.961961022278,14.68));
#569 = CARTESIAN_POINT('',(7.989258273979,2.311141412365,14.68));
#570 = CARTESIAN_POINT('',(8.094196683208,2.683592641263,14.68));
#571 = CARTESIAN_POINT('',(8.401283862122,3.223323628016,14.68));
#572 = CARTESIAN_POINT('',(8.661283697977,3.822078944756,14.68));
#573 = CARTESIAN_POINT('',(8.797540503873,4.428353593995,14.68));
#574 = CARTESIAN_POINT('',(8.67258405017,5.007132720777,14.68));
#575 = CARTESIAN_POINT('',(8.233376620048,5.404390611386,14.68));
#576 = CARTESIAN_POINT('',(7.642962131433,5.591440598908,14.68));
#577 = CARTESIAN_POINT('',(6.98268875041,5.657568097001,14.68));
#578 = CARTESIAN_POINT('',(6.401433589343,5.688827760946,14.68));
#579 = CARTESIAN_POINT('',(5.746050126755,5.746050035024,14.68));
#580 = CARTESIAN_POINT('',(5.688828050103,6.401434297235,14.68));
#581 = CARTESIAN_POINT('',(5.657566352809,6.98268505474,14.68));
#582 = CARTESIAN_POINT('',(5.591447178308,7.642975961786,14.68));
#583 = CARTESIAN_POINT('',(5.404369940032,8.233333189905,14.68));
#584 = CARTESIAN_POINT('',(5.00719839066,8.672722016524,14.68));
#585 = CARTESIAN_POINT('',(4.428090730434,8.796988253373,14.68));
#586 = CARTESIAN_POINT('',(3.823287753825,8.663823286434,14.68));
#587 = CARTESIAN_POINT('',(3.218399469324,8.39093869124,14.68));
#588 = CARTESIAN_POINT('',(2.699390691586,8.127386825984,14.68));
#589 = CARTESIAN_POINT('',(2.103200253737,7.849250205437,14.68));
#590 = CARTESIAN_POINT('',(1.725952499339,8.388218803479,14.68));
#591 = CARTESIAN_POINT('',(1.408253645663,8.875965802867,14.68));
#592 = CARTESIAN_POINT('',(1.02084732241,9.414734936887,14.68));
#593 = CARTESIAN_POINT('',(0.563655063919,9.832460669358,14.68));
#594 = CARTESIAN_POINT('',(3.28837047667E-16,10.014396781835,14.68));
#595 = CARTESIAN_POINT('',(-0.563655063919,9.832460669358,14.68));
#596 = CARTESIAN_POINT('',(-1.02084732241,9.414734936887,14.68));
#597 = CARTESIAN_POINT('',(-1.408253645663,8.875965802867,14.68));
#598 = CARTESIAN_POINT('',(-1.725952499339,8.388218803479,14.68));
#599 = CARTESIAN_POINT('',(-2.103200253737,7.849250205437,14.68));
#600 = CARTESIAN_POINT('',(-2.699390691587,8.127386825985,14.68));
#601 = CARTESIAN_POINT('',(-3.218399469317,8.390938691236,14.68));
#602 = CARTESIAN_POINT('',(-3.823287753851,8.663823286446,14.68));
#603 = CARTESIAN_POINT('',(-4.428090730354,8.796988253335,14.68));
#604 = CARTESIAN_POINT('',(-5.007198390917,8.672722016646,14.68));
#605 = CARTESIAN_POINT('',(-5.404369939004,8.233333189416,14.68));
#606 = CARTESIAN_POINT('',(-5.591447183036,7.642975964036,14.68));
#607 = CARTESIAN_POINT('',(-5.65756633355,6.982685045573,14.68));
#608 = CARTESIAN_POINT('',(-5.688828111892,6.401434326646,14.68));
#609 = CARTESIAN_POINT('',(-5.7460499517,5.7460499517,14.68));
#610 = CARTESIAN_POINT('',(-6.401434326646,5.688828111892,14.68));
#611 = CARTESIAN_POINT('',(-6.982685045573,5.65756633355,14.68));
#612 = CARTESIAN_POINT('',(-7.642975964036,5.591447183036,14.68));
#613 = CARTESIAN_POINT('',(-8.233333189416,5.404369939004,14.68));
#614 = CARTESIAN_POINT('',(-8.672722016646,5.007198390917,14.68));
#615 = CARTESIAN_POINT('',(-8.796988253335,4.428090730354,14.68));
#616 = CARTESIAN_POINT('',(-8.663823286446,3.823287753851,14.68));
#617 = CARTESIAN_POINT('',(-8.390938691236,3.218399469317,14.68));
#618 = CARTESIAN_POINT('',(-8.127386825985,2.699390691587,14.68));
#619 = CARTESIAN_POINT('',(-7.849250205437,2.103200253737,14.68));
#620 = CARTESIAN_POINT('',(-8.388218803479,1.725952499339,14.68));
#621 = CARTESIAN_POINT('',(-8.875965802867,1.408253645663,14.68));
#622 = CARTESIAN_POINT('',(-9.414734936887,1.02084732241,14.68));
#623 = CARTESIAN_POINT('',(-9.832460669358,0.563655063919,14.68));
#624 = CARTESIAN_POINT('',(-10.01439678183,2.776887166064E-16,14.68));
#625 = CARTESIAN_POINT('',(-9.832460669358,-0.563655063919,14.68));
#626 = CARTESIAN_POINT('',(-9.414734936887,-1.02084732241,14.68));
#627 = CARTESIAN_POINT('',(-8.875965802867,-1.408253645663,14.68));
#628 = CARTESIAN_POINT('',(-8.388218803479,-1.725952499339,14.68));
#629 = CARTESIAN_POINT('',(-7.849250205437,-2.103200253737,14.68));
#630 = CARTESIAN_POINT('',(-8.127386825985,-2.699390691587,14.68));
#631 = CARTESIAN_POINT('',(-8.390938691236,-3.218399469317,14.68));
#632 = CARTESIAN_POINT('',(-8.663823286446,-3.823287753851,14.68));
#633 = CARTESIAN_POINT('',(-8.796988253335,-4.428090730354,14.68));
#634 = CARTESIAN_POINT('',(-8.672722016646,-5.007198390917,14.68));
#635 = CARTESIAN_POINT('',(-8.233333189416,-5.404369939004,14.68));
#636 = CARTESIAN_POINT('',(-7.642975964036,-5.591447183036,14.68));
#637 = CARTESIAN_POINT('',(-6.982685045573,-5.65756633355,14.68));
#638 = CARTESIAN_POINT('',(-6.401434326646,-5.688828111892,14.68));
#639 = CARTESIAN_POINT('',(-5.7460499517,-5.7460499517,14.68));
#640 = CARTESIAN_POINT('',(-5.688828111892,-6.401434326646,14.68));
#641 = CARTESIAN_POINT('',(-5.65756633355,-6.982685045573,14.68));
#642 = CARTESIAN_POINT('',(-5.591447183036,-7.642975964036,14.68));
#643 = CARTESIAN_POINT('',(-5.404369939004,-8.233333189416,14.68));
#644 = CARTESIAN_POINT('',(-5.007198390917,-8.672722016646,14.68));
#645 = CARTESIAN_POINT('',(-4.428090730354,-8.796988253335,14.68));
#646 = CARTESIAN_POINT('',(-3.823287753851,-8.663823286446,14.68));
#647 = CARTESIAN_POINT('',(-3.218399469317,-8.390938691236,14.68));
#648 = CARTESIAN_POINT('',(-2.699390691587,-8.127386825985,14.68));
#649 = CARTESIAN_POINT('',(-2.103200253737,-7.849250205437,14.68));
#650 = CARTESIAN_POINT('',(-1.725952499339,-8.388218803479,14.68));
#651 = CARTESIAN_POINT('',(-1.408253645663,-8.875965802867,14.68));
#652 = CARTESIAN_POINT('',(-1.02084732241,-9.414734936887,14.68));
#653 = CARTESIAN_POINT('',(-0.563655063919,-9.832460669358,14.68));
#654 = CARTESIAN_POINT('',(-3.393178179239E-15,-10.01439678183,14.68));
#655 = CARTESIAN_POINT('',(0.563655063919,-9.832460669358,14.68));
#656 = CARTESIAN_POINT('',(1.02084732241,-9.414734936887,14.68));
#657 = CARTESIAN_POINT('',(1.408253645663,-8.875965802867,14.68));
#658 = CARTESIAN_POINT('',(1.725952499339,-8.388218803479,14.68));
#659 = CARTESIAN_POINT('',(2.103200253737,-7.849250205437,14.68));
#660 = CARTESIAN_POINT('',(2.699390691587,-8.127386825985,14.68));
#661 = CARTESIAN_POINT('',(3.218399469317,-8.390938691236,14.68));
#662 = CARTESIAN_POINT('',(3.823287753851,-8.663823286446,14.68));
#663 = CARTESIAN_POINT('',(4.428090730354,-8.796988253335,14.68));
#664 = CARTESIAN_POINT('',(5.007198390917,-8.672722016646,14.68));
#665 = CARTESIAN_POINT('',(5.404369939004,-8.233333189416,14.68));
#666 = CARTESIAN_POINT('',(5.591447183036,-7.642975964036,14.68));
#667 = CARTESIAN_POINT('',(5.65756633355,-6.982685045573,14.68));
#668 = CARTESIAN_POINT('',(5.688828111892,-6.401434326646,14.68));
#669 = CARTESIAN_POINT('',(5.7460499517,-5.7460499517,14.68));
#670 = CARTESIAN_POINT('',(6.401434326647,-5.688828111892,14.68));
#671 = CARTESIAN_POINT('',(6.982685045566,-5.657566333553,14.68));
#672 = CARTESIAN_POINT('',(7.642975964062,-5.591447183024,14.68));
#673 = CARTESIAN_POINT('',(8.233333189335,-5.404369939043,14.68));
#674 = CARTESIAN_POINT('',(8.672722016903,-5.007198390795,14.68));
#675 = CARTESIAN_POINT('',(8.796988252306,-4.428090730843,14.68));
#676 = CARTESIAN_POINT('',(8.663823291174,-3.8232877516,14.68));
#677 = CARTESIAN_POINT('',(8.390938671977,-3.218399478484,14.68));
#678 = CARTESIAN_POINT('',(8.127386887774,-2.699390662176,14.68));
#679 = CARTESIAN_POINT('',(7.849250030382,-2.10320033706,14.68));
#680 = CARTESIAN_POINT('',(8.388219540782,-1.725952148393,14.68));
#681 = CARTESIAN_POINT('',(8.87596209803,-1.408255409114,14.68));
#682 = CARTESIAN_POINT('',(9.41474876949,-1.020840738282,14.68));
#683 = CARTESIAN_POINT('',(9.832417238726,-0.563675736301,14.68));
#684 = CARTESIAN_POINT('',(10.01453474831,6.567013997322E-05,14.68));
#685 = CARTESIAN_POINT('',(9.83190841882,0.563392200277,14.68));
#686 = CARTESIAN_POINT('',(9.417274525356,1.022056131505,14.68));
#687 = CARTESIAN_POINT('',(8.865620631981,1.403329486965,14.68));
#688 = CARTESIAN_POINT('',(8.421408946256,1.741750549663,14.68));
#689 = CARTESIAN_POINT('',(7.958177118053,1.961961022278,14.68));
#690 = CARTESIAN_POINT('',(7.989258273979,2.311141412365,14.68));
#691 = PCURVE('',#368,#692);
#692 = DEFINITIONAL_REPRESENTATION('',(#693),#697);
#693 = LINE('',#694,#695);
#694 = CARTESIAN_POINT('',(0.,-13.212));
#695 = VECTOR('',#696,1.);
#696 = DIRECTION('',(1.,0.));
#697 = ( GEOMETRIC_REPRESENTATION_CONTEXT(2) 
PARAMETRIC_REPRESENTATION_CONTEXT() REPRESENTATION_CONTEXT('2D SPACE',''
  ) );
#698 = PCURVE('',#699,#764);
#699 = B_SPLINE_SURFACE_WITH_KNOTS('',7,7,(
    (#700,#701,#702,#703,#704,#705,#706,#707)
    ,(#708,#709,#710,#711,#712,#713,#714,#715)
    ,(#716,#717,#718,#719,#720,#721,#722,#723)
    ,(#724,#725,#726,#727,#728,#729,#730,#731)
    ,(#732,#733,#734,#735,#736,#737,#738,#739)
    ,(#740,#741,#742,#743,#744,#745,#746,#747)
    ,(#748,#749,#750,#751,#752,#753,#754,#755)
    ,(#756,#757,#758,#759,#760,#761,#762,#763
  )),.UNSPECIFIED.,.F.,.F.,.F.,(8,8),(8,8),(-10.60811226361,
    10.852880315268),(-10.4712869245,10.78867797252),
  .PIECEWISE_BEZIER_KNOTS.);
#700 = CARTESIAN_POINT('',(-13.95262290642,-5.244122335173,14.68));
#701 = CARTESIAN_POINT('',(-11.19503451472,-6.516767399783,14.68));
#702 = CARTESIAN_POINT('',(-8.437450806474,-7.789422153701,14.68));
#703 = CARTESIAN_POINT('',(-5.679814785373,-9.062065880223,14.68));
#704 = CARTESIAN_POINT('',(-2.922145572321,-10.33470441622,14.68));
#705 = CARTESIAN_POINT('',(-0.164486771861,-11.6073523295,14.68));
#706 = CARTESIAN_POINT('',(2.59314516137,-12.88001509623,14.68));
#707 = CARTESIAN_POINT('',(5.3508125562,-14.15267127823,14.68));
#708 = CARTESIAN_POINT('',(-12.66799680141,-2.460415971329,14.68));
#709 = CARTESIAN_POINT('',(-9.910406297392,-3.733058465687,14.68));
#710 = CARTESIAN_POINT('',(-7.152818154895,-5.005706280824,14.68));
#711 = CARTESIAN_POINT('',(-4.395185068928,-6.278349007723,14.68));
#712 = CARTESIAN_POINT('',(-1.637510647671,-7.550982106839,14.68));
#713 = CARTESIAN_POINT('',(1.120152063595,-8.823624316898,14.68));
#714 = CARTESIAN_POINT('',(3.877765774762,-10.09629433682,14.68));
#715 = CARTESIAN_POINT('',(6.635437859398,-11.36894678086,14.68));
#716 = CARTESIAN_POINT('',(-11.3833589628,0.323291588747,14.68));
#717 = CARTESIAN_POINT('',(-8.625767006462,-0.94935201854,14.68));
#718 = CARTESIAN_POINT('',(-5.868103916683,-2.221979821067,14.68));
#719 = CARTESIAN_POINT('',(-3.110707804473,-3.494649637267,14.68));
#720 = CARTESIAN_POINT('',(-0.35256987292,-4.767180955657,14.68));
#721 = CARTESIAN_POINT('',(2.404729032068,-6.039856746631,14.68));
#722 = CARTESIAN_POINT('',(5.162355832964,-7.312592917359,14.68));
#723 = CARTESIAN_POINT('',(7.92006738878,-8.585222303718,14.68));
#724 = CARTESIAN_POINT('',(-10.09870574949,3.107003478927,14.68));
#725 = CARTESIAN_POINT('',(-7.341115715469,1.834355592955,14.68));
#726 = CARTESIAN_POINT('',(-4.583740711139,0.561627923288,14.68));
#727 = CARTESIAN_POINT('',(-1.825238373813,-0.710728408783,14.68));
#728 = CARTESIAN_POINT('',(0.930999913966,-1.98366458775,14.68));
#729 = CARTESIAN_POINT('',(3.689463758869,-3.256452054116,14.68));
#730 = CARTESIAN_POINT('',(6.447179289536,-4.528760881488,14.68));
#731 = CARTESIAN_POINT('',(9.204832303821,-5.80142927772,14.68));
#732 = CARTESIAN_POINT('',(-8.814033520395,5.890722833084,14.68));
#733 = CARTESIAN_POINT('',(-6.056449415319,4.618068507461,14.68));
#734 = CARTESIAN_POINT('',(-3.298628337023,3.345474490664,14.68));
#735 = CARTESIAN_POINT('',(-0.541757122718,2.072578886243,14.68));
#736 = CARTESIAN_POINT('',(2.217374784854,0.800417926264,14.679999999999
    ));
#737 = CARTESIAN_POINT('',(4.973960296246,-0.472213637588,14.68));
#738 = CARTESIAN_POINT('',(7.731800180679,-1.745094006414,14.68));
#739 = CARTESIAN_POINT('',(10.489516099251,-3.017742478902,14.68));
#740 = CARTESIAN_POINT('',(-7.529338634401,8.67445278509,14.68));
#741 = CARTESIAN_POINT('',(-4.771763014282,7.401791350999,14.68));
#742 = CARTESIAN_POINT('',(-2.01416513397,6.129087237307,14.68));
#743 = CARTESIAN_POINT('',(0.743449043167,4.856560359258,14.68));
#744 = CARTESIAN_POINT('',(3.50073820479,3.583700174461,14.680000000001)
  );
#745 = CARTESIAN_POINT('',(6.259075434966,2.311190550564,14.68));
#746 = CARTESIAN_POINT('',(9.016454940686,1.038539557227,14.68));
#747 = CARTESIAN_POINT('',(11.774114724497,-0.234117632259,14.68));
#748 = CARTESIAN_POINT('',(-6.244617450422,11.458196468817,14.68));
#749 = CARTESIAN_POINT('',(-3.487049337999,10.185529236957,14.68));
#750 = CARTESIAN_POINT('',(-0.729472682246,8.912850889306,14.68));
#751 = CARTESIAN_POINT('',(2.028179351587,7.640212512395,14.68));
#752 = CARTESIAN_POINT('',(4.78578955903,6.367530616266,14.68));
#753 = CARTESIAN_POINT('',(7.543532248982,5.094962842089,14.68));
#754 = CARTESIAN_POINT('',(10.30116831747,3.822315077991,14.68));
#755 = CARTESIAN_POINT('',(13.058839454838,2.549660968923,14.68));
#756 = CARTESIAN_POINT('',(-4.95986632736,14.241957018137,14.68));
#757 = CARTESIAN_POINT('',(-2.202299129474,12.969287766081,14.68));
#758 = CARTESIAN_POINT('',(0.555292993947,11.696611340663,14.68));
#759 = CARTESIAN_POINT('',(3.312925949573,10.423954738256,14.68));
#760 = CARTESIAN_POINT('',(6.070583809849,9.151321635622,14.68));
#761 = CARTESIAN_POINT('',(8.828242264644,7.878700605551,14.68));
#762 = CARTESIAN_POINT('',(11.585892072904,6.606073332506,14.68));
#763 = CARTESIAN_POINT('',(14.343562514305,5.333422828267,14.68));
#764 = DEFINITIONAL_REPRESENTATION('',(#765),#1587);
#765 = B_SPLINE_CURVE_WITH_KNOTS('',10,(#766,#767,#768,#769,#770,#771,
    #772,#773,#774,#775,#776,#777,#778,#779,#780,#781,#782,#783,#784,
    #785,#786,#787,#788,#789,#790,#791,#792,#793,#794,#795,#796,#797,
    #798,#799,#800,#801,#802,#803,#804,#805,#806,#807,#808,#809,#810,
    #811,#812,#813,#814,#815,#816,#817,#818,#819,#820,#821,#822,#823,
    #824,#825,#826,#827,#828,#829,#830,#831,#832,#833,#834,#835,#836,
    #837,#838,#839,#840,#841,#842,#843,#844,#845,#846,#847,#848,#849,
    #850,#851,#852,#853,#854,#855,#856,#857,#858,#859,#860,#861,#862,
    #863,#864,#865,#866,#867,#868,#869,#870,#871,#872,#873,#874,#875,
    #876,#877,#878,#879,#880,#881,#882,#883,#884,#885,#886,#887,#888,
    #889,#890,#891,#892,#893,#894,#895,#896,#897,#898,#899,#900,#901,
    #902,#903,#904,#905,#906,#907,#908,#909,#910,#911,#912,#913,#914,
    #915,#916,#917,#918,#919,#920,#921,#922,#923,#924,#925,#926,#927,
    #928,#929,#930,#931,#932,#933,#934,#935,#936,#937,#938,#939,#940,
    #941,#942,#943,#944,#945,#946,#947,#948,#949,#950,#951,#952,#953,
    #954,#955,#956,#957,#958,#959,#960,#961,#962,#963,#964,#965,#966,
    #967,#968,#969,#970,#971,#972,#973,#974,#975,#976,#977,#978,#979,
    #980,#981,#982,#983,#984,#985,#986,#987,#988,#989,#990,#991,#992,
    #993,#994,#995,#996,#997,#998,#999,#1000,#1001,#1002,#1003,#1004,
    #1005,#1006,#1007,#1008,#1009,#1010,#1011,#1012,#1013,#1014,#1015,
    #1016,#1017,#1018,#1019,#1020,#1021,#1022,#1023,#1024,#1025,#1026,
    #1027,#1028,#1029,#1030,#1031,#1032,#1033,#1034,#1035,#1036,#1037,
    #1038,#1039,#1040,#1041,#1042,#1043,#1044,#1045,#1046,#1047,#1048,
    #1049,#1050,#1051,#1052,#1053,#1054,#1055,#1056,#1057,#1058,#1059,
    #1060,#1061,#1062,#1063,#1064,#1065,#1066,#1067,#1068,#1069,#1070,
    #1071,#1072,#1073,#1074,#1075,#1076,#1077,#1078,#1079,#1080,#1081,
    #1082,#1083,#1084,#1085,#1086,#1087,#1088,#1089,#1090,#1091,#1092,
    #1093,#1094,#1095,#1096,#1097,#1098,#1099,#1100,#1101,#1102,#1103,
    #1104,#1105,#1106,#1107,#1108,#1109,#1110,#1111,#1112,#1113,#1114,
    #1115,#1116,#1117,#1118,#1119,#1120,#1121,#1122,#1123,#1124,#1125,
    #1126,#1127,#1128,#1129,#1130,#1131,#1132,#1133,#1134,#1135,#1136,
    #1137,#1138,#1139,#1140,#1141,#1142,#1143,#1144,#1145,#1146,#1147,
    #1148,#1149,#1150,#1151,#1152,#1153,#1154,#1155,#1156,#1157,#1158,
    #1159,#1160,#1161,#1162,#1163,#1164,#1165,#1166,#1167,#1168,#1169,
    #1170,#1171,#1172,#1173,#1174,#1175,#1176,#1177,#1178,#1179,#1180,
    #1181,#1182,#1183,#1184,#1185,#1186,#1187,#1188,#1189,#1190,#1191,
    #1192,#1193,#1194,#1195,#1196,#1197,#1198,#1199,#1200,#1201,#1202,
    #1203,#1204,#1205,#1206,#1207,#1208,#1209,#1210,#1211,#1212,#1213,
    #1214,#1215,#1216,#1217,#1218,#1219,#1220,#1221,#1222,#1223,#1224,
    #1225,#1226,#1227,#1228,#1229,#1230,#1231,#1232,#1233,#1234,#1235,
    #1236,#1237,#1238,#1239,#1240,#1241,#1242,#1243,#1244,#1245,#1246,
    #1247,#1248,#1249,#1250,#1251,#1252,#1253,#1254,#1255,#1256,#1257,
    #1258,#1259,#1260,#1261,#1262,#1263,#1264,#1265,#1266,#1267,#1268,
    #1269,#1270,#1271,#1272,#1273,#1274,#1275,#1276,#1277,#1278,#1279,
    #1280,#1281,#1282,#1283,#1284,#1285,#1286,#1287,#1288,#1289,#1290,
    #1291,#1292,#1293,#1294,#1295,#1296,#1297,#1298,#1299,#1300,#1301,
    #1302,#1303,#1304,#1305,#1306,#1307,#1308,#1309,#1310,#1311,#1312,
    #1313,#1314,#1315,#1316,#1317,#1318,#1319,#1320,#1321,#1322,#1323,
    #1324,#1325,#1326,#1327,#1328,#1329,#1330,#1331,#1332,#1333,#1334,
    #1335,#1336,#1337,#1338,#1339,#1340,#1341,#1342,#1343,#1344,#1345,
    #1346,#1347,#1348,#1349,#1350,#1351,#1352,#1353,#1354,#1355,#1356,
    #1357,#1358,#1359,#1360,#1361,#1362,#1363,#1364,#1365,#1366,#1367,
    #1368,#1369,#1370,#1371,#1372,#1373,#1374,#1375,#1376,#1377,#1378,
    #1379,#1380,#1381,#1382,#1383,#1384,#1385,#1386,#1387,#1388,#1389,
    #1390,#1391,#1392,#1393,#1394,#1395,#1396,#1397,#1398,#1399,#1400,
    #1401,#1402,#1403,#1404,#1405,#1406,#1407,#1408,#1409,#1410,#1411,
    #1412,#1413,#1414,#1415,#1416,#1417,#1418,#1419,#1420,#1421,#1422,
    #1423,#1424,#1425,#1426,#1427,#1428,#1429,#1430,#1431,#1432,#1433,
    #1434,#1435,#1436,#1437,#1438,#1439,#1440,#1441,#1442,#1443,#1444,
    #1445,#1446,#1447,#1448,#1449,#1450,#1451,#1452,#1453,#1454,#1455,
    #1456,#1457,#1458,#1459,#1460,#1461,#1462,#1463,#1464,#1465,#1466,
    #1467,#1468,#1469,#1470,#1471,#1472,#1473,#1474,#1475,#1476,#1477,
    #1478,#1479,#1480,#1481,#1482,#1483,#1484,#1485,#1486,#1487,#1488,
    #1489,#1490,#1491,#1492,#1493,#1494,#1495,#1496,#1497,#1498,#1499,
    #1500,#1501,#1502,#1503,#1504,#1505,#1506,#1507,#1508,#1509,#1510,
    #1511,#1512,#1513,#1514,#1515,#1516,#1517,#1518,#1519,#1520,#1521,
    #1522,#1523,#1524,#1525,#1526,#1527,#1528,#1529,#1530,#1531,#1532,
    #1533,#1534,#1535,#1536,#1537,#1538,#1539,#1540,#1541,#1542,#1543,
    #1544,#1545,#1546,#1547,#1548,#1549,#1550,#1551,#1552,#1553,#1554,
    #1555,#1556,#1557,#1558,#1559,#1560,#1561,#1562,#1563,#1564,#1565,
    #1566,#1567,#1568,#1569,#1570,#1571,#1572,#1573,#1574,#1575,#1576,
    #1577,#1578,#1579,#1580,#1581,#1582,#1583,#1584,#1585,#1586),
  .UNSPECIFIED.,.F.,.F.,(11,9,9,9,9,9,9,9,9,9,9,9,9,9,9,9,9,9,9,9,9,9,9,
    9,9,9,9,9,9,9,9,9,9,9,9,9,9,9,9,9,9,9,9,9,9,9,9,9,9,9,9,9,9,9,9,9,9,
    9,9,9,9,9,9,9,9,9,9,9,9,9,9,9,9,9,9,9,9,9,9,9,9,9,9,9,9,9,9,9,9,9,9,
    11),(0.,1.125764747563,2.251529495125,3.377294242688,4.503058990251,
    5.065941364032,5.628823737813,6.191706111595,6.754588485376,
    7.880353232938,9.006117980501,10.131882728064,11.257647475626,
    11.820529849408,12.383412223189,12.94629459697,13.509176970752,
    14.634941718314,15.197824092096,15.760706465877,16.88647121344,
    17.449353587221,18.012235961002,18.575118334784,19.138000708565,
    20.263765456127,21.38953020369,22.515294951253,23.078177325034,
    23.641059698815,24.203942072597,24.766824446378,25.892589193941,
    27.018353941503,28.144118689066,29.269883436629,29.83276581041,
    30.395648184191,30.958530557973,31.521412931754,32.647177679317,
    33.210060053098,33.772942426879,34.898707174442,35.461589548223,
    36.024471922004,36.587354295786,37.150236669567,38.27600141713,
    39.401766164692,40.527530912255,41.090413286036,41.653295659818,
    42.216178033599,42.77906040738,43.904825154943,45.030589902506,
    46.156354650068,47.282119397631,47.845001771412,48.407884145193,
    48.970766518975,49.533648892756,50.659413640319,51.2222960141,
    51.785178387881,52.910943135444,53.473825509225,54.036707883007,
    54.599590256788,55.162472630569,56.288237378132,57.414002125695,
    58.539766873257,59.102649247039,59.66553162082,60.228413994601,
    60.791296368382,61.917061115945,63.042825863508,64.16859061107,
    65.294355358633,65.857237732414,66.420120106196,66.983002479977,
    67.545884853758,68.671649601321,69.234531975102,69.797414348884,
    70.923179096446,71.486061470228,72.048943844009),.UNSPECIFIED.);
#766 = CARTESIAN_POINT('',(5.281131096748,6.34465754308));
#767 = CARTESIAN_POINT('',(5.390391843599,6.305565483771));
#768 = CARTESIAN_POINT('',(5.500433094532,6.277029234391));
#769 = CARTESIAN_POINT('',(5.61115752795,6.257595894813));
#770 = CARTESIAN_POINT('',(5.722494626227,6.246182486325));
#771 = CARTESIAN_POINT('',(5.834370112918,6.241654154601));
#772 = CARTESIAN_POINT('',(5.946688481048,6.242583043251));
#773 = CARTESIAN_POINT('',(6.05932861262,6.247187838192));
#774 = CARTESIAN_POINT('',(6.172152489185,6.253453982583));
#775 = CARTESIAN_POINT('',(6.285026993612,6.259434562547));
#776 = CARTESIAN_POINT('',(6.510690612331,6.268029164488));
#777 = CARTESIAN_POINT('',(6.623422138534,6.270306767987));
#778 = CARTESIAN_POINT('',(6.736129271689,6.269873808262));
#779 = CARTESIAN_POINT('',(6.848779132088,6.266730627294));
#780 = CARTESIAN_POINT('',(6.960985548999,6.259954248518));
#781 = CARTESIAN_POINT('',(7.073017528758,6.249364491039));
#782 = CARTESIAN_POINT('',(7.185567031824,6.235601660183));
#783 = CARTESIAN_POINT('',(7.298136154189,6.21781075865));
#784 = CARTESIAN_POINT('',(7.408257584747,6.192191171581));
#785 = CARTESIAN_POINT('',(7.62397438738,6.125278403144));
#786 = CARTESIAN_POINT('',(7.73006082766,6.083813889909));
#787 = CARTESIAN_POINT('',(7.827254725781,6.032345060242));
#788 = CARTESIAN_POINT('',(7.941685612308,5.971401852947));
#789 = CARTESIAN_POINT('',(8.007230680812,5.89136848823));
#790 = CARTESIAN_POINT('',(8.116496656024,5.821451102203));
#791 = CARTESIAN_POINT('',(8.164564378971,5.719027937635));
#792 = CARTESIAN_POINT('',(8.220032865383,5.618269003682));
#793 = CARTESIAN_POINT('',(8.257763507295,5.509671950502));
#794 = CARTESIAN_POINT('',(8.311052235029,5.287216643961));
#795 = CARTESIAN_POINT('',(8.325973036451,5.172808588138));
#796 = CARTESIAN_POINT('',(8.32992067151,5.059760516003));
#797 = CARTESIAN_POINT('',(8.324045919964,4.947411773811));
#798 = CARTESIAN_POINT('',(8.309963392152,4.834923728431));
#799 = CARTESIAN_POINT('',(8.289469190623,4.722674327643));
#800 = CARTESIAN_POINT('',(8.264140237922,4.61157186395));
#801 = CARTESIAN_POINT('',(8.235042722411,4.501835645795));
#802 = CARTESIAN_POINT('',(8.202777113475,4.392791280002));
#803 = CARTESIAN_POINT('',(8.150742240233,4.231446763973));
#804 = CARTESIAN_POINT('',(8.132799979718,4.177989958127));
#805 = CARTESIAN_POINT('',(8.114364291897,4.124878267504));
#806 = CARTESIAN_POINT('',(8.095555333628,4.07216018705));
#807 = CARTESIAN_POINT('',(8.076493462703,4.019884558249));
#808 = CARTESIAN_POINT('',(8.057283157435,3.968072836516));
#809 = CARTESIAN_POINT('',(8.037996936178,3.916691358493));
#810 = CARTESIAN_POINT('',(8.018659276919,3.865623609451));
#811 = CARTESIAN_POINT('',(7.999230536807,3.814642490595));
#812 = CARTESIAN_POINT('',(7.959951206641,3.712122682294));
#813 = CARTESIAN_POINT('',(7.939972331306,3.660555815435));
#814 = CARTESIAN_POINT('',(7.920565006247,3.609069870745));
#815 = CARTESIAN_POINT('',(7.899825444209,3.556286757682));
#816 = CARTESIAN_POINT('',(7.879060899319,3.502843139263));
#817 = CARTESIAN_POINT('',(7.859168182254,3.449118147586));
#818 = CARTESIAN_POINT('',(7.838511251104,3.393901687737));
#819 = CARTESIAN_POINT('',(7.815870815546,3.336245153711));
#820 = CARTESIAN_POINT('',(7.79446567925,3.277984601729));
#821 = CARTESIAN_POINT('',(7.7564789874,3.161364694539));
#822 = CARTESIAN_POINT('',(7.739502714334,3.102849960241));
#823 = CARTESIAN_POINT('',(7.729048288427,3.045968020925));
#824 = CARTESIAN_POINT('',(7.713609457218,2.986657041566));
#825 = CARTESIAN_POINT('',(7.727824681233,2.937857632897));
#826 = CARTESIAN_POINT('',(7.715206542427,2.878934233922));
#827 = CARTESIAN_POINT('',(7.745576946088,2.835791120601));
#828 = CARTESIAN_POINT('',(7.77028255219,2.790679270353));
#829 = CARTESIAN_POINT('',(7.805873692246,2.749874555687));
#830 = CARTESIAN_POINT('',(7.88781244721,2.673176468925));
#831 = CARTESIAN_POINT('',(7.934424869035,2.637412401498));
#832 = CARTESIAN_POINT('',(7.986316768271,2.604022801225));
#833 = CARTESIAN_POINT('',(8.037910846465,2.572032146024));
#834 = CARTESIAN_POINT('',(8.095478114566,2.542203421835));
#835 = CARTESIAN_POINT('',(8.150744604075,2.513165422906));
#836 = CARTESIAN_POINT('',(8.199012107389,2.484071616578));
#837 = CARTESIAN_POINT('',(8.251761879329,2.456449490315));
#838 = CARTESIAN_POINT('',(8.301595306093,2.429056279583));
#839 = CARTESIAN_POINT('',(8.450217756018,2.348246852252));
#840 = CARTESIAN_POINT('',(8.546716022927,2.296010322463));
#841 = CARTESIAN_POINT('',(8.642413219822,2.244073722372));
#842 = CARTESIAN_POINT('',(8.734850994729,2.192722791455));
#843 = CARTESIAN_POINT('',(8.834235386241,2.137533292818));
#844 = CARTESIAN_POINT('',(8.934026564115,2.080245081606));
#845 = CARTESIAN_POINT('',(9.027925752807,2.022449042344));
#846 = CARTESIAN_POINT('',(9.124980465697,1.960077066078));
#847 = CARTESIAN_POINT('',(9.217996061821,1.895229434428));
#848 = CARTESIAN_POINT('',(9.398737457373,1.7579281498));
#849 = CARTESIAN_POINT('',(9.486302579657,1.685108001101));
#850 = CARTESIAN_POINT('',(9.567942589042,1.611147550234));
#851 = CARTESIAN_POINT('',(9.64999827103,1.520106609527));
#852 = CARTESIAN_POINT('',(9.713148213741,1.447501615303));
#853 = CARTESIAN_POINT('',(9.783829667871,1.337095898748));
#854 = CARTESIAN_POINT('',(9.835376234394,1.239133716881));
#855 = CARTESIAN_POINT('',(9.877933161272,1.130046353904));
#856 = CARTESIAN_POINT('',(9.905120654869,1.019400325574));
#857 = CARTESIAN_POINT('',(9.925674432359,0.794719617636));
#858 = CARTESIAN_POINT('',(9.91901398186,0.680977181492));
#859 = CARTESIAN_POINT('',(9.896956397148,0.565978887146));
#860 = CARTESIAN_POINT('',(9.864039817072,0.460290021123));
#861 = CARTESIAN_POINT('',(9.81456372571,0.338892300983));
#862 = CARTESIAN_POINT('',(9.765635522162,0.256034402313));
#863 = CARTESIAN_POINT('',(9.70146042297,0.151616279105));
#864 = CARTESIAN_POINT('',(9.634594989219,6.407055862254E-02));
#865 = CARTESIAN_POINT('',(9.56169588984,-2.342884722709E-02));
#866 = CARTESIAN_POINT('',(9.408866630991,-0.191245153781));
#867 = CARTESIAN_POINT('',(9.329160979819,-0.271893313845));
#868 = CARTESIAN_POINT('',(9.245034062643,-0.350839770579));
#869 = CARTESIAN_POINT('',(9.163180040534,-0.424713706559));
#870 = CARTESIAN_POINT('',(9.075439674142,-0.499157288683));
#871 = CARTESIAN_POINT('',(8.987718551803,-0.571463187043));
#872 = CARTESIAN_POINT('',(8.906132286831,-0.638733836902));
#873 = CARTESIAN_POINT('',(8.821446958091,-0.707171825137));
#874 = CARTESIAN_POINT('',(8.736028273441,-0.776050110997));
#875 = CARTESIAN_POINT('',(8.604534877581,-0.882484518587));
#876 = CARTESIAN_POINT('',(8.560498861829,-0.918464899365));
#877 = CARTESIAN_POINT('',(8.513636436156,-0.955199538803));
#878 = CARTESIAN_POINT('',(8.471448911534,-0.992568165201));
#879 = CARTESIAN_POINT('',(8.422368432897,-1.031151809559));
#880 = CARTESIAN_POINT('',(8.371168829613,-1.07093050819));
#881 = CARTESIAN_POINT('',(8.32623554404,-1.111751473885));
#882 = CARTESIAN_POINT('',(8.281263205043,-1.154002200379));
#883 = CARTESIAN_POINT('',(8.241913546989,-1.197630069693));
#884 = CARTESIAN_POINT('',(8.175251048354,-1.287922191631));
#885 = CARTESIAN_POINT('',(8.147654333605,-1.334507332014));
#886 = CARTESIAN_POINT('',(8.131543988811,-1.383353043128));
#887 = CARTESIAN_POINT('',(8.109505617289,-1.431290499189));
#888 = CARTESIAN_POINT('',(8.132605593888,-1.486946491104));
#889 = CARTESIAN_POINT('',(8.127480548708,-1.537515142753));
#890 = CARTESIAN_POINT('',(8.15342467099,-1.593040462497));
#891 = CARTESIAN_POINT('',(8.174026335811,-1.64708140642));
#892 = CARTESIAN_POINT('',(8.201337838653,-1.701544702036));
#893 = CARTESIAN_POINT('',(8.259853647355,-1.809336528373));
#894 = CARTESIAN_POINT('',(8.291474313606,-1.862746242322));
#895 = CARTESIAN_POINT('',(8.324200144045,-1.915337808464));
#896 = CARTESIAN_POINT('',(8.354532573081,-1.965889641347));
#897 = CARTESIAN_POINT('',(8.383842821596,-2.015113401247));
#898 = CARTESIAN_POINT('',(8.4139593994,-2.063902286545));
#899 = CARTESIAN_POINT('',(8.443931593669,-2.112046178212));
#900 = CARTESIAN_POINT('',(8.472358324384,-2.159156166932));
#901 = CARTESIAN_POINT('',(8.501361890234,-2.206242081691));
#902 = CARTESIAN_POINT('',(8.558590653053,-2.299933372028));
#903 = CARTESIAN_POINT('',(8.586947082794,-2.346543160974));
#904 = CARTESIAN_POINT('',(8.615229822757,-2.393254758453));
#905 = CARTESIAN_POINT('',(8.643519101319,-2.440284322516));
#906 = CARTESIAN_POINT('',(8.67181197217,-2.487750866727));
#907 = CARTESIAN_POINT('',(8.700043173153,-2.535700622407));
#908 = CARTESIAN_POINT('',(8.728105985102,-2.58413140085));
#909 = CARTESIAN_POINT('',(8.755873090671,-2.633016955564));
#910 = CARTESIAN_POINT('',(8.783217433175,-2.682331344494));
#911 = CARTESIAN_POINT('',(8.863664359921,-2.831557187769));
#912 = CARTESIAN_POINT('',(8.915336865985,-2.932739865254));
#913 = CARTESIAN_POINT('',(8.963444668638,-3.03589795953));
#914 = CARTESIAN_POINT('',(9.008744539023,-3.140256550731));
#915 = CARTESIAN_POINT('',(9.049546817767,-3.246555828959));
#916 = CARTESIAN_POINT('',(9.08350956191,-3.354981959049));
#917 = CARTESIAN_POINT('',(9.109428328806,-3.464698155464));
#918 = CARTESIAN_POINT('',(9.126478403676,-3.576065048393));
#919 = CARTESIAN_POINT('',(9.132430722025,-3.691492493716));
#920 = CARTESIAN_POINT('',(9.12342541128,-3.862830828959));
#921 = CARTESIAN_POINT('',(9.117503952165,-3.919803991531));
#922 = CARTESIAN_POINT('',(9.108137386041,-3.976168595752));
#923 = CARTESIAN_POINT('',(9.095624749639,-4.031836181719));
#924 = CARTESIAN_POINT('',(9.079853720606,-4.086528448962));
#925 = CARTESIAN_POINT('',(9.060273588993,-4.139764782909));
#926 = CARTESIAN_POINT('',(9.036463149245,-4.191124334738));
#927 = CARTESIAN_POINT('',(9.008679647695,-4.240499358445));
#928 = CARTESIAN_POINT('',(8.977774920641,-4.288056508898));
#929 = CARTESIAN_POINT('',(8.90995479534,-4.379189100443));
#930 = CARTESIAN_POINT('',(8.873064603184,-4.422777280322));
#931 = CARTESIAN_POINT('',(8.833510050797,-4.46433292687));
#932 = CARTESIAN_POINT('',(8.7916488562,-4.503761187269));
#933 = CARTESIAN_POINT('',(8.747848620216,-4.540957682498));
#934 = CARTESIAN_POINT('',(8.702454760379,-4.575839416435));
#935 = CARTESIAN_POINT('',(8.655758445038,-4.608375685069));
#936 = CARTESIAN_POINT('',(8.607964527257,-4.638618985583));
#937 = CARTESIAN_POINT('',(8.559159478886,-4.666735925559));
#938 = CARTESIAN_POINT('',(8.409519015783,-4.745642545156));
#939 = CARTESIAN_POINT('',(8.305859700846,-4.79073817121));
#940 = CARTESIAN_POINT('',(8.198838467438,-4.829101119004));
#941 = CARTESIAN_POINT('',(8.089878274796,-4.862512293882));
#942 = CARTESIAN_POINT('',(7.979898789283,-4.892151285169));
#943 = CARTESIAN_POINT('',(7.869215817287,-4.918424694576));
#944 = CARTESIAN_POINT('',(7.758079328864,-4.941543167198));
#945 = CARTESIAN_POINT('',(7.647200065233,-4.962161386518));
#946 = CARTESIAN_POINT('',(7.537614723625,-4.981395295025));
#947 = CARTESIAN_POINT('',(7.375052207144,-5.008598555323));
#948 = CARTESIAN_POINT('',(7.321099950095,-5.017411859936));
#949 = CARTESIAN_POINT('',(7.267200321063,-5.026049987009));
#950 = CARTESIAN_POINT('',(7.213170699617,-5.034592207815));
#951 = CARTESIAN_POINT('',(7.158828465332,-5.043117793638));
#952 = CARTESIAN_POINT('',(7.103990997777,-5.051706015751));
#953 = CARTESIAN_POINT('',(7.048475676526,-5.060436145434));
#954 = CARTESIAN_POINT('',(6.992099881149,-5.069387453962));
#955 = CARTESIAN_POINT('',(6.934680991218,-5.078639212615));
#956 = CARTESIAN_POINT('',(6.817391781393,-5.097902172726));
#957 = CARTESIAN_POINT('',(6.757429656546,-5.107864778693));
#958 = CARTESIAN_POINT('',(6.695765359469,-5.118130839496));
#959 = CARTESIAN_POINT('',(6.634210031963,-5.129834992714));
#960 = CARTESIAN_POINT('',(6.574518781364,-5.144082214971));
#961 = CARTESIAN_POINT('',(6.51783773498,-5.16165512901));
#962 = CARTESIAN_POINT('',(6.465100748159,-5.183223994788));
#963 = CARTESIAN_POINT('',(6.417626536976,-5.209662792165));
#964 = CARTESIAN_POINT('',(6.377167006143,-5.242074802506));
#965 = CARTESIAN_POINT('',(6.312148080016,-5.320187390991));
#966 = CARTESIAN_POINT('',(6.287615089338,-5.365856247096));
#967 = CARTESIAN_POINT('',(6.270228920644,-5.417339563542));
#968 = CARTESIAN_POINT('',(6.258586736942,-5.473114695173));
#969 = CARTESIAN_POINT('',(6.25158979513,-5.532043390496));
#970 = CARTESIAN_POINT('',(6.248409520302,-5.593328907479));
#971 = CARTESIAN_POINT('',(6.248068324867,-5.655986142758));
#972 = CARTESIAN_POINT('',(6.249161123619,-5.718489609296));
#973 = CARTESIAN_POINT('',(6.250243495751,-5.7792640974));
#974 = CARTESIAN_POINT('',(6.252581394102,-5.898101610859));
#975 = CARTESIAN_POINT('',(6.253901366434,-5.956246100125));
#976 = CARTESIAN_POINT('',(6.255327541334,-6.013310294277));
#977 = CARTESIAN_POINT('',(6.256815098198,-6.069488165649));
#978 = CARTESIAN_POINT('',(6.258319216453,-6.124973686607));
#979 = CARTESIAN_POINT('',(6.259795075478,-6.179960829468));
#980 = CARTESIAN_POINT('',(6.261197854707,-6.234643566606));
#981 = CARTESIAN_POINT('',(6.262482733526,-6.289215870344));
#982 = CARTESIAN_POINT('',(6.263604891353,-6.34387171304));
#983 = CARTESIAN_POINT('',(6.266348740066,-6.508671775023));
#984 = CARTESIAN_POINT('',(6.267317406621,-6.619928019868));
#985 = CARTESIAN_POINT('',(6.267159510621,-6.732707881279));
#986 = CARTESIAN_POINT('',(6.264589532412,-6.846194347645));
#987 = CARTESIAN_POINT('',(6.258834697166,-6.95980726153));
#988 = CARTESIAN_POINT('',(6.249642501213,-7.073339021726));
#989 = CARTESIAN_POINT('',(6.236555791326,-7.186552838068));
#990 = CARTESIAN_POINT('',(6.218247691699,-7.298758335492));
#991 = CARTESIAN_POINT('',(6.192708673084,-7.408879303479));
#992 = CARTESIAN_POINT('',(6.125447444502,-7.624177471194));
#993 = CARTESIAN_POINT('',(6.083771956224,-7.730010449144));
#994 = CARTESIAN_POINT('',(6.031918435769,-7.826742185384));
#995 = CARTESIAN_POINT('',(5.971609670663,-7.941935281468));
#996 = CARTESIAN_POINT('',(5.890867908739,-8.006629291939));
#997 = CARTESIAN_POINT('',(5.821735937207,-8.116838852627));
#998 = CARTESIAN_POINT('',(5.718969644334,-8.164494346254));
#999 = CARTESIAN_POINT('',(5.618323923477,-8.22009884522));
#1000 = CARTESIAN_POINT('',(5.50970247882,-8.25780018357));
#1001 = CARTESIAN_POINT('',(5.287221837459,-8.311058474421));
#1002 = CARTESIAN_POINT('',(5.172796598132,-8.325958631833));
#1003 = CARTESIAN_POINT('',(5.059743891138,-8.32990069864));
#1004 = CARTESIAN_POINT('',(4.947399080519,-8.32403067043));
#1005 = CARTESIAN_POINT('',(4.834916868822,-8.309955151118));
#1006 = CARTESIAN_POINT('',(4.722672263441,-8.289466710721));
#1007 = CARTESIAN_POINT('',(4.611573539943,-8.264142251437));
#1008 = CARTESIAN_POINT('',(4.501839658932,-8.235047543735));
#1009 = CARTESIAN_POINT('',(4.392794592512,-8.202781093076));
#1010 = CARTESIAN_POINT('',(4.231449228992,-8.15074520167));
#1011 = CARTESIAN_POINT('',(4.177991975097,-8.132802402878));
#1012 = CARTESIAN_POINT('',(4.124879730764,-8.114366049836));
#1013 = CARTESIAN_POINT('',(4.072161060811,-8.095556383353));
#1014 = CARTESIAN_POINT('',(4.019884876726,-8.076493845314));
#1015 = CARTESIAN_POINT('',(3.968072694173,-8.057282986427));
#1016 = CARTESIAN_POINT('',(3.916690890449,-8.037996373876));
#1017 = CARTESIAN_POINT('',(3.865622961992,-8.018658499072));
#1018 = CARTESIAN_POINT('',(3.814641781842,-7.999229685321));
#1019 = CARTESIAN_POINT('',(3.71212193244,-7.959950305777));
#1020 = CARTESIAN_POINT('',(3.660555112006,-7.939971486216));
#1021 = CARTESIAN_POINT('',(3.609069279013,-7.920564295349));
#1022 = CARTESIAN_POINT('',(3.556286292876,-7.899824885796));
#1023 = CARTESIAN_POINT('',(3.502842821714,-7.879060517821));
#1024 = CARTESIAN_POINT('',(3.449117995684,-7.859167999761));
#1025 = CARTESIAN_POINT('',(3.393901674426,-7.838511235112));
#1026 = CARTESIAN_POINT('',(3.336245213647,-7.815870887553));
#1027 = CARTESIAN_POINT('',(3.277984707504,-7.794465806326));
#1028 = CARTESIAN_POINT('',(3.161364842894,-7.756479165631));
#1029 = CARTESIAN_POINT('',(3.102850103656,-7.73950288663));
#1030 = CARTESIAN_POINT('',(3.0459681487,-7.729048441934));
#1031 = CARTESIAN_POINT('',(2.986657112623,-7.713609542585));
#1032 = CARTESIAN_POINT('',(2.937857708092,-7.727824771571));
#1033 = CARTESIAN_POINT('',(2.878934214757,-7.715206519403));
#1034 = CARTESIAN_POINT('',(2.835791111395,-7.745576935027));
#1035 = CARTESIAN_POINT('',(2.790679238531,-7.77028251396));
#1036 = CARTESIAN_POINT('',(2.749874518747,-7.805873647867));
#1037 = CARTESIAN_POINT('',(2.673176430384,-7.887812400907));
#1038 = CARTESIAN_POINT('',(2.637412367469,-7.934424828154));
#1039 = CARTESIAN_POINT('',(2.604022776716,-7.986316738825));
#1040 = CARTESIAN_POINT('',(2.572032129318,-8.037910826395));
#1041 = CARTESIAN_POINT('',(2.542203419078,-8.095478111253));
#1042 = CARTESIAN_POINT('',(2.513165430204,-8.150744612843));
#1043 = CARTESIAN_POINT('',(2.484071624382,-8.199012116765));
#1044 = CARTESIAN_POINT('',(2.456449503376,-8.25176189502));
#1045 = CARTESIAN_POINT('',(2.429056293673,-8.301595323021));
#1046 = CARTESIAN_POINT('',(2.348246866887,-8.450217773601));
#1047 = CARTESIAN_POINT('',(2.2960103323,-8.546716034746));
#1048 = CARTESIAN_POINT('',(2.24407372599,-8.64241322417));
#1049 = CARTESIAN_POINT('',(2.192722783581,-8.734850985267));
#1050 = CARTESIAN_POINT('',(2.137533286563,-8.83423537873));
#1051 = CARTESIAN_POINT('',(2.080245079267,-8.934026561302));
#1052 = CARTESIAN_POINT('',(2.022449036015,-9.027925745205));
#1053 = CARTESIAN_POINT('',(1.960077064427,-9.124980463713));
#1054 = CARTESIAN_POINT('',(1.895229433805,-9.217996061073));
#1055 = CARTESIAN_POINT('',(1.757928150873,-9.398737458663));
#1056 = CARTESIAN_POINT('',(1.685108002411,-9.486302581231));
#1057 = CARTESIAN_POINT('',(1.611147550907,-9.567942589851));
#1058 = CARTESIAN_POINT('',(1.520106610764,-9.649998272515));
#1059 = CARTESIAN_POINT('',(1.447501614034,-9.713148212218));
#1060 = CARTESIAN_POINT('',(1.33709589895,-9.783829668113));
#1061 = CARTESIAN_POINT('',(1.239133716443,-9.835376233868));
#1062 = CARTESIAN_POINT('',(1.130046353733,-9.877933161067));
#1063 = CARTESIAN_POINT('',(1.019400325507,-9.905120654788));
#1064 = CARTESIAN_POINT('',(0.794719617703,-9.925674432441));
#1065 = CARTESIAN_POINT('',(0.680977181574,-9.919013981956));
#1066 = CARTESIAN_POINT('',(0.565978887193,-9.89695639721));
#1067 = CARTESIAN_POINT('',(0.46029002118,-9.864039817131));
#1068 = CARTESIAN_POINT('',(0.338892300874,-9.814563725588));
#1069 = CARTESIAN_POINT('',(0.256034402348,-9.765635522197));
#1070 = CARTESIAN_POINT('',(0.151616279058,-9.701460422917));
#1071 = CARTESIAN_POINT('',(6.407055861053E-02,-9.634594989203));
#1072 = CARTESIAN_POINT('',(-2.342884723453E-02,-9.561695889831));
#1073 = CARTESIAN_POINT('',(-0.191245153777,-9.408866630997));
#1074 = CARTESIAN_POINT('',(-0.271893313837,-9.329160979828));
#1075 = CARTESIAN_POINT('',(-0.350839770573,-9.245034062652));
#1076 = CARTESIAN_POINT('',(-0.424713706552,-9.16318004054));
#1077 = CARTESIAN_POINT('',(-0.499157288682,-9.075439674148));
#1078 = CARTESIAN_POINT('',(-0.571463187045,-8.987718551798));
#1079 = CARTESIAN_POINT('',(-0.638733836903,-8.906132286832));
#1080 = CARTESIAN_POINT('',(-0.707171825139,-8.821446958088));
#1081 = CARTESIAN_POINT('',(-0.776050110998,-8.73602827344));
#1082 = CARTESIAN_POINT('',(-0.882484518588,-8.60453487758));
#1083 = CARTESIAN_POINT('',(-0.918464899366,-8.560498861829));
#1084 = CARTESIAN_POINT('',(-0.955199538803,-8.513636436154));
#1085 = CARTESIAN_POINT('',(-0.992568165202,-8.471448911536));
#1086 = CARTESIAN_POINT('',(-1.031151809558,-8.422368432896));
#1087 = CARTESIAN_POINT('',(-1.070930508191,-8.371168829615));
#1088 = CARTESIAN_POINT('',(-1.111751473885,-8.32623554404));
#1089 = CARTESIAN_POINT('',(-1.154002200378,-8.281263205044));
#1090 = CARTESIAN_POINT('',(-1.197630069692,-8.241913546989));
#1091 = CARTESIAN_POINT('',(-1.287922191631,-8.175251048354));
#1092 = CARTESIAN_POINT('',(-1.334507332014,-8.147654333606));
#1093 = CARTESIAN_POINT('',(-1.383353043128,-8.131543988809));
#1094 = CARTESIAN_POINT('',(-1.43129049919,-8.109505617293));
#1095 = CARTESIAN_POINT('',(-1.486946491103,-8.132605593884));
#1096 = CARTESIAN_POINT('',(-1.537515142753,-8.12748054871));
#1097 = CARTESIAN_POINT('',(-1.593040462497,-8.153424670989));
#1098 = CARTESIAN_POINT('',(-1.64708140642,-8.174026335811));
#1099 = CARTESIAN_POINT('',(-1.701544702036,-8.201337838653));
#1100 = CARTESIAN_POINT('',(-1.809336528373,-8.259853647355));
#1101 = CARTESIAN_POINT('',(-1.862746242322,-8.291474313606));
#1102 = CARTESIAN_POINT('',(-1.915337808464,-8.324200144045));
#1103 = CARTESIAN_POINT('',(-1.965889641348,-8.35453257308));
#1104 = CARTESIAN_POINT('',(-2.015113401246,-8.383842821597));
#1105 = CARTESIAN_POINT('',(-2.063902286546,-8.413959399399));
#1106 = CARTESIAN_POINT('',(-2.112046178211,-8.44393159367));
#1107 = CARTESIAN_POINT('',(-2.159156166932,-8.472358324384));
#1108 = CARTESIAN_POINT('',(-2.206242081691,-8.501361890234));
#1109 = CARTESIAN_POINT('',(-2.299933372028,-8.558590653054));
#1110 = CARTESIAN_POINT('',(-2.346543160973,-8.586947082793));
#1111 = CARTESIAN_POINT('',(-2.393254758455,-8.61522982276));
#1112 = CARTESIAN_POINT('',(-2.440284322514,-8.643519101315));
#1113 = CARTESIAN_POINT('',(-2.487750866729,-8.671811972174));
#1114 = CARTESIAN_POINT('',(-2.535700622405,-8.70004317315));
#1115 = CARTESIAN_POINT('',(-2.584131400851,-8.728105985104));
#1116 = CARTESIAN_POINT('',(-2.633016955564,-8.75587309067));
#1117 = CARTESIAN_POINT('',(-2.682331344494,-8.783217433175));
#1118 = CARTESIAN_POINT('',(-2.831557187769,-8.863664359921));
#1119 = CARTESIAN_POINT('',(-2.932739865254,-8.915336865985));
#1120 = CARTESIAN_POINT('',(-3.03589795953,-8.963444668637));
#1121 = CARTESIAN_POINT('',(-3.140256550731,-9.008744539025));
#1122 = CARTESIAN_POINT('',(-3.246555828959,-9.049546817765));
#1123 = CARTESIAN_POINT('',(-3.35498195905,-9.083509561911));
#1124 = CARTESIAN_POINT('',(-3.464698155464,-9.109428328806));
#1125 = CARTESIAN_POINT('',(-3.576065048393,-9.126478403677));
#1126 = CARTESIAN_POINT('',(-3.691492493716,-9.132430722025));
#1127 = CARTESIAN_POINT('',(-3.862830828959,-9.12342541128));
#1128 = CARTESIAN_POINT('',(-3.919803991531,-9.117503952165));
#1129 = CARTESIAN_POINT('',(-3.976168595753,-9.10813738604));
#1130 = CARTESIAN_POINT('',(-4.031836181718,-9.09562474964));
#1131 = CARTESIAN_POINT('',(-4.086528448963,-9.079853720605));
#1132 = CARTESIAN_POINT('',(-4.139764782909,-9.060273588994));
#1133 = CARTESIAN_POINT('',(-4.191124334738,-9.036463149244));
#1134 = CARTESIAN_POINT('',(-4.240499358445,-9.008679647695));
#1135 = CARTESIAN_POINT('',(-4.288056508898,-8.977774920641));
#1136 = CARTESIAN_POINT('',(-4.379189100442,-8.90995479534));
#1137 = CARTESIAN_POINT('',(-4.422777280323,-8.873064603186));
#1138 = CARTESIAN_POINT('',(-4.464332926868,-8.833510050793));
#1139 = CARTESIAN_POINT('',(-4.503761187272,-8.791648856206));
#1140 = CARTESIAN_POINT('',(-4.540957682494,-8.747848620209));
#1141 = CARTESIAN_POINT('',(-4.575839416438,-8.702454760384));
#1142 = CARTESIAN_POINT('',(-4.608375685067,-8.655758445034));
#1143 = CARTESIAN_POINT('',(-4.638618985584,-8.607964527258));
#1144 = CARTESIAN_POINT('',(-4.666735925559,-8.559159478886));
#1145 = CARTESIAN_POINT('',(-4.745642545156,-8.409519015783));
#1146 = CARTESIAN_POINT('',(-4.79073817121,-8.305859700846));
#1147 = CARTESIAN_POINT('',(-4.829101119004,-8.198838467438));
#1148 = CARTESIAN_POINT('',(-4.862512293883,-8.089878274796));
#1149 = CARTESIAN_POINT('',(-4.892151285167,-7.979898789282));
#1150 = CARTESIAN_POINT('',(-4.918424694578,-7.869215817288));
#1151 = CARTESIAN_POINT('',(-4.941543167198,-7.758079328864));
#1152 = CARTESIAN_POINT('',(-4.962161386518,-7.647200065233));
#1153 = CARTESIAN_POINT('',(-4.981395295025,-7.537614723625));
#1154 = CARTESIAN_POINT('',(-5.008598555323,-7.375052207144));
#1155 = CARTESIAN_POINT('',(-5.017411859936,-7.321099950095));
#1156 = CARTESIAN_POINT('',(-5.026049987008,-7.267200321062));
#1157 = CARTESIAN_POINT('',(-5.034592207816,-7.213170699618));
#1158 = CARTESIAN_POINT('',(-5.043117793638,-7.158828465332));
#1159 = CARTESIAN_POINT('',(-5.051706015751,-7.103990997778));
#1160 = CARTESIAN_POINT('',(-5.060436145433,-7.048475676526));
#1161 = CARTESIAN_POINT('',(-5.069387453962,-6.992099881149));
#1162 = CARTESIAN_POINT('',(-5.078639212615,-6.934680991218));
#1163 = CARTESIAN_POINT('',(-5.097902172726,-6.817391781393));
#1164 = CARTESIAN_POINT('',(-5.107864778693,-6.757429656546));
#1165 = CARTESIAN_POINT('',(-5.118130839496,-6.695765359468));
#1166 = CARTESIAN_POINT('',(-5.129834992714,-6.634210031964));
#1167 = CARTESIAN_POINT('',(-5.144082214971,-6.574518781362));
#1168 = CARTESIAN_POINT('',(-5.161655129011,-6.517837734982));
#1169 = CARTESIAN_POINT('',(-5.183223994788,-6.465100748158));
#1170 = CARTESIAN_POINT('',(-5.209662792165,-6.417626536977));
#1171 = CARTESIAN_POINT('',(-5.242074802506,-6.377167006143));
#1172 = CARTESIAN_POINT('',(-5.320187390991,-6.312148080016));
#1173 = CARTESIAN_POINT('',(-5.365856247096,-6.287615089338));
#1174 = CARTESIAN_POINT('',(-5.417339563542,-6.270228920645));
#1175 = CARTESIAN_POINT('',(-5.473114695174,-6.258586736942));
#1176 = CARTESIAN_POINT('',(-5.532043390495,-6.251589795131));
#1177 = CARTESIAN_POINT('',(-5.59332890748,-6.248409520302));
#1178 = CARTESIAN_POINT('',(-5.655986142758,-6.248068324867));
#1179 = CARTESIAN_POINT('',(-5.718489609296,-6.249161123619));
#1180 = CARTESIAN_POINT('',(-5.7792640974,-6.250243495751));
#1181 = CARTESIAN_POINT('',(-5.898101610859,-6.252581394101));
#1182 = CARTESIAN_POINT('',(-5.956246100126,-6.253901366435));
#1183 = CARTESIAN_POINT('',(-6.013310294275,-6.25532754133));
#1184 = CARTESIAN_POINT('',(-6.069488165654,-6.256815098205));
#1185 = CARTESIAN_POINT('',(-6.124973686602,-6.258319216445));
#1186 = CARTESIAN_POINT('',(-6.179960829473,-6.259795075484));
#1187 = CARTESIAN_POINT('',(-6.234643566603,-6.261197854703));
#1188 = CARTESIAN_POINT('',(-6.289215870345,-6.262482733527));
#1189 = CARTESIAN_POINT('',(-6.34387171304,-6.263604891353));
#1190 = CARTESIAN_POINT('',(-6.508671775023,-6.266348740066));
#1191 = CARTESIAN_POINT('',(-6.619928019867,-6.26731740662));
#1192 = CARTESIAN_POINT('',(-6.732707881281,-6.267159510624));
#1193 = CARTESIAN_POINT('',(-6.846194347641,-6.264589532409));
#1194 = CARTESIAN_POINT('',(-6.959807261535,-6.25883469717));
#1195 = CARTESIAN_POINT('',(-7.073339021722,-6.249642501209));
#1196 = CARTESIAN_POINT('',(-7.18655283807,-6.236555791328));
#1197 = CARTESIAN_POINT('',(-7.298758335492,-6.218247691698));
#1198 = CARTESIAN_POINT('',(-7.408879303479,-6.192708673084));
#1199 = CARTESIAN_POINT('',(-7.624177471194,-6.125447444502));
#1200 = CARTESIAN_POINT('',(-7.730010449143,-6.083771956223));
#1201 = CARTESIAN_POINT('',(-7.826742185386,-6.031918435771));
#1202 = CARTESIAN_POINT('',(-7.941935281466,-5.97160967066));
#1203 = CARTESIAN_POINT('',(-8.006629291941,-5.890867908742));
#1204 = CARTESIAN_POINT('',(-8.116838852626,-5.821735937205));
#1205 = CARTESIAN_POINT('',(-8.164494346255,-5.718969644336));
#1206 = CARTESIAN_POINT('',(-8.22009884522,-5.618323923476));
#1207 = CARTESIAN_POINT('',(-8.25780018357,-5.50970247882));
#1208 = CARTESIAN_POINT('',(-8.311058474421,-5.287221837459));
#1209 = CARTESIAN_POINT('',(-8.325958631832,-5.172796598131));
#1210 = CARTESIAN_POINT('',(-8.329900698643,-5.05974389114));
#1211 = CARTESIAN_POINT('',(-8.324030670424,-4.947399080516));
#1212 = CARTESIAN_POINT('',(-8.309955151124,-4.834916868825));
#1213 = CARTESIAN_POINT('',(-8.289466710717,-4.722672263439));
#1214 = CARTESIAN_POINT('',(-8.264142251439,-4.611573539944));
#1215 = CARTESIAN_POINT('',(-8.235047543735,-4.501839658932));
#1216 = CARTESIAN_POINT('',(-8.202781093076,-4.392794592512));
#1217 = CARTESIAN_POINT('',(-8.15074520167,-4.231449228992));
#1218 = CARTESIAN_POINT('',(-8.132802402877,-4.177991975097));
#1219 = CARTESIAN_POINT('',(-8.114366049837,-4.124879730765));
#1220 = CARTESIAN_POINT('',(-8.095556383352,-4.072161060811));
#1221 = CARTESIAN_POINT('',(-8.076493845316,-4.019884876726));
#1222 = CARTESIAN_POINT('',(-8.057282986426,-3.968072694173));
#1223 = CARTESIAN_POINT('',(-8.037996373877,-3.916690890449));
#1224 = CARTESIAN_POINT('',(-8.018658499072,-3.865622961992));
#1225 = CARTESIAN_POINT('',(-7.999229685321,-3.814641781842));
#1226 = CARTESIAN_POINT('',(-7.959950305777,-3.71212193244));
#1227 = CARTESIAN_POINT('',(-7.939971486216,-3.660555112006));
#1228 = CARTESIAN_POINT('',(-7.920564295349,-3.609069279013));
#1229 = CARTESIAN_POINT('',(-7.899824885796,-3.556286292875));
#1230 = CARTESIAN_POINT('',(-7.879060517821,-3.502842821714));
#1231 = CARTESIAN_POINT('',(-7.859167999761,-3.449117995684));
#1232 = CARTESIAN_POINT('',(-7.838511235112,-3.393901674426));
#1233 = CARTESIAN_POINT('',(-7.815870887553,-3.336245213647));
#1234 = CARTESIAN_POINT('',(-7.794465806326,-3.277984707504));
#1235 = CARTESIAN_POINT('',(-7.756479165631,-3.161364842894));
#1236 = CARTESIAN_POINT('',(-7.73950288663,-3.102850103655));
#1237 = CARTESIAN_POINT('',(-7.729048441933,-3.0459681487));
#1238 = CARTESIAN_POINT('',(-7.713609542585,-2.986657112623));
#1239 = CARTESIAN_POINT('',(-7.727824771571,-2.937857708092));
#1240 = CARTESIAN_POINT('',(-7.715206519403,-2.878934214757));
#1241 = CARTESIAN_POINT('',(-7.745576935027,-2.835791111395));
#1242 = CARTESIAN_POINT('',(-7.77028251396,-2.790679238531));
#1243 = CARTESIAN_POINT('',(-7.805873647866,-2.749874518747));
#1244 = CARTESIAN_POINT('',(-7.887812400907,-2.673176430384));
#1245 = CARTESIAN_POINT('',(-7.934424828153,-2.637412367469));
#1246 = CARTESIAN_POINT('',(-7.986316738826,-2.604022776716));
#1247 = CARTESIAN_POINT('',(-8.037910826394,-2.572032129318));
#1248 = CARTESIAN_POINT('',(-8.095478111254,-2.542203419078));
#1249 = CARTESIAN_POINT('',(-8.150744612842,-2.513165430205));
#1250 = CARTESIAN_POINT('',(-8.199012116766,-2.484071624382));
#1251 = CARTESIAN_POINT('',(-8.25176189502,-2.456449503376));
#1252 = CARTESIAN_POINT('',(-8.301595323021,-2.429056293673));
#1253 = CARTESIAN_POINT('',(-8.4502177736,-2.348246866887));
#1254 = CARTESIAN_POINT('',(-8.546716034747,-2.2960103323));
#1255 = CARTESIAN_POINT('',(-8.642413224167,-2.24407372599));
#1256 = CARTESIAN_POINT('',(-8.73485098527,-2.192722783581));
#1257 = CARTESIAN_POINT('',(-8.834235378727,-2.137533286563));
#1258 = CARTESIAN_POINT('',(-8.934026561304,-2.080245079267));
#1259 = CARTESIAN_POINT('',(-9.027925745204,-2.022449036015));
#1260 = CARTESIAN_POINT('',(-9.124980463714,-1.960077064427));
#1261 = CARTESIAN_POINT('',(-9.217996061073,-1.895229433805));
#1262 = CARTESIAN_POINT('',(-9.398737458663,-1.757928150873));
#1263 = CARTESIAN_POINT('',(-9.486302581231,-1.685108002411));
#1264 = CARTESIAN_POINT('',(-9.567942589851,-1.611147550907));
#1265 = CARTESIAN_POINT('',(-9.649998272514,-1.520106610763));
#1266 = CARTESIAN_POINT('',(-9.71314821222,-1.447501614035));
#1267 = CARTESIAN_POINT('',(-9.783829668111,-1.337095898949));
#1268 = CARTESIAN_POINT('',(-9.835376233869,-1.239133716443));
#1269 = CARTESIAN_POINT('',(-9.877933161066,-1.130046353733));
#1270 = CARTESIAN_POINT('',(-9.905120654789,-1.019400325507));
#1271 = CARTESIAN_POINT('',(-9.92567443244,-0.794719617703));
#1272 = CARTESIAN_POINT('',(-9.919013981958,-0.680977181574));
#1273 = CARTESIAN_POINT('',(-9.896956397204,-0.565978887193));
#1274 = CARTESIAN_POINT('',(-9.86403981714,-0.460290021181));
#1275 = CARTESIAN_POINT('',(-9.814563725578,-0.338892300873));
#1276 = CARTESIAN_POINT('',(-9.765635522204,-0.256034402349));
#1277 = CARTESIAN_POINT('',(-9.701460422913,-0.151616279057));
#1278 = CARTESIAN_POINT('',(-9.634594989204,-6.407055861071E-02));
#1279 = CARTESIAN_POINT('',(-9.561695889831,2.342884723455E-02));
#1280 = CARTESIAN_POINT('',(-9.408866630997,0.191245153777));
#1281 = CARTESIAN_POINT('',(-9.329160979828,0.271893313837));
#1282 = CARTESIAN_POINT('',(-9.245034062651,0.350839770573));
#1283 = CARTESIAN_POINT('',(-9.163180040541,0.424713706552));
#1284 = CARTESIAN_POINT('',(-9.075439674147,0.499157288681));
#1285 = CARTESIAN_POINT('',(-8.987718551799,0.571463187045));
#1286 = CARTESIAN_POINT('',(-8.906132286831,0.638733836903));
#1287 = CARTESIAN_POINT('',(-8.821446958088,0.707171825139));
#1288 = CARTESIAN_POINT('',(-8.73602827344,0.776050110998));
#1289 = CARTESIAN_POINT('',(-8.60453487758,0.882484518588));
#1290 = CARTESIAN_POINT('',(-8.560498861829,0.918464899366));
#1291 = CARTESIAN_POINT('',(-8.513636436153,0.955199538803));
#1292 = CARTESIAN_POINT('',(-8.471448911539,0.992568165202));
#1293 = CARTESIAN_POINT('',(-8.422368432892,1.031151809559));
#1294 = CARTESIAN_POINT('',(-8.371168829618,1.07093050819));
#1295 = CARTESIAN_POINT('',(-8.326235544038,1.111751473885));
#1296 = CARTESIAN_POINT('',(-8.281263205045,1.154002200378));
#1297 = CARTESIAN_POINT('',(-8.241913546989,1.197630069692));
#1298 = CARTESIAN_POINT('',(-8.175251048354,1.287922191631));
#1299 = CARTESIAN_POINT('',(-8.147654333606,1.334507332014));
#1300 = CARTESIAN_POINT('',(-8.13154398881,1.383353043128));
#1301 = CARTESIAN_POINT('',(-8.10950561729,1.43129049919));
#1302 = CARTESIAN_POINT('',(-8.132605593886,1.486946491103));
#1303 = CARTESIAN_POINT('',(-8.127480548709,1.537515142753));
#1304 = CARTESIAN_POINT('',(-8.153424670989,1.593040462497));
#1305 = CARTESIAN_POINT('',(-8.174026335811,1.64708140642));
#1306 = CARTESIAN_POINT('',(-8.201337838653,1.701544702036));
#1307 = CARTESIAN_POINT('',(-8.259853647355,1.809336528373));
#1308 = CARTESIAN_POINT('',(-8.291474313605,1.862746242322));
#1309 = CARTESIAN_POINT('',(-8.324200144047,1.915337808464));
#1310 = CARTESIAN_POINT('',(-8.354532573077,1.965889641347));
#1311 = CARTESIAN_POINT('',(-8.3838428216,2.015113401247));
#1312 = CARTESIAN_POINT('',(-8.413959399396,2.063902286545));
#1313 = CARTESIAN_POINT('',(-8.443931593672,2.112046178211));
#1314 = CARTESIAN_POINT('',(-8.472358324384,2.159156166932));
#1315 = CARTESIAN_POINT('',(-8.501361890234,2.206242081691));
#1316 = CARTESIAN_POINT('',(-8.558590653053,2.299933372028));
#1317 = CARTESIAN_POINT('',(-8.586947082794,2.346543160974));
#1318 = CARTESIAN_POINT('',(-8.615229822756,2.393254758453));
#1319 = CARTESIAN_POINT('',(-8.64351910132,2.440284322516));
#1320 = CARTESIAN_POINT('',(-8.671811972168,2.487750866726));
#1321 = CARTESIAN_POINT('',(-8.700043173154,2.535700622407));
#1322 = CARTESIAN_POINT('',(-8.728105985101,2.58413140085));
#1323 = CARTESIAN_POINT('',(-8.755873090671,2.633016955565));
#1324 = CARTESIAN_POINT('',(-8.783217433175,2.682331344494));
#1325 = CARTESIAN_POINT('',(-8.863664359921,2.831557187769));
#1326 = CARTESIAN_POINT('',(-8.915336865987,2.932739865255));
#1327 = CARTESIAN_POINT('',(-8.963444668634,3.035897959529));
#1328 = CARTESIAN_POINT('',(-9.008744539029,3.140256550733));
#1329 = CARTESIAN_POINT('',(-9.04954681776,3.246555828957));
#1330 = CARTESIAN_POINT('',(-9.083509561915,3.354981959051));
#1331 = CARTESIAN_POINT('',(-9.109428328803,3.464698155463));
#1332 = CARTESIAN_POINT('',(-9.126478403678,3.576065048394));
#1333 = CARTESIAN_POINT('',(-9.132430722025,3.691492493716));
#1334 = CARTESIAN_POINT('',(-9.12342541128,3.862830828959));
#1335 = CARTESIAN_POINT('',(-9.117503952165,3.919803991531));
#1336 = CARTESIAN_POINT('',(-9.108137386041,3.976168595753));
#1337 = CARTESIAN_POINT('',(-9.095624749639,4.031836181718));
#1338 = CARTESIAN_POINT('',(-9.079853720606,4.086528448962));
#1339 = CARTESIAN_POINT('',(-9.060273588994,4.139764782909));
#1340 = CARTESIAN_POINT('',(-9.036463149245,4.191124334738));
#1341 = CARTESIAN_POINT('',(-9.008679647695,4.240499358445));
#1342 = CARTESIAN_POINT('',(-8.977774920641,4.288056508898));
#1343 = CARTESIAN_POINT('',(-8.90995479534,4.379189100442));
#1344 = CARTESIAN_POINT('',(-8.873064603186,4.422777280322));
#1345 = CARTESIAN_POINT('',(-8.833510050793,4.464332926868));
#1346 = CARTESIAN_POINT('',(-8.791648856206,4.503761187272));
#1347 = CARTESIAN_POINT('',(-8.74784862021,4.540957682495));
#1348 = CARTESIAN_POINT('',(-8.702454760383,4.575839416438));
#1349 = CARTESIAN_POINT('',(-8.655758445035,4.608375685067));
#1350 = CARTESIAN_POINT('',(-8.607964527258,4.638618985584));
#1351 = CARTESIAN_POINT('',(-8.559159478886,4.666735925559));
#1352 = CARTESIAN_POINT('',(-8.409519015783,4.745642545156));
#1353 = CARTESIAN_POINT('',(-8.305859700846,4.790738171209));
#1354 = CARTESIAN_POINT('',(-8.198838467438,4.829101119004));
#1355 = CARTESIAN_POINT('',(-8.089878274797,4.862512293882));
#1356 = CARTESIAN_POINT('',(-7.979898789282,4.892151285169));
#1357 = CARTESIAN_POINT('',(-7.869215817288,4.918424694576));
#1358 = CARTESIAN_POINT('',(-7.758079328864,4.941543167198));
#1359 = CARTESIAN_POINT('',(-7.647200065233,4.962161386518));
#1360 = CARTESIAN_POINT('',(-7.537614723625,4.981395295025));
#1361 = CARTESIAN_POINT('',(-7.375052207144,5.008598555323));
#1362 = CARTESIAN_POINT('',(-7.321099950096,5.017411859936));
#1363 = CARTESIAN_POINT('',(-7.267200321061,5.026049987008));
#1364 = CARTESIAN_POINT('',(-7.213170699619,5.034592207816));
#1365 = CARTESIAN_POINT('',(-7.158828465331,5.043117793638));
#1366 = CARTESIAN_POINT('',(-7.103990997778,5.051706015751));
#1367 = CARTESIAN_POINT('',(-7.048475676526,5.060436145433));
#1368 = CARTESIAN_POINT('',(-6.992099881149,5.069387453962));
#1369 = CARTESIAN_POINT('',(-6.934680991218,5.078639212615));
#1370 = CARTESIAN_POINT('',(-6.817391781393,5.097902172726));
#1371 = CARTESIAN_POINT('',(-6.757429656545,5.107864778693));
#1372 = CARTESIAN_POINT('',(-6.69576535947,5.118130839497));
#1373 = CARTESIAN_POINT('',(-6.634210031961,5.129834992712));
#1374 = CARTESIAN_POINT('',(-6.574518781367,5.144082214973));
#1375 = CARTESIAN_POINT('',(-6.517837734978,5.161655129008));
#1376 = CARTESIAN_POINT('',(-6.46510074816,5.18322399479));
#1377 = CARTESIAN_POINT('',(-6.417626536976,5.209662792164));
#1378 = CARTESIAN_POINT('',(-6.377167006143,5.242074802506));
#1379 = CARTESIAN_POINT('',(-6.312148080016,5.320187390991));
#1380 = CARTESIAN_POINT('',(-6.287615089338,5.365856247096));
#1381 = CARTESIAN_POINT('',(-6.270228920644,5.417339563542));
#1382 = CARTESIAN_POINT('',(-6.258586736942,5.473114695173));
#1383 = CARTESIAN_POINT('',(-6.25158979513,5.532043390496));
#1384 = CARTESIAN_POINT('',(-6.248409520302,5.593328907479));
#1385 = CARTESIAN_POINT('',(-6.248068324867,5.655986142758));
#1386 = CARTESIAN_POINT('',(-6.249161123619,5.718489609296));
#1387 = CARTESIAN_POINT('',(-6.250243495751,5.7792640974));
#1388 = CARTESIAN_POINT('',(-6.252581394101,5.898101610859));
#1389 = CARTESIAN_POINT('',(-6.253901366434,5.956246100126));
#1390 = CARTESIAN_POINT('',(-6.255327541333,6.013310294275));
#1391 = CARTESIAN_POINT('',(-6.256815098201,6.069488165653));
#1392 = CARTESIAN_POINT('',(-6.258319216449,6.124973686602));
#1393 = CARTESIAN_POINT('',(-6.259795075481,6.179960829472));
#1394 = CARTESIAN_POINT('',(-6.261197854705,6.234643566604));
#1395 = CARTESIAN_POINT('',(-6.262482733526,6.289215870345));
#1396 = CARTESIAN_POINT('',(-6.263604891353,6.34387171304));
#1397 = CARTESIAN_POINT('',(-6.266348740066,6.508671775022));
#1398 = CARTESIAN_POINT('',(-6.267317406621,6.619928019869));
#1399 = CARTESIAN_POINT('',(-6.267159510621,6.732707881277));
#1400 = CARTESIAN_POINT('',(-6.264589532413,6.846194347647));
#1401 = CARTESIAN_POINT('',(-6.258834697164,6.959807261528));
#1402 = CARTESIAN_POINT('',(-6.249642501214,7.073339021728));
#1403 = CARTESIAN_POINT('',(-6.236555791325,7.186552838067));
#1404 = CARTESIAN_POINT('',(-6.218247691699,7.298758335493));
#1405 = CARTESIAN_POINT('',(-6.192708673084,7.408879303479));
#1406 = CARTESIAN_POINT('',(-6.125447444502,7.624177471194));
#1407 = CARTESIAN_POINT('',(-6.083771956225,7.730010449144));
#1408 = CARTESIAN_POINT('',(-6.031918435769,7.826742185382));
#1409 = CARTESIAN_POINT('',(-5.971609670665,7.941935281473));
#1410 = CARTESIAN_POINT('',(-5.890867908737,8.006629291933));
#1411 = CARTESIAN_POINT('',(-5.821735937209,8.116838852632));
#1412 = CARTESIAN_POINT('',(-5.718969644333,8.164494346251));
#1413 = CARTESIAN_POINT('',(-5.618323923477,8.220098845222));
#1414 = CARTESIAN_POINT('',(-5.50970247882,8.25780018357));
#1415 = CARTESIAN_POINT('',(-5.287221837459,8.311058474421));
#1416 = CARTESIAN_POINT('',(-5.172796598132,8.325958631832));
#1417 = CARTESIAN_POINT('',(-5.059743891139,8.329900698642));
#1418 = CARTESIAN_POINT('',(-4.947399080518,8.324030670426));
#1419 = CARTESIAN_POINT('',(-4.834916868824,8.309955151122));
#1420 = CARTESIAN_POINT('',(-4.72267226344,8.289466710719));
#1421 = CARTESIAN_POINT('',(-4.611573539944,8.264142251438));
#1422 = CARTESIAN_POINT('',(-4.501839658932,8.235047543735));
#1423 = CARTESIAN_POINT('',(-4.392794592512,8.202781093076));
#1424 = CARTESIAN_POINT('',(-4.231449228992,8.15074520167));
#1425 = CARTESIAN_POINT('',(-4.177991975097,8.132802402877));
#1426 = CARTESIAN_POINT('',(-4.124879730765,8.114366049838));
#1427 = CARTESIAN_POINT('',(-4.072161060811,8.09555638335));
#1428 = CARTESIAN_POINT('',(-4.019884876726,8.076493845317));
#1429 = CARTESIAN_POINT('',(-3.968072694173,8.057282986425));
#1430 = CARTESIAN_POINT('',(-3.916690890449,8.037996373877));
#1431 = CARTESIAN_POINT('',(-3.865622961992,8.018658499072));
#1432 = CARTESIAN_POINT('',(-3.814641781842,7.999229685321));
#1433 = CARTESIAN_POINT('',(-3.71212193244,7.959950305777));
#1434 = CARTESIAN_POINT('',(-3.660555112006,7.939971486216));
#1435 = CARTESIAN_POINT('',(-3.609069279013,7.920564295351));
#1436 = CARTESIAN_POINT('',(-3.556286292875,7.899824885794));
#1437 = CARTESIAN_POINT('',(-3.502842821714,7.879060517823));
#1438 = CARTESIAN_POINT('',(-3.449117995684,7.859167999759));
#1439 = CARTESIAN_POINT('',(-3.393901674426,7.838511235113));
#1440 = CARTESIAN_POINT('',(-3.336245213647,7.815870887552));
#1441 = CARTESIAN_POINT('',(-3.277984707505,7.794465806326));
#1442 = CARTESIAN_POINT('',(-3.161364842894,7.756479165631));
#1443 = CARTESIAN_POINT('',(-3.102850103655,7.73950288663));
#1444 = CARTESIAN_POINT('',(-3.0459681487,7.729048441934));
#1445 = CARTESIAN_POINT('',(-2.986657112623,7.713609542584));
#1446 = CARTESIAN_POINT('',(-2.937857708093,7.727824771572));
#1447 = CARTESIAN_POINT('',(-2.878934214757,7.715206519403));
#1448 = CARTESIAN_POINT('',(-2.835791111395,7.745576935027));
#1449 = CARTESIAN_POINT('',(-2.790679238531,7.77028251396));
#1450 = CARTESIAN_POINT('',(-2.749874518746,7.805873647867));
#1451 = CARTESIAN_POINT('',(-2.673176430384,7.887812400908));
#1452 = CARTESIAN_POINT('',(-2.637412367469,7.934424828154));
#1453 = CARTESIAN_POINT('',(-2.604022776716,7.986316738826));
#1454 = CARTESIAN_POINT('',(-2.572032129318,8.037910826395));
#1455 = CARTESIAN_POINT('',(-2.542203419078,8.095478111254));
#1456 = CARTESIAN_POINT('',(-2.513165430204,8.150744612843));
#1457 = CARTESIAN_POINT('',(-2.484071624383,8.199012116765));
#1458 = CARTESIAN_POINT('',(-2.456449503376,8.25176189502));
#1459 = CARTESIAN_POINT('',(-2.429056293674,8.30159532302));
#1460 = CARTESIAN_POINT('',(-2.348246866889,8.450217773599));
#1461 = CARTESIAN_POINT('',(-2.296010332303,8.546716034745));
#1462 = CARTESIAN_POINT('',(-2.244073725991,8.642413224166));
#1463 = CARTESIAN_POINT('',(-2.192722783584,8.734850985269));
#1464 = CARTESIAN_POINT('',(-2.13753328656,8.834235378728));
#1465 = CARTESIAN_POINT('',(-2.080245079259,8.934026561311));
#1466 = CARTESIAN_POINT('',(-2.022449036008,9.027925745209));
#1467 = CARTESIAN_POINT('',(-1.960077064418,9.124980463722));
#1468 = CARTESIAN_POINT('',(-1.8952294338,9.217996061078));
#1469 = CARTESIAN_POINT('',(-1.757928150882,9.398737458655));
#1470 = CARTESIAN_POINT('',(-1.685108002425,9.486302581218));
#1471 = CARTESIAN_POINT('',(-1.611147550965,9.567942589806));
#1472 = CARTESIAN_POINT('',(-1.52010661072,9.649998272546));
#1473 = CARTESIAN_POINT('',(-1.447501614167,9.713148212113));
#1474 = CARTESIAN_POINT('',(-1.33709589888,9.783829668166));
#1475 = CARTESIAN_POINT('',(-1.239133716388,9.835376233917));
#1476 = CARTESIAN_POINT('',(-1.130046353635,9.877933161147));
#1477 = CARTESIAN_POINT('',(-1.019400325426,9.905120654856));
#1478 = CARTESIAN_POINT('',(-0.794719617783,9.925674432373));
#1479 = CARTESIAN_POINT('',(-0.680977181779,9.919013981787));
#1480 = CARTESIAN_POINT('',(-0.565978887719,9.896956396768));
#1481 = CARTESIAN_POINT('',(-0.460290020939,9.864039817339));
#1482 = CARTESIAN_POINT('',(-0.338892302397,9.814563724314));
#1483 = CARTESIAN_POINT('',(-0.256034400864,9.765635523437));
#1484 = CARTESIAN_POINT('',(-0.151616278248,9.701460423588));
#1485 = CARTESIAN_POINT('',(-6.407055703638E-02,9.634594990514));
#1486 = CARTESIAN_POINT('',(2.342884852403E-02,9.561695890905));
#1487 = CARTESIAN_POINT('',(0.191245153029,9.408866630374));
#1488 = CARTESIAN_POINT('',(0.271893311854,9.329160978178));
#1489 = CARTESIAN_POINT('',(0.350839762969,9.245034056321));
#1490 = CARTESIAN_POINT('',(0.424713703742,9.163180038203));
#1491 = CARTESIAN_POINT('',(0.499157281166,9.07543966789));
#1492 = CARTESIAN_POINT('',(0.571463177586,8.987718543927));
#1493 = CARTESIAN_POINT('',(0.638733841249,8.906132290447));
#1494 = CARTESIAN_POINT('',(0.707171836959,8.821446967927));
#1495 = CARTESIAN_POINT('',(0.77605012858,8.736028288074));
#1496 = CARTESIAN_POINT('',(0.882484535516,8.60453489167));
#1497 = CARTESIAN_POINT('',(0.918464915056,8.560498874889));
#1498 = CARTESIAN_POINT('',(0.95519954818,8.51363644396));
#1499 = CARTESIAN_POINT('',(0.992568173968,8.471448918833));
#1500 = CARTESIAN_POINT('',(1.031151806248,8.42236843014));
#1501 = CARTESIAN_POINT('',(1.070930488118,8.371168812908));
#1502 = CARTESIAN_POINT('',(1.111751444441,8.326235519531));
#1503 = CARTESIAN_POINT('',(1.154002159497,8.281263171015));
#1504 = CARTESIAN_POINT('',(1.19763002339,8.241913508448));
#1505 = CARTESIAN_POINT('',(1.287922147251,8.175251011413));
#1506 = CARTESIAN_POINT('',(1.334507293784,8.147654301784));
#1507 = CARTESIAN_POINT('',(1.383353032068,8.131543979604));
#1508 = CARTESIAN_POINT('',(1.431290476166,8.109505598125));
#1509 = CARTESIAN_POINT('',(1.486946581442,8.132605669082));
#1510 = CARTESIAN_POINT('',(1.53751522812,8.127480619765));
#1511 = CARTESIAN_POINT('',(1.593040616004,8.153424798765));
#1512 = CARTESIAN_POINT('',(1.647081578716,8.174026479225));
#1513 = CARTESIAN_POINT('',(1.701544880267,8.201337987008));
#1514 = CARTESIAN_POINT('',(1.80933665545,8.25985375313));
#1515 = CARTESIAN_POINT('',(1.862746314329,8.291474373543));
#1516 = CARTESIAN_POINT('',(1.915337792472,8.324200130734));
#1517 = CARTESIAN_POINT('',(1.965889458855,8.354532421178));
#1518 = CARTESIAN_POINT('',(2.015113019748,8.383842504047));
#1519 = CARTESIAN_POINT('',(2.063901728133,8.413958934593));
#1520 = CARTESIAN_POINT('',(2.112045467313,8.443931001937));
#1521 = CARTESIAN_POINT('',(2.159155321843,8.472357620956));
#1522 = CARTESIAN_POINT('',(2.206241180827,8.501361140379));
#1523 = CARTESIAN_POINT('',(2.299932520543,8.558589944301));
#1524 = CARTESIAN_POINT('',(2.346542383127,8.586946435335));
#1525 = CARTESIAN_POINT('',(2.393254196152,8.615229354713));
#1526 = CARTESIAN_POINT('',(2.440284151507,8.643518958976));
#1527 = CARTESIAN_POINT('',(2.487751249339,8.671812290645));
#1528 = CARTESIAN_POINT('',(2.535701672132,8.700044046915));
#1529 = CARTESIAN_POINT('',(2.58413315879,8.728107448362));
#1530 = CARTESIAN_POINT('',(2.633019378724,8.755875107642));
#1531 = CARTESIAN_POINT('',(2.682334305931,8.783219898193));
#1532 = CARTESIAN_POINT('',(2.83156116737,8.863667672431));
#1533 = CARTESIAN_POINT('',(2.932742949406,8.915339433149));
#1534 = CARTESIAN_POINT('',(3.035902839381,8.963448730488));
#1535 = CARTESIAN_POINT('',(3.140254294181,9.008742660737));
#1536 = CARTESIAN_POINT('',(3.246544609913,9.049537479338));
#1537 = CARTESIAN_POINT('',(3.354966932865,9.083497054533));
#1538 = CARTESIAN_POINT('',(3.464681048932,9.109414089799));
#1539 = CARTESIAN_POINT('',(3.576048906601,9.126464967695));
#1540 = CARTESIAN_POINT('',(3.691498733109,9.132435915522));
#1541 = CARTESIAN_POINT('',(3.862859896013,9.123449605894));
#1542 = CARTESIAN_POINT('',(3.919840810313,9.117534599102));
#1543 = CARTESIAN_POINT('',(3.976206846693,9.108169225068));
#1544 = CARTESIAN_POINT('',(4.03187449729,9.095656642463));
#1545 = CARTESIAN_POINT('',(4.086564718649,9.079883910491));
#1546 = CARTESIAN_POINT('',(4.139790083959,9.060294648889));
#1547 = CARTESIAN_POINT('',(4.191124725095,9.036463474166));
#1548 = CARTESIAN_POINT('',(4.240465269527,9.008651273022));
#1549 = CARTESIAN_POINT('',(4.287990977374,8.97772037401));
#1550 = CARTESIAN_POINT('',(4.379071589998,8.909856982891));
#1551 = CARTESIAN_POINT('',(4.422639516543,8.872949932419));
#1552 = CARTESIAN_POINT('',(4.464184259706,8.833386304356));
#1553 = CARTESIAN_POINT('',(4.503618727674,8.791530276767));
#1554 = CARTESIAN_POINT('',(4.540847279465,8.747756723781));
#1555 = CARTESIAN_POINT('',(4.575793463905,8.70241651076));
#1556 = CARTESIAN_POINT('',(4.608427758673,8.655801789669));
#1557 = CARTESIAN_POINT('',(4.638795309282,8.608111294234));
#1558 = CARTESIAN_POINT('',(4.667043668102,8.559415635281));
#1559 = CARTESIAN_POINT('',(4.746264263888,8.410036517285));
#1560 = CARTESIAN_POINT('',(4.79140894613,8.306397723337));
#1561 = CARTESIAN_POINT('',(4.829956422306,8.199559538698));
#1562 = CARTESIAN_POINT('',(4.862870673505,8.090200084018));
#1563 = CARTESIAN_POINT('',(4.891128191722,7.97904719455));
#1564 = CARTESIAN_POINT('',(4.915779744373,7.866990729865));
#1565 = CARTESIAN_POINT('',(4.937953531241,7.755082274613));
#1566 = CARTESIAN_POINT('',(4.958799733927,7.644422230483));
#1567 = CARTESIAN_POINT('',(4.979376457717,7.535934299203));
#1568 = CARTESIAN_POINT('',(5.011027370071,7.377073885465));
#1569 = CARTESIAN_POINT('',(5.021613461473,7.324597247181));
#1570 = CARTESIAN_POINT('',(5.03210579117,7.272241005206));
#1571 = CARTESIAN_POINT('',(5.042374810151,7.219648722872));
#1572 = CARTESIAN_POINT('',(5.052290969443,7.166463963541));
#1573 = CARTESIAN_POINT('',(5.061724720023,7.112330290531));
#1574 = CARTESIAN_POINT('',(5.070546512922,7.056891267209));
#1575 = CARTESIAN_POINT('',(5.078626799122,6.999790456901));
#1576 = CARTESIAN_POINT('',(5.085836029641,6.940671422959));
#1577 = CARTESIAN_POINT('',(5.098253281313,6.817684034484));
#1578 = CARTESIAN_POINT('',(5.103330983807,6.753655850891));
#1579 = CARTESIAN_POINT('',(5.106861426368,6.686385011205));
#1580 = CARTESIAN_POINT('',(5.111545238687,6.61898614581));
#1581 = CARTESIAN_POINT('',(5.120003508649,6.554476331196));
#1582 = CARTESIAN_POINT('',(5.133992866771,6.494812431828));
#1583 = CARTESIAN_POINT('',(5.154968620063,6.441581754556));
#1584 = CARTESIAN_POINT('',(5.184932391683,6.397041634585));
#1585 = CARTESIAN_POINT('',(5.226500723323,6.364203572734));
#1586 = CARTESIAN_POINT('',(5.281131096748,6.34465754308));
#1587 = ( GEOMETRIC_REPRESENTATION_CONTEXT(2) 
PARAMETRIC_REPRESENTATION_CONTEXT() REPRESENTATION_CONTEXT('2D SPACE',''
  ) );
#1588 = FACE_BOUND('',#1589,.F.);
#1589 = EDGE_LOOP('',(#1590,#2223,#2849,#2883,#2920,#2954,#3580,#3614,
    #3651));
#1590 = ORIENTED_EDGE('',*,*,#1591,.F.);
#1591 = EDGE_CURVE('',#1592,#1594,#1596,.T.);
#1592 = VERTEX_POINT('',#1593);
#1593 = CARTESIAN_POINT('',(1.143,-9.232564753831,7.54552));
#1594 = VERTEX_POINT('',#1595);
#1595 = CARTESIAN_POINT('',(0.28575,-9.910828464726,6.438815291832));
#1596 = SURFACE_CURVE('',#1597,(#1764,#1991),.PCURVE_S1.);
#1597 = B_SPLINE_CURVE_WITH_KNOTS('',8,(#1598,#1599,#1600,#1601,#1602,
    #1603,#1604,#1605,#1606,#1607,#1608,#1609,#1610,#1611,#1612,#1613,
    #1614,#1615,#1616,#1617,#1618,#1619,#1620,#1621,#1622,#1623,#1624,
    #1625,#1626,#1627,#1628,#1629,#1630,#1631,#1632,#1633,#1634,#1635,
    #1636,#1637,#1638,#1639,#1640,#1641,#1642,#1643,#1644,#1645,#1646,
    #1647,#1648,#1649,#1650,#1651,#1652,#1653,#1654,#1655,#1656,#1657,
    #1658,#1659,#1660,#1661,#1662,#1663,#1664,#1665,#1666,#1667,#1668,
    #1669,#1670,#1671,#1672,#1673,#1674,#1675,#1676,#1677,#1678,#1679,
    #1680,#1681,#1682,#1683,#1684,#1685,#1686,#1687,#1688,#1689,#1690,
    #1691,#1692,#1693,#1694,#1695,#1696,#1697,#1698,#1699,#1700,#1701,
    #1702,#1703,#1704,#1705,#1706,#1707,#1708,#1709,#1710,#1711,#1712,
    #1713,#1714,#1715,#1716,#1717,#1718,#1719,#1720,#1721,#1722,#1723,
    #1724,#1725,#1726,#1727,#1728,#1729,#1730,#1731,#1732,#1733,#1734,
    #1735,#1736,#1737,#1738,#1739,#1740,#1741,#1742,#1743,#1744,#1745,
    #1746,#1747,#1748,#1749,#1750,#1751,#1752,#1753,#1754,#1755,#1756,
    #1757,#1758,#1759,#1760,#1761,#1762,#1763),.UNSPECIFIED.,.T.,.F.,(9,
    7,7,7,7,7,7,7,7,7,7,7,7,7,7,3,7,7,7,7,7,7,7,7,9),(0.,
    4.407318608722E-02,9.097824315407E-02,0.187523294409,0.254299724514,
    0.315510758763,0.382257510894,0.470736508089,0.567240164152,
    0.6162426156,0.685174428385,0.766033016981,0.826748969767,
    0.877494401382,0.920517678388,1.,1.069310856049,1.117171841439,
    1.185965477807,1.262671916169,1.301235655275,1.355402206696,
    1.405996555926,1.445006864975,1.506068570698),.UNSPECIFIED.);
#1598 = CARTESIAN_POINT('',(1.143,-9.232564753831,7.54552));
#1599 = CARTESIAN_POINT('',(1.143000000008,-9.232564753821,
    7.529716617011));
#1600 = CARTESIAN_POINT('',(1.142750405958,-9.232881667003,
    7.513920900742));
#1601 = CARTESIAN_POINT('',(1.142251106044,-9.233515633647,7.49813298439
    ));
#1602 = CARTESIAN_POINT('',(1.14150308901,-9.234465065546,7.482368794514
    ));
#1603 = CARTESIAN_POINT('',(1.140507962133,-9.235727253572,
    7.466644216926));
#1604 = CARTESIAN_POINT('',(1.13926785489,-9.237298499716,7.450969101951
    ));
#1605 = CARTESIAN_POINT('',(1.137785708314,-9.239173773612,
    7.435351109088));
#1606 = CARTESIAN_POINT('',(1.134235690672,-9.243657580524,
    7.403269058112));
#1607 = CARTESIAN_POINT('',(1.132126386261,-9.246317966696,
    7.386724860987));
#1608 = CARTESIAN_POINT('',(1.129736079176,-9.249327628923,
    7.370176878567));
#1609 = CARTESIAN_POINT('',(1.127062363793,-9.252687172173,
    7.353625199334));
#1610 = CARTESIAN_POINT('',(1.124102386478,-9.256397229533,
    7.337069921348));
#1611 = CARTESIAN_POINT('',(1.120852845584,-9.260458462206,
    7.320511152256));
#1612 = CARTESIAN_POINT('',(1.117309991451,-9.264871559513,
    7.303949009289));
#1613 = CARTESIAN_POINT('',(1.105564972564,-9.279446474583,
    7.253286945479));
#1614 = CARTESIAN_POINT('',(1.096556732172,-9.290554594425,
    7.219853875356));
#1615 = CARTESIAN_POINT('',(1.086509229083,-9.302846629702,
    7.187145811138));
#1616 = CARTESIAN_POINT('',(1.075487863585,-9.316201891009,
    7.155201962474));
#1617 = CARTESIAN_POINT('',(1.063554983132,-9.330501146743,
    7.124043789641));
#1618 = CARTESIAN_POINT('',(1.050766604032,-9.345631903984,
    7.093678535644));
#1619 = CARTESIAN_POINT('',(1.037169984084,-9.361491791757,
    7.064101847198));
#1620 = CARTESIAN_POINT('',(1.012864306337,-9.389401243327,
    7.015378018614));
#1621 = CARTESIAN_POINT('',(1.002370911332,-9.401332748934,
    6.995452781077));
#1622 = CARTESIAN_POINT('',(0.991299421828,-9.41378305095,6.975522979817
    ));
#1623 = CARTESIAN_POINT('',(0.979626709066,-9.426759254037,
    6.955591675471));
#1624 = CARTESIAN_POINT('',(0.967323491446,-9.440259086045,
    6.935657425166));
#1625 = CARTESIAN_POINT('',(0.954355314367,-9.454276681986,
    6.915717974024));
#1626 = CARTESIAN_POINT('',(0.94068396112,-9.468810721479,6.89577507602)
  );
#1627 = CARTESIAN_POINT('',(0.913044476993,-9.49764254819,6.857546311719
    ));
#1628 = CARTESIAN_POINT('',(0.899194011751,-9.51186165681,6.839257806869
    ));
#1629 = CARTESIAN_POINT('',(0.88467679488,-9.526504391796,6.820966793922
    ));
#1630 = CARTESIAN_POINT('',(0.869451358658,-9.541565757825,
    6.802673074835));
#1631 = CARTESIAN_POINT('',(0.853467665689,-9.557041071541,
    6.784374902518));
#1632 = CARTESIAN_POINT('',(0.836664914975,-9.572924839612,6.76607041258
    ));
#1633 = CARTESIAN_POINT('',(0.818969347986,-9.589209636783,
    6.747759055071));
#1634 = CARTESIAN_POINT('',(0.779925650566,-9.624068392799,
    6.709470557984));
#1635 = CARTESIAN_POINT('',(0.75836226213,-9.642742375153,6.689463668656
    ));
#1636 = CARTESIAN_POINT('',(0.735512192149,-9.661865657445,
    6.669457877846));
#1637 = CARTESIAN_POINT('',(0.711234772385,-9.681421849197,
    6.649455089606));
#1638 = CARTESIAN_POINT('',(0.685322849617,-9.701413071374,
    6.629439032537));
#1639 = CARTESIAN_POINT('',(0.65748939665,-9.721853397949,6.609385548254
    ));
#1640 = CARTESIAN_POINT('',(0.627339573019,-9.742749176225,
    6.589283050474));
#1641 = CARTESIAN_POINT('',(0.550529872252,-9.792293867893,
    6.542528004196));
#1642 = CARTESIAN_POINT('',(0.504738663909,-9.819293551847,6.51772576498
    ));
#1643 = CARTESIAN_POINT('',(0.456758098483,-9.844783230673,
    6.494838303102));
#1644 = CARTESIAN_POINT('',(0.406624891843,-9.868467584903,
    6.474099181172));
#1645 = CARTESIAN_POINT('',(0.35445602336,-9.889976012563,6.455791199182
    ));
#1646 = CARTESIAN_POINT('',(0.300392855876,-9.908850557181,
    6.440180624974));
#1647 = CARTESIAN_POINT('',(0.244625664589,-9.924570839501,
    6.427503436642));
#1648 = CARTESIAN_POINT('',(0.125190307388,-9.94975358914,6.407642121275
    ));
#1649 = CARTESIAN_POINT('',(6.119080027614E-02,-9.958437504083,
    6.401066913479));
#1650 = CARTESIAN_POINT('',(-3.683755983278E-03,-9.961827894015,
    6.398597499146));
#1651 = CARTESIAN_POINT('',(-6.866315605186E-02,-9.959526966123,
    6.400382005696));
#1652 = CARTESIAN_POINT('',(-0.133023179765,-9.9515789785,6.406397142307
    ));
#1653 = CARTESIAN_POINT('',(-0.196085592133,-9.93847024014,
    6.416448199908));
#1654 = CARTESIAN_POINT('',(-0.25721814334,-9.921129110941,
    6.430169051185));
#1655 = CARTESIAN_POINT('',(-0.345598710921,-9.890667303537,
    6.45557978682));
#1656 = CARTESIAN_POINT('',(-0.374808678958,-9.879555049915,
    6.464977333152));
#1657 = CARTESIAN_POINT('',(-0.403433268921,-9.867670483837,
    6.47516921306));
#1658 = CARTESIAN_POINT('',(-0.431447657976,-9.855088421547,
    6.486111868624));
#1659 = CARTESIAN_POINT('',(-0.458833404386,-9.841877252531,
    6.497763760518));
#1660 = CARTESIAN_POINT('',(-0.485578447511,-9.828098939523,
    6.510085368013));
#1661 = CARTESIAN_POINT('',(-0.511677107805,-9.813809018501,
    6.523039188973));
#1662 = CARTESIAN_POINT('',(-0.572934825823,-9.778304350366,
    6.555651317578));
#1663 = CARTESIAN_POINT('',(-0.607464581723,-9.756640819603,
    6.57589764866));
#1664 = CARTESIAN_POINT('',(-0.640756193932,-9.734204806016,
    6.597257528523));
#1665 = CARTESIAN_POINT('',(-0.672847747135,-9.711131994339,
    6.619675877302));
#1666 = CARTESIAN_POINT('',(-0.703777117932,-9.687554722884,
    6.643114080654));
#1667 = CARTESIAN_POINT('',(-0.733580521482,-9.66360175201,
    6.667550330571));
#1668 = CARTESIAN_POINT('',(-0.762291058138,-9.639398032583,
    6.692979966191));
#1669 = CARTESIAN_POINT('',(-0.822366885535,-9.58652065575,
    6.750425667751));
#1670 = CARTESIAN_POINT('',(-0.853315456567,-9.557812236756,
    6.782804387839));
#1671 = CARTESIAN_POINT('',(-0.882839522293,-9.529133977549,
    6.816580294577));
#1672 = CARTESIAN_POINT('',(-0.910956909461,-9.500674729286,
    6.851787230597));
#1673 = CARTESIAN_POINT('',(-0.937666573478,-9.472690157741,
    6.888491847925));
#1674 = CARTESIAN_POINT('',(-0.962922121767,-9.445378176448,
    6.926732627603));
#1675 = CARTESIAN_POINT('',(-0.986670338819,-9.419050463065,
    6.966600663008));
#1676 = CARTESIAN_POINT('',(-1.025428117141,-9.375116277623,
    7.039361746286));
#1677 = CARTESIAN_POINT('',(-1.041134250278,-9.356979742794,
    7.071505691823));
#1678 = CARTESIAN_POINT('',(-1.0558816237,-9.339663935765,7.104613556153
    ));
#1679 = CARTESIAN_POINT('',(-1.069611155453,-9.323302106793,
    7.138696992948));
#1680 = CARTESIAN_POINT('',(-1.082250041857,-9.308043626449,
    7.173752471164));
#1681 = CARTESIAN_POINT('',(-1.093715289204,-9.294049250814,
    7.209757328934));
#1682 = CARTESIAN_POINT('',(-1.103918568217,-9.281483225516,
    7.24666427672));
#1683 = CARTESIAN_POINT('',(-1.120172276327,-9.261324485251,
    7.315928547085));
#1684 = CARTESIAN_POINT('',(-1.126630301563,-9.253252883798,
    7.348041511959));
#1685 = CARTESIAN_POINT('',(-1.132091427475,-9.246384108026,
    7.380669578199));
#1686 = CARTESIAN_POINT('',(-1.136504518944,-9.240806690457,
    7.413735983558));
#1687 = CARTESIAN_POINT('',(-1.139826023961,-9.236595177321,
    7.447150105138));
#1688 = CARTESIAN_POINT('',(-1.142023652349,-9.233804293573,
    7.480806694855));
#1689 = CARTESIAN_POINT('',(-1.143080054494,-9.232463107899,
    7.514585114899));
#1690 = CARTESIAN_POINT('',(-1.14292566049,-9.232659143406,
    7.576974098154));
#1691 = CARTESIAN_POINT('',(-1.142035445505,-9.233789396743,
    7.605597825014));
#1692 = CARTESIAN_POINT('',(-1.140326209062,-9.235959471346,
    7.634138192596));
#1693 = CARTESIAN_POINT('',(-1.137807753187,-9.239152925198,
    7.662521405213));
#1694 = CARTESIAN_POINT('',(-1.134497770406,-9.243339821236,
    7.690681160452));
#1695 = CARTESIAN_POINT('',(-1.130420286157,-9.24847918792,
    7.718558376954));
#1696 = CARTESIAN_POINT('',(-1.125604101213,-9.254521479811,
    7.746100922194));
#1697 = CARTESIAN_POINT('',(-1.109878145641,-9.274138987489,7.8234438983
    ));
#1698 = CARTESIAN_POINT('',(-1.097267395951,-9.28975306322,
    7.872306739448));
#1699 = CARTESIAN_POINT('',(-1.082440889051,-9.307918998926,
    7.919640937978));
#1700 = CARTESIAN_POINT('',(-1.050914169498,-9.345987701262,
    8.005194747431));
#1701 = CARTESIAN_POINT('',(-1.012998515224,-9.390436915223,
    8.084834765548));
#1702 = CARTESIAN_POINT('',(-0.969692716548,-9.439008452395,
    8.158655004835));
#1703 = CARTESIAN_POINT('',(-0.921531869333,-9.490447324571,
    8.227107363969));
#1704 = CARTESIAN_POINT('',(-0.868546372966,-9.542944257428,
    8.29066299421));
#1705 = CARTESIAN_POINT('',(-0.842833287625,-9.567537152478,
    8.319215691712));
#1706 = CARTESIAN_POINT('',(-0.816066551954,-9.592122854153,
    8.346746290062));
#1707 = CARTESIAN_POINT('',(-0.768981244398,-9.633467204702,
    8.391582740587));
#1708 = CARTESIAN_POINT('',(-0.748698000241,-9.650760774303,8.4099229603
    ));
#1709 = CARTESIAN_POINT('',(-0.72728636476,-9.668430826356,
    8.428265497297));
#1710 = CARTESIAN_POINT('',(-0.704624945329,-9.686463655348,
    8.446607199908));
#1711 = CARTESIAN_POINT('',(-0.680544651837,-9.704861828777,
    8.464961265781));
#1712 = CARTESIAN_POINT('',(-0.654815126783,-9.723636320831,
    8.483346353385));
#1713 = CARTESIAN_POINT('',(-0.627121914061,-9.742790030896,
    8.501768936788));
#1714 = CARTESIAN_POINT('',(-0.553787621786,-9.790325093962,
    8.546689466573));
#1715 = CARTESIAN_POINT('',(-0.508574603445,-9.817156625787,
    8.571369366751));
#1716 = CARTESIAN_POINT('',(-0.461220903202,-9.842512397564,
    8.594189759829));
#1717 = CARTESIAN_POINT('',(-0.411749816426,-9.866131015341,
    8.61490880721));
#1718 = CARTESIAN_POINT('',(-0.360272865877,-9.887645005853,
    8.633264136456));
#1719 = CARTESIAN_POINT('',(-0.306928593622,-9.906602933682,
    8.649007125333));
#1720 = CARTESIAN_POINT('',(-0.251892525996,-9.922526889502,
    8.661887893811));
#1721 = CARTESIAN_POINT('',(-0.132581348878,-9.948694249189,
    8.682598180422));
#1722 = CARTESIAN_POINT('',(-6.788108439724E-02,-9.958025090391,
    8.689669980737));
#1723 = CARTESIAN_POINT('',(-2.21985861205E-03,-9.961968054703,
    8.692546557682));
#1724 = CARTESIAN_POINT('',(6.360643980341E-02,-9.960070448356,
    8.691060607575));
#1725 = CARTESIAN_POINT('',(0.128845468958,-9.95235038588,8.685226254588
    ));
#1726 = CARTESIAN_POINT('',(0.192788433746,-9.9392967901,8.675239050746)
  );
#1727 = CARTESIAN_POINT('',(0.254770085843,-9.921869392141,
    8.661475975929));
#1728 = CARTESIAN_POINT('',(0.344031061512,-9.891257494023,
    8.635958565952));
#1729 = CARTESIAN_POINT('',(0.373337913485,-9.880155184427,8.6265759594)
  );
#1730 = CARTESIAN_POINT('',(0.402057660397,-9.868273857858,
    8.616393480602));
#1731 = CARTESIAN_POINT('',(0.430165100157,-9.855689079689,
    8.605455002593));
#1732 = CARTESIAN_POINT('',(0.457641447819,-9.842469925436,
    8.593802409053));
#1733 = CARTESIAN_POINT('',(0.484474335581,-9.828678980764,
    8.581475594306));
#1734 = CARTESIAN_POINT('',(0.510657812785,-9.814372341483,
    8.568512463322));
#1735 = CARTESIAN_POINT('',(0.572058100478,-9.77884986921,8.535897622134
    ));
#1736 = CARTESIAN_POINT('',(0.606646017224,-9.757184424919,
    8.515657968144));
#1737 = CARTESIAN_POINT('',(0.639992900975,-9.734742535693,
    8.494301683934));
#1738 = CARTESIAN_POINT('',(0.672136879701,-9.711660334841,
    8.471884287343));
#1739 = CARTESIAN_POINT('',(0.703115934692,-9.688070589299,
    8.448444755011));
#1740 = CARTESIAN_POINT('',(0.732966430717,-9.66410245496,8.424005177543
    ));
#1741 = CARTESIAN_POINT('',(0.761721646197,-9.639881232009,
    8.398570414657));
#1742 = CARTESIAN_POINT('',(0.815272935449,-9.592781059401,
    8.347428939784));
#1743 = CARTESIAN_POINT('',(0.840198522063,-9.569925014347,
    8.321857096007));
#1744 = CARTESIAN_POINT('',(0.864211080733,-9.547058848371,
    8.295401292681));
#1745 = CARTESIAN_POINT('',(0.887323700738,-9.52428648911,8.268044650556
    ));
#1746 = CARTESIAN_POINT('',(0.909538575086,-9.501717668298,
    8.239764501571));
#1747 = CARTESIAN_POINT('',(0.930847032482,-9.479468661507,
    8.210532552955));
#1748 = CARTESIAN_POINT('',(0.951229569301,-9.4576630279,8.180315051328)
  );
#1749 = CARTESIAN_POINT('',(0.9856343615,-9.420062630422,8.124984008577)
  );
#1750 = CARTESIAN_POINT('',(1.000041216334,-9.404037206529,
    8.100290815196));
#1751 = CARTESIAN_POINT('',(1.013863764008,-9.388421093163,
    8.074973749512));
#1752 = CARTESIAN_POINT('',(1.027077878979,-9.373269780099,
    8.049023274746));
#1753 = CARTESIAN_POINT('',(1.039655667792,-9.358651700262,
    8.022430387367));
#1754 = CARTESIAN_POINT('',(1.051564895016,-9.344643969883,
    7.995188906518));
#1755 = CARTESIAN_POINT('',(1.062767076863,-9.331323217177,
    7.967300046625));
#1756 = CARTESIAN_POINT('',(1.089584632713,-9.299129320108,
    7.894112026549));
#1757 = CARTESIAN_POINT('',(1.104131981098,-9.281353483372,
    7.847837207768));
#1758 = CARTESIAN_POINT('',(1.116676246314,-9.265794947127,
    7.800021055953));
#1759 = CARTESIAN_POINT('',(1.127017077103,-9.25281972654,7.750802152926
    ));
#1760 = CARTESIAN_POINT('',(1.134955445479,-9.242779577713,
    7.700392978169));
#1761 = CARTESIAN_POINT('',(1.140319277657,-9.235968197153,
    7.649092075786));
#1762 = CARTESIAN_POINT('',(1.143,-9.232564753831,7.597297280112));
#1763 = CARTESIAN_POINT('',(1.143,-9.232564753831,7.54552));
#1764 = PCURVE('',#368,#1765);
#1765 = DEFINITIONAL_REPRESENTATION('',(#1766),#1990);
#1766 = B_SPLINE_CURVE_WITH_KNOTS('',3,(#1767,#1768,#1769,#1770,#1771,
    #1772,#1773,#1774,#1775,#1776,#1777,#1778,#1779,#1780,#1781,#1782,
    #1783,#1784,#1785,#1786,#1787,#1788,#1789,#1790,#1791,#1792,#1793,
    #1794,#1795,#1796,#1797,#1798,#1799,#1800,#1801,#1802,#1803,#1804,
    #1805,#1806,#1807,#1808,#1809,#1810,#1811,#1812,#1813,#1814,#1815,
    #1816,#1817,#1818,#1819,#1820,#1821,#1822,#1823,#1824,#1825,#1826,
    #1827,#1828,#1829,#1830,#1831,#1832,#1833,#1834,#1835,#1836,#1837,
    #1838,#1839,#1840,#1841,#1842,#1843,#1844,#1845,#1846,#1847,#1848,
    #1849,#1850,#1851,#1852,#1853,#1854,#1855,#1856,#1857,#1858,#1859,
    #1860,#1861,#1862,#1863,#1864,#1865,#1866,#1867,#1868,#1869,#1870,
    #1871,#1872,#1873,#1874,#1875,#1876,#1877,#1878,#1879,#1880,#1881,
    #1882,#1883,#1884,#1885,#1886,#1887,#1888,#1889,#1890,#1891,#1892,
    #1893,#1894,#1895,#1896,#1897,#1898,#1899,#1900,#1901,#1902,#1903,
    #1904,#1905,#1906,#1907,#1908,#1909,#1910,#1911,#1912,#1913,#1914,
    #1915,#1916,#1917,#1918,#1919,#1920,#1921,#1922,#1923,#1924,#1925,
    #1926,#1927,#1928,#1929,#1930,#1931,#1932,#1933,#1934,#1935,#1936,
    #1937,#1938,#1939,#1940,#1941,#1942,#1943,#1944,#1945,#1946,#1947,
    #1948,#1949,#1950,#1951,#1952,#1953,#1954,#1955,#1956,#1957,#1958,
    #1959,#1960,#1961,#1962,#1963,#1964,#1965,#1966,#1967,#1968,#1969,
    #1970,#1971,#1972,#1973,#1974,#1975,#1976,#1977,#1978,#1979,#1980,
    #1981,#1982,#1983,#1984,#1985,#1986,#1987,#1988,#1989),
  .UNSPECIFIED.,.T.,.F.,(4,1,1,1,1,1,1,1,1,1,1,1,1,1,1,1,1,1,1,1,1,1,1,1
    ,1,1,1,1,1,1,1,1,1,1,1,1,1,1,1,1,1,1,1,1,1,1,1,1,1,1,1,1,1,1,1,1,1,1
    ,1,1,1,1,1,1,1,1,1,1,1,1,1,1,1,1,1,1,1,1,1,1,1,1,1,1,1,1,1,1,1,1,1,1
    ,1,1,1,1,1,1,1,1,1,1,1,1,1,1,1,1,1,1,1,1,1,1,1,1,1,1,1,1,1,1,1,1,1,1
    ,1,1,1,1,1,1,1,1,1,1,1,1,1,1,1,1,1,1,1,1,1,1,1,1,1,1,1,1,1,1,1,1,1,1
    ,1,1,1,1,1,1,1,1,1,1,1,1,1,1,1,1,1,1,1,1,1,1,1,1,1,1,1,1,1,1,1,1,1,1
    ,1,1,1,1,1,1,1,1,1,1,1,1,1,1,1,1,1,1,1,1,1,1,1,1,1,1,4),(0.,
    6.845766230446E-03,1.369153246089E-02,2.053729869134E-02,
    2.738306492178E-02,3.422883115223E-02,4.107459738268E-02,
    4.792036361312E-02,5.476612984357E-02,6.161189607402E-02,
    6.845766230446E-02,7.530342853491E-02,8.214919476535E-02,
    8.89949609958E-02,9.584072722625E-02,0.102686493457,0.109532259687,
    0.116378025918,0.123223792148,0.130069558378,0.136915324609,
    0.143761090839,0.15060685707,0.1574526233,0.164298389531,
    0.171144155761,0.177989921992,0.184835688222,0.191681454452,
    0.198527220683,0.205372986913,0.212218753144,0.219064519374,
    0.225910285605,0.232756051835,0.239601818066,0.246447584296,
    0.253293350527,0.260139116757,0.266984882987,0.273830649218,
    0.280676415448,0.287522181679,0.294367947909,0.30121371414,
    0.30805948037,0.314905246601,0.321751012831,0.328596779061,
    0.335442545292,0.342288311522,0.349134077753,0.355979843983,
    0.362825610214,0.369671376444,0.376517142675,0.383362908905,
    0.390208675135,0.397054441366,0.403900207596,0.410745973827,
    0.417591740057,0.424437506288,0.431283272518,0.438129038749,
    0.444974804979,0.451820571209,0.45866633744,0.46551210367,
    0.472357869901,0.479203636131,0.486049402362,0.492895168592,
    0.499740934823,0.506586701053,0.513432467283,0.520278233514,
    0.527123999744,0.533969765975,0.540815532205,0.547661298436,
    0.554507064666,0.561352830897,0.568198597127,0.575044363357,
    0.581890129588,0.588735895818,0.595581662049,0.602427428279,
    0.60927319451,0.61611896074,0.622964726971,0.629810493201,
    0.636656259432,0.643502025662,0.650347791892,0.657193558123,
    0.664039324353,0.670885090584,0.677730856814,0.684576623045,
    0.691422389275,0.698268155506,0.705113921736,0.711959687966,
    0.718805454197,0.725651220427,0.732496986658,0.739342752888,
    0.746188519119,0.753034285349,0.75988005158,0.76672581781,
    0.77357158404,0.780417350271,0.787263116501,0.794108882732,
    0.800954648962,0.807800415193,0.814646181423,0.821491947654,
    0.828337713884,0.835183480114,0.842029246345,0.848875012575,
    0.855720778806,0.862566545036,0.869412311267,0.876258077497,
    0.883103843728,0.889949609958,0.896795376188,0.903641142419,
    0.910486908649,0.91733267488,0.92417844111,0.931024207341,
    0.937869973571,0.944715739802,0.951561506032,0.958407272262,
    0.965253038493,0.972098804723,0.978944570954,0.985790337184,
    0.992636103415,0.999481869645,1.006327635876,1.013173402106,
    1.020019168336,1.026864934567,1.033710700797,1.040556467028,
    1.047402233258,1.054247999489,1.061093765719,1.06793953195,
    1.07478529818,1.081631064411,1.088476830641,1.095322596871,
    1.102168363102,1.109014129332,1.115859895563,1.122705661793,
    1.129551428024,1.136397194254,1.143242960485,1.150088726715,
    1.156934492945,1.163780259176,1.170626025406,1.177471791637,
    1.184317557867,1.191163324098,1.198009090328,1.204854856559,
    1.211700622789,1.218546389019,1.22539215525,1.23223792148,
    1.239083687711,1.245929453941,1.252775220172,1.259620986402,
    1.266466752633,1.273312518863,1.280158285093,1.287004051324,
    1.293849817554,1.300695583785,1.307541350015,1.314387116246,
    1.321232882476,1.328078648707,1.334924414937,1.341770181167,
    1.348615947398,1.355461713628,1.362307479859,1.369153246089,
    1.37599901232,1.38284477855,1.389690544781,1.396536311011,
    1.403382077241,1.410227843472,1.417073609702,1.423919375933,
    1.430765142163,1.437610908394,1.444456674624,1.451302440855,
    1.458148207085,1.464993973315,1.471839739546,1.478685505776,
    1.485531272007,1.492377038237,1.499222804468,1.506068570698),
  .QUASI_UNIFORM_KNOTS.);
#1767 = CARTESIAN_POINT('',(52.424745357326,-6.07752));
#1768 = CARTESIAN_POINT('',(52.424745488893,-6.070974662925));
#1769 = CARTESIAN_POINT('',(52.424564865424,-6.057885282727));
#1770 = CARTESIAN_POINT('',(52.423753723654,-6.038268763029));
#1771 = CARTESIAN_POINT('',(52.422404277572,-6.018682380066));
#1772 = CARTESIAN_POINT('',(52.420520357906,-5.999142509121));
#1773 = CARTESIAN_POINT('',(52.418107230276,-5.979664886595));
#1774 = CARTESIAN_POINT('',(52.415170853893,-5.960261513348));
#1775 = CARTESIAN_POINT('',(52.411722132828,-5.940958246921));
#1776 = CARTESIAN_POINT('',(52.407742353621,-5.921638444769));
#1777 = CARTESIAN_POINT('',(52.403231567325,-5.902317356983));
#1778 = CARTESIAN_POINT('',(52.398187194587,-5.88299112012));
#1779 = CARTESIAN_POINT('',(52.392606936383,-5.863660522725));
#1780 = CARTESIAN_POINT('',(52.386488638899,-5.844326902752));
#1781 = CARTESIAN_POINT('',(52.379827897889,-5.82498479237));
#1782 = CARTESIAN_POINT('',(52.372627748399,-5.805655441317));
#1783 = CARTESIAN_POINT('',(52.364974770593,-5.786551266169));
#1784 = CARTESIAN_POINT('',(52.356870183249,-5.767636338392));
#1785 = CARTESIAN_POINT('',(52.348333541212,-5.748927356538));
#1786 = CARTESIAN_POINT('',(52.339379427175,-5.730425882824));
#1787 = CARTESIAN_POINT('',(52.330023588814,-5.712136559237));
#1788 = CARTESIAN_POINT('',(52.320281193367,-5.694062282684));
#1789 = CARTESIAN_POINT('',(52.31016720067,-5.676205550454));
#1790 = CARTESIAN_POINT('',(52.299696178389,-5.65856815136));
#1791 = CARTESIAN_POINT('',(52.288882263281,-5.641151289833));
#1792 = CARTESIAN_POINT('',(52.277739129236,-5.623955618543));
#1793 = CARTESIAN_POINT('',(52.266279814968,-5.606981189939));
#1794 = CARTESIAN_POINT('',(52.254517138803,-5.590227809586));
#1795 = CARTESIAN_POINT('',(52.242461937605,-5.573693849364));
#1796 = CARTESIAN_POINT('',(52.230129453864,-5.557380805454));
#1797 = CARTESIAN_POINT('',(52.217327905819,-5.541032990344));
#1798 = CARTESIAN_POINT('',(52.204080492845,-5.524691747105));
#1799 = CARTESIAN_POINT('',(52.190372342562,-5.508346260253));
#1800 = CARTESIAN_POINT('',(52.176198333217,-5.491999556022));
#1801 = CARTESIAN_POINT('',(52.161550141407,-5.475650761469));
#1802 = CARTESIAN_POINT('',(52.146419711763,-5.459299926288));
#1803 = CARTESIAN_POINT('',(52.130798280139,-5.442946892741));
#1804 = CARTESIAN_POINT('',(52.114676400249,-5.426591653806));
#1805 = CARTESIAN_POINT('',(52.098044141341,-5.410234639374));
#1806 = CARTESIAN_POINT('',(52.080889972423,-5.393875416714));
#1807 = CARTESIAN_POINT('',(52.06320044741,-5.377512990428));
#1808 = CARTESIAN_POINT('',(52.044962933572,-5.361148262116));
#1809 = CARTESIAN_POINT('',(52.026162272993,-5.344781016841));
#1810 = CARTESIAN_POINT('',(52.00678150814,-5.328410922148));
#1811 = CARTESIAN_POINT('',(51.986801443073,-5.312037413194));
#1812 = CARTESIAN_POINT('',(51.96620089646,-5.295660163283));
#1813 = CARTESIAN_POINT('',(51.944955303613,-5.279278326653));
#1814 = CARTESIAN_POINT('',(51.923041188315,-5.262894106842));
#1815 = CARTESIAN_POINT('',(51.900418775086,-5.246500250518));
#1816 = CARTESIAN_POINT('',(51.8770471437,-5.230092923989));
#1817 = CARTESIAN_POINT('',(51.852898635913,-5.213680971869));
#1818 = CARTESIAN_POINT('',(51.827927317097,-5.197264358113));
#1819 = CARTESIAN_POINT('',(51.802077029543,-5.180841519558));
#1820 = CARTESIAN_POINT('',(51.775276180422,-5.164407798394));
#1821 = CARTESIAN_POINT('',(51.747446226438,-5.147961616913));
#1822 = CARTESIAN_POINT('',(51.718468134716,-5.131489609832));
#1823 = CARTESIAN_POINT('',(51.688302535096,-5.115029632212));
#1824 = CARTESIAN_POINT('',(51.656536200002,-5.098445198079));
#1825 = CARTESIAN_POINT('',(51.624163630825,-5.082327185715));
#1826 = CARTESIAN_POINT('',(51.591581619861,-5.066887695668));
#1827 = CARTESIAN_POINT('',(51.558703434471,-5.052098631608));
#1828 = CARTESIAN_POINT('',(51.52556908869,-5.038004147161));
#1829 = CARTESIAN_POINT('',(51.492152551301,-5.024634842212));
#1830 = CARTESIAN_POINT('',(51.458447480848,-5.012028955432));
#1831 = CARTESIAN_POINT('',(51.424446987935,-5.000225172128));
#1832 = CARTESIAN_POINT('',(51.390148204138,-4.989263324294));
#1833 = CARTESIAN_POINT('',(51.355550505749,-4.979183256213));
#1834 = CARTESIAN_POINT('',(51.320655739452,-4.970024485339));
#1835 = CARTESIAN_POINT('',(51.285468480583,-4.961825866242));
#1836 = CARTESIAN_POINT('',(51.24999615183,-4.954625796687));
#1837 = CARTESIAN_POINT('',(51.21425197706,-4.948461601806));
#1838 = CARTESIAN_POINT('',(51.178247339359,-4.943373317755));
#1839 = CARTESIAN_POINT('',(51.142042171334,-4.939394587256));
#1840 = CARTESIAN_POINT('',(51.105688723048,-4.936550886895));
#1841 = CARTESIAN_POINT('',(51.069237725644,-4.934860634765));
#1842 = CARTESIAN_POINT('',(51.03274024563,-4.934334893764));
#1843 = CARTESIAN_POINT('',(50.996253584976,-4.934977450755));
#1844 = CARTESIAN_POINT('',(50.959831116354,-4.936784796616));
#1845 = CARTESIAN_POINT('',(50.923515524502,-4.9397461269));
#1846 = CARTESIAN_POINT('',(50.887344625778,-4.943843359131));
#1847 = CARTESIAN_POINT('',(50.851354730722,-4.949051062959));
#1848 = CARTESIAN_POINT('',(50.815583180787,-4.955336722254));
#1849 = CARTESIAN_POINT('',(50.780075154084,-4.962659756566));
#1850 = CARTESIAN_POINT('',(50.744872336376,-4.9709751732));
#1851 = CARTESIAN_POINT('',(50.710067934167,-4.980219937445));
#1852 = CARTESIAN_POINT('',(50.675604436971,-4.990365978338));
#1853 = CARTESIAN_POINT('',(50.641430039566,-5.001386005558));
#1854 = CARTESIAN_POINT('',(50.607557096705,-5.013236728715));
#1855 = CARTESIAN_POINT('',(50.57397725448,-5.025880789295));
#1856 = CARTESIAN_POINT('',(50.540683628735,-5.039280851795));
#1857 = CARTESIAN_POINT('',(50.50766622413,-5.053401307236));
#1858 = CARTESIAN_POINT('',(50.474907306421,-5.068207367983));
#1859 = CARTESIAN_POINT('',(50.442424018068,-5.083666984938));
#1860 = CARTESIAN_POINT('',(50.4102310993,-5.099759280377));
#1861 = CARTESIAN_POINT('',(50.378340935283,-5.116464404578));
#1862 = CARTESIAN_POINT('',(50.346766366817,-5.133765623093));
#1863 = CARTESIAN_POINT('',(50.31552002992,-5.151648784516));
#1864 = CARTESIAN_POINT('',(50.284614619995,-5.170102496942));
#1865 = CARTESIAN_POINT('',(50.254062947956,-5.189118087143));
#1866 = CARTESIAN_POINT('',(50.223877909518,-5.208689720148));
#1867 = CARTESIAN_POINT('',(50.194073005039,-5.228814094491));
#1868 = CARTESIAN_POINT('',(50.16466073162,-5.249491674413));
#1869 = CARTESIAN_POINT('',(50.135658918409,-5.270722198543));
#1870 = CARTESIAN_POINT('',(50.107088220531,-5.292506622409));
#1871 = CARTESIAN_POINT('',(50.078963556945,-5.314853236841));
#1872 = CARTESIAN_POINT('',(50.051305566417,-5.337769774297));
#1873 = CARTESIAN_POINT('',(50.024137691057,-5.361265454226));
#1874 = CARTESIAN_POINT('',(49.997486911705,-5.385350289592));
#1875 = CARTESIAN_POINT('',(49.971383509908,-5.410035141878));
#1876 = CARTESIAN_POINT('',(49.94586116248,-5.435331677512));
#1877 = CARTESIAN_POINT('',(49.92095708259,-5.461252354174));
#1878 = CARTESIAN_POINT('',(49.896711965542,-5.487810656227));
#1879 = CARTESIAN_POINT('',(49.873170467261,-5.51502011813));
#1880 = CARTESIAN_POINT('',(49.850378580782,-5.542896963881));
#1881 = CARTESIAN_POINT('',(49.828392473955,-5.57144709594));
#1882 = CARTESIAN_POINT('',(49.807271937497,-5.600676357562));
#1883 = CARTESIAN_POINT('',(49.787079302429,-5.630591575325));
#1884 = CARTESIAN_POINT('',(49.767883821018,-5.661194054619));
#1885 = CARTESIAN_POINT('',(49.74975968316,-5.692480754735));
#1886 = CARTESIAN_POINT('',(49.732785558641,-5.724443330633));
#1887 = CARTESIAN_POINT('',(49.717043549446,-5.757067643043));
#1888 = CARTESIAN_POINT('',(49.702618108037,-5.790333143139));
#1889 = CARTESIAN_POINT('',(49.689594799494,-5.824211905208));
#1890 = CARTESIAN_POINT('',(49.678058679878,-5.858669250636));
#1891 = CARTESIAN_POINT('',(49.668096466186,-5.893646632214));
#1892 = CARTESIAN_POINT('',(49.659787199864,-5.929078741948));
#1893 = CARTESIAN_POINT('',(49.653200695671,-5.964892271484));
#1894 = CARTESIAN_POINT('',(49.648395257621,-6.001005877997));
#1895 = CARTESIAN_POINT('',(49.645415576855,-6.037330182862));
#1896 = CARTESIAN_POINT('',(49.644290674563,-6.073766433726));
#1897 = CARTESIAN_POINT('',(49.645031567155,-6.110210480199));
#1898 = CARTESIAN_POINT('',(49.647630934377,-6.146565709742));
#1899 = CARTESIAN_POINT('',(49.652063429989,-6.182729945018));
#1900 = CARTESIAN_POINT('',(49.658287434405,-6.218612415466));
#1901 = CARTESIAN_POINT('',(49.666247131031,-6.254129195492));
#1902 = CARTESIAN_POINT('',(49.67587463649,-6.289204593385));
#1903 = CARTESIAN_POINT('',(49.687091698069,-6.323769037943));
#1904 = CARTESIAN_POINT('',(49.699811338583,-6.357760306877));
#1905 = CARTESIAN_POINT('',(49.713949917544,-6.39114525073));
#1906 = CARTESIAN_POINT('',(49.729422144015,-6.423894939049));
#1907 = CARTESIAN_POINT('',(49.746143805674,-6.455988181491));
#1908 = CARTESIAN_POINT('',(49.764032642956,-6.487409669657));
#1909 = CARTESIAN_POINT('',(49.783009450411,-6.518149738229));
#1910 = CARTESIAN_POINT('',(49.802998916399,-6.548203758408));
#1911 = CARTESIAN_POINT('',(49.82393035716,-6.577571617887));
#1912 = CARTESIAN_POINT('',(49.845738260442,-6.606257121063));
#1913 = CARTESIAN_POINT('',(49.868362647951,-6.634267342794));
#1914 = CARTESIAN_POINT('',(49.891748919097,-6.661611950055));
#1915 = CARTESIAN_POINT('',(49.915848023544,-6.688302540657));
#1916 = CARTESIAN_POINT('',(49.9406155526,-6.714352082974));
#1917 = CARTESIAN_POINT('',(49.966010062463,-6.739774259121));
#1918 = CARTESIAN_POINT('',(49.991993235794,-6.764582574237));
#1919 = CARTESIAN_POINT('',(50.018530306078,-6.78878968107));
#1920 = CARTESIAN_POINT('',(50.045589903662,-6.812406583386));
#1921 = CARTESIAN_POINT('',(50.073145660632,-6.835443747367));
#1922 = CARTESIAN_POINT('',(50.101169827021,-6.857906775695));
#1923 = CARTESIAN_POINT('',(50.129655440269,-6.879813722577));
#1924 = CARTESIAN_POINT('',(50.158531490135,-6.901132099644));
#1925 = CARTESIAN_POINT('',(50.187978381961,-6.922014603667));
#1926 = CARTESIAN_POINT('',(50.218837479334,-6.943018529569));
#1927 = CARTESIAN_POINT('',(50.251011542085,-6.964002399257));
#1928 = CARTESIAN_POINT('',(50.284669748462,-6.985004475725));
#1929 = CARTESIAN_POINT('',(50.319967976833,-7.006028667153));
#1930 = CARTESIAN_POINT('',(50.357075384866,-7.027066453407));
#1931 = CARTESIAN_POINT('',(50.39636648289,-7.048190208521));
#1932 = CARTESIAN_POINT('',(50.437648325429,-7.069117918087));
#1933 = CARTESIAN_POINT('',(50.479063300007,-7.088835808221));
#1934 = CARTESIAN_POINT('',(50.521011239227,-7.107529267486));
#1935 = CARTESIAN_POINT('',(50.563366392977,-7.125070566121));
#1936 = CARTESIAN_POINT('',(50.606194016475,-7.141402318028));
#1937 = CARTESIAN_POINT('',(50.649497345779,-7.156440611015));
#1938 = CARTESIAN_POINT('',(50.693285689078,-7.170104987889));
#1939 = CARTESIAN_POINT('',(50.737558101577,-7.182313039117));
#1940 = CARTESIAN_POINT('',(50.78230995106,-7.192983459358));
#1941 = CARTESIAN_POINT('',(50.827523999625,-7.202036475858));
#1942 = CARTESIAN_POINT('',(50.873189872074,-7.209394242224));
#1943 = CARTESIAN_POINT('',(50.919233371652,-7.214976777177));
#1944 = CARTESIAN_POINT('',(50.965530657137,-7.218725498874));
#1945 = CARTESIAN_POINT('',(51.011982142916,-7.220600705678));
#1946 = CARTESIAN_POINT('',(51.058479949197,-7.220582153428));
#1947 = CARTESIAN_POINT('',(51.104906365938,-7.218668905888));
#1948 = CARTESIAN_POINT('',(51.151168483746,-7.214879355668));
#1949 = CARTESIAN_POINT('',(51.197188231544,-7.209251290104));
#1950 = CARTESIAN_POINT('',(51.242890238058,-7.201841606808));
#1951 = CARTESIAN_POINT('',(51.288187089098,-7.192727385587));
#1952 = CARTESIAN_POINT('',(51.33298370897,-7.182001885228));
#1953 = CARTESIAN_POINT('',(51.377116086637,-7.16978948443));
#1954 = CARTESIAN_POINT('',(51.420777869471,-7.15612845741));
#1955 = CARTESIAN_POINT('',(51.463949721375,-7.141106197718));
#1956 = CARTESIAN_POINT('',(51.506646989643,-7.124800844892));
#1957 = CARTESIAN_POINT('',(51.54888268735,-7.107288759363));
#1958 = CARTESIAN_POINT('',(51.590691634893,-7.088642758643));
#1959 = CARTESIAN_POINT('',(51.632060964809,-7.068931697666));
#1960 = CARTESIAN_POINT('',(51.67295461754,-7.04819982422));
#1961 = CARTESIAN_POINT('',(51.713348527277,-7.026486223236));
#1962 = CARTESIAN_POINT('',(51.753215821065,-7.003822406933));
#1963 = CARTESIAN_POINT('',(51.792530426883,-6.980232881947));
#1964 = CARTESIAN_POINT('',(51.831265943953,-6.955734787819));
#1965 = CARTESIAN_POINT('',(51.869395021205,-6.930338327585));
#1966 = CARTESIAN_POINT('',(51.906891460172,-6.904044958606));
#1967 = CARTESIAN_POINT('',(51.943720968771,-6.876853751797));
#1968 = CARTESIAN_POINT('',(51.979845603857,-6.848757670176));
#1969 = CARTESIAN_POINT('',(52.015226558791,-6.819741610072));
#1970 = CARTESIAN_POINT('',(52.049815505038,-6.789788491901));
#1971 = CARTESIAN_POINT('',(52.083556674271,-6.758877696497));
#1972 = CARTESIAN_POINT('',(52.116386090266,-6.726985529073));
#1973 = CARTESIAN_POINT('',(52.14823139323,-6.694085227132));
#1974 = CARTESIAN_POINT('',(52.179012054109,-6.660146764933));
#1975 = CARTESIAN_POINT('',(52.208628645754,-6.625147477175));
#1976 = CARTESIAN_POINT('',(52.236978703492,-6.58906280226));
#1977 = CARTESIAN_POINT('',(52.263944135256,-6.551877384398));
#1978 = CARTESIAN_POINT('',(52.289394145772,-6.513579835816));
#1979 = CARTESIAN_POINT('',(52.313182313849,-6.474172010152));
#1980 = CARTESIAN_POINT('',(52.335162869661,-6.433643416012));
#1981 = CARTESIAN_POINT('',(52.35516829491,-6.392009657543));
#1982 = CARTESIAN_POINT('',(52.373008541138,-6.349338731731));
#1983 = CARTESIAN_POINT('',(52.388500931867,-6.305708830442));
#1984 = CARTESIAN_POINT('',(52.401469459333,-6.261221336321));
#1985 = CARTESIAN_POINT('',(52.411752622102,-6.215998952012));
#1986 = CARTESIAN_POINT('',(52.419211668048,-6.170188989861));
#1987 = CARTESIAN_POINT('',(52.423732866493,-6.123961140647));
#1988 = CARTESIAN_POINT('',(52.424749128471,-6.093001993553));
#1989 = CARTESIAN_POINT('',(52.424745357326,-6.07752));
#1990 = ( GEOMETRIC_REPRESENTATION_CONTEXT(2) 
PARAMETRIC_REPRESENTATION_CONTEXT() REPRESENTATION_CONTEXT('2D SPACE',''
  ) );
#1991 = PCURVE('',#1992,#1997);
#1992 = CYLINDRICAL_SURFACE('',#1993,1.143);
#1993 = AXIS2_PLACEMENT_3D('',#1994,#1995,#1996);
#1994 = CARTESIAN_POINT('',(0.,3.556,7.54552));
#1995 = DIRECTION('',(0.,-1.,1.110223024625E-16));
#1996 = DIRECTION('',(1.,0.,0.));
#1997 = DEFINITIONAL_REPRESENTATION('',(#1998),#2222);
#1998 = B_SPLINE_CURVE_WITH_KNOTS('',3,(#1999,#2000,#2001,#2002,#2003,
    #2004,#2005,#2006,#2007,#2008,#2009,#2010,#2011,#2012,#2013,#2014,
    #2015,#2016,#2017,#2018,#2019,#2020,#2021,#2022,#2023,#2024,#2025,
    #2026,#2027,#2028,#2029,#2030,#2031,#2032,#2033,#2034,#2035,#2036,
    #2037,#2038,#2039,#2040,#2041,#2042,#2043,#2044,#2045,#2046,#2047,
    #2048,#2049,#2050,#2051,#2052,#2053,#2054,#2055,#2056,#2057,#2058,
    #2059,#2060,#2061,#2062,#2063,#2064,#2065,#2066,#2067,#2068,#2069,
    #2070,#2071,#2072,#2073,#2074,#2075,#2076,#2077,#2078,#2079,#2080,
    #2081,#2082,#2083,#2084,#2085,#2086,#2087,#2088,#2089,#2090,#2091,
    #2092,#2093,#2094,#2095,#2096,#2097,#2098,#2099,#2100,#2101,#2102,
    #2103,#2104,#2105,#2106,#2107,#2108,#2109,#2110,#2111,#2112,#2113,
    #2114,#2115,#2116,#2117,#2118,#2119,#2120,#2121,#2122,#2123,#2124,
    #2125,#2126,#2127,#2128,#2129,#2130,#2131,#2132,#2133,#2134,#2135,
    #2136,#2137,#2138,#2139,#2140,#2141,#2142,#2143,#2144,#2145,#2146,
    #2147,#2148,#2149,#2150,#2151,#2152,#2153,#2154,#2155,#2156,#2157,
    #2158,#2159,#2160,#2161,#2162,#2163,#2164,#2165,#2166,#2167,#2168,
    #2169,#2170,#2171,#2172,#2173,#2174,#2175,#2176,#2177,#2178,#2179,
    #2180,#2181,#2182,#2183,#2184,#2185,#2186,#2187,#2188,#2189,#2190,
    #2191,#2192,#2193,#2194,#2195,#2196,#2197,#2198,#2199,#2200,#2201,
    #2202,#2203,#2204,#2205,#2206,#2207,#2208,#2209,#2210,#2211,#2212,
    #2213,#2214,#2215,#2216,#2217,#2218,#2219,#2220,#2221),
  .UNSPECIFIED.,.F.,.F.,(4,1,1,1,1,1,1,1,1,1,1,1,1,1,1,1,1,1,1,1,1,1,1,1
    ,1,1,1,1,1,1,1,1,1,1,1,1,1,1,1,1,1,1,1,1,1,1,1,1,1,1,1,1,1,1,1,1,1,1
    ,1,1,1,1,1,1,1,1,1,1,1,1,1,1,1,1,1,1,1,1,1,1,1,1,1,1,1,1,1,1,1,1,1,1
    ,1,1,1,1,1,1,1,1,1,1,1,1,1,1,1,1,1,1,1,1,1,1,1,1,1,1,1,1,1,1,1,1,1,1
    ,1,1,1,1,1,1,1,1,1,1,1,1,1,1,1,1,1,1,1,1,1,1,1,1,1,1,1,1,1,1,1,1,1,1
    ,1,1,1,1,1,1,1,1,1,1,1,1,1,1,1,1,1,1,1,1,1,1,1,1,1,1,1,1,1,1,1,1,1,1
    ,1,1,1,1,1,1,1,1,1,1,1,1,1,1,1,1,1,1,1,1,1,1,1,1,1,1,4),(0.,
    6.845766230446E-03,1.369153246089E-02,2.053729869134E-02,
    2.738306492178E-02,3.422883115223E-02,4.107459738268E-02,
    4.792036361312E-02,5.476612984357E-02,6.161189607402E-02,
    6.845766230446E-02,7.530342853491E-02,8.214919476535E-02,
    8.89949609958E-02,9.584072722625E-02,0.102686493457,0.109532259687,
    0.116378025918,0.123223792148,0.130069558378,0.136915324609,
    0.143761090839,0.15060685707,0.1574526233,0.164298389531,
    0.171144155761,0.177989921992,0.184835688222,0.191681454452,
    0.198527220683,0.205372986913,0.212218753144,0.219064519374,
    0.225910285605,0.232756051835,0.239601818066,0.246447584296,
    0.253293350527,0.260139116757,0.266984882987,0.273830649218,
    0.280676415448,0.287522181679,0.294367947909,0.30121371414,
    0.30805948037,0.314905246601,0.321751012831,0.328596779061,
    0.335442545292,0.342288311522,0.349134077753,0.355979843983,
    0.362825610214,0.369671376444,0.376517142675,0.383362908905,
    0.390208675135,0.397054441366,0.403900207596,0.410745973827,
    0.417591740057,0.424437506288,0.431283272518,0.438129038749,
    0.444974804979,0.451820571209,0.45866633744,0.46551210367,
    0.472357869901,0.479203636131,0.486049402362,0.492895168592,
    0.499740934823,0.506586701053,0.513432467283,0.520278233514,
    0.527123999744,0.533969765975,0.540815532205,0.547661298436,
    0.554507064666,0.561352830897,0.568198597127,0.575044363357,
    0.581890129588,0.588735895818,0.595581662049,0.602427428279,
    0.60927319451,0.61611896074,0.622964726971,0.629810493201,
    0.636656259432,0.643502025662,0.650347791892,0.657193558123,
    0.664039324353,0.670885090584,0.677730856814,0.684576623045,
    0.691422389275,0.698268155506,0.705113921736,0.711959687966,
    0.718805454197,0.725651220427,0.732496986658,0.739342752888,
    0.746188519119,0.753034285349,0.75988005158,0.76672581781,
    0.77357158404,0.780417350271,0.787263116501,0.794108882732,
    0.800954648962,0.807800415193,0.814646181423,0.821491947654,
    0.828337713884,0.835183480114,0.842029246345,0.848875012575,
    0.855720778806,0.862566545036,0.869412311267,0.876258077497,
    0.883103843728,0.889949609958,0.896795376188,0.903641142419,
    0.910486908649,0.91733267488,0.92417844111,0.931024207341,
    0.937869973571,0.944715739802,0.951561506032,0.958407272262,
    0.965253038493,0.972098804723,0.978944570954,0.985790337184,
    0.992636103415,0.999481869645,1.006327635876,1.013173402106,
    1.020019168336,1.026864934567,1.033710700797,1.040556467028,
    1.047402233258,1.054247999489,1.061093765719,1.06793953195,
    1.07478529818,1.081631064411,1.088476830641,1.095322596871,
    1.102168363102,1.109014129332,1.115859895563,1.122705661793,
    1.129551428024,1.136397194254,1.143242960485,1.150088726715,
    1.156934492945,1.163780259176,1.170626025406,1.177471791637,
    1.184317557867,1.191163324098,1.198009090328,1.204854856559,
    1.211700622789,1.218546389019,1.22539215525,1.23223792148,
    1.239083687711,1.245929453941,1.252775220172,1.259620986402,
    1.266466752633,1.273312518863,1.280158285093,1.287004051324,
    1.293849817554,1.300695583785,1.307541350015,1.314387116246,
    1.321232882476,1.328078648707,1.334924414937,1.341770181167,
    1.348615947398,1.355461713628,1.362307479859,1.369153246089,
    1.37599901232,1.38284477855,1.389690544781,1.396536311011,
    1.403382077241,1.410227843472,1.417073609702,1.423919375933,
    1.430765142163,1.437610908394,1.444456674624,1.451302440855,
    1.458148207085,1.464993973315,1.471839739546,1.478685505776,
    1.485531272007,1.492377038237,1.499222804468,1.506068570698),
  .QUASI_UNIFORM_KNOTS.);
#1999 = CARTESIAN_POINT('',(6.28318530718,12.788564753831));
#2000 = CARTESIAN_POINT('',(6.277458855927,12.788564640533));
#2001 = CARTESIAN_POINT('',(6.266007075601,12.788707576223));
#2002 = CARTESIAN_POINT('',(6.248839701176,12.789349348438));
#2003 = CARTESIAN_POINT('',(6.231688586805,12.790416850373));
#2004 = CARTESIAN_POINT('',(6.214563075849,12.791906765829));
#2005 = CARTESIAN_POINT('',(6.197472032323,12.793814546076));
#2006 = CARTESIAN_POINT('',(6.180421124615,12.796134982887));
#2007 = CARTESIAN_POINT('',(6.163428419343,12.798858859317));
#2008 = CARTESIAN_POINT('',(6.14638633412,12.802000225349));
#2009 = CARTESIAN_POINT('',(6.129303030599,12.805558193632));
#2010 = CARTESIAN_POINT('',(6.112169785564,12.809533793361));
#2011 = CARTESIAN_POINT('',(6.094981818973,12.813927675721));
#2012 = CARTESIAN_POINT('',(6.077734703567,12.818740215993));
#2013 = CARTESIAN_POINT('',(6.060417805584,12.82397339969));
#2014 = CARTESIAN_POINT('',(6.043044021961,12.829623175892));
#2015 = CARTESIAN_POINT('',(6.025799566087,12.835619890914));
#2016 = CARTESIAN_POINT('',(6.008648521493,12.841960889186));
#2017 = CARTESIAN_POINT('',(5.991602283109,12.848629019353));
#2018 = CARTESIAN_POINT('',(5.974658903033,12.855610960355));
#2019 = CARTESIAN_POINT('',(5.957819380761,12.862892402144));
#2020 = CARTESIAN_POINT('',(5.941083331791,12.87045942188));
#2021 = CARTESIAN_POINT('',(5.924450176726,12.878298194423));
#2022 = CARTESIAN_POINT('',(5.907918849238,12.886395140977));
#2023 = CARTESIAN_POINT('',(5.891487888174,12.894736961656));
#2024 = CARTESIAN_POINT('',(5.875155455337,12.903310665036));
#2025 = CARTESIAN_POINT('',(5.858919248616,12.912103696666));
#2026 = CARTESIAN_POINT('',(5.842776891448,12.92110364559));
#2027 = CARTESIAN_POINT('',(5.826724506219,12.930299510679));
#2028 = CARTESIAN_POINT('',(5.810762061581,12.939677120551));
#2029 = CARTESIAN_POINT('',(5.794634268843,12.949378698957));
#2030 = CARTESIAN_POINT('',(5.778373459418,12.959382092522));
#2031 = CARTESIAN_POINT('',(5.761961037496,12.969693964159));
#2032 = CARTESIAN_POINT('',(5.745391251299,12.980312884763));
#2033 = CARTESIAN_POINT('',(5.728653972068,12.99123896597));
#2034 = CARTESIAN_POINT('',(5.711739291577,13.002471290631));
#2035 = CARTESIAN_POINT('',(5.694636360038,13.014008725079));
#2036 = CARTESIAN_POINT('',(5.677333648429,13.025849903427));
#2037 = CARTESIAN_POINT('',(5.65981915927,13.037993022024));
#2038 = CARTESIAN_POINT('',(5.642078990497,13.050436484437));
#2039 = CARTESIAN_POINT('',(5.624097345106,13.063179017022));
#2040 = CARTESIAN_POINT('',(5.605859154688,13.076217590127));
#2041 = CARTESIAN_POINT('',(5.587346695436,13.089549819282));
#2042 = CARTESIAN_POINT('',(5.568540357206,13.103173171508));
#2043 = CARTESIAN_POINT('',(5.549418217375,13.11708506579));
#2044 = CARTESIAN_POINT('',(5.529956267067,13.131282473377));
#2045 = CARTESIAN_POINT('',(5.510127099976,13.145762624589));
#2046 = CARTESIAN_POINT('',(5.489903977215,13.160519789804));
#2047 = CARTESIAN_POINT('',(5.469244807809,13.175556657185));
#2048 = CARTESIAN_POINT('',(5.44810634254,13.190873030269));
#2049 = CARTESIAN_POINT('',(5.426456637074,13.206456636413));
#2050 = CARTESIAN_POINT('',(5.404246328158,13.222303140182));
#2051 = CARTESIAN_POINT('',(5.381416069891,13.238409739111));
#2052 = CARTESIAN_POINT('',(5.357891808811,13.254776993291));
#2053 = CARTESIAN_POINT('',(5.333591871999,13.271402654196));
#2054 = CARTESIAN_POINT('',(5.308397529504,13.288297775231));
#2055 = CARTESIAN_POINT('',(5.282256057679,13.305419835077));
#2056 = CARTESIAN_POINT('',(5.254788075377,13.322913293503));
#2057 = CARTESIAN_POINT('',(5.226824834821,13.340149339562));
#2058 = CARTESIAN_POINT('',(5.19867516423,13.356875398792));
#2059 = CARTESIAN_POINT('',(5.170228981556,13.373101988718));
#2060 = CARTESIAN_POINT('',(5.141498657783,13.388765272664));
#2061 = CARTESIAN_POINT('',(5.112471327884,13.403816816193));
#2062 = CARTESIAN_POINT('',(5.083146315941,13.418199076658));
#2063 = CARTESIAN_POINT('',(5.053523466726,13.431851717924));
#2064 = CARTESIAN_POINT('',(5.023605146064,13.444709851529));
#2065 = CARTESIAN_POINT('',(4.993395121525,13.456704707159));
#2066 = CARTESIAN_POINT('',(4.962898718624,13.467763619675));
#2067 = CARTESIAN_POINT('',(4.932123409721,13.477811280818));
#2068 = CARTESIAN_POINT('',(4.901078702752,13.486767575935));
#2069 = CARTESIAN_POINT('',(4.8697805329,13.494558776142));
#2070 = CARTESIAN_POINT('',(4.838237773758,13.501075563686));
#2071 = CARTESIAN_POINT('',(4.806507035185,13.506224034435));
#2072 = CARTESIAN_POINT('',(4.774640904159,13.509938001211));
#2073 = CARTESIAN_POINT('',(4.742689230851,13.512167695129));
#2074 = CARTESIAN_POINT('',(4.710699225586,13.51288279274));
#2075 = CARTESIAN_POINT('',(4.678715919602,13.512071606127));
#2076 = CARTESIAN_POINT('',(4.646782564611,13.509741295374));
#2077 = CARTESIAN_POINT('',(4.614941100087,13.505917828589));
#2078 = CARTESIAN_POINT('',(4.58323257279,13.500645929352));
#2079 = CARTESIAN_POINT('',(4.551697811753,13.493989326891));
#2080 = CARTESIAN_POINT('',(4.520377228116,13.486029807937));
#2081 = CARTESIAN_POINT('',(4.489313923686,13.476870759125));
#2082 = CARTESIAN_POINT('',(4.458544467204,13.466623945538));
#2083 = CARTESIAN_POINT('',(4.428135682463,13.455458854118));
#2084 = CARTESIAN_POINT('',(4.398043952085,13.443410861365));
#2085 = CARTESIAN_POINT('',(4.368237899355,13.430501982318));
#2086 = CARTESIAN_POINT('',(4.338730181625,13.416813237979));
#2087 = CARTESIAN_POINT('',(4.309518897829,13.402404630767));
#2088 = CARTESIAN_POINT('',(4.28060322799,13.387336555783));
#2089 = CARTESIAN_POINT('',(4.251979071911,13.371664180282));
#2090 = CARTESIAN_POINT('',(4.223640697924,13.355438514538));
#2091 = CARTESIAN_POINT('',(4.195578576447,13.338707748909));
#2092 = CARTESIAN_POINT('',(4.16776924841,13.321518579187));
#2093 = CARTESIAN_POINT('',(4.140190901139,13.303915578664));
#2094 = CARTESIAN_POINT('',(4.11282110325,13.285943209297));
#2095 = CARTESIAN_POINT('',(4.085637272242,13.267645265722));
#2096 = CARTESIAN_POINT('',(4.058616399101,13.249064999956));
#2097 = CARTESIAN_POINT('',(4.031735005431,13.230245088392));
#2098 = CARTESIAN_POINT('',(4.004968906702,13.211227548915));
#2099 = CARTESIAN_POINT('',(3.978293513601,13.192054015271));
#2100 = CARTESIAN_POINT('',(3.951682171766,13.172764632278));
#2101 = CARTESIAN_POINT('',(3.92511180863,13.153402110428));
#2102 = CARTESIAN_POINT('',(3.898560074762,13.134010646682));
#2103 = CARTESIAN_POINT('',(3.871997781174,13.114629540448));
#2104 = CARTESIAN_POINT('',(3.845398751431,13.095301141432));
#2105 = CARTESIAN_POINT('',(3.818736932637,13.076069053419));
#2106 = CARTESIAN_POINT('',(3.791987006714,13.056978596067));
#2107 = CARTESIAN_POINT('',(3.765124078393,13.038076643415));
#2108 = CARTESIAN_POINT('',(3.738123536182,13.019411738174));
#2109 = CARTESIAN_POINT('',(3.71096088331,13.00103428874));
#2110 = CARTESIAN_POINT('',(3.683611336877,12.982996518743));
#2111 = CARTESIAN_POINT('',(3.656050626177,12.965352754537));
#2112 = CARTESIAN_POINT('',(3.628252231145,12.948156385655));
#2113 = CARTESIAN_POINT('',(3.600200036593,12.931465389367));
#2114 = CARTESIAN_POINT('',(3.571877495461,12.915340694891));
#2115 = CARTESIAN_POINT('',(3.543266581535,12.899844680619));
#2116 = CARTESIAN_POINT('',(3.514353831941,12.885044655894));
#2117 = CARTESIAN_POINT('',(3.485128827291,12.871011287081));
#2118 = CARTESIAN_POINT('',(3.455584780906,12.857818211833));
#2119 = CARTESIAN_POINT('',(3.425718681568,12.845541170664));
#2120 = CARTESIAN_POINT('',(3.395531595627,12.834257095487));
#2121 = CARTESIAN_POINT('',(3.365029308148,12.824043067386));
#2122 = CARTESIAN_POINT('',(3.334221621091,12.814974932874));
#2123 = CARTESIAN_POINT('',(3.303137327295,12.807129019849));
#2124 = CARTESIAN_POINT('',(3.271808798419,12.800574597154));
#2125 = CARTESIAN_POINT('',(3.240273241859,12.79537258433));
#2126 = CARTESIAN_POINT('',(3.208572951207,12.791573679837));
#2127 = CARTESIAN_POINT('',(3.176755644409,12.789216626394));
#2128 = CARTESIAN_POINT('',(3.144876062238,12.78832650937));
#2129 = CARTESIAN_POINT('',(3.112993003255,12.788912785865));
#2130 = CARTESIAN_POINT('',(3.081158607387,12.790969180012));
#2131 = CARTESIAN_POINT('',(3.049430427881,12.794473795468));
#2132 = CARTESIAN_POINT('',(3.017857118912,12.799390580019));
#2133 = CARTESIAN_POINT('',(2.986482879338,12.80567104753));
#2134 = CARTESIAN_POINT('',(2.955346597407,12.813256036151));
#2135 = CARTESIAN_POINT('',(2.924483961054,12.822077072833));
#2136 = CARTESIAN_POINT('',(2.893926657726,12.832057881012));
#2137 = CARTESIAN_POINT('',(2.863682704185,12.843123914063));
#2138 = CARTESIAN_POINT('',(2.833758373319,12.855198448585));
#2139 = CARTESIAN_POINT('',(2.804154924029,12.86820493459));
#2140 = CARTESIAN_POINT('',(2.774870044482,12.882067708828));
#2141 = CARTESIAN_POINT('',(2.745897828646,12.896712876723));
#2142 = CARTESIAN_POINT('',(2.717229057006,12.912068990738));
#2143 = CARTESIAN_POINT('',(2.688851390393,12.928067664579));
#2144 = CARTESIAN_POINT('',(2.660749631331,12.94464405288));
#2145 = CARTESIAN_POINT('',(2.632906026992,12.961737112106));
#2146 = CARTESIAN_POINT('',(2.605300600957,12.979289482671));
#2147 = CARTESIAN_POINT('',(2.577911469429,12.997246807816));
#2148 = CARTESIAN_POINT('',(2.550715064079,13.015556157371));
#2149 = CARTESIAN_POINT('',(2.523686517784,13.034164918353));
#2150 = CARTESIAN_POINT('',(2.496800392218,13.053021233049));
#2151 = CARTESIAN_POINT('',(2.470031209246,13.072075049208));
#2152 = CARTESIAN_POINT('',(2.443354193726,13.091278581986));
#2153 = CARTESIAN_POINT('',(2.416743713726,13.110587543808));
#2154 = CARTESIAN_POINT('',(2.390178436746,13.129956475018));
#2155 = CARTESIAN_POINT('',(2.363619850459,13.149353036951));
#2156 = CARTESIAN_POINT('',(2.337089590319,13.168700029702));
#2157 = CARTESIAN_POINT('',(2.31037903905,13.188088757774));
#2158 = CARTESIAN_POINT('',(2.282704411441,13.208019323021));
#2159 = CARTESIAN_POINT('',(2.254139769257,13.228353732536));
#2160 = CARTESIAN_POINT('',(2.224513124214,13.249117951146));
#2161 = CARTESIAN_POINT('',(2.193663336195,13.270308651021));
#2162 = CARTESIAN_POINT('',(2.161411880049,13.291909815934));
#2163 = CARTESIAN_POINT('',(2.127395607449,13.313991936653));
#2164 = CARTESIAN_POINT('',(2.091731459627,13.336262063414));
#2165 = CARTESIAN_POINT('',(2.055957139208,13.357600178594));
#2166 = CARTESIAN_POINT('',(2.019650735259,13.378157179987));
#2167 = CARTESIAN_POINT('',(1.982892474977,13.397766071195));
#2168 = CARTESIAN_POINT('',(1.945645969283,13.416332548344));
#2169 = CARTESIAN_POINT('',(1.90791771258,13.433728711761));
#2170 = CARTESIAN_POINT('',(1.869710117204,13.449821527479));
#2171 = CARTESIAN_POINT('',(1.831032416549,13.464466341732));
#2172 = CARTESIAN_POINT('',(1.791896220372,13.477510125583));
#2173 = CARTESIAN_POINT('',(1.752323853117,13.488792952612));
#2174 = CARTESIAN_POINT('',(1.71232997235,13.498146535447));
#2175 = CARTESIAN_POINT('',(1.67198090788,13.505349349405));
#2176 = CARTESIAN_POINT('',(1.631398345549,13.510246942175));
#2177 = CARTESIAN_POINT('',(1.590681113287,13.512731325116));
#2178 = CARTESIAN_POINT('',(1.549925746403,13.512745678909));
#2179 = CARTESIAN_POINT('',(1.509222693495,13.510283111991));
#2180 = CARTESIAN_POINT('',(1.468659151024,13.505386921163));
#2181 = CARTESIAN_POINT('',(1.428320441972,13.498150790738));
#2182 = CARTESIAN_POINT('',(1.388291136017,13.488717735324));
#2183 = CARTESIAN_POINT('',(1.348659028691,13.477284129545));
#2184 = CARTESIAN_POINT('',(1.309508122243,13.464084646391));
#2185 = CARTESIAN_POINT('',(1.270952727571,13.449448474079));
#2186 = CARTESIAN_POINT('',(1.232856789054,13.43336555019));
#2187 = CARTESIAN_POINT('',(1.195244434362,13.415993836631));
#2188 = CARTESIAN_POINT('',(1.158113043016,13.397461245221));
#2189 = CARTESIAN_POINT('',(1.121459696108,13.377890102395));
#2190 = CARTESIAN_POINT('',(1.085274213782,13.35739016304));
#2191 = CARTESIAN_POINT('',(1.049540229182,13.336062090465));
#2192 = CARTESIAN_POINT('',(1.014210821396,13.314001930289));
#2193 = CARTESIAN_POINT('',(0.979240483591,13.291301624632));
#2194 = CARTESIAN_POINT('',(0.944582704274,13.268052380377));
#2195 = CARTESIAN_POINT('',(0.910190168396,13.244343745909));
#2196 = CARTESIAN_POINT('',(0.876014077944,13.220263681508));
#2197 = CARTESIAN_POINT('',(0.842004388438,13.195898882933));
#2198 = CARTESIAN_POINT('',(0.808107240994,13.171333098607));
#2199 = CARTESIAN_POINT('',(0.774272686444,13.14665322062));
#2200 = CARTESIAN_POINT('',(0.740449594725,13.121946602336));
#2201 = CARTESIAN_POINT('',(0.706582592623,13.097299118137));
#2202 = CARTESIAN_POINT('',(0.672619145478,13.072801165975));
#2203 = CARTESIAN_POINT('',(0.638506982571,13.04854635624));
#2204 = CARTESIAN_POINT('',(0.604194072238,13.024632106448));
#2205 = CARTESIAN_POINT('',(0.569627991313,13.001159926323));
#2206 = CARTESIAN_POINT('',(0.534755139426,12.97823503548));
#2207 = CARTESIAN_POINT('',(0.499531099513,12.955975267894));
#2208 = CARTESIAN_POINT('',(0.463909946846,12.934493286332));
#2209 = CARTESIAN_POINT('',(0.427854599782,12.913910353646));
#2210 = CARTESIAN_POINT('',(0.391330532015,12.894357170121));
#2211 = CARTESIAN_POINT('',(0.354313658793,12.875975121697));
#2212 = CARTESIAN_POINT('',(0.316765604216,12.858903933487));
#2213 = CARTESIAN_POINT('',(0.278669308045,12.843298551668));
#2214 = CARTESIAN_POINT('',(0.240050572243,12.829330007557));
#2215 = CARTESIAN_POINT('',(0.200938191777,12.817161778219));
#2216 = CARTESIAN_POINT('',(0.161375697102,12.806949837013));
#2217 = CARTESIAN_POINT('',(0.121419523806,12.798836209023));
#2218 = CARTESIAN_POINT('',(8.114213437794E-02,12.79294206057));
#2219 = CARTESIAN_POINT('',(4.063102555743E-02,12.789366104915));
#2220 = CARTESIAN_POINT('',(1.354485309199E-02,12.788561479286));
#2221 = CARTESIAN_POINT('',(-1.7763568394E-15,12.788564753831));
#2222 = ( GEOMETRIC_REPRESENTATION_CONTEXT(2) 
PARAMETRIC_REPRESENTATION_CONTEXT() REPRESENTATION_CONTEXT('2D SPACE',''
  ) );
#2223 = ORIENTED_EDGE('',*,*,#2224,.F.);
#2224 = EDGE_CURVE('',#2225,#1592,#2227,.T.);
#2225 = VERTEX_POINT('',#2226);
#2226 = CARTESIAN_POINT('',(0.28575,-9.910854263499,8.652226031259));
#2227 = SURFACE_CURVE('',#2228,(#2395,#2622),.PCURVE_S1.);
#2228 = B_SPLINE_CURVE_WITH_KNOTS('',8,(#2229,#2230,#2231,#2232,#2233,
    #2234,#2235,#2236,#2237,#2238,#2239,#2240,#2241,#2242,#2243,#2244,
    #2245,#2246,#2247,#2248,#2249,#2250,#2251,#2252,#2253,#2254,#2255,
    #2256,#2257,#2258,#2259,#2260,#2261,#2262,#2263,#2264,#2265,#2266,
    #2267,#2268,#2269,#2270,#2271,#2272,#2273,#2274,#2275,#2276,#2277,
    #2278,#2279,#2280,#2281,#2282,#2283,#2284,#2285,#2286,#2287,#2288,
    #2289,#2290,#2291,#2292,#2293,#2294,#2295,#2296,#2297,#2298,#2299,
    #2300,#2301,#2302,#2303,#2304,#2305,#2306,#2307,#2308,#2309,#2310,
    #2311,#2312,#2313,#2314,#2315,#2316,#2317,#2318,#2319,#2320,#2321,
    #2322,#2323,#2324,#2325,#2326,#2327,#2328,#2329,#2330,#2331,#2332,
    #2333,#2334,#2335,#2336,#2337,#2338,#2339,#2340,#2341,#2342,#2343,
    #2344,#2345,#2346,#2347,#2348,#2349,#2350,#2351,#2352,#2353,#2354,
    #2355,#2356,#2357,#2358,#2359,#2360,#2361,#2362,#2363,#2364,#2365,
    #2366,#2367,#2368,#2369,#2370,#2371,#2372,#2373,#2374,#2375,#2376,
    #2377,#2378,#2379,#2380,#2381,#2382,#2383,#2384,#2385,#2386,#2387,
    #2388,#2389,#2390,#2391,#2392,#2393,#2394),.UNSPECIFIED.,.T.,.F.,(9,
    7,7,7,7,7,7,7,7,7,7,7,7,7,7,3,7,7,7,7,7,7,7,7,9),(0.,
    4.407318608722E-02,9.097824315407E-02,0.187523294409,0.254299724514,
    0.315510758763,0.382257510894,0.470736508089,0.567240164152,
    0.6162426156,0.685174428385,0.766033016981,0.826748969767,
    0.877494401382,0.920517678388,1.,1.069310856049,1.117171841439,
    1.185965477807,1.262671916169,1.301235655275,1.355402206696,
    1.405996555926,1.445006864975,1.506068570698),.UNSPECIFIED.);
#2229 = CARTESIAN_POINT('',(1.143,-9.232564753831,7.54552));
#2230 = CARTESIAN_POINT('',(1.143000000008,-9.232564753821,
    7.529716617011));
#2231 = CARTESIAN_POINT('',(1.142750405958,-9.232881667003,
    7.513920900742));
#2232 = CARTESIAN_POINT('',(1.142251106044,-9.233515633647,7.49813298439
    ));
#2233 = CARTESIAN_POINT('',(1.14150308901,-9.234465065546,7.482368794514
    ));
#2234 = CARTESIAN_POINT('',(1.140507962133,-9.235727253572,
    7.466644216926));
#2235 = CARTESIAN_POINT('',(1.13926785489,-9.237298499716,7.450969101951
    ));
#2236 = CARTESIAN_POINT('',(1.137785708314,-9.239173773612,
    7.435351109088));
#2237 = CARTESIAN_POINT('',(1.134235690672,-9.243657580524,
    7.403269058112));
#2238 = CARTESIAN_POINT('',(1.132126386261,-9.246317966696,
    7.386724860987));
#2239 = CARTESIAN_POINT('',(1.129736079176,-9.249327628923,
    7.370176878567));
#2240 = CARTESIAN_POINT('',(1.127062363793,-9.252687172173,
    7.353625199334));
#2241 = CARTESIAN_POINT('',(1.124102386478,-9.256397229533,
    7.337069921348));
#2242 = CARTESIAN_POINT('',(1.120852845584,-9.260458462206,
    7.320511152256));
#2243 = CARTESIAN_POINT('',(1.117309991451,-9.264871559513,
    7.303949009289));
#2244 = CARTESIAN_POINT('',(1.105564972564,-9.279446474583,
    7.253286945479));
#2245 = CARTESIAN_POINT('',(1.096556732172,-9.290554594425,
    7.219853875356));
#2246 = CARTESIAN_POINT('',(1.086509229083,-9.302846629702,
    7.187145811138));
#2247 = CARTESIAN_POINT('',(1.075487863585,-9.316201891009,
    7.155201962474));
#2248 = CARTESIAN_POINT('',(1.063554983132,-9.330501146743,
    7.124043789641));
#2249 = CARTESIAN_POINT('',(1.050766604032,-9.345631903984,
    7.093678535644));
#2250 = CARTESIAN_POINT('',(1.037169984084,-9.361491791757,
    7.064101847198));
#2251 = CARTESIAN_POINT('',(1.012864306337,-9.389401243327,
    7.015378018614));
#2252 = CARTESIAN_POINT('',(1.002370911332,-9.401332748934,
    6.995452781077));
#2253 = CARTESIAN_POINT('',(0.991299421828,-9.41378305095,6.975522979817
    ));
#2254 = CARTESIAN_POINT('',(0.979626709066,-9.426759254037,
    6.955591675471));
#2255 = CARTESIAN_POINT('',(0.967323491446,-9.440259086045,
    6.935657425166));
#2256 = CARTESIAN_POINT('',(0.954355314367,-9.454276681986,
    6.915717974024));
#2257 = CARTESIAN_POINT('',(0.94068396112,-9.468810721479,6.89577507602)
  );
#2258 = CARTESIAN_POINT('',(0.913044476993,-9.49764254819,6.857546311719
    ));
#2259 = CARTESIAN_POINT('',(0.899194011751,-9.51186165681,6.839257806869
    ));
#2260 = CARTESIAN_POINT('',(0.88467679488,-9.526504391796,6.820966793922
    ));
#2261 = CARTESIAN_POINT('',(0.869451358658,-9.541565757825,
    6.802673074835));
#2262 = CARTESIAN_POINT('',(0.853467665689,-9.557041071541,
    6.784374902518));
#2263 = CARTESIAN_POINT('',(0.836664914975,-9.572924839612,6.76607041258
    ));
#2264 = CARTESIAN_POINT('',(0.818969347986,-9.589209636783,
    6.747759055071));
#2265 = CARTESIAN_POINT('',(0.779925650566,-9.624068392799,
    6.709470557984));
#2266 = CARTESIAN_POINT('',(0.75836226213,-9.642742375153,6.689463668656
    ));
#2267 = CARTESIAN_POINT('',(0.735512192149,-9.661865657445,
    6.669457877846));
#2268 = CARTESIAN_POINT('',(0.711234772385,-9.681421849197,
    6.649455089606));
#2269 = CARTESIAN_POINT('',(0.685322849617,-9.701413071374,
    6.629439032537));
#2270 = CARTESIAN_POINT('',(0.65748939665,-9.721853397949,6.609385548254
    ));
#2271 = CARTESIAN_POINT('',(0.627339573019,-9.742749176225,
    6.589283050474));
#2272 = CARTESIAN_POINT('',(0.550529872252,-9.792293867893,
    6.542528004196));
#2273 = CARTESIAN_POINT('',(0.504738663909,-9.819293551847,6.51772576498
    ));
#2274 = CARTESIAN_POINT('',(0.456758098483,-9.844783230673,
    6.494838303102));
#2275 = CARTESIAN_POINT('',(0.406624891843,-9.868467584903,
    6.474099181172));
#2276 = CARTESIAN_POINT('',(0.35445602336,-9.889976012563,6.455791199182
    ));
#2277 = CARTESIAN_POINT('',(0.300392855876,-9.908850557181,
    6.440180624974));
#2278 = CARTESIAN_POINT('',(0.244625664589,-9.924570839501,
    6.427503436642));
#2279 = CARTESIAN_POINT('',(0.125190307388,-9.94975358914,6.407642121275
    ));
#2280 = CARTESIAN_POINT('',(6.119080027614E-02,-9.958437504083,
    6.401066913479));
#2281 = CARTESIAN_POINT('',(-3.683755983278E-03,-9.961827894015,
    6.398597499146));
#2282 = CARTESIAN_POINT('',(-6.866315605186E-02,-9.959526966123,
    6.400382005696));
#2283 = CARTESIAN_POINT('',(-0.133023179765,-9.9515789785,6.406397142307
    ));
#2284 = CARTESIAN_POINT('',(-0.196085592133,-9.93847024014,
    6.416448199908));
#2285 = CARTESIAN_POINT('',(-0.25721814334,-9.921129110941,
    6.430169051185));
#2286 = CARTESIAN_POINT('',(-0.345598710921,-9.890667303537,
    6.45557978682));
#2287 = CARTESIAN_POINT('',(-0.374808678958,-9.879555049915,
    6.464977333152));
#2288 = CARTESIAN_POINT('',(-0.403433268921,-9.867670483837,
    6.47516921306));
#2289 = CARTESIAN_POINT('',(-0.431447657976,-9.855088421547,
    6.486111868624));
#2290 = CARTESIAN_POINT('',(-0.458833404386,-9.841877252531,
    6.497763760518));
#2291 = CARTESIAN_POINT('',(-0.485578447511,-9.828098939523,
    6.510085368013));
#2292 = CARTESIAN_POINT('',(-0.511677107805,-9.813809018501,
    6.523039188973));
#2293 = CARTESIAN_POINT('',(-0.572934825823,-9.778304350366,
    6.555651317578));
#2294 = CARTESIAN_POINT('',(-0.607464581723,-9.756640819603,
    6.57589764866));
#2295 = CARTESIAN_POINT('',(-0.640756193932,-9.734204806016,
    6.597257528523));
#2296 = CARTESIAN_POINT('',(-0.672847747135,-9.711131994339,
    6.619675877302));
#2297 = CARTESIAN_POINT('',(-0.703777117932,-9.687554722884,
    6.643114080654));
#2298 = CARTESIAN_POINT('',(-0.733580521482,-9.66360175201,
    6.667550330571));
#2299 = CARTESIAN_POINT('',(-0.762291058138,-9.639398032583,
    6.692979966191));
#2300 = CARTESIAN_POINT('',(-0.822366885535,-9.58652065575,
    6.750425667751));
#2301 = CARTESIAN_POINT('',(-0.853315456567,-9.557812236756,
    6.782804387839));
#2302 = CARTESIAN_POINT('',(-0.882839522293,-9.529133977549,
    6.816580294577));
#2303 = CARTESIAN_POINT('',(-0.910956909461,-9.500674729286,
    6.851787230597));
#2304 = CARTESIAN_POINT('',(-0.937666573478,-9.472690157741,
    6.888491847925));
#2305 = CARTESIAN_POINT('',(-0.962922121767,-9.445378176448,
    6.926732627603));
#2306 = CARTESIAN_POINT('',(-0.986670338819,-9.419050463065,
    6.966600663008));
#2307 = CARTESIAN_POINT('',(-1.025428117141,-9.375116277623,
    7.039361746286));
#2308 = CARTESIAN_POINT('',(-1.041134250278,-9.356979742794,
    7.071505691823));
#2309 = CARTESIAN_POINT('',(-1.0558816237,-9.339663935765,7.104613556153
    ));
#2310 = CARTESIAN_POINT('',(-1.069611155453,-9.323302106793,
    7.138696992948));
#2311 = CARTESIAN_POINT('',(-1.082250041857,-9.308043626449,
    7.173752471164));
#2312 = CARTESIAN_POINT('',(-1.093715289204,-9.294049250814,
    7.209757328934));
#2313 = CARTESIAN_POINT('',(-1.103918568217,-9.281483225516,
    7.24666427672));
#2314 = CARTESIAN_POINT('',(-1.120172276327,-9.261324485251,
    7.315928547085));
#2315 = CARTESIAN_POINT('',(-1.126630301563,-9.253252883798,
    7.348041511959));
#2316 = CARTESIAN_POINT('',(-1.132091427475,-9.246384108026,
    7.380669578199));
#2317 = CARTESIAN_POINT('',(-1.136504518944,-9.240806690457,
    7.413735983558));
#2318 = CARTESIAN_POINT('',(-1.139826023961,-9.236595177321,
    7.447150105138));
#2319 = CARTESIAN_POINT('',(-1.142023652349,-9.233804293573,
    7.480806694855));
#2320 = CARTESIAN_POINT('',(-1.143080054494,-9.232463107899,
    7.514585114899));
#2321 = CARTESIAN_POINT('',(-1.14292566049,-9.232659143406,
    7.576974098154));
#2322 = CARTESIAN_POINT('',(-1.142035445505,-9.233789396743,
    7.605597825014));
#2323 = CARTESIAN_POINT('',(-1.140326209062,-9.235959471346,
    7.634138192596));
#2324 = CARTESIAN_POINT('',(-1.137807753187,-9.239152925198,
    7.662521405213));
#2325 = CARTESIAN_POINT('',(-1.134497770406,-9.243339821236,
    7.690681160452));
#2326 = CARTESIAN_POINT('',(-1.130420286157,-9.24847918792,
    7.718558376954));
#2327 = CARTESIAN_POINT('',(-1.125604101213,-9.254521479811,
    7.746100922194));
#2328 = CARTESIAN_POINT('',(-1.109878145641,-9.274138987489,7.8234438983
    ));
#2329 = CARTESIAN_POINT('',(-1.097267395951,-9.28975306322,
    7.872306739448));
#2330 = CARTESIAN_POINT('',(-1.082440889051,-9.307918998926,
    7.919640937978));
#2331 = CARTESIAN_POINT('',(-1.050914169498,-9.345987701262,
    8.005194747431));
#2332 = CARTESIAN_POINT('',(-1.012998515224,-9.390436915223,
    8.084834765548));
#2333 = CARTESIAN_POINT('',(-0.969692716548,-9.439008452395,
    8.158655004835));
#2334 = CARTESIAN_POINT('',(-0.921531869333,-9.490447324571,
    8.227107363969));
#2335 = CARTESIAN_POINT('',(-0.868546372966,-9.542944257428,
    8.29066299421));
#2336 = CARTESIAN_POINT('',(-0.842833287625,-9.567537152478,
    8.319215691712));
#2337 = CARTESIAN_POINT('',(-0.816066551954,-9.592122854153,
    8.346746290062));
#2338 = CARTESIAN_POINT('',(-0.768981244398,-9.633467204702,
    8.391582740587));
#2339 = CARTESIAN_POINT('',(-0.748698000241,-9.650760774303,8.4099229603
    ));
#2340 = CARTESIAN_POINT('',(-0.72728636476,-9.668430826356,
    8.428265497297));
#2341 = CARTESIAN_POINT('',(-0.704624945329,-9.686463655348,
    8.446607199908));
#2342 = CARTESIAN_POINT('',(-0.680544651837,-9.704861828777,
    8.464961265781));
#2343 = CARTESIAN_POINT('',(-0.654815126783,-9.723636320831,
    8.483346353385));
#2344 = CARTESIAN_POINT('',(-0.627121914061,-9.742790030896,
    8.501768936788));
#2345 = CARTESIAN_POINT('',(-0.553787621786,-9.790325093962,
    8.546689466573));
#2346 = CARTESIAN_POINT('',(-0.508574603445,-9.817156625787,
    8.571369366751));
#2347 = CARTESIAN_POINT('',(-0.461220903202,-9.842512397564,
    8.594189759829));
#2348 = CARTESIAN_POINT('',(-0.411749816426,-9.866131015341,
    8.61490880721));
#2349 = CARTESIAN_POINT('',(-0.360272865877,-9.887645005853,
    8.633264136456));
#2350 = CARTESIAN_POINT('',(-0.306928593622,-9.906602933682,
    8.649007125333));
#2351 = CARTESIAN_POINT('',(-0.251892525996,-9.922526889502,
    8.661887893811));
#2352 = CARTESIAN_POINT('',(-0.132581348878,-9.948694249189,
    8.682598180422));
#2353 = CARTESIAN_POINT('',(-6.788108439724E-02,-9.958025090391,
    8.689669980737));
#2354 = CARTESIAN_POINT('',(-2.21985861205E-03,-9.961968054703,
    8.692546557682));
#2355 = CARTESIAN_POINT('',(6.360643980341E-02,-9.960070448356,
    8.691060607575));
#2356 = CARTESIAN_POINT('',(0.128845468958,-9.95235038588,8.685226254588
    ));
#2357 = CARTESIAN_POINT('',(0.192788433746,-9.9392967901,8.675239050746)
  );
#2358 = CARTESIAN_POINT('',(0.254770085843,-9.921869392141,
    8.661475975929));
#2359 = CARTESIAN_POINT('',(0.344031061512,-9.891257494023,
    8.635958565952));
#2360 = CARTESIAN_POINT('',(0.373337913485,-9.880155184427,8.6265759594)
  );
#2361 = CARTESIAN_POINT('',(0.402057660397,-9.868273857858,
    8.616393480602));
#2362 = CARTESIAN_POINT('',(0.430165100157,-9.855689079689,
    8.605455002593));
#2363 = CARTESIAN_POINT('',(0.457641447819,-9.842469925436,
    8.593802409053));
#2364 = CARTESIAN_POINT('',(0.484474335581,-9.828678980764,
    8.581475594306));
#2365 = CARTESIAN_POINT('',(0.510657812785,-9.814372341483,
    8.568512463322));
#2366 = CARTESIAN_POINT('',(0.572058100478,-9.77884986921,8.535897622134
    ));
#2367 = CARTESIAN_POINT('',(0.606646017224,-9.757184424919,
    8.515657968144));
#2368 = CARTESIAN_POINT('',(0.639992900975,-9.734742535693,
    8.494301683934));
#2369 = CARTESIAN_POINT('',(0.672136879701,-9.711660334841,
    8.471884287343));
#2370 = CARTESIAN_POINT('',(0.703115934692,-9.688070589299,
    8.448444755011));
#2371 = CARTESIAN_POINT('',(0.732966430717,-9.66410245496,8.424005177543
    ));
#2372 = CARTESIAN_POINT('',(0.761721646197,-9.639881232009,
    8.398570414657));
#2373 = CARTESIAN_POINT('',(0.815272935449,-9.592781059401,
    8.347428939784));
#2374 = CARTESIAN_POINT('',(0.840198522063,-9.569925014347,
    8.321857096007));
#2375 = CARTESIAN_POINT('',(0.864211080733,-9.547058848371,
    8.295401292681));
#2376 = CARTESIAN_POINT('',(0.887323700738,-9.52428648911,8.268044650556
    ));
#2377 = CARTESIAN_POINT('',(0.909538575086,-9.501717668298,
    8.239764501571));
#2378 = CARTESIAN_POINT('',(0.930847032482,-9.479468661507,
    8.210532552955));
#2379 = CARTESIAN_POINT('',(0.951229569301,-9.4576630279,8.180315051328)
  );
#2380 = CARTESIAN_POINT('',(0.9856343615,-9.420062630422,8.124984008577)
  );
#2381 = CARTESIAN_POINT('',(1.000041216334,-9.404037206529,
    8.100290815196));
#2382 = CARTESIAN_POINT('',(1.013863764008,-9.388421093163,
    8.074973749512));
#2383 = CARTESIAN_POINT('',(1.027077878979,-9.373269780099,
    8.049023274746));
#2384 = CARTESIAN_POINT('',(1.039655667792,-9.358651700262,
    8.022430387367));
#2385 = CARTESIAN_POINT('',(1.051564895016,-9.344643969883,
    7.995188906518));
#2386 = CARTESIAN_POINT('',(1.062767076863,-9.331323217177,
    7.967300046625));
#2387 = CARTESIAN_POINT('',(1.089584632713,-9.299129320108,
    7.894112026549));
#2388 = CARTESIAN_POINT('',(1.104131981098,-9.281353483372,
    7.847837207768));
#2389 = CARTESIAN_POINT('',(1.116676246314,-9.265794947127,
    7.800021055953));
#2390 = CARTESIAN_POINT('',(1.127017077103,-9.25281972654,7.750802152926
    ));
#2391 = CARTESIAN_POINT('',(1.134955445479,-9.242779577713,
    7.700392978169));
#2392 = CARTESIAN_POINT('',(1.140319277657,-9.235968197153,
    7.649092075786));
#2393 = CARTESIAN_POINT('',(1.143,-9.232564753831,7.597297280112));
#2394 = CARTESIAN_POINT('',(1.143,-9.232564753831,7.54552));
#2395 = PCURVE('',#368,#2396);
#2396 = DEFINITIONAL_REPRESENTATION('',(#2397),#2621);
#2397 = B_SPLINE_CURVE_WITH_KNOTS('',3,(#2398,#2399,#2400,#2401,#2402,
    #2403,#2404,#2405,#2406,#2407,#2408,#2409,#2410,#2411,#2412,#2413,
    #2414,#2415,#2416,#2417,#2418,#2419,#2420,#2421,#2422,#2423,#2424,
    #2425,#2426,#2427,#2428,#2429,#2430,#2431,#2432,#2433,#2434,#2435,
    #2436,#2437,#2438,#2439,#2440,#2441,#2442,#2443,#2444,#2445,#2446,
    #2447,#2448,#2449,#2450,#2451,#2452,#2453,#2454,#2455,#2456,#2457,
    #2458,#2459,#2460,#2461,#2462,#2463,#2464,#2465,#2466,#2467,#2468,
    #2469,#2470,#2471,#2472,#2473,#2474,#2475,#2476,#2477,#2478,#2479,
    #2480,#2481,#2482,#2483,#2484,#2485,#2486,#2487,#2488,#2489,#2490,
    #2491,#2492,#2493,#2494,#2495,#2496,#2497,#2498,#2499,#2500,#2501,
    #2502,#2503,#2504,#2505,#2506,#2507,#2508,#2509,#2510,#2511,#2512,
    #2513,#2514,#2515,#2516,#2517,#2518,#2519,#2520,#2521,#2522,#2523,
    #2524,#2525,#2526,#2527,#2528,#2529,#2530,#2531,#2532,#2533,#2534,
    #2535,#2536,#2537,#2538,#2539,#2540,#2541,#2542,#2543,#2544,#2545,
    #2546,#2547,#2548,#2549,#2550,#2551,#2552,#2553,#2554,#2555,#2556,
    #2557,#2558,#2559,#2560,#2561,#2562,#2563,#2564,#2565,#2566,#2567,
    #2568,#2569,#2570,#2571,#2572,#2573,#2574,#2575,#2576,#2577,#2578,
    #2579,#2580,#2581,#2582,#2583,#2584,#2585,#2586,#2587,#2588,#2589,
    #2590,#2591,#2592,#2593,#2594,#2595,#2596,#2597,#2598,#2599,#2600,
    #2601,#2602,#2603,#2604,#2605,#2606,#2607,#2608,#2609,#2610,#2611,
    #2612,#2613,#2614,#2615,#2616,#2617,#2618,#2619,#2620),
  .UNSPECIFIED.,.T.,.F.,(4,1,1,1,1,1,1,1,1,1,1,1,1,1,1,1,1,1,1,1,1,1,1,1
    ,1,1,1,1,1,1,1,1,1,1,1,1,1,1,1,1,1,1,1,1,1,1,1,1,1,1,1,1,1,1,1,1,1,1
    ,1,1,1,1,1,1,1,1,1,1,1,1,1,1,1,1,1,1,1,1,1,1,1,1,1,1,1,1,1,1,1,1,1,1
    ,1,1,1,1,1,1,1,1,1,1,1,1,1,1,1,1,1,1,1,1,1,1,1,1,1,1,1,1,1,1,1,1,1,1
    ,1,1,1,1,1,1,1,1,1,1,1,1,1,1,1,1,1,1,1,1,1,1,1,1,1,1,1,1,1,1,1,1,1,1
    ,1,1,1,1,1,1,1,1,1,1,1,1,1,1,1,1,1,1,1,1,1,1,1,1,1,1,1,1,1,1,1,1,1,1
    ,1,1,1,1,1,1,1,1,1,1,1,1,1,1,1,1,1,1,1,1,1,1,1,1,1,1,4),(0.,
    6.845766230446E-03,1.369153246089E-02,2.053729869134E-02,
    2.738306492178E-02,3.422883115223E-02,4.107459738268E-02,
    4.792036361312E-02,5.476612984357E-02,6.161189607402E-02,
    6.845766230446E-02,7.530342853491E-02,8.214919476535E-02,
    8.89949609958E-02,9.584072722625E-02,0.102686493457,0.109532259687,
    0.116378025918,0.123223792148,0.130069558378,0.136915324609,
    0.143761090839,0.15060685707,0.1574526233,0.164298389531,
    0.171144155761,0.177989921992,0.184835688222,0.191681454452,
    0.198527220683,0.205372986913,0.212218753144,0.219064519374,
    0.225910285605,0.232756051835,0.239601818066,0.246447584296,
    0.253293350527,0.260139116757,0.266984882987,0.273830649218,
    0.280676415448,0.287522181679,0.294367947909,0.30121371414,
    0.30805948037,0.314905246601,0.321751012831,0.328596779061,
    0.335442545292,0.342288311522,0.349134077753,0.355979843983,
    0.362825610214,0.369671376444,0.376517142675,0.383362908905,
    0.390208675135,0.397054441366,0.403900207596,0.410745973827,
    0.417591740057,0.424437506288,0.431283272518,0.438129038749,
    0.444974804979,0.451820571209,0.45866633744,0.46551210367,
    0.472357869901,0.479203636131,0.486049402362,0.492895168592,
    0.499740934823,0.506586701053,0.513432467283,0.520278233514,
    0.527123999744,0.533969765975,0.540815532205,0.547661298436,
    0.554507064666,0.561352830897,0.568198597127,0.575044363357,
    0.581890129588,0.588735895818,0.595581662049,0.602427428279,
    0.60927319451,0.61611896074,0.622964726971,0.629810493201,
    0.636656259432,0.643502025662,0.650347791892,0.657193558123,
    0.664039324353,0.670885090584,0.677730856814,0.684576623045,
    0.691422389275,0.698268155506,0.705113921736,0.711959687966,
    0.718805454197,0.725651220427,0.732496986658,0.739342752888,
    0.746188519119,0.753034285349,0.75988005158,0.76672581781,
    0.77357158404,0.780417350271,0.787263116501,0.794108882732,
    0.800954648962,0.807800415193,0.814646181423,0.821491947654,
    0.828337713884,0.835183480114,0.842029246345,0.848875012575,
    0.855720778806,0.862566545036,0.869412311267,0.876258077497,
    0.883103843728,0.889949609958,0.896795376188,0.903641142419,
    0.910486908649,0.91733267488,0.92417844111,0.931024207341,
    0.937869973571,0.944715739802,0.951561506032,0.958407272262,
    0.965253038493,0.972098804723,0.978944570954,0.985790337184,
    0.992636103415,0.999481869645,1.006327635876,1.013173402106,
    1.020019168336,1.026864934567,1.033710700797,1.040556467028,
    1.047402233258,1.054247999489,1.061093765719,1.06793953195,
    1.07478529818,1.081631064411,1.088476830641,1.095322596871,
    1.102168363102,1.109014129332,1.115859895563,1.122705661793,
    1.129551428024,1.136397194254,1.143242960485,1.150088726715,
    1.156934492945,1.163780259176,1.170626025406,1.177471791637,
    1.184317557867,1.191163324098,1.198009090328,1.204854856559,
    1.211700622789,1.218546389019,1.22539215525,1.23223792148,
    1.239083687711,1.245929453941,1.252775220172,1.259620986402,
    1.266466752633,1.273312518863,1.280158285093,1.287004051324,
    1.293849817554,1.300695583785,1.307541350015,1.314387116246,
    1.321232882476,1.328078648707,1.334924414937,1.341770181167,
    1.348615947398,1.355461713628,1.362307479859,1.369153246089,
    1.37599901232,1.38284477855,1.389690544781,1.396536311011,
    1.403382077241,1.410227843472,1.417073609702,1.423919375933,
    1.430765142163,1.437610908394,1.444456674624,1.451302440855,
    1.458148207085,1.464993973315,1.471839739546,1.478685505776,
    1.485531272007,1.492377038237,1.499222804468,1.506068570698),
  .QUASI_UNIFORM_KNOTS.);
#2398 = CARTESIAN_POINT('',(52.424745357326,-6.07752));
#2399 = CARTESIAN_POINT('',(52.424745488893,-6.070974662925));
#2400 = CARTESIAN_POINT('',(52.424564865424,-6.057885282727));
#2401 = CARTESIAN_POINT('',(52.423753723654,-6.038268763029));
#2402 = CARTESIAN_POINT('',(52.422404277572,-6.018682380066));
#2403 = CARTESIAN_POINT('',(52.420520357906,-5.999142509121));
#2404 = CARTESIAN_POINT('',(52.418107230276,-5.979664886595));
#2405 = CARTESIAN_POINT('',(52.415170853893,-5.960261513348));
#2406 = CARTESIAN_POINT('',(52.411722132828,-5.940958246921));
#2407 = CARTESIAN_POINT('',(52.407742353621,-5.921638444769));
#2408 = CARTESIAN_POINT('',(52.403231567325,-5.902317356983));
#2409 = CARTESIAN_POINT('',(52.398187194587,-5.88299112012));
#2410 = CARTESIAN_POINT('',(52.392606936383,-5.863660522725));
#2411 = CARTESIAN_POINT('',(52.386488638899,-5.844326902752));
#2412 = CARTESIAN_POINT('',(52.379827897889,-5.82498479237));
#2413 = CARTESIAN_POINT('',(52.372627748399,-5.805655441317));
#2414 = CARTESIAN_POINT('',(52.364974770593,-5.786551266169));
#2415 = CARTESIAN_POINT('',(52.356870183249,-5.767636338392));
#2416 = CARTESIAN_POINT('',(52.348333541212,-5.748927356538));
#2417 = CARTESIAN_POINT('',(52.339379427175,-5.730425882824));
#2418 = CARTESIAN_POINT('',(52.330023588814,-5.712136559237));
#2419 = CARTESIAN_POINT('',(52.320281193367,-5.694062282684));
#2420 = CARTESIAN_POINT('',(52.31016720067,-5.676205550454));
#2421 = CARTESIAN_POINT('',(52.299696178389,-5.65856815136));
#2422 = CARTESIAN_POINT('',(52.288882263281,-5.641151289833));
#2423 = CARTESIAN_POINT('',(52.277739129236,-5.623955618543));
#2424 = CARTESIAN_POINT('',(52.266279814968,-5.606981189939));
#2425 = CARTESIAN_POINT('',(52.254517138803,-5.590227809586));
#2426 = CARTESIAN_POINT('',(52.242461937605,-5.573693849364));
#2427 = CARTESIAN_POINT('',(52.230129453864,-5.557380805454));
#2428 = CARTESIAN_POINT('',(52.217327905819,-5.541032990344));
#2429 = CARTESIAN_POINT('',(52.204080492845,-5.524691747105));
#2430 = CARTESIAN_POINT('',(52.190372342562,-5.508346260253));
#2431 = CARTESIAN_POINT('',(52.176198333217,-5.491999556022));
#2432 = CARTESIAN_POINT('',(52.161550141407,-5.475650761469));
#2433 = CARTESIAN_POINT('',(52.146419711763,-5.459299926288));
#2434 = CARTESIAN_POINT('',(52.130798280139,-5.442946892741));
#2435 = CARTESIAN_POINT('',(52.114676400249,-5.426591653806));
#2436 = CARTESIAN_POINT('',(52.098044141341,-5.410234639374));
#2437 = CARTESIAN_POINT('',(52.080889972423,-5.393875416714));
#2438 = CARTESIAN_POINT('',(52.06320044741,-5.377512990428));
#2439 = CARTESIAN_POINT('',(52.044962933572,-5.361148262116));
#2440 = CARTESIAN_POINT('',(52.026162272993,-5.344781016841));
#2441 = CARTESIAN_POINT('',(52.00678150814,-5.328410922148));
#2442 = CARTESIAN_POINT('',(51.986801443073,-5.312037413194));
#2443 = CARTESIAN_POINT('',(51.96620089646,-5.295660163283));
#2444 = CARTESIAN_POINT('',(51.944955303613,-5.279278326653));
#2445 = CARTESIAN_POINT('',(51.923041188315,-5.262894106842));
#2446 = CARTESIAN_POINT('',(51.900418775086,-5.246500250518));
#2447 = CARTESIAN_POINT('',(51.8770471437,-5.230092923989));
#2448 = CARTESIAN_POINT('',(51.852898635913,-5.213680971869));
#2449 = CARTESIAN_POINT('',(51.827927317097,-5.197264358113));
#2450 = CARTESIAN_POINT('',(51.802077029543,-5.180841519558));
#2451 = CARTESIAN_POINT('',(51.775276180422,-5.164407798394));
#2452 = CARTESIAN_POINT('',(51.747446226438,-5.147961616913));
#2453 = CARTESIAN_POINT('',(51.718468134716,-5.131489609832));
#2454 = CARTESIAN_POINT('',(51.688302535096,-5.115029632212));
#2455 = CARTESIAN_POINT('',(51.656536200002,-5.098445198079));
#2456 = CARTESIAN_POINT('',(51.624163630825,-5.082327185715));
#2457 = CARTESIAN_POINT('',(51.591581619861,-5.066887695668));
#2458 = CARTESIAN_POINT('',(51.558703434471,-5.052098631608));
#2459 = CARTESIAN_POINT('',(51.52556908869,-5.038004147161));
#2460 = CARTESIAN_POINT('',(51.492152551301,-5.024634842212));
#2461 = CARTESIAN_POINT('',(51.458447480848,-5.012028955432));
#2462 = CARTESIAN_POINT('',(51.424446987935,-5.000225172128));
#2463 = CARTESIAN_POINT('',(51.390148204138,-4.989263324294));
#2464 = CARTESIAN_POINT('',(51.355550505749,-4.979183256213));
#2465 = CARTESIAN_POINT('',(51.320655739452,-4.970024485339));
#2466 = CARTESIAN_POINT('',(51.285468480583,-4.961825866242));
#2467 = CARTESIAN_POINT('',(51.24999615183,-4.954625796687));
#2468 = CARTESIAN_POINT('',(51.21425197706,-4.948461601806));
#2469 = CARTESIAN_POINT('',(51.178247339359,-4.943373317755));
#2470 = CARTESIAN_POINT('',(51.142042171334,-4.939394587256));
#2471 = CARTESIAN_POINT('',(51.105688723048,-4.936550886895));
#2472 = CARTESIAN_POINT('',(51.069237725644,-4.934860634765));
#2473 = CARTESIAN_POINT('',(51.03274024563,-4.934334893764));
#2474 = CARTESIAN_POINT('',(50.996253584976,-4.934977450755));
#2475 = CARTESIAN_POINT('',(50.959831116354,-4.936784796616));
#2476 = CARTESIAN_POINT('',(50.923515524502,-4.9397461269));
#2477 = CARTESIAN_POINT('',(50.887344625778,-4.943843359131));
#2478 = CARTESIAN_POINT('',(50.851354730722,-4.949051062959));
#2479 = CARTESIAN_POINT('',(50.815583180787,-4.955336722254));
#2480 = CARTESIAN_POINT('',(50.780075154084,-4.962659756566));
#2481 = CARTESIAN_POINT('',(50.744872336376,-4.9709751732));
#2482 = CARTESIAN_POINT('',(50.710067934167,-4.980219937445));
#2483 = CARTESIAN_POINT('',(50.675604436971,-4.990365978338));
#2484 = CARTESIAN_POINT('',(50.641430039566,-5.001386005558));
#2485 = CARTESIAN_POINT('',(50.607557096705,-5.013236728715));
#2486 = CARTESIAN_POINT('',(50.57397725448,-5.025880789295));
#2487 = CARTESIAN_POINT('',(50.540683628735,-5.039280851795));
#2488 = CARTESIAN_POINT('',(50.50766622413,-5.053401307236));
#2489 = CARTESIAN_POINT('',(50.474907306421,-5.068207367983));
#2490 = CARTESIAN_POINT('',(50.442424018068,-5.083666984938));
#2491 = CARTESIAN_POINT('',(50.4102310993,-5.099759280377));
#2492 = CARTESIAN_POINT('',(50.378340935283,-5.116464404578));
#2493 = CARTESIAN_POINT('',(50.346766366817,-5.133765623093));
#2494 = CARTESIAN_POINT('',(50.31552002992,-5.151648784516));
#2495 = CARTESIAN_POINT('',(50.284614619995,-5.170102496942));
#2496 = CARTESIAN_POINT('',(50.254062947956,-5.189118087143));
#2497 = CARTESIAN_POINT('',(50.223877909518,-5.208689720148));
#2498 = CARTESIAN_POINT('',(50.194073005039,-5.228814094491));
#2499 = CARTESIAN_POINT('',(50.16466073162,-5.249491674413));
#2500 = CARTESIAN_POINT('',(50.135658918409,-5.270722198543));
#2501 = CARTESIAN_POINT('',(50.107088220531,-5.292506622409));
#2502 = CARTESIAN_POINT('',(50.078963556945,-5.314853236841));
#2503 = CARTESIAN_POINT('',(50.051305566417,-5.337769774297));
#2504 = CARTESIAN_POINT('',(50.024137691057,-5.361265454226));
#2505 = CARTESIAN_POINT('',(49.997486911705,-5.385350289592));
#2506 = CARTESIAN_POINT('',(49.971383509908,-5.410035141878));
#2507 = CARTESIAN_POINT('',(49.94586116248,-5.435331677512));
#2508 = CARTESIAN_POINT('',(49.92095708259,-5.461252354174));
#2509 = CARTESIAN_POINT('',(49.896711965542,-5.487810656227));
#2510 = CARTESIAN_POINT('',(49.873170467261,-5.51502011813));
#2511 = CARTESIAN_POINT('',(49.850378580782,-5.542896963881));
#2512 = CARTESIAN_POINT('',(49.828392473955,-5.57144709594));
#2513 = CARTESIAN_POINT('',(49.807271937497,-5.600676357562));
#2514 = CARTESIAN_POINT('',(49.787079302429,-5.630591575325));
#2515 = CARTESIAN_POINT('',(49.767883821018,-5.661194054619));
#2516 = CARTESIAN_POINT('',(49.74975968316,-5.692480754735));
#2517 = CARTESIAN_POINT('',(49.732785558641,-5.724443330633));
#2518 = CARTESIAN_POINT('',(49.717043549446,-5.757067643043));
#2519 = CARTESIAN_POINT('',(49.702618108037,-5.790333143139));
#2520 = CARTESIAN_POINT('',(49.689594799494,-5.824211905208));
#2521 = CARTESIAN_POINT('',(49.678058679878,-5.858669250636));
#2522 = CARTESIAN_POINT('',(49.668096466186,-5.893646632214));
#2523 = CARTESIAN_POINT('',(49.659787199864,-5.929078741948));
#2524 = CARTESIAN_POINT('',(49.653200695671,-5.964892271484));
#2525 = CARTESIAN_POINT('',(49.648395257621,-6.001005877997));
#2526 = CARTESIAN_POINT('',(49.645415576855,-6.037330182862));
#2527 = CARTESIAN_POINT('',(49.644290674563,-6.073766433726));
#2528 = CARTESIAN_POINT('',(49.645031567155,-6.110210480199));
#2529 = CARTESIAN_POINT('',(49.647630934377,-6.146565709742));
#2530 = CARTESIAN_POINT('',(49.652063429989,-6.182729945018));
#2531 = CARTESIAN_POINT('',(49.658287434405,-6.218612415466));
#2532 = CARTESIAN_POINT('',(49.666247131031,-6.254129195492));
#2533 = CARTESIAN_POINT('',(49.67587463649,-6.289204593385));
#2534 = CARTESIAN_POINT('',(49.687091698069,-6.323769037943));
#2535 = CARTESIAN_POINT('',(49.699811338583,-6.357760306877));
#2536 = CARTESIAN_POINT('',(49.713949917544,-6.39114525073));
#2537 = CARTESIAN_POINT('',(49.729422144015,-6.423894939049));
#2538 = CARTESIAN_POINT('',(49.746143805674,-6.455988181491));
#2539 = CARTESIAN_POINT('',(49.764032642956,-6.487409669657));
#2540 = CARTESIAN_POINT('',(49.783009450411,-6.518149738229));
#2541 = CARTESIAN_POINT('',(49.802998916399,-6.548203758408));
#2542 = CARTESIAN_POINT('',(49.82393035716,-6.577571617887));
#2543 = CARTESIAN_POINT('',(49.845738260442,-6.606257121063));
#2544 = CARTESIAN_POINT('',(49.868362647951,-6.634267342794));
#2545 = CARTESIAN_POINT('',(49.891748919097,-6.661611950055));
#2546 = CARTESIAN_POINT('',(49.915848023544,-6.688302540657));
#2547 = CARTESIAN_POINT('',(49.9406155526,-6.714352082974));
#2548 = CARTESIAN_POINT('',(49.966010062463,-6.739774259121));
#2549 = CARTESIAN_POINT('',(49.991993235794,-6.764582574237));
#2550 = CARTESIAN_POINT('',(50.018530306078,-6.78878968107));
#2551 = CARTESIAN_POINT('',(50.045589903662,-6.812406583386));
#2552 = CARTESIAN_POINT('',(50.073145660632,-6.835443747367));
#2553 = CARTESIAN_POINT('',(50.101169827021,-6.857906775695));
#2554 = CARTESIAN_POINT('',(50.129655440269,-6.879813722577));
#2555 = CARTESIAN_POINT('',(50.158531490135,-6.901132099644));
#2556 = CARTESIAN_POINT('',(50.187978381961,-6.922014603667));
#2557 = CARTESIAN_POINT('',(50.218837479334,-6.943018529569));
#2558 = CARTESIAN_POINT('',(50.251011542085,-6.964002399257));
#2559 = CARTESIAN_POINT('',(50.284669748462,-6.985004475725));
#2560 = CARTESIAN_POINT('',(50.319967976833,-7.006028667153));
#2561 = CARTESIAN_POINT('',(50.357075384866,-7.027066453407));
#2562 = CARTESIAN_POINT('',(50.39636648289,-7.048190208521));
#2563 = CARTESIAN_POINT('',(50.437648325429,-7.069117918087));
#2564 = CARTESIAN_POINT('',(50.479063300007,-7.088835808221));
#2565 = CARTESIAN_POINT('',(50.521011239227,-7.107529267486));
#2566 = CARTESIAN_POINT('',(50.563366392977,-7.125070566121));
#2567 = CARTESIAN_POINT('',(50.606194016475,-7.141402318028));
#2568 = CARTESIAN_POINT('',(50.649497345779,-7.156440611015));
#2569 = CARTESIAN_POINT('',(50.693285689078,-7.170104987889));
#2570 = CARTESIAN_POINT('',(50.737558101577,-7.182313039117));
#2571 = CARTESIAN_POINT('',(50.78230995106,-7.192983459358));
#2572 = CARTESIAN_POINT('',(50.827523999625,-7.202036475858));
#2573 = CARTESIAN_POINT('',(50.873189872074,-7.209394242224));
#2574 = CARTESIAN_POINT('',(50.919233371652,-7.214976777177));
#2575 = CARTESIAN_POINT('',(50.965530657137,-7.218725498874));
#2576 = CARTESIAN_POINT('',(51.011982142916,-7.220600705678));
#2577 = CARTESIAN_POINT('',(51.058479949197,-7.220582153428));
#2578 = CARTESIAN_POINT('',(51.104906365938,-7.218668905888));
#2579 = CARTESIAN_POINT('',(51.151168483746,-7.214879355668));
#2580 = CARTESIAN_POINT('',(51.197188231544,-7.209251290104));
#2581 = CARTESIAN_POINT('',(51.242890238058,-7.201841606808));
#2582 = CARTESIAN_POINT('',(51.288187089098,-7.192727385587));
#2583 = CARTESIAN_POINT('',(51.33298370897,-7.182001885228));
#2584 = CARTESIAN_POINT('',(51.377116086637,-7.16978948443));
#2585 = CARTESIAN_POINT('',(51.420777869471,-7.15612845741));
#2586 = CARTESIAN_POINT('',(51.463949721375,-7.141106197718));
#2587 = CARTESIAN_POINT('',(51.506646989643,-7.124800844892));
#2588 = CARTESIAN_POINT('',(51.54888268735,-7.107288759363));
#2589 = CARTESIAN_POINT('',(51.590691634893,-7.088642758643));
#2590 = CARTESIAN_POINT('',(51.632060964809,-7.068931697666));
#2591 = CARTESIAN_POINT('',(51.67295461754,-7.04819982422));
#2592 = CARTESIAN_POINT('',(51.713348527277,-7.026486223236));
#2593 = CARTESIAN_POINT('',(51.753215821065,-7.003822406933));
#2594 = CARTESIAN_POINT('',(51.792530426883,-6.980232881947));
#2595 = CARTESIAN_POINT('',(51.831265943953,-6.955734787819));
#2596 = CARTESIAN_POINT('',(51.869395021205,-6.930338327585));
#2597 = CARTESIAN_POINT('',(51.906891460172,-6.904044958606));
#2598 = CARTESIAN_POINT('',(51.943720968771,-6.876853751797));
#2599 = CARTESIAN_POINT('',(51.979845603857,-6.848757670176));
#2600 = CARTESIAN_POINT('',(52.015226558791,-6.819741610072));
#2601 = CARTESIAN_POINT('',(52.049815505038,-6.789788491901));
#2602 = CARTESIAN_POINT('',(52.083556674271,-6.758877696497));
#2603 = CARTESIAN_POINT('',(52.116386090266,-6.726985529073));
#2604 = CARTESIAN_POINT('',(52.14823139323,-6.694085227132));
#2605 = CARTESIAN_POINT('',(52.179012054109,-6.660146764933));
#2606 = CARTESIAN_POINT('',(52.208628645754,-6.625147477175));
#2607 = CARTESIAN_POINT('',(52.236978703492,-6.58906280226));
#2608 = CARTESIAN_POINT('',(52.263944135256,-6.551877384398));
#2609 = CARTESIAN_POINT('',(52.289394145772,-6.513579835816));
#2610 = CARTESIAN_POINT('',(52.313182313849,-6.474172010152));
#2611 = CARTESIAN_POINT('',(52.335162869661,-6.433643416012));
#2612 = CARTESIAN_POINT('',(52.35516829491,-6.392009657543));
#2613 = CARTESIAN_POINT('',(52.373008541138,-6.349338731731));
#2614 = CARTESIAN_POINT('',(52.388500931867,-6.305708830442));
#2615 = CARTESIAN_POINT('',(52.401469459333,-6.261221336321));
#2616 = CARTESIAN_POINT('',(52.411752622102,-6.215998952012));
#2617 = CARTESIAN_POINT('',(52.419211668048,-6.170188989861));
#2618 = CARTESIAN_POINT('',(52.423732866493,-6.123961140647));
#2619 = CARTESIAN_POINT('',(52.424749128471,-6.093001993553));
#2620 = CARTESIAN_POINT('',(52.424745357326,-6.07752));
#2621 = ( GEOMETRIC_REPRESENTATION_CONTEXT(2) 
PARAMETRIC_REPRESENTATION_CONTEXT() REPRESENTATION_CONTEXT('2D SPACE',''
  ) );
#2622 = PCURVE('',#1992,#2623);
#2623 = DEFINITIONAL_REPRESENTATION('',(#2624),#2848);
#2624 = B_SPLINE_CURVE_WITH_KNOTS('',3,(#2625,#2626,#2627,#2628,#2629,
    #2630,#2631,#2632,#2633,#2634,#2635,#2636,#2637,#2638,#2639,#2640,
    #2641,#2642,#2643,#2644,#2645,#2646,#2647,#2648,#2649,#2650,#2651,
    #2652,#2653,#2654,#2655,#2656,#2657,#2658,#2659,#2660,#2661,#2662,
    #2663,#2664,#2665,#2666,#2667,#2668,#2669,#2670,#2671,#2672,#2673,
    #2674,#2675,#2676,#2677,#2678,#2679,#2680,#2681,#2682,#2683,#2684,
    #2685,#2686,#2687,#2688,#2689,#2690,#2691,#2692,#2693,#2694,#2695,
    #2696,#2697,#2698,#2699,#2700,#2701,#2702,#2703,#2704,#2705,#2706,
    #2707,#2708,#2709,#2710,#2711,#2712,#2713,#2714,#2715,#2716,#2717,
    #2718,#2719,#2720,#2721,#2722,#2723,#2724,#2725,#2726,#2727,#2728,
    #2729,#2730,#2731,#2732,#2733,#2734,#2735,#2736,#2737,#2738,#2739,
    #2740,#2741,#2742,#2743,#2744,#2745,#2746,#2747,#2748,#2749,#2750,
    #2751,#2752,#2753,#2754,#2755,#2756,#2757,#2758,#2759,#2760,#2761,
    #2762,#2763,#2764,#2765,#2766,#2767,#2768,#2769,#2770,#2771,#2772,
    #2773,#2774,#2775,#2776,#2777,#2778,#2779,#2780,#2781,#2782,#2783,
    #2784,#2785,#2786,#2787,#2788,#2789,#2790,#2791,#2792,#2793,#2794,
    #2795,#2796,#2797,#2798,#2799,#2800,#2801,#2802,#2803,#2804,#2805,
    #2806,#2807,#2808,#2809,#2810,#2811,#2812,#2813,#2814,#2815,#2816,
    #2817,#2818,#2819,#2820,#2821,#2822,#2823,#2824,#2825,#2826,#2827,
    #2828,#2829,#2830,#2831,#2832,#2833,#2834,#2835,#2836,#2837,#2838,
    #2839,#2840,#2841,#2842,#2843,#2844,#2845,#2846,#2847),
  .UNSPECIFIED.,.F.,.F.,(4,1,1,1,1,1,1,1,1,1,1,1,1,1,1,1,1,1,1,1,1,1,1,1
    ,1,1,1,1,1,1,1,1,1,1,1,1,1,1,1,1,1,1,1,1,1,1,1,1,1,1,1,1,1,1,1,1,1,1
    ,1,1,1,1,1,1,1,1,1,1,1,1,1,1,1,1,1,1,1,1,1,1,1,1,1,1,1,1,1,1,1,1,1,1
    ,1,1,1,1,1,1,1,1,1,1,1,1,1,1,1,1,1,1,1,1,1,1,1,1,1,1,1,1,1,1,1,1,1,1
    ,1,1,1,1,1,1,1,1,1,1,1,1,1,1,1,1,1,1,1,1,1,1,1,1,1,1,1,1,1,1,1,1,1,1
    ,1,1,1,1,1,1,1,1,1,1,1,1,1,1,1,1,1,1,1,1,1,1,1,1,1,1,1,1,1,1,1,1,1,1
    ,1,1,1,1,1,1,1,1,1,1,1,1,1,1,1,1,1,1,1,1,1,1,1,1,1,1,4),(0.,
    6.845766230446E-03,1.369153246089E-02,2.053729869134E-02,
    2.738306492178E-02,3.422883115223E-02,4.107459738268E-02,
    4.792036361312E-02,5.476612984357E-02,6.161189607402E-02,
    6.845766230446E-02,7.530342853491E-02,8.214919476535E-02,
    8.89949609958E-02,9.584072722625E-02,0.102686493457,0.109532259687,
    0.116378025918,0.123223792148,0.130069558378,0.136915324609,
    0.143761090839,0.15060685707,0.1574526233,0.164298389531,
    0.171144155761,0.177989921992,0.184835688222,0.191681454452,
    0.198527220683,0.205372986913,0.212218753144,0.219064519374,
    0.225910285605,0.232756051835,0.239601818066,0.246447584296,
    0.253293350527,0.260139116757,0.266984882987,0.273830649218,
    0.280676415448,0.287522181679,0.294367947909,0.30121371414,
    0.30805948037,0.314905246601,0.321751012831,0.328596779061,
    0.335442545292,0.342288311522,0.349134077753,0.355979843983,
    0.362825610214,0.369671376444,0.376517142675,0.383362908905,
    0.390208675135,0.397054441366,0.403900207596,0.410745973827,
    0.417591740057,0.424437506288,0.431283272518,0.438129038749,
    0.444974804979,0.451820571209,0.45866633744,0.46551210367,
    0.472357869901,0.479203636131,0.486049402362,0.492895168592,
    0.499740934823,0.506586701053,0.513432467283,0.520278233514,
    0.527123999744,0.533969765975,0.540815532205,0.547661298436,
    0.554507064666,0.561352830897,0.568198597127,0.575044363357,
    0.581890129588,0.588735895818,0.595581662049,0.602427428279,
    0.60927319451,0.61611896074,0.622964726971,0.629810493201,
    0.636656259432,0.643502025662,0.650347791892,0.657193558123,
    0.664039324353,0.670885090584,0.677730856814,0.684576623045,
    0.691422389275,0.698268155506,0.705113921736,0.711959687966,
    0.718805454197,0.725651220427,0.732496986658,0.739342752888,
    0.746188519119,0.753034285349,0.75988005158,0.76672581781,
    0.77357158404,0.780417350271,0.787263116501,0.794108882732,
    0.800954648962,0.807800415193,0.814646181423,0.821491947654,
    0.828337713884,0.835183480114,0.842029246345,0.848875012575,
    0.855720778806,0.862566545036,0.869412311267,0.876258077497,
    0.883103843728,0.889949609958,0.896795376188,0.903641142419,
    0.910486908649,0.91733267488,0.92417844111,0.931024207341,
    0.937869973571,0.944715739802,0.951561506032,0.958407272262,
    0.965253038493,0.972098804723,0.978944570954,0.985790337184,
    0.992636103415,0.999481869645,1.006327635876,1.013173402106,
    1.020019168336,1.026864934567,1.033710700797,1.040556467028,
    1.047402233258,1.054247999489,1.061093765719,1.06793953195,
    1.07478529818,1.081631064411,1.088476830641,1.095322596871,
    1.102168363102,1.109014129332,1.115859895563,1.122705661793,
    1.129551428024,1.136397194254,1.143242960485,1.150088726715,
    1.156934492945,1.163780259176,1.170626025406,1.177471791637,
    1.184317557867,1.191163324098,1.198009090328,1.204854856559,
    1.211700622789,1.218546389019,1.22539215525,1.23223792148,
    1.239083687711,1.245929453941,1.252775220172,1.259620986402,
    1.266466752633,1.273312518863,1.280158285093,1.287004051324,
    1.293849817554,1.300695583785,1.307541350015,1.314387116246,
    1.321232882476,1.328078648707,1.334924414937,1.341770181167,
    1.348615947398,1.355461713628,1.362307479859,1.369153246089,
    1.37599901232,1.38284477855,1.389690544781,1.396536311011,
    1.403382077241,1.410227843472,1.417073609702,1.423919375933,
    1.430765142163,1.437610908394,1.444456674624,1.451302440855,
    1.458148207085,1.464993973315,1.471839739546,1.478685505776,
    1.485531272007,1.492377038237,1.499222804468,1.506068570698),
  .QUASI_UNIFORM_KNOTS.);
#2625 = CARTESIAN_POINT('',(6.28318530718,12.788564753831));
#2626 = CARTESIAN_POINT('',(6.277458855927,12.788564640533));
#2627 = CARTESIAN_POINT('',(6.266007075601,12.788707576223));
#2628 = CARTESIAN_POINT('',(6.248839701176,12.789349348438));
#2629 = CARTESIAN_POINT('',(6.231688586805,12.790416850373));
#2630 = CARTESIAN_POINT('',(6.214563075849,12.791906765829));
#2631 = CARTESIAN_POINT('',(6.197472032323,12.793814546076));
#2632 = CARTESIAN_POINT('',(6.180421124615,12.796134982887));
#2633 = CARTESIAN_POINT('',(6.163428419343,12.798858859317));
#2634 = CARTESIAN_POINT('',(6.14638633412,12.802000225349));
#2635 = CARTESIAN_POINT('',(6.129303030599,12.805558193632));
#2636 = CARTESIAN_POINT('',(6.112169785564,12.809533793361));
#2637 = CARTESIAN_POINT('',(6.094981818973,12.813927675721));
#2638 = CARTESIAN_POINT('',(6.077734703567,12.818740215993));
#2639 = CARTESIAN_POINT('',(6.060417805584,12.82397339969));
#2640 = CARTESIAN_POINT('',(6.043044021961,12.829623175892));
#2641 = CARTESIAN_POINT('',(6.025799566087,12.835619890914));
#2642 = CARTESIAN_POINT('',(6.008648521493,12.841960889186));
#2643 = CARTESIAN_POINT('',(5.991602283109,12.848629019353));
#2644 = CARTESIAN_POINT('',(5.974658903033,12.855610960355));
#2645 = CARTESIAN_POINT('',(5.957819380761,12.862892402144));
#2646 = CARTESIAN_POINT('',(5.941083331791,12.87045942188));
#2647 = CARTESIAN_POINT('',(5.924450176726,12.878298194423));
#2648 = CARTESIAN_POINT('',(5.907918849238,12.886395140977));
#2649 = CARTESIAN_POINT('',(5.891487888174,12.894736961656));
#2650 = CARTESIAN_POINT('',(5.875155455337,12.903310665036));
#2651 = CARTESIAN_POINT('',(5.858919248616,12.912103696666));
#2652 = CARTESIAN_POINT('',(5.842776891448,12.92110364559));
#2653 = CARTESIAN_POINT('',(5.826724506219,12.930299510679));
#2654 = CARTESIAN_POINT('',(5.810762061581,12.939677120551));
#2655 = CARTESIAN_POINT('',(5.794634268843,12.949378698957));
#2656 = CARTESIAN_POINT('',(5.778373459418,12.959382092522));
#2657 = CARTESIAN_POINT('',(5.761961037496,12.969693964159));
#2658 = CARTESIAN_POINT('',(5.745391251299,12.980312884763));
#2659 = CARTESIAN_POINT('',(5.728653972068,12.99123896597));
#2660 = CARTESIAN_POINT('',(5.711739291577,13.002471290631));
#2661 = CARTESIAN_POINT('',(5.694636360038,13.014008725079));
#2662 = CARTESIAN_POINT('',(5.677333648429,13.025849903427));
#2663 = CARTESIAN_POINT('',(5.65981915927,13.037993022024));
#2664 = CARTESIAN_POINT('',(5.642078990497,13.050436484437));
#2665 = CARTESIAN_POINT('',(5.624097345106,13.063179017022));
#2666 = CARTESIAN_POINT('',(5.605859154688,13.076217590127));
#2667 = CARTESIAN_POINT('',(5.587346695436,13.089549819282));
#2668 = CARTESIAN_POINT('',(5.568540357206,13.103173171508));
#2669 = CARTESIAN_POINT('',(5.549418217375,13.11708506579));
#2670 = CARTESIAN_POINT('',(5.529956267067,13.131282473377));
#2671 = CARTESIAN_POINT('',(5.510127099976,13.145762624589));
#2672 = CARTESIAN_POINT('',(5.489903977215,13.160519789804));
#2673 = CARTESIAN_POINT('',(5.469244807809,13.175556657185));
#2674 = CARTESIAN_POINT('',(5.44810634254,13.190873030269));
#2675 = CARTESIAN_POINT('',(5.426456637074,13.206456636413));
#2676 = CARTESIAN_POINT('',(5.404246328158,13.222303140182));
#2677 = CARTESIAN_POINT('',(5.381416069891,13.238409739111));
#2678 = CARTESIAN_POINT('',(5.357891808811,13.254776993291));
#2679 = CARTESIAN_POINT('',(5.333591871999,13.271402654196));
#2680 = CARTESIAN_POINT('',(5.308397529504,13.288297775231));
#2681 = CARTESIAN_POINT('',(5.282256057679,13.305419835077));
#2682 = CARTESIAN_POINT('',(5.254788075377,13.322913293503));
#2683 = CARTESIAN_POINT('',(5.226824834821,13.340149339562));
#2684 = CARTESIAN_POINT('',(5.19867516423,13.356875398792));
#2685 = CARTESIAN_POINT('',(5.170228981556,13.373101988718));
#2686 = CARTESIAN_POINT('',(5.141498657783,13.388765272664));
#2687 = CARTESIAN_POINT('',(5.112471327884,13.403816816193));
#2688 = CARTESIAN_POINT('',(5.083146315941,13.418199076658));
#2689 = CARTESIAN_POINT('',(5.053523466726,13.431851717924));
#2690 = CARTESIAN_POINT('',(5.023605146064,13.444709851529));
#2691 = CARTESIAN_POINT('',(4.993395121525,13.456704707159));
#2692 = CARTESIAN_POINT('',(4.962898718624,13.467763619675));
#2693 = CARTESIAN_POINT('',(4.932123409721,13.477811280818));
#2694 = CARTESIAN_POINT('',(4.901078702752,13.486767575935));
#2695 = CARTESIAN_POINT('',(4.8697805329,13.494558776142));
#2696 = CARTESIAN_POINT('',(4.838237773758,13.501075563686));
#2697 = CARTESIAN_POINT('',(4.806507035185,13.506224034435));
#2698 = CARTESIAN_POINT('',(4.774640904159,13.509938001211));
#2699 = CARTESIAN_POINT('',(4.742689230851,13.512167695129));
#2700 = CARTESIAN_POINT('',(4.710699225586,13.51288279274));
#2701 = CARTESIAN_POINT('',(4.678715919602,13.512071606127));
#2702 = CARTESIAN_POINT('',(4.646782564611,13.509741295374));
#2703 = CARTESIAN_POINT('',(4.614941100087,13.505917828589));
#2704 = CARTESIAN_POINT('',(4.58323257279,13.500645929352));
#2705 = CARTESIAN_POINT('',(4.551697811753,13.493989326891));
#2706 = CARTESIAN_POINT('',(4.520377228116,13.486029807937));
#2707 = CARTESIAN_POINT('',(4.489313923686,13.476870759125));
#2708 = CARTESIAN_POINT('',(4.458544467204,13.466623945538));
#2709 = CARTESIAN_POINT('',(4.428135682463,13.455458854118));
#2710 = CARTESIAN_POINT('',(4.398043952085,13.443410861365));
#2711 = CARTESIAN_POINT('',(4.368237899355,13.430501982318));
#2712 = CARTESIAN_POINT('',(4.338730181625,13.416813237979));
#2713 = CARTESIAN_POINT('',(4.309518897829,13.402404630767));
#2714 = CARTESIAN_POINT('',(4.28060322799,13.387336555783));
#2715 = CARTESIAN_POINT('',(4.251979071911,13.371664180282));
#2716 = CARTESIAN_POINT('',(4.223640697924,13.355438514538));
#2717 = CARTESIAN_POINT('',(4.195578576447,13.338707748909));
#2718 = CARTESIAN_POINT('',(4.16776924841,13.321518579187));
#2719 = CARTESIAN_POINT('',(4.140190901139,13.303915578664));
#2720 = CARTESIAN_POINT('',(4.11282110325,13.285943209297));
#2721 = CARTESIAN_POINT('',(4.085637272242,13.267645265722));
#2722 = CARTESIAN_POINT('',(4.058616399101,13.249064999956));
#2723 = CARTESIAN_POINT('',(4.031735005431,13.230245088392));
#2724 = CARTESIAN_POINT('',(4.004968906702,13.211227548915));
#2725 = CARTESIAN_POINT('',(3.978293513601,13.192054015271));
#2726 = CARTESIAN_POINT('',(3.951682171766,13.172764632278));
#2727 = CARTESIAN_POINT('',(3.92511180863,13.153402110428));
#2728 = CARTESIAN_POINT('',(3.898560074762,13.134010646682));
#2729 = CARTESIAN_POINT('',(3.871997781174,13.114629540448));
#2730 = CARTESIAN_POINT('',(3.845398751431,13.095301141432));
#2731 = CARTESIAN_POINT('',(3.818736932637,13.076069053419));
#2732 = CARTESIAN_POINT('',(3.791987006714,13.056978596067));
#2733 = CARTESIAN_POINT('',(3.765124078393,13.038076643415));
#2734 = CARTESIAN_POINT('',(3.738123536182,13.019411738174));
#2735 = CARTESIAN_POINT('',(3.71096088331,13.00103428874));
#2736 = CARTESIAN_POINT('',(3.683611336877,12.982996518743));
#2737 = CARTESIAN_POINT('',(3.656050626177,12.965352754537));
#2738 = CARTESIAN_POINT('',(3.628252231145,12.948156385655));
#2739 = CARTESIAN_POINT('',(3.600200036593,12.931465389367));
#2740 = CARTESIAN_POINT('',(3.571877495461,12.915340694891));
#2741 = CARTESIAN_POINT('',(3.543266581535,12.899844680619));
#2742 = CARTESIAN_POINT('',(3.514353831941,12.885044655894));
#2743 = CARTESIAN_POINT('',(3.485128827291,12.871011287081));
#2744 = CARTESIAN_POINT('',(3.455584780906,12.857818211833));
#2745 = CARTESIAN_POINT('',(3.425718681568,12.845541170664));
#2746 = CARTESIAN_POINT('',(3.395531595627,12.834257095487));
#2747 = CARTESIAN_POINT('',(3.365029308148,12.824043067386));
#2748 = CARTESIAN_POINT('',(3.334221621091,12.814974932874));
#2749 = CARTESIAN_POINT('',(3.303137327295,12.807129019849));
#2750 = CARTESIAN_POINT('',(3.271808798419,12.800574597154));
#2751 = CARTESIAN_POINT('',(3.240273241859,12.79537258433));
#2752 = CARTESIAN_POINT('',(3.208572951207,12.791573679837));
#2753 = CARTESIAN_POINT('',(3.176755644409,12.789216626394));
#2754 = CARTESIAN_POINT('',(3.144876062238,12.78832650937));
#2755 = CARTESIAN_POINT('',(3.112993003255,12.788912785865));
#2756 = CARTESIAN_POINT('',(3.081158607387,12.790969180012));
#2757 = CARTESIAN_POINT('',(3.049430427881,12.794473795468));
#2758 = CARTESIAN_POINT('',(3.017857118912,12.799390580019));
#2759 = CARTESIAN_POINT('',(2.986482879338,12.80567104753));
#2760 = CARTESIAN_POINT('',(2.955346597407,12.813256036151));
#2761 = CARTESIAN_POINT('',(2.924483961054,12.822077072833));
#2762 = CARTESIAN_POINT('',(2.893926657726,12.832057881012));
#2763 = CARTESIAN_POINT('',(2.863682704185,12.843123914063));
#2764 = CARTESIAN_POINT('',(2.833758373319,12.855198448585));
#2765 = CARTESIAN_POINT('',(2.804154924029,12.86820493459));
#2766 = CARTESIAN_POINT('',(2.774870044482,12.882067708828));
#2767 = CARTESIAN_POINT('',(2.745897828646,12.896712876723));
#2768 = CARTESIAN_POINT('',(2.717229057006,12.912068990738));
#2769 = CARTESIAN_POINT('',(2.688851390393,12.928067664579));
#2770 = CARTESIAN_POINT('',(2.660749631331,12.94464405288));
#2771 = CARTESIAN_POINT('',(2.632906026992,12.961737112106));
#2772 = CARTESIAN_POINT('',(2.605300600957,12.979289482671));
#2773 = CARTESIAN_POINT('',(2.577911469429,12.997246807816));
#2774 = CARTESIAN_POINT('',(2.550715064079,13.015556157371));
#2775 = CARTESIAN_POINT('',(2.523686517784,13.034164918353));
#2776 = CARTESIAN_POINT('',(2.496800392218,13.053021233049));
#2777 = CARTESIAN_POINT('',(2.470031209246,13.072075049208));
#2778 = CARTESIAN_POINT('',(2.443354193726,13.091278581986));
#2779 = CARTESIAN_POINT('',(2.416743713726,13.110587543808));
#2780 = CARTESIAN_POINT('',(2.390178436746,13.129956475018));
#2781 = CARTESIAN_POINT('',(2.363619850459,13.149353036951));
#2782 = CARTESIAN_POINT('',(2.337089590319,13.168700029702));
#2783 = CARTESIAN_POINT('',(2.31037903905,13.188088757774));
#2784 = CARTESIAN_POINT('',(2.282704411441,13.208019323021));
#2785 = CARTESIAN_POINT('',(2.254139769257,13.228353732536));
#2786 = CARTESIAN_POINT('',(2.224513124214,13.249117951146));
#2787 = CARTESIAN_POINT('',(2.193663336195,13.270308651021));
#2788 = CARTESIAN_POINT('',(2.161411880049,13.291909815934));
#2789 = CARTESIAN_POINT('',(2.127395607449,13.313991936653));
#2790 = CARTESIAN_POINT('',(2.091731459627,13.336262063414));
#2791 = CARTESIAN_POINT('',(2.055957139208,13.357600178594));
#2792 = CARTESIAN_POINT('',(2.019650735259,13.378157179987));
#2793 = CARTESIAN_POINT('',(1.982892474977,13.397766071195));
#2794 = CARTESIAN_POINT('',(1.945645969283,13.416332548344));
#2795 = CARTESIAN_POINT('',(1.90791771258,13.433728711761));
#2796 = CARTESIAN_POINT('',(1.869710117204,13.449821527479));
#2797 = CARTESIAN_POINT('',(1.831032416549,13.464466341732));
#2798 = CARTESIAN_POINT('',(1.791896220372,13.477510125583));
#2799 = CARTESIAN_POINT('',(1.752323853117,13.488792952612));
#2800 = CARTESIAN_POINT('',(1.71232997235,13.498146535447));
#2801 = CARTESIAN_POINT('',(1.67198090788,13.505349349405));
#2802 = CARTESIAN_POINT('',(1.631398345549,13.510246942175));
#2803 = CARTESIAN_POINT('',(1.590681113287,13.512731325116));
#2804 = CARTESIAN_POINT('',(1.549925746403,13.512745678909));
#2805 = CARTESIAN_POINT('',(1.509222693495,13.510283111991));
#2806 = CARTESIAN_POINT('',(1.468659151024,13.505386921163));
#2807 = CARTESIAN_POINT('',(1.428320441972,13.498150790738));
#2808 = CARTESIAN_POINT('',(1.388291136017,13.488717735324));
#2809 = CARTESIAN_POINT('',(1.348659028691,13.477284129545));
#2810 = CARTESIAN_POINT('',(1.309508122243,13.464084646391));
#2811 = CARTESIAN_POINT('',(1.270952727571,13.449448474079));
#2812 = CARTESIAN_POINT('',(1.232856789054,13.43336555019));
#2813 = CARTESIAN_POINT('',(1.195244434362,13.415993836631));
#2814 = CARTESIAN_POINT('',(1.158113043016,13.397461245221));
#2815 = CARTESIAN_POINT('',(1.121459696108,13.377890102395));
#2816 = CARTESIAN_POINT('',(1.085274213782,13.35739016304));
#2817 = CARTESIAN_POINT('',(1.049540229182,13.336062090465));
#2818 = CARTESIAN_POINT('',(1.014210821396,13.314001930289));
#2819 = CARTESIAN_POINT('',(0.979240483591,13.291301624632));
#2820 = CARTESIAN_POINT('',(0.944582704274,13.268052380377));
#2821 = CARTESIAN_POINT('',(0.910190168396,13.244343745909));
#2822 = CARTESIAN_POINT('',(0.876014077944,13.220263681508));
#2823 = CARTESIAN_POINT('',(0.842004388438,13.195898882933));
#2824 = CARTESIAN_POINT('',(0.808107240994,13.171333098607));
#2825 = CARTESIAN_POINT('',(0.774272686444,13.14665322062));
#2826 = CARTESIAN_POINT('',(0.740449594725,13.121946602336));
#2827 = CARTESIAN_POINT('',(0.706582592623,13.097299118137));
#2828 = CARTESIAN_POINT('',(0.672619145478,13.072801165975));
#2829 = CARTESIAN_POINT('',(0.638506982571,13.04854635624));
#2830 = CARTESIAN_POINT('',(0.604194072238,13.024632106448));
#2831 = CARTESIAN_POINT('',(0.569627991313,13.001159926323));
#2832 = CARTESIAN_POINT('',(0.534755139426,12.97823503548));
#2833 = CARTESIAN_POINT('',(0.499531099513,12.955975267894));
#2834 = CARTESIAN_POINT('',(0.463909946846,12.934493286332));
#2835 = CARTESIAN_POINT('',(0.427854599782,12.913910353646));
#2836 = CARTESIAN_POINT('',(0.391330532015,12.894357170121));
#2837 = CARTESIAN_POINT('',(0.354313658793,12.875975121697));
#2838 = CARTESIAN_POINT('',(0.316765604216,12.858903933487));
#2839 = CARTESIAN_POINT('',(0.278669308045,12.843298551668));
#2840 = CARTESIAN_POINT('',(0.240050572243,12.829330007557));
#2841 = CARTESIAN_POINT('',(0.200938191777,12.817161778219));
#2842 = CARTESIAN_POINT('',(0.161375697102,12.806949837013));
#2843 = CARTESIAN_POINT('',(0.121419523806,12.798836209023));
#2844 = CARTESIAN_POINT('',(8.114213437794E-02,12.79294206057));
#2845 = CARTESIAN_POINT('',(4.063102555743E-02,12.789366104915));
#2846 = CARTESIAN_POINT('',(1.354485309199E-02,12.788561479286));
#2847 = CARTESIAN_POINT('',(-1.7763568394E-15,12.788564753831));
#2848 = ( GEOMETRIC_REPRESENTATION_CONTEXT(2) 
PARAMETRIC_REPRESENTATION_CONTEXT() REPRESENTATION_CONTEXT('2D SPACE',''
  ) );
#2849 = ORIENTED_EDGE('',*,*,#2850,.F.);
#2850 = EDGE_CURVE('',#2851,#2225,#2853,.T.);
#2851 = VERTEX_POINT('',#2852);
#2852 = CARTESIAN_POINT('',(0.28575,-9.910828157373,10.643));
#2853 = SURFACE_CURVE('',#2854,(#2860,#2869),.PCURVE_S1.);
#2854 = B_SPLINE_CURVE_WITH_KNOTS('',4,(#2855,#2856,#2857,#2858,#2859),
  .UNSPECIFIED.,.F.,.F.,(5,5),(0.,1.),.PIECEWISE_BEZIER_KNOTS.);
#2855 = CARTESIAN_POINT('',(0.28575,-9.910828157373,10.643));
#2856 = CARTESIAN_POINT('',(0.28575,-9.910828157373,8.6245));
#2857 = CARTESIAN_POINT('',(0.28575,-9.910828157373,6.606));
#2858 = CARTESIAN_POINT('',(0.28575,-9.910828157373,4.5875));
#2859 = CARTESIAN_POINT('',(0.28575,-9.910828157373,2.569));
#2860 = PCURVE('',#368,#2861);
#2861 = DEFINITIONAL_REPRESENTATION('',(#2862),#2868);
#2862 = B_SPLINE_CURVE_WITH_KNOTS('',4,(#2863,#2864,#2865,#2866,#2867),
  .UNSPECIFIED.,.F.,.F.,(5,5),(0.,1.),.PIECEWISE_BEZIER_KNOTS.);
#2863 = CARTESIAN_POINT('',(51.323143006647,-9.175));
#2864 = CARTESIAN_POINT('',(51.323143006647,-7.1565));
#2865 = CARTESIAN_POINT('',(51.323143006647,-5.138));
#2866 = CARTESIAN_POINT('',(51.323143006647,-3.1195));
#2867 = CARTESIAN_POINT('',(51.323143006647,-1.101));
#2868 = ( GEOMETRIC_REPRESENTATION_CONTEXT(2) 
PARAMETRIC_REPRESENTATION_CONTEXT() REPRESENTATION_CONTEXT('2D SPACE',''
  ) );
#2869 = PCURVE('',#2870,#2875);
#2870 = PLANE('',#2871);
#2871 = AXIS2_PLACEMENT_3D('',#2872,#2873,#2874);
#2872 = CARTESIAN_POINT('',(0.28575,-10.1018,2.569));
#2873 = DIRECTION('',(1.,0.,0.));
#2874 = DIRECTION('',(0.,0.,1.));
#2875 = DEFINITIONAL_REPRESENTATION('',(#2876),#2882);
#2876 = B_SPLINE_CURVE_WITH_KNOTS('',4,(#2877,#2878,#2879,#2880,#2881),
  .UNSPECIFIED.,.F.,.F.,(5,5),(0.,1.),.PIECEWISE_BEZIER_KNOTS.);
#2877 = CARTESIAN_POINT('',(8.074,-0.190971842627));
#2878 = CARTESIAN_POINT('',(6.0555,-0.190971842627));
#2879 = CARTESIAN_POINT('',(4.037,-0.190971842627));
#2880 = CARTESIAN_POINT('',(2.0185,-0.190971842627));
#2881 = CARTESIAN_POINT('',(0.,-0.190971842627));
#2882 = ( GEOMETRIC_REPRESENTATION_CONTEXT(2) 
PARAMETRIC_REPRESENTATION_CONTEXT() REPRESENTATION_CONTEXT('2D SPACE',''
  ) );
#2883 = ORIENTED_EDGE('',*,*,#2884,.T.);
#2884 = EDGE_CURVE('',#2851,#2885,#2887,.T.);
#2885 = VERTEX_POINT('',#2886);
#2886 = CARTESIAN_POINT('',(-0.28575,-9.910828157373,10.643));
#2887 = SURFACE_CURVE('',#2888,(#2895,#2905),.PCURVE_S1.);
#2888 = B_SPLINE_CURVE_WITH_KNOTS('',5,(#2889,#2890,#2891,#2892,#2893,
    #2894),.UNSPECIFIED.,.F.,.F.,(6,6),(0.,1.),
  .PIECEWISE_BEZIER_KNOTS.);
#2889 = CARTESIAN_POINT('',(0.28575,-9.910828157373,10.643));
#2890 = CARTESIAN_POINT('',(0.174719414592,-9.94564832563,10.643));
#2891 = CARTESIAN_POINT('',(5.849281224861E-02,-9.966819983929,10.643));
#2892 = CARTESIAN_POINT('',(-5.848153725478E-02,-9.966824778173,10.643)
  );
#2893 = CARTESIAN_POINT('',(-0.174733101258,-9.945644033372,10.643));
#2894 = CARTESIAN_POINT('',(-0.28575,-9.910828157373,10.643));
#2895 = PCURVE('',#368,#2896);
#2896 = DEFINITIONAL_REPRESENTATION('',(#2897),#2904);
#2897 = B_SPLINE_CURVE_WITH_KNOTS('',5,(#2898,#2899,#2900,#2901,#2902,
    #2903),.UNSPECIFIED.,.F.,.F.,(6,6),(0.,1.),
  .PIECEWISE_BEZIER_KNOTS.);
#2898 = CARTESIAN_POINT('',(51.323143006647,-9.175));
#2899 = CARTESIAN_POINT('',(51.208386057422,-9.175));
#2900 = CARTESIAN_POINT('',(51.092341425852,-9.175));
#2901 = CARTESIAN_POINT('',(50.977007290616,-9.175));
#2902 = CARTESIAN_POINT('',(50.860936908912,-9.175));
#2903 = CARTESIAN_POINT('',(50.746194105699,-9.175));
#2904 = ( GEOMETRIC_REPRESENTATION_CONTEXT(2) 
PARAMETRIC_REPRESENTATION_CONTEXT() REPRESENTATION_CONTEXT('2D SPACE',''
  ) );
#2905 = PCURVE('',#2906,#2911);
#2906 = PLANE('',#2907);
#2907 = AXIS2_PLACEMENT_3D('',#2908,#2909,#2910);
#2908 = CARTESIAN_POINT('',(-0.28575,-10.1018,10.643));
#2909 = DIRECTION('',(0.,0.,1.));
#2910 = DIRECTION('',(1.,0.,0.));
#2911 = DEFINITIONAL_REPRESENTATION('',(#2912),#2919);
#2912 = B_SPLINE_CURVE_WITH_KNOTS('',5,(#2913,#2914,#2915,#2916,#2917,
    #2918),.UNSPECIFIED.,.F.,.F.,(6,6),(0.,1.),
  .PIECEWISE_BEZIER_KNOTS.);
#2913 = CARTESIAN_POINT('',(0.5715,0.190971842627));
#2914 = CARTESIAN_POINT('',(0.460469414592,0.15615167437));
#2915 = CARTESIAN_POINT('',(0.344242812249,0.134980016071));
#2916 = CARTESIAN_POINT('',(0.227268462745,0.134975221827));
#2917 = CARTESIAN_POINT('',(0.111016898742,0.156155966628));
#2918 = CARTESIAN_POINT('',(0.,0.190971842627));
#2919 = ( GEOMETRIC_REPRESENTATION_CONTEXT(2) 
PARAMETRIC_REPRESENTATION_CONTEXT() REPRESENTATION_CONTEXT('2D SPACE',''
  ) );
#2920 = ORIENTED_EDGE('',*,*,#2921,.T.);
#2921 = EDGE_CURVE('',#2885,#2922,#2924,.T.);
#2922 = VERTEX_POINT('',#2923);
#2923 = CARTESIAN_POINT('',(-0.28575,-9.910828224566,8.6522249276));
#2924 = SURFACE_CURVE('',#2925,(#2931,#2940),.PCURVE_S1.);
#2925 = B_SPLINE_CURVE_WITH_KNOTS('',4,(#2926,#2927,#2928,#2929,#2930),
  .UNSPECIFIED.,.F.,.F.,(5,5),(0.,1.),.PIECEWISE_BEZIER_KNOTS.);
#2926 = CARTESIAN_POINT('',(-0.28575,-9.910828157373,10.643));
#2927 = CARTESIAN_POINT('',(-0.28575,-9.910828157373,8.6245));
#2928 = CARTESIAN_POINT('',(-0.28575,-9.910828157373,6.606));
#2929 = CARTESIAN_POINT('',(-0.28575,-9.910828157373,4.5875));
#2930 = CARTESIAN_POINT('',(-0.28575,-9.910828157373,2.569));
#2931 = PCURVE('',#368,#2932);
#2932 = DEFINITIONAL_REPRESENTATION('',(#2933),#2939);
#2933 = B_SPLINE_CURVE_WITH_KNOTS('',4,(#2934,#2935,#2936,#2937,#2938),
  .UNSPECIFIED.,.F.,.F.,(5,5),(0.,1.),.PIECEWISE_BEZIER_KNOTS.);
#2934 = CARTESIAN_POINT('',(50.746194105699,-9.175));
#2935 = CARTESIAN_POINT('',(50.746194105699,-7.1565));
#2936 = CARTESIAN_POINT('',(50.746194105699,-5.138));
#2937 = CARTESIAN_POINT('',(50.746194105699,-3.1195));
#2938 = CARTESIAN_POINT('',(50.746194105699,-1.101));
#2939 = ( GEOMETRIC_REPRESENTATION_CONTEXT(2) 
PARAMETRIC_REPRESENTATION_CONTEXT() REPRESENTATION_CONTEXT('2D SPACE',''
  ) );
#2940 = PCURVE('',#2941,#2946);
#2941 = PLANE('',#2942);
#2942 = AXIS2_PLACEMENT_3D('',#2943,#2944,#2945);
#2943 = CARTESIAN_POINT('',(-0.28575,-10.1018,2.569));
#2944 = DIRECTION('',(1.,0.,0.));
#2945 = DIRECTION('',(0.,0.,1.));
#2946 = DEFINITIONAL_REPRESENTATION('',(#2947),#2953);
#2947 = B_SPLINE_CURVE_WITH_KNOTS('',4,(#2948,#2949,#2950,#2951,#2952),
  .UNSPECIFIED.,.F.,.F.,(5,5),(0.,1.),.PIECEWISE_BEZIER_KNOTS.);
#2948 = CARTESIAN_POINT('',(8.074,-0.190971842627));
#2949 = CARTESIAN_POINT('',(6.0555,-0.190971842627));
#2950 = CARTESIAN_POINT('',(4.037,-0.190971842627));
#2951 = CARTESIAN_POINT('',(2.0185,-0.190971842627));
#2952 = CARTESIAN_POINT('',(0.,-0.190971842627));
#2953 = ( GEOMETRIC_REPRESENTATION_CONTEXT(2) 
PARAMETRIC_REPRESENTATION_CONTEXT() REPRESENTATION_CONTEXT('2D SPACE',''
  ) );
#2954 = ORIENTED_EDGE('',*,*,#2955,.F.);
#2955 = EDGE_CURVE('',#2956,#2922,#2958,.T.);
#2956 = VERTEX_POINT('',#2957);
#2957 = CARTESIAN_POINT('',(-0.28575,-9.91085693607,6.438813713991));
#2958 = SURFACE_CURVE('',#2959,(#3126,#3353),.PCURVE_S1.);
#2959 = B_SPLINE_CURVE_WITH_KNOTS('',8,(#2960,#2961,#2962,#2963,#2964,
    #2965,#2966,#2967,#2968,#2969,#2970,#2971,#2972,#2973,#2974,#2975,
    #2976,#2977,#2978,#2979,#2980,#2981,#2982,#2983,#2984,#2985,#2986,
    #2987,#2988,#2989,#2990,#2991,#2992,#2993,#2994,#2995,#2996,#2997,
    #2998,#2999,#3000,#3001,#3002,#3003,#3004,#3005,#3006,#3007,#3008,
    #3009,#3010,#3011,#3012,#3013,#3014,#3015,#3016,#3017,#3018,#3019,
    #3020,#3021,#3022,#3023,#3024,#3025,#3026,#3027,#3028,#3029,#3030,
    #3031,#3032,#3033,#3034,#3035,#3036,#3037,#3038,#3039,#3040,#3041,
    #3042,#3043,#3044,#3045,#3046,#3047,#3048,#3049,#3050,#3051,#3052,
    #3053,#3054,#3055,#3056,#3057,#3058,#3059,#3060,#3061,#3062,#3063,
    #3064,#3065,#3066,#3067,#3068,#3069,#3070,#3071,#3072,#3073,#3074,
    #3075,#3076,#3077,#3078,#3079,#3080,#3081,#3082,#3083,#3084,#3085,
    #3086,#3087,#3088,#3089,#3090,#3091,#3092,#3093,#3094,#3095,#3096,
    #3097,#3098,#3099,#3100,#3101,#3102,#3103,#3104,#3105,#3106,#3107,
    #3108,#3109,#3110,#3111,#3112,#3113,#3114,#3115,#3116,#3117,#3118,
    #3119,#3120,#3121,#3122,#3123,#3124,#3125),.UNSPECIFIED.,.T.,.F.,(9,
    7,7,7,7,7,7,7,7,7,7,7,7,7,7,3,7,7,7,7,7,7,7,7,9),(0.,
    4.407318608722E-02,9.097824315407E-02,0.187523294409,0.254299724514,
    0.315510758763,0.382257510894,0.470736508089,0.567240164152,
    0.6162426156,0.685174428385,0.766033016981,0.826748969767,
    0.877494401382,0.920517678388,1.,1.069310856049,1.117171841439,
    1.185965477807,1.262671916169,1.301235655275,1.355402206696,
    1.405996555926,1.445006864975,1.506068570698),.UNSPECIFIED.);
#2960 = CARTESIAN_POINT('',(1.143,-9.232564753831,7.54552));
#2961 = CARTESIAN_POINT('',(1.143000000008,-9.232564753821,
    7.529716617011));
#2962 = CARTESIAN_POINT('',(1.142750405958,-9.232881667003,
    7.513920900742));
#2963 = CARTESIAN_POINT('',(1.142251106044,-9.233515633647,7.49813298439
    ));
#2964 = CARTESIAN_POINT('',(1.14150308901,-9.234465065546,7.482368794514
    ));
#2965 = CARTESIAN_POINT('',(1.140507962133,-9.235727253572,
    7.466644216926));
#2966 = CARTESIAN_POINT('',(1.13926785489,-9.237298499716,7.450969101951
    ));
#2967 = CARTESIAN_POINT('',(1.137785708314,-9.239173773612,
    7.435351109088));
#2968 = CARTESIAN_POINT('',(1.134235690672,-9.243657580524,
    7.403269058112));
#2969 = CARTESIAN_POINT('',(1.132126386261,-9.246317966696,
    7.386724860987));
#2970 = CARTESIAN_POINT('',(1.129736079176,-9.249327628923,
    7.370176878567));
#2971 = CARTESIAN_POINT('',(1.127062363793,-9.252687172173,
    7.353625199334));
#2972 = CARTESIAN_POINT('',(1.124102386478,-9.256397229533,
    7.337069921348));
#2973 = CARTESIAN_POINT('',(1.120852845584,-9.260458462206,
    7.320511152256));
#2974 = CARTESIAN_POINT('',(1.117309991451,-9.264871559513,
    7.303949009289));
#2975 = CARTESIAN_POINT('',(1.105564972564,-9.279446474583,
    7.253286945479));
#2976 = CARTESIAN_POINT('',(1.096556732172,-9.290554594425,
    7.219853875356));
#2977 = CARTESIAN_POINT('',(1.086509229083,-9.302846629702,
    7.187145811138));
#2978 = CARTESIAN_POINT('',(1.075487863585,-9.316201891009,
    7.155201962474));
#2979 = CARTESIAN_POINT('',(1.063554983132,-9.330501146743,
    7.124043789641));
#2980 = CARTESIAN_POINT('',(1.050766604032,-9.345631903984,
    7.093678535644));
#2981 = CARTESIAN_POINT('',(1.037169984084,-9.361491791757,
    7.064101847198));
#2982 = CARTESIAN_POINT('',(1.012864306337,-9.389401243327,
    7.015378018614));
#2983 = CARTESIAN_POINT('',(1.002370911332,-9.401332748934,
    6.995452781077));
#2984 = CARTESIAN_POINT('',(0.991299421828,-9.41378305095,6.975522979817
    ));
#2985 = CARTESIAN_POINT('',(0.979626709066,-9.426759254037,
    6.955591675471));
#2986 = CARTESIAN_POINT('',(0.967323491446,-9.440259086045,
    6.935657425166));
#2987 = CARTESIAN_POINT('',(0.954355314367,-9.454276681986,
    6.915717974024));
#2988 = CARTESIAN_POINT('',(0.94068396112,-9.468810721479,6.89577507602)
  );
#2989 = CARTESIAN_POINT('',(0.913044476993,-9.49764254819,6.857546311719
    ));
#2990 = CARTESIAN_POINT('',(0.899194011751,-9.51186165681,6.839257806869
    ));
#2991 = CARTESIAN_POINT('',(0.88467679488,-9.526504391796,6.820966793922
    ));
#2992 = CARTESIAN_POINT('',(0.869451358658,-9.541565757825,
    6.802673074835));
#2993 = CARTESIAN_POINT('',(0.853467665689,-9.557041071541,
    6.784374902518));
#2994 = CARTESIAN_POINT('',(0.836664914975,-9.572924839612,6.76607041258
    ));
#2995 = CARTESIAN_POINT('',(0.818969347986,-9.589209636783,
    6.747759055071));
#2996 = CARTESIAN_POINT('',(0.779925650566,-9.624068392799,
    6.709470557984));
#2997 = CARTESIAN_POINT('',(0.75836226213,-9.642742375153,6.689463668656
    ));
#2998 = CARTESIAN_POINT('',(0.735512192149,-9.661865657445,
    6.669457877846));
#2999 = CARTESIAN_POINT('',(0.711234772385,-9.681421849197,
    6.649455089606));
#3000 = CARTESIAN_POINT('',(0.685322849617,-9.701413071374,
    6.629439032537));
#3001 = CARTESIAN_POINT('',(0.65748939665,-9.721853397949,6.609385548254
    ));
#3002 = CARTESIAN_POINT('',(0.627339573019,-9.742749176225,
    6.589283050474));
#3003 = CARTESIAN_POINT('',(0.550529872252,-9.792293867893,
    6.542528004196));
#3004 = CARTESIAN_POINT('',(0.504738663909,-9.819293551847,6.51772576498
    ));
#3005 = CARTESIAN_POINT('',(0.456758098483,-9.844783230673,
    6.494838303102));
#3006 = CARTESIAN_POINT('',(0.406624891843,-9.868467584903,
    6.474099181172));
#3007 = CARTESIAN_POINT('',(0.35445602336,-9.889976012563,6.455791199182
    ));
#3008 = CARTESIAN_POINT('',(0.300392855876,-9.908850557181,
    6.440180624974));
#3009 = CARTESIAN_POINT('',(0.244625664589,-9.924570839501,
    6.427503436642));
#3010 = CARTESIAN_POINT('',(0.125190307388,-9.94975358914,6.407642121275
    ));
#3011 = CARTESIAN_POINT('',(6.119080027614E-02,-9.958437504083,
    6.401066913479));
#3012 = CARTESIAN_POINT('',(-3.683755983278E-03,-9.961827894015,
    6.398597499146));
#3013 = CARTESIAN_POINT('',(-6.866315605186E-02,-9.959526966123,
    6.400382005696));
#3014 = CARTESIAN_POINT('',(-0.133023179765,-9.9515789785,6.406397142307
    ));
#3015 = CARTESIAN_POINT('',(-0.196085592133,-9.93847024014,
    6.416448199908));
#3016 = CARTESIAN_POINT('',(-0.25721814334,-9.921129110941,
    6.430169051185));
#3017 = CARTESIAN_POINT('',(-0.345598710921,-9.890667303537,
    6.45557978682));
#3018 = CARTESIAN_POINT('',(-0.374808678958,-9.879555049915,
    6.464977333152));
#3019 = CARTESIAN_POINT('',(-0.403433268921,-9.867670483837,
    6.47516921306));
#3020 = CARTESIAN_POINT('',(-0.431447657976,-9.855088421547,
    6.486111868624));
#3021 = CARTESIAN_POINT('',(-0.458833404386,-9.841877252531,
    6.497763760518));
#3022 = CARTESIAN_POINT('',(-0.485578447511,-9.828098939523,
    6.510085368013));
#3023 = CARTESIAN_POINT('',(-0.511677107805,-9.813809018501,
    6.523039188973));
#3024 = CARTESIAN_POINT('',(-0.572934825823,-9.778304350366,
    6.555651317578));
#3025 = CARTESIAN_POINT('',(-0.607464581723,-9.756640819603,
    6.57589764866));
#3026 = CARTESIAN_POINT('',(-0.640756193932,-9.734204806016,
    6.597257528523));
#3027 = CARTESIAN_POINT('',(-0.672847747135,-9.711131994339,
    6.619675877302));
#3028 = CARTESIAN_POINT('',(-0.703777117932,-9.687554722884,
    6.643114080654));
#3029 = CARTESIAN_POINT('',(-0.733580521482,-9.66360175201,
    6.667550330571));
#3030 = CARTESIAN_POINT('',(-0.762291058138,-9.639398032583,
    6.692979966191));
#3031 = CARTESIAN_POINT('',(-0.822366885535,-9.58652065575,
    6.750425667751));
#3032 = CARTESIAN_POINT('',(-0.853315456567,-9.557812236756,
    6.782804387839));
#3033 = CARTESIAN_POINT('',(-0.882839522293,-9.529133977549,
    6.816580294577));
#3034 = CARTESIAN_POINT('',(-0.910956909461,-9.500674729286,
    6.851787230597));
#3035 = CARTESIAN_POINT('',(-0.937666573478,-9.472690157741,
    6.888491847925));
#3036 = CARTESIAN_POINT('',(-0.962922121767,-9.445378176448,
    6.926732627603));
#3037 = CARTESIAN_POINT('',(-0.986670338819,-9.419050463065,
    6.966600663008));
#3038 = CARTESIAN_POINT('',(-1.025428117141,-9.375116277623,
    7.039361746286));
#3039 = CARTESIAN_POINT('',(-1.041134250278,-9.356979742794,
    7.071505691823));
#3040 = CARTESIAN_POINT('',(-1.0558816237,-9.339663935765,7.104613556153
    ));
#3041 = CARTESIAN_POINT('',(-1.069611155453,-9.323302106793,
    7.138696992948));
#3042 = CARTESIAN_POINT('',(-1.082250041857,-9.308043626449,
    7.173752471164));
#3043 = CARTESIAN_POINT('',(-1.093715289204,-9.294049250814,
    7.209757328934));
#3044 = CARTESIAN_POINT('',(-1.103918568217,-9.281483225516,
    7.24666427672));
#3045 = CARTESIAN_POINT('',(-1.120172276327,-9.261324485251,
    7.315928547085));
#3046 = CARTESIAN_POINT('',(-1.126630301563,-9.253252883798,
    7.348041511959));
#3047 = CARTESIAN_POINT('',(-1.132091427475,-9.246384108026,
    7.380669578199));
#3048 = CARTESIAN_POINT('',(-1.136504518944,-9.240806690457,
    7.413735983558));
#3049 = CARTESIAN_POINT('',(-1.139826023961,-9.236595177321,
    7.447150105138));
#3050 = CARTESIAN_POINT('',(-1.142023652349,-9.233804293573,
    7.480806694855));
#3051 = CARTESIAN_POINT('',(-1.143080054494,-9.232463107899,
    7.514585114899));
#3052 = CARTESIAN_POINT('',(-1.14292566049,-9.232659143406,
    7.576974098154));
#3053 = CARTESIAN_POINT('',(-1.142035445505,-9.233789396743,
    7.605597825014));
#3054 = CARTESIAN_POINT('',(-1.140326209062,-9.235959471346,
    7.634138192596));
#3055 = CARTESIAN_POINT('',(-1.137807753187,-9.239152925198,
    7.662521405213));
#3056 = CARTESIAN_POINT('',(-1.134497770406,-9.243339821236,
    7.690681160452));
#3057 = CARTESIAN_POINT('',(-1.130420286157,-9.24847918792,
    7.718558376954));
#3058 = CARTESIAN_POINT('',(-1.125604101213,-9.254521479811,
    7.746100922194));
#3059 = CARTESIAN_POINT('',(-1.109878145641,-9.274138987489,7.8234438983
    ));
#3060 = CARTESIAN_POINT('',(-1.097267395951,-9.28975306322,
    7.872306739448));
#3061 = CARTESIAN_POINT('',(-1.082440889051,-9.307918998926,
    7.919640937978));
#3062 = CARTESIAN_POINT('',(-1.050914169498,-9.345987701262,
    8.005194747431));
#3063 = CARTESIAN_POINT('',(-1.012998515224,-9.390436915223,
    8.084834765548));
#3064 = CARTESIAN_POINT('',(-0.969692716548,-9.439008452395,
    8.158655004835));
#3065 = CARTESIAN_POINT('',(-0.921531869333,-9.490447324571,
    8.227107363969));
#3066 = CARTESIAN_POINT('',(-0.868546372966,-9.542944257428,
    8.29066299421));
#3067 = CARTESIAN_POINT('',(-0.842833287625,-9.567537152478,
    8.319215691712));
#3068 = CARTESIAN_POINT('',(-0.816066551954,-9.592122854153,
    8.346746290062));
#3069 = CARTESIAN_POINT('',(-0.768981244398,-9.633467204702,
    8.391582740587));
#3070 = CARTESIAN_POINT('',(-0.748698000241,-9.650760774303,8.4099229603
    ));
#3071 = CARTESIAN_POINT('',(-0.72728636476,-9.668430826356,
    8.428265497297));
#3072 = CARTESIAN_POINT('',(-0.704624945329,-9.686463655348,
    8.446607199908));
#3073 = CARTESIAN_POINT('',(-0.680544651837,-9.704861828777,
    8.464961265781));
#3074 = CARTESIAN_POINT('',(-0.654815126783,-9.723636320831,
    8.483346353385));
#3075 = CARTESIAN_POINT('',(-0.627121914061,-9.742790030896,
    8.501768936788));
#3076 = CARTESIAN_POINT('',(-0.553787621786,-9.790325093962,
    8.546689466573));
#3077 = CARTESIAN_POINT('',(-0.508574603445,-9.817156625787,
    8.571369366751));
#3078 = CARTESIAN_POINT('',(-0.461220903202,-9.842512397564,
    8.594189759829));
#3079 = CARTESIAN_POINT('',(-0.411749816426,-9.866131015341,
    8.61490880721));
#3080 = CARTESIAN_POINT('',(-0.360272865877,-9.887645005853,
    8.633264136456));
#3081 = CARTESIAN_POINT('',(-0.306928593622,-9.906602933682,
    8.649007125333));
#3082 = CARTESIAN_POINT('',(-0.251892525996,-9.922526889502,
    8.661887893811));
#3083 = CARTESIAN_POINT('',(-0.132581348878,-9.948694249189,
    8.682598180422));
#3084 = CARTESIAN_POINT('',(-6.788108439724E-02,-9.958025090391,
    8.689669980737));
#3085 = CARTESIAN_POINT('',(-2.21985861205E-03,-9.961968054703,
    8.692546557682));
#3086 = CARTESIAN_POINT('',(6.360643980341E-02,-9.960070448356,
    8.691060607575));
#3087 = CARTESIAN_POINT('',(0.128845468958,-9.95235038588,8.685226254588
    ));
#3088 = CARTESIAN_POINT('',(0.192788433746,-9.9392967901,8.675239050746)
  );
#3089 = CARTESIAN_POINT('',(0.254770085843,-9.921869392141,
    8.661475975929));
#3090 = CARTESIAN_POINT('',(0.344031061512,-9.891257494023,
    8.635958565952));
#3091 = CARTESIAN_POINT('',(0.373337913485,-9.880155184427,8.6265759594)
  );
#3092 = CARTESIAN_POINT('',(0.402057660397,-9.868273857858,
    8.616393480602));
#3093 = CARTESIAN_POINT('',(0.430165100157,-9.855689079689,
    8.605455002593));
#3094 = CARTESIAN_POINT('',(0.457641447819,-9.842469925436,
    8.593802409053));
#3095 = CARTESIAN_POINT('',(0.484474335581,-9.828678980764,
    8.581475594306));
#3096 = CARTESIAN_POINT('',(0.510657812785,-9.814372341483,
    8.568512463322));
#3097 = CARTESIAN_POINT('',(0.572058100478,-9.77884986921,8.535897622134
    ));
#3098 = CARTESIAN_POINT('',(0.606646017224,-9.757184424919,
    8.515657968144));
#3099 = CARTESIAN_POINT('',(0.639992900975,-9.734742535693,
    8.494301683934));
#3100 = CARTESIAN_POINT('',(0.672136879701,-9.711660334841,
    8.471884287343));
#3101 = CARTESIAN_POINT('',(0.703115934692,-9.688070589299,
    8.448444755011));
#3102 = CARTESIAN_POINT('',(0.732966430717,-9.66410245496,8.424005177543
    ));
#3103 = CARTESIAN_POINT('',(0.761721646197,-9.639881232009,
    8.398570414657));
#3104 = CARTESIAN_POINT('',(0.815272935449,-9.592781059401,
    8.347428939784));
#3105 = CARTESIAN_POINT('',(0.840198522063,-9.569925014347,
    8.321857096007));
#3106 = CARTESIAN_POINT('',(0.864211080733,-9.547058848371,
    8.295401292681));
#3107 = CARTESIAN_POINT('',(0.887323700738,-9.52428648911,8.268044650556
    ));
#3108 = CARTESIAN_POINT('',(0.909538575086,-9.501717668298,
    8.239764501571));
#3109 = CARTESIAN_POINT('',(0.930847032482,-9.479468661507,
    8.210532552955));
#3110 = CARTESIAN_POINT('',(0.951229569301,-9.4576630279,8.180315051328)
  );
#3111 = CARTESIAN_POINT('',(0.9856343615,-9.420062630422,8.124984008577)
  );
#3112 = CARTESIAN_POINT('',(1.000041216334,-9.404037206529,
    8.100290815196));
#3113 = CARTESIAN_POINT('',(1.013863764008,-9.388421093163,
    8.074973749512));
#3114 = CARTESIAN_POINT('',(1.027077878979,-9.373269780099,
    8.049023274746));
#3115 = CARTESIAN_POINT('',(1.039655667792,-9.358651700262,
    8.022430387367));
#3116 = CARTESIAN_POINT('',(1.051564895016,-9.344643969883,
    7.995188906518));
#3117 = CARTESIAN_POINT('',(1.062767076863,-9.331323217177,
    7.967300046625));
#3118 = CARTESIAN_POINT('',(1.089584632713,-9.299129320108,
    7.894112026549));
#3119 = CARTESIAN_POINT('',(1.104131981098,-9.281353483372,
    7.847837207768));
#3120 = CARTESIAN_POINT('',(1.116676246314,-9.265794947127,
    7.800021055953));
#3121 = CARTESIAN_POINT('',(1.127017077103,-9.25281972654,7.750802152926
    ));
#3122 = CARTESIAN_POINT('',(1.134955445479,-9.242779577713,
    7.700392978169));
#3123 = CARTESIAN_POINT('',(1.140319277657,-9.235968197153,
    7.649092075786));
#3124 = CARTESIAN_POINT('',(1.143,-9.232564753831,7.597297280112));
#3125 = CARTESIAN_POINT('',(1.143,-9.232564753831,7.54552));
#3126 = PCURVE('',#368,#3127);
#3127 = DEFINITIONAL_REPRESENTATION('',(#3128),#3352);
#3128 = B_SPLINE_CURVE_WITH_KNOTS('',3,(#3129,#3130,#3131,#3132,#3133,
    #3134,#3135,#3136,#3137,#3138,#3139,#3140,#3141,#3142,#3143,#3144,
    #3145,#3146,#3147,#3148,#3149,#3150,#3151,#3152,#3153,#3154,#3155,
    #3156,#3157,#3158,#3159,#3160,#3161,#3162,#3163,#3164,#3165,#3166,
    #3167,#3168,#3169,#3170,#3171,#3172,#3173,#3174,#3175,#3176,#3177,
    #3178,#3179,#3180,#3181,#3182,#3183,#3184,#3185,#3186,#3187,#3188,
    #3189,#3190,#3191,#3192,#3193,#3194,#3195,#3196,#3197,#3198,#3199,
    #3200,#3201,#3202,#3203,#3204,#3205,#3206,#3207,#3208,#3209,#3210,
    #3211,#3212,#3213,#3214,#3215,#3216,#3217,#3218,#3219,#3220,#3221,
    #3222,#3223,#3224,#3225,#3226,#3227,#3228,#3229,#3230,#3231,#3232,
    #3233,#3234,#3235,#3236,#3237,#3238,#3239,#3240,#3241,#3242,#3243,
    #3244,#3245,#3246,#3247,#3248,#3249,#3250,#3251,#3252,#3253,#3254,
    #3255,#3256,#3257,#3258,#3259,#3260,#3261,#3262,#3263,#3264,#3265,
    #3266,#3267,#3268,#3269,#3270,#3271,#3272,#3273,#3274,#3275,#3276,
    #3277,#3278,#3279,#3280,#3281,#3282,#3283,#3284,#3285,#3286,#3287,
    #3288,#3289,#3290,#3291,#3292,#3293,#3294,#3295,#3296,#3297,#3298,
    #3299,#3300,#3301,#3302,#3303,#3304,#3305,#3306,#3307,#3308,#3309,
    #3310,#3311,#3312,#3313,#3314,#3315,#3316,#3317,#3318,#3319,#3320,
    #3321,#3322,#3323,#3324,#3325,#3326,#3327,#3328,#3329,#3330,#3331,
    #3332,#3333,#3334,#3335,#3336,#3337,#3338,#3339,#3340,#3341,#3342,
    #3343,#3344,#3345,#3346,#3347,#3348,#3349,#3350,#3351),
  .UNSPECIFIED.,.T.,.F.,(4,1,1,1,1,1,1,1,1,1,1,1,1,1,1,1,1,1,1,1,1,1,1,1
    ,1,1,1,1,1,1,1,1,1,1,1,1,1,1,1,1,1,1,1,1,1,1,1,1,1,1,1,1,1,1,1,1,1,1
    ,1,1,1,1,1,1,1,1,1,1,1,1,1,1,1,1,1,1,1,1,1,1,1,1,1,1,1,1,1,1,1,1,1,1
    ,1,1,1,1,1,1,1,1,1,1,1,1,1,1,1,1,1,1,1,1,1,1,1,1,1,1,1,1,1,1,1,1,1,1
    ,1,1,1,1,1,1,1,1,1,1,1,1,1,1,1,1,1,1,1,1,1,1,1,1,1,1,1,1,1,1,1,1,1,1
    ,1,1,1,1,1,1,1,1,1,1,1,1,1,1,1,1,1,1,1,1,1,1,1,1,1,1,1,1,1,1,1,1,1,1
    ,1,1,1,1,1,1,1,1,1,1,1,1,1,1,1,1,1,1,1,1,1,1,1,1,1,1,4),(0.,
    6.845766230446E-03,1.369153246089E-02,2.053729869134E-02,
    2.738306492178E-02,3.422883115223E-02,4.107459738268E-02,
    4.792036361312E-02,5.476612984357E-02,6.161189607402E-02,
    6.845766230446E-02,7.530342853491E-02,8.214919476535E-02,
    8.89949609958E-02,9.584072722625E-02,0.102686493457,0.109532259687,
    0.116378025918,0.123223792148,0.130069558378,0.136915324609,
    0.143761090839,0.15060685707,0.1574526233,0.164298389531,
    0.171144155761,0.177989921992,0.184835688222,0.191681454452,
    0.198527220683,0.205372986913,0.212218753144,0.219064519374,
    0.225910285605,0.232756051835,0.239601818066,0.246447584296,
    0.253293350527,0.260139116757,0.266984882987,0.273830649218,
    0.280676415448,0.287522181679,0.294367947909,0.30121371414,
    0.30805948037,0.314905246601,0.321751012831,0.328596779061,
    0.335442545292,0.342288311522,0.349134077753,0.355979843983,
    0.362825610214,0.369671376444,0.376517142675,0.383362908905,
    0.390208675135,0.397054441366,0.403900207596,0.410745973827,
    0.417591740057,0.424437506288,0.431283272518,0.438129038749,
    0.444974804979,0.451820571209,0.45866633744,0.46551210367,
    0.472357869901,0.479203636131,0.486049402362,0.492895168592,
    0.499740934823,0.506586701053,0.513432467283,0.520278233514,
    0.527123999744,0.533969765975,0.540815532205,0.547661298436,
    0.554507064666,0.561352830897,0.568198597127,0.575044363357,
    0.581890129588,0.588735895818,0.595581662049,0.602427428279,
    0.60927319451,0.61611896074,0.622964726971,0.629810493201,
    0.636656259432,0.643502025662,0.650347791892,0.657193558123,
    0.664039324353,0.670885090584,0.677730856814,0.684576623045,
    0.691422389275,0.698268155506,0.705113921736,0.711959687966,
    0.718805454197,0.725651220427,0.732496986658,0.739342752888,
    0.746188519119,0.753034285349,0.75988005158,0.76672581781,
    0.77357158404,0.780417350271,0.787263116501,0.794108882732,
    0.800954648962,0.807800415193,0.814646181423,0.821491947654,
    0.828337713884,0.835183480114,0.842029246345,0.848875012575,
    0.855720778806,0.862566545036,0.869412311267,0.876258077497,
    0.883103843728,0.889949609958,0.896795376188,0.903641142419,
    0.910486908649,0.91733267488,0.92417844111,0.931024207341,
    0.937869973571,0.944715739802,0.951561506032,0.958407272262,
    0.965253038493,0.972098804723,0.978944570954,0.985790337184,
    0.992636103415,0.999481869645,1.006327635876,1.013173402106,
    1.020019168336,1.026864934567,1.033710700797,1.040556467028,
    1.047402233258,1.054247999489,1.061093765719,1.06793953195,
    1.07478529818,1.081631064411,1.088476830641,1.095322596871,
    1.102168363102,1.109014129332,1.115859895563,1.122705661793,
    1.129551428024,1.136397194254,1.143242960485,1.150088726715,
    1.156934492945,1.163780259176,1.170626025406,1.177471791637,
    1.184317557867,1.191163324098,1.198009090328,1.204854856559,
    1.211700622789,1.218546389019,1.22539215525,1.23223792148,
    1.239083687711,1.245929453941,1.252775220172,1.259620986402,
    1.266466752633,1.273312518863,1.280158285093,1.287004051324,
    1.293849817554,1.300695583785,1.307541350015,1.314387116246,
    1.321232882476,1.328078648707,1.334924414937,1.341770181167,
    1.348615947398,1.355461713628,1.362307479859,1.369153246089,
    1.37599901232,1.38284477855,1.389690544781,1.396536311011,
    1.403382077241,1.410227843472,1.417073609702,1.423919375933,
    1.430765142163,1.437610908394,1.444456674624,1.451302440855,
    1.458148207085,1.464993973315,1.471839739546,1.478685505776,
    1.485531272007,1.492377038237,1.499222804468,1.506068570698),
  .QUASI_UNIFORM_KNOTS.);
#3129 = CARTESIAN_POINT('',(52.424745357326,-6.07752));
#3130 = CARTESIAN_POINT('',(52.424745488893,-6.070974662925));
#3131 = CARTESIAN_POINT('',(52.424564865424,-6.057885282727));
#3132 = CARTESIAN_POINT('',(52.423753723654,-6.038268763029));
#3133 = CARTESIAN_POINT('',(52.422404277572,-6.018682380066));
#3134 = CARTESIAN_POINT('',(52.420520357906,-5.999142509121));
#3135 = CARTESIAN_POINT('',(52.418107230276,-5.979664886595));
#3136 = CARTESIAN_POINT('',(52.415170853893,-5.960261513348));
#3137 = CARTESIAN_POINT('',(52.411722132828,-5.940958246921));
#3138 = CARTESIAN_POINT('',(52.407742353621,-5.921638444769));
#3139 = CARTESIAN_POINT('',(52.403231567325,-5.902317356983));
#3140 = CARTESIAN_POINT('',(52.398187194587,-5.88299112012));
#3141 = CARTESIAN_POINT('',(52.392606936383,-5.863660522725));
#3142 = CARTESIAN_POINT('',(52.386488638899,-5.844326902752));
#3143 = CARTESIAN_POINT('',(52.379827897889,-5.82498479237));
#3144 = CARTESIAN_POINT('',(52.372627748399,-5.805655441317));
#3145 = CARTESIAN_POINT('',(52.364974770593,-5.786551266169));
#3146 = CARTESIAN_POINT('',(52.356870183249,-5.767636338392));
#3147 = CARTESIAN_POINT('',(52.348333541212,-5.748927356538));
#3148 = CARTESIAN_POINT('',(52.339379427175,-5.730425882824));
#3149 = CARTESIAN_POINT('',(52.330023588814,-5.712136559237));
#3150 = CARTESIAN_POINT('',(52.320281193367,-5.694062282684));
#3151 = CARTESIAN_POINT('',(52.31016720067,-5.676205550454));
#3152 = CARTESIAN_POINT('',(52.299696178389,-5.65856815136));
#3153 = CARTESIAN_POINT('',(52.288882263281,-5.641151289833));
#3154 = CARTESIAN_POINT('',(52.277739129236,-5.623955618543));
#3155 = CARTESIAN_POINT('',(52.266279814968,-5.606981189939));
#3156 = CARTESIAN_POINT('',(52.254517138803,-5.590227809586));
#3157 = CARTESIAN_POINT('',(52.242461937605,-5.573693849364));
#3158 = CARTESIAN_POINT('',(52.230129453864,-5.557380805454));
#3159 = CARTESIAN_POINT('',(52.217327905819,-5.541032990344));
#3160 = CARTESIAN_POINT('',(52.204080492845,-5.524691747105));
#3161 = CARTESIAN_POINT('',(52.190372342562,-5.508346260253));
#3162 = CARTESIAN_POINT('',(52.176198333217,-5.491999556022));
#3163 = CARTESIAN_POINT('',(52.161550141407,-5.475650761469));
#3164 = CARTESIAN_POINT('',(52.146419711763,-5.459299926288));
#3165 = CARTESIAN_POINT('',(52.130798280139,-5.442946892741));
#3166 = CARTESIAN_POINT('',(52.114676400249,-5.426591653806));
#3167 = CARTESIAN_POINT('',(52.098044141341,-5.410234639374));
#3168 = CARTESIAN_POINT('',(52.080889972423,-5.393875416714));
#3169 = CARTESIAN_POINT('',(52.06320044741,-5.377512990428));
#3170 = CARTESIAN_POINT('',(52.044962933572,-5.361148262116));
#3171 = CARTESIAN_POINT('',(52.026162272993,-5.344781016841));
#3172 = CARTESIAN_POINT('',(52.00678150814,-5.328410922148));
#3173 = CARTESIAN_POINT('',(51.986801443073,-5.312037413194));
#3174 = CARTESIAN_POINT('',(51.96620089646,-5.295660163283));
#3175 = CARTESIAN_POINT('',(51.944955303613,-5.279278326653));
#3176 = CARTESIAN_POINT('',(51.923041188315,-5.262894106842));
#3177 = CARTESIAN_POINT('',(51.900418775086,-5.246500250518));
#3178 = CARTESIAN_POINT('',(51.8770471437,-5.230092923989));
#3179 = CARTESIAN_POINT('',(51.852898635913,-5.213680971869));
#3180 = CARTESIAN_POINT('',(51.827927317097,-5.197264358113));
#3181 = CARTESIAN_POINT('',(51.802077029543,-5.180841519558));
#3182 = CARTESIAN_POINT('',(51.775276180422,-5.164407798394));
#3183 = CARTESIAN_POINT('',(51.747446226438,-5.147961616913));
#3184 = CARTESIAN_POINT('',(51.718468134716,-5.131489609832));
#3185 = CARTESIAN_POINT('',(51.688302535096,-5.115029632212));
#3186 = CARTESIAN_POINT('',(51.656536200002,-5.098445198079));
#3187 = CARTESIAN_POINT('',(51.624163630825,-5.082327185715));
#3188 = CARTESIAN_POINT('',(51.591581619861,-5.066887695668));
#3189 = CARTESIAN_POINT('',(51.558703434471,-5.052098631608));
#3190 = CARTESIAN_POINT('',(51.52556908869,-5.038004147161));
#3191 = CARTESIAN_POINT('',(51.492152551301,-5.024634842212));
#3192 = CARTESIAN_POINT('',(51.458447480848,-5.012028955432));
#3193 = CARTESIAN_POINT('',(51.424446987935,-5.000225172128));
#3194 = CARTESIAN_POINT('',(51.390148204138,-4.989263324294));
#3195 = CARTESIAN_POINT('',(51.355550505749,-4.979183256213));
#3196 = CARTESIAN_POINT('',(51.320655739452,-4.970024485339));
#3197 = CARTESIAN_POINT('',(51.285468480583,-4.961825866242));
#3198 = CARTESIAN_POINT('',(51.24999615183,-4.954625796687));
#3199 = CARTESIAN_POINT('',(51.21425197706,-4.948461601806));
#3200 = CARTESIAN_POINT('',(51.178247339359,-4.943373317755));
#3201 = CARTESIAN_POINT('',(51.142042171334,-4.939394587256));
#3202 = CARTESIAN_POINT('',(51.105688723048,-4.936550886895));
#3203 = CARTESIAN_POINT('',(51.069237725644,-4.934860634765));
#3204 = CARTESIAN_POINT('',(51.03274024563,-4.934334893764));
#3205 = CARTESIAN_POINT('',(50.996253584976,-4.934977450755));
#3206 = CARTESIAN_POINT('',(50.959831116354,-4.936784796616));
#3207 = CARTESIAN_POINT('',(50.923515524502,-4.9397461269));
#3208 = CARTESIAN_POINT('',(50.887344625778,-4.943843359131));
#3209 = CARTESIAN_POINT('',(50.851354730722,-4.949051062959));
#3210 = CARTESIAN_POINT('',(50.815583180787,-4.955336722254));
#3211 = CARTESIAN_POINT('',(50.780075154084,-4.962659756566));
#3212 = CARTESIAN_POINT('',(50.744872336376,-4.9709751732));
#3213 = CARTESIAN_POINT('',(50.710067934167,-4.980219937445));
#3214 = CARTESIAN_POINT('',(50.675604436971,-4.990365978338));
#3215 = CARTESIAN_POINT('',(50.641430039566,-5.001386005558));
#3216 = CARTESIAN_POINT('',(50.607557096705,-5.013236728715));
#3217 = CARTESIAN_POINT('',(50.57397725448,-5.025880789295));
#3218 = CARTESIAN_POINT('',(50.540683628735,-5.039280851795));
#3219 = CARTESIAN_POINT('',(50.50766622413,-5.053401307236));
#3220 = CARTESIAN_POINT('',(50.474907306421,-5.068207367983));
#3221 = CARTESIAN_POINT('',(50.442424018068,-5.083666984938));
#3222 = CARTESIAN_POINT('',(50.4102310993,-5.099759280377));
#3223 = CARTESIAN_POINT('',(50.378340935283,-5.116464404578));
#3224 = CARTESIAN_POINT('',(50.346766366817,-5.133765623093));
#3225 = CARTESIAN_POINT('',(50.31552002992,-5.151648784516));
#3226 = CARTESIAN_POINT('',(50.284614619995,-5.170102496942));
#3227 = CARTESIAN_POINT('',(50.254062947956,-5.189118087143));
#3228 = CARTESIAN_POINT('',(50.223877909518,-5.208689720148));
#3229 = CARTESIAN_POINT('',(50.194073005039,-5.228814094491));
#3230 = CARTESIAN_POINT('',(50.16466073162,-5.249491674413));
#3231 = CARTESIAN_POINT('',(50.135658918409,-5.270722198543));
#3232 = CARTESIAN_POINT('',(50.107088220531,-5.292506622409));
#3233 = CARTESIAN_POINT('',(50.078963556945,-5.314853236841));
#3234 = CARTESIAN_POINT('',(50.051305566417,-5.337769774297));
#3235 = CARTESIAN_POINT('',(50.024137691057,-5.361265454226));
#3236 = CARTESIAN_POINT('',(49.997486911705,-5.385350289592));
#3237 = CARTESIAN_POINT('',(49.971383509908,-5.410035141878));
#3238 = CARTESIAN_POINT('',(49.94586116248,-5.435331677512));
#3239 = CARTESIAN_POINT('',(49.92095708259,-5.461252354174));
#3240 = CARTESIAN_POINT('',(49.896711965542,-5.487810656227));
#3241 = CARTESIAN_POINT('',(49.873170467261,-5.51502011813));
#3242 = CARTESIAN_POINT('',(49.850378580782,-5.542896963881));
#3243 = CARTESIAN_POINT('',(49.828392473955,-5.57144709594));
#3244 = CARTESIAN_POINT('',(49.807271937497,-5.600676357562));
#3245 = CARTESIAN_POINT('',(49.787079302429,-5.630591575325));
#3246 = CARTESIAN_POINT('',(49.767883821018,-5.661194054619));
#3247 = CARTESIAN_POINT('',(49.74975968316,-5.692480754735));
#3248 = CARTESIAN_POINT('',(49.732785558641,-5.724443330633));
#3249 = CARTESIAN_POINT('',(49.717043549446,-5.757067643043));
#3250 = CARTESIAN_POINT('',(49.702618108037,-5.790333143139));
#3251 = CARTESIAN_POINT('',(49.689594799494,-5.824211905208));
#3252 = CARTESIAN_POINT('',(49.678058679878,-5.858669250636));
#3253 = CARTESIAN_POINT('',(49.668096466186,-5.893646632214));
#3254 = CARTESIAN_POINT('',(49.659787199864,-5.929078741948));
#3255 = CARTESIAN_POINT('',(49.653200695671,-5.964892271484));
#3256 = CARTESIAN_POINT('',(49.648395257621,-6.001005877997));
#3257 = CARTESIAN_POINT('',(49.645415576855,-6.037330182862));
#3258 = CARTESIAN_POINT('',(49.644290674563,-6.073766433726));
#3259 = CARTESIAN_POINT('',(49.645031567155,-6.110210480199));
#3260 = CARTESIAN_POINT('',(49.647630934377,-6.146565709742));
#3261 = CARTESIAN_POINT('',(49.652063429989,-6.182729945018));
#3262 = CARTESIAN_POINT('',(49.658287434405,-6.218612415466));
#3263 = CARTESIAN_POINT('',(49.666247131031,-6.254129195492));
#3264 = CARTESIAN_POINT('',(49.67587463649,-6.289204593385));
#3265 = CARTESIAN_POINT('',(49.687091698069,-6.323769037943));
#3266 = CARTESIAN_POINT('',(49.699811338583,-6.357760306877));
#3267 = CARTESIAN_POINT('',(49.713949917544,-6.39114525073));
#3268 = CARTESIAN_POINT('',(49.729422144015,-6.423894939049));
#3269 = CARTESIAN_POINT('',(49.746143805674,-6.455988181491));
#3270 = CARTESIAN_POINT('',(49.764032642956,-6.487409669657));
#3271 = CARTESIAN_POINT('',(49.783009450411,-6.518149738229));
#3272 = CARTESIAN_POINT('',(49.802998916399,-6.548203758408));
#3273 = CARTESIAN_POINT('',(49.82393035716,-6.577571617887));
#3274 = CARTESIAN_POINT('',(49.845738260442,-6.606257121063));
#3275 = CARTESIAN_POINT('',(49.868362647951,-6.634267342794));
#3276 = CARTESIAN_POINT('',(49.891748919097,-6.661611950055));
#3277 = CARTESIAN_POINT('',(49.915848023544,-6.688302540657));
#3278 = CARTESIAN_POINT('',(49.9406155526,-6.714352082974));
#3279 = CARTESIAN_POINT('',(49.966010062463,-6.739774259121));
#3280 = CARTESIAN_POINT('',(49.991993235794,-6.764582574237));
#3281 = CARTESIAN_POINT('',(50.018530306078,-6.78878968107));
#3282 = CARTESIAN_POINT('',(50.045589903662,-6.812406583386));
#3283 = CARTESIAN_POINT('',(50.073145660632,-6.835443747367));
#3284 = CARTESIAN_POINT('',(50.101169827021,-6.857906775695));
#3285 = CARTESIAN_POINT('',(50.129655440269,-6.879813722577));
#3286 = CARTESIAN_POINT('',(50.158531490135,-6.901132099644));
#3287 = CARTESIAN_POINT('',(50.187978381961,-6.922014603667));
#3288 = CARTESIAN_POINT('',(50.218837479334,-6.943018529569));
#3289 = CARTESIAN_POINT('',(50.251011542085,-6.964002399257));
#3290 = CARTESIAN_POINT('',(50.284669748462,-6.985004475725));
#3291 = CARTESIAN_POINT('',(50.319967976833,-7.006028667153));
#3292 = CARTESIAN_POINT('',(50.357075384866,-7.027066453407));
#3293 = CARTESIAN_POINT('',(50.39636648289,-7.048190208521));
#3294 = CARTESIAN_POINT('',(50.437648325429,-7.069117918087));
#3295 = CARTESIAN_POINT('',(50.479063300007,-7.088835808221));
#3296 = CARTESIAN_POINT('',(50.521011239227,-7.107529267486));
#3297 = CARTESIAN_POINT('',(50.563366392977,-7.125070566121));
#3298 = CARTESIAN_POINT('',(50.606194016475,-7.141402318028));
#3299 = CARTESIAN_POINT('',(50.649497345779,-7.156440611015));
#3300 = CARTESIAN_POINT('',(50.693285689078,-7.170104987889));
#3301 = CARTESIAN_POINT('',(50.737558101577,-7.182313039117));
#3302 = CARTESIAN_POINT('',(50.78230995106,-7.192983459358));
#3303 = CARTESIAN_POINT('',(50.827523999625,-7.202036475858));
#3304 = CARTESIAN_POINT('',(50.873189872074,-7.209394242224));
#3305 = CARTESIAN_POINT('',(50.919233371652,-7.214976777177));
#3306 = CARTESIAN_POINT('',(50.965530657137,-7.218725498874));
#3307 = CARTESIAN_POINT('',(51.011982142916,-7.220600705678));
#3308 = CARTESIAN_POINT('',(51.058479949197,-7.220582153428));
#3309 = CARTESIAN_POINT('',(51.104906365938,-7.218668905888));
#3310 = CARTESIAN_POINT('',(51.151168483746,-7.214879355668));
#3311 = CARTESIAN_POINT('',(51.197188231544,-7.209251290104));
#3312 = CARTESIAN_POINT('',(51.242890238058,-7.201841606808));
#3313 = CARTESIAN_POINT('',(51.288187089098,-7.192727385587));
#3314 = CARTESIAN_POINT('',(51.33298370897,-7.182001885228));
#3315 = CARTESIAN_POINT('',(51.377116086637,-7.16978948443));
#3316 = CARTESIAN_POINT('',(51.420777869471,-7.15612845741));
#3317 = CARTESIAN_POINT('',(51.463949721375,-7.141106197718));
#3318 = CARTESIAN_POINT('',(51.506646989643,-7.124800844892));
#3319 = CARTESIAN_POINT('',(51.54888268735,-7.107288759363));
#3320 = CARTESIAN_POINT('',(51.590691634893,-7.088642758643));
#3321 = CARTESIAN_POINT('',(51.632060964809,-7.068931697666));
#3322 = CARTESIAN_POINT('',(51.67295461754,-7.04819982422));
#3323 = CARTESIAN_POINT('',(51.713348527277,-7.026486223236));
#3324 = CARTESIAN_POINT('',(51.753215821065,-7.003822406933));
#3325 = CARTESIAN_POINT('',(51.792530426883,-6.980232881947));
#3326 = CARTESIAN_POINT('',(51.831265943953,-6.955734787819));
#3327 = CARTESIAN_POINT('',(51.869395021205,-6.930338327585));
#3328 = CARTESIAN_POINT('',(51.906891460172,-6.904044958606));
#3329 = CARTESIAN_POINT('',(51.943720968771,-6.876853751797));
#3330 = CARTESIAN_POINT('',(51.979845603857,-6.848757670176));
#3331 = CARTESIAN_POINT('',(52.015226558791,-6.819741610072));
#3332 = CARTESIAN_POINT('',(52.049815505038,-6.789788491901));
#3333 = CARTESIAN_POINT('',(52.083556674271,-6.758877696497));
#3334 = CARTESIAN_POINT('',(52.116386090266,-6.726985529073));
#3335 = CARTESIAN_POINT('',(52.14823139323,-6.694085227132));
#3336 = CARTESIAN_POINT('',(52.179012054109,-6.660146764933));
#3337 = CARTESIAN_POINT('',(52.208628645754,-6.625147477175));
#3338 = CARTESIAN_POINT('',(52.236978703492,-6.58906280226));
#3339 = CARTESIAN_POINT('',(52.263944135256,-6.551877384398));
#3340 = CARTESIAN_POINT('',(52.289394145772,-6.513579835816));
#3341 = CARTESIAN_POINT('',(52.313182313849,-6.474172010152));
#3342 = CARTESIAN_POINT('',(52.335162869661,-6.433643416012));
#3343 = CARTESIAN_POINT('',(52.35516829491,-6.392009657543));
#3344 = CARTESIAN_POINT('',(52.373008541138,-6.349338731731));
#3345 = CARTESIAN_POINT('',(52.388500931867,-6.305708830442));
#3346 = CARTESIAN_POINT('',(52.401469459333,-6.261221336321));
#3347 = CARTESIAN_POINT('',(52.411752622102,-6.215998952012));
#3348 = CARTESIAN_POINT('',(52.419211668048,-6.170188989861));
#3349 = CARTESIAN_POINT('',(52.423732866493,-6.123961140647));
#3350 = CARTESIAN_POINT('',(52.424749128471,-6.093001993553));
#3351 = CARTESIAN_POINT('',(52.424745357326,-6.07752));
#3352 = ( GEOMETRIC_REPRESENTATION_CONTEXT(2) 
PARAMETRIC_REPRESENTATION_CONTEXT() REPRESENTATION_CONTEXT('2D SPACE',''
  ) );
#3353 = PCURVE('',#1992,#3354);
#3354 = DEFINITIONAL_REPRESENTATION('',(#3355),#3579);
#3355 = B_SPLINE_CURVE_WITH_KNOTS('',3,(#3356,#3357,#3358,#3359,#3360,
    #3361,#3362,#3363,#3364,#3365,#3366,#3367,#3368,#3369,#3370,#3371,
    #3372,#3373,#3374,#3375,#3376,#3377,#3378,#3379,#3380,#3381,#3382,
    #3383,#3384,#3385,#3386,#3387,#3388,#3389,#3390,#3391,#3392,#3393,
    #3394,#3395,#3396,#3397,#3398,#3399,#3400,#3401,#3402,#3403,#3404,
    #3405,#3406,#3407,#3408,#3409,#3410,#3411,#3412,#3413,#3414,#3415,
    #3416,#3417,#3418,#3419,#3420,#3421,#3422,#3423,#3424,#3425,#3426,
    #3427,#3428,#3429,#3430,#3431,#3432,#3433,#3434,#3435,#3436,#3437,
    #3438,#3439,#3440,#3441,#3442,#3443,#3444,#3445,#3446,#3447,#3448,
    #3449,#3450,#3451,#3452,#3453,#3454,#3455,#3456,#3457,#3458,#3459,
    #3460,#3461,#3462,#3463,#3464,#3465,#3466,#3467,#3468,#3469,#3470,
    #3471,#3472,#3473,#3474,#3475,#3476,#3477,#3478,#3479,#3480,#3481,
    #3482,#3483,#3484,#3485,#3486,#3487,#3488,#3489,#3490,#3491,#3492,
    #3493,#3494,#3495,#3496,#3497,#3498,#3499,#3500,#3501,#3502,#3503,
    #3504,#3505,#3506,#3507,#3508,#3509,#3510,#3511,#3512,#3513,#3514,
    #3515,#3516,#3517,#3518,#3519,#3520,#3521,#3522,#3523,#3524,#3525,
    #3526,#3527,#3528,#3529,#3530,#3531,#3532,#3533,#3534,#3535,#3536,
    #3537,#3538,#3539,#3540,#3541,#3542,#3543,#3544,#3545,#3546,#3547,
    #3548,#3549,#3550,#3551,#3552,#3553,#3554,#3555,#3556,#3557,#3558,
    #3559,#3560,#3561,#3562,#3563,#3564,#3565,#3566,#3567,#3568,#3569,
    #3570,#3571,#3572,#3573,#3574,#3575,#3576,#3577,#3578),
  .UNSPECIFIED.,.F.,.F.,(4,1,1,1,1,1,1,1,1,1,1,1,1,1,1,1,1,1,1,1,1,1,1,1
    ,1,1,1,1,1,1,1,1,1,1,1,1,1,1,1,1,1,1,1,1,1,1,1,1,1,1,1,1,1,1,1,1,1,1
    ,1,1,1,1,1,1,1,1,1,1,1,1,1,1,1,1,1,1,1,1,1,1,1,1,1,1,1,1,1,1,1,1,1,1
    ,1,1,1,1,1,1,1,1,1,1,1,1,1,1,1,1,1,1,1,1,1,1,1,1,1,1,1,1,1,1,1,1,1,1
    ,1,1,1,1,1,1,1,1,1,1,1,1,1,1,1,1,1,1,1,1,1,1,1,1,1,1,1,1,1,1,1,1,1,1
    ,1,1,1,1,1,1,1,1,1,1,1,1,1,1,1,1,1,1,1,1,1,1,1,1,1,1,1,1,1,1,1,1,1,1
    ,1,1,1,1,1,1,1,1,1,1,1,1,1,1,1,1,1,1,1,1,1,1,1,1,1,1,4),(0.,
    6.845766230446E-03,1.369153246089E-02,2.053729869134E-02,
    2.738306492178E-02,3.422883115223E-02,4.107459738268E-02,
    4.792036361312E-02,5.476612984357E-02,6.161189607402E-02,
    6.845766230446E-02,7.530342853491E-02,8.214919476535E-02,
    8.89949609958E-02,9.584072722625E-02,0.102686493457,0.109532259687,
    0.116378025918,0.123223792148,0.130069558378,0.136915324609,
    0.143761090839,0.15060685707,0.1574526233,0.164298389531,
    0.171144155761,0.177989921992,0.184835688222,0.191681454452,
    0.198527220683,0.205372986913,0.212218753144,0.219064519374,
    0.225910285605,0.232756051835,0.239601818066,0.246447584296,
    0.253293350527,0.260139116757,0.266984882987,0.273830649218,
    0.280676415448,0.287522181679,0.294367947909,0.30121371414,
    0.30805948037,0.314905246601,0.321751012831,0.328596779061,
    0.335442545292,0.342288311522,0.349134077753,0.355979843983,
    0.362825610214,0.369671376444,0.376517142675,0.383362908905,
    0.390208675135,0.397054441366,0.403900207596,0.410745973827,
    0.417591740057,0.424437506288,0.431283272518,0.438129038749,
    0.444974804979,0.451820571209,0.45866633744,0.46551210367,
    0.472357869901,0.479203636131,0.486049402362,0.492895168592,
    0.499740934823,0.506586701053,0.513432467283,0.520278233514,
    0.527123999744,0.533969765975,0.540815532205,0.547661298436,
    0.554507064666,0.561352830897,0.568198597127,0.575044363357,
    0.581890129588,0.588735895818,0.595581662049,0.602427428279,
    0.60927319451,0.61611896074,0.622964726971,0.629810493201,
    0.636656259432,0.643502025662,0.650347791892,0.657193558123,
    0.664039324353,0.670885090584,0.677730856814,0.684576623045,
    0.691422389275,0.698268155506,0.705113921736,0.711959687966,
    0.718805454197,0.725651220427,0.732496986658,0.739342752888,
    0.746188519119,0.753034285349,0.75988005158,0.76672581781,
    0.77357158404,0.780417350271,0.787263116501,0.794108882732,
    0.800954648962,0.807800415193,0.814646181423,0.821491947654,
    0.828337713884,0.835183480114,0.842029246345,0.848875012575,
    0.855720778806,0.862566545036,0.869412311267,0.876258077497,
    0.883103843728,0.889949609958,0.896795376188,0.903641142419,
    0.910486908649,0.91733267488,0.92417844111,0.931024207341,
    0.937869973571,0.944715739802,0.951561506032,0.958407272262,
    0.965253038493,0.972098804723,0.978944570954,0.985790337184,
    0.992636103415,0.999481869645,1.006327635876,1.013173402106,
    1.020019168336,1.026864934567,1.033710700797,1.040556467028,
    1.047402233258,1.054247999489,1.061093765719,1.06793953195,
    1.07478529818,1.081631064411,1.088476830641,1.095322596871,
    1.102168363102,1.109014129332,1.115859895563,1.122705661793,
    1.129551428024,1.136397194254,1.143242960485,1.150088726715,
    1.156934492945,1.163780259176,1.170626025406,1.177471791637,
    1.184317557867,1.191163324098,1.198009090328,1.204854856559,
    1.211700622789,1.218546389019,1.22539215525,1.23223792148,
    1.239083687711,1.245929453941,1.252775220172,1.259620986402,
    1.266466752633,1.273312518863,1.280158285093,1.287004051324,
    1.293849817554,1.300695583785,1.307541350015,1.314387116246,
    1.321232882476,1.328078648707,1.334924414937,1.341770181167,
    1.348615947398,1.355461713628,1.362307479859,1.369153246089,
    1.37599901232,1.38284477855,1.389690544781,1.396536311011,
    1.403382077241,1.410227843472,1.417073609702,1.423919375933,
    1.430765142163,1.437610908394,1.444456674624,1.451302440855,
    1.458148207085,1.464993973315,1.471839739546,1.478685505776,
    1.485531272007,1.492377038237,1.499222804468,1.506068570698),
  .QUASI_UNIFORM_KNOTS.);
#3356 = CARTESIAN_POINT('',(6.28318530718,12.788564753831));
#3357 = CARTESIAN_POINT('',(6.277458855927,12.788564640533));
#3358 = CARTESIAN_POINT('',(6.266007075601,12.788707576223));
#3359 = CARTESIAN_POINT('',(6.248839701176,12.789349348438));
#3360 = CARTESIAN_POINT('',(6.231688586805,12.790416850373));
#3361 = CARTESIAN_POINT('',(6.214563075849,12.791906765829));
#3362 = CARTESIAN_POINT('',(6.197472032323,12.793814546076));
#3363 = CARTESIAN_POINT('',(6.180421124615,12.796134982887));
#3364 = CARTESIAN_POINT('',(6.163428419343,12.798858859317));
#3365 = CARTESIAN_POINT('',(6.14638633412,12.802000225349));
#3366 = CARTESIAN_POINT('',(6.129303030599,12.805558193632));
#3367 = CARTESIAN_POINT('',(6.112169785564,12.809533793361));
#3368 = CARTESIAN_POINT('',(6.094981818973,12.813927675721));
#3369 = CARTESIAN_POINT('',(6.077734703567,12.818740215993));
#3370 = CARTESIAN_POINT('',(6.060417805584,12.82397339969));
#3371 = CARTESIAN_POINT('',(6.043044021961,12.829623175892));
#3372 = CARTESIAN_POINT('',(6.025799566087,12.835619890914));
#3373 = CARTESIAN_POINT('',(6.008648521493,12.841960889186));
#3374 = CARTESIAN_POINT('',(5.991602283109,12.848629019353));
#3375 = CARTESIAN_POINT('',(5.974658903033,12.855610960355));
#3376 = CARTESIAN_POINT('',(5.957819380761,12.862892402144));
#3377 = CARTESIAN_POINT('',(5.941083331791,12.87045942188));
#3378 = CARTESIAN_POINT('',(5.924450176726,12.878298194423));
#3379 = CARTESIAN_POINT('',(5.907918849238,12.886395140977));
#3380 = CARTESIAN_POINT('',(5.891487888174,12.894736961656));
#3381 = CARTESIAN_POINT('',(5.875155455337,12.903310665036));
#3382 = CARTESIAN_POINT('',(5.858919248616,12.912103696666));
#3383 = CARTESIAN_POINT('',(5.842776891448,12.92110364559));
#3384 = CARTESIAN_POINT('',(5.826724506219,12.930299510679));
#3385 = CARTESIAN_POINT('',(5.810762061581,12.939677120551));
#3386 = CARTESIAN_POINT('',(5.794634268843,12.949378698957));
#3387 = CARTESIAN_POINT('',(5.778373459418,12.959382092522));
#3388 = CARTESIAN_POINT('',(5.761961037496,12.969693964159));
#3389 = CARTESIAN_POINT('',(5.745391251299,12.980312884763));
#3390 = CARTESIAN_POINT('',(5.728653972068,12.99123896597));
#3391 = CARTESIAN_POINT('',(5.711739291577,13.002471290631));
#3392 = CARTESIAN_POINT('',(5.694636360038,13.014008725079));
#3393 = CARTESIAN_POINT('',(5.677333648429,13.025849903427));
#3394 = CARTESIAN_POINT('',(5.65981915927,13.037993022024));
#3395 = CARTESIAN_POINT('',(5.642078990497,13.050436484437));
#3396 = CARTESIAN_POINT('',(5.624097345106,13.063179017022));
#3397 = CARTESIAN_POINT('',(5.605859154688,13.076217590127));
#3398 = CARTESIAN_POINT('',(5.587346695436,13.089549819282));
#3399 = CARTESIAN_POINT('',(5.568540357206,13.103173171508));
#3400 = CARTESIAN_POINT('',(5.549418217375,13.11708506579));
#3401 = CARTESIAN_POINT('',(5.529956267067,13.131282473377));
#3402 = CARTESIAN_POINT('',(5.510127099976,13.145762624589));
#3403 = CARTESIAN_POINT('',(5.489903977215,13.160519789804));
#3404 = CARTESIAN_POINT('',(5.469244807809,13.175556657185));
#3405 = CARTESIAN_POINT('',(5.44810634254,13.190873030269));
#3406 = CARTESIAN_POINT('',(5.426456637074,13.206456636413));
#3407 = CARTESIAN_POINT('',(5.404246328158,13.222303140182));
#3408 = CARTESIAN_POINT('',(5.381416069891,13.238409739111));
#3409 = CARTESIAN_POINT('',(5.357891808811,13.254776993291));
#3410 = CARTESIAN_POINT('',(5.333591871999,13.271402654196));
#3411 = CARTESIAN_POINT('',(5.308397529504,13.288297775231));
#3412 = CARTESIAN_POINT('',(5.282256057679,13.305419835077));
#3413 = CARTESIAN_POINT('',(5.254788075377,13.322913293503));
#3414 = CARTESIAN_POINT('',(5.226824834821,13.340149339562));
#3415 = CARTESIAN_POINT('',(5.19867516423,13.356875398792));
#3416 = CARTESIAN_POINT('',(5.170228981556,13.373101988718));
#3417 = CARTESIAN_POINT('',(5.141498657783,13.388765272664));
#3418 = CARTESIAN_POINT('',(5.112471327884,13.403816816193));
#3419 = CARTESIAN_POINT('',(5.083146315941,13.418199076658));
#3420 = CARTESIAN_POINT('',(5.053523466726,13.431851717924));
#3421 = CARTESIAN_POINT('',(5.023605146064,13.444709851529));
#3422 = CARTESIAN_POINT('',(4.993395121525,13.456704707159));
#3423 = CARTESIAN_POINT('',(4.962898718624,13.467763619675));
#3424 = CARTESIAN_POINT('',(4.932123409721,13.477811280818));
#3425 = CARTESIAN_POINT('',(4.901078702752,13.486767575935));
#3426 = CARTESIAN_POINT('',(4.8697805329,13.494558776142));
#3427 = CARTESIAN_POINT('',(4.838237773758,13.501075563686));
#3428 = CARTESIAN_POINT('',(4.806507035185,13.506224034435));
#3429 = CARTESIAN_POINT('',(4.774640904159,13.509938001211));
#3430 = CARTESIAN_POINT('',(4.742689230851,13.512167695129));
#3431 = CARTESIAN_POINT('',(4.710699225586,13.51288279274));
#3432 = CARTESIAN_POINT('',(4.678715919602,13.512071606127));
#3433 = CARTESIAN_POINT('',(4.646782564611,13.509741295374));
#3434 = CARTESIAN_POINT('',(4.614941100087,13.505917828589));
#3435 = CARTESIAN_POINT('',(4.58323257279,13.500645929352));
#3436 = CARTESIAN_POINT('',(4.551697811753,13.493989326891));
#3437 = CARTESIAN_POINT('',(4.520377228116,13.486029807937));
#3438 = CARTESIAN_POINT('',(4.489313923686,13.476870759125));
#3439 = CARTESIAN_POINT('',(4.458544467204,13.466623945538));
#3440 = CARTESIAN_POINT('',(4.428135682463,13.455458854118));
#3441 = CARTESIAN_POINT('',(4.398043952085,13.443410861365));
#3442 = CARTESIAN_POINT('',(4.368237899355,13.430501982318));
#3443 = CARTESIAN_POINT('',(4.338730181625,13.416813237979));
#3444 = CARTESIAN_POINT('',(4.309518897829,13.402404630767));
#3445 = CARTESIAN_POINT('',(4.28060322799,13.387336555783));
#3446 = CARTESIAN_POINT('',(4.251979071911,13.371664180282));
#3447 = CARTESIAN_POINT('',(4.223640697924,13.355438514538));
#3448 = CARTESIAN_POINT('',(4.195578576447,13.338707748909));
#3449 = CARTESIAN_POINT('',(4.16776924841,13.321518579187));
#3450 = CARTESIAN_POINT('',(4.140190901139,13.303915578664));
#3451 = CARTESIAN_POINT('',(4.11282110325,13.285943209297));
#3452 = CARTESIAN_POINT('',(4.085637272242,13.267645265722));
#3453 = CARTESIAN_POINT('',(4.058616399101,13.249064999956));
#3454 = CARTESIAN_POINT('',(4.031735005431,13.230245088392));
#3455 = CARTESIAN_POINT('',(4.004968906702,13.211227548915));
#3456 = CARTESIAN_POINT('',(3.978293513601,13.192054015271));
#3457 = CARTESIAN_POINT('',(3.951682171766,13.172764632278));
#3458 = CARTESIAN_POINT('',(3.92511180863,13.153402110428));
#3459 = CARTESIAN_POINT('',(3.898560074762,13.134010646682));
#3460 = CARTESIAN_POINT('',(3.871997781174,13.114629540448));
#3461 = CARTESIAN_POINT('',(3.845398751431,13.095301141432));
#3462 = CARTESIAN_POINT('',(3.818736932637,13.076069053419));
#3463 = CARTESIAN_POINT('',(3.791987006714,13.056978596067));
#3464 = CARTESIAN_POINT('',(3.765124078393,13.038076643415));
#3465 = CARTESIAN_POINT('',(3.738123536182,13.019411738174));
#3466 = CARTESIAN_POINT('',(3.71096088331,13.00103428874));
#3467 = CARTESIAN_POINT('',(3.683611336877,12.982996518743));
#3468 = CARTESIAN_POINT('',(3.656050626177,12.965352754537));
#3469 = CARTESIAN_POINT('',(3.628252231145,12.948156385655));
#3470 = CARTESIAN_POINT('',(3.600200036593,12.931465389367));
#3471 = CARTESIAN_POINT('',(3.571877495461,12.915340694891));
#3472 = CARTESIAN_POINT('',(3.543266581535,12.899844680619));
#3473 = CARTESIAN_POINT('',(3.514353831941,12.885044655894));
#3474 = CARTESIAN_POINT('',(3.485128827291,12.871011287081));
#3475 = CARTESIAN_POINT('',(3.455584780906,12.857818211833));
#3476 = CARTESIAN_POINT('',(3.425718681568,12.845541170664));
#3477 = CARTESIAN_POINT('',(3.395531595627,12.834257095487));
#3478 = CARTESIAN_POINT('',(3.365029308148,12.824043067386));
#3479 = CARTESIAN_POINT('',(3.334221621091,12.814974932874));
#3480 = CARTESIAN_POINT('',(3.303137327295,12.807129019849));
#3481 = CARTESIAN_POINT('',(3.271808798419,12.800574597154));
#3482 = CARTESIAN_POINT('',(3.240273241859,12.79537258433));
#3483 = CARTESIAN_POINT('',(3.208572951207,12.791573679837));
#3484 = CARTESIAN_POINT('',(3.176755644409,12.789216626394));
#3485 = CARTESIAN_POINT('',(3.144876062238,12.78832650937));
#3486 = CARTESIAN_POINT('',(3.112993003255,12.788912785865));
#3487 = CARTESIAN_POINT('',(3.081158607387,12.790969180012));
#3488 = CARTESIAN_POINT('',(3.049430427881,12.794473795468));
#3489 = CARTESIAN_POINT('',(3.017857118912,12.799390580019));
#3490 = CARTESIAN_POINT('',(2.986482879338,12.80567104753));
#3491 = CARTESIAN_POINT('',(2.955346597407,12.813256036151));
#3492 = CARTESIAN_POINT('',(2.924483961054,12.822077072833));
#3493 = CARTESIAN_POINT('',(2.893926657726,12.832057881012));
#3494 = CARTESIAN_POINT('',(2.863682704185,12.843123914063));
#3495 = CARTESIAN_POINT('',(2.833758373319,12.855198448585));
#3496 = CARTESIAN_POINT('',(2.804154924029,12.86820493459));
#3497 = CARTESIAN_POINT('',(2.774870044482,12.882067708828));
#3498 = CARTESIAN_POINT('',(2.745897828646,12.896712876723));
#3499 = CARTESIAN_POINT('',(2.717229057006,12.912068990738));
#3500 = CARTESIAN_POINT('',(2.688851390393,12.928067664579));
#3501 = CARTESIAN_POINT('',(2.660749631331,12.94464405288));
#3502 = CARTESIAN_POINT('',(2.632906026992,12.961737112106));
#3503 = CARTESIAN_POINT('',(2.605300600957,12.979289482671));
#3504 = CARTESIAN_POINT('',(2.577911469429,12.997246807816));
#3505 = CARTESIAN_POINT('',(2.550715064079,13.015556157371));
#3506 = CARTESIAN_POINT('',(2.523686517784,13.034164918353));
#3507 = CARTESIAN_POINT('',(2.496800392218,13.053021233049));
#3508 = CARTESIAN_POINT('',(2.470031209246,13.072075049208));
#3509 = CARTESIAN_POINT('',(2.443354193726,13.091278581986));
#3510 = CARTESIAN_POINT('',(2.416743713726,13.110587543808));
#3511 = CARTESIAN_POINT('',(2.390178436746,13.129956475018));
#3512 = CARTESIAN_POINT('',(2.363619850459,13.149353036951));
#3513 = CARTESIAN_POINT('',(2.337089590319,13.168700029702));
#3514 = CARTESIAN_POINT('',(2.31037903905,13.188088757774));
#3515 = CARTESIAN_POINT('',(2.282704411441,13.208019323021));
#3516 = CARTESIAN_POINT('',(2.254139769257,13.228353732536));
#3517 = CARTESIAN_POINT('',(2.224513124214,13.249117951146));
#3518 = CARTESIAN_POINT('',(2.193663336195,13.270308651021));
#3519 = CARTESIAN_POINT('',(2.161411880049,13.291909815934));
#3520 = CARTESIAN_POINT('',(2.127395607449,13.313991936653));
#3521 = CARTESIAN_POINT('',(2.091731459627,13.336262063414));
#3522 = CARTESIAN_POINT('',(2.055957139208,13.357600178594));
#3523 = CARTESIAN_POINT('',(2.019650735259,13.378157179987));
#3524 = CARTESIAN_POINT('',(1.982892474977,13.397766071195));
#3525 = CARTESIAN_POINT('',(1.945645969283,13.416332548344));
#3526 = CARTESIAN_POINT('',(1.90791771258,13.433728711761));
#3527 = CARTESIAN_POINT('',(1.869710117204,13.449821527479));
#3528 = CARTESIAN_POINT('',(1.831032416549,13.464466341732));
#3529 = CARTESIAN_POINT('',(1.791896220372,13.477510125583));
#3530 = CARTESIAN_POINT('',(1.752323853117,13.488792952612));
#3531 = CARTESIAN_POINT('',(1.71232997235,13.498146535447));
#3532 = CARTESIAN_POINT('',(1.67198090788,13.505349349405));
#3533 = CARTESIAN_POINT('',(1.631398345549,13.510246942175));
#3534 = CARTESIAN_POINT('',(1.590681113287,13.512731325116));
#3535 = CARTESIAN_POINT('',(1.549925746403,13.512745678909));
#3536 = CARTESIAN_POINT('',(1.509222693495,13.510283111991));
#3537 = CARTESIAN_POINT('',(1.468659151024,13.505386921163));
#3538 = CARTESIAN_POINT('',(1.428320441972,13.498150790738));
#3539 = CARTESIAN_POINT('',(1.388291136017,13.488717735324));
#3540 = CARTESIAN_POINT('',(1.348659028691,13.477284129545));
#3541 = CARTESIAN_POINT('',(1.309508122243,13.464084646391));
#3542 = CARTESIAN_POINT('',(1.270952727571,13.449448474079));
#3543 = CARTESIAN_POINT('',(1.232856789054,13.43336555019));
#3544 = CARTESIAN_POINT('',(1.195244434362,13.415993836631));
#3545 = CARTESIAN_POINT('',(1.158113043016,13.397461245221));
#3546 = CARTESIAN_POINT('',(1.121459696108,13.377890102395));
#3547 = CARTESIAN_POINT('',(1.085274213782,13.35739016304));
#3548 = CARTESIAN_POINT('',(1.049540229182,13.336062090465));
#3549 = CARTESIAN_POINT('',(1.014210821396,13.314001930289));
#3550 = CARTESIAN_POINT('',(0.979240483591,13.291301624632));
#3551 = CARTESIAN_POINT('',(0.944582704274,13.268052380377));
#3552 = CARTESIAN_POINT('',(0.910190168396,13.244343745909));
#3553 = CARTESIAN_POINT('',(0.876014077944,13.220263681508));
#3554 = CARTESIAN_POINT('',(0.842004388438,13.195898882933));
#3555 = CARTESIAN_POINT('',(0.808107240994,13.171333098607));
#3556 = CARTESIAN_POINT('',(0.774272686444,13.14665322062));
#3557 = CARTESIAN_POINT('',(0.740449594725,13.121946602336));
#3558 = CARTESIAN_POINT('',(0.706582592623,13.097299118137));
#3559 = CARTESIAN_POINT('',(0.672619145478,13.072801165975));
#3560 = CARTESIAN_POINT('',(0.638506982571,13.04854635624));
#3561 = CARTESIAN_POINT('',(0.604194072238,13.024632106448));
#3562 = CARTESIAN_POINT('',(0.569627991313,13.001159926323));
#3563 = CARTESIAN_POINT('',(0.534755139426,12.97823503548));
#3564 = CARTESIAN_POINT('',(0.499531099513,12.955975267894));
#3565 = CARTESIAN_POINT('',(0.463909946846,12.934493286332));
#3566 = CARTESIAN_POINT('',(0.427854599782,12.913910353646));
#3567 = CARTESIAN_POINT('',(0.391330532015,12.894357170121));
#3568 = CARTESIAN_POINT('',(0.354313658793,12.875975121697));
#3569 = CARTESIAN_POINT('',(0.316765604216,12.858903933487));
#3570 = CARTESIAN_POINT('',(0.278669308045,12.843298551668));
#3571 = CARTESIAN_POINT('',(0.240050572243,12.829330007557));
#3572 = CARTESIAN_POINT('',(0.200938191777,12.817161778219));
#3573 = CARTESIAN_POINT('',(0.161375697102,12.806949837013));
#3574 = CARTESIAN_POINT('',(0.121419523806,12.798836209023));
#3575 = CARTESIAN_POINT('',(8.114213437794E-02,12.79294206057));
#3576 = CARTESIAN_POINT('',(4.063102555743E-02,12.789366104915));
#3577 = CARTESIAN_POINT('',(1.354485309199E-02,12.788561479286));
#3578 = CARTESIAN_POINT('',(-1.7763568394E-15,12.788564753831));
#3579 = ( GEOMETRIC_REPRESENTATION_CONTEXT(2) 
PARAMETRIC_REPRESENTATION_CONTEXT() REPRESENTATION_CONTEXT('2D SPACE',''
  ) );
#3580 = ORIENTED_EDGE('',*,*,#3581,.T.);
#3581 = EDGE_CURVE('',#2956,#3582,#3584,.T.);
#3582 = VERTEX_POINT('',#3583);
#3583 = CARTESIAN_POINT('',(-0.28575,-9.910828157373,2.569));
#3584 = SURFACE_CURVE('',#3585,(#3591,#3600),.PCURVE_S1.);
#3585 = B_SPLINE_CURVE_WITH_KNOTS('',4,(#3586,#3587,#3588,#3589,#3590),
  .UNSPECIFIED.,.F.,.F.,(5,5),(0.,1.),.PIECEWISE_BEZIER_KNOTS.);
#3586 = CARTESIAN_POINT('',(-0.28575,-9.910828157373,10.643));
#3587 = CARTESIAN_POINT('',(-0.28575,-9.910828157373,8.6245));
#3588 = CARTESIAN_POINT('',(-0.28575,-9.910828157373,6.606));
#3589 = CARTESIAN_POINT('',(-0.28575,-9.910828157373,4.5875));
#3590 = CARTESIAN_POINT('',(-0.28575,-9.910828157373,2.569));
#3591 = PCURVE('',#368,#3592);
#3592 = DEFINITIONAL_REPRESENTATION('',(#3593),#3599);
#3593 = B_SPLINE_CURVE_WITH_KNOTS('',4,(#3594,#3595,#3596,#3597,#3598),
  .UNSPECIFIED.,.F.,.F.,(5,5),(0.,1.),.PIECEWISE_BEZIER_KNOTS.);
#3594 = CARTESIAN_POINT('',(50.746194105699,-9.175));
#3595 = CARTESIAN_POINT('',(50.746194105699,-7.1565));
#3596 = CARTESIAN_POINT('',(50.746194105699,-5.138));
#3597 = CARTESIAN_POINT('',(50.746194105699,-3.1195));
#3598 = CARTESIAN_POINT('',(50.746194105699,-1.101));
#3599 = ( GEOMETRIC_REPRESENTATION_CONTEXT(2) 
PARAMETRIC_REPRESENTATION_CONTEXT() REPRESENTATION_CONTEXT('2D SPACE',''
  ) );
#3600 = PCURVE('',#3601,#3606);
#3601 = PLANE('',#3602);
#3602 = AXIS2_PLACEMENT_3D('',#3603,#3604,#3605);
#3603 = CARTESIAN_POINT('',(-0.28575,-10.1018,2.569));
#3604 = DIRECTION('',(1.,0.,0.));
#3605 = DIRECTION('',(0.,0.,1.));
#3606 = DEFINITIONAL_REPRESENTATION('',(#3607),#3613);
#3607 = B_SPLINE_CURVE_WITH_KNOTS('',4,(#3608,#3609,#3610,#3611,#3612),
  .UNSPECIFIED.,.F.,.F.,(5,5),(0.,1.),.PIECEWISE_BEZIER_KNOTS.);
#3608 = CARTESIAN_POINT('',(8.074,-0.190971842627));
#3609 = CARTESIAN_POINT('',(6.0555,-0.190971842627));
#3610 = CARTESIAN_POINT('',(4.037,-0.190971842627));
#3611 = CARTESIAN_POINT('',(2.0185,-0.190971842627));
#3612 = CARTESIAN_POINT('',(0.,-0.190971842627));
#3613 = ( GEOMETRIC_REPRESENTATION_CONTEXT(2) 
PARAMETRIC_REPRESENTATION_CONTEXT() REPRESENTATION_CONTEXT('2D SPACE',''
  ) );
#3614 = ORIENTED_EDGE('',*,*,#3615,.F.);
#3615 = EDGE_CURVE('',#3616,#3582,#3618,.T.);
#3616 = VERTEX_POINT('',#3617);
#3617 = CARTESIAN_POINT('',(0.28575,-9.910828157373,2.569));
#3618 = SURFACE_CURVE('',#3619,(#3626,#3636),.PCURVE_S1.);
#3619 = B_SPLINE_CURVE_WITH_KNOTS('',5,(#3620,#3621,#3622,#3623,#3624,
    #3625),.UNSPECIFIED.,.F.,.F.,(6,6),(0.,1.),
  .PIECEWISE_BEZIER_KNOTS.);
#3620 = CARTESIAN_POINT('',(0.28575,-9.910828157373,2.569));
#3621 = CARTESIAN_POINT('',(0.174719414592,-9.94564832563,2.569));
#3622 = CARTESIAN_POINT('',(5.849281224861E-02,-9.966819983929,2.569));
#3623 = CARTESIAN_POINT('',(-5.848153725478E-02,-9.966824778173,2.569));
#3624 = CARTESIAN_POINT('',(-0.174733101258,-9.945644033372,2.569));
#3625 = CARTESIAN_POINT('',(-0.28575,-9.910828157373,2.569));
#3626 = PCURVE('',#368,#3627);
#3627 = DEFINITIONAL_REPRESENTATION('',(#3628),#3635);
#3628 = B_SPLINE_CURVE_WITH_KNOTS('',5,(#3629,#3630,#3631,#3632,#3633,
    #3634),.UNSPECIFIED.,.F.,.F.,(6,6),(0.,1.),
  .PIECEWISE_BEZIER_KNOTS.);
#3629 = CARTESIAN_POINT('',(51.323143006647,-1.101));
#3630 = CARTESIAN_POINT('',(51.208386057422,-1.101));
#3631 = CARTESIAN_POINT('',(51.092341425852,-1.101));
#3632 = CARTESIAN_POINT('',(50.977007290616,-1.101));
#3633 = CARTESIAN_POINT('',(50.860936908912,-1.101));
#3634 = CARTESIAN_POINT('',(50.746194105699,-1.101));
#3635 = ( GEOMETRIC_REPRESENTATION_CONTEXT(2) 
PARAMETRIC_REPRESENTATION_CONTEXT() REPRESENTATION_CONTEXT('2D SPACE',''
  ) );
#3636 = PCURVE('',#3637,#3642);
#3637 = PLANE('',#3638);
#3638 = AXIS2_PLACEMENT_3D('',#3639,#3640,#3641);
#3639 = CARTESIAN_POINT('',(-0.28575,-10.1018,2.569));
#3640 = DIRECTION('',(0.,0.,1.));
#3641 = DIRECTION('',(1.,0.,0.));
#3642 = DEFINITIONAL_REPRESENTATION('',(#3643),#3650);
#3643 = B_SPLINE_CURVE_WITH_KNOTS('',5,(#3644,#3645,#3646,#3647,#3648,
    #3649),.UNSPECIFIED.,.F.,.F.,(6,6),(0.,1.),
  .PIECEWISE_BEZIER_KNOTS.);
#3644 = CARTESIAN_POINT('',(0.5715,0.190971842627));
#3645 = CARTESIAN_POINT('',(0.460469414592,0.15615167437));
#3646 = CARTESIAN_POINT('',(0.344242812249,0.134980016071));
#3647 = CARTESIAN_POINT('',(0.227268462745,0.134975221827));
#3648 = CARTESIAN_POINT('',(0.111016898742,0.156155966628));
#3649 = CARTESIAN_POINT('',(0.,0.190971842627));
#3650 = ( GEOMETRIC_REPRESENTATION_CONTEXT(2) 
PARAMETRIC_REPRESENTATION_CONTEXT() REPRESENTATION_CONTEXT('2D SPACE',''
  ) );
#3651 = ORIENTED_EDGE('',*,*,#3652,.F.);
#3652 = EDGE_CURVE('',#1594,#3616,#3653,.T.);
#3653 = SURFACE_CURVE('',#3654,(#3660,#3669),.PCURVE_S1.);
#3654 = B_SPLINE_CURVE_WITH_KNOTS('',4,(#3655,#3656,#3657,#3658,#3659),
  .UNSPECIFIED.,.F.,.F.,(5,5),(0.,1.),.PIECEWISE_BEZIER_KNOTS.);
#3655 = CARTESIAN_POINT('',(0.28575,-9.910828157373,10.643));
#3656 = CARTESIAN_POINT('',(0.28575,-9.910828157373,8.6245));
#3657 = CARTESIAN_POINT('',(0.28575,-9.910828157373,6.606));
#3658 = CARTESIAN_POINT('',(0.28575,-9.910828157373,4.5875));
#3659 = CARTESIAN_POINT('',(0.28575,-9.910828157373,2.569));
#3660 = PCURVE('',#368,#3661);
#3661 = DEFINITIONAL_REPRESENTATION('',(#3662),#3668);
#3662 = B_SPLINE_CURVE_WITH_KNOTS('',4,(#3663,#3664,#3665,#3666,#3667),
  .UNSPECIFIED.,.F.,.F.,(5,5),(0.,1.),.PIECEWISE_BEZIER_KNOTS.);
#3663 = CARTESIAN_POINT('',(51.323143006647,-9.175));
#3664 = CARTESIAN_POINT('',(51.323143006647,-7.1565));
#3665 = CARTESIAN_POINT('',(51.323143006647,-5.138));
#3666 = CARTESIAN_POINT('',(51.323143006647,-3.1195));
#3667 = CARTESIAN_POINT('',(51.323143006647,-1.101));
#3668 = ( GEOMETRIC_REPRESENTATION_CONTEXT(2) 
PARAMETRIC_REPRESENTATION_CONTEXT() REPRESENTATION_CONTEXT('2D SPACE',''
  ) );
#3669 = PCURVE('',#3670,#3675);
#3670 = PLANE('',#3671);
#3671 = AXIS2_PLACEMENT_3D('',#3672,#3673,#3674);
#3672 = CARTESIAN_POINT('',(0.28575,-10.1018,2.569));
#3673 = DIRECTION('',(1.,0.,0.));
#3674 = DIRECTION('',(0.,0.,1.));
#3675 = DEFINITIONAL_REPRESENTATION('',(#3676),#3682);
#3676 = B_SPLINE_CURVE_WITH_KNOTS('',4,(#3677,#3678,#3679,#3680,#3681),
  .UNSPECIFIED.,.F.,.F.,(5,5),(0.,1.),.PIECEWISE_BEZIER_KNOTS.);
#3677 = CARTESIAN_POINT('',(8.074,-0.190971842627));
#3678 = CARTESIAN_POINT('',(6.0555,-0.190971842627));
#3679 = CARTESIAN_POINT('',(4.037,-0.190971842627));
#3680 = CARTESIAN_POINT('',(2.0185,-0.190971842627));
#3681 = CARTESIAN_POINT('',(0.,-0.190971842627));
#3682 = ( GEOMETRIC_REPRESENTATION_CONTEXT(2) 
PARAMETRIC_REPRESENTATION_CONTEXT() REPRESENTATION_CONTEXT('2D SPACE',''
  ) );
#3683 = ADVANCED_FACE('',(#3684,#3738,#4089),#525,.F.);
#3684 = FACE_BOUND('',#3685,.F.);
#3685 = EDGE_LOOP('',(#3686,#3687,#3710,#3737));
#3686 = ORIENTED_EDGE('',*,*,#508,.T.);
#3687 = ORIENTED_EDGE('',*,*,#3688,.T.);
#3688 = EDGE_CURVE('',#509,#3689,#3691,.T.);
#3689 = VERTEX_POINT('',#3690);
#3690 = CARTESIAN_POINT('',(3.175,-7.776507174586E-16,12.6248));
#3691 = SEAM_CURVE('',#3692,(#3696,#3703),.PCURVE_S1.);
#3692 = LINE('',#3693,#3694);
#3693 = CARTESIAN_POINT('',(3.175,-7.776507174586E-16,-0.8));
#3694 = VECTOR('',#3695,1.);
#3695 = DIRECTION('',(0.,0.,1.));
#3696 = PCURVE('',#525,#3697);
#3697 = DEFINITIONAL_REPRESENTATION('',(#3698),#3702);
#3698 = LINE('',#3699,#3700);
#3699 = CARTESIAN_POINT('',(0.,-0.));
#3700 = VECTOR('',#3701,1.);
#3701 = DIRECTION('',(0.,1.));
#3702 = ( GEOMETRIC_REPRESENTATION_CONTEXT(2) 
PARAMETRIC_REPRESENTATION_CONTEXT() REPRESENTATION_CONTEXT('2D SPACE',''
  ) );
#3703 = PCURVE('',#525,#3704);
#3704 = DEFINITIONAL_REPRESENTATION('',(#3705),#3709);
#3705 = LINE('',#3706,#3707);
#3706 = CARTESIAN_POINT('',(6.28318530718,-0.));
#3707 = VECTOR('',#3708,1.);
#3708 = DIRECTION('',(0.,1.));
#3709 = ( GEOMETRIC_REPRESENTATION_CONTEXT(2) 
PARAMETRIC_REPRESENTATION_CONTEXT() REPRESENTATION_CONTEXT('2D SPACE',''
  ) );
#3710 = ORIENTED_EDGE('',*,*,#3711,.F.);
#3711 = EDGE_CURVE('',#3689,#3689,#3712,.T.);
#3712 = SURFACE_CURVE('',#3713,(#3718,#3725),.PCURVE_S1.);
#3713 = CIRCLE('',#3714,3.175);
#3714 = AXIS2_PLACEMENT_3D('',#3715,#3716,#3717);
#3715 = CARTESIAN_POINT('',(0.,0.,12.6248));
#3716 = DIRECTION('',(0.,0.,1.));
#3717 = DIRECTION('',(1.,0.,0.));
#3718 = PCURVE('',#525,#3719);
#3719 = DEFINITIONAL_REPRESENTATION('',(#3720),#3724);
#3720 = LINE('',#3721,#3722);
#3721 = CARTESIAN_POINT('',(0.,13.4248));
#3722 = VECTOR('',#3723,1.);
#3723 = DIRECTION('',(1.,0.));
#3724 = ( GEOMETRIC_REPRESENTATION_CONTEXT(2) 
PARAMETRIC_REPRESENTATION_CONTEXT() REPRESENTATION_CONTEXT('2D SPACE',''
  ) );
#3725 = PCURVE('',#3726,#3731);
#3726 = PLANE('',#3727);
#3727 = AXIS2_PLACEMENT_3D('',#3728,#3729,#3730);
#3728 = CARTESIAN_POINT('',(0.,0.,12.6248));
#3729 = DIRECTION('',(0.,0.,1.));
#3730 = DIRECTION('',(1.,0.,0.));
#3731 = DEFINITIONAL_REPRESENTATION('',(#3732),#3736);
#3732 = CIRCLE('',#3733,3.175);
#3733 = AXIS2_PLACEMENT_2D('',#3734,#3735);
#3734 = CARTESIAN_POINT('',(0.,0.));
#3735 = DIRECTION('',(1.,0.));
#3736 = ( GEOMETRIC_REPRESENTATION_CONTEXT(2) 
PARAMETRIC_REPRESENTATION_CONTEXT() REPRESENTATION_CONTEXT('2D SPACE',''
  ) );
#3737 = ORIENTED_EDGE('',*,*,#3688,.F.);
#3738 = FACE_BOUND('',#3739,.F.);
#3739 = EDGE_LOOP('',(#3740));
#3740 = ORIENTED_EDGE('',*,*,#3741,.T.);
#3741 = EDGE_CURVE('',#3742,#3742,#3744,.T.);
#3742 = VERTEX_POINT('',#3743);
#3743 = CARTESIAN_POINT('',(1.143,2.962123562581,7.54552));
#3744 = SURFACE_CURVE('',#3745,(#3856,#3970),.PCURVE_S1.);
#3745 = B_SPLINE_CURVE_WITH_KNOTS('',7,(#3746,#3747,#3748,#3749,#3750,
    #3751,#3752,#3753,#3754,#3755,#3756,#3757,#3758,#3759,#3760,#3761,
    #3762,#3763,#3764,#3765,#3766,#3767,#3768,#3769,#3770,#3771,#3772,
    #3773,#3774,#3775,#3776,#3777,#3778,#3779,#3780,#3781,#3782,#3783,
    #3784,#3785,#3786,#3787,#3788,#3789,#3790,#3791,#3792,#3793,#3794,
    #3795,#3796,#3797,#3798,#3799,#3800,#3801,#3802,#3803,#3804,#3805,
    #3806,#3807,#3808,#3809,#3810,#3811,#3812,#3813,#3814,#3815,#3816,
    #3817,#3818,#3819,#3820,#3821,#3822,#3823,#3824,#3825,#3826,#3827,
    #3828,#3829,#3830,#3831,#3832,#3833,#3834,#3835,#3836,#3837,#3838,
    #3839,#3840,#3841,#3842,#3843,#3844,#3845,#3846,#3847,#3848,#3849,
    #3850,#3851,#3852,#3853,#3854,#3855),.UNSPECIFIED.,.T.,.F.,(8,6,6,6,
    6,6,6,6,6,6,6,6,6,6,6,6,6,6,8),(0.,0.13984317785,0.173836076877,
    0.201902347969,0.249124074885,0.298739244705,0.326343054609,
    0.358602077163,0.48918569946,0.510302195579,0.639809163531,
    0.673806513488,0.701876455905,0.749104353188,0.798726006119,
    0.826333426528,0.858596672225,0.954185578937,1.),.UNSPECIFIED.);
#3746 = CARTESIAN_POINT('',(1.143,2.962123562581,7.54552));
#3747 = CARTESIAN_POINT('',(1.143,2.962123562581,7.677687677896));
#3748 = CARTESIAN_POINT('',(1.125170125604,2.969003664272,7.809557205089
    ));
#3749 = CARTESIAN_POINT('',(1.089654336771,2.982707854147,7.939154740958
    ));
#3750 = CARTESIAN_POINT('',(1.03644538781,3.002464149126,8.06444763805)
  );
#3751 = CARTESIAN_POINT('',(0.965510309464,3.026759568465,8.183128140141
    ));
#3752 = CARTESIAN_POINT('',(0.876944747006,3.053435440793,8.292467826002
    ));
#3753 = CARTESIAN_POINT('',(0.745540129332,3.086340321724,8.412601910829
    ));
#3754 = CARTESIAN_POINT('',(0.718822799863,3.092764784118,8.435351361144
    ));
#3755 = CARTESIAN_POINT('',(0.691096165666,3.099140488692,8.457303312761
    ));
#3756 = CARTESIAN_POINT('',(0.662375156898,3.105427125829,8.478401717305
    ));
#3757 = CARTESIAN_POINT('',(0.632677343189,3.111583317537,8.498589614886
    ));
#3758 = CARTESIAN_POINT('',(0.602023058468,3.117567046772,8.517809026814
    ));
#3759 = CARTESIAN_POINT('',(0.544355247855,3.128099300412,8.55102094396)
  );
#3760 = CARTESIAN_POINT('',(0.517637391968,3.132716561146,8.56534127351)
  );
#3761 = CARTESIAN_POINT('',(0.490305876621,3.137161721707,8.57892225913)
  );
#3762 = CARTESIAN_POINT('',(0.462386469759,3.141409553774,8.591725975687
    ));
#3763 = CARTESIAN_POINT('',(0.433906788796,3.145435747966,8.603716150762
    ));
#3764 = CARTESIAN_POINT('',(0.404896300614,3.149216913847,8.614858164655
    ));
#3765 = CARTESIAN_POINT('',(0.325735544395,3.158642351364,8.642383073166
    ));
#3766 = CARTESIAN_POINT('',(0.274628017298,3.163802599095,8.657167365029
    ));
#3767 = CARTESIAN_POINT('',(0.222315741917,3.168090100663,8.669270071092
    ));
#3768 = CARTESIAN_POINT('',(0.16906751188,3.171407354617,8.678537634729)
  );
#3769 = CARTESIAN_POINT('',(0.115164401129,3.173684142787,8.684863980484
    ));
#3770 = CARTESIAN_POINT('',(6.089525226301E-02,3.174881092573,
    8.688189697002));
#3771 = CARTESIAN_POINT('',(-5.05453130364E-02,3.175111070057,
    8.688828532482));
#3772 = CARTESIAN_POINT('',(-0.107620257553,3.174031181034,
    8.685827725027));
#3773 = CARTESIAN_POINT('',(-0.164332746074,3.171753684525,
    8.679506352267));
#3774 = CARTESIAN_POINT('',(-0.220346137412,3.168321033447,8.66992808311
    ));
#3775 = CARTESIAN_POINT('',(-0.27533289245,3.163813531082,8.657213728127
    ));
#3776 = CARTESIAN_POINT('',(-0.328980394806,3.15834484089,8.641542266999
    ));
#3777 = CARTESIAN_POINT('',(-0.409936512686,3.148559480192,8.61292022989
    ));
#3778 = CARTESIAN_POINT('',(-0.438388406977,3.144805778557,
    8.601841059841));
#3779 = CARTESIAN_POINT('',(-0.466323136298,3.140817883545,
    8.589945874793));
#3780 = CARTESIAN_POINT('',(-0.493713107322,3.136618115123,
    8.577267678075));
#3781 = CARTESIAN_POINT('',(-0.520532451466,3.132229621094,
    8.563840967372));
#3782 = CARTESIAN_POINT('',(-0.546757024887,3.1276763771,8.549701734734)
  );
#3783 = CARTESIAN_POINT('',(-0.602290319719,3.117498518447,
    8.517574863251));
#3784 = CARTESIAN_POINT('',(-0.631375172634,3.111822197076,
    8.499339338365));
#3785 = CARTESIAN_POINT('',(-0.659599118913,3.105990303675,
    8.480231390576));
#3786 = CARTESIAN_POINT('',(-0.686944658303,3.100038746269,
    8.460300627061));
#3787 = CARTESIAN_POINT('',(-0.713396542927,3.094002927088,
    8.439595847171));
#3788 = CARTESIAN_POINT('',(-0.738941681611,3.087917409907,
    8.418165126101));
#3789 = CARTESIAN_POINT('',(-0.863259920121,3.057115580315,
    8.306558362981));
#3790 = CARTESIAN_POINT('',(-0.948001047225,3.032126361863,
    8.205863036072));
#3791 = CARTESIAN_POINT('',(-1.017404729773,3.008965483275,
    8.096727372745));
#3792 = CARTESIAN_POINT('',(-1.071384101214,2.989424710319,
    7.981410048269));
#3793 = CARTESIAN_POINT('',(-1.109957468174,2.97481989321,7.861827261418
    ));
#3794 = CARTESIAN_POINT('',(-1.133130682996,2.965924355655,
    7.739659913518));
#3795 = CARTESIAN_POINT('',(-1.142032981055,2.962496824202,
    7.596586984616));
#3796 = CARTESIAN_POINT('',(-1.142866209846,2.962175322862,
    7.576651542714));
#3797 = CARTESIAN_POINT('',(-1.143293387004,2.962010282825,
    7.556704054529));
#3798 = CARTESIAN_POINT('',(-1.14331446684,2.962002138279,7.536752320377
    ));
#3799 = CARTESIAN_POINT('',(-1.14292944792,2.962150903705,7.516804145732
    ));
#3800 = CARTESIAN_POINT('',(-1.142138373069,2.962456173878,
    7.496867341224));
#3801 = CARTESIAN_POINT('',(-1.133599888855,2.965744119212,
    7.354795442061));
#3802 = CARTESIAN_POINT('',(-1.111002165526,2.974421556542,7.23358745749
    ));
#3803 = CARTESIAN_POINT('',(-1.073254494135,2.988726114886,
    7.114883756233));
#3804 = CARTESIAN_POINT('',(-1.020352735989,3.007913605899,
    7.000323721614));
#3805 = CARTESIAN_POINT('',(-0.952279965185,3.030713946839,
    6.891771089446));
#3806 = CARTESIAN_POINT('',(-0.869118674856,3.055395158623,
    6.791417341603));
#3807 = CARTESIAN_POINT('',(-0.745540129332,3.086340321724,
    6.678438089171));
#3808 = CARTESIAN_POINT('',(-0.718822799863,3.092764784118,
    6.655688638856));
#3809 = CARTESIAN_POINT('',(-0.691096165666,3.099140488692,
    6.633736687239));
#3810 = CARTESIAN_POINT('',(-0.662375156898,3.105427125829,
    6.612638282695));
#3811 = CARTESIAN_POINT('',(-0.632677343189,3.111583317537,
    6.592450385114));
#3812 = CARTESIAN_POINT('',(-0.602023058468,3.117567046772,
    6.573230973186));
#3813 = CARTESIAN_POINT('',(-0.544355251189,3.128099299803,
    6.540019057961));
#3814 = CARTESIAN_POINT('',(-0.517637391981,3.132716561032,
    6.525698726902));
#3815 = CARTESIAN_POINT('',(-0.490305873475,3.137161722133,
    6.512117739596));
#3816 = CARTESIAN_POINT('',(-0.462386466946,3.141409554244,
    6.499314022851));
#3817 = CARTESIAN_POINT('',(-0.43390678964,3.145435747964,6.487323849178
    ));
#3818 = CARTESIAN_POINT('',(-0.404896304781,3.149216913351,
    6.476181836793));
#3819 = CARTESIAN_POINT('',(-0.325735544395,3.158642351364,
    6.448656926834));
#3820 = CARTESIAN_POINT('',(-0.274628017297,3.163802599095,
    6.433872634971));
#3821 = CARTESIAN_POINT('',(-0.222315741917,3.168090100663,
    6.421769928908));
#3822 = CARTESIAN_POINT('',(-0.16906751188,3.171407354617,6.412502365271
    ));
#3823 = CARTESIAN_POINT('',(-0.115164401129,3.173684142787,
    6.406176019516));
#3824 = CARTESIAN_POINT('',(-6.089525226289E-02,3.174881092573,
    6.402850302998));
#3825 = CARTESIAN_POINT('',(5.054531303655E-02,3.175111070057,
    6.402211467518));
#3826 = CARTESIAN_POINT('',(0.107620257553,3.174031181034,6.405212274973
    ));
#3827 = CARTESIAN_POINT('',(0.164332746075,3.171753684525,6.411533647733
    ));
#3828 = CARTESIAN_POINT('',(0.220346137412,3.168321033447,6.42111191689)
  );
#3829 = CARTESIAN_POINT('',(0.275332892451,3.163813531082,6.433826271873
    ));
#3830 = CARTESIAN_POINT('',(0.328980394806,3.15834484089,6.449497733001)
  );
#3831 = CARTESIAN_POINT('',(0.409936516429,3.148559479739,6.478119771434
    ));
#3832 = CARTESIAN_POINT('',(0.438388407747,3.144805778551,6.48919894012)
  );
#3833 = CARTESIAN_POINT('',(0.466323133787,3.140817883968,6.501094123891
    ));
#3834 = CARTESIAN_POINT('',(0.493713104504,3.136618115509,6.513772320769
    ));
#3835 = CARTESIAN_POINT('',(0.520532451468,3.132229620995,6.527199032986
    ));
#3836 = CARTESIAN_POINT('',(0.546757027863,3.127676376554,6.541338266988
    ));
#3837 = CARTESIAN_POINT('',(0.602290319719,3.117498518447,6.573465136749
    ));
#3838 = CARTESIAN_POINT('',(0.631375172634,3.111822197076,6.591700661635
    ));
#3839 = CARTESIAN_POINT('',(0.659599118913,3.105990303675,6.610808609424
    ));
#3840 = CARTESIAN_POINT('',(0.686944658303,3.100038746269,6.630739372939
    ));
#3841 = CARTESIAN_POINT('',(0.713396542927,3.094002927088,6.651444152829
    ));
#3842 = CARTESIAN_POINT('',(0.738941681611,3.087917409907,6.672874873899
    ));
#3843 = CARTESIAN_POINT('',(0.836534507359,3.063737228269,6.760488883846
    ));
#3844 = CARTESIAN_POINT('',(0.901461349222,3.045511328871,6.831965457761
    ));
#3845 = CARTESIAN_POINT('',(0.958218182934,3.027966438968,6.908331521219
    ));
#3846 = CARTESIAN_POINT('',(1.00675688587,3.011833188082,6.988658287879)
  );
#3847 = CARTESIAN_POINT('',(1.047069676799,2.99771723416,7.072137275318)
  );
#3848 = CARTESIAN_POINT('',(1.079154397952,2.986083855015,7.158050294));
#3849 = CARTESIAN_POINT('',(1.114411113846,2.973022244471,7.28777234579)
  );
#3850 = CARTESIAN_POINT('',(1.123936363854,2.969435238535,7.330201733951
    ));
#3851 = CARTESIAN_POINT('',(1.131559990902,2.966529071507,7.372948758709
    ));
#3852 = CARTESIAN_POINT('',(1.137279417656,2.964330992092,7.41593286378)
  );
#3853 = CARTESIAN_POINT('',(1.141093037258,2.962859384592,7.459074770041
    ));
#3854 = CARTESIAN_POINT('',(1.143,2.962123562581,7.502296266288));
#3855 = CARTESIAN_POINT('',(1.143,2.962123562581,7.54552));
#3856 = PCURVE('',#525,#3857);
#3857 = DEFINITIONAL_REPRESENTATION('',(#3858),#3969);
#3858 = B_SPLINE_CURVE_WITH_KNOTS('',7,(#3859,#3860,#3861,#3862,#3863,
    #3864,#3865,#3866,#3867,#3868,#3869,#3870,#3871,#3872,#3873,#3874,
    #3875,#3876,#3877,#3878,#3879,#3880,#3881,#3882,#3883,#3884,#3885,
    #3886,#3887,#3888,#3889,#3890,#3891,#3892,#3893,#3894,#3895,#3896,
    #3897,#3898,#3899,#3900,#3901,#3902,#3903,#3904,#3905,#3906,#3907,
    #3908,#3909,#3910,#3911,#3912,#3913,#3914,#3915,#3916,#3917,#3918,
    #3919,#3920,#3921,#3922,#3923,#3924,#3925,#3926,#3927,#3928,#3929,
    #3930,#3931,#3932,#3933,#3934,#3935,#3936,#3937,#3938,#3939,#3940,
    #3941,#3942,#3943,#3944,#3945,#3946,#3947,#3948,#3949,#3950,#3951,
    #3952,#3953,#3954,#3955,#3956,#3957,#3958,#3959,#3960,#3961,#3962,
    #3963,#3964,#3965,#3966,#3967,#3968),.UNSPECIFIED.,.T.,.F.,(8,6,6,6,
    6,6,6,6,6,6,6,6,6,6,6,6,6,6,8),(0.,0.13984317785,0.173836076877,
    0.201902347969,0.249124074885,0.298739244705,0.326343054609,
    0.358602077163,0.48918569946,0.510302195579,0.639809163531,
    0.673806513488,0.701876455905,0.749104353188,0.798726006119,
    0.826333426528,0.858596672225,0.954185578937,1.),.UNSPECIFIED.);
#3859 = CARTESIAN_POINT('',(1.202528433358,8.34552));
#3860 = CARTESIAN_POINT('',(1.202528433358,8.477687677896));
#3861 = CARTESIAN_POINT('',(1.208547753133,8.60955720509));
#3862 = CARTESIAN_POINT('',(1.220537546222,8.739154740957));
#3863 = CARTESIAN_POINT('',(1.238413141647,8.86444763805));
#3864 = CARTESIAN_POINT('',(1.262010679745,8.983128140141));
#3865 = CARTESIAN_POINT('',(1.291110733178,9.092467826002));
#3866 = CARTESIAN_POINT('',(1.333775873402,9.212601910829));
#3867 = CARTESIAN_POINT('',(1.34243026214,9.235351361144));
#3868 = CARTESIAN_POINT('',(1.351390236179,9.257303312761));
#3869 = CARTESIAN_POINT('',(1.360649421743,9.278401717305));
#3870 = CARTESIAN_POINT('',(1.370200914423,9.298589614886));
#3871 = CARTESIAN_POINT('',(1.38003730402,9.317809026814));
#3872 = CARTESIAN_POINT('',(1.398500834364,9.35102094396));
#3873 = CARTESIAN_POINT('',(1.407040249397,9.36534127351));
#3874 = CARTESIAN_POINT('',(1.41576101632,9.37892225913));
#3875 = CARTESIAN_POINT('',(1.424654869007,9.391725975687));
#3876 = CARTESIAN_POINT('',(1.433713203357,9.403716150762));
#3877 = CARTESIAN_POINT('',(1.442927077295,9.414858164655));
#3878 = CARTESIAN_POINT('',(1.468035710657,9.442383073166));
#3879 = CARTESIAN_POINT('',(1.484211846037,9.457167365029));
#3880 = CARTESIAN_POINT('',(1.500738586817,9.469270071092));
#3881 = CARTESIAN_POINT('',(1.517536288336,9.478537634729));
#3882 = CARTESIAN_POINT('',(1.534523317994,9.484863980484));
#3883 = CARTESIAN_POINT('',(1.551616681872,9.488189697002));
#3884 = CARTESIAN_POINT('',(1.586716147257,9.488828532482));
#3885 = CARTESIAN_POINT('',(1.604691736923,9.485827725027));
#3886 = CARTESIAN_POINT('',(1.622561969668,9.479506352267));
#3887 = CARTESIAN_POINT('',(1.640230192738,9.46992808311));
#3888 = CARTESIAN_POINT('',(1.657601357958,9.457213728127));
#3889 = CARTESIAN_POINT('',(1.674582828381,9.441542266999));
#3890 = CARTESIAN_POINT('',(1.700266407431,9.41292022989));
#3891 = CARTESIAN_POINT('',(1.709304747609,9.401841059841));
#3892 = CARTESIAN_POINT('',(1.718191499874,9.389945874793));
#3893 = CARTESIAN_POINT('',(1.72691827413,9.377267678075));
#3894 = CARTESIAN_POINT('',(1.73547699578,9.363840967372));
#3895 = CARTESIAN_POINT('',(1.743859905727,9.349701734734));
#3896 = CARTESIAN_POINT('',(1.76164203631,9.317574863251));
#3897 = CARTESIAN_POINT('',(1.77097483291,9.299339338365));
#3898 = CARTESIAN_POINT('',(1.780051192862,9.280231390576));
#3899 = CARTESIAN_POINT('',(1.788864751867,9.260300627061));
#3900 = CARTESIAN_POINT('',(1.797409557694,9.239595847171));
#3901 = CARTESIAN_POINT('',(1.805680089234,9.218165126101));
#3902 = CARTESIAN_POINT('',(1.846019374628,9.106558362981));
#3903 = CARTESIAN_POINT('',(1.873818978104,9.005863036072));
#3904 = CARTESIAN_POINT('',(1.896846554038,8.896727372745));
#3905 = CARTESIAN_POINT('',(1.914924777631,8.781410048269));
#3906 = CARTESIAN_POINT('',(1.927915288817,8.661827261418));
#3907 = CARTESIAN_POINT('',(1.935733231245,8.539659913518));
#3908 = CARTESIAN_POINT('',(1.938737745716,8.396586984616));
#3909 = CARTESIAN_POINT('',(1.939019038039,8.376651542714));
#3910 = CARTESIAN_POINT('',(1.939163274317,8.356704054529));
#3911 = CARTESIAN_POINT('',(1.939170391957,8.336752320377));
#3912 = CARTESIAN_POINT('',(1.939040388897,8.316804145732));
#3913 = CARTESIAN_POINT('',(1.938773323613,8.296867341224));
#3914 = CARTESIAN_POINT('',(1.935891540607,8.154795442061));
#3915 = CARTESIAN_POINT('',(1.928267433967,8.03358745749));
#3916 = CARTESIAN_POINT('',(1.915553598858,7.914883756233));
#3917 = CARTESIAN_POINT('',(1.897832186873,7.800323721614));
#3918 = CARTESIAN_POINT('',(1.875237218748,7.691771089446));
#3919 = CARTESIAN_POINT('',(1.847940910274,7.591417341603));
#3920 = CARTESIAN_POINT('',(1.807816780188,7.478438089171));
#3921 = CARTESIAN_POINT('',(1.79916239145,7.455688638856));
#3922 = CARTESIAN_POINT('',(1.790202417411,7.433736687239));
#3923 = CARTESIAN_POINT('',(1.780943231847,7.412638282695));
#3924 = CARTESIAN_POINT('',(1.771391739166,7.392450385114));
#3925 = CARTESIAN_POINT('',(1.76155534957,7.373230973186));
#3926 = CARTESIAN_POINT('',(1.743091820294,7.340019057961));
#3927 = CARTESIAN_POINT('',(1.734552404202,7.325698726902));
#3928 = CARTESIAN_POINT('',(1.725831636269,7.312117739596));
#3929 = CARTESIAN_POINT('',(1.716937783684,7.299314022851));
#3930 = CARTESIAN_POINT('',(1.707879450496,7.287323849178));
#3931 = CARTESIAN_POINT('',(1.698665577616,7.276181836793));
#3932 = CARTESIAN_POINT('',(1.673556942933,7.248656926834));
#3933 = CARTESIAN_POINT('',(1.657380807552,7.233872634971));
#3934 = CARTESIAN_POINT('',(1.640854066773,7.221769928908));
#3935 = CARTESIAN_POINT('',(1.624056365254,7.212502365271));
#3936 = CARTESIAN_POINT('',(1.607069335596,7.206176019516));
#3937 = CARTESIAN_POINT('',(1.589975971718,7.202850302998));
#3938 = CARTESIAN_POINT('',(1.554876506332,7.202211467518));
#3939 = CARTESIAN_POINT('',(1.536900916666,7.205212274973));
#3940 = CARTESIAN_POINT('',(1.519030683921,7.211533647733));
#3941 = CARTESIAN_POINT('',(1.501362460851,7.22111191689));
#3942 = CARTESIAN_POINT('',(1.483991295632,7.233826271873));
#3943 = CARTESIAN_POINT('',(1.467009825209,7.249497733001));
#3944 = CARTESIAN_POINT('',(1.441326244971,7.278119771434));
#3945 = CARTESIAN_POINT('',(1.43228790574,7.28919894012));
#3946 = CARTESIAN_POINT('',(1.423401154518,7.301094123891));
#3947 = CARTESIAN_POINT('',(1.414674380356,7.313772320769));
#3948 = CARTESIAN_POINT('',(1.406115657804,7.327199032986));
#3949 = CARTESIAN_POINT('',(1.397732746909,7.341338266988));
#3950 = CARTESIAN_POINT('',(1.379950617279,7.373465136749));
#3951 = CARTESIAN_POINT('',(1.37061782068,7.391700661635));
#3952 = CARTESIAN_POINT('',(1.361541460728,7.410808609424));
#3953 = CARTESIAN_POINT('',(1.352727901723,7.430739372939));
#3954 = CARTESIAN_POINT('',(1.344183095896,7.451444152829));
#3955 = CARTESIAN_POINT('',(1.335912564355,7.472874873899));
#3956 = CARTESIAN_POINT('',(1.304245249106,7.560488883846));
#3957 = CARTESIAN_POINT('',(1.283015512227,7.631965457761));
#3958 = CARTESIAN_POINT('',(1.264313268037,7.708331521219));
#3959 = CARTESIAN_POINT('',(1.248207413194,7.788658287879));
#3960 = CARTESIAN_POINT('',(1.234755821216,7.872137275318));
#3961 = CARTESIAN_POINT('',(1.224006924022,7.958050294));
#3962 = CARTESIAN_POINT('',(1.212164899884,8.08777234579));
#3963 = CARTESIAN_POINT('',(1.208959190249,8.130201733951));
#3964 = CARTESIAN_POINT('',(1.206389528383,8.172948758709));
#3965 = CARTESIAN_POINT('',(1.204459682681,8.21593286378));
#3966 = CARTESIAN_POINT('',(1.203172209085,8.259074770041));
#3967 = CARTESIAN_POINT('',(1.202528433358,8.302296266288));
#3968 = CARTESIAN_POINT('',(1.202528433358,8.34552));
#3969 = ( GEOMETRIC_REPRESENTATION_CONTEXT(2) 
PARAMETRIC_REPRESENTATION_CONTEXT() REPRESENTATION_CONTEXT('2D SPACE',''
  ) );
#3970 = PCURVE('',#3971,#3976);
#3971 = CYLINDRICAL_SURFACE('',#3972,1.143);
#3972 = AXIS2_PLACEMENT_3D('',#3973,#3974,#3975);
#3973 = CARTESIAN_POINT('',(0.,3.556,7.54552));
#3974 = DIRECTION('',(0.,-1.,1.110223024625E-16));
#3975 = DIRECTION('',(1.,0.,0.));
#3976 = DEFINITIONAL_REPRESENTATION('',(#3977),#4088);
#3977 = B_SPLINE_CURVE_WITH_KNOTS('',7,(#3978,#3979,#3980,#3981,#3982,
    #3983,#3984,#3985,#3986,#3987,#3988,#3989,#3990,#3991,#3992,#3993,
    #3994,#3995,#3996,#3997,#3998,#3999,#4000,#4001,#4002,#4003,#4004,
    #4005,#4006,#4007,#4008,#4009,#4010,#4011,#4012,#4013,#4014,#4015,
    #4016,#4017,#4018,#4019,#4020,#4021,#4022,#4023,#4024,#4025,#4026,
    #4027,#4028,#4029,#4030,#4031,#4032,#4033,#4034,#4035,#4036,#4037,
    #4038,#4039,#4040,#4041,#4042,#4043,#4044,#4045,#4046,#4047,#4048,
    #4049,#4050,#4051,#4052,#4053,#4054,#4055,#4056,#4057,#4058,#4059,
    #4060,#4061,#4062,#4063,#4064,#4065,#4066,#4067,#4068,#4069,#4070,
    #4071,#4072,#4073,#4074,#4075,#4076,#4077,#4078,#4079,#4080,#4081,
    #4082,#4083,#4084,#4085,#4086,#4087),.UNSPECIFIED.,.F.,.F.,(8,6,6,6,
    6,6,6,6,6,6,6,6,6,6,6,6,6,6,8),(0.,0.13984317785,0.173836076877,
    0.201902347969,0.249124074885,0.298739244705,0.326343054609,
    0.358602077163,0.48918569946,0.510302195579,0.639809163531,
    0.673806513488,0.701876455905,0.749104353188,0.798726006119,
    0.826333426528,0.858596672225,0.954185578937,1.),.UNSPECIFIED.);
#3978 = CARTESIAN_POINT('',(0.,0.593876437419));
#3979 = CARTESIAN_POINT('',(0.115632264126,0.593876437419));
#3980 = CARTESIAN_POINT('',(0.231003569676,0.586996335728));
#3981 = CARTESIAN_POINT('',(0.346913024238,0.573292145853));
#3982 = CARTESIAN_POINT('',(0.464054383966,0.553535850874));
#3983 = CARTESIAN_POINT('',(0.583131613312,0.529240431535));
#3984 = CARTESIAN_POINT('',(0.704866089308,0.502564559207));
#3985 = CARTESIAN_POINT('',(0.860634395705,0.469659678276));
#3986 = CARTESIAN_POINT('',(0.89131577471,0.463235215882));
#3987 = CARTESIAN_POINT('',(0.922224265906,0.456859511308));
#3988 = CARTESIAN_POINT('',(0.953366291674,0.450572874171));
#3989 = CARTESIAN_POINT('',(0.9847492258,0.444416682463));
#3990 = CARTESIAN_POINT('',(1.016381479703,0.438432953228));
#3991 = CARTESIAN_POINT('',(1.074603514698,0.427900699588));
#3992 = CARTESIAN_POINT('',(1.101112208915,0.423283438854));
#3993 = CARTESIAN_POINT('',(1.127793249628,0.418838278293));
#3994 = CARTESIAN_POINT('',(1.154642114778,0.414590446226));
#3995 = CARTESIAN_POINT('',(1.181655181946,0.410564252034));
#3996 = CARTESIAN_POINT('',(1.208829728347,0.406783086153));
#3997 = CARTESIAN_POINT('',(1.282153946437,0.397357648636));
#3998 = CARTESIAN_POINT('',(1.328635212995,0.392197400905));
#3999 = CARTESIAN_POINT('',(1.375500545065,0.387909899337));
#4000 = CARTESIAN_POINT('',(1.422657561228,0.384592645383));
#4001 = CARTESIAN_POINT('',(1.470023298722,0.382315857213));
#4002 = CARTESIAN_POINT('',(1.517518828066,0.381118907427));
#4003 = CARTESIAN_POINT('',(1.615018737387,0.380888929943));
#4004 = CARTESIAN_POINT('',(1.664937281663,0.381968818966));
#4005 = CARTESIAN_POINT('',(1.714725486316,0.384246315475));
#4006 = CARTESIAN_POINT('',(1.764291649836,0.387678966553));
#4007 = CARTESIAN_POINT('',(1.813539462994,0.392186468918));
#4008 = CARTESIAN_POINT('',(1.862361088445,0.39765515911));
#4009 = CARTESIAN_POINT('',(1.93748518201,0.407440519808));
#4010 = CARTESIAN_POINT('',(1.964184817204,0.411194221443));
#4011 = CARTESIAN_POINT('',(1.990727557007,0.415182116455));
#4012 = CARTESIAN_POINT('',(2.017110978111,0.419381884877));
#4013 = CARTESIAN_POINT('',(2.043331822794,0.423770378906));
#4014 = CARTESIAN_POINT('',(2.069385998914,0.4283236229));
#4015 = CARTESIAN_POINT('',(2.125516098912,0.438501481553));
#4016 = CARTESIAN_POINT('',(2.15553103237,0.444177802924));
#4017 = CARTESIAN_POINT('',(2.185321404829,0.450009696325));
#4018 = CARTESIAN_POINT('',(2.214894329508,0.455961253731));
#4019 = CARTESIAN_POINT('',(2.244256072644,0.461997072912));
#4020 = CARTESIAN_POINT('',(2.273412117813,0.468082590093));
#4021 = CARTESIAN_POINT('',(2.419576716769,0.498884419685));
#4022 = CARTESIAN_POINT('',(2.533598252782,0.523873638137));
#4023 = CARTESIAN_POINT('',(2.645197112826,0.547034516725));
#4024 = CARTESIAN_POINT('',(2.754986185944,0.566575289681));
#4025 = CARTESIAN_POINT('',(2.863557348962,0.58118010679));
#4026 = CARTESIAN_POINT('',(2.971493094686,0.590075644345));
#4027 = CARTESIAN_POINT('',(3.096908336322,0.593503175798));
#4028 = CARTESIAN_POINT('',(3.114361279982,0.593824677138));
#4029 = CARTESIAN_POINT('',(3.131811362431,0.593989717175));
#4030 = CARTESIAN_POINT('',(3.149260442903,0.593997861721));
#4031 = CARTESIAN_POINT('',(3.166710375673,0.593849096295));
#4032 = CARTESIAN_POINT('',(3.184163010063,0.593543826122));
#4033 = CARTESIAN_POINT('',(3.308684662058,0.590255880788));
#4034 = CARTESIAN_POINT('',(3.415723391116,0.581578443458));
#4035 = CARTESIAN_POINT('',(3.523375163548,0.567273885114));
#4036 = CARTESIAN_POINT('',(3.632207391665,0.548086394101));
#4037 = CARTESIAN_POINT('',(3.742795689838,0.525286053161));
#4038 = CARTESIAN_POINT('',(3.855735844617,0.500604841377));
#4039 = CARTESIAN_POINT('',(4.002227049295,0.469659678276));
#4040 = CARTESIAN_POINT('',(4.0329084283,0.463235215882));
#4041 = CARTESIAN_POINT('',(4.063816919496,0.456859511308));
#4042 = CARTESIAN_POINT('',(4.094958945264,0.450572874171));
#4043 = CARTESIAN_POINT('',(4.12634187939,0.444416682463));
#4044 = CARTESIAN_POINT('',(4.157974133293,0.438432953228));
#4045 = CARTESIAN_POINT('',(4.216196164921,0.427900700197));
#4046 = CARTESIAN_POINT('',(4.242704862344,0.423283438968));
#4047 = CARTESIAN_POINT('',(4.269385906195,0.418838277867));
#4048 = CARTESIAN_POINT('',(4.296234771148,0.414590445756));
#4049 = CARTESIAN_POINT('',(4.323247834882,0.410564252036));
#4050 = CARTESIAN_POINT('',(4.350422378078,0.406783086649));
#4051 = CARTESIAN_POINT('',(4.423746600027,0.397357648636));
#4052 = CARTESIAN_POINT('',(4.470227866585,0.392197400905));
#4053 = CARTESIAN_POINT('',(4.517093198655,0.387909899337));
#4054 = CARTESIAN_POINT('',(4.564250214818,0.384592645383));
#4055 = CARTESIAN_POINT('',(4.611615952312,0.382315857213));
#4056 = CARTESIAN_POINT('',(4.659111481656,0.381118907427));
#4057 = CARTESIAN_POINT('',(4.756611390977,0.380888929943));
#4058 = CARTESIAN_POINT('',(4.806529935253,0.381968818966));
#4059 = CARTESIAN_POINT('',(4.856318139906,0.384246315475));
#4060 = CARTESIAN_POINT('',(4.905884303426,0.387678966553));
#4061 = CARTESIAN_POINT('',(4.955132116584,0.392186468918));
#4062 = CARTESIAN_POINT('',(5.003953742035,0.39765515911));
#4063 = CARTESIAN_POINT('',(5.079077839074,0.407440520261));
#4064 = CARTESIAN_POINT('',(5.105777471395,0.411194221449));
#4065 = CARTESIAN_POINT('',(5.132320208111,0.415182116032));
#4066 = CARTESIAN_POINT('',(5.158703629029,0.419381884491));
#4067 = CARTESIAN_POINT('',(5.184924476518,0.423770379005));
#4068 = CARTESIAN_POINT('',(5.210978655512,0.428323623446));
#4069 = CARTESIAN_POINT('',(5.267108752502,0.438501481553));
#4070 = CARTESIAN_POINT('',(5.29712368596,0.444177802924));
#4071 = CARTESIAN_POINT('',(5.326914058418,0.450009696325));
#4072 = CARTESIAN_POINT('',(5.356486983098,0.455961253731));
#4073 = CARTESIAN_POINT('',(5.385848726233,0.461997072912));
#4074 = CARTESIAN_POINT('',(5.415004771403,0.468082590093));
#4075 = CARTESIAN_POINT('',(5.529747518785,0.492262771731));
#4076 = CARTESIAN_POINT('',(5.613792278341,0.510488671129));
#4077 = CARTESIAN_POINT('',(5.696406058541,0.528033561032));
#4078 = CARTESIAN_POINT('',(5.777860385785,0.544166811918));
#4079 = CARTESIAN_POINT('',(5.858409056415,0.55828276584));
#4080 = CARTESIAN_POINT('',(5.938304663754,0.569916144985));
#4081 = CARTESIAN_POINT('',(6.055914330907,0.582977755529));
#4082 = CARTESIAN_POINT('',(6.093921599491,0.586564761465));
#4083 = CARTESIAN_POINT('',(6.131851066077,0.589470928493));
#4084 = CARTESIAN_POINT('',(6.16972240902,0.591669007908));
#4085 = CARTESIAN_POINT('',(6.207555183416,0.593140615408));
#4086 = CARTESIAN_POINT('',(6.245369267187,0.593876437419));
#4087 = CARTESIAN_POINT('',(6.28318530718,0.593876437419));
#4088 = ( GEOMETRIC_REPRESENTATION_CONTEXT(2) 
PARAMETRIC_REPRESENTATION_CONTEXT() REPRESENTATION_CONTEXT('2D SPACE',''
  ) );
#4089 = FACE_BOUND('',#4090,.F.);
#4090 = EDGE_LOOP('',(#4091));
#4091 = ORIENTED_EDGE('',*,*,#4092,.F.);
#4092 = EDGE_CURVE('',#4093,#4093,#4095,.T.);
#4093 = VERTEX_POINT('',#4094);
#4094 = CARTESIAN_POINT('',(1.143,-2.962123562581,7.54552));
#4095 = SURFACE_CURVE('',#4096,(#4207,#4321),.PCURVE_S1.);
#4096 = B_SPLINE_CURVE_WITH_KNOTS('',7,(#4097,#4098,#4099,#4100,#4101,
    #4102,#4103,#4104,#4105,#4106,#4107,#4108,#4109,#4110,#4111,#4112,
    #4113,#4114,#4115,#4116,#4117,#4118,#4119,#4120,#4121,#4122,#4123,
    #4124,#4125,#4126,#4127,#4128,#4129,#4130,#4131,#4132,#4133,#4134,
    #4135,#4136,#4137,#4138,#4139,#4140,#4141,#4142,#4143,#4144,#4145,
    #4146,#4147,#4148,#4149,#4150,#4151,#4152,#4153,#4154,#4155,#4156,
    #4157,#4158,#4159,#4160,#4161,#4162,#4163,#4164,#4165,#4166,#4167,
    #4168,#4169,#4170,#4171,#4172,#4173,#4174,#4175,#4176,#4177,#4178,
    #4179,#4180,#4181,#4182,#4183,#4184,#4185,#4186,#4187,#4188,#4189,
    #4190,#4191,#4192,#4193,#4194,#4195,#4196,#4197,#4198,#4199,#4200,
    #4201,#4202,#4203,#4204,#4205,#4206),.UNSPECIFIED.,.T.,.F.,(8,6,6,6,
    6,6,6,6,6,6,6,6,6,6,6,6,6,6,8),(0.,0.139843173007,0.173836070858,
    0.201902340978,0.249124066259,0.29873923436,0.326343043309,
    0.358602064745,0.489185682521,0.510302177908,0.639809140851,
    0.673806489401,0.701876434247,0.749104342282,0.798726006511,
    0.826333429635,0.858596674754,0.954185579757,1.),.UNSPECIFIED.);
#4097 = CARTESIAN_POINT('',(1.143,-2.962123562581,7.54552));
#4098 = CARTESIAN_POINT('',(1.143,-2.962123562581,7.677687677896));
#4099 = CARTESIAN_POINT('',(1.125170125604,-2.969003664272,7.80955720509
    ));
#4100 = CARTESIAN_POINT('',(1.089654336771,-2.982707854147,
    7.939154740957));
#4101 = CARTESIAN_POINT('',(1.03644538781,-3.002464149126,8.064447638051
    ));
#4102 = CARTESIAN_POINT('',(0.965510309464,-3.026759568465,
    8.183128140141));
#4103 = CARTESIAN_POINT('',(0.876944747006,-3.053435440793,
    8.292467826002));
#4104 = CARTESIAN_POINT('',(0.745540129332,-3.086340321724,
    8.412601910829));
#4105 = CARTESIAN_POINT('',(0.718822799863,-3.092764784118,
    8.435351361144));
#4106 = CARTESIAN_POINT('',(0.691096165666,-3.099140488692,
    8.457303312761));
#4107 = CARTESIAN_POINT('',(0.662375156898,-3.105427125829,
    8.478401717305));
#4108 = CARTESIAN_POINT('',(0.632677343189,-3.111583317537,
    8.498589614886));
#4109 = CARTESIAN_POINT('',(0.602023058468,-3.117567046771,
    8.517809026814));
#4110 = CARTESIAN_POINT('',(0.544355247855,-3.128099300412,8.55102094396
    ));
#4111 = CARTESIAN_POINT('',(0.517637391968,-3.132716561146,8.56534127351
    ));
#4112 = CARTESIAN_POINT('',(0.490305876621,-3.137161721707,8.57892225913
    ));
#4113 = CARTESIAN_POINT('',(0.462386469759,-3.141409553774,
    8.591725975687));
#4114 = CARTESIAN_POINT('',(0.433906788796,-3.145435747966,
    8.603716150762));
#4115 = CARTESIAN_POINT('',(0.404896300614,-3.149216913847,
    8.614858164655));
#4116 = CARTESIAN_POINT('',(0.325735544395,-3.158642351364,
    8.642383073166));
#4117 = CARTESIAN_POINT('',(0.274628017298,-3.163802599095,
    8.657167365029));
#4118 = CARTESIAN_POINT('',(0.222315741917,-3.168090100663,
    8.669270071092));
#4119 = CARTESIAN_POINT('',(0.16906751188,-3.171407354617,8.678537634729
    ));
#4120 = CARTESIAN_POINT('',(0.115164401129,-3.173684142787,
    8.684863980484));
#4121 = CARTESIAN_POINT('',(6.0895252263E-02,-3.174881092573,
    8.688189697002));
#4122 = CARTESIAN_POINT('',(-5.05453130364E-02,-3.175111070057,
    8.688828532482));
#4123 = CARTESIAN_POINT('',(-0.107620257553,-3.174031181034,
    8.685827725027));
#4124 = CARTESIAN_POINT('',(-0.164332746074,-3.171753684525,
    8.679506352267));
#4125 = CARTESIAN_POINT('',(-0.220346137412,-3.168321033447,
    8.66992808311));
#4126 = CARTESIAN_POINT('',(-0.27533289245,-3.163813531082,
    8.657213728127));
#4127 = CARTESIAN_POINT('',(-0.328980394806,-3.15834484089,
    8.641542266999));
#4128 = CARTESIAN_POINT('',(-0.409936512686,-3.148559480192,
    8.61292022989));
#4129 = CARTESIAN_POINT('',(-0.438388406977,-3.144805778557,
    8.601841059841));
#4130 = CARTESIAN_POINT('',(-0.466323136298,-3.140817883545,
    8.589945874793));
#4131 = CARTESIAN_POINT('',(-0.493713107322,-3.136618115123,
    8.577267678075));
#4132 = CARTESIAN_POINT('',(-0.520532451466,-3.132229621094,
    8.563840967372));
#4133 = CARTESIAN_POINT('',(-0.546757024887,-3.1276763771,8.549701734734
    ));
#4134 = CARTESIAN_POINT('',(-0.602290319719,-3.117498518447,
    8.517574863251));
#4135 = CARTESIAN_POINT('',(-0.631375172634,-3.111822197076,
    8.499339338365));
#4136 = CARTESIAN_POINT('',(-0.659599118913,-3.105990303675,
    8.480231390576));
#4137 = CARTESIAN_POINT('',(-0.686944658303,-3.100038746269,
    8.460300627061));
#4138 = CARTESIAN_POINT('',(-0.713396542927,-3.094002927088,
    8.439595847171));
#4139 = CARTESIAN_POINT('',(-0.738941681611,-3.087917409907,
    8.418165126101));
#4140 = CARTESIAN_POINT('',(-0.863259920121,-3.057115580315,
    8.306558362981));
#4141 = CARTESIAN_POINT('',(-0.948001047225,-3.032126361863,
    8.205863036072));
#4142 = CARTESIAN_POINT('',(-1.017404729772,-3.008965483275,
    8.096727372745));
#4143 = CARTESIAN_POINT('',(-1.071384101214,-2.989424710319,
    7.98141004827));
#4144 = CARTESIAN_POINT('',(-1.109957468174,-2.97481989321,
    7.861827261417));
#4145 = CARTESIAN_POINT('',(-1.133130682996,-2.965924355655,
    7.739659913518));
#4146 = CARTESIAN_POINT('',(-1.142032981055,-2.962496824202,
    7.596586984616));
#4147 = CARTESIAN_POINT('',(-1.142866209846,-2.962175322862,
    7.576651542714));
#4148 = CARTESIAN_POINT('',(-1.143293387004,-2.962010282825,
    7.556704054529));
#4149 = CARTESIAN_POINT('',(-1.14331446684,-2.962002138279,
    7.536752320377));
#4150 = CARTESIAN_POINT('',(-1.14292944792,-2.962150903705,
    7.516804145732));
#4151 = CARTESIAN_POINT('',(-1.142138373069,-2.962456173878,
    7.496867341224));
#4152 = CARTESIAN_POINT('',(-1.133599888885,-2.9657441192,7.354795442557
    ));
#4153 = CARTESIAN_POINT('',(-1.111002165586,-2.974421556538,
    7.233587456391));
#4154 = CARTESIAN_POINT('',(-1.073254493627,-2.988726115011,
    7.114883756943));
#4155 = CARTESIAN_POINT('',(-1.020352736948,-3.007913605645,
    7.000323721944));
#4156 = CARTESIAN_POINT('',(-0.952279964397,-3.030713947046,
    6.891771088818));
#4157 = CARTESIAN_POINT('',(-0.869118675118,-3.055395158557,
    6.791417341842));
#4158 = CARTESIAN_POINT('',(-0.745540129332,-3.086340321724,
    6.678438089171));
#4159 = CARTESIAN_POINT('',(-0.718822799863,-3.092764784118,
    6.655688638856));
#4160 = CARTESIAN_POINT('',(-0.691096165666,-3.099140488692,
    6.633736687239));
#4161 = CARTESIAN_POINT('',(-0.662375156898,-3.105427125829,
    6.612638282695));
#4162 = CARTESIAN_POINT('',(-0.632677343189,-3.111583317537,
    6.592450385114));
#4163 = CARTESIAN_POINT('',(-0.602023058468,-3.117567046772,
    6.573230973186));
#4164 = CARTESIAN_POINT('',(-0.544355247855,-3.128099300412,
    6.54001905604));
#4165 = CARTESIAN_POINT('',(-0.517637391968,-3.132716561146,
    6.52569872649));
#4166 = CARTESIAN_POINT('',(-0.490305876621,-3.137161721708,
    6.512117740869));
#4167 = CARTESIAN_POINT('',(-0.462386469759,-3.141409553774,
    6.499314024313));
#4168 = CARTESIAN_POINT('',(-0.433906788796,-3.145435747966,
    6.487323849238));
#4169 = CARTESIAN_POINT('',(-0.404896300614,-3.149216913847,
    6.476181835345));
#4170 = CARTESIAN_POINT('',(-0.325735544394,-3.158642351364,
    6.448656926834));
#4171 = CARTESIAN_POINT('',(-0.274628017297,-3.163802599095,
    6.433872634971));
#4172 = CARTESIAN_POINT('',(-0.222315741917,-3.168090100663,
    6.421769928908));
#4173 = CARTESIAN_POINT('',(-0.16906751188,-3.171407354617,
    6.412502365271));
#4174 = CARTESIAN_POINT('',(-0.115164401129,-3.173684142787,
    6.406176019516));
#4175 = CARTESIAN_POINT('',(-6.089525226289E-02,-3.174881092573,
    6.402850302998));
#4176 = CARTESIAN_POINT('',(5.05453130365E-02,-3.175111070057,
    6.402211467518));
#4177 = CARTESIAN_POINT('',(0.107620257553,-3.174031181034,
    6.405212274973));
#4178 = CARTESIAN_POINT('',(0.164332746075,-3.171753684525,
    6.411533647733));
#4179 = CARTESIAN_POINT('',(0.220346137412,-3.168321033447,6.42111191689
    ));
#4180 = CARTESIAN_POINT('',(0.275332892451,-3.163813531082,
    6.433826271873));
#4181 = CARTESIAN_POINT('',(0.328980394806,-3.15834484089,6.449497733001
    ));
#4182 = CARTESIAN_POINT('',(0.409936512686,-3.148559480192,6.47811977011
    ));
#4183 = CARTESIAN_POINT('',(0.438388406977,-3.144805778557,
    6.489198940159));
#4184 = CARTESIAN_POINT('',(0.466323136298,-3.140817883545,
    6.501094125207));
#4185 = CARTESIAN_POINT('',(0.493713107322,-3.136618115123,
    6.513772321925));
#4186 = CARTESIAN_POINT('',(0.520532451466,-3.132229621094,
    6.527199032628));
#4187 = CARTESIAN_POINT('',(0.546757024887,-3.1276763771,6.541338265266)
  );
#4188 = CARTESIAN_POINT('',(0.602290319719,-3.117498518447,
    6.573465136749));
#4189 = CARTESIAN_POINT('',(0.631375172634,-3.111822197076,
    6.591700661635));
#4190 = CARTESIAN_POINT('',(0.659599118913,-3.105990303675,
    6.610808609424));
#4191 = CARTESIAN_POINT('',(0.686944658303,-3.100038746269,
    6.630739372939));
#4192 = CARTESIAN_POINT('',(0.713396542927,-3.094002927088,
    6.651444152829));
#4193 = CARTESIAN_POINT('',(0.738941681611,-3.087917409907,
    6.672874873899));
#4194 = CARTESIAN_POINT('',(0.836534507359,-3.063737228269,
    6.760488883846));
#4195 = CARTESIAN_POINT('',(0.901461349222,-3.045511328871,
    6.831965457762));
#4196 = CARTESIAN_POINT('',(0.958218182934,-3.027966438968,
    6.908331521219));
#4197 = CARTESIAN_POINT('',(1.00675688587,-3.011833188082,6.988658287879
    ));
#4198 = CARTESIAN_POINT('',(1.047069676799,-2.99771723416,7.072137275318
    ));
#4199 = CARTESIAN_POINT('',(1.079154397952,-2.986083855015,7.158050294)
  );
#4200 = CARTESIAN_POINT('',(1.114411113846,-2.973022244471,7.28777234579
    ));
#4201 = CARTESIAN_POINT('',(1.123936363854,-2.969435238535,
    7.330201733951));
#4202 = CARTESIAN_POINT('',(1.131559990902,-2.966529071507,
    7.372948758709));
#4203 = CARTESIAN_POINT('',(1.137279417656,-2.964330992092,7.41593286378
    ));
#4204 = CARTESIAN_POINT('',(1.141093037258,-2.962859384592,
    7.459074770041));
#4205 = CARTESIAN_POINT('',(1.143,-2.962123562581,7.502296266288));
#4206 = CARTESIAN_POINT('',(1.143,-2.962123562581,7.54552));
#4207 = PCURVE('',#525,#4208);
#4208 = DEFINITIONAL_REPRESENTATION('',(#4209),#4320);
#4209 = B_SPLINE_CURVE_WITH_KNOTS('',7,(#4210,#4211,#4212,#4213,#4214,
    #4215,#4216,#4217,#4218,#4219,#4220,#4221,#4222,#4223,#4224,#4225,
    #4226,#4227,#4228,#4229,#4230,#4231,#4232,#4233,#4234,#4235,#4236,
    #4237,#4238,#4239,#4240,#4241,#4242,#4243,#4244,#4245,#4246,#4247,
    #4248,#4249,#4250,#4251,#4252,#4253,#4254,#4255,#4256,#4257,#4258,
    #4259,#4260,#4261,#4262,#4263,#4264,#4265,#4266,#4267,#4268,#4269,
    #4270,#4271,#4272,#4273,#4274,#4275,#4276,#4277,#4278,#4279,#4280,
    #4281,#4282,#4283,#4284,#4285,#4286,#4287,#4288,#4289,#4290,#4291,
    #4292,#4293,#4294,#4295,#4296,#4297,#4298,#4299,#4300,#4301,#4302,
    #4303,#4304,#4305,#4306,#4307,#4308,#4309,#4310,#4311,#4312,#4313,
    #4314,#4315,#4316,#4317,#4318,#4319),.UNSPECIFIED.,.F.,.F.,(8,6,6,6,
    6,6,6,6,6,6,6,6,6,6,6,6,6,6,8),(0.,0.139843173007,0.173836070858,
    0.201902340978,0.249124066259,0.29873923436,0.326343043309,
    0.358602064745,0.489185682521,0.510302177908,0.639809140851,
    0.673806489401,0.701876434247,0.749104342282,0.798726006511,
    0.826333429635,0.858596674754,0.954185579757,1.),.UNSPECIFIED.);
#4210 = CARTESIAN_POINT('',(5.080656873821,8.34552));
#4211 = CARTESIAN_POINT('',(5.080656873821,8.477687677896));
#4212 = CARTESIAN_POINT('',(5.074637554047,8.60955720509));
#4213 = CARTESIAN_POINT('',(5.062647760958,8.739154740957));
#4214 = CARTESIAN_POINT('',(5.044772165533,8.864447638051));
#4215 = CARTESIAN_POINT('',(5.021174627435,8.983128140141));
#4216 = CARTESIAN_POINT('',(4.992074574002,9.092467826002));
#4217 = CARTESIAN_POINT('',(4.949409433777,9.212601910829));
#4218 = CARTESIAN_POINT('',(4.94075504504,9.235351361144));
#4219 = CARTESIAN_POINT('',(4.931795071001,9.257303312761));
#4220 = CARTESIAN_POINT('',(4.922535885437,9.278401717305));
#4221 = CARTESIAN_POINT('',(4.912984392756,9.298589614886));
#4222 = CARTESIAN_POINT('',(4.90314800316,9.317809026814));
#4223 = CARTESIAN_POINT('',(4.884684472816,9.35102094396));
#4224 = CARTESIAN_POINT('',(4.876145057783,9.36534127351));
#4225 = CARTESIAN_POINT('',(4.867424290859,9.37892225913));
#4226 = CARTESIAN_POINT('',(4.858530438173,9.391725975687));
#4227 = CARTESIAN_POINT('',(4.849472103823,9.403716150762));
#4228 = CARTESIAN_POINT('',(4.840258229884,9.414858164655));
#4229 = CARTESIAN_POINT('',(4.815149596523,9.442383073166));
#4230 = CARTESIAN_POINT('',(4.798973461142,9.457167365029));
#4231 = CARTESIAN_POINT('',(4.782446720362,9.469270071092));
#4232 = CARTESIAN_POINT('',(4.765649018844,9.478537634729));
#4233 = CARTESIAN_POINT('',(4.748661989186,9.484863980484));
#4234 = CARTESIAN_POINT('',(4.731568625308,9.488189697002));
#4235 = CARTESIAN_POINT('',(4.696469159922,9.488828532482));
#4236 = CARTESIAN_POINT('',(4.678493570256,9.485827725027));
#4237 = CARTESIAN_POINT('',(4.660623337511,9.479506352267));
#4238 = CARTESIAN_POINT('',(4.642955114441,9.46992808311));
#4239 = CARTESIAN_POINT('',(4.625583949221,9.457213728127));
#4240 = CARTESIAN_POINT('',(4.608602478799,9.441542266999));
#4241 = CARTESIAN_POINT('',(4.582918899748,9.41292022989));
#4242 = CARTESIAN_POINT('',(4.57388055957,9.401841059841));
#4243 = CARTESIAN_POINT('',(4.564993807305,9.389945874793));
#4244 = CARTESIAN_POINT('',(4.55626703305,9.377267678075));
#4245 = CARTESIAN_POINT('',(4.547708311399,9.363840967372));
#4246 = CARTESIAN_POINT('',(4.539325401452,9.349701734734));
#4247 = CARTESIAN_POINT('',(4.521543270869,9.317574863251));
#4248 = CARTESIAN_POINT('',(4.51221047427,9.299339338365));
#4249 = CARTESIAN_POINT('',(4.503134114318,9.280231390576));
#4250 = CARTESIAN_POINT('',(4.494320555313,9.260300627061));
#4251 = CARTESIAN_POINT('',(4.485775749486,9.239595847171));
#4252 = CARTESIAN_POINT('',(4.477505217945,9.218165126101));
#4253 = CARTESIAN_POINT('',(4.437165932552,9.106558362981));
#4254 = CARTESIAN_POINT('',(4.409366329076,9.005863036072));
#4255 = CARTESIAN_POINT('',(4.386338753141,8.896727372745));
#4256 = CARTESIAN_POINT('',(4.368260529548,8.78141004827));
#4257 = CARTESIAN_POINT('',(4.355270018363,8.661827261417));
#4258 = CARTESIAN_POINT('',(4.347452075934,8.539659913518));
#4259 = CARTESIAN_POINT('',(4.344447561463,8.396586984616));
#4260 = CARTESIAN_POINT('',(4.344166269141,8.376651542714));
#4261 = CARTESIAN_POINT('',(4.344022032862,8.356704054529));
#4262 = CARTESIAN_POINT('',(4.344014915223,8.336752320377));
#4263 = CARTESIAN_POINT('',(4.344144918283,8.316804145732));
#4264 = CARTESIAN_POINT('',(4.344411983567,8.296867341224));
#4265 = CARTESIAN_POINT('',(4.347293766562,8.154795442557));
#4266 = CARTESIAN_POINT('',(4.354917873194,8.033587456391));
#4267 = CARTESIAN_POINT('',(4.367631708486,7.914883756943));
#4268 = CARTESIAN_POINT('',(4.385353119994,7.800323721944));
#4269 = CARTESIAN_POINT('',(4.407948088688,7.691771088818));
#4270 = CARTESIAN_POINT('',(4.435244396821,7.591417341842));
#4271 = CARTESIAN_POINT('',(4.475368526992,7.478438089171));
#4272 = CARTESIAN_POINT('',(4.484022915729,7.455688638856));
#4273 = CARTESIAN_POINT('',(4.492982889768,7.433736687239));
#4274 = CARTESIAN_POINT('',(4.502242075332,7.412638282695));
#4275 = CARTESIAN_POINT('',(4.511793568013,7.392450385114));
#4276 = CARTESIAN_POINT('',(4.52162995761,7.373230973186));
#4277 = CARTESIAN_POINT('',(4.540093487954,7.34001905604));
#4278 = CARTESIAN_POINT('',(4.548632902987,7.32569872649));
#4279 = CARTESIAN_POINT('',(4.55735366991,7.312117740869));
#4280 = CARTESIAN_POINT('',(4.566247522597,7.299314024313));
#4281 = CARTESIAN_POINT('',(4.575305856947,7.287323849238));
#4282 = CARTESIAN_POINT('',(4.584519730885,7.276181835345));
#4283 = CARTESIAN_POINT('',(4.609628364247,7.248656926834));
#4284 = CARTESIAN_POINT('',(4.625804499627,7.233872634971));
#4285 = CARTESIAN_POINT('',(4.642331240407,7.221769928908));
#4286 = CARTESIAN_POINT('',(4.659128941926,7.212502365271));
#4287 = CARTESIAN_POINT('',(4.676115971584,7.206176019516));
#4288 = CARTESIAN_POINT('',(4.693209335462,7.202850302998));
#4289 = CARTESIAN_POINT('',(4.728308800847,7.202211467518));
#4290 = CARTESIAN_POINT('',(4.746284390513,7.205212274973));
#4291 = CARTESIAN_POINT('',(4.764154623258,7.211533647733));
#4292 = CARTESIAN_POINT('',(4.781822846328,7.22111191689));
#4293 = CARTESIAN_POINT('',(4.799194011548,7.233826271873));
#4294 = CARTESIAN_POINT('',(4.81617548197,7.249497733001));
#4295 = CARTESIAN_POINT('',(4.841859061021,7.27811977011));
#4296 = CARTESIAN_POINT('',(4.850897401199,7.289198940159));
#4297 = CARTESIAN_POINT('',(4.859784153464,7.301094125207));
#4298 = CARTESIAN_POINT('',(4.86851092772,7.313772321925));
#4299 = CARTESIAN_POINT('',(4.87706964937,7.327199032628));
#4300 = CARTESIAN_POINT('',(4.885452559317,7.341338265266));
#4301 = CARTESIAN_POINT('',(4.9032346899,7.373465136749));
#4302 = CARTESIAN_POINT('',(4.9125674865,7.391700661635));
#4303 = CARTESIAN_POINT('',(4.921643846452,7.410808609424));
#4304 = CARTESIAN_POINT('',(4.930457405457,7.430739372939));
#4305 = CARTESIAN_POINT('',(4.939002211283,7.451444152829));
#4306 = CARTESIAN_POINT('',(4.947272742824,7.472874873899));
#4307 = CARTESIAN_POINT('',(4.978940058074,7.560488883846));
#4308 = CARTESIAN_POINT('',(5.000169794952,7.631965457762));
#4309 = CARTESIAN_POINT('',(5.018872039143,7.708331521219));
#4310 = CARTESIAN_POINT('',(5.034977893986,7.788658287879));
#4311 = CARTESIAN_POINT('',(5.048429485964,7.872137275318));
#4312 = CARTESIAN_POINT('',(5.059178383157,7.958050294));
#4313 = CARTESIAN_POINT('',(5.071020407295,8.08777234579));
#4314 = CARTESIAN_POINT('',(5.074226116931,8.130201733951));
#4315 = CARTESIAN_POINT('',(5.076795778797,8.172948758709));
#4316 = CARTESIAN_POINT('',(5.078725624499,8.21593286378));
#4317 = CARTESIAN_POINT('',(5.080013098095,8.259074770041));
#4318 = CARTESIAN_POINT('',(5.080656873821,8.302296266288));
#4319 = CARTESIAN_POINT('',(5.080656873821,8.34552));
#4320 = ( GEOMETRIC_REPRESENTATION_CONTEXT(2) 
PARAMETRIC_REPRESENTATION_CONTEXT() REPRESENTATION_CONTEXT('2D SPACE',''
  ) );
#4321 = PCURVE('',#1992,#4322);
#4322 = DEFINITIONAL_REPRESENTATION('',(#4323),#4434);
#4323 = B_SPLINE_CURVE_WITH_KNOTS('',7,(#4324,#4325,#4326,#4327,#4328,
    #4329,#4330,#4331,#4332,#4333,#4334,#4335,#4336,#4337,#4338,#4339,
    #4340,#4341,#4342,#4343,#4344,#4345,#4346,#4347,#4348,#4349,#4350,
    #4351,#4352,#4353,#4354,#4355,#4356,#4357,#4358,#4359,#4360,#4361,
    #4362,#4363,#4364,#4365,#4366,#4367,#4368,#4369,#4370,#4371,#4372,
    #4373,#4374,#4375,#4376,#4377,#4378,#4379,#4380,#4381,#4382,#4383,
    #4384,#4385,#4386,#4387,#4388,#4389,#4390,#4391,#4392,#4393,#4394,
    #4395,#4396,#4397,#4398,#4399,#4400,#4401,#4402,#4403,#4404,#4405,
    #4406,#4407,#4408,#4409,#4410,#4411,#4412,#4413,#4414,#4415,#4416,
    #4417,#4418,#4419,#4420,#4421,#4422,#4423,#4424,#4425,#4426,#4427,
    #4428,#4429,#4430,#4431,#4432,#4433),.UNSPECIFIED.,.F.,.F.,(8,6,6,6,
    6,6,6,6,6,6,6,6,6,6,6,6,6,6,8),(0.,0.139843173007,0.173836070858,
    0.201902340978,0.249124066259,0.29873923436,0.326343043309,
    0.358602064745,0.489185682521,0.510302177908,0.639809140851,
    0.673806489401,0.701876434247,0.749104342282,0.798726006511,
    0.826333429635,0.858596674754,0.954185579757,1.),.UNSPECIFIED.);
#4324 = CARTESIAN_POINT('',(0.,6.518123562581));
#4325 = CARTESIAN_POINT('',(0.115632264126,6.518123562581));
#4326 = CARTESIAN_POINT('',(0.231003569676,6.525003664272));
#4327 = CARTESIAN_POINT('',(0.346913024238,6.538707854147));
#4328 = CARTESIAN_POINT('',(0.464054383967,6.558464149126));
#4329 = CARTESIAN_POINT('',(0.583131613312,6.582759568465));
#4330 = CARTESIAN_POINT('',(0.704866089308,6.609435440793));
#4331 = CARTESIAN_POINT('',(0.860634395705,6.642340321724));
#4332 = CARTESIAN_POINT('',(0.89131577471,6.648764784118));
#4333 = CARTESIAN_POINT('',(0.922224265906,6.655140488692));
#4334 = CARTESIAN_POINT('',(0.953366291674,6.661427125829));
#4335 = CARTESIAN_POINT('',(0.9847492258,6.667583317537));
#4336 = CARTESIAN_POINT('',(1.016381479703,6.673567046771));
#4337 = CARTESIAN_POINT('',(1.074603514698,6.684099300412));
#4338 = CARTESIAN_POINT('',(1.101112208915,6.688716561146));
#4339 = CARTESIAN_POINT('',(1.127793249628,6.693161721707));
#4340 = CARTESIAN_POINT('',(1.154642114778,6.697409553774));
#4341 = CARTESIAN_POINT('',(1.181655181946,6.701435747966));
#4342 = CARTESIAN_POINT('',(1.208829728347,6.705216913847));
#4343 = CARTESIAN_POINT('',(1.282153946437,6.714642351364));
#4344 = CARTESIAN_POINT('',(1.328635212995,6.719802599095));
#4345 = CARTESIAN_POINT('',(1.375500545065,6.724090100663));
#4346 = CARTESIAN_POINT('',(1.422657561228,6.727407354617));
#4347 = CARTESIAN_POINT('',(1.470023298722,6.729684142787));
#4348 = CARTESIAN_POINT('',(1.517518828066,6.730881092573));
#4349 = CARTESIAN_POINT('',(1.615018737387,6.731111070057));
#4350 = CARTESIAN_POINT('',(1.664937281663,6.730031181034));
#4351 = CARTESIAN_POINT('',(1.714725486316,6.727753684525));
#4352 = CARTESIAN_POINT('',(1.764291649836,6.724321033447));
#4353 = CARTESIAN_POINT('',(1.813539462994,6.719813531082));
#4354 = CARTESIAN_POINT('',(1.862361088445,6.71434484089));
#4355 = CARTESIAN_POINT('',(1.93748518201,6.704559480192));
#4356 = CARTESIAN_POINT('',(1.964184817204,6.700805778557));
#4357 = CARTESIAN_POINT('',(1.990727557007,6.696817883545));
#4358 = CARTESIAN_POINT('',(2.017110978111,6.692618115123));
#4359 = CARTESIAN_POINT('',(2.043331822794,6.688229621094));
#4360 = CARTESIAN_POINT('',(2.069385998914,6.6836763771));
#4361 = CARTESIAN_POINT('',(2.125516098912,6.673498518447));
#4362 = CARTESIAN_POINT('',(2.15553103237,6.667822197076));
#4363 = CARTESIAN_POINT('',(2.185321404829,6.661990303675));
#4364 = CARTESIAN_POINT('',(2.214894329508,6.656038746269));
#4365 = CARTESIAN_POINT('',(2.244256072644,6.650002927088));
#4366 = CARTESIAN_POINT('',(2.273412117813,6.643917409907));
#4367 = CARTESIAN_POINT('',(2.419576716769,6.613115580315));
#4368 = CARTESIAN_POINT('',(2.533598252782,6.588126361863));
#4369 = CARTESIAN_POINT('',(2.645197112826,6.564965483275));
#4370 = CARTESIAN_POINT('',(2.754986185945,6.545424710319));
#4371 = CARTESIAN_POINT('',(2.863557348962,6.53081989321));
#4372 = CARTESIAN_POINT('',(2.971493094686,6.521924355655));
#4373 = CARTESIAN_POINT('',(3.096908336322,6.518496824202));
#4374 = CARTESIAN_POINT('',(3.114361279982,6.518175322862));
#4375 = CARTESIAN_POINT('',(3.131811362431,6.518010282825));
#4376 = CARTESIAN_POINT('',(3.149260442903,6.518002138279));
#4377 = CARTESIAN_POINT('',(3.166710375673,6.518150903705));
#4378 = CARTESIAN_POINT('',(3.184163010063,6.518456173878));
#4379 = CARTESIAN_POINT('',(3.308684661624,6.5217441192));
#4380 = CARTESIAN_POINT('',(3.415723392028,6.530421556538));
#4381 = CARTESIAN_POINT('',(3.523375163132,6.544726115011));
#4382 = CARTESIAN_POINT('',(3.632207391031,6.563913605645));
#4383 = CARTESIAN_POINT('',(3.742795690672,6.586713947046));
#4384 = CARTESIAN_POINT('',(3.855735844306,6.611395158557));
#4385 = CARTESIAN_POINT('',(4.002227049295,6.642340321724));
#4386 = CARTESIAN_POINT('',(4.0329084283,6.648764784118));
#4387 = CARTESIAN_POINT('',(4.063816919496,6.655140488692));
#4388 = CARTESIAN_POINT('',(4.094958945264,6.661427125829));
#4389 = CARTESIAN_POINT('',(4.12634187939,6.667583317537));
#4390 = CARTESIAN_POINT('',(4.157974133293,6.673567046772));
#4391 = CARTESIAN_POINT('',(4.216196168288,6.684099300412));
#4392 = CARTESIAN_POINT('',(4.242704862505,6.688716561146));
#4393 = CARTESIAN_POINT('',(4.269385903218,6.693161721707));
#4394 = CARTESIAN_POINT('',(4.296234768368,6.697409553774));
#4395 = CARTESIAN_POINT('',(4.323247835536,6.701435747966));
#4396 = CARTESIAN_POINT('',(4.350422381937,6.705216913847));
#4397 = CARTESIAN_POINT('',(4.423746600027,6.714642351364));
#4398 = CARTESIAN_POINT('',(4.470227866585,6.719802599095));
#4399 = CARTESIAN_POINT('',(4.517093198655,6.724090100663));
#4400 = CARTESIAN_POINT('',(4.564250214818,6.727407354617));
#4401 = CARTESIAN_POINT('',(4.611615952312,6.729684142787));
#4402 = CARTESIAN_POINT('',(4.659111481656,6.730881092573));
#4403 = CARTESIAN_POINT('',(4.756611390977,6.731111070057));
#4404 = CARTESIAN_POINT('',(4.806529935253,6.730031181034));
#4405 = CARTESIAN_POINT('',(4.856318139906,6.727753684525));
#4406 = CARTESIAN_POINT('',(4.905884303425,6.724321033447));
#4407 = CARTESIAN_POINT('',(4.955132116584,6.719813531082));
#4408 = CARTESIAN_POINT('',(5.003953742035,6.71434484089));
#4409 = CARTESIAN_POINT('',(5.0790778356,6.704559480192));
#4410 = CARTESIAN_POINT('',(5.105777470794,6.700805778557));
#4411 = CARTESIAN_POINT('',(5.132320210597,6.696817883545));
#4412 = CARTESIAN_POINT('',(5.158703631701,6.692618115123));
#4413 = CARTESIAN_POINT('',(5.184924476383,6.688229621094));
#4414 = CARTESIAN_POINT('',(5.210978652504,6.6836763771));
#4415 = CARTESIAN_POINT('',(5.267108752502,6.673498518447));
#4416 = CARTESIAN_POINT('',(5.29712368596,6.667822197076));
#4417 = CARTESIAN_POINT('',(5.326914058418,6.661990303675));
#4418 = CARTESIAN_POINT('',(5.356486983098,6.656038746269));
#4419 = CARTESIAN_POINT('',(5.385848726233,6.650002927088));
#4420 = CARTESIAN_POINT('',(5.415004771403,6.643917409907));
#4421 = CARTESIAN_POINT('',(5.529747518785,6.619737228269));
#4422 = CARTESIAN_POINT('',(5.613792278341,6.601511328871));
#4423 = CARTESIAN_POINT('',(5.696406058541,6.583966438968));
#4424 = CARTESIAN_POINT('',(5.777860385785,6.567833188082));
#4425 = CARTESIAN_POINT('',(5.858409056415,6.55371723416));
#4426 = CARTESIAN_POINT('',(5.938304663754,6.542083855015));
#4427 = CARTESIAN_POINT('',(6.055914330907,6.529022244471));
#4428 = CARTESIAN_POINT('',(6.093921599491,6.525435238535));
#4429 = CARTESIAN_POINT('',(6.131851066077,6.522529071507));
#4430 = CARTESIAN_POINT('',(6.16972240902,6.520330992092));
#4431 = CARTESIAN_POINT('',(6.207555183416,6.518859384592));
#4432 = CARTESIAN_POINT('',(6.245369267187,6.518123562581));
#4433 = CARTESIAN_POINT('',(6.28318530718,6.518123562581));
#4434 = ( GEOMETRIC_REPRESENTATION_CONTEXT(2) 
PARAMETRIC_REPRESENTATION_CONTEXT() REPRESENTATION_CONTEXT('2D SPACE',''
  ) );
#4435 = ADVANCED_FACE('',(#4436,#4439),#699,.F.);
#4436 = FACE_BOUND('',#4437,.F.);
#4437 = EDGE_LOOP('',(#4438));
#4438 = ORIENTED_EDGE('',*,*,#565,.F.);
#4439 = FACE_BOUND('',#4440,.F.);
#4440 = EDGE_LOOP('',(#4441,#4480,#4923,#4957));
#4441 = ORIENTED_EDGE('',*,*,#4442,.F.);
#4442 = EDGE_CURVE('',#4443,#4445,#4447,.T.);
#4443 = VERTEX_POINT('',#4444);
#4444 = CARTESIAN_POINT('',(0.381,-7.756952801977,14.68));
#4445 = VERTEX_POINT('',#4446);
#4446 = CARTESIAN_POINT('',(0.381,-8.382,14.68));
#4447 = SURFACE_CURVE('',#4448,(#4455,#4465),.PCURVE_S1.);
#4448 = B_SPLINE_CURVE_WITH_KNOTS('',5,(#4449,#4450,#4451,#4452,#4453,
    #4454),.UNSPECIFIED.,.F.,.F.,(6,6),(0.,1.),
  .PIECEWISE_BEZIER_KNOTS.);
#4449 = CARTESIAN_POINT('',(0.381,-1.27,14.68));
#4450 = CARTESIAN_POINT('',(0.381,-2.692398071408,14.68));
#4451 = CARTESIAN_POINT('',(0.381,-4.114797689634,14.68));
#4452 = CARTESIAN_POINT('',(0.381,-5.537198234332,14.68));
#4453 = CARTESIAN_POINT('',(0.381,-6.959598548995,14.68));
#4454 = CARTESIAN_POINT('',(0.381,-8.382,14.68));
#4455 = PCURVE('',#699,#4456);
#4456 = DEFINITIONAL_REPRESENTATION('',(#4457),#4464);
#4457 = B_SPLINE_CURVE_WITH_KNOTS('',5,(#4458,#4459,#4460,#4461,#4462,
    #4463),.UNSPECIFIED.,.F.,.F.,(6,6),(0.,1.),
  .PIECEWISE_BEZIER_KNOTS.);
#4458 = CARTESIAN_POINT('',(-0.993457874102,0.878154813691));
#4459 = CARTESIAN_POINT('',(-2.284962569381,1.474175535469));
#4460 = CARTESIAN_POINT('',(-3.576465831516,2.070195671276));
#4461 = CARTESIAN_POINT('',(-4.867970632234,2.666210262055));
#4462 = CARTESIAN_POINT('',(-6.159477797693,3.262220277696));
#4463 = CARTESIAN_POINT('',(-7.45098444909,3.858228695283));
#4464 = ( GEOMETRIC_REPRESENTATION_CONTEXT(2) 
PARAMETRIC_REPRESENTATION_CONTEXT() REPRESENTATION_CONTEXT('2D SPACE',''
  ) );
#4465 = PCURVE('',#4466,#4471);
#4466 = PLANE('',#4467);
#4467 = AXIS2_PLACEMENT_3D('',#4468,#4469,#4470);
#4468 = CARTESIAN_POINT('',(0.381,-8.382,14.2396));
#4469 = DIRECTION('',(1.,0.,0.));
#4470 = DIRECTION('',(0.,0.,1.));
#4471 = DEFINITIONAL_REPRESENTATION('',(#4472),#4479);
#4472 = B_SPLINE_CURVE_WITH_KNOTS('',5,(#4473,#4474,#4475,#4476,#4477,
    #4478),.UNSPECIFIED.,.F.,.F.,(6,6),(0.,1.),
  .PIECEWISE_BEZIER_KNOTS.);
#4473 = CARTESIAN_POINT('',(0.4404,-7.112));
#4474 = CARTESIAN_POINT('',(0.4404,-5.689601928592));
#4475 = CARTESIAN_POINT('',(0.4404,-4.267202310366));
#4476 = CARTESIAN_POINT('',(0.4404,-2.844801765668));
#4477 = CARTESIAN_POINT('',(0.4404,-1.422401451005));
#4478 = CARTESIAN_POINT('',(0.4404,0.));
#4479 = ( GEOMETRIC_REPRESENTATION_CONTEXT(2) 
PARAMETRIC_REPRESENTATION_CONTEXT() REPRESENTATION_CONTEXT('2D SPACE',''
  ) );
#4480 = ORIENTED_EDGE('',*,*,#4481,.F.);
#4481 = EDGE_CURVE('',#4482,#4443,#4484,.T.);
#4482 = VERTEX_POINT('',#4483);
#4483 = CARTESIAN_POINT('',(-0.381,-7.756952805111,14.68));
#4484 = SURFACE_CURVE('',#4485,(#4596,#4757),.PCURVE_S1.);
#4485 = B_SPLINE_CURVE_WITH_KNOTS('',7,(#4486,#4487,#4488,#4489,#4490,
    #4491,#4492,#4493,#4494,#4495,#4496,#4497,#4498,#4499,#4500,#4501,
    #4502,#4503,#4504,#4505,#4506,#4507,#4508,#4509,#4510,#4511,#4512,
    #4513,#4514,#4515,#4516,#4517,#4518,#4519,#4520,#4521,#4522,#4523,
    #4524,#4525,#4526,#4527,#4528,#4529,#4530,#4531,#4532,#4533,#4534,
    #4535,#4536,#4537,#4538,#4539,#4540,#4541,#4542,#4543,#4544,#4545,
    #4546,#4547,#4548,#4549,#4550,#4551,#4552,#4553,#4554,#4555,#4556,
    #4557,#4558,#4559,#4560,#4561,#4562,#4563,#4564,#4565,#4566,#4567,
    #4568,#4569,#4570,#4571,#4572,#4573,#4574,#4575,#4576,#4577,#4578,
    #4579,#4580,#4581,#4582,#4583,#4584,#4585,#4586,#4587,#4588,#4589,
    #4590,#4591,#4592,#4593,#4594,#4595),.UNSPECIFIED.,.F.,.F.,(8,6,6,6,
    6,6,6,6,6,6,6,6,6,6,6,6,6,6,8),(0.556090025832,0.569819835444,
    0.687653477159,0.762855100293,0.968887738388,1.,1.188150958842,
    1.386960952842,1.615305460443,1.642918181079,1.672459073785,
    1.709328630403,1.762235384563,1.934857877352,1.958212267919,
    2.157004359327,2.304887999325,2.539644096811,2.679401887146),
  .UNSPECIFIED.);
#4486 = CARTESIAN_POINT('',(-0.381,-7.756952805111,14.68));
#4487 = CARTESIAN_POINT('',(-0.425315910502,-7.754776130542,14.68));
#4488 = CARTESIAN_POINT('',(-0.469617315063,-7.75230408,14.68));
#4489 = CARTESIAN_POINT('',(-0.513901851445,-7.749536769463,14.68));
#4490 = CARTESIAN_POINT('',(-0.558167158566,-7.74647433853,14.68));
#4491 = CARTESIAN_POINT('',(-0.602410876503,-7.743116950421,14.68));
#4492 = CARTESIAN_POINT('',(-0.646630646486,-7.739464791982,14.68));
#4493 = CARTESIAN_POINT('',(-1.070106635521,-7.701646067906,14.68));
#4494 = CARTESIAN_POINT('',(-1.44746252399,-7.646076908371,14.68));
#4495 = CARTESIAN_POINT('',(-1.821383305955,-7.568943088617,14.68));
#4496 = CARTESIAN_POINT('',(-2.190394857191,-7.470509161893,14.68));
#4497 = CARTESIAN_POINT('',(-2.553054826377,-7.351159861387,14.68));
#4498 = CARTESIAN_POINT('',(-2.907953192729,-7.211399940389,14.68));
#4499 = CARTESIAN_POINT('',(-3.474382315326,-6.950050739594,14.68));
#4500 = CARTESIAN_POINT('',(-3.691332730493,-6.840179279114,14.68));
#4501 = CARTESIAN_POINT('',(-3.904212480852,-6.722415120725,14.68));
#4502 = CARTESIAN_POINT('',(-4.112677834517,-6.596940288822,14.68));
#4503 = CARTESIAN_POINT('',(-4.31639604684,-6.463955062439,14.68));
#4504 = CARTESIAN_POINT('',(-4.515045360416,-6.323677975247,14.68));
#4505 = CARTESIAN_POINT('',(-5.23782292118,-5.772694507627,14.68));
#4506 = CARTESIAN_POINT('',(-5.727091028056,-5.315979302537,14.68));
#4507 = CARTESIAN_POINT('',(-6.169483037028,-4.811188051876,14.68));
#4508 = CARTESIAN_POINT('',(-6.559496371878,-4.2641608772,14.68));
#4509 = CARTESIAN_POINT('',(-6.892507478378,-3.681380217378,14.68));
#4510 = CARTESIAN_POINT('',(-7.164786383954,-3.069954273087,14.68));
#4511 = CARTESIAN_POINT('',(-7.405339972576,-2.34233353358,14.68));
#4512 = CARTESIAN_POINT('',(-7.435457649777,-2.246396547805,14.68));
#4513 = CARTESIAN_POINT('',(-7.464124892984,-2.150009045805,14.68));
#4514 = CARTESIAN_POINT('',(-7.491333656443,-2.05319735091,14.68));
#4515 = CARTESIAN_POINT('',(-7.517076494759,-1.955987955131,14.68));
#4516 = CARTESIAN_POINT('',(-7.541346562897,-1.858407519158,14.68));
#4517 = CARTESIAN_POINT('',(-7.701966186224,-1.168284965976,14.68));
#4518 = CARTESIAN_POINT('',(-7.785729417602,-0.563388502599,14.68));
#4519 = CARTESIAN_POINT('',(-7.813968101858,4.809015498597E-02,14.68));
#4520 = CARTESIAN_POINT('',(-7.786188129496,0.660061401729,14.68));
#4521 = CARTESIAN_POINT('',(-7.702665144262,1.266465240377,14.68));
#4522 = CARTESIAN_POINT('',(-7.564443136062,1.861283382613,14.68));
#4523 = CARTESIAN_POINT('',(-7.171795120792,3.048541443694,14.68));
#4524 = CARTESIAN_POINT('',(-6.911146341567,3.63918893857,14.68));
#4525 = CARTESIAN_POINT('',(-6.593873010031,4.203422510441,14.68));
#4526 = CARTESIAN_POINT('',(-6.223282571748,4.734836683333,14.68));
#4527 = CARTESIAN_POINT('',(-5.803467568917,5.227562249216,14.68));
#4528 = CARTESIAN_POINT('',(-5.339296134423,5.676280904796,14.68));
#4529 = CARTESIAN_POINT('',(-4.259274412765,6.53594510736,14.68));
#4530 = CARTESIAN_POINT('',(-3.630759508458,6.931674798946,14.68));
#4531 = CARTESIAN_POINT('',(-2.959934142733,7.256397185561,14.68));
#4532 = CARTESIAN_POINT('',(-2.256469505349,7.504988642311,14.68));
#4533 = CARTESIAN_POINT('',(-1.530564579958,7.673845186004,14.68));
#4534 = CARTESIAN_POINT('',(-0.792962025185,7.760876852889,14.68));
#4535 = CARTESIAN_POINT('',(3.416654287816E-02,7.766741466342,14.68));
#4536 = CARTESIAN_POINT('',(0.123405845511,7.766178026973,14.68));
#4537 = CARTESIAN_POINT('',(0.21263438983,7.764418335862,14.68));
#4538 = CARTESIAN_POINT('',(0.30183293485,7.761462643108,14.68));
#4539 = CARTESIAN_POINT('',(0.390982252359,7.757311585529,14.68));
#4540 = CARTESIAN_POINT('',(0.480063126921,7.751966186662,14.68));
#4541 = CARTESIAN_POINT('',(0.664263903966,7.738432961013,14.68));
#4542 = CARTESIAN_POINT('',(0.759371158351,7.730072713216,14.68));
#4543 = CARTESIAN_POINT('',(0.854354603819,7.720348840977,14.68));
#4544 = CARTESIAN_POINT('',(0.94919078397,7.709263575362,14.68));
#4545 = CARTESIAN_POINT('',(1.04385630122,7.696819650902,14.68));
#4546 = CARTESIAN_POINT('',(1.138327816796,7.683020305589,14.68));
#4547 = CARTESIAN_POINT('',(1.350219383143,7.648959508278,14.68));
#4548 = CARTESIAN_POINT('',(1.467518301425,7.627944193067,14.68));
#4549 = CARTESIAN_POINT('',(1.58443352549,7.604830614493,14.68));
#4550 = CARTESIAN_POINT('',(1.700920035348,7.579627254061,14.68));
#4551 = CARTESIAN_POINT('',(1.816933071111,7.552343795538,14.68));
#4552 = CARTESIAN_POINT('',(1.932428132991,7.522991124948,14.68));
#4553 = CARTESIAN_POINT('',(2.212286315608,7.446509178333,14.68));
#4554 = CARTESIAN_POINT('',(2.376054229374,7.397201038485,14.68));
#4555 = CARTESIAN_POINT('',(2.538533833685,7.343692691833,14.68));
#4556 = CARTESIAN_POINT('',(2.699595998315,7.286024830675,14.68));
#4557 = CARTESIAN_POINT('',(2.859113351736,7.224243058803,14.68));
#4558 = CARTESIAN_POINT('',(3.016960281114,7.158397891508,14.68));
#4559 = CARTESIAN_POINT('',(3.682176612515,6.860630141553,14.68));
#4560 = CARTESIAN_POINT('',(4.172305758756,6.590018134414,14.68));
#4561 = CARTESIAN_POINT('',(4.638984642951,6.278662918654,14.68));
#4562 = CARTESIAN_POINT('',(5.078205333687,5.929048730918,14.68));
#4563 = CARTESIAN_POINT('',(5.486300871887,5.544094088022,14.68));
#4564 = CARTESIAN_POINT('',(5.859950858495,5.127147856962,14.68));
#4565 = CARTESIAN_POINT('',(6.241759215953,4.621862796449,14.68));
#4566 = CARTESIAN_POINT('',(6.286576296769,4.5611325729,14.68));
#4567 = CARTESIAN_POINT('',(6.330703675038,4.499895789048,14.68));
#4568 = CARTESIAN_POINT('',(6.374134491108,4.438161851614,14.68));
#4569 = CARTESIAN_POINT('',(6.41686204728,4.375940281229,14.68));
#4570 = CARTESIAN_POINT('',(6.458879807812,4.313240712436,14.68));
#4571 = CARTESIAN_POINT('',(6.851739691566,3.712389721725,14.68));
#4572 = CARTESIAN_POINT('',(7.151488413793,3.140657483564,14.68));
#4573 = CARTESIAN_POINT('',(7.395314769619,2.541079986353,14.68));
#4574 = CARTESIAN_POINT('',(7.580268350251,1.920233299787,14.68));
#4575 = CARTESIAN_POINT('',(7.704307598558,1.28497246157,14.68));
#4576 = CARTESIAN_POINT('',(7.766304,0.642414818048,14.68));
#4577 = CARTESIAN_POINT('',(7.766304,-0.477899502986,14.68));
#4578 = CARTESIAN_POINT('',(7.731995154268,-0.955832682629,14.68));
#4579 = CARTESIAN_POINT('',(7.663369076782,-1.430784383626,14.68));
#4580 = CARTESIAN_POINT('',(7.56075981008,-1.899810680888,14.68));
#4581 = CARTESIAN_POINT('',(7.424797503484,-2.360031262878,14.68));
#4582 = CARTESIAN_POINT('',(7.256407793339,-2.808631844848,14.68));
#4583 = CARTESIAN_POINT('',(6.740082207452,-3.932213220817,14.68));
#4584 = CARTESIAN_POINT('',(6.344612041492,-4.585742156995,14.68));
#4585 = CARTESIAN_POINT('',(5.875518418429,-5.192130754254,14.68));
#4586 = CARTESIAN_POINT('',(5.339730819079,-5.741709130424,14.68));
#4587 = CARTESIAN_POINT('',(4.745452550159,-6.226060801419,14.68));
#4588 = CARTESIAN_POINT('',(4.102175981977,-6.638007946653,14.68));
#4589 = CARTESIAN_POINT('',(3.015660545005,-7.171139723823,14.68));
#4590 = CARTESIAN_POINT('',(2.59667247732,-7.34259732843,14.68));
#4591 = CARTESIAN_POINT('',(2.166441321482,-7.485430244335,14.68));
#4592 = CARTESIAN_POINT('',(1.727321722996,-7.598781022908,14.68));
#4593 = CARTESIAN_POINT('',(1.281723831426,-7.682030916679,14.68));
#4594 = CARTESIAN_POINT('',(0.832110200422,-7.734795523389,14.68));
#4595 = CARTESIAN_POINT('',(0.381,-7.756952801977,14.68));
#4596 = PCURVE('',#699,#4597);
#4597 = DEFINITIONAL_REPRESENTATION('',(#4598),#4756);
#4598 = B_SPLINE_CURVE_WITH_KNOTS('',3,(#4599,#4600,#4601,#4602,#4603,
    #4604,#4605,#4606,#4607,#4608,#4609,#4610,#4611,#4612,#4613,#4614,
    #4615,#4616,#4617,#4618,#4619,#4620,#4621,#4622,#4623,#4624,#4625,
    #4626,#4627,#4628,#4629,#4630,#4631,#4632,#4633,#4634,#4635,#4636,
    #4637,#4638,#4639,#4640,#4641,#4642,#4643,#4644,#4645,#4646,#4647,
    #4648,#4649,#4650,#4651,#4652,#4653,#4654,#4655,#4656,#4657,#4658,
    #4659,#4660,#4661,#4662,#4663,#4664,#4665,#4666,#4667,#4668,#4669,
    #4670,#4671,#4672,#4673,#4674,#4675,#4676,#4677,#4678,#4679,#4680,
    #4681,#4682,#4683,#4684,#4685,#4686,#4687,#4688,#4689,#4690,#4691,
    #4692,#4693,#4694,#4695,#4696,#4697,#4698,#4699,#4700,#4701,#4702,
    #4703,#4704,#4705,#4706,#4707,#4708,#4709,#4710,#4711,#4712,#4713,
    #4714,#4715,#4716,#4717,#4718,#4719,#4720,#4721,#4722,#4723,#4724,
    #4725,#4726,#4727,#4728,#4729,#4730,#4731,#4732,#4733,#4734,#4735,
    #4736,#4737,#4738,#4739,#4740,#4741,#4742,#4743,#4744,#4745,#4746,
    #4747,#4748,#4749,#4750,#4751,#4752,#4753,#4754,#4755),
  .UNSPECIFIED.,.F.,.F.,(4,1,1,1,1,1,1,1,1,1,1,1,1,1,1,1,1,1,1,1,1,1,1,1
    ,1,1,1,1,1,1,1,1,1,1,1,1,1,1,1,1,1,1,1,1,1,1,1,1,1,1,1,1,1,1,1,1,1,1
    ,1,1,1,1,1,1,1,1,1,1,1,1,1,1,1,1,1,1,1,1,1,1,1,1,1,1,1,1,1,1,1,1,1,1
    ,1,1,1,1,1,1,1,1,1,1,1,1,1,1,1,1,1,1,1,1,1,1,1,1,1,1,1,1,1,1,1,1,1,1
    ,1,1,1,1,1,1,1,1,1,1,1,1,1,1,1,1,1,1,1,1,1,1,1,1,1,1,1,1,4),(
    0.556090025832,0.569877765191,0.58366550455,0.597453243909,
    0.611240983268,0.625028722628,0.638816461987,0.652604201346,
    0.666391940705,0.680179680064,0.693967419423,0.707755158783,
    0.721542898142,0.735330637501,0.74911837686,0.762906116219,
    0.776693855579,0.790481594938,0.804269334297,0.818057073656,
    0.831844813015,0.845632552374,0.859420291734,0.873208031093,
    0.886995770452,0.900783509811,0.91457124917,0.92835898853,
    0.942146727889,0.955934467248,0.969722206607,0.983509945966,
    0.997297685326,1.011085424685,1.024873164044,1.038660903403,
    1.052448642762,1.066236382121,1.080024121481,1.09381186084,
    1.107599600199,1.121387339558,1.135175078917,1.148962818277,
    1.162750557636,1.176538296995,1.190326036354,1.204113775713,
    1.217901515072,1.231689254432,1.245476993791,1.25926473315,
    1.273052472509,1.286840211868,1.300627951228,1.314415690587,
    1.328203429946,1.341991169305,1.355778908664,1.369566648024,
    1.383354387383,1.397142126742,1.410929866101,1.42471760546,
    1.438505344819,1.452293084179,1.466080823538,1.479868562897,
    1.493656302256,1.507444041615,1.521231780975,1.535019520334,
    1.548807259693,1.562594999052,1.576382738411,1.59017047777,
    1.60395821713,1.617745956489,1.631533695848,1.645321435207,
    1.659109174566,1.672896913926,1.686684653285,1.700472392644,
    1.714260132003,1.728047871362,1.741835610721,1.755623350081,
    1.76941108944,1.783198828799,1.796986568158,1.810774307517,
    1.824562046877,1.838349786236,1.852137525595,1.865925264954,
    1.879713004313,1.893500743673,1.907288483032,1.921076222391,
    1.93486396175,1.948651701109,1.962439440468,1.976227179828,
    1.990014919187,2.003802658546,2.017590397905,2.031378137264,
    2.045165876624,2.058953615983,2.072741355342,2.086529094701,
    2.10031683406,2.114104573419,2.127892312779,2.141680052138,
    2.155467791497,2.169255530856,2.183043270215,2.196831009575,
    2.210618748934,2.224406488293,2.238194227652,2.251981967011,
    2.26576970637,2.27955744573,2.293345185089,2.307132924448,
    2.320920663807,2.334708403166,2.348496142526,2.362283881885,
    2.376071621244,2.389859360603,2.403647099962,2.417434839322,
    2.431222578681,2.44501031804,2.458798057399,2.472585796758,
    2.486373536117,2.500161275477,2.513949014836,2.527736754195,
    2.541524493554,2.555312232913,2.569099972273,2.582887711632,
    2.596675450991,2.61046319035,2.624250929709,2.638038669068,
    2.651826408428,2.665614147787,2.679401887146),
  .QUASI_UNIFORM_KNOTS.);
#4599 = CARTESIAN_POINT('',(-7.202756886384,2.90444606101));
#4600 = CARTESIAN_POINT('',(-7.241639366209,2.808025559141));
#4601 = CARTESIAN_POINT('',(-7.315526333557,2.613620121747));
#4602 = CARTESIAN_POINT('',(-7.414564573774,2.317796871905));
#4603 = CARTESIAN_POINT('',(-7.501645049897,2.018233297376));
#4604 = CARTESIAN_POINT('',(-7.576627826501,1.715416200784));
#4605 = CARTESIAN_POINT('',(-7.639391761287,1.409833700737));
#4606 = CARTESIAN_POINT('',(-7.689835951172,1.101978009038));
#4607 = CARTESIAN_POINT('',(-7.727879155721,0.792344569635));
#4608 = CARTESIAN_POINT('',(-7.753459968563,0.481432416228));
#4609 = CARTESIAN_POINT('',(-7.766536947918,0.169743453679));
#4610 = CARTESIAN_POINT('',(-7.767089091165,-0.142215014341));
#4611 = CARTESIAN_POINT('',(-7.75511577748,-0.453944844867));
#4612 = CARTESIAN_POINT('',(-7.73063629231,-0.764942287928));
#4613 = CARTESIAN_POINT('',(-7.693690180813,-1.074705716415));
#4614 = CARTESIAN_POINT('',(-7.644336650124,-1.382737453952));
#4615 = CARTESIAN_POINT('',(-7.582656603971,-1.688535143525));
#4616 = CARTESIAN_POINT('',(-7.508745101274,-1.991624444931));
#4617 = CARTESIAN_POINT('',(-7.422718072876,-2.291520099935));
#4618 = CARTESIAN_POINT('',(-7.324717370779,-2.587722588017));
#4619 = CARTESIAN_POINT('',(-7.214902570781,-2.879749624374));
#4620 = CARTESIAN_POINT('',(-7.093452273497,-3.167127320512));
#4621 = CARTESIAN_POINT('',(-6.960563025868,-3.449392247175));
#4622 = CARTESIAN_POINT('',(-6.816449046138,-3.726090669688));
#4623 = CARTESIAN_POINT('',(-6.661341898213,-3.996778635789));
#4624 = CARTESIAN_POINT('',(-6.495490348766,-4.261021925627));
#4625 = CARTESIAN_POINT('',(-6.319160327622,-4.518396145152));
#4626 = CARTESIAN_POINT('',(-6.132635075752,-4.768486828288));
#4627 = CARTESIAN_POINT('',(-5.936215222816,-5.010889804912));
#4628 = CARTESIAN_POINT('',(-5.730219741959,-5.245210940965));
#4629 = CARTESIAN_POINT('',(-5.514984248818,-5.471068568105));
#4630 = CARTESIAN_POINT('',(-5.290869829018,-5.688086226633));
#4631 = CARTESIAN_POINT('',(-5.05823291728,-5.895922164585));
#4632 = CARTESIAN_POINT('',(-4.817437695457,-6.0942517856));
#4633 = CARTESIAN_POINT('',(-4.56886988065,-6.28275689197));
#4634 = CARTESIAN_POINT('',(-4.312918404733,-6.461140560276));
#4635 = CARTESIAN_POINT('',(-4.050008663501,-6.629104554334));
#4636 = CARTESIAN_POINT('',(-3.780567790243,-6.786376088537));
#4637 = CARTESIAN_POINT('',(-3.505032896088,-6.932700345858));
#4638 = CARTESIAN_POINT('',(-3.223848514842,-7.067841843515));
#4639 = CARTESIAN_POINT('',(-2.937467010485,-7.191583606268));
#4640 = CARTESIAN_POINT('',(-2.646348271435,-7.303727104539));
#4641 = CARTESIAN_POINT('',(-2.350959636985,-7.404092168789));
#4642 = CARTESIAN_POINT('',(-2.05177595014,-7.49251707713));
#4643 = CARTESIAN_POINT('',(-1.749279214394,-7.568858816852));
#4644 = CARTESIAN_POINT('',(-1.443960049919,-7.632993319989));
#4645 = CARTESIAN_POINT('',(-1.136312689536,-7.684816471657));
#4646 = CARTESIAN_POINT('',(-0.826854357399,-7.724242895963));
#4647 = CARTESIAN_POINT('',(-0.51604995412,-7.751214125411));
#4648 = CARTESIAN_POINT('',(-0.204398240975,-7.765684725364));
#4649 = CARTESIAN_POINT('',(0.107584669312,-7.767629760858));
#4650 = CARTESIAN_POINT('',(0.419391706793,-7.7570461888));
#4651 = CARTESIAN_POINT('',(0.730517701461,-7.733951576253));
#4652 = CARTESIAN_POINT('',(1.04046125988,-7.698383723313));
#4653 = CARTESIAN_POINT('',(1.348724258949,-7.650400231472));
#4654 = CARTESIAN_POINT('',(1.654812009508,-7.590078275536));
#4655 = CARTESIAN_POINT('',(1.958233281187,-7.517514506043));
#4656 = CARTESIAN_POINT('',(2.258500370153,-7.432825116482));
#4657 = CARTESIAN_POINT('',(2.555129291681,-7.336146011206));
#4658 = CARTESIAN_POINT('',(2.847639588214,-7.227633296263));
#4659 = CARTESIAN_POINT('',(3.135555708397,-7.107463268279));
#4660 = CARTESIAN_POINT('',(3.41840264459,-6.975834978546));
#4661 = CARTESIAN_POINT('',(3.695723123507,-6.832963888405));
#4662 = CARTESIAN_POINT('',(3.967119130634,-6.679053016289));
#4663 = CARTESIAN_POINT('',(4.232122755268,-6.514363669087));
#4664 = CARTESIAN_POINT('',(4.490301510238,-6.339164326914));
#4665 = CARTESIAN_POINT('',(4.741233043761,-6.153741597912));
#4666 = CARTESIAN_POINT('',(4.984511312986,-5.95839648625));
#4667 = CARTESIAN_POINT('',(5.2197444488,-5.753444739917));
#4668 = CARTESIAN_POINT('',(5.44655497117,-5.53921624675));
#4669 = CARTESIAN_POINT('',(5.664579501361,-5.316054824688));
#4670 = CARTESIAN_POINT('',(5.873468739466,-5.084318040385));
#4671 = CARTESIAN_POINT('',(6.072887500092,-4.84437716017));
#4672 = CARTESIAN_POINT('',(6.262514879476,-4.596617169931));
#4673 = CARTESIAN_POINT('',(6.442044481112,-4.341437000225));
#4674 = CARTESIAN_POINT('',(6.611184931433,-4.079249461468));
#4675 = CARTESIAN_POINT('',(6.769659845432,-3.810482720062));
#4676 = CARTESIAN_POINT('',(6.917210384345,-3.535576473694));
#4677 = CARTESIAN_POINT('',(7.053588690239,-3.254998348425));
#4678 = CARTESIAN_POINT('',(7.178587723821,-2.969181406377));
#4679 = CARTESIAN_POINT('',(7.292011764482,-2.678573608286));
#4680 = CARTESIAN_POINT('',(7.393676323552,-2.383647042825));
#4681 = CARTESIAN_POINT('',(7.483417858934,-2.084876395765));
#4682 = CARTESIAN_POINT('',(7.561091541593,-1.782743666228));
#4683 = CARTESIAN_POINT('',(7.626572119043,-1.477736051499));
#4684 = CARTESIAN_POINT('',(7.679753984763,-1.170345431396));
#4685 = CARTESIAN_POINT('',(7.720551391571,-0.861067278562));
#4686 = CARTESIAN_POINT('',(7.748898504813,-0.550400740079));
#4687 = CARTESIAN_POINT('',(7.764749581175,-0.238846331587));
#4688 = CARTESIAN_POINT('',(7.768079230848,7.309262387703E-02));
#4689 = CARTESIAN_POINT('',(7.758881244179,0.384928978694));
#4690 = CARTESIAN_POINT('',(7.737169542849,0.696147316518));
#4691 = CARTESIAN_POINT('',(7.702979422612,1.006241967959));
#4692 = CARTESIAN_POINT('',(7.656366482745,1.314710705421));
#4693 = CARTESIAN_POINT('',(7.59740624918,1.621056347682));
#4694 = CARTESIAN_POINT('',(7.52619380183,1.924786288204));
#4695 = CARTESIAN_POINT('',(7.44284358514,2.225412633416));
#4696 = CARTESIAN_POINT('',(7.347489375019,2.522452191574));
#4697 = CARTESIAN_POINT('',(7.24028433016,2.815426663029));
#4698 = CARTESIAN_POINT('',(7.121401442208,3.103862387419));
#4699 = CARTESIAN_POINT('',(6.991033198433,3.387291874309));
#4700 = CARTESIAN_POINT('',(6.84939488735,3.665248855221));
#4701 = CARTESIAN_POINT('',(6.696715011487,3.937287678406));
#4702 = CARTESIAN_POINT('',(6.533237187666,4.202976109774));
#4703 = CARTESIAN_POINT('',(6.359211226167,4.461905423972));
#4704 = CARTESIAN_POINT('',(6.174922716154,4.713646775961));
#4705 = CARTESIAN_POINT('',(5.980673727488,4.957786593117));
#4706 = CARTESIAN_POINT('',(5.776780483232,5.193927647535));
#4707 = CARTESIAN_POINT('',(5.563573330241,5.421688159719));
#4708 = CARTESIAN_POINT('',(5.341396220776,5.640701573765));
#4709 = CARTESIAN_POINT('',(5.110606451164,5.850616297194));
#4710 = CARTESIAN_POINT('',(4.871574461099,6.051095593247));
#4711 = CARTESIAN_POINT('',(4.624683733711,6.241817581445));
#4712 = CARTESIAN_POINT('',(4.370330832457,6.422475335225));
#4713 = CARTESIAN_POINT('',(4.108925390382,6.592777165119));
#4714 = CARTESIAN_POINT('',(3.840890753105,6.752446744098));
#4715 = CARTESIAN_POINT('',(3.566662653903,6.901224359208));
#4716 = CARTESIAN_POINT('',(3.286695705193,7.038864495376));
#4717 = CARTESIAN_POINT('',(3.001441189951,7.165147642921));
#4718 = CARTESIAN_POINT('',(2.711335841128,7.279880452198));
#4719 = CARTESIAN_POINT('',(2.416859558012,7.382872202894));
#4720 = CARTESIAN_POINT('',(2.118486980299,7.473957302152));
#4721 = CARTESIAN_POINT('',(1.816699911781,7.552988828089));
#4722 = CARTESIAN_POINT('',(1.511983816958,7.619839849337));
#4723 = CARTESIAN_POINT('',(1.204828751979,7.674402855034));
#4724 = CARTESIAN_POINT('',(0.895728682844,7.716589873649));
#4725 = CARTESIAN_POINT('',(0.585183018196,7.746332633275));
#4726 = CARTESIAN_POINT('',(0.273691095077,7.763582774941));
#4727 = CARTESIAN_POINT('',(-3.822716260691E-02,7.768312720581));
#4728 = CARTESIAN_POINT('',(-0.350112643907,7.760514743926));
#4729 = CARTESIAN_POINT('',(-0.661458687644,7.740197672462));
#4730 = CARTESIAN_POINT('',(-0.971744492092,7.707393617762));
#4731 = CARTESIAN_POINT('',(-1.280461830201,7.662155963515));
#4732 = CARTESIAN_POINT('',(-1.587107688896,7.604558790716));
#4733 = CARTESIAN_POINT('',(-1.891186078315,7.534696100346));
#4734 = CARTESIAN_POINT('',(-2.19220742717,7.452681271664));
#4735 = CARTESIAN_POINT('',(-2.489688672248,7.358646637312));
#4736 = CARTESIAN_POINT('',(-2.783153212536,7.252743206393));
#4737 = CARTESIAN_POINT('',(-3.072130956925,7.135140523697));
#4738 = CARTESIAN_POINT('',(-3.356158398194,7.00602667526));
#4739 = CARTESIAN_POINT('',(-3.634778772747,6.865608405354));
#4740 = CARTESIAN_POINT('',(-3.907542154809,6.714111468295));
#4741 = CARTESIAN_POINT('',(-4.174006050222,6.551780750327));
#4742 = CARTESIAN_POINT('',(-4.433734400146,6.37888189105));
#4743 = CARTESIAN_POINT('',(-4.686302807705,6.195697945116));
#4744 = CARTESIAN_POINT('',(-4.931280844613,6.002545185611));
#4745 = CARTESIAN_POINT('',(-5.168303020204,5.799715806282));
#4746 = CARTESIAN_POINT('',(-5.396997700143,5.587526832361));
#4747 = CARTESIAN_POINT('',(-5.616987406068,5.366327757344));
#4748 = CARTESIAN_POINT('',(-5.827917297576,5.136475866559));
#4749 = CARTESIAN_POINT('',(-6.02944704363,4.898342386991));
#4750 = CARTESIAN_POINT('',(-6.221252706422,4.652310531812));
#4751 = CARTESIAN_POINT('',(-6.403025920919,4.398775702137));
#4752 = CARTESIAN_POINT('',(-6.574474613215,4.138145727985));
#4753 = CARTESIAN_POINT('',(-6.735321001015,3.870839358662));
#4754 = CARTESIAN_POINT('',(-6.835313439709,3.68847463973));
#4755 = CARTESIAN_POINT('',(-6.883456401931,3.59632396992));
#4756 = ( GEOMETRIC_REPRESENTATION_CONTEXT(2) 
PARAMETRIC_REPRESENTATION_CONTEXT() REPRESENTATION_CONTEXT('2D SPACE',''
  ) );
#4757 = PCURVE('',#4758,#4763);
#4758 = CYLINDRICAL_SURFACE('',#4759,7.766304);
#4759 = AXIS2_PLACEMENT_3D('',#4760,#4761,#4762);
#4760 = CARTESIAN_POINT('',(0.,0.,14.26));
#4761 = DIRECTION('',(0.,0.,1.));
#4762 = DIRECTION('',(1.,0.,0.));
#4763 = DEFINITIONAL_REPRESENTATION('',(#4764),#4922);
#4764 = B_SPLINE_CURVE_WITH_KNOTS('',3,(#4765,#4766,#4767,#4768,#4769,
    #4770,#4771,#4772,#4773,#4774,#4775,#4776,#4777,#4778,#4779,#4780,
    #4781,#4782,#4783,#4784,#4785,#4786,#4787,#4788,#4789,#4790,#4791,
    #4792,#4793,#4794,#4795,#4796,#4797,#4798,#4799,#4800,#4801,#4802,
    #4803,#4804,#4805,#4806,#4807,#4808,#4809,#4810,#4811,#4812,#4813,
    #4814,#4815,#4816,#4817,#4818,#4819,#4820,#4821,#4822,#4823,#4824,
    #4825,#4826,#4827,#4828,#4829,#4830,#4831,#4832,#4833,#4834,#4835,
    #4836,#4837,#4838,#4839,#4840,#4841,#4842,#4843,#4844,#4845,#4846,
    #4847,#4848,#4849,#4850,#4851,#4852,#4853,#4854,#4855,#4856,#4857,
    #4858,#4859,#4860,#4861,#4862,#4863,#4864,#4865,#4866,#4867,#4868,
    #4869,#4870,#4871,#4872,#4873,#4874,#4875,#4876,#4877,#4878,#4879,
    #4880,#4881,#4882,#4883,#4884,#4885,#4886,#4887,#4888,#4889,#4890,
    #4891,#4892,#4893,#4894,#4895,#4896,#4897,#4898,#4899,#4900,#4901,
    #4902,#4903,#4904,#4905,#4906,#4907,#4908,#4909,#4910,#4911,#4912,
    #4913,#4914,#4915,#4916,#4917,#4918,#4919,#4920,#4921),
  .UNSPECIFIED.,.F.,.F.,(4,1,1,1,1,1,1,1,1,1,1,1,1,1,1,1,1,1,1,1,1,1,1,1
    ,1,1,1,1,1,1,1,1,1,1,1,1,1,1,1,1,1,1,1,1,1,1,1,1,1,1,1,1,1,1,1,1,1,1
    ,1,1,1,1,1,1,1,1,1,1,1,1,1,1,1,1,1,1,1,1,1,1,1,1,1,1,1,1,1,1,1,1,1,1
    ,1,1,1,1,1,1,1,1,1,1,1,1,1,1,1,1,1,1,1,1,1,1,1,1,1,1,1,1,1,1,1,1,1,1
    ,1,1,1,1,1,1,1,1,1,1,1,1,1,1,1,1,1,1,1,1,1,1,1,1,1,1,1,1,4),(
    0.556090025832,0.569877765191,0.58366550455,0.597453243909,
    0.611240983268,0.625028722628,0.638816461987,0.652604201346,
    0.666391940705,0.680179680064,0.693967419423,0.707755158783,
    0.721542898142,0.735330637501,0.74911837686,0.762906116219,
    0.776693855579,0.790481594938,0.804269334297,0.818057073656,
    0.831844813015,0.845632552374,0.859420291734,0.873208031093,
    0.886995770452,0.900783509811,0.91457124917,0.92835898853,
    0.942146727889,0.955934467248,0.969722206607,0.983509945966,
    0.997297685326,1.011085424685,1.024873164044,1.038660903403,
    1.052448642762,1.066236382121,1.080024121481,1.09381186084,
    1.107599600199,1.121387339558,1.135175078917,1.148962818277,
    1.162750557636,1.176538296995,1.190326036354,1.204113775713,
    1.217901515072,1.231689254432,1.245476993791,1.25926473315,
    1.273052472509,1.286840211868,1.300627951228,1.314415690587,
    1.328203429946,1.341991169305,1.355778908664,1.369566648024,
    1.383354387383,1.397142126742,1.410929866101,1.42471760546,
    1.438505344819,1.452293084179,1.466080823538,1.479868562897,
    1.493656302256,1.507444041615,1.521231780975,1.535019520334,
    1.548807259693,1.562594999052,1.576382738411,1.59017047777,
    1.60395821713,1.617745956489,1.631533695848,1.645321435207,
    1.659109174566,1.672896913926,1.686684653285,1.700472392644,
    1.714260132003,1.728047871362,1.741835610721,1.755623350081,
    1.76941108944,1.783198828799,1.796986568158,1.810774307517,
    1.824562046877,1.838349786236,1.852137525595,1.865925264954,
    1.879713004313,1.893500743673,1.907288483032,1.921076222391,
    1.93486396175,1.948651701109,1.962439440468,1.976227179828,
    1.990014919187,2.003802658546,2.017590397905,2.031378137264,
    2.045165876624,2.058953615983,2.072741355342,2.086529094701,
    2.10031683406,2.114104573419,2.127892312779,2.141680052138,
    2.155467791497,2.169255530856,2.183043270215,2.196831009575,
    2.210618748934,2.224406488293,2.238194227652,2.251981967011,
    2.26576970637,2.27955744573,2.293345185089,2.307132924448,
    2.320920663807,2.334708403166,2.348496142526,2.362283881885,
    2.376071621244,2.389859360603,2.403647099962,2.417434839322,
    2.431222578681,2.44501031804,2.458798057399,2.472585796758,
    2.486373536117,2.500161275477,2.513949014836,2.527736754195,
    2.541524493554,2.555312232913,2.569099972273,2.582887711632,
    2.596675450991,2.61046319035,2.624250929709,2.638038669068,
    2.651826408428,2.665614147787,2.679401887146),
  .QUASI_UNIFORM_KNOTS.);
#4765 = CARTESIAN_POINT('',(10.94649650347,0.42));
#4766 = CARTESIAN_POINT('',(10.933109847807,0.42));
#4767 = CARTESIAN_POINT('',(10.906336412108,0.42));
#4768 = CARTESIAN_POINT('',(10.866175986164,0.42));
#4769 = CARTESIAN_POINT('',(10.826015256421,0.42));
#4770 = CARTESIAN_POINT('',(10.785854653913,0.42));
#4771 = CARTESIAN_POINT('',(10.74569416405,0.42));
#4772 = CARTESIAN_POINT('',(10.705533704897,0.42));
#4773 = CARTESIAN_POINT('',(10.665373147366,0.42));
#4774 = CARTESIAN_POINT('',(10.625212456352,0.42));
#4775 = CARTESIAN_POINT('',(10.585051700747,0.42));
#4776 = CARTESIAN_POINT('',(10.544891481363,0.42));
#4777 = CARTESIAN_POINT('',(10.504731164493,0.42));
#4778 = CARTESIAN_POINT('',(10.464570886907,0.42));
#4779 = CARTESIAN_POINT('',(10.424410664526,0.42));
#4780 = CARTESIAN_POINT('',(10.384250254219,0.42));
#4781 = CARTESIAN_POINT('',(10.344090399882,0.42));
#4782 = CARTESIAN_POINT('',(10.303928617571,0.42));
#4783 = CARTESIAN_POINT('',(10.263764364271,0.42));
#4784 = CARTESIAN_POINT('',(10.22359970811,0.42));
#4785 = CARTESIAN_POINT('',(10.183435261666,0.42));
#4786 = CARTESIAN_POINT('',(10.143271436715,0.42));
#4787 = CARTESIAN_POINT('',(10.103108255539,0.42));
#4788 = CARTESIAN_POINT('',(10.062945534734,0.42));
#4789 = CARTESIAN_POINT('',(10.022782958374,0.42));
#4790 = CARTESIAN_POINT('',(9.982620174736,0.42));
#4791 = CARTESIAN_POINT('',(9.942456881761,0.42));
#4792 = CARTESIAN_POINT('',(9.902292925917,0.42));
#4793 = CARTESIAN_POINT('',(9.862128370446,0.42));
#4794 = CARTESIAN_POINT('',(9.821963703864,0.42));
#4795 = CARTESIAN_POINT('',(9.78179956794,0.42));
#4796 = CARTESIAN_POINT('',(9.741638334557,0.42));
#4797 = CARTESIAN_POINT('',(9.70147880194,0.42));
#4798 = CARTESIAN_POINT('',(9.661319010342,0.42));
#4799 = CARTESIAN_POINT('',(9.621158570197,0.42));
#4800 = CARTESIAN_POINT('',(9.58099570506,0.42));
#4801 = CARTESIAN_POINT('',(9.540832521627,0.42));
#4802 = CARTESIAN_POINT('',(9.500669483975,0.42));
#4803 = CARTESIAN_POINT('',(9.460506949884,0.42));
#4804 = CARTESIAN_POINT('',(9.420344904088,0.42));
#4805 = CARTESIAN_POINT('',(9.38018316132,0.42));
#4806 = CARTESIAN_POINT('',(9.340021435266,0.42));
#4807 = CARTESIAN_POINT('',(9.299859434148,0.42));
#4808 = CARTESIAN_POINT('',(9.25969696309,0.42));
#4809 = CARTESIAN_POINT('',(9.21953397158,0.42));
#4810 = CARTESIAN_POINT('',(9.17937083242,0.42));
#4811 = CARTESIAN_POINT('',(9.139207787461,0.42));
#4812 = CARTESIAN_POINT('',(9.09904755072,0.42));
#4813 = CARTESIAN_POINT('',(9.058885674547,0.42));
#4814 = CARTESIAN_POINT('',(9.018721863505,0.42));
#4815 = CARTESIAN_POINT('',(8.978557857507,0.42));
#4816 = CARTESIAN_POINT('',(8.938394154347,0.42));
#4817 = CARTESIAN_POINT('',(8.898231047164,0.42));
#4818 = CARTESIAN_POINT('',(8.858068489362,0.42));
#4819 = CARTESIAN_POINT('',(8.817906260659,0.42));
#4820 = CARTESIAN_POINT('',(8.777744043514,0.42));
#4821 = CARTESIAN_POINT('',(8.737581517343,0.42));
#4822 = CARTESIAN_POINT('',(8.697418450777,0.42));
#4823 = CARTESIAN_POINT('',(8.657254783278,0.42));
#4824 = CARTESIAN_POINT('',(8.617090770328,0.42));
#4825 = CARTESIAN_POINT('',(8.576926923215,0.42));
#4826 = CARTESIAN_POINT('',(8.536764763298,0.42));
#4827 = CARTESIAN_POINT('',(8.496604596758,0.42));
#4828 = CARTESIAN_POINT('',(8.456439170135,0.42));
#4829 = CARTESIAN_POINT('',(8.416272694495,0.42));
#4830 = CARTESIAN_POINT('',(8.376105904263,0.42));
#4831 = CARTESIAN_POINT('',(8.335939713716,0.42));
#4832 = CARTESIAN_POINT('',(8.295774396183,0.42));
#4833 = CARTESIAN_POINT('',(8.255609947128,0.42));
#4834 = CARTESIAN_POINT('',(8.215446117088,0.42));
#4835 = CARTESIAN_POINT('',(8.175282523412,0.42));
#4836 = CARTESIAN_POINT('',(8.135118734322,0.42));
#4837 = CARTESIAN_POINT('',(8.09495435862,0.42));
#4838 = CARTESIAN_POINT('',(8.054789131108,0.42));
#4839 = CARTESIAN_POINT('',(8.014623017257,0.42));
#4840 = CARTESIAN_POINT('',(7.974456269797,0.42));
#4841 = CARTESIAN_POINT('',(7.93428969943,0.42));
#4842 = CARTESIAN_POINT('',(7.894124193585,0.42));
#4843 = CARTESIAN_POINT('',(7.853963099385,0.42));
#4844 = CARTESIAN_POINT('',(7.813803437897,0.42));
#4845 = CARTESIAN_POINT('',(7.773643381104,0.42));
#4846 = CARTESIAN_POINT('',(7.733483417655,0.42));
#4847 = CARTESIAN_POINT('',(7.693323419386,0.42));
#4848 = CARTESIAN_POINT('',(7.653163415984,0.42));
#4849 = CARTESIAN_POINT('',(7.613003404881,0.42));
#4850 = CARTESIAN_POINT('',(7.572843390027,0.42));
#4851 = CARTESIAN_POINT('',(7.532683342647,0.42));
#4852 = CARTESIAN_POINT('',(7.492523315674,0.42));
#4853 = CARTESIAN_POINT('',(7.452363248852,0.42));
#4854 = CARTESIAN_POINT('',(7.412203259368,0.42));
#4855 = CARTESIAN_POINT('',(7.372041300392,0.42));
#4856 = CARTESIAN_POINT('',(7.331878978833,0.42));
#4857 = CARTESIAN_POINT('',(7.291716775827,0.42));
#4858 = CARTESIAN_POINT('',(7.251554968084,0.42));
#4859 = CARTESIAN_POINT('',(7.211393523144,0.42));
#4860 = CARTESIAN_POINT('',(7.171232258154,0.42));
#4861 = CARTESIAN_POINT('',(7.13107091895,0.42));
#4862 = CARTESIAN_POINT('',(7.090909281264,0.42));
#4863 = CARTESIAN_POINT('',(7.050747229401,0.42));
#4864 = CARTESIAN_POINT('',(7.010584908942,0.42));
#4865 = CARTESIAN_POINT('',(6.970422631579,0.42));
#4866 = CARTESIAN_POINT('',(6.930261741976,0.42));
#4867 = CARTESIAN_POINT('',(6.890101946639,0.42));
#4868 = CARTESIAN_POINT('',(6.849942360994,0.42));
#4869 = CARTESIAN_POINT('',(6.809779889654,0.42));
#4870 = CARTESIAN_POINT('',(6.769616090606,0.42));
#4871 = CARTESIAN_POINT('',(6.729452114265,0.42));
#4872 = CARTESIAN_POINT('',(6.689288542251,0.42));
#4873 = CARTESIAN_POINT('',(6.649125587968,0.42));
#4874 = CARTESIAN_POINT('',(6.608963184232,0.42));
#4875 = CARTESIAN_POINT('',(6.568801088483,0.42));
#4876 = CARTESIAN_POINT('',(6.528638974883,0.42));
#4877 = CARTESIAN_POINT('',(6.488476523798,0.42));
#4878 = CARTESIAN_POINT('',(6.448313516702,0.42));
#4879 = CARTESIAN_POINT('',(6.408149913547,0.42));
#4880 = CARTESIAN_POINT('',(6.367986016192,0.42));
#4881 = CARTESIAN_POINT('',(6.327822345565,0.42));
#4882 = CARTESIAN_POINT('',(6.287660636347,0.42));
#4883 = CARTESIAN_POINT('',(6.247500722727,0.42));
#4884 = CARTESIAN_POINT('',(6.207339325396,0.42));
#4885 = CARTESIAN_POINT('',(6.167178158082,0.42));
#4886 = CARTESIAN_POINT('',(6.127017164826,0.42));
#4887 = CARTESIAN_POINT('',(6.086856423145,0.42));
#4888 = CARTESIAN_POINT('',(6.046695762466,0.42));
#4889 = CARTESIAN_POINT('',(6.006535003797,0.42));
#4890 = CARTESIAN_POINT('',(5.966373970003,0.42));
#4891 = CARTESIAN_POINT('',(5.926212782837,0.42));
#4892 = CARTESIAN_POINT('',(5.886051252474,0.42));
#4893 = CARTESIAN_POINT('',(5.845891639989,0.42));
#4894 = CARTESIAN_POINT('',(5.805728289746,0.42));
#4895 = CARTESIAN_POINT('',(5.765561659284,0.42));
#4896 = CARTESIAN_POINT('',(5.72539412866,0.42));
#4897 = CARTESIAN_POINT('',(5.685226688224,0.42));
#4898 = CARTESIAN_POINT('',(5.645059996643,0.42));
#4899 = CARTESIAN_POINT('',(5.604894250424,0.42));
#4900 = CARTESIAN_POINT('',(5.564729356962,0.42));
#4901 = CARTESIAN_POINT('',(5.524565014223,0.42));
#4902 = CARTESIAN_POINT('',(5.48440080674,0.42));
#4903 = CARTESIAN_POINT('',(5.44423629149,0.42));
#4904 = CARTESIAN_POINT('',(5.404071085953,0.42));
#4905 = CARTESIAN_POINT('',(5.363904952411,0.42));
#4906 = CARTESIAN_POINT('',(5.323737906903,0.42));
#4907 = CARTESIAN_POINT('',(5.283570261769,0.42));
#4908 = CARTESIAN_POINT('',(5.243402953775,0.42));
#4909 = CARTESIAN_POINT('',(5.203236855995,0.42));
#4910 = CARTESIAN_POINT('',(5.163075942457,0.42));
#4911 = CARTESIAN_POINT('',(5.122915677151,0.42));
#4912 = CARTESIAN_POINT('',(5.082754178928,0.42));
#4913 = CARTESIAN_POINT('',(5.042592899592,0.42));
#4914 = CARTESIAN_POINT('',(5.002431889156,0.42));
#4915 = CARTESIAN_POINT('',(4.962271208269,0.42));
#4916 = CARTESIAN_POINT('',(4.922110682701,0.42));
#4917 = CARTESIAN_POINT('',(4.881950090918,0.42));
#4918 = CARTESIAN_POINT('',(4.841789244215,0.42));
#4919 = CARTESIAN_POINT('',(4.801628049942,0.42));
#4920 = CARTESIAN_POINT('',(4.774853853986,0.42));
#4921 = CARTESIAN_POINT('',(4.761466764499,0.42));
#4922 = ( GEOMETRIC_REPRESENTATION_CONTEXT(2) 
PARAMETRIC_REPRESENTATION_CONTEXT() REPRESENTATION_CONTEXT('2D SPACE',''
  ) );
#4923 = ORIENTED_EDGE('',*,*,#4924,.T.);
#4924 = EDGE_CURVE('',#4482,#4925,#4927,.T.);
#4925 = VERTEX_POINT('',#4926);
#4926 = CARTESIAN_POINT('',(-0.381,-8.382,14.68));
#4927 = SURFACE_CURVE('',#4928,(#4934,#4943),.PCURVE_S1.);
#4928 = B_SPLINE_CURVE_WITH_KNOTS('',4,(#4929,#4930,#4931,#4932,#4933),
  .UNSPECIFIED.,.F.,.F.,(5,5),(0.,1.),.PIECEWISE_BEZIER_KNOTS.);
#4929 = CARTESIAN_POINT('',(-0.381,-1.27,14.68));
#4930 = CARTESIAN_POINT('',(-0.381,-3.047997561121,14.68));
#4931 = CARTESIAN_POINT('',(-0.381,-4.825997639679,14.68));
#4932 = CARTESIAN_POINT('',(-0.381,-6.603997917193,14.68));
#4933 = CARTESIAN_POINT('',(-0.381,-8.382,14.68));
#4934 = PCURVE('',#699,#4935);
#4935 = DEFINITIONAL_REPRESENTATION('',(#4936),#4942);
#4936 = B_SPLINE_CURVE_WITH_KNOTS('',4,(#4937,#4938,#4939,#4940,#4941),
  .UNSPECIFIED.,.F.,.F.,(5,5),(0.,1.),.PIECEWISE_BEZIER_KNOTS.);
#4937 = CARTESIAN_POINT('',(-1.312754981863,0.186278851037));
#4938 = CARTESIAN_POINT('',(-2.927136800254,0.931304119969));
#4939 = CARTESIAN_POINT('',(-4.541516571901,1.676327816124));
#4940 = CARTESIAN_POINT('',(-6.155901365138,2.421340156193));
#4941 = CARTESIAN_POINT('',(-7.770284978837,3.166350743762));
#4942 = ( GEOMETRIC_REPRESENTATION_CONTEXT(2) 
PARAMETRIC_REPRESENTATION_CONTEXT() REPRESENTATION_CONTEXT('2D SPACE',''
  ) );
#4943 = PCURVE('',#4944,#4949);
#4944 = PLANE('',#4945);
#4945 = AXIS2_PLACEMENT_3D('',#4946,#4947,#4948);
#4946 = CARTESIAN_POINT('',(-0.381,-8.382,14.2396));
#4947 = DIRECTION('',(1.,0.,0.));
#4948 = DIRECTION('',(0.,0.,1.));
#4949 = DEFINITIONAL_REPRESENTATION('',(#4950),#4956);
#4950 = B_SPLINE_CURVE_WITH_KNOTS('',4,(#4951,#4952,#4953,#4954,#4955),
  .UNSPECIFIED.,.F.,.F.,(5,5),(0.,1.),.PIECEWISE_BEZIER_KNOTS.);
#4951 = CARTESIAN_POINT('',(0.4404,-7.112));
#4952 = CARTESIAN_POINT('',(0.4404,-5.334002438879));
#4953 = CARTESIAN_POINT('',(0.4404,-3.556002360321));
#4954 = CARTESIAN_POINT('',(0.4404,-1.778002082807));
#4955 = CARTESIAN_POINT('',(0.4404,0.));
#4956 = ( GEOMETRIC_REPRESENTATION_CONTEXT(2) 
PARAMETRIC_REPRESENTATION_CONTEXT() REPRESENTATION_CONTEXT('2D SPACE',''
  ) );
#4957 = ORIENTED_EDGE('',*,*,#4958,.F.);
#4958 = EDGE_CURVE('',#4445,#4925,#4959,.T.);
#4959 = SURFACE_CURVE('',#4960,(#4966,#4975),.PCURVE_S1.);
#4960 = B_SPLINE_CURVE_WITH_KNOTS('',4,(#4961,#4962,#4963,#4964,#4965),
  .UNSPECIFIED.,.F.,.F.,(5,5),(0.,1.),.PIECEWISE_BEZIER_KNOTS.);
#4961 = CARTESIAN_POINT('',(0.381,-8.382,14.68));
#4962 = CARTESIAN_POINT('',(0.190500014632,-8.382,14.68));
#4963 = CARTESIAN_POINT('',(2.192778048027E-08,-8.382,14.68));
#4964 = CARTESIAN_POINT('',(-0.190499982585,-8.382,14.68));
#4965 = CARTESIAN_POINT('',(-0.381,-8.382,14.68));
#4966 = PCURVE('',#699,#4967);
#4967 = DEFINITIONAL_REPRESENTATION('',(#4968),#4974);
#4968 = B_SPLINE_CURVE_WITH_KNOTS('',4,(#4969,#4970,#4971,#4972,#4973),
  .UNSPECIFIED.,.F.,.F.,(5,5),(0.,1.),.PIECEWISE_BEZIER_KNOTS.);
#4969 = CARTESIAN_POINT('',(-7.450984449072,3.858228695333));
#4970 = CARTESIAN_POINT('',(-7.530809634733,3.685259215903));
#4971 = CARTESIAN_POINT('',(-7.610634787855,3.512289729536));
#4972 = CARTESIAN_POINT('',(-7.690459902688,3.339320238505));
#4973 = CARTESIAN_POINT('',(-7.770284978815,3.166350743819));
#4974 = ( GEOMETRIC_REPRESENTATION_CONTEXT(2) 
PARAMETRIC_REPRESENTATION_CONTEXT() REPRESENTATION_CONTEXT('2D SPACE',''
  ) );
#4975 = PCURVE('',#4976,#4981);
#4976 = PLANE('',#4977);
#4977 = AXIS2_PLACEMENT_3D('',#4978,#4979,#4980);
#4978 = CARTESIAN_POINT('',(-0.381,-8.382,14.2396));
#4979 = DIRECTION('',(0.,1.,0.));
#4980 = DIRECTION('',(0.,0.,1.));
#4981 = DEFINITIONAL_REPRESENTATION('',(#4982),#4988);
#4982 = B_SPLINE_CURVE_WITH_KNOTS('',4,(#4983,#4984,#4985,#4986,#4987),
  .UNSPECIFIED.,.F.,.F.,(5,5),(0.,1.),.PIECEWISE_BEZIER_KNOTS.);
#4983 = CARTESIAN_POINT('',(0.4404,0.762));
#4984 = CARTESIAN_POINT('',(0.4404,0.571500014632));
#4985 = CARTESIAN_POINT('',(0.4404,0.381000021928));
#4986 = CARTESIAN_POINT('',(0.4404,0.190500017415));
#4987 = CARTESIAN_POINT('',(0.4404,0.));
#4988 = ( GEOMETRIC_REPRESENTATION_CONTEXT(2) 
PARAMETRIC_REPRESENTATION_CONTEXT() REPRESENTATION_CONTEXT('2D SPACE',''
  ) );
#4989 = ADVANCED_FACE('',(#4990),#1992,.F.);
#4990 = FACE_BOUND('',#4991,.F.);
#4991 = EDGE_LOOP('',(#4992,#5013,#5014,#5035,#5068,#5087,#5088,#5109,
    #5142,#5161,#5162,#5163));
#4992 = ORIENTED_EDGE('',*,*,#4993,.T.);
#4993 = EDGE_CURVE('',#4093,#1592,#4994,.T.);
#4994 = SEAM_CURVE('',#4995,(#4999,#5006),.PCURVE_S1.);
#4995 = LINE('',#4996,#4997);
#4996 = CARTESIAN_POINT('',(1.143,3.556,7.54552));
#4997 = VECTOR('',#4998,1.);
#4998 = DIRECTION('',(0.,-1.,1.110223024625E-16));
#4999 = PCURVE('',#1992,#5000);
#5000 = DEFINITIONAL_REPRESENTATION('',(#5001),#5005);
#5001 = LINE('',#5002,#5003);
#5002 = CARTESIAN_POINT('',(6.28318530718,-0.));
#5003 = VECTOR('',#5004,1.);
#5004 = DIRECTION('',(0.,1.));
#5005 = ( GEOMETRIC_REPRESENTATION_CONTEXT(2) 
PARAMETRIC_REPRESENTATION_CONTEXT() REPRESENTATION_CONTEXT('2D SPACE',''
  ) );
#5006 = PCURVE('',#1992,#5007);
#5007 = DEFINITIONAL_REPRESENTATION('',(#5008),#5012);
#5008 = LINE('',#5009,#5010);
#5009 = CARTESIAN_POINT('',(0.,-0.));
#5010 = VECTOR('',#5011,1.);
#5011 = DIRECTION('',(0.,1.));
#5012 = ( GEOMETRIC_REPRESENTATION_CONTEXT(2) 
PARAMETRIC_REPRESENTATION_CONTEXT() REPRESENTATION_CONTEXT('2D SPACE',''
  ) );
#5013 = ORIENTED_EDGE('',*,*,#1591,.T.);
#5014 = ORIENTED_EDGE('',*,*,#5015,.F.);
#5015 = EDGE_CURVE('',#5016,#1594,#5018,.T.);
#5016 = VERTEX_POINT('',#5017);
#5017 = CARTESIAN_POINT('',(0.28575,-9.6518,6.438815008821));
#5018 = SURFACE_CURVE('',#5019,(#5023,#5029),.PCURVE_S1.);
#5019 = LINE('',#5020,#5021);
#5020 = CARTESIAN_POINT('',(0.28575,3.556,6.438815008821));
#5021 = VECTOR('',#5022,1.);
#5022 = DIRECTION('',(0.,-1.,1.110223024625E-16));
#5023 = PCURVE('',#1992,#5024);
#5024 = DEFINITIONAL_REPRESENTATION('',(#5025),#5028);
#5025 = B_SPLINE_CURVE_WITH_KNOTS('',1,(#5026,#5027),.UNSPECIFIED.,.F.,
  .F.,(2,2),(13.1628,13.51288339274),.PIECEWISE_BEZIER_KNOTS.);
#5026 = CARTESIAN_POINT('',(4.965069235527,13.1628));
#5027 = CARTESIAN_POINT('',(4.965069235527,13.51288339274));
#5028 = ( GEOMETRIC_REPRESENTATION_CONTEXT(2) 
PARAMETRIC_REPRESENTATION_CONTEXT() REPRESENTATION_CONTEXT('2D SPACE',''
  ) );
#5029 = PCURVE('',#3670,#5030);
#5030 = DEFINITIONAL_REPRESENTATION('',(#5031),#5034);
#5031 = B_SPLINE_CURVE_WITH_KNOTS('',1,(#5032,#5033),.UNSPECIFIED.,.F.,
  .F.,(2,2),(13.1628,13.51288339274),.PIECEWISE_BEZIER_KNOTS.);
#5032 = CARTESIAN_POINT('',(3.869815008821,-0.495));
#5033 = CARTESIAN_POINT('',(3.869815008821,-0.14491660726));
#5034 = ( GEOMETRIC_REPRESENTATION_CONTEXT(2) 
PARAMETRIC_REPRESENTATION_CONTEXT() REPRESENTATION_CONTEXT('2D SPACE',''
  ) );
#5035 = ORIENTED_EDGE('',*,*,#5036,.F.);
#5036 = EDGE_CURVE('',#5037,#5016,#5039,.T.);
#5037 = VERTEX_POINT('',#5038);
#5038 = CARTESIAN_POINT('',(-0.28575,-9.6518,6.438815008821));
#5039 = SURFACE_CURVE('',#5040,(#5045,#5052),.PCURVE_S1.);
#5040 = CIRCLE('',#5041,1.143);
#5041 = AXIS2_PLACEMENT_3D('',#5042,#5043,#5044);
#5042 = CARTESIAN_POINT('',(0.,-9.6518,7.54552));
#5043 = DIRECTION('',(0.,-1.,1.110223024625E-16));
#5044 = DIRECTION('',(1.,0.,0.));
#5045 = PCURVE('',#1992,#5046);
#5046 = DEFINITIONAL_REPRESENTATION('',(#5047),#5051);
#5047 = LINE('',#5048,#5049);
#5048 = CARTESIAN_POINT('',(0.,13.2078));
#5049 = VECTOR('',#5050,1.);
#5050 = DIRECTION('',(1.,0.));
#5051 = ( GEOMETRIC_REPRESENTATION_CONTEXT(2) 
PARAMETRIC_REPRESENTATION_CONTEXT() REPRESENTATION_CONTEXT('2D SPACE',''
  ) );
#5052 = PCURVE('',#5053,#5058);
#5053 = PLANE('',#5054);
#5054 = AXIS2_PLACEMENT_3D('',#5055,#5056,#5057);
#5055 = CARTESIAN_POINT('',(-0.28575,-9.6518,2.569));
#5056 = DIRECTION('',(0.,1.,0.));
#5057 = DIRECTION('',(0.,0.,1.));
#5058 = DEFINITIONAL_REPRESENTATION('',(#5059),#5067);
#5059 = ( BOUNDED_CURVE() B_SPLINE_CURVE(2,(#5060,#5061,#5062,#5063,
#5064,#5065,#5066),.UNSPECIFIED.,.T.,.F.) B_SPLINE_CURVE_WITH_KNOTS((1,2
    ,2,2,2,1),(-2.094395102393,0.,2.094395102393,4.188790204786,
6.28318530718,8.377580409573),.UNSPECIFIED.) CURVE() 
GEOMETRIC_REPRESENTATION_ITEM() RATIONAL_B_SPLINE_CURVE((1.,0.5,1.,0.5,
1.,0.5,1.)) REPRESENTATION_ITEM('') );
#5060 = CARTESIAN_POINT('',(4.97652,1.42875));
#5061 = CARTESIAN_POINT('',(6.956254073051,1.42875));
#5062 = CARTESIAN_POINT('',(5.966387036526,-0.28575));
#5063 = CARTESIAN_POINT('',(4.97652,-2.00025));
#5064 = CARTESIAN_POINT('',(3.986652963474,-0.28575));
#5065 = CARTESIAN_POINT('',(2.996785926949,1.42875));
#5066 = CARTESIAN_POINT('',(4.97652,1.42875));
#5067 = ( GEOMETRIC_REPRESENTATION_CONTEXT(2) 
PARAMETRIC_REPRESENTATION_CONTEXT() REPRESENTATION_CONTEXT('2D SPACE',''
  ) );
#5068 = ORIENTED_EDGE('',*,*,#5069,.T.);
#5069 = EDGE_CURVE('',#5037,#2956,#5070,.T.);
#5070 = SURFACE_CURVE('',#5071,(#5075,#5081),.PCURVE_S1.);
#5071 = LINE('',#5072,#5073);
#5072 = CARTESIAN_POINT('',(-0.28575,3.556,6.438815008821));
#5073 = VECTOR('',#5074,1.);
#5074 = DIRECTION('',(0.,-1.,1.110223024625E-16));
#5075 = PCURVE('',#1992,#5076);
#5076 = DEFINITIONAL_REPRESENTATION('',(#5077),#5080);
#5077 = B_SPLINE_CURVE_WITH_KNOTS('',1,(#5078,#5079),.UNSPECIFIED.,.F.,
  .F.,(2,2),(13.1628,13.51288339274),.PIECEWISE_BEZIER_KNOTS.);
#5078 = CARTESIAN_POINT('',(4.459708725243,13.1628));
#5079 = CARTESIAN_POINT('',(4.459708725243,13.51288339274));
#5080 = ( GEOMETRIC_REPRESENTATION_CONTEXT(2) 
PARAMETRIC_REPRESENTATION_CONTEXT() REPRESENTATION_CONTEXT('2D SPACE',''
  ) );
#5081 = PCURVE('',#3601,#5082);
#5082 = DEFINITIONAL_REPRESENTATION('',(#5083),#5086);
#5083 = B_SPLINE_CURVE_WITH_KNOTS('',1,(#5084,#5085),.UNSPECIFIED.,.F.,
  .F.,(2,2),(13.1628,13.51288339274),.PIECEWISE_BEZIER_KNOTS.);
#5084 = CARTESIAN_POINT('',(3.869815008821,-0.495));
#5085 = CARTESIAN_POINT('',(3.869815008821,-0.14491660726));
#5086 = ( GEOMETRIC_REPRESENTATION_CONTEXT(2) 
PARAMETRIC_REPRESENTATION_CONTEXT() REPRESENTATION_CONTEXT('2D SPACE',''
  ) );
#5087 = ORIENTED_EDGE('',*,*,#2955,.T.);
#5088 = ORIENTED_EDGE('',*,*,#5089,.F.);
#5089 = EDGE_CURVE('',#5090,#2922,#5092,.T.);
#5090 = VERTEX_POINT('',#5091);
#5091 = CARTESIAN_POINT('',(-0.28575,-9.6518,8.652224991179));
#5092 = SURFACE_CURVE('',#5093,(#5097,#5103),.PCURVE_S1.);
#5093 = LINE('',#5094,#5095);
#5094 = CARTESIAN_POINT('',(-0.28575,3.556,8.652224991179));
#5095 = VECTOR('',#5096,1.);
#5096 = DIRECTION('',(0.,-1.,1.110223024625E-16));
#5097 = PCURVE('',#1992,#5098);
#5098 = DEFINITIONAL_REPRESENTATION('',(#5099),#5102);
#5099 = B_SPLINE_CURVE_WITH_KNOTS('',1,(#5100,#5101),.UNSPECIFIED.,.F.,
  .F.,(2,2),(13.1628,13.51288339274),.PIECEWISE_BEZIER_KNOTS.);
#5100 = CARTESIAN_POINT('',(1.823476581937,13.1628));
#5101 = CARTESIAN_POINT('',(1.823476581937,13.51288339274));
#5102 = ( GEOMETRIC_REPRESENTATION_CONTEXT(2) 
PARAMETRIC_REPRESENTATION_CONTEXT() REPRESENTATION_CONTEXT('2D SPACE',''
  ) );
#5103 = PCURVE('',#2941,#5104);
#5104 = DEFINITIONAL_REPRESENTATION('',(#5105),#5108);
#5105 = B_SPLINE_CURVE_WITH_KNOTS('',1,(#5106,#5107),.UNSPECIFIED.,.F.,
  .F.,(2,2),(13.1628,13.51288339274),.PIECEWISE_BEZIER_KNOTS.);
#5106 = CARTESIAN_POINT('',(6.083224991179,-0.495));
#5107 = CARTESIAN_POINT('',(6.083224991179,-0.14491660726));
#5108 = ( GEOMETRIC_REPRESENTATION_CONTEXT(2) 
PARAMETRIC_REPRESENTATION_CONTEXT() REPRESENTATION_CONTEXT('2D SPACE',''
  ) );
#5109 = ORIENTED_EDGE('',*,*,#5110,.F.);
#5110 = EDGE_CURVE('',#5111,#5090,#5113,.T.);
#5111 = VERTEX_POINT('',#5112);
#5112 = CARTESIAN_POINT('',(0.28575,-9.6518,8.652224991179));
#5113 = SURFACE_CURVE('',#5114,(#5119,#5126),.PCURVE_S1.);
#5114 = CIRCLE('',#5115,1.143);
#5115 = AXIS2_PLACEMENT_3D('',#5116,#5117,#5118);
#5116 = CARTESIAN_POINT('',(0.,-9.6518,7.54552));
#5117 = DIRECTION('',(0.,-1.,1.110223024625E-16));
#5118 = DIRECTION('',(1.,0.,0.));
#5119 = PCURVE('',#1992,#5120);
#5120 = DEFINITIONAL_REPRESENTATION('',(#5121),#5125);
#5121 = LINE('',#5122,#5123);
#5122 = CARTESIAN_POINT('',(0.,13.2078));
#5123 = VECTOR('',#5124,1.);
#5124 = DIRECTION('',(1.,0.));
#5125 = ( GEOMETRIC_REPRESENTATION_CONTEXT(2) 
PARAMETRIC_REPRESENTATION_CONTEXT() REPRESENTATION_CONTEXT('2D SPACE',''
  ) );
#5126 = PCURVE('',#5127,#5132);
#5127 = PLANE('',#5128);
#5128 = AXIS2_PLACEMENT_3D('',#5129,#5130,#5131);
#5129 = CARTESIAN_POINT('',(-0.28575,-9.6518,2.569));
#5130 = DIRECTION('',(0.,1.,0.));
#5131 = DIRECTION('',(0.,0.,1.));
#5132 = DEFINITIONAL_REPRESENTATION('',(#5133),#5141);
#5133 = ( BOUNDED_CURVE() B_SPLINE_CURVE(2,(#5134,#5135,#5136,#5137,
#5138,#5139,#5140),.UNSPECIFIED.,.T.,.F.) B_SPLINE_CURVE_WITH_KNOTS((1,2
    ,2,2,2,1),(-2.094395102393,0.,2.094395102393,4.188790204786,
6.28318530718,8.377580409573),.UNSPECIFIED.) CURVE() 
GEOMETRIC_REPRESENTATION_ITEM() RATIONAL_B_SPLINE_CURVE((1.,0.5,1.,0.5,
1.,0.5,1.)) REPRESENTATION_ITEM('') );
#5134 = CARTESIAN_POINT('',(4.97652,1.42875));
#5135 = CARTESIAN_POINT('',(6.956254073051,1.42875));
#5136 = CARTESIAN_POINT('',(5.966387036526,-0.28575));
#5137 = CARTESIAN_POINT('',(4.97652,-2.00025));
#5138 = CARTESIAN_POINT('',(3.986652963474,-0.28575));
#5139 = CARTESIAN_POINT('',(2.996785926949,1.42875));
#5140 = CARTESIAN_POINT('',(4.97652,1.42875));
#5141 = ( GEOMETRIC_REPRESENTATION_CONTEXT(2) 
PARAMETRIC_REPRESENTATION_CONTEXT() REPRESENTATION_CONTEXT('2D SPACE',''
  ) );
#5142 = ORIENTED_EDGE('',*,*,#5143,.T.);
#5143 = EDGE_CURVE('',#5111,#2225,#5144,.T.);
#5144 = SURFACE_CURVE('',#5145,(#5149,#5155),.PCURVE_S1.);
#5145 = LINE('',#5146,#5147);
#5146 = CARTESIAN_POINT('',(0.28575,3.556,8.652224991179));
#5147 = VECTOR('',#5148,1.);
#5148 = DIRECTION('',(0.,-1.,1.110223024625E-16));
#5149 = PCURVE('',#1992,#5150);
#5150 = DEFINITIONAL_REPRESENTATION('',(#5151),#5154);
#5151 = B_SPLINE_CURVE_WITH_KNOTS('',1,(#5152,#5153),.UNSPECIFIED.,.F.,
  .F.,(2,2),(13.1628,13.51288339274),.PIECEWISE_BEZIER_KNOTS.);
#5152 = CARTESIAN_POINT('',(1.318116071653,13.1628));
#5153 = CARTESIAN_POINT('',(1.318116071653,13.51288339274));
#5154 = ( GEOMETRIC_REPRESENTATION_CONTEXT(2) 
PARAMETRIC_REPRESENTATION_CONTEXT() REPRESENTATION_CONTEXT('2D SPACE',''
  ) );
#5155 = PCURVE('',#2870,#5156);
#5156 = DEFINITIONAL_REPRESENTATION('',(#5157),#5160);
#5157 = B_SPLINE_CURVE_WITH_KNOTS('',1,(#5158,#5159),.UNSPECIFIED.,.F.,
  .F.,(2,2),(13.1628,13.51288339274),.PIECEWISE_BEZIER_KNOTS.);
#5158 = CARTESIAN_POINT('',(6.083224991179,-0.495));
#5159 = CARTESIAN_POINT('',(6.083224991179,-0.14491660726));
#5160 = ( GEOMETRIC_REPRESENTATION_CONTEXT(2) 
PARAMETRIC_REPRESENTATION_CONTEXT() REPRESENTATION_CONTEXT('2D SPACE',''
  ) );
#5161 = ORIENTED_EDGE('',*,*,#2224,.T.);
#5162 = ORIENTED_EDGE('',*,*,#4993,.F.);
#5163 = ORIENTED_EDGE('',*,*,#4092,.T.);
#5164 = ADVANCED_FACE('',(#5165),#3670,.F.);
#5165 = FACE_BOUND('',#5166,.F.);
#5166 = EDGE_LOOP('',(#5167,#5168,#5191,#5212));
#5167 = ORIENTED_EDGE('',*,*,#3652,.T.);
#5168 = ORIENTED_EDGE('',*,*,#5169,.T.);
#5169 = EDGE_CURVE('',#3616,#5170,#5172,.T.);
#5170 = VERTEX_POINT('',#5171);
#5171 = CARTESIAN_POINT('',(0.28575,-9.6518,2.569));
#5172 = SURFACE_CURVE('',#5173,(#5177,#5184),.PCURVE_S1.);
#5173 = LINE('',#5174,#5175);
#5174 = CARTESIAN_POINT('',(0.28575,-10.1018,2.569));
#5175 = VECTOR('',#5176,1.);
#5176 = DIRECTION('',(0.,1.,0.));
#5177 = PCURVE('',#3670,#5178);
#5178 = DEFINITIONAL_REPRESENTATION('',(#5179),#5183);
#5179 = LINE('',#5180,#5181);
#5180 = CARTESIAN_POINT('',(0.,0.));
#5181 = VECTOR('',#5182,1.);
#5182 = DIRECTION('',(0.,-1.));
#5183 = ( GEOMETRIC_REPRESENTATION_CONTEXT(2) 
PARAMETRIC_REPRESENTATION_CONTEXT() REPRESENTATION_CONTEXT('2D SPACE',''
  ) );
#5184 = PCURVE('',#3637,#5185);
#5185 = DEFINITIONAL_REPRESENTATION('',(#5186),#5190);
#5186 = LINE('',#5187,#5188);
#5187 = CARTESIAN_POINT('',(0.5715,0.));
#5188 = VECTOR('',#5189,1.);
#5189 = DIRECTION('',(0.,1.));
#5190 = ( GEOMETRIC_REPRESENTATION_CONTEXT(2) 
PARAMETRIC_REPRESENTATION_CONTEXT() REPRESENTATION_CONTEXT('2D SPACE',''
  ) );
#5191 = ORIENTED_EDGE('',*,*,#5192,.T.);
#5192 = EDGE_CURVE('',#5170,#5016,#5193,.T.);
#5193 = SURFACE_CURVE('',#5194,(#5198,#5205),.PCURVE_S1.);
#5194 = LINE('',#5195,#5196);
#5195 = CARTESIAN_POINT('',(0.28575,-9.6518,2.569));
#5196 = VECTOR('',#5197,1.);
#5197 = DIRECTION('',(0.,0.,1.));
#5198 = PCURVE('',#3670,#5199);
#5199 = DEFINITIONAL_REPRESENTATION('',(#5200),#5204);
#5200 = LINE('',#5201,#5202);
#5201 = CARTESIAN_POINT('',(0.,-0.45));
#5202 = VECTOR('',#5203,1.);
#5203 = DIRECTION('',(1.,0.));
#5204 = ( GEOMETRIC_REPRESENTATION_CONTEXT(2) 
PARAMETRIC_REPRESENTATION_CONTEXT() REPRESENTATION_CONTEXT('2D SPACE',''
  ) );
#5205 = PCURVE('',#5053,#5206);
#5206 = DEFINITIONAL_REPRESENTATION('',(#5207),#5211);
#5207 = LINE('',#5208,#5209);
#5208 = CARTESIAN_POINT('',(0.,0.5715));
#5209 = VECTOR('',#5210,1.);
#5210 = DIRECTION('',(1.,0.));
#5211 = ( GEOMETRIC_REPRESENTATION_CONTEXT(2) 
PARAMETRIC_REPRESENTATION_CONTEXT() REPRESENTATION_CONTEXT('2D SPACE',''
  ) );
#5212 = ORIENTED_EDGE('',*,*,#5015,.T.);
#5213 = ADVANCED_FACE('',(#5214),#3637,.T.);
#5214 = FACE_BOUND('',#5215,.T.);
#5215 = EDGE_LOOP('',(#5216,#5239,#5240,#5241));
#5216 = ORIENTED_EDGE('',*,*,#5217,.F.);
#5217 = EDGE_CURVE('',#3582,#5218,#5220,.T.);
#5218 = VERTEX_POINT('',#5219);
#5219 = CARTESIAN_POINT('',(-0.28575,-9.6518,2.569));
#5220 = SURFACE_CURVE('',#5221,(#5225,#5232),.PCURVE_S1.);
#5221 = LINE('',#5222,#5223);
#5222 = CARTESIAN_POINT('',(-0.28575,-10.1018,2.569));
#5223 = VECTOR('',#5224,1.);
#5224 = DIRECTION('',(0.,1.,0.));
#5225 = PCURVE('',#3637,#5226);
#5226 = DEFINITIONAL_REPRESENTATION('',(#5227),#5231);
#5227 = LINE('',#5228,#5229);
#5228 = CARTESIAN_POINT('',(0.,0.));
#5229 = VECTOR('',#5230,1.);
#5230 = DIRECTION('',(0.,1.));
#5231 = ( GEOMETRIC_REPRESENTATION_CONTEXT(2) 
PARAMETRIC_REPRESENTATION_CONTEXT() REPRESENTATION_CONTEXT('2D SPACE',''
  ) );
#5232 = PCURVE('',#3601,#5233);
#5233 = DEFINITIONAL_REPRESENTATION('',(#5234),#5238);
#5234 = LINE('',#5235,#5236);
#5235 = CARTESIAN_POINT('',(0.,0.));
#5236 = VECTOR('',#5237,1.);
#5237 = DIRECTION('',(0.,-1.));
#5238 = ( GEOMETRIC_REPRESENTATION_CONTEXT(2) 
PARAMETRIC_REPRESENTATION_CONTEXT() REPRESENTATION_CONTEXT('2D SPACE',''
  ) );
#5239 = ORIENTED_EDGE('',*,*,#3615,.F.);
#5240 = ORIENTED_EDGE('',*,*,#5169,.T.);
#5241 = ORIENTED_EDGE('',*,*,#5242,.F.);
#5242 = EDGE_CURVE('',#5218,#5170,#5243,.T.);
#5243 = SURFACE_CURVE('',#5244,(#5248,#5255),.PCURVE_S1.);
#5244 = LINE('',#5245,#5246);
#5245 = CARTESIAN_POINT('',(-0.28575,-9.6518,2.569));
#5246 = VECTOR('',#5247,1.);
#5247 = DIRECTION('',(1.,0.,0.));
#5248 = PCURVE('',#3637,#5249);
#5249 = DEFINITIONAL_REPRESENTATION('',(#5250),#5254);
#5250 = LINE('',#5251,#5252);
#5251 = CARTESIAN_POINT('',(0.,0.45));
#5252 = VECTOR('',#5253,1.);
#5253 = DIRECTION('',(1.,0.));
#5254 = ( GEOMETRIC_REPRESENTATION_CONTEXT(2) 
PARAMETRIC_REPRESENTATION_CONTEXT() REPRESENTATION_CONTEXT('2D SPACE',''
  ) );
#5255 = PCURVE('',#5053,#5256);
#5256 = DEFINITIONAL_REPRESENTATION('',(#5257),#5261);
#5257 = LINE('',#5258,#5259);
#5258 = CARTESIAN_POINT('',(0.,0.));
#5259 = VECTOR('',#5260,1.);
#5260 = DIRECTION('',(0.,1.));
#5261 = ( GEOMETRIC_REPRESENTATION_CONTEXT(2) 
PARAMETRIC_REPRESENTATION_CONTEXT() REPRESENTATION_CONTEXT('2D SPACE',''
  ) );
#5262 = ADVANCED_FACE('',(#5263),#3601,.T.);
#5263 = FACE_BOUND('',#5264,.T.);
#5264 = EDGE_LOOP('',(#5265,#5266,#5267,#5288));
#5265 = ORIENTED_EDGE('',*,*,#3581,.T.);
#5266 = ORIENTED_EDGE('',*,*,#5217,.T.);
#5267 = ORIENTED_EDGE('',*,*,#5268,.T.);
#5268 = EDGE_CURVE('',#5218,#5037,#5269,.T.);
#5269 = SURFACE_CURVE('',#5270,(#5274,#5281),.PCURVE_S1.);
#5270 = LINE('',#5271,#5272);
#5271 = CARTESIAN_POINT('',(-0.28575,-9.6518,2.569));
#5272 = VECTOR('',#5273,1.);
#5273 = DIRECTION('',(0.,0.,1.));
#5274 = PCURVE('',#3601,#5275);
#5275 = DEFINITIONAL_REPRESENTATION('',(#5276),#5280);
#5276 = LINE('',#5277,#5278);
#5277 = CARTESIAN_POINT('',(0.,-0.45));
#5278 = VECTOR('',#5279,1.);
#5279 = DIRECTION('',(1.,0.));
#5280 = ( GEOMETRIC_REPRESENTATION_CONTEXT(2) 
PARAMETRIC_REPRESENTATION_CONTEXT() REPRESENTATION_CONTEXT('2D SPACE',''
  ) );
#5281 = PCURVE('',#5053,#5282);
#5282 = DEFINITIONAL_REPRESENTATION('',(#5283),#5287);
#5283 = LINE('',#5284,#5285);
#5284 = CARTESIAN_POINT('',(0.,0.));
#5285 = VECTOR('',#5286,1.);
#5286 = DIRECTION('',(1.,0.));
#5287 = ( GEOMETRIC_REPRESENTATION_CONTEXT(2) 
PARAMETRIC_REPRESENTATION_CONTEXT() REPRESENTATION_CONTEXT('2D SPACE',''
  ) );
#5288 = ORIENTED_EDGE('',*,*,#5069,.T.);
#5289 = ADVANCED_FACE('',(#5290),#2941,.T.);
#5290 = FACE_BOUND('',#5291,.T.);
#5291 = EDGE_LOOP('',(#5292,#5315,#5316,#5317));
#5292 = ORIENTED_EDGE('',*,*,#5293,.F.);
#5293 = EDGE_CURVE('',#2885,#5294,#5296,.T.);
#5294 = VERTEX_POINT('',#5295);
#5295 = CARTESIAN_POINT('',(-0.28575,-9.6518,10.643));
#5296 = SURFACE_CURVE('',#5297,(#5301,#5308),.PCURVE_S1.);
#5297 = LINE('',#5298,#5299);
#5298 = CARTESIAN_POINT('',(-0.28575,-10.1018,10.643));
#5299 = VECTOR('',#5300,1.);
#5300 = DIRECTION('',(0.,1.,0.));
#5301 = PCURVE('',#2941,#5302);
#5302 = DEFINITIONAL_REPRESENTATION('',(#5303),#5307);
#5303 = LINE('',#5304,#5305);
#5304 = CARTESIAN_POINT('',(8.074,0.));
#5305 = VECTOR('',#5306,1.);
#5306 = DIRECTION('',(0.,-1.));
#5307 = ( GEOMETRIC_REPRESENTATION_CONTEXT(2) 
PARAMETRIC_REPRESENTATION_CONTEXT() REPRESENTATION_CONTEXT('2D SPACE',''
  ) );
#5308 = PCURVE('',#2906,#5309);
#5309 = DEFINITIONAL_REPRESENTATION('',(#5310),#5314);
#5310 = LINE('',#5311,#5312);
#5311 = CARTESIAN_POINT('',(0.,0.));
#5312 = VECTOR('',#5313,1.);
#5313 = DIRECTION('',(0.,1.));
#5314 = ( GEOMETRIC_REPRESENTATION_CONTEXT(2) 
PARAMETRIC_REPRESENTATION_CONTEXT() REPRESENTATION_CONTEXT('2D SPACE',''
  ) );
#5315 = ORIENTED_EDGE('',*,*,#2921,.T.);
#5316 = ORIENTED_EDGE('',*,*,#5089,.F.);
#5317 = ORIENTED_EDGE('',*,*,#5318,.T.);
#5318 = EDGE_CURVE('',#5090,#5294,#5319,.T.);
#5319 = SURFACE_CURVE('',#5320,(#5324,#5331),.PCURVE_S1.);
#5320 = LINE('',#5321,#5322);
#5321 = CARTESIAN_POINT('',(-0.28575,-9.6518,2.569));
#5322 = VECTOR('',#5323,1.);
#5323 = DIRECTION('',(0.,0.,1.));
#5324 = PCURVE('',#2941,#5325);
#5325 = DEFINITIONAL_REPRESENTATION('',(#5326),#5330);
#5326 = LINE('',#5327,#5328);
#5327 = CARTESIAN_POINT('',(0.,-0.45));
#5328 = VECTOR('',#5329,1.);
#5329 = DIRECTION('',(1.,0.));
#5330 = ( GEOMETRIC_REPRESENTATION_CONTEXT(2) 
PARAMETRIC_REPRESENTATION_CONTEXT() REPRESENTATION_CONTEXT('2D SPACE',''
  ) );
#5331 = PCURVE('',#5127,#5332);
#5332 = DEFINITIONAL_REPRESENTATION('',(#5333),#5337);
#5333 = LINE('',#5334,#5335);
#5334 = CARTESIAN_POINT('',(0.,0.));
#5335 = VECTOR('',#5336,1.);
#5336 = DIRECTION('',(1.,0.));
#5337 = ( GEOMETRIC_REPRESENTATION_CONTEXT(2) 
PARAMETRIC_REPRESENTATION_CONTEXT() REPRESENTATION_CONTEXT('2D SPACE',''
  ) );
#5338 = ADVANCED_FACE('',(#5339),#2906,.F.);
#5339 = FACE_BOUND('',#5340,.F.);
#5340 = EDGE_LOOP('',(#5341,#5342,#5343,#5366));
#5341 = ORIENTED_EDGE('',*,*,#5293,.F.);
#5342 = ORIENTED_EDGE('',*,*,#2884,.F.);
#5343 = ORIENTED_EDGE('',*,*,#5344,.T.);
#5344 = EDGE_CURVE('',#2851,#5345,#5347,.T.);
#5345 = VERTEX_POINT('',#5346);
#5346 = CARTESIAN_POINT('',(0.28575,-9.6518,10.643));
#5347 = SURFACE_CURVE('',#5348,(#5352,#5359),.PCURVE_S1.);
#5348 = LINE('',#5349,#5350);
#5349 = CARTESIAN_POINT('',(0.28575,-10.1018,10.643));
#5350 = VECTOR('',#5351,1.);
#5351 = DIRECTION('',(0.,1.,0.));
#5352 = PCURVE('',#2906,#5353);
#5353 = DEFINITIONAL_REPRESENTATION('',(#5354),#5358);
#5354 = LINE('',#5355,#5356);
#5355 = CARTESIAN_POINT('',(0.5715,0.));
#5356 = VECTOR('',#5357,1.);
#5357 = DIRECTION('',(0.,1.));
#5358 = ( GEOMETRIC_REPRESENTATION_CONTEXT(2) 
PARAMETRIC_REPRESENTATION_CONTEXT() REPRESENTATION_CONTEXT('2D SPACE',''
  ) );
#5359 = PCURVE('',#2870,#5360);
#5360 = DEFINITIONAL_REPRESENTATION('',(#5361),#5365);
#5361 = LINE('',#5362,#5363);
#5362 = CARTESIAN_POINT('',(8.074,0.));
#5363 = VECTOR('',#5364,1.);
#5364 = DIRECTION('',(0.,-1.));
#5365 = ( GEOMETRIC_REPRESENTATION_CONTEXT(2) 
PARAMETRIC_REPRESENTATION_CONTEXT() REPRESENTATION_CONTEXT('2D SPACE',''
  ) );
#5366 = ORIENTED_EDGE('',*,*,#5367,.F.);
#5367 = EDGE_CURVE('',#5294,#5345,#5368,.T.);
#5368 = SURFACE_CURVE('',#5369,(#5373,#5380),.PCURVE_S1.);
#5369 = LINE('',#5370,#5371);
#5370 = CARTESIAN_POINT('',(-0.28575,-9.6518,10.643));
#5371 = VECTOR('',#5372,1.);
#5372 = DIRECTION('',(1.,0.,0.));
#5373 = PCURVE('',#2906,#5374);
#5374 = DEFINITIONAL_REPRESENTATION('',(#5375),#5379);
#5375 = LINE('',#5376,#5377);
#5376 = CARTESIAN_POINT('',(0.,0.45));
#5377 = VECTOR('',#5378,1.);
#5378 = DIRECTION('',(1.,0.));
#5379 = ( GEOMETRIC_REPRESENTATION_CONTEXT(2) 
PARAMETRIC_REPRESENTATION_CONTEXT() REPRESENTATION_CONTEXT('2D SPACE',''
  ) );
#5380 = PCURVE('',#5127,#5381);
#5381 = DEFINITIONAL_REPRESENTATION('',(#5382),#5386);
#5382 = LINE('',#5383,#5384);
#5383 = CARTESIAN_POINT('',(8.074,0.));
#5384 = VECTOR('',#5385,1.);
#5385 = DIRECTION('',(0.,1.));
#5386 = ( GEOMETRIC_REPRESENTATION_CONTEXT(2) 
PARAMETRIC_REPRESENTATION_CONTEXT() REPRESENTATION_CONTEXT('2D SPACE',''
  ) );
#5387 = ADVANCED_FACE('',(#5388),#2870,.F.);
#5388 = FACE_BOUND('',#5389,.F.);
#5389 = EDGE_LOOP('',(#5390,#5391,#5392,#5393));
#5390 = ORIENTED_EDGE('',*,*,#5344,.F.);
#5391 = ORIENTED_EDGE('',*,*,#2850,.T.);
#5392 = ORIENTED_EDGE('',*,*,#5143,.F.);
#5393 = ORIENTED_EDGE('',*,*,#5394,.T.);
#5394 = EDGE_CURVE('',#5111,#5345,#5395,.T.);
#5395 = SURFACE_CURVE('',#5396,(#5400,#5407),.PCURVE_S1.);
#5396 = LINE('',#5397,#5398);
#5397 = CARTESIAN_POINT('',(0.28575,-9.6518,2.569));
#5398 = VECTOR('',#5399,1.);
#5399 = DIRECTION('',(0.,0.,1.));
#5400 = PCURVE('',#2870,#5401);
#5401 = DEFINITIONAL_REPRESENTATION('',(#5402),#5406);
#5402 = LINE('',#5403,#5404);
#5403 = CARTESIAN_POINT('',(0.,-0.45));
#5404 = VECTOR('',#5405,1.);
#5405 = DIRECTION('',(1.,0.));
#5406 = ( GEOMETRIC_REPRESENTATION_CONTEXT(2) 
PARAMETRIC_REPRESENTATION_CONTEXT() REPRESENTATION_CONTEXT('2D SPACE',''
  ) );
#5407 = PCURVE('',#5127,#5408);
#5408 = DEFINITIONAL_REPRESENTATION('',(#5409),#5413);
#5409 = LINE('',#5410,#5411);
#5410 = CARTESIAN_POINT('',(0.,0.5715));
#5411 = VECTOR('',#5412,1.);
#5412 = DIRECTION('',(1.,0.));
#5413 = ( GEOMETRIC_REPRESENTATION_CONTEXT(2) 
PARAMETRIC_REPRESENTATION_CONTEXT() REPRESENTATION_CONTEXT('2D SPACE',''
  ) );
#5414 = ADVANCED_FACE('',(#5415),#3726,.F.);
#5415 = FACE_BOUND('',#5416,.F.);
#5416 = EDGE_LOOP('',(#5417));
#5417 = ORIENTED_EDGE('',*,*,#3711,.T.);
#5418 = ADVANCED_FACE('',(#5419),#3971,.F.);
#5419 = FACE_BOUND('',#5420,.F.);
#5420 = EDGE_LOOP('',(#5421,#5422,#5445,#5472));
#5421 = ORIENTED_EDGE('',*,*,#3741,.F.);
#5422 = ORIENTED_EDGE('',*,*,#5423,.F.);
#5423 = EDGE_CURVE('',#5424,#3742,#5426,.T.);
#5424 = VERTEX_POINT('',#5425);
#5425 = CARTESIAN_POINT('',(1.143,3.556,7.54552));
#5426 = SEAM_CURVE('',#5427,(#5431,#5438),.PCURVE_S1.);
#5427 = LINE('',#5428,#5429);
#5428 = CARTESIAN_POINT('',(1.143,3.556,7.54552));
#5429 = VECTOR('',#5430,1.);
#5430 = DIRECTION('',(0.,-1.,1.110223024625E-16));
#5431 = PCURVE('',#3971,#5432);
#5432 = DEFINITIONAL_REPRESENTATION('',(#5433),#5437);
#5433 = LINE('',#5434,#5435);
#5434 = CARTESIAN_POINT('',(6.28318530718,-0.));
#5435 = VECTOR('',#5436,1.);
#5436 = DIRECTION('',(0.,1.));
#5437 = ( GEOMETRIC_REPRESENTATION_CONTEXT(2) 
PARAMETRIC_REPRESENTATION_CONTEXT() REPRESENTATION_CONTEXT('2D SPACE',''
  ) );
#5438 = PCURVE('',#3971,#5439);
#5439 = DEFINITIONAL_REPRESENTATION('',(#5440),#5444);
#5440 = LINE('',#5441,#5442);
#5441 = CARTESIAN_POINT('',(0.,-0.));
#5442 = VECTOR('',#5443,1.);
#5443 = DIRECTION('',(0.,1.));
#5444 = ( GEOMETRIC_REPRESENTATION_CONTEXT(2) 
PARAMETRIC_REPRESENTATION_CONTEXT() REPRESENTATION_CONTEXT('2D SPACE',''
  ) );
#5445 = ORIENTED_EDGE('',*,*,#5446,.T.);
#5446 = EDGE_CURVE('',#5424,#5424,#5447,.T.);
#5447 = SURFACE_CURVE('',#5448,(#5453,#5460),.PCURVE_S1.);
#5448 = CIRCLE('',#5449,1.143);
#5449 = AXIS2_PLACEMENT_3D('',#5450,#5451,#5452);
#5450 = CARTESIAN_POINT('',(0.,3.556,7.54552));
#5451 = DIRECTION('',(0.,-1.,1.110223024625E-16));
#5452 = DIRECTION('',(1.,0.,0.));
#5453 = PCURVE('',#3971,#5454);
#5454 = DEFINITIONAL_REPRESENTATION('',(#5455),#5459);
#5455 = LINE('',#5456,#5457);
#5456 = CARTESIAN_POINT('',(0.,0.));
#5457 = VECTOR('',#5458,1.);
#5458 = DIRECTION('',(1.,0.));
#5459 = ( GEOMETRIC_REPRESENTATION_CONTEXT(2) 
PARAMETRIC_REPRESENTATION_CONTEXT() REPRESENTATION_CONTEXT('2D SPACE',''
  ) );
#5460 = PCURVE('',#5461,#5466);
#5461 = PLANE('',#5462);
#5462 = AXIS2_PLACEMENT_3D('',#5463,#5464,#5465);
#5463 = CARTESIAN_POINT('',(0.,3.556,7.54552));
#5464 = DIRECTION('',(0.,-1.,1.110223024625E-16));
#5465 = DIRECTION('',(1.,0.,0.));
#5466 = DEFINITIONAL_REPRESENTATION('',(#5467),#5471);
#5467 = CIRCLE('',#5468,1.143);
#5468 = AXIS2_PLACEMENT_2D('',#5469,#5470);
#5469 = CARTESIAN_POINT('',(0.,0.));
#5470 = DIRECTION('',(1.,0.));
#5471 = ( GEOMETRIC_REPRESENTATION_CONTEXT(2) 
PARAMETRIC_REPRESENTATION_CONTEXT() REPRESENTATION_CONTEXT('2D SPACE',''
  ) );
#5472 = ORIENTED_EDGE('',*,*,#5423,.T.);
#5473 = ADVANCED_FACE('',(#5474),#4466,.F.);
#5474 = FACE_BOUND('',#5475,.F.);
#5475 = EDGE_LOOP('',(#5476,#5499,#5527,#5555,#5581,#5600));
#5476 = ORIENTED_EDGE('',*,*,#5477,.F.);
#5477 = EDGE_CURVE('',#5478,#4445,#5480,.T.);
#5478 = VERTEX_POINT('',#5479);
#5479 = CARTESIAN_POINT('',(0.381,-8.382,14.2396));
#5480 = SURFACE_CURVE('',#5481,(#5485,#5492),.PCURVE_S1.);
#5481 = LINE('',#5482,#5483);
#5482 = CARTESIAN_POINT('',(0.381,-8.382,14.2396));
#5483 = VECTOR('',#5484,1.);
#5484 = DIRECTION('',(0.,0.,1.));
#5485 = PCURVE('',#4466,#5486);
#5486 = DEFINITIONAL_REPRESENTATION('',(#5487),#5491);
#5487 = LINE('',#5488,#5489);
#5488 = CARTESIAN_POINT('',(0.,0.));
#5489 = VECTOR('',#5490,1.);
#5490 = DIRECTION('',(1.,0.));
#5491 = ( GEOMETRIC_REPRESENTATION_CONTEXT(2) 
PARAMETRIC_REPRESENTATION_CONTEXT() REPRESENTATION_CONTEXT('2D SPACE',''
  ) );
#5492 = PCURVE('',#4976,#5493);
#5493 = DEFINITIONAL_REPRESENTATION('',(#5494),#5498);
#5494 = LINE('',#5495,#5496);
#5495 = CARTESIAN_POINT('',(0.,0.762));
#5496 = VECTOR('',#5497,1.);
#5497 = DIRECTION('',(1.,0.));
#5498 = ( GEOMETRIC_REPRESENTATION_CONTEXT(2) 
PARAMETRIC_REPRESENTATION_CONTEXT() REPRESENTATION_CONTEXT('2D SPACE',''
  ) );
#5499 = ORIENTED_EDGE('',*,*,#5500,.T.);
#5500 = EDGE_CURVE('',#5478,#5501,#5503,.T.);
#5501 = VERTEX_POINT('',#5502);
#5502 = CARTESIAN_POINT('',(0.381,-1.27,14.2396));
#5503 = SURFACE_CURVE('',#5504,(#5508,#5515),.PCURVE_S1.);
#5504 = LINE('',#5505,#5506);
#5505 = CARTESIAN_POINT('',(0.381,-8.382,14.2396));
#5506 = VECTOR('',#5507,1.);
#5507 = DIRECTION('',(0.,1.,0.));
#5508 = PCURVE('',#4466,#5509);
#5509 = DEFINITIONAL_REPRESENTATION('',(#5510),#5514);
#5510 = LINE('',#5511,#5512);
#5511 = CARTESIAN_POINT('',(0.,0.));
#5512 = VECTOR('',#5513,1.);
#5513 = DIRECTION('',(0.,-1.));
#5514 = ( GEOMETRIC_REPRESENTATION_CONTEXT(2) 
PARAMETRIC_REPRESENTATION_CONTEXT() REPRESENTATION_CONTEXT('2D SPACE',''
  ) );
#5515 = PCURVE('',#5516,#5521);
#5516 = PLANE('',#5517);
#5517 = AXIS2_PLACEMENT_3D('',#5518,#5519,#5520);
#5518 = CARTESIAN_POINT('',(-0.381,-8.382,14.2396));
#5519 = DIRECTION('',(0.,0.,1.));
#5520 = DIRECTION('',(1.,0.,0.));
#5521 = DEFINITIONAL_REPRESENTATION('',(#5522),#5526);
#5522 = LINE('',#5523,#5524);
#5523 = CARTESIAN_POINT('',(0.762,0.));
#5524 = VECTOR('',#5525,1.);
#5525 = DIRECTION('',(0.,1.));
#5526 = ( GEOMETRIC_REPRESENTATION_CONTEXT(2) 
PARAMETRIC_REPRESENTATION_CONTEXT() REPRESENTATION_CONTEXT('2D SPACE',''
  ) );
#5527 = ORIENTED_EDGE('',*,*,#5528,.T.);
#5528 = EDGE_CURVE('',#5501,#5529,#5531,.T.);
#5529 = VERTEX_POINT('',#5530);
#5530 = CARTESIAN_POINT('',(0.381,-1.27,14.26));
#5531 = SURFACE_CURVE('',#5532,(#5536,#5543),.PCURVE_S1.);
#5532 = LINE('',#5533,#5534);
#5533 = CARTESIAN_POINT('',(0.381,-1.27,14.2396));
#5534 = VECTOR('',#5535,1.);
#5535 = DIRECTION('',(0.,0.,1.));
#5536 = PCURVE('',#4466,#5537);
#5537 = DEFINITIONAL_REPRESENTATION('',(#5538),#5542);
#5538 = LINE('',#5539,#5540);
#5539 = CARTESIAN_POINT('',(0.,-7.112));
#5540 = VECTOR('',#5541,1.);
#5541 = DIRECTION('',(1.,0.));
#5542 = ( GEOMETRIC_REPRESENTATION_CONTEXT(2) 
PARAMETRIC_REPRESENTATION_CONTEXT() REPRESENTATION_CONTEXT('2D SPACE',''
  ) );
#5543 = PCURVE('',#5544,#5549);
#5544 = PLANE('',#5545);
#5545 = AXIS2_PLACEMENT_3D('',#5546,#5547,#5548);
#5546 = CARTESIAN_POINT('',(-0.381,-1.27,14.2396));
#5547 = DIRECTION('',(0.,1.,0.));
#5548 = DIRECTION('',(0.,0.,1.));
#5549 = DEFINITIONAL_REPRESENTATION('',(#5550),#5554);
#5550 = LINE('',#5551,#5552);
#5551 = CARTESIAN_POINT('',(0.,0.762));
#5552 = VECTOR('',#5553,1.);
#5553 = DIRECTION('',(1.,0.));
#5554 = ( GEOMETRIC_REPRESENTATION_CONTEXT(2) 
PARAMETRIC_REPRESENTATION_CONTEXT() REPRESENTATION_CONTEXT('2D SPACE',''
  ) );
#5555 = ORIENTED_EDGE('',*,*,#5556,.F.);
#5556 = EDGE_CURVE('',#5557,#5529,#5559,.T.);
#5557 = VERTEX_POINT('',#5558);
#5558 = CARTESIAN_POINT('',(0.381,-7.756952805091,14.26));
#5559 = SURFACE_CURVE('',#5560,(#5564,#5570),.PCURVE_S1.);
#5560 = LINE('',#5561,#5562);
#5561 = CARTESIAN_POINT('',(0.381,-4.191,14.26));
#5562 = VECTOR('',#5563,1.);
#5563 = DIRECTION('',(0.,1.,0.));
#5564 = PCURVE('',#4466,#5565);
#5565 = DEFINITIONAL_REPRESENTATION('',(#5566),#5569);
#5566 = B_SPLINE_CURVE_WITH_KNOTS('',1,(#5567,#5568),.UNSPECIFIED.,.F.,
  .F.,(2,2),(-3.575304,2.921),.PIECEWISE_BEZIER_KNOTS.);
#5567 = CARTESIAN_POINT('',(2.04E-02,-0.615696));
#5568 = CARTESIAN_POINT('',(2.04E-02,-7.112));
#5569 = ( GEOMETRIC_REPRESENTATION_CONTEXT(2) 
PARAMETRIC_REPRESENTATION_CONTEXT() REPRESENTATION_CONTEXT('2D SPACE',''
  ) );
#5570 = PCURVE('',#5571,#5576);
#5571 = PLANE('',#5572);
#5572 = AXIS2_PLACEMENT_3D('',#5573,#5574,#5575);
#5573 = CARTESIAN_POINT('',(0.,0.,14.26));
#5574 = DIRECTION('',(0.,0.,1.));
#5575 = DIRECTION('',(1.,0.,0.));
#5576 = DEFINITIONAL_REPRESENTATION('',(#5577),#5580);
#5577 = B_SPLINE_CURVE_WITH_KNOTS('',1,(#5578,#5579),.UNSPECIFIED.,.F.,
  .F.,(2,2),(-3.575304,2.921),.PIECEWISE_BEZIER_KNOTS.);
#5578 = CARTESIAN_POINT('',(0.381,-7.766304));
#5579 = CARTESIAN_POINT('',(0.381,-1.27));
#5580 = ( GEOMETRIC_REPRESENTATION_CONTEXT(2) 
PARAMETRIC_REPRESENTATION_CONTEXT() REPRESENTATION_CONTEXT('2D SPACE',''
  ) );
#5581 = ORIENTED_EDGE('',*,*,#5582,.T.);
#5582 = EDGE_CURVE('',#5557,#4443,#5583,.T.);
#5583 = SURFACE_CURVE('',#5584,(#5588,#5594),.PCURVE_S1.);
#5584 = LINE('',#5585,#5586);
#5585 = CARTESIAN_POINT('',(0.381,-7.756952805091,14.26));
#5586 = VECTOR('',#5587,1.);
#5587 = DIRECTION('',(0.,0.,1.));
#5588 = PCURVE('',#4466,#5589);
#5589 = DEFINITIONAL_REPRESENTATION('',(#5590),#5593);
#5590 = B_SPLINE_CURVE_WITH_KNOTS('',1,(#5591,#5592),.UNSPECIFIED.,.F.,
  .F.,(2,2),(-5.999999999062E-07,0.4200006),.PIECEWISE_BEZIER_KNOTS.);
#5591 = CARTESIAN_POINT('',(2.03994E-02,-0.625047194909));
#5592 = CARTESIAN_POINT('',(0.4404006,-0.625047194909));
#5593 = ( GEOMETRIC_REPRESENTATION_CONTEXT(2) 
PARAMETRIC_REPRESENTATION_CONTEXT() REPRESENTATION_CONTEXT('2D SPACE',''
  ) );
#5594 = PCURVE('',#4758,#5595);
#5595 = DEFINITIONAL_REPRESENTATION('',(#5596),#5599);
#5596 = B_SPLINE_CURVE_WITH_KNOTS('',1,(#5597,#5598),.UNSPECIFIED.,.F.,
  .F.,(2,2),(0.,0.4200006),.PIECEWISE_BEZIER_KNOTS.);
#5597 = CARTESIAN_POINT('',(4.761466764479,0.));
#5598 = CARTESIAN_POINT('',(4.761466764479,0.4200006));
#5599 = ( GEOMETRIC_REPRESENTATION_CONTEXT(2) 
PARAMETRIC_REPRESENTATION_CONTEXT() REPRESENTATION_CONTEXT('2D SPACE',''
  ) );
#5600 = ORIENTED_EDGE('',*,*,#4442,.T.);
#5601 = ADVANCED_FACE('',(#5602),#4758,.F.);
#5602 = FACE_BOUND('',#5603,.F.);
#5603 = EDGE_LOOP('',(#5604,#5632,#5651,#5652));
#5604 = ORIENTED_EDGE('',*,*,#5605,.F.);
#5605 = EDGE_CURVE('',#5606,#5557,#5608,.T.);
#5606 = VERTEX_POINT('',#5607);
#5607 = CARTESIAN_POINT('',(-0.381,-7.756952805091,14.26));
#5608 = SURFACE_CURVE('',#5609,(#5614,#5621),.PCURVE_S1.);
#5609 = CIRCLE('',#5610,7.766304);
#5610 = AXIS2_PLACEMENT_3D('',#5611,#5612,#5613);
#5611 = CARTESIAN_POINT('',(0.,0.,14.26));
#5612 = DIRECTION('',(-0.,0.,-1.));
#5613 = DIRECTION('',(-4.905808477237E-02,-0.998795927264,0.));
#5614 = PCURVE('',#4758,#5615);
#5615 = DEFINITIONAL_REPRESENTATION('',(#5616),#5620);
#5616 = LINE('',#5617,#5618);
#5617 = CARTESIAN_POINT('',(10.94649650347,0.));
#5618 = VECTOR('',#5619,1.);
#5619 = DIRECTION('',(-1.,-0.));
#5620 = ( GEOMETRIC_REPRESENTATION_CONTEXT(2) 
PARAMETRIC_REPRESENTATION_CONTEXT() REPRESENTATION_CONTEXT('2D SPACE',''
  ) );
#5621 = PCURVE('',#5571,#5622);
#5622 = DEFINITIONAL_REPRESENTATION('',(#5623),#5631);
#5623 = ( BOUNDED_CURVE() B_SPLINE_CURVE(2,(#5624,#5625,#5626,#5627,
#5628,#5629,#5630),.UNSPECIFIED.,.T.,.F.) B_SPLINE_CURVE_WITH_KNOTS((1,2
    ,2,2,2,1),(-2.094395102393,0.,2.094395102393,4.188790204786,
6.28318530718,8.377580409573),.UNSPECIFIED.) CURVE() 
GEOMETRIC_REPRESENTATION_ITEM() RATIONAL_B_SPLINE_CURVE((1.,0.5,1.,0.5,
1.,0.5,1.)) REPRESENTATION_ITEM('') );
#5624 = CARTESIAN_POINT('',(-0.381,-7.756952805091));
#5625 = CARTESIAN_POINT('',(-13.81643637033,-7.097041447408));
#5626 = CARTESIAN_POINT('',(-6.527218185166,4.208432081388));
#5627 = CARTESIAN_POINT('',(0.762,15.513905610183));
#5628 = CARTESIAN_POINT('',(6.908218185166,3.548520723704));
#5629 = CARTESIAN_POINT('',(13.054436370332,-8.416864162775));
#5630 = CARTESIAN_POINT('',(-0.381,-7.756952805091));
#5631 = ( GEOMETRIC_REPRESENTATION_CONTEXT(2) 
PARAMETRIC_REPRESENTATION_CONTEXT() REPRESENTATION_CONTEXT('2D SPACE',''
  ) );
#5632 = ORIENTED_EDGE('',*,*,#5633,.T.);
#5633 = EDGE_CURVE('',#5606,#4482,#5634,.T.);
#5634 = SURFACE_CURVE('',#5635,(#5639,#5645),.PCURVE_S1.);
#5635 = LINE('',#5636,#5637);
#5636 = CARTESIAN_POINT('',(-0.381,-7.756952805091,14.26));
#5637 = VECTOR('',#5638,1.);
#5638 = DIRECTION('',(0.,0.,1.));
#5639 = PCURVE('',#4758,#5640);
#5640 = DEFINITIONAL_REPRESENTATION('',(#5641),#5644);
#5641 = B_SPLINE_CURVE_WITH_KNOTS('',1,(#5642,#5643),.UNSPECIFIED.,.F.,
  .F.,(2,2),(0.,0.4200006),.PIECEWISE_BEZIER_KNOTS.);
#5642 = CARTESIAN_POINT('',(10.94649650347,0.));
#5643 = CARTESIAN_POINT('',(10.94649650347,0.4200006));
#5644 = ( GEOMETRIC_REPRESENTATION_CONTEXT(2) 
PARAMETRIC_REPRESENTATION_CONTEXT() REPRESENTATION_CONTEXT('2D SPACE',''
  ) );
#5645 = PCURVE('',#4944,#5646);
#5646 = DEFINITIONAL_REPRESENTATION('',(#5647),#5650);
#5647 = B_SPLINE_CURVE_WITH_KNOTS('',1,(#5648,#5649),.UNSPECIFIED.,.F.,
  .F.,(2,2),(-5.999999999062E-07,0.4200006),.PIECEWISE_BEZIER_KNOTS.);
#5648 = CARTESIAN_POINT('',(2.03994E-02,-0.625047194909));
#5649 = CARTESIAN_POINT('',(0.4404006,-0.625047194909));
#5650 = ( GEOMETRIC_REPRESENTATION_CONTEXT(2) 
PARAMETRIC_REPRESENTATION_CONTEXT() REPRESENTATION_CONTEXT('2D SPACE',''
  ) );
#5651 = ORIENTED_EDGE('',*,*,#4481,.T.);
#5652 = ORIENTED_EDGE('',*,*,#5582,.F.);
#5653 = ADVANCED_FACE('',(#5654),#4944,.T.);
#5654 = FACE_BOUND('',#5655,.T.);
#5655 = EDGE_LOOP('',(#5656,#5679,#5702,#5725,#5744,#5745));
#5656 = ORIENTED_EDGE('',*,*,#5657,.F.);
#5657 = EDGE_CURVE('',#5658,#4925,#5660,.T.);
#5658 = VERTEX_POINT('',#5659);
#5659 = CARTESIAN_POINT('',(-0.381,-8.382,14.2396));
#5660 = SURFACE_CURVE('',#5661,(#5665,#5672),.PCURVE_S1.);
#5661 = LINE('',#5662,#5663);
#5662 = CARTESIAN_POINT('',(-0.381,-8.382,14.2396));
#5663 = VECTOR('',#5664,1.);
#5664 = DIRECTION('',(0.,0.,1.));
#5665 = PCURVE('',#4944,#5666);
#5666 = DEFINITIONAL_REPRESENTATION('',(#5667),#5671);
#5667 = LINE('',#5668,#5669);
#5668 = CARTESIAN_POINT('',(0.,0.));
#5669 = VECTOR('',#5670,1.);
#5670 = DIRECTION('',(1.,0.));
#5671 = ( GEOMETRIC_REPRESENTATION_CONTEXT(2) 
PARAMETRIC_REPRESENTATION_CONTEXT() REPRESENTATION_CONTEXT('2D SPACE',''
  ) );
#5672 = PCURVE('',#4976,#5673);
#5673 = DEFINITIONAL_REPRESENTATION('',(#5674),#5678);
#5674 = LINE('',#5675,#5676);
#5675 = CARTESIAN_POINT('',(0.,0.));
#5676 = VECTOR('',#5677,1.);
#5677 = DIRECTION('',(1.,0.));
#5678 = ( GEOMETRIC_REPRESENTATION_CONTEXT(2) 
PARAMETRIC_REPRESENTATION_CONTEXT() REPRESENTATION_CONTEXT('2D SPACE',''
  ) );
#5679 = ORIENTED_EDGE('',*,*,#5680,.T.);
#5680 = EDGE_CURVE('',#5658,#5681,#5683,.T.);
#5681 = VERTEX_POINT('',#5682);
#5682 = CARTESIAN_POINT('',(-0.381,-1.27,14.2396));
#5683 = SURFACE_CURVE('',#5684,(#5688,#5695),.PCURVE_S1.);
#5684 = LINE('',#5685,#5686);
#5685 = CARTESIAN_POINT('',(-0.381,-8.382,14.2396));
#5686 = VECTOR('',#5687,1.);
#5687 = DIRECTION('',(0.,1.,0.));
#5688 = PCURVE('',#4944,#5689);
#5689 = DEFINITIONAL_REPRESENTATION('',(#5690),#5694);
#5690 = LINE('',#5691,#5692);
#5691 = CARTESIAN_POINT('',(0.,0.));
#5692 = VECTOR('',#5693,1.);
#5693 = DIRECTION('',(0.,-1.));
#5694 = ( GEOMETRIC_REPRESENTATION_CONTEXT(2) 
PARAMETRIC_REPRESENTATION_CONTEXT() REPRESENTATION_CONTEXT('2D SPACE',''
  ) );
#5695 = PCURVE('',#5516,#5696);
#5696 = DEFINITIONAL_REPRESENTATION('',(#5697),#5701);
#5697 = LINE('',#5698,#5699);
#5698 = CARTESIAN_POINT('',(0.,0.));
#5699 = VECTOR('',#5700,1.);
#5700 = DIRECTION('',(0.,1.));
#5701 = ( GEOMETRIC_REPRESENTATION_CONTEXT(2) 
PARAMETRIC_REPRESENTATION_CONTEXT() REPRESENTATION_CONTEXT('2D SPACE',''
  ) );
#5702 = ORIENTED_EDGE('',*,*,#5703,.T.);
#5703 = EDGE_CURVE('',#5681,#5704,#5706,.T.);
#5704 = VERTEX_POINT('',#5705);
#5705 = CARTESIAN_POINT('',(-0.381,-1.27,14.26));
#5706 = SURFACE_CURVE('',#5707,(#5711,#5718),.PCURVE_S1.);
#5707 = LINE('',#5708,#5709);
#5708 = CARTESIAN_POINT('',(-0.381,-1.27,14.2396));
#5709 = VECTOR('',#5710,1.);
#5710 = DIRECTION('',(0.,0.,1.));
#5711 = PCURVE('',#4944,#5712);
#5712 = DEFINITIONAL_REPRESENTATION('',(#5713),#5717);
#5713 = LINE('',#5714,#5715);
#5714 = CARTESIAN_POINT('',(0.,-7.112));
#5715 = VECTOR('',#5716,1.);
#5716 = DIRECTION('',(1.,0.));
#5717 = ( GEOMETRIC_REPRESENTATION_CONTEXT(2) 
PARAMETRIC_REPRESENTATION_CONTEXT() REPRESENTATION_CONTEXT('2D SPACE',''
  ) );
#5718 = PCURVE('',#5544,#5719);
#5719 = DEFINITIONAL_REPRESENTATION('',(#5720),#5724);
#5720 = LINE('',#5721,#5722);
#5721 = CARTESIAN_POINT('',(0.,0.));
#5722 = VECTOR('',#5723,1.);
#5723 = DIRECTION('',(1.,0.));
#5724 = ( GEOMETRIC_REPRESENTATION_CONTEXT(2) 
PARAMETRIC_REPRESENTATION_CONTEXT() REPRESENTATION_CONTEXT('2D SPACE',''
  ) );
#5725 = ORIENTED_EDGE('',*,*,#5726,.F.);
#5726 = EDGE_CURVE('',#5606,#5704,#5727,.T.);
#5727 = SURFACE_CURVE('',#5728,(#5732,#5738),.PCURVE_S1.);
#5728 = LINE('',#5729,#5730);
#5729 = CARTESIAN_POINT('',(-0.381,-4.191,14.26));
#5730 = VECTOR('',#5731,1.);
#5731 = DIRECTION('',(0.,1.,0.));
#5732 = PCURVE('',#4944,#5733);
#5733 = DEFINITIONAL_REPRESENTATION('',(#5734),#5737);
#5734 = B_SPLINE_CURVE_WITH_KNOTS('',1,(#5735,#5736),.UNSPECIFIED.,.F.,
  .F.,(2,2),(-3.575304,2.921),.PIECEWISE_BEZIER_KNOTS.);
#5735 = CARTESIAN_POINT('',(2.04E-02,-0.615696));
#5736 = CARTESIAN_POINT('',(2.04E-02,-7.112));
#5737 = ( GEOMETRIC_REPRESENTATION_CONTEXT(2) 
PARAMETRIC_REPRESENTATION_CONTEXT() REPRESENTATION_CONTEXT('2D SPACE',''
  ) );
#5738 = PCURVE('',#5571,#5739);
#5739 = DEFINITIONAL_REPRESENTATION('',(#5740),#5743);
#5740 = B_SPLINE_CURVE_WITH_KNOTS('',1,(#5741,#5742),.UNSPECIFIED.,.F.,
  .F.,(2,2),(-3.575304,2.921),.PIECEWISE_BEZIER_KNOTS.);
#5741 = CARTESIAN_POINT('',(-0.381,-7.766304));
#5742 = CARTESIAN_POINT('',(-0.381,-1.27));
#5743 = ( GEOMETRIC_REPRESENTATION_CONTEXT(2) 
PARAMETRIC_REPRESENTATION_CONTEXT() REPRESENTATION_CONTEXT('2D SPACE',''
  ) );
#5744 = ORIENTED_EDGE('',*,*,#5633,.T.);
#5745 = ORIENTED_EDGE('',*,*,#4924,.T.);
#5746 = ADVANCED_FACE('',(#5747),#4976,.T.);
#5747 = FACE_BOUND('',#5748,.T.);
#5748 = EDGE_LOOP('',(#5749,#5750,#5771,#5772));
#5749 = ORIENTED_EDGE('',*,*,#5477,.F.);
#5750 = ORIENTED_EDGE('',*,*,#5751,.F.);
#5751 = EDGE_CURVE('',#5658,#5478,#5752,.T.);
#5752 = SURFACE_CURVE('',#5753,(#5757,#5764),.PCURVE_S1.);
#5753 = LINE('',#5754,#5755);
#5754 = CARTESIAN_POINT('',(-0.381,-8.382,14.2396));
#5755 = VECTOR('',#5756,1.);
#5756 = DIRECTION('',(1.,0.,0.));
#5757 = PCURVE('',#4976,#5758);
#5758 = DEFINITIONAL_REPRESENTATION('',(#5759),#5763);
#5759 = LINE('',#5760,#5761);
#5760 = CARTESIAN_POINT('',(0.,0.));
#5761 = VECTOR('',#5762,1.);
#5762 = DIRECTION('',(0.,1.));
#5763 = ( GEOMETRIC_REPRESENTATION_CONTEXT(2) 
PARAMETRIC_REPRESENTATION_CONTEXT() REPRESENTATION_CONTEXT('2D SPACE',''
  ) );
#5764 = PCURVE('',#5516,#5765);
#5765 = DEFINITIONAL_REPRESENTATION('',(#5766),#5770);
#5766 = LINE('',#5767,#5768);
#5767 = CARTESIAN_POINT('',(0.,0.));
#5768 = VECTOR('',#5769,1.);
#5769 = DIRECTION('',(1.,0.));
#5770 = ( GEOMETRIC_REPRESENTATION_CONTEXT(2) 
PARAMETRIC_REPRESENTATION_CONTEXT() REPRESENTATION_CONTEXT('2D SPACE',''
  ) );
#5771 = ORIENTED_EDGE('',*,*,#5657,.T.);
#5772 = ORIENTED_EDGE('',*,*,#4958,.F.);
#5773 = ADVANCED_FACE('',(#5774),#5127,.F.);
#5774 = FACE_BOUND('',#5775,.F.);
#5775 = EDGE_LOOP('',(#5776,#5777,#5778,#5779));
#5776 = ORIENTED_EDGE('',*,*,#5394,.F.);
#5777 = ORIENTED_EDGE('',*,*,#5110,.T.);
#5778 = ORIENTED_EDGE('',*,*,#5318,.T.);
#5779 = ORIENTED_EDGE('',*,*,#5367,.T.);
#5780 = ADVANCED_FACE('',(#5781),#5053,.F.);
#5781 = FACE_BOUND('',#5782,.F.);
#5782 = EDGE_LOOP('',(#5783,#5784,#5785,#5786));
#5783 = ORIENTED_EDGE('',*,*,#5192,.F.);
#5784 = ORIENTED_EDGE('',*,*,#5242,.F.);
#5785 = ORIENTED_EDGE('',*,*,#5268,.T.);
#5786 = ORIENTED_EDGE('',*,*,#5036,.T.);
#5787 = ADVANCED_FACE('',(#5788),#5461,.T.);
#5788 = FACE_BOUND('',#5789,.F.);
#5789 = EDGE_LOOP('',(#5790));
#5790 = ORIENTED_EDGE('',*,*,#5446,.F.);
#5791 = ADVANCED_FACE('',(#5792),#5571,.T.);
#5792 = FACE_BOUND('',#5793,.T.);
#5793 = EDGE_LOOP('',(#5794,#5795,#5796,#5797));
#5794 = ORIENTED_EDGE('',*,*,#5556,.F.);
#5795 = ORIENTED_EDGE('',*,*,#5605,.F.);
#5796 = ORIENTED_EDGE('',*,*,#5726,.T.);
#5797 = ORIENTED_EDGE('',*,*,#5798,.F.);
#5798 = EDGE_CURVE('',#5529,#5704,#5799,.T.);
#5799 = SURFACE_CURVE('',#5800,(#5804,#5810),.PCURVE_S1.);
#5800 = LINE('',#5801,#5802);
#5801 = CARTESIAN_POINT('',(-0.1905,-1.27,14.26));
#5802 = VECTOR('',#5803,1.);
#5803 = DIRECTION('',(-1.,0.,0.));
#5804 = PCURVE('',#5571,#5805);
#5805 = DEFINITIONAL_REPRESENTATION('',(#5806),#5809);
#5806 = B_SPLINE_CURVE_WITH_KNOTS('',1,(#5807,#5808),.UNSPECIFIED.,.F.,
  .F.,(2,2),(-0.5715,0.1905),.PIECEWISE_BEZIER_KNOTS.);
#5807 = CARTESIAN_POINT('',(0.381,-1.27));
#5808 = CARTESIAN_POINT('',(-0.381,-1.27));
#5809 = ( GEOMETRIC_REPRESENTATION_CONTEXT(2) 
PARAMETRIC_REPRESENTATION_CONTEXT() REPRESENTATION_CONTEXT('2D SPACE',''
  ) );
#5810 = PCURVE('',#5544,#5811);
#5811 = DEFINITIONAL_REPRESENTATION('',(#5812),#5815);
#5812 = B_SPLINE_CURVE_WITH_KNOTS('',1,(#5813,#5814),.UNSPECIFIED.,.F.,
  .F.,(2,2),(-0.5715,0.1905),.PIECEWISE_BEZIER_KNOTS.);
#5813 = CARTESIAN_POINT('',(2.04E-02,0.762));
#5814 = CARTESIAN_POINT('',(2.04E-02,0.));
#5815 = ( GEOMETRIC_REPRESENTATION_CONTEXT(2) 
PARAMETRIC_REPRESENTATION_CONTEXT() REPRESENTATION_CONTEXT('2D SPACE',''
  ) );
#5816 = ADVANCED_FACE('',(#5817),#5544,.F.);
#5817 = FACE_BOUND('',#5818,.F.);
#5818 = EDGE_LOOP('',(#5819,#5820,#5841,#5842));
#5819 = ORIENTED_EDGE('',*,*,#5528,.F.);
#5820 = ORIENTED_EDGE('',*,*,#5821,.F.);
#5821 = EDGE_CURVE('',#5681,#5501,#5822,.T.);
#5822 = SURFACE_CURVE('',#5823,(#5827,#5834),.PCURVE_S1.);
#5823 = LINE('',#5824,#5825);
#5824 = CARTESIAN_POINT('',(-0.381,-1.27,14.2396));
#5825 = VECTOR('',#5826,1.);
#5826 = DIRECTION('',(1.,0.,0.));
#5827 = PCURVE('',#5544,#5828);
#5828 = DEFINITIONAL_REPRESENTATION('',(#5829),#5833);
#5829 = LINE('',#5830,#5831);
#5830 = CARTESIAN_POINT('',(0.,0.));
#5831 = VECTOR('',#5832,1.);
#5832 = DIRECTION('',(0.,1.));
#5833 = ( GEOMETRIC_REPRESENTATION_CONTEXT(2) 
PARAMETRIC_REPRESENTATION_CONTEXT() REPRESENTATION_CONTEXT('2D SPACE',''
  ) );
#5834 = PCURVE('',#5516,#5835);
#5835 = DEFINITIONAL_REPRESENTATION('',(#5836),#5840);
#5836 = LINE('',#5837,#5838);
#5837 = CARTESIAN_POINT('',(0.,7.112));
#5838 = VECTOR('',#5839,1.);
#5839 = DIRECTION('',(1.,0.));
#5840 = ( GEOMETRIC_REPRESENTATION_CONTEXT(2) 
PARAMETRIC_REPRESENTATION_CONTEXT() REPRESENTATION_CONTEXT('2D SPACE',''
  ) );
#5841 = ORIENTED_EDGE('',*,*,#5703,.T.);
#5842 = ORIENTED_EDGE('',*,*,#5798,.F.);
#5843 = ADVANCED_FACE('',(#5844),#5516,.T.);
#5844 = FACE_BOUND('',#5845,.T.);
#5845 = EDGE_LOOP('',(#5846,#5847,#5848,#5849));
#5846 = ORIENTED_EDGE('',*,*,#5680,.F.);
#5847 = ORIENTED_EDGE('',*,*,#5751,.T.);
#5848 = ORIENTED_EDGE('',*,*,#5500,.T.);
#5849 = ORIENTED_EDGE('',*,*,#5821,.F.);
#5850 = ( GEOMETRIC_REPRESENTATION_CONTEXT(3) 
GLOBAL_UNCERTAINTY_ASSIGNED_CONTEXT((#5854)) 
GLOBAL_UNIT_ASSIGNED_CONTEXT((#5851,#5852,#5853)) REPRESENTATION_CONTEXT
('Context #1','3D Context with UNIT and UNCERTAINTY') );
#5851 = ( LENGTH_UNIT() NAMED_UNIT(*) SI_UNIT(.MILLI.,.METRE.) );
#5852 = ( NAMED_UNIT(*) PLANE_ANGLE_UNIT() SI_UNIT($,.RADIAN.) );
#5853 = ( NAMED_UNIT(*) SI_UNIT($,.STERADIAN.) SOLID_ANGLE_UNIT() );
#5854 = UNCERTAINTY_MEASURE_WITH_UNIT(LENGTH_MEASURE(2.E-05),#5851,
  'distance_accuracy_value','confusion accuracy');
#5855 = PRODUCT_RELATED_PRODUCT_CATEGORY('part',$,(#7));

#5856=DESCRIPTIVE_REPRESENTATION_ITEM('cadpy:generator','cadpy');
#5857=REPRESENTATION('cadpy:generator',(#5856),#5850);
#5858=PROPERTY_DEFINITION('cadpy metadata','cadpy:generator',#5);
#5859=PROPERTY_DEFINITION_REPRESENTATION(#5858,#5857);
#5860=DESCRIPTIVE_REPRESENTATION_ITEM('cadpy:entryKind','part');
#5861=REPRESENTATION('cadpy:entryKind',(#5860),#5850);
#5862=PROPERTY_DEFINITION('cadpy metadata','cadpy:entryKind',#5);
#5863=PROPERTY_DEFINITION_REPRESENTATION(#5862,#5861);
#5864=DESCRIPTIVE_REPRESENTATION_ITEM('cadpy:sourcePath','davies-1105.py');
#5865=REPRESENTATION('cadpy:sourcePath',(#5864),#5850);
#5866=PROPERTY_DEFINITION('cadpy metadata','cadpy:sourcePath',#5);
#5867=PROPERTY_DEFINITION_REPRESENTATION(#5866,#5865);
#5868=DESCRIPTIVE_REPRESENTATION_ITEM('cadpy:sourceHash','df65edd3f622126d6330f853b70680ca5f2cbe7020bd607d8044b7382b312334');
#5869=REPRESENTATION('cadpy:sourceHash',(#5868),#5850);
#5870=PROPERTY_DEFINITION('cadpy metadata','cadpy:sourceHash',#5);
#5871=PROPERTY_DEFINITION_REPRESENTATION(#5870,#5869);
ENDSEC;
END-ISO-10303-21;
