ISO-10303-21;
HEADER;
FILE_DESCRIPTION(('Open CASCADE Model'),'2;1');
FILE_NAME('Open CASCADE Shape Model','2026-06-19T18:36:36',('Author'),(
    'Open CASCADE'),'Open CASCADE STEP processor 7.9','Open CASCADE 7.9'
  ,'Unknown');
FILE_SCHEMA(('AUTOMOTIVE_DESIGN { 1 0 10303 214 1 1 1 1 }'));
ENDSEC;
DATA;
#1 = APPLICATION_PROTOCOL_DEFINITION('international standard',
  'automotive_design',2000,#2);
#2 = APPLICATION_CONTEXT(
  'core data for automotive mechanical design processes');
#3 = SHAPE_DEFINITION_REPRESENTATION(#4,#10);
#4 = PRODUCT_DEFINITION_SHAPE('','',#5);
#5 = PRODUCT_DEFINITION('design','',#6,#9);
#6 = PRODUCT_DEFINITION_FORMATION('','',#7);
#7 = PRODUCT('davies_1900h_s_svg_reference_knob',
  'davies_1900h_s_svg_reference_knob','',(#8));
#8 = PRODUCT_CONTEXT('',#2,'mechanical');
#9 = PRODUCT_DEFINITION_CONTEXT('part definition',#2,'design');
#10 = SHAPE_REPRESENTATION('',(#11,#15,#19),#23);
#11 = AXIS2_PLACEMENT_3D('',#12,#13,#14);
#12 = CARTESIAN_POINT('',(0.,0.,0.));
#13 = DIRECTION('',(0.,0.,1.));
#14 = DIRECTION('',(1.,0.,-0.));
#15 = AXIS2_PLACEMENT_3D('',#16,#17,#18);
#16 = CARTESIAN_POINT('',(0.,0.,0.));
#17 = DIRECTION('',(0.,0.,1.));
#18 = DIRECTION('',(1.,0.,-0.));
#19 = AXIS2_PLACEMENT_3D('',#20,#21,#22);
#20 = CARTESIAN_POINT('',(-6.330820271813E-04,2.806570553539,15.48));
#21 = DIRECTION('',(0.,0.,1.));
#22 = DIRECTION('',(1.,0.,-0.));
#23 = ( GEOMETRIC_REPRESENTATION_CONTEXT(3) 
GLOBAL_UNCERTAINTY_ASSIGNED_CONTEXT((#27)) GLOBAL_UNIT_ASSIGNED_CONTEXT(
(#24,#25,#26)) REPRESENTATION_CONTEXT('Context #1',
  '3D Context with UNIT and UNCERTAINTY') );
#24 = ( LENGTH_UNIT() NAMED_UNIT(*) SI_UNIT(.MILLI.,.METRE.) );
#25 = ( NAMED_UNIT(*) PLANE_ANGLE_UNIT() SI_UNIT($,.RADIAN.) );
#26 = ( NAMED_UNIT(*) SI_UNIT($,.STERADIAN.) SOLID_ANGLE_UNIT() );
#27 = UNCERTAINTY_MEASURE_WITH_UNIT(LENGTH_MEASURE(1.E-07),#24,
  'distance_accuracy_value','confusion accuracy');
#28 = PRODUCT_RELATED_PRODUCT_CATEGORY('part',$,(#7));
#29 = SHAPE_DEFINITION_REPRESENTATION(#30,#36);
#30 = PRODUCT_DEFINITION_SHAPE('','',#31);
#31 = PRODUCT_DEFINITION('design','',#32,#35);
#32 = PRODUCT_DEFINITION_FORMATION('','',#33);
#33 = PRODUCT('davies_1900h_s_svg_reference_knob_black_phenolic_body',
  'davies_1900h_s_svg_reference_knob_black_phenolic_body','',(#34));
#34 = PRODUCT_CONTEXT('',#2,'mechanical');
#35 = PRODUCT_DEFINITION_CONTEXT('part definition',#2,'design');
#36 = ADVANCED_BREP_SHAPE_REPRESENTATION('',(#11,#37),#13579);
#37 = MANIFOLD_SOLID_BREP('',#38);
#38 = CLOSED_SHELL('',(#39,#177,#5276,#5325,#8752,#8781,#8810,#8839,
    #8868,#8897,#8926,#8955,#8984,#9013,#9042,#9071,#9100,#9129,#9158,
    #9187,#9216,#9245,#9274,#9303,#9332,#9361,#9390,#9419,#9448,#9477,
    #9506,#9535,#9564,#9593,#9622,#9651,#9680,#9709,#9738,#9767,#9796,
    #9825,#9854,#9883,#9912,#9941,#9970,#9999,#10028,#10057,#10086,
    #10115,#10144,#10173,#10202,#10231,#10260,#10289,#10318,#10347,
    #10376,#10405,#10434,#10463,#10492,#10521,#10550,#10579,#10608,
    #10637,#10666,#10695,#10724,#10753,#10782,#10811,#10840,#10869,
    #10898,#10927,#10956,#10985,#11014,#11043,#11072,#11101,#11130,
    #11159,#11188,#11217,#11246,#11275,#11304,#11333,#11362,#11391,
    #11420,#11449,#11478,#11507,#11536,#11565,#11594,#11623,#11652,
    #11681,#11710,#11739,#11768,#11797,#11826,#11855,#11884,#11913,
    #11942,#11971,#12000,#12029,#12058,#12087,#12116,#12145,#12174,
    #12203,#12232,#12261,#12290,#12319,#12348,#12377,#12406,#12435,
    #12464,#12493,#12522,#12551,#12580,#12609,#12638,#12667,#12696,
    #12725,#12754,#12783,#12812,#12841,#12870,#12899,#12928,#12957,
    #12986,#13015,#13044,#13073,#13102,#13131,#13160,#13189,#13218,
    #13247,#13276,#13305,#13312,#13367,#13443,#13492,#13541,#13568,
    #13572));
#39 = ADVANCED_FACE('',(#40),#53,.F.);
#40 = FACE_BOUND('',#41,.F.);
#41 = EDGE_LOOP('',(#42,#81,#117,#143));
#42 = ORIENTED_EDGE('',*,*,#43,.T.);
#43 = EDGE_CURVE('',#44,#46,#48,.T.);
#44 = VERTEX_POINT('',#45);
#45 = CARTESIAN_POINT('',(6.4,-0.,0.));
#46 = VERTEX_POINT('',#47);
#47 = CARTESIAN_POINT('',(6.395604528173,-0.237155474782,0.));
#48 = SURFACE_CURVE('',#49,(#52,#70),.PCURVE_S1.);
#49 = B_SPLINE_CURVE_WITH_KNOTS('',1,(#50,#51),.UNSPECIFIED.,.F.,.F.,(2,
    2),(0.,1.),.PIECEWISE_BEZIER_KNOTS.);
#50 = CARTESIAN_POINT('',(6.4,0.,0.));
#51 = CARTESIAN_POINT('',(6.395604528173,-0.237155474782,0.));
#52 = PCURVE('',#53,#64);
#53 = ( BOUNDED_SURFACE() B_SPLINE_SURFACE(1,4,(
    (#54,#55,#56,#57,#58)
    ,(#59,#60,#61,#62,#63
)),.UNSPECIFIED.,.F.,.F.,.F.) B_SPLINE_SURFACE_WITH_KNOTS((2,2),(5,5),(
    0.,1.),(0.,1.),.PIECEWISE_BEZIER_KNOTS.) 
GEOMETRIC_REPRESENTATION_ITEM() RATIONAL_B_SPLINE_SURFACE((
    (1.,1.,1.,1.,1.)
,(1.,1.,1.,1.,1.))) REPRESENTATION_ITEM('') SURFACE() );
#54 = CARTESIAN_POINT('',(6.4,-0.,0.));
#55 = CARTESIAN_POINT('',(6.400019859462,0.,3.950966311744));
#56 = CARTESIAN_POINT('',(6.400050747047,0.,7.915188641292));
#57 = CARTESIAN_POINT('',(6.399349734339,0.,11.841097004811));
#58 = CARTESIAN_POINT('',(6.399366917973,-0.,15.8));
#59 = CARTESIAN_POINT('',(6.395604528173,-0.237155474782,0.));
#60 = CARTESIAN_POINT('',(6.39638265242,-0.237184328415,3.950966311744)
  );
#61 = CARTESIAN_POINT('',(6.397592875434,-0.237229204706,7.915188641292)
  );
#62 = CARTESIAN_POINT('',(6.370126120666,-0.236210709701,11.841097004811
    ));
#63 = CARTESIAN_POINT('',(6.370799401831,-0.236235675646,15.8));
#64 = DEFINITIONAL_REPRESENTATION('',(#65),#69);
#65 = LINE('',#66,#67);
#66 = CARTESIAN_POINT('',(0.,0.));
#67 = VECTOR('',#68,1.);
#68 = DIRECTION('',(1.,0.));
#69 = ( GEOMETRIC_REPRESENTATION_CONTEXT(2) 
PARAMETRIC_REPRESENTATION_CONTEXT() REPRESENTATION_CONTEXT('2D SPACE',''
  ) );
#70 = PCURVE('',#71,#76);
#71 = PLANE('',#72);
#72 = AXIS2_PLACEMENT_3D('',#73,#74,#75);
#73 = CARTESIAN_POINT('',(6.4,0.,0.));
#74 = DIRECTION('',(0.,0.,1.));
#75 = DIRECTION('',(-1.,0.,0.));
#76 = DEFINITIONAL_REPRESENTATION('',(#77),#80);
#77 = B_SPLINE_CURVE_WITH_KNOTS('',1,(#78,#79),.UNSPECIFIED.,.F.,.F.,(2,
    2),(0.,1.),.PIECEWISE_BEZIER_KNOTS.);
#78 = CARTESIAN_POINT('',(0.,0.));
#79 = CARTESIAN_POINT('',(4.395471827459E-03,0.237155474782));
#80 = ( GEOMETRIC_REPRESENTATION_CONTEXT(2) 
PARAMETRIC_REPRESENTATION_CONTEXT() REPRESENTATION_CONTEXT('2D SPACE',''
  ) );
#81 = ORIENTED_EDGE('',*,*,#82,.T.);
#82 = EDGE_CURVE('',#46,#83,#85,.T.);
#83 = VERTEX_POINT('',#84);
#84 = CARTESIAN_POINT('',(6.370799401831,-0.236235675646,15.8));
#85 = SURFACE_CURVE('',#86,(#92,#99),.PCURVE_S1.);
#86 = ( BOUNDED_CURVE() B_SPLINE_CURVE(4,(#87,#88,#89,#90,#91),
.UNSPECIFIED.,.F.,.F.) B_SPLINE_CURVE_WITH_KNOTS((5,5),(0.,1.),
.PIECEWISE_BEZIER_KNOTS.) CURVE() GEOMETRIC_REPRESENTATION_ITEM() 
RATIONAL_B_SPLINE_CURVE((1.,1.,1.,1.,1.)) REPRESENTATION_ITEM('') );
#87 = CARTESIAN_POINT('',(6.395604528173,-0.237155474782,0.));
#88 = CARTESIAN_POINT('',(6.39638265242,-0.237184328415,3.950966311744)
  );
#89 = CARTESIAN_POINT('',(6.397592875434,-0.237229204706,7.915188641292)
  );
#90 = CARTESIAN_POINT('',(6.370126120666,-0.236210709701,11.841097004811
    ));
#91 = CARTESIAN_POINT('',(6.370799401831,-0.236235675646,15.8));
#92 = PCURVE('',#53,#93);
#93 = DEFINITIONAL_REPRESENTATION('',(#94),#98);
#94 = LINE('',#95,#96);
#95 = CARTESIAN_POINT('',(1.,0.));
#96 = VECTOR('',#97,1.);
#97 = DIRECTION('',(0.,1.));
#98 = ( GEOMETRIC_REPRESENTATION_CONTEXT(2) 
PARAMETRIC_REPRESENTATION_CONTEXT() REPRESENTATION_CONTEXT('2D SPACE',''
  ) );
#99 = PCURVE('',#100,#111);
#100 = ( BOUNDED_SURFACE() B_SPLINE_SURFACE(1,4,(
    (#101,#102,#103,#104,#105)
    ,(#106,#107,#108,#109,#110
)),.UNSPECIFIED.,.F.,.F.,.F.) B_SPLINE_SURFACE_WITH_KNOTS((2,2),(5,5),(
    1.,2.),(0.,1.),.PIECEWISE_BEZIER_KNOTS.) 
GEOMETRIC_REPRESENTATION_ITEM() RATIONAL_B_SPLINE_SURFACE((
    (1.,1.,1.,1.,1.)
,(1.,1.,1.,1.,1.))) REPRESENTATION_ITEM('') SURFACE() );
#101 = CARTESIAN_POINT('',(6.395604528173,-0.237155474782,0.));
#102 = CARTESIAN_POINT('',(6.39638265242,-0.237184328415,3.950966311744)
  );
#103 = CARTESIAN_POINT('',(6.397592875434,-0.237229204706,7.915188641292
    ));
#104 = CARTESIAN_POINT('',(6.370126120666,-0.236210709701,
    11.841097004811));
#105 = CARTESIAN_POINT('',(6.370799401831,-0.236235675646,15.8));
#106 = CARTESIAN_POINT('',(6.382814122446,-0.468704467973,0.));
#107 = CARTESIAN_POINT('',(6.385662536039,-0.468913633421,3.950966311744
    ));
#108 = CARTESIAN_POINT('',(6.390092697026,-0.469238950156,7.915188641292
    ));
#109 = CARTESIAN_POINT('',(6.28954747189,-0.461855687014,11.841097004811
    ));
#110 = CARTESIAN_POINT('',(6.29201209528,-0.46203666988,15.8));
#111 = DEFINITIONAL_REPRESENTATION('',(#112),#116);
#112 = LINE('',#113,#114);
#113 = CARTESIAN_POINT('',(1.,0.));
#114 = VECTOR('',#115,1.);
#115 = DIRECTION('',(0.,1.));
#116 = ( GEOMETRIC_REPRESENTATION_CONTEXT(2) 
PARAMETRIC_REPRESENTATION_CONTEXT() REPRESENTATION_CONTEXT('2D SPACE',''
  ) );
#117 = ORIENTED_EDGE('',*,*,#118,.F.);
#118 = EDGE_CURVE('',#119,#83,#121,.T.);
#119 = VERTEX_POINT('',#120);
#120 = CARTESIAN_POINT('',(6.399366917973,-0.,15.8));
#121 = SURFACE_CURVE('',#122,(#125,#132),.PCURVE_S1.);
#122 = B_SPLINE_CURVE_WITH_KNOTS('',1,(#123,#124),.UNSPECIFIED.,.F.,.F.,
  (2,2),(0.,1.),.PIECEWISE_BEZIER_KNOTS.);
#123 = CARTESIAN_POINT('',(6.399366917973,0.,15.8));
#124 = CARTESIAN_POINT('',(6.370799401831,-0.236235675646,15.8));
#125 = PCURVE('',#53,#126);
#126 = DEFINITIONAL_REPRESENTATION('',(#127),#131);
#127 = LINE('',#128,#129);
#128 = CARTESIAN_POINT('',(0.,1.));
#129 = VECTOR('',#130,1.);
#130 = DIRECTION('',(1.,0.));
#131 = ( GEOMETRIC_REPRESENTATION_CONTEXT(2) 
PARAMETRIC_REPRESENTATION_CONTEXT() REPRESENTATION_CONTEXT('2D SPACE',''
  ) );
#132 = PCURVE('',#133,#138);
#133 = PLANE('',#134);
#134 = AXIS2_PLACEMENT_3D('',#135,#136,#137);
#135 = CARTESIAN_POINT('',(6.399366917973,0.,15.8));
#136 = DIRECTION('',(0.,0.,-1.));
#137 = DIRECTION('',(-1.,0.,0.));
#138 = DEFINITIONAL_REPRESENTATION('',(#139),#142);
#139 = B_SPLINE_CURVE_WITH_KNOTS('',1,(#140,#141),.UNSPECIFIED.,.F.,.F.,
  (2,2),(0.,1.),.PIECEWISE_BEZIER_KNOTS.);
#140 = CARTESIAN_POINT('',(0.,0.));
#141 = CARTESIAN_POINT('',(2.856751614223E-02,-0.236235675646));
#142 = ( GEOMETRIC_REPRESENTATION_CONTEXT(2) 
PARAMETRIC_REPRESENTATION_CONTEXT() REPRESENTATION_CONTEXT('2D SPACE',''
  ) );
#143 = ORIENTED_EDGE('',*,*,#144,.F.);
#144 = EDGE_CURVE('',#44,#119,#145,.T.);
#145 = SURFACE_CURVE('',#146,(#152,#159),.PCURVE_S1.);
#146 = ( BOUNDED_CURVE() B_SPLINE_CURVE(4,(#147,#148,#149,#150,#151),
.UNSPECIFIED.,.F.,.F.) B_SPLINE_CURVE_WITH_KNOTS((5,5),(0.,1.),
.PIECEWISE_BEZIER_KNOTS.) CURVE() GEOMETRIC_REPRESENTATION_ITEM() 
RATIONAL_B_SPLINE_CURVE((1.,1.,1.,1.,1.)) REPRESENTATION_ITEM('') );
#147 = CARTESIAN_POINT('',(6.4,-0.,0.));
#148 = CARTESIAN_POINT('',(6.400019859462,0.,3.950966311744));
#149 = CARTESIAN_POINT('',(6.400050747047,0.,7.915188641292));
#150 = CARTESIAN_POINT('',(6.399349734339,0.,11.841097004811));
#151 = CARTESIAN_POINT('',(6.399366917973,-0.,15.8));
#152 = PCURVE('',#53,#153);
#153 = DEFINITIONAL_REPRESENTATION('',(#154),#158);
#154 = LINE('',#155,#156);
#155 = CARTESIAN_POINT('',(0.,0.));
#156 = VECTOR('',#157,1.);
#157 = DIRECTION('',(0.,1.));
#158 = ( GEOMETRIC_REPRESENTATION_CONTEXT(2) 
PARAMETRIC_REPRESENTATION_CONTEXT() REPRESENTATION_CONTEXT('2D SPACE',''
  ) );
#159 = PCURVE('',#160,#171);
#160 = ( BOUNDED_SURFACE() B_SPLINE_SURFACE(1,4,(
    (#161,#162,#163,#164,#165)
    ,(#166,#167,#168,#169,#170
)),.UNSPECIFIED.,.F.,.F.,.F.) B_SPLINE_SURFACE_WITH_KNOTS((2,2),(5,5),(
    159.,160.),(0.,1.),.PIECEWISE_BEZIER_KNOTS.) 
GEOMETRIC_REPRESENTATION_ITEM() RATIONAL_B_SPLINE_SURFACE((
    (1.,1.,1.,1.,1.)
,(1.,1.,1.,1.,1.))) REPRESENTATION_ITEM('') SURFACE() );
#161 = CARTESIAN_POINT('',(6.395592884368,0.237469276808,0.));
#162 = CARTESIAN_POINT('',(6.396370643355,0.23749815511,3.950966311744)
  );
#163 = CARTESIAN_POINT('',(6.397580298276,0.23754306977,7.915188641292)
  );
#164 = CARTESIAN_POINT('',(6.370126436712,0.236523703971,11.841097004811
    ));
#165 = CARTESIAN_POINT('',(6.370799401831,0.236548691262,15.8));
#166 = CARTESIAN_POINT('',(6.4,-8.832705701511E-18,0.));
#167 = CARTESIAN_POINT('',(6.400019859462,-3.590775978586E-17,
    3.950966311744));
#168 = CARTESIAN_POINT('',(6.400050747047,7.511328028113E-17,
    7.915188641292));
#169 = CARTESIAN_POINT('',(6.399349734339,-5.367999036954E-17,
    11.841097004811));
#170 = CARTESIAN_POINT('',(6.399366917973,6.7672382874E-18,15.8));
#171 = DEFINITIONAL_REPRESENTATION('',(#172),#176);
#172 = LINE('',#173,#174);
#173 = CARTESIAN_POINT('',(160.,0.));
#174 = VECTOR('',#175,1.);
#175 = DIRECTION('',(0.,1.));
#176 = ( GEOMETRIC_REPRESENTATION_CONTEXT(2) 
PARAMETRIC_REPRESENTATION_CONTEXT() REPRESENTATION_CONTEXT('2D SPACE',''
  ) );
#177 = ADVANCED_FACE('',(#178,#5245),#71,.F.);
#178 = FACE_BOUND('',#179,.F.);
#179 = EDGE_LOOP('',(#180,#181,#202,#234,#266,#298,#330,#362,#394,#426,
    #458,#490,#522,#554,#586,#618,#650,#682,#714,#746,#778,#810,#842,
    #874,#906,#938,#970,#1002,#1034,#1066,#1098,#1130,#1162,#1194,#1226,
    #1258,#1290,#1322,#1354,#1386,#1418,#1450,#1482,#1514,#1546,#1578,
    #1610,#1642,#1674,#1706,#1738,#1770,#1802,#1834,#1866,#1898,#1930,
    #1962,#1994,#2026,#2058,#2090,#2122,#2154,#2186,#2218,#2250,#2282,
    #2314,#2346,#2378,#2410,#2442,#2474,#2506,#2538,#2570,#2602,#2634,
    #2666,#2698,#2730,#2762,#2794,#2826,#2858,#2890,#2922,#2954,#2986,
    #3018,#3050,#3082,#3114,#3146,#3178,#3210,#3242,#3274,#3306,#3338,
    #3370,#3402,#3434,#3466,#3498,#3530,#3562,#3594,#3626,#3658,#3690,
    #3722,#3754,#3786,#3818,#3850,#3882,#3914,#3946,#3978,#4010,#4042,
    #4074,#4106,#4138,#4170,#4202,#4234,#4266,#4298,#4330,#4362,#4394,
    #4426,#4458,#4490,#4522,#4554,#4586,#4618,#4650,#4682,#4714,#4746,
    #4778,#4810,#4842,#4874,#4906,#4938,#4970,#5002,#5034,#5066,#5098,
    #5130,#5162,#5194,#5226));
#180 = ORIENTED_EDGE('',*,*,#43,.F.);
#181 = ORIENTED_EDGE('',*,*,#182,.F.);
#182 = EDGE_CURVE('',#183,#44,#185,.T.);
#183 = VERTEX_POINT('',#184);
#184 = CARTESIAN_POINT('',(6.395592884368,0.237469276808,0.));
#185 = SURFACE_CURVE('',#186,(#189,#195),.PCURVE_S1.);
#186 = B_SPLINE_CURVE_WITH_KNOTS('',1,(#187,#188),.UNSPECIFIED.,.F.,.F.,
  (2,2),(159.,160.),.PIECEWISE_BEZIER_KNOTS.);
#187 = CARTESIAN_POINT('',(6.395592884368,0.237469276808,0.));
#188 = CARTESIAN_POINT('',(6.4,-8.832705701511E-18,0.));
#189 = PCURVE('',#71,#190);
#190 = DEFINITIONAL_REPRESENTATION('',(#191),#194);
#191 = B_SPLINE_CURVE_WITH_KNOTS('',1,(#192,#193),.UNSPECIFIED.,.F.,.F.,
  (2,2),(159.,160.),.PIECEWISE_BEZIER_KNOTS.);
#192 = CARTESIAN_POINT('',(4.407115632493E-03,-0.237469276808));
#193 = CARTESIAN_POINT('',(0.,8.832705701511E-18));
#194 = ( GEOMETRIC_REPRESENTATION_CONTEXT(2) 
PARAMETRIC_REPRESENTATION_CONTEXT() REPRESENTATION_CONTEXT('2D SPACE',''
  ) );
#195 = PCURVE('',#160,#196);
#196 = DEFINITIONAL_REPRESENTATION('',(#197),#201);
#197 = LINE('',#198,#199);
#198 = CARTESIAN_POINT('',(0.,0.));
#199 = VECTOR('',#200,1.);
#200 = DIRECTION('',(1.,0.));
#201 = ( GEOMETRIC_REPRESENTATION_CONTEXT(2) 
PARAMETRIC_REPRESENTATION_CONTEXT() REPRESENTATION_CONTEXT('2D SPACE',''
  ) );
#202 = ORIENTED_EDGE('',*,*,#203,.F.);
#203 = EDGE_CURVE('',#204,#183,#206,.T.);
#204 = VERTEX_POINT('',#205);
#205 = CARTESIAN_POINT('',(6.382777563937,0.469202055946,0.));
#206 = SURFACE_CURVE('',#207,(#210,#216),.PCURVE_S1.);
#207 = B_SPLINE_CURVE_WITH_KNOTS('',1,(#208,#209),.UNSPECIFIED.,.F.,.F.,
  (2,2),(158.,159.),.PIECEWISE_BEZIER_KNOTS.);
#208 = CARTESIAN_POINT('',(6.382777563937,0.469202055946,0.));
#209 = CARTESIAN_POINT('',(6.395592884368,0.237469276808,0.));
#210 = PCURVE('',#71,#211);
#211 = DEFINITIONAL_REPRESENTATION('',(#212),#215);
#212 = B_SPLINE_CURVE_WITH_KNOTS('',1,(#213,#214),.UNSPECIFIED.,.F.,.F.,
  (2,2),(158.,159.),.PIECEWISE_BEZIER_KNOTS.);
#213 = CARTESIAN_POINT('',(1.722243606314E-02,-0.469202055946));
#214 = CARTESIAN_POINT('',(4.407115632493E-03,-0.237469276808));
#215 = ( GEOMETRIC_REPRESENTATION_CONTEXT(2) 
PARAMETRIC_REPRESENTATION_CONTEXT() REPRESENTATION_CONTEXT('2D SPACE',''
  ) );
#216 = PCURVE('',#217,#228);
#217 = ( BOUNDED_SURFACE() B_SPLINE_SURFACE(1,4,(
    (#218,#219,#220,#221,#222)
    ,(#223,#224,#225,#226,#227
)),.UNSPECIFIED.,.F.,.F.,.F.) B_SPLINE_SURFACE_WITH_KNOTS((2,2),(5,5),(
    158.,159.),(0.,1.),.PIECEWISE_BEZIER_KNOTS.) 
GEOMETRIC_REPRESENTATION_ITEM() RATIONAL_B_SPLINE_SURFACE((
    (1.,1.,1.,1.,1.)
,(1.,1.,1.,1.,1.))) REPRESENTATION_ITEM('') SURFACE() );
#218 = CARTESIAN_POINT('',(6.382777563937,0.469202055946,0.));
#219 = CARTESIAN_POINT('',(6.385624830708,0.469411360345,3.950966311744)
  );
#220 = CARTESIAN_POINT('',(6.390053208033,0.469736893191,7.915188641292)
  );
#221 = CARTESIAN_POINT('',(6.289548464191,0.462348725271,11.841097004811
    ));
#222 = CARTESIAN_POINT('',(6.29201209528,0.462529828366,15.8));
#223 = CARTESIAN_POINT('',(6.395592884368,0.237469276808,0.));
#224 = CARTESIAN_POINT('',(6.396370643355,0.23749815511,3.950966311744)
  );
#225 = CARTESIAN_POINT('',(6.397580298276,0.23754306977,7.915188641292)
  );
#226 = CARTESIAN_POINT('',(6.370126436712,0.236523703971,11.841097004811
    ));
#227 = CARTESIAN_POINT('',(6.370799401831,0.236548691262,15.8));
#228 = DEFINITIONAL_REPRESENTATION('',(#229),#233);
#229 = LINE('',#230,#231);
#230 = CARTESIAN_POINT('',(0.,0.));
#231 = VECTOR('',#232,1.);
#232 = DIRECTION('',(1.,0.));
#233 = ( GEOMETRIC_REPRESENTATION_CONTEXT(2) 
PARAMETRIC_REPRESENTATION_CONTEXT() REPRESENTATION_CONTEXT('2D SPACE',''
  ) );
#234 = ORIENTED_EDGE('',*,*,#235,.F.);
#235 = EDGE_CURVE('',#236,#204,#238,.T.);
#236 = VERTEX_POINT('',#237);
#237 = CARTESIAN_POINT('',(6.361547347787,0.700510772124,0.));
#238 = SURFACE_CURVE('',#239,(#242,#248),.PCURVE_S1.);
#239 = B_SPLINE_CURVE_WITH_KNOTS('',1,(#240,#241),.UNSPECIFIED.,.F.,.F.,
  (2,2),(157.,158.),.PIECEWISE_BEZIER_KNOTS.);
#240 = CARTESIAN_POINT('',(6.361547347787,0.700510772124,0.));
#241 = CARTESIAN_POINT('',(6.382777563937,0.469202055946,0.));
#242 = PCURVE('',#71,#243);
#243 = DEFINITIONAL_REPRESENTATION('',(#244),#247);
#244 = B_SPLINE_CURVE_WITH_KNOTS('',1,(#245,#246),.UNSPECIFIED.,.F.,.F.,
  (2,2),(157.,158.),.PIECEWISE_BEZIER_KNOTS.);
#245 = CARTESIAN_POINT('',(3.845265221279E-02,-0.700510772124));
#246 = CARTESIAN_POINT('',(1.722243606314E-02,-0.469202055946));
#247 = ( GEOMETRIC_REPRESENTATION_CONTEXT(2) 
PARAMETRIC_REPRESENTATION_CONTEXT() REPRESENTATION_CONTEXT('2D SPACE',''
  ) );
#248 = PCURVE('',#249,#260);
#249 = ( BOUNDED_SURFACE() B_SPLINE_SURFACE(1,4,(
    (#250,#251,#252,#253,#254)
    ,(#255,#256,#257,#258,#259
)),.UNSPECIFIED.,.F.,.F.,.F.) B_SPLINE_SURFACE_WITH_KNOTS((2,2),(5,5),(
    157.,158.),(0.,1.),.PIECEWISE_BEZIER_KNOTS.) 
GEOMETRIC_REPRESENTATION_ITEM() RATIONAL_B_SPLINE_SURFACE((
    (1.,1.,1.,1.,1.)
,(1.,1.,1.,1.,1.))) REPRESENTATION_ITEM('') SURFACE() );
#250 = CARTESIAN_POINT('',(6.361547347787,0.700510772124,0.));
#251 = CARTESIAN_POINT('',(6.367450129258,0.701160765243,3.950966311744)
  );
#252 = CARTESIAN_POINT('',(6.376630773619,0.702171704865,7.915188641292)
  );
#253 = CARTESIAN_POINT('',(6.168270409986,0.679227809107,11.841097004811
    ));
#254 = CARTESIAN_POINT('',(6.173377861137,0.679790223305,15.8));
#255 = CARTESIAN_POINT('',(6.382777563937,0.469202055946,0.));
#256 = CARTESIAN_POINT('',(6.385624830708,0.469411360345,3.950966311744)
  );
#257 = CARTESIAN_POINT('',(6.390053208033,0.469736893191,7.915188641292)
  );
#258 = CARTESIAN_POINT('',(6.289548464191,0.462348725271,11.841097004811
    ));
#259 = CARTESIAN_POINT('',(6.29201209528,0.462529828366,15.8));
#260 = DEFINITIONAL_REPRESENTATION('',(#261),#265);
#261 = LINE('',#262,#263);
#262 = CARTESIAN_POINT('',(0.,0.));
#263 = VECTOR('',#264,1.);
#264 = DIRECTION('',(1.,0.));
#265 = ( GEOMETRIC_REPRESENTATION_CONTEXT(2) 
PARAMETRIC_REPRESENTATION_CONTEXT() REPRESENTATION_CONTEXT('2D SPACE',''
  ) );
#266 = ORIENTED_EDGE('',*,*,#267,.F.);
#267 = EDGE_CURVE('',#268,#236,#270,.T.);
#268 = VERTEX_POINT('',#269);
#269 = CARTESIAN_POINT('',(6.331275750765,0.935386213164,0.));
#270 = SURFACE_CURVE('',#271,(#274,#280),.PCURVE_S1.);
#271 = B_SPLINE_CURVE_WITH_KNOTS('',1,(#272,#273),.UNSPECIFIED.,.F.,.F.,
  (2,2),(156.,157.),.PIECEWISE_BEZIER_KNOTS.);
#272 = CARTESIAN_POINT('',(6.331275750765,0.935386213164,0.));
#273 = CARTESIAN_POINT('',(6.361547347787,0.700510772124,0.));
#274 = PCURVE('',#71,#275);
#275 = DEFINITIONAL_REPRESENTATION('',(#276),#279);
#276 = B_SPLINE_CURVE_WITH_KNOTS('',1,(#277,#278),.UNSPECIFIED.,.F.,.F.,
  (2,2),(156.,157.),.PIECEWISE_BEZIER_KNOTS.);
#277 = CARTESIAN_POINT('',(6.872424923521E-02,-0.935386213164));
#278 = CARTESIAN_POINT('',(3.845265221279E-02,-0.700510772124));
#279 = ( GEOMETRIC_REPRESENTATION_CONTEXT(2) 
PARAMETRIC_REPRESENTATION_CONTEXT() REPRESENTATION_CONTEXT('2D SPACE',''
  ) );
#280 = PCURVE('',#281,#292);
#281 = ( BOUNDED_SURFACE() B_SPLINE_SURFACE(1,4,(
    (#282,#283,#284,#285,#286)
    ,(#287,#288,#289,#290,#291
)),.UNSPECIFIED.,.F.,.F.,.F.) B_SPLINE_SURFACE_WITH_KNOTS((2,2),(5,5),(
    156.,157.),(0.,1.),.PIECEWISE_BEZIER_KNOTS.) 
GEOMETRIC_REPRESENTATION_ITEM() RATIONAL_B_SPLINE_SURFACE((
    (1.,1.,1.,1.,1.)
,(1.,1.,1.,1.,1.))) REPRESENTATION_ITEM('') SURFACE() );
#282 = CARTESIAN_POINT('',(6.331275750765,0.935386213164,0.));
#283 = CARTESIAN_POINT('',(6.340875009879,0.936804413064,3.950966311744)
  );
#284 = CARTESIAN_POINT('',(6.35580481619,0.939010150981,7.915188641292)
  );
#285 = CARTESIAN_POINT('',(6.016963690271,0.888949573916,11.841097004811
    ));
#286 = CARTESIAN_POINT('',(6.025269562215,0.890176688073,15.8));
#287 = CARTESIAN_POINT('',(6.361547347787,0.700510772124,0.));
#288 = CARTESIAN_POINT('',(6.367450129258,0.701160765243,3.950966311744)
  );
#289 = CARTESIAN_POINT('',(6.376630773619,0.702171704865,7.915188641292)
  );
#290 = CARTESIAN_POINT('',(6.168270409986,0.679227809107,11.841097004811
    ));
#291 = CARTESIAN_POINT('',(6.173377861137,0.679790223305,15.8));
#292 = DEFINITIONAL_REPRESENTATION('',(#293),#297);
#293 = LINE('',#294,#295);
#294 = CARTESIAN_POINT('',(0.,0.));
#295 = VECTOR('',#296,1.);
#296 = DIRECTION('',(1.,0.));
#297 = ( GEOMETRIC_REPRESENTATION_CONTEXT(2) 
PARAMETRIC_REPRESENTATION_CONTEXT() REPRESENTATION_CONTEXT('2D SPACE',''
  ) );
#298 = ORIENTED_EDGE('',*,*,#299,.F.);
#299 = EDGE_CURVE('',#300,#268,#302,.T.);
#300 = VERTEX_POINT('',#301);
#301 = CARTESIAN_POINT('',(6.290935718002,1.176489605548,0.));
#302 = SURFACE_CURVE('',#303,(#306,#312),.PCURVE_S1.);
#303 = B_SPLINE_CURVE_WITH_KNOTS('',1,(#304,#305),.UNSPECIFIED.,.F.,.F.,
  (2,2),(155.,156.),.PIECEWISE_BEZIER_KNOTS.);
#304 = CARTESIAN_POINT('',(6.290935718002,1.176489605548,0.));
#305 = CARTESIAN_POINT('',(6.331275750765,0.935386213164,0.));
#306 = PCURVE('',#71,#307);
#307 = DEFINITIONAL_REPRESENTATION('',(#308),#311);
#308 = B_SPLINE_CURVE_WITH_KNOTS('',1,(#309,#310),.UNSPECIFIED.,.F.,.F.,
  (2,2),(155.,156.),.PIECEWISE_BEZIER_KNOTS.);
#309 = CARTESIAN_POINT('',(0.109064281998,-1.176489605548));
#310 = CARTESIAN_POINT('',(6.872424923521E-02,-0.935386213164));
#311 = ( GEOMETRIC_REPRESENTATION_CONTEXT(2) 
PARAMETRIC_REPRESENTATION_CONTEXT() REPRESENTATION_CONTEXT('2D SPACE',''
  ) );
#312 = PCURVE('',#313,#324);
#313 = ( BOUNDED_SURFACE() B_SPLINE_SURFACE(1,4,(
    (#314,#315,#316,#317,#318)
    ,(#319,#320,#321,#322,#323
)),.UNSPECIFIED.,.F.,.F.,.F.) B_SPLINE_SURFACE_WITH_KNOTS((2,2),(5,5),(
    155.,156.),(0.,1.),.PIECEWISE_BEZIER_KNOTS.) 
GEOMETRIC_REPRESENTATION_ITEM() RATIONAL_B_SPLINE_SURFACE((
    (1.,1.,1.,1.,1.)
,(1.,1.,1.,1.,1.))) REPRESENTATION_ITEM('') SURFACE() );
#314 = CARTESIAN_POINT('',(6.290935718002,1.176489605548,0.));
#315 = CARTESIAN_POINT('',(6.304514808061,1.179029078056,3.950966311744)
  );
#316 = CARTESIAN_POINT('',(6.32563447803,1.182978740444,7.915188641292)
  );
#317 = CARTESIAN_POINT('',(5.846310593814,1.093338726184,11.841097004811
    ));
#318 = CARTESIAN_POINT('',(5.85806006133,1.095536034664,15.8));
#319 = CARTESIAN_POINT('',(6.331275750765,0.935386213164,0.));
#320 = CARTESIAN_POINT('',(6.340875009879,0.936804413064,3.950966311744)
  );
#321 = CARTESIAN_POINT('',(6.35580481619,0.939010150981,7.915188641292)
  );
#322 = CARTESIAN_POINT('',(6.016963690271,0.888949573916,11.841097004811
    ));
#323 = CARTESIAN_POINT('',(6.025269562215,0.890176688073,15.8));
#324 = DEFINITIONAL_REPRESENTATION('',(#325),#329);
#325 = LINE('',#326,#327);
#326 = CARTESIAN_POINT('',(0.,0.));
#327 = VECTOR('',#328,1.);
#328 = DIRECTION('',(1.,0.));
#329 = ( GEOMETRIC_REPRESENTATION_CONTEXT(2) 
PARAMETRIC_REPRESENTATION_CONTEXT() REPRESENTATION_CONTEXT('2D SPACE',''
  ) );
#330 = ORIENTED_EDGE('',*,*,#331,.F.);
#331 = EDGE_CURVE('',#332,#300,#334,.T.);
#332 = VERTEX_POINT('',#333);
#333 = CARTESIAN_POINT('',(6.239346159853,1.42497701649,0.));
#334 = SURFACE_CURVE('',#335,(#338,#344),.PCURVE_S1.);
#335 = B_SPLINE_CURVE_WITH_KNOTS('',1,(#336,#337),.UNSPECIFIED.,.F.,.F.,
  (2,2),(154.,155.),.PIECEWISE_BEZIER_KNOTS.);
#336 = CARTESIAN_POINT('',(6.239346159853,1.42497701649,0.));
#337 = CARTESIAN_POINT('',(6.290935718002,1.176489605548,0.));
#338 = PCURVE('',#71,#339);
#339 = DEFINITIONAL_REPRESENTATION('',(#340),#343);
#340 = B_SPLINE_CURVE_WITH_KNOTS('',1,(#341,#342),.UNSPECIFIED.,.F.,.F.,
  (2,2),(154.,155.),.PIECEWISE_BEZIER_KNOTS.);
#341 = CARTESIAN_POINT('',(0.160653840147,-1.42497701649));
#342 = CARTESIAN_POINT('',(0.109064281998,-1.176489605548));
#343 = ( GEOMETRIC_REPRESENTATION_CONTEXT(2) 
PARAMETRIC_REPRESENTATION_CONTEXT() REPRESENTATION_CONTEXT('2D SPACE',''
  ) );
#344 = PCURVE('',#345,#356);
#345 = ( BOUNDED_SURFACE() B_SPLINE_SURFACE(1,4,(
    (#346,#347,#348,#349,#350)
    ,(#351,#352,#353,#354,#355
)),.UNSPECIFIED.,.F.,.F.,.F.) B_SPLINE_SURFACE_WITH_KNOTS((2,2),(5,5),(
    154.,155.),(0.,1.),.PIECEWISE_BEZIER_KNOTS.) 
GEOMETRIC_REPRESENTATION_ITEM() RATIONAL_B_SPLINE_SURFACE((
    (1.,1.,1.,1.,1.)
,(1.,1.,1.,1.,1.))) REPRESENTATION_ITEM('') SURFACE() );
#346 = CARTESIAN_POINT('',(6.239346159853,1.42497701649,0.));
#347 = CARTESIAN_POINT('',(6.256825992521,1.428969159122,3.950966311744)
  );
#348 = CARTESIAN_POINT('',(6.284012519413,1.435178171251,7.915188641292)
  );
#349 = CARTESIAN_POINT('',(5.66699759032,1.294260826667,11.841097004811)
  );
#350 = CARTESIAN_POINT('',(5.682122221296,1.297715075072,15.8));
#351 = CARTESIAN_POINT('',(6.290935718002,1.176489605548,0.));
#352 = CARTESIAN_POINT('',(6.304514808061,1.179029078056,3.950966311744)
  );
#353 = CARTESIAN_POINT('',(6.32563447803,1.182978740444,7.915188641292)
  );
#354 = CARTESIAN_POINT('',(5.846310593814,1.093338726184,11.841097004811
    ));
#355 = CARTESIAN_POINT('',(5.85806006133,1.095536034664,15.8));
#356 = DEFINITIONAL_REPRESENTATION('',(#357),#361);
#357 = LINE('',#358,#359);
#358 = CARTESIAN_POINT('',(0.,0.));
#359 = VECTOR('',#360,1.);
#360 = DIRECTION('',(1.,0.));
#361 = ( GEOMETRIC_REPRESENTATION_CONTEXT(2) 
PARAMETRIC_REPRESENTATION_CONTEXT() REPRESENTATION_CONTEXT('2D SPACE',''
  ) );
#362 = ORIENTED_EDGE('',*,*,#363,.F.);
#363 = EDGE_CURVE('',#364,#332,#366,.T.);
#364 = VERTEX_POINT('',#365);
#365 = CARTESIAN_POINT('',(6.175504706499,1.680220705743,0.));
#366 = SURFACE_CURVE('',#367,(#370,#376),.PCURVE_S1.);
#367 = B_SPLINE_CURVE_WITH_KNOTS('',1,(#368,#369),.UNSPECIFIED.,.F.,.F.,
  (2,2),(153.,154.),.PIECEWISE_BEZIER_KNOTS.);
#368 = CARTESIAN_POINT('',(6.175504706499,1.680220705743,0.));
#369 = CARTESIAN_POINT('',(6.239346159853,1.42497701649,0.));
#370 = PCURVE('',#71,#371);
#371 = DEFINITIONAL_REPRESENTATION('',(#372),#375);
#372 = B_SPLINE_CURVE_WITH_KNOTS('',1,(#373,#374),.UNSPECIFIED.,.F.,.F.,
  (2,2),(153.,154.),.PIECEWISE_BEZIER_KNOTS.);
#373 = CARTESIAN_POINT('',(0.224495293501,-1.680220705743));
#374 = CARTESIAN_POINT('',(0.160653840147,-1.42497701649));
#375 = ( GEOMETRIC_REPRESENTATION_CONTEXT(2) 
PARAMETRIC_REPRESENTATION_CONTEXT() REPRESENTATION_CONTEXT('2D SPACE',''
  ) );
#376 = PCURVE('',#377,#388);
#377 = ( BOUNDED_SURFACE() B_SPLINE_SURFACE(1,4,(
    (#378,#379,#380,#381,#382)
    ,(#383,#384,#385,#386,#387
)),.UNSPECIFIED.,.F.,.F.,.F.) B_SPLINE_SURFACE_WITH_KNOTS((2,2),(5,5),(
    153.,154.),(0.,1.),.PIECEWISE_BEZIER_KNOTS.) 
GEOMETRIC_REPRESENTATION_ITEM() RATIONAL_B_SPLINE_SURFACE((
    (1.,1.,1.,1.,1.)
,(1.,1.,1.,1.,1.))) REPRESENTATION_ITEM('') SURFACE() );
#378 = CARTESIAN_POINT('',(6.175504706499,1.680220705743,0.));
#379 = CARTESIAN_POINT('',(6.196449358156,1.685919290565,3.950966311744)
  );
#380 = CARTESIAN_POINT('',(6.229024746395,1.694782346204,7.915188641292)
  );
#381 = CARTESIAN_POINT('',(5.489706298537,1.493629853693,11.841097004811
    ));
#382 = CARTESIAN_POINT('',(5.507828904927,1.498560621289,15.8));
#383 = CARTESIAN_POINT('',(6.239346159853,1.42497701649,0.));
#384 = CARTESIAN_POINT('',(6.256825992521,1.428969159122,3.950966311744)
  );
#385 = CARTESIAN_POINT('',(6.284012519413,1.435178171251,7.915188641292)
  );
#386 = CARTESIAN_POINT('',(5.66699759032,1.294260826667,11.841097004811)
  );
#387 = CARTESIAN_POINT('',(5.682122221296,1.297715075072,15.8));
#388 = DEFINITIONAL_REPRESENTATION('',(#389),#393);
#389 = LINE('',#390,#391);
#390 = CARTESIAN_POINT('',(0.,0.));
#391 = VECTOR('',#392,1.);
#392 = DIRECTION('',(1.,0.));
#393 = ( GEOMETRIC_REPRESENTATION_CONTEXT(2) 
PARAMETRIC_REPRESENTATION_CONTEXT() REPRESENTATION_CONTEXT('2D SPACE',''
  ) );
#394 = ORIENTED_EDGE('',*,*,#395,.F.);
#395 = EDGE_CURVE('',#396,#364,#398,.T.);
#396 = VERTEX_POINT('',#397);
#397 = CARTESIAN_POINT('',(6.099034224751,1.939531264332,0.));
#398 = SURFACE_CURVE('',#399,(#402,#408),.PCURVE_S1.);
#399 = B_SPLINE_CURVE_WITH_KNOTS('',1,(#400,#401),.UNSPECIFIED.,.F.,.F.,
  (2,2),(152.,153.),.PIECEWISE_BEZIER_KNOTS.);
#400 = CARTESIAN_POINT('',(6.099034224751,1.939531264332,0.));
#401 = CARTESIAN_POINT('',(6.175504706499,1.680220705743,0.));
#402 = PCURVE('',#71,#403);
#403 = DEFINITIONAL_REPRESENTATION('',(#404),#407);
#404 = B_SPLINE_CURVE_WITH_KNOTS('',1,(#405,#406),.UNSPECIFIED.,.F.,.F.,
  (2,2),(152.,153.),.PIECEWISE_BEZIER_KNOTS.);
#405 = CARTESIAN_POINT('',(0.300965775249,-1.939531264332));
#406 = CARTESIAN_POINT('',(0.224495293501,-1.680220705743));
#407 = ( GEOMETRIC_REPRESENTATION_CONTEXT(2) 
PARAMETRIC_REPRESENTATION_CONTEXT() REPRESENTATION_CONTEXT('2D SPACE',''
  ) );
#408 = PCURVE('',#409,#420);
#409 = ( BOUNDED_SURFACE() B_SPLINE_SURFACE(1,4,(
    (#410,#411,#412,#413,#414)
    ,(#415,#416,#417,#418,#419
)),.UNSPECIFIED.,.F.,.F.,.F.) B_SPLINE_SURFACE_WITH_KNOTS((2,2),(5,5),(
    152.,153.),(0.,1.),.PIECEWISE_BEZIER_KNOTS.) 
GEOMETRIC_REPRESENTATION_ITEM() RATIONAL_B_SPLINE_SURFACE((
    (1.,1.,1.,1.,1.)
,(1.,1.,1.,1.,1.))) REPRESENTATION_ITEM('') SURFACE() );
#410 = CARTESIAN_POINT('',(6.099034224751,1.939531264332,0.));
#411 = CARTESIAN_POINT('',(6.122670549847,1.947047764454,3.950966311744)
  );
#412 = CARTESIAN_POINT('',(6.15943231983,1.958738238648,7.915188641292)
  );
#413 = CARTESIAN_POINT('',(5.325101366521,1.693415745101,11.841097004811
    ));
#414 = CARTESIAN_POINT('',(5.345552975039,1.699919485311,15.8));
#415 = CARTESIAN_POINT('',(6.175504706499,1.680220705743,0.));
#416 = CARTESIAN_POINT('',(6.196449358156,1.685919290565,3.950966311744)
  );
#417 = CARTESIAN_POINT('',(6.229024746395,1.694782346204,7.915188641292)
  );
#418 = CARTESIAN_POINT('',(5.489706298537,1.493629853693,11.841097004811
    ));
#419 = CARTESIAN_POINT('',(5.507828904927,1.498560621289,15.8));
#420 = DEFINITIONAL_REPRESENTATION('',(#421),#425);
#421 = LINE('',#422,#423);
#422 = CARTESIAN_POINT('',(0.,0.));
#423 = VECTOR('',#424,1.);
#424 = DIRECTION('',(1.,0.));
#425 = ( GEOMETRIC_REPRESENTATION_CONTEXT(2) 
PARAMETRIC_REPRESENTATION_CONTEXT() REPRESENTATION_CONTEXT('2D SPACE',''
  ) );
#426 = ORIENTED_EDGE('',*,*,#427,.F.);
#427 = EDGE_CURVE('',#428,#396,#430,.T.);
#428 = VERTEX_POINT('',#429);
#429 = CARTESIAN_POINT('',(6.010711788994,2.198031799053,0.));
#430 = SURFACE_CURVE('',#431,(#434,#440),.PCURVE_S1.);
#431 = B_SPLINE_CURVE_WITH_KNOTS('',1,(#432,#433),.UNSPECIFIED.,.F.,.F.,
  (2,2),(151.,152.),.PIECEWISE_BEZIER_KNOTS.);
#432 = CARTESIAN_POINT('',(6.010711788994,2.198031799053,0.));
#433 = CARTESIAN_POINT('',(6.099034224751,1.939531264332,0.));
#434 = PCURVE('',#71,#435);
#435 = DEFINITIONAL_REPRESENTATION('',(#436),#439);
#436 = B_SPLINE_CURVE_WITH_KNOTS('',1,(#437,#438),.UNSPECIFIED.,.F.,.F.,
  (2,2),(151.,152.),.PIECEWISE_BEZIER_KNOTS.);
#437 = CARTESIAN_POINT('',(0.389288211006,-2.198031799053));
#438 = CARTESIAN_POINT('',(0.300965775249,-1.939531264332));
#439 = ( GEOMETRIC_REPRESENTATION_CONTEXT(2) 
PARAMETRIC_REPRESENTATION_CONTEXT() REPRESENTATION_CONTEXT('2D SPACE',''
  ) );
#440 = PCURVE('',#441,#452);
#441 = ( BOUNDED_SURFACE() B_SPLINE_SURFACE(1,4,(
    (#442,#443,#444,#445,#446)
    ,(#447,#448,#449,#450,#451
)),.UNSPECIFIED.,.F.,.F.,.F.) B_SPLINE_SURFACE_WITH_KNOTS((2,2),(5,5),(
    151.,152.),(0.,1.),.PIECEWISE_BEZIER_KNOTS.) 
GEOMETRIC_REPRESENTATION_ITEM() RATIONAL_B_SPLINE_SURFACE((
    (1.,1.,1.,1.,1.)
,(1.,1.,1.,1.,1.))) REPRESENTATION_ITEM('') SURFACE() );
#442 = CARTESIAN_POINT('',(6.010711788994,2.198031799053,0.));
#443 = CARTESIAN_POINT('',(6.035965626959,2.207266768362,3.950966311744)
  );
#444 = CARTESIAN_POINT('',(6.075243127953,2.221629991754,7.915188641292)
  );
#445 = CARTESIAN_POINT('',(5.183816113878,1.895647813227,11.841097004811
    ));
#446 = CARTESIAN_POINT('',(5.205667294447,1.903638479129,15.8));
#447 = CARTESIAN_POINT('',(6.099034224751,1.939531264332,0.));
#448 = CARTESIAN_POINT('',(6.122670549847,1.947047764454,3.950966311744)
  );
#449 = CARTESIAN_POINT('',(6.15943231983,1.958738238648,7.915188641292)
  );
#450 = CARTESIAN_POINT('',(5.325101366521,1.693415745101,11.841097004811
    ));
#451 = CARTESIAN_POINT('',(5.345552975039,1.699919485311,15.8));
#452 = DEFINITIONAL_REPRESENTATION('',(#453),#457);
#453 = LINE('',#454,#455);
#454 = CARTESIAN_POINT('',(0.,0.));
#455 = VECTOR('',#456,1.);
#456 = DIRECTION('',(1.,0.));
#457 = ( GEOMETRIC_REPRESENTATION_CONTEXT(2) 
PARAMETRIC_REPRESENTATION_CONTEXT() REPRESENTATION_CONTEXT('2D SPACE',''
  ) );
#458 = ORIENTED_EDGE('',*,*,#459,.F.);
#459 = EDGE_CURVE('',#460,#428,#462,.T.);
#460 = VERTEX_POINT('',#461);
#461 = CARTESIAN_POINT('',(5.912961011821,2.448855257602,0.));
#462 = SURFACE_CURVE('',#463,(#466,#472),.PCURVE_S1.);
#463 = B_SPLINE_CURVE_WITH_KNOTS('',1,(#464,#465),.UNSPECIFIED.,.F.,.F.,
  (2,2),(150.,151.),.PIECEWISE_BEZIER_KNOTS.);
#464 = CARTESIAN_POINT('',(5.912961011821,2.448855257602,0.));
#465 = CARTESIAN_POINT('',(6.010711788994,2.198031799053,0.));
#466 = PCURVE('',#71,#467);
#467 = DEFINITIONAL_REPRESENTATION('',(#468),#471);
#468 = B_SPLINE_CURVE_WITH_KNOTS('',1,(#469,#470),.UNSPECIFIED.,.F.,.F.,
  (2,2),(150.,151.),.PIECEWISE_BEZIER_KNOTS.);
#469 = CARTESIAN_POINT('',(0.487038988179,-2.448855257602));
#470 = CARTESIAN_POINT('',(0.389288211006,-2.198031799053));
#471 = ( GEOMETRIC_REPRESENTATION_CONTEXT(2) 
PARAMETRIC_REPRESENTATION_CONTEXT() REPRESENTATION_CONTEXT('2D SPACE',''
  ) );
#472 = PCURVE('',#473,#484);
#473 = ( BOUNDED_SURFACE() B_SPLINE_SURFACE(1,4,(
    (#474,#475,#476,#477,#478)
    ,(#479,#480,#481,#482,#483
)),.UNSPECIFIED.,.F.,.F.,.F.) B_SPLINE_SURFACE_WITH_KNOTS((2,2),(5,5),(
    150.,151.),(0.,1.),.PIECEWISE_BEZIER_KNOTS.) 
GEOMETRIC_REPRESENTATION_ITEM() RATIONAL_B_SPLINE_SURFACE((
    (1.,1.,1.,1.,1.)
,(1.,1.,1.,1.,1.))) REPRESENTATION_ITEM('') SURFACE() );
#474 = CARTESIAN_POINT('',(5.912961011821,2.448855257602,0.));
#475 = CARTESIAN_POINT('',(5.938508838132,2.459435900474,3.950966311744)
  );
#476 = CARTESIAN_POINT('',(5.978243581608,2.475892060979,7.915188641292)
  );
#477 = CARTESIAN_POINT('',(5.07643916852,2.102409388946,11.841097004811)
  );
#478 = CARTESIAN_POINT('',(5.098544725965,2.111564414739,15.8));
#479 = CARTESIAN_POINT('',(6.010711788994,2.198031799053,0.));
#480 = CARTESIAN_POINT('',(6.035965626959,2.207266768362,3.950966311744)
  );
#481 = CARTESIAN_POINT('',(6.075243127953,2.221629991754,7.915188641292)
  );
#482 = CARTESIAN_POINT('',(5.183816113878,1.895647813227,11.841097004811
    ));
#483 = CARTESIAN_POINT('',(5.205667294447,1.903638479129,15.8));
#484 = DEFINITIONAL_REPRESENTATION('',(#485),#489);
#485 = LINE('',#486,#487);
#486 = CARTESIAN_POINT('',(0.,0.));
#487 = VECTOR('',#488,1.);
#488 = DIRECTION('',(1.,0.));
#489 = ( GEOMETRIC_REPRESENTATION_CONTEXT(2) 
PARAMETRIC_REPRESENTATION_CONTEXT() REPRESENTATION_CONTEXT('2D SPACE',''
  ) );
#490 = ORIENTED_EDGE('',*,*,#491,.F.);
#491 = EDGE_CURVE('',#492,#460,#494,.T.);
#492 = VERTEX_POINT('',#493);
#493 = CARTESIAN_POINT('',(5.800978027407,2.703452223647,0.));
#494 = SURFACE_CURVE('',#495,(#498,#504),.PCURVE_S1.);
#495 = B_SPLINE_CURVE_WITH_KNOTS('',1,(#496,#497),.UNSPECIFIED.,.F.,.F.,
  (2,2),(149.,150.),.PIECEWISE_BEZIER_KNOTS.);
#496 = CARTESIAN_POINT('',(5.800978027407,2.703452223647,0.));
#497 = CARTESIAN_POINT('',(5.912961011821,2.448855257602,0.));
#498 = PCURVE('',#71,#499);
#499 = DEFINITIONAL_REPRESENTATION('',(#500),#503);
#500 = B_SPLINE_CURVE_WITH_KNOTS('',1,(#501,#502),.UNSPECIFIED.,.F.,.F.,
  (2,2),(149.,150.),.PIECEWISE_BEZIER_KNOTS.);
#501 = CARTESIAN_POINT('',(0.599021972593,-2.703452223647));
#502 = CARTESIAN_POINT('',(0.487038988179,-2.448855257602));
#503 = ( GEOMETRIC_REPRESENTATION_CONTEXT(2) 
PARAMETRIC_REPRESENTATION_CONTEXT() REPRESENTATION_CONTEXT('2D SPACE',''
  ) );
#504 = PCURVE('',#505,#516);
#505 = ( BOUNDED_SURFACE() B_SPLINE_SURFACE(1,4,(
    (#506,#507,#508,#509,#510)
    ,(#511,#512,#513,#514,#515
)),.UNSPECIFIED.,.F.,.F.,.F.) B_SPLINE_SURFACE_WITH_KNOTS((2,2),(5,5),(
    149.,150.),(0.,1.),.PIECEWISE_BEZIER_KNOTS.) 
GEOMETRIC_REPRESENTATION_ITEM() RATIONAL_B_SPLINE_SURFACE((
    (1.,1.,1.,1.,1.)
,(1.,1.,1.,1.,1.))) REPRESENTATION_ITEM('') SURFACE() );
#506 = CARTESIAN_POINT('',(5.800978027407,2.703452223647,0.));
#507 = CARTESIAN_POINT('',(5.825358187902,2.714814204125,3.950966311744)
  );
#508 = CARTESIAN_POINT('',(5.863276851171,2.732485585408,7.915188641292)
  );
#509 = CARTESIAN_POINT('',(5.002689494018,2.331422731291,11.841097004811
    ));
#510 = CARTESIAN_POINT('',(5.023784714871,2.341253818644,15.8));
#511 = CARTESIAN_POINT('',(5.912961011821,2.448855257602,0.));
#512 = CARTESIAN_POINT('',(5.938508838132,2.459435900474,3.950966311744)
  );
#513 = CARTESIAN_POINT('',(5.978243581608,2.475892060979,7.915188641292)
  );
#514 = CARTESIAN_POINT('',(5.07643916852,2.102409388946,11.841097004811)
  );
#515 = CARTESIAN_POINT('',(5.098544725965,2.111564414739,15.8));
#516 = DEFINITIONAL_REPRESENTATION('',(#517),#521);
#517 = LINE('',#518,#519);
#518 = CARTESIAN_POINT('',(0.,0.));
#519 = VECTOR('',#520,1.);
#520 = DIRECTION('',(1.,0.));
#521 = ( GEOMETRIC_REPRESENTATION_CONTEXT(2) 
PARAMETRIC_REPRESENTATION_CONTEXT() REPRESENTATION_CONTEXT('2D SPACE',''
  ) );
#522 = ORIENTED_EDGE('',*,*,#523,.F.);
#523 = EDGE_CURVE('',#524,#492,#526,.T.);
#524 = VERTEX_POINT('',#525);
#525 = CARTESIAN_POINT('',(5.677099630334,2.95474868428,0.));
#526 = SURFACE_CURVE('',#527,(#530,#536),.PCURVE_S1.);
#527 = B_SPLINE_CURVE_WITH_KNOTS('',1,(#528,#529),.UNSPECIFIED.,.F.,.F.,
  (2,2),(148.,149.),.PIECEWISE_BEZIER_KNOTS.);
#528 = CARTESIAN_POINT('',(5.677099630334,2.95474868428,0.));
#529 = CARTESIAN_POINT('',(5.800978027407,2.703452223647,0.));
#530 = PCURVE('',#71,#531);
#531 = DEFINITIONAL_REPRESENTATION('',(#532),#535);
#532 = B_SPLINE_CURVE_WITH_KNOTS('',1,(#533,#534),.UNSPECIFIED.,.F.,.F.,
  (2,2),(148.,149.),.PIECEWISE_BEZIER_KNOTS.);
#533 = CARTESIAN_POINT('',(0.722900369666,-2.95474868428));
#534 = CARTESIAN_POINT('',(0.599021972593,-2.703452223647));
#535 = ( GEOMETRIC_REPRESENTATION_CONTEXT(2) 
PARAMETRIC_REPRESENTATION_CONTEXT() REPRESENTATION_CONTEXT('2D SPACE',''
  ) );
#536 = PCURVE('',#537,#548);
#537 = ( BOUNDED_SURFACE() B_SPLINE_SURFACE(1,4,(
    (#538,#539,#540,#541,#542)
    ,(#543,#544,#545,#546,#547
)),.UNSPECIFIED.,.F.,.F.,.F.) B_SPLINE_SURFACE_WITH_KNOTS((2,2),(5,5),(
    148.,149.),(0.,1.),.PIECEWISE_BEZIER_KNOTS.) 
GEOMETRIC_REPRESENTATION_ITEM() RATIONAL_B_SPLINE_SURFACE((
    (1.,1.,1.,1.,1.)
,(1.,1.,1.,1.,1.))) REPRESENTATION_ITEM('') SURFACE() );
#538 = CARTESIAN_POINT('',(5.677099630334,2.95474868428,0.));
#539 = CARTESIAN_POINT('',(5.699111271603,2.966205039164,3.950966311744)
  );
#540 = CARTESIAN_POINT('',(5.733346157525,2.984023201733,7.915188641292)
  );
#541 = CARTESIAN_POINT('',(4.956364390312,2.579629056153,11.841097004811
    ));
#542 = CARTESIAN_POINT('',(4.975410222025,2.589541802073,15.8));
#543 = CARTESIAN_POINT('',(5.800978027407,2.703452223647,0.));
#544 = CARTESIAN_POINT('',(5.825358187902,2.714814204125,3.950966311744)
  );
#545 = CARTESIAN_POINT('',(5.863276851171,2.732485585408,7.915188641292)
  );
#546 = CARTESIAN_POINT('',(5.002689494018,2.331422731291,11.841097004811
    ));
#547 = CARTESIAN_POINT('',(5.023784714871,2.341253818644,15.8));
#548 = DEFINITIONAL_REPRESENTATION('',(#549),#553);
#549 = LINE('',#550,#551);
#550 = CARTESIAN_POINT('',(0.,0.));
#551 = VECTOR('',#552,1.);
#552 = DIRECTION('',(1.,0.));
#553 = ( GEOMETRIC_REPRESENTATION_CONTEXT(2) 
PARAMETRIC_REPRESENTATION_CONTEXT() REPRESENTATION_CONTEXT('2D SPACE',''
  ) );
#554 = ORIENTED_EDGE('',*,*,#555,.F.);
#555 = EDGE_CURVE('',#556,#524,#558,.T.);
#556 = VERTEX_POINT('',#557);
#557 = CARTESIAN_POINT('',(5.544770559946,3.196172623241,0.));
#558 = SURFACE_CURVE('',#559,(#562,#568),.PCURVE_S1.);
#559 = B_SPLINE_CURVE_WITH_KNOTS('',1,(#560,#561),.UNSPECIFIED.,.F.,.F.,
  (2,2),(147.,148.),.PIECEWISE_BEZIER_KNOTS.);
#560 = CARTESIAN_POINT('',(5.544770559946,3.196172623241,0.));
#561 = CARTESIAN_POINT('',(5.677099630334,2.95474868428,0.));
#562 = PCURVE('',#71,#563);
#563 = DEFINITIONAL_REPRESENTATION('',(#564),#567);
#564 = B_SPLINE_CURVE_WITH_KNOTS('',1,(#565,#566),.UNSPECIFIED.,.F.,.F.,
  (2,2),(147.,148.),.PIECEWISE_BEZIER_KNOTS.);
#565 = CARTESIAN_POINT('',(0.855229440054,-3.196172623241));
#566 = CARTESIAN_POINT('',(0.722900369666,-2.95474868428));
#567 = ( GEOMETRIC_REPRESENTATION_CONTEXT(2) 
PARAMETRIC_REPRESENTATION_CONTEXT() REPRESENTATION_CONTEXT('2D SPACE',''
  ) );
#568 = PCURVE('',#569,#580);
#569 = ( BOUNDED_SURFACE() B_SPLINE_SURFACE(1,4,(
    (#570,#571,#572,#573,#574)
    ,(#575,#576,#577,#578,#579
)),.UNSPECIFIED.,.F.,.F.,.F.) B_SPLINE_SURFACE_WITH_KNOTS((2,2),(5,5),(
    147.,148.),(0.,1.),.PIECEWISE_BEZIER_KNOTS.) 
GEOMETRIC_REPRESENTATION_ITEM() RATIONAL_B_SPLINE_SURFACE((
    (1.,1.,1.,1.,1.)
,(1.,1.,1.,1.,1.))) REPRESENTATION_ITEM('') SURFACE() );
#570 = CARTESIAN_POINT('',(5.544770559946,3.196172623241,0.));
#571 = CARTESIAN_POINT('',(5.563585925684,3.20701836631,3.950966311744)
  );
#572 = CARTESIAN_POINT('',(5.592849618098,3.223886839322,7.915188641292)
  );
#573 = CARTESIAN_POINT('',(4.928692141448,2.841046481648,11.841097004811
    ));
#574 = CARTESIAN_POINT('',(4.944972358134,2.850430888507,15.8));
#575 = CARTESIAN_POINT('',(5.677099630334,2.95474868428,0.));
#576 = CARTESIAN_POINT('',(5.699111271603,2.966205039164,3.950966311744)
  );
#577 = CARTESIAN_POINT('',(5.733346157525,2.984023201733,7.915188641292)
  );
#578 = CARTESIAN_POINT('',(4.956364390312,2.579629056153,11.841097004811
    ));
#579 = CARTESIAN_POINT('',(4.975410222025,2.589541802073,15.8));
#580 = DEFINITIONAL_REPRESENTATION('',(#581),#585);
#581 = LINE('',#582,#583);
#582 = CARTESIAN_POINT('',(0.,0.));
#583 = VECTOR('',#584,1.);
#584 = DIRECTION('',(1.,0.));
#585 = ( GEOMETRIC_REPRESENTATION_CONTEXT(2) 
PARAMETRIC_REPRESENTATION_CONTEXT() REPRESENTATION_CONTEXT('2D SPACE',''
  ) );
#586 = ORIENTED_EDGE('',*,*,#587,.F.);
#587 = EDGE_CURVE('',#588,#556,#590,.T.);
#588 = VERTEX_POINT('',#589);
#589 = CARTESIAN_POINT('',(5.407151705679,3.423844393628,0.));
#590 = SURFACE_CURVE('',#591,(#594,#600),.PCURVE_S1.);
#591 = B_SPLINE_CURVE_WITH_KNOTS('',1,(#592,#593),.UNSPECIFIED.,.F.,.F.,
  (2,2),(146.,147.),.PIECEWISE_BEZIER_KNOTS.);
#592 = CARTESIAN_POINT('',(5.407151705679,3.423844393628,0.));
#593 = CARTESIAN_POINT('',(5.544770559946,3.196172623241,0.));
#594 = PCURVE('',#71,#595);
#595 = DEFINITIONAL_REPRESENTATION('',(#596),#599);
#596 = B_SPLINE_CURVE_WITH_KNOTS('',1,(#597,#598),.UNSPECIFIED.,.F.,.F.,
  (2,2),(146.,147.),.PIECEWISE_BEZIER_KNOTS.);
#597 = CARTESIAN_POINT('',(0.992848294321,-3.423844393628));
#598 = CARTESIAN_POINT('',(0.855229440054,-3.196172623241));
#599 = ( GEOMETRIC_REPRESENTATION_CONTEXT(2) 
PARAMETRIC_REPRESENTATION_CONTEXT() REPRESENTATION_CONTEXT('2D SPACE',''
  ) );
#600 = PCURVE('',#601,#612);
#601 = ( BOUNDED_SURFACE() B_SPLINE_SURFACE(1,4,(
    (#602,#603,#604,#605,#606)
    ,(#607,#608,#609,#610,#611
)),.UNSPECIFIED.,.F.,.F.,.F.) B_SPLINE_SURFACE_WITH_KNOTS((2,2),(5,5),(
    146.,147.),(0.,1.),.PIECEWISE_BEZIER_KNOTS.) 
GEOMETRIC_REPRESENTATION_ITEM() RATIONAL_B_SPLINE_SURFACE((
    (1.,1.,1.,1.,1.)
,(1.,1.,1.,1.,1.))) REPRESENTATION_ITEM('') SURFACE() );
#602 = CARTESIAN_POINT('',(5.407151705679,3.423844393628,0.));
#603 = CARTESIAN_POINT('',(5.422307232459,3.433440973902,3.950966311744)
  );
#604 = CARTESIAN_POINT('',(5.445878747371,3.44836661379,7.915188641292)
  );
#605 = CARTESIAN_POINT('',(4.910908735957,3.109620047384,11.841097004811
    ));
#606 = CARTESIAN_POINT('',(4.924022233903,3.11792360143,15.8));
#607 = CARTESIAN_POINT('',(5.544770559946,3.196172623241,0.));
#608 = CARTESIAN_POINT('',(5.563585925684,3.20701836631,3.950966311744)
  );
#609 = CARTESIAN_POINT('',(5.592849618098,3.223886839322,7.915188641292)
  );
#610 = CARTESIAN_POINT('',(4.928692141448,2.841046481648,11.841097004811
    ));
#611 = CARTESIAN_POINT('',(4.944972358134,2.850430888507,15.8));
#612 = DEFINITIONAL_REPRESENTATION('',(#613),#617);
#613 = LINE('',#614,#615);
#614 = CARTESIAN_POINT('',(0.,0.));
#615 = VECTOR('',#616,1.);
#616 = DIRECTION('',(1.,0.));
#617 = ( GEOMETRIC_REPRESENTATION_CONTEXT(2) 
PARAMETRIC_REPRESENTATION_CONTEXT() REPRESENTATION_CONTEXT('2D SPACE',''
  ) );
#618 = ORIENTED_EDGE('',*,*,#619,.F.);
#619 = EDGE_CURVE('',#620,#588,#622,.T.);
#620 = VERTEX_POINT('',#621);
#621 = CARTESIAN_POINT('',(5.266615174534,3.636311950778,0.));
#622 = SURFACE_CURVE('',#623,(#626,#632),.PCURVE_S1.);
#623 = B_SPLINE_CURVE_WITH_KNOTS('',1,(#624,#625),.UNSPECIFIED.,.F.,.F.,
  (2,2),(145.,146.),.PIECEWISE_BEZIER_KNOTS.);
#624 = CARTESIAN_POINT('',(5.266615174534,3.636311950778,0.));
#625 = CARTESIAN_POINT('',(5.407151705679,3.423844393628,0.));
#626 = PCURVE('',#71,#627);
#627 = DEFINITIONAL_REPRESENTATION('',(#628),#631);
#628 = B_SPLINE_CURVE_WITH_KNOTS('',1,(#629,#630),.UNSPECIFIED.,.F.,.F.,
  (2,2),(145.,146.),.PIECEWISE_BEZIER_KNOTS.);
#629 = CARTESIAN_POINT('',(1.133384825466,-3.636311950778));
#630 = CARTESIAN_POINT('',(0.992848294321,-3.423844393628));
#631 = ( GEOMETRIC_REPRESENTATION_CONTEXT(2) 
PARAMETRIC_REPRESENTATION_CONTEXT() REPRESENTATION_CONTEXT('2D SPACE',''
  ) );
#632 = PCURVE('',#633,#644);
#633 = ( BOUNDED_SURFACE() B_SPLINE_SURFACE(1,4,(
    (#634,#635,#636,#637,#638)
    ,(#639,#640,#641,#642,#643
)),.UNSPECIFIED.,.F.,.F.,.F.) B_SPLINE_SURFACE_WITH_KNOTS((2,2),(5,5),(
    145.,146.),(0.,1.),.PIECEWISE_BEZIER_KNOTS.) 
GEOMETRIC_REPRESENTATION_ITEM() RATIONAL_B_SPLINE_SURFACE((
    (1.,1.,1.,1.,1.)
,(1.,1.,1.,1.,1.))) REPRESENTATION_ITEM('') SURFACE() );
#634 = CARTESIAN_POINT('',(5.266615174534,3.636311950778,0.));
#635 = CARTESIAN_POINT('',(5.277986748101,3.644163405174,3.950966311744)
  );
#636 = CARTESIAN_POINT('',(5.295673049593,3.656374836492,7.915188641292)
  );
#637 = CARTESIAN_POINT('',(4.894271572152,3.379228900989,11.841097004811
    ));
#638 = CARTESIAN_POINT('',(4.904110960039,3.386022464326,15.8));
#639 = CARTESIAN_POINT('',(5.407151705679,3.423844393628,0.));
#640 = CARTESIAN_POINT('',(5.422307232459,3.433440973902,3.950966311744)
  );
#641 = CARTESIAN_POINT('',(5.445878747371,3.44836661379,7.915188641292)
  );
#642 = CARTESIAN_POINT('',(4.910908735957,3.109620047384,11.841097004811
    ));
#643 = CARTESIAN_POINT('',(4.924022233903,3.11792360143,15.8));
#644 = DEFINITIONAL_REPRESENTATION('',(#645),#649);
#645 = LINE('',#646,#647);
#646 = CARTESIAN_POINT('',(0.,0.));
#647 = VECTOR('',#648,1.);
#648 = DIRECTION('',(1.,0.));
#649 = ( GEOMETRIC_REPRESENTATION_CONTEXT(2) 
PARAMETRIC_REPRESENTATION_CONTEXT() REPRESENTATION_CONTEXT('2D SPACE',''
  ) );
#650 = ORIENTED_EDGE('',*,*,#651,.F.);
#651 = EDGE_CURVE('',#652,#620,#654,.T.);
#652 = VERTEX_POINT('',#653);
#653 = CARTESIAN_POINT('',(5.124466444715,3.834037513769,0.));
#654 = SURFACE_CURVE('',#655,(#658,#664),.PCURVE_S1.);
#655 = B_SPLINE_CURVE_WITH_KNOTS('',1,(#656,#657),.UNSPECIFIED.,.F.,.F.,
  (2,2),(144.,145.),.PIECEWISE_BEZIER_KNOTS.);
#656 = CARTESIAN_POINT('',(5.124466444715,3.834037513769,0.));
#657 = CARTESIAN_POINT('',(5.266615174534,3.636311950778,0.));
#658 = PCURVE('',#71,#659);
#659 = DEFINITIONAL_REPRESENTATION('',(#660),#663);
#660 = B_SPLINE_CURVE_WITH_KNOTS('',1,(#661,#662),.UNSPECIFIED.,.F.,.F.,
  (2,2),(144.,145.),.PIECEWISE_BEZIER_KNOTS.);
#661 = CARTESIAN_POINT('',(1.275533555285,-3.834037513769));
#662 = CARTESIAN_POINT('',(1.133384825466,-3.636311950778));
#663 = ( GEOMETRIC_REPRESENTATION_CONTEXT(2) 
PARAMETRIC_REPRESENTATION_CONTEXT() REPRESENTATION_CONTEXT('2D SPACE',''
  ) );
#664 = PCURVE('',#665,#676);
#665 = ( BOUNDED_SURFACE() B_SPLINE_SURFACE(1,4,(
    (#666,#667,#668,#669,#670)
    ,(#671,#672,#673,#674,#675
)),.UNSPECIFIED.,.F.,.F.,.F.) B_SPLINE_SURFACE_WITH_KNOTS((2,2),(5,5),(
    144.,145.),(0.,1.),.PIECEWISE_BEZIER_KNOTS.) 
GEOMETRIC_REPRESENTATION_ITEM() RATIONAL_B_SPLINE_SURFACE((
    (1.,1.,1.,1.,1.)
,(1.,1.,1.,1.,1.))) REPRESENTATION_ITEM('') SURFACE() );
#666 = CARTESIAN_POINT('',(5.124466444715,3.834037513769,0.));
#667 = CARTESIAN_POINT('',(5.132235940381,3.839850516579,3.950966311744)
  );
#668 = CARTESIAN_POINT('',(5.144319900615,3.848891527454,7.915188641292)
  );
#669 = CARTESIAN_POINT('',(4.870066999665,3.643700231571,11.841097004811
    ));
#670 = CARTESIAN_POINT('',(4.876789647247,3.648730000679,15.8));
#671 = CARTESIAN_POINT('',(5.266615174534,3.636311950778,0.));
#672 = CARTESIAN_POINT('',(5.277986748101,3.644163405174,3.950966311744)
  );
#673 = CARTESIAN_POINT('',(5.295673049593,3.656374836492,7.915188641292)
  );
#674 = CARTESIAN_POINT('',(4.894271572152,3.379228900989,11.841097004811
    ));
#675 = CARTESIAN_POINT('',(4.904110960039,3.386022464326,15.8));
#676 = DEFINITIONAL_REPRESENTATION('',(#677),#681);
#677 = LINE('',#678,#679);
#678 = CARTESIAN_POINT('',(0.,0.));
#679 = VECTOR('',#680,1.);
#680 = DIRECTION('',(1.,0.));
#681 = ( GEOMETRIC_REPRESENTATION_CONTEXT(2) 
PARAMETRIC_REPRESENTATION_CONTEXT() REPRESENTATION_CONTEXT('2D SPACE',''
  ) );
#682 = ORIENTED_EDGE('',*,*,#683,.F.);
#683 = EDGE_CURVE('',#684,#652,#686,.T.);
#684 = VERTEX_POINT('',#685);
#685 = CARTESIAN_POINT('',(4.980847994932,4.018849742325,0.));
#686 = SURFACE_CURVE('',#687,(#690,#696),.PCURVE_S1.);
#687 = B_SPLINE_CURVE_WITH_KNOTS('',1,(#688,#689),.UNSPECIFIED.,.F.,.F.,
  (2,2),(143.,144.),.PIECEWISE_BEZIER_KNOTS.);
#688 = CARTESIAN_POINT('',(4.980847994932,4.018849742325,0.));
#689 = CARTESIAN_POINT('',(5.124466444715,3.834037513769,0.));
#690 = PCURVE('',#71,#691);
#691 = DEFINITIONAL_REPRESENTATION('',(#692),#695);
#692 = B_SPLINE_CURVE_WITH_KNOTS('',1,(#693,#694),.UNSPECIFIED.,.F.,.F.,
  (2,2),(143.,144.),.PIECEWISE_BEZIER_KNOTS.);
#693 = CARTESIAN_POINT('',(1.419152005068,-4.018849742325));
#694 = CARTESIAN_POINT('',(1.275533555285,-3.834037513769));
#695 = ( GEOMETRIC_REPRESENTATION_CONTEXT(2) 
PARAMETRIC_REPRESENTATION_CONTEXT() REPRESENTATION_CONTEXT('2D SPACE',''
  ) );
#696 = PCURVE('',#697,#708);
#697 = ( BOUNDED_SURFACE() B_SPLINE_SURFACE(1,4,(
    (#698,#699,#700,#701,#702)
    ,(#703,#704,#705,#706,#707
)),.UNSPECIFIED.,.F.,.F.,.F.) B_SPLINE_SURFACE_WITH_KNOTS((2,2),(5,5),(
    143.,144.),(0.,1.),.PIECEWISE_BEZIER_KNOTS.) 
GEOMETRIC_REPRESENTATION_ITEM() RATIONAL_B_SPLINE_SURFACE((
    (1.,1.,1.,1.,1.)
,(1.,1.,1.,1.,1.))) REPRESENTATION_ITEM('') SURFACE() );
#698 = CARTESIAN_POINT('',(4.980847994932,4.018849742325,0.));
#699 = CARTESIAN_POINT('',(4.98546679487,4.022576469773,3.950966311744)
  );
#700 = CARTESIAN_POINT('',(4.992650452236,4.028372679492,7.915188641292)
  );
#701 = CARTESIAN_POINT('',(4.829612935218,3.896824139179,11.841097004811
    ));
#702 = CARTESIAN_POINT('',(4.833609406233,3.900048733972,15.8));
#703 = CARTESIAN_POINT('',(5.124466444715,3.834037513769,0.));
#704 = CARTESIAN_POINT('',(5.132235940381,3.839850516579,3.950966311744)
  );
#705 = CARTESIAN_POINT('',(5.144319900615,3.848891527454,7.915188641292)
  );
#706 = CARTESIAN_POINT('',(4.870066999665,3.643700231571,11.841097004811
    ));
#707 = CARTESIAN_POINT('',(4.876789647247,3.648730000679,15.8));
#708 = DEFINITIONAL_REPRESENTATION('',(#709),#713);
#709 = LINE('',#710,#711);
#710 = CARTESIAN_POINT('',(0.,0.));
#711 = VECTOR('',#712,1.);
#712 = DIRECTION('',(1.,0.));
#713 = ( GEOMETRIC_REPRESENTATION_CONTEXT(2) 
PARAMETRIC_REPRESENTATION_CONTEXT() REPRESENTATION_CONTEXT('2D SPACE',''
  ) );
#714 = ORIENTED_EDGE('',*,*,#715,.F.);
#715 = EDGE_CURVE('',#716,#684,#718,.T.);
#716 = VERTEX_POINT('',#717);
#717 = CARTESIAN_POINT('',(4.83473155161,4.1934914837,0.));
#718 = SURFACE_CURVE('',#719,(#722,#728),.PCURVE_S1.);
#719 = B_SPLINE_CURVE_WITH_KNOTS('',1,(#720,#721),.UNSPECIFIED.,.F.,.F.,
  (2,2),(142.,143.),.PIECEWISE_BEZIER_KNOTS.);
#720 = CARTESIAN_POINT('',(4.83473155161,4.1934914837,0.));
#721 = CARTESIAN_POINT('',(4.980847994932,4.018849742325,0.));
#722 = PCURVE('',#71,#723);
#723 = DEFINITIONAL_REPRESENTATION('',(#724),#727);
#724 = B_SPLINE_CURVE_WITH_KNOTS('',1,(#725,#726),.UNSPECIFIED.,.F.,.F.,
  (2,2),(142.,143.),.PIECEWISE_BEZIER_KNOTS.);
#725 = CARTESIAN_POINT('',(1.56526844839,-4.1934914837));
#726 = CARTESIAN_POINT('',(1.419152005068,-4.018849742325));
#727 = ( GEOMETRIC_REPRESENTATION_CONTEXT(2) 
PARAMETRIC_REPRESENTATION_CONTEXT() REPRESENTATION_CONTEXT('2D SPACE',''
  ) );
#728 = PCURVE('',#729,#740);
#729 = ( BOUNDED_SURFACE() B_SPLINE_SURFACE(1,4,(
    (#730,#731,#732,#733,#734)
    ,(#735,#736,#737,#738,#739
)),.UNSPECIFIED.,.F.,.F.,.F.) B_SPLINE_SURFACE_WITH_KNOTS((2,2),(5,5),(
    142.,143.),(0.,1.),.PIECEWISE_BEZIER_KNOTS.) 
GEOMETRIC_REPRESENTATION_ITEM() RATIONAL_B_SPLINE_SURFACE((
    (1.,1.,1.,1.,1.)
,(1.,1.,1.,1.,1.))) REPRESENTATION_ITEM('') SURFACE() );
#730 = CARTESIAN_POINT('',(4.83473155161,4.1934914837,0.));
#731 = CARTESIAN_POINT('',(4.836883818949,4.195358291539,3.950966311744)
  );
#732 = CARTESIAN_POINT('',(4.840231257967,4.198261753057,7.915188641292)
  );
#733 = CARTESIAN_POINT('',(4.764259073054,4.132365910231,11.841097004811
    ));
#734 = CARTESIAN_POINT('',(4.766121347704,4.133981187688,15.8));
#735 = CARTESIAN_POINT('',(4.980847994932,4.018849742325,0.));
#736 = CARTESIAN_POINT('',(4.98546679487,4.022576469773,3.950966311744)
  );
#737 = CARTESIAN_POINT('',(4.992650452236,4.028372679492,7.915188641292)
  );
#738 = CARTESIAN_POINT('',(4.829612935218,3.896824139179,11.841097004811
    ));
#739 = CARTESIAN_POINT('',(4.833609406233,3.900048733972,15.8));
#740 = DEFINITIONAL_REPRESENTATION('',(#741),#745);
#741 = LINE('',#742,#743);
#742 = CARTESIAN_POINT('',(0.,0.));
#743 = VECTOR('',#744,1.);
#744 = DIRECTION('',(1.,0.));
#745 = ( GEOMETRIC_REPRESENTATION_CONTEXT(2) 
PARAMETRIC_REPRESENTATION_CONTEXT() REPRESENTATION_CONTEXT('2D SPACE',''
  ) );
#746 = ORIENTED_EDGE('',*,*,#747,.F.);
#747 = EDGE_CURVE('',#748,#716,#750,.T.);
#748 = VERTEX_POINT('',#749);
#749 = CARTESIAN_POINT('',(4.683902197152,4.361314045964,0.));
#750 = SURFACE_CURVE('',#751,(#754,#760),.PCURVE_S1.);
#751 = B_SPLINE_CURVE_WITH_KNOTS('',1,(#752,#753),.UNSPECIFIED.,.F.,.F.,
  (2,2),(141.,142.),.PIECEWISE_BEZIER_KNOTS.);
#752 = CARTESIAN_POINT('',(4.683902197152,4.361314045964,0.));
#753 = CARTESIAN_POINT('',(4.83473155161,4.1934914837,0.));
#754 = PCURVE('',#71,#755);
#755 = DEFINITIONAL_REPRESENTATION('',(#756),#759);
#756 = B_SPLINE_CURVE_WITH_KNOTS('',1,(#757,#758),.UNSPECIFIED.,.F.,.F.,
  (2,2),(141.,142.),.PIECEWISE_BEZIER_KNOTS.);
#757 = CARTESIAN_POINT('',(1.716097802848,-4.361314045964));
#758 = CARTESIAN_POINT('',(1.56526844839,-4.1934914837));
#759 = ( GEOMETRIC_REPRESENTATION_CONTEXT(2) 
PARAMETRIC_REPRESENTATION_CONTEXT() REPRESENTATION_CONTEXT('2D SPACE',''
  ) );
#760 = PCURVE('',#761,#772);
#761 = ( BOUNDED_SURFACE() B_SPLINE_SURFACE(1,4,(
    (#762,#763,#764,#765,#766)
    ,(#767,#768,#769,#770,#771
)),.UNSPECIFIED.,.F.,.F.,.F.) B_SPLINE_SURFACE_WITH_KNOTS((2,2),(5,5),(
    141.,142.),(0.,1.),.PIECEWISE_BEZIER_KNOTS.) 
GEOMETRIC_REPRESENTATION_ITEM() RATIONAL_B_SPLINE_SURFACE((
    (1.,1.,1.,1.,1.)
,(1.,1.,1.,1.,1.))) REPRESENTATION_ITEM('') SURFACE() );
#762 = CARTESIAN_POINT('',(4.683902197152,4.361314045964,0.));
#763 = CARTESIAN_POINT('',(4.684467651556,4.36184055658,3.950966311744)
  );
#764 = CARTESIAN_POINT('',(4.685347107421,4.362659442855,7.915188641292)
  );
#765 = CARTESIAN_POINT('',(4.665387316286,4.344074315803,11.841097004811
    ));
#766 = CARTESIAN_POINT('',(4.665876582366,4.344529885312,15.8));
#767 = CARTESIAN_POINT('',(4.83473155161,4.1934914837,0.));
#768 = CARTESIAN_POINT('',(4.836883818949,4.195358291539,3.950966311744)
  );
#769 = CARTESIAN_POINT('',(4.840231257967,4.198261753057,7.915188641292)
  );
#770 = CARTESIAN_POINT('',(4.764259073054,4.132365910231,11.841097004811
    ));
#771 = CARTESIAN_POINT('',(4.766121347704,4.133981187688,15.8));
#772 = DEFINITIONAL_REPRESENTATION('',(#773),#777);
#773 = LINE('',#774,#775);
#774 = CARTESIAN_POINT('',(0.,0.));
#775 = VECTOR('',#776,1.);
#776 = DIRECTION('',(1.,0.));
#777 = ( GEOMETRIC_REPRESENTATION_CONTEXT(2) 
PARAMETRIC_REPRESENTATION_CONTEXT() REPRESENTATION_CONTEXT('2D SPACE',''
  ) );
#778 = ORIENTED_EDGE('',*,*,#779,.F.);
#779 = EDGE_CURVE('',#780,#748,#782,.T.);
#780 = VERTEX_POINT('',#781);
#781 = CARTESIAN_POINT('',(4.524847731043,4.526118978869,0.));
#782 = SURFACE_CURVE('',#783,(#786,#792),.PCURVE_S1.);
#783 = B_SPLINE_CURVE_WITH_KNOTS('',1,(#784,#785),.UNSPECIFIED.,.F.,.F.,
  (2,2),(140.,141.),.PIECEWISE_BEZIER_KNOTS.);
#784 = CARTESIAN_POINT('',(4.524847731043,4.526118978869,0.));
#785 = CARTESIAN_POINT('',(4.683902197152,4.361314045964,0.));
#786 = PCURVE('',#71,#787);
#787 = DEFINITIONAL_REPRESENTATION('',(#788),#791);
#788 = B_SPLINE_CURVE_WITH_KNOTS('',1,(#789,#790),.UNSPECIFIED.,.F.,.F.,
  (2,2),(140.,141.),.PIECEWISE_BEZIER_KNOTS.);
#789 = CARTESIAN_POINT('',(1.875152268957,-4.526118978869));
#790 = CARTESIAN_POINT('',(1.716097802848,-4.361314045964));
#791 = ( GEOMETRIC_REPRESENTATION_CONTEXT(2) 
PARAMETRIC_REPRESENTATION_CONTEXT() REPRESENTATION_CONTEXT('2D SPACE',''
  ) );
#792 = PCURVE('',#793,#804);
#793 = ( BOUNDED_SURFACE() B_SPLINE_SURFACE(1,4,(
    (#794,#795,#796,#797,#798)
    ,(#799,#800,#801,#802,#803
)),.UNSPECIFIED.,.F.,.F.,.F.) B_SPLINE_SURFACE_WITH_KNOTS((2,2),(5,5),(
    140.,141.),(0.,1.),.PIECEWISE_BEZIER_KNOTS.) 
GEOMETRIC_REPRESENTATION_ITEM() RATIONAL_B_SPLINE_SURFACE((
    (1.,1.,1.,1.,1.)
,(1.,1.,1.,1.,1.))) REPRESENTATION_ITEM('') SURFACE() );
#794 = CARTESIAN_POINT('',(4.524847731043,4.526118978869,0.));
#795 = CARTESIAN_POINT('',(4.524860953602,4.526132205143,3.950966311744)
  );
#796 = CARTESIAN_POINT('',(4.524881518756,4.526152776075,7.915188641292)
  );
#797 = CARTESIAN_POINT('',(4.524414779948,4.525685906138,11.841097004811
    ));
#798 = CARTESIAN_POINT('',(4.524426220923,4.525697350327,15.8));
#799 = CARTESIAN_POINT('',(4.683902197152,4.361314045964,0.));
#800 = CARTESIAN_POINT('',(4.684467651556,4.36184055658,3.950966311744)
  );
#801 = CARTESIAN_POINT('',(4.685347107421,4.362659442855,7.915188641292)
  );
#802 = CARTESIAN_POINT('',(4.665387316286,4.344074315803,11.841097004811
    ));
#803 = CARTESIAN_POINT('',(4.665876582366,4.344529885312,15.8));
#804 = DEFINITIONAL_REPRESENTATION('',(#805),#809);
#805 = LINE('',#806,#807);
#806 = CARTESIAN_POINT('',(0.,0.));
#807 = VECTOR('',#808,1.);
#808 = DIRECTION('',(1.,0.));
#809 = ( GEOMETRIC_REPRESENTATION_CONTEXT(2) 
PARAMETRIC_REPRESENTATION_CONTEXT() REPRESENTATION_CONTEXT('2D SPACE',''
  ) );
#810 = ORIENTED_EDGE('',*,*,#811,.F.);
#811 = EDGE_CURVE('',#812,#780,#814,.T.);
#812 = VERTEX_POINT('',#813);
#813 = CARTESIAN_POINT('',(4.360175181458,4.684962367725,0.));
#814 = SURFACE_CURVE('',#815,(#818,#824),.PCURVE_S1.);
#815 = B_SPLINE_CURVE_WITH_KNOTS('',1,(#816,#817),.UNSPECIFIED.,.F.,.F.,
  (2,2),(139.,140.),.PIECEWISE_BEZIER_KNOTS.);
#816 = CARTESIAN_POINT('',(4.360175181458,4.684962367725,0.));
#817 = CARTESIAN_POINT('',(4.524847731043,4.526118978869,0.));
#818 = PCURVE('',#71,#819);
#819 = DEFINITIONAL_REPRESENTATION('',(#820),#823);
#820 = B_SPLINE_CURVE_WITH_KNOTS('',1,(#821,#822),.UNSPECIFIED.,.F.,.F.,
  (2,2),(139.,140.),.PIECEWISE_BEZIER_KNOTS.);
#821 = CARTESIAN_POINT('',(2.039824818542,-4.684962367725));
#822 = CARTESIAN_POINT('',(1.875152268957,-4.526118978869));
#823 = ( GEOMETRIC_REPRESENTATION_CONTEXT(2) 
PARAMETRIC_REPRESENTATION_CONTEXT() REPRESENTATION_CONTEXT('2D SPACE',''
  ) );
#824 = PCURVE('',#825,#836);
#825 = ( BOUNDED_SURFACE() B_SPLINE_SURFACE(1,4,(
    (#826,#827,#828,#829,#830)
    ,(#831,#832,#833,#834,#835
)),.UNSPECIFIED.,.F.,.F.,.F.) B_SPLINE_SURFACE_WITH_KNOTS((2,2),(5,5),(
    139.,140.),(0.,1.),.PIECEWISE_BEZIER_KNOTS.) 
GEOMETRIC_REPRESENTATION_ITEM() RATIONAL_B_SPLINE_SURFACE((
    (1.,1.,1.,1.,1.)
,(1.,1.,1.,1.,1.))) REPRESENTATION_ITEM('') SURFACE() );
#826 = CARTESIAN_POINT('',(4.360175181458,4.684962367725,0.));
#827 = CARTESIAN_POINT('',(4.360704606132,4.685531228969,3.950966311744)
  );
#828 = CARTESIAN_POINT('',(4.361528024665,4.686415983521,7.915188641292)
  );
#829 = CARTESIAN_POINT('',(4.342840035231,4.666335935453,11.841097004811
    ));
#830 = CARTESIAN_POINT('',(4.343298126163,4.666828149341,15.8));
#831 = CARTESIAN_POINT('',(4.524847731043,4.526118978869,0.));
#832 = CARTESIAN_POINT('',(4.524860953602,4.526132205143,3.950966311744)
  );
#833 = CARTESIAN_POINT('',(4.524881518756,4.526152776075,7.915188641292)
  );
#834 = CARTESIAN_POINT('',(4.524414779948,4.525685906138,11.841097004811
    ));
#835 = CARTESIAN_POINT('',(4.524426220923,4.525697350327,15.8));
#836 = DEFINITIONAL_REPRESENTATION('',(#837),#841);
#837 = LINE('',#838,#839);
#838 = CARTESIAN_POINT('',(0.,0.));
#839 = VECTOR('',#840,1.);
#840 = DIRECTION('',(1.,0.));
#841 = ( GEOMETRIC_REPRESENTATION_CONTEXT(2) 
PARAMETRIC_REPRESENTATION_CONTEXT() REPRESENTATION_CONTEXT('2D SPACE',''
  ) );
#842 = ORIENTED_EDGE('',*,*,#843,.F.);
#843 = EDGE_CURVE('',#844,#812,#846,.T.);
#844 = VERTEX_POINT('',#845);
#845 = CARTESIAN_POINT('',(4.19245694907,4.835628679933,0.));
#846 = SURFACE_CURVE('',#847,(#850,#856),.PCURVE_S1.);
#847 = B_SPLINE_CURVE_WITH_KNOTS('',1,(#848,#849),.UNSPECIFIED.,.F.,.F.,
  (2,2),(138.,139.),.PIECEWISE_BEZIER_KNOTS.);
#848 = CARTESIAN_POINT('',(4.19245694907,4.835628679933,0.));
#849 = CARTESIAN_POINT('',(4.360175181458,4.684962367725,0.));
#850 = PCURVE('',#71,#851);
#851 = DEFINITIONAL_REPRESENTATION('',(#852),#855);
#852 = B_SPLINE_CURVE_WITH_KNOTS('',1,(#853,#854),.UNSPECIFIED.,.F.,.F.,
  (2,2),(138.,139.),.PIECEWISE_BEZIER_KNOTS.);
#853 = CARTESIAN_POINT('',(2.20754305093,-4.835628679933));
#854 = CARTESIAN_POINT('',(2.039824818542,-4.684962367725));
#855 = ( GEOMETRIC_REPRESENTATION_CONTEXT(2) 
PARAMETRIC_REPRESENTATION_CONTEXT() REPRESENTATION_CONTEXT('2D SPACE',''
  ) );
#856 = PCURVE('',#857,#868);
#857 = ( BOUNDED_SURFACE() B_SPLINE_SURFACE(1,4,(
    (#858,#859,#860,#861,#862)
    ,(#863,#864,#865,#866,#867
)),.UNSPECIFIED.,.F.,.F.,.F.) B_SPLINE_SURFACE_WITH_KNOTS((2,2),(5,5),(
    138.,139.),(0.,1.),.PIECEWISE_BEZIER_KNOTS.) 
GEOMETRIC_REPRESENTATION_ITEM() RATIONAL_B_SPLINE_SURFACE((
    (1.,1.,1.,1.,1.)
,(1.,1.,1.,1.,1.))) REPRESENTATION_ITEM('') SURFACE() );
#858 = CARTESIAN_POINT('',(4.19245694907,4.835628679933,0.));
#859 = CARTESIAN_POINT('',(4.194326756415,4.837785337505,3.950966311744)
  );
#860 = CARTESIAN_POINT('',(4.19723488309,4.841139604687,7.915188641292)
  );
#861 = CARTESIAN_POINT('',(4.131233161665,4.765012450389,11.841097004811
    ));
#862 = CARTESIAN_POINT('',(4.13285103448,4.76687852374,15.8));
#863 = CARTESIAN_POINT('',(4.360175181458,4.684962367725,0.));
#864 = CARTESIAN_POINT('',(4.360704606132,4.685531228969,3.950966311744)
  );
#865 = CARTESIAN_POINT('',(4.361528024665,4.686415983521,7.915188641292)
  );
#866 = CARTESIAN_POINT('',(4.342840035231,4.666335935453,11.841097004811
    ));
#867 = CARTESIAN_POINT('',(4.343298126163,4.666828149341,15.8));
#868 = DEFINITIONAL_REPRESENTATION('',(#869),#873);
#869 = LINE('',#870,#871);
#870 = CARTESIAN_POINT('',(0.,0.));
#871 = VECTOR('',#872,1.);
#872 = DIRECTION('',(1.,0.));
#873 = ( GEOMETRIC_REPRESENTATION_CONTEXT(2) 
PARAMETRIC_REPRESENTATION_CONTEXT() REPRESENTATION_CONTEXT('2D SPACE',''
  ) );
#874 = ORIENTED_EDGE('',*,*,#875,.F.);
#875 = EDGE_CURVE('',#876,#844,#878,.T.);
#876 = VERTEX_POINT('',#877);
#877 = CARTESIAN_POINT('',(4.01790587973,4.981609412793,0.));
#878 = SURFACE_CURVE('',#879,(#882,#888),.PCURVE_S1.);
#879 = B_SPLINE_CURVE_WITH_KNOTS('',1,(#880,#881),.UNSPECIFIED.,.F.,.F.,
  (2,2),(137.,138.),.PIECEWISE_BEZIER_KNOTS.);
#880 = CARTESIAN_POINT('',(4.01790587973,4.981609412793,0.));
#881 = CARTESIAN_POINT('',(4.19245694907,4.835628679933,0.));
#882 = PCURVE('',#71,#883);
#883 = DEFINITIONAL_REPRESENTATION('',(#884),#887);
#884 = B_SPLINE_CURVE_WITH_KNOTS('',1,(#885,#886),.UNSPECIFIED.,.F.,.F.,
  (2,2),(137.,138.),.PIECEWISE_BEZIER_KNOTS.);
#885 = CARTESIAN_POINT('',(2.38209412027,-4.981609412793));
#886 = CARTESIAN_POINT('',(2.20754305093,-4.835628679933));
#887 = ( GEOMETRIC_REPRESENTATION_CONTEXT(2) 
PARAMETRIC_REPRESENTATION_CONTEXT() REPRESENTATION_CONTEXT('2D SPACE',''
  ) );
#888 = PCURVE('',#889,#900);
#889 = ( BOUNDED_SURFACE() B_SPLINE_SURFACE(1,4,(
    (#890,#891,#892,#893,#894)
    ,(#895,#896,#897,#898,#899
)),.UNSPECIFIED.,.F.,.F.,.F.) B_SPLINE_SURFACE_WITH_KNOTS((2,2),(5,5),(
    137.,138.),(0.,1.),.PIECEWISE_BEZIER_KNOTS.) 
GEOMETRIC_REPRESENTATION_ITEM() RATIONAL_B_SPLINE_SURFACE((
    (1.,1.,1.,1.,1.)
,(1.,1.,1.,1.,1.))) REPRESENTATION_ITEM('') SURFACE() );
#890 = CARTESIAN_POINT('',(4.01790587973,4.981609412793,0.));
#891 = CARTESIAN_POINT('',(4.021633807645,4.98623149239,3.950966311744)
  );
#892 = CARTESIAN_POINT('',(4.027431884459,4.993420250639,7.915188641292)
  );
#893 = CARTESIAN_POINT('',(3.895840969279,4.830266965987,11.841097004811
    ));
#894 = CARTESIAN_POINT('',(3.89906660279,4.834266274766,15.8));
#895 = CARTESIAN_POINT('',(4.19245694907,4.835628679933,0.));
#896 = CARTESIAN_POINT('',(4.194326756415,4.837785337505,3.950966311744)
  );
#897 = CARTESIAN_POINT('',(4.19723488309,4.841139604687,7.915188641292)
  );
#898 = CARTESIAN_POINT('',(4.131233161665,4.765012450389,11.841097004811
    ));
#899 = CARTESIAN_POINT('',(4.13285103448,4.76687852374,15.8));
#900 = DEFINITIONAL_REPRESENTATION('',(#901),#905);
#901 = LINE('',#902,#903);
#902 = CARTESIAN_POINT('',(0.,0.));
#903 = VECTOR('',#904,1.);
#904 = DIRECTION('',(1.,0.));
#905 = ( GEOMETRIC_REPRESENTATION_CONTEXT(2) 
PARAMETRIC_REPRESENTATION_CONTEXT() REPRESENTATION_CONTEXT('2D SPACE',''
  ) );
#906 = ORIENTED_EDGE('',*,*,#907,.F.);
#907 = EDGE_CURVE('',#908,#876,#910,.T.);
#908 = VERTEX_POINT('',#909);
#909 = CARTESIAN_POINT('',(3.833183876913,5.12510501022,0.));
#910 = SURFACE_CURVE('',#911,(#914,#920),.PCURVE_S1.);
#911 = B_SPLINE_CURVE_WITH_KNOTS('',1,(#912,#913),.UNSPECIFIED.,.F.,.F.,
  (2,2),(136.,137.),.PIECEWISE_BEZIER_KNOTS.);
#912 = CARTESIAN_POINT('',(3.833183876913,5.12510501022,0.));
#913 = CARTESIAN_POINT('',(4.01790587973,4.981609412793,0.));
#914 = PCURVE('',#71,#915);
#915 = DEFINITIONAL_REPRESENTATION('',(#916),#919);
#916 = B_SPLINE_CURVE_WITH_KNOTS('',1,(#917,#918),.UNSPECIFIED.,.F.,.F.,
  (2,2),(136.,137.),.PIECEWISE_BEZIER_KNOTS.);
#917 = CARTESIAN_POINT('',(2.566816123087,-5.12510501022));
#918 = CARTESIAN_POINT('',(2.38209412027,-4.981609412793));
#919 = ( GEOMETRIC_REPRESENTATION_CONTEXT(2) 
PARAMETRIC_REPRESENTATION_CONTEXT() REPRESENTATION_CONTEXT('2D SPACE',''
  ) );
#920 = PCURVE('',#921,#932);
#921 = ( BOUNDED_SURFACE() B_SPLINE_SURFACE(1,4,(
    (#922,#923,#924,#925,#926)
    ,(#927,#928,#929,#930,#931
)),.UNSPECIFIED.,.F.,.F.,.F.) B_SPLINE_SURFACE_WITH_KNOTS((2,2),(5,5),(
    136.,137.),(0.,1.),.PIECEWISE_BEZIER_KNOTS.) 
GEOMETRIC_REPRESENTATION_ITEM() RATIONAL_B_SPLINE_SURFACE((
    (1.,1.,1.,1.,1.)
,(1.,1.,1.,1.,1.))) REPRESENTATION_ITEM('') SURFACE() );
#922 = CARTESIAN_POINT('',(3.833183876913,5.12510501022,0.));
#923 = CARTESIAN_POINT('',(3.838995307353,5.132875102191,3.950966311744)
  );
#924 = CARTESIAN_POINT('',(3.848033872707,5.144959989863,7.915188641292)
  );
#925 = CARTESIAN_POINT('',(3.642898079408,4.870686040121,11.841097004811
    ));
#926 = CARTESIAN_POINT('',(3.647926488005,4.877409203663,15.8));
#927 = CARTESIAN_POINT('',(4.01790587973,4.981609412793,0.));
#928 = CARTESIAN_POINT('',(4.021633807645,4.98623149239,3.950966311744)
  );
#929 = CARTESIAN_POINT('',(4.027431884459,4.993420250639,7.915188641292)
  );
#930 = CARTESIAN_POINT('',(3.895840969279,4.830266965987,11.841097004811
    ));
#931 = CARTESIAN_POINT('',(3.89906660279,4.834266274766,15.8));
#932 = DEFINITIONAL_REPRESENTATION('',(#933),#937);
#933 = LINE('',#934,#935);
#934 = CARTESIAN_POINT('',(0.,0.));
#935 = VECTOR('',#936,1.);
#936 = DIRECTION('',(1.,0.));
#937 = ( GEOMETRIC_REPRESENTATION_CONTEXT(2) 
PARAMETRIC_REPRESENTATION_CONTEXT() REPRESENTATION_CONTEXT('2D SPACE',''
  ) );
#938 = ORIENTED_EDGE('',*,*,#939,.F.);
#939 = EDGE_CURVE('',#940,#908,#942,.T.);
#940 = VERTEX_POINT('',#941);
#941 = CARTESIAN_POINT('',(3.635559859986,5.267134373116,0.));
#942 = SURFACE_CURVE('',#943,(#946,#952),.PCURVE_S1.);
#943 = B_SPLINE_CURVE_WITH_KNOTS('',1,(#944,#945),.UNSPECIFIED.,.F.,.F.,
  (2,2),(135.,136.),.PIECEWISE_BEZIER_KNOTS.);
#944 = CARTESIAN_POINT('',(3.635559859986,5.267134373116,0.));
#945 = CARTESIAN_POINT('',(3.833183876913,5.12510501022,0.));
#946 = PCURVE('',#71,#947);
#947 = DEFINITIONAL_REPRESENTATION('',(#948),#951);
#948 = B_SPLINE_CURVE_WITH_KNOTS('',1,(#949,#950),.UNSPECIFIED.,.F.,.F.,
  (2,2),(135.,136.),.PIECEWISE_BEZIER_KNOTS.);
#949 = CARTESIAN_POINT('',(2.764440140014,-5.267134373116));
#950 = CARTESIAN_POINT('',(2.566816123087,-5.12510501022));
#951 = ( GEOMETRIC_REPRESENTATION_CONTEXT(2) 
PARAMETRIC_REPRESENTATION_CONTEXT() REPRESENTATION_CONTEXT('2D SPACE',''
  ) );
#952 = PCURVE('',#953,#964);
#953 = ( BOUNDED_SURFACE() B_SPLINE_SURFACE(1,4,(
    (#954,#955,#956,#957,#958)
    ,(#959,#960,#961,#962,#963
)),.UNSPECIFIED.,.F.,.F.,.F.) B_SPLINE_SURFACE_WITH_KNOTS((2,2),(5,5),(
    135.,136.),(0.,1.),.PIECEWISE_BEZIER_KNOTS.) 
GEOMETRIC_REPRESENTATION_ITEM() RATIONAL_B_SPLINE_SURFACE((
    (1.,1.,1.,1.,1.)
,(1.,1.,1.,1.,1.))) REPRESENTATION_ITEM('') SURFACE() );
#954 = CARTESIAN_POINT('',(3.635559859986,5.267134373116,0.));
#955 = CARTESIAN_POINT('',(3.643406860745,5.278502968054,3.950966311744)
  );
#956 = CARTESIAN_POINT('',(3.655611365284,5.29618463686,7.915188641292)
  );
#957 = CARTESIAN_POINT('',(3.378622637264,4.894888301079,11.841097004811
    ));
#958 = CARTESIAN_POINT('',(3.385412347039,4.904725111672,15.8));
#959 = CARTESIAN_POINT('',(3.833183876913,5.12510501022,0.));
#960 = CARTESIAN_POINT('',(3.838995307353,5.132875102191,3.950966311744)
  );
#961 = CARTESIAN_POINT('',(3.848033872707,5.144959989863,7.915188641292)
  );
#962 = CARTESIAN_POINT('',(3.642898079408,4.870686040121,11.841097004811
    ));
#963 = CARTESIAN_POINT('',(3.647926488005,4.877409203663,15.8));
#964 = DEFINITIONAL_REPRESENTATION('',(#965),#969);
#965 = LINE('',#966,#967);
#966 = CARTESIAN_POINT('',(0.,0.));
#967 = VECTOR('',#968,1.);
#968 = DIRECTION('',(1.,0.));
#969 = ( GEOMETRIC_REPRESENTATION_CONTEXT(2) 
PARAMETRIC_REPRESENTATION_CONTEXT() REPRESENTATION_CONTEXT('2D SPACE',''
  ) );
#970 = ORIENTED_EDGE('',*,*,#971,.F.);
#971 = EDGE_CURVE('',#972,#940,#974,.T.);
#972 = VERTEX_POINT('',#973);
#973 = CARTESIAN_POINT('',(3.423214396162,5.407550572848,0.));
#974 = SURFACE_CURVE('',#975,(#978,#984),.PCURVE_S1.);
#975 = B_SPLINE_CURVE_WITH_KNOTS('',1,(#976,#977),.UNSPECIFIED.,.F.,.F.,
  (2,2),(134.,135.),.PIECEWISE_BEZIER_KNOTS.);
#976 = CARTESIAN_POINT('',(3.423214396162,5.407550572848,0.));
#977 = CARTESIAN_POINT('',(3.635559859986,5.267134373116,0.));
#978 = PCURVE('',#71,#979);
#979 = DEFINITIONAL_REPRESENTATION('',(#980),#983);
#980 = B_SPLINE_CURVE_WITH_KNOTS('',1,(#981,#982),.UNSPECIFIED.,.F.,.F.,
  (2,2),(134.,135.),.PIECEWISE_BEZIER_KNOTS.);
#981 = CARTESIAN_POINT('',(2.976785603838,-5.407550572848));
#982 = CARTESIAN_POINT('',(2.764440140014,-5.267134373116));
#983 = ( GEOMETRIC_REPRESENTATION_CONTEXT(2) 
PARAMETRIC_REPRESENTATION_CONTEXT() REPRESENTATION_CONTEXT('2D SPACE',''
  ) );
#984 = PCURVE('',#985,#996);
#985 = ( BOUNDED_SURFACE() B_SPLINE_SURFACE(1,4,(
    (#986,#987,#988,#989,#990)
    ,(#991,#992,#993,#994,#995
)),.UNSPECIFIED.,.F.,.F.,.F.) B_SPLINE_SURFACE_WITH_KNOTS((2,2),(5,5),(
    134.,135.),(0.,1.),.PIECEWISE_BEZIER_KNOTS.) 
GEOMETRIC_REPRESENTATION_ITEM() RATIONAL_B_SPLINE_SURFACE((
    (1.,1.,1.,1.,1.)
,(1.,1.,1.,1.,1.))) REPRESENTATION_ITEM('') SURFACE() );
#986 = CARTESIAN_POINT('',(3.423214396162,5.407550572848,0.));
#987 = CARTESIAN_POINT('',(3.4328043188,5.422699490109,3.950966311744));
#988 = CARTESIAN_POINT('',(3.447719604011,5.44626072518,7.915188641292)
  );
#989 = CARTESIAN_POINT('',(3.109208043359,4.911524021055,11.841097004811
    ));
#990 = CARTESIAN_POINT('',(3.117505836807,4.924631800036,15.8));
#991 = CARTESIAN_POINT('',(3.635559859986,5.267134373116,0.));
#992 = CARTESIAN_POINT('',(3.643406860745,5.278502968054,3.950966311744)
  );
#993 = CARTESIAN_POINT('',(3.655611365284,5.29618463686,7.915188641292)
  );
#994 = CARTESIAN_POINT('',(3.378622637264,4.894888301079,11.841097004811
    ));
#995 = CARTESIAN_POINT('',(3.385412347039,4.904725111672,15.8));
#996 = DEFINITIONAL_REPRESENTATION('',(#997),#1001);
#997 = LINE('',#998,#999);
#998 = CARTESIAN_POINT('',(0.,0.));
#999 = VECTOR('',#1000,1.);
#1000 = DIRECTION('',(1.,0.));
#1001 = ( GEOMETRIC_REPRESENTATION_CONTEXT(2) 
PARAMETRIC_REPRESENTATION_CONTEXT() REPRESENTATION_CONTEXT('2D SPACE',''
  ) );
#1002 = ORIENTED_EDGE('',*,*,#1003,.F.);
#1003 = EDGE_CURVE('',#1004,#972,#1006,.T.);
#1004 = VERTEX_POINT('',#1005);
#1005 = CARTESIAN_POINT('',(3.195689915139,5.545048779432,0.));
#1006 = SURFACE_CURVE('',#1007,(#1010,#1016),.PCURVE_S1.);
#1007 = B_SPLINE_CURVE_WITH_KNOTS('',1,(#1008,#1009),.UNSPECIFIED.,.F.,
  .F.,(2,2),(133.,134.),.PIECEWISE_BEZIER_KNOTS.);
#1008 = CARTESIAN_POINT('',(3.195689915139,5.545048779432,0.));
#1009 = CARTESIAN_POINT('',(3.423214396162,5.407550572848,0.));
#1010 = PCURVE('',#71,#1011);
#1011 = DEFINITIONAL_REPRESENTATION('',(#1012),#1015);
#1012 = B_SPLINE_CURVE_WITH_KNOTS('',1,(#1013,#1014),.UNSPECIFIED.,.F.,
  .F.,(2,2),(133.,134.),.PIECEWISE_BEZIER_KNOTS.);
#1013 = CARTESIAN_POINT('',(3.204310084861,-5.545048779432));
#1014 = CARTESIAN_POINT('',(2.976785603838,-5.407550572848));
#1015 = ( GEOMETRIC_REPRESENTATION_CONTEXT(2) 
PARAMETRIC_REPRESENTATION_CONTEXT() REPRESENTATION_CONTEXT('2D SPACE',''
  ) );
#1016 = PCURVE('',#1017,#1028);
#1017 = ( BOUNDED_SURFACE() B_SPLINE_SURFACE(1,4,(
    (#1018,#1019,#1020,#1021,#1022)
    ,(#1023,#1024,#1025,#1026,#1027
)),.UNSPECIFIED.,.F.,.F.,.F.) B_SPLINE_SURFACE_WITH_KNOTS((2,2),(5,5),(
    133.,134.),(0.,1.),.PIECEWISE_BEZIER_KNOTS.) 
GEOMETRIC_REPRESENTATION_ITEM() RATIONAL_B_SPLINE_SURFACE((
    (1.,1.,1.,1.,1.)
,(1.,1.,1.,1.,1.))) REPRESENTATION_ITEM('') SURFACE() );
#1018 = CARTESIAN_POINT('',(3.195689915139,5.545048779432,0.));
#1019 = CARTESIAN_POINT('',(3.206528115921,5.563854844354,3.950966311744
    ));
#1020 = CARTESIAN_POINT('',(3.223384858352,5.593104071133,7.915188641292
    ));
#1021 = CARTESIAN_POINT('',(2.840810733416,4.929274900953,
    11.841097004811));
#1022 = CARTESIAN_POINT('',(2.850188614221,4.945547069998,15.8));
#1023 = CARTESIAN_POINT('',(3.423214396162,5.407550572848,0.));
#1024 = CARTESIAN_POINT('',(3.4328043188,5.422699490109,3.950966311744)
  );
#1025 = CARTESIAN_POINT('',(3.447719604011,5.44626072518,7.915188641292)
  );
#1026 = CARTESIAN_POINT('',(3.109208043359,4.911524021055,
    11.841097004811));
#1027 = CARTESIAN_POINT('',(3.117505836807,4.924631800036,15.8));
#1028 = DEFINITIONAL_REPRESENTATION('',(#1029),#1033);
#1029 = LINE('',#1030,#1031);
#1030 = CARTESIAN_POINT('',(0.,0.));
#1031 = VECTOR('',#1032,1.);
#1032 = DIRECTION('',(1.,0.));
#1033 = ( GEOMETRIC_REPRESENTATION_CONTEXT(2) 
PARAMETRIC_REPRESENTATION_CONTEXT() REPRESENTATION_CONTEXT('2D SPACE',''
  ) );
#1034 = ORIENTED_EDGE('',*,*,#1035,.F.);
#1035 = EDGE_CURVE('',#1036,#1004,#1038,.T.);
#1036 = VERTEX_POINT('',#1037);
#1037 = CARTESIAN_POINT('',(2.954435800436,5.677262465406,0.));
#1038 = SURFACE_CURVE('',#1039,(#1042,#1048),.PCURVE_S1.);
#1039 = B_SPLINE_CURVE_WITH_KNOTS('',1,(#1040,#1041),.UNSPECIFIED.,.F.,
  .F.,(2,2),(132.,133.),.PIECEWISE_BEZIER_KNOTS.);
#1040 = CARTESIAN_POINT('',(2.954435800436,5.677262465406,0.));
#1041 = CARTESIAN_POINT('',(3.195689915139,5.545048779432,0.));
#1042 = PCURVE('',#71,#1043);
#1043 = DEFINITIONAL_REPRESENTATION('',(#1044),#1047);
#1044 = B_SPLINE_CURVE_WITH_KNOTS('',1,(#1045,#1046),.UNSPECIFIED.,.F.,
  .F.,(2,2),(132.,133.),.PIECEWISE_BEZIER_KNOTS.);
#1045 = CARTESIAN_POINT('',(3.445564199564,-5.677262465406));
#1046 = CARTESIAN_POINT('',(3.204310084861,-5.545048779432));
#1047 = ( GEOMETRIC_REPRESENTATION_CONTEXT(2) 
PARAMETRIC_REPRESENTATION_CONTEXT() REPRESENTATION_CONTEXT('2D SPACE',''
  ) );
#1048 = PCURVE('',#1049,#1060);
#1049 = ( BOUNDED_SURFACE() B_SPLINE_SURFACE(1,4,(
    (#1050,#1051,#1052,#1053,#1054)
    ,(#1055,#1056,#1057,#1058,#1059
)),.UNSPECIFIED.,.F.,.F.,.F.) B_SPLINE_SURFACE_WITH_KNOTS((2,2),(5,5),(
    132.,133.),(0.,1.),.PIECEWISE_BEZIER_KNOTS.) 
GEOMETRIC_REPRESENTATION_ITEM() RATIONAL_B_SPLINE_SURFACE((
    (1.,1.,1.,1.,1.)
,(1.,1.,1.,1.,1.))) REPRESENTATION_ITEM('') SURFACE() );
#1050 = CARTESIAN_POINT('',(2.954435800436,5.677262465406,0.));
#1051 = CARTESIAN_POINT('',(2.965885460506,5.699264204401,3.950966311744
    ));
#1052 = CARTESIAN_POINT('',(2.983693210576,5.733483689236,7.915188641292
    ));
#1053 = CARTESIAN_POINT('',(2.579535383044,4.956851459146,
    11.841097004811));
#1054 = CARTESIAN_POINT('',(2.589442336197,4.9758887228,15.8));
#1055 = CARTESIAN_POINT('',(3.195689915139,5.545048779432,0.));
#1056 = CARTESIAN_POINT('',(3.206528115921,5.563854844354,3.950966311744
    ));
#1057 = CARTESIAN_POINT('',(3.223384858352,5.593104071133,7.915188641292
    ));
#1058 = CARTESIAN_POINT('',(2.840810733416,4.929274900953,
    11.841097004811));
#1059 = CARTESIAN_POINT('',(2.850188614221,4.945547069998,15.8));
#1060 = DEFINITIONAL_REPRESENTATION('',(#1061),#1065);
#1061 = LINE('',#1062,#1063);
#1062 = CARTESIAN_POINT('',(0.,0.));
#1063 = VECTOR('',#1064,1.);
#1064 = DIRECTION('',(1.,0.));
#1065 = ( GEOMETRIC_REPRESENTATION_CONTEXT(2) 
PARAMETRIC_REPRESENTATION_CONTEXT() REPRESENTATION_CONTEXT('2D SPACE',''
  ) );
#1066 = ORIENTED_EDGE('',*,*,#1067,.F.);
#1067 = EDGE_CURVE('',#1068,#1036,#1070,.T.);
#1068 = VERTEX_POINT('',#1069);
#1069 = CARTESIAN_POINT('',(2.703319191789,5.801040022901,0.));
#1070 = SURFACE_CURVE('',#1071,(#1074,#1080),.PCURVE_S1.);
#1071 = B_SPLINE_CURVE_WITH_KNOTS('',1,(#1072,#1073),.UNSPECIFIED.,.F.,
  .F.,(2,2),(131.,132.),.PIECEWISE_BEZIER_KNOTS.);
#1072 = CARTESIAN_POINT('',(2.703319191789,5.801040022901,0.));
#1073 = CARTESIAN_POINT('',(2.954435800436,5.677262465406,0.));
#1074 = PCURVE('',#71,#1075);
#1075 = DEFINITIONAL_REPRESENTATION('',(#1076),#1079);
#1076 = B_SPLINE_CURVE_WITH_KNOTS('',1,(#1077,#1078),.UNSPECIFIED.,.F.,
  .F.,(2,2),(131.,132.),.PIECEWISE_BEZIER_KNOTS.);
#1077 = CARTESIAN_POINT('',(3.696680808211,-5.801040022901));
#1078 = CARTESIAN_POINT('',(3.445564199564,-5.677262465406));
#1079 = ( GEOMETRIC_REPRESENTATION_CONTEXT(2) 
PARAMETRIC_REPRESENTATION_CONTEXT() REPRESENTATION_CONTEXT('2D SPACE',''
  ) );
#1080 = PCURVE('',#1081,#1092);
#1081 = ( BOUNDED_SURFACE() B_SPLINE_SURFACE(1,4,(
    (#1082,#1083,#1084,#1085,#1086)
    ,(#1087,#1088,#1089,#1090,#1091
)),.UNSPECIFIED.,.F.,.F.,.F.) B_SPLINE_SURFACE_WITH_KNOTS((2,2),(5,5),(
    131.,132.),(0.,1.),.PIECEWISE_BEZIER_KNOTS.) 
GEOMETRIC_REPRESENTATION_ITEM() RATIONAL_B_SPLINE_SURFACE((
    (1.,1.,1.,1.,1.)
,(1.,1.,1.,1.,1.))) REPRESENTATION_ITEM('') SURFACE() );
#1082 = CARTESIAN_POINT('',(2.703319191789,5.801040022901,0.));
#1083 = CARTESIAN_POINT('',(2.714677160961,5.825413035878,3.950966311744
    ));
#1084 = CARTESIAN_POINT('',(2.732342303425,5.863320582555,7.915188641292
    ));
#1085 = CARTESIAN_POINT('',(2.331421043124,5.002985523305,
    11.841097004811));
#1086 = CARTESIAN_POINT('',(2.341248659647,5.024074559684,15.8));
#1087 = CARTESIAN_POINT('',(2.954435800436,5.677262465406,0.));
#1088 = CARTESIAN_POINT('',(2.965885460506,5.699264204401,3.950966311744
    ));
#1089 = CARTESIAN_POINT('',(2.983693210576,5.733483689236,7.915188641292
    ));
#1090 = CARTESIAN_POINT('',(2.579535383044,4.956851459146,
    11.841097004811));
#1091 = CARTESIAN_POINT('',(2.589442336197,4.9758887228,15.8));
#1092 = DEFINITIONAL_REPRESENTATION('',(#1093),#1097);
#1093 = LINE('',#1094,#1095);
#1094 = CARTESIAN_POINT('',(0.,0.));
#1095 = VECTOR('',#1096,1.);
#1096 = DIRECTION('',(1.,0.));
#1097 = ( GEOMETRIC_REPRESENTATION_CONTEXT(2) 
PARAMETRIC_REPRESENTATION_CONTEXT() REPRESENTATION_CONTEXT('2D SPACE',''
  ) );
#1098 = ORIENTED_EDGE('',*,*,#1099,.F.);
#1099 = EDGE_CURVE('',#1100,#1068,#1102,.T.);
#1100 = VERTEX_POINT('',#1101);
#1101 = CARTESIAN_POINT('',(2.448888995332,5.912947039213,0.));
#1102 = SURFACE_CURVE('',#1103,(#1106,#1112),.PCURVE_S1.);
#1103 = B_SPLINE_CURVE_WITH_KNOTS('',1,(#1104,#1105),.UNSPECIFIED.,.F.,
  .F.,(2,2),(130.,131.),.PIECEWISE_BEZIER_KNOTS.);
#1104 = CARTESIAN_POINT('',(2.448888995332,5.912947039213,0.));
#1105 = CARTESIAN_POINT('',(2.703319191789,5.801040022901,0.));
#1106 = PCURVE('',#71,#1107);
#1107 = DEFINITIONAL_REPRESENTATION('',(#1108),#1111);
#1108 = B_SPLINE_CURVE_WITH_KNOTS('',1,(#1109,#1110),.UNSPECIFIED.,.F.,
  .F.,(2,2),(130.,131.),.PIECEWISE_BEZIER_KNOTS.);
#1109 = CARTESIAN_POINT('',(3.951111004668,-5.912947039213));
#1110 = CARTESIAN_POINT('',(3.696680808211,-5.801040022901));
#1111 = ( GEOMETRIC_REPRESENTATION_CONTEXT(2) 
PARAMETRIC_REPRESENTATION_CONTEXT() REPRESENTATION_CONTEXT('2D SPACE',''
  ) );
#1112 = PCURVE('',#1113,#1124);
#1113 = ( BOUNDED_SURFACE() B_SPLINE_SURFACE(1,4,(
    (#1114,#1115,#1116,#1117,#1118)
    ,(#1119,#1120,#1121,#1122,#1123
)),.UNSPECIFIED.,.F.,.F.,.F.) B_SPLINE_SURFACE_WITH_KNOTS((2,2),(5,5),(
    130.,131.),(0.,1.),.PIECEWISE_BEZIER_KNOTS.) 
GEOMETRIC_REPRESENTATION_ITEM() RATIONAL_B_SPLINE_SURFACE((
    (1.,1.,1.,1.,1.)
,(1.,1.,1.,1.,1.))) REPRESENTATION_ITEM('') SURFACE() );
#1114 = CARTESIAN_POINT('',(2.448888995332,5.912947039213,0.));
#1115 = CARTESIAN_POINT('',(2.459469917737,5.938495128133,3.950966311744
    ));
#1116 = CARTESIAN_POINT('',(2.475926513002,5.978230280046,7.915188641292
    ));
#1117 = CARTESIAN_POINT('',(2.102433973823,5.076416597223,
    11.841097004811));
#1118 = CARTESIAN_POINT('',(2.111589241485,5.098522381894,15.8));
#1119 = CARTESIAN_POINT('',(2.703319191789,5.801040022901,0.));
#1120 = CARTESIAN_POINT('',(2.714677160961,5.825413035878,3.950966311744
    ));
#1121 = CARTESIAN_POINT('',(2.732342303425,5.863320582555,7.915188641292
    ));
#1122 = CARTESIAN_POINT('',(2.331421043124,5.002985523305,
    11.841097004811));
#1123 = CARTESIAN_POINT('',(2.341248659647,5.024074559684,15.8));
#1124 = DEFINITIONAL_REPRESENTATION('',(#1125),#1129);
#1125 = LINE('',#1126,#1127);
#1126 = CARTESIAN_POINT('',(0.,0.));
#1127 = VECTOR('',#1128,1.);
#1128 = DIRECTION('',(1.,0.));
#1129 = ( GEOMETRIC_REPRESENTATION_CONTEXT(2) 
PARAMETRIC_REPRESENTATION_CONTEXT() REPRESENTATION_CONTEXT('2D SPACE',''
  ) );
#1130 = ORIENTED_EDGE('',*,*,#1131,.F.);
#1131 = EDGE_CURVE('',#1132,#1100,#1134,.T.);
#1132 = VERTEX_POINT('',#1133);
#1133 = CARTESIAN_POINT('',(2.197579883446,6.010877028843,0.));
#1134 = SURFACE_CURVE('',#1135,(#1138,#1144),.PCURVE_S1.);
#1135 = B_SPLINE_CURVE_WITH_KNOTS('',1,(#1136,#1137),.UNSPECIFIED.,.F.,
  .F.,(2,2),(129.,130.),.PIECEWISE_BEZIER_KNOTS.);
#1136 = CARTESIAN_POINT('',(2.197579883446,6.010877028843,0.));
#1137 = CARTESIAN_POINT('',(2.448888995332,5.912947039213,0.));
#1138 = PCURVE('',#71,#1139);
#1139 = DEFINITIONAL_REPRESENTATION('',(#1140),#1143);
#1140 = B_SPLINE_CURVE_WITH_KNOTS('',1,(#1141,#1142),.UNSPECIFIED.,.F.,
  .F.,(2,2),(129.,130.),.PIECEWISE_BEZIER_KNOTS.);
#1141 = CARTESIAN_POINT('',(4.202420116554,-6.010877028843));
#1142 = CARTESIAN_POINT('',(3.951111004668,-5.912947039213));
#1143 = ( GEOMETRIC_REPRESENTATION_CONTEXT(2) 
PARAMETRIC_REPRESENTATION_CONTEXT() REPRESENTATION_CONTEXT('2D SPACE',''
  ) );
#1144 = PCURVE('',#1145,#1156);
#1145 = ( BOUNDED_SURFACE() B_SPLINE_SURFACE(1,4,(
    (#1146,#1147,#1148,#1149,#1150)
    ,(#1151,#1152,#1153,#1154,#1155
)),.UNSPECIFIED.,.F.,.F.,.F.) B_SPLINE_SURFACE_WITH_KNOTS((2,2),(5,5),(
    129.,130.),(0.,1.),.PIECEWISE_BEZIER_KNOTS.) 
GEOMETRIC_REPRESENTATION_ITEM() RATIONAL_B_SPLINE_SURFACE((
    (1.,1.,1.,1.,1.)
,(1.,1.,1.,1.,1.))) REPRESENTATION_ITEM('') SURFACE() );
#1146 = CARTESIAN_POINT('',(2.197579883446,6.010877028843,0.));
#1147 = CARTESIAN_POINT('',(2.206810853782,6.036125816367,3.950966311744
    ));
#1148 = CARTESIAN_POINT('',(2.221167857538,6.075395462369,7.915188641292
    ));
#1149 = CARTESIAN_POINT('',(1.895326837467,5.184146722173,
    11.841097004811));
#1150 = CARTESIAN_POINT('',(1.90331404321,5.205993532788,15.8));
#1151 = CARTESIAN_POINT('',(2.448888995332,5.912947039213,0.));
#1152 = CARTESIAN_POINT('',(2.459469917737,5.938495128133,3.950966311744
    ));
#1153 = CARTESIAN_POINT('',(2.475926513002,5.978230280046,7.915188641292
    ));
#1154 = CARTESIAN_POINT('',(2.102433973823,5.076416597223,
    11.841097004811));
#1155 = CARTESIAN_POINT('',(2.111589241485,5.098522381894,15.8));
#1156 = DEFINITIONAL_REPRESENTATION('',(#1157),#1161);
#1157 = LINE('',#1158,#1159);
#1158 = CARTESIAN_POINT('',(0.,0.));
#1159 = VECTOR('',#1160,1.);
#1160 = DIRECTION('',(1.,0.));
#1161 = ( GEOMETRIC_REPRESENTATION_CONTEXT(2) 
PARAMETRIC_REPRESENTATION_CONTEXT() REPRESENTATION_CONTEXT('2D SPACE',''
  ) );
#1162 = ORIENTED_EDGE('',*,*,#1163,.F.);
#1163 = EDGE_CURVE('',#1164,#1132,#1166,.T.);
#1164 = VERTEX_POINT('',#1165);
#1165 = CARTESIAN_POINT('',(1.938712749843,6.099294457033,0.));
#1166 = SURFACE_CURVE('',#1167,(#1170,#1176),.PCURVE_S1.);
#1167 = B_SPLINE_CURVE_WITH_KNOTS('',1,(#1168,#1169),.UNSPECIFIED.,.F.,
  .F.,(2,2),(128.,129.),.PIECEWISE_BEZIER_KNOTS.);
#1168 = CARTESIAN_POINT('',(1.938712749843,6.099294457033,0.));
#1169 = CARTESIAN_POINT('',(2.197579883446,6.010877028843,0.));
#1170 = PCURVE('',#71,#1171);
#1171 = DEFINITIONAL_REPRESENTATION('',(#1172),#1175);
#1172 = B_SPLINE_CURVE_WITH_KNOTS('',1,(#1173,#1174),.UNSPECIFIED.,.F.,
  .F.,(2,2),(128.,129.),.PIECEWISE_BEZIER_KNOTS.);
#1173 = CARTESIAN_POINT('',(4.461287250157,-6.099294457033));
#1174 = CARTESIAN_POINT('',(4.202420116554,-6.010877028843));
#1175 = ( GEOMETRIC_REPRESENTATION_CONTEXT(2) 
PARAMETRIC_REPRESENTATION_CONTEXT() REPRESENTATION_CONTEXT('2D SPACE',''
  ) );
#1176 = PCURVE('',#1177,#1188);
#1177 = ( BOUNDED_SURFACE() B_SPLINE_SURFACE(1,4,(
    (#1178,#1179,#1180,#1181,#1182)
    ,(#1183,#1184,#1185,#1186,#1187
)),.UNSPECIFIED.,.F.,.F.,.F.) B_SPLINE_SURFACE_WITH_KNOTS((2,2),(5,5),(
    128.,129.),(0.,1.),.PIECEWISE_BEZIER_KNOTS.) 
GEOMETRIC_REPRESENTATION_ITEM() RATIONAL_B_SPLINE_SURFACE((
    (1.,1.,1.,1.,1.)
,(1.,1.,1.,1.,1.))) REPRESENTATION_ITEM('') SURFACE() );
#1178 = CARTESIAN_POINT('',(1.938712749843,6.099294457033,0.));
#1179 = CARTESIAN_POINT('',(1.946222314683,6.122919951427,3.950966311744
    ));
#1180 = CARTESIAN_POINT('',(1.957902002376,6.15966487633,7.915188641292)
  );
#1181 = CARTESIAN_POINT('',(1.692824315116,5.32571623246,11.841097004811
    ));
#1182 = CARTESIAN_POINT('',(1.699322054491,5.346158469586,15.8));
#1183 = CARTESIAN_POINT('',(2.197579883446,6.010877028843,0.));
#1184 = CARTESIAN_POINT('',(2.206810853782,6.036125816367,3.950966311744
    ));
#1185 = CARTESIAN_POINT('',(2.221167857538,6.075395462369,7.915188641292
    ));
#1186 = CARTESIAN_POINT('',(1.895326837467,5.184146722173,
    11.841097004811));
#1187 = CARTESIAN_POINT('',(1.90331404321,5.205993532788,15.8));
#1188 = DEFINITIONAL_REPRESENTATION('',(#1189),#1193);
#1189 = LINE('',#1190,#1191);
#1190 = CARTESIAN_POINT('',(0.,0.));
#1191 = VECTOR('',#1192,1.);
#1192 = DIRECTION('',(1.,0.));
#1193 = ( GEOMETRIC_REPRESENTATION_CONTEXT(2) 
PARAMETRIC_REPRESENTATION_CONTEXT() REPRESENTATION_CONTEXT('2D SPACE',''
  ) );
#1194 = ORIENTED_EDGE('',*,*,#1195,.F.);
#1195 = EDGE_CURVE('',#1196,#1164,#1198,.T.);
#1196 = VERTEX_POINT('',#1197);
#1197 = CARTESIAN_POINT('',(1.679158253163,6.175793678616,0.));
#1198 = SURFACE_CURVE('',#1199,(#1202,#1208),.PCURVE_S1.);
#1199 = B_SPLINE_CURVE_WITH_KNOTS('',1,(#1200,#1201),.UNSPECIFIED.,.F.,
  .F.,(2,2),(127.,128.),.PIECEWISE_BEZIER_KNOTS.);
#1200 = CARTESIAN_POINT('',(1.679158253163,6.175793678616,0.));
#1201 = CARTESIAN_POINT('',(1.938712749843,6.099294457033,0.));
#1202 = PCURVE('',#71,#1203);
#1203 = DEFINITIONAL_REPRESENTATION('',(#1204),#1207);
#1204 = B_SPLINE_CURVE_WITH_KNOTS('',1,(#1205,#1206),.UNSPECIFIED.,.F.,
  .F.,(2,2),(127.,128.),.PIECEWISE_BEZIER_KNOTS.);
#1205 = CARTESIAN_POINT('',(4.720841746837,-6.175793678616));
#1206 = CARTESIAN_POINT('',(4.461287250157,-6.099294457033));
#1207 = ( GEOMETRIC_REPRESENTATION_CONTEXT(2) 
PARAMETRIC_REPRESENTATION_CONTEXT() REPRESENTATION_CONTEXT('2D SPACE',''
  ) );
#1208 = PCURVE('',#1209,#1220);
#1209 = ( BOUNDED_SURFACE() B_SPLINE_SURFACE(1,4,(
    (#1210,#1211,#1212,#1213,#1214)
    ,(#1215,#1216,#1217,#1218,#1219
)),.UNSPECIFIED.,.F.,.F.,.F.) B_SPLINE_SURFACE_WITH_KNOTS((2,2),(5,5),(
    127.,128.),(0.,1.),.PIECEWISE_BEZIER_KNOTS.) 
GEOMETRIC_REPRESENTATION_ITEM() RATIONAL_B_SPLINE_SURFACE((
    (1.,1.,1.,1.,1.)
,(1.,1.,1.,1.,1.))) REPRESENTATION_ITEM('') SURFACE() );
#1210 = CARTESIAN_POINT('',(1.679158253163,6.175793678616,0.));
#1211 = CARTESIAN_POINT('',(1.684848412373,6.196721574609,3.950966311744
    ));
#1212 = CARTESIAN_POINT('',(1.693698363589,6.229270902628,7.915188641292
    ));
#1213 = CARTESIAN_POINT('',(1.492843284017,5.490543907479,
    11.841097004811));
#1214 = CARTESIAN_POINT('',(1.497766761254,5.508652015835,15.8));
#1215 = CARTESIAN_POINT('',(1.938712749843,6.099294457033,0.));
#1216 = CARTESIAN_POINT('',(1.946222314683,6.122919951427,3.950966311744
    ));
#1217 = CARTESIAN_POINT('',(1.957902002376,6.15966487633,7.915188641292)
  );
#1218 = CARTESIAN_POINT('',(1.692824315116,5.32571623246,11.841097004811
    ));
#1219 = CARTESIAN_POINT('',(1.699322054491,5.346158469586,15.8));
#1220 = DEFINITIONAL_REPRESENTATION('',(#1221),#1225);
#1221 = LINE('',#1222,#1223);
#1222 = CARTESIAN_POINT('',(0.,0.));
#1223 = VECTOR('',#1224,1.);
#1224 = DIRECTION('',(1.,0.));
#1225 = ( GEOMETRIC_REPRESENTATION_CONTEXT(2) 
PARAMETRIC_REPRESENTATION_CONTEXT() REPRESENTATION_CONTEXT('2D SPACE',''
  ) );
#1226 = ORIENTED_EDGE('',*,*,#1227,.F.);
#1227 = EDGE_CURVE('',#1228,#1196,#1230,.T.);
#1228 = VERTEX_POINT('',#1229);
#1229 = CARTESIAN_POINT('',(1.423788668843,6.239617442318,0.));
#1230 = SURFACE_CURVE('',#1231,(#1234,#1240),.PCURVE_S1.);
#1231 = B_SPLINE_CURVE_WITH_KNOTS('',1,(#1232,#1233),.UNSPECIFIED.,.F.,
  .F.,(2,2),(126.,127.),.PIECEWISE_BEZIER_KNOTS.);
#1232 = CARTESIAN_POINT('',(1.423788668843,6.239617442318,0.));
#1233 = CARTESIAN_POINT('',(1.679158253163,6.175793678616,0.));
#1234 = PCURVE('',#71,#1235);
#1235 = DEFINITIONAL_REPRESENTATION('',(#1236),#1239);
#1236 = B_SPLINE_CURVE_WITH_KNOTS('',1,(#1237,#1238),.UNSPECIFIED.,.F.,
  .F.,(2,2),(126.,127.),.PIECEWISE_BEZIER_KNOTS.);
#1237 = CARTESIAN_POINT('',(4.976211331157,-6.239617442318));
#1238 = CARTESIAN_POINT('',(4.720841746837,-6.175793678616));
#1239 = ( GEOMETRIC_REPRESENTATION_CONTEXT(2) 
PARAMETRIC_REPRESENTATION_CONTEXT() REPRESENTATION_CONTEXT('2D SPACE',''
  ) );
#1240 = PCURVE('',#1241,#1252);
#1241 = ( BOUNDED_SURFACE() B_SPLINE_SURFACE(1,4,(
    (#1242,#1243,#1244,#1245,#1246)
    ,(#1247,#1248,#1249,#1250,#1251
)),.UNSPECIFIED.,.F.,.F.,.F.) B_SPLINE_SURFACE_WITH_KNOTS((2,2),(5,5),(
    126.,127.),(0.,1.),.PIECEWISE_BEZIER_KNOTS.) 
GEOMETRIC_REPRESENTATION_ITEM() RATIONAL_B_SPLINE_SURFACE((
    (1.,1.,1.,1.,1.)
,(1.,1.,1.,1.,1.))) REPRESENTATION_ITEM('') SURFACE() );
#1242 = CARTESIAN_POINT('',(1.423788668843,6.239617442318,0.));
#1243 = CARTESIAN_POINT('',(1.427772187311,6.257074830385,3.950966311744
    ));
#1244 = CARTESIAN_POINT('',(1.433967786207,6.284226449007,7.915188641292
    ));
#1245 = CARTESIAN_POINT('',(1.293354863181,5.668003784559,
    11.841097004811));
#1246 = CARTESIAN_POINT('',(1.296801649427,5.683108995079,15.8));
#1247 = CARTESIAN_POINT('',(1.679158253163,6.175793678616,0.));
#1248 = CARTESIAN_POINT('',(1.684848412373,6.196721574609,3.950966311744
    ));
#1249 = CARTESIAN_POINT('',(1.693698363589,6.229270902628,7.915188641292
    ));
#1250 = CARTESIAN_POINT('',(1.492843284017,5.490543907479,
    11.841097004811));
#1251 = CARTESIAN_POINT('',(1.497766761254,5.508652015835,15.8));
#1252 = DEFINITIONAL_REPRESENTATION('',(#1253),#1257);
#1253 = LINE('',#1254,#1255);
#1254 = CARTESIAN_POINT('',(0.,0.));
#1255 = VECTOR('',#1256,1.);
#1256 = DIRECTION('',(1.,0.));
#1257 = ( GEOMETRIC_REPRESENTATION_CONTEXT(2) 
PARAMETRIC_REPRESENTATION_CONTEXT() REPRESENTATION_CONTEXT('2D SPACE',''
  ) );
#1258 = ORIENTED_EDGE('',*,*,#1259,.F.);
#1259 = EDGE_CURVE('',#1260,#1228,#1262,.T.);
#1260 = VERTEX_POINT('',#1261);
#1261 = CARTESIAN_POINT('',(1.175283734749,6.291161112452,0.));
#1262 = SURFACE_CURVE('',#1263,(#1266,#1272),.PCURVE_S1.);
#1263 = B_SPLINE_CURVE_WITH_KNOTS('',1,(#1264,#1265),.UNSPECIFIED.,.F.,
  .F.,(2,2),(125.,126.),.PIECEWISE_BEZIER_KNOTS.);
#1264 = CARTESIAN_POINT('',(1.175283734749,6.291161112452,0.));
#1265 = CARTESIAN_POINT('',(1.423788668843,6.239617442318,0.));
#1266 = PCURVE('',#71,#1267);
#1267 = DEFINITIONAL_REPRESENTATION('',(#1268),#1271);
#1268 = B_SPLINE_CURVE_WITH_KNOTS('',1,(#1269,#1270),.UNSPECIFIED.,.F.,
  .F.,(2,2),(125.,126.),.PIECEWISE_BEZIER_KNOTS.);
#1269 = CARTESIAN_POINT('',(5.224716265251,-6.291161112452));
#1270 = CARTESIAN_POINT('',(4.976211331157,-6.239617442318));
#1271 = ( GEOMETRIC_REPRESENTATION_CONTEXT(2) 
PARAMETRIC_REPRESENTATION_CONTEXT() REPRESENTATION_CONTEXT('2D SPACE',''
  ) );
#1272 = PCURVE('',#1273,#1284);
#1273 = ( BOUNDED_SURFACE() B_SPLINE_SURFACE(1,4,(
    (#1274,#1275,#1276,#1277,#1278)
    ,(#1279,#1280,#1281,#1282,#1283
)),.UNSPECIFIED.,.F.,.F.,.F.) B_SPLINE_SURFACE_WITH_KNOTS((2,2),(5,5),(
    125.,126.),(0.,1.),.PIECEWISE_BEZIER_KNOTS.) 
GEOMETRIC_REPRESENTATION_ITEM() RATIONAL_B_SPLINE_SURFACE((
    (1.,1.,1.,1.,1.)
,(1.,1.,1.,1.,1.))) REPRESENTATION_ITEM('') SURFACE() );
#1274 = CARTESIAN_POINT('',(1.175283734749,6.291161112452,0.));
#1275 = CARTESIAN_POINT('',(1.177815363596,6.304712635782,3.950966311744
    ));
#1276 = CARTESIAN_POINT('',(1.181752826672,6.325789430991,7.915188641292
    ));
#1277 = CARTESIAN_POINT('',(1.092389683277,5.847438615786,
    11.841097004811));
#1278 = CARTESIAN_POINT('',(1.094580204937,5.859164230865,15.8));
#1279 = CARTESIAN_POINT('',(1.423788668843,6.239617442318,0.));
#1280 = CARTESIAN_POINT('',(1.427772187311,6.257074830385,3.950966311744
    ));
#1281 = CARTESIAN_POINT('',(1.433967786207,6.284226449007,7.915188641292
    ));
#1282 = CARTESIAN_POINT('',(1.293354863181,5.668003784559,
    11.841097004811));
#1283 = CARTESIAN_POINT('',(1.296801649427,5.683108995079,15.8));
#1284 = DEFINITIONAL_REPRESENTATION('',(#1285),#1289);
#1285 = LINE('',#1286,#1287);
#1286 = CARTESIAN_POINT('',(0.,0.));
#1287 = VECTOR('',#1288,1.);
#1288 = DIRECTION('',(1.,0.));
#1289 = ( GEOMETRIC_REPRESENTATION_CONTEXT(2) 
PARAMETRIC_REPRESENTATION_CONTEXT() REPRESENTATION_CONTEXT('2D SPACE',''
  ) );
#1290 = ORIENTED_EDGE('',*,*,#1291,.F.);
#1291 = EDGE_CURVE('',#1292,#1260,#1294,.T.);
#1292 = VERTEX_POINT('',#1293);
#1293 = CARTESIAN_POINT('',(0.934259791531,6.331442066538,0.));
#1294 = SURFACE_CURVE('',#1295,(#1298,#1304),.PCURVE_S1.);
#1295 = B_SPLINE_CURVE_WITH_KNOTS('',1,(#1296,#1297),.UNSPECIFIED.,.F.,
  .F.,(2,2),(124.,125.),.PIECEWISE_BEZIER_KNOTS.);
#1296 = CARTESIAN_POINT('',(0.934259791531,6.331442066538,0.));
#1297 = CARTESIAN_POINT('',(1.175283734749,6.291161112452,0.));
#1298 = PCURVE('',#71,#1299);
#1299 = DEFINITIONAL_REPRESENTATION('',(#1300),#1303);
#1300 = B_SPLINE_CURVE_WITH_KNOTS('',1,(#1301,#1302),.UNSPECIFIED.,.F.,
  .F.,(2,2),(124.,125.),.PIECEWISE_BEZIER_KNOTS.);
#1301 = CARTESIAN_POINT('',(5.465740208469,-6.331442066538));
#1302 = CARTESIAN_POINT('',(5.224716265251,-6.291161112452));
#1303 = ( GEOMETRIC_REPRESENTATION_CONTEXT(2) 
PARAMETRIC_REPRESENTATION_CONTEXT() REPRESENTATION_CONTEXT('2D SPACE',''
  ) );
#1304 = PCURVE('',#1305,#1316);
#1305 = ( BOUNDED_SURFACE() B_SPLINE_SURFACE(1,4,(
    (#1306,#1307,#1308,#1309,#1310)
    ,(#1311,#1312,#1313,#1314,#1315
)),.UNSPECIFIED.,.F.,.F.,.F.) B_SPLINE_SURFACE_WITH_KNOTS((2,2),(5,5),(
    124.,125.),(0.,1.),.PIECEWISE_BEZIER_KNOTS.) 
GEOMETRIC_REPRESENTATION_ITEM() RATIONAL_B_SPLINE_SURFACE((
    (1.,1.,1.,1.,1.)
,(1.,1.,1.,1.,1.))) REPRESENTATION_ITEM('') SURFACE() );
#1306 = CARTESIAN_POINT('',(0.934259791531,6.331442066538,0.));
#1307 = CARTESIAN_POINT('',(0.93567154038,6.341009433269,3.950966311744)
  );
#1308 = CARTESIAN_POINT('',(0.937867244925,6.355889637094,7.915188641292
    ));
#1309 = CARTESIAN_POINT('',(0.888034381402,6.018174270055,
    11.841097004811));
#1310 = CARTESIAN_POINT('',(0.889255913712,6.026452546739,15.8));
#1311 = CARTESIAN_POINT('',(1.175283734749,6.291161112452,0.));
#1312 = CARTESIAN_POINT('',(1.177815363596,6.304712635782,3.950966311744
    ));
#1313 = CARTESIAN_POINT('',(1.181752826672,6.325789430991,7.915188641292
    ));
#1314 = CARTESIAN_POINT('',(1.092389683277,5.847438615786,
    11.841097004811));
#1315 = CARTESIAN_POINT('',(1.094580204937,5.859164230865,15.8));
#1316 = DEFINITIONAL_REPRESENTATION('',(#1317),#1321);
#1317 = LINE('',#1318,#1319);
#1318 = CARTESIAN_POINT('',(0.,0.));
#1319 = VECTOR('',#1320,1.);
#1320 = DIRECTION('',(1.,0.));
#1321 = ( GEOMETRIC_REPRESENTATION_CONTEXT(2) 
PARAMETRIC_REPRESENTATION_CONTEXT() REPRESENTATION_CONTEXT('2D SPACE',''
  ) );
#1322 = ORIENTED_EDGE('',*,*,#1323,.F.);
#1323 = EDGE_CURVE('',#1324,#1292,#1326,.T.);
#1324 = VERTEX_POINT('',#1325);
#1325 = CARTESIAN_POINT('',(0.699550324489,6.361653035454,0.));
#1326 = SURFACE_CURVE('',#1327,(#1330,#1336),.PCURVE_S1.);
#1327 = B_SPLINE_CURVE_WITH_KNOTS('',1,(#1328,#1329),.UNSPECIFIED.,.F.,
  .F.,(2,2),(123.,124.),.PIECEWISE_BEZIER_KNOTS.);
#1328 = CARTESIAN_POINT('',(0.699550324489,6.361653035454,0.));
#1329 = CARTESIAN_POINT('',(0.934259791531,6.331442066538,0.));
#1330 = PCURVE('',#71,#1331);
#1331 = DEFINITIONAL_REPRESENTATION('',(#1332),#1335);
#1332 = B_SPLINE_CURVE_WITH_KNOTS('',1,(#1333,#1334),.UNSPECIFIED.,.F.,
  .F.,(2,2),(123.,124.),.PIECEWISE_BEZIER_KNOTS.);
#1333 = CARTESIAN_POINT('',(5.700449675511,-6.361653035454));
#1334 = CARTESIAN_POINT('',(5.465740208469,-6.331442066538));
#1335 = ( GEOMETRIC_REPRESENTATION_CONTEXT(2) 
PARAMETRIC_REPRESENTATION_CONTEXT() REPRESENTATION_CONTEXT('2D SPACE',''
  ) );
#1336 = PCURVE('',#1337,#1348);
#1337 = ( BOUNDED_SURFACE() B_SPLINE_SURFACE(1,4,(
    (#1338,#1339,#1340,#1341,#1342)
    ,(#1343,#1344,#1345,#1346,#1347
)),.UNSPECIFIED.,.F.,.F.,.F.) B_SPLINE_SURFACE_WITH_KNOTS((2,2),(5,5),(
    123.,124.),(0.,1.),.PIECEWISE_BEZIER_KNOTS.) 
GEOMETRIC_REPRESENTATION_ITEM() RATIONAL_B_SPLINE_SURFACE((
    (1.,1.,1.,1.,1.)
,(1.,1.,1.,1.,1.))) REPRESENTATION_ITEM('') SURFACE() );
#1338 = CARTESIAN_POINT('',(0.699550324489,6.361653035454,0.));
#1339 = CARTESIAN_POINT('',(0.7001955342,6.367520519424,3.950966311744)
  );
#1340 = CARTESIAN_POINT('',(0.701199034147,6.376646265293,7.915188641292
    ));
#1341 = CARTESIAN_POINT('',(0.678423986381,6.169531856674,
    11.841097004811));
#1342 = CARTESIAN_POINT('',(0.678982261678,6.174608766246,15.8));
#1343 = CARTESIAN_POINT('',(0.934259791531,6.331442066538,0.));
#1344 = CARTESIAN_POINT('',(0.93567154038,6.341009433269,3.950966311744)
  );
#1345 = CARTESIAN_POINT('',(0.937867244925,6.355889637094,7.915188641292
    ));
#1346 = CARTESIAN_POINT('',(0.888034381402,6.018174270055,
    11.841097004811));
#1347 = CARTESIAN_POINT('',(0.889255913712,6.026452546739,15.8));
#1348 = DEFINITIONAL_REPRESENTATION('',(#1349),#1353);
#1349 = LINE('',#1350,#1351);
#1350 = CARTESIAN_POINT('',(0.,0.));
#1351 = VECTOR('',#1352,1.);
#1352 = DIRECTION('',(1.,0.));
#1353 = ( GEOMETRIC_REPRESENTATION_CONTEXT(2) 
PARAMETRIC_REPRESENTATION_CONTEXT() REPRESENTATION_CONTEXT('2D SPACE',''
  ) );
#1354 = ORIENTED_EDGE('',*,*,#1355,.F.);
#1355 = EDGE_CURVE('',#1356,#1324,#1358,.T.);
#1356 = VERTEX_POINT('',#1357);
#1357 = CARTESIAN_POINT('',(0.468486429507,6.38283012976,0.));
#1358 = SURFACE_CURVE('',#1359,(#1362,#1368),.PCURVE_S1.);
#1359 = B_SPLINE_CURVE_WITH_KNOTS('',1,(#1360,#1361),.UNSPECIFIED.,.F.,
  .F.,(2,2),(122.,123.),.PIECEWISE_BEZIER_KNOTS.);
#1360 = CARTESIAN_POINT('',(0.468486429507,6.38283012976,0.));
#1361 = CARTESIAN_POINT('',(0.699550324489,6.361653035454,0.));
#1362 = PCURVE('',#71,#1363);
#1363 = DEFINITIONAL_REPRESENTATION('',(#1364),#1367);
#1364 = B_SPLINE_CURVE_WITH_KNOTS('',1,(#1365,#1366),.UNSPECIFIED.,.F.,
  .F.,(2,2),(122.,123.),.PIECEWISE_BEZIER_KNOTS.);
#1365 = CARTESIAN_POINT('',(5.931513570493,-6.38283012976));
#1366 = CARTESIAN_POINT('',(5.700449675511,-6.361653035454));
#1367 = ( GEOMETRIC_REPRESENTATION_CONTEXT(2) 
PARAMETRIC_REPRESENTATION_CONTEXT() REPRESENTATION_CONTEXT('2D SPACE',''
  ) );
#1368 = PCURVE('',#1369,#1380);
#1369 = ( BOUNDED_SURFACE() B_SPLINE_SURFACE(1,4,(
    (#1370,#1371,#1372,#1373,#1374)
    ,(#1375,#1376,#1377,#1378,#1379
)),.UNSPECIFIED.,.F.,.F.,.F.) B_SPLINE_SURFACE_WITH_KNOTS((2,2),(5,5),(
    122.,123.),(0.,1.),.PIECEWISE_BEZIER_KNOTS.) 
GEOMETRIC_REPRESENTATION_ITEM() RATIONAL_B_SPLINE_SURFACE((
    (1.,1.,1.,1.,1.)
,(1.,1.,1.,1.,1.))) REPRESENTATION_ITEM('') SURFACE() );
#1370 = CARTESIAN_POINT('',(0.468486429507,6.38283012976,0.));
#1371 = CARTESIAN_POINT('',(0.468692642981,6.385639657404,3.950966311744
    ));
#1372 = CARTESIAN_POINT('',(0.469013368486,6.390009338757,7.915188641292
    ));
#1373 = CARTESIAN_POINT('',(0.461734306127,6.290836736067,
    11.841097004811));
#1374 = CARTESIAN_POINT('',(0.461912734763,6.293267712933,15.8));
#1375 = CARTESIAN_POINT('',(0.699550324489,6.361653035454,0.));
#1376 = CARTESIAN_POINT('',(0.7001955342,6.367520519424,3.950966311744)
  );
#1377 = CARTESIAN_POINT('',(0.701199034147,6.376646265293,7.915188641292
    ));
#1378 = CARTESIAN_POINT('',(0.678423986381,6.169531856674,
    11.841097004811));
#1379 = CARTESIAN_POINT('',(0.678982261678,6.174608766246,15.8));
#1380 = DEFINITIONAL_REPRESENTATION('',(#1381),#1385);
#1381 = LINE('',#1382,#1383);
#1382 = CARTESIAN_POINT('',(0.,0.));
#1383 = VECTOR('',#1384,1.);
#1384 = DIRECTION('',(1.,0.));
#1385 = ( GEOMETRIC_REPRESENTATION_CONTEXT(2) 
PARAMETRIC_REPRESENTATION_CONTEXT() REPRESENTATION_CONTEXT('2D SPACE',''
  ) );
#1386 = ORIENTED_EDGE('',*,*,#1387,.F.);
#1387 = EDGE_CURVE('',#1388,#1356,#1390,.T.);
#1388 = VERTEX_POINT('',#1389);
#1389 = CARTESIAN_POINT('',(0.237073528236,6.395607566308,0.));
#1390 = SURFACE_CURVE('',#1391,(#1394,#1400),.PCURVE_S1.);
#1391 = B_SPLINE_CURVE_WITH_KNOTS('',1,(#1392,#1393),.UNSPECIFIED.,.F.,
  .F.,(2,2),(121.,122.),.PIECEWISE_BEZIER_KNOTS.);
#1392 = CARTESIAN_POINT('',(0.237073528236,6.395607566308,0.));
#1393 = CARTESIAN_POINT('',(0.468486429507,6.38283012976,0.));
#1394 = PCURVE('',#71,#1395);
#1395 = DEFINITIONAL_REPRESENTATION('',(#1396),#1399);
#1396 = B_SPLINE_CURVE_WITH_KNOTS('',1,(#1397,#1398),.UNSPECIFIED.,.F.,
  .F.,(2,2),(121.,122.),.PIECEWISE_BEZIER_KNOTS.);
#1397 = CARTESIAN_POINT('',(6.162926471764,-6.395607566308));
#1398 = CARTESIAN_POINT('',(5.931513570493,-6.38283012976));
#1399 = ( GEOMETRIC_REPRESENTATION_CONTEXT(2) 
PARAMETRIC_REPRESENTATION_CONTEXT() REPRESENTATION_CONTEXT('2D SPACE',''
  ) );
#1400 = PCURVE('',#1401,#1412);
#1401 = ( BOUNDED_SURFACE() B_SPLINE_SURFACE(1,4,(
    (#1402,#1403,#1404,#1405,#1406)
    ,(#1407,#1408,#1409,#1410,#1411
)),.UNSPECIFIED.,.F.,.F.,.F.) B_SPLINE_SURFACE_WITH_KNOTS((2,2),(5,5),(
    121.,122.),(0.,1.),.PIECEWISE_BEZIER_KNOTS.) 
GEOMETRIC_REPRESENTATION_ITEM() RATIONAL_B_SPLINE_SURFACE((
    (1.,1.,1.,1.,1.)
,(1.,1.,1.,1.,1.))) REPRESENTATION_ITEM('') SURFACE() );
#1402 = CARTESIAN_POINT('',(0.237073528236,6.395607566308,0.));
#1403 = CARTESIAN_POINT('',(0.237100904686,6.396346109457,3.950966311744
    ));
#1404 = CARTESIAN_POINT('',(0.237143483502,6.397494771666,7.915188641292
    ));
#1405 = CARTESIAN_POINT('',(0.236177131099,6.371425177191,
    11.841097004811));
#1406 = CARTESIAN_POINT('',(0.236200818895,6.372064210345,15.8));
#1407 = CARTESIAN_POINT('',(0.468486429507,6.38283012976,0.));
#1408 = CARTESIAN_POINT('',(0.468692642981,6.385639657404,3.950966311744
    ));
#1409 = CARTESIAN_POINT('',(0.469013368486,6.390009338757,7.915188641292
    ));
#1410 = CARTESIAN_POINT('',(0.461734306127,6.290836736067,
    11.841097004811));
#1411 = CARTESIAN_POINT('',(0.461912734763,6.293267712933,15.8));
#1412 = DEFINITIONAL_REPRESENTATION('',(#1413),#1417);
#1413 = LINE('',#1414,#1415);
#1414 = CARTESIAN_POINT('',(0.,0.));
#1415 = VECTOR('',#1416,1.);
#1416 = DIRECTION('',(1.,0.));
#1417 = ( GEOMETRIC_REPRESENTATION_CONTEXT(2) 
PARAMETRIC_REPRESENTATION_CONTEXT() REPRESENTATION_CONTEXT('2D SPACE',''
  ) );
#1418 = ORIENTED_EDGE('',*,*,#1419,.F.);
#1419 = EDGE_CURVE('',#1420,#1388,#1422,.T.);
#1420 = VERTEX_POINT('',#1421);
#1421 = CARTESIAN_POINT('',(0.,6.4,0.));
#1422 = SURFACE_CURVE('',#1423,(#1426,#1432),.PCURVE_S1.);
#1423 = B_SPLINE_CURVE_WITH_KNOTS('',1,(#1424,#1425),.UNSPECIFIED.,.F.,
  .F.,(2,2),(120.,121.),.PIECEWISE_BEZIER_KNOTS.);
#1424 = CARTESIAN_POINT('',(0.,6.4,0.));
#1425 = CARTESIAN_POINT('',(0.237073528236,6.395607566308,0.));
#1426 = PCURVE('',#71,#1427);
#1427 = DEFINITIONAL_REPRESENTATION('',(#1428),#1431);
#1428 = B_SPLINE_CURVE_WITH_KNOTS('',1,(#1429,#1430),.UNSPECIFIED.,.F.,
  .F.,(2,2),(120.,121.),.PIECEWISE_BEZIER_KNOTS.);
#1429 = CARTESIAN_POINT('',(6.4,-6.4));
#1430 = CARTESIAN_POINT('',(6.162926471764,-6.395607566308));
#1431 = ( GEOMETRIC_REPRESENTATION_CONTEXT(2) 
PARAMETRIC_REPRESENTATION_CONTEXT() REPRESENTATION_CONTEXT('2D SPACE',''
  ) );
#1432 = PCURVE('',#1433,#1444);
#1433 = ( BOUNDED_SURFACE() B_SPLINE_SURFACE(1,4,(
    (#1434,#1435,#1436,#1437,#1438)
    ,(#1439,#1440,#1441,#1442,#1443
)),.UNSPECIFIED.,.F.,.F.,.F.) B_SPLINE_SURFACE_WITH_KNOTS((2,2),(5,5),(
    120.,121.),(0.,1.),.PIECEWISE_BEZIER_KNOTS.) 
GEOMETRIC_REPRESENTATION_ITEM() RATIONAL_B_SPLINE_SURFACE((
    (1.,1.,1.,1.,1.)
,(1.,1.,1.,1.,1.))) REPRESENTATION_ITEM('') SURFACE() );
#1434 = CARTESIAN_POINT('',(0.,6.4,0.));
#1435 = CARTESIAN_POINT('',(0.,6.399980140537,3.950966311744));
#1436 = CARTESIAN_POINT('',(0.,6.399949252953,7.915188641292));
#1437 = CARTESIAN_POINT('',(0.,6.400650265661,11.841097004811));
#1438 = CARTESIAN_POINT('',(0.,6.400633082027,15.8));
#1439 = CARTESIAN_POINT('',(0.237073528236,6.395607566308,0.));
#1440 = CARTESIAN_POINT('',(0.237100904686,6.396346109457,3.950966311744
    ));
#1441 = CARTESIAN_POINT('',(0.237143483502,6.397494771666,7.915188641292
    ));
#1442 = CARTESIAN_POINT('',(0.236177131099,6.371425177191,
    11.841097004811));
#1443 = CARTESIAN_POINT('',(0.236200818895,6.372064210345,15.8));
#1444 = DEFINITIONAL_REPRESENTATION('',(#1445),#1449);
#1445 = LINE('',#1446,#1447);
#1446 = CARTESIAN_POINT('',(0.,0.));
#1447 = VECTOR('',#1448,1.);
#1448 = DIRECTION('',(1.,0.));
#1449 = ( GEOMETRIC_REPRESENTATION_CONTEXT(2) 
PARAMETRIC_REPRESENTATION_CONTEXT() REPRESENTATION_CONTEXT('2D SPACE',''
  ) );
#1450 = ORIENTED_EDGE('',*,*,#1451,.F.);
#1451 = EDGE_CURVE('',#1452,#1420,#1454,.T.);
#1452 = VERTEX_POINT('',#1453);
#1453 = CARTESIAN_POINT('',(-0.237423499729,6.395594583913,0.));
#1454 = SURFACE_CURVE('',#1455,(#1458,#1464),.PCURVE_S1.);
#1455 = B_SPLINE_CURVE_WITH_KNOTS('',1,(#1456,#1457),.UNSPECIFIED.,.F.,
  .F.,(2,2),(119.,120.),.PIECEWISE_BEZIER_KNOTS.);
#1456 = CARTESIAN_POINT('',(-0.237423499729,6.395594583913,0.));
#1457 = CARTESIAN_POINT('',(0.,6.4,0.));
#1458 = PCURVE('',#71,#1459);
#1459 = DEFINITIONAL_REPRESENTATION('',(#1460),#1463);
#1460 = B_SPLINE_CURVE_WITH_KNOTS('',1,(#1461,#1462),.UNSPECIFIED.,.F.,
  .F.,(2,2),(119.,120.),.PIECEWISE_BEZIER_KNOTS.);
#1461 = CARTESIAN_POINT('',(6.637423499729,-6.395594583913));
#1462 = CARTESIAN_POINT('',(6.4,-6.4));
#1463 = ( GEOMETRIC_REPRESENTATION_CONTEXT(2) 
PARAMETRIC_REPRESENTATION_CONTEXT() REPRESENTATION_CONTEXT('2D SPACE',''
  ) );
#1464 = PCURVE('',#1465,#1476);
#1465 = ( BOUNDED_SURFACE() B_SPLINE_SURFACE(1,4,(
    (#1466,#1467,#1468,#1469,#1470)
    ,(#1471,#1472,#1473,#1474,#1475
)),.UNSPECIFIED.,.F.,.F.,.F.) B_SPLINE_SURFACE_WITH_KNOTS((2,2),(5,5),(
    119.,120.),(0.,1.),.PIECEWISE_BEZIER_KNOTS.) 
GEOMETRIC_REPRESENTATION_ITEM() RATIONAL_B_SPLINE_SURFACE((
    (1.,1.,1.,1.,1.)
,(1.,1.,1.,1.,1.))) REPRESENTATION_ITEM('') SURFACE() );
#1466 = CARTESIAN_POINT('',(-0.237423499729,6.395594583913,0.));
#1467 = CARTESIAN_POINT('',(-0.23745090153,6.396332719811,3.950966311744
    ));
#1468 = CARTESIAN_POINT('',(-0.237493519775,6.397480748619,
    7.915188641292));
#1469 = CARTESIAN_POINT('',(-0.236526272522,6.37142552957,
    11.841097004811));
#1470 = CARTESIAN_POINT('',(-0.236549982253,6.372064210345,15.8));
#1471 = CARTESIAN_POINT('',(0.,6.4,0.));
#1472 = CARTESIAN_POINT('',(0.,6.399980140537,3.950966311744));
#1473 = CARTESIAN_POINT('',(0.,6.399949252953,7.915188641292));
#1474 = CARTESIAN_POINT('',(0.,6.400650265661,11.841097004811));
#1475 = CARTESIAN_POINT('',(0.,6.400633082027,15.8));
#1476 = DEFINITIONAL_REPRESENTATION('',(#1477),#1481);
#1477 = LINE('',#1478,#1479);
#1478 = CARTESIAN_POINT('',(0.,0.));
#1479 = VECTOR('',#1480,1.);
#1480 = DIRECTION('',(1.,0.));
#1481 = ( GEOMETRIC_REPRESENTATION_CONTEXT(2) 
PARAMETRIC_REPRESENTATION_CONTEXT() REPRESENTATION_CONTEXT('2D SPACE',''
  ) );
#1482 = ORIENTED_EDGE('',*,*,#1483,.F.);
#1483 = EDGE_CURVE('',#1484,#1452,#1486,.T.);
#1484 = VERTEX_POINT('',#1485);
#1485 = CARTESIAN_POINT('',(-0.469119363437,6.382783642177,0.));
#1486 = SURFACE_CURVE('',#1487,(#1490,#1496),.PCURVE_S1.);
#1487 = B_SPLINE_CURVE_WITH_KNOTS('',1,(#1488,#1489),.UNSPECIFIED.,.F.,
  .F.,(2,2),(118.,119.),.PIECEWISE_BEZIER_KNOTS.);
#1488 = CARTESIAN_POINT('',(-0.469119363437,6.382783642177,0.));
#1489 = CARTESIAN_POINT('',(-0.237423499729,6.395594583913,0.));
#1490 = PCURVE('',#71,#1491);
#1491 = DEFINITIONAL_REPRESENTATION('',(#1492),#1495);
#1492 = B_SPLINE_CURVE_WITH_KNOTS('',1,(#1493,#1494),.UNSPECIFIED.,.F.,
  .F.,(2,2),(118.,119.),.PIECEWISE_BEZIER_KNOTS.);
#1493 = CARTESIAN_POINT('',(6.869119363437,-6.382783642177));
#1494 = CARTESIAN_POINT('',(6.637423499729,-6.395594583913));
#1495 = ( GEOMETRIC_REPRESENTATION_CONTEXT(2) 
PARAMETRIC_REPRESENTATION_CONTEXT() REPRESENTATION_CONTEXT('2D SPACE',''
  ) );
#1496 = PCURVE('',#1497,#1508);
#1497 = ( BOUNDED_SURFACE() B_SPLINE_SURFACE(1,4,(
    (#1498,#1499,#1500,#1501,#1502)
    ,(#1503,#1504,#1505,#1506,#1507
)),.UNSPECIFIED.,.F.,.F.,.F.) B_SPLINE_SURFACE_WITH_KNOTS((2,2),(5,5),(
    118.,119.),(0.,1.),.PIECEWISE_BEZIER_KNOTS.) 
GEOMETRIC_REPRESENTATION_ITEM() RATIONAL_B_SPLINE_SURFACE((
    (1.,1.,1.,1.,1.)
,(1.,1.,1.,1.,1.))) REPRESENTATION_ITEM('') SURFACE() );
#1498 = CARTESIAN_POINT('',(-0.469119363437,6.382783642177,0.));
#1499 = CARTESIAN_POINT('',(-0.469325749832,6.38559171153,3.950966311744
    ));
#1500 = CARTESIAN_POINT('',(-0.469646744283,6.389959124789,
    7.915188641292));
#1501 = CARTESIAN_POINT('',(-0.462361578034,6.290837997871,
    11.841097004811));
#1502 = CARTESIAN_POINT('',(-0.462540156292,6.293267712933,15.8));
#1503 = CARTESIAN_POINT('',(-0.237423499729,6.395594583913,0.));
#1504 = CARTESIAN_POINT('',(-0.23745090153,6.396332719811,3.950966311744
    ));
#1505 = CARTESIAN_POINT('',(-0.237493519775,6.397480748619,
    7.915188641292));
#1506 = CARTESIAN_POINT('',(-0.236526272522,6.37142552957,
    11.841097004811));
#1507 = CARTESIAN_POINT('',(-0.236549982253,6.372064210345,15.8));
#1508 = DEFINITIONAL_REPRESENTATION('',(#1509),#1513);
#1509 = LINE('',#1510,#1511);
#1510 = CARTESIAN_POINT('',(0.,0.));
#1511 = VECTOR('',#1512,1.);
#1512 = DIRECTION('',(1.,0.));
#1513 = ( GEOMETRIC_REPRESENTATION_CONTEXT(2) 
PARAMETRIC_REPRESENTATION_CONTEXT() REPRESENTATION_CONTEXT('2D SPACE',''
  ) );
#1514 = ORIENTED_EDGE('',*,*,#1515,.F.);
#1515 = EDGE_CURVE('',#1516,#1484,#1518,.T.);
#1516 = VERTEX_POINT('',#1517);
#1517 = CARTESIAN_POINT('',(-0.700408280214,6.361558632993,0.));
#1518 = SURFACE_CURVE('',#1519,(#1522,#1528),.PCURVE_S1.);
#1519 = B_SPLINE_CURVE_WITH_KNOTS('',1,(#1520,#1521),.UNSPECIFIED.,.F.,
  .F.,(2,2),(117.,118.),.PIECEWISE_BEZIER_KNOTS.);
#1520 = CARTESIAN_POINT('',(-0.700408280214,6.361558632993,0.));
#1521 = CARTESIAN_POINT('',(-0.469119363437,6.382783642177,0.));
#1522 = PCURVE('',#71,#1523);
#1523 = DEFINITIONAL_REPRESENTATION('',(#1524),#1527);
#1524 = B_SPLINE_CURVE_WITH_KNOTS('',1,(#1525,#1526),.UNSPECIFIED.,.F.,
  .F.,(2,2),(117.,118.),.PIECEWISE_BEZIER_KNOTS.);
#1525 = CARTESIAN_POINT('',(7.100408280214,-6.361558632993));
#1526 = CARTESIAN_POINT('',(6.869119363437,-6.382783642177));
#1527 = ( GEOMETRIC_REPRESENTATION_CONTEXT(2) 
PARAMETRIC_REPRESENTATION_CONTEXT() REPRESENTATION_CONTEXT('2D SPACE',''
  ) );
#1528 = PCURVE('',#1529,#1540);
#1529 = ( BOUNDED_SURFACE() B_SPLINE_SURFACE(1,4,(
    (#1530,#1531,#1532,#1533,#1534)
    ,(#1535,#1536,#1537,#1538,#1539
)),.UNSPECIFIED.,.F.,.F.,.F.) B_SPLINE_SURFACE_WITH_KNOTS((2,2),(5,5),(
    117.,118.),(0.,1.),.PIECEWISE_BEZIER_KNOTS.) 
GEOMETRIC_REPRESENTATION_ITEM() RATIONAL_B_SPLINE_SURFACE((
    (1.,1.,1.,1.,1.)
,(1.,1.,1.,1.,1.))) REPRESENTATION_ITEM('') SURFACE() );
#1530 = CARTESIAN_POINT('',(-0.700408280214,6.361558632993,0.));
#1531 = CARTESIAN_POINT('',(-0.701053964775,6.367423155606,
    3.950966311744));
#1532 = CARTESIAN_POINT('',(-0.702058203262,6.37654429565,7.915188641292
    ));
#1533 = CARTESIAN_POINT('',(-0.679266393889,6.169534419023,
    11.841097004811));
#1534 = CARTESIAN_POINT('',(-0.679825080057,6.174608766246,15.8));
#1535 = CARTESIAN_POINT('',(-0.469119363437,6.382783642177,0.));
#1536 = CARTESIAN_POINT('',(-0.469325749832,6.38559171153,3.950966311744
    ));
#1537 = CARTESIAN_POINT('',(-0.469646744283,6.389959124789,
    7.915188641292));
#1538 = CARTESIAN_POINT('',(-0.462361578034,6.290837997871,
    11.841097004811));
#1539 = CARTESIAN_POINT('',(-0.462540156292,6.293267712933,15.8));
#1540 = DEFINITIONAL_REPRESENTATION('',(#1541),#1545);
#1541 = LINE('',#1542,#1543);
#1542 = CARTESIAN_POINT('',(0.,0.));
#1543 = VECTOR('',#1544,1.);
#1544 = DIRECTION('',(1.,0.));
#1545 = ( GEOMETRIC_REPRESENTATION_CONTEXT(2) 
PARAMETRIC_REPRESENTATION_CONTEXT() REPRESENTATION_CONTEXT('2D SPACE',''
  ) );
#1546 = ORIENTED_EDGE('',*,*,#1547,.F.);
#1547 = EDGE_CURVE('',#1548,#1516,#1550,.T.);
#1548 = VERTEX_POINT('',#1549);
#1549 = CARTESIAN_POINT('',(-0.935291468384,6.331289747687,0.));
#1550 = SURFACE_CURVE('',#1551,(#1554,#1560),.PCURVE_S1.);
#1551 = B_SPLINE_CURVE_WITH_KNOTS('',1,(#1552,#1553),.UNSPECIFIED.,.F.,
  .F.,(2,2),(116.,117.),.PIECEWISE_BEZIER_KNOTS.);
#1552 = CARTESIAN_POINT('',(-0.935291468384,6.331289747687,0.));
#1553 = CARTESIAN_POINT('',(-0.700408280214,6.361558632993,0.));
#1554 = PCURVE('',#71,#1555);
#1555 = DEFINITIONAL_REPRESENTATION('',(#1556),#1559);
#1556 = B_SPLINE_CURVE_WITH_KNOTS('',1,(#1557,#1558),.UNSPECIFIED.,.F.,
  .F.,(2,2),(116.,117.),.PIECEWISE_BEZIER_KNOTS.);
#1557 = CARTESIAN_POINT('',(7.335291468384,-6.331289747687));
#1558 = CARTESIAN_POINT('',(7.100408280214,-6.361558632993));
#1559 = ( GEOMETRIC_REPRESENTATION_CONTEXT(2) 
PARAMETRIC_REPRESENTATION_CONTEXT() REPRESENTATION_CONTEXT('2D SPACE',''
  ) );
#1560 = PCURVE('',#1561,#1572);
#1561 = ( BOUNDED_SURFACE() B_SPLINE_SURFACE(1,4,(
    (#1562,#1563,#1564,#1565,#1566)
    ,(#1567,#1568,#1569,#1570,#1571
)),.UNSPECIFIED.,.F.,.F.,.F.) B_SPLINE_SURFACE_WITH_KNOTS((2,2),(5,5),(
    116.,117.),(0.,1.),.PIECEWISE_BEZIER_KNOTS.) 
GEOMETRIC_REPRESENTATION_ITEM() RATIONAL_B_SPLINE_SURFACE((
    (1.,1.,1.,1.,1.)
,(1.,1.,1.,1.,1.))) REPRESENTATION_ITEM('') SURFACE() );
#1562 = CARTESIAN_POINT('',(-0.935291468384,6.331289747687,0.));
#1563 = CARTESIAN_POINT('',(-0.936704104333,6.340852336253,
    3.950966311744));
#1564 = CARTESIAN_POINT('',(-0.938901188593,6.355725108559,
    7.915188641292));
#1565 = CARTESIAN_POINT('',(-0.889037011601,6.018178404419,
    11.841097004811));
#1566 = CARTESIAN_POINT('',(-0.890259311485,6.026452546739,15.8));
#1567 = CARTESIAN_POINT('',(-0.700408280214,6.361558632993,0.));
#1568 = CARTESIAN_POINT('',(-0.701053964775,6.367423155606,
    3.950966311744));
#1569 = CARTESIAN_POINT('',(-0.702058203262,6.37654429565,7.915188641292
    ));
#1570 = CARTESIAN_POINT('',(-0.679266393889,6.169534419023,
    11.841097004811));
#1571 = CARTESIAN_POINT('',(-0.679825080057,6.174608766246,15.8));
#1572 = DEFINITIONAL_REPRESENTATION('',(#1573),#1577);
#1573 = LINE('',#1574,#1575);
#1574 = CARTESIAN_POINT('',(0.,0.));
#1575 = VECTOR('',#1576,1.);
#1576 = DIRECTION('',(1.,0.));
#1577 = ( GEOMETRIC_REPRESENTATION_CONTEXT(2) 
PARAMETRIC_REPRESENTATION_CONTEXT() REPRESENTATION_CONTEXT('2D SPACE',''
  ) );
#1578 = ORIENTED_EDGE('',*,*,#1579,.F.);
#1579 = EDGE_CURVE('',#1580,#1548,#1582,.T.);
#1580 = VERTEX_POINT('',#1581);
#1581 = CARTESIAN_POINT('',(-1.176442796811,6.290944471686,0.));
#1582 = SURFACE_CURVE('',#1583,(#1586,#1592),.PCURVE_S1.);
#1583 = B_SPLINE_CURVE_WITH_KNOTS('',1,(#1584,#1585),.UNSPECIFIED.,.F.,
  .F.,(2,2),(115.,116.),.PIECEWISE_BEZIER_KNOTS.);
#1584 = CARTESIAN_POINT('',(-1.176442796811,6.290944471686,0.));
#1585 = CARTESIAN_POINT('',(-0.935291468384,6.331289747687,0.));
#1586 = PCURVE('',#71,#1587);
#1587 = DEFINITIONAL_REPRESENTATION('',(#1588),#1591);
#1588 = B_SPLINE_CURVE_WITH_KNOTS('',1,(#1589,#1590),.UNSPECIFIED.,.F.,
  .F.,(2,2),(115.,116.),.PIECEWISE_BEZIER_KNOTS.);
#1589 = CARTESIAN_POINT('',(7.576442796811,-6.290944471686));
#1590 = CARTESIAN_POINT('',(7.335291468384,-6.331289747687));
#1591 = ( GEOMETRIC_REPRESENTATION_CONTEXT(2) 
PARAMETRIC_REPRESENTATION_CONTEXT() REPRESENTATION_CONTEXT('2D SPACE',''
  ) );
#1592 = PCURVE('',#1593,#1604);
#1593 = ( BOUNDED_SURFACE() B_SPLINE_SURFACE(1,4,(
    (#1594,#1595,#1596,#1597,#1598)
    ,(#1599,#1600,#1601,#1602,#1603
)),.UNSPECIFIED.,.F.,.F.,.F.) B_SPLINE_SURFACE_WITH_KNOTS((2,2),(5,5),(
    115.,116.),(0.,1.),.PIECEWISE_BEZIER_KNOTS.) 
GEOMETRIC_REPRESENTATION_ITEM() RATIONAL_B_SPLINE_SURFACE((
    (1.,1.,1.,1.,1.)
,(1.,1.,1.,1.,1.))) REPRESENTATION_ITEM('') SURFACE() );
#1594 = CARTESIAN_POINT('',(-1.176442796811,6.290944471686,0.));
#1595 = CARTESIAN_POINT('',(-1.178975738737,6.304489199104,
    3.950966311744));
#1596 = CARTESIAN_POINT('',(-1.182915244057,6.325555424577,
    7.915188641292));
#1597 = CARTESIAN_POINT('',(-1.093505750697,5.847444496028,
    11.841097004811));
#1598 = CARTESIAN_POINT('',(-1.095697408514,5.859164230865,15.8));
#1599 = CARTESIAN_POINT('',(-0.935291468384,6.331289747687,0.));
#1600 = CARTESIAN_POINT('',(-0.936704104333,6.340852336253,
    3.950966311744));
#1601 = CARTESIAN_POINT('',(-0.938901188593,6.355725108559,
    7.915188641292));
#1602 = CARTESIAN_POINT('',(-0.889037011601,6.018178404419,
    11.841097004811));
#1603 = CARTESIAN_POINT('',(-0.890259311485,6.026452546739,15.8));
#1604 = DEFINITIONAL_REPRESENTATION('',(#1605),#1609);
#1605 = LINE('',#1606,#1607);
#1606 = CARTESIAN_POINT('',(0.,0.));
#1607 = VECTOR('',#1608,1.);
#1608 = DIRECTION('',(1.,0.));
#1609 = ( GEOMETRIC_REPRESENTATION_CONTEXT(2) 
PARAMETRIC_REPRESENTATION_CONTEXT() REPRESENTATION_CONTEXT('2D SPACE',''
  ) );
#1610 = ORIENTED_EDGE('',*,*,#1611,.F.);
#1611 = EDGE_CURVE('',#1612,#1580,#1614,.T.);
#1612 = VERTEX_POINT('',#1613);
#1613 = CARTESIAN_POINT('',(-1.425032829434,6.239333412716,0.));
#1614 = SURFACE_CURVE('',#1615,(#1618,#1624),.PCURVE_S1.);
#1615 = B_SPLINE_CURVE_WITH_KNOTS('',1,(#1616,#1617),.UNSPECIFIED.,.F.,
  .F.,(2,2),(114.,115.),.PIECEWISE_BEZIER_KNOTS.);
#1616 = CARTESIAN_POINT('',(-1.425032829434,6.239333412716,0.));
#1617 = CARTESIAN_POINT('',(-1.176442796811,6.290944471686,0.));
#1618 = PCURVE('',#71,#1619);
#1619 = DEFINITIONAL_REPRESENTATION('',(#1620),#1623);
#1620 = B_SPLINE_CURVE_WITH_KNOTS('',1,(#1621,#1622),.UNSPECIFIED.,.F.,
  .F.,(2,2),(114.,115.),.PIECEWISE_BEZIER_KNOTS.);
#1621 = CARTESIAN_POINT('',(7.825032829434,-6.239333412716));
#1622 = CARTESIAN_POINT('',(7.576442796811,-6.290944471686));
#1623 = ( GEOMETRIC_REPRESENTATION_CONTEXT(2) 
PARAMETRIC_REPRESENTATION_CONTEXT() REPRESENTATION_CONTEXT('2D SPACE',''
  ) );
#1624 = PCURVE('',#1625,#1636);
#1625 = ( BOUNDED_SURFACE() B_SPLINE_SURFACE(1,4,(
    (#1626,#1627,#1628,#1629,#1630)
    ,(#1631,#1632,#1633,#1634,#1635
)),.UNSPECIFIED.,.F.,.F.,.F.) B_SPLINE_SURFACE_WITH_KNOTS((2,2),(5,5),(
    114.,115.),(0.,1.),.PIECEWISE_BEZIER_KNOTS.) 
GEOMETRIC_REPRESENTATION_ITEM() RATIONAL_B_SPLINE_SURFACE((
    (1.,1.,1.,1.,1.)
,(1.,1.,1.,1.,1.))) REPRESENTATION_ITEM('') SURFACE() );
#1626 = CARTESIAN_POINT('',(-1.425032829434,6.239333412716,0.));
#1627 = CARTESIAN_POINT('',(-1.429017975381,6.256781890919,
    3.950966311744));
#1628 = CARTESIAN_POINT('',(-1.435216105508,6.283919651955,
    7.915188641292));
#1629 = CARTESIAN_POINT('',(-1.294545734644,5.668011493924,
    11.841097004811));
#1630 = CARTESIAN_POINT('',(-1.297993929085,5.683108995079,15.8));
#1631 = CARTESIAN_POINT('',(-1.176442796811,6.290944471686,0.));
#1632 = CARTESIAN_POINT('',(-1.178975738737,6.304489199104,
    3.950966311744));
#1633 = CARTESIAN_POINT('',(-1.182915244057,6.325555424577,
    7.915188641292));
#1634 = CARTESIAN_POINT('',(-1.093505750697,5.847444496028,
    11.841097004811));
#1635 = CARTESIAN_POINT('',(-1.095697408514,5.859164230865,15.8));
#1636 = DEFINITIONAL_REPRESENTATION('',(#1637),#1641);
#1637 = LINE('',#1638,#1639);
#1638 = CARTESIAN_POINT('',(0.,0.));
#1639 = VECTOR('',#1640,1.);
#1640 = DIRECTION('',(1.,0.));
#1641 = ( GEOMETRIC_REPRESENTATION_CONTEXT(2) 
PARAMETRIC_REPRESENTATION_CONTEXT() REPRESENTATION_CONTEXT('2D SPACE',''
  ) );
#1642 = ORIENTED_EDGE('',*,*,#1643,.F.);
#1643 = EDGE_CURVE('',#1644,#1612,#1646,.T.);
#1644 = VERTEX_POINT('',#1645);
#1645 = CARTESIAN_POINT('',(-1.680449144833,6.175442548646,0.));
#1646 = SURFACE_CURVE('',#1647,(#1650,#1656),.PCURVE_S1.);
#1647 = B_SPLINE_CURVE_WITH_KNOTS('',1,(#1648,#1649),.UNSPECIFIED.,.F.,
  .F.,(2,2),(113.,114.),.PIECEWISE_BEZIER_KNOTS.);
#1648 = CARTESIAN_POINT('',(-1.680449144833,6.175442548646,0.));
#1649 = CARTESIAN_POINT('',(-1.425032829434,6.239333412716,0.));
#1650 = PCURVE('',#71,#1651);
#1651 = DEFINITIONAL_REPRESENTATION('',(#1652),#1655);
#1652 = B_SPLINE_CURVE_WITH_KNOTS('',1,(#1653,#1654),.UNSPECIFIED.,.F.,
  .F.,(2,2),(113.,114.),.PIECEWISE_BEZIER_KNOTS.);
#1653 = CARTESIAN_POINT('',(8.080449144833,-6.175442548646));
#1654 = CARTESIAN_POINT('',(7.825032829434,-6.239333412716));
#1655 = ( GEOMETRIC_REPRESENTATION_CONTEXT(2) 
PARAMETRIC_REPRESENTATION_CONTEXT() REPRESENTATION_CONTEXT('2D SPACE',''
  ) );
#1656 = PCURVE('',#1657,#1668);
#1657 = ( BOUNDED_SURFACE() B_SPLINE_SURFACE(1,4,(
    (#1658,#1659,#1660,#1661,#1662)
    ,(#1663,#1664,#1665,#1666,#1667
)),.UNSPECIFIED.,.F.,.F.,.F.) B_SPLINE_SURFACE_WITH_KNOTS((2,2),(5,5),(
    113.,114.),(0.,1.),.PIECEWISE_BEZIER_KNOTS.) 
GEOMETRIC_REPRESENTATION_ITEM() RATIONAL_B_SPLINE_SURFACE((
    (1.,1.,1.,1.,1.)
,(1.,1.,1.,1.,1.))) REPRESENTATION_ITEM('') SURFACE() );
#1658 = CARTESIAN_POINT('',(-1.680449144833,6.175442548646,0.));
#1659 = CARTESIAN_POINT('',(-1.686141004953,6.19635942987,3.950966311744
    ));
#1660 = CARTESIAN_POINT('',(-1.694993601608,6.228891626528,
    7.915188641292));
#1661 = CARTESIAN_POINT('',(-1.494078482165,5.490553438138,
    11.841097004811));
#1662 = CARTESIAN_POINT('',(-1.499003431134,5.508652015835,15.8));
#1663 = CARTESIAN_POINT('',(-1.425032829434,6.239333412716,0.));
#1664 = CARTESIAN_POINT('',(-1.429017975381,6.256781890919,
    3.950966311744));
#1665 = CARTESIAN_POINT('',(-1.435216105508,6.283919651955,
    7.915188641292));
#1666 = CARTESIAN_POINT('',(-1.294545734644,5.668011493924,
    11.841097004811));
#1667 = CARTESIAN_POINT('',(-1.297993929085,5.683108995079,15.8));
#1668 = DEFINITIONAL_REPRESENTATION('',(#1669),#1673);
#1669 = LINE('',#1670,#1671);
#1670 = CARTESIAN_POINT('',(0.,0.));
#1671 = VECTOR('',#1672,1.);
#1672 = DIRECTION('',(1.,0.));
#1673 = ( GEOMETRIC_REPRESENTATION_CONTEXT(2) 
PARAMETRIC_REPRESENTATION_CONTEXT() REPRESENTATION_CONTEXT('2D SPACE',''
  ) );
#1674 = ORIENTED_EDGE('',*,*,#1675,.F.);
#1675 = EDGE_CURVE('',#1676,#1644,#1678,.T.);
#1676 = VERTEX_POINT('',#1677);
#1677 = CARTESIAN_POINT('',(-1.940016570053,6.098879873216,0.));
#1678 = SURFACE_CURVE('',#1679,(#1682,#1688),.PCURVE_S1.);
#1679 = B_SPLINE_CURVE_WITH_KNOTS('',1,(#1680,#1681),.UNSPECIFIED.,.F.,
  .F.,(2,2),(112.,113.),.PIECEWISE_BEZIER_KNOTS.);
#1680 = CARTESIAN_POINT('',(-1.940016570053,6.098879873216,0.));
#1681 = CARTESIAN_POINT('',(-1.680449144833,6.175442548646,0.));
#1682 = PCURVE('',#71,#1683);
#1683 = DEFINITIONAL_REPRESENTATION('',(#1684),#1687);
#1684 = B_SPLINE_CURVE_WITH_KNOTS('',1,(#1685,#1686),.UNSPECIFIED.,.F.,
  .F.,(2,2),(112.,113.),.PIECEWISE_BEZIER_KNOTS.);
#1685 = CARTESIAN_POINT('',(8.340016570053,-6.098879873216));
#1686 = CARTESIAN_POINT('',(8.080449144833,-6.175442548646));
#1687 = ( GEOMETRIC_REPRESENTATION_CONTEXT(2) 
PARAMETRIC_REPRESENTATION_CONTEXT() REPRESENTATION_CONTEXT('2D SPACE',''
  ) );
#1688 = PCURVE('',#1689,#1700);
#1689 = ( BOUNDED_SURFACE() B_SPLINE_SURFACE(1,4,(
    (#1690,#1691,#1692,#1693,#1694)
    ,(#1695,#1696,#1697,#1698,#1699
)),.UNSPECIFIED.,.F.,.F.,.F.) B_SPLINE_SURFACE_WITH_KNOTS((2,2),(5,5),(
    112.,113.),(0.,1.),.PIECEWISE_BEZIER_KNOTS.) 
GEOMETRIC_REPRESENTATION_ITEM() RATIONAL_B_SPLINE_SURFACE((
    (1.,1.,1.,1.,1.)
,(1.,1.,1.,1.,1.))) REPRESENTATION_ITEM('') SURFACE() );
#1690 = CARTESIAN_POINT('',(-1.940016570053,6.098879873216,0.));
#1691 = CARTESIAN_POINT('',(-1.947527559134,6.122492362326,
    3.950966311744));
#1692 = CARTESIAN_POINT('',(-1.95920946196,6.159217060003,7.915188641292
    ));
#1693 = CARTESIAN_POINT('',(-1.694081500884,5.325727485436,
    11.841097004811));
#1694 = CARTESIAN_POINT('',(-1.7005804726,5.346158469586,15.8));
#1695 = CARTESIAN_POINT('',(-1.680449144833,6.175442548646,0.));
#1696 = CARTESIAN_POINT('',(-1.686141004953,6.19635942987,3.950966311744
    ));
#1697 = CARTESIAN_POINT('',(-1.694993601608,6.228891626528,
    7.915188641292));
#1698 = CARTESIAN_POINT('',(-1.494078482165,5.490553438138,
    11.841097004811));
#1699 = CARTESIAN_POINT('',(-1.499003431134,5.508652015835,15.8));
#1700 = DEFINITIONAL_REPRESENTATION('',(#1701),#1705);
#1701 = LINE('',#1702,#1703);
#1702 = CARTESIAN_POINT('',(0.,0.));
#1703 = VECTOR('',#1704,1.);
#1704 = DIRECTION('',(1.,0.));
#1705 = ( GEOMETRIC_REPRESENTATION_CONTEXT(2) 
PARAMETRIC_REPRESENTATION_CONTEXT() REPRESENTATION_CONTEXT('2D SPACE',''
  ) );
#1706 = ORIENTED_EDGE('',*,*,#1707,.F.);
#1707 = EDGE_CURVE('',#1708,#1676,#1710,.T.);
#1708 = VERTEX_POINT('',#1709);
#1709 = CARTESIAN_POINT('',(-2.198868680208,6.010405687406,0.));
#1710 = SURFACE_CURVE('',#1711,(#1714,#1720),.PCURVE_S1.);
#1711 = B_SPLINE_CURVE_WITH_KNOTS('',1,(#1712,#1713),.UNSPECIFIED.,.F.,
  .F.,(2,2),(111.,112.),.PIECEWISE_BEZIER_KNOTS.);
#1712 = CARTESIAN_POINT('',(-2.198868680208,6.010405687406,0.));
#1713 = CARTESIAN_POINT('',(-1.940016570053,6.098879873216,0.));
#1714 = PCURVE('',#71,#1715);
#1715 = DEFINITIONAL_REPRESENTATION('',(#1716),#1719);
#1716 = B_SPLINE_CURVE_WITH_KNOTS('',1,(#1717,#1718),.UNSPECIFIED.,.F.,
  .F.,(2,2),(111.,112.),.PIECEWISE_BEZIER_KNOTS.);
#1717 = CARTESIAN_POINT('',(8.598868680208,-6.010405687406));
#1718 = CARTESIAN_POINT('',(8.340016570053,-6.098879873216));
#1719 = ( GEOMETRIC_REPRESENTATION_CONTEXT(2) 
PARAMETRIC_REPRESENTATION_CONTEXT() REPRESENTATION_CONTEXT('2D SPACE',''
  ) );
#1720 = PCURVE('',#1721,#1732);
#1721 = ( BOUNDED_SURFACE() B_SPLINE_SURFACE(1,4,(
    (#1722,#1723,#1724,#1725,#1726)
    ,(#1727,#1728,#1729,#1730,#1731
)),.UNSPECIFIED.,.F.,.F.,.F.) B_SPLINE_SURFACE_WITH_KNOTS((2,2),(5,5),(
    111.,112.),(0.,1.),.PIECEWISE_BEZIER_KNOTS.) 
GEOMETRIC_REPRESENTATION_ITEM() RATIONAL_B_SPLINE_SURFACE((
    (1.,1.,1.,1.,1.)
,(1.,1.,1.,1.,1.))) REPRESENTATION_ITEM('') SURFACE() );
#1722 = CARTESIAN_POINT('',(-2.198868680208,6.010405687406,0.));
#1723 = CARTESIAN_POINT('',(-2.208100379211,6.035639689188,
    3.950966311744));
#1724 = CARTESIAN_POINT('',(-2.222458516271,6.074886338804,
    7.915188641292));
#1725 = CARTESIAN_POINT('',(-1.896591775191,5.18415951571,
    11.841097004811));
#1726 = CARTESIAN_POINT('',(-1.904579611423,5.205993532788,15.8));
#1727 = CARTESIAN_POINT('',(-1.940016570053,6.098879873216,0.));
#1728 = CARTESIAN_POINT('',(-1.947527559134,6.122492362326,
    3.950966311744));
#1729 = CARTESIAN_POINT('',(-1.95920946196,6.159217060003,7.915188641292
    ));
#1730 = CARTESIAN_POINT('',(-1.694081500884,5.325727485436,
    11.841097004811));
#1731 = CARTESIAN_POINT('',(-1.7005804726,5.346158469586,15.8));
#1732 = DEFINITIONAL_REPRESENTATION('',(#1733),#1737);
#1733 = LINE('',#1734,#1735);
#1734 = CARTESIAN_POINT('',(0.,0.));
#1735 = VECTOR('',#1736,1.);
#1736 = DIRECTION('',(1.,0.));
#1737 = ( GEOMETRIC_REPRESENTATION_CONTEXT(2) 
PARAMETRIC_REPRESENTATION_CONTEXT() REPRESENTATION_CONTEXT('2D SPACE',''
  ) );
#1738 = ORIENTED_EDGE('',*,*,#1739,.F.);
#1739 = EDGE_CURVE('',#1740,#1708,#1742,.T.);
#1740 = VERTEX_POINT('',#1741);
#1741 = CARTESIAN_POINT('',(-2.450142253289,5.912427837923,0.));
#1742 = SURFACE_CURVE('',#1743,(#1746,#1752),.PCURVE_S1.);
#1743 = B_SPLINE_CURVE_WITH_KNOTS('',1,(#1744,#1745),.UNSPECIFIED.,.F.,
  .F.,(2,2),(110.,111.),.PIECEWISE_BEZIER_KNOTS.);
#1744 = CARTESIAN_POINT('',(-2.450142253289,5.912427837923,0.));
#1745 = CARTESIAN_POINT('',(-2.198868680208,6.010405687406,0.));
#1746 = PCURVE('',#71,#1747);
#1747 = DEFINITIONAL_REPRESENTATION('',(#1748),#1751);
#1748 = B_SPLINE_CURVE_WITH_KNOTS('',1,(#1749,#1750),.UNSPECIFIED.,.F.,
  .F.,(2,2),(110.,111.),.PIECEWISE_BEZIER_KNOTS.);
#1749 = CARTESIAN_POINT('',(8.850142253289,-5.912427837923));
#1750 = CARTESIAN_POINT('',(8.598868680208,-6.010405687406));
#1751 = ( GEOMETRIC_REPRESENTATION_CONTEXT(2) 
PARAMETRIC_REPRESENTATION_CONTEXT() REPRESENTATION_CONTEXT('2D SPACE',''
  ) );
#1752 = PCURVE('',#1753,#1764);
#1753 = ( BOUNDED_SURFACE() B_SPLINE_SURFACE(1,4,(
    (#1754,#1755,#1756,#1757,#1758)
    ,(#1759,#1760,#1761,#1762,#1763
)),.UNSPECIFIED.,.F.,.F.,.F.) B_SPLINE_SURFACE_WITH_KNOTS((2,2),(5,5),(
    110.,111.),(0.,1.),.PIECEWISE_BEZIER_KNOTS.) 
GEOMETRIC_REPRESENTATION_ITEM() RATIONAL_B_SPLINE_SURFACE((
    (1.,1.,1.,1.,1.)
,(1.,1.,1.,1.,1.))) REPRESENTATION_ITEM('') SURFACE() );
#1754 = CARTESIAN_POINT('',(-2.450142253289,5.912427837923,0.));
#1755 = CARTESIAN_POINT('',(-2.460722770836,5.937959639761,
    3.950966311744));
#1756 = CARTESIAN_POINT('',(-2.477178736422,5.977669460243,
    7.915188641292));
#1757 = CARTESIAN_POINT('',(-2.103700488185,5.076430689812,
    11.841097004811));
#1758 = CARTESIAN_POINT('',(-2.112855405539,5.098522381894,15.8));
#1759 = CARTESIAN_POINT('',(-2.198868680208,6.010405687406,0.));
#1760 = CARTESIAN_POINT('',(-2.208100379211,6.035639689188,
    3.950966311744));
#1761 = CARTESIAN_POINT('',(-2.222458516271,6.074886338804,
    7.915188641292));
#1762 = CARTESIAN_POINT('',(-1.896591775191,5.18415951571,
    11.841097004811));
#1763 = CARTESIAN_POINT('',(-1.904579611423,5.205993532788,15.8));
#1764 = DEFINITIONAL_REPRESENTATION('',(#1765),#1769);
#1765 = LINE('',#1766,#1767);
#1766 = CARTESIAN_POINT('',(0.,0.));
#1767 = VECTOR('',#1768,1.);
#1768 = DIRECTION('',(1.,0.));
#1769 = ( GEOMETRIC_REPRESENTATION_CONTEXT(2) 
PARAMETRIC_REPRESENTATION_CONTEXT() REPRESENTATION_CONTEXT('2D SPACE',''
  ) );
#1770 = ORIENTED_EDGE('',*,*,#1771,.F.);
#1771 = EDGE_CURVE('',#1772,#1740,#1774,.T.);
#1772 = VERTEX_POINT('',#1773);
#1773 = CARTESIAN_POINT('',(-2.704520029733,5.800480273975,0.));
#1774 = SURFACE_CURVE('',#1775,(#1778,#1784),.PCURVE_S1.);
#1775 = B_SPLINE_CURVE_WITH_KNOTS('',1,(#1776,#1777),.UNSPECIFIED.,.F.,
  .F.,(2,2),(109.,110.),.PIECEWISE_BEZIER_KNOTS.);
#1776 = CARTESIAN_POINT('',(-2.704520029733,5.800480273975,0.));
#1777 = CARTESIAN_POINT('',(-2.450142253289,5.912427837923,0.));
#1778 = PCURVE('',#71,#1779);
#1779 = DEFINITIONAL_REPRESENTATION('',(#1780),#1783);
#1780 = B_SPLINE_CURVE_WITH_KNOTS('',1,(#1781,#1782),.UNSPECIFIED.,.F.,
  .F.,(2,2),(109.,110.),.PIECEWISE_BEZIER_KNOTS.);
#1781 = CARTESIAN_POINT('',(9.104520029733,-5.800480273975));
#1782 = CARTESIAN_POINT('',(8.850142253289,-5.912427837923));
#1783 = ( GEOMETRIC_REPRESENTATION_CONTEXT(2) 
PARAMETRIC_REPRESENTATION_CONTEXT() REPRESENTATION_CONTEXT('2D SPACE',''
  ) );
#1784 = PCURVE('',#1785,#1796);
#1785 = ( BOUNDED_SURFACE() B_SPLINE_SURFACE(1,4,(
    (#1786,#1787,#1788,#1789,#1790)
    ,(#1791,#1792,#1793,#1794,#1795
)),.UNSPECIFIED.,.F.,.F.,.F.) B_SPLINE_SURFACE_WITH_KNOTS((2,2),(5,5),(
    109.,110.),(0.,1.),.PIECEWISE_BEZIER_KNOTS.) 
GEOMETRIC_REPRESENTATION_ITEM() RATIONAL_B_SPLINE_SURFACE((
    (1.,1.,1.,1.,1.)
,(1.,1.,1.,1.,1.))) REPRESENTATION_ITEM('') SURFACE() );
#1786 = CARTESIAN_POINT('',(-2.704520029733,5.800480273975,0.));
#1787 = CARTESIAN_POINT('',(-2.715875953707,5.824835727912,
    3.950966311744));
#1788 = CARTESIAN_POINT('',(-2.733537915259,5.86271596487,7.915188641292
    ));
#1789 = CARTESIAN_POINT('',(-2.33268884771,5.003000716471,
    11.841097004811));
#1790 = CARTESIAN_POINT('',(-2.342514694602,5.024074559684,15.8));
#1791 = CARTESIAN_POINT('',(-2.450142253289,5.912427837923,0.));
#1792 = CARTESIAN_POINT('',(-2.460722770836,5.937959639761,
    3.950966311744));
#1793 = CARTESIAN_POINT('',(-2.477178736422,5.977669460243,
    7.915188641292));
#1794 = CARTESIAN_POINT('',(-2.103700488185,5.076430689812,
    11.841097004811));
#1795 = CARTESIAN_POINT('',(-2.112855405539,5.098522381894,15.8));
#1796 = DEFINITIONAL_REPRESENTATION('',(#1797),#1801);
#1797 = LINE('',#1798,#1799);
#1798 = CARTESIAN_POINT('',(0.,0.));
#1799 = VECTOR('',#1800,1.);
#1800 = DIRECTION('',(1.,0.));
#1801 = ( GEOMETRIC_REPRESENTATION_CONTEXT(2) 
PARAMETRIC_REPRESENTATION_CONTEXT() REPRESENTATION_CONTEXT('2D SPACE',''
  ) );
#1802 = ORIENTED_EDGE('',*,*,#1803,.F.);
#1803 = EDGE_CURVE('',#1804,#1772,#1806,.T.);
#1804 = VERTEX_POINT('',#1805);
#1805 = CARTESIAN_POINT('',(-2.955572010228,5.676671039646,0.));
#1806 = SURFACE_CURVE('',#1807,(#1810,#1816),.PCURVE_S1.);
#1807 = B_SPLINE_CURVE_WITH_KNOTS('',1,(#1808,#1809),.UNSPECIFIED.,.F.,
  .F.,(2,2),(108.,109.),.PIECEWISE_BEZIER_KNOTS.);
#1808 = CARTESIAN_POINT('',(-2.955572010228,5.676671039646,0.));
#1809 = CARTESIAN_POINT('',(-2.704520029733,5.800480273975,0.));
#1810 = PCURVE('',#71,#1811);
#1811 = DEFINITIONAL_REPRESENTATION('',(#1812),#1815);
#1812 = B_SPLINE_CURVE_WITH_KNOTS('',1,(#1813,#1814),.UNSPECIFIED.,.F.,
  .F.,(2,2),(108.,109.),.PIECEWISE_BEZIER_KNOTS.);
#1813 = CARTESIAN_POINT('',(9.355572010228,-5.676671039646));
#1814 = CARTESIAN_POINT('',(9.104520029733,-5.800480273975));
#1815 = ( GEOMETRIC_REPRESENTATION_CONTEXT(2) 
PARAMETRIC_REPRESENTATION_CONTEXT() REPRESENTATION_CONTEXT('2D SPACE',''
  ) );
#1816 = PCURVE('',#1817,#1828);
#1817 = ( BOUNDED_SURFACE() B_SPLINE_SURFACE(1,4,(
    (#1818,#1819,#1820,#1821,#1822)
    ,(#1823,#1824,#1825,#1826,#1827
)),.UNSPECIFIED.,.F.,.F.,.F.) B_SPLINE_SURFACE_WITH_KNOTS((2,2),(5,5),(
    108.,109.),(0.,1.),.PIECEWISE_BEZIER_KNOTS.) 
GEOMETRIC_REPRESENTATION_ITEM() RATIONAL_B_SPLINE_SURFACE((
    (1.,1.,1.,1.,1.)
,(1.,1.,1.,1.,1.))) REPRESENTATION_ITEM('') SURFACE() );
#1818 = CARTESIAN_POINT('',(-2.955572010228,5.676671039646,0.));
#1819 = CARTESIAN_POINT('',(-2.967017607406,5.698654225915,
    3.950966311744));
#1820 = CARTESIAN_POINT('',(-2.984819038427,5.732844855543,
    7.915188641292));
#1821 = CARTESIAN_POINT('',(-2.580804625613,4.956867512111,
    11.841097004811));
#1822 = CARTESIAN_POINT('',(-2.5907080633,4.9758887228,15.8));
#1823 = CARTESIAN_POINT('',(-2.704520029733,5.800480273975,0.));
#1824 = CARTESIAN_POINT('',(-2.715875953707,5.824835727912,
    3.950966311744));
#1825 = CARTESIAN_POINT('',(-2.733537915259,5.86271596487,7.915188641292
    ));
#1826 = CARTESIAN_POINT('',(-2.33268884771,5.003000716471,
    11.841097004811));
#1827 = CARTESIAN_POINT('',(-2.342514694602,5.024074559684,15.8));
#1828 = DEFINITIONAL_REPRESENTATION('',(#1829),#1833);
#1829 = LINE('',#1830,#1831);
#1830 = CARTESIAN_POINT('',(0.,0.));
#1831 = VECTOR('',#1832,1.);
#1832 = DIRECTION('',(1.,0.));
#1833 = ( GEOMETRIC_REPRESENTATION_CONTEXT(2) 
PARAMETRIC_REPRESENTATION_CONTEXT() REPRESENTATION_CONTEXT('2D SPACE',''
  ) );
#1834 = ORIENTED_EDGE('',*,*,#1835,.F.);
#1835 = EDGE_CURVE('',#1836,#1804,#1838,.T.);
#1836 = VERTEX_POINT('',#1837);
#1837 = CARTESIAN_POINT('',(-3.196754753532,5.544434961813,0.));
#1838 = SURFACE_CURVE('',#1839,(#1842,#1848),.PCURVE_S1.);
#1839 = B_SPLINE_CURVE_WITH_KNOTS('',1,(#1840,#1841),.UNSPECIFIED.,.F.,
  .F.,(2,2),(107.,108.),.PIECEWISE_BEZIER_KNOTS.);
#1840 = CARTESIAN_POINT('',(-3.196754753532,5.544434961813,0.));
#1841 = CARTESIAN_POINT('',(-2.955572010228,5.676671039646,0.));
#1842 = PCURVE('',#71,#1843);
#1843 = DEFINITIONAL_REPRESENTATION('',(#1844),#1847);
#1844 = B_SPLINE_CURVE_WITH_KNOTS('',1,(#1845,#1846),.UNSPECIFIED.,.F.,
  .F.,(2,2),(107.,108.),.PIECEWISE_BEZIER_KNOTS.);
#1845 = CARTESIAN_POINT('',(9.596754753532,-5.544434961813));
#1846 = CARTESIAN_POINT('',(9.355572010228,-5.676671039646));
#1847 = ( GEOMETRIC_REPRESENTATION_CONTEXT(2) 
PARAMETRIC_REPRESENTATION_CONTEXT() REPRESENTATION_CONTEXT('2D SPACE',''
  ) );
#1848 = PCURVE('',#1849,#1860);
#1849 = ( BOUNDED_SURFACE() B_SPLINE_SURFACE(1,4,(
    (#1850,#1851,#1852,#1853,#1854)
    ,(#1855,#1856,#1857,#1858,#1859
)),.UNSPECIFIED.,.F.,.F.,.F.) B_SPLINE_SURFACE_WITH_KNOTS((2,2),(5,5),(
    107.,108.),(0.,1.),.PIECEWISE_BEZIER_KNOTS.) 
GEOMETRIC_REPRESENTATION_ITEM() RATIONAL_B_SPLINE_SURFACE((
    (1.,1.,1.,1.,1.)
,(1.,1.,1.,1.,1.))) REPRESENTATION_ITEM('') SURFACE() );
#1850 = CARTESIAN_POINT('',(-3.196754753532,5.544434961813,0.));
#1851 = CARTESIAN_POINT('',(-3.207586664063,5.563221771587,
    3.950966311744));
#1852 = CARTESIAN_POINT('',(-3.224433623215,5.592441050677,
    7.915188641292));
#1853 = CARTESIAN_POINT('',(-2.842081535797,4.929291561696,
    11.841097004811));
#1854 = CARTESIAN_POINT('',(-2.851453973889,4.945547069998,15.8));
#1855 = CARTESIAN_POINT('',(-2.955572010228,5.676671039646,0.));
#1856 = CARTESIAN_POINT('',(-2.967017607406,5.698654225915,
    3.950966311744));
#1857 = CARTESIAN_POINT('',(-2.984819038427,5.732844855543,
    7.915188641292));
#1858 = CARTESIAN_POINT('',(-2.580804625613,4.956867512111,
    11.841097004811));
#1859 = CARTESIAN_POINT('',(-2.5907080633,4.9758887228,15.8));
#1860 = DEFINITIONAL_REPRESENTATION('',(#1861),#1865);
#1861 = LINE('',#1862,#1863);
#1862 = CARTESIAN_POINT('',(0.,0.));
#1863 = VECTOR('',#1864,1.);
#1864 = DIRECTION('',(1.,0.));
#1865 = ( GEOMETRIC_REPRESENTATION_CONTEXT(2) 
PARAMETRIC_REPRESENTATION_CONTEXT() REPRESENTATION_CONTEXT('2D SPACE',''
  ) );
#1866 = ORIENTED_EDGE('',*,*,#1867,.F.);
#1867 = EDGE_CURVE('',#1868,#1836,#1870,.T.);
#1868 = VERTEX_POINT('',#1869);
#1869 = CARTESIAN_POINT('',(-3.424205914476,5.406922771343,0.));
#1870 = SURFACE_CURVE('',#1871,(#1874,#1880),.PCURVE_S1.);
#1871 = B_SPLINE_CURVE_WITH_KNOTS('',1,(#1872,#1873),.UNSPECIFIED.,.F.,
  .F.,(2,2),(106.,107.),.PIECEWISE_BEZIER_KNOTS.);
#1872 = CARTESIAN_POINT('',(-3.424205914476,5.406922771343,0.));
#1873 = CARTESIAN_POINT('',(-3.196754753532,5.544434961813,0.));
#1874 = PCURVE('',#71,#1875);
#1875 = DEFINITIONAL_REPRESENTATION('',(#1876),#1879);
#1876 = B_SPLINE_CURVE_WITH_KNOTS('',1,(#1877,#1878),.UNSPECIFIED.,.F.,
  .F.,(2,2),(106.,107.),.PIECEWISE_BEZIER_KNOTS.);
#1877 = CARTESIAN_POINT('',(9.824205914476,-5.406922771343));
#1878 = CARTESIAN_POINT('',(9.596754753532,-5.544434961813));
#1879 = ( GEOMETRIC_REPRESENTATION_CONTEXT(2) 
PARAMETRIC_REPRESENTATION_CONTEXT() REPRESENTATION_CONTEXT('2D SPACE',''
  ) );
#1880 = PCURVE('',#1881,#1892);
#1881 = ( BOUNDED_SURFACE() B_SPLINE_SURFACE(1,4,(
    (#1882,#1883,#1884,#1885,#1886)
    ,(#1887,#1888,#1889,#1890,#1891
)),.UNSPECIFIED.,.F.,.F.,.F.) B_SPLINE_SURFACE_WITH_KNOTS((2,2),(5,5),(
    106.,107.),(0.,1.),.PIECEWISE_BEZIER_KNOTS.) 
GEOMETRIC_REPRESENTATION_ITEM() RATIONAL_B_SPLINE_SURFACE((
    (1.,1.,1.,1.,1.)
,(1.,1.,1.,1.,1.))) REPRESENTATION_ITEM('') SURFACE() );
#1882 = CARTESIAN_POINT('',(-3.424205914476,5.406922771343,0.));
#1883 = CARTESIAN_POINT('',(-3.433787256506,5.422051994789,
    3.950966311744));
#1884 = CARTESIAN_POINT('',(-3.448689196228,5.445582599908,
    7.915188641292));
#1885 = CARTESIAN_POINT('',(-3.110480519647,4.91154106136,
    11.841097004811));
#1886 = CARTESIAN_POINT('',(-3.118770888623,4.924631800036,15.8));
#1887 = CARTESIAN_POINT('',(-3.196754753532,5.544434961813,0.));
#1888 = CARTESIAN_POINT('',(-3.207586664063,5.563221771587,
    3.950966311744));
#1889 = CARTESIAN_POINT('',(-3.224433623215,5.592441050677,
    7.915188641292));
#1890 = CARTESIAN_POINT('',(-2.842081535797,4.929291561696,
    11.841097004811));
#1891 = CARTESIAN_POINT('',(-2.851453973889,4.945547069998,15.8));
#1892 = DEFINITIONAL_REPRESENTATION('',(#1893),#1897);
#1893 = LINE('',#1894,#1895);
#1894 = CARTESIAN_POINT('',(0.,0.));
#1895 = VECTOR('',#1896,1.);
#1896 = DIRECTION('',(1.,0.));
#1897 = ( GEOMETRIC_REPRESENTATION_CONTEXT(2) 
PARAMETRIC_REPRESENTATION_CONTEXT() REPRESENTATION_CONTEXT('2D SPACE',''
  ) );
#1898 = ORIENTED_EDGE('',*,*,#1899,.F.);
#1899 = EDGE_CURVE('',#1900,#1868,#1902,.T.);
#1900 = VERTEX_POINT('',#1901);
#1901 = CARTESIAN_POINT('',(-3.636479746012,5.266499317084,0.));
#1902 = SURFACE_CURVE('',#1903,(#1906,#1912),.PCURVE_S1.);
#1903 = B_SPLINE_CURVE_WITH_KNOTS('',1,(#1904,#1905),.UNSPECIFIED.,.F.,
  .F.,(2,2),(105.,106.),.PIECEWISE_BEZIER_KNOTS.);
#1904 = CARTESIAN_POINT('',(-3.636479746012,5.266499317084,0.));
#1905 = CARTESIAN_POINT('',(-3.424205914476,5.406922771343,0.));
#1906 = PCURVE('',#71,#1907);
#1907 = DEFINITIONAL_REPRESENTATION('',(#1908),#1911);
#1908 = B_SPLINE_CURVE_WITH_KNOTS('',1,(#1909,#1910),.UNSPECIFIED.,.F.,
  .F.,(2,2),(105.,106.),.PIECEWISE_BEZIER_KNOTS.);
#1909 = CARTESIAN_POINT('',(10.036479746012,-5.266499317084));
#1910 = CARTESIAN_POINT('',(9.824205914476,-5.406922771343));
#1911 = ( GEOMETRIC_REPRESENTATION_CONTEXT(2) 
PARAMETRIC_REPRESENTATION_CONTEXT() REPRESENTATION_CONTEXT('2D SPACE',''
  ) );
#1912 = PCURVE('',#1913,#1924);
#1913 = ( BOUNDED_SURFACE() B_SPLINE_SURFACE(1,4,(
    (#1914,#1915,#1916,#1917,#1918)
    ,(#1919,#1920,#1921,#1922,#1923
)),.UNSPECIFIED.,.F.,.F.,.F.) B_SPLINE_SURFACE_WITH_KNOTS((2,2),(5,5),(
    105.,106.),(0.,1.),.PIECEWISE_BEZIER_KNOTS.) 
GEOMETRIC_REPRESENTATION_ITEM() RATIONAL_B_SPLINE_SURFACE((
    (1.,1.,1.,1.,1.)
,(1.,1.,1.,1.,1.))) REPRESENTATION_ITEM('') SURFACE() );
#1914 = CARTESIAN_POINT('',(-3.636479746012,5.266499317084,0.));
#1915 = CARTESIAN_POINT('',(-3.644315923145,5.277847990636,
    3.950966311744));
#1916 = CARTESIAN_POINT('',(-3.65650359361,5.295498675547,7.915188641292
    ));
#1917 = CARTESIAN_POINT('',(-3.379896925251,4.894905538293,
    11.841097004811));
#1918 = CARTESIAN_POINT('',(-3.386677269756,4.904725111672,15.8));
#1919 = CARTESIAN_POINT('',(-3.424205914476,5.406922771343,0.));
#1920 = CARTESIAN_POINT('',(-3.433787256506,5.422051994789,
    3.950966311744));
#1921 = CARTESIAN_POINT('',(-3.448689196228,5.445582599908,
    7.915188641292));
#1922 = CARTESIAN_POINT('',(-3.110480519647,4.91154106136,
    11.841097004811));
#1923 = CARTESIAN_POINT('',(-3.118770888623,4.924631800036,15.8));
#1924 = DEFINITIONAL_REPRESENTATION('',(#1925),#1929);
#1925 = LINE('',#1926,#1927);
#1926 = CARTESIAN_POINT('',(0.,0.));
#1927 = VECTOR('',#1928,1.);
#1928 = DIRECTION('',(1.,0.));
#1929 = ( GEOMETRIC_REPRESENTATION_CONTEXT(2) 
PARAMETRIC_REPRESENTATION_CONTEXT() REPRESENTATION_CONTEXT('2D SPACE',''
  ) );
#1930 = ORIENTED_EDGE('',*,*,#1931,.F.);
#1931 = EDGE_CURVE('',#1932,#1900,#1934,.T.);
#1932 = VERTEX_POINT('',#1933);
#1933 = CARTESIAN_POINT('',(-3.834036191796,5.124467433793,0.));
#1934 = SURFACE_CURVE('',#1935,(#1938,#1944),.PCURVE_S1.);
#1935 = B_SPLINE_CURVE_WITH_KNOTS('',1,(#1936,#1937),.UNSPECIFIED.,.F.,
  .F.,(2,2),(104.,105.),.PIECEWISE_BEZIER_KNOTS.);
#1936 = CARTESIAN_POINT('',(-3.834036191796,5.124467433793,0.));
#1937 = CARTESIAN_POINT('',(-3.636479746012,5.266499317084,0.));
#1938 = PCURVE('',#71,#1939);
#1939 = DEFINITIONAL_REPRESENTATION('',(#1940),#1943);
#1940 = B_SPLINE_CURVE_WITH_KNOTS('',1,(#1941,#1942),.UNSPECIFIED.,.F.,
  .F.,(2,2),(104.,105.),.PIECEWISE_BEZIER_KNOTS.);
#1941 = CARTESIAN_POINT('',(10.234036191796,-5.124467433793));
#1942 = CARTESIAN_POINT('',(10.036479746012,-5.266499317084));
#1943 = ( GEOMETRIC_REPRESENTATION_CONTEXT(2) 
PARAMETRIC_REPRESENTATION_CONTEXT() REPRESENTATION_CONTEXT('2D SPACE',''
  ) );
#1944 = PCURVE('',#1945,#1956);
#1945 = ( BOUNDED_SURFACE() B_SPLINE_SURFACE(1,4,(
    (#1946,#1947,#1948,#1949,#1950)
    ,(#1951,#1952,#1953,#1954,#1955
)),.UNSPECIFIED.,.F.,.F.,.F.) B_SPLINE_SURFACE_WITH_KNOTS((2,2),(5,5),(
    104.,105.),(0.,1.),.PIECEWISE_BEZIER_KNOTS.) 
GEOMETRIC_REPRESENTATION_ITEM() RATIONAL_B_SPLINE_SURFACE((
    (1.,1.,1.,1.,1.)
,(1.,1.,1.,1.,1.))) REPRESENTATION_ITEM('') SURFACE() );
#1946 = CARTESIAN_POINT('',(-3.834036191796,5.124467433793,0.));
#1947 = CARTESIAN_POINT('',(-3.839834673641,5.132217525314,
    3.950966311744));
#1948 = CARTESIAN_POINT('',(-3.84885309994,5.144271306124,7.915188641292
    ));
#1949 = CARTESIAN_POINT('',(-3.644174374871,4.870703345745,
    11.841097004811));
#1950 = CARTESIAN_POINT('',(-3.649191579544,4.877409203663,15.8));
#1951 = CARTESIAN_POINT('',(-3.636479746012,5.266499317084,0.));
#1952 = CARTESIAN_POINT('',(-3.644315923145,5.277847990636,
    3.950966311744));
#1953 = CARTESIAN_POINT('',(-3.65650359361,5.295498675547,7.915188641292
    ));
#1954 = CARTESIAN_POINT('',(-3.379896925251,4.894905538293,
    11.841097004811));
#1955 = CARTESIAN_POINT('',(-3.386677269756,4.904725111672,15.8));
#1956 = DEFINITIONAL_REPRESENTATION('',(#1957),#1961);
#1957 = LINE('',#1958,#1959);
#1958 = CARTESIAN_POINT('',(0.,0.));
#1959 = VECTOR('',#1960,1.);
#1960 = DIRECTION('',(1.,0.));
#1961 = ( GEOMETRIC_REPRESENTATION_CONTEXT(2) 
PARAMETRIC_REPRESENTATION_CONTEXT() REPRESENTATION_CONTEXT('2D SPACE',''
  ) );
#1962 = ORIENTED_EDGE('',*,*,#1963,.F.);
#1963 = EDGE_CURVE('',#1964,#1932,#1966,.T.);
#1964 = VERTEX_POINT('',#1965);
#1965 = CARTESIAN_POINT('',(-4.018695936325,4.980972091004,0.));
#1966 = SURFACE_CURVE('',#1967,(#1970,#1976),.PCURVE_S1.);
#1967 = B_SPLINE_CURVE_WITH_KNOTS('',1,(#1968,#1969),.UNSPECIFIED.,.F.,
  .F.,(2,2),(103.,104.),.PIECEWISE_BEZIER_KNOTS.);
#1968 = CARTESIAN_POINT('',(-4.018695936325,4.980972091004,0.));
#1969 = CARTESIAN_POINT('',(-3.834036191796,5.124467433793,0.));
#1970 = PCURVE('',#71,#1971);
#1971 = DEFINITIONAL_REPRESENTATION('',(#1972),#1975);
#1972 = B_SPLINE_CURVE_WITH_KNOTS('',1,(#1973,#1974),.UNSPECIFIED.,.F.,
  .F.,(2,2),(103.,104.),.PIECEWISE_BEZIER_KNOTS.);
#1973 = CARTESIAN_POINT('',(10.418695936325,-4.980972091004));
#1974 = CARTESIAN_POINT('',(10.234036191796,-5.124467433793));
#1975 = ( GEOMETRIC_REPRESENTATION_CONTEXT(2) 
PARAMETRIC_REPRESENTATION_CONTEXT() REPRESENTATION_CONTEXT('2D SPACE',''
  ) );
#1976 = PCURVE('',#1977,#1988);
#1977 = ( BOUNDED_SURFACE() B_SPLINE_SURFACE(1,4,(
    (#1978,#1979,#1980,#1981,#1982)
    ,(#1983,#1984,#1985,#1986,#1987
)),.UNSPECIFIED.,.F.,.F.,.F.) B_SPLINE_SURFACE_WITH_KNOTS((2,2),(5,5),(
    103.,104.),(0.,1.),.PIECEWISE_BEZIER_KNOTS.) 
GEOMETRIC_REPRESENTATION_ITEM() RATIONAL_B_SPLINE_SURFACE((
    (1.,1.,1.,1.,1.)
,(1.,1.,1.,1.,1.))) REPRESENTATION_ITEM('') SURFACE() );
#1978 = CARTESIAN_POINT('',(-4.018695936325,4.980972091004,0.));
#1979 = CARTESIAN_POINT('',(-4.022408944255,4.98557417814,3.950966311744
    ));
#1980 = CARTESIAN_POINT('',(-4.028183815893,4.992731841949,
    7.915188641292));
#1981 = CARTESIAN_POINT('',(-3.897119556422,4.8302842647,11.841097004811
    ));
#1982 = CARTESIAN_POINT('',(-3.90033228024,4.834266274766,15.8));
#1983 = CARTESIAN_POINT('',(-3.834036191796,5.124467433793,0.));
#1984 = CARTESIAN_POINT('',(-3.839834673641,5.132217525314,
    3.950966311744));
#1985 = CARTESIAN_POINT('',(-3.84885309994,5.144271306124,7.915188641292
    ));
#1986 = CARTESIAN_POINT('',(-3.644174374871,4.870703345745,
    11.841097004811));
#1987 = CARTESIAN_POINT('',(-3.649191579544,4.877409203663,15.8));
#1988 = DEFINITIONAL_REPRESENTATION('',(#1989),#1993);
#1989 = LINE('',#1990,#1991);
#1990 = CARTESIAN_POINT('',(0.,0.));
#1991 = VECTOR('',#1992,1.);
#1992 = DIRECTION('',(1.,0.));
#1993 = ( GEOMETRIC_REPRESENTATION_CONTEXT(2) 
PARAMETRIC_REPRESENTATION_CONTEXT() REPRESENTATION_CONTEXT('2D SPACE',''
  ) );
#1994 = ORIENTED_EDGE('',*,*,#1995,.F.);
#1995 = EDGE_CURVE('',#1996,#1964,#1998,.T.);
#1996 = VERTEX_POINT('',#1997);
#1997 = CARTESIAN_POINT('',(-4.193190426983,4.834992662151,0.));
#1998 = SURFACE_CURVE('',#1999,(#2002,#2008),.PCURVE_S1.);
#1999 = B_SPLINE_CURVE_WITH_KNOTS('',1,(#2000,#2001),.UNSPECIFIED.,.F.,
  .F.,(2,2),(102.,103.),.PIECEWISE_BEZIER_KNOTS.);
#2000 = CARTESIAN_POINT('',(-4.193190426983,4.834992662151,0.));
#2001 = CARTESIAN_POINT('',(-4.018695936325,4.980972091004,0.));
#2002 = PCURVE('',#71,#2003);
#2003 = DEFINITIONAL_REPRESENTATION('',(#2004),#2007);
#2004 = B_SPLINE_CURVE_WITH_KNOTS('',1,(#2005,#2006),.UNSPECIFIED.,.F.,
  .F.,(2,2),(102.,103.),.PIECEWISE_BEZIER_KNOTS.);
#2005 = CARTESIAN_POINT('',(10.593190426983,-4.834992662151));
#2006 = CARTESIAN_POINT('',(10.418695936325,-4.980972091004));
#2007 = ( GEOMETRIC_REPRESENTATION_CONTEXT(2) 
PARAMETRIC_REPRESENTATION_CONTEXT() REPRESENTATION_CONTEXT('2D SPACE',''
  ) );
#2008 = PCURVE('',#2009,#2020);
#2009 = ( BOUNDED_SURFACE() B_SPLINE_SURFACE(1,4,(
    (#2010,#2011,#2012,#2013,#2014)
    ,(#2015,#2016,#2017,#2018,#2019
)),.UNSPECIFIED.,.F.,.F.,.F.) B_SPLINE_SURFACE_WITH_KNOTS((2,2),(5,5),(
    102.,103.),(0.,1.),.PIECEWISE_BEZIER_KNOTS.) 
GEOMETRIC_REPRESENTATION_ITEM() RATIONAL_B_SPLINE_SURFACE((
    (1.,1.,1.,1.,1.)
,(1.,1.,1.,1.,1.))) REPRESENTATION_ITEM('') SURFACE() );
#2010 = CARTESIAN_POINT('',(-4.193190426983,4.834992662151,0.));
#2011 = CARTESIAN_POINT('',(-4.195043504296,4.837129368167,
    3.950966311744));
#2012 = CARTESIAN_POINT('',(-4.197925610617,4.840452604531,
    7.915188641292));
#2013 = CARTESIAN_POINT('',(-4.132514437141,4.765029713708,
    11.841097004811));
#2014 = CARTESIAN_POINT('',(-4.134117834099,4.76687852374,15.8));
#2015 = CARTESIAN_POINT('',(-4.018695936325,4.980972091004,0.));
#2016 = CARTESIAN_POINT('',(-4.022408944255,4.98557417814,3.950966311744
    ));
#2017 = CARTESIAN_POINT('',(-4.028183815893,4.992731841949,
    7.915188641292));
#2018 = CARTESIAN_POINT('',(-3.897119556422,4.8302842647,11.841097004811
    ));
#2019 = CARTESIAN_POINT('',(-3.90033228024,4.834266274766,15.8));
#2020 = DEFINITIONAL_REPRESENTATION('',(#2021),#2025);
#2021 = LINE('',#2022,#2023);
#2022 = CARTESIAN_POINT('',(0.,0.));
#2023 = VECTOR('',#2024,1.);
#2024 = DIRECTION('',(1.,0.));
#2025 = ( GEOMETRIC_REPRESENTATION_CONTEXT(2) 
PARAMETRIC_REPRESENTATION_CONTEXT() REPRESENTATION_CONTEXT('2D SPACE',''
  ) );
#2026 = ORIENTED_EDGE('',*,*,#2027,.F.);
#2027 = EDGE_CURVE('',#2028,#1996,#2030,.T.);
#2028 = VERTEX_POINT('',#2029);
#2029 = CARTESIAN_POINT('',(-4.360857465415,4.684327290693,0.));
#2030 = SURFACE_CURVE('',#2031,(#2034,#2040),.PCURVE_S1.);
#2031 = B_SPLINE_CURVE_WITH_KNOTS('',1,(#2032,#2033),.UNSPECIFIED.,.F.,
  .F.,(2,2),(101.,102.),.PIECEWISE_BEZIER_KNOTS.);
#2032 = CARTESIAN_POINT('',(-4.360857465415,4.684327290693,0.));
#2033 = CARTESIAN_POINT('',(-4.193190426983,4.834992662151,0.));
#2034 = PCURVE('',#71,#2035);
#2035 = DEFINITIONAL_REPRESENTATION('',(#2036),#2039);
#2036 = B_SPLINE_CURVE_WITH_KNOTS('',1,(#2037,#2038),.UNSPECIFIED.,.F.,
  .F.,(2,2),(101.,102.),.PIECEWISE_BEZIER_KNOTS.);
#2037 = CARTESIAN_POINT('',(10.760857465415,-4.684327290693));
#2038 = CARTESIAN_POINT('',(10.593190426983,-4.834992662151));
#2039 = ( GEOMETRIC_REPRESENTATION_CONTEXT(2) 
PARAMETRIC_REPRESENTATION_CONTEXT() REPRESENTATION_CONTEXT('2D SPACE',''
  ) );
#2040 = PCURVE('',#2041,#2052);
#2041 = ( BOUNDED_SURFACE() B_SPLINE_SURFACE(1,4,(
    (#2042,#2043,#2044,#2045,#2046)
    ,(#2047,#2048,#2049,#2050,#2051
)),.UNSPECIFIED.,.F.,.F.,.F.) B_SPLINE_SURFACE_WITH_KNOTS((2,2),(5,5),(
    101.,102.),(0.,1.),.PIECEWISE_BEZIER_KNOTS.) 
GEOMETRIC_REPRESENTATION_ITEM() RATIONAL_B_SPLINE_SURFACE((
    (1.,1.,1.,1.,1.)
,(1.,1.,1.,1.,1.))) REPRESENTATION_ITEM('') SURFACE() );
#2042 = CARTESIAN_POINT('',(-4.360857465415,4.684327290693,0.));
#2043 = CARTESIAN_POINT('',(-4.361368498368,4.684876229892,
    3.950966311744));
#2044 = CARTESIAN_POINT('',(-4.362163312104,4.685729999524,
    7.915188641292));
#2045 = CARTESIAN_POINT('',(-4.344124526099,4.666353173237,
    11.841097004811));
#2046 = CARTESIAN_POINT('',(-4.344566703377,4.666828149341,15.8));
#2047 = CARTESIAN_POINT('',(-4.193190426983,4.834992662151,0.));
#2048 = CARTESIAN_POINT('',(-4.195043504296,4.837129368167,
    3.950966311744));
#2049 = CARTESIAN_POINT('',(-4.197925610617,4.840452604531,
    7.915188641292));
#2050 = CARTESIAN_POINT('',(-4.132514437141,4.765029713708,
    11.841097004811));
#2051 = CARTESIAN_POINT('',(-4.134117834099,4.76687852374,15.8));
#2052 = DEFINITIONAL_REPRESENTATION('',(#2053),#2057);
#2053 = LINE('',#2054,#2055);
#2054 = CARTESIAN_POINT('',(0.,0.));
#2055 = VECTOR('',#2056,1.);
#2056 = DIRECTION('',(1.,0.));
#2057 = ( GEOMETRIC_REPRESENTATION_CONTEXT(2) 
PARAMETRIC_REPRESENTATION_CONTEXT() REPRESENTATION_CONTEXT('2D SPACE',''
  ) );
#2058 = ORIENTED_EDGE('',*,*,#2059,.F.);
#2059 = EDGE_CURVE('',#2060,#2028,#2062,.T.);
#2060 = VERTEX_POINT('',#2061);
#2061 = CARTESIAN_POINT('',(-4.525483399594,4.525483399594,0.));
#2062 = SURFACE_CURVE('',#2063,(#2066,#2072),.PCURVE_S1.);
#2063 = B_SPLINE_CURVE_WITH_KNOTS('',1,(#2064,#2065),.UNSPECIFIED.,.F.,
  .F.,(2,2),(100.,101.),.PIECEWISE_BEZIER_KNOTS.);
#2064 = CARTESIAN_POINT('',(-4.525483399594,4.525483399594,0.));
#2065 = CARTESIAN_POINT('',(-4.360857465415,4.684327290693,0.));
#2066 = PCURVE('',#71,#2067);
#2067 = DEFINITIONAL_REPRESENTATION('',(#2068),#2071);
#2068 = B_SPLINE_CURVE_WITH_KNOTS('',1,(#2069,#2070),.UNSPECIFIED.,.F.,
  .F.,(2,2),(100.,101.),.PIECEWISE_BEZIER_KNOTS.);
#2069 = CARTESIAN_POINT('',(10.925483399594,-4.525483399594));
#2070 = CARTESIAN_POINT('',(10.760857465415,-4.684327290693));
#2071 = ( GEOMETRIC_REPRESENTATION_CONTEXT(2) 
PARAMETRIC_REPRESENTATION_CONTEXT() REPRESENTATION_CONTEXT('2D SPACE',''
  ) );
#2072 = PCURVE('',#2073,#2084);
#2073 = ( BOUNDED_SURFACE() B_SPLINE_SURFACE(1,4,(
    (#2074,#2075,#2076,#2077,#2078)
    ,(#2079,#2080,#2081,#2082,#2083
)),.UNSPECIFIED.,.F.,.F.,.F.) B_SPLINE_SURFACE_WITH_KNOTS((2,2),(5,5),(
    100.,101.),(0.,1.),.PIECEWISE_BEZIER_KNOTS.) 
GEOMETRIC_REPRESENTATION_ITEM() RATIONAL_B_SPLINE_SURFACE((
    (1.,1.,1.,1.,1.)
,(1.,1.,1.,1.,1.))) REPRESENTATION_ITEM('') SURFACE() );
#2074 = CARTESIAN_POINT('',(-4.525483399594,4.525483399594,0.));
#2075 = CARTESIAN_POINT('',(-4.525476688068,4.525476688068,
    3.950966311744));
#2076 = CARTESIAN_POINT('',(-4.525466249576,4.525466249576,
    7.915188641292));
#2077 = CARTESIAN_POINT('',(-4.525703157554,4.525703157554,
    11.841097004811));
#2078 = CARTESIAN_POINT('',(-4.525697350327,4.525697350327,15.8));
#2079 = CARTESIAN_POINT('',(-4.360857465415,4.684327290693,0.));
#2080 = CARTESIAN_POINT('',(-4.361368498368,4.684876229892,
    3.950966311744));
#2081 = CARTESIAN_POINT('',(-4.362163312104,4.685729999524,
    7.915188641292));
#2082 = CARTESIAN_POINT('',(-4.344124526099,4.666353173237,
    11.841097004811));
#2083 = CARTESIAN_POINT('',(-4.344566703377,4.666828149341,15.8));
#2084 = DEFINITIONAL_REPRESENTATION('',(#2085),#2089);
#2085 = LINE('',#2086,#2087);
#2086 = CARTESIAN_POINT('',(0.,0.));
#2087 = VECTOR('',#2088,1.);
#2088 = DIRECTION('',(1.,0.));
#2089 = ( GEOMETRIC_REPRESENTATION_CONTEXT(2) 
PARAMETRIC_REPRESENTATION_CONTEXT() REPRESENTATION_CONTEXT('2D SPACE',''
  ) );
#2090 = ORIENTED_EDGE('',*,*,#2091,.F.);
#2091 = EDGE_CURVE('',#2092,#2060,#2094,.T.);
#2092 = VERTEX_POINT('',#2093);
#2093 = CARTESIAN_POINT('',(-4.684327936954,4.360856771218,0.));
#2094 = SURFACE_CURVE('',#2095,(#2098,#2104),.PCURVE_S1.);
#2095 = B_SPLINE_CURVE_WITH_KNOTS('',1,(#2096,#2097),.UNSPECIFIED.,.F.,
  .F.,(2,2),(99.,100.),.PIECEWISE_BEZIER_KNOTS.);
#2096 = CARTESIAN_POINT('',(-4.684327936954,4.360856771218,0.));
#2097 = CARTESIAN_POINT('',(-4.525483399594,4.525483399594,0.));
#2098 = PCURVE('',#71,#2099);
#2099 = DEFINITIONAL_REPRESENTATION('',(#2100),#2103);
#2100 = B_SPLINE_CURVE_WITH_KNOTS('',1,(#2101,#2102),.UNSPECIFIED.,.F.,
  .F.,(2,2),(99.,100.),.PIECEWISE_BEZIER_KNOTS.);
#2101 = CARTESIAN_POINT('',(11.084327936954,-4.360856771218));
#2102 = CARTESIAN_POINT('',(10.925483399594,-4.525483399594));
#2103 = ( GEOMETRIC_REPRESENTATION_CONTEXT(2) 
PARAMETRIC_REPRESENTATION_CONTEXT() REPRESENTATION_CONTEXT('2D SPACE',''
  ) );
#2104 = PCURVE('',#2105,#2116);
#2105 = ( BOUNDED_SURFACE() B_SPLINE_SURFACE(1,4,(
    (#2106,#2107,#2108,#2109,#2110)
    ,(#2111,#2112,#2113,#2114,#2115
)),.UNSPECIFIED.,.F.,.F.,.F.) B_SPLINE_SURFACE_WITH_KNOTS((2,2),(5,5),(
    99.,100.),(0.,1.),.PIECEWISE_BEZIER_KNOTS.) 
GEOMETRIC_REPRESENTATION_ITEM() RATIONAL_B_SPLINE_SURFACE((
    (1.,1.,1.,1.,1.)
,(1.,1.,1.,1.,1.))) REPRESENTATION_ITEM('') SURFACE() );
#2106 = CARTESIAN_POINT('',(-4.684327936954,4.360856771218,0.));
#2107 = CARTESIAN_POINT('',(-4.684876896426,4.361367822891,
    3.950966311744));
#2108 = CARTESIAN_POINT('',(-4.685730697588,4.362162665744,
    7.915188641292));
#2109 = CARTESIAN_POINT('',(-4.666353155695,4.34412321891,
    11.841097004811));
#2110 = CARTESIAN_POINT('',(-4.666828149341,4.344565412386,15.8));
#2111 = CARTESIAN_POINT('',(-4.525483399594,4.525483399594,0.));
#2112 = CARTESIAN_POINT('',(-4.525476688068,4.525476688068,
    3.950966311744));
#2113 = CARTESIAN_POINT('',(-4.525466249576,4.525466249576,
    7.915188641292));
#2114 = CARTESIAN_POINT('',(-4.525703157554,4.525703157554,
    11.841097004811));
#2115 = CARTESIAN_POINT('',(-4.525697350327,4.525697350327,15.8));
#2116 = DEFINITIONAL_REPRESENTATION('',(#2117),#2121);
#2117 = LINE('',#2118,#2119);
#2118 = CARTESIAN_POINT('',(0.,0.));
#2119 = VECTOR('',#2120,1.);
#2120 = DIRECTION('',(1.,0.));
#2121 = ( GEOMETRIC_REPRESENTATION_CONTEXT(2) 
PARAMETRIC_REPRESENTATION_CONTEXT() REPRESENTATION_CONTEXT('2D SPACE',''
  ) );
#2122 = ORIENTED_EDGE('',*,*,#2123,.F.);
#2123 = EDGE_CURVE('',#2124,#2092,#2126,.T.);
#2124 = VERTEX_POINT('',#2125);
#2125 = CARTESIAN_POINT('',(-4.834997847231,4.193184448277,0.));
#2126 = SURFACE_CURVE('',#2127,(#2130,#2136),.PCURVE_S1.);
#2127 = B_SPLINE_CURVE_WITH_KNOTS('',1,(#2128,#2129),.UNSPECIFIED.,.F.,
  .F.,(2,2),(98.,99.),.PIECEWISE_BEZIER_KNOTS.);
#2128 = CARTESIAN_POINT('',(-4.834997847231,4.193184448277,0.));
#2129 = CARTESIAN_POINT('',(-4.684327936954,4.360856771218,0.));
#2130 = PCURVE('',#71,#2131);
#2131 = DEFINITIONAL_REPRESENTATION('',(#2132),#2135);
#2132 = B_SPLINE_CURVE_WITH_KNOTS('',1,(#2133,#2134),.UNSPECIFIED.,.F.,
  .F.,(2,2),(98.,99.),.PIECEWISE_BEZIER_KNOTS.);
#2133 = CARTESIAN_POINT('',(11.234997847231,-4.193184448277));
#2134 = CARTESIAN_POINT('',(11.084327936954,-4.360856771218));
#2135 = ( GEOMETRIC_REPRESENTATION_CONTEXT(2) 
PARAMETRIC_REPRESENTATION_CONTEXT() REPRESENTATION_CONTEXT('2D SPACE',''
  ) );
#2136 = PCURVE('',#2137,#2148);
#2137 = ( BOUNDED_SURFACE() B_SPLINE_SURFACE(1,4,(
    (#2138,#2139,#2140,#2141,#2142)
    ,(#2143,#2144,#2145,#2146,#2147
)),.UNSPECIFIED.,.F.,.F.,.F.) B_SPLINE_SURFACE_WITH_KNOTS((2,2),(5,5),(
    98.,99.),(0.,1.),.PIECEWISE_BEZIER_KNOTS.) 
GEOMETRIC_REPRESENTATION_ITEM() RATIONAL_B_SPLINE_SURFACE((
    (1.,1.,1.,1.,1.)
,(1.,1.,1.,1.,1.))) REPRESENTATION_ITEM('') SURFACE() );
#2138 = CARTESIAN_POINT('',(-4.834997847231,4.193184448277,0.));
#2139 = CARTESIAN_POINT('',(-4.837134715901,4.195037662022,
    3.950966311744));
#2140 = CARTESIAN_POINT('',(-4.840458205241,4.197919980538,
    7.915188641292));
#2141 = CARTESIAN_POINT('',(-4.76502957297,4.132503991164,
    11.841097004811));
#2142 = CARTESIAN_POINT('',(-4.76687852374,4.134107506173,15.8));
#2143 = CARTESIAN_POINT('',(-4.684327936954,4.360856771218,0.));
#2144 = CARTESIAN_POINT('',(-4.684876896426,4.361367822891,
    3.950966311744));
#2145 = CARTESIAN_POINT('',(-4.685730697588,4.362162665744,
    7.915188641292));
#2146 = CARTESIAN_POINT('',(-4.666353155695,4.34412321891,
    11.841097004811));
#2147 = CARTESIAN_POINT('',(-4.666828149341,4.344565412386,15.8));
#2148 = DEFINITIONAL_REPRESENTATION('',(#2149),#2153);
#2149 = LINE('',#2150,#2151);
#2150 = CARTESIAN_POINT('',(0.,0.));
#2151 = VECTOR('',#2152,1.);
#2152 = DIRECTION('',(1.,0.));
#2153 = ( GEOMETRIC_REPRESENTATION_CONTEXT(2) 
PARAMETRIC_REPRESENTATION_CONTEXT() REPRESENTATION_CONTEXT('2D SPACE',''
  ) );
#2154 = ORIENTED_EDGE('',*,*,#2155,.F.);
#2155 = EDGE_CURVE('',#2156,#2124,#2158,.T.);
#2156 = VERTEX_POINT('',#2157);
#2157 = CARTESIAN_POINT('',(-4.980989642338,4.01867418223,0.));
#2158 = SURFACE_CURVE('',#2159,(#2162,#2168),.PCURVE_S1.);
#2159 = B_SPLINE_CURVE_WITH_KNOTS('',1,(#2160,#2161),.UNSPECIFIED.,.F.,
  .F.,(2,2),(97.,98.),.PIECEWISE_BEZIER_KNOTS.);
#2160 = CARTESIAN_POINT('',(-4.980989642338,4.01867418223,0.));
#2161 = CARTESIAN_POINT('',(-4.834997847231,4.193184448277,0.));
#2162 = PCURVE('',#71,#2163);
#2163 = DEFINITIONAL_REPRESENTATION('',(#2164),#2167);
#2164 = B_SPLINE_CURVE_WITH_KNOTS('',1,(#2165,#2166),.UNSPECIFIED.,.F.,
  .F.,(2,2),(97.,98.),.PIECEWISE_BEZIER_KNOTS.);
#2165 = CARTESIAN_POINT('',(11.380989642338,-4.01867418223));
#2166 = CARTESIAN_POINT('',(11.234997847231,-4.193184448277));
#2167 = ( GEOMETRIC_REPRESENTATION_CONTEXT(2) 
PARAMETRIC_REPRESENTATION_CONTEXT() REPRESENTATION_CONTEXT('2D SPACE',''
  ) );
#2168 = PCURVE('',#2169,#2180);
#2169 = ( BOUNDED_SURFACE() B_SPLINE_SURFACE(1,4,(
    (#2170,#2171,#2172,#2173,#2174)
    ,(#2175,#2176,#2177,#2178,#2179
)),.UNSPECIFIED.,.F.,.F.,.F.) B_SPLINE_SURFACE_WITH_KNOTS((2,2),(5,5),(
    97.,98.),(0.,1.),.PIECEWISE_BEZIER_KNOTS.) 
GEOMETRIC_REPRESENTATION_ITEM() RATIONAL_B_SPLINE_SURFACE((
    (1.,1.,1.,1.,1.)
,(1.,1.,1.,1.,1.))) REPRESENTATION_ITEM('') SURFACE() );
#2170 = CARTESIAN_POINT('',(-4.980989642338,4.01867418223,0.));
#2171 = CARTESIAN_POINT('',(-4.98559228005,4.022387601184,3.950966311744
    ));
#2172 = CARTESIAN_POINT('',(-4.992750800174,4.028163112091,
    7.915188641292));
#2173 = CARTESIAN_POINT('',(-4.830283788307,3.897084344027,
    11.841097004811));
#2174 = CARTESIAN_POINT('',(-4.834266274766,3.900297423488,15.8));
#2175 = CARTESIAN_POINT('',(-4.834997847231,4.193184448277,0.));
#2176 = CARTESIAN_POINT('',(-4.837134715901,4.195037662022,
    3.950966311744));
#2177 = CARTESIAN_POINT('',(-4.840458205241,4.197919980538,
    7.915188641292));
#2178 = CARTESIAN_POINT('',(-4.76502957297,4.132503991164,
    11.841097004811));
#2179 = CARTESIAN_POINT('',(-4.76687852374,4.134107506173,15.8));
#2180 = DEFINITIONAL_REPRESENTATION('',(#2181),#2185);
#2181 = LINE('',#2182,#2183);
#2182 = CARTESIAN_POINT('',(0.,0.));
#2183 = VECTOR('',#2184,1.);
#2184 = DIRECTION('',(1.,0.));
#2185 = ( GEOMETRIC_REPRESENTATION_CONTEXT(2) 
PARAMETRIC_REPRESENTATION_CONTEXT() REPRESENTATION_CONTEXT('2D SPACE',''
  ) );
#2186 = ORIENTED_EDGE('',*,*,#2187,.F.);
#2187 = EDGE_CURVE('',#2188,#2156,#2190,.T.);
#2188 = VERTEX_POINT('',#2189);
#2189 = CARTESIAN_POINT('',(-5.124509073535,3.833980536629,0.));
#2190 = SURFACE_CURVE('',#2191,(#2194,#2200),.PCURVE_S1.);
#2191 = B_SPLINE_CURVE_WITH_KNOTS('',1,(#2192,#2193),.UNSPECIFIED.,.F.,
  .F.,(2,2),(96.,97.),.PIECEWISE_BEZIER_KNOTS.);
#2192 = CARTESIAN_POINT('',(-5.124509073535,3.833980536629,0.));
#2193 = CARTESIAN_POINT('',(-4.980989642338,4.01867418223,0.));
#2194 = PCURVE('',#71,#2195);
#2195 = DEFINITIONAL_REPRESENTATION('',(#2196),#2199);
#2196 = B_SPLINE_CURVE_WITH_KNOTS('',1,(#2197,#2198),.UNSPECIFIED.,.F.,
  .F.,(2,2),(96.,97.),.PIECEWISE_BEZIER_KNOTS.);
#2197 = CARTESIAN_POINT('',(11.524509073535,-3.833980536629));
#2198 = CARTESIAN_POINT('',(11.380989642338,-4.01867418223));
#2199 = ( GEOMETRIC_REPRESENTATION_CONTEXT(2) 
PARAMETRIC_REPRESENTATION_CONTEXT() REPRESENTATION_CONTEXT('2D SPACE',''
  ) );
#2200 = PCURVE('',#2201,#2212);
#2201 = ( BOUNDED_SURFACE() B_SPLINE_SURFACE(1,4,(
    (#2202,#2203,#2204,#2205,#2206)
    ,(#2207,#2208,#2209,#2210,#2211
)),.UNSPECIFIED.,.F.,.F.,.F.) B_SPLINE_SURFACE_WITH_KNOTS((2,2),(5,5),(
    96.,97.),(0.,1.),.PIECEWISE_BEZIER_KNOTS.) 
GEOMETRIC_REPRESENTATION_ITEM() RATIONAL_B_SPLINE_SURFACE((
    (1.,1.,1.,1.,1.)
,(1.,1.,1.,1.,1.))) REPRESENTATION_ITEM('') SURFACE() );
#2202 = CARTESIAN_POINT('',(-5.124509073535,3.833980536629,0.));
#2203 = CARTESIAN_POINT('',(-5.132260471275,3.839779864455,
    3.950966311744));
#2204 = CARTESIAN_POINT('',(-5.144316283656,3.848799606514,
    7.915188641292));
#2205 = CARTESIAN_POINT('',(-4.870702215525,3.644091019466,
    11.841097004811));
#2206 = CARTESIAN_POINT('',(-4.877409203663,3.649108956132,15.8));
#2207 = CARTESIAN_POINT('',(-4.980989642338,4.01867418223,0.));
#2208 = CARTESIAN_POINT('',(-4.98559228005,4.022387601184,3.950966311744
    ));
#2209 = CARTESIAN_POINT('',(-4.992750800174,4.028163112091,
    7.915188641292));
#2210 = CARTESIAN_POINT('',(-4.830283788307,3.897084344027,
    11.841097004811));
#2211 = CARTESIAN_POINT('',(-4.834266274766,3.900297423488,15.8));
#2212 = DEFINITIONAL_REPRESENTATION('',(#2213),#2217);
#2213 = LINE('',#2214,#2215);
#2214 = CARTESIAN_POINT('',(0.,0.));
#2215 = VECTOR('',#2216,1.);
#2216 = DIRECTION('',(1.,0.));
#2217 = ( GEOMETRIC_REPRESENTATION_CONTEXT(2) 
PARAMETRIC_REPRESENTATION_CONTEXT() REPRESENTATION_CONTEXT('2D SPACE',''
  ) );
#2218 = ORIENTED_EDGE('',*,*,#2219,.F.);
#2219 = EDGE_CURVE('',#2220,#2188,#2222,.T.);
#2220 = VERTEX_POINT('',#2221);
#2221 = CARTESIAN_POINT('',(-5.266580335444,3.636362409099,0.));
#2222 = SURFACE_CURVE('',#2223,(#2226,#2232),.PCURVE_S1.);
#2223 = B_SPLINE_CURVE_WITH_KNOTS('',1,(#2224,#2225),.UNSPECIFIED.,.F.,
  .F.,(2,2),(95.,96.),.PIECEWISE_BEZIER_KNOTS.);
#2224 = CARTESIAN_POINT('',(-5.266580335444,3.636362409099,0.));
#2225 = CARTESIAN_POINT('',(-5.124509073535,3.833980536629,0.));
#2226 = PCURVE('',#71,#2227);
#2227 = DEFINITIONAL_REPRESENTATION('',(#2228),#2231);
#2228 = B_SPLINE_CURVE_WITH_KNOTS('',1,(#2229,#2230),.UNSPECIFIED.,.F.,
  .F.,(2,2),(95.,96.),.PIECEWISE_BEZIER_KNOTS.);
#2229 = CARTESIAN_POINT('',(11.666580335444,-3.636362409099));
#2230 = CARTESIAN_POINT('',(11.524509073535,-3.833980536629));
#2231 = ( GEOMETRIC_REPRESENTATION_CONTEXT(2) 
PARAMETRIC_REPRESENTATION_CONTEXT() REPRESENTATION_CONTEXT('2D SPACE',''
  ) );
#2232 = PCURVE('',#2233,#2244);
#2233 = ( BOUNDED_SURFACE() B_SPLINE_SURFACE(1,4,(
    (#2234,#2235,#2236,#2237,#2238)
    ,(#2239,#2240,#2241,#2242,#2243
)),.UNSPECIFIED.,.F.,.F.,.F.) B_SPLINE_SURFACE_WITH_KNOTS((2,2),(5,5),(
    95.,96.),(0.,1.),.PIECEWISE_BEZIER_KNOTS.) 
GEOMETRIC_REPRESENTATION_ITEM() RATIONAL_B_SPLINE_SURFACE((
    (1.,1.,1.,1.,1.)
,(1.,1.,1.,1.,1.))) REPRESENTATION_ITEM('') SURFACE() );
#2234 = CARTESIAN_POINT('',(-5.266580335444,3.636362409099,0.));
#2235 = CARTESIAN_POINT('',(-5.277931550501,3.644199967648,
    3.950966311744));
#2236 = CARTESIAN_POINT('',(-5.295586188236,3.656389786642,
    7.915188641292));
#2237 = CARTESIAN_POINT('',(-4.894903339226,3.379734356114,
    11.841097004811));
#2238 = CARTESIAN_POINT('',(-4.904725111672,3.386515895906,15.8));
#2239 = CARTESIAN_POINT('',(-5.124509073535,3.833980536629,0.));
#2240 = CARTESIAN_POINT('',(-5.132260471275,3.839779864455,
    3.950966311744));
#2241 = CARTESIAN_POINT('',(-5.144316283656,3.848799606514,
    7.915188641292));
#2242 = CARTESIAN_POINT('',(-4.870702215525,3.644091019466,
    11.841097004811));
#2243 = CARTESIAN_POINT('',(-4.877409203663,3.649108956132,15.8));
#2244 = DEFINITIONAL_REPRESENTATION('',(#2245),#2249);
#2245 = LINE('',#2246,#2247);
#2246 = CARTESIAN_POINT('',(0.,0.));
#2247 = VECTOR('',#2248,1.);
#2248 = DIRECTION('',(1.,0.));
#2249 = ( GEOMETRIC_REPRESENTATION_CONTEXT(2) 
PARAMETRIC_REPRESENTATION_CONTEXT() REPRESENTATION_CONTEXT('2D SPACE',''
  ) );
#2250 = ORIENTED_EDGE('',*,*,#2251,.F.);
#2251 = EDGE_CURVE('',#2252,#2220,#2254,.T.);
#2252 = VERTEX_POINT('',#2253);
#2253 = CARTESIAN_POINT('',(-5.407061160049,3.423987384831,0.));
#2254 = SURFACE_CURVE('',#2255,(#2258,#2264),.PCURVE_S1.);
#2255 = B_SPLINE_CURVE_WITH_KNOTS('',1,(#2256,#2257),.UNSPECIFIED.,.F.,
  .F.,(2,2),(94.,95.),.PIECEWISE_BEZIER_KNOTS.);
#2256 = CARTESIAN_POINT('',(-5.407061160049,3.423987384831,0.));
#2257 = CARTESIAN_POINT('',(-5.266580335444,3.636362409099,0.));
#2258 = PCURVE('',#71,#2259);
#2259 = DEFINITIONAL_REPRESENTATION('',(#2260),#2263);
#2260 = B_SPLINE_CURVE_WITH_KNOTS('',1,(#2261,#2262),.UNSPECIFIED.,.F.,
  .F.,(2,2),(94.,95.),.PIECEWISE_BEZIER_KNOTS.);
#2261 = CARTESIAN_POINT('',(11.807061160049,-3.423987384831));
#2262 = CARTESIAN_POINT('',(11.666580335444,-3.636362409099));
#2263 = ( GEOMETRIC_REPRESENTATION_CONTEXT(2) 
PARAMETRIC_REPRESENTATION_CONTEXT() REPRESENTATION_CONTEXT('2D SPACE',''
  ) );
#2264 = PCURVE('',#2265,#2276);
#2265 = ( BOUNDED_SURFACE() B_SPLINE_SURFACE(1,4,(
    (#2266,#2267,#2268,#2269,#2270)
    ,(#2271,#2272,#2273,#2274,#2275
)),.UNSPECIFIED.,.F.,.F.,.F.) B_SPLINE_SURFACE_WITH_KNOTS((2,2),(5,5),(
    94.,95.),(0.,1.),.PIECEWISE_BEZIER_KNOTS.) 
GEOMETRIC_REPRESENTATION_ITEM() RATIONAL_B_SPLINE_SURFACE((
    (1.,1.,1.,1.,1.)
,(1.,1.,1.,1.,1.))) REPRESENTATION_ITEM('') SURFACE() );
#2266 = CARTESIAN_POINT('',(-5.407061160049,3.423987384831,0.));
#2267 = CARTESIAN_POINT('',(-5.422194724678,3.433570619207,
    3.950966311744));
#2268 = CARTESIAN_POINT('',(-5.445732081676,3.448475502108,
    7.915188641292));
#2269 = CARTESIAN_POINT('',(-4.9115373051,3.11020002826,11.841097004811)
  );
#2270 = CARTESIAN_POINT('',(-4.924631800036,3.11849203461,15.8));
#2271 = CARTESIAN_POINT('',(-5.266580335444,3.636362409099,0.));
#2272 = CARTESIAN_POINT('',(-5.277931550501,3.644199967648,
    3.950966311744));
#2273 = CARTESIAN_POINT('',(-5.295586188236,3.656389786642,
    7.915188641292));
#2274 = CARTESIAN_POINT('',(-4.894903339226,3.379734356114,
    11.841097004811));
#2275 = CARTESIAN_POINT('',(-4.904725111672,3.386515895906,15.8));
#2276 = DEFINITIONAL_REPRESENTATION('',(#2277),#2281);
#2277 = LINE('',#2278,#2279);
#2278 = CARTESIAN_POINT('',(0.,0.));
#2279 = VECTOR('',#2280,1.);
#2280 = DIRECTION('',(1.,0.));
#2281 = ( GEOMETRIC_REPRESENTATION_CONTEXT(2) 
PARAMETRIC_REPRESENTATION_CONTEXT() REPRESENTATION_CONTEXT('2D SPACE',''
  ) );
#2282 = ORIENTED_EDGE('',*,*,#2283,.F.);
#2283 = EDGE_CURVE('',#2284,#2252,#2286,.T.);
#2284 = VERTEX_POINT('',#2285);
#2285 = CARTESIAN_POINT('',(-5.544649773745,3.196382155892,0.));
#2286 = SURFACE_CURVE('',#2287,(#2290,#2296),.PCURVE_S1.);
#2287 = B_SPLINE_CURVE_WITH_KNOTS('',1,(#2288,#2289),.UNSPECIFIED.,.F.,
  .F.,(2,2),(93.,94.),.PIECEWISE_BEZIER_KNOTS.);
#2288 = CARTESIAN_POINT('',(-5.544649773745,3.196382155892,0.));
#2289 = CARTESIAN_POINT('',(-5.407061160049,3.423987384831,0.));
#2290 = PCURVE('',#71,#2291);
#2291 = DEFINITIONAL_REPRESENTATION('',(#2292),#2295);
#2292 = B_SPLINE_CURVE_WITH_KNOTS('',1,(#2293,#2294),.UNSPECIFIED.,.F.,
  .F.,(2,2),(93.,94.),.PIECEWISE_BEZIER_KNOTS.);
#2293 = CARTESIAN_POINT('',(11.944649773745,-3.196382155892));
#2294 = CARTESIAN_POINT('',(11.807061160049,-3.423987384831));
#2295 = ( GEOMETRIC_REPRESENTATION_CONTEXT(2) 
PARAMETRIC_REPRESENTATION_CONTEXT() REPRESENTATION_CONTEXT('2D SPACE',''
  ) );
#2296 = PCURVE('',#2297,#2308);
#2297 = ( BOUNDED_SURFACE() B_SPLINE_SURFACE(1,4,(
    (#2298,#2299,#2300,#2301,#2302)
    ,(#2303,#2304,#2305,#2306,#2307
)),.UNSPECIFIED.,.F.,.F.,.F.) B_SPLINE_SURFACE_WITH_KNOTS((2,2),(5,5),(
    93.,94.),(0.,1.),.PIECEWISE_BEZIER_KNOTS.) 
GEOMETRIC_REPRESENTATION_ITEM() RATIONAL_B_SPLINE_SURFACE((
    (1.,1.,1.,1.,1.)
,(1.,1.,1.,1.,1.))) REPRESENTATION_ITEM('') SURFACE() );
#2298 = CARTESIAN_POINT('',(-5.544649773745,3.196382155892,0.));
#2299 = CARTESIAN_POINT('',(-5.563443322062,3.207216268944,
    3.950966311744));
#2300 = CARTESIAN_POINT('',(-5.59267308166,3.224066653696,7.915188641292
    ));
#2301 = CARTESIAN_POINT('',(-4.929285731094,2.841636820195,
    11.841097004811));
#2302 = CARTESIAN_POINT('',(-4.945547069998,2.851011164045,15.8));
#2303 = CARTESIAN_POINT('',(-5.407061160049,3.423987384831,0.));
#2304 = CARTESIAN_POINT('',(-5.422194724678,3.433570619207,
    3.950966311744));
#2305 = CARTESIAN_POINT('',(-5.445732081676,3.448475502108,
    7.915188641292));
#2306 = CARTESIAN_POINT('',(-4.9115373051,3.11020002826,11.841097004811)
  );
#2307 = CARTESIAN_POINT('',(-4.924631800036,3.11849203461,15.8));
#2308 = DEFINITIONAL_REPRESENTATION('',(#2309),#2313);
#2309 = LINE('',#2310,#2311);
#2310 = CARTESIAN_POINT('',(0.,0.));
#2311 = VECTOR('',#2312,1.);
#2312 = DIRECTION('',(1.,0.));
#2313 = ( GEOMETRIC_REPRESENTATION_CONTEXT(2) 
PARAMETRIC_REPRESENTATION_CONTEXT() REPRESENTATION_CONTEXT('2D SPACE',''
  ) );
#2314 = ORIENTED_EDGE('',*,*,#2315,.F.);
#2315 = EDGE_CURVE('',#2316,#2284,#2318,.T.);
#2316 = VERTEX_POINT('',#2317);
#2317 = CARTESIAN_POINT('',(-5.676979906667,2.954978703696,0.));
#2318 = SURFACE_CURVE('',#2319,(#2322,#2328),.PCURVE_S1.);
#2319 = B_SPLINE_CURVE_WITH_KNOTS('',1,(#2320,#2321),.UNSPECIFIED.,.F.,
  .F.,(2,2),(92.,93.),.PIECEWISE_BEZIER_KNOTS.);
#2320 = CARTESIAN_POINT('',(-5.676979906667,2.954978703696,0.));
#2321 = CARTESIAN_POINT('',(-5.544649773745,3.196382155892,0.));
#2322 = PCURVE('',#71,#2323);
#2323 = DEFINITIONAL_REPRESENTATION('',(#2324),#2327);
#2324 = B_SPLINE_CURVE_WITH_KNOTS('',1,(#2325,#2326),.UNSPECIFIED.,.F.,
  .F.,(2,2),(92.,93.),.PIECEWISE_BEZIER_KNOTS.);
#2325 = CARTESIAN_POINT('',(12.076979906667,-2.954978703696));
#2326 = CARTESIAN_POINT('',(11.944649773745,-3.196382155892));
#2327 = ( GEOMETRIC_REPRESENTATION_CONTEXT(2) 
PARAMETRIC_REPRESENTATION_CONTEXT() REPRESENTATION_CONTEXT('2D SPACE',''
  ) );
#2328 = PCURVE('',#2329,#2340);
#2329 = ( BOUNDED_SURFACE() B_SPLINE_SURFACE(1,4,(
    (#2330,#2331,#2332,#2333,#2334)
    ,(#2335,#2336,#2337,#2338,#2339
)),.UNSPECIFIED.,.F.,.F.,.F.) B_SPLINE_SURFACE_WITH_KNOTS((2,2),(5,5),(
    92.,93.),(0.,1.),.PIECEWISE_BEZIER_KNOTS.) 
GEOMETRIC_REPRESENTATION_ITEM() RATIONAL_B_SPLINE_SURFACE((
    (1.,1.,1.,1.,1.)
,(1.,1.,1.,1.,1.))) REPRESENTATION_ITEM('') SURFACE() );
#2330 = CARTESIAN_POINT('',(-5.676979906667,2.954978703696,0.));
#2331 = CARTESIAN_POINT('',(-5.698972781938,2.966426423985,
    3.950966311744));
#2332 = CARTESIAN_POINT('',(-5.73317848095,2.984231157098,7.915188641292
    ));
#2333 = CARTESIAN_POINT('',(-4.956859128588,2.580141801276,
    11.841097004811));
#2334 = CARTESIAN_POINT('',(-4.9758887228,2.590047076011,15.8));
#2335 = CARTESIAN_POINT('',(-5.544649773745,3.196382155892,0.));
#2336 = CARTESIAN_POINT('',(-5.563443322062,3.207216268944,
    3.950966311744));
#2337 = CARTESIAN_POINT('',(-5.59267308166,3.224066653696,7.915188641292
    ));
#2338 = CARTESIAN_POINT('',(-4.929285731094,2.841636820195,
    11.841097004811));
#2339 = CARTESIAN_POINT('',(-4.945547069998,2.851011164045,15.8));
#2340 = DEFINITIONAL_REPRESENTATION('',(#2341),#2345);
#2341 = LINE('',#2342,#2343);
#2342 = CARTESIAN_POINT('',(0.,0.));
#2343 = VECTOR('',#2344,1.);
#2344 = DIRECTION('',(1.,0.));
#2345 = ( GEOMETRIC_REPRESENTATION_CONTEXT(2) 
PARAMETRIC_REPRESENTATION_CONTEXT() REPRESENTATION_CONTEXT('2D SPACE',''
  ) );
#2346 = ORIENTED_EDGE('',*,*,#2347,.F.);
#2347 = EDGE_CURVE('',#2348,#2316,#2350,.T.);
#2348 = VERTEX_POINT('',#2349);
#2349 = CARTESIAN_POINT('',(-5.800896387894,2.703627396095,0.));
#2350 = SURFACE_CURVE('',#2351,(#2354,#2360),.PCURVE_S1.);
#2351 = B_SPLINE_CURVE_WITH_KNOTS('',1,(#2352,#2353),.UNSPECIFIED.,.F.,
  .F.,(2,2),(91.,92.),.PIECEWISE_BEZIER_KNOTS.);
#2352 = CARTESIAN_POINT('',(-5.800896387894,2.703627396095,0.));
#2353 = CARTESIAN_POINT('',(-5.676979906667,2.954978703696,0.));
#2354 = PCURVE('',#71,#2355);
#2355 = DEFINITIONAL_REPRESENTATION('',(#2356),#2359);
#2356 = B_SPLINE_CURVE_WITH_KNOTS('',1,(#2357,#2358),.UNSPECIFIED.,.F.,
  .F.,(2,2),(91.,92.),.PIECEWISE_BEZIER_KNOTS.);
#2357 = CARTESIAN_POINT('',(12.200896387894,-2.703627396095));
#2358 = CARTESIAN_POINT('',(12.076979906667,-2.954978703696));
#2359 = ( GEOMETRIC_REPRESENTATION_CONTEXT(2) 
PARAMETRIC_REPRESENTATION_CONTEXT() REPRESENTATION_CONTEXT('2D SPACE',''
  ) );
#2360 = PCURVE('',#2361,#2372);
#2361 = ( BOUNDED_SURFACE() B_SPLINE_SURFACE(1,4,(
    (#2362,#2363,#2364,#2365,#2366)
    ,(#2367,#2368,#2369,#2370,#2371
)),.UNSPECIFIED.,.F.,.F.,.F.) B_SPLINE_SURFACE_WITH_KNOTS((2,2),(5,5),(
    91.,92.),(0.,1.),.PIECEWISE_BEZIER_KNOTS.) 
GEOMETRIC_REPRESENTATION_ITEM() RATIONAL_B_SPLINE_SURFACE((
    (1.,1.,1.,1.,1.)
,(1.,1.,1.,1.,1.))) REPRESENTATION_ITEM('') SURFACE() );
#2362 = CARTESIAN_POINT('',(-5.800896387894,2.703627396095,0.));
#2363 = CARTESIAN_POINT('',(-5.825264895114,2.714984841447,
    3.950966311744));
#2364 = CARTESIAN_POINT('',(-5.863165433949,2.732649169211,
    7.915188641292));
#2365 = CARTESIAN_POINT('',(-5.002989421964,2.331746399026,
    11.841097004811));
#2366 = CARTESIAN_POINT('',(-5.024074559684,2.341573562308,15.8));
#2367 = CARTESIAN_POINT('',(-5.676979906667,2.954978703696,0.));
#2368 = CARTESIAN_POINT('',(-5.698972781938,2.966426423985,
    3.950966311744));
#2369 = CARTESIAN_POINT('',(-5.73317848095,2.984231157098,7.915188641292
    ));
#2370 = CARTESIAN_POINT('',(-4.956859128588,2.580141801276,
    11.841097004811));
#2371 = CARTESIAN_POINT('',(-4.9758887228,2.590047076011,15.8));
#2372 = DEFINITIONAL_REPRESENTATION('',(#2373),#2377);
#2373 = LINE('',#2374,#2375);
#2374 = CARTESIAN_POINT('',(0.,0.));
#2375 = VECTOR('',#2376,1.);
#2376 = DIRECTION('',(1.,0.));
#2377 = ( GEOMETRIC_REPRESENTATION_CONTEXT(2) 
PARAMETRIC_REPRESENTATION_CONTEXT() REPRESENTATION_CONTEXT('2D SPACE',''
  ) );
#2378 = ORIENTED_EDGE('',*,*,#2379,.F.);
#2379 = EDGE_CURVE('',#2380,#2348,#2382,.T.);
#2380 = VERTEX_POINT('',#2381);
#2381 = CARTESIAN_POINT('',(-5.912957217887,2.448864418346,0.));
#2382 = SURFACE_CURVE('',#2383,(#2386,#2392),.PCURVE_S1.);
#2383 = B_SPLINE_CURVE_WITH_KNOTS('',1,(#2384,#2385),.UNSPECIFIED.,.F.,
  .F.,(2,2),(90.,91.),.PIECEWISE_BEZIER_KNOTS.);
#2384 = CARTESIAN_POINT('',(-5.912957217887,2.448864418346,0.));
#2385 = CARTESIAN_POINT('',(-5.800896387894,2.703627396095,0.));
#2386 = PCURVE('',#71,#2387);
#2387 = DEFINITIONAL_REPRESENTATION('',(#2388),#2391);
#2388 = B_SPLINE_CURVE_WITH_KNOTS('',1,(#2389,#2390),.UNSPECIFIED.,.F.,
  .F.,(2,2),(90.,91.),.PIECEWISE_BEZIER_KNOTS.);
#2389 = CARTESIAN_POINT('',(12.312957217887,-2.448864418346));
#2390 = CARTESIAN_POINT('',(12.200896387894,-2.703627396095));
#2391 = ( GEOMETRIC_REPRESENTATION_CONTEXT(2) 
PARAMETRIC_REPRESENTATION_CONTEXT() REPRESENTATION_CONTEXT('2D SPACE',''
  ) );
#2392 = PCURVE('',#2393,#2404);
#2393 = ( BOUNDED_SURFACE() B_SPLINE_SURFACE(1,4,(
    (#2394,#2395,#2396,#2397,#2398)
    ,(#2399,#2400,#2401,#2402,#2403
)),.UNSPECIFIED.,.F.,.F.,.F.) B_SPLINE_SURFACE_WITH_KNOTS((2,2),(5,5),(
    90.,91.),(0.,1.),.PIECEWISE_BEZIER_KNOTS.) 
GEOMETRIC_REPRESENTATION_ITEM() RATIONAL_B_SPLINE_SURFACE((
    (1.,1.,1.,1.,1.)
,(1.,1.,1.,1.,1.))) REPRESENTATION_ITEM('') SURFACE() );
#2394 = CARTESIAN_POINT('',(-5.912957217887,2.448864418346,0.));
#2395 = CARTESIAN_POINT('',(-5.938505626106,2.459445348586,
    3.950966311744));
#2396 = CARTESIAN_POINT('',(-5.978241274628,2.475901956037,
    7.915188641292));
#2397 = CARTESIAN_POINT('',(-5.076416320945,2.102409140298,
    11.841097004811));
#2398 = CARTESIAN_POINT('',(-5.098522381894,2.111564414739,15.8));
#2399 = CARTESIAN_POINT('',(-5.800896387894,2.703627396095,0.));
#2400 = CARTESIAN_POINT('',(-5.825264895114,2.714984841447,
    3.950966311744));
#2401 = CARTESIAN_POINT('',(-5.863165433949,2.732649169211,
    7.915188641292));
#2402 = CARTESIAN_POINT('',(-5.002989421964,2.331746399026,
    11.841097004811));
#2403 = CARTESIAN_POINT('',(-5.024074559684,2.341573562308,15.8));
#2404 = DEFINITIONAL_REPRESENTATION('',(#2405),#2409);
#2405 = LINE('',#2406,#2407);
#2406 = CARTESIAN_POINT('',(0.,0.));
#2407 = VECTOR('',#2408,1.);
#2408 = DIRECTION('',(1.,0.));
#2409 = ( GEOMETRIC_REPRESENTATION_CONTEXT(2) 
PARAMETRIC_REPRESENTATION_CONTEXT() REPRESENTATION_CONTEXT('2D SPACE',''
  ) );
#2410 = ORIENTED_EDGE('',*,*,#2411,.F.);
#2411 = EDGE_CURVE('',#2412,#2380,#2414,.T.);
#2412 = VERTEX_POINT('',#2413);
#2413 = CARTESIAN_POINT('',(-6.010756216965,2.197910303041,0.));
#2414 = SURFACE_CURVE('',#2415,(#2418,#2424),.PCURVE_S1.);
#2415 = B_SPLINE_CURVE_WITH_KNOTS('',1,(#2416,#2417),.UNSPECIFIED.,.F.,
  .F.,(2,2),(89.,90.),.PIECEWISE_BEZIER_KNOTS.);
#2416 = CARTESIAN_POINT('',(-6.010756216965,2.197910303041,0.));
#2417 = CARTESIAN_POINT('',(-5.912957217887,2.448864418346,0.));
#2418 = PCURVE('',#71,#2419);
#2419 = DEFINITIONAL_REPRESENTATION('',(#2420),#2423);
#2420 = B_SPLINE_CURVE_WITH_KNOTS('',1,(#2421,#2422),.UNSPECIFIED.,.F.,
  .F.,(2,2),(89.,90.),.PIECEWISE_BEZIER_KNOTS.);
#2421 = CARTESIAN_POINT('',(12.410756216965,-2.197910303041));
#2422 = CARTESIAN_POINT('',(12.312957217887,-2.448864418346));
#2423 = ( GEOMETRIC_REPRESENTATION_CONTEXT(2) 
PARAMETRIC_REPRESENTATION_CONTEXT() REPRESENTATION_CONTEXT('2D SPACE',''
  ) );
#2424 = PCURVE('',#2425,#2436);
#2425 = ( BOUNDED_SURFACE() B_SPLINE_SURFACE(1,4,(
    (#2426,#2427,#2428,#2429,#2430)
    ,(#2431,#2432,#2433,#2434,#2435
)),.UNSPECIFIED.,.F.,.F.,.F.) B_SPLINE_SURFACE_WITH_KNOTS((2,2),(5,5),(
    89.,90.),(0.,1.),.PIECEWISE_BEZIER_KNOTS.) 
GEOMETRIC_REPRESENTATION_ITEM() RATIONAL_B_SPLINE_SURFACE((
    (1.,1.,1.,1.,1.)
,(1.,1.,1.,1.,1.))) REPRESENTATION_ITEM('') SURFACE() );
#2426 = CARTESIAN_POINT('',(-6.010756216965,2.197910303041,0.));
#2427 = CARTESIAN_POINT('',(-6.036001214682,2.207141461082,
    3.950966311744));
#2428 = CARTESIAN_POINT('',(-6.075264966365,2.221498756777,
    7.915188641292));
#2429 = CARTESIAN_POINT('',(-5.184150001348,1.895651110972,
    11.841097004811));
#2430 = CARTESIAN_POINT('',(-5.205993532788,1.903638479129,15.8));
#2431 = CARTESIAN_POINT('',(-5.912957217887,2.448864418346,0.));
#2432 = CARTESIAN_POINT('',(-5.938505626106,2.459445348586,
    3.950966311744));
#2433 = CARTESIAN_POINT('',(-5.978241274628,2.475901956037,
    7.915188641292));
#2434 = CARTESIAN_POINT('',(-5.076416320945,2.102409140298,
    11.841097004811));
#2435 = CARTESIAN_POINT('',(-5.098522381894,2.111564414739,15.8));
#2436 = DEFINITIONAL_REPRESENTATION('',(#2437),#2441);
#2437 = LINE('',#2438,#2439);
#2438 = CARTESIAN_POINT('',(0.,0.));
#2439 = VECTOR('',#2440,1.);
#2440 = DIRECTION('',(1.,0.));
#2441 = ( GEOMETRIC_REPRESENTATION_CONTEXT(2) 
PARAMETRIC_REPRESENTATION_CONTEXT() REPRESENTATION_CONTEXT('2D SPACE',''
  ) );
#2442 = ORIENTED_EDGE('',*,*,#2443,.F.);
#2443 = EDGE_CURVE('',#2444,#2412,#2446,.T.);
#2444 = VERTEX_POINT('',#2445);
#2445 = CARTESIAN_POINT('',(-6.099097662137,1.939331768346,0.));
#2446 = SURFACE_CURVE('',#2447,(#2450,#2456),.PCURVE_S1.);
#2447 = B_SPLINE_CURVE_WITH_KNOTS('',1,(#2448,#2449),.UNSPECIFIED.,.F.,
  .F.,(2,2),(88.,89.),.PIECEWISE_BEZIER_KNOTS.);
#2448 = CARTESIAN_POINT('',(-6.099097662137,1.939331768346,0.));
#2449 = CARTESIAN_POINT('',(-6.010756216965,2.197910303041,0.));
#2450 = PCURVE('',#71,#2451);
#2451 = DEFINITIONAL_REPRESENTATION('',(#2452),#2455);
#2452 = B_SPLINE_CURVE_WITH_KNOTS('',1,(#2453,#2454),.UNSPECIFIED.,.F.,
  .F.,(2,2),(88.,89.),.PIECEWISE_BEZIER_KNOTS.);
#2453 = CARTESIAN_POINT('',(12.499097662137,-1.939331768346));
#2454 = CARTESIAN_POINT('',(12.410756216965,-2.197910303041));
#2455 = ( GEOMETRIC_REPRESENTATION_CONTEXT(2) 
PARAMETRIC_REPRESENTATION_CONTEXT() REPRESENTATION_CONTEXT('2D SPACE',''
  ) );
#2456 = PCURVE('',#2457,#2468);
#2457 = ( BOUNDED_SURFACE() B_SPLINE_SURFACE(1,4,(
    (#2458,#2459,#2460,#2461,#2462)
    ,(#2463,#2464,#2465,#2466,#2467
)),.UNSPECIFIED.,.F.,.F.,.F.) B_SPLINE_SURFACE_WITH_KNOTS((2,2),(5,5),(
    88.,89.),(0.,1.),.PIECEWISE_BEZIER_KNOTS.) 
GEOMETRIC_REPRESENTATION_ITEM() RATIONAL_B_SPLINE_SURFACE((
    (1.,1.,1.,1.,1.)
,(1.,1.,1.,1.,1.))) REPRESENTATION_ITEM('') SURFACE() );
#2458 = CARTESIAN_POINT('',(-6.099097662137,1.939331768346,0.));
#2459 = CARTESIAN_POINT('',(-6.122716983175,1.94684201038,3.950966311744
    ));
#2460 = CARTESIAN_POINT('',(-6.159452306606,1.958522751319,
    7.915188641292));
#2461 = CARTESIAN_POINT('',(-5.325721574029,1.693421159985,
    11.841097004811));
#2462 = CARTESIAN_POINT('',(-5.346158469586,1.699919485311,15.8));
#2463 = CARTESIAN_POINT('',(-6.010756216965,2.197910303041,0.));
#2464 = CARTESIAN_POINT('',(-6.036001214682,2.207141461082,
    3.950966311744));
#2465 = CARTESIAN_POINT('',(-6.075264966365,2.221498756777,
    7.915188641292));
#2466 = CARTESIAN_POINT('',(-5.184150001348,1.895651110972,
    11.841097004811));
#2467 = CARTESIAN_POINT('',(-5.205993532788,1.903638479129,15.8));
#2468 = DEFINITIONAL_REPRESENTATION('',(#2469),#2473);
#2469 = LINE('',#2470,#2471);
#2470 = CARTESIAN_POINT('',(0.,0.));
#2471 = VECTOR('',#2472,1.);
#2472 = DIRECTION('',(1.,0.));
#2473 = ( GEOMETRIC_REPRESENTATION_CONTEXT(2) 
PARAMETRIC_REPRESENTATION_CONTEXT() REPRESENTATION_CONTEXT('2D SPACE',''
  ) );
#2474 = ORIENTED_EDGE('',*,*,#2475,.F.);
#2475 = EDGE_CURVE('',#2476,#2444,#2478,.T.);
#2476 = VERTEX_POINT('',#2477);
#2477 = CARTESIAN_POINT('',(-6.175568302888,1.679986945298,0.));
#2478 = SURFACE_CURVE('',#2479,(#2482,#2488),.PCURVE_S1.);
#2479 = B_SPLINE_CURVE_WITH_KNOTS('',1,(#2480,#2481),.UNSPECIFIED.,.F.,
  .F.,(2,2),(87.,88.),.PIECEWISE_BEZIER_KNOTS.);
#2480 = CARTESIAN_POINT('',(-6.175568302888,1.679986945298,0.));
#2481 = CARTESIAN_POINT('',(-6.099097662137,1.939331768346,0.));
#2482 = PCURVE('',#71,#2483);
#2483 = DEFINITIONAL_REPRESENTATION('',(#2484),#2487);
#2484 = B_SPLINE_CURVE_WITH_KNOTS('',1,(#2485,#2486),.UNSPECIFIED.,.F.,
  .F.,(2,2),(87.,88.),.PIECEWISE_BEZIER_KNOTS.);
#2485 = CARTESIAN_POINT('',(12.575568302888,-1.679986945298));
#2486 = CARTESIAN_POINT('',(12.499097662137,-1.939331768346));
#2487 = ( GEOMETRIC_REPRESENTATION_CONTEXT(2) 
PARAMETRIC_REPRESENTATION_CONTEXT() REPRESENTATION_CONTEXT('2D SPACE',''
  ) );
#2488 = PCURVE('',#2489,#2500);
#2489 = ( BOUNDED_SURFACE() B_SPLINE_SURFACE(1,4,(
    (#2490,#2491,#2492,#2493,#2494)
    ,(#2495,#2496,#2497,#2498,#2499
)),.UNSPECIFIED.,.F.,.F.,.F.) B_SPLINE_SURFACE_WITH_KNOTS((2,2),(5,5),(
    87.,88.),(0.,1.),.PIECEWISE_BEZIER_KNOTS.) 
GEOMETRIC_REPRESENTATION_ITEM() RATIONAL_B_SPLINE_SURFACE((
    (1.,1.,1.,1.,1.)
,(1.,1.,1.,1.,1.))) REPRESENTATION_ITEM('') SURFACE() );
#2490 = CARTESIAN_POINT('',(-6.175568302888,1.679986945298,0.));
#2491 = CARTESIAN_POINT('',(-6.196489128958,1.685678197173,
    3.950966311744));
#2492 = CARTESIAN_POINT('',(-6.229027461069,1.69452984782,7.915188641292
    ));
#2493 = CARTESIAN_POINT('',(-5.490550024813,1.493636198611,
    11.841097004811));
#2494 = CARTESIAN_POINT('',(-5.508652015835,1.498560621289,15.8));
#2495 = CARTESIAN_POINT('',(-6.099097662137,1.939331768346,0.));
#2496 = CARTESIAN_POINT('',(-6.122716983175,1.94684201038,3.950966311744
    ));
#2497 = CARTESIAN_POINT('',(-6.159452306606,1.958522751319,
    7.915188641292));
#2498 = CARTESIAN_POINT('',(-5.325721574029,1.693421159985,
    11.841097004811));
#2499 = CARTESIAN_POINT('',(-5.346158469586,1.699919485311,15.8));
#2500 = DEFINITIONAL_REPRESENTATION('',(#2501),#2505);
#2501 = LINE('',#2502,#2503);
#2502 = CARTESIAN_POINT('',(0.,0.));
#2503 = VECTOR('',#2504,1.);
#2504 = DIRECTION('',(1.,0.));
#2505 = ( GEOMETRIC_REPRESENTATION_CONTEXT(2) 
PARAMETRIC_REPRESENTATION_CONTEXT() REPRESENTATION_CONTEXT('2D SPACE',''
  ) );
#2506 = ORIENTED_EDGE('',*,*,#2507,.F.);
#2507 = EDGE_CURVE('',#2508,#2476,#2510,.T.);
#2508 = VERTEX_POINT('',#2509);
#2509 = CARTESIAN_POINT('',(-6.239399862337,1.424741856573,0.));
#2510 = SURFACE_CURVE('',#2511,(#2514,#2520),.PCURVE_S1.);
#2511 = B_SPLINE_CURVE_WITH_KNOTS('',1,(#2512,#2513),.UNSPECIFIED.,.F.,
  .F.,(2,2),(86.,87.),.PIECEWISE_BEZIER_KNOTS.);
#2512 = CARTESIAN_POINT('',(-6.239399862337,1.424741856573,0.));
#2513 = CARTESIAN_POINT('',(-6.175568302888,1.679986945298,0.));
#2514 = PCURVE('',#71,#2515);
#2515 = DEFINITIONAL_REPRESENTATION('',(#2516),#2519);
#2516 = B_SPLINE_CURVE_WITH_KNOTS('',1,(#2517,#2518),.UNSPECIFIED.,.F.,
  .F.,(2,2),(86.,87.),.PIECEWISE_BEZIER_KNOTS.);
#2517 = CARTESIAN_POINT('',(12.639399862337,-1.424741856573));
#2518 = CARTESIAN_POINT('',(12.575568302888,-1.679986945298));
#2519 = ( GEOMETRIC_REPRESENTATION_CONTEXT(2) 
PARAMETRIC_REPRESENTATION_CONTEXT() REPRESENTATION_CONTEXT('2D SPACE',''
  ) );
#2520 = PCURVE('',#2521,#2532);
#2521 = ( BOUNDED_SURFACE() B_SPLINE_SURFACE(1,4,(
    (#2522,#2523,#2524,#2525,#2526)
    ,(#2527,#2528,#2529,#2530,#2531
)),.UNSPECIFIED.,.F.,.F.,.F.) B_SPLINE_SURFACE_WITH_KNOTS((2,2),(5,5),(
    86.,87.),(0.,1.),.PIECEWISE_BEZIER_KNOTS.) 
GEOMETRIC_REPRESENTATION_ITEM() RATIONAL_B_SPLINE_SURFACE((
    (1.,1.,1.,1.,1.)
,(1.,1.,1.,1.,1.))) REPRESENTATION_ITEM('') SURFACE() );
#2522 = CARTESIAN_POINT('',(-6.239399862337,1.424741856573,0.));
#2523 = CARTESIAN_POINT('',(-6.256850425031,1.428726622358,
    3.950966311744));
#2524 = CARTESIAN_POINT('',(-6.283991428093,1.434924161215,
    7.915188641292));
#2525 = CARTESIAN_POINT('',(-5.668009690294,1.294267209571,
    11.841097004811));
#2526 = CARTESIAN_POINT('',(-5.683108995079,1.297715075072,15.8));
#2527 = CARTESIAN_POINT('',(-6.175568302888,1.679986945298,0.));
#2528 = CARTESIAN_POINT('',(-6.196489128958,1.685678197173,
    3.950966311744));
#2529 = CARTESIAN_POINT('',(-6.229027461069,1.69452984782,7.915188641292
    ));
#2530 = CARTESIAN_POINT('',(-5.490550024813,1.493636198611,
    11.841097004811));
#2531 = CARTESIAN_POINT('',(-5.508652015835,1.498560621289,15.8));
#2532 = DEFINITIONAL_REPRESENTATION('',(#2533),#2537);
#2533 = LINE('',#2534,#2535);
#2534 = CARTESIAN_POINT('',(0.,0.));
#2535 = VECTOR('',#2536,1.);
#2536 = DIRECTION('',(1.,0.));
#2537 = ( GEOMETRIC_REPRESENTATION_CONTEXT(2) 
PARAMETRIC_REPRESENTATION_CONTEXT() REPRESENTATION_CONTEXT('2D SPACE',''
  ) );
#2538 = ORIENTED_EDGE('',*,*,#2539,.F.);
#2539 = EDGE_CURVE('',#2540,#2508,#2542,.T.);
#2540 = VERTEX_POINT('',#2541);
#2541 = CARTESIAN_POINT('',(-6.290975776513,1.176275384135,0.));
#2542 = SURFACE_CURVE('',#2543,(#2546,#2552),.PCURVE_S1.);
#2543 = B_SPLINE_CURVE_WITH_KNOTS('',1,(#2544,#2545),.UNSPECIFIED.,.F.,
  .F.,(2,2),(85.,86.),.PIECEWISE_BEZIER_KNOTS.);
#2544 = CARTESIAN_POINT('',(-6.290975776513,1.176275384135,0.));
#2545 = CARTESIAN_POINT('',(-6.239399862337,1.424741856573,0.));
#2546 = PCURVE('',#71,#2547);
#2547 = DEFINITIONAL_REPRESENTATION('',(#2548),#2551);
#2548 = B_SPLINE_CURVE_WITH_KNOTS('',1,(#2549,#2550),.UNSPECIFIED.,.F.,
  .F.,(2,2),(85.,86.),.PIECEWISE_BEZIER_KNOTS.);
#2549 = CARTESIAN_POINT('',(12.690975776513,-1.176275384135));
#2550 = CARTESIAN_POINT('',(12.639399862337,-1.424741856573));
#2551 = ( GEOMETRIC_REPRESENTATION_CONTEXT(2) 
PARAMETRIC_REPRESENTATION_CONTEXT() REPRESENTATION_CONTEXT('2D SPACE',''
  ) );
#2552 = PCURVE('',#2553,#2564);
#2553 = ( BOUNDED_SURFACE() B_SPLINE_SURFACE(1,4,(
    (#2554,#2555,#2556,#2557,#2558)
    ,(#2559,#2560,#2561,#2562,#2563
)),.UNSPECIFIED.,.F.,.F.,.F.) B_SPLINE_SURFACE_WITH_KNOTS((2,2),(5,5),(
    85.,86.),(0.,1.),.PIECEWISE_BEZIER_KNOTS.) 
GEOMETRIC_REPRESENTATION_ITEM() RATIONAL_B_SPLINE_SURFACE((
    (1.,1.,1.,1.,1.)
,(1.,1.,1.,1.,1.))) REPRESENTATION_ITEM('') SURFACE() );
#2554 = CARTESIAN_POINT('',(-6.290975776513,1.176275384135,0.));
#2555 = CARTESIAN_POINT('',(-6.304521485948,1.178808136626,
    3.950966311744));
#2556 = CARTESIAN_POINT('',(-6.32558923876,1.182747347316,7.915188641292
    ));
#2557 = CARTESIAN_POINT('',(-5.847443646327,1.093344540758,
    11.841097004811));
#2558 = CARTESIAN_POINT('',(-5.859164230865,1.095536034664,15.8));
#2559 = CARTESIAN_POINT('',(-6.239399862337,1.424741856573,0.));
#2560 = CARTESIAN_POINT('',(-6.256850425031,1.428726622358,
    3.950966311744));
#2561 = CARTESIAN_POINT('',(-6.283991428093,1.434924161215,
    7.915188641292));
#2562 = CARTESIAN_POINT('',(-5.668009690294,1.294267209571,
    11.841097004811));
#2563 = CARTESIAN_POINT('',(-5.683108995079,1.297715075072,15.8));
#2564 = DEFINITIONAL_REPRESENTATION('',(#2565),#2569);
#2565 = LINE('',#2566,#2567);
#2566 = CARTESIAN_POINT('',(0.,0.));
#2567 = VECTOR('',#2568,1.);
#2568 = DIRECTION('',(1.,0.));
#2569 = ( GEOMETRIC_REPRESENTATION_CONTEXT(2) 
PARAMETRIC_REPRESENTATION_CONTEXT() REPRESENTATION_CONTEXT('2D SPACE',''
  ) );
#2570 = ORIENTED_EDGE('',*,*,#2571,.F.);
#2571 = EDGE_CURVE('',#2572,#2540,#2574,.T.);
#2572 = VERTEX_POINT('',#2573);
#2573 = CARTESIAN_POINT('',(-6.331302296248,0.935206519184,0.));
#2574 = SURFACE_CURVE('',#2575,(#2578,#2584),.PCURVE_S1.);
#2575 = B_SPLINE_CURVE_WITH_KNOTS('',1,(#2576,#2577),.UNSPECIFIED.,.F.,
  .F.,(2,2),(84.,85.),.PIECEWISE_BEZIER_KNOTS.);
#2576 = CARTESIAN_POINT('',(-6.331302296248,0.935206519184,0.));
#2577 = CARTESIAN_POINT('',(-6.290975776513,1.176275384135,0.));
#2578 = PCURVE('',#71,#2579);
#2579 = DEFINITIONAL_REPRESENTATION('',(#2580),#2583);
#2580 = B_SPLINE_CURVE_WITH_KNOTS('',1,(#2581,#2582),.UNSPECIFIED.,.F.,
  .F.,(2,2),(84.,85.),.PIECEWISE_BEZIER_KNOTS.);
#2581 = CARTESIAN_POINT('',(12.731302296248,-0.935206519184));
#2582 = CARTESIAN_POINT('',(12.690975776513,-1.176275384135));
#2583 = ( GEOMETRIC_REPRESENTATION_CONTEXT(2) 
PARAMETRIC_REPRESENTATION_CONTEXT() REPRESENTATION_CONTEXT('2D SPACE',''
  ) );
#2584 = PCURVE('',#2585,#2596);
#2585 = ( BOUNDED_SURFACE() B_SPLINE_SURFACE(1,4,(
    (#2586,#2587,#2588,#2589,#2590)
    ,(#2591,#2592,#2593,#2594,#2595
)),.UNSPECIFIED.,.F.,.F.,.F.) B_SPLINE_SURFACE_WITH_KNOTS((2,2),(5,5),(
    84.,85.),(0.,1.),.PIECEWISE_BEZIER_KNOTS.) 
GEOMETRIC_REPRESENTATION_ITEM() RATIONAL_B_SPLINE_SURFACE((
    (1.,1.,1.,1.,1.)
,(1.,1.,1.,1.,1.))) REPRESENTATION_ITEM('') SURFACE() );
#2586 = CARTESIAN_POINT('',(-6.331302296248,0.935206519184,0.));
#2587 = CARTESIAN_POINT('',(-6.340865278456,0.936619082174,
    3.950966311744));
#2588 = CARTESIAN_POINT('',(-6.355738662996,0.938816052961,
    7.915188641292));
#2589 = CARTESIAN_POINT('',(-6.018178063816,0.888954451318,
    11.841097004811));
#2590 = CARTESIAN_POINT('',(-6.026452546739,0.890176688073,15.8));
#2591 = CARTESIAN_POINT('',(-6.290975776513,1.176275384135,0.));
#2592 = CARTESIAN_POINT('',(-6.304521485948,1.178808136626,
    3.950966311744));
#2593 = CARTESIAN_POINT('',(-6.32558923876,1.182747347316,7.915188641292
    ));
#2594 = CARTESIAN_POINT('',(-5.847443646327,1.093344540758,
    11.841097004811));
#2595 = CARTESIAN_POINT('',(-5.859164230865,1.095536034664,15.8));
#2596 = DEFINITIONAL_REPRESENTATION('',(#2597),#2601);
#2597 = LINE('',#2598,#2599);
#2598 = CARTESIAN_POINT('',(0.,0.));
#2599 = VECTOR('',#2600,1.);
#2600 = DIRECTION('',(1.,0.));
#2601 = ( GEOMETRIC_REPRESENTATION_CONTEXT(2) 
PARAMETRIC_REPRESENTATION_CONTEXT() REPRESENTATION_CONTEXT('2D SPACE',''
  ) );
#2602 = ORIENTED_EDGE('',*,*,#2603,.F.);
#2603 = EDGE_CURVE('',#2604,#2572,#2606,.T.);
#2604 = VERTEX_POINT('',#2605);
#2605 = CARTESIAN_POINT('',(-6.361562539469,0.700372798179,0.));
#2606 = SURFACE_CURVE('',#2607,(#2610,#2616),.PCURVE_S1.);
#2607 = B_SPLINE_CURVE_WITH_KNOTS('',1,(#2608,#2609),.UNSPECIFIED.,.F.,
  .F.,(2,2),(83.,84.),.PIECEWISE_BEZIER_KNOTS.);
#2608 = CARTESIAN_POINT('',(-6.361562539469,0.700372798179,0.));
#2609 = CARTESIAN_POINT('',(-6.331302296248,0.935206519184,0.));
#2610 = PCURVE('',#71,#2611);
#2611 = DEFINITIONAL_REPRESENTATION('',(#2612),#2615);
#2612 = B_SPLINE_CURVE_WITH_KNOTS('',1,(#2613,#2614),.UNSPECIFIED.,.F.,
  .F.,(2,2),(83.,84.),.PIECEWISE_BEZIER_KNOTS.);
#2613 = CARTESIAN_POINT('',(12.761562539469,-0.700372798179));
#2614 = CARTESIAN_POINT('',(12.731302296248,-0.935206519184));
#2615 = ( GEOMETRIC_REPRESENTATION_CONTEXT(2) 
PARAMETRIC_REPRESENTATION_CONTEXT() REPRESENTATION_CONTEXT('2D SPACE',''
  ) );
#2616 = PCURVE('',#2617,#2628);
#2617 = ( BOUNDED_SURFACE() B_SPLINE_SURFACE(1,4,(
    (#2618,#2619,#2620,#2621,#2622)
    ,(#2623,#2624,#2625,#2626,#2627
)),.UNSPECIFIED.,.F.,.F.,.F.) B_SPLINE_SURFACE_WITH_KNOTS((2,2),(5,5),(
    83.,84.),(0.,1.),.PIECEWISE_BEZIER_KNOTS.) 
GEOMETRIC_REPRESENTATION_ITEM() RATIONAL_B_SPLINE_SURFACE((
    (1.,1.,1.,1.,1.)
,(1.,1.,1.,1.,1.))) REPRESENTATION_ITEM('') SURFACE() );
#2618 = CARTESIAN_POINT('',(-6.361562539469,0.700372798179,0.));
#2619 = CARTESIAN_POINT('',(-6.367427184626,0.701018463125,
    3.950966311744));
#2620 = CARTESIAN_POINT('',(-6.376548515264,0.702022671105,
    7.915188641292));
#2621 = CARTESIAN_POINT('',(-6.16953431299,0.679231554109,
    11.841097004811));
#2622 = CARTESIAN_POINT('',(-6.174608766246,0.679790223305,15.8));
#2623 = CARTESIAN_POINT('',(-6.331302296248,0.935206519184,0.));
#2624 = CARTESIAN_POINT('',(-6.340865278456,0.936619082174,
    3.950966311744));
#2625 = CARTESIAN_POINT('',(-6.355738662996,0.938816052961,
    7.915188641292));
#2626 = CARTESIAN_POINT('',(-6.018178063816,0.888954451318,
    11.841097004811));
#2627 = CARTESIAN_POINT('',(-6.026452546739,0.890176688073,15.8));
#2628 = DEFINITIONAL_REPRESENTATION('',(#2629),#2633);
#2629 = LINE('',#2630,#2631);
#2630 = CARTESIAN_POINT('',(0.,0.));
#2631 = VECTOR('',#2632,1.);
#2632 = DIRECTION('',(1.,0.));
#2633 = ( GEOMETRIC_REPRESENTATION_CONTEXT(2) 
PARAMETRIC_REPRESENTATION_CONTEXT() REPRESENTATION_CONTEXT('2D SPACE',''
  ) );
#2634 = ORIENTED_EDGE('',*,*,#2635,.F.);
#2635 = EDGE_CURVE('',#2636,#2604,#2638,.T.);
#2636 = VERTEX_POINT('',#2637);
#2637 = CARTESIAN_POINT('',(-6.382784407908,0.469108944884,0.));
#2638 = SURFACE_CURVE('',#2639,(#2642,#2648),.PCURVE_S1.);
#2639 = B_SPLINE_CURVE_WITH_KNOTS('',1,(#2640,#2641),.UNSPECIFIED.,.F.,
  .F.,(2,2),(82.,83.),.PIECEWISE_BEZIER_KNOTS.);
#2640 = CARTESIAN_POINT('',(-6.382784407908,0.469108944884,0.));
#2641 = CARTESIAN_POINT('',(-6.361562539469,0.700372798179,0.));
#2642 = PCURVE('',#71,#2643);
#2643 = DEFINITIONAL_REPRESENTATION('',(#2644),#2647);
#2644 = B_SPLINE_CURVE_WITH_KNOTS('',1,(#2645,#2646),.UNSPECIFIED.,.F.,
  .F.,(2,2),(82.,83.),.PIECEWISE_BEZIER_KNOTS.);
#2645 = CARTESIAN_POINT('',(12.782784407908,-0.469108944884));
#2646 = CARTESIAN_POINT('',(12.761562539469,-0.700372798179));
#2647 = ( GEOMETRIC_REPRESENTATION_CONTEXT(2) 
PARAMETRIC_REPRESENTATION_CONTEXT() REPRESENTATION_CONTEXT('2D SPACE',''
  ) );
#2648 = PCURVE('',#2649,#2660);
#2649 = ( BOUNDED_SURFACE() B_SPLINE_SURFACE(1,4,(
    (#2650,#2651,#2652,#2653,#2654)
    ,(#2655,#2656,#2657,#2658,#2659
)),.UNSPECIFIED.,.F.,.F.,.F.) B_SPLINE_SURFACE_WITH_KNOTS((2,2),(5,5),(
    82.,83.),(0.,1.),.PIECEWISE_BEZIER_KNOTS.) 
GEOMETRIC_REPRESENTATION_ITEM() RATIONAL_B_SPLINE_SURFACE((
    (1.,1.,1.,1.,1.)
,(1.,1.,1.,1.,1.))) REPRESENTATION_ITEM('') SURFACE() );
#2650 = CARTESIAN_POINT('',(-6.382784407908,0.469108944884,0.));
#2651 = CARTESIAN_POINT('',(-6.385592501281,0.469315328436,
    3.950966311744));
#2652 = CARTESIAN_POINT('',(-6.389959951899,0.469636318465,
    7.915188641292));
#2653 = CARTESIAN_POINT('',(-6.290837977087,0.462351252568,
    11.841097004811));
#2654 = CARTESIAN_POINT('',(-6.293267712933,0.462529828366,15.8));
#2655 = CARTESIAN_POINT('',(-6.361562539469,0.700372798179,0.));
#2656 = CARTESIAN_POINT('',(-6.367427184626,0.701018463125,
    3.950966311744));
#2657 = CARTESIAN_POINT('',(-6.376548515264,0.702022671105,
    7.915188641292));
#2658 = CARTESIAN_POINT('',(-6.16953431299,0.679231554109,
    11.841097004811));
#2659 = CARTESIAN_POINT('',(-6.174608766246,0.679790223305,15.8));
#2660 = DEFINITIONAL_REPRESENTATION('',(#2661),#2665);
#2661 = LINE('',#2662,#2663);
#2662 = CARTESIAN_POINT('',(0.,0.));
#2663 = VECTOR('',#2664,1.);
#2664 = DIRECTION('',(1.,0.));
#2665 = ( GEOMETRIC_REPRESENTATION_CONTEXT(2) 
PARAMETRIC_REPRESENTATION_CONTEXT() REPRESENTATION_CONTEXT('2D SPACE',''
  ) );
#2666 = ORIENTED_EDGE('',*,*,#2667,.F.);
#2667 = EDGE_CURVE('',#2668,#2636,#2670,.T.);
#2668 = VERTEX_POINT('',#2669);
#2669 = CARTESIAN_POINT('',(-6.395594631949,0.237422205755,0.));
#2670 = SURFACE_CURVE('',#2671,(#2674,#2680),.PCURVE_S1.);
#2671 = B_SPLINE_CURVE_WITH_KNOTS('',1,(#2672,#2673),.UNSPECIFIED.,.F.,
  .F.,(2,2),(81.,82.),.PIECEWISE_BEZIER_KNOTS.);
#2672 = CARTESIAN_POINT('',(-6.395594631949,0.237422205755,0.));
#2673 = CARTESIAN_POINT('',(-6.382784407908,0.469108944884,0.));
#2674 = PCURVE('',#71,#2675);
#2675 = DEFINITIONAL_REPRESENTATION('',(#2676),#2679);
#2676 = B_SPLINE_CURVE_WITH_KNOTS('',1,(#2677,#2678),.UNSPECIFIED.,.F.,
  .F.,(2,2),(81.,82.),.PIECEWISE_BEZIER_KNOTS.);
#2677 = CARTESIAN_POINT('',(12.795594631949,-0.237422205755));
#2678 = CARTESIAN_POINT('',(12.782784407908,-0.469108944884));
#2679 = ( GEOMETRIC_REPRESENTATION_CONTEXT(2) 
PARAMETRIC_REPRESENTATION_CONTEXT() REPRESENTATION_CONTEXT('2D SPACE',''
  ) );
#2680 = PCURVE('',#2681,#2692);
#2681 = ( BOUNDED_SURFACE() B_SPLINE_SURFACE(1,4,(
    (#2682,#2683,#2684,#2685,#2686)
    ,(#2687,#2688,#2689,#2690,#2691
)),.UNSPECIFIED.,.F.,.F.,.F.) B_SPLINE_SURFACE_WITH_KNOTS((2,2),(5,5),(
    81.,82.),(0.,1.),.PIECEWISE_BEZIER_KNOTS.) 
GEOMETRIC_REPRESENTATION_ITEM() RATIONAL_B_SPLINE_SURFACE((
    (1.,1.,1.,1.,1.)
,(1.,1.,1.,1.,1.))) REPRESENTATION_ITEM('') SURFACE() );
#2682 = CARTESIAN_POINT('',(-6.395594631949,0.237422205755,0.));
#2683 = CARTESIAN_POINT('',(-6.396332769354,0.237449607462,
    3.950966311744));
#2684 = CARTESIAN_POINT('',(-6.397480800506,0.237492225561,
    7.915188641292));
#2685 = CARTESIAN_POINT('',(-6.371425528266,0.236524981612,
    11.841097004811));
#2686 = CARTESIAN_POINT('',(-6.372064210345,0.236548691262,15.8));
#2687 = CARTESIAN_POINT('',(-6.382784407908,0.469108944884,0.));
#2688 = CARTESIAN_POINT('',(-6.385592501281,0.469315328436,
    3.950966311744));
#2689 = CARTESIAN_POINT('',(-6.389959951899,0.469636318465,
    7.915188641292));
#2690 = CARTESIAN_POINT('',(-6.290837977087,0.462351252568,
    11.841097004811));
#2691 = CARTESIAN_POINT('',(-6.293267712933,0.462529828366,15.8));
#2692 = DEFINITIONAL_REPRESENTATION('',(#2693),#2697);
#2693 = LINE('',#2694,#2695);
#2694 = CARTESIAN_POINT('',(0.,0.));
#2695 = VECTOR('',#2696,1.);
#2696 = DIRECTION('',(1.,0.));
#2697 = ( GEOMETRIC_REPRESENTATION_CONTEXT(2) 
PARAMETRIC_REPRESENTATION_CONTEXT() REPRESENTATION_CONTEXT('2D SPACE',''
  ) );
#2698 = ORIENTED_EDGE('',*,*,#2699,.F.);
#2699 = EDGE_CURVE('',#2700,#2668,#2702,.T.);
#2700 = VERTEX_POINT('',#2701);
#2701 = CARTESIAN_POINT('',(-6.4,-0.,0.));
#2702 = SURFACE_CURVE('',#2703,(#2706,#2712),.PCURVE_S1.);
#2703 = B_SPLINE_CURVE_WITH_KNOTS('',1,(#2704,#2705),.UNSPECIFIED.,.F.,
  .F.,(2,2),(80.,81.),.PIECEWISE_BEZIER_KNOTS.);
#2704 = CARTESIAN_POINT('',(-6.4,0.,0.));
#2705 = CARTESIAN_POINT('',(-6.395594631949,0.237422205755,0.));
#2706 = PCURVE('',#71,#2707);
#2707 = DEFINITIONAL_REPRESENTATION('',(#2708),#2711);
#2708 = B_SPLINE_CURVE_WITH_KNOTS('',1,(#2709,#2710),.UNSPECIFIED.,.F.,
  .F.,(2,2),(80.,81.),.PIECEWISE_BEZIER_KNOTS.);
#2709 = CARTESIAN_POINT('',(12.8,0.));
#2710 = CARTESIAN_POINT('',(12.795594631949,-0.237422205755));
#2711 = ( GEOMETRIC_REPRESENTATION_CONTEXT(2) 
PARAMETRIC_REPRESENTATION_CONTEXT() REPRESENTATION_CONTEXT('2D SPACE',''
  ) );
#2712 = PCURVE('',#2713,#2724);
#2713 = ( BOUNDED_SURFACE() B_SPLINE_SURFACE(1,4,(
    (#2714,#2715,#2716,#2717,#2718)
    ,(#2719,#2720,#2721,#2722,#2723
)),.UNSPECIFIED.,.F.,.F.,.F.) B_SPLINE_SURFACE_WITH_KNOTS((2,2),(5,5),(
    80.,81.),(0.,1.),.PIECEWISE_BEZIER_KNOTS.) 
GEOMETRIC_REPRESENTATION_ITEM() RATIONAL_B_SPLINE_SURFACE((
    (1.,1.,1.,1.,1.)
,(1.,1.,1.,1.,1.))) REPRESENTATION_ITEM('') SURFACE() );
#2714 = CARTESIAN_POINT('',(-6.4,0.,0.));
#2715 = CARTESIAN_POINT('',(-6.399980140537,0.,3.950966311744));
#2716 = CARTESIAN_POINT('',(-6.399949252953,0.,7.915188641292));
#2717 = CARTESIAN_POINT('',(-6.400650265661,0.,11.841097004811));
#2718 = CARTESIAN_POINT('',(-6.400633082027,0.,15.8));
#2719 = CARTESIAN_POINT('',(-6.395594631949,0.237422205755,0.));
#2720 = CARTESIAN_POINT('',(-6.396332769354,0.237449607462,
    3.950966311744));
#2721 = CARTESIAN_POINT('',(-6.397480800506,0.237492225561,
    7.915188641292));
#2722 = CARTESIAN_POINT('',(-6.371425528266,0.236524981612,
    11.841097004811));
#2723 = CARTESIAN_POINT('',(-6.372064210345,0.236548691262,15.8));
#2724 = DEFINITIONAL_REPRESENTATION('',(#2725),#2729);
#2725 = LINE('',#2726,#2727);
#2726 = CARTESIAN_POINT('',(0.,0.));
#2727 = VECTOR('',#2728,1.);
#2728 = DIRECTION('',(1.,0.));
#2729 = ( GEOMETRIC_REPRESENTATION_CONTEXT(2) 
PARAMETRIC_REPRESENTATION_CONTEXT() REPRESENTATION_CONTEXT('2D SPACE',''
  ) );
#2730 = ORIENTED_EDGE('',*,*,#2731,.F.);
#2731 = EDGE_CURVE('',#2732,#2700,#2734,.T.);
#2732 = VERTEX_POINT('',#2733);
#2733 = CARTESIAN_POINT('',(-6.395606271142,-0.237108465759,0.));
#2734 = SURFACE_CURVE('',#2735,(#2738,#2744),.PCURVE_S1.);
#2735 = B_SPLINE_CURVE_WITH_KNOTS('',1,(#2736,#2737),.UNSPECIFIED.,.F.,
  .F.,(2,2),(79.,80.),.PIECEWISE_BEZIER_KNOTS.);
#2736 = CARTESIAN_POINT('',(-6.395606271142,-0.237108465759,0.));
#2737 = CARTESIAN_POINT('',(-6.4,0.,0.));
#2738 = PCURVE('',#71,#2739);
#2739 = DEFINITIONAL_REPRESENTATION('',(#2740),#2743);
#2740 = B_SPLINE_CURVE_WITH_KNOTS('',1,(#2741,#2742),.UNSPECIFIED.,.F.,
  .F.,(2,2),(79.,80.),.PIECEWISE_BEZIER_KNOTS.);
#2741 = CARTESIAN_POINT('',(12.795606271142,0.237108465759));
#2742 = CARTESIAN_POINT('',(12.8,0.));
#2743 = ( GEOMETRIC_REPRESENTATION_CONTEXT(2) 
PARAMETRIC_REPRESENTATION_CONTEXT() REPRESENTATION_CONTEXT('2D SPACE',''
  ) );
#2744 = PCURVE('',#2745,#2756);
#2745 = ( BOUNDED_SURFACE() B_SPLINE_SURFACE(1,4,(
    (#2746,#2747,#2748,#2749,#2750)
    ,(#2751,#2752,#2753,#2754,#2755
)),.UNSPECIFIED.,.F.,.F.,.F.) B_SPLINE_SURFACE_WITH_KNOTS((2,2),(5,5),(
    79.,80.),(0.,1.),.PIECEWISE_BEZIER_KNOTS.) 
GEOMETRIC_REPRESENTATION_ITEM() RATIONAL_B_SPLINE_SURFACE((
    (1.,1.,1.,1.,1.)
,(1.,1.,1.,1.,1.))) REPRESENTATION_ITEM('') SURFACE() );
#2746 = CARTESIAN_POINT('',(-6.395606271142,-0.237108465759,0.));
#2747 = CARTESIAN_POINT('',(-6.396344773663,-0.237135844742,
    3.950966311744));
#2748 = CARTESIAN_POINT('',(-6.397493372681,-0.2371784275,7.915188641292
    ));
#2749 = CARTESIAN_POINT('',(-6.371425212345,-0.236211985658,
    11.841097004811));
#2750 = CARTESIAN_POINT('',(-6.372064210345,-0.236235675646,15.8));
#2751 = CARTESIAN_POINT('',(-6.4,0.,0.));
#2752 = CARTESIAN_POINT('',(-6.399980140537,0.,3.950966311744));
#2753 = CARTESIAN_POINT('',(-6.399949252953,0.,7.915188641292));
#2754 = CARTESIAN_POINT('',(-6.400650265661,0.,11.841097004811));
#2755 = CARTESIAN_POINT('',(-6.400633082027,0.,15.8));
#2756 = DEFINITIONAL_REPRESENTATION('',(#2757),#2761);
#2757 = LINE('',#2758,#2759);
#2758 = CARTESIAN_POINT('',(0.,0.));
#2759 = VECTOR('',#2760,1.);
#2760 = DIRECTION('',(1.,0.));
#2761 = ( GEOMETRIC_REPRESENTATION_CONTEXT(2) 
PARAMETRIC_REPRESENTATION_CONTEXT() REPRESENTATION_CONTEXT('2D SPACE',''
  ) );
#2762 = ORIENTED_EDGE('',*,*,#2763,.F.);
#2763 = EDGE_CURVE('',#2764,#2732,#2766,.T.);
#2764 = VERTEX_POINT('',#2765);
#2765 = CARTESIAN_POINT('',(-6.382820951948,-0.468611454589,0.));
#2766 = SURFACE_CURVE('',#2767,(#2770,#2776),.PCURVE_S1.);
#2767 = B_SPLINE_CURVE_WITH_KNOTS('',1,(#2768,#2769),.UNSPECIFIED.,.F.,
  .F.,(2,2),(78.,79.),.PIECEWISE_BEZIER_KNOTS.);
#2768 = CARTESIAN_POINT('',(-6.382820951948,-0.468611454589,0.));
#2769 = CARTESIAN_POINT('',(-6.395606271142,-0.237108465759,0.));
#2770 = PCURVE('',#71,#2771);
#2771 = DEFINITIONAL_REPRESENTATION('',(#2772),#2775);
#2772 = B_SPLINE_CURVE_WITH_KNOTS('',1,(#2773,#2774),.UNSPECIFIED.,.F.,
  .F.,(2,2),(78.,79.),.PIECEWISE_BEZIER_KNOTS.);
#2773 = CARTESIAN_POINT('',(12.782820951948,0.468611454589));
#2774 = CARTESIAN_POINT('',(12.795606271142,0.237108465759));
#2775 = ( GEOMETRIC_REPRESENTATION_CONTEXT(2) 
PARAMETRIC_REPRESENTATION_CONTEXT() REPRESENTATION_CONTEXT('2D SPACE',''
  ) );
#2776 = PCURVE('',#2777,#2788);
#2777 = ( BOUNDED_SURFACE() B_SPLINE_SURFACE(1,4,(
    (#2778,#2779,#2780,#2781,#2782)
    ,(#2783,#2784,#2785,#2786,#2787
)),.UNSPECIFIED.,.F.,.F.,.F.) B_SPLINE_SURFACE_WITH_KNOTS((2,2),(5,5),(
    78.,79.),(0.,1.),.PIECEWISE_BEZIER_KNOTS.) 
GEOMETRIC_REPRESENTATION_ITEM() RATIONAL_B_SPLINE_SURFACE((
    (1.,1.,1.,1.,1.)
,(1.,1.,1.,1.,1.))) REPRESENTATION_ITEM('') SURFACE() );
#2778 = CARTESIAN_POINT('',(-6.382820951948,-0.468611454589,0.));
#2779 = CARTESIAN_POINT('',(-6.385630191689,-0.468817702255,
    3.950966311744));
#2780 = CARTESIAN_POINT('',(-6.389999425263,-0.469138480938,
    7.915188641292));
#2781 = CARTESIAN_POINT('',(-6.290836985179,-0.461858211659,
    11.841097004811));
#2782 = CARTESIAN_POINT('',(-6.293267712933,-0.46203666988,15.8));
#2783 = CARTESIAN_POINT('',(-6.395606271142,-0.237108465759,0.));
#2784 = CARTESIAN_POINT('',(-6.396344773663,-0.237135844742,
    3.950966311744));
#2785 = CARTESIAN_POINT('',(-6.397493372681,-0.2371784275,7.915188641292
    ));
#2786 = CARTESIAN_POINT('',(-6.371425212345,-0.236211985658,
    11.841097004811));
#2787 = CARTESIAN_POINT('',(-6.372064210345,-0.236235675646,15.8));
#2788 = DEFINITIONAL_REPRESENTATION('',(#2789),#2793);
#2789 = LINE('',#2790,#2791);
#2790 = CARTESIAN_POINT('',(0.,0.));
#2791 = VECTOR('',#2792,1.);
#2792 = DIRECTION('',(1.,0.));
#2793 = ( GEOMETRIC_REPRESENTATION_CONTEXT(2) 
PARAMETRIC_REPRESENTATION_CONTEXT() REPRESENTATION_CONTEXT('2D SPACE',''
  ) );
#2794 = ORIENTED_EDGE('',*,*,#2795,.F.);
#2795 = EDGE_CURVE('',#2796,#2764,#2798,.T.);
#2796 = VERTEX_POINT('',#2797);
#2797 = CARTESIAN_POINT('',(-6.361625717404,-0.699798707964,0.));
#2798 = SURFACE_CURVE('',#2799,(#2802,#2808),.PCURVE_S1.);
#2799 = B_SPLINE_CURVE_WITH_KNOTS('',1,(#2800,#2801),.UNSPECIFIED.,.F.,
  .F.,(2,2),(77.,78.),.PIECEWISE_BEZIER_KNOTS.);
#2800 = CARTESIAN_POINT('',(-6.361625717404,-0.699798707964,0.));
#2801 = CARTESIAN_POINT('',(-6.382820951948,-0.468611454589,0.));
#2802 = PCURVE('',#71,#2803);
#2803 = DEFINITIONAL_REPRESENTATION('',(#2804),#2807);
#2804 = B_SPLINE_CURVE_WITH_KNOTS('',1,(#2805,#2806),.UNSPECIFIED.,.F.,
  .F.,(2,2),(77.,78.),.PIECEWISE_BEZIER_KNOTS.);
#2805 = CARTESIAN_POINT('',(12.761625717404,0.699798707964));
#2806 = CARTESIAN_POINT('',(12.782820951948,0.468611454589));
#2807 = ( GEOMETRIC_REPRESENTATION_CONTEXT(2) 
PARAMETRIC_REPRESENTATION_CONTEXT() REPRESENTATION_CONTEXT('2D SPACE',''
  ) );
#2808 = PCURVE('',#2809,#2820);
#2809 = ( BOUNDED_SURFACE() B_SPLINE_SURFACE(1,4,(
    (#2810,#2811,#2812,#2813,#2814)
    ,(#2815,#2816,#2817,#2818,#2819
)),.UNSPECIFIED.,.F.,.F.,.F.) B_SPLINE_SURFACE_WITH_KNOTS((2,2),(5,5),(
    77.,78.),(0.,1.),.PIECEWISE_BEZIER_KNOTS.) 
GEOMETRIC_REPRESENTATION_ITEM() RATIONAL_B_SPLINE_SURFACE((
    (1.,1.,1.,1.,1.)
,(1.,1.,1.,1.,1.))) REPRESENTATION_ITEM('') SURFACE() );
#2810 = CARTESIAN_POINT('',(-6.361625717404,-0.699798707964,0.));
#2811 = CARTESIAN_POINT('',(-6.36749234442,-0.700444055268,
    3.950966311744));
#2812 = CARTESIAN_POINT('',(-6.376616757462,-0.701447769215,
    7.915188641292));
#2813 = CARTESIAN_POINT('',(-6.169532598163,-0.678667864588,
    11.841097004811));
#2814 = CARTESIAN_POINT('',(-6.174608766246,-0.679226258939,15.8));
#2815 = CARTESIAN_POINT('',(-6.382820951948,-0.468611454589,0.));
#2816 = CARTESIAN_POINT('',(-6.385630191689,-0.468817702255,
    3.950966311744));
#2817 = CARTESIAN_POINT('',(-6.389999425263,-0.469138480938,
    7.915188641292));
#2818 = CARTESIAN_POINT('',(-6.290836985179,-0.461858211659,
    11.841097004811));
#2819 = CARTESIAN_POINT('',(-6.293267712933,-0.46203666988,15.8));
#2820 = DEFINITIONAL_REPRESENTATION('',(#2821),#2825);
#2821 = LINE('',#2822,#2823);
#2822 = CARTESIAN_POINT('',(0.,0.));
#2823 = VECTOR('',#2824,1.);
#2824 = DIRECTION('',(1.,0.));
#2825 = ( GEOMETRIC_REPRESENTATION_CONTEXT(2) 
PARAMETRIC_REPRESENTATION_CONTEXT() REPRESENTATION_CONTEXT('2D SPACE',''
  ) );
#2826 = ORIENTED_EDGE('',*,*,#2827,.F.);
#2827 = EDGE_CURVE('',#2828,#2796,#2830,.T.);
#2828 = VERTEX_POINT('',#2829);
#2829 = CARTESIAN_POINT('',(-6.331385644099,-0.934642084274,0.));
#2830 = SURFACE_CURVE('',#2831,(#2834,#2840),.PCURVE_S1.);
#2831 = B_SPLINE_CURVE_WITH_KNOTS('',1,(#2832,#2833),.UNSPECIFIED.,.F.,
  .F.,(2,2),(76.,77.),.PIECEWISE_BEZIER_KNOTS.);
#2832 = CARTESIAN_POINT('',(-6.331385644099,-0.934642084274,0.));
#2833 = CARTESIAN_POINT('',(-6.361625717404,-0.699798707964,0.));
#2834 = PCURVE('',#71,#2835);
#2835 = DEFINITIONAL_REPRESENTATION('',(#2836),#2839);
#2836 = B_SPLINE_CURVE_WITH_KNOTS('',1,(#2837,#2838),.UNSPECIFIED.,.F.,
  .F.,(2,2),(76.,77.),.PIECEWISE_BEZIER_KNOTS.);
#2837 = CARTESIAN_POINT('',(12.731385644099,0.934642084274));
#2838 = CARTESIAN_POINT('',(12.761625717404,0.699798707964));
#2839 = ( GEOMETRIC_REPRESENTATION_CONTEXT(2) 
PARAMETRIC_REPRESENTATION_CONTEXT() REPRESENTATION_CONTEXT('2D SPACE',''
  ) );
#2840 = PCURVE('',#2841,#2852);
#2841 = ( BOUNDED_SURFACE() B_SPLINE_SURFACE(1,4,(
    (#2842,#2843,#2844,#2845,#2846)
    ,(#2847,#2848,#2849,#2850,#2851
)),.UNSPECIFIED.,.F.,.F.,.F.) B_SPLINE_SURFACE_WITH_KNOTS((2,2),(5,5),(
    76.,77.),(0.,1.),.PIECEWISE_BEZIER_KNOTS.) 
GEOMETRIC_REPRESENTATION_ITEM() RATIONAL_B_SPLINE_SURFACE((
    (1.,1.,1.,1.,1.)
,(1.,1.,1.,1.,1.))) REPRESENTATION_ITEM('') SURFACE() );
#2842 = CARTESIAN_POINT('',(-6.331385644099,-0.934642084274,0.));
#2843 = CARTESIAN_POINT('',(-6.340951240887,-0.936054162107,
    3.950966311744));
#2844 = CARTESIAN_POINT('',(-6.355828691904,-0.938250378324,
    7.915188641292));
#2845 = CARTESIAN_POINT('',(-6.01817580152,-0.888405902095,
    11.841097004811));
#2846 = CARTESIAN_POINT('',(-6.026452546739,-0.889627719062,15.8));
#2847 = CARTESIAN_POINT('',(-6.361625717404,-0.699798707964,0.));
#2848 = CARTESIAN_POINT('',(-6.36749234442,-0.700444055268,
    3.950966311744));
#2849 = CARTESIAN_POINT('',(-6.376616757462,-0.701447769215,
    7.915188641292));
#2850 = CARTESIAN_POINT('',(-6.169532598163,-0.678667864588,
    11.841097004811));
#2851 = CARTESIAN_POINT('',(-6.174608766246,-0.679226258939,15.8));
#2852 = DEFINITIONAL_REPRESENTATION('',(#2853),#2857);
#2853 = LINE('',#2854,#2855);
#2854 = CARTESIAN_POINT('',(0.,0.));
#2855 = VECTOR('',#2856,1.);
#2856 = DIRECTION('',(1.,0.));
#2857 = ( GEOMETRIC_REPRESENTATION_CONTEXT(2) 
PARAMETRIC_REPRESENTATION_CONTEXT() REPRESENTATION_CONTEXT('2D SPACE',''
  ) );
#2858 = ORIENTED_EDGE('',*,*,#2859,.F.);
#2859 = EDGE_CURVE('',#2860,#2828,#2862,.T.);
#2860 = VERTEX_POINT('',#2861);
#2861 = CARTESIAN_POINT('',(-6.291067259174,-1.175786009677,0.));
#2862 = SURFACE_CURVE('',#2863,(#2866,#2872),.PCURVE_S1.);
#2863 = B_SPLINE_CURVE_WITH_KNOTS('',1,(#2864,#2865),.UNSPECIFIED.,.F.,
  .F.,(2,2),(75.,76.),.PIECEWISE_BEZIER_KNOTS.);
#2864 = CARTESIAN_POINT('',(-6.291067259174,-1.175786009677,0.));
#2865 = CARTESIAN_POINT('',(-6.331385644099,-0.934642084274,0.));
#2866 = PCURVE('',#71,#2867);
#2867 = DEFINITIONAL_REPRESENTATION('',(#2868),#2871);
#2868 = B_SPLINE_CURVE_WITH_KNOTS('',1,(#2869,#2870),.UNSPECIFIED.,.F.,
  .F.,(2,2),(75.,76.),.PIECEWISE_BEZIER_KNOTS.);
#2869 = CARTESIAN_POINT('',(12.691067259174,1.175786009677));
#2870 = CARTESIAN_POINT('',(12.731385644099,0.934642084274));
#2871 = ( GEOMETRIC_REPRESENTATION_CONTEXT(2) 
PARAMETRIC_REPRESENTATION_CONTEXT() REPRESENTATION_CONTEXT('2D SPACE',''
  ) );
#2872 = PCURVE('',#2873,#2884);
#2873 = ( BOUNDED_SURFACE() B_SPLINE_SURFACE(1,4,(
    (#2874,#2875,#2876,#2877,#2878)
    ,(#2879,#2880,#2881,#2882,#2883
)),.UNSPECIFIED.,.F.,.F.,.F.) B_SPLINE_SURFACE_WITH_KNOTS((2,2),(5,5),(
    75.,76.),(0.,1.),.PIECEWISE_BEZIER_KNOTS.) 
GEOMETRIC_REPRESENTATION_ITEM() RATIONAL_B_SPLINE_SURFACE((
    (1.,1.,1.,1.,1.)
,(1.,1.,1.,1.,1.))) REPRESENTATION_ITEM('') SURFACE() );
#2874 = CARTESIAN_POINT('',(-6.291067259174,-1.175786009677,0.));
#2875 = CARTESIAN_POINT('',(-6.304615838373,-1.178318207986,
    3.950966311744));
#2876 = CARTESIAN_POINT('',(-6.325688054553,-1.182256556752,
    7.915188641292));
#2877 = CARTESIAN_POINT('',(-5.847441163229,-1.092873312093,
    11.841097004811));
#2878 = CARTESIAN_POINT('',(-5.859164230865,-1.095064326487,15.8));
#2879 = CARTESIAN_POINT('',(-6.331385644099,-0.934642084274,0.));
#2880 = CARTESIAN_POINT('',(-6.340951240887,-0.936054162107,
    3.950966311744));
#2881 = CARTESIAN_POINT('',(-6.355828691904,-0.938250378324,
    7.915188641292));
#2882 = CARTESIAN_POINT('',(-6.01817580152,-0.888405902095,
    11.841097004811));
#2883 = CARTESIAN_POINT('',(-6.026452546739,-0.889627719062,15.8));
#2884 = DEFINITIONAL_REPRESENTATION('',(#2885),#2889);
#2885 = LINE('',#2886,#2887);
#2886 = CARTESIAN_POINT('',(0.,0.));
#2887 = VECTOR('',#2888,1.);
#2888 = DIRECTION('',(1.,0.));
#2889 = ( GEOMETRIC_REPRESENTATION_CONTEXT(2) 
PARAMETRIC_REPRESENTATION_CONTEXT() REPRESENTATION_CONTEXT('2D SPACE',''
  ) );
#2890 = ORIENTED_EDGE('',*,*,#2891,.F.);
#2891 = EDGE_CURVE('',#2892,#2860,#2894,.T.);
#2892 = VERTEX_POINT('',#2893);
#2893 = CARTESIAN_POINT('',(-6.239484610557,-1.424370666161,0.));
#2894 = SURFACE_CURVE('',#2895,(#2898,#2904),.PCURVE_S1.);
#2895 = B_SPLINE_CURVE_WITH_KNOTS('',1,(#2896,#2897),.UNSPECIFIED.,.F.,
  .F.,(2,2),(74.,75.),.PIECEWISE_BEZIER_KNOTS.);
#2896 = CARTESIAN_POINT('',(-6.239484610557,-1.424370666161,0.));
#2897 = CARTESIAN_POINT('',(-6.291067259174,-1.175786009677,0.));
#2898 = PCURVE('',#71,#2899);
#2899 = DEFINITIONAL_REPRESENTATION('',(#2900),#2903);
#2900 = B_SPLINE_CURVE_WITH_KNOTS('',1,(#2901,#2902),.UNSPECIFIED.,.F.,
  .F.,(2,2),(74.,75.),.PIECEWISE_BEZIER_KNOTS.);
#2901 = CARTESIAN_POINT('',(12.639484610557,1.424370666161));
#2902 = CARTESIAN_POINT('',(12.691067259174,1.175786009677));
#2903 = ( GEOMETRIC_REPRESENTATION_CONTEXT(2) 
PARAMETRIC_REPRESENTATION_CONTEXT() REPRESENTATION_CONTEXT('2D SPACE',''
  ) );
#2904 = PCURVE('',#2905,#2916);
#2905 = ( BOUNDED_SURFACE() B_SPLINE_SURFACE(1,4,(
    (#2906,#2907,#2908,#2909,#2910)
    ,(#2911,#2912,#2913,#2914,#2915
)),.UNSPECIFIED.,.F.,.F.,.F.) B_SPLINE_SURFACE_WITH_KNOTS((2,2),(5,5),(
    74.,75.),(0.,1.),.PIECEWISE_BEZIER_KNOTS.) 
GEOMETRIC_REPRESENTATION_ITEM() RATIONAL_B_SPLINE_SURFACE((
    (1.,1.,1.,1.,1.)
,(1.,1.,1.,1.,1.))) REPRESENTATION_ITEM('') SURFACE() );
#2906 = CARTESIAN_POINT('',(-6.239484610557,-1.424370666161,0.));
#2907 = CARTESIAN_POINT('',(-6.25693783176,-1.428354946573,
    3.950966311744));
#2908 = CARTESIAN_POINT('',(-6.284082969622,-1.434551730524,
    7.915188641292));
#2909 = CARTESIAN_POINT('',(-5.668007389988,-1.293911911927,
    11.841097004811));
#2910 = CARTESIAN_POINT('',(-5.683108995079,-1.297359357453,15.8));
#2911 = CARTESIAN_POINT('',(-6.291067259174,-1.175786009677,0.));
#2912 = CARTESIAN_POINT('',(-6.304615838373,-1.178318207986,
    3.950966311744));
#2913 = CARTESIAN_POINT('',(-6.325688054553,-1.182256556752,
    7.915188641292));
#2914 = CARTESIAN_POINT('',(-5.847441163229,-1.092873312093,
    11.841097004811));
#2915 = CARTESIAN_POINT('',(-5.859164230865,-1.095064326487,15.8));
#2916 = DEFINITIONAL_REPRESENTATION('',(#2917),#2921);
#2917 = LINE('',#2918,#2919);
#2918 = CARTESIAN_POINT('',(0.,0.));
#2919 = VECTOR('',#2920,1.);
#2920 = DIRECTION('',(1.,0.));
#2921 = ( GEOMETRIC_REPRESENTATION_CONTEXT(2) 
PARAMETRIC_REPRESENTATION_CONTEXT() REPRESENTATION_CONTEXT('2D SPACE',''
  ) );
#2922 = ORIENTED_EDGE('',*,*,#2923,.F.);
#2923 = EDGE_CURVE('',#2924,#2892,#2926,.T.);
#2924 = VERTEX_POINT('',#2925);
#2925 = CARTESIAN_POINT('',(-6.175632057121,-1.679752569596,0.));
#2926 = SURFACE_CURVE('',#2927,(#2930,#2936),.PCURVE_S1.);
#2927 = B_SPLINE_CURVE_WITH_KNOTS('',1,(#2928,#2929),.UNSPECIFIED.,.F.,
  .F.,(2,2),(73.,74.),.PIECEWISE_BEZIER_KNOTS.);
#2928 = CARTESIAN_POINT('',(-6.175632057121,-1.679752569596,0.));
#2929 = CARTESIAN_POINT('',(-6.239484610557,-1.424370666161,0.));
#2930 = PCURVE('',#71,#2931);
#2931 = DEFINITIONAL_REPRESENTATION('',(#2932),#2935);
#2932 = B_SPLINE_CURVE_WITH_KNOTS('',1,(#2933,#2934),.UNSPECIFIED.,.F.,
  .F.,(2,2),(73.,74.),.PIECEWISE_BEZIER_KNOTS.);
#2933 = CARTESIAN_POINT('',(12.575632057121,1.679752569596));
#2934 = CARTESIAN_POINT('',(12.639484610557,1.424370666161));
#2935 = ( GEOMETRIC_REPRESENTATION_CONTEXT(2) 
PARAMETRIC_REPRESENTATION_CONTEXT() REPRESENTATION_CONTEXT('2D SPACE',''
  ) );
#2936 = PCURVE('',#2937,#2948);
#2937 = ( BOUNDED_SURFACE() B_SPLINE_SURFACE(1,4,(
    (#2938,#2939,#2940,#2941,#2942)
    ,(#2943,#2944,#2945,#2946,#2947
)),.UNSPECIFIED.,.F.,.F.,.F.) B_SPLINE_SURFACE_WITH_KNOTS((2,2),(5,5),(
    73.,74.),(0.,1.),.PIECEWISE_BEZIER_KNOTS.) 
GEOMETRIC_REPRESENTATION_ITEM() RATIONAL_B_SPLINE_SURFACE((
    (1.,1.,1.,1.,1.)
,(1.,1.,1.,1.,1.))) REPRESENTATION_ITEM('') SURFACE() );
#2938 = CARTESIAN_POINT('',(-6.175632057121,-1.679752569596,0.));
#2939 = CARTESIAN_POINT('',(-6.196554883129,-1.685443512714,
    3.950966311744));
#2940 = CARTESIAN_POINT('',(-6.22909632576,-1.694294683148,
    7.915188641292));
#2941 = CARTESIAN_POINT('',(-5.490548294343,-1.493411932675,
    11.841097004811));
#2942 = CARTESIAN_POINT('',(-5.508652015835,-1.498336088197,15.8));
#2943 = CARTESIAN_POINT('',(-6.239484610557,-1.424370666161,0.));
#2944 = CARTESIAN_POINT('',(-6.25693783176,-1.428354946573,
    3.950966311744));
#2945 = CARTESIAN_POINT('',(-6.284082969622,-1.434551730524,
    7.915188641292));
#2946 = CARTESIAN_POINT('',(-5.668007389988,-1.293911911927,
    11.841097004811));
#2947 = CARTESIAN_POINT('',(-5.683108995079,-1.297359357453,15.8));
#2948 = DEFINITIONAL_REPRESENTATION('',(#2949),#2953);
#2949 = LINE('',#2950,#2951);
#2950 = CARTESIAN_POINT('',(0.,0.));
#2951 = VECTOR('',#2952,1.);
#2952 = DIRECTION('',(1.,0.));
#2953 = ( GEOMETRIC_REPRESENTATION_CONTEXT(2) 
PARAMETRIC_REPRESENTATION_CONTEXT() REPRESENTATION_CONTEXT('2D SPACE',''
  ) );
#2954 = ORIENTED_EDGE('',*,*,#2955,.F.);
#2955 = EDGE_CURVE('',#2956,#2924,#2958,.T.);
#2956 = VERTEX_POINT('',#2957);
#2957 = CARTESIAN_POINT('',(-6.09913116268,-1.939226407726,0.));
#2958 = SURFACE_CURVE('',#2959,(#2962,#2968),.PCURVE_S1.);
#2959 = B_SPLINE_CURVE_WITH_KNOTS('',1,(#2960,#2961),.UNSPECIFIED.,.F.,
  .F.,(2,2),(72.,73.),.PIECEWISE_BEZIER_KNOTS.);
#2960 = CARTESIAN_POINT('',(-6.09913116268,-1.939226407726,0.));
#2961 = CARTESIAN_POINT('',(-6.175632057121,-1.679752569596,0.));
#2962 = PCURVE('',#71,#2963);
#2963 = DEFINITIONAL_REPRESENTATION('',(#2964),#2967);
#2964 = B_SPLINE_CURVE_WITH_KNOTS('',1,(#2965,#2966),.UNSPECIFIED.,.F.,
  .F.,(2,2),(72.,73.),.PIECEWISE_BEZIER_KNOTS.);
#2965 = CARTESIAN_POINT('',(12.49913116268,1.939226407726));
#2966 = CARTESIAN_POINT('',(12.575632057121,1.679752569596));
#2967 = ( GEOMETRIC_REPRESENTATION_CONTEXT(2) 
PARAMETRIC_REPRESENTATION_CONTEXT() REPRESENTATION_CONTEXT('2D SPACE',''
  ) );
#2968 = PCURVE('',#2969,#2980);
#2969 = ( BOUNDED_SURFACE() B_SPLINE_SURFACE(1,4,(
    (#2970,#2971,#2972,#2973,#2974)
    ,(#2975,#2976,#2977,#2978,#2979
)),.UNSPECIFIED.,.F.,.F.,.F.) B_SPLINE_SURFACE_WITH_KNOTS((2,2),(5,5),(
    72.,73.),(0.,1.),.PIECEWISE_BEZIER_KNOTS.) 
GEOMETRIC_REPRESENTATION_ITEM() RATIONAL_B_SPLINE_SURFACE((
    (1.,1.,1.,1.,1.)
,(1.,1.,1.,1.,1.))) REPRESENTATION_ITEM('') SURFACE() );
#2970 = CARTESIAN_POINT('',(-6.09913116268,-1.939226407726,0.));
#2971 = CARTESIAN_POINT('',(-6.122751534613,-1.946736534626,
    3.950966311744));
#2972 = CARTESIAN_POINT('',(-6.15948849251,-1.958417096495,
    7.915188641292));
#2973 = CARTESIAN_POINT('',(-5.32572066473,-1.693319569254,
    11.841097004811));
#2974 = CARTESIAN_POINT('',(-5.346158469586,-1.699817794958,15.8));
#2975 = CARTESIAN_POINT('',(-6.175632057121,-1.679752569596,0.));
#2976 = CARTESIAN_POINT('',(-6.196554883129,-1.685443512714,
    3.950966311744));
#2977 = CARTESIAN_POINT('',(-6.22909632576,-1.694294683148,
    7.915188641292));
#2978 = CARTESIAN_POINT('',(-5.490548294343,-1.493411932675,
    11.841097004811));
#2979 = CARTESIAN_POINT('',(-5.508652015835,-1.498336088197,15.8));
#2980 = DEFINITIONAL_REPRESENTATION('',(#2981),#2985);
#2981 = LINE('',#2982,#2983);
#2982 = CARTESIAN_POINT('',(0.,0.));
#2983 = VECTOR('',#2984,1.);
#2984 = DIRECTION('',(1.,0.));
#2985 = ( GEOMETRIC_REPRESENTATION_CONTEXT(2) 
PARAMETRIC_REPRESENTATION_CONTEXT() REPRESENTATION_CONTEXT('2D SPACE',''
  ) );
#2986 = ORIENTED_EDGE('',*,*,#2987,.F.);
#2987 = EDGE_CURVE('',#2988,#2956,#2990,.T.);
#2988 = VERTEX_POINT('',#2989);
#2989 = CARTESIAN_POINT('',(-6.010760210959,-2.197899380398,0.));
#2990 = SURFACE_CURVE('',#2991,(#2994,#3000),.PCURVE_S1.);
#2991 = B_SPLINE_CURVE_WITH_KNOTS('',1,(#2992,#2993),.UNSPECIFIED.,.F.,
  .F.,(2,2),(71.,72.),.PIECEWISE_BEZIER_KNOTS.);
#2992 = CARTESIAN_POINT('',(-6.010760210959,-2.197899380398,0.));
#2993 = CARTESIAN_POINT('',(-6.09913116268,-1.939226407726,0.));
#2994 = PCURVE('',#71,#2995);
#2995 = DEFINITIONAL_REPRESENTATION('',(#2996),#2999);
#2996 = B_SPLINE_CURVE_WITH_KNOTS('',1,(#2997,#2998),.UNSPECIFIED.,.F.,
  .F.,(2,2),(71.,72.),.PIECEWISE_BEZIER_KNOTS.);
#2997 = CARTESIAN_POINT('',(12.410760210959,2.197899380398));
#2998 = CARTESIAN_POINT('',(12.49913116268,1.939226407726));
#2999 = ( GEOMETRIC_REPRESENTATION_CONTEXT(2) 
PARAMETRIC_REPRESENTATION_CONTEXT() REPRESENTATION_CONTEXT('2D SPACE',''
  ) );
#3000 = PCURVE('',#3001,#3012);
#3001 = ( BOUNDED_SURFACE() B_SPLINE_SURFACE(1,4,(
    (#3002,#3003,#3004,#3005,#3006)
    ,(#3007,#3008,#3009,#3010,#3011
)),.UNSPECIFIED.,.F.,.F.,.F.) B_SPLINE_SURFACE_WITH_KNOTS((2,2),(5,5),(
    71.,72.),(0.,1.),.PIECEWISE_BEZIER_KNOTS.) 
GEOMETRIC_REPRESENTATION_ITEM() RATIONAL_B_SPLINE_SURFACE((
    (1.,1.,1.,1.,1.)
,(1.,1.,1.,1.,1.))) REPRESENTATION_ITEM('') SURFACE() );
#3002 = CARTESIAN_POINT('',(-6.010760210959,-2.197899380398,0.));
#3003 = CARTESIAN_POINT('',(-6.036005333965,-2.207130532243,
    3.950966311744));
#3004 = CARTESIAN_POINT('',(-6.075269280512,-2.221487818303,
    7.915188641292));
#3005 = CARTESIAN_POINT('',(-5.18414989294,-1.895640391178,
    11.841097004811));
#3006 = CARTESIAN_POINT('',(-5.205993532788,-1.903627753975,15.8));
#3007 = CARTESIAN_POINT('',(-6.09913116268,-1.939226407726,0.));
#3008 = CARTESIAN_POINT('',(-6.122751534613,-1.946736534626,
    3.950966311744));
#3009 = CARTESIAN_POINT('',(-6.15948849251,-1.958417096495,
    7.915188641292));
#3010 = CARTESIAN_POINT('',(-5.32572066473,-1.693319569254,
    11.841097004811));
#3011 = CARTESIAN_POINT('',(-5.346158469586,-1.699817794958,15.8));
#3012 = DEFINITIONAL_REPRESENTATION('',(#3013),#3017);
#3013 = LINE('',#3014,#3015);
#3014 = CARTESIAN_POINT('',(0.,0.));
#3015 = VECTOR('',#3016,1.);
#3016 = DIRECTION('',(1.,0.));
#3017 = ( GEOMETRIC_REPRESENTATION_CONTEXT(2) 
PARAMETRIC_REPRESENTATION_CONTEXT() REPRESENTATION_CONTEXT('2D SPACE',''
  ) );
#3018 = ORIENTED_EDGE('',*,*,#3019,.F.);
#3019 = EDGE_CURVE('',#3020,#2988,#3022,.T.);
#3020 = VERTEX_POINT('',#3021);
#3021 = CARTESIAN_POINT('',(-5.912947039213,-2.448888995332,0.));
#3022 = SURFACE_CURVE('',#3023,(#3026,#3032),.PCURVE_S1.);
#3023 = B_SPLINE_CURVE_WITH_KNOTS('',1,(#3024,#3025),.UNSPECIFIED.,.F.,
  .F.,(2,2),(70.,71.),.PIECEWISE_BEZIER_KNOTS.);
#3024 = CARTESIAN_POINT('',(-5.912947039213,-2.448888995332,0.));
#3025 = CARTESIAN_POINT('',(-6.010760210959,-2.197899380398,0.));
#3026 = PCURVE('',#71,#3027);
#3027 = DEFINITIONAL_REPRESENTATION('',(#3028),#3031);
#3028 = B_SPLINE_CURVE_WITH_KNOTS('',1,(#3029,#3030),.UNSPECIFIED.,.F.,
  .F.,(2,2),(70.,71.),.PIECEWISE_BEZIER_KNOTS.);
#3029 = CARTESIAN_POINT('',(12.312947039213,2.448888995332));
#3030 = CARTESIAN_POINT('',(12.410760210959,2.197899380398));
#3031 = ( GEOMETRIC_REPRESENTATION_CONTEXT(2) 
PARAMETRIC_REPRESENTATION_CONTEXT() REPRESENTATION_CONTEXT('2D SPACE',''
  ) );
#3032 = PCURVE('',#3033,#3044);
#3033 = ( BOUNDED_SURFACE() B_SPLINE_SURFACE(1,4,(
    (#3034,#3035,#3036,#3037,#3038)
    ,(#3039,#3040,#3041,#3042,#3043
)),.UNSPECIFIED.,.F.,.F.,.F.) B_SPLINE_SURFACE_WITH_KNOTS((2,2),(5,5),(
    70.,71.),(0.,1.),.PIECEWISE_BEZIER_KNOTS.) 
GEOMETRIC_REPRESENTATION_ITEM() RATIONAL_B_SPLINE_SURFACE((
    (1.,1.,1.,1.,1.)
,(1.,1.,1.,1.,1.))) REPRESENTATION_ITEM('') SURFACE() );
#3034 = CARTESIAN_POINT('',(-5.912947039213,-2.448888995332,0.));
#3035 = CARTESIAN_POINT('',(-5.938495128133,-2.459469917737,
    3.950966311744));
#3036 = CARTESIAN_POINT('',(-5.978230280046,-2.475926513002,
    7.915188641292));
#3037 = CARTESIAN_POINT('',(-5.076416597223,-2.102433973823,
    11.841097004811));
#3038 = CARTESIAN_POINT('',(-5.098522381894,-2.111589241485,15.8));
#3039 = CARTESIAN_POINT('',(-6.010760210959,-2.197899380398,0.));
#3040 = CARTESIAN_POINT('',(-6.036005333965,-2.207130532243,
    3.950966311744));
#3041 = CARTESIAN_POINT('',(-6.075269280512,-2.221487818303,
    7.915188641292));
#3042 = CARTESIAN_POINT('',(-5.18414989294,-1.895640391178,
    11.841097004811));
#3043 = CARTESIAN_POINT('',(-5.205993532788,-1.903627753975,15.8));
#3044 = DEFINITIONAL_REPRESENTATION('',(#3045),#3049);
#3045 = LINE('',#3046,#3047);
#3046 = CARTESIAN_POINT('',(0.,0.));
#3047 = VECTOR('',#3048,1.);
#3048 = DIRECTION('',(1.,0.));
#3049 = ( GEOMETRIC_REPRESENTATION_CONTEXT(2) 
PARAMETRIC_REPRESENTATION_CONTEXT() REPRESENTATION_CONTEXT('2D SPACE',''
  ) );
#3050 = ORIENTED_EDGE('',*,*,#3051,.F.);
#3051 = EDGE_CURVE('',#3052,#3020,#3054,.T.);
#3052 = VERTEX_POINT('',#3053);
#3053 = CARTESIAN_POINT('',(-5.80104664672,-2.703304977722,0.));
#3054 = SURFACE_CURVE('',#3055,(#3058,#3064),.PCURVE_S1.);
#3055 = B_SPLINE_CURVE_WITH_KNOTS('',1,(#3056,#3057),.UNSPECIFIED.,.F.,
  .F.,(2,2),(69.,70.),.PIECEWISE_BEZIER_KNOTS.);
#3056 = CARTESIAN_POINT('',(-5.80104664672,-2.703304977722,0.));
#3057 = CARTESIAN_POINT('',(-5.912947039213,-2.448888995332,0.));
#3058 = PCURVE('',#71,#3059);
#3059 = DEFINITIONAL_REPRESENTATION('',(#3060),#3063);
#3060 = B_SPLINE_CURVE_WITH_KNOTS('',1,(#3061,#3062),.UNSPECIFIED.,.F.,
  .F.,(2,2),(69.,70.),.PIECEWISE_BEZIER_KNOTS.);
#3061 = CARTESIAN_POINT('',(12.20104664672,2.703304977722));
#3062 = CARTESIAN_POINT('',(12.312947039213,2.448888995332));
#3063 = ( GEOMETRIC_REPRESENTATION_CONTEXT(2) 
PARAMETRIC_REPRESENTATION_CONTEXT() REPRESENTATION_CONTEXT('2D SPACE',''
  ) );
#3064 = PCURVE('',#3065,#3076);
#3065 = ( BOUNDED_SURFACE() B_SPLINE_SURFACE(1,4,(
    (#3066,#3067,#3068,#3069,#3070)
    ,(#3071,#3072,#3073,#3074,#3075
)),.UNSPECIFIED.,.F.,.F.,.F.) B_SPLINE_SURFACE_WITH_KNOTS((2,2),(5,5),(
    69.,70.),(0.,1.),.PIECEWISE_BEZIER_KNOTS.) 
GEOMETRIC_REPRESENTATION_ITEM() RATIONAL_B_SPLINE_SURFACE((
    (1.,1.,1.,1.,1.)
,(1.,1.,1.,1.,1.))) REPRESENTATION_ITEM('') SURFACE() );
#3066 = CARTESIAN_POINT('',(-5.80104664672,-2.703304977722,0.));
#3067 = CARTESIAN_POINT('',(-5.825418771942,-2.714662460508,
    3.950966311744));
#3068 = CARTESIAN_POINT('',(-5.863324937885,-2.732326846492,
    7.915188641292));
#3069 = CARTESIAN_POINT('',(-5.00302121523,-2.331422754965,
    11.841097004811));
#3070 = CARTESIAN_POINT('',(-5.024109483468,-2.341249950637,15.8));
#3071 = CARTESIAN_POINT('',(-5.912947039213,-2.448888995332,0.));
#3072 = CARTESIAN_POINT('',(-5.938495128133,-2.459469917737,
    3.950966311744));
#3073 = CARTESIAN_POINT('',(-5.978230280046,-2.475926513002,
    7.915188641292));
#3074 = CARTESIAN_POINT('',(-5.076416597223,-2.102433973823,
    11.841097004811));
#3075 = CARTESIAN_POINT('',(-5.098522381894,-2.111589241485,15.8));
#3076 = DEFINITIONAL_REPRESENTATION('',(#3077),#3081);
#3077 = LINE('',#3078,#3079);
#3078 = CARTESIAN_POINT('',(0.,0.));
#3079 = VECTOR('',#3080,1.);
#3080 = DIRECTION('',(1.,0.));
#3081 = ( GEOMETRIC_REPRESENTATION_CONTEXT(2) 
PARAMETRIC_REPRESENTATION_CONTEXT() REPRESENTATION_CONTEXT('2D SPACE',''
  ) );
#3082 = ORIENTED_EDGE('',*,*,#3083,.F.);
#3083 = EDGE_CURVE('',#3084,#3052,#3086,.T.);
#3084 = VERTEX_POINT('',#3085);
#3085 = CARTESIAN_POINT('',(-5.677287830866,-2.954387057497,0.));
#3086 = SURFACE_CURVE('',#3087,(#3090,#3096),.PCURVE_S1.);
#3087 = B_SPLINE_CURVE_WITH_KNOTS('',1,(#3088,#3089),.UNSPECIFIED.,.F.,
  .F.,(2,2),(68.,69.),.PIECEWISE_BEZIER_KNOTS.);
#3088 = CARTESIAN_POINT('',(-5.677287830866,-2.954387057497,0.));
#3089 = CARTESIAN_POINT('',(-5.80104664672,-2.703304977722,0.));
#3090 = PCURVE('',#71,#3091);
#3091 = DEFINITIONAL_REPRESENTATION('',(#3092),#3095);
#3092 = B_SPLINE_CURVE_WITH_KNOTS('',1,(#3093,#3094),.UNSPECIFIED.,.F.,
  .F.,(2,2),(68.,69.),.PIECEWISE_BEZIER_KNOTS.);
#3093 = CARTESIAN_POINT('',(12.077287830866,2.954387057497));
#3094 = CARTESIAN_POINT('',(12.20104664672,2.703304977722));
#3095 = ( GEOMETRIC_REPRESENTATION_CONTEXT(2) 
PARAMETRIC_REPRESENTATION_CONTEXT() REPRESENTATION_CONTEXT('2D SPACE',''
  ) );
#3096 = PCURVE('',#3097,#3108);
#3097 = ( BOUNDED_SURFACE() B_SPLINE_SURFACE(1,4,(
    (#3098,#3099,#3100,#3101,#3102)
    ,(#3103,#3104,#3105,#3106,#3107
)),.UNSPECIFIED.,.F.,.F.,.F.) B_SPLINE_SURFACE_WITH_KNOTS((2,2),(5,5),(
    68.,69.),(0.,1.),.PIECEWISE_BEZIER_KNOTS.) 
GEOMETRIC_REPRESENTATION_ITEM() RATIONAL_B_SPLINE_SURFACE((
    (1.,1.,1.,1.,1.)
,(1.,1.,1.,1.,1.))) REPRESENTATION_ITEM('') SURFACE() );
#3098 = CARTESIAN_POINT('',(-5.677287830866,-2.954387057497,0.));
#3099 = CARTESIAN_POINT('',(-5.699286470304,-2.965834864545,
    3.950966311744));
#3100 = CARTESIAN_POINT('',(-5.733501134373,-2.983639732593,
    7.915188641292));
#3101 = CARTESIAN_POINT('',(-4.956978314527,-2.57954731432,
    11.841097004811));
#3102 = CARTESIAN_POINT('',(-4.976012896253,-2.589452664123,15.8));
#3103 = CARTESIAN_POINT('',(-5.80104664672,-2.703304977722,0.));
#3104 = CARTESIAN_POINT('',(-5.825418771942,-2.714662460508,
    3.950966311744));
#3105 = CARTESIAN_POINT('',(-5.863324937885,-2.732326846492,
    7.915188641292));
#3106 = CARTESIAN_POINT('',(-5.00302121523,-2.331422754965,
    11.841097004811));
#3107 = CARTESIAN_POINT('',(-5.024109483468,-2.341249950637,15.8));
#3108 = DEFINITIONAL_REPRESENTATION('',(#3109),#3113);
#3109 = LINE('',#3110,#3111);
#3110 = CARTESIAN_POINT('',(0.,0.));
#3111 = VECTOR('',#3112,1.);
#3112 = DIRECTION('',(1.,0.));
#3113 = ( GEOMETRIC_REPRESENTATION_CONTEXT(2) 
PARAMETRIC_REPRESENTATION_CONTEXT() REPRESENTATION_CONTEXT('2D SPACE',''
  ) );
#3114 = ORIENTED_EDGE('',*,*,#3115,.F.);
#3115 = EDGE_CURVE('',#3116,#3084,#3118,.T.);
#3116 = VERTEX_POINT('',#3117);
#3117 = CARTESIAN_POINT('',(-5.545100209554,-3.19560067374,0.));
#3118 = SURFACE_CURVE('',#3119,(#3122,#3128),.PCURVE_S1.);
#3119 = B_SPLINE_CURVE_WITH_KNOTS('',1,(#3120,#3121),.UNSPECIFIED.,.F.,
  .F.,(2,2),(67.,68.),.PIECEWISE_BEZIER_KNOTS.);
#3120 = CARTESIAN_POINT('',(-5.545100209554,-3.19560067374,0.));
#3121 = CARTESIAN_POINT('',(-5.677287830866,-2.954387057497,0.));
#3122 = PCURVE('',#71,#3123);
#3123 = DEFINITIONAL_REPRESENTATION('',(#3124),#3127);
#3124 = B_SPLINE_CURVE_WITH_KNOTS('',1,(#3125,#3126),.UNSPECIFIED.,.F.,
  .F.,(2,2),(67.,68.),.PIECEWISE_BEZIER_KNOTS.);
#3125 = CARTESIAN_POINT('',(11.945100209554,3.19560067374));
#3126 = CARTESIAN_POINT('',(12.077287830866,2.954387057497));
#3127 = ( GEOMETRIC_REPRESENTATION_CONTEXT(2) 
PARAMETRIC_REPRESENTATION_CONTEXT() REPRESENTATION_CONTEXT('2D SPACE',''
  ) );
#3128 = PCURVE('',#3129,#3140);
#3129 = ( BOUNDED_SURFACE() B_SPLINE_SURFACE(1,4,(
    (#3130,#3131,#3132,#3133,#3134)
    ,(#3135,#3136,#3137,#3138,#3139
)),.UNSPECIFIED.,.F.,.F.,.F.) B_SPLINE_SURFACE_WITH_KNOTS((2,2),(5,5),(
    67.,68.),(0.,1.),.PIECEWISE_BEZIER_KNOTS.) 
GEOMETRIC_REPRESENTATION_ITEM() RATIONAL_B_SPLINE_SURFACE((
    (1.,1.,1.,1.,1.)
,(1.,1.,1.,1.,1.))) REPRESENTATION_ITEM('') SURFACE() );
#3130 = CARTESIAN_POINT('',(-5.545100209554,-3.19560067374,0.));
#3131 = CARTESIAN_POINT('',(-5.563900219023,-3.206434981626,
    3.950966311744));
#3132 = CARTESIAN_POINT('',(-5.593140027707,-3.223285669404,
    7.915188641292));
#3133 = CARTESIAN_POINT('',(-4.929524606992,-2.840848958542,
    11.841097004811));
#3134 = CARTESIAN_POINT('',(-4.945791536485,-2.850223470973,15.8));
#3135 = CARTESIAN_POINT('',(-5.677287830866,-2.954387057497,0.));
#3136 = CARTESIAN_POINT('',(-5.699286470304,-2.965834864545,
    3.950966311744));
#3137 = CARTESIAN_POINT('',(-5.733501134373,-2.983639732593,
    7.915188641292));
#3138 = CARTESIAN_POINT('',(-4.956978314527,-2.57954731432,
    11.841097004811));
#3139 = CARTESIAN_POINT('',(-4.976012896253,-2.589452664123,15.8));
#3140 = DEFINITIONAL_REPRESENTATION('',(#3141),#3145);
#3141 = LINE('',#3142,#3143);
#3142 = CARTESIAN_POINT('',(0.,0.));
#3143 = VECTOR('',#3144,1.);
#3144 = DIRECTION('',(1.,0.));
#3145 = ( GEOMETRIC_REPRESENTATION_CONTEXT(2) 
PARAMETRIC_REPRESENTATION_CONTEXT() REPRESENTATION_CONTEXT('2D SPACE',''
  ) );
#3146 = ORIENTED_EDGE('',*,*,#3147,.F.);
#3147 = EDGE_CURVE('',#3148,#3116,#3150,.T.);
#3148 = VERTEX_POINT('',#3149);
#3149 = CARTESIAN_POINT('',(-5.407626591602,-3.423094308634,0.));
#3150 = SURFACE_CURVE('',#3151,(#3154,#3160),.PCURVE_S1.);
#3151 = B_SPLINE_CURVE_WITH_KNOTS('',1,(#3152,#3153),.UNSPECIFIED.,.F.,
  .F.,(2,2),(66.,67.),.PIECEWISE_BEZIER_KNOTS.);
#3152 = CARTESIAN_POINT('',(-5.407626591602,-3.423094308634,0.));
#3153 = CARTESIAN_POINT('',(-5.545100209554,-3.19560067374,0.));
#3154 = PCURVE('',#71,#3155);
#3155 = DEFINITIONAL_REPRESENTATION('',(#3156),#3159);
#3156 = B_SPLINE_CURVE_WITH_KNOTS('',1,(#3157,#3158),.UNSPECIFIED.,.F.,
  .F.,(2,2),(66.,67.),.PIECEWISE_BEZIER_KNOTS.);
#3157 = CARTESIAN_POINT('',(11.807626591602,3.423094308634));
#3158 = CARTESIAN_POINT('',(11.945100209554,3.19560067374));
#3159 = ( GEOMETRIC_REPRESENTATION_CONTEXT(2) 
PARAMETRIC_REPRESENTATION_CONTEXT() REPRESENTATION_CONTEXT('2D SPACE',''
  ) );
#3160 = PCURVE('',#3161,#3172);
#3161 = ( BOUNDED_SURFACE() B_SPLINE_SURFACE(1,4,(
    (#3162,#3163,#3164,#3165,#3166)
    ,(#3167,#3168,#3169,#3170,#3171
)),.UNSPECIFIED.,.F.,.F.,.F.) B_SPLINE_SURFACE_WITH_KNOTS((2,2),(5,5),(
    66.,67.),(0.,1.),.PIECEWISE_BEZIER_KNOTS.) 
GEOMETRIC_REPRESENTATION_ITEM() RATIONAL_B_SPLINE_SURFACE((
    (1.,1.,1.,1.,1.)
,(1.,1.,1.,1.,1.))) REPRESENTATION_ITEM('') SURFACE() );
#3162 = CARTESIAN_POINT('',(-5.407626591602,-3.423094308634,0.));
#3163 = CARTESIAN_POINT('',(-5.422766207757,-3.432677872332,
    3.950966311744));
#3164 = CARTESIAN_POINT('',(-5.446312976744,-3.447583267432,
    7.915188641292));
#3165 = CARTESIAN_POINT('',(-4.911904589306,-3.109296168918,
    11.841097004811));
#3166 = CARTESIAN_POINT('',(-4.925004320397,-3.117588460218,15.8));
#3167 = CARTESIAN_POINT('',(-5.545100209554,-3.19560067374,0.));
#3168 = CARTESIAN_POINT('',(-5.563900219023,-3.206434981626,
    3.950966311744));
#3169 = CARTESIAN_POINT('',(-5.593140027707,-3.223285669404,
    7.915188641292));
#3170 = CARTESIAN_POINT('',(-4.929524606992,-2.840848958542,
    11.841097004811));
#3171 = CARTESIAN_POINT('',(-4.945791536485,-2.850223470973,15.8));
#3172 = DEFINITIONAL_REPRESENTATION('',(#3173),#3177);
#3173 = LINE('',#3174,#3175);
#3174 = CARTESIAN_POINT('',(0.,0.));
#3175 = VECTOR('',#3176,1.);
#3176 = DIRECTION('',(1.,0.));
#3177 = ( GEOMETRIC_REPRESENTATION_CONTEXT(2) 
PARAMETRIC_REPRESENTATION_CONTEXT() REPRESENTATION_CONTEXT('2D SPACE',''
  ) );
#3178 = ORIENTED_EDGE('',*,*,#3179,.F.);
#3179 = EDGE_CURVE('',#3180,#3148,#3182,.T.);
#3180 = VERTEX_POINT('',#3181);
#3181 = CARTESIAN_POINT('',(-5.267221432829,-3.635433726193,0.));
#3182 = SURFACE_CURVE('',#3183,(#3186,#3192),.PCURVE_S1.);
#3183 = B_SPLINE_CURVE_WITH_KNOTS('',1,(#3184,#3185),.UNSPECIFIED.,.F.,
  .F.,(2,2),(65.,66.),.PIECEWISE_BEZIER_KNOTS.);
#3184 = CARTESIAN_POINT('',(-5.267221432829,-3.635433726193,0.));
#3185 = CARTESIAN_POINT('',(-5.407626591602,-3.423094308634,0.));
#3186 = PCURVE('',#71,#3187);
#3187 = DEFINITIONAL_REPRESENTATION('',(#3188),#3191);
#3188 = B_SPLINE_CURVE_WITH_KNOTS('',1,(#3189,#3190),.UNSPECIFIED.,.F.,
  .F.,(2,2),(65.,66.),.PIECEWISE_BEZIER_KNOTS.);
#3189 = CARTESIAN_POINT('',(11.667221432829,3.635433726193));
#3190 = CARTESIAN_POINT('',(11.807626591602,3.423094308634));
#3191 = ( GEOMETRIC_REPRESENTATION_CONTEXT(2) 
PARAMETRIC_REPRESENTATION_CONTEXT() REPRESENTATION_CONTEXT('2D SPACE',''
  ) );
#3192 = PCURVE('',#3193,#3204);
#3193 = ( BOUNDED_SURFACE() B_SPLINE_SURFACE(1,4,(
    (#3194,#3195,#3196,#3197,#3198)
    ,(#3199,#3200,#3201,#3202,#3203
)),.UNSPECIFIED.,.F.,.F.,.F.) B_SPLINE_SURFACE_WITH_KNOTS((2,2),(5,5),(
    65.,66.),(0.,1.),.PIECEWISE_BEZIER_KNOTS.) 
GEOMETRIC_REPRESENTATION_ITEM() RATIONAL_B_SPLINE_SURFACE((
    (1.,1.,1.,1.,1.)
,(1.,1.,1.,1.,1.))) REPRESENTATION_ITEM('') SURFACE() );
#3194 = CARTESIAN_POINT('',(-5.267221432829,-3.635433726193,0.));
#3195 = CARTESIAN_POINT('',(-5.278577542933,-3.643271707983,
    3.950966311744));
#3196 = CARTESIAN_POINT('',(-5.296239793975,-3.655462185246,
    7.915188641292));
#3197 = CARTESIAN_POINT('',(-4.895384156282,-3.378791814883,
    11.841097004811));
#3198 = CARTESIAN_POINT('',(-4.905210164225,-3.385573720889,15.8));
#3199 = CARTESIAN_POINT('',(-5.407626591602,-3.423094308634,0.));
#3200 = CARTESIAN_POINT('',(-5.422766207757,-3.432677872332,
    3.950966311744));
#3201 = CARTESIAN_POINT('',(-5.446312976744,-3.447583267432,
    7.915188641292));
#3202 = CARTESIAN_POINT('',(-4.911904589306,-3.109296168918,
    11.841097004811));
#3203 = CARTESIAN_POINT('',(-4.925004320397,-3.117588460218,15.8));
#3204 = DEFINITIONAL_REPRESENTATION('',(#3205),#3209);
#3205 = LINE('',#3206,#3207);
#3206 = CARTESIAN_POINT('',(0.,0.));
#3207 = VECTOR('',#3208,1.);
#3208 = DIRECTION('',(1.,0.));
#3209 = ( GEOMETRIC_REPRESENTATION_CONTEXT(2) 
PARAMETRIC_REPRESENTATION_CONTEXT() REPRESENTATION_CONTEXT('2D SPACE',''
  ) );
#3210 = ORIENTED_EDGE('',*,*,#3211,.F.);
#3211 = EDGE_CURVE('',#3212,#3180,#3214,.T.);
#3212 = VERTEX_POINT('',#3213);
#3213 = CARTESIAN_POINT('',(-5.125175091638,-3.833090173744,0.));
#3214 = SURFACE_CURVE('',#3215,(#3218,#3224),.PCURVE_S1.);
#3215 = B_SPLINE_CURVE_WITH_KNOTS('',1,(#3216,#3217),.UNSPECIFIED.,.F.,
  .F.,(2,2),(64.,65.),.PIECEWISE_BEZIER_KNOTS.);
#3216 = CARTESIAN_POINT('',(-5.125175091638,-3.833090173744,0.));
#3217 = CARTESIAN_POINT('',(-5.267221432829,-3.635433726193,0.));
#3218 = PCURVE('',#71,#3219);
#3219 = DEFINITIONAL_REPRESENTATION('',(#3220),#3223);
#3220 = B_SPLINE_CURVE_WITH_KNOTS('',1,(#3221,#3222),.UNSPECIFIED.,.F.,
  .F.,(2,2),(64.,65.),.PIECEWISE_BEZIER_KNOTS.);
#3221 = CARTESIAN_POINT('',(11.525175091638,3.833090173744));
#3222 = CARTESIAN_POINT('',(11.667221432829,3.635433726193));
#3223 = ( GEOMETRIC_REPRESENTATION_CONTEXT(2) 
PARAMETRIC_REPRESENTATION_CONTEXT() REPRESENTATION_CONTEXT('2D SPACE',''
  ) );
#3224 = PCURVE('',#3225,#3236);
#3225 = ( BOUNDED_SURFACE() B_SPLINE_SURFACE(1,4,(
    (#3226,#3227,#3228,#3229,#3230)
    ,(#3231,#3232,#3233,#3234,#3235
)),.UNSPECIFIED.,.F.,.F.,.F.) B_SPLINE_SURFACE_WITH_KNOTS((2,2),(5,5),(
    64.,65.),(0.,1.),.PIECEWISE_BEZIER_KNOTS.) 
GEOMETRIC_REPRESENTATION_ITEM() RATIONAL_B_SPLINE_SURFACE((
    (1.,1.,1.,1.,1.)
,(1.,1.,1.,1.,1.))) REPRESENTATION_ITEM('') SURFACE() );
#3226 = CARTESIAN_POINT('',(-5.125175091638,-3.833090173744,0.));
#3227 = CARTESIAN_POINT('',(-5.132929853365,-3.838889917254,
    3.950966311744));
#3228 = CARTESIAN_POINT('',(-5.144990897784,-3.84791030583,
    7.915188641292));
#3229 = CARTESIAN_POINT('',(-4.871258085336,-3.643187045675,
    11.841097004811));
#3230 = CARTESIAN_POINT('',(-4.877967984204,-3.648205342018,15.8));
#3231 = CARTESIAN_POINT('',(-5.267221432829,-3.635433726193,0.));
#3232 = CARTESIAN_POINT('',(-5.278577542933,-3.643271707983,
    3.950966311744));
#3233 = CARTESIAN_POINT('',(-5.296239793975,-3.655462185246,
    7.915188641292));
#3234 = CARTESIAN_POINT('',(-4.895384156282,-3.378791814883,
    11.841097004811));
#3235 = CARTESIAN_POINT('',(-4.905210164225,-3.385573720889,15.8));
#3236 = DEFINITIONAL_REPRESENTATION('',(#3237),#3241);
#3237 = LINE('',#3238,#3239);
#3238 = CARTESIAN_POINT('',(0.,0.));
#3239 = VECTOR('',#3240,1.);
#3240 = DIRECTION('',(1.,0.));
#3241 = ( GEOMETRIC_REPRESENTATION_CONTEXT(2) 
PARAMETRIC_REPRESENTATION_CONTEXT() REPRESENTATION_CONTEXT('2D SPACE',''
  ) );
#3242 = ORIENTED_EDGE('',*,*,#3243,.F.);
#3243 = EDGE_CURVE('',#3244,#3212,#3246,.T.);
#3244 = VERTEX_POINT('',#3245);
#3245 = CARTESIAN_POINT('',(-4.981618104463,-4.017895103321,0.));
#3246 = SURFACE_CURVE('',#3247,(#3250,#3256),.PCURVE_S1.);
#3247 = B_SPLINE_CURVE_WITH_KNOTS('',1,(#3248,#3249),.UNSPECIFIED.,.F.,
  .F.,(2,2),(63.,64.),.PIECEWISE_BEZIER_KNOTS.);
#3248 = CARTESIAN_POINT('',(-4.981618104463,-4.017895103321,0.));
#3249 = CARTESIAN_POINT('',(-5.125175091638,-3.833090173744,0.));
#3250 = PCURVE('',#71,#3251);
#3251 = DEFINITIONAL_REPRESENTATION('',(#3252),#3255);
#3252 = B_SPLINE_CURVE_WITH_KNOTS('',1,(#3253,#3254),.UNSPECIFIED.,.F.,
  .F.,(2,2),(63.,64.),.PIECEWISE_BEZIER_KNOTS.);
#3253 = CARTESIAN_POINT('',(11.381618104463,4.017895103321));
#3254 = CARTESIAN_POINT('',(11.525175091638,3.833090173744));
#3255 = ( GEOMETRIC_REPRESENTATION_CONTEXT(2) 
PARAMETRIC_REPRESENTATION_CONTEXT() REPRESENTATION_CONTEXT('2D SPACE',''
  ) );
#3256 = PCURVE('',#3257,#3268);
#3257 = ( BOUNDED_SURFACE() B_SPLINE_SURFACE(1,4,(
    (#3258,#3259,#3260,#3261,#3262)
    ,(#3263,#3264,#3265,#3266,#3267
)),.UNSPECIFIED.,.F.,.F.,.F.) B_SPLINE_SURFACE_WITH_KNOTS((2,2),(5,5),(
    63.,64.),(0.,1.),.PIECEWISE_BEZIER_KNOTS.) 
GEOMETRIC_REPRESENTATION_ITEM() RATIONAL_B_SPLINE_SURFACE((
    (1.,1.,1.,1.,1.)
,(1.,1.,1.,1.,1.))) REPRESENTATION_ITEM('') SURFACE() );
#3258 = CARTESIAN_POINT('',(-4.981618104463,-4.017895103321,0.));
#3259 = CARTESIAN_POINT('',(-4.98622256287,-4.021608802465,
    3.950966311744));
#3260 = CARTESIAN_POINT('',(-4.993383914737,-4.027384749155,
    7.915188641292));
#3261 = CARTESIAN_POINT('',(-4.830852634731,-3.896296090735,
    11.841097004811));
#3262 = CARTESIAN_POINT('',(-4.834836696569,-3.899509412634,15.8));
#3263 = CARTESIAN_POINT('',(-5.125175091638,-3.833090173744,0.));
#3264 = CARTESIAN_POINT('',(-5.132929853365,-3.838889917254,
    3.950966311744));
#3265 = CARTESIAN_POINT('',(-5.144990897784,-3.84791030583,
    7.915188641292));
#3266 = CARTESIAN_POINT('',(-4.871258085336,-3.643187045675,
    11.841097004811));
#3267 = CARTESIAN_POINT('',(-4.877967984204,-3.648205342018,15.8));
#3268 = DEFINITIONAL_REPRESENTATION('',(#3269),#3273);
#3269 = LINE('',#3270,#3271);
#3270 = CARTESIAN_POINT('',(0.,0.));
#3271 = VECTOR('',#3272,1.);
#3272 = DIRECTION('',(1.,0.));
#3273 = ( GEOMETRIC_REPRESENTATION_CONTEXT(2) 
PARAMETRIC_REPRESENTATION_CONTEXT() REPRESENTATION_CONTEXT('2D SPACE',''
  ) );
#3274 = ORIENTED_EDGE('',*,*,#3275,.F.);
#3275 = EDGE_CURVE('',#3276,#3244,#3278,.T.);
#3276 = VERTEX_POINT('',#3277);
#3277 = CARTESIAN_POINT('',(-4.83551303318,-4.192590333666,0.));
#3278 = SURFACE_CURVE('',#3279,(#3282,#3288),.PCURVE_S1.);
#3279 = B_SPLINE_CURVE_WITH_KNOTS('',1,(#3280,#3281),.UNSPECIFIED.,.F.,
  .F.,(2,2),(62.,63.),.PIECEWISE_BEZIER_KNOTS.);
#3280 = CARTESIAN_POINT('',(-4.83551303318,-4.192590333666,0.));
#3281 = CARTESIAN_POINT('',(-4.981618104463,-4.017895103321,0.));
#3282 = PCURVE('',#71,#3283);
#3283 = DEFINITIONAL_REPRESENTATION('',(#3284),#3287);
#3284 = B_SPLINE_CURVE_WITH_KNOTS('',1,(#3285,#3286),.UNSPECIFIED.,.F.,
  .F.,(2,2),(62.,63.),.PIECEWISE_BEZIER_KNOTS.);
#3285 = CARTESIAN_POINT('',(11.23551303318,4.192590333666));
#3286 = CARTESIAN_POINT('',(11.381618104463,4.017895103321));
#3287 = ( GEOMETRIC_REPRESENTATION_CONTEXT(2) 
PARAMETRIC_REPRESENTATION_CONTEXT() REPRESENTATION_CONTEXT('2D SPACE',''
  ) );
#3288 = PCURVE('',#3289,#3300);
#3289 = ( BOUNDED_SURFACE() B_SPLINE_SURFACE(1,4,(
    (#3290,#3291,#3292,#3293,#3294)
    ,(#3295,#3296,#3297,#3298,#3299
)),.UNSPECIFIED.,.F.,.F.,.F.) B_SPLINE_SURFACE_WITH_KNOTS((2,2),(5,5),(
    62.,63.),(0.,1.),.PIECEWISE_BEZIER_KNOTS.) 
GEOMETRIC_REPRESENTATION_ITEM() RATIONAL_B_SPLINE_SURFACE((
    (1.,1.,1.,1.,1.)
,(1.,1.,1.,1.,1.))) REPRESENTATION_ITEM('') SURFACE() );
#3290 = CARTESIAN_POINT('',(-4.83551303318,-4.192590333666,0.));
#3291 = CARTESIAN_POINT('',(-4.837650481938,-4.194443590381,
    3.950966311744));
#3292 = CARTESIAN_POINT('',(-4.840974873495,-4.197325975728,
    7.915188641292));
#3293 = CARTESIAN_POINT('',(-4.765525764856,-4.131908469582,
    11.841097004811));
#3294 = CARTESIAN_POINT('',(-4.767375217554,-4.13351202177,15.8));
#3295 = CARTESIAN_POINT('',(-4.981618104463,-4.017895103321,0.));
#3296 = CARTESIAN_POINT('',(-4.98622256287,-4.021608802465,
    3.950966311744));
#3297 = CARTESIAN_POINT('',(-4.993383914737,-4.027384749155,
    7.915188641292));
#3298 = CARTESIAN_POINT('',(-4.830852634731,-3.896296090735,
    11.841097004811));
#3299 = CARTESIAN_POINT('',(-4.834836696569,-3.899509412634,15.8));
#3300 = DEFINITIONAL_REPRESENTATION('',(#3301),#3305);
#3301 = LINE('',#3302,#3303);
#3302 = CARTESIAN_POINT('',(0.,0.));
#3303 = VECTOR('',#3304,1.);
#3304 = DIRECTION('',(1.,0.));
#3305 = ( GEOMETRIC_REPRESENTATION_CONTEXT(2) 
PARAMETRIC_REPRESENTATION_CONTEXT() REPRESENTATION_CONTEXT('2D SPACE',''
  ) );
#3306 = ORIENTED_EDGE('',*,*,#3307,.F.);
#3307 = EDGE_CURVE('',#3308,#3276,#3310,.T.);
#3308 = VERTEX_POINT('',#3309);
#3309 = CARTESIAN_POINT('',(-4.68463767328,-4.360524036178,0.));
#3310 = SURFACE_CURVE('',#3311,(#3314,#3320),.PCURVE_S1.);
#3311 = B_SPLINE_CURVE_WITH_KNOTS('',1,(#3312,#3313),.UNSPECIFIED.,.F.,
  .F.,(2,2),(61.,62.),.PIECEWISE_BEZIER_KNOTS.);
#3312 = CARTESIAN_POINT('',(-4.68463767328,-4.360524036178,0.));
#3313 = CARTESIAN_POINT('',(-4.83551303318,-4.192590333666,0.));
#3314 = PCURVE('',#71,#3315);
#3315 = DEFINITIONAL_REPRESENTATION('',(#3316),#3319);
#3316 = B_SPLINE_CURVE_WITH_KNOTS('',1,(#3317,#3318),.UNSPECIFIED.,.F.,
  .F.,(2,2),(61.,62.),.PIECEWISE_BEZIER_KNOTS.);
#3317 = CARTESIAN_POINT('',(11.08463767328,4.360524036178));
#3318 = CARTESIAN_POINT('',(11.23551303318,4.192590333666));
#3319 = ( GEOMETRIC_REPRESENTATION_CONTEXT(2) 
PARAMETRIC_REPRESENTATION_CONTEXT() REPRESENTATION_CONTEXT('2D SPACE',''
  ) );
#3320 = PCURVE('',#3321,#3332);
#3321 = ( BOUNDED_SURFACE() B_SPLINE_SURFACE(1,4,(
    (#3322,#3323,#3324,#3325,#3326)
    ,(#3327,#3328,#3329,#3330,#3331
)),.UNSPECIFIED.,.F.,.F.,.F.) B_SPLINE_SURFACE_WITH_KNOTS((2,2),(5,5),(
    61.,62.),(0.,1.),.PIECEWISE_BEZIER_KNOTS.) 
GEOMETRIC_REPRESENTATION_ITEM() RATIONAL_B_SPLINE_SURFACE((
    (1.,1.,1.,1.,1.)
,(1.,1.,1.,1.,1.))) REPRESENTATION_ITEM('') SURFACE() );
#3322 = CARTESIAN_POINT('',(-4.68463767328,-4.360524036178,0.));
#3323 = CARTESIAN_POINT('',(-4.685186489151,-4.361034881406,
    3.950966311744));
#3324 = CARTESIAN_POINT('',(-4.686040066969,-4.361829403171,
    7.915188641292));
#3325 = CARTESIAN_POINT('',(-4.666667594002,-4.34379724361,
    11.841097004811));
#3326 = CARTESIAN_POINT('',(-4.667142463395,-4.344239258456,15.8));
#3327 = CARTESIAN_POINT('',(-4.83551303318,-4.192590333666,0.));
#3328 = CARTESIAN_POINT('',(-4.837650481938,-4.194443590381,
    3.950966311744));
#3329 = CARTESIAN_POINT('',(-4.840974873495,-4.197325975728,
    7.915188641292));
#3330 = CARTESIAN_POINT('',(-4.765525764856,-4.131908469582,
    11.841097004811));
#3331 = CARTESIAN_POINT('',(-4.767375217554,-4.13351202177,15.8));
#3332 = DEFINITIONAL_REPRESENTATION('',(#3333),#3337);
#3333 = LINE('',#3334,#3335);
#3334 = CARTESIAN_POINT('',(0.,0.));
#3335 = VECTOR('',#3336,1.);
#3336 = DIRECTION('',(1.,0.));
#3337 = ( GEOMETRIC_REPRESENTATION_CONTEXT(2) 
PARAMETRIC_REPRESENTATION_CONTEXT() REPRESENTATION_CONTEXT('2D SPACE',''
  ) );
#3338 = ORIENTED_EDGE('',*,*,#3339,.F.);
#3339 = EDGE_CURVE('',#3340,#3308,#3342,.T.);
#3340 = VERTEX_POINT('',#3341);
#3341 = CARTESIAN_POINT('',(-4.525473469376,-4.52549332979,0.));
#3342 = SURFACE_CURVE('',#3343,(#3346,#3352),.PCURVE_S1.);
#3343 = B_SPLINE_CURVE_WITH_KNOTS('',1,(#3344,#3345),.UNSPECIFIED.,.F.,
  .F.,(2,2),(60.,61.),.PIECEWISE_BEZIER_KNOTS.);
#3344 = CARTESIAN_POINT('',(-4.525473469376,-4.52549332979,0.));
#3345 = CARTESIAN_POINT('',(-4.68463767328,-4.360524036178,0.));
#3346 = PCURVE('',#71,#3347);
#3347 = DEFINITIONAL_REPRESENTATION('',(#3348),#3351);
#3348 = B_SPLINE_CURVE_WITH_KNOTS('',1,(#3349,#3350),.UNSPECIFIED.,.F.,
  .F.,(2,2),(60.,61.),.PIECEWISE_BEZIER_KNOTS.);
#3349 = CARTESIAN_POINT('',(10.925473469376,4.52549332979));
#3350 = CARTESIAN_POINT('',(11.08463767328,4.360524036178));
#3351 = ( GEOMETRIC_REPRESENTATION_CONTEXT(2) 
PARAMETRIC_REPRESENTATION_CONTEXT() REPRESENTATION_CONTEXT('2D SPACE',''
  ) );
#3352 = PCURVE('',#3353,#3364);
#3353 = ( BOUNDED_SURFACE() B_SPLINE_SURFACE(1,4,(
    (#3354,#3355,#3356,#3357,#3358)
    ,(#3359,#3360,#3361,#3362,#3363
)),.UNSPECIFIED.,.F.,.F.,.F.) B_SPLINE_SURFACE_WITH_KNOTS((2,2),(5,5),(
    60.,61.),(0.,1.),.PIECEWISE_BEZIER_KNOTS.) 
GEOMETRIC_REPRESENTATION_ITEM() RATIONAL_B_SPLINE_SURFACE((
    (1.,1.,1.,1.,1.)
,(1.,1.,1.,1.,1.))) REPRESENTATION_ITEM('') SURFACE() );
#3354 = CARTESIAN_POINT('',(-4.525473469376,-4.52549332979,0.));
#3355 = CARTESIAN_POINT('',(-4.525466446344,-4.525486306727,
    3.950966311744));
#3356 = CARTESIAN_POINT('',(-4.525455523365,-4.5254753837,7.915188641292
    ));
#3357 = CARTESIAN_POINT('',(-4.525703427088,-4.525723288511,
    11.841097004811));
#3358 = CARTESIAN_POINT('',(-4.525697350327,-4.525717211724,15.8));
#3359 = CARTESIAN_POINT('',(-4.68463767328,-4.360524036178,0.));
#3360 = CARTESIAN_POINT('',(-4.685186489151,-4.361034881406,
    3.950966311744));
#3361 = CARTESIAN_POINT('',(-4.686040066969,-4.361829403171,
    7.915188641292));
#3362 = CARTESIAN_POINT('',(-4.666667594002,-4.34379724361,
    11.841097004811));
#3363 = CARTESIAN_POINT('',(-4.667142463395,-4.344239258456,15.8));
#3364 = DEFINITIONAL_REPRESENTATION('',(#3365),#3369);
#3365 = LINE('',#3366,#3367);
#3366 = CARTESIAN_POINT('',(0.,0.));
#3367 = VECTOR('',#3368,1.);
#3368 = DIRECTION('',(1.,0.));
#3369 = ( GEOMETRIC_REPRESENTATION_CONTEXT(2) 
PARAMETRIC_REPRESENTATION_CONTEXT() REPRESENTATION_CONTEXT('2D SPACE',''
  ) );
#3370 = ORIENTED_EDGE('',*,*,#3371,.F.);
#3371 = EDGE_CURVE('',#3372,#3340,#3374,.T.);
#3372 = VERTEX_POINT('',#3373);
#3373 = CARTESIAN_POINT('',(-4.360862688945,-4.684322427861,0.));
#3374 = SURFACE_CURVE('',#3375,(#3378,#3384),.PCURVE_S1.);
#3375 = B_SPLINE_CURVE_WITH_KNOTS('',1,(#3376,#3377),.UNSPECIFIED.,.F.,
  .F.,(2,2),(59.,60.),.PIECEWISE_BEZIER_KNOTS.);
#3376 = CARTESIAN_POINT('',(-4.360862688945,-4.684322427861,0.));
#3377 = CARTESIAN_POINT('',(-4.525473469376,-4.52549332979,0.));
#3378 = PCURVE('',#71,#3379);
#3379 = DEFINITIONAL_REPRESENTATION('',(#3380),#3383);
#3380 = B_SPLINE_CURVE_WITH_KNOTS('',1,(#3381,#3382),.UNSPECIFIED.,.F.,
  .F.,(2,2),(59.,60.),.PIECEWISE_BEZIER_KNOTS.);
#3381 = CARTESIAN_POINT('',(10.760862688945,4.684322427861));
#3382 = CARTESIAN_POINT('',(10.925473469376,4.52549332979));
#3383 = ( GEOMETRIC_REPRESENTATION_CONTEXT(2) 
PARAMETRIC_REPRESENTATION_CONTEXT() REPRESENTATION_CONTEXT('2D SPACE',''
  ) );
#3384 = PCURVE('',#3385,#3396);
#3385 = ( BOUNDED_SURFACE() B_SPLINE_SURFACE(1,4,(
    (#3386,#3387,#3388,#3389,#3390)
    ,(#3391,#3392,#3393,#3394,#3395
)),.UNSPECIFIED.,.F.,.F.,.F.) B_SPLINE_SURFACE_WITH_KNOTS((2,2),(5,5),(
    59.,60.),(0.,1.),.PIECEWISE_BEZIER_KNOTS.) 
GEOMETRIC_REPRESENTATION_ITEM() RATIONAL_B_SPLINE_SURFACE((
    (1.,1.,1.,1.,1.)
,(1.,1.,1.,1.,1.))) REPRESENTATION_ITEM('') SURFACE() );
#3386 = CARTESIAN_POINT('',(-4.360862688945,-4.684322427861,0.));
#3387 = CARTESIAN_POINT('',(-4.361373885757,-4.684871541847,
    3.950966311744));
#3388 = CARTESIAN_POINT('',(-4.362168954345,-4.685725583325,
    7.915188641292));
#3389 = CARTESIAN_POINT('',(-4.344124384318,-4.66634258732,
    11.841097004811));
#3390 = CARTESIAN_POINT('',(-4.344566703377,-4.666817714659,15.8));
#3391 = CARTESIAN_POINT('',(-4.525473469376,-4.52549332979,0.));
#3392 = CARTESIAN_POINT('',(-4.525466446344,-4.525486306727,
    3.950966311744));
#3393 = CARTESIAN_POINT('',(-4.525455523365,-4.5254753837,7.915188641292
    ));
#3394 = CARTESIAN_POINT('',(-4.525703427088,-4.525723288511,
    11.841097004811));
#3395 = CARTESIAN_POINT('',(-4.525697350327,-4.525717211724,15.8));
#3396 = DEFINITIONAL_REPRESENTATION('',(#3397),#3401);
#3397 = LINE('',#3398,#3399);
#3398 = CARTESIAN_POINT('',(0.,0.));
#3399 = VECTOR('',#3400,1.);
#3400 = DIRECTION('',(1.,0.));
#3401 = ( GEOMETRIC_REPRESENTATION_CONTEXT(2) 
PARAMETRIC_REPRESENTATION_CONTEXT() REPRESENTATION_CONTEXT('2D SPACE',''
  ) );
#3402 = ORIENTED_EDGE('',*,*,#3403,.F.);
#3403 = EDGE_CURVE('',#3404,#3372,#3406,.T.);
#3404 = VERTEX_POINT('',#3405);
#3405 = CARTESIAN_POINT('',(-4.193238718358,-4.834950780604,0.));
#3406 = SURFACE_CURVE('',#3407,(#3410,#3416),.PCURVE_S1.);
#3407 = B_SPLINE_CURVE_WITH_KNOTS('',1,(#3408,#3409),.UNSPECIFIED.,.F.,
  .F.,(2,2),(58.,59.),.PIECEWISE_BEZIER_KNOTS.);
#3408 = CARTESIAN_POINT('',(-4.193238718358,-4.834950780604,0.));
#3409 = CARTESIAN_POINT('',(-4.360862688945,-4.684322427861,0.));
#3410 = PCURVE('',#71,#3411);
#3411 = DEFINITIONAL_REPRESENTATION('',(#3412),#3415);
#3412 = B_SPLINE_CURVE_WITH_KNOTS('',1,(#3413,#3414),.UNSPECIFIED.,.F.,
  .F.,(2,2),(58.,59.),.PIECEWISE_BEZIER_KNOTS.);
#3413 = CARTESIAN_POINT('',(10.593238718358,4.834950780604));
#3414 = CARTESIAN_POINT('',(10.760862688945,4.684322427861));
#3415 = ( GEOMETRIC_REPRESENTATION_CONTEXT(2) 
PARAMETRIC_REPRESENTATION_CONTEXT() REPRESENTATION_CONTEXT('2D SPACE',''
  ) );
#3416 = PCURVE('',#3417,#3428);
#3417 = ( BOUNDED_SURFACE() B_SPLINE_SURFACE(1,4,(
    (#3418,#3419,#3420,#3421,#3422)
    ,(#3423,#3424,#3425,#3426,#3427
)),.UNSPECIFIED.,.F.,.F.,.F.) B_SPLINE_SURFACE_WITH_KNOTS((2,2),(5,5),(
    58.,59.),(0.,1.),.PIECEWISE_BEZIER_KNOTS.) 
GEOMETRIC_REPRESENTATION_ITEM() RATIONAL_B_SPLINE_SURFACE((
    (1.,1.,1.,1.,1.)
,(1.,1.,1.,1.,1.))) REPRESENTATION_ITEM('') SURFACE() );
#3418 = CARTESIAN_POINT('',(-4.193238718358,-4.834950780604,0.));
#3419 = CARTESIAN_POINT('',(-4.195093310548,-4.837089190209,
    3.950966311744));
#3420 = CARTESIAN_POINT('',(-4.197977772967,-4.84041507618,
    7.915188641292));
#3421 = CARTESIAN_POINT('',(-4.132513126377,-4.764932050912,
    11.841097004811));
#3422 = CARTESIAN_POINT('',(-4.134117834099,-4.766782334994,15.8));
#3423 = CARTESIAN_POINT('',(-4.360862688945,-4.684322427861,0.));
#3424 = CARTESIAN_POINT('',(-4.361373885757,-4.684871541847,
    3.950966311744));
#3425 = CARTESIAN_POINT('',(-4.362168954345,-4.685725583325,
    7.915188641292));
#3426 = CARTESIAN_POINT('',(-4.344124384318,-4.66634258732,
    11.841097004811));
#3427 = CARTESIAN_POINT('',(-4.344566703377,-4.666817714659,15.8));
#3428 = DEFINITIONAL_REPRESENTATION('',(#3429),#3433);
#3429 = LINE('',#3430,#3431);
#3430 = CARTESIAN_POINT('',(0.,0.));
#3431 = VECTOR('',#3432,1.);
#3432 = DIRECTION('',(1.,0.));
#3433 = ( GEOMETRIC_REPRESENTATION_CONTEXT(2) 
PARAMETRIC_REPRESENTATION_CONTEXT() REPRESENTATION_CONTEXT('2D SPACE',''
  ) );
#3434 = ORIENTED_EDGE('',*,*,#3435,.F.);
#3435 = EDGE_CURVE('',#3436,#3404,#3438,.T.);
#3436 = VERTEX_POINT('',#3437);
#3437 = CARTESIAN_POINT('',(-4.018803722625,-4.980885126061,0.));
#3438 = SURFACE_CURVE('',#3439,(#3442,#3448),.PCURVE_S1.);
#3439 = B_SPLINE_CURVE_WITH_KNOTS('',1,(#3440,#3441),.UNSPECIFIED.,.F.,
  .F.,(2,2),(57.,58.),.PIECEWISE_BEZIER_KNOTS.);
#3440 = CARTESIAN_POINT('',(-4.018803722625,-4.980885126061,0.));
#3441 = CARTESIAN_POINT('',(-4.193238718358,-4.834950780604,0.));
#3442 = PCURVE('',#71,#3443);
#3443 = DEFINITIONAL_REPRESENTATION('',(#3444),#3447);
#3444 = B_SPLINE_CURVE_WITH_KNOTS('',1,(#3445,#3446),.UNSPECIFIED.,.F.,
  .F.,(2,2),(57.,58.),.PIECEWISE_BEZIER_KNOTS.);
#3445 = CARTESIAN_POINT('',(10.418803722625,4.980885126061));
#3446 = CARTESIAN_POINT('',(10.593238718358,4.834950780604));
#3447 = ( GEOMETRIC_REPRESENTATION_CONTEXT(2) 
PARAMETRIC_REPRESENTATION_CONTEXT() REPRESENTATION_CONTEXT('2D SPACE',''
  ) );
#3448 = PCURVE('',#3449,#3460);
#3449 = ( BOUNDED_SURFACE() B_SPLINE_SURFACE(1,4,(
    (#3450,#3451,#3452,#3453,#3454)
    ,(#3455,#3456,#3457,#3458,#3459
)),.UNSPECIFIED.,.F.,.F.,.F.) B_SPLINE_SURFACE_WITH_KNOTS((2,2),(5,5),(
    57.,58.),(0.,1.),.PIECEWISE_BEZIER_KNOTS.) 
GEOMETRIC_REPRESENTATION_ITEM() RATIONAL_B_SPLINE_SURFACE((
    (1.,1.,1.,1.,1.)
,(1.,1.,1.,1.,1.))) REPRESENTATION_ITEM('') SURFACE() );
#3450 = CARTESIAN_POINT('',(-4.018803722625,-4.980885126061,0.));
#3451 = CARTESIAN_POINT('',(-4.022520111756,-4.985491200063,
    3.950966311744));
#3452 = CARTESIAN_POINT('',(-4.028300242206,-4.992655064677,
    7.915188641292));
#3453 = CARTESIAN_POINT('',(-3.897116630797,-4.830066756329,
    11.841097004811));
#3454 = CARTESIAN_POINT('',(-3.90033228024,-4.834052216078,15.8));
#3455 = CARTESIAN_POINT('',(-4.193238718358,-4.834950780604,0.));
#3456 = CARTESIAN_POINT('',(-4.195093310548,-4.837089190209,
    3.950966311744));
#3457 = CARTESIAN_POINT('',(-4.197977772967,-4.84041507618,
    7.915188641292));
#3458 = CARTESIAN_POINT('',(-4.132513126377,-4.764932050912,
    11.841097004811));
#3459 = CARTESIAN_POINT('',(-4.134117834099,-4.766782334994,15.8));
#3460 = DEFINITIONAL_REPRESENTATION('',(#3461),#3465);
#3461 = LINE('',#3462,#3463);
#3462 = CARTESIAN_POINT('',(0.,0.));
#3463 = VECTOR('',#3464,1.);
#3464 = DIRECTION('',(1.,0.));
#3465 = ( GEOMETRIC_REPRESENTATION_CONTEXT(2) 
PARAMETRIC_REPRESENTATION_CONTEXT() REPRESENTATION_CONTEXT('2D SPACE',''
  ) );
#3466 = ORIENTED_EDGE('',*,*,#3467,.F.);
#3467 = EDGE_CURVE('',#3468,#3436,#3470,.T.);
#3468 = VERTEX_POINT('',#3469);
#3469 = CARTESIAN_POINT('',(-3.834207901067,-5.124338959456,0.));
#3470 = SURFACE_CURVE('',#3471,(#3474,#3480),.PCURVE_S1.);
#3471 = B_SPLINE_CURVE_WITH_KNOTS('',1,(#3472,#3473),.UNSPECIFIED.,.F.,
  .F.,(2,2),(56.,57.),.PIECEWISE_BEZIER_KNOTS.);
#3472 = CARTESIAN_POINT('',(-3.834207901067,-5.124338959456,0.));
#3473 = CARTESIAN_POINT('',(-4.018803722625,-4.980885126061,0.));
#3474 = PCURVE('',#71,#3475);
#3475 = DEFINITIONAL_REPRESENTATION('',(#3476),#3479);
#3476 = B_SPLINE_CURVE_WITH_KNOTS('',1,(#3477,#3478),.UNSPECIFIED.,.F.,
  .F.,(2,2),(56.,57.),.PIECEWISE_BEZIER_KNOTS.);
#3477 = CARTESIAN_POINT('',(10.234207901067,5.124338959456));
#3478 = CARTESIAN_POINT('',(10.418803722625,4.980885126061));
#3479 = ( GEOMETRIC_REPRESENTATION_CONTEXT(2) 
PARAMETRIC_REPRESENTATION_CONTEXT() REPRESENTATION_CONTEXT('2D SPACE',''
  ) );
#3480 = PCURVE('',#3481,#3492);
#3481 = ( BOUNDED_SURFACE() B_SPLINE_SURFACE(1,4,(
    (#3482,#3483,#3484,#3485,#3486)
    ,(#3487,#3488,#3489,#3490,#3491
)),.UNSPECIFIED.,.F.,.F.,.F.) B_SPLINE_SURFACE_WITH_KNOTS((2,2),(5,5),(
    56.,57.),(0.,1.),.PIECEWISE_BEZIER_KNOTS.) 
GEOMETRIC_REPRESENTATION_ITEM() RATIONAL_B_SPLINE_SURFACE((
    (1.,1.,1.,1.,1.)
,(1.,1.,1.,1.,1.))) REPRESENTATION_ITEM('') SURFACE() );
#3482 = CARTESIAN_POINT('',(-3.834207901067,-5.124338959456,0.));
#3483 = CARTESIAN_POINT('',(-3.840011769345,-5.132095708464,
    3.950966311744));
#3484 = CARTESIAN_POINT('',(-3.849038573207,-5.144159843718,
    7.915188641292));
#3485 = CARTESIAN_POINT('',(-3.644169714197,-4.870356882873,
    11.841097004811));
#3486 = CARTESIAN_POINT('',(-3.649191579544,-4.87706850126,15.8));
#3487 = CARTESIAN_POINT('',(-4.018803722625,-4.980885126061,0.));
#3488 = CARTESIAN_POINT('',(-4.022520111756,-4.985491200063,
    3.950966311744));
#3489 = CARTESIAN_POINT('',(-4.028300242206,-4.992655064677,
    7.915188641292));
#3490 = CARTESIAN_POINT('',(-3.897116630797,-4.830066756329,
    11.841097004811));
#3491 = CARTESIAN_POINT('',(-3.90033228024,-4.834052216078,15.8));
#3492 = DEFINITIONAL_REPRESENTATION('',(#3493),#3497);
#3493 = LINE('',#3494,#3495);
#3494 = CARTESIAN_POINT('',(0.,0.));
#3495 = VECTOR('',#3496,1.);
#3496 = DIRECTION('',(1.,0.));
#3497 = ( GEOMETRIC_REPRESENTATION_CONTEXT(2) 
PARAMETRIC_REPRESENTATION_CONTEXT() REPRESENTATION_CONTEXT('2D SPACE',''
  ) );
#3498 = ORIENTED_EDGE('',*,*,#3499,.F.);
#3499 = EDGE_CURVE('',#3500,#3468,#3502,.T.);
#3500 = VERTEX_POINT('',#3501);
#3501 = CARTESIAN_POINT('',(-3.636707075829,-5.266342340241,0.));
#3502 = SURFACE_CURVE('',#3503,(#3506,#3512),.PCURVE_S1.);
#3503 = B_SPLINE_CURVE_WITH_KNOTS('',1,(#3504,#3505),.UNSPECIFIED.,.F.,
  .F.,(2,2),(55.,56.),.PIECEWISE_BEZIER_KNOTS.);
#3504 = CARTESIAN_POINT('',(-3.636707075829,-5.266342340241,0.));
#3505 = CARTESIAN_POINT('',(-3.834207901067,-5.124338959456,0.));
#3506 = PCURVE('',#71,#3507);
#3507 = DEFINITIONAL_REPRESENTATION('',(#3508),#3511);
#3508 = B_SPLINE_CURVE_WITH_KNOTS('',1,(#3509,#3510),.UNSPECIFIED.,.F.,
  .F.,(2,2),(55.,56.),.PIECEWISE_BEZIER_KNOTS.);
#3509 = CARTESIAN_POINT('',(10.036707075829,5.266342340241));
#3510 = CARTESIAN_POINT('',(10.234207901067,5.124338959456));
#3511 = ( GEOMETRIC_REPRESENTATION_CONTEXT(2) 
PARAMETRIC_REPRESENTATION_CONTEXT() REPRESENTATION_CONTEXT('2D SPACE',''
  ) );
#3512 = PCURVE('',#3513,#3524);
#3513 = ( BOUNDED_SURFACE() B_SPLINE_SURFACE(1,4,(
    (#3514,#3515,#3516,#3517,#3518)
    ,(#3519,#3520,#3521,#3522,#3523
)),.UNSPECIFIED.,.F.,.F.,.F.) B_SPLINE_SURFACE_WITH_KNOTS((2,2),(5,5),(
    55.,56.),(0.,1.),.PIECEWISE_BEZIER_KNOTS.) 
GEOMETRIC_REPRESENTATION_ITEM() RATIONAL_B_SPLINE_SURFACE((
    (1.,1.,1.,1.,1.)
,(1.,1.,1.,1.,1.))) REPRESENTATION_ITEM('') SURFACE() );
#3514 = CARTESIAN_POINT('',(-3.636707075829,-5.266342340241,0.));
#3515 = CARTESIAN_POINT('',(-3.644550384183,-5.277700292918,
    3.950966311744));
#3516 = CARTESIAN_POINT('',(-3.656749145895,-5.29536540973,
    7.915188641292));
#3517 = CARTESIAN_POINT('',(-3.379890754878,-4.894444731637,
    11.841097004811));
#3518 = CARTESIAN_POINT('',(-3.386677269756,-4.904272333889,15.8));
#3519 = CARTESIAN_POINT('',(-3.834207901067,-5.124338959456,0.));
#3520 = CARTESIAN_POINT('',(-3.840011769345,-5.132095708464,
    3.950966311744));
#3521 = CARTESIAN_POINT('',(-3.849038573207,-5.144159843718,
    7.915188641292));
#3522 = CARTESIAN_POINT('',(-3.644169714197,-4.870356882873,
    11.841097004811));
#3523 = CARTESIAN_POINT('',(-3.649191579544,-4.87706850126,15.8));
#3524 = DEFINITIONAL_REPRESENTATION('',(#3525),#3529);
#3525 = LINE('',#3526,#3527);
#3526 = CARTESIAN_POINT('',(0.,0.));
#3527 = VECTOR('',#3528,1.);
#3528 = DIRECTION('',(1.,0.));
#3529 = ( GEOMETRIC_REPRESENTATION_CONTEXT(2) 
PARAMETRIC_REPRESENTATION_CONTEXT() REPRESENTATION_CONTEXT('2D SPACE',''
  ) );
#3530 = ORIENTED_EDGE('',*,*,#3531,.F.);
#3531 = EDGE_CURVE('',#3532,#3500,#3534,.T.);
#3532 = VERTEX_POINT('',#3533);
#3533 = CARTESIAN_POINT('',(-3.424467441408,-5.406757137392,0.));
#3534 = SURFACE_CURVE('',#3535,(#3538,#3544),.PCURVE_S1.);
#3535 = B_SPLINE_CURVE_WITH_KNOTS('',1,(#3536,#3537),.UNSPECIFIED.,.F.,
  .F.,(2,2),(54.,55.),.PIECEWISE_BEZIER_KNOTS.);
#3536 = CARTESIAN_POINT('',(-3.424467441408,-5.406757137392,0.));
#3537 = CARTESIAN_POINT('',(-3.636707075829,-5.266342340241,0.));
#3538 = PCURVE('',#71,#3539);
#3539 = DEFINITIONAL_REPRESENTATION('',(#3540),#3543);
#3540 = B_SPLINE_CURVE_WITH_KNOTS('',1,(#3541,#3542),.UNSPECIFIED.,.F.,
  .F.,(2,2),(54.,55.),.PIECEWISE_BEZIER_KNOTS.);
#3541 = CARTESIAN_POINT('',(9.824467441408,5.406757137392));
#3542 = CARTESIAN_POINT('',(10.036707075829,5.266342340241));
#3543 = ( GEOMETRIC_REPRESENTATION_CONTEXT(2) 
PARAMETRIC_REPRESENTATION_CONTEXT() REPRESENTATION_CONTEXT('2D SPACE',''
  ) );
#3544 = PCURVE('',#3545,#3556);
#3545 = ( BOUNDED_SURFACE() B_SPLINE_SURFACE(1,4,(
    (#3546,#3547,#3548,#3549,#3550)
    ,(#3551,#3552,#3553,#3554,#3555
)),.UNSPECIFIED.,.F.,.F.,.F.) B_SPLINE_SURFACE_WITH_KNOTS((2,2),(5,5),(
    54.,55.),(0.,1.),.PIECEWISE_BEZIER_KNOTS.) 
GEOMETRIC_REPRESENTATION_ITEM() RATIONAL_B_SPLINE_SURFACE((
    (1.,1.,1.,1.,1.)
,(1.,1.,1.,1.,1.))) REPRESENTATION_ITEM('') SURFACE() );
#3546 = CARTESIAN_POINT('',(-3.424467441408,-5.406757137392,0.));
#3547 = CARTESIAN_POINT('',(-3.434056987406,-5.42189769491,
    3.950966311744));
#3548 = CARTESIAN_POINT('',(-3.448971686826,-5.445445928007,
    7.915188641292));
#3549 = CARTESIAN_POINT('',(-3.110473421068,-4.911004311698,
    11.841097004811));
#3550 = CARTESIAN_POINT('',(-3.118770888623,-4.924104857314,15.8));
#3551 = CARTESIAN_POINT('',(-3.636707075829,-5.266342340241,0.));
#3552 = CARTESIAN_POINT('',(-3.644550384183,-5.277700292918,
    3.950966311744));
#3553 = CARTESIAN_POINT('',(-3.656749145895,-5.29536540973,
    7.915188641292));
#3554 = CARTESIAN_POINT('',(-3.379890754878,-4.894444731637,
    11.841097004811));
#3555 = CARTESIAN_POINT('',(-3.386677269756,-4.904272333889,15.8));
#3556 = DEFINITIONAL_REPRESENTATION('',(#3557),#3561);
#3557 = LINE('',#3558,#3559);
#3558 = CARTESIAN_POINT('',(0.,0.));
#3559 = VECTOR('',#3560,1.);
#3560 = DIRECTION('',(1.,0.));
#3561 = ( GEOMETRIC_REPRESENTATION_CONTEXT(2) 
PARAMETRIC_REPRESENTATION_CONTEXT() REPRESENTATION_CONTEXT('2D SPACE',''
  ) );
#3562 = ORIENTED_EDGE('',*,*,#3563,.F.);
#3563 = EDGE_CURVE('',#3564,#3532,#3566,.T.);
#3564 = VERTEX_POINT('',#3565);
#3565 = CARTESIAN_POINT('',(-3.197016666199,-5.544283942588,0.));
#3566 = SURFACE_CURVE('',#3567,(#3570,#3576),.PCURVE_S1.);
#3567 = B_SPLINE_CURVE_WITH_KNOTS('',1,(#3568,#3569),.UNSPECIFIED.,.F.,
  .F.,(2,2),(53.,54.),.PIECEWISE_BEZIER_KNOTS.);
#3568 = CARTESIAN_POINT('',(-3.197016666199,-5.544283942588,0.));
#3569 = CARTESIAN_POINT('',(-3.424467441408,-5.406757137392,0.));
#3570 = PCURVE('',#71,#3571);
#3571 = DEFINITIONAL_REPRESENTATION('',(#3572),#3575);
#3572 = B_SPLINE_CURVE_WITH_KNOTS('',1,(#3573,#3574),.UNSPECIFIED.,.F.,
  .F.,(2,2),(53.,54.),.PIECEWISE_BEZIER_KNOTS.);
#3573 = CARTESIAN_POINT('',(9.597016666199,5.544283942588));
#3574 = CARTESIAN_POINT('',(9.824467441408,5.406757137392));
#3575 = ( GEOMETRIC_REPRESENTATION_CONTEXT(2) 
PARAMETRIC_REPRESENTATION_CONTEXT() REPRESENTATION_CONTEXT('2D SPACE',''
  ) );
#3576 = PCURVE('',#3577,#3588);
#3577 = ( BOUNDED_SURFACE() B_SPLINE_SURFACE(1,4,(
    (#3578,#3579,#3580,#3581,#3582)
    ,(#3583,#3584,#3585,#3586,#3587
)),.UNSPECIFIED.,.F.,.F.,.F.) B_SPLINE_SURFACE_WITH_KNOTS((2,2),(5,5),(
    53.,54.),(0.,1.),.PIECEWISE_BEZIER_KNOTS.) 
GEOMETRIC_REPRESENTATION_ITEM() RATIONAL_B_SPLINE_SURFACE((
    (1.,1.,1.,1.,1.)
,(1.,1.,1.,1.,1.))) REPRESENTATION_ITEM('') SURFACE() );
#3578 = CARTESIAN_POINT('',(-3.197016666199,-5.544283942588,0.));
#3579 = CARTESIAN_POINT('',(-3.207856792798,-5.563082949948,
    3.950966311744));
#3580 = CARTESIAN_POINT('',(-3.224716530468,-5.592321200042,
    7.915188641292));
#3581 = CARTESIAN_POINT('',(-2.842074426748,-4.928741152479,
    11.841097004811));
#3582 = CARTESIAN_POINT('',(-2.851453973889,-4.945007214885,15.8));
#3583 = CARTESIAN_POINT('',(-3.424467441408,-5.406757137392,0.));
#3584 = CARTESIAN_POINT('',(-3.434056987406,-5.42189769491,
    3.950966311744));
#3585 = CARTESIAN_POINT('',(-3.448971686826,-5.445445928007,
    7.915188641292));
#3586 = CARTESIAN_POINT('',(-3.110473421068,-4.911004311698,
    11.841097004811));
#3587 = CARTESIAN_POINT('',(-3.118770888623,-4.924104857314,15.8));
#3588 = DEFINITIONAL_REPRESENTATION('',(#3589),#3593);
#3589 = LINE('',#3590,#3591);
#3590 = CARTESIAN_POINT('',(0.,0.));
#3591 = VECTOR('',#3592,1.);
#3592 = DIRECTION('',(1.,0.));
#3593 = ( GEOMETRIC_REPRESENTATION_CONTEXT(2) 
PARAMETRIC_REPRESENTATION_CONTEXT() REPRESENTATION_CONTEXT('2D SPACE',''
  ) );
#3594 = ORIENTED_EDGE('',*,*,#3595,.F.);
#3595 = EDGE_CURVE('',#3596,#3564,#3598,.T.);
#3596 = VERTEX_POINT('',#3597);
#3597 = CARTESIAN_POINT('',(-2.955790802716,-5.676557119468,0.));
#3598 = SURFACE_CURVE('',#3599,(#3602,#3608),.PCURVE_S1.);
#3599 = B_SPLINE_CURVE_WITH_KNOTS('',1,(#3600,#3601),.UNSPECIFIED.,.F.,
  .F.,(2,2),(52.,53.),.PIECEWISE_BEZIER_KNOTS.);
#3600 = CARTESIAN_POINT('',(-2.955790802716,-5.676557119468,0.));
#3601 = CARTESIAN_POINT('',(-3.197016666199,-5.544283942588,0.));
#3602 = PCURVE('',#71,#3603);
#3603 = DEFINITIONAL_REPRESENTATION('',(#3604),#3607);
#3604 = B_SPLINE_CURVE_WITH_KNOTS('',1,(#3605,#3606),.UNSPECIFIED.,.F.,
  .F.,(2,2),(52.,53.),.PIECEWISE_BEZIER_KNOTS.);
#3605 = CARTESIAN_POINT('',(9.355790802716,5.676557119468));
#3606 = CARTESIAN_POINT('',(9.597016666199,5.544283942588));
#3607 = ( GEOMETRIC_REPRESENTATION_CONTEXT(2) 
PARAMETRIC_REPRESENTATION_CONTEXT() REPRESENTATION_CONTEXT('2D SPACE',''
  ) );
#3608 = PCURVE('',#3609,#3620);
#3609 = ( BOUNDED_SURFACE() B_SPLINE_SURFACE(1,4,(
    (#3610,#3611,#3612,#3613,#3614)
    ,(#3615,#3616,#3617,#3618,#3619
)),.UNSPECIFIED.,.F.,.F.,.F.) B_SPLINE_SURFACE_WITH_KNOTS((2,2),(5,5),(
    52.,53.),(0.,1.),.PIECEWISE_BEZIER_KNOTS.) 
GEOMETRIC_REPRESENTATION_ITEM() RATIONAL_B_SPLINE_SURFACE((
    (1.,1.,1.,1.,1.)
,(1.,1.,1.,1.,1.))) REPRESENTATION_ITEM('') SURFACE() );
#3610 = CARTESIAN_POINT('',(-2.955790802716,-5.676557119468,0.));
#3611 = CARTESIAN_POINT('',(-2.967243263304,-5.698551418464,
    3.950966311744));
#3612 = CARTESIAN_POINT('',(-2.985055369041,-5.732759331806,
    7.915188641292));
#3613 = CARTESIAN_POINT('',(-2.580798686967,-4.956389723845,
    11.841097004811));
#3614 = CARTESIAN_POINT('',(-2.5907080633,-4.975420549951,15.8));
#3615 = CARTESIAN_POINT('',(-3.197016666199,-5.544283942588,0.));
#3616 = CARTESIAN_POINT('',(-3.207856792798,-5.563082949948,
    3.950966311744));
#3617 = CARTESIAN_POINT('',(-3.224716530468,-5.592321200042,
    7.915188641292));
#3618 = CARTESIAN_POINT('',(-2.842074426748,-4.928741152479,
    11.841097004811));
#3619 = CARTESIAN_POINT('',(-2.851453973889,-4.945007214885,15.8));
#3620 = DEFINITIONAL_REPRESENTATION('',(#3621),#3625);
#3621 = LINE('',#3622,#3623);
#3622 = CARTESIAN_POINT('',(0.,0.));
#3623 = VECTOR('',#3624,1.);
#3624 = DIRECTION('',(1.,0.));
#3625 = ( GEOMETRIC_REPRESENTATION_CONTEXT(2) 
PARAMETRIC_REPRESENTATION_CONTEXT() REPRESENTATION_CONTEXT('2D SPACE',''
  ) );
#3626 = ORIENTED_EDGE('',*,*,#3627,.F.);
#3627 = EDGE_CURVE('',#3628,#3596,#3630,.T.);
#3628 = VERTEX_POINT('',#3629);
#3629 = CARTESIAN_POINT('',(-2.704647628706,-5.800420778231,0.));
#3630 = SURFACE_CURVE('',#3631,(#3634,#3640),.PCURVE_S1.);
#3631 = B_SPLINE_CURVE_WITH_KNOTS('',1,(#3632,#3633),.UNSPECIFIED.,.F.,
  .F.,(2,2),(51.,52.),.PIECEWISE_BEZIER_KNOTS.);
#3632 = CARTESIAN_POINT('',(-2.704647628706,-5.800420778231,0.));
#3633 = CARTESIAN_POINT('',(-2.955790802716,-5.676557119468,0.));
#3634 = PCURVE('',#71,#3635);
#3635 = DEFINITIONAL_REPRESENTATION('',(#3636),#3639);
#3636 = B_SPLINE_CURVE_WITH_KNOTS('',1,(#3637,#3638),.UNSPECIFIED.,.F.,
  .F.,(2,2),(51.,52.),.PIECEWISE_BEZIER_KNOTS.);
#3637 = CARTESIAN_POINT('',(9.104647628706,5.800420778231));
#3638 = CARTESIAN_POINT('',(9.355790802716,5.676557119468));
#3639 = ( GEOMETRIC_REPRESENTATION_CONTEXT(2) 
PARAMETRIC_REPRESENTATION_CONTEXT() REPRESENTATION_CONTEXT('2D SPACE',''
  ) );
#3640 = PCURVE('',#3641,#3652);
#3641 = ( BOUNDED_SURFACE() B_SPLINE_SURFACE(1,4,(
    (#3642,#3643,#3644,#3645,#3646)
    ,(#3647,#3648,#3649,#3650,#3651
)),.UNSPECIFIED.,.F.,.F.,.F.) B_SPLINE_SURFACE_WITH_KNOTS((2,2),(5,5),(
    51.,52.),(0.,1.),.PIECEWISE_BEZIER_KNOTS.) 
GEOMETRIC_REPRESENTATION_ITEM() RATIONAL_B_SPLINE_SURFACE((
    (1.,1.,1.,1.,1.)
,(1.,1.,1.,1.,1.))) REPRESENTATION_ITEM('') SURFACE() );
#3642 = CARTESIAN_POINT('',(-2.704647628706,-5.800420778231,0.));
#3643 = CARTESIAN_POINT('',(-2.716007555396,-5.824783417604,
    3.950966311744));
#3644 = CARTESIAN_POINT('',(-2.733675742403,-5.862674830128,
    7.915188641292));
#3645 = CARTESIAN_POINT('',(-2.332685384313,-5.002705945365,
    11.841097004811));
#3646 = CARTESIAN_POINT('',(-2.342514694602,-5.023786005861,15.8));
#3647 = CARTESIAN_POINT('',(-2.955790802716,-5.676557119468,0.));
#3648 = CARTESIAN_POINT('',(-2.967243263304,-5.698551418464,
    3.950966311744));
#3649 = CARTESIAN_POINT('',(-2.985055369041,-5.732759331806,
    7.915188641292));
#3650 = CARTESIAN_POINT('',(-2.580798686967,-4.956389723845,
    11.841097004811));
#3651 = CARTESIAN_POINT('',(-2.5907080633,-4.975420549951,15.8));
#3652 = DEFINITIONAL_REPRESENTATION('',(#3653),#3657);
#3653 = LINE('',#3654,#3655);
#3654 = CARTESIAN_POINT('',(0.,0.));
#3655 = VECTOR('',#3656,1.);
#3656 = DIRECTION('',(1.,0.));
#3657 = ( GEOMETRIC_REPRESENTATION_CONTEXT(2) 
PARAMETRIC_REPRESENTATION_CONTEXT() REPRESENTATION_CONTEXT('2D SPACE',''
  ) );
#3658 = ORIENTED_EDGE('',*,*,#3659,.F.);
#3659 = EDGE_CURVE('',#3660,#3628,#3662,.T.);
#3660 = VERTEX_POINT('',#3661);
#3661 = CARTESIAN_POINT('',(-2.450133089405,-5.912431635478,0.));
#3662 = SURFACE_CURVE('',#3663,(#3666,#3672),.PCURVE_S1.);
#3663 = B_SPLINE_CURVE_WITH_KNOTS('',1,(#3664,#3665),.UNSPECIFIED.,.F.,
  .F.,(2,2),(50.,51.),.PIECEWISE_BEZIER_KNOTS.);
#3664 = CARTESIAN_POINT('',(-2.450133089405,-5.912431635478,0.));
#3665 = CARTESIAN_POINT('',(-2.704647628706,-5.800420778231,0.));
#3666 = PCURVE('',#71,#3667);
#3667 = DEFINITIONAL_REPRESENTATION('',(#3668),#3671);
#3668 = B_SPLINE_CURVE_WITH_KNOTS('',1,(#3669,#3670),.UNSPECIFIED.,.F.,
  .F.,(2,2),(50.,51.),.PIECEWISE_BEZIER_KNOTS.);
#3669 = CARTESIAN_POINT('',(8.850133089405,5.912431635478));
#3670 = CARTESIAN_POINT('',(9.104647628706,5.800420778231));
#3671 = ( GEOMETRIC_REPRESENTATION_CONTEXT(2) 
PARAMETRIC_REPRESENTATION_CONTEXT() REPRESENTATION_CONTEXT('2D SPACE',''
  ) );
#3672 = PCURVE('',#3673,#3684);
#3673 = ( BOUNDED_SURFACE() B_SPLINE_SURFACE(1,4,(
    (#3674,#3675,#3676,#3677,#3678)
    ,(#3679,#3680,#3681,#3682,#3683
)),.UNSPECIFIED.,.F.,.F.,.F.) B_SPLINE_SURFACE_WITH_KNOTS((2,2),(5,5),(
    50.,51.),(0.,1.),.PIECEWISE_BEZIER_KNOTS.) 
GEOMETRIC_REPRESENTATION_ITEM() RATIONAL_B_SPLINE_SURFACE((
    (1.,1.,1.,1.,1.)
,(1.,1.,1.,1.,1.))) REPRESENTATION_ITEM('') SURFACE() );
#3674 = CARTESIAN_POINT('',(-2.450133089405,-5.912431635478,0.));
#3675 = CARTESIAN_POINT('',(-2.460713319486,-5.937962855521,
    3.950966311744));
#3676 = CARTESIAN_POINT('',(-2.477168837974,-5.977671771133,
    7.915188641292));
#3677 = CARTESIAN_POINT('',(-2.103700736919,-5.076453537288,
    11.841097004811));
#3678 = CARTESIAN_POINT('',(-2.112855405539,-5.098544725965,15.8));
#3679 = CARTESIAN_POINT('',(-2.704647628706,-5.800420778231,0.));
#3680 = CARTESIAN_POINT('',(-2.716007555396,-5.824783417604,
    3.950966311744));
#3681 = CARTESIAN_POINT('',(-2.733675742403,-5.862674830128,
    7.915188641292));
#3682 = CARTESIAN_POINT('',(-2.332685384313,-5.002705945365,
    11.841097004811));
#3683 = CARTESIAN_POINT('',(-2.342514694602,-5.023786005861,15.8));
#3684 = DEFINITIONAL_REPRESENTATION('',(#3685),#3689);
#3685 = LINE('',#3686,#3687);
#3686 = CARTESIAN_POINT('',(0.,0.));
#3687 = VECTOR('',#3688,1.);
#3688 = DIRECTION('',(1.,0.));
#3689 = ( GEOMETRIC_REPRESENTATION_CONTEXT(2) 
PARAMETRIC_REPRESENTATION_CONTEXT() REPRESENTATION_CONTEXT('2D SPACE',''
  ) );
#3690 = ORIENTED_EDGE('',*,*,#3691,.F.);
#3691 = EDGE_CURVE('',#3692,#3660,#3694,.T.);
#3692 = VERTEX_POINT('',#3693);
#3693 = CARTESIAN_POINT('',(-2.198990215019,-6.010361223275,0.));
#3694 = SURFACE_CURVE('',#3695,(#3698,#3704),.PCURVE_S1.);
#3695 = B_SPLINE_CURVE_WITH_KNOTS('',1,(#3696,#3697),.UNSPECIFIED.,.F.,
  .F.,(2,2),(49.,50.),.PIECEWISE_BEZIER_KNOTS.);
#3696 = CARTESIAN_POINT('',(-2.198990215019,-6.010361223275,0.));
#3697 = CARTESIAN_POINT('',(-2.450133089405,-5.912431635478,0.));
#3698 = PCURVE('',#71,#3699);
#3699 = DEFINITIONAL_REPRESENTATION('',(#3700),#3703);
#3700 = B_SPLINE_CURVE_WITH_KNOTS('',1,(#3701,#3702),.UNSPECIFIED.,.F.,
  .F.,(2,2),(49.,50.),.PIECEWISE_BEZIER_KNOTS.);
#3701 = CARTESIAN_POINT('',(8.598990215019,6.010361223275));
#3702 = CARTESIAN_POINT('',(8.850133089405,5.912431635478));
#3703 = ( GEOMETRIC_REPRESENTATION_CONTEXT(2) 
PARAMETRIC_REPRESENTATION_CONTEXT() REPRESENTATION_CONTEXT('2D SPACE',''
  ) );
#3704 = PCURVE('',#3705,#3716);
#3705 = ( BOUNDED_SURFACE() B_SPLINE_SURFACE(1,4,(
    (#3706,#3707,#3708,#3709,#3710)
    ,(#3711,#3712,#3713,#3714,#3715
)),.UNSPECIFIED.,.F.,.F.,.F.) B_SPLINE_SURFACE_WITH_KNOTS((2,2),(5,5),(
    49.,50.),(0.,1.),.PIECEWISE_BEZIER_KNOTS.) 
GEOMETRIC_REPRESENTATION_ITEM() RATIONAL_B_SPLINE_SURFACE((
    (1.,1.,1.,1.,1.)
,(1.,1.,1.,1.,1.))) REPRESENTATION_ITEM('') SURFACE() );
#3706 = CARTESIAN_POINT('',(-2.198990215019,-6.010361223275,0.));
#3707 = CARTESIAN_POINT('',(-2.208225726508,-6.035604064171,
    3.950966311744));
#3708 = CARTESIAN_POINT('',(-2.222589793158,-6.074864461334,
    7.915188641292));
#3709 = CARTESIAN_POINT('',(-1.896588476393,-5.183825629222,
    11.841097004811));
#3710 = CARTESIAN_POINT('',(-1.904579611423,-5.205667294447,15.8));
#3711 = CARTESIAN_POINT('',(-2.450133089405,-5.912431635478,0.));
#3712 = CARTESIAN_POINT('',(-2.460713319486,-5.937962855521,
    3.950966311744));
#3713 = CARTESIAN_POINT('',(-2.477168837974,-5.977671771133,
    7.915188641292));
#3714 = CARTESIAN_POINT('',(-2.103700736919,-5.076453537288,
    11.841097004811));
#3715 = CARTESIAN_POINT('',(-2.112855405539,-5.098544725965,15.8));
#3716 = DEFINITIONAL_REPRESENTATION('',(#3717),#3721);
#3717 = LINE('',#3718,#3719);
#3718 = CARTESIAN_POINT('',(0.,0.));
#3719 = VECTOR('',#3720,1.);
#3720 = DIRECTION('',(1.,0.));
#3721 = ( GEOMETRIC_REPRESENTATION_CONTEXT(2) 
PARAMETRIC_REPRESENTATION_CONTEXT() REPRESENTATION_CONTEXT('2D SPACE',''
  ) );
#3722 = ORIENTED_EDGE('',*,*,#3723,.F.);
#3723 = EDGE_CURVE('',#3724,#3692,#3726,.T.);
#3724 = VERTEX_POINT('',#3725);
#3725 = CARTESIAN_POINT('',(-1.940216122229,-6.098816393288,0.));
#3726 = SURFACE_CURVE('',#3727,(#3730,#3736),.PCURVE_S1.);
#3727 = B_SPLINE_CURVE_WITH_KNOTS('',1,(#3728,#3729),.UNSPECIFIED.,.F.,
  .F.,(2,2),(48.,49.),.PIECEWISE_BEZIER_KNOTS.);
#3728 = CARTESIAN_POINT('',(-1.940216122229,-6.098816393288,0.));
#3729 = CARTESIAN_POINT('',(-2.198990215019,-6.010361223275,0.));
#3730 = PCURVE('',#71,#3731);
#3731 = DEFINITIONAL_REPRESENTATION('',(#3732),#3735);
#3732 = B_SPLINE_CURVE_WITH_KNOTS('',1,(#3733,#3734),.UNSPECIFIED.,.F.,
  .F.,(2,2),(48.,49.),.PIECEWISE_BEZIER_KNOTS.);
#3733 = CARTESIAN_POINT('',(8.340216122229,6.098816393288));
#3734 = CARTESIAN_POINT('',(8.598990215019,6.010361223275));
#3735 = ( GEOMETRIC_REPRESENTATION_CONTEXT(2) 
PARAMETRIC_REPRESENTATION_CONTEXT() REPRESENTATION_CONTEXT('2D SPACE',''
  ) );
#3736 = PCURVE('',#3737,#3748);
#3737 = ( BOUNDED_SURFACE() B_SPLINE_SURFACE(1,4,(
    (#3738,#3739,#3740,#3741,#3742)
    ,(#3743,#3744,#3745,#3746,#3747
)),.UNSPECIFIED.,.F.,.F.,.F.) B_SPLINE_SURFACE_WITH_KNOTS((2,2),(5,5),(
    48.,49.),(0.,1.),.PIECEWISE_BEZIER_KNOTS.) 
GEOMETRIC_REPRESENTATION_ITEM() RATIONAL_B_SPLINE_SURFACE((
    (1.,1.,1.,1.,1.)
,(1.,1.,1.,1.,1.))) REPRESENTATION_ITEM('') SURFACE() );
#3738 = CARTESIAN_POINT('',(-1.940216122229,-6.098816393288,0.));
#3739 = CARTESIAN_POINT('',(-1.947733371161,-6.122445885122,
    3.950966311744));
#3740 = CARTESIAN_POINT('',(-1.959425009983,-6.159197027275,
    7.915188641292));
#3741 = CARTESIAN_POINT('',(-1.694076084475,-5.325107279082,
    11.841097004811));
#3742 = CARTESIAN_POINT('',(-1.7005804726,-5.345552975039,15.8));
#3743 = CARTESIAN_POINT('',(-2.198990215019,-6.010361223275,0.));
#3744 = CARTESIAN_POINT('',(-2.208225726508,-6.035604064171,
    3.950966311744));
#3745 = CARTESIAN_POINT('',(-2.222589793158,-6.074864461334,
    7.915188641292));
#3746 = CARTESIAN_POINT('',(-1.896588476393,-5.183825629222,
    11.841097004811));
#3747 = CARTESIAN_POINT('',(-1.904579611423,-5.205667294447,15.8));
#3748 = DEFINITIONAL_REPRESENTATION('',(#3749),#3753);
#3749 = LINE('',#3750,#3751);
#3750 = CARTESIAN_POINT('',(0.,0.));
#3751 = VECTOR('',#3752,1.);
#3752 = DIRECTION('',(1.,0.));
#3753 = ( GEOMETRIC_REPRESENTATION_CONTEXT(2) 
PARAMETRIC_REPRESENTATION_CONTEXT() REPRESENTATION_CONTEXT('2D SPACE',''
  ) );
#3754 = ORIENTED_EDGE('',*,*,#3755,.F.);
#3755 = EDGE_CURVE('',#3756,#3724,#3758,.T.);
#3756 = VERTEX_POINT('',#3757);
#3757 = CARTESIAN_POINT('',(-1.680682960066,-6.175378918556,0.));
#3758 = SURFACE_CURVE('',#3759,(#3762,#3768),.PCURVE_S1.);
#3759 = B_SPLINE_CURVE_WITH_KNOTS('',1,(#3760,#3761),.UNSPECIFIED.,.F.,
  .F.,(2,2),(47.,48.),.PIECEWISE_BEZIER_KNOTS.);
#3760 = CARTESIAN_POINT('',(-1.680682960066,-6.175378918556,0.));
#3761 = CARTESIAN_POINT('',(-1.940216122229,-6.098816393288,0.));
#3762 = PCURVE('',#71,#3763);
#3763 = DEFINITIONAL_REPRESENTATION('',(#3764),#3767);
#3764 = B_SPLINE_CURVE_WITH_KNOTS('',1,(#3765,#3766),.UNSPECIFIED.,.F.,
  .F.,(2,2),(47.,48.),.PIECEWISE_BEZIER_KNOTS.);
#3765 = CARTESIAN_POINT('',(8.080682960066,6.175378918556));
#3766 = CARTESIAN_POINT('',(8.340216122229,6.098816393288));
#3767 = ( GEOMETRIC_REPRESENTATION_CONTEXT(2) 
PARAMETRIC_REPRESENTATION_CONTEXT() REPRESENTATION_CONTEXT('2D SPACE',''
  ) );
#3768 = PCURVE('',#3769,#3780);
#3769 = ( BOUNDED_SURFACE() B_SPLINE_SURFACE(1,4,(
    (#3770,#3771,#3772,#3773,#3774)
    ,(#3775,#3776,#3777,#3778,#3779
)),.UNSPECIFIED.,.F.,.F.,.F.) B_SPLINE_SURFACE_WITH_KNOTS((2,2),(5,5),(
    47.,48.),(0.,1.),.PIECEWISE_BEZIER_KNOTS.) 
GEOMETRIC_REPRESENTATION_ITEM() RATIONAL_B_SPLINE_SURFACE((
    (1.,1.,1.,1.,1.)
,(1.,1.,1.,1.,1.))) REPRESENTATION_ITEM('') SURFACE() );
#3770 = CARTESIAN_POINT('',(-1.680682960066,-6.175378918556,0.));
#3771 = CARTESIAN_POINT('',(-1.686382154851,-6.196319624308,
    3.950966311744));
#3772 = CARTESIAN_POINT('',(-1.695246159172,-6.228888875451,
    7.915188641292));
#3773 = CARTESIAN_POINT('',(-1.494072135759,-5.489709712777,
    11.841097004811));
#3774 = CARTESIAN_POINT('',(-1.499003431134,-5.507828904927,15.8));
#3775 = CARTESIAN_POINT('',(-1.940216122229,-6.098816393288,0.));
#3776 = CARTESIAN_POINT('',(-1.947733371161,-6.122445885122,
    3.950966311744));
#3777 = CARTESIAN_POINT('',(-1.959425009983,-6.159197027275,
    7.915188641292));
#3778 = CARTESIAN_POINT('',(-1.694076084475,-5.325107279082,
    11.841097004811));
#3779 = CARTESIAN_POINT('',(-1.7005804726,-5.345552975039,15.8));
#3780 = DEFINITIONAL_REPRESENTATION('',(#3781),#3785);
#3781 = LINE('',#3782,#3783);
#3782 = CARTESIAN_POINT('',(0.,0.));
#3783 = VECTOR('',#3784,1.);
#3784 = DIRECTION('',(1.,0.));
#3785 = ( GEOMETRIC_REPRESENTATION_CONTEXT(2) 
PARAMETRIC_REPRESENTATION_CONTEXT() REPRESENTATION_CONTEXT('2D SPACE',''
  ) );
#3786 = ORIENTED_EDGE('',*,*,#3787,.F.);
#3787 = EDGE_CURVE('',#3788,#3756,#3790,.T.);
#3788 = VERTEX_POINT('',#3789);
#3789 = CARTESIAN_POINT('',(-1.425268032366,-6.239279688867,0.));
#3790 = SURFACE_CURVE('',#3791,(#3794,#3800),.PCURVE_S1.);
#3791 = B_SPLINE_CURVE_WITH_KNOTS('',1,(#3792,#3793),.UNSPECIFIED.,.F.,
  .F.,(2,2),(46.,47.),.PIECEWISE_BEZIER_KNOTS.);
#3792 = CARTESIAN_POINT('',(-1.425268032366,-6.239279688867,0.));
#3793 = CARTESIAN_POINT('',(-1.680682960066,-6.175378918556,0.));
#3794 = PCURVE('',#71,#3795);
#3795 = DEFINITIONAL_REPRESENTATION('',(#3796),#3799);
#3796 = B_SPLINE_CURVE_WITH_KNOTS('',1,(#3797,#3798),.UNSPECIFIED.,.F.,
  .F.,(2,2),(46.,47.),.PIECEWISE_BEZIER_KNOTS.);
#3797 = CARTESIAN_POINT('',(7.825268032366,6.239279688867));
#3798 = CARTESIAN_POINT('',(8.080682960066,6.175378918556));
#3799 = ( GEOMETRIC_REPRESENTATION_CONTEXT(2) 
PARAMETRIC_REPRESENTATION_CONTEXT() REPRESENTATION_CONTEXT('2D SPACE',''
  ) );
#3800 = PCURVE('',#3801,#3812);
#3801 = ( BOUNDED_SURFACE() B_SPLINE_SURFACE(1,4,(
    (#3802,#3803,#3804,#3805,#3806)
    ,(#3807,#3808,#3809,#3810,#3811
)),.UNSPECIFIED.,.F.,.F.,.F.) B_SPLINE_SURFACE_WITH_KNOTS((2,2),(5,5),(
    46.,47.),(0.,1.),.PIECEWISE_BEZIER_KNOTS.) 
GEOMETRIC_REPRESENTATION_ITEM() RATIONAL_B_SPLINE_SURFACE((
    (1.,1.,1.,1.,1.)
,(1.,1.,1.,1.,1.))) REPRESENTATION_ITEM('') SURFACE() );
#3802 = CARTESIAN_POINT('',(-1.425268032366,-6.239279688867,0.));
#3803 = CARTESIAN_POINT('',(-1.42926055651,-6.256757436374,
    3.950966311744));
#3804 = CARTESIAN_POINT('',(-1.435470162007,-6.283940720198,
    7.915188641292));
#3805 = CARTESIAN_POINT('',(-1.294539350572,-5.666999394531,
    11.841097004811));
#3806 = CARTESIAN_POINT('',(-1.297993929085,-5.682122221296,15.8));
#3807 = CARTESIAN_POINT('',(-1.680682960066,-6.175378918556,0.));
#3808 = CARTESIAN_POINT('',(-1.686382154851,-6.196319624308,
    3.950966311744));
#3809 = CARTESIAN_POINT('',(-1.695246159172,-6.228888875451,
    7.915188641292));
#3810 = CARTESIAN_POINT('',(-1.494072135759,-5.489709712777,
    11.841097004811));
#3811 = CARTESIAN_POINT('',(-1.499003431134,-5.507828904927,15.8));
#3812 = DEFINITIONAL_REPRESENTATION('',(#3813),#3817);
#3813 = LINE('',#3814,#3815);
#3814 = CARTESIAN_POINT('',(0.,0.));
#3815 = VECTOR('',#3816,1.);
#3816 = DIRECTION('',(1.,0.));
#3817 = ( GEOMETRIC_REPRESENTATION_CONTEXT(2) 
PARAMETRIC_REPRESENTATION_CONTEXT() REPRESENTATION_CONTEXT('2D SPACE',''
  ) );
#3818 = ORIENTED_EDGE('',*,*,#3819,.F.);
#3819 = EDGE_CURVE('',#3820,#3788,#3822,.T.);
#3820 = VERTEX_POINT('',#3821);
#3821 = CARTESIAN_POINT('',(-1.17665704658,-6.290904401971,0.));
#3822 = SURFACE_CURVE('',#3823,(#3826,#3832),.PCURVE_S1.);
#3823 = B_SPLINE_CURVE_WITH_KNOTS('',1,(#3824,#3825),.UNSPECIFIED.,.F.,
  .F.,(2,2),(45.,46.),.PIECEWISE_BEZIER_KNOTS.);
#3824 = CARTESIAN_POINT('',(-1.17665704658,-6.290904401971,0.));
#3825 = CARTESIAN_POINT('',(-1.425268032366,-6.239279688867,0.));
#3826 = PCURVE('',#71,#3827);
#3827 = DEFINITIONAL_REPRESENTATION('',(#3828),#3831);
#3828 = B_SPLINE_CURVE_WITH_KNOTS('',1,(#3829,#3830),.UNSPECIFIED.,.F.,
  .F.,(2,2),(45.,46.),.PIECEWISE_BEZIER_KNOTS.);
#3829 = CARTESIAN_POINT('',(7.57665704658,6.290904401971));
#3830 = CARTESIAN_POINT('',(7.825268032366,6.239279688867));
#3831 = ( GEOMETRIC_REPRESENTATION_CONTEXT(2) 
PARAMETRIC_REPRESENTATION_CONTEXT() REPRESENTATION_CONTEXT('2D SPACE',''
  ) );
#3832 = PCURVE('',#3833,#3844);
#3833 = ( BOUNDED_SURFACE() B_SPLINE_SURFACE(1,4,(
    (#3834,#3835,#3836,#3837,#3838)
    ,(#3839,#3840,#3841,#3842,#3843
)),.UNSPECIFIED.,.F.,.F.,.F.) B_SPLINE_SURFACE_WITH_KNOTS((2,2),(5,5),(
    45.,46.),(0.,1.),.PIECEWISE_BEZIER_KNOTS.) 
GEOMETRIC_REPRESENTATION_ITEM() RATIONAL_B_SPLINE_SURFACE((
    (1.,1.,1.,1.,1.)
,(1.,1.,1.,1.,1.))) REPRESENTATION_ITEM('') SURFACE() );
#3834 = CARTESIAN_POINT('',(-1.17665704658,-6.290904401971,0.));
#3835 = CARTESIAN_POINT('',(-1.179196709412,-6.304482509661,
    3.950966311744));
#3836 = CARTESIAN_POINT('',(-1.183146667814,-6.325600651745,
    7.915188641292));
#3837 = CARTESIAN_POINT('',(-1.093499935353,-5.846311443819,
    11.841097004811));
#3838 = CARTESIAN_POINT('',(-1.095697408514,-5.85806006133,15.8));
#3839 = CARTESIAN_POINT('',(-1.425268032366,-6.239279688867,0.));
#3840 = CARTESIAN_POINT('',(-1.42926055651,-6.256757436374,
    3.950966311744));
#3841 = CARTESIAN_POINT('',(-1.435470162007,-6.283940720198,
    7.915188641292));
#3842 = CARTESIAN_POINT('',(-1.294539350572,-5.666999394531,
    11.841097004811));
#3843 = CARTESIAN_POINT('',(-1.297993929085,-5.682122221296,15.8));
#3844 = DEFINITIONAL_REPRESENTATION('',(#3845),#3849);
#3845 = LINE('',#3846,#3847);
#3846 = CARTESIAN_POINT('',(0.,0.));
#3847 = VECTOR('',#3848,1.);
#3848 = DIRECTION('',(1.,0.));
#3849 = ( GEOMETRIC_REPRESENTATION_CONTEXT(2) 
PARAMETRIC_REPRESENTATION_CONTEXT() REPRESENTATION_CONTEXT('2D SPACE',''
  ) );
#3850 = ORIENTED_EDGE('',*,*,#3851,.F.);
#3851 = EDGE_CURVE('',#3852,#3820,#3854,.T.);
#3852 = VERTEX_POINT('',#3853);
#3853 = CARTESIAN_POINT('',(-0.935471177974,-6.331263197434,0.));
#3854 = SURFACE_CURVE('',#3855,(#3858,#3864),.PCURVE_S1.);
#3855 = B_SPLINE_CURVE_WITH_KNOTS('',1,(#3856,#3857),.UNSPECIFIED.,.F.,
  .F.,(2,2),(44.,45.),.PIECEWISE_BEZIER_KNOTS.);
#3856 = CARTESIAN_POINT('',(-0.935471177974,-6.331263197434,0.));
#3857 = CARTESIAN_POINT('',(-1.17665704658,-6.290904401971,0.));
#3858 = PCURVE('',#71,#3859);
#3859 = DEFINITIONAL_REPRESENTATION('',(#3860),#3863);
#3860 = B_SPLINE_CURVE_WITH_KNOTS('',1,(#3861,#3862),.UNSPECIFIED.,.F.,
  .F.,(2,2),(44.,45.),.PIECEWISE_BEZIER_KNOTS.);
#3861 = CARTESIAN_POINT('',(7.335471177974,6.331263197434));
#3862 = CARTESIAN_POINT('',(7.57665704658,6.290904401971));
#3863 = ( GEOMETRIC_REPRESENTATION_CONTEXT(2) 
PARAMETRIC_REPRESENTATION_CONTEXT() REPRESENTATION_CONTEXT('2D SPACE',''
  ) );
#3864 = PCURVE('',#3865,#3876);
#3865 = ( BOUNDED_SURFACE() B_SPLINE_SURFACE(1,4,(
    (#3866,#3867,#3868,#3869,#3870)
    ,(#3871,#3872,#3873,#3874,#3875
)),.UNSPECIFIED.,.F.,.F.,.F.) B_SPLINE_SURFACE_WITH_KNOTS((2,2),(5,5),(
    44.,45.),(0.,1.),.PIECEWISE_BEZIER_KNOTS.) 
GEOMETRIC_REPRESENTATION_ITEM() RATIONAL_B_SPLINE_SURFACE((
    (1.,1.,1.,1.,1.)
,(1.,1.,1.,1.,1.))) REPRESENTATION_ITEM('') SURFACE() );
#3866 = CARTESIAN_POINT('',(-0.935471177974,-6.331263197434,0.));
#3867 = CARTESIAN_POINT('',(-0.936889451322,-6.340862062757,
    3.950966311744));
#3868 = CARTESIAN_POINT('',(-0.939095303474,-6.3557912566,7.915188641292
    ));
#3869 = CARTESIAN_POINT('',(-0.889032133775,-6.016964031004,
    11.841097004811));
#3870 = CARTESIAN_POINT('',(-0.890259311485,-6.025269562215,15.8));
#3871 = CARTESIAN_POINT('',(-1.17665704658,-6.290904401971,0.));
#3872 = CARTESIAN_POINT('',(-1.179196709412,-6.304482509661,
    3.950966311744));
#3873 = CARTESIAN_POINT('',(-1.183146667814,-6.325600651745,
    7.915188641292));
#3874 = CARTESIAN_POINT('',(-1.093499935353,-5.846311443819,
    11.841097004811));
#3875 = CARTESIAN_POINT('',(-1.095697408514,-5.85806006133,15.8));
#3876 = DEFINITIONAL_REPRESENTATION('',(#3877),#3881);
#3877 = LINE('',#3878,#3879);
#3878 = CARTESIAN_POINT('',(0.,0.));
#3879 = VECTOR('',#3880,1.);
#3880 = DIRECTION('',(1.,0.));
#3881 = ( GEOMETRIC_REPRESENTATION_CONTEXT(2) 
PARAMETRIC_REPRESENTATION_CONTEXT() REPRESENTATION_CONTEXT('2D SPACE',''
  ) );
#3882 = ORIENTED_EDGE('',*,*,#3883,.F.);
#3883 = EDGE_CURVE('',#3884,#3852,#3886,.T.);
#3884 = VERTEX_POINT('',#3885);
#3885 = CARTESIAN_POINT('',(-0.700546260979,-6.361543439782,0.));
#3886 = SURFACE_CURVE('',#3887,(#3890,#3896),.PCURVE_S1.);
#3887 = B_SPLINE_CURVE_WITH_KNOTS('',1,(#3888,#3889),.UNSPECIFIED.,.F.,
  .F.,(2,2),(43.,44.),.PIECEWISE_BEZIER_KNOTS.);
#3888 = CARTESIAN_POINT('',(-0.700546260979,-6.361543439782,0.));
#3889 = CARTESIAN_POINT('',(-0.935471177974,-6.331263197434,0.));
#3890 = PCURVE('',#71,#3891);
#3891 = DEFINITIONAL_REPRESENTATION('',(#3892),#3895);
#3892 = B_SPLINE_CURVE_WITH_KNOTS('',1,(#3893,#3894),.UNSPECIFIED.,.F.,
  .F.,(2,2),(43.,44.),.PIECEWISE_BEZIER_KNOTS.);
#3893 = CARTESIAN_POINT('',(7.100546260979,6.361543439782));
#3894 = CARTESIAN_POINT('',(7.335471177974,6.331263197434));
#3895 = ( GEOMETRIC_REPRESENTATION_CONTEXT(2) 
PARAMETRIC_REPRESENTATION_CONTEXT() REPRESENTATION_CONTEXT('2D SPACE',''
  ) );
#3896 = PCURVE('',#3897,#3908);
#3897 = ( BOUNDED_SURFACE() B_SPLINE_SURFACE(1,4,(
    (#3898,#3899,#3900,#3901,#3902)
    ,(#3903,#3904,#3905,#3906,#3907
)),.UNSPECIFIED.,.F.,.F.,.F.) B_SPLINE_SURFACE_WITH_KNOTS((2,2),(5,5),(
    43.,44.),(0.,1.),.PIECEWISE_BEZIER_KNOTS.) 
GEOMETRIC_REPRESENTATION_ITEM() RATIONAL_B_SPLINE_SURFACE((
    (1.,1.,1.,1.,1.)
,(1.,1.,1.,1.,1.))) REPRESENTATION_ITEM('') SURFACE() );
#3898 = CARTESIAN_POINT('',(-0.700546260979,-6.361543439782,0.));
#3899 = CARTESIAN_POINT('',(-0.701196273928,-6.367446098661,
    3.950966311744));
#3900 = CARTESIAN_POINT('',(-0.702207244389,-6.376626552353,
    7.915188641292));
#3901 = CARTESIAN_POINT('',(-0.679262648702,-6.16827051606,
    11.841097004811));
#3902 = CARTESIAN_POINT('',(-0.679825080057,-6.173377861137,15.8));
#3903 = CARTESIAN_POINT('',(-0.935471177974,-6.331263197434,0.));
#3904 = CARTESIAN_POINT('',(-0.936889451322,-6.340862062757,
    3.950966311744));
#3905 = CARTESIAN_POINT('',(-0.939095303474,-6.3557912566,7.915188641292
    ));
#3906 = CARTESIAN_POINT('',(-0.889032133775,-6.016964031004,
    11.841097004811));
#3907 = CARTESIAN_POINT('',(-0.890259311485,-6.025269562215,15.8));
#3908 = DEFINITIONAL_REPRESENTATION('',(#3909),#3913);
#3909 = LINE('',#3910,#3911);
#3910 = CARTESIAN_POINT('',(0.,0.));
#3911 = VECTOR('',#3912,1.);
#3912 = DIRECTION('',(1.,0.));
#3913 = ( GEOMETRIC_REPRESENTATION_CONTEXT(2) 
PARAMETRIC_REPRESENTATION_CONTEXT() REPRESENTATION_CONTEXT('2D SPACE',''
  ) );
#3914 = ORIENTED_EDGE('',*,*,#3915,.F.);
#3915 = EDGE_CURVE('',#3916,#3884,#3918,.T.);
#3916 = VERTEX_POINT('',#3917);
#3917 = CARTESIAN_POINT('',(-0.469212476545,-6.382776797903,0.));
#3918 = SURFACE_CURVE('',#3919,(#3922,#3928),.PCURVE_S1.);
#3919 = B_SPLINE_CURVE_WITH_KNOTS('',1,(#3920,#3921),.UNSPECIFIED.,.F.,
  .F.,(2,2),(42.,43.),.PIECEWISE_BEZIER_KNOTS.);
#3920 = CARTESIAN_POINT('',(-0.469212476545,-6.382776797903,0.));
#3921 = CARTESIAN_POINT('',(-0.700546260979,-6.361543439782,0.));
#3922 = PCURVE('',#71,#3923);
#3923 = DEFINITIONAL_REPRESENTATION('',(#3924),#3927);
#3924 = B_SPLINE_CURVE_WITH_KNOTS('',1,(#3925,#3926),.UNSPECIFIED.,.F.,
  .F.,(2,2),(42.,43.),.PIECEWISE_BEZIER_KNOTS.);
#3925 = CARTESIAN_POINT('',(6.869212476545,6.382776797903));
#3926 = CARTESIAN_POINT('',(7.100546260979,6.361543439782));
#3927 = ( GEOMETRIC_REPRESENTATION_CONTEXT(2) 
PARAMETRIC_REPRESENTATION_CONTEXT() REPRESENTATION_CONTEXT('2D SPACE',''
  ) );
#3928 = PCURVE('',#3929,#3940);
#3929 = ( BOUNDED_SURFACE() B_SPLINE_SURFACE(1,4,(
    (#3930,#3931,#3932,#3933,#3934)
    ,(#3935,#3936,#3937,#3938,#3939
)),.UNSPECIFIED.,.F.,.F.,.F.) B_SPLINE_SURFACE_WITH_KNOTS((2,2),(5,5),(
    42.,43.),(0.,1.),.PIECEWISE_BEZIER_KNOTS.) 
GEOMETRIC_REPRESENTATION_ITEM() RATIONAL_B_SPLINE_SURFACE((
    (1.,1.,1.,1.,1.)
,(1.,1.,1.,1.,1.))) REPRESENTATION_ITEM('') SURFACE() );
#3930 = CARTESIAN_POINT('',(-0.469212476545,-6.382776797903,0.));
#3931 = CARTESIAN_POINT('',(-0.469421783852,-6.385624040644,
    3.950966311744));
#3932 = CARTESIAN_POINT('',(-0.469747321219,-6.390052380595,
    7.915188641292));
#3933 = CARTESIAN_POINT('',(-0.462359050682,-6.289548484983,
    11.841097004811));
#3934 = CARTESIAN_POINT('',(-0.462540156292,-6.29201209528,15.8));
#3935 = CARTESIAN_POINT('',(-0.700546260979,-6.361543439782,0.));
#3936 = CARTESIAN_POINT('',(-0.701196273928,-6.367446098661,
    3.950966311744));
#3937 = CARTESIAN_POINT('',(-0.702207244389,-6.376626552353,
    7.915188641292));
#3938 = CARTESIAN_POINT('',(-0.679262648702,-6.16827051606,
    11.841097004811));
#3939 = CARTESIAN_POINT('',(-0.679825080057,-6.173377861137,15.8));
#3940 = DEFINITIONAL_REPRESENTATION('',(#3941),#3945);
#3941 = LINE('',#3942,#3943);
#3942 = CARTESIAN_POINT('',(0.,0.));
#3943 = VECTOR('',#3944,1.);
#3944 = DIRECTION('',(1.,0.));
#3945 = ( GEOMETRIC_REPRESENTATION_CONTEXT(2) 
PARAMETRIC_REPRESENTATION_CONTEXT() REPRESENTATION_CONTEXT('2D SPACE',''
  ) );
#3946 = ORIENTED_EDGE('',*,*,#3947,.F.);
#3947 = EDGE_CURVE('',#3948,#3916,#3950,.T.);
#3948 = VERTEX_POINT('',#3949);
#3949 = CARTESIAN_POINT('',(-0.237470571039,-6.395592836312,0.));
#3950 = SURFACE_CURVE('',#3951,(#3954,#3960),.PCURVE_S1.);
#3951 = B_SPLINE_CURVE_WITH_KNOTS('',1,(#3952,#3953),.UNSPECIFIED.,.F.,
  .F.,(2,2),(41.,42.),.PIECEWISE_BEZIER_KNOTS.);
#3952 = CARTESIAN_POINT('',(-0.237470571039,-6.395592836312,0.));
#3953 = CARTESIAN_POINT('',(-0.469212476545,-6.382776797903,0.));
#3954 = PCURVE('',#71,#3955);
#3955 = DEFINITIONAL_REPRESENTATION('',(#3956),#3959);
#3956 = B_SPLINE_CURVE_WITH_KNOTS('',1,(#3957,#3958),.UNSPECIFIED.,.F.,
  .F.,(2,2),(41.,42.),.PIECEWISE_BEZIER_KNOTS.);
#3957 = CARTESIAN_POINT('',(6.637470571039,6.395592836312));
#3958 = CARTESIAN_POINT('',(6.869212476545,6.382776797903));
#3959 = ( GEOMETRIC_REPRESENTATION_CONTEXT(2) 
PARAMETRIC_REPRESENTATION_CONTEXT() REPRESENTATION_CONTEXT('2D SPACE',''
  ) );
#3960 = PCURVE('',#3961,#3972);
#3961 = ( BOUNDED_SURFACE() B_SPLINE_SURFACE(1,4,(
    (#3962,#3963,#3964,#3965,#3966)
    ,(#3967,#3968,#3969,#3970,#3971
)),.UNSPECIFIED.,.F.,.F.,.F.) B_SPLINE_SURFACE_WITH_KNOTS((2,2),(5,5),(
    41.,42.),(0.,1.),.PIECEWISE_BEZIER_KNOTS.) 
GEOMETRIC_REPRESENTATION_ITEM() RATIONAL_B_SPLINE_SURFACE((
    (1.,1.,1.,1.,1.)
,(1.,1.,1.,1.,1.))) REPRESENTATION_ITEM('') SURFACE() );
#3962 = CARTESIAN_POINT('',(-0.237470571039,-6.395592836312,0.));
#3963 = CARTESIAN_POINT('',(-0.237499449443,-6.396370593792,
    3.950966311744));
#3964 = CARTESIAN_POINT('',(-0.237544364261,-6.397580246369,
    7.915188641292));
#3965 = CARTESIAN_POINT('',(-0.236524994874,-6.370126438016,
    11.841097004811));
#3966 = CARTESIAN_POINT('',(-0.236549982253,-6.370799401831,15.8));
#3967 = CARTESIAN_POINT('',(-0.469212476545,-6.382776797903,0.));
#3968 = CARTESIAN_POINT('',(-0.469421783852,-6.385624040644,
    3.950966311744));
#3969 = CARTESIAN_POINT('',(-0.469747321219,-6.390052380595,
    7.915188641292));
#3970 = CARTESIAN_POINT('',(-0.462359050682,-6.289548484983,
    11.841097004811));
#3971 = CARTESIAN_POINT('',(-0.462540156292,-6.29201209528,15.8));
#3972 = DEFINITIONAL_REPRESENTATION('',(#3973),#3977);
#3973 = LINE('',#3974,#3975);
#3974 = CARTESIAN_POINT('',(0.,0.));
#3975 = VECTOR('',#3976,1.);
#3976 = DIRECTION('',(1.,0.));
#3977 = ( GEOMETRIC_REPRESENTATION_CONTEXT(2) 
PARAMETRIC_REPRESENTATION_CONTEXT() REPRESENTATION_CONTEXT('2D SPACE',''
  ) );
#3978 = ORIENTED_EDGE('',*,*,#3979,.F.);
#3979 = EDGE_CURVE('',#3980,#3948,#3982,.T.);
#3980 = VERTEX_POINT('',#3981);
#3981 = CARTESIAN_POINT('',(0.,-6.4,0.));
#3982 = SURFACE_CURVE('',#3983,(#3986,#3992),.PCURVE_S1.);
#3983 = B_SPLINE_CURVE_WITH_KNOTS('',1,(#3984,#3985),.UNSPECIFIED.,.F.,
  .F.,(2,2),(40.,41.),.PIECEWISE_BEZIER_KNOTS.);
#3984 = CARTESIAN_POINT('',(0.,-6.4,0.));
#3985 = CARTESIAN_POINT('',(-0.237470571039,-6.395592836312,0.));
#3986 = PCURVE('',#71,#3987);
#3987 = DEFINITIONAL_REPRESENTATION('',(#3988),#3991);
#3988 = B_SPLINE_CURVE_WITH_KNOTS('',1,(#3989,#3990),.UNSPECIFIED.,.F.,
  .F.,(2,2),(40.,41.),.PIECEWISE_BEZIER_KNOTS.);
#3989 = CARTESIAN_POINT('',(6.4,6.4));
#3990 = CARTESIAN_POINT('',(6.637470571039,6.395592836312));
#3991 = ( GEOMETRIC_REPRESENTATION_CONTEXT(2) 
PARAMETRIC_REPRESENTATION_CONTEXT() REPRESENTATION_CONTEXT('2D SPACE',''
  ) );
#3992 = PCURVE('',#3993,#4004);
#3993 = ( BOUNDED_SURFACE() B_SPLINE_SURFACE(1,4,(
    (#3994,#3995,#3996,#3997,#3998)
    ,(#3999,#4000,#4001,#4002,#4003
)),.UNSPECIFIED.,.F.,.F.,.F.) B_SPLINE_SURFACE_WITH_KNOTS((2,2),(5,5),(
    40.,41.),(0.,1.),.PIECEWISE_BEZIER_KNOTS.) 
GEOMETRIC_REPRESENTATION_ITEM() RATIONAL_B_SPLINE_SURFACE((
    (1.,1.,1.,1.,1.)
,(1.,1.,1.,1.,1.))) REPRESENTATION_ITEM('') SURFACE() );
#3994 = CARTESIAN_POINT('',(0.,-6.4,0.));
#3995 = CARTESIAN_POINT('',(0.,-6.400019859462,3.950966311744));
#3996 = CARTESIAN_POINT('',(0.,-6.400050747047,7.915188641292));
#3997 = CARTESIAN_POINT('',(0.,-6.399349734339,11.841097004811));
#3998 = CARTESIAN_POINT('',(0.,-6.399366917973,15.8));
#3999 = CARTESIAN_POINT('',(-0.237470571039,-6.395592836312,0.));
#4000 = CARTESIAN_POINT('',(-0.237499449443,-6.396370593792,
    3.950966311744));
#4001 = CARTESIAN_POINT('',(-0.237544364261,-6.397580246369,
    7.915188641292));
#4002 = CARTESIAN_POINT('',(-0.236524994874,-6.370126438016,
    11.841097004811));
#4003 = CARTESIAN_POINT('',(-0.236549982253,-6.370799401831,15.8));
#4004 = DEFINITIONAL_REPRESENTATION('',(#4005),#4009);
#4005 = LINE('',#4006,#4007);
#4006 = CARTESIAN_POINT('',(0.,0.));
#4007 = VECTOR('',#4008,1.);
#4008 = DIRECTION('',(1.,0.));
#4009 = ( GEOMETRIC_REPRESENTATION_CONTEXT(2) 
PARAMETRIC_REPRESENTATION_CONTEXT() REPRESENTATION_CONTEXT('2D SPACE',''
  ) );
#4010 = ORIENTED_EDGE('',*,*,#4011,.F.);
#4011 = EDGE_CURVE('',#4012,#3980,#4014,.T.);
#4012 = VERTEX_POINT('',#4013);
#4013 = CARTESIAN_POINT('',(0.237120530351,-6.395605823852,0.));
#4014 = SURFACE_CURVE('',#4015,(#4018,#4024),.PCURVE_S1.);
#4015 = B_SPLINE_CURVE_WITH_KNOTS('',1,(#4016,#4017),.UNSPECIFIED.,.F.,
  .F.,(2,2),(39.,40.),.PIECEWISE_BEZIER_KNOTS.);
#4016 = CARTESIAN_POINT('',(0.237120530351,-6.395605823852,0.));
#4017 = CARTESIAN_POINT('',(0.,-6.4,0.));
#4018 = PCURVE('',#71,#4019);
#4019 = DEFINITIONAL_REPRESENTATION('',(#4020),#4023);
#4020 = B_SPLINE_CURVE_WITH_KNOTS('',1,(#4021,#4022),.UNSPECIFIED.,.F.,
  .F.,(2,2),(39.,40.),.PIECEWISE_BEZIER_KNOTS.);
#4021 = CARTESIAN_POINT('',(6.162879469649,6.395605823852));
#4022 = CARTESIAN_POINT('',(6.4,6.4));
#4023 = ( GEOMETRIC_REPRESENTATION_CONTEXT(2) 
PARAMETRIC_REPRESENTATION_CONTEXT() REPRESENTATION_CONTEXT('2D SPACE',''
  ) );
#4024 = PCURVE('',#4025,#4036);
#4025 = ( BOUNDED_SURFACE() B_SPLINE_SURFACE(1,4,(
    (#4026,#4027,#4028,#4029,#4030)
    ,(#4031,#4032,#4033,#4034,#4035
)),.UNSPECIFIED.,.F.,.F.,.F.) B_SPLINE_SURFACE_WITH_KNOTS((2,2),(5,5),(
    39.,40.),(0.,1.),.PIECEWISE_BEZIER_KNOTS.) 
GEOMETRIC_REPRESENTATION_ITEM() RATIONAL_B_SPLINE_SURFACE((
    (1.,1.,1.,1.,1.)
,(1.,1.,1.,1.,1.))) REPRESENTATION_ITEM('') SURFACE() );
#4026 = CARTESIAN_POINT('',(0.237120530351,-6.395605823852,0.));
#4027 = CARTESIAN_POINT('',(0.237149381233,-6.396383988744,
    3.950966311744));
#4028 = CARTESIAN_POINT('',(0.237194253247,-6.397594274973,
    7.915188641292));
#4029 = CARTESIAN_POINT('',(0.236175855329,-6.370126085498,
    11.841097004811));
#4030 = CARTESIAN_POINT('',(0.236200818895,-6.370799401831,15.8));
#4031 = CARTESIAN_POINT('',(0.,-6.4,0.));
#4032 = CARTESIAN_POINT('',(0.,-6.400019859462,3.950966311744));
#4033 = CARTESIAN_POINT('',(0.,-6.400050747047,7.915188641292));
#4034 = CARTESIAN_POINT('',(0.,-6.399349734339,11.841097004811));
#4035 = CARTESIAN_POINT('',(0.,-6.399366917973,15.8));
#4036 = DEFINITIONAL_REPRESENTATION('',(#4037),#4041);
#4037 = LINE('',#4038,#4039);
#4038 = CARTESIAN_POINT('',(0.,0.));
#4039 = VECTOR('',#4040,1.);
#4040 = DIRECTION('',(1.,0.));
#4041 = ( GEOMETRIC_REPRESENTATION_CONTEXT(2) 
PARAMETRIC_REPRESENTATION_CONTEXT() REPRESENTATION_CONTEXT('2D SPACE',''
  ) );
#4042 = ORIENTED_EDGE('',*,*,#4043,.F.);
#4043 = EDGE_CURVE('',#4044,#4012,#4046,.T.);
#4044 = VERTEX_POINT('',#4045);
#4045 = CARTESIAN_POINT('',(0.468579418342,-6.382823303892,0.));
#4046 = SURFACE_CURVE('',#4047,(#4050,#4056),.PCURVE_S1.);
#4047 = B_SPLINE_CURVE_WITH_KNOTS('',1,(#4048,#4049),.UNSPECIFIED.,.F.,
  .F.,(2,2),(38.,39.),.PIECEWISE_BEZIER_KNOTS.);
#4048 = CARTESIAN_POINT('',(0.468579418342,-6.382823303892,0.));
#4049 = CARTESIAN_POINT('',(0.237120530351,-6.395605823852,0.));
#4050 = PCURVE('',#71,#4051);
#4051 = DEFINITIONAL_REPRESENTATION('',(#4052),#4055);
#4052 = B_SPLINE_CURVE_WITH_KNOTS('',1,(#4053,#4054),.UNSPECIFIED.,.F.,
  .F.,(2,2),(38.,39.),.PIECEWISE_BEZIER_KNOTS.);
#4053 = CARTESIAN_POINT('',(5.931420581658,6.382823303892));
#4054 = CARTESIAN_POINT('',(6.162879469649,6.395605823852));
#4055 = ( GEOMETRIC_REPRESENTATION_CONTEXT(2) 
PARAMETRIC_REPRESENTATION_CONTEXT() REPRESENTATION_CONTEXT('2D SPACE',''
  ) );
#4056 = PCURVE('',#4057,#4068);
#4057 = ( BOUNDED_SURFACE() B_SPLINE_SURFACE(1,4,(
    (#4058,#4059,#4060,#4061,#4062)
    ,(#4063,#4064,#4065,#4066,#4067
)),.UNSPECIFIED.,.F.,.F.,.F.) B_SPLINE_SURFACE_WITH_KNOTS((2,2),(5,5),(
    38.,39.),(0.,1.),.PIECEWISE_BEZIER_KNOTS.) 
GEOMETRIC_REPRESENTATION_ITEM() RATIONAL_B_SPLINE_SURFACE((
    (1.,1.,1.,1.,1.)
,(1.,1.,1.,1.,1.))) REPRESENTATION_ITEM('') SURFACE() );
#4058 = CARTESIAN_POINT('',(0.468579418342,-6.382823303892,0.));
#4059 = CARTESIAN_POINT('',(0.468788548829,-6.385672005502,
    3.950966311744));
#4060 = CARTESIAN_POINT('',(0.469113811187,-6.390102614444,
    7.915188641292));
#4061 = CARTESIAN_POINT('',(0.461731782148,-6.28954722268,
    11.841097004811));
#4062 = CARTESIAN_POINT('',(0.461912734763,-6.29201209528,15.8));
#4063 = CARTESIAN_POINT('',(0.237120530351,-6.395605823852,0.));
#4064 = CARTESIAN_POINT('',(0.237149381233,-6.396383988744,
    3.950966311744));
#4065 = CARTESIAN_POINT('',(0.237194253247,-6.397594274973,
    7.915188641292));
#4066 = CARTESIAN_POINT('',(0.236175855329,-6.370126085498,
    11.841097004811));
#4067 = CARTESIAN_POINT('',(0.236200818895,-6.370799401831,15.8));
#4068 = DEFINITIONAL_REPRESENTATION('',(#4069),#4073);
#4069 = LINE('',#4070,#4071);
#4070 = CARTESIAN_POINT('',(0.,0.));
#4071 = VECTOR('',#4072,1.);
#4072 = DIRECTION('',(1.,0.));
#4073 = ( GEOMETRIC_REPRESENTATION_CONTEXT(2) 
PARAMETRIC_REPRESENTATION_CONTEXT() REPRESENTATION_CONTEXT('2D SPACE',''
  ) );
#4074 = ORIENTED_EDGE('',*,*,#4075,.F.);
#4075 = EDGE_CURVE('',#4076,#4044,#4078,.T.);
#4076 = VERTEX_POINT('',#4077);
#4077 = CARTESIAN_POINT('',(0.699688140329,-6.361637879217,0.));
#4078 = SURFACE_CURVE('',#4079,(#4082,#4088),.PCURVE_S1.);
#4079 = B_SPLINE_CURVE_WITH_KNOTS('',1,(#4080,#4081),.UNSPECIFIED.,.F.,
  .F.,(2,2),(37.,38.),.PIECEWISE_BEZIER_KNOTS.);
#4080 = CARTESIAN_POINT('',(0.699688140329,-6.361637879217,0.));
#4081 = CARTESIAN_POINT('',(0.468579418342,-6.382823303892,0.));
#4082 = PCURVE('',#71,#4083);
#4083 = DEFINITIONAL_REPRESENTATION('',(#4084),#4087);
#4084 = B_SPLINE_CURVE_WITH_KNOTS('',1,(#4085,#4086),.UNSPECIFIED.,.F.,
  .F.,(2,2),(37.,38.),.PIECEWISE_BEZIER_KNOTS.);
#4085 = CARTESIAN_POINT('',(5.700311859671,6.361637879217));
#4086 = CARTESIAN_POINT('',(5.931420581658,6.382823303892));
#4087 = ( GEOMETRIC_REPRESENTATION_CONTEXT(2) 
PARAMETRIC_REPRESENTATION_CONTEXT() REPRESENTATION_CONTEXT('2D SPACE',''
  ) );
#4088 = PCURVE('',#4089,#4100);
#4089 = ( BOUNDED_SURFACE() B_SPLINE_SURFACE(1,4,(
    (#4090,#4091,#4092,#4093,#4094)
    ,(#4095,#4096,#4097,#4098,#4099
)),.UNSPECIFIED.,.F.,.F.,.F.) B_SPLINE_SURFACE_WITH_KNOTS((2,2),(5,5),(
    37.,38.),(0.,1.),.PIECEWISE_BEZIER_KNOTS.) 
GEOMETRIC_REPRESENTATION_ITEM() RATIONAL_B_SPLINE_SURFACE((
    (1.,1.,1.,1.,1.)
,(1.,1.,1.,1.,1.))) REPRESENTATION_ITEM('') SURFACE() );
#4090 = CARTESIAN_POINT('',(0.699688140329,-6.361637879217,0.));
#4091 = CARTESIAN_POINT('',(0.700337673253,-6.367543500613,
    3.950966311744));
#4092 = CARTESIAN_POINT('',(0.701347897128,-6.376728561932,
    7.915188641292));
#4093 = CARTESIAN_POINT('',(0.67842024567,-6.168267952707,
    11.841097004811));
#4094 = CARTESIAN_POINT('',(0.678982261678,-6.173377861137,15.8));
#4095 = CARTESIAN_POINT('',(0.468579418342,-6.382823303892,0.));
#4096 = CARTESIAN_POINT('',(0.468788548829,-6.385672005502,
    3.950966311744));
#4097 = CARTESIAN_POINT('',(0.469113811187,-6.390102614444,
    7.915188641292));
#4098 = CARTESIAN_POINT('',(0.461731782148,-6.28954722268,
    11.841097004811));
#4099 = CARTESIAN_POINT('',(0.461912734763,-6.29201209528,15.8));
#4100 = DEFINITIONAL_REPRESENTATION('',(#4101),#4105);
#4101 = LINE('',#4102,#4103);
#4102 = CARTESIAN_POINT('',(0.,0.));
#4103 = VECTOR('',#4104,1.);
#4104 = DIRECTION('',(1.,0.));
#4105 = ( GEOMETRIC_REPRESENTATION_CONTEXT(2) 
PARAMETRIC_REPRESENTATION_CONTEXT() REPRESENTATION_CONTEXT('2D SPACE',''
  ) );
#4106 = ORIENTED_EDGE('',*,*,#4107,.F.);
#4107 = EDGE_CURVE('',#4108,#4076,#4110,.T.);
#4108 = VERTEX_POINT('',#4109);
#4109 = CARTESIAN_POINT('',(0.934439311532,-6.331415574187,0.));
#4110 = SURFACE_CURVE('',#4111,(#4114,#4120),.PCURVE_S1.);
#4111 = B_SPLINE_CURVE_WITH_KNOTS('',1,(#4112,#4113),.UNSPECIFIED.,.F.,
  .F.,(2,2),(36.,37.),.PIECEWISE_BEZIER_KNOTS.);
#4112 = CARTESIAN_POINT('',(0.934439311532,-6.331415574187,0.));
#4113 = CARTESIAN_POINT('',(0.699688140329,-6.361637879217,0.));
#4114 = PCURVE('',#71,#4115);
#4115 = DEFINITIONAL_REPRESENTATION('',(#4116),#4119);
#4116 = B_SPLINE_CURVE_WITH_KNOTS('',1,(#4117,#4118),.UNSPECIFIED.,.F.,
  .F.,(2,2),(36.,37.),.PIECEWISE_BEZIER_KNOTS.);
#4117 = CARTESIAN_POINT('',(5.465560688468,6.331415574187));
#4118 = CARTESIAN_POINT('',(5.700311859671,6.361637879217));
#4119 = ( GEOMETRIC_REPRESENTATION_CONTEXT(2) 
PARAMETRIC_REPRESENTATION_CONTEXT() REPRESENTATION_CONTEXT('2D SPACE',''
  ) );
#4120 = PCURVE('',#4121,#4132);
#4121 = ( BOUNDED_SURFACE() B_SPLINE_SURFACE(1,4,(
    (#4122,#4123,#4124,#4125,#4126)
    ,(#4127,#4128,#4129,#4130,#4131
)),.UNSPECIFIED.,.F.,.F.,.F.) B_SPLINE_SURFACE_WITH_KNOTS((2,2),(5,5),(
    36.,37.),(0.,1.),.PIECEWISE_BEZIER_KNOTS.) 
GEOMETRIC_REPRESENTATION_ITEM() RATIONAL_B_SPLINE_SURFACE((
    (1.,1.,1.,1.,1.)
,(1.,1.,1.,1.,1.))) REPRESENTATION_ITEM('') SURFACE() );
#4122 = CARTESIAN_POINT('',(0.934439311532,-6.331415574187,0.));
#4123 = CARTESIAN_POINT('',(0.935856691832,-6.341019219492,
    3.950966311744));
#4124 = CARTESIAN_POINT('',(0.93806115502,-6.35595584768,7.915188641292)
  );
#4125 = CARTESIAN_POINT('',(0.888029508723,-6.016959895068,
    11.841097004811));
#4126 = CARTESIAN_POINT('',(0.889255913712,-6.025269562215,15.8));
#4127 = CARTESIAN_POINT('',(0.699688140329,-6.361637879217,0.));
#4128 = CARTESIAN_POINT('',(0.700337673253,-6.367543500613,
    3.950966311744));
#4129 = CARTESIAN_POINT('',(0.701347897128,-6.376728561932,
    7.915188641292));
#4130 = CARTESIAN_POINT('',(0.67842024567,-6.168267952707,
    11.841097004811));
#4131 = CARTESIAN_POINT('',(0.678982261678,-6.173377861137,15.8));
#4132 = DEFINITIONAL_REPRESENTATION('',(#4133),#4137);
#4133 = LINE('',#4134,#4135);
#4134 = CARTESIAN_POINT('',(0.,0.));
#4135 = VECTOR('',#4136,1.);
#4136 = DIRECTION('',(1.,0.));
#4137 = ( GEOMETRIC_REPRESENTATION_CONTEXT(2) 
PARAMETRIC_REPRESENTATION_CONTEXT() REPRESENTATION_CONTEXT('2D SPACE',''
  ) );
#4138 = ORIENTED_EDGE('',*,*,#4139,.F.);
#4139 = EDGE_CURVE('',#4140,#4108,#4142,.T.);
#4140 = VERTEX_POINT('',#4141);
#4141 = CARTESIAN_POINT('',(1.175497788179,-6.291121120276,0.));
#4142 = SURFACE_CURVE('',#4143,(#4146,#4152),.PCURVE_S1.);
#4143 = B_SPLINE_CURVE_WITH_KNOTS('',1,(#4144,#4145),.UNSPECIFIED.,.F.,
  .F.,(2,2),(35.,36.),.PIECEWISE_BEZIER_KNOTS.);
#4144 = CARTESIAN_POINT('',(1.175497788179,-6.291121120276,0.));
#4145 = CARTESIAN_POINT('',(0.934439311532,-6.331415574187,0.));
#4146 = PCURVE('',#71,#4147);
#4147 = DEFINITIONAL_REPRESENTATION('',(#4148),#4151);
#4148 = B_SPLINE_CURVE_WITH_KNOTS('',1,(#4149,#4150),.UNSPECIFIED.,.F.,
  .F.,(2,2),(35.,36.),.PIECEWISE_BEZIER_KNOTS.);
#4149 = CARTESIAN_POINT('',(5.224502211821,6.291121120276));
#4150 = CARTESIAN_POINT('',(5.465560688468,6.331415574187));
#4151 = ( GEOMETRIC_REPRESENTATION_CONTEXT(2) 
PARAMETRIC_REPRESENTATION_CONTEXT() REPRESENTATION_CONTEXT('2D SPACE',''
  ) );
#4152 = PCURVE('',#4153,#4164);
#4153 = ( BOUNDED_SURFACE() B_SPLINE_SURFACE(1,4,(
    (#4154,#4155,#4156,#4157,#4158)
    ,(#4159,#4160,#4161,#4162,#4163
)),.UNSPECIFIED.,.F.,.F.,.F.) B_SPLINE_SURFACE_WITH_KNOTS((2,2),(5,5),(
    35.,36.),(0.,1.),.PIECEWISE_BEZIER_KNOTS.) 
GEOMETRIC_REPRESENTATION_ITEM() RATIONAL_B_SPLINE_SURFACE((
    (1.,1.,1.,1.,1.)
,(1.,1.,1.,1.,1.))) REPRESENTATION_ITEM('') SURFACE() );
#4154 = CARTESIAN_POINT('',(1.175497788179,-6.291121120276,0.));
#4155 = CARTESIAN_POINT('',(1.178036131774,-6.30470602631,3.950966311744
    ));
#4156 = CARTESIAN_POINT('',(1.181984038352,-6.325834741913,
    7.915188641292));
#4157 = CARTESIAN_POINT('',(1.092383873263,-5.846305561472,
    11.841097004811));
#4158 = CARTESIAN_POINT('',(1.094580204937,-5.85806006133,15.8));
#4159 = CARTESIAN_POINT('',(0.934439311532,-6.331415574187,0.));
#4160 = CARTESIAN_POINT('',(0.935856691832,-6.341019219492,
    3.950966311744));
#4161 = CARTESIAN_POINT('',(0.93806115502,-6.35595584768,7.915188641292)
  );
#4162 = CARTESIAN_POINT('',(0.888029508723,-6.016959895068,
    11.841097004811));
#4163 = CARTESIAN_POINT('',(0.889255913712,-6.025269562215,15.8));
#4164 = DEFINITIONAL_REPRESENTATION('',(#4165),#4169);
#4165 = LINE('',#4166,#4167);
#4166 = CARTESIAN_POINT('',(0.,0.));
#4167 = VECTOR('',#4168,1.);
#4168 = DIRECTION('',(1.,0.));
#4169 = ( GEOMETRIC_REPRESENTATION_CONTEXT(2) 
PARAMETRIC_REPRESENTATION_CONTEXT() REPRESENTATION_CONTEXT('2D SPACE',''
  ) );
#4170 = ORIENTED_EDGE('',*,*,#4171,.F.);
#4171 = EDGE_CURVE('',#4172,#4140,#4174,.T.);
#4172 = VERTEX_POINT('',#4173);
#4173 = CARTESIAN_POINT('',(1.424023687826,-6.239563809796,0.));
#4174 = SURFACE_CURVE('',#4175,(#4178,#4184),.PCURVE_S1.);
#4175 = B_SPLINE_CURVE_WITH_KNOTS('',1,(#4176,#4177),.UNSPECIFIED.,.F.,
  .F.,(2,2),(34.,35.),.PIECEWISE_BEZIER_KNOTS.);
#4176 = CARTESIAN_POINT('',(1.424023687826,-6.239563809796,0.));
#4177 = CARTESIAN_POINT('',(1.175497788179,-6.291121120276,0.));
#4178 = PCURVE('',#71,#4179);
#4179 = DEFINITIONAL_REPRESENTATION('',(#4180),#4183);
#4180 = B_SPLINE_CURVE_WITH_KNOTS('',1,(#4181,#4182),.UNSPECIFIED.,.F.,
  .F.,(2,2),(34.,35.),.PIECEWISE_BEZIER_KNOTS.);
#4181 = CARTESIAN_POINT('',(4.975976312174,6.239563809796));
#4182 = CARTESIAN_POINT('',(5.224502211821,6.291121120276));
#4183 = ( GEOMETRIC_REPRESENTATION_CONTEXT(2) 
PARAMETRIC_REPRESENTATION_CONTEXT() REPRESENTATION_CONTEXT('2D SPACE',''
  ) );
#4184 = PCURVE('',#4185,#4196);
#4185 = ( BOUNDED_SURFACE() B_SPLINE_SURFACE(1,4,(
    (#4186,#4187,#4188,#4189,#4190)
    ,(#4191,#4192,#4193,#4194,#4195
)),.UNSPECIFIED.,.F.,.F.,.F.) B_SPLINE_SURFACE_WITH_KNOTS((2,2),(5,5),(
    34.,35.),(0.,1.),.PIECEWISE_BEZIER_KNOTS.) 
GEOMETRIC_REPRESENTATION_ITEM() RATIONAL_B_SPLINE_SURFACE((
    (1.,1.,1.,1.,1.)
,(1.,1.,1.,1.,1.))) REPRESENTATION_ITEM('') SURFACE() );
#4186 = CARTESIAN_POINT('',(1.424023687826,-6.239563809796,0.));
#4187 = CARTESIAN_POINT('',(1.428014578721,-6.257050470032,
    3.950966311744));
#4188 = CARTESIAN_POINT('',(1.434221644012,-6.284247615897,
    7.915188641292));
#4189 = CARTESIAN_POINT('',(1.293348484102,-5.666991682686,
    11.841097004811));
#4190 = CARTESIAN_POINT('',(1.296801649427,-5.682122221296,15.8));
#4191 = CARTESIAN_POINT('',(1.175497788179,-6.291121120276,0.));
#4192 = CARTESIAN_POINT('',(1.178036131774,-6.30470602631,3.950966311744
    ));
#4193 = CARTESIAN_POINT('',(1.181984038352,-6.325834741913,
    7.915188641292));
#4194 = CARTESIAN_POINT('',(1.092383873263,-5.846305561472,
    11.841097004811));
#4195 = CARTESIAN_POINT('',(1.094580204937,-5.85806006133,15.8));
#4196 = DEFINITIONAL_REPRESENTATION('',(#4197),#4201);
#4197 = LINE('',#4198,#4199);
#4198 = CARTESIAN_POINT('',(0.,0.));
#4199 = VECTOR('',#4200,1.);
#4200 = DIRECTION('',(1.,0.));
#4201 = ( GEOMETRIC_REPRESENTATION_CONTEXT(2) 
PARAMETRIC_REPRESENTATION_CONTEXT() REPRESENTATION_CONTEXT('2D SPACE',''
  ) );
#4202 = ORIENTED_EDGE('',*,*,#4203,.F.);
#4203 = EDGE_CURVE('',#4204,#4172,#4206,.T.);
#4204 = VERTEX_POINT('',#4205);
#4205 = CARTESIAN_POINT('',(1.679391915358,-6.175730142633,0.));
#4206 = SURFACE_CURVE('',#4207,(#4210,#4216),.PCURVE_S1.);
#4207 = B_SPLINE_CURVE_WITH_KNOTS('',1,(#4208,#4209),.UNSPECIFIED.,.F.,
  .F.,(2,2),(33.,34.),.PIECEWISE_BEZIER_KNOTS.);
#4208 = CARTESIAN_POINT('',(1.679391915358,-6.175730142633,0.));
#4209 = CARTESIAN_POINT('',(1.424023687826,-6.239563809796,0.));
#4210 = PCURVE('',#71,#4211);
#4211 = DEFINITIONAL_REPRESENTATION('',(#4212),#4215);
#4212 = B_SPLINE_CURVE_WITH_KNOTS('',1,(#4213,#4214),.UNSPECIFIED.,.F.,
  .F.,(2,2),(33.,34.),.PIECEWISE_BEZIER_KNOTS.);
#4213 = CARTESIAN_POINT('',(4.720608084642,6.175730142633));
#4214 = CARTESIAN_POINT('',(4.975976312174,6.239563809796));
#4215 = ( GEOMETRIC_REPRESENTATION_CONTEXT(2) 
PARAMETRIC_REPRESENTATION_CONTEXT() REPRESENTATION_CONTEXT('2D SPACE',''
  ) );
#4216 = PCURVE('',#4217,#4228);
#4217 = ( BOUNDED_SURFACE() B_SPLINE_SURFACE(1,4,(
    (#4218,#4219,#4220,#4221,#4222)
    ,(#4223,#4224,#4225,#4226,#4227
)),.UNSPECIFIED.,.F.,.F.,.F.) B_SPLINE_SURFACE_WITH_KNOTS((2,2),(5,5),(
    33.,34.),(0.,1.),.PIECEWISE_BEZIER_KNOTS.) 
GEOMETRIC_REPRESENTATION_ITEM() RATIONAL_B_SPLINE_SURFACE((
    (1.,1.,1.,1.,1.)
,(1.,1.,1.,1.,1.))) REPRESENTATION_ITEM('') SURFACE() );
#4218 = CARTESIAN_POINT('',(1.679391915358,-6.175730142633,0.));
#4219 = CARTESIAN_POINT('',(1.685089404433,-6.196681866107,
    3.950966311744));
#4220 = CARTESIAN_POINT('',(1.693950755848,-6.229268253202,
    7.915188641292));
#4221 = CARTESIAN_POINT('',(1.492836941766,-5.489700179563,
    11.841097004811));
#4222 = CARTESIAN_POINT('',(1.497766761254,-5.507828904927,15.8));
#4223 = CARTESIAN_POINT('',(1.424023687826,-6.239563809796,0.));
#4224 = CARTESIAN_POINT('',(1.428014578721,-6.257050470032,
    3.950966311744));
#4225 = CARTESIAN_POINT('',(1.434221644012,-6.284247615897,
    7.915188641292));
#4226 = CARTESIAN_POINT('',(1.293348484102,-5.666991682686,
    11.841097004811));
#4227 = CARTESIAN_POINT('',(1.296801649427,-5.682122221296,15.8));
#4228 = DEFINITIONAL_REPRESENTATION('',(#4229),#4233);
#4229 = LINE('',#4230,#4231);
#4230 = CARTESIAN_POINT('',(0.,0.));
#4231 = VECTOR('',#4232,1.);
#4232 = DIRECTION('',(1.,0.));
#4233 = ( GEOMETRIC_REPRESENTATION_CONTEXT(2) 
PARAMETRIC_REPRESENTATION_CONTEXT() REPRESENTATION_CONTEXT('2D SPACE',''
  ) );
#4234 = ORIENTED_EDGE('',*,*,#4235,.F.);
#4235 = EDGE_CURVE('',#4236,#4204,#4238,.T.);
#4236 = VERTEX_POINT('',#4237);
#4237 = CARTESIAN_POINT('',(1.938912195024,-6.099231058091,0.));
#4238 = SURFACE_CURVE('',#4239,(#4242,#4248),.PCURVE_S1.);
#4239 = B_SPLINE_CURVE_WITH_KNOTS('',1,(#4240,#4241),.UNSPECIFIED.,.F.,
  .F.,(2,2),(32.,33.),.PIECEWISE_BEZIER_KNOTS.);
#4240 = CARTESIAN_POINT('',(1.938912195024,-6.099231058091,0.));
#4241 = CARTESIAN_POINT('',(1.679391915358,-6.175730142633,0.));
#4242 = PCURVE('',#71,#4243);
#4243 = DEFINITIONAL_REPRESENTATION('',(#4244),#4247);
#4244 = B_SPLINE_CURVE_WITH_KNOTS('',1,(#4245,#4246),.UNSPECIFIED.,.F.,
  .F.,(2,2),(32.,33.),.PIECEWISE_BEZIER_KNOTS.);
#4245 = CARTESIAN_POINT('',(4.461087804976,6.099231058091));
#4246 = CARTESIAN_POINT('',(4.720608084642,6.175730142633));
#4247 = ( GEOMETRIC_REPRESENTATION_CONTEXT(2) 
PARAMETRIC_REPRESENTATION_CONTEXT() REPRESENTATION_CONTEXT('2D SPACE',''
  ) );
#4248 = PCURVE('',#4249,#4260);
#4249 = ( BOUNDED_SURFACE() B_SPLINE_SURFACE(1,4,(
    (#4250,#4251,#4252,#4253,#4254)
    ,(#4255,#4256,#4257,#4258,#4259
)),.UNSPECIFIED.,.F.,.F.,.F.) B_SPLINE_SURFACE_WITH_KNOTS((2,2),(5,5),(
    32.,33.),(0.,1.),.PIECEWISE_BEZIER_KNOTS.) 
GEOMETRIC_REPRESENTATION_ITEM() RATIONAL_B_SPLINE_SURFACE((
    (1.,1.,1.,1.,1.)
,(1.,1.,1.,1.,1.))) REPRESENTATION_ITEM('') SURFACE() );
#4250 = CARTESIAN_POINT('',(1.938912195024,-6.099231058091,0.));
#4251 = CARTESIAN_POINT('',(1.946428016358,-6.12287355775,3.950966311744
    ));
#4252 = CARTESIAN_POINT('',(1.958117434827,-6.15964493108,7.915188641292
    ));
#4253 = CARTESIAN_POINT('',(1.692818901611,-5.325096023908,
    11.841097004811));
#4254 = CARTESIAN_POINT('',(1.699322054491,-5.345552975039,15.8));
#4255 = CARTESIAN_POINT('',(1.679391915358,-6.175730142633,0.));
#4256 = CARTESIAN_POINT('',(1.685089404433,-6.196681866107,
    3.950966311744));
#4257 = CARTESIAN_POINT('',(1.693950755848,-6.229268253202,
    7.915188641292));
#4258 = CARTESIAN_POINT('',(1.492836941766,-5.489700179563,
    11.841097004811));
#4259 = CARTESIAN_POINT('',(1.497766761254,-5.507828904927,15.8));
#4260 = DEFINITIONAL_REPRESENTATION('',(#4261),#4265);
#4261 = LINE('',#4262,#4263);
#4262 = CARTESIAN_POINT('',(0.,0.));
#4263 = VECTOR('',#4264,1.);
#4264 = DIRECTION('',(1.,0.));
#4265 = ( GEOMETRIC_REPRESENTATION_CONTEXT(2) 
PARAMETRIC_REPRESENTATION_CONTEXT() REPRESENTATION_CONTEXT('2D SPACE',''
  ) );
#4266 = ORIENTED_EDGE('',*,*,#4267,.F.);
#4267 = EDGE_CURVE('',#4268,#4236,#4270,.T.);
#4268 = VERTEX_POINT('',#4269);
#4269 = CARTESIAN_POINT('',(2.197701366077,-6.010832613336,0.));
#4270 = SURFACE_CURVE('',#4271,(#4274,#4280),.PCURVE_S1.);
#4271 = B_SPLINE_CURVE_WITH_KNOTS('',1,(#4272,#4273),.UNSPECIFIED.,.F.,
  .F.,(2,2),(31.,32.),.PIECEWISE_BEZIER_KNOTS.);
#4272 = CARTESIAN_POINT('',(2.197701366077,-6.010832613336,0.));
#4273 = CARTESIAN_POINT('',(1.938912195024,-6.099231058091,0.));
#4274 = PCURVE('',#71,#4275);
#4275 = DEFINITIONAL_REPRESENTATION('',(#4276),#4279);
#4276 = B_SPLINE_CURVE_WITH_KNOTS('',1,(#4277,#4278),.UNSPECIFIED.,.F.,
  .F.,(2,2),(31.,32.),.PIECEWISE_BEZIER_KNOTS.);
#4277 = CARTESIAN_POINT('',(4.202298633923,6.010832613336));
#4278 = CARTESIAN_POINT('',(4.461087804976,6.099231058091));
#4279 = ( GEOMETRIC_REPRESENTATION_CONTEXT(2) 
PARAMETRIC_REPRESENTATION_CONTEXT() REPRESENTATION_CONTEXT('2D SPACE',''
  ) );
#4280 = PCURVE('',#4281,#4292);
#4281 = ( BOUNDED_SURFACE() B_SPLINE_SURFACE(1,4,(
    (#4282,#4283,#4284,#4285,#4286)
    ,(#4287,#4288,#4289,#4290,#4291
)),.UNSPECIFIED.,.F.,.F.,.F.) B_SPLINE_SURFACE_WITH_KNOTS((2,2),(5,5),(
    31.,32.),(0.,1.),.PIECEWISE_BEZIER_KNOTS.) 
GEOMETRIC_REPRESENTATION_ITEM() RATIONAL_B_SPLINE_SURFACE((
    (1.,1.,1.,1.,1.)
,(1.,1.,1.,1.,1.))) REPRESENTATION_ITEM('') SURFACE() );
#4282 = CARTESIAN_POINT('',(2.197701366077,-6.010832613336,0.));
#4283 = CARTESIAN_POINT('',(2.206936147261,-6.0360902415,3.950966311744)
  );
#4284 = CARTESIAN_POINT('',(2.221299078062,-6.07537363742,7.915188641292
    ));
#4285 = CARTESIAN_POINT('',(1.895323540086,-5.183812834365,
    11.841097004811));
#4286 = CARTESIAN_POINT('',(1.90331404321,-5.205667294447,15.8));
#4287 = CARTESIAN_POINT('',(1.938912195024,-6.099231058091,0.));
#4288 = CARTESIAN_POINT('',(1.946428016358,-6.12287355775,3.950966311744
    ));
#4289 = CARTESIAN_POINT('',(1.958117434827,-6.15964493108,7.915188641292
    ));
#4290 = CARTESIAN_POINT('',(1.692818901611,-5.325096023908,
    11.841097004811));
#4291 = CARTESIAN_POINT('',(1.699322054491,-5.345552975039,15.8));
#4292 = DEFINITIONAL_REPRESENTATION('',(#4293),#4297);
#4293 = LINE('',#4294,#4295);
#4294 = CARTESIAN_POINT('',(0.,0.));
#4295 = VECTOR('',#4296,1.);
#4296 = DIRECTION('',(1.,0.));
#4297 = ( GEOMETRIC_REPRESENTATION_CONTEXT(2) 
PARAMETRIC_REPRESENTATION_CONTEXT() REPRESENTATION_CONTEXT('2D SPACE',''
  ) );
#4298 = ORIENTED_EDGE('',*,*,#4299,.F.);
#4299 = EDGE_CURVE('',#4300,#4268,#4302,.T.);
#4300 = VERTEX_POINT('',#4301);
#4301 = CARTESIAN_POINT('',(2.448879834527,-5.912950833217,0.));
#4302 = SURFACE_CURVE('',#4303,(#4306,#4312),.PCURVE_S1.);
#4303 = B_SPLINE_CURVE_WITH_KNOTS('',1,(#4304,#4305),.UNSPECIFIED.,.F.,
  .F.,(2,2),(30.,31.),.PIECEWISE_BEZIER_KNOTS.);
#4304 = CARTESIAN_POINT('',(2.448879834527,-5.912950833217,0.));
#4305 = CARTESIAN_POINT('',(2.197701366077,-6.010832613336,0.));
#4306 = PCURVE('',#71,#4307);
#4307 = DEFINITIONAL_REPRESENTATION('',(#4308),#4311);
#4308 = B_SPLINE_CURVE_WITH_KNOTS('',1,(#4309,#4310),.UNSPECIFIED.,.F.,
  .F.,(2,2),(30.,31.),.PIECEWISE_BEZIER_KNOTS.);
#4309 = CARTESIAN_POINT('',(3.951120165473,5.912950833217));
#4310 = CARTESIAN_POINT('',(4.202298633923,6.010832613336));
#4311 = ( GEOMETRIC_REPRESENTATION_CONTEXT(2) 
PARAMETRIC_REPRESENTATION_CONTEXT() REPRESENTATION_CONTEXT('2D SPACE',''
  ) );
#4312 = PCURVE('',#4313,#4324);
#4313 = ( BOUNDED_SURFACE() B_SPLINE_SURFACE(1,4,(
    (#4314,#4315,#4316,#4317,#4318)
    ,(#4319,#4320,#4321,#4322,#4323
)),.UNSPECIFIED.,.F.,.F.,.F.) B_SPLINE_SURFACE_WITH_KNOTS((2,2),(5,5),(
    30.,31.),(0.,1.),.PIECEWISE_BEZIER_KNOTS.) 
GEOMETRIC_REPRESENTATION_ITEM() RATIONAL_B_SPLINE_SURFACE((
    (1.,1.,1.,1.,1.)
,(1.,1.,1.,1.,1.))) REPRESENTATION_ITEM('') SURFACE() );
#4314 = CARTESIAN_POINT('',(2.448879834527,-5.912950833217,0.));
#4315 = CARTESIAN_POINT('',(2.459460469562,-5.938498340231,
    3.950966311744));
#4316 = CARTESIAN_POINT('',(2.475916617879,-5.9782325871,7.915188641292)
  );
#4317 = CARTESIAN_POINT('',(2.102434222473,-5.076439444796,
    11.841097004811));
#4318 = CARTESIAN_POINT('',(2.111589241485,-5.098544725965,15.8));
#4319 = CARTESIAN_POINT('',(2.197701366077,-6.010832613336,0.));
#4320 = CARTESIAN_POINT('',(2.206936147261,-6.0360902415,3.950966311744)
  );
#4321 = CARTESIAN_POINT('',(2.221299078062,-6.07537363742,7.915188641292
    ));
#4322 = CARTESIAN_POINT('',(1.895323540086,-5.183812834365,
    11.841097004811));
#4323 = CARTESIAN_POINT('',(1.90331404321,-5.205667294447,15.8));
#4324 = DEFINITIONAL_REPRESENTATION('',(#4325),#4329);
#4325 = LINE('',#4326,#4327);
#4326 = CARTESIAN_POINT('',(0.,0.));
#4327 = VECTOR('',#4328,1.);
#4328 = DIRECTION('',(1.,0.));
#4329 = ( GEOMETRIC_REPRESENTATION_CONTEXT(2) 
PARAMETRIC_REPRESENTATION_CONTEXT() REPRESENTATION_CONTEXT('2D SPACE',''
  ) );
#4330 = ORIENTED_EDGE('',*,*,#4331,.F.);
#4331 = EDGE_CURVE('',#4332,#4300,#4334,.T.);
#4332 = VERTEX_POINT('',#4333);
#4333 = CARTESIAN_POINT('',(2.703446758726,-5.800980574242,0.));
#4334 = SURFACE_CURVE('',#4335,(#4338,#4344),.PCURVE_S1.);
#4335 = B_SPLINE_CURVE_WITH_KNOTS('',1,(#4336,#4337),.UNSPECIFIED.,.F.,
  .F.,(2,2),(29.,30.),.PIECEWISE_BEZIER_KNOTS.);
#4336 = CARTESIAN_POINT('',(2.703446758726,-5.800980574242,0.));
#4337 = CARTESIAN_POINT('',(2.448879834527,-5.912950833217,0.));
#4338 = PCURVE('',#71,#4339);
#4339 = DEFINITIONAL_REPRESENTATION('',(#4340),#4343);
#4340 = B_SPLINE_CURVE_WITH_KNOTS('',1,(#4341,#4342),.UNSPECIFIED.,.F.,
  .F.,(2,2),(29.,30.),.PIECEWISE_BEZIER_KNOTS.);
#4341 = CARTESIAN_POINT('',(3.696553241274,5.800980574242));
#4342 = CARTESIAN_POINT('',(3.951120165473,5.912950833217));
#4343 = ( GEOMETRIC_REPRESENTATION_CONTEXT(2) 
PARAMETRIC_REPRESENTATION_CONTEXT() REPRESENTATION_CONTEXT('2D SPACE',''
  ) );
#4344 = PCURVE('',#4345,#4356);
#4345 = ( BOUNDED_SURFACE() B_SPLINE_SURFACE(1,4,(
    (#4346,#4347,#4348,#4349,#4350)
    ,(#4351,#4352,#4353,#4354,#4355
)),.UNSPECIFIED.,.F.,.F.,.F.) B_SPLINE_SURFACE_WITH_KNOTS((2,2),(5,5),(
    29.,30.),(0.,1.),.PIECEWISE_BEZIER_KNOTS.) 
GEOMETRIC_REPRESENTATION_ITEM() RATIONAL_B_SPLINE_SURFACE((
    (1.,1.,1.,1.,1.)
,(1.,1.,1.,1.,1.))) REPRESENTATION_ITEM('') SURFACE() );
#4346 = CARTESIAN_POINT('',(2.703446758726,-5.800980574242,0.));
#4347 = CARTESIAN_POINT('',(2.714808729608,-5.825360774132,
    3.950966311744));
#4348 = CARTESIAN_POINT('',(2.732480095965,-5.863279498673,
    7.915188641292));
#4349 = CARTESIAN_POINT('',(2.331417580597,-5.002690750921,
    11.841097004811));
#4350 = CARTESIAN_POINT('',(2.341248659647,-5.023786005861,15.8));
#4351 = CARTESIAN_POINT('',(2.448879834527,-5.912950833217,0.));
#4352 = CARTESIAN_POINT('',(2.459460469562,-5.938498340231,
    3.950966311744));
#4353 = CARTESIAN_POINT('',(2.475916617879,-5.9782325871,7.915188641292)
  );
#4354 = CARTESIAN_POINT('',(2.102434222473,-5.076439444796,
    11.841097004811));
#4355 = CARTESIAN_POINT('',(2.111589241485,-5.098544725965,15.8));
#4356 = DEFINITIONAL_REPRESENTATION('',(#4357),#4361);
#4357 = LINE('',#4358,#4359);
#4358 = CARTESIAN_POINT('',(0.,0.));
#4359 = VECTOR('',#4360,1.);
#4360 = DIRECTION('',(1.,0.));
#4361 = ( GEOMETRIC_REPRESENTATION_CONTEXT(2) 
PARAMETRIC_REPRESENTATION_CONTEXT() REPRESENTATION_CONTEXT('2D SPACE',''
  ) );
#4362 = ORIENTED_EDGE('',*,*,#4363,.F.);
#4363 = EDGE_CURVE('',#4364,#4332,#4366,.T.);
#4364 = VERTEX_POINT('',#4365);
#4365 = CARTESIAN_POINT('',(2.954654554393,-5.677148620937,0.));
#4366 = SURFACE_CURVE('',#4367,(#4370,#4376),.PCURVE_S1.);
#4367 = B_SPLINE_CURVE_WITH_KNOTS('',1,(#4368,#4369),.UNSPECIFIED.,.F.,
  .F.,(2,2),(28.,29.),.PIECEWISE_BEZIER_KNOTS.);
#4368 = CARTESIAN_POINT('',(2.954654554393,-5.677148620937,0.));
#4369 = CARTESIAN_POINT('',(2.703446758726,-5.800980574242,0.));
#4370 = PCURVE('',#71,#4371);
#4371 = DEFINITIONAL_REPRESENTATION('',(#4372),#4375);
#4372 = B_SPLINE_CURVE_WITH_KNOTS('',1,(#4373,#4374),.UNSPECIFIED.,.F.,
  .F.,(2,2),(28.,29.),.PIECEWISE_BEZIER_KNOTS.);
#4373 = CARTESIAN_POINT('',(3.445345445607,5.677148620937));
#4374 = CARTESIAN_POINT('',(3.696553241274,5.800980574242));
#4375 = ( GEOMETRIC_REPRESENTATION_CONTEXT(2) 
PARAMETRIC_REPRESENTATION_CONTEXT() REPRESENTATION_CONTEXT('2D SPACE',''
  ) );
#4376 = PCURVE('',#4377,#4388);
#4377 = ( BOUNDED_SURFACE() B_SPLINE_SURFACE(1,4,(
    (#4378,#4379,#4380,#4381,#4382)
    ,(#4383,#4384,#4385,#4386,#4387
)),.UNSPECIFIED.,.F.,.F.,.F.) B_SPLINE_SURFACE_WITH_KNOTS((2,2),(5,5),(
    28.,29.),(0.,1.),.PIECEWISE_BEZIER_KNOTS.) 
GEOMETRIC_REPRESENTATION_ITEM() RATIONAL_B_SPLINE_SURFACE((
    (1.,1.,1.,1.,1.)
,(1.,1.,1.,1.,1.))) REPRESENTATION_ITEM('') SURFACE() );
#4378 = CARTESIAN_POINT('',(2.954654554393,-5.677148620937,0.));
#4379 = CARTESIAN_POINT('',(2.966111076665,-5.699161475034,
    3.950966311744));
#4380 = CARTESIAN_POINT('',(2.983929499572,-5.733398247277,
    7.915188641292));
#4381 = CARTESIAN_POINT('',(2.579529445444,-4.956373668825,
    11.841097004811));
#4382 = CARTESIAN_POINT('',(2.589442336197,-4.975420549951,15.8));
#4383 = CARTESIAN_POINT('',(2.703446758726,-5.800980574242,0.));
#4384 = CARTESIAN_POINT('',(2.714808729608,-5.825360774132,
    3.950966311744));
#4385 = CARTESIAN_POINT('',(2.732480095965,-5.863279498673,
    7.915188641292));
#4386 = CARTESIAN_POINT('',(2.331417580597,-5.002690750921,
    11.841097004811));
#4387 = CARTESIAN_POINT('',(2.341248659647,-5.023786005861,15.8));
#4388 = DEFINITIONAL_REPRESENTATION('',(#4389),#4393);
#4389 = LINE('',#4390,#4391);
#4390 = CARTESIAN_POINT('',(0.,0.));
#4391 = VECTOR('',#4392,1.);
#4392 = DIRECTION('',(1.,0.));
#4393 = ( GEOMETRIC_REPRESENTATION_CONTEXT(2) 
PARAMETRIC_REPRESENTATION_CONTEXT() REPRESENTATION_CONTEXT('2D SPACE',''
  ) );
#4394 = ORIENTED_EDGE('',*,*,#4395,.F.);
#4395 = EDGE_CURVE('',#4396,#4364,#4398,.T.);
#4396 = VERTEX_POINT('',#4397);
#4397 = CARTESIAN_POINT('',(3.195951798547,-5.544897844087,0.));
#4398 = SURFACE_CURVE('',#4399,(#4402,#4408),.PCURVE_S1.);
#4399 = B_SPLINE_CURVE_WITH_KNOTS('',1,(#4400,#4401),.UNSPECIFIED.,.F.,
  .F.,(2,2),(27.,28.),.PIECEWISE_BEZIER_KNOTS.);
#4400 = CARTESIAN_POINT('',(3.195951798547,-5.544897844087,0.));
#4401 = CARTESIAN_POINT('',(2.954654554393,-5.677148620937,0.));
#4402 = PCURVE('',#71,#4403);
#4403 = DEFINITIONAL_REPRESENTATION('',(#4404),#4407);
#4404 = B_SPLINE_CURVE_WITH_KNOTS('',1,(#4405,#4406),.UNSPECIFIED.,.F.,
  .F.,(2,2),(27.,28.),.PIECEWISE_BEZIER_KNOTS.);
#4405 = CARTESIAN_POINT('',(3.204048201453,5.544897844087));
#4406 = CARTESIAN_POINT('',(3.445345445607,5.677148620937));
#4407 = ( GEOMETRIC_REPRESENTATION_CONTEXT(2) 
PARAMETRIC_REPRESENTATION_CONTEXT() REPRESENTATION_CONTEXT('2D SPACE',''
  ) );
#4408 = PCURVE('',#4409,#4420);
#4409 = ( BOUNDED_SURFACE() B_SPLINE_SURFACE(1,4,(
    (#4410,#4411,#4412,#4413,#4414)
    ,(#4415,#4416,#4417,#4418,#4419
)),.UNSPECIFIED.,.F.,.F.,.F.) B_SPLINE_SURFACE_WITH_KNOTS((2,2),(5,5),(
    27.,28.),(0.,1.),.PIECEWISE_BEZIER_KNOTS.) 
GEOMETRIC_REPRESENTATION_ITEM() RATIONAL_B_SPLINE_SURFACE((
    (1.,1.,1.,1.,1.)
,(1.,1.,1.,1.,1.))) REPRESENTATION_ITEM('') SURFACE() );
#4410 = CARTESIAN_POINT('',(3.195951798547,-5.544897844087,0.));
#4411 = CARTESIAN_POINT('',(3.206798214478,-5.563716109226,
    3.950966311744));
#4412 = CARTESIAN_POINT('',(3.223667733999,-5.592984311101,
    7.915188641292));
#4413 = CARTESIAN_POINT('',(2.840803625161,-4.928724489459,
    11.841097004811));
#4414 = CARTESIAN_POINT('',(2.850188614221,-4.945007214885,15.8));
#4415 = CARTESIAN_POINT('',(2.954654554393,-5.677148620937,0.));
#4416 = CARTESIAN_POINT('',(2.966111076665,-5.699161475034,
    3.950966311744));
#4417 = CARTESIAN_POINT('',(2.983929499572,-5.733398247277,
    7.915188641292));
#4418 = CARTESIAN_POINT('',(2.579529445444,-4.956373668825,
    11.841097004811));
#4419 = CARTESIAN_POINT('',(2.589442336197,-4.975420549951,15.8));
#4420 = DEFINITIONAL_REPRESENTATION('',(#4421),#4425);
#4421 = LINE('',#4422,#4423);
#4422 = CARTESIAN_POINT('',(0.,0.));
#4423 = VECTOR('',#4424,1.);
#4424 = DIRECTION('',(1.,0.));
#4425 = ( GEOMETRIC_REPRESENTATION_CONTEXT(2) 
PARAMETRIC_REPRESENTATION_CONTEXT() REPRESENTATION_CONTEXT('2D SPACE',''
  ) );
#4426 = ORIENTED_EDGE('',*,*,#4427,.F.);
#4427 = EDGE_CURVE('',#4428,#4396,#4430,.T.);
#4428 = VERTEX_POINT('',#4429);
#4429 = CARTESIAN_POINT('',(3.423475908092,-5.40738501558,0.));
#4430 = SURFACE_CURVE('',#4431,(#4434,#4440),.PCURVE_S1.);
#4431 = B_SPLINE_CURVE_WITH_KNOTS('',1,(#4432,#4433),.UNSPECIFIED.,.F.,
  .F.,(2,2),(26.,27.),.PIECEWISE_BEZIER_KNOTS.);
#4432 = CARTESIAN_POINT('',(3.423475908092,-5.40738501558,0.));
#4433 = CARTESIAN_POINT('',(3.195951798547,-5.544897844087,0.));
#4434 = PCURVE('',#71,#4435);
#4435 = DEFINITIONAL_REPRESENTATION('',(#4436),#4439);
#4436 = B_SPLINE_CURVE_WITH_KNOTS('',1,(#4437,#4438),.UNSPECIFIED.,.F.,
  .F.,(2,2),(26.,27.),.PIECEWISE_BEZIER_KNOTS.);
#4437 = CARTESIAN_POINT('',(2.976524091908,5.40738501558));
#4438 = CARTESIAN_POINT('',(3.204048201453,5.544897844087));
#4439 = ( GEOMETRIC_REPRESENTATION_CONTEXT(2) 
PARAMETRIC_REPRESENTATION_CONTEXT() REPRESENTATION_CONTEXT('2D SPACE',''
  ) );
#4440 = PCURVE('',#4441,#4452);
#4441 = ( BOUNDED_SURFACE() B_SPLINE_SURFACE(1,4,(
    (#4442,#4443,#4444,#4445,#4446)
    ,(#4447,#4448,#4449,#4450,#4451
)),.UNSPECIFIED.,.F.,.F.,.F.) B_SPLINE_SURFACE_WITH_KNOTS((2,2),(5,5),(
    26.,27.),(0.,1.),.PIECEWISE_BEZIER_KNOTS.) 
GEOMETRIC_REPRESENTATION_ITEM() RATIONAL_B_SPLINE_SURFACE((
    (1.,1.,1.,1.,1.)
,(1.,1.,1.,1.,1.))) REPRESENTATION_ITEM('') SURFACE() );
#4442 = CARTESIAN_POINT('',(3.423475908092,-5.40738501558,0.));
#4443 = CARTESIAN_POINT('',(3.433074034226,-5.422545269319,
    3.950966311744));
#4444 = CARTESIAN_POINT('',(3.448002078403,-5.446124136109,
    7.915188641292));
#4445 = CARTESIAN_POINT('',(3.109200945187,-4.910987269311,
    11.841097004811));
#4446 = CARTESIAN_POINT('',(3.117505836807,-4.924104857314,15.8));
#4447 = CARTESIAN_POINT('',(3.195951798547,-5.544897844087,0.));
#4448 = CARTESIAN_POINT('',(3.206798214478,-5.563716109226,
    3.950966311744));
#4449 = CARTESIAN_POINT('',(3.223667733999,-5.592984311101,
    7.915188641292));
#4450 = CARTESIAN_POINT('',(2.840803625161,-4.928724489459,
    11.841097004811));
#4451 = CARTESIAN_POINT('',(2.850188614221,-4.945007214885,15.8));
#4452 = DEFINITIONAL_REPRESENTATION('',(#4453),#4457);
#4453 = LINE('',#4454,#4455);
#4454 = CARTESIAN_POINT('',(0.,0.));
#4455 = VECTOR('',#4456,1.);
#4456 = DIRECTION('',(1.,0.));
#4457 = ( GEOMETRIC_REPRESENTATION_CONTEXT(2) 
PARAMETRIC_REPRESENTATION_CONTEXT() REPRESENTATION_CONTEXT('2D SPACE',''
  ) );
#4458 = ORIENTED_EDGE('',*,*,#4459,.F.);
#4459 = EDGE_CURVE('',#4460,#4428,#4462,.T.);
#4460 = VERTEX_POINT('',#4461);
#4461 = CARTESIAN_POINT('',(3.635787187117,-5.266977456758,0.));
#4462 = SURFACE_CURVE('',#4463,(#4466,#4472),.PCURVE_S1.);
#4463 = B_SPLINE_CURVE_WITH_KNOTS('',1,(#4464,#4465),.UNSPECIFIED.,.F.,
  .F.,(2,2),(25.,26.),.PIECEWISE_BEZIER_KNOTS.);
#4464 = CARTESIAN_POINT('',(3.635787187117,-5.266977456758,0.));
#4465 = CARTESIAN_POINT('',(3.423475908092,-5.40738501558,0.));
#4466 = PCURVE('',#71,#4467);
#4467 = DEFINITIONAL_REPRESENTATION('',(#4468),#4471);
#4468 = B_SPLINE_CURVE_WITH_KNOTS('',1,(#4469,#4470),.UNSPECIFIED.,.F.,
  .F.,(2,2),(25.,26.),.PIECEWISE_BEZIER_KNOTS.);
#4469 = CARTESIAN_POINT('',(2.764212812883,5.266977456758));
#4470 = CARTESIAN_POINT('',(2.976524091908,5.40738501558));
#4471 = ( GEOMETRIC_REPRESENTATION_CONTEXT(2) 
PARAMETRIC_REPRESENTATION_CONTEXT() REPRESENTATION_CONTEXT('2D SPACE',''
  ) );
#4472 = PCURVE('',#4473,#4484);
#4473 = ( BOUNDED_SURFACE() B_SPLINE_SURFACE(1,4,(
    (#4474,#4475,#4476,#4477,#4478)
    ,(#4479,#4480,#4481,#4482,#4483
)),.UNSPECIFIED.,.F.,.F.,.F.) B_SPLINE_SURFACE_WITH_KNOTS((2,2),(5,5),(
    25.,26.),(0.,1.),.PIECEWISE_BEZIER_KNOTS.) 
GEOMETRIC_REPRESENTATION_ITEM() RATIONAL_B_SPLINE_SURFACE((
    (1.,1.,1.,1.,1.)
,(1.,1.,1.,1.,1.))) REPRESENTATION_ITEM('') SURFACE() );
#4474 = CARTESIAN_POINT('',(3.635787187117,-5.266977456758,0.));
#4475 = CARTESIAN_POINT('',(3.643641319012,-5.278355332719,
    3.950966311744));
#4476 = CARTESIAN_POINT('',(3.655856914668,-5.296051436376,
    7.915188641292));
#4477 = CARTESIAN_POINT('',(3.378616466964,-4.894427492782,
    11.841097004811));
#4478 = CARTESIAN_POINT('',(3.385412347039,-4.904272333889,15.8));
#4479 = CARTESIAN_POINT('',(3.423475908092,-5.40738501558,0.));
#4480 = CARTESIAN_POINT('',(3.433074034226,-5.422545269319,
    3.950966311744));
#4481 = CARTESIAN_POINT('',(3.448002078403,-5.446124136109,
    7.915188641292));
#4482 = CARTESIAN_POINT('',(3.109200945187,-4.910987269311,
    11.841097004811));
#4483 = CARTESIAN_POINT('',(3.117505836807,-4.924104857314,15.8));
#4484 = DEFINITIONAL_REPRESENTATION('',(#4485),#4489);
#4485 = LINE('',#4486,#4487);
#4486 = CARTESIAN_POINT('',(0.,0.));
#4487 = VECTOR('',#4488,1.);
#4488 = DIRECTION('',(1.,0.));
#4489 = ( GEOMETRIC_REPRESENTATION_CONTEXT(2) 
PARAMETRIC_REPRESENTATION_CONTEXT() REPRESENTATION_CONTEXT('2D SPACE',''
  ) );
#4490 = ORIENTED_EDGE('',*,*,#4491,.F.);
#4491 = EDGE_CURVE('',#4492,#4460,#4494,.T.);
#4492 = VERTEX_POINT('',#4493);
#4493 = CARTESIAN_POINT('',(3.833355590736,-5.124976577017,0.));
#4494 = SURFACE_CURVE('',#4495,(#4498,#4504),.PCURVE_S1.);
#4495 = B_SPLINE_CURVE_WITH_KNOTS('',1,(#4496,#4497),.UNSPECIFIED.,.F.,
  .F.,(2,2),(24.,25.),.PIECEWISE_BEZIER_KNOTS.);
#4496 = CARTESIAN_POINT('',(3.833355590736,-5.124976577017,0.));
#4497 = CARTESIAN_POINT('',(3.635787187117,-5.266977456758,0.));
#4498 = PCURVE('',#71,#4499);
#4499 = DEFINITIONAL_REPRESENTATION('',(#4500),#4503);
#4500 = B_SPLINE_CURVE_WITH_KNOTS('',1,(#4501,#4502),.UNSPECIFIED.,.F.,
  .F.,(2,2),(24.,25.),.PIECEWISE_BEZIER_KNOTS.);
#4501 = CARTESIAN_POINT('',(2.566644409264,5.124976577017));
#4502 = CARTESIAN_POINT('',(2.764212812883,5.266977456758));
#4503 = ( GEOMETRIC_REPRESENTATION_CONTEXT(2) 
PARAMETRIC_REPRESENTATION_CONTEXT() REPRESENTATION_CONTEXT('2D SPACE',''
  ) );
#4504 = PCURVE('',#4505,#4516);
#4505 = ( BOUNDED_SURFACE() B_SPLINE_SURFACE(1,4,(
    (#4506,#4507,#4508,#4509,#4510)
    ,(#4511,#4512,#4513,#4514,#4515
)),.UNSPECIFIED.,.F.,.F.,.F.) B_SPLINE_SURFACE_WITH_KNOTS((2,2),(5,5),(
    24.,25.),(0.,1.),.PIECEWISE_BEZIER_KNOTS.) 
GEOMETRIC_REPRESENTATION_ITEM() RATIONAL_B_SPLINE_SURFACE((
    (1.,1.,1.,1.,1.)
,(1.,1.,1.,1.,1.))) REPRESENTATION_ITEM('') SURFACE() );
#4506 = CARTESIAN_POINT('',(3.833355590736,-5.124976577017,0.));
#4507 = CARTESIAN_POINT('',(3.839172407751,-5.132753327766,
    3.950966311744));
#4508 = CARTESIAN_POINT('',(3.848219350891,-5.144848571889,
    7.915188641292));
#4509 = CARTESIAN_POINT('',(3.64289341861,-4.870339576133,
    11.841097004811));
#4510 = CARTESIAN_POINT('',(3.647926488005,-4.87706850126,15.8));
#4511 = CARTESIAN_POINT('',(3.635787187117,-5.266977456758,0.));
#4512 = CARTESIAN_POINT('',(3.643641319012,-5.278355332719,
    3.950966311744));
#4513 = CARTESIAN_POINT('',(3.655856914668,-5.296051436376,
    7.915188641292));
#4514 = CARTESIAN_POINT('',(3.378616466964,-4.894427492782,
    11.841097004811));
#4515 = CARTESIAN_POINT('',(3.385412347039,-4.904272333889,15.8));
#4516 = DEFINITIONAL_REPRESENTATION('',(#4517),#4521);
#4517 = LINE('',#4518,#4519);
#4518 = CARTESIAN_POINT('',(0.,0.));
#4519 = VECTOR('',#4520,1.);
#4520 = DIRECTION('',(1.,0.));
#4521 = ( GEOMETRIC_REPRESENTATION_CONTEXT(2) 
PARAMETRIC_REPRESENTATION_CONTEXT() REPRESENTATION_CONTEXT('2D SPACE',''
  ) );
#4522 = ORIENTED_EDGE('',*,*,#4523,.F.);
#4523 = EDGE_CURVE('',#4524,#4492,#4526,.T.);
#4524 = VERTEX_POINT('',#4525);
#4525 = CARTESIAN_POINT('',(4.01801367242,-4.981522470916,0.));
#4526 = SURFACE_CURVE('',#4527,(#4530,#4536),.PCURVE_S1.);
#4527 = B_SPLINE_CURVE_WITH_KNOTS('',1,(#4528,#4529),.UNSPECIFIED.,.F.,
  .F.,(2,2),(23.,24.),.PIECEWISE_BEZIER_KNOTS.);
#4528 = CARTESIAN_POINT('',(4.01801367242,-4.981522470916,0.));
#4529 = CARTESIAN_POINT('',(3.833355590736,-5.124976577017,0.));
#4530 = PCURVE('',#71,#4531);
#4531 = DEFINITIONAL_REPRESENTATION('',(#4532),#4535);
#4532 = B_SPLINE_CURVE_WITH_KNOTS('',1,(#4533,#4534),.UNSPECIFIED.,.F.,
  .F.,(2,2),(23.,24.),.PIECEWISE_BEZIER_KNOTS.);
#4533 = CARTESIAN_POINT('',(2.38198632758,4.981522470916));
#4534 = CARTESIAN_POINT('',(2.566644409264,5.124976577017));
#4535 = ( GEOMETRIC_REPRESENTATION_CONTEXT(2) 
PARAMETRIC_REPRESENTATION_CONTEXT() REPRESENTATION_CONTEXT('2D SPACE',''
  ) );
#4536 = PCURVE('',#4537,#4548);
#4537 = ( BOUNDED_SURFACE() B_SPLINE_SURFACE(1,4,(
    (#4538,#4539,#4540,#4541,#4542)
    ,(#4543,#4544,#4545,#4546,#4547
)),.UNSPECIFIED.,.F.,.F.,.F.) B_SPLINE_SURFACE_WITH_KNOTS((2,2),(5,5),(
    23.,24.),(0.,1.),.PIECEWISE_BEZIER_KNOTS.) 
GEOMETRIC_REPRESENTATION_ITEM() RATIONAL_B_SPLINE_SURFACE((
    (1.,1.,1.,1.,1.)
,(1.,1.,1.,1.,1.))) REPRESENTATION_ITEM('') SURFACE() );
#4538 = CARTESIAN_POINT('',(4.01801367242,-4.981522470916,0.));
#4539 = CARTESIAN_POINT('',(4.021744981737,-4.986148538103,
    3.950966311744));
#4540 = CARTESIAN_POINT('',(4.027548317673,-4.993343498283,
    7.915188641292));
#4541 = CARTESIAN_POINT('',(3.895838043481,-4.83004945699,
    11.841097004811));
#4542 = CARTESIAN_POINT('',(3.89906660279,-4.834052216078,15.8));
#4543 = CARTESIAN_POINT('',(3.833355590736,-5.124976577017,0.));
#4544 = CARTESIAN_POINT('',(3.839172407751,-5.132753327766,
    3.950966311744));
#4545 = CARTESIAN_POINT('',(3.848219350891,-5.144848571889,
    7.915188641292));
#4546 = CARTESIAN_POINT('',(3.64289341861,-4.870339576133,
    11.841097004811));
#4547 = CARTESIAN_POINT('',(3.647926488005,-4.87706850126,15.8));
#4548 = DEFINITIONAL_REPRESENTATION('',(#4549),#4553);
#4549 = LINE('',#4550,#4551);
#4550 = CARTESIAN_POINT('',(0.,0.));
#4551 = VECTOR('',#4552,1.);
#4552 = DIRECTION('',(1.,0.));
#4553 = ( GEOMETRIC_REPRESENTATION_CONTEXT(2) 
PARAMETRIC_REPRESENTATION_CONTEXT() REPRESENTATION_CONTEXT('2D SPACE',''
  ) );
#4554 = ORIENTED_EDGE('',*,*,#4555,.F.);
#4555 = EDGE_CURVE('',#4556,#4524,#4558,.T.);
#4556 = VERTEX_POINT('',#4557);
#4557 = CARTESIAN_POINT('',(4.192505244702,-4.835586807529,0.));
#4558 = SURFACE_CURVE('',#4559,(#4562,#4568),.PCURVE_S1.);
#4559 = B_SPLINE_CURVE_WITH_KNOTS('',1,(#4560,#4561),.UNSPECIFIED.,.F.,
  .F.,(2,2),(22.,23.),.PIECEWISE_BEZIER_KNOTS.);
#4560 = CARTESIAN_POINT('',(4.192505244702,-4.835586807529,0.));
#4561 = CARTESIAN_POINT('',(4.01801367242,-4.981522470916,0.));
#4562 = PCURVE('',#71,#4563);
#4563 = DEFINITIONAL_REPRESENTATION('',(#4564),#4567);
#4564 = B_SPLINE_CURVE_WITH_KNOTS('',1,(#4565,#4566),.UNSPECIFIED.,.F.,
  .F.,(2,2),(22.,23.),.PIECEWISE_BEZIER_KNOTS.);
#4565 = CARTESIAN_POINT('',(2.207494755298,4.835586807529));
#4566 = CARTESIAN_POINT('',(2.38198632758,4.981522470916));
#4567 = ( GEOMETRIC_REPRESENTATION_CONTEXT(2) 
PARAMETRIC_REPRESENTATION_CONTEXT() REPRESENTATION_CONTEXT('2D SPACE',''
  ) );
#4568 = PCURVE('',#4569,#4580);
#4569 = ( BOUNDED_SURFACE() B_SPLINE_SURFACE(1,4,(
    (#4570,#4571,#4572,#4573,#4574)
    ,(#4575,#4576,#4577,#4578,#4579
)),.UNSPECIFIED.,.F.,.F.,.F.) B_SPLINE_SURFACE_WITH_KNOTS((2,2),(5,5),(
    22.,23.),(0.,1.),.PIECEWISE_BEZIER_KNOTS.) 
GEOMETRIC_REPRESENTATION_ITEM() RATIONAL_B_SPLINE_SURFACE((
    (1.,1.,1.,1.,1.)
,(1.,1.,1.,1.,1.))) REPRESENTATION_ITEM('') SURFACE() );
#4570 = CARTESIAN_POINT('',(4.192505244702,-4.835586807529,0.));
#4571 = CARTESIAN_POINT('',(4.194376567056,-4.837745168977,
    3.950966311744));
#4572 = CARTESIAN_POINT('',(4.197287050038,-4.841102086211,
    7.915188641292));
#4573 = CARTESIAN_POINT('',(4.131231850785,-4.764914787345,
    11.841097004811));
#4574 = CARTESIAN_POINT('',(4.13285103448,-4.766782334994,15.8));
#4575 = CARTESIAN_POINT('',(4.01801367242,-4.981522470916,0.));
#4576 = CARTESIAN_POINT('',(4.021744981737,-4.986148538103,
    3.950966311744));
#4577 = CARTESIAN_POINT('',(4.027548317673,-4.993343498283,
    7.915188641292));
#4578 = CARTESIAN_POINT('',(3.895838043481,-4.83004945699,
    11.841097004811));
#4579 = CARTESIAN_POINT('',(3.89906660279,-4.834052216078,15.8));
#4580 = DEFINITIONAL_REPRESENTATION('',(#4581),#4585);
#4581 = LINE('',#4582,#4583);
#4582 = CARTESIAN_POINT('',(0.,0.));
#4583 = VECTOR('',#4584,1.);
#4584 = DIRECTION('',(1.,0.));
#4585 = ( GEOMETRIC_REPRESENTATION_CONTEXT(2) 
PARAMETRIC_REPRESENTATION_CONTEXT() REPRESENTATION_CONTEXT('2D SPACE',''
  ) );
#4586 = ORIENTED_EDGE('',*,*,#4587,.F.);
#4587 = EDGE_CURVE('',#4588,#4556,#4590,.T.);
#4588 = VERTEX_POINT('',#4589);
#4589 = CARTESIAN_POINT('',(4.360180405587,-4.684957505756,0.));
#4590 = SURFACE_CURVE('',#4591,(#4594,#4600),.PCURVE_S1.);
#4591 = B_SPLINE_CURVE_WITH_KNOTS('',1,(#4592,#4593),.UNSPECIFIED.,.F.,
  .F.,(2,2),(21.,22.),.PIECEWISE_BEZIER_KNOTS.);
#4592 = CARTESIAN_POINT('',(4.360180405587,-4.684957505756,0.));
#4593 = CARTESIAN_POINT('',(4.192505244702,-4.835586807529,0.));
#4594 = PCURVE('',#71,#4595);
#4595 = DEFINITIONAL_REPRESENTATION('',(#4596),#4599);
#4596 = B_SPLINE_CURVE_WITH_KNOTS('',1,(#4597,#4598),.UNSPECIFIED.,.F.,
  .F.,(2,2),(21.,22.),.PIECEWISE_BEZIER_KNOTS.);
#4597 = CARTESIAN_POINT('',(2.039819594413,4.684957505756));
#4598 = CARTESIAN_POINT('',(2.207494755298,4.835586807529));
#4599 = ( GEOMETRIC_REPRESENTATION_CONTEXT(2) 
PARAMETRIC_REPRESENTATION_CONTEXT() REPRESENTATION_CONTEXT('2D SPACE',''
  ) );
#4600 = PCURVE('',#4601,#4612);
#4601 = ( BOUNDED_SURFACE() B_SPLINE_SURFACE(1,4,(
    (#4602,#4603,#4604,#4605,#4606)
    ,(#4607,#4608,#4609,#4610,#4611
)),.UNSPECIFIED.,.F.,.F.,.F.) B_SPLINE_SURFACE_WITH_KNOTS((2,2),(5,5),(
    21.,22.),(0.,1.),.PIECEWISE_BEZIER_KNOTS.) 
GEOMETRIC_REPRESENTATION_ITEM() RATIONAL_B_SPLINE_SURFACE((
    (1.,1.,1.,1.,1.)
,(1.,1.,1.,1.,1.))) REPRESENTATION_ITEM('') SURFACE() );
#4602 = CARTESIAN_POINT('',(4.360180405587,-4.684957505756,0.));
#4603 = CARTESIAN_POINT('',(4.36070999414,-4.685526541813,3.950966311744
    ));
#4604 = CARTESIAN_POINT('',(4.361533667553,-4.686411568253,
    7.915188641292));
#4605 = CARTESIAN_POINT('',(4.342839893433,-4.666325349512,
    11.841097004811));
#4606 = CARTESIAN_POINT('',(4.343298126163,-4.666817714659,15.8));
#4607 = CARTESIAN_POINT('',(4.192505244702,-4.835586807529,0.));
#4608 = CARTESIAN_POINT('',(4.194376567056,-4.837745168977,
    3.950966311744));
#4609 = CARTESIAN_POINT('',(4.197287050038,-4.841102086211,
    7.915188641292));
#4610 = CARTESIAN_POINT('',(4.131231850785,-4.764914787345,
    11.841097004811));
#4611 = CARTESIAN_POINT('',(4.13285103448,-4.766782334994,15.8));
#4612 = DEFINITIONAL_REPRESENTATION('',(#4613),#4617);
#4613 = LINE('',#4614,#4615);
#4614 = CARTESIAN_POINT('',(0.,0.));
#4615 = VECTOR('',#4616,1.);
#4616 = DIRECTION('',(1.,0.));
#4617 = ( GEOMETRIC_REPRESENTATION_CONTEXT(2) 
PARAMETRIC_REPRESENTATION_CONTEXT() REPRESENTATION_CONTEXT('2D SPACE',''
  ) );
#4618 = ORIENTED_EDGE('',*,*,#4619,.F.);
#4619 = EDGE_CURVE('',#4620,#4588,#4622,.T.);
#4620 = VERTEX_POINT('',#4621);
#4621 = CARTESIAN_POINT('',(4.52483779943,-4.52612890767,0.));
#4622 = SURFACE_CURVE('',#4623,(#4626,#4632),.PCURVE_S1.);
#4623 = B_SPLINE_CURVE_WITH_KNOTS('',1,(#4624,#4625),.UNSPECIFIED.,.F.,
  .F.,(2,2),(20.,21.),.PIECEWISE_BEZIER_KNOTS.);
#4624 = CARTESIAN_POINT('',(4.52483779943,-4.52612890767,0.));
#4625 = CARTESIAN_POINT('',(4.360180405587,-4.684957505756,0.));
#4626 = PCURVE('',#71,#4627);
#4627 = DEFINITIONAL_REPRESENTATION('',(#4628),#4631);
#4628 = B_SPLINE_CURVE_WITH_KNOTS('',1,(#4629,#4630),.UNSPECIFIED.,.F.,
  .F.,(2,2),(20.,21.),.PIECEWISE_BEZIER_KNOTS.);
#4629 = CARTESIAN_POINT('',(1.87516220057,4.52612890767));
#4630 = CARTESIAN_POINT('',(2.039819594413,4.684957505756));
#4631 = ( GEOMETRIC_REPRESENTATION_CONTEXT(2) 
PARAMETRIC_REPRESENTATION_CONTEXT() REPRESENTATION_CONTEXT('2D SPACE',''
  ) );
#4632 = PCURVE('',#4633,#4644);
#4633 = ( BOUNDED_SURFACE() B_SPLINE_SURFACE(1,4,(
    (#4634,#4635,#4636,#4637,#4638)
    ,(#4639,#4640,#4641,#4642,#4643
)),.UNSPECIFIED.,.F.,.F.,.F.) B_SPLINE_SURFACE_WITH_KNOTS((2,2),(5,5),(
    20.,21.),(0.,1.),.PIECEWISE_BEZIER_KNOTS.) 
GEOMETRIC_REPRESENTATION_ITEM() RATIONAL_B_SPLINE_SURFACE((
    (1.,1.,1.,1.,1.)
,(1.,1.,1.,1.,1.))) REPRESENTATION_ITEM('') SURFACE() );
#4634 = CARTESIAN_POINT('',(4.52483779943,-4.52612890767,0.));
#4635 = CARTESIAN_POINT('',(4.52485071044,-4.526141822363,3.950966311744
    ));
#4636 = CARTESIAN_POINT('',(4.524870791038,-4.526161908691,
    7.915188641292));
#4637 = CARTESIAN_POINT('',(4.52441504952,-4.525706037133,
    11.841097004811));
#4638 = CARTESIAN_POINT('',(4.524426220923,-4.525717211724,15.8));
#4639 = CARTESIAN_POINT('',(4.360180405587,-4.684957505756,0.));
#4640 = CARTESIAN_POINT('',(4.36070999414,-4.685526541813,3.950966311744
    ));
#4641 = CARTESIAN_POINT('',(4.361533667553,-4.686411568253,
    7.915188641292));
#4642 = CARTESIAN_POINT('',(4.342839893433,-4.666325349512,
    11.841097004811));
#4643 = CARTESIAN_POINT('',(4.343298126163,-4.666817714659,15.8));
#4644 = DEFINITIONAL_REPRESENTATION('',(#4645),#4649);
#4645 = LINE('',#4646,#4647);
#4646 = CARTESIAN_POINT('',(0.,0.));
#4647 = VECTOR('',#4648,1.);
#4648 = DIRECTION('',(1.,0.));
#4649 = ( GEOMETRIC_REPRESENTATION_CONTEXT(2) 
PARAMETRIC_REPRESENTATION_CONTEXT() REPRESENTATION_CONTEXT('2D SPACE',''
  ) );
#4650 = ORIENTED_EDGE('',*,*,#4651,.F.);
#4651 = EDGE_CURVE('',#4652,#4620,#4654,.T.);
#4652 = VERTEX_POINT('',#4653);
#4653 = CARTESIAN_POINT('',(4.68404770327,-4.361157772139,0.));
#4654 = SURFACE_CURVE('',#4655,(#4658,#4664),.PCURVE_S1.);
#4655 = B_SPLINE_CURVE_WITH_KNOTS('',1,(#4656,#4657),.UNSPECIFIED.,.F.,
  .F.,(2,2),(19.,20.),.PIECEWISE_BEZIER_KNOTS.);
#4656 = CARTESIAN_POINT('',(4.68404770327,-4.361157772139,0.));
#4657 = CARTESIAN_POINT('',(4.52483779943,-4.52612890767,0.));
#4658 = PCURVE('',#71,#4659);
#4659 = DEFINITIONAL_REPRESENTATION('',(#4660),#4663);
#4660 = B_SPLINE_CURVE_WITH_KNOTS('',1,(#4661,#4662),.UNSPECIFIED.,.F.,
  .F.,(2,2),(19.,20.),.PIECEWISE_BEZIER_KNOTS.);
#4661 = CARTESIAN_POINT('',(1.71595229673,4.361157772139));
#4662 = CARTESIAN_POINT('',(1.87516220057,4.52612890767));
#4663 = ( GEOMETRIC_REPRESENTATION_CONTEXT(2) 
PARAMETRIC_REPRESENTATION_CONTEXT() REPRESENTATION_CONTEXT('2D SPACE',''
  ) );
#4664 = PCURVE('',#4665,#4676);
#4665 = ( BOUNDED_SURFACE() B_SPLINE_SURFACE(1,4,(
    (#4666,#4667,#4668,#4669,#4670)
    ,(#4671,#4672,#4673,#4674,#4675
)),.UNSPECIFIED.,.F.,.F.,.F.) B_SPLINE_SURFACE_WITH_KNOTS((2,2),(5,5),(
    19.,20.),(0.,1.),.PIECEWISE_BEZIER_KNOTS.) 
GEOMETRIC_REPRESENTATION_ITEM() RATIONAL_B_SPLINE_SURFACE((
    (1.,1.,1.,1.,1.)
,(1.,1.,1.,1.,1.))) REPRESENTATION_ITEM('') SURFACE() );
#4666 = CARTESIAN_POINT('',(4.68404770327,-4.361157772139,0.));
#4667 = CARTESIAN_POINT('',(4.684617722127,-4.361688497343,
    3.950966311744));
#4668 = CARTESIAN_POINT('',(4.685504277124,-4.362513938598,
    7.915188641292));
#4669 = CARTESIAN_POINT('',(4.665383366839,-4.343780042227,
    11.841097004811));
#4670 = CARTESIAN_POINT('',(4.665876582366,-4.344239258456,15.8));
#4671 = CARTESIAN_POINT('',(4.52483779943,-4.52612890767,0.));
#4672 = CARTESIAN_POINT('',(4.52485071044,-4.526141822363,3.950966311744
    ));
#4673 = CARTESIAN_POINT('',(4.524870791038,-4.526161908691,
    7.915188641292));
#4674 = CARTESIAN_POINT('',(4.52441504952,-4.525706037133,
    11.841097004811));
#4675 = CARTESIAN_POINT('',(4.524426220923,-4.525717211724,15.8));
#4676 = DEFINITIONAL_REPRESENTATION('',(#4677),#4681);
#4677 = LINE('',#4678,#4679);
#4678 = CARTESIAN_POINT('',(0.,0.));
#4679 = VECTOR('',#4680,1.);
#4680 = DIRECTION('',(1.,0.));
#4681 = ( GEOMETRIC_REPRESENTATION_CONTEXT(2) 
PARAMETRIC_REPRESENTATION_CONTEXT() REPRESENTATION_CONTEXT('2D SPACE',''
  ) );
#4682 = ORIENTED_EDGE('',*,*,#4683,.F.);
#4683 = EDGE_CURVE('',#4684,#4652,#4686,.T.);
#4684 = VERTEX_POINT('',#4685);
#4685 = CARTESIAN_POINT('',(4.834967126504,-4.19321987089,0.));
#4686 = SURFACE_CURVE('',#4687,(#4690,#4696),.PCURVE_S1.);
#4687 = B_SPLINE_CURVE_WITH_KNOTS('',1,(#4688,#4689),.UNSPECIFIED.,.F.,
  .F.,(2,2),(18.,19.),.PIECEWISE_BEZIER_KNOTS.);
#4688 = CARTESIAN_POINT('',(4.834967126504,-4.19321987089,0.));
#4689 = CARTESIAN_POINT('',(4.68404770327,-4.361157772139,0.));
#4690 = PCURVE('',#71,#4691);
#4691 = DEFINITIONAL_REPRESENTATION('',(#4692),#4695);
#4692 = B_SPLINE_CURVE_WITH_KNOTS('',1,(#4693,#4694),.UNSPECIFIED.,.F.,
  .F.,(2,2),(18.,19.),.PIECEWISE_BEZIER_KNOTS.);
#4693 = CARTESIAN_POINT('',(1.565032873496,4.19321987089));
#4694 = CARTESIAN_POINT('',(1.71595229673,4.361157772139));
#4695 = ( GEOMETRIC_REPRESENTATION_CONTEXT(2) 
PARAMETRIC_REPRESENTATION_CONTEXT() REPRESENTATION_CONTEXT('2D SPACE',''
  ) );
#4696 = PCURVE('',#4697,#4708);
#4697 = ( BOUNDED_SURFACE() B_SPLINE_SURFACE(1,4,(
    (#4698,#4699,#4700,#4701,#4702)
    ,(#4703,#4704,#4705,#4706,#4707
)),.UNSPECIFIED.,.F.,.F.,.F.) B_SPLINE_SURFACE_WITH_KNOTS((2,2),(5,5),(
    18.,19.),(0.,1.),.PIECEWISE_BEZIER_KNOTS.) 
GEOMETRIC_REPRESENTATION_ITEM() RATIONAL_B_SPLINE_SURFACE((
    (1.,1.,1.,1.,1.)
,(1.,1.,1.,1.,1.))) REPRESENTATION_ITEM('') SURFACE() );
#4698 = CARTESIAN_POINT('',(4.834967126504,-4.19321987089,0.));
#4699 = CARTESIAN_POINT('',(4.837126783708,-4.195092875869,
    3.950966311744));
#4700 = CARTESIAN_POINT('',(4.840485716244,-4.198005975852,
    7.915188641292));
#4701 = CARTESIAN_POINT('',(4.764252678887,-4.131891382164,
    11.841097004811));
#4702 = CARTESIAN_POINT('',(4.766121347704,-4.13351202177,15.8));
#4703 = CARTESIAN_POINT('',(4.68404770327,-4.361157772139,0.));
#4704 = CARTESIAN_POINT('',(4.684617722127,-4.361688497343,
    3.950966311744));
#4705 = CARTESIAN_POINT('',(4.685504277124,-4.362513938598,
    7.915188641292));
#4706 = CARTESIAN_POINT('',(4.665383366839,-4.343780042227,
    11.841097004811));
#4707 = CARTESIAN_POINT('',(4.665876582366,-4.344239258456,15.8));
#4708 = DEFINITIONAL_REPRESENTATION('',(#4709),#4713);
#4709 = LINE('',#4710,#4711);
#4710 = CARTESIAN_POINT('',(0.,0.));
#4711 = VECTOR('',#4712,1.);
#4712 = DIRECTION('',(1.,0.));
#4713 = ( GEOMETRIC_REPRESENTATION_CONTEXT(2) 
PARAMETRIC_REPRESENTATION_CONTEXT() REPRESENTATION_CONTEXT('2D SPACE',''
  ) );
#4714 = ORIENTED_EDGE('',*,*,#4715,.F.);
#4715 = EDGE_CURVE('',#4716,#4684,#4718,.T.);
#4716 = VERTEX_POINT('',#4717);
#4717 = CARTESIAN_POINT('',(4.98111959504,-4.018513105603,0.));
#4718 = SURFACE_CURVE('',#4719,(#4722,#4728),.PCURVE_S1.);
#4719 = B_SPLINE_CURVE_WITH_KNOTS('',1,(#4720,#4721),.UNSPECIFIED.,.F.,
  .F.,(2,2),(17.,18.),.PIECEWISE_BEZIER_KNOTS.);
#4720 = CARTESIAN_POINT('',(4.98111959504,-4.018513105603,0.));
#4721 = CARTESIAN_POINT('',(4.834967126504,-4.19321987089,0.));
#4722 = PCURVE('',#71,#4723);
#4723 = DEFINITIONAL_REPRESENTATION('',(#4724),#4727);
#4724 = B_SPLINE_CURVE_WITH_KNOTS('',1,(#4725,#4726),.UNSPECIFIED.,.F.,
  .F.,(2,2),(17.,18.),.PIECEWISE_BEZIER_KNOTS.);
#4725 = CARTESIAN_POINT('',(1.41888040496,4.018513105603));
#4726 = CARTESIAN_POINT('',(1.565032873496,4.19321987089));
#4727 = ( GEOMETRIC_REPRESENTATION_CONTEXT(2) 
PARAMETRIC_REPRESENTATION_CONTEXT() REPRESENTATION_CONTEXT('2D SPACE',''
  ) );
#4728 = PCURVE('',#4729,#4740);
#4729 = ( BOUNDED_SURFACE() B_SPLINE_SURFACE(1,4,(
    (#4730,#4731,#4732,#4733,#4734)
    ,(#4735,#4736,#4737,#4738,#4739
)),.UNSPECIFIED.,.F.,.F.,.F.) B_SPLINE_SURFACE_WITH_KNOTS((2,2),(5,5),(
    17.,18.),(0.,1.),.PIECEWISE_BEZIER_KNOTS.) 
GEOMETRIC_REPRESENTATION_ITEM() RATIONAL_B_SPLINE_SURFACE((
    (1.,1.,1.,1.,1.)
,(1.,1.,1.,1.,1.))) REPRESENTATION_ITEM('') SURFACE() );
#4730 = CARTESIAN_POINT('',(4.98111959504,-4.018513105603,0.));
#4731 = CARTESIAN_POINT('',(4.985746914936,-4.022246191165,
    3.950966311744));
#4732 = CARTESIAN_POINT('',(4.992943823463,-4.028052289711,
    7.915188641292));
#4733 = CARTESIAN_POINT('',(4.829605563225,-3.896279316408,
    11.841097004811));
#4734 = CARTESIAN_POINT('',(4.833609406233,-3.899509412634,15.8));
#4735 = CARTESIAN_POINT('',(4.834967126504,-4.19321987089,0.));
#4736 = CARTESIAN_POINT('',(4.837126783708,-4.195092875869,
    3.950966311744));
#4737 = CARTESIAN_POINT('',(4.840485716244,-4.198005975852,
    7.915188641292));
#4738 = CARTESIAN_POINT('',(4.764252678887,-4.131891382164,
    11.841097004811));
#4739 = CARTESIAN_POINT('',(4.766121347704,-4.13351202177,15.8));
#4740 = DEFINITIONAL_REPRESENTATION('',(#4741),#4745);
#4741 = LINE('',#4742,#4743);
#4742 = CARTESIAN_POINT('',(0.,0.));
#4743 = VECTOR('',#4744,1.);
#4744 = DIRECTION('',(1.,0.));
#4745 = ( GEOMETRIC_REPRESENTATION_CONTEXT(2) 
PARAMETRIC_REPRESENTATION_CONTEXT() REPRESENTATION_CONTEXT('2D SPACE',''
  ) );
#4746 = ORIENTED_EDGE('',*,*,#4747,.F.);
#4747 = EDGE_CURVE('',#4748,#4716,#4750,.T.);
#4748 = VERTEX_POINT('',#4749);
#4749 = CARTESIAN_POINT('',(5.12473089189,-3.833684035716,0.));
#4750 = SURFACE_CURVE('',#4751,(#4754,#4760),.PCURVE_S1.);
#4751 = B_SPLINE_CURVE_WITH_KNOTS('',1,(#4752,#4753),.UNSPECIFIED.,.F.,
  .F.,(2,2),(16.,17.),.PIECEWISE_BEZIER_KNOTS.);
#4752 = CARTESIAN_POINT('',(5.12473089189,-3.833684035716,0.));
#4753 = CARTESIAN_POINT('',(4.98111959504,-4.018513105603,0.));
#4754 = PCURVE('',#71,#4755);
#4755 = DEFINITIONAL_REPRESENTATION('',(#4756),#4759);
#4756 = B_SPLINE_CURVE_WITH_KNOTS('',1,(#4757,#4758),.UNSPECIFIED.,.F.,
  .F.,(2,2),(16.,17.),.PIECEWISE_BEZIER_KNOTS.);
#4757 = CARTESIAN_POINT('',(1.27526910811,3.833684035716));
#4758 = CARTESIAN_POINT('',(1.41888040496,4.018513105603));
#4759 = ( GEOMETRIC_REPRESENTATION_CONTEXT(2) 
PARAMETRIC_REPRESENTATION_CONTEXT() REPRESENTATION_CONTEXT('2D SPACE',''
  ) );
#4760 = PCURVE('',#4761,#4772);
#4761 = ( BOUNDED_SURFACE() B_SPLINE_SURFACE(1,4,(
    (#4762,#4763,#4764,#4765,#4766)
    ,(#4767,#4768,#4769,#4770,#4771
)),.UNSPECIFIED.,.F.,.F.,.F.) B_SPLINE_SURFACE_WITH_KNOTS((2,2),(5,5),(
    16.,17.),(0.,1.),.PIECEWISE_BEZIER_KNOTS.) 
GEOMETRIC_REPRESENTATION_ITEM() RATIONAL_B_SPLINE_SURFACE((
    (1.,1.,1.,1.,1.)
,(1.,1.,1.,1.,1.))) REPRESENTATION_ITEM('') SURFACE() );
#4762 = CARTESIAN_POINT('',(5.12473089189,-3.833684035716,0.));
#4763 = CARTESIAN_POINT('',(5.13250868313,-3.839502408376,3.950966311744
    ));
#4764 = CARTESIAN_POINT('',(5.144605545538,-3.84855177102,7.915188641292
    ));
#4765 = CARTESIAN_POINT('',(4.870059821822,-3.643170926584,
    11.841097004811));
#4766 = CARTESIAN_POINT('',(4.876789647247,-3.648205342018,15.8));
#4767 = CARTESIAN_POINT('',(4.98111959504,-4.018513105603,0.));
#4768 = CARTESIAN_POINT('',(4.985746914936,-4.022246191165,
    3.950966311744));
#4769 = CARTESIAN_POINT('',(4.992943823463,-4.028052289711,
    7.915188641292));
#4770 = CARTESIAN_POINT('',(4.829605563225,-3.896279316408,
    11.841097004811));
#4771 = CARTESIAN_POINT('',(4.833609406233,-3.899509412634,15.8));
#4772 = DEFINITIONAL_REPRESENTATION('',(#4773),#4777);
#4773 = LINE('',#4774,#4775);
#4774 = CARTESIAN_POINT('',(0.,0.));
#4775 = VECTOR('',#4776,1.);
#4776 = DIRECTION('',(1.,0.));
#4777 = ( GEOMETRIC_REPRESENTATION_CONTEXT(2) 
PARAMETRIC_REPRESENTATION_CONTEXT() REPRESENTATION_CONTEXT('2D SPACE',''
  ) );
#4778 = ORIENTED_EDGE('',*,*,#4779,.F.);
#4779 = EDGE_CURVE('',#4780,#4748,#4782,.T.);
#4780 = VERTEX_POINT('',#4781);
#4781 = CARTESIAN_POINT('',(5.266840495326,-3.635985588089,0.));
#4782 = SURFACE_CURVE('',#4783,(#4786,#4792),.PCURVE_S1.);
#4783 = B_SPLINE_CURVE_WITH_KNOTS('',1,(#4784,#4785),.UNSPECIFIED.,.F.,
  .F.,(2,2),(15.,16.),.PIECEWISE_BEZIER_KNOTS.);
#4784 = CARTESIAN_POINT('',(5.266840495326,-3.635985588089,0.));
#4785 = CARTESIAN_POINT('',(5.12473089189,-3.833684035716,0.));
#4786 = PCURVE('',#71,#4787);
#4787 = DEFINITIONAL_REPRESENTATION('',(#4788),#4791);
#4788 = B_SPLINE_CURVE_WITH_KNOTS('',1,(#4789,#4790),.UNSPECIFIED.,.F.,
  .F.,(2,2),(15.,16.),.PIECEWISE_BEZIER_KNOTS.);
#4789 = CARTESIAN_POINT('',(1.133159504674,3.635985588089));
#4790 = CARTESIAN_POINT('',(1.27526910811,3.833684035716));
#4791 = ( GEOMETRIC_REPRESENTATION_CONTEXT(2) 
PARAMETRIC_REPRESENTATION_CONTEXT() REPRESENTATION_CONTEXT('2D SPACE',''
  ) );
#4792 = PCURVE('',#4793,#4804);
#4793 = ( BOUNDED_SURFACE() B_SPLINE_SURFACE(1,4,(
    (#4794,#4795,#4796,#4797,#4798)
    ,(#4799,#4800,#4801,#4802,#4803
)),.UNSPECIFIED.,.F.,.F.,.F.) B_SPLINE_SURFACE_WITH_KNOTS((2,2),(5,5),(
    15.,16.),(0.,1.),.PIECEWISE_BEZIER_KNOTS.) 
GEOMETRIC_REPRESENTATION_ITEM() RATIONAL_B_SPLINE_SURFACE((
    (1.,1.,1.,1.,1.)
,(1.,1.,1.,1.,1.))) REPRESENTATION_ITEM('') SURFACE() );
#4794 = CARTESIAN_POINT('',(5.266840495326,-3.635985588089,0.));
#4795 = CARTESIAN_POINT('',(5.278219137092,-3.643840881507,
    3.950966311744));
#4796 = CARTESIAN_POINT('',(5.295916431813,-3.656058283687,
    7.915188641292));
#4797 = CARTESIAN_POINT('',(4.89426545631,-3.378776835793,
    11.841097004811));
#4798 = CARTESIAN_POINT('',(4.904110960039,-3.385573720889,15.8));
#4799 = CARTESIAN_POINT('',(5.12473089189,-3.833684035716,0.));
#4800 = CARTESIAN_POINT('',(5.13250868313,-3.839502408376,3.950966311744
    ));
#4801 = CARTESIAN_POINT('',(5.144605545538,-3.84855177102,7.915188641292
    ));
#4802 = CARTESIAN_POINT('',(4.870059821822,-3.643170926584,
    11.841097004811));
#4803 = CARTESIAN_POINT('',(4.876789647247,-3.648205342018,15.8));
#4804 = DEFINITIONAL_REPRESENTATION('',(#4805),#4809);
#4805 = LINE('',#4806,#4807);
#4806 = CARTESIAN_POINT('',(0.,0.));
#4807 = VECTOR('',#4808,1.);
#4808 = DIRECTION('',(1.,0.));
#4809 = ( GEOMETRIC_REPRESENTATION_CONTEXT(2) 
PARAMETRIC_REPRESENTATION_CONTEXT() REPRESENTATION_CONTEXT('2D SPACE',''
  ) );
#4810 = ORIENTED_EDGE('',*,*,#4811,.F.);
#4811 = EDGE_CURVE('',#4812,#4780,#4814,.T.);
#4812 = VERTEX_POINT('',#4813);
#4813 = CARTESIAN_POINT('',(5.4073180453,-3.423581685454,0.));
#4814 = SURFACE_CURVE('',#4815,(#4818,#4824),.PCURVE_S1.);
#4815 = B_SPLINE_CURVE_WITH_KNOTS('',1,(#4816,#4817),.UNSPECIFIED.,.F.,
  .F.,(2,2),(14.,15.),.PIECEWISE_BEZIER_KNOTS.);
#4816 = CARTESIAN_POINT('',(5.4073180453,-3.423581685454,0.));
#4817 = CARTESIAN_POINT('',(5.266840495326,-3.635985588089,0.));
#4818 = PCURVE('',#71,#4819);
#4819 = DEFINITIONAL_REPRESENTATION('',(#4820),#4823);
#4820 = B_SPLINE_CURVE_WITH_KNOTS('',1,(#4821,#4822),.UNSPECIFIED.,.F.,
  .F.,(2,2),(14.,15.),.PIECEWISE_BEZIER_KNOTS.);
#4821 = CARTESIAN_POINT('',(0.9926819547,3.423581685454));
#4822 = CARTESIAN_POINT('',(1.133159504674,3.635985588089));
#4823 = ( GEOMETRIC_REPRESENTATION_CONTEXT(2) 
PARAMETRIC_REPRESENTATION_CONTEXT() REPRESENTATION_CONTEXT('2D SPACE',''
  ) );
#4824 = PCURVE('',#4825,#4836);
#4825 = ( BOUNDED_SURFACE() B_SPLINE_SURFACE(1,4,(
    (#4826,#4827,#4828,#4829,#4830)
    ,(#4831,#4832,#4833,#4834,#4835
)),.UNSPECIFIED.,.F.,.F.,.F.) B_SPLINE_SURFACE_WITH_KNOTS((2,2),(5,5),(
    14.,15.),(0.,1.),.PIECEWISE_BEZIER_KNOTS.) 
GEOMETRIC_REPRESENTATION_ITEM() RATIONAL_B_SPLINE_SURFACE((
    (1.,1.,1.,1.,1.)
,(1.,1.,1.,1.,1.))) REPRESENTATION_ITEM('') SURFACE() );
#4826 = CARTESIAN_POINT('',(5.4073180453,-3.423581685454,0.));
#4827 = CARTESIAN_POINT('',(5.42247879007,-3.433180537916,3.950966311744
    ));
#4828 = CARTESIAN_POINT('',(5.446058420564,-3.448109711756,
    7.915188641292));
#4829 = CARTESIAN_POINT('',(4.91090422103,-3.109282940135,
    11.841097004811));
#4830 = CARTESIAN_POINT('',(4.924022233903,-3.117588460218,15.8));
#4831 = CARTESIAN_POINT('',(5.266840495326,-3.635985588089,0.));
#4832 = CARTESIAN_POINT('',(5.278219137092,-3.643840881507,
    3.950966311744));
#4833 = CARTESIAN_POINT('',(5.295916431813,-3.656058283687,
    7.915188641292));
#4834 = CARTESIAN_POINT('',(4.89426545631,-3.378776835793,
    11.841097004811));
#4835 = CARTESIAN_POINT('',(4.904110960039,-3.385573720889,15.8));
#4836 = DEFINITIONAL_REPRESENTATION('',(#4837),#4841);
#4837 = LINE('',#4838,#4839);
#4838 = CARTESIAN_POINT('',(0.,0.));
#4839 = VECTOR('',#4840,1.);
#4840 = DIRECTION('',(1.,0.));
#4841 = ( GEOMETRIC_REPRESENTATION_CONTEXT(2) 
PARAMETRIC_REPRESENTATION_CONTEXT() REPRESENTATION_CONTEXT('2D SPACE',''
  ) );
#4842 = ORIENTED_EDGE('',*,*,#4843,.F.);
#4843 = EDGE_CURVE('',#4844,#4812,#4846,.T.);
#4844 = VERTEX_POINT('',#4845);
#4845 = CARTESIAN_POINT('',(5.544871187069,-3.195998047373,0.));
#4846 = SURFACE_CURVE('',#4847,(#4850,#4856),.PCURVE_S1.);
#4847 = B_SPLINE_CURVE_WITH_KNOTS('',1,(#4848,#4849),.UNSPECIFIED.,.F.,
  .F.,(2,2),(13.,14.),.PIECEWISE_BEZIER_KNOTS.);
#4848 = CARTESIAN_POINT('',(5.544871187069,-3.195998047373,0.));
#4849 = CARTESIAN_POINT('',(5.4073180453,-3.423581685454,0.));
#4850 = PCURVE('',#71,#4851);
#4851 = DEFINITIONAL_REPRESENTATION('',(#4852),#4855);
#4852 = B_SPLINE_CURVE_WITH_KNOTS('',1,(#4853,#4854),.UNSPECIFIED.,.F.,
  .F.,(2,2),(13.,14.),.PIECEWISE_BEZIER_KNOTS.);
#4853 = CARTESIAN_POINT('',(0.855128812931,3.195998047373));
#4854 = CARTESIAN_POINT('',(0.9926819547,3.423581685454));
#4855 = ( GEOMETRIC_REPRESENTATION_CONTEXT(2) 
PARAMETRIC_REPRESENTATION_CONTEXT() REPRESENTATION_CONTEXT('2D SPACE',''
  ) );
#4856 = PCURVE('',#4857,#4868);
#4857 = ( BOUNDED_SURFACE() B_SPLINE_SURFACE(1,4,(
    (#4858,#4859,#4860,#4861,#4862)
    ,(#4863,#4864,#4865,#4866,#4867
)),.UNSPECIFIED.,.F.,.F.,.F.) B_SPLINE_SURFACE_WITH_KNOTS((2,2),(5,5),(
    13.,14.),(0.,1.),.PIECEWISE_BEZIER_KNOTS.) 
GEOMETRIC_REPRESENTATION_ITEM() RATIONAL_B_SPLINE_SURFACE((
    (1.,1.,1.,1.,1.)
,(1.,1.,1.,1.,1.))) REPRESENTATION_ITEM('') SURFACE() );
#4858 = CARTESIAN_POINT('',(5.544871187069,-3.195998047373,0.));
#4859 = CARTESIAN_POINT('',(5.563689709429,-3.206844820668,
    3.950966311744));
#4860 = CARTESIAN_POINT('',(5.592958311363,-3.223714895999,
    7.915188641292));
#4861 = CARTESIAN_POINT('',(4.928689410144,-2.840838172699,
    11.841097004811));
#4862 = CARTESIAN_POINT('',(4.944972358134,-2.850223470973,15.8));
#4863 = CARTESIAN_POINT('',(5.4073180453,-3.423581685454,0.));
#4864 = CARTESIAN_POINT('',(5.42247879007,-3.433180537916,3.950966311744
    ));
#4865 = CARTESIAN_POINT('',(5.446058420564,-3.448109711756,
    7.915188641292));
#4866 = CARTESIAN_POINT('',(4.91090422103,-3.109282940135,
    11.841097004811));
#4867 = CARTESIAN_POINT('',(4.924022233903,-3.117588460218,15.8));
#4868 = DEFINITIONAL_REPRESENTATION('',(#4869),#4873);
#4869 = LINE('',#4870,#4871);
#4870 = CARTESIAN_POINT('',(0.,0.));
#4871 = VECTOR('',#4872,1.);
#4872 = DIRECTION('',(1.,0.));
#4873 = ( GEOMETRIC_REPRESENTATION_CONTEXT(2) 
PARAMETRIC_REPRESENTATION_CONTEXT() REPRESENTATION_CONTEXT('2D SPACE',''
  ) );
#4874 = ORIENTED_EDGE('',*,*,#4875,.F.);
#4875 = EDGE_CURVE('',#4876,#4844,#4878,.T.);
#4876 = VERTEX_POINT('',#4877);
#4877 = CARTESIAN_POINT('',(5.677141283181,-2.954668653302,0.));
#4878 = SURFACE_CURVE('',#4879,(#4882,#4888),.PCURVE_S1.);
#4879 = B_SPLINE_CURVE_WITH_KNOTS('',1,(#4880,#4881),.UNSPECIFIED.,.F.,
  .F.,(2,2),(12.,13.),.PIECEWISE_BEZIER_KNOTS.);
#4880 = CARTESIAN_POINT('',(5.677141283181,-2.954668653302,0.));
#4881 = CARTESIAN_POINT('',(5.544871187069,-3.195998047373,0.));
#4882 = PCURVE('',#71,#4883);
#4883 = DEFINITIONAL_REPRESENTATION('',(#4884),#4887);
#4884 = B_SPLINE_CURVE_WITH_KNOTS('',1,(#4885,#4886),.UNSPECIFIED.,.F.,
  .F.,(2,2),(12.,13.),.PIECEWISE_BEZIER_KNOTS.);
#4885 = CARTESIAN_POINT('',(0.722858716819,2.954668653302));
#4886 = CARTESIAN_POINT('',(0.855128812931,3.195998047373));
#4887 = ( GEOMETRIC_REPRESENTATION_CONTEXT(2) 
PARAMETRIC_REPRESENTATION_CONTEXT() REPRESENTATION_CONTEXT('2D SPACE',''
  ) );
#4888 = PCURVE('',#4889,#4900);
#4889 = ( BOUNDED_SURFACE() B_SPLINE_SURFACE(1,4,(
    (#4890,#4891,#4892,#4893,#4894)
    ,(#4895,#4896,#4897,#4898,#4899
)),.UNSPECIFIED.,.F.,.F.,.F.) B_SPLINE_SURFACE_WITH_KNOTS((2,2),(5,5),(
    12.,13.),(0.,1.),.PIECEWISE_BEZIER_KNOTS.) 
GEOMETRIC_REPRESENTATION_ITEM() RATIONAL_B_SPLINE_SURFACE((
    (1.,1.,1.,1.,1.)
,(1.,1.,1.,1.,1.))) REPRESENTATION_ITEM('') SURFACE() );
#4890 = CARTESIAN_POINT('',(5.677141283181,-2.954668653302,0.));
#4891 = CARTESIAN_POINT('',(5.699154231078,-2.966125293867,
    3.950966311744));
#4892 = CARTESIAN_POINT('',(5.73339114921,-2.983943900758,7.915188641292
    ));
#4893 = CARTESIAN_POINT('',(4.956363259737,-2.579539671015,
    11.841097004811));
#4894 = CARTESIAN_POINT('',(4.975410222025,-2.589452664123,15.8));
#4895 = CARTESIAN_POINT('',(5.544871187069,-3.195998047373,0.));
#4896 = CARTESIAN_POINT('',(5.563689709429,-3.206844820668,
    3.950966311744));
#4897 = CARTESIAN_POINT('',(5.592958311363,-3.223714895999,
    7.915188641292));
#4898 = CARTESIAN_POINT('',(4.928689410144,-2.840838172699,
    11.841097004811));
#4899 = CARTESIAN_POINT('',(4.944972358134,-2.850223470973,15.8));
#4900 = DEFINITIONAL_REPRESENTATION('',(#4901),#4905);
#4901 = LINE('',#4902,#4903);
#4902 = CARTESIAN_POINT('',(0.,0.));
#4903 = VECTOR('',#4904,1.);
#4904 = DIRECTION('',(1.,0.));
#4905 = ( GEOMETRIC_REPRESENTATION_CONTEXT(2) 
PARAMETRIC_REPRESENTATION_CONTEXT() REPRESENTATION_CONTEXT('2D SPACE',''
  ) );
#4906 = ORIENTED_EDGE('',*,*,#4907,.F.);
#4907 = EDGE_CURVE('',#4908,#4876,#4910,.T.);
#4908 = VERTEX_POINT('',#4909);
#4909 = CARTESIAN_POINT('',(5.80097973749,-2.703448554204,0.));
#4910 = SURFACE_CURVE('',#4911,(#4914,#4920),.PCURVE_S1.);
#4911 = B_SPLINE_CURVE_WITH_KNOTS('',1,(#4912,#4913),.UNSPECIFIED.,.F.,
  .F.,(2,2),(11.,12.),.PIECEWISE_BEZIER_KNOTS.);
#4912 = CARTESIAN_POINT('',(5.80097973749,-2.703448554204,0.));
#4913 = CARTESIAN_POINT('',(5.677141283181,-2.954668653302,0.));
#4914 = PCURVE('',#71,#4915);
#4915 = DEFINITIONAL_REPRESENTATION('',(#4916),#4919);
#4916 = B_SPLINE_CURVE_WITH_KNOTS('',1,(#4917,#4918),.UNSPECIFIED.,.F.,
  .F.,(2,2),(11.,12.),.PIECEWISE_BEZIER_KNOTS.);
#4917 = CARTESIAN_POINT('',(0.59902026251,2.703448554204));
#4918 = CARTESIAN_POINT('',(0.722858716819,2.954668653302));
#4919 = ( GEOMETRIC_REPRESENTATION_CONTEXT(2) 
PARAMETRIC_REPRESENTATION_CONTEXT() REPRESENTATION_CONTEXT('2D SPACE',''
  ) );
#4920 = PCURVE('',#4921,#4932);
#4921 = ( BOUNDED_SURFACE() B_SPLINE_SURFACE(1,4,(
    (#4922,#4923,#4924,#4925,#4926)
    ,(#4927,#4928,#4929,#4930,#4931
)),.UNSPECIFIED.,.F.,.F.,.F.) B_SPLINE_SURFACE_WITH_KNOTS((2,2),(5,5),(
    11.,12.),(0.,1.),.PIECEWISE_BEZIER_KNOTS.) 
GEOMETRIC_REPRESENTATION_ITEM() RATIONAL_B_SPLINE_SURFACE((
    (1.,1.,1.,1.,1.)
,(1.,1.,1.,1.,1.))) REPRESENTATION_ITEM('') SURFACE() );
#4922 = CARTESIAN_POINT('',(5.80097973749,-2.703448554204,0.));
#4923 = CARTESIAN_POINT('',(5.82535995163,-2.714810540911,3.950966311744
    ));
#4924 = CARTESIAN_POINT('',(5.863278698333,-2.732481931881,
    7.915188641292));
#4925 = CARTESIAN_POINT('',(5.002689447601,-2.331418857894,
    11.841097004811));
#4926 = CARTESIAN_POINT('',(5.023784714871,-2.341249950637,15.8));
#4927 = CARTESIAN_POINT('',(5.677141283181,-2.954668653302,0.));
#4928 = CARTESIAN_POINT('',(5.699154231078,-2.966125293867,
    3.950966311744));
#4929 = CARTESIAN_POINT('',(5.73339114921,-2.983943900758,7.915188641292
    ));
#4930 = CARTESIAN_POINT('',(4.956363259737,-2.579539671015,
    11.841097004811));
#4931 = CARTESIAN_POINT('',(4.975410222025,-2.589452664123,15.8));
#4932 = DEFINITIONAL_REPRESENTATION('',(#4933),#4937);
#4933 = LINE('',#4934,#4935);
#4934 = CARTESIAN_POINT('',(0.,0.));
#4935 = VECTOR('',#4936,1.);
#4936 = DIRECTION('',(1.,0.));
#4937 = ( GEOMETRIC_REPRESENTATION_CONTEXT(2) 
PARAMETRIC_REPRESENTATION_CONTEXT() REPRESENTATION_CONTEXT('2D SPACE',''
  ) );
#4938 = ORIENTED_EDGE('',*,*,#4939,.F.);
#4939 = EDGE_CURVE('',#4940,#4908,#4942,.T.);
#4940 = VERTEX_POINT('',#4941);
#4941 = CARTESIAN_POINT('',(5.912950833217,-2.448879834527,0.));
#4942 = SURFACE_CURVE('',#4943,(#4946,#4952),.PCURVE_S1.);
#4943 = B_SPLINE_CURVE_WITH_KNOTS('',1,(#4944,#4945),.UNSPECIFIED.,.F.,
  .F.,(2,2),(10.,11.),.PIECEWISE_BEZIER_KNOTS.);
#4944 = CARTESIAN_POINT('',(5.912950833217,-2.448879834527,0.));
#4945 = CARTESIAN_POINT('',(5.80097973749,-2.703448554204,0.));
#4946 = PCURVE('',#71,#4947);
#4947 = DEFINITIONAL_REPRESENTATION('',(#4948),#4951);
#4948 = B_SPLINE_CURVE_WITH_KNOTS('',1,(#4949,#4950),.UNSPECIFIED.,.F.,
  .F.,(2,2),(10.,11.),.PIECEWISE_BEZIER_KNOTS.);
#4949 = CARTESIAN_POINT('',(0.487049166783,2.448879834527));
#4950 = CARTESIAN_POINT('',(0.59902026251,2.703448554204));
#4951 = ( GEOMETRIC_REPRESENTATION_CONTEXT(2) 
PARAMETRIC_REPRESENTATION_CONTEXT() REPRESENTATION_CONTEXT('2D SPACE',''
  ) );
#4952 = PCURVE('',#4953,#4964);
#4953 = ( BOUNDED_SURFACE() B_SPLINE_SURFACE(1,4,(
    (#4954,#4955,#4956,#4957,#4958)
    ,(#4959,#4960,#4961,#4962,#4963
)),.UNSPECIFIED.,.F.,.F.,.F.) B_SPLINE_SURFACE_WITH_KNOTS((2,2),(5,5),(
    10.,11.),(0.,1.),.PIECEWISE_BEZIER_KNOTS.) 
GEOMETRIC_REPRESENTATION_ITEM() RATIONAL_B_SPLINE_SURFACE((
    (1.,1.,1.,1.,1.)
,(1.,1.,1.,1.,1.))) REPRESENTATION_ITEM('') SURFACE() );
#4954 = CARTESIAN_POINT('',(5.912950833217,-2.448879834527,0.));
#4955 = CARTESIAN_POINT('',(5.938498340231,-2.459460469562,
    3.950966311744));
#4956 = CARTESIAN_POINT('',(5.9782325871,-2.475916617879,7.915188641292)
  );
#4957 = CARTESIAN_POINT('',(5.076439444796,-2.102434222473,
    11.841097004811));
#4958 = CARTESIAN_POINT('',(5.098544725965,-2.111589241485,15.8));
#4959 = CARTESIAN_POINT('',(5.80097973749,-2.703448554204,0.));
#4960 = CARTESIAN_POINT('',(5.82535995163,-2.714810540911,3.950966311744
    ));
#4961 = CARTESIAN_POINT('',(5.863278698333,-2.732481931881,
    7.915188641292));
#4962 = CARTESIAN_POINT('',(5.002689447601,-2.331418857894,
    11.841097004811));
#4963 = CARTESIAN_POINT('',(5.023784714871,-2.341249950637,15.8));
#4964 = DEFINITIONAL_REPRESENTATION('',(#4965),#4969);
#4965 = LINE('',#4966,#4967);
#4966 = CARTESIAN_POINT('',(0.,0.));
#4967 = VECTOR('',#4968,1.);
#4968 = DIRECTION('',(1.,0.));
#4969 = ( GEOMETRIC_REPRESENTATION_CONTEXT(2) 
PARAMETRIC_REPRESENTATION_CONTEXT() REPRESENTATION_CONTEXT('2D SPACE',''
  ) );
#4970 = ORIENTED_EDGE('',*,*,#4971,.F.);
#4971 = EDGE_CURVE('',#4972,#4940,#4974,.T.);
#4972 = VERTEX_POINT('',#4973);
#4973 = CARTESIAN_POINT('',(6.0107157834,-2.198020875967,0.));
#4974 = SURFACE_CURVE('',#4975,(#4978,#4984),.PCURVE_S1.);
#4975 = B_SPLINE_CURVE_WITH_KNOTS('',1,(#4976,#4977),.UNSPECIFIED.,.F.,
  .F.,(2,2),(9.,10.),.PIECEWISE_BEZIER_KNOTS.);
#4976 = CARTESIAN_POINT('',(6.0107157834,-2.198020875967,0.));
#4977 = CARTESIAN_POINT('',(5.912950833217,-2.448879834527,0.));
#4978 = PCURVE('',#71,#4979);
#4979 = DEFINITIONAL_REPRESENTATION('',(#4980),#4983);
#4980 = B_SPLINE_CURVE_WITH_KNOTS('',1,(#4981,#4982),.UNSPECIFIED.,.F.,
  .F.,(2,2),(9.,10.),.PIECEWISE_BEZIER_KNOTS.);
#4981 = CARTESIAN_POINT('',(0.3892842166,2.198020875967));
#4982 = CARTESIAN_POINT('',(0.487049166783,2.448879834527));
#4983 = ( GEOMETRIC_REPRESENTATION_CONTEXT(2) 
PARAMETRIC_REPRESENTATION_CONTEXT() REPRESENTATION_CONTEXT('2D SPACE',''
  ) );
#4984 = PCURVE('',#4985,#4996);
#4985 = ( BOUNDED_SURFACE() B_SPLINE_SURFACE(1,4,(
    (#4986,#4987,#4988,#4989,#4990)
    ,(#4991,#4992,#4993,#4994,#4995
)),.UNSPECIFIED.,.F.,.F.,.F.) B_SPLINE_SURFACE_WITH_KNOTS((2,2),(5,5),(
    9.,10.),(0.,1.),.PIECEWISE_BEZIER_KNOTS.) 
GEOMETRIC_REPRESENTATION_ITEM() RATIONAL_B_SPLINE_SURFACE((
    (1.,1.,1.,1.,1.)
,(1.,1.,1.,1.,1.))) REPRESENTATION_ITEM('') SURFACE() );
#4986 = CARTESIAN_POINT('',(6.0107157834,-2.198020875967,0.));
#4987 = CARTESIAN_POINT('',(6.035969746668,-2.207255839067,
    3.950966311744));
#4988 = CARTESIAN_POINT('',(6.075247442546,-2.221619052802,
    7.915188641292));
#4989 = CARTESIAN_POINT('',(5.183816005459,-1.895637093445,
    11.841097004811));
#4990 = CARTESIAN_POINT('',(5.205667294447,-1.903627753975,15.8));
#4991 = CARTESIAN_POINT('',(5.912950833217,-2.448879834527,0.));
#4992 = CARTESIAN_POINT('',(5.938498340231,-2.459460469562,
    3.950966311744));
#4993 = CARTESIAN_POINT('',(5.9782325871,-2.475916617879,7.915188641292)
  );
#4994 = CARTESIAN_POINT('',(5.076439444796,-2.102434222473,
    11.841097004811));
#4995 = CARTESIAN_POINT('',(5.098544725965,-2.111589241485,15.8));
#4996 = DEFINITIONAL_REPRESENTATION('',(#4997),#5001);
#4997 = LINE('',#4998,#4999);
#4998 = CARTESIAN_POINT('',(0.,0.));
#4999 = VECTOR('',#5000,1.);
#5000 = DIRECTION('',(1.,0.));
#5001 = ( GEOMETRIC_REPRESENTATION_CONTEXT(2) 
PARAMETRIC_REPRESENTATION_CONTEXT() REPRESENTATION_CONTEXT('2D SPACE',''
  ) );
#5002 = ORIENTED_EDGE('',*,*,#5003,.F.);
#5003 = EDGE_CURVE('',#5004,#4972,#5006,.T.);
#5004 = VERTEX_POINT('',#5005);
#5005 = CARTESIAN_POINT('',(6.099067731838,-1.939425895065,0.));
#5006 = SURFACE_CURVE('',#5007,(#5010,#5016),.PCURVE_S1.);
#5007 = B_SPLINE_CURVE_WITH_KNOTS('',1,(#5008,#5009),.UNSPECIFIED.,.F.,
  .F.,(2,2),(8.,9.),.PIECEWISE_BEZIER_KNOTS.);
#5008 = CARTESIAN_POINT('',(6.099067731838,-1.939425895065,0.));
#5009 = CARTESIAN_POINT('',(6.0107157834,-2.198020875967,0.));
#5010 = PCURVE('',#71,#5011);
#5011 = DEFINITIONAL_REPRESENTATION('',(#5012),#5015);
#5012 = B_SPLINE_CURVE_WITH_KNOTS('',1,(#5013,#5014),.UNSPECIFIED.,.F.,
  .F.,(2,2),(8.,9.),.PIECEWISE_BEZIER_KNOTS.);
#5013 = CARTESIAN_POINT('',(0.300932268162,1.939425895065));
#5014 = CARTESIAN_POINT('',(0.3892842166,2.198020875967));
#5015 = ( GEOMETRIC_REPRESENTATION_CONTEXT(2) 
PARAMETRIC_REPRESENTATION_CONTEXT() REPRESENTATION_CONTEXT('2D SPACE',''
  ) );
#5016 = PCURVE('',#5017,#5028);
#5017 = ( BOUNDED_SURFACE() B_SPLINE_SURFACE(1,4,(
    (#5018,#5019,#5020,#5021,#5022)
    ,(#5023,#5024,#5025,#5026,#5027
)),.UNSPECIFIED.,.F.,.F.,.F.) B_SPLINE_SURFACE_WITH_KNOTS((2,2),(5,5),(
    8.,9.),(0.,1.),.PIECEWISE_BEZIER_KNOTS.) 
GEOMETRIC_REPRESENTATION_ITEM() RATIONAL_B_SPLINE_SURFACE((
    (1.,1.,1.,1.,1.)
,(1.,1.,1.,1.,1.))) REPRESENTATION_ITEM('') SURFACE() );
#5018 = CARTESIAN_POINT('',(6.099067731838,-1.939425895065,0.));
#5019 = CARTESIAN_POINT('',(6.122705108035,-1.946942279782,
    3.950966311744));
#5020 = CARTESIAN_POINT('',(6.159468512803,-1.958632574485,
    7.915188641292));
#5021 = CARTESIAN_POINT('',(5.325100457044,-1.693314154605,
    11.841097004811));
#5022 = CARTESIAN_POINT('',(5.345552975039,-1.699817794958,15.8));
#5023 = CARTESIAN_POINT('',(6.0107157834,-2.198020875967,0.));
#5024 = CARTESIAN_POINT('',(6.035969746668,-2.207255839067,
    3.950966311744));
#5025 = CARTESIAN_POINT('',(6.075247442546,-2.221619052802,
    7.915188641292));
#5026 = CARTESIAN_POINT('',(5.183816005459,-1.895637093445,
    11.841097004811));
#5027 = CARTESIAN_POINT('',(5.205667294447,-1.903627753975,15.8));
#5028 = DEFINITIONAL_REPRESENTATION('',(#5029),#5033);
#5029 = LINE('',#5030,#5031);
#5030 = CARTESIAN_POINT('',(0.,0.));
#5031 = VECTOR('',#5032,1.);
#5032 = DIRECTION('',(1.,0.));
#5033 = ( GEOMETRIC_REPRESENTATION_CONTEXT(2) 
PARAMETRIC_REPRESENTATION_CONTEXT() REPRESENTATION_CONTEXT('2D SPACE',''
  ) );
#5034 = ORIENTED_EDGE('',*,*,#5035,.F.);
#5035 = EDGE_CURVE('',#5036,#5004,#5038,.T.);
#5036 = VERTEX_POINT('',#5037);
#5037 = CARTESIAN_POINT('',(6.175568477819,-1.679986302256,0.));
#5038 = SURFACE_CURVE('',#5039,(#5042,#5048),.PCURVE_S1.);
#5039 = B_SPLINE_CURVE_WITH_KNOTS('',1,(#5040,#5041),.UNSPECIFIED.,.F.,
  .F.,(2,2),(7.,8.),.PIECEWISE_BEZIER_KNOTS.);
#5040 = CARTESIAN_POINT('',(6.175568477819,-1.679986302256,0.));
#5041 = CARTESIAN_POINT('',(6.099067731838,-1.939425895065,0.));
#5042 = PCURVE('',#71,#5043);
#5043 = DEFINITIONAL_REPRESENTATION('',(#5044),#5047);
#5044 = B_SPLINE_CURVE_WITH_KNOTS('',1,(#5045,#5046),.UNSPECIFIED.,.F.,
  .F.,(2,2),(7.,8.),.PIECEWISE_BEZIER_KNOTS.);
#5045 = CARTESIAN_POINT('',(0.224431522181,1.679986302256));
#5046 = CARTESIAN_POINT('',(0.300932268162,1.939425895065));
#5047 = ( GEOMETRIC_REPRESENTATION_CONTEXT(2) 
PARAMETRIC_REPRESENTATION_CONTEXT() REPRESENTATION_CONTEXT('2D SPACE',''
  ) );
#5048 = PCURVE('',#5049,#5060);
#5049 = ( BOUNDED_SURFACE() B_SPLINE_SURFACE(1,4,(
    (#5050,#5051,#5052,#5053,#5054)
    ,(#5055,#5056,#5057,#5058,#5059
)),.UNSPECIFIED.,.F.,.F.,.F.) B_SPLINE_SURFACE_WITH_KNOTS((2,2),(5,5),(
    7.,8.),(0.,1.),.PIECEWISE_BEZIER_KNOTS.) 
GEOMETRIC_REPRESENTATION_ITEM() RATIONAL_B_SPLINE_SURFACE((
    (1.,1.,1.,1.,1.)
,(1.,1.,1.,1.,1.))) REPRESENTATION_ITEM('') SURFACE() );
#5050 = CARTESIAN_POINT('',(6.175568477819,-1.679986302256,0.));
#5051 = CARTESIAN_POINT('',(6.196515129949,-1.685684577449,
    3.950966311744));
#5052 = CARTESIAN_POINT('',(6.229093629542,-1.69454715152,7.915188641292
    ));
#5053 = CARTESIAN_POINT('',(5.489704567603,-1.493405588511,
    11.841097004811));
#5054 = CARTESIAN_POINT('',(5.507828904927,-1.498336088197,15.8));
#5055 = CARTESIAN_POINT('',(6.099067731838,-1.939425895065,0.));
#5056 = CARTESIAN_POINT('',(6.122705108035,-1.946942279782,
    3.950966311744));
#5057 = CARTESIAN_POINT('',(6.159468512803,-1.958632574485,
    7.915188641292));
#5058 = CARTESIAN_POINT('',(5.325100457044,-1.693314154605,
    11.841097004811));
#5059 = CARTESIAN_POINT('',(5.345552975039,-1.699817794958,15.8));
#5060 = DEFINITIONAL_REPRESENTATION('',(#5061),#5065);
#5061 = LINE('',#5062,#5063);
#5062 = CARTESIAN_POINT('',(0.,0.));
#5063 = VECTOR('',#5064,1.);
#5064 = DIRECTION('',(1.,0.));
#5065 = ( GEOMETRIC_REPRESENTATION_CONTEXT(2) 
PARAMETRIC_REPRESENTATION_CONTEXT() REPRESENTATION_CONTEXT('2D SPACE',''
  ) );
#5066 = ORIENTED_EDGE('',*,*,#5067,.F.);
#5067 = EDGE_CURVE('',#5068,#5036,#5070,.T.);
#5068 = VERTEX_POINT('',#5069);
#5069 = CARTESIAN_POINT('',(6.239430935323,-1.4246057712,0.));
#5070 = SURFACE_CURVE('',#5071,(#5074,#5080),.PCURVE_S1.);
#5071 = B_SPLINE_CURVE_WITH_KNOTS('',1,(#5072,#5073),.UNSPECIFIED.,.F.,
  .F.,(2,2),(6.,7.),.PIECEWISE_BEZIER_KNOTS.);
#5072 = CARTESIAN_POINT('',(6.239430935323,-1.4246057712,0.));
#5073 = CARTESIAN_POINT('',(6.175568477819,-1.679986302256,0.));
#5074 = PCURVE('',#71,#5075);
#5075 = DEFINITIONAL_REPRESENTATION('',(#5076),#5079);
#5076 = B_SPLINE_CURVE_WITH_KNOTS('',1,(#5077,#5078),.UNSPECIFIED.,.F.,
  .F.,(2,2),(6.,7.),.PIECEWISE_BEZIER_KNOTS.);
#5077 = CARTESIAN_POINT('',(0.160569064677,1.4246057712));
#5078 = CARTESIAN_POINT('',(0.224431522181,1.679986302256));
#5079 = ( GEOMETRIC_REPRESENTATION_CONTEXT(2) 
PARAMETRIC_REPRESENTATION_CONTEXT() REPRESENTATION_CONTEXT('2D SPACE',''
  ) );
#5080 = PCURVE('',#5081,#5092);
#5081 = ( BOUNDED_SURFACE() B_SPLINE_SURFACE(1,4,(
    (#5082,#5083,#5084,#5085,#5086)
    ,(#5087,#5088,#5089,#5090,#5091
)),.UNSPECIFIED.,.F.,.F.,.F.) B_SPLINE_SURFACE_WITH_KNOTS((2,2),(5,5),(
    6.,7.),(0.,1.),.PIECEWISE_BEZIER_KNOTS.) 
GEOMETRIC_REPRESENTATION_ITEM() RATIONAL_B_SPLINE_SURFACE((
    (1.,1.,1.,1.,1.)
,(1.,1.,1.,1.,1.))) REPRESENTATION_ITEM('') SURFACE() );
#5082 = CARTESIAN_POINT('',(6.239430935323,-1.4246057712,0.));
#5083 = CARTESIAN_POINT('',(6.256913427354,-1.428597426737,
    3.950966311744));
#5084 = CARTESIAN_POINT('',(6.284104090376,-1.434805681283,
    7.915188641292));
#5085 = CARTESIAN_POINT('',(5.666995289275,-1.293905530512,
    11.841097004811));
#5086 = CARTESIAN_POINT('',(5.682122221296,-1.297359357453,15.8));
#5087 = CARTESIAN_POINT('',(6.175568477819,-1.679986302256,0.));
#5088 = CARTESIAN_POINT('',(6.196515129949,-1.685684577449,
    3.950966311744));
#5089 = CARTESIAN_POINT('',(6.229093629542,-1.69454715152,7.915188641292
    ));
#5090 = CARTESIAN_POINT('',(5.489704567603,-1.493405588511,
    11.841097004811));
#5091 = CARTESIAN_POINT('',(5.507828904927,-1.498336088197,15.8));
#5092 = DEFINITIONAL_REPRESENTATION('',(#5093),#5097);
#5093 = LINE('',#5094,#5095);
#5094 = CARTESIAN_POINT('',(0.,0.));
#5095 = VECTOR('',#5096,1.);
#5096 = DIRECTION('',(1.,0.));
#5097 = ( GEOMETRIC_REPRESENTATION_CONTEXT(2) 
PARAMETRIC_REPRESENTATION_CONTEXT() REPRESENTATION_CONTEXT('2D SPACE',''
  ) );
#5098 = ORIENTED_EDGE('',*,*,#5099,.F.);
#5099 = EDGE_CURVE('',#5100,#5068,#5102,.T.);
#5100 = VERTEX_POINT('',#5101);
#5101 = CARTESIAN_POINT('',(6.291027233405,-1.176000148195,0.));
#5102 = SURFACE_CURVE('',#5103,(#5106,#5112),.PCURVE_S1.);
#5103 = B_SPLINE_CURVE_WITH_KNOTS('',1,(#5104,#5105),.UNSPECIFIED.,.F.,
  .F.,(2,2),(5.,6.),.PIECEWISE_BEZIER_KNOTS.);
#5104 = CARTESIAN_POINT('',(6.291027233405,-1.176000148195,0.));
#5105 = CARTESIAN_POINT('',(6.239430935323,-1.4246057712,0.));
#5106 = PCURVE('',#71,#5107);
#5107 = DEFINITIONAL_REPRESENTATION('',(#5108),#5111);
#5108 = B_SPLINE_CURVE_WITH_KNOTS('',1,(#5109,#5110),.UNSPECIFIED.,.F.,
  .F.,(2,2),(5.,6.),.PIECEWISE_BEZIER_KNOTS.);
#5109 = CARTESIAN_POINT('',(0.108972766595,1.176000148195));
#5110 = CARTESIAN_POINT('',(0.160569064677,1.4246057712));
#5111 = ( GEOMETRIC_REPRESENTATION_CONTEXT(2) 
PARAMETRIC_REPRESENTATION_CONTEXT() REPRESENTATION_CONTEXT('2D SPACE',''
  ) );
#5112 = PCURVE('',#5113,#5124);
#5113 = ( BOUNDED_SURFACE() B_SPLINE_SURFACE(1,4,(
    (#5114,#5115,#5116,#5117,#5118)
    ,(#5119,#5120,#5121,#5122,#5123
)),.UNSPECIFIED.,.F.,.F.,.F.) B_SPLINE_SURFACE_WITH_KNOTS((2,2),(5,5),(
    5.,6.),(0.,1.),.PIECEWISE_BEZIER_KNOTS.) 
GEOMETRIC_REPRESENTATION_ITEM() RATIONAL_B_SPLINE_SURFACE((
    (1.,1.,1.,1.,1.)
,(1.,1.,1.,1.,1.))) REPRESENTATION_ITEM('') SURFACE() );
#5114 = CARTESIAN_POINT('',(6.291027233405,-1.176000148195,0.));
#5115 = CARTESIAN_POINT('',(6.304609194256,-1.178539063921,
    3.950966311744));
#5116 = CARTESIAN_POINT('',(6.325733329191,-1.18248786034,7.915188641292
    ));
#5117 = CARTESIAN_POINT('',(5.846308109827,-1.092867499769,
    11.841097004811));
#5118 = CARTESIAN_POINT('',(5.85806006133,-1.095064326487,15.8));
#5119 = CARTESIAN_POINT('',(6.239430935323,-1.4246057712,0.));
#5120 = CARTESIAN_POINT('',(6.256913427354,-1.428597426737,
    3.950966311744));
#5121 = CARTESIAN_POINT('',(6.284104090376,-1.434805681283,
    7.915188641292));
#5122 = CARTESIAN_POINT('',(5.666995289275,-1.293905530512,
    11.841097004811));
#5123 = CARTESIAN_POINT('',(5.682122221296,-1.297359357453,15.8));
#5124 = DEFINITIONAL_REPRESENTATION('',(#5125),#5129);
#5125 = LINE('',#5126,#5127);
#5126 = CARTESIAN_POINT('',(0.,0.));
#5127 = VECTOR('',#5128,1.);
#5128 = DIRECTION('',(1.,0.));
#5129 = ( GEOMETRIC_REPRESENTATION_CONTEXT(2) 
PARAMETRIC_REPRESENTATION_CONTEXT() REPRESENTATION_CONTEXT('2D SPACE',''
  ) );
#5130 = ORIENTED_EDGE('',*,*,#5131,.F.);
#5131 = EDGE_CURVE('',#5132,#5100,#5134,.T.);
#5132 = VERTEX_POINT('',#5133);
#5133 = CARTESIAN_POINT('',(6.3313591303,-0.934821674531,0.));
#5134 = SURFACE_CURVE('',#5135,(#5138,#5144),.PCURVE_S1.);
#5135 = B_SPLINE_CURVE_WITH_KNOTS('',1,(#5136,#5137),.UNSPECIFIED.,.F.,
  .F.,(2,2),(4.,5.),.PIECEWISE_BEZIER_KNOTS.);
#5136 = CARTESIAN_POINT('',(6.3313591303,-0.934821674531,0.));
#5137 = CARTESIAN_POINT('',(6.291027233405,-1.176000148195,0.));
#5138 = PCURVE('',#71,#5139);
#5139 = DEFINITIONAL_REPRESENTATION('',(#5140),#5143);
#5140 = B_SPLINE_CURVE_WITH_KNOTS('',1,(#5141,#5142),.UNSPECIFIED.,.F.,
  .F.,(2,2),(4.,5.),.PIECEWISE_BEZIER_KNOTS.);
#5141 = CARTESIAN_POINT('',(6.86408697005E-02,0.934821674531));
#5142 = CARTESIAN_POINT('',(0.108972766595,1.176000148195));
#5143 = ( GEOMETRIC_REPRESENTATION_CONTEXT(2) 
PARAMETRIC_REPRESENTATION_CONTEXT() REPRESENTATION_CONTEXT('2D SPACE',''
  ) );
#5144 = PCURVE('',#5145,#5156);
#5145 = ( BOUNDED_SURFACE() B_SPLINE_SURFACE(1,4,(
    (#5146,#5147,#5148,#5149,#5150)
    ,(#5151,#5152,#5153,#5154,#5155
)),.UNSPECIFIED.,.F.,.F.,.F.) B_SPLINE_SURFACE_WITH_KNOTS((2,2),(5,5),(
    4.,5.),(0.,1.),.PIECEWISE_BEZIER_KNOTS.) 
GEOMETRIC_REPRESENTATION_ITEM() RATIONAL_B_SPLINE_SURFACE((
    (1.,1.,1.,1.,1.)
,(1.,1.,1.,1.,1.))) REPRESENTATION_ITEM('') SURFACE() );
#5146 = CARTESIAN_POINT('',(6.3313591303,-0.934821674531,0.));
#5147 = CARTESIAN_POINT('',(6.340961004988,-0.936239386019,
    3.950966311744));
#5148 = CARTESIAN_POINT('',(6.355894879322,-0.938444364307,
    7.915188641292));
#5149 = CARTESIAN_POINT('',(6.016961427115,-0.888401027509,
    11.841097004811));
#5150 = CARTESIAN_POINT('',(6.025269562215,-0.889627719062,15.8));
#5151 = CARTESIAN_POINT('',(6.291027233405,-1.176000148195,0.));
#5152 = CARTESIAN_POINT('',(6.304609194256,-1.178539063921,
    3.950966311744));
#5153 = CARTESIAN_POINT('',(6.325733329191,-1.18248786034,7.915188641292
    ));
#5154 = CARTESIAN_POINT('',(5.846308109827,-1.092867499769,
    11.841097004811));
#5155 = CARTESIAN_POINT('',(5.85806006133,-1.095064326487,15.8));
#5156 = DEFINITIONAL_REPRESENTATION('',(#5157),#5161);
#5157 = LINE('',#5158,#5159);
#5158 = CARTESIAN_POINT('',(0.,0.));
#5159 = VECTOR('',#5160,1.);
#5160 = DIRECTION('',(1.,0.));
#5161 = ( GEOMETRIC_REPRESENTATION_CONTEXT(2) 
PARAMETRIC_REPRESENTATION_CONTEXT() REPRESENTATION_CONTEXT('2D SPACE',''
  ) );
#5162 = ORIENTED_EDGE('',*,*,#5163,.F.);
#5163 = EDGE_CURVE('',#5164,#5132,#5166,.T.);
#5164 = VERTEX_POINT('',#5165);
#5165 = CARTESIAN_POINT('',(6.361610550466,-0.699936571552,0.));
#5166 = SURFACE_CURVE('',#5167,(#5170,#5176),.PCURVE_S1.);
#5167 = B_SPLINE_CURVE_WITH_KNOTS('',1,(#5168,#5169),.UNSPECIFIED.,.F.,
  .F.,(2,2),(3.,4.),.PIECEWISE_BEZIER_KNOTS.);
#5168 = CARTESIAN_POINT('',(6.361610550466,-0.699936571552,0.));
#5169 = CARTESIAN_POINT('',(6.3313591303,-0.934821674531,0.));
#5170 = PCURVE('',#71,#5171);
#5171 = DEFINITIONAL_REPRESENTATION('',(#5172),#5175);
#5172 = B_SPLINE_CURVE_WITH_KNOTS('',1,(#5173,#5174),.UNSPECIFIED.,.F.,
  .F.,(2,2),(3.,4.),.PIECEWISE_BEZIER_KNOTS.);
#5173 = CARTESIAN_POINT('',(3.838944953373E-02,0.699936571552));
#5174 = CARTESIAN_POINT('',(6.86408697005E-02,0.934821674531));
#5175 = ( GEOMETRIC_REPRESENTATION_CONTEXT(2) 
PARAMETRIC_REPRESENTATION_CONTEXT() REPRESENTATION_CONTEXT('2D SPACE',''
  ) );
#5176 = PCURVE('',#5177,#5188);
#5177 = ( BOUNDED_SURFACE() B_SPLINE_SURFACE(1,4,(
    (#5178,#5179,#5180,#5181,#5182)
    ,(#5183,#5184,#5185,#5186,#5187
)),.UNSPECIFIED.,.F.,.F.,.F.) B_SPLINE_SURFACE_WITH_KNOTS((2,2),(5,5),(
    3.,4.),(0.,1.),.PIECEWISE_BEZIER_KNOTS.) 
GEOMETRIC_REPRESENTATION_ITEM() RATIONAL_B_SPLINE_SURFACE((
    (1.,1.,1.,1.,1.)
,(1.,1.,1.,1.,1.))) REPRESENTATION_ITEM('') SURFACE() );
#5178 = CARTESIAN_POINT('',(6.361610550466,-0.699936571552,0.));
#5179 = CARTESIAN_POINT('',(6.367515314573,-0.700586243567,
    3.950966311744));
#5180 = CARTESIAN_POINT('',(6.376699042544,-0.701596683772,
    7.915188641292));
#5181 = CARTESIAN_POINT('',(6.168268694487,-0.678664122581,
    11.841097004811));
#5182 = CARTESIAN_POINT('',(6.173377861137,-0.679226258939,15.8));
#5183 = CARTESIAN_POINT('',(6.3313591303,-0.934821674531,0.));
#5184 = CARTESIAN_POINT('',(6.340961004988,-0.936239386019,
    3.950966311744));
#5185 = CARTESIAN_POINT('',(6.355894879322,-0.938444364307,
    7.915188641292));
#5186 = CARTESIAN_POINT('',(6.016961427115,-0.888401027509,
    11.841097004811));
#5187 = CARTESIAN_POINT('',(6.025269562215,-0.889627719062,15.8));
#5188 = DEFINITIONAL_REPRESENTATION('',(#5189),#5193);
#5189 = LINE('',#5190,#5191);
#5190 = CARTESIAN_POINT('',(0.,0.));
#5191 = VECTOR('',#5192,1.);
#5192 = DIRECTION('',(1.,0.));
#5193 = ( GEOMETRIC_REPRESENTATION_CONTEXT(2) 
PARAMETRIC_REPRESENTATION_CONTEXT() REPRESENTATION_CONTEXT('2D SPACE',''
  ) );
#5194 = ORIENTED_EDGE('',*,*,#5195,.F.);
#5195 = EDGE_CURVE('',#5196,#5164,#5198,.T.);
#5196 = VERTEX_POINT('',#5197);
#5197 = CARTESIAN_POINT('',(6.382814122446,-0.468704467973,0.));
#5198 = SURFACE_CURVE('',#5199,(#5202,#5208),.PCURVE_S1.);
#5199 = B_SPLINE_CURVE_WITH_KNOTS('',1,(#5200,#5201),.UNSPECIFIED.,.F.,
  .F.,(2,2),(2.,3.),.PIECEWISE_BEZIER_KNOTS.);
#5200 = CARTESIAN_POINT('',(6.382814122446,-0.468704467973,0.));
#5201 = CARTESIAN_POINT('',(6.361610550466,-0.699936571552,0.));
#5202 = PCURVE('',#71,#5203);
#5203 = DEFINITIONAL_REPRESENTATION('',(#5204),#5207);
#5204 = B_SPLINE_CURVE_WITH_KNOTS('',1,(#5205,#5206),.UNSPECIFIED.,.F.,
  .F.,(2,2),(2.,3.),.PIECEWISE_BEZIER_KNOTS.);
#5205 = CARTESIAN_POINT('',(1.718587755352E-02,0.468704467973));
#5206 = CARTESIAN_POINT('',(3.838944953373E-02,0.699936571552));
#5207 = ( GEOMETRIC_REPRESENTATION_CONTEXT(2) 
PARAMETRIC_REPRESENTATION_CONTEXT() REPRESENTATION_CONTEXT('2D SPACE',''
  ) );
#5208 = PCURVE('',#5209,#5220);
#5209 = ( BOUNDED_SURFACE() B_SPLINE_SURFACE(1,4,(
    (#5210,#5211,#5212,#5213,#5214)
    ,(#5215,#5216,#5217,#5218,#5219
)),.UNSPECIFIED.,.F.,.F.,.F.) B_SPLINE_SURFACE_WITH_KNOTS((2,2),(5,5),(
    2.,3.),(0.,1.),.PIECEWISE_BEZIER_KNOTS.) 
GEOMETRIC_REPRESENTATION_ITEM() RATIONAL_B_SPLINE_SURFACE((
    (1.,1.,1.,1.,1.)
,(1.,1.,1.,1.,1.))) REPRESENTATION_ITEM('') SURFACE() );
#5210 = CARTESIAN_POINT('',(6.382814122446,-0.468704467973,0.));
#5211 = CARTESIAN_POINT('',(6.385662536039,-0.468913633421,
    3.950966311744));
#5212 = CARTESIAN_POINT('',(6.390092697026,-0.469238950156,
    7.915188641292));
#5213 = CARTESIAN_POINT('',(6.28954747189,-0.461855687014,
    11.841097004811));
#5214 = CARTESIAN_POINT('',(6.29201209528,-0.46203666988,15.8));
#5215 = CARTESIAN_POINT('',(6.361610550466,-0.699936571552,0.));
#5216 = CARTESIAN_POINT('',(6.367515314573,-0.700586243567,
    3.950966311744));
#5217 = CARTESIAN_POINT('',(6.376699042544,-0.701596683772,
    7.915188641292));
#5218 = CARTESIAN_POINT('',(6.168268694487,-0.678664122581,
    11.841097004811));
#5219 = CARTESIAN_POINT('',(6.173377861137,-0.679226258939,15.8));
#5220 = DEFINITIONAL_REPRESENTATION('',(#5221),#5225);
#5221 = LINE('',#5222,#5223);
#5222 = CARTESIAN_POINT('',(0.,0.));
#5223 = VECTOR('',#5224,1.);
#5224 = DIRECTION('',(1.,0.));
#5225 = ( GEOMETRIC_REPRESENTATION_CONTEXT(2) 
PARAMETRIC_REPRESENTATION_CONTEXT() REPRESENTATION_CONTEXT('2D SPACE',''
  ) );
#5226 = ORIENTED_EDGE('',*,*,#5227,.F.);
#5227 = EDGE_CURVE('',#46,#5196,#5228,.T.);
#5228 = SURFACE_CURVE('',#5229,(#5232,#5238),.PCURVE_S1.);
#5229 = B_SPLINE_CURVE_WITH_KNOTS('',1,(#5230,#5231),.UNSPECIFIED.,.F.,
  .F.,(2,2),(1.,2.),.PIECEWISE_BEZIER_KNOTS.);
#5230 = CARTESIAN_POINT('',(6.395604528173,-0.237155474782,0.));
#5231 = CARTESIAN_POINT('',(6.382814122446,-0.468704467973,0.));
#5232 = PCURVE('',#71,#5233);
#5233 = DEFINITIONAL_REPRESENTATION('',(#5234),#5237);
#5234 = B_SPLINE_CURVE_WITH_KNOTS('',1,(#5235,#5236),.UNSPECIFIED.,.F.,
  .F.,(2,2),(1.,2.),.PIECEWISE_BEZIER_KNOTS.);
#5235 = CARTESIAN_POINT('',(4.395471827459E-03,0.237155474782));
#5236 = CARTESIAN_POINT('',(1.718587755352E-02,0.468704467973));
#5237 = ( GEOMETRIC_REPRESENTATION_CONTEXT(2) 
PARAMETRIC_REPRESENTATION_CONTEXT() REPRESENTATION_CONTEXT('2D SPACE',''
  ) );
#5238 = PCURVE('',#100,#5239);
#5239 = DEFINITIONAL_REPRESENTATION('',(#5240),#5244);
#5240 = LINE('',#5241,#5242);
#5241 = CARTESIAN_POINT('',(0.,0.));
#5242 = VECTOR('',#5243,1.);
#5243 = DIRECTION('',(1.,0.));
#5244 = ( GEOMETRIC_REPRESENTATION_CONTEXT(2) 
PARAMETRIC_REPRESENTATION_CONTEXT() REPRESENTATION_CONTEXT('2D SPACE',''
  ) );
#5245 = FACE_BOUND('',#5246,.F.);
#5246 = EDGE_LOOP('',(#5247));
#5247 = ORIENTED_EDGE('',*,*,#5248,.F.);
#5248 = EDGE_CURVE('',#5249,#5249,#5251,.T.);
#5249 = VERTEX_POINT('',#5250);
#5250 = CARTESIAN_POINT('',(3.175,-7.776507174586E-16,0.));
#5251 = SURFACE_CURVE('',#5252,(#5257,#5264),.PCURVE_S1.);
#5252 = CIRCLE('',#5253,3.175);
#5253 = AXIS2_PLACEMENT_3D('',#5254,#5255,#5256);
#5254 = CARTESIAN_POINT('',(0.,0.,0.));
#5255 = DIRECTION('',(0.,0.,1.));
#5256 = DIRECTION('',(1.,0.,-0.));
#5257 = PCURVE('',#71,#5258);
#5258 = DEFINITIONAL_REPRESENTATION('',(#5259),#5263);
#5259 = CIRCLE('',#5260,3.175);
#5260 = AXIS2_PLACEMENT_2D('',#5261,#5262);
#5261 = CARTESIAN_POINT('',(6.4,0.));
#5262 = DIRECTION('',(-1.,0.));
#5263 = ( GEOMETRIC_REPRESENTATION_CONTEXT(2) 
PARAMETRIC_REPRESENTATION_CONTEXT() REPRESENTATION_CONTEXT('2D SPACE',''
  ) );
#5264 = PCURVE('',#5265,#5270);
#5265 = CYLINDRICAL_SURFACE('',#5266,3.175);
#5266 = AXIS2_PLACEMENT_3D('',#5267,#5268,#5269);
#5267 = CARTESIAN_POINT('',(0.,0.,-0.2));
#5268 = DIRECTION('',(0.,0.,1.));
#5269 = DIRECTION('',(1.,0.,-0.));
#5270 = DEFINITIONAL_REPRESENTATION('',(#5271),#5275);
#5271 = LINE('',#5272,#5273);
#5272 = CARTESIAN_POINT('',(0.,0.2));
#5273 = VECTOR('',#5274,1.);
#5274 = DIRECTION('',(1.,0.));
#5275 = ( GEOMETRIC_REPRESENTATION_CONTEXT(2) 
PARAMETRIC_REPRESENTATION_CONTEXT() REPRESENTATION_CONTEXT('2D SPACE',''
  ) );
#5276 = ADVANCED_FACE('',(#5277),#100,.F.);
#5277 = FACE_BOUND('',#5278,.F.);
#5278 = EDGE_LOOP('',(#5279,#5280,#5305,#5324));
#5279 = ORIENTED_EDGE('',*,*,#5227,.T.);
#5280 = ORIENTED_EDGE('',*,*,#5281,.T.);
#5281 = EDGE_CURVE('',#5196,#5282,#5284,.T.);
#5282 = VERTEX_POINT('',#5283);
#5283 = CARTESIAN_POINT('',(6.29201209528,-0.46203666988,15.8));
#5284 = SURFACE_CURVE('',#5285,(#5291,#5298),.PCURVE_S1.);
#5285 = ( BOUNDED_CURVE() B_SPLINE_CURVE(4,(#5286,#5287,#5288,#5289,
#5290),.UNSPECIFIED.,.F.,.F.) B_SPLINE_CURVE_WITH_KNOTS((5,5),(0.,1.),
.PIECEWISE_BEZIER_KNOTS.) CURVE() GEOMETRIC_REPRESENTATION_ITEM() 
RATIONAL_B_SPLINE_CURVE((1.,1.,1.,1.,1.)) REPRESENTATION_ITEM('') );
#5286 = CARTESIAN_POINT('',(6.382814122446,-0.468704467973,0.));
#5287 = CARTESIAN_POINT('',(6.385662536039,-0.468913633421,
    3.950966311744));
#5288 = CARTESIAN_POINT('',(6.390092697026,-0.469238950156,
    7.915188641292));
#5289 = CARTESIAN_POINT('',(6.28954747189,-0.461855687014,
    11.841097004811));
#5290 = CARTESIAN_POINT('',(6.29201209528,-0.46203666988,15.8));
#5291 = PCURVE('',#100,#5292);
#5292 = DEFINITIONAL_REPRESENTATION('',(#5293),#5297);
#5293 = LINE('',#5294,#5295);
#5294 = CARTESIAN_POINT('',(2.,0.));
#5295 = VECTOR('',#5296,1.);
#5296 = DIRECTION('',(0.,1.));
#5297 = ( GEOMETRIC_REPRESENTATION_CONTEXT(2) 
PARAMETRIC_REPRESENTATION_CONTEXT() REPRESENTATION_CONTEXT('2D SPACE',''
  ) );
#5298 = PCURVE('',#5209,#5299);
#5299 = DEFINITIONAL_REPRESENTATION('',(#5300),#5304);
#5300 = LINE('',#5301,#5302);
#5301 = CARTESIAN_POINT('',(2.,0.));
#5302 = VECTOR('',#5303,1.);
#5303 = DIRECTION('',(0.,1.));
#5304 = ( GEOMETRIC_REPRESENTATION_CONTEXT(2) 
PARAMETRIC_REPRESENTATION_CONTEXT() REPRESENTATION_CONTEXT('2D SPACE',''
  ) );
#5305 = ORIENTED_EDGE('',*,*,#5306,.F.);
#5306 = EDGE_CURVE('',#83,#5282,#5307,.T.);
#5307 = SURFACE_CURVE('',#5308,(#5311,#5318),.PCURVE_S1.);
#5308 = B_SPLINE_CURVE_WITH_KNOTS('',1,(#5309,#5310),.UNSPECIFIED.,.F.,
  .F.,(2,2),(1.,2.),.PIECEWISE_BEZIER_KNOTS.);
#5309 = CARTESIAN_POINT('',(6.370799401831,-0.236235675646,15.8));
#5310 = CARTESIAN_POINT('',(6.29201209528,-0.46203666988,15.8));
#5311 = PCURVE('',#100,#5312);
#5312 = DEFINITIONAL_REPRESENTATION('',(#5313),#5317);
#5313 = LINE('',#5314,#5315);
#5314 = CARTESIAN_POINT('',(0.,1.));
#5315 = VECTOR('',#5316,1.);
#5316 = DIRECTION('',(1.,0.));
#5317 = ( GEOMETRIC_REPRESENTATION_CONTEXT(2) 
PARAMETRIC_REPRESENTATION_CONTEXT() REPRESENTATION_CONTEXT('2D SPACE',''
  ) );
#5318 = PCURVE('',#133,#5319);
#5319 = DEFINITIONAL_REPRESENTATION('',(#5320),#5323);
#5320 = B_SPLINE_CURVE_WITH_KNOTS('',1,(#5321,#5322),.UNSPECIFIED.,.F.,
  .F.,(2,2),(1.,2.),.PIECEWISE_BEZIER_KNOTS.);
#5321 = CARTESIAN_POINT('',(2.856751614223E-02,-0.236235675646));
#5322 = CARTESIAN_POINT('',(0.107354822692,-0.46203666988));
#5323 = ( GEOMETRIC_REPRESENTATION_CONTEXT(2) 
PARAMETRIC_REPRESENTATION_CONTEXT() REPRESENTATION_CONTEXT('2D SPACE',''
  ) );
#5324 = ORIENTED_EDGE('',*,*,#82,.F.);
#5325 = ADVANCED_FACE('',(#5326,#8646),#133,.F.);
#5326 = FACE_BOUND('',#5327,.F.);
#5327 = EDGE_LOOP('',(#5328,#5329,#5330,#5351,#5372,#5393,#5414,#5435,
    #5456,#5477,#5498,#5519,#5540,#5561,#5582,#5603,#5624,#5645,#5666,
    #5687,#5708,#5729,#5750,#5771,#5792,#5813,#5834,#5855,#5876,#5897,
    #5918,#5939,#5960,#5981,#6002,#6023,#6044,#6065,#6086,#6107,#6128,
    #6149,#6170,#6191,#6212,#6233,#6254,#6275,#6296,#6317,#6338,#6359,
    #6380,#6401,#6422,#6443,#6464,#6485,#6506,#6527,#6548,#6569,#6590,
    #6611,#6632,#6653,#6674,#6695,#6716,#6737,#6758,#6779,#6800,#6821,
    #6842,#6863,#6884,#6905,#6926,#6947,#6968,#6989,#7010,#7031,#7052,
    #7073,#7094,#7115,#7136,#7157,#7178,#7199,#7220,#7241,#7262,#7283,
    #7304,#7325,#7346,#7367,#7388,#7409,#7430,#7451,#7472,#7493,#7514,
    #7535,#7556,#7577,#7598,#7619,#7640,#7661,#7682,#7703,#7724,#7745,
    #7766,#7787,#7808,#7829,#7850,#7871,#7892,#7913,#7934,#7955,#7976,
    #7997,#8018,#8039,#8060,#8081,#8102,#8123,#8144,#8165,#8186,#8207,
    #8228,#8249,#8270,#8291,#8312,#8333,#8354,#8375,#8396,#8417,#8438,
    #8459,#8480,#8501,#8522,#8543,#8564,#8585,#8606,#8627));
#5328 = ORIENTED_EDGE('',*,*,#118,.T.);
#5329 = ORIENTED_EDGE('',*,*,#5306,.T.);
#5330 = ORIENTED_EDGE('',*,*,#5331,.T.);
#5331 = EDGE_CURVE('',#5282,#5332,#5334,.T.);
#5332 = VERTEX_POINT('',#5333);
#5333 = CARTESIAN_POINT('',(6.173377861137,-0.679226258939,15.8));
#5334 = SURFACE_CURVE('',#5335,(#5338,#5344),.PCURVE_S1.);
#5335 = B_SPLINE_CURVE_WITH_KNOTS('',1,(#5336,#5337),.UNSPECIFIED.,.F.,
  .F.,(2,2),(2.,3.),.PIECEWISE_BEZIER_KNOTS.);
#5336 = CARTESIAN_POINT('',(6.29201209528,-0.46203666988,15.8));
#5337 = CARTESIAN_POINT('',(6.173377861137,-0.679226258939,15.8));
#5338 = PCURVE('',#133,#5339);
#5339 = DEFINITIONAL_REPRESENTATION('',(#5340),#5343);
#5340 = B_SPLINE_CURVE_WITH_KNOTS('',1,(#5341,#5342),.UNSPECIFIED.,.F.,
  .F.,(2,2),(2.,3.),.PIECEWISE_BEZIER_KNOTS.);
#5341 = CARTESIAN_POINT('',(0.107354822692,-0.46203666988));
#5342 = CARTESIAN_POINT('',(0.225989056836,-0.679226258939));
#5343 = ( GEOMETRIC_REPRESENTATION_CONTEXT(2) 
PARAMETRIC_REPRESENTATION_CONTEXT() REPRESENTATION_CONTEXT('2D SPACE',''
  ) );
#5344 = PCURVE('',#5209,#5345);
#5345 = DEFINITIONAL_REPRESENTATION('',(#5346),#5350);
#5346 = LINE('',#5347,#5348);
#5347 = CARTESIAN_POINT('',(0.,1.));
#5348 = VECTOR('',#5349,1.);
#5349 = DIRECTION('',(1.,0.));
#5350 = ( GEOMETRIC_REPRESENTATION_CONTEXT(2) 
PARAMETRIC_REPRESENTATION_CONTEXT() REPRESENTATION_CONTEXT('2D SPACE',''
  ) );
#5351 = ORIENTED_EDGE('',*,*,#5352,.T.);
#5352 = EDGE_CURVE('',#5332,#5353,#5355,.T.);
#5353 = VERTEX_POINT('',#5354);
#5354 = CARTESIAN_POINT('',(6.025269562215,-0.889627719062,15.8));
#5355 = SURFACE_CURVE('',#5356,(#5359,#5365),.PCURVE_S1.);
#5356 = B_SPLINE_CURVE_WITH_KNOTS('',1,(#5357,#5358),.UNSPECIFIED.,.F.,
  .F.,(2,2),(3.,4.),.PIECEWISE_BEZIER_KNOTS.);
#5357 = CARTESIAN_POINT('',(6.173377861137,-0.679226258939,15.8));
#5358 = CARTESIAN_POINT('',(6.025269562215,-0.889627719062,15.8));
#5359 = PCURVE('',#133,#5360);
#5360 = DEFINITIONAL_REPRESENTATION('',(#5361),#5364);
#5361 = B_SPLINE_CURVE_WITH_KNOTS('',1,(#5362,#5363),.UNSPECIFIED.,.F.,
  .F.,(2,2),(3.,4.),.PIECEWISE_BEZIER_KNOTS.);
#5362 = CARTESIAN_POINT('',(0.225989056836,-0.679226258939));
#5363 = CARTESIAN_POINT('',(0.374097355758,-0.889627719062));
#5364 = ( GEOMETRIC_REPRESENTATION_CONTEXT(2) 
PARAMETRIC_REPRESENTATION_CONTEXT() REPRESENTATION_CONTEXT('2D SPACE',''
  ) );
#5365 = PCURVE('',#5177,#5366);
#5366 = DEFINITIONAL_REPRESENTATION('',(#5367),#5371);
#5367 = LINE('',#5368,#5369);
#5368 = CARTESIAN_POINT('',(0.,1.));
#5369 = VECTOR('',#5370,1.);
#5370 = DIRECTION('',(1.,0.));
#5371 = ( GEOMETRIC_REPRESENTATION_CONTEXT(2) 
PARAMETRIC_REPRESENTATION_CONTEXT() REPRESENTATION_CONTEXT('2D SPACE',''
  ) );
#5372 = ORIENTED_EDGE('',*,*,#5373,.T.);
#5373 = EDGE_CURVE('',#5353,#5374,#5376,.T.);
#5374 = VERTEX_POINT('',#5375);
#5375 = CARTESIAN_POINT('',(5.85806006133,-1.095064326487,15.8));
#5376 = SURFACE_CURVE('',#5377,(#5380,#5386),.PCURVE_S1.);
#5377 = B_SPLINE_CURVE_WITH_KNOTS('',1,(#5378,#5379),.UNSPECIFIED.,.F.,
  .F.,(2,2),(4.,5.),.PIECEWISE_BEZIER_KNOTS.);
#5378 = CARTESIAN_POINT('',(6.025269562215,-0.889627719062,15.8));
#5379 = CARTESIAN_POINT('',(5.85806006133,-1.095064326487,15.8));
#5380 = PCURVE('',#133,#5381);
#5381 = DEFINITIONAL_REPRESENTATION('',(#5382),#5385);
#5382 = B_SPLINE_CURVE_WITH_KNOTS('',1,(#5383,#5384),.UNSPECIFIED.,.F.,
  .F.,(2,2),(4.,5.),.PIECEWISE_BEZIER_KNOTS.);
#5383 = CARTESIAN_POINT('',(0.374097355758,-0.889627719062));
#5384 = CARTESIAN_POINT('',(0.541306856643,-1.095064326487));
#5385 = ( GEOMETRIC_REPRESENTATION_CONTEXT(2) 
PARAMETRIC_REPRESENTATION_CONTEXT() REPRESENTATION_CONTEXT('2D SPACE',''
  ) );
#5386 = PCURVE('',#5145,#5387);
#5387 = DEFINITIONAL_REPRESENTATION('',(#5388),#5392);
#5388 = LINE('',#5389,#5390);
#5389 = CARTESIAN_POINT('',(0.,1.));
#5390 = VECTOR('',#5391,1.);
#5391 = DIRECTION('',(1.,0.));
#5392 = ( GEOMETRIC_REPRESENTATION_CONTEXT(2) 
PARAMETRIC_REPRESENTATION_CONTEXT() REPRESENTATION_CONTEXT('2D SPACE',''
  ) );
#5393 = ORIENTED_EDGE('',*,*,#5394,.T.);
#5394 = EDGE_CURVE('',#5374,#5395,#5397,.T.);
#5395 = VERTEX_POINT('',#5396);
#5396 = CARTESIAN_POINT('',(5.682122221296,-1.297359357453,15.8));
#5397 = SURFACE_CURVE('',#5398,(#5401,#5407),.PCURVE_S1.);
#5398 = B_SPLINE_CURVE_WITH_KNOTS('',1,(#5399,#5400),.UNSPECIFIED.,.F.,
  .F.,(2,2),(5.,6.),.PIECEWISE_BEZIER_KNOTS.);
#5399 = CARTESIAN_POINT('',(5.85806006133,-1.095064326487,15.8));
#5400 = CARTESIAN_POINT('',(5.682122221296,-1.297359357453,15.8));
#5401 = PCURVE('',#133,#5402);
#5402 = DEFINITIONAL_REPRESENTATION('',(#5403),#5406);
#5403 = B_SPLINE_CURVE_WITH_KNOTS('',1,(#5404,#5405),.UNSPECIFIED.,.F.,
  .F.,(2,2),(5.,6.),.PIECEWISE_BEZIER_KNOTS.);
#5404 = CARTESIAN_POINT('',(0.541306856643,-1.095064326487));
#5405 = CARTESIAN_POINT('',(0.717244696677,-1.297359357453));
#5406 = ( GEOMETRIC_REPRESENTATION_CONTEXT(2) 
PARAMETRIC_REPRESENTATION_CONTEXT() REPRESENTATION_CONTEXT('2D SPACE',''
  ) );
#5407 = PCURVE('',#5113,#5408);
#5408 = DEFINITIONAL_REPRESENTATION('',(#5409),#5413);
#5409 = LINE('',#5410,#5411);
#5410 = CARTESIAN_POINT('',(0.,1.));
#5411 = VECTOR('',#5412,1.);
#5412 = DIRECTION('',(1.,0.));
#5413 = ( GEOMETRIC_REPRESENTATION_CONTEXT(2) 
PARAMETRIC_REPRESENTATION_CONTEXT() REPRESENTATION_CONTEXT('2D SPACE',''
  ) );
#5414 = ORIENTED_EDGE('',*,*,#5415,.T.);
#5415 = EDGE_CURVE('',#5395,#5416,#5418,.T.);
#5416 = VERTEX_POINT('',#5417);
#5417 = CARTESIAN_POINT('',(5.507828904927,-1.498336088197,15.8));
#5418 = SURFACE_CURVE('',#5419,(#5422,#5428),.PCURVE_S1.);
#5419 = B_SPLINE_CURVE_WITH_KNOTS('',1,(#5420,#5421),.UNSPECIFIED.,.F.,
  .F.,(2,2),(6.,7.),.PIECEWISE_BEZIER_KNOTS.);
#5420 = CARTESIAN_POINT('',(5.682122221296,-1.297359357453,15.8));
#5421 = CARTESIAN_POINT('',(5.507828904927,-1.498336088197,15.8));
#5422 = PCURVE('',#133,#5423);
#5423 = DEFINITIONAL_REPRESENTATION('',(#5424),#5427);
#5424 = B_SPLINE_CURVE_WITH_KNOTS('',1,(#5425,#5426),.UNSPECIFIED.,.F.,
  .F.,(2,2),(6.,7.),.PIECEWISE_BEZIER_KNOTS.);
#5425 = CARTESIAN_POINT('',(0.717244696677,-1.297359357453));
#5426 = CARTESIAN_POINT('',(0.891538013046,-1.498336088197));
#5427 = ( GEOMETRIC_REPRESENTATION_CONTEXT(2) 
PARAMETRIC_REPRESENTATION_CONTEXT() REPRESENTATION_CONTEXT('2D SPACE',''
  ) );
#5428 = PCURVE('',#5081,#5429);
#5429 = DEFINITIONAL_REPRESENTATION('',(#5430),#5434);
#5430 = LINE('',#5431,#5432);
#5431 = CARTESIAN_POINT('',(0.,1.));
#5432 = VECTOR('',#5433,1.);
#5433 = DIRECTION('',(1.,0.));
#5434 = ( GEOMETRIC_REPRESENTATION_CONTEXT(2) 
PARAMETRIC_REPRESENTATION_CONTEXT() REPRESENTATION_CONTEXT('2D SPACE',''
  ) );
#5435 = ORIENTED_EDGE('',*,*,#5436,.T.);
#5436 = EDGE_CURVE('',#5416,#5437,#5439,.T.);
#5437 = VERTEX_POINT('',#5438);
#5438 = CARTESIAN_POINT('',(5.345552975039,-1.699817794958,15.8));
#5439 = SURFACE_CURVE('',#5440,(#5443,#5449),.PCURVE_S1.);
#5440 = B_SPLINE_CURVE_WITH_KNOTS('',1,(#5441,#5442),.UNSPECIFIED.,.F.,
  .F.,(2,2),(7.,8.),.PIECEWISE_BEZIER_KNOTS.);
#5441 = CARTESIAN_POINT('',(5.507828904927,-1.498336088197,15.8));
#5442 = CARTESIAN_POINT('',(5.345552975039,-1.699817794958,15.8));
#5443 = PCURVE('',#133,#5444);
#5444 = DEFINITIONAL_REPRESENTATION('',(#5445),#5448);
#5445 = B_SPLINE_CURVE_WITH_KNOTS('',1,(#5446,#5447),.UNSPECIFIED.,.F.,
  .F.,(2,2),(7.,8.),.PIECEWISE_BEZIER_KNOTS.);
#5446 = CARTESIAN_POINT('',(0.891538013046,-1.498336088197));
#5447 = CARTESIAN_POINT('',(1.053813942933,-1.699817794958));
#5448 = ( GEOMETRIC_REPRESENTATION_CONTEXT(2) 
PARAMETRIC_REPRESENTATION_CONTEXT() REPRESENTATION_CONTEXT('2D SPACE',''
  ) );
#5449 = PCURVE('',#5049,#5450);
#5450 = DEFINITIONAL_REPRESENTATION('',(#5451),#5455);
#5451 = LINE('',#5452,#5453);
#5452 = CARTESIAN_POINT('',(0.,1.));
#5453 = VECTOR('',#5454,1.);
#5454 = DIRECTION('',(1.,0.));
#5455 = ( GEOMETRIC_REPRESENTATION_CONTEXT(2) 
PARAMETRIC_REPRESENTATION_CONTEXT() REPRESENTATION_CONTEXT('2D SPACE',''
  ) );
#5456 = ORIENTED_EDGE('',*,*,#5457,.T.);
#5457 = EDGE_CURVE('',#5437,#5458,#5460,.T.);
#5458 = VERTEX_POINT('',#5459);
#5459 = CARTESIAN_POINT('',(5.205667294447,-1.903627753975,15.8));
#5460 = SURFACE_CURVE('',#5461,(#5464,#5470),.PCURVE_S1.);
#5461 = B_SPLINE_CURVE_WITH_KNOTS('',1,(#5462,#5463),.UNSPECIFIED.,.F.,
  .F.,(2,2),(8.,9.),.PIECEWISE_BEZIER_KNOTS.);
#5462 = CARTESIAN_POINT('',(5.345552975039,-1.699817794958,15.8));
#5463 = CARTESIAN_POINT('',(5.205667294447,-1.903627753975,15.8));
#5464 = PCURVE('',#133,#5465);
#5465 = DEFINITIONAL_REPRESENTATION('',(#5466),#5469);
#5466 = B_SPLINE_CURVE_WITH_KNOTS('',1,(#5467,#5468),.UNSPECIFIED.,.F.,
  .F.,(2,2),(8.,9.),.PIECEWISE_BEZIER_KNOTS.);
#5467 = CARTESIAN_POINT('',(1.053813942933,-1.699817794958));
#5468 = CARTESIAN_POINT('',(1.193699623526,-1.903627753975));
#5469 = ( GEOMETRIC_REPRESENTATION_CONTEXT(2) 
PARAMETRIC_REPRESENTATION_CONTEXT() REPRESENTATION_CONTEXT('2D SPACE',''
  ) );
#5470 = PCURVE('',#5017,#5471);
#5471 = DEFINITIONAL_REPRESENTATION('',(#5472),#5476);
#5472 = LINE('',#5473,#5474);
#5473 = CARTESIAN_POINT('',(0.,1.));
#5474 = VECTOR('',#5475,1.);
#5475 = DIRECTION('',(1.,0.));
#5476 = ( GEOMETRIC_REPRESENTATION_CONTEXT(2) 
PARAMETRIC_REPRESENTATION_CONTEXT() REPRESENTATION_CONTEXT('2D SPACE',''
  ) );
#5477 = ORIENTED_EDGE('',*,*,#5478,.T.);
#5478 = EDGE_CURVE('',#5458,#5479,#5481,.T.);
#5479 = VERTEX_POINT('',#5480);
#5480 = CARTESIAN_POINT('',(5.098544725965,-2.111589241485,15.8));
#5481 = SURFACE_CURVE('',#5482,(#5485,#5491),.PCURVE_S1.);
#5482 = B_SPLINE_CURVE_WITH_KNOTS('',1,(#5483,#5484),.UNSPECIFIED.,.F.,
  .F.,(2,2),(9.,10.),.PIECEWISE_BEZIER_KNOTS.);
#5483 = CARTESIAN_POINT('',(5.205667294447,-1.903627753975,15.8));
#5484 = CARTESIAN_POINT('',(5.098544725965,-2.111589241485,15.8));
#5485 = PCURVE('',#133,#5486);
#5486 = DEFINITIONAL_REPRESENTATION('',(#5487),#5490);
#5487 = B_SPLINE_CURVE_WITH_KNOTS('',1,(#5488,#5489),.UNSPECIFIED.,.F.,
  .F.,(2,2),(9.,10.),.PIECEWISE_BEZIER_KNOTS.);
#5488 = CARTESIAN_POINT('',(1.193699623526,-1.903627753975));
#5489 = CARTESIAN_POINT('',(1.300822192008,-2.111589241485));
#5490 = ( GEOMETRIC_REPRESENTATION_CONTEXT(2) 
PARAMETRIC_REPRESENTATION_CONTEXT() REPRESENTATION_CONTEXT('2D SPACE',''
  ) );
#5491 = PCURVE('',#4985,#5492);
#5492 = DEFINITIONAL_REPRESENTATION('',(#5493),#5497);
#5493 = LINE('',#5494,#5495);
#5494 = CARTESIAN_POINT('',(0.,1.));
#5495 = VECTOR('',#5496,1.);
#5496 = DIRECTION('',(1.,0.));
#5497 = ( GEOMETRIC_REPRESENTATION_CONTEXT(2) 
PARAMETRIC_REPRESENTATION_CONTEXT() REPRESENTATION_CONTEXT('2D SPACE',''
  ) );
#5498 = ORIENTED_EDGE('',*,*,#5499,.T.);
#5499 = EDGE_CURVE('',#5479,#5500,#5502,.T.);
#5500 = VERTEX_POINT('',#5501);
#5501 = CARTESIAN_POINT('',(5.023784714871,-2.341249950637,15.8));
#5502 = SURFACE_CURVE('',#5503,(#5506,#5512),.PCURVE_S1.);
#5503 = B_SPLINE_CURVE_WITH_KNOTS('',1,(#5504,#5505),.UNSPECIFIED.,.F.,
  .F.,(2,2),(10.,11.),.PIECEWISE_BEZIER_KNOTS.);
#5504 = CARTESIAN_POINT('',(5.098544725965,-2.111589241485,15.8));
#5505 = CARTESIAN_POINT('',(5.023784714871,-2.341249950637,15.8));
#5506 = PCURVE('',#133,#5507);
#5507 = DEFINITIONAL_REPRESENTATION('',(#5508),#5511);
#5508 = B_SPLINE_CURVE_WITH_KNOTS('',1,(#5509,#5510),.UNSPECIFIED.,.F.,
  .F.,(2,2),(10.,11.),.PIECEWISE_BEZIER_KNOTS.);
#5509 = CARTESIAN_POINT('',(1.300822192008,-2.111589241485));
#5510 = CARTESIAN_POINT('',(1.375582203102,-2.341249950637));
#5511 = ( GEOMETRIC_REPRESENTATION_CONTEXT(2) 
PARAMETRIC_REPRESENTATION_CONTEXT() REPRESENTATION_CONTEXT('2D SPACE',''
  ) );
#5512 = PCURVE('',#4953,#5513);
#5513 = DEFINITIONAL_REPRESENTATION('',(#5514),#5518);
#5514 = LINE('',#5515,#5516);
#5515 = CARTESIAN_POINT('',(0.,1.));
#5516 = VECTOR('',#5517,1.);
#5517 = DIRECTION('',(1.,0.));
#5518 = ( GEOMETRIC_REPRESENTATION_CONTEXT(2) 
PARAMETRIC_REPRESENTATION_CONTEXT() REPRESENTATION_CONTEXT('2D SPACE',''
  ) );
#5519 = ORIENTED_EDGE('',*,*,#5520,.T.);
#5520 = EDGE_CURVE('',#5500,#5521,#5523,.T.);
#5521 = VERTEX_POINT('',#5522);
#5522 = CARTESIAN_POINT('',(4.975410222025,-2.589452664123,15.8));
#5523 = SURFACE_CURVE('',#5524,(#5527,#5533),.PCURVE_S1.);
#5524 = B_SPLINE_CURVE_WITH_KNOTS('',1,(#5525,#5526),.UNSPECIFIED.,.F.,
  .F.,(2,2),(11.,12.),.PIECEWISE_BEZIER_KNOTS.);
#5525 = CARTESIAN_POINT('',(5.023784714871,-2.341249950637,15.8));
#5526 = CARTESIAN_POINT('',(4.975410222025,-2.589452664123,15.8));
#5527 = PCURVE('',#133,#5528);
#5528 = DEFINITIONAL_REPRESENTATION('',(#5529),#5532);
#5529 = B_SPLINE_CURVE_WITH_KNOTS('',1,(#5530,#5531),.UNSPECIFIED.,.F.,
  .F.,(2,2),(11.,12.),.PIECEWISE_BEZIER_KNOTS.);
#5530 = CARTESIAN_POINT('',(1.375582203102,-2.341249950637));
#5531 = CARTESIAN_POINT('',(1.423956695948,-2.589452664123));
#5532 = ( GEOMETRIC_REPRESENTATION_CONTEXT(2) 
PARAMETRIC_REPRESENTATION_CONTEXT() REPRESENTATION_CONTEXT('2D SPACE',''
  ) );
#5533 = PCURVE('',#4921,#5534);
#5534 = DEFINITIONAL_REPRESENTATION('',(#5535),#5539);
#5535 = LINE('',#5536,#5537);
#5536 = CARTESIAN_POINT('',(0.,1.));
#5537 = VECTOR('',#5538,1.);
#5538 = DIRECTION('',(1.,0.));
#5539 = ( GEOMETRIC_REPRESENTATION_CONTEXT(2) 
PARAMETRIC_REPRESENTATION_CONTEXT() REPRESENTATION_CONTEXT('2D SPACE',''
  ) );
#5540 = ORIENTED_EDGE('',*,*,#5541,.T.);
#5541 = EDGE_CURVE('',#5521,#5542,#5544,.T.);
#5542 = VERTEX_POINT('',#5543);
#5543 = CARTESIAN_POINT('',(4.944972358134,-2.850223470973,15.8));
#5544 = SURFACE_CURVE('',#5545,(#5548,#5554),.PCURVE_S1.);
#5545 = B_SPLINE_CURVE_WITH_KNOTS('',1,(#5546,#5547),.UNSPECIFIED.,.F.,
  .F.,(2,2),(12.,13.),.PIECEWISE_BEZIER_KNOTS.);
#5546 = CARTESIAN_POINT('',(4.975410222025,-2.589452664123,15.8));
#5547 = CARTESIAN_POINT('',(4.944972358134,-2.850223470973,15.8));
#5548 = PCURVE('',#133,#5549);
#5549 = DEFINITIONAL_REPRESENTATION('',(#5550),#5553);
#5550 = B_SPLINE_CURVE_WITH_KNOTS('',1,(#5551,#5552),.UNSPECIFIED.,.F.,
  .F.,(2,2),(12.,13.),.PIECEWISE_BEZIER_KNOTS.);
#5551 = CARTESIAN_POINT('',(1.423956695948,-2.589452664123));
#5552 = CARTESIAN_POINT('',(1.454394559839,-2.850223470973));
#5553 = ( GEOMETRIC_REPRESENTATION_CONTEXT(2) 
PARAMETRIC_REPRESENTATION_CONTEXT() REPRESENTATION_CONTEXT('2D SPACE',''
  ) );
#5554 = PCURVE('',#4889,#5555);
#5555 = DEFINITIONAL_REPRESENTATION('',(#5556),#5560);
#5556 = LINE('',#5557,#5558);
#5557 = CARTESIAN_POINT('',(0.,1.));
#5558 = VECTOR('',#5559,1.);
#5559 = DIRECTION('',(1.,0.));
#5560 = ( GEOMETRIC_REPRESENTATION_CONTEXT(2) 
PARAMETRIC_REPRESENTATION_CONTEXT() REPRESENTATION_CONTEXT('2D SPACE',''
  ) );
#5561 = ORIENTED_EDGE('',*,*,#5562,.T.);
#5562 = EDGE_CURVE('',#5542,#5563,#5565,.T.);
#5563 = VERTEX_POINT('',#5564);
#5564 = CARTESIAN_POINT('',(4.924022233903,-3.117588460218,15.8));
#5565 = SURFACE_CURVE('',#5566,(#5569,#5575),.PCURVE_S1.);
#5566 = B_SPLINE_CURVE_WITH_KNOTS('',1,(#5567,#5568),.UNSPECIFIED.,.F.,
  .F.,(2,2),(13.,14.),.PIECEWISE_BEZIER_KNOTS.);
#5567 = CARTESIAN_POINT('',(4.944972358134,-2.850223470973,15.8));
#5568 = CARTESIAN_POINT('',(4.924022233903,-3.117588460218,15.8));
#5569 = PCURVE('',#133,#5570);
#5570 = DEFINITIONAL_REPRESENTATION('',(#5571),#5574);
#5571 = B_SPLINE_CURVE_WITH_KNOTS('',1,(#5572,#5573),.UNSPECIFIED.,.F.,
  .F.,(2,2),(13.,14.),.PIECEWISE_BEZIER_KNOTS.);
#5572 = CARTESIAN_POINT('',(1.454394559839,-2.850223470973));
#5573 = CARTESIAN_POINT('',(1.47534468407,-3.117588460218));
#5574 = ( GEOMETRIC_REPRESENTATION_CONTEXT(2) 
PARAMETRIC_REPRESENTATION_CONTEXT() REPRESENTATION_CONTEXT('2D SPACE',''
  ) );
#5575 = PCURVE('',#4857,#5576);
#5576 = DEFINITIONAL_REPRESENTATION('',(#5577),#5581);
#5577 = LINE('',#5578,#5579);
#5578 = CARTESIAN_POINT('',(0.,1.));
#5579 = VECTOR('',#5580,1.);
#5580 = DIRECTION('',(1.,0.));
#5581 = ( GEOMETRIC_REPRESENTATION_CONTEXT(2) 
PARAMETRIC_REPRESENTATION_CONTEXT() REPRESENTATION_CONTEXT('2D SPACE',''
  ) );
#5582 = ORIENTED_EDGE('',*,*,#5583,.T.);
#5583 = EDGE_CURVE('',#5563,#5584,#5586,.T.);
#5584 = VERTEX_POINT('',#5585);
#5585 = CARTESIAN_POINT('',(4.904110960039,-3.385573720889,15.8));
#5586 = SURFACE_CURVE('',#5587,(#5590,#5596),.PCURVE_S1.);
#5587 = B_SPLINE_CURVE_WITH_KNOTS('',1,(#5588,#5589),.UNSPECIFIED.,.F.,
  .F.,(2,2),(14.,15.),.PIECEWISE_BEZIER_KNOTS.);
#5588 = CARTESIAN_POINT('',(4.924022233903,-3.117588460218,15.8));
#5589 = CARTESIAN_POINT('',(4.904110960039,-3.385573720889,15.8));
#5590 = PCURVE('',#133,#5591);
#5591 = DEFINITIONAL_REPRESENTATION('',(#5592),#5595);
#5592 = B_SPLINE_CURVE_WITH_KNOTS('',1,(#5593,#5594),.UNSPECIFIED.,.F.,
  .F.,(2,2),(14.,15.),.PIECEWISE_BEZIER_KNOTS.);
#5593 = CARTESIAN_POINT('',(1.47534468407,-3.117588460218));
#5594 = CARTESIAN_POINT('',(1.495255957934,-3.385573720889));
#5595 = ( GEOMETRIC_REPRESENTATION_CONTEXT(2) 
PARAMETRIC_REPRESENTATION_CONTEXT() REPRESENTATION_CONTEXT('2D SPACE',''
  ) );
#5596 = PCURVE('',#4825,#5597);
#5597 = DEFINITIONAL_REPRESENTATION('',(#5598),#5602);
#5598 = LINE('',#5599,#5600);
#5599 = CARTESIAN_POINT('',(0.,1.));
#5600 = VECTOR('',#5601,1.);
#5601 = DIRECTION('',(1.,0.));
#5602 = ( GEOMETRIC_REPRESENTATION_CONTEXT(2) 
PARAMETRIC_REPRESENTATION_CONTEXT() REPRESENTATION_CONTEXT('2D SPACE',''
  ) );
#5603 = ORIENTED_EDGE('',*,*,#5604,.T.);
#5604 = EDGE_CURVE('',#5584,#5605,#5607,.T.);
#5605 = VERTEX_POINT('',#5606);
#5606 = CARTESIAN_POINT('',(4.876789647247,-3.648205342018,15.8));
#5607 = SURFACE_CURVE('',#5608,(#5611,#5617),.PCURVE_S1.);
#5608 = B_SPLINE_CURVE_WITH_KNOTS('',1,(#5609,#5610),.UNSPECIFIED.,.F.,
  .F.,(2,2),(15.,16.),.PIECEWISE_BEZIER_KNOTS.);
#5609 = CARTESIAN_POINT('',(4.904110960039,-3.385573720889,15.8));
#5610 = CARTESIAN_POINT('',(4.876789647247,-3.648205342018,15.8));
#5611 = PCURVE('',#133,#5612);
#5612 = DEFINITIONAL_REPRESENTATION('',(#5613),#5616);
#5613 = B_SPLINE_CURVE_WITH_KNOTS('',1,(#5614,#5615),.UNSPECIFIED.,.F.,
  .F.,(2,2),(15.,16.),.PIECEWISE_BEZIER_KNOTS.);
#5614 = CARTESIAN_POINT('',(1.495255957934,-3.385573720889));
#5615 = CARTESIAN_POINT('',(1.522577270726,-3.648205342018));
#5616 = ( GEOMETRIC_REPRESENTATION_CONTEXT(2) 
PARAMETRIC_REPRESENTATION_CONTEXT() REPRESENTATION_CONTEXT('2D SPACE',''
  ) );
#5617 = PCURVE('',#4793,#5618);
#5618 = DEFINITIONAL_REPRESENTATION('',(#5619),#5623);
#5619 = LINE('',#5620,#5621);
#5620 = CARTESIAN_POINT('',(0.,1.));
#5621 = VECTOR('',#5622,1.);
#5622 = DIRECTION('',(1.,0.));
#5623 = ( GEOMETRIC_REPRESENTATION_CONTEXT(2) 
PARAMETRIC_REPRESENTATION_CONTEXT() REPRESENTATION_CONTEXT('2D SPACE',''
  ) );
#5624 = ORIENTED_EDGE('',*,*,#5625,.T.);
#5625 = EDGE_CURVE('',#5605,#5626,#5628,.T.);
#5626 = VERTEX_POINT('',#5627);
#5627 = CARTESIAN_POINT('',(4.833609406233,-3.899509412634,15.8));
#5628 = SURFACE_CURVE('',#5629,(#5632,#5638),.PCURVE_S1.);
#5629 = B_SPLINE_CURVE_WITH_KNOTS('',1,(#5630,#5631),.UNSPECIFIED.,.F.,
  .F.,(2,2),(16.,17.),.PIECEWISE_BEZIER_KNOTS.);
#5630 = CARTESIAN_POINT('',(4.876789647247,-3.648205342018,15.8));
#5631 = CARTESIAN_POINT('',(4.833609406233,-3.899509412634,15.8));
#5632 = PCURVE('',#133,#5633);
#5633 = DEFINITIONAL_REPRESENTATION('',(#5634),#5637);
#5634 = B_SPLINE_CURVE_WITH_KNOTS('',1,(#5635,#5636),.UNSPECIFIED.,.F.,
  .F.,(2,2),(16.,17.),.PIECEWISE_BEZIER_KNOTS.);
#5635 = CARTESIAN_POINT('',(1.522577270726,-3.648205342018));
#5636 = CARTESIAN_POINT('',(1.565757511739,-3.899509412634));
#5637 = ( GEOMETRIC_REPRESENTATION_CONTEXT(2) 
PARAMETRIC_REPRESENTATION_CONTEXT() REPRESENTATION_CONTEXT('2D SPACE',''
  ) );
#5638 = PCURVE('',#4761,#5639);
#5639 = DEFINITIONAL_REPRESENTATION('',(#5640),#5644);
#5640 = LINE('',#5641,#5642);
#5641 = CARTESIAN_POINT('',(0.,1.));
#5642 = VECTOR('',#5643,1.);
#5643 = DIRECTION('',(1.,0.));
#5644 = ( GEOMETRIC_REPRESENTATION_CONTEXT(2) 
PARAMETRIC_REPRESENTATION_CONTEXT() REPRESENTATION_CONTEXT('2D SPACE',''
  ) );
#5645 = ORIENTED_EDGE('',*,*,#5646,.T.);
#5646 = EDGE_CURVE('',#5626,#5647,#5649,.T.);
#5647 = VERTEX_POINT('',#5648);
#5648 = CARTESIAN_POINT('',(4.766121347704,-4.13351202177,15.8));
#5649 = SURFACE_CURVE('',#5650,(#5653,#5659),.PCURVE_S1.);
#5650 = B_SPLINE_CURVE_WITH_KNOTS('',1,(#5651,#5652),.UNSPECIFIED.,.F.,
  .F.,(2,2),(17.,18.),.PIECEWISE_BEZIER_KNOTS.);
#5651 = CARTESIAN_POINT('',(4.833609406233,-3.899509412634,15.8));
#5652 = CARTESIAN_POINT('',(4.766121347704,-4.13351202177,15.8));
#5653 = PCURVE('',#133,#5654);
#5654 = DEFINITIONAL_REPRESENTATION('',(#5655),#5658);
#5655 = B_SPLINE_CURVE_WITH_KNOTS('',1,(#5656,#5657),.UNSPECIFIED.,.F.,
  .F.,(2,2),(17.,18.),.PIECEWISE_BEZIER_KNOTS.);
#5656 = CARTESIAN_POINT('',(1.565757511739,-3.899509412634));
#5657 = CARTESIAN_POINT('',(1.633245570268,-4.13351202177));
#5658 = ( GEOMETRIC_REPRESENTATION_CONTEXT(2) 
PARAMETRIC_REPRESENTATION_CONTEXT() REPRESENTATION_CONTEXT('2D SPACE',''
  ) );
#5659 = PCURVE('',#4729,#5660);
#5660 = DEFINITIONAL_REPRESENTATION('',(#5661),#5665);
#5661 = LINE('',#5662,#5663);
#5662 = CARTESIAN_POINT('',(0.,1.));
#5663 = VECTOR('',#5664,1.);
#5664 = DIRECTION('',(1.,0.));
#5665 = ( GEOMETRIC_REPRESENTATION_CONTEXT(2) 
PARAMETRIC_REPRESENTATION_CONTEXT() REPRESENTATION_CONTEXT('2D SPACE',''
  ) );
#5666 = ORIENTED_EDGE('',*,*,#5667,.T.);
#5667 = EDGE_CURVE('',#5647,#5668,#5670,.T.);
#5668 = VERTEX_POINT('',#5669);
#5669 = CARTESIAN_POINT('',(4.665876582366,-4.344239258456,15.8));
#5670 = SURFACE_CURVE('',#5671,(#5674,#5680),.PCURVE_S1.);
#5671 = B_SPLINE_CURVE_WITH_KNOTS('',1,(#5672,#5673),.UNSPECIFIED.,.F.,
  .F.,(2,2),(18.,19.),.PIECEWISE_BEZIER_KNOTS.);
#5672 = CARTESIAN_POINT('',(4.766121347704,-4.13351202177,15.8));
#5673 = CARTESIAN_POINT('',(4.665876582366,-4.344239258456,15.8));
#5674 = PCURVE('',#133,#5675);
#5675 = DEFINITIONAL_REPRESENTATION('',(#5676),#5679);
#5676 = B_SPLINE_CURVE_WITH_KNOTS('',1,(#5677,#5678),.UNSPECIFIED.,.F.,
  .F.,(2,2),(18.,19.),.PIECEWISE_BEZIER_KNOTS.);
#5677 = CARTESIAN_POINT('',(1.633245570268,-4.13351202177));
#5678 = CARTESIAN_POINT('',(1.733490335607,-4.344239258456));
#5679 = ( GEOMETRIC_REPRESENTATION_CONTEXT(2) 
PARAMETRIC_REPRESENTATION_CONTEXT() REPRESENTATION_CONTEXT('2D SPACE',''
  ) );
#5680 = PCURVE('',#4697,#5681);
#5681 = DEFINITIONAL_REPRESENTATION('',(#5682),#5686);
#5682 = LINE('',#5683,#5684);
#5683 = CARTESIAN_POINT('',(0.,1.));
#5684 = VECTOR('',#5685,1.);
#5685 = DIRECTION('',(1.,0.));
#5686 = ( GEOMETRIC_REPRESENTATION_CONTEXT(2) 
PARAMETRIC_REPRESENTATION_CONTEXT() REPRESENTATION_CONTEXT('2D SPACE',''
  ) );
#5687 = ORIENTED_EDGE('',*,*,#5688,.T.);
#5688 = EDGE_CURVE('',#5668,#5689,#5691,.T.);
#5689 = VERTEX_POINT('',#5690);
#5690 = CARTESIAN_POINT('',(4.524426220923,-4.525717211724,15.8));
#5691 = SURFACE_CURVE('',#5692,(#5695,#5701),.PCURVE_S1.);
#5692 = B_SPLINE_CURVE_WITH_KNOTS('',1,(#5693,#5694),.UNSPECIFIED.,.F.,
  .F.,(2,2),(19.,20.),.PIECEWISE_BEZIER_KNOTS.);
#5693 = CARTESIAN_POINT('',(4.665876582366,-4.344239258456,15.8));
#5694 = CARTESIAN_POINT('',(4.524426220923,-4.525717211724,15.8));
#5695 = PCURVE('',#133,#5696);
#5696 = DEFINITIONAL_REPRESENTATION('',(#5697),#5700);
#5697 = B_SPLINE_CURVE_WITH_KNOTS('',1,(#5698,#5699),.UNSPECIFIED.,.F.,
  .F.,(2,2),(19.,20.),.PIECEWISE_BEZIER_KNOTS.);
#5698 = CARTESIAN_POINT('',(1.733490335607,-4.344239258456));
#5699 = CARTESIAN_POINT('',(1.87494069705,-4.525717211724));
#5700 = ( GEOMETRIC_REPRESENTATION_CONTEXT(2) 
PARAMETRIC_REPRESENTATION_CONTEXT() REPRESENTATION_CONTEXT('2D SPACE',''
  ) );
#5701 = PCURVE('',#4665,#5702);
#5702 = DEFINITIONAL_REPRESENTATION('',(#5703),#5707);
#5703 = LINE('',#5704,#5705);
#5704 = CARTESIAN_POINT('',(0.,1.));
#5705 = VECTOR('',#5706,1.);
#5706 = DIRECTION('',(1.,0.));
#5707 = ( GEOMETRIC_REPRESENTATION_CONTEXT(2) 
PARAMETRIC_REPRESENTATION_CONTEXT() REPRESENTATION_CONTEXT('2D SPACE',''
  ) );
#5708 = ORIENTED_EDGE('',*,*,#5709,.T.);
#5709 = EDGE_CURVE('',#5689,#5710,#5712,.T.);
#5710 = VERTEX_POINT('',#5711);
#5711 = CARTESIAN_POINT('',(4.343298126163,-4.666817714659,15.8));
#5712 = SURFACE_CURVE('',#5713,(#5716,#5722),.PCURVE_S1.);
#5713 = B_SPLINE_CURVE_WITH_KNOTS('',1,(#5714,#5715),.UNSPECIFIED.,.F.,
  .F.,(2,2),(20.,21.),.PIECEWISE_BEZIER_KNOTS.);
#5714 = CARTESIAN_POINT('',(4.524426220923,-4.525717211724,15.8));
#5715 = CARTESIAN_POINT('',(4.343298126163,-4.666817714659,15.8));
#5716 = PCURVE('',#133,#5717);
#5717 = DEFINITIONAL_REPRESENTATION('',(#5718),#5721);
#5718 = B_SPLINE_CURVE_WITH_KNOTS('',1,(#5719,#5720),.UNSPECIFIED.,.F.,
  .F.,(2,2),(20.,21.),.PIECEWISE_BEZIER_KNOTS.);
#5719 = CARTESIAN_POINT('',(1.87494069705,-4.525717211724));
#5720 = CARTESIAN_POINT('',(2.05606879181,-4.666817714659));
#5721 = ( GEOMETRIC_REPRESENTATION_CONTEXT(2) 
PARAMETRIC_REPRESENTATION_CONTEXT() REPRESENTATION_CONTEXT('2D SPACE',''
  ) );
#5722 = PCURVE('',#4633,#5723);
#5723 = DEFINITIONAL_REPRESENTATION('',(#5724),#5728);
#5724 = LINE('',#5725,#5726);
#5725 = CARTESIAN_POINT('',(0.,1.));
#5726 = VECTOR('',#5727,1.);
#5727 = DIRECTION('',(1.,0.));
#5728 = ( GEOMETRIC_REPRESENTATION_CONTEXT(2) 
PARAMETRIC_REPRESENTATION_CONTEXT() REPRESENTATION_CONTEXT('2D SPACE',''
  ) );
#5729 = ORIENTED_EDGE('',*,*,#5730,.T.);
#5730 = EDGE_CURVE('',#5710,#5731,#5733,.T.);
#5731 = VERTEX_POINT('',#5732);
#5732 = CARTESIAN_POINT('',(4.13285103448,-4.766782334994,15.8));
#5733 = SURFACE_CURVE('',#5734,(#5737,#5743),.PCURVE_S1.);
#5734 = B_SPLINE_CURVE_WITH_KNOTS('',1,(#5735,#5736),.UNSPECIFIED.,.F.,
  .F.,(2,2),(21.,22.),.PIECEWISE_BEZIER_KNOTS.);
#5735 = CARTESIAN_POINT('',(4.343298126163,-4.666817714659,15.8));
#5736 = CARTESIAN_POINT('',(4.13285103448,-4.766782334994,15.8));
#5737 = PCURVE('',#133,#5738);
#5738 = DEFINITIONAL_REPRESENTATION('',(#5739),#5742);
#5739 = B_SPLINE_CURVE_WITH_KNOTS('',1,(#5740,#5741),.UNSPECIFIED.,.F.,
  .F.,(2,2),(21.,22.),.PIECEWISE_BEZIER_KNOTS.);
#5740 = CARTESIAN_POINT('',(2.05606879181,-4.666817714659));
#5741 = CARTESIAN_POINT('',(2.266515883493,-4.766782334994));
#5742 = ( GEOMETRIC_REPRESENTATION_CONTEXT(2) 
PARAMETRIC_REPRESENTATION_CONTEXT() REPRESENTATION_CONTEXT('2D SPACE',''
  ) );
#5743 = PCURVE('',#4601,#5744);
#5744 = DEFINITIONAL_REPRESENTATION('',(#5745),#5749);
#5745 = LINE('',#5746,#5747);
#5746 = CARTESIAN_POINT('',(0.,1.));
#5747 = VECTOR('',#5748,1.);
#5748 = DIRECTION('',(1.,0.));
#5749 = ( GEOMETRIC_REPRESENTATION_CONTEXT(2) 
PARAMETRIC_REPRESENTATION_CONTEXT() REPRESENTATION_CONTEXT('2D SPACE',''
  ) );
#5750 = ORIENTED_EDGE('',*,*,#5751,.T.);
#5751 = EDGE_CURVE('',#5731,#5752,#5754,.T.);
#5752 = VERTEX_POINT('',#5753);
#5753 = CARTESIAN_POINT('',(3.89906660279,-4.834052216078,15.8));
#5754 = SURFACE_CURVE('',#5755,(#5758,#5764),.PCURVE_S1.);
#5755 = B_SPLINE_CURVE_WITH_KNOTS('',1,(#5756,#5757),.UNSPECIFIED.,.F.,
  .F.,(2,2),(22.,23.),.PIECEWISE_BEZIER_KNOTS.);
#5756 = CARTESIAN_POINT('',(4.13285103448,-4.766782334994,15.8));
#5757 = CARTESIAN_POINT('',(3.89906660279,-4.834052216078,15.8));
#5758 = PCURVE('',#133,#5759);
#5759 = DEFINITIONAL_REPRESENTATION('',(#5760),#5763);
#5760 = B_SPLINE_CURVE_WITH_KNOTS('',1,(#5761,#5762),.UNSPECIFIED.,.F.,
  .F.,(2,2),(22.,23.),.PIECEWISE_BEZIER_KNOTS.);
#5761 = CARTESIAN_POINT('',(2.266515883493,-4.766782334994));
#5762 = CARTESIAN_POINT('',(2.500300315183,-4.834052216078));
#5763 = ( GEOMETRIC_REPRESENTATION_CONTEXT(2) 
PARAMETRIC_REPRESENTATION_CONTEXT() REPRESENTATION_CONTEXT('2D SPACE',''
  ) );
#5764 = PCURVE('',#4569,#5765);
#5765 = DEFINITIONAL_REPRESENTATION('',(#5766),#5770);
#5766 = LINE('',#5767,#5768);
#5767 = CARTESIAN_POINT('',(0.,1.));
#5768 = VECTOR('',#5769,1.);
#5769 = DIRECTION('',(1.,0.));
#5770 = ( GEOMETRIC_REPRESENTATION_CONTEXT(2) 
PARAMETRIC_REPRESENTATION_CONTEXT() REPRESENTATION_CONTEXT('2D SPACE',''
  ) );
#5771 = ORIENTED_EDGE('',*,*,#5772,.T.);
#5772 = EDGE_CURVE('',#5752,#5773,#5775,.T.);
#5773 = VERTEX_POINT('',#5774);
#5774 = CARTESIAN_POINT('',(3.647926488005,-4.87706850126,15.8));
#5775 = SURFACE_CURVE('',#5776,(#5779,#5785),.PCURVE_S1.);
#5776 = B_SPLINE_CURVE_WITH_KNOTS('',1,(#5777,#5778),.UNSPECIFIED.,.F.,
  .F.,(2,2),(23.,24.),.PIECEWISE_BEZIER_KNOTS.);
#5777 = CARTESIAN_POINT('',(3.89906660279,-4.834052216078,15.8));
#5778 = CARTESIAN_POINT('',(3.647926488005,-4.87706850126,15.8));
#5779 = PCURVE('',#133,#5780);
#5780 = DEFINITIONAL_REPRESENTATION('',(#5781),#5784);
#5781 = B_SPLINE_CURVE_WITH_KNOTS('',1,(#5782,#5783),.UNSPECIFIED.,.F.,
  .F.,(2,2),(23.,24.),.PIECEWISE_BEZIER_KNOTS.);
#5782 = CARTESIAN_POINT('',(2.500300315183,-4.834052216078));
#5783 = CARTESIAN_POINT('',(2.751440429968,-4.87706850126));
#5784 = ( GEOMETRIC_REPRESENTATION_CONTEXT(2) 
PARAMETRIC_REPRESENTATION_CONTEXT() REPRESENTATION_CONTEXT('2D SPACE',''
  ) );
#5785 = PCURVE('',#4537,#5786);
#5786 = DEFINITIONAL_REPRESENTATION('',(#5787),#5791);
#5787 = LINE('',#5788,#5789);
#5788 = CARTESIAN_POINT('',(0.,1.));
#5789 = VECTOR('',#5790,1.);
#5790 = DIRECTION('',(1.,0.));
#5791 = ( GEOMETRIC_REPRESENTATION_CONTEXT(2) 
PARAMETRIC_REPRESENTATION_CONTEXT() REPRESENTATION_CONTEXT('2D SPACE',''
  ) );
#5792 = ORIENTED_EDGE('',*,*,#5793,.T.);
#5793 = EDGE_CURVE('',#5773,#5794,#5796,.T.);
#5794 = VERTEX_POINT('',#5795);
#5795 = CARTESIAN_POINT('',(3.385412347039,-4.904272333889,15.8));
#5796 = SURFACE_CURVE('',#5797,(#5800,#5806),.PCURVE_S1.);
#5797 = B_SPLINE_CURVE_WITH_KNOTS('',1,(#5798,#5799),.UNSPECIFIED.,.F.,
  .F.,(2,2),(24.,25.),.PIECEWISE_BEZIER_KNOTS.);
#5798 = CARTESIAN_POINT('',(3.647926488005,-4.87706850126,15.8));
#5799 = CARTESIAN_POINT('',(3.385412347039,-4.904272333889,15.8));
#5800 = PCURVE('',#133,#5801);
#5801 = DEFINITIONAL_REPRESENTATION('',(#5802),#5805);
#5802 = B_SPLINE_CURVE_WITH_KNOTS('',1,(#5803,#5804),.UNSPECIFIED.,.F.,
  .F.,(2,2),(24.,25.),.PIECEWISE_BEZIER_KNOTS.);
#5803 = CARTESIAN_POINT('',(2.751440429968,-4.87706850126));
#5804 = CARTESIAN_POINT('',(3.013954570934,-4.904272333889));
#5805 = ( GEOMETRIC_REPRESENTATION_CONTEXT(2) 
PARAMETRIC_REPRESENTATION_CONTEXT() REPRESENTATION_CONTEXT('2D SPACE',''
  ) );
#5806 = PCURVE('',#4505,#5807);
#5807 = DEFINITIONAL_REPRESENTATION('',(#5808),#5812);
#5808 = LINE('',#5809,#5810);
#5809 = CARTESIAN_POINT('',(0.,1.));
#5810 = VECTOR('',#5811,1.);
#5811 = DIRECTION('',(1.,0.));
#5812 = ( GEOMETRIC_REPRESENTATION_CONTEXT(2) 
PARAMETRIC_REPRESENTATION_CONTEXT() REPRESENTATION_CONTEXT('2D SPACE',''
  ) );
#5813 = ORIENTED_EDGE('',*,*,#5814,.T.);
#5814 = EDGE_CURVE('',#5794,#5815,#5817,.T.);
#5815 = VERTEX_POINT('',#5816);
#5816 = CARTESIAN_POINT('',(3.117505836807,-4.924104857314,15.8));
#5817 = SURFACE_CURVE('',#5818,(#5821,#5827),.PCURVE_S1.);
#5818 = B_SPLINE_CURVE_WITH_KNOTS('',1,(#5819,#5820),.UNSPECIFIED.,.F.,
  .F.,(2,2),(25.,26.),.PIECEWISE_BEZIER_KNOTS.);
#5819 = CARTESIAN_POINT('',(3.385412347039,-4.904272333889,15.8));
#5820 = CARTESIAN_POINT('',(3.117505836807,-4.924104857314,15.8));
#5821 = PCURVE('',#133,#5822);
#5822 = DEFINITIONAL_REPRESENTATION('',(#5823),#5826);
#5823 = B_SPLINE_CURVE_WITH_KNOTS('',1,(#5824,#5825),.UNSPECIFIED.,.F.,
  .F.,(2,2),(25.,26.),.PIECEWISE_BEZIER_KNOTS.);
#5824 = CARTESIAN_POINT('',(3.013954570934,-4.904272333889));
#5825 = CARTESIAN_POINT('',(3.281861081166,-4.924104857314));
#5826 = ( GEOMETRIC_REPRESENTATION_CONTEXT(2) 
PARAMETRIC_REPRESENTATION_CONTEXT() REPRESENTATION_CONTEXT('2D SPACE',''
  ) );
#5827 = PCURVE('',#4473,#5828);
#5828 = DEFINITIONAL_REPRESENTATION('',(#5829),#5833);
#5829 = LINE('',#5830,#5831);
#5830 = CARTESIAN_POINT('',(0.,1.));
#5831 = VECTOR('',#5832,1.);
#5832 = DIRECTION('',(1.,0.));
#5833 = ( GEOMETRIC_REPRESENTATION_CONTEXT(2) 
PARAMETRIC_REPRESENTATION_CONTEXT() REPRESENTATION_CONTEXT('2D SPACE',''
  ) );
#5834 = ORIENTED_EDGE('',*,*,#5835,.T.);
#5835 = EDGE_CURVE('',#5815,#5836,#5838,.T.);
#5836 = VERTEX_POINT('',#5837);
#5837 = CARTESIAN_POINT('',(2.850188614221,-4.945007214885,15.8));
#5838 = SURFACE_CURVE('',#5839,(#5842,#5848),.PCURVE_S1.);
#5839 = B_SPLINE_CURVE_WITH_KNOTS('',1,(#5840,#5841),.UNSPECIFIED.,.F.,
  .F.,(2,2),(26.,27.),.PIECEWISE_BEZIER_KNOTS.);
#5840 = CARTESIAN_POINT('',(3.117505836807,-4.924104857314,15.8));
#5841 = CARTESIAN_POINT('',(2.850188614221,-4.945007214885,15.8));
#5842 = PCURVE('',#133,#5843);
#5843 = DEFINITIONAL_REPRESENTATION('',(#5844),#5847);
#5844 = B_SPLINE_CURVE_WITH_KNOTS('',1,(#5845,#5846),.UNSPECIFIED.,.F.,
  .F.,(2,2),(26.,27.),.PIECEWISE_BEZIER_KNOTS.);
#5845 = CARTESIAN_POINT('',(3.281861081166,-4.924104857314));
#5846 = CARTESIAN_POINT('',(3.549178303751,-4.945007214885));
#5847 = ( GEOMETRIC_REPRESENTATION_CONTEXT(2) 
PARAMETRIC_REPRESENTATION_CONTEXT() REPRESENTATION_CONTEXT('2D SPACE',''
  ) );
#5848 = PCURVE('',#4441,#5849);
#5849 = DEFINITIONAL_REPRESENTATION('',(#5850),#5854);
#5850 = LINE('',#5851,#5852);
#5851 = CARTESIAN_POINT('',(0.,1.));
#5852 = VECTOR('',#5853,1.);
#5853 = DIRECTION('',(1.,0.));
#5854 = ( GEOMETRIC_REPRESENTATION_CONTEXT(2) 
PARAMETRIC_REPRESENTATION_CONTEXT() REPRESENTATION_CONTEXT('2D SPACE',''
  ) );
#5855 = ORIENTED_EDGE('',*,*,#5856,.T.);
#5856 = EDGE_CURVE('',#5836,#5857,#5859,.T.);
#5857 = VERTEX_POINT('',#5858);
#5858 = CARTESIAN_POINT('',(2.589442336197,-4.975420549951,15.8));
#5859 = SURFACE_CURVE('',#5860,(#5863,#5869),.PCURVE_S1.);
#5860 = B_SPLINE_CURVE_WITH_KNOTS('',1,(#5861,#5862),.UNSPECIFIED.,.F.,
  .F.,(2,2),(27.,28.),.PIECEWISE_BEZIER_KNOTS.);
#5861 = CARTESIAN_POINT('',(2.850188614221,-4.945007214885,15.8));
#5862 = CARTESIAN_POINT('',(2.589442336197,-4.975420549951,15.8));
#5863 = PCURVE('',#133,#5864);
#5864 = DEFINITIONAL_REPRESENTATION('',(#5865),#5868);
#5865 = B_SPLINE_CURVE_WITH_KNOTS('',1,(#5866,#5867),.UNSPECIFIED.,.F.,
  .F.,(2,2),(27.,28.),.PIECEWISE_BEZIER_KNOTS.);
#5866 = CARTESIAN_POINT('',(3.549178303751,-4.945007214885));
#5867 = CARTESIAN_POINT('',(3.809924581776,-4.975420549951));
#5868 = ( GEOMETRIC_REPRESENTATION_CONTEXT(2) 
PARAMETRIC_REPRESENTATION_CONTEXT() REPRESENTATION_CONTEXT('2D SPACE',''
  ) );
#5869 = PCURVE('',#4409,#5870);
#5870 = DEFINITIONAL_REPRESENTATION('',(#5871),#5875);
#5871 = LINE('',#5872,#5873);
#5872 = CARTESIAN_POINT('',(0.,1.));
#5873 = VECTOR('',#5874,1.);
#5874 = DIRECTION('',(1.,0.));
#5875 = ( GEOMETRIC_REPRESENTATION_CONTEXT(2) 
PARAMETRIC_REPRESENTATION_CONTEXT() REPRESENTATION_CONTEXT('2D SPACE',''
  ) );
#5876 = ORIENTED_EDGE('',*,*,#5877,.T.);
#5877 = EDGE_CURVE('',#5857,#5878,#5880,.T.);
#5878 = VERTEX_POINT('',#5879);
#5879 = CARTESIAN_POINT('',(2.341248659647,-5.023786005861,15.8));
#5880 = SURFACE_CURVE('',#5881,(#5884,#5890),.PCURVE_S1.);
#5881 = B_SPLINE_CURVE_WITH_KNOTS('',1,(#5882,#5883),.UNSPECIFIED.,.F.,
  .F.,(2,2),(28.,29.),.PIECEWISE_BEZIER_KNOTS.);
#5882 = CARTESIAN_POINT('',(2.589442336197,-4.975420549951,15.8));
#5883 = CARTESIAN_POINT('',(2.341248659647,-5.023786005861,15.8));
#5884 = PCURVE('',#133,#5885);
#5885 = DEFINITIONAL_REPRESENTATION('',(#5886),#5889);
#5886 = B_SPLINE_CURVE_WITH_KNOTS('',1,(#5887,#5888),.UNSPECIFIED.,.F.,
  .F.,(2,2),(28.,29.),.PIECEWISE_BEZIER_KNOTS.);
#5887 = CARTESIAN_POINT('',(3.809924581776,-4.975420549951));
#5888 = CARTESIAN_POINT('',(4.058118258326,-5.023786005861));
#5889 = ( GEOMETRIC_REPRESENTATION_CONTEXT(2) 
PARAMETRIC_REPRESENTATION_CONTEXT() REPRESENTATION_CONTEXT('2D SPACE',''
  ) );
#5890 = PCURVE('',#4377,#5891);
#5891 = DEFINITIONAL_REPRESENTATION('',(#5892),#5896);
#5892 = LINE('',#5893,#5894);
#5893 = CARTESIAN_POINT('',(0.,1.));
#5894 = VECTOR('',#5895,1.);
#5895 = DIRECTION('',(1.,0.));
#5896 = ( GEOMETRIC_REPRESENTATION_CONTEXT(2) 
PARAMETRIC_REPRESENTATION_CONTEXT() REPRESENTATION_CONTEXT('2D SPACE',''
  ) );
#5897 = ORIENTED_EDGE('',*,*,#5898,.T.);
#5898 = EDGE_CURVE('',#5878,#5899,#5901,.T.);
#5899 = VERTEX_POINT('',#5900);
#5900 = CARTESIAN_POINT('',(2.111589241485,-5.098544725965,15.8));
#5901 = SURFACE_CURVE('',#5902,(#5905,#5911),.PCURVE_S1.);
#5902 = B_SPLINE_CURVE_WITH_KNOTS('',1,(#5903,#5904),.UNSPECIFIED.,.F.,
  .F.,(2,2),(29.,30.),.PIECEWISE_BEZIER_KNOTS.);
#5903 = CARTESIAN_POINT('',(2.341248659647,-5.023786005861,15.8));
#5904 = CARTESIAN_POINT('',(2.111589241485,-5.098544725965,15.8));
#5905 = PCURVE('',#133,#5906);
#5906 = DEFINITIONAL_REPRESENTATION('',(#5907),#5910);
#5907 = B_SPLINE_CURVE_WITH_KNOTS('',1,(#5908,#5909),.UNSPECIFIED.,.F.,
  .F.,(2,2),(29.,30.),.PIECEWISE_BEZIER_KNOTS.);
#5908 = CARTESIAN_POINT('',(4.058118258326,-5.023786005861));
#5909 = CARTESIAN_POINT('',(4.287777676488,-5.098544725965));
#5910 = ( GEOMETRIC_REPRESENTATION_CONTEXT(2) 
PARAMETRIC_REPRESENTATION_CONTEXT() REPRESENTATION_CONTEXT('2D SPACE',''
  ) );
#5911 = PCURVE('',#4345,#5912);
#5912 = DEFINITIONAL_REPRESENTATION('',(#5913),#5917);
#5913 = LINE('',#5914,#5915);
#5914 = CARTESIAN_POINT('',(0.,1.));
#5915 = VECTOR('',#5916,1.);
#5916 = DIRECTION('',(1.,0.));
#5917 = ( GEOMETRIC_REPRESENTATION_CONTEXT(2) 
PARAMETRIC_REPRESENTATION_CONTEXT() REPRESENTATION_CONTEXT('2D SPACE',''
  ) );
#5918 = ORIENTED_EDGE('',*,*,#5919,.T.);
#5919 = EDGE_CURVE('',#5899,#5920,#5922,.T.);
#5920 = VERTEX_POINT('',#5921);
#5921 = CARTESIAN_POINT('',(1.90331404321,-5.205667294447,15.8));
#5922 = SURFACE_CURVE('',#5923,(#5926,#5932),.PCURVE_S1.);
#5923 = B_SPLINE_CURVE_WITH_KNOTS('',1,(#5924,#5925),.UNSPECIFIED.,.F.,
  .F.,(2,2),(30.,31.),.PIECEWISE_BEZIER_KNOTS.);
#5924 = CARTESIAN_POINT('',(2.111589241485,-5.098544725965,15.8));
#5925 = CARTESIAN_POINT('',(1.90331404321,-5.205667294447,15.8));
#5926 = PCURVE('',#133,#5927);
#5927 = DEFINITIONAL_REPRESENTATION('',(#5928),#5931);
#5928 = B_SPLINE_CURVE_WITH_KNOTS('',1,(#5929,#5930),.UNSPECIFIED.,.F.,
  .F.,(2,2),(30.,31.),.PIECEWISE_BEZIER_KNOTS.);
#5929 = CARTESIAN_POINT('',(4.287777676488,-5.098544725965));
#5930 = CARTESIAN_POINT('',(4.496052874763,-5.205667294447));
#5931 = ( GEOMETRIC_REPRESENTATION_CONTEXT(2) 
PARAMETRIC_REPRESENTATION_CONTEXT() REPRESENTATION_CONTEXT('2D SPACE',''
  ) );
#5932 = PCURVE('',#4313,#5933);
#5933 = DEFINITIONAL_REPRESENTATION('',(#5934),#5938);
#5934 = LINE('',#5935,#5936);
#5935 = CARTESIAN_POINT('',(0.,1.));
#5936 = VECTOR('',#5937,1.);
#5937 = DIRECTION('',(1.,0.));
#5938 = ( GEOMETRIC_REPRESENTATION_CONTEXT(2) 
PARAMETRIC_REPRESENTATION_CONTEXT() REPRESENTATION_CONTEXT('2D SPACE',''
  ) );
#5939 = ORIENTED_EDGE('',*,*,#5940,.T.);
#5940 = EDGE_CURVE('',#5920,#5941,#5943,.T.);
#5941 = VERTEX_POINT('',#5942);
#5942 = CARTESIAN_POINT('',(1.699322054491,-5.345552975039,15.8));
#5943 = SURFACE_CURVE('',#5944,(#5947,#5953),.PCURVE_S1.);
#5944 = B_SPLINE_CURVE_WITH_KNOTS('',1,(#5945,#5946),.UNSPECIFIED.,.F.,
  .F.,(2,2),(31.,32.),.PIECEWISE_BEZIER_KNOTS.);
#5945 = CARTESIAN_POINT('',(1.90331404321,-5.205667294447,15.8));
#5946 = CARTESIAN_POINT('',(1.699322054491,-5.345552975039,15.8));
#5947 = PCURVE('',#133,#5948);
#5948 = DEFINITIONAL_REPRESENTATION('',(#5949),#5952);
#5949 = B_SPLINE_CURVE_WITH_KNOTS('',1,(#5950,#5951),.UNSPECIFIED.,.F.,
  .F.,(2,2),(31.,32.),.PIECEWISE_BEZIER_KNOTS.);
#5950 = CARTESIAN_POINT('',(4.496052874763,-5.205667294447));
#5951 = CARTESIAN_POINT('',(4.700044863482,-5.345552975039));
#5952 = ( GEOMETRIC_REPRESENTATION_CONTEXT(2) 
PARAMETRIC_REPRESENTATION_CONTEXT() REPRESENTATION_CONTEXT('2D SPACE',''
  ) );
#5953 = PCURVE('',#4281,#5954);
#5954 = DEFINITIONAL_REPRESENTATION('',(#5955),#5959);
#5955 = LINE('',#5956,#5957);
#5956 = CARTESIAN_POINT('',(0.,1.));
#5957 = VECTOR('',#5958,1.);
#5958 = DIRECTION('',(1.,0.));
#5959 = ( GEOMETRIC_REPRESENTATION_CONTEXT(2) 
PARAMETRIC_REPRESENTATION_CONTEXT() REPRESENTATION_CONTEXT('2D SPACE',''
  ) );
#5960 = ORIENTED_EDGE('',*,*,#5961,.T.);
#5961 = EDGE_CURVE('',#5941,#5962,#5964,.T.);
#5962 = VERTEX_POINT('',#5963);
#5963 = CARTESIAN_POINT('',(1.497766761254,-5.507828904927,15.8));
#5964 = SURFACE_CURVE('',#5965,(#5968,#5974),.PCURVE_S1.);
#5965 = B_SPLINE_CURVE_WITH_KNOTS('',1,(#5966,#5967),.UNSPECIFIED.,.F.,
  .F.,(2,2),(32.,33.),.PIECEWISE_BEZIER_KNOTS.);
#5966 = CARTESIAN_POINT('',(1.699322054491,-5.345552975039,15.8));
#5967 = CARTESIAN_POINT('',(1.497766761254,-5.507828904927,15.8));
#5968 = PCURVE('',#133,#5969);
#5969 = DEFINITIONAL_REPRESENTATION('',(#5970),#5973);
#5970 = B_SPLINE_CURVE_WITH_KNOTS('',1,(#5971,#5972),.UNSPECIFIED.,.F.,
  .F.,(2,2),(32.,33.),.PIECEWISE_BEZIER_KNOTS.);
#5971 = CARTESIAN_POINT('',(4.700044863482,-5.345552975039));
#5972 = CARTESIAN_POINT('',(4.901600156719,-5.507828904927));
#5973 = ( GEOMETRIC_REPRESENTATION_CONTEXT(2) 
PARAMETRIC_REPRESENTATION_CONTEXT() REPRESENTATION_CONTEXT('2D SPACE',''
  ) );
#5974 = PCURVE('',#4249,#5975);
#5975 = DEFINITIONAL_REPRESENTATION('',(#5976),#5980);
#5976 = LINE('',#5977,#5978);
#5977 = CARTESIAN_POINT('',(0.,1.));
#5978 = VECTOR('',#5979,1.);
#5979 = DIRECTION('',(1.,0.));
#5980 = ( GEOMETRIC_REPRESENTATION_CONTEXT(2) 
PARAMETRIC_REPRESENTATION_CONTEXT() REPRESENTATION_CONTEXT('2D SPACE',''
  ) );
#5981 = ORIENTED_EDGE('',*,*,#5982,.T.);
#5982 = EDGE_CURVE('',#5962,#5983,#5985,.T.);
#5983 = VERTEX_POINT('',#5984);
#5984 = CARTESIAN_POINT('',(1.296801649427,-5.682122221296,15.8));
#5985 = SURFACE_CURVE('',#5986,(#5989,#5995),.PCURVE_S1.);
#5986 = B_SPLINE_CURVE_WITH_KNOTS('',1,(#5987,#5988),.UNSPECIFIED.,.F.,
  .F.,(2,2),(33.,34.),.PIECEWISE_BEZIER_KNOTS.);
#5987 = CARTESIAN_POINT('',(1.497766761254,-5.507828904927,15.8));
#5988 = CARTESIAN_POINT('',(1.296801649427,-5.682122221296,15.8));
#5989 = PCURVE('',#133,#5990);
#5990 = DEFINITIONAL_REPRESENTATION('',(#5991),#5994);
#5991 = B_SPLINE_CURVE_WITH_KNOTS('',1,(#5992,#5993),.UNSPECIFIED.,.F.,
  .F.,(2,2),(33.,34.),.PIECEWISE_BEZIER_KNOTS.);
#5992 = CARTESIAN_POINT('',(4.901600156719,-5.507828904927));
#5993 = CARTESIAN_POINT('',(5.102565268546,-5.682122221296));
#5994 = ( GEOMETRIC_REPRESENTATION_CONTEXT(2) 
PARAMETRIC_REPRESENTATION_CONTEXT() REPRESENTATION_CONTEXT('2D SPACE',''
  ) );
#5995 = PCURVE('',#4217,#5996);
#5996 = DEFINITIONAL_REPRESENTATION('',(#5997),#6001);
#5997 = LINE('',#5998,#5999);
#5998 = CARTESIAN_POINT('',(0.,1.));
#5999 = VECTOR('',#6000,1.);
#6000 = DIRECTION('',(1.,0.));
#6001 = ( GEOMETRIC_REPRESENTATION_CONTEXT(2) 
PARAMETRIC_REPRESENTATION_CONTEXT() REPRESENTATION_CONTEXT('2D SPACE',''
  ) );
#6002 = ORIENTED_EDGE('',*,*,#6003,.T.);
#6003 = EDGE_CURVE('',#5983,#6004,#6006,.T.);
#6004 = VERTEX_POINT('',#6005);
#6005 = CARTESIAN_POINT('',(1.094580204937,-5.85806006133,15.8));
#6006 = SURFACE_CURVE('',#6007,(#6010,#6016),.PCURVE_S1.);
#6007 = B_SPLINE_CURVE_WITH_KNOTS('',1,(#6008,#6009),.UNSPECIFIED.,.F.,
  .F.,(2,2),(34.,35.),.PIECEWISE_BEZIER_KNOTS.);
#6008 = CARTESIAN_POINT('',(1.296801649427,-5.682122221296,15.8));
#6009 = CARTESIAN_POINT('',(1.094580204937,-5.85806006133,15.8));
#6010 = PCURVE('',#133,#6011);
#6011 = DEFINITIONAL_REPRESENTATION('',(#6012),#6015);
#6012 = B_SPLINE_CURVE_WITH_KNOTS('',1,(#6013,#6014),.UNSPECIFIED.,.F.,
  .F.,(2,2),(34.,35.),.PIECEWISE_BEZIER_KNOTS.);
#6013 = CARTESIAN_POINT('',(5.102565268546,-5.682122221296));
#6014 = CARTESIAN_POINT('',(5.304786713036,-5.85806006133));
#6015 = ( GEOMETRIC_REPRESENTATION_CONTEXT(2) 
PARAMETRIC_REPRESENTATION_CONTEXT() REPRESENTATION_CONTEXT('2D SPACE',''
  ) );
#6016 = PCURVE('',#4185,#6017);
#6017 = DEFINITIONAL_REPRESENTATION('',(#6018),#6022);
#6018 = LINE('',#6019,#6020);
#6019 = CARTESIAN_POINT('',(0.,1.));
#6020 = VECTOR('',#6021,1.);
#6021 = DIRECTION('',(1.,0.));
#6022 = ( GEOMETRIC_REPRESENTATION_CONTEXT(2) 
PARAMETRIC_REPRESENTATION_CONTEXT() REPRESENTATION_CONTEXT('2D SPACE',''
  ) );
#6023 = ORIENTED_EDGE('',*,*,#6024,.T.);
#6024 = EDGE_CURVE('',#6004,#6025,#6027,.T.);
#6025 = VERTEX_POINT('',#6026);
#6026 = CARTESIAN_POINT('',(0.889255913712,-6.025269562215,15.8));
#6027 = SURFACE_CURVE('',#6028,(#6031,#6037),.PCURVE_S1.);
#6028 = B_SPLINE_CURVE_WITH_KNOTS('',1,(#6029,#6030),.UNSPECIFIED.,.F.,
  .F.,(2,2),(35.,36.),.PIECEWISE_BEZIER_KNOTS.);
#6029 = CARTESIAN_POINT('',(1.094580204937,-5.85806006133,15.8));
#6030 = CARTESIAN_POINT('',(0.889255913712,-6.025269562215,15.8));
#6031 = PCURVE('',#133,#6032);
#6032 = DEFINITIONAL_REPRESENTATION('',(#6033),#6036);
#6033 = B_SPLINE_CURVE_WITH_KNOTS('',1,(#6034,#6035),.UNSPECIFIED.,.F.,
  .F.,(2,2),(35.,36.),.PIECEWISE_BEZIER_KNOTS.);
#6034 = CARTESIAN_POINT('',(5.304786713036,-5.85806006133));
#6035 = CARTESIAN_POINT('',(5.510111004261,-6.025269562215));
#6036 = ( GEOMETRIC_REPRESENTATION_CONTEXT(2) 
PARAMETRIC_REPRESENTATION_CONTEXT() REPRESENTATION_CONTEXT('2D SPACE',''
  ) );
#6037 = PCURVE('',#4153,#6038);
#6038 = DEFINITIONAL_REPRESENTATION('',(#6039),#6043);
#6039 = LINE('',#6040,#6041);
#6040 = CARTESIAN_POINT('',(0.,1.));
#6041 = VECTOR('',#6042,1.);
#6042 = DIRECTION('',(1.,0.));
#6043 = ( GEOMETRIC_REPRESENTATION_CONTEXT(2) 
PARAMETRIC_REPRESENTATION_CONTEXT() REPRESENTATION_CONTEXT('2D SPACE',''
  ) );
#6044 = ORIENTED_EDGE('',*,*,#6045,.T.);
#6045 = EDGE_CURVE('',#6025,#6046,#6048,.T.);
#6046 = VERTEX_POINT('',#6047);
#6047 = CARTESIAN_POINT('',(0.678982261678,-6.173377861137,15.8));
#6048 = SURFACE_CURVE('',#6049,(#6052,#6058),.PCURVE_S1.);
#6049 = B_SPLINE_CURVE_WITH_KNOTS('',1,(#6050,#6051),.UNSPECIFIED.,.F.,
  .F.,(2,2),(36.,37.),.PIECEWISE_BEZIER_KNOTS.);
#6050 = CARTESIAN_POINT('',(0.889255913712,-6.025269562215,15.8));
#6051 = CARTESIAN_POINT('',(0.678982261678,-6.173377861137,15.8));
#6052 = PCURVE('',#133,#6053);
#6053 = DEFINITIONAL_REPRESENTATION('',(#6054),#6057);
#6054 = B_SPLINE_CURVE_WITH_KNOTS('',1,(#6055,#6056),.UNSPECIFIED.,.F.,
  .F.,(2,2),(36.,37.),.PIECEWISE_BEZIER_KNOTS.);
#6055 = CARTESIAN_POINT('',(5.510111004261,-6.025269562215));
#6056 = CARTESIAN_POINT('',(5.720384656295,-6.173377861137));
#6057 = ( GEOMETRIC_REPRESENTATION_CONTEXT(2) 
PARAMETRIC_REPRESENTATION_CONTEXT() REPRESENTATION_CONTEXT('2D SPACE',''
  ) );
#6058 = PCURVE('',#4121,#6059);
#6059 = DEFINITIONAL_REPRESENTATION('',(#6060),#6064);
#6060 = LINE('',#6061,#6062);
#6061 = CARTESIAN_POINT('',(0.,1.));
#6062 = VECTOR('',#6063,1.);
#6063 = DIRECTION('',(1.,0.));
#6064 = ( GEOMETRIC_REPRESENTATION_CONTEXT(2) 
PARAMETRIC_REPRESENTATION_CONTEXT() REPRESENTATION_CONTEXT('2D SPACE',''
  ) );
#6065 = ORIENTED_EDGE('',*,*,#6066,.T.);
#6066 = EDGE_CURVE('',#6046,#6067,#6069,.T.);
#6067 = VERTEX_POINT('',#6068);
#6068 = CARTESIAN_POINT('',(0.461912734763,-6.29201209528,15.8));
#6069 = SURFACE_CURVE('',#6070,(#6073,#6079),.PCURVE_S1.);
#6070 = B_SPLINE_CURVE_WITH_KNOTS('',1,(#6071,#6072),.UNSPECIFIED.,.F.,
  .F.,(2,2),(37.,38.),.PIECEWISE_BEZIER_KNOTS.);
#6071 = CARTESIAN_POINT('',(0.678982261678,-6.173377861137,15.8));
#6072 = CARTESIAN_POINT('',(0.461912734763,-6.29201209528,15.8));
#6073 = PCURVE('',#133,#6074);
#6074 = DEFINITIONAL_REPRESENTATION('',(#6075),#6078);
#6075 = B_SPLINE_CURVE_WITH_KNOTS('',1,(#6076,#6077),.UNSPECIFIED.,.F.,
  .F.,(2,2),(37.,38.),.PIECEWISE_BEZIER_KNOTS.);
#6076 = CARTESIAN_POINT('',(5.720384656295,-6.173377861137));
#6077 = CARTESIAN_POINT('',(5.93745418321,-6.29201209528));
#6078 = ( GEOMETRIC_REPRESENTATION_CONTEXT(2) 
PARAMETRIC_REPRESENTATION_CONTEXT() REPRESENTATION_CONTEXT('2D SPACE',''
  ) );
#6079 = PCURVE('',#4089,#6080);
#6080 = DEFINITIONAL_REPRESENTATION('',(#6081),#6085);
#6081 = LINE('',#6082,#6083);
#6082 = CARTESIAN_POINT('',(0.,1.));
#6083 = VECTOR('',#6084,1.);
#6084 = DIRECTION('',(1.,0.));
#6085 = ( GEOMETRIC_REPRESENTATION_CONTEXT(2) 
PARAMETRIC_REPRESENTATION_CONTEXT() REPRESENTATION_CONTEXT('2D SPACE',''
  ) );
#6086 = ORIENTED_EDGE('',*,*,#6087,.T.);
#6087 = EDGE_CURVE('',#6067,#6088,#6090,.T.);
#6088 = VERTEX_POINT('',#6089);
#6089 = CARTESIAN_POINT('',(0.236200818895,-6.370799401831,15.8));
#6090 = SURFACE_CURVE('',#6091,(#6094,#6100),.PCURVE_S1.);
#6091 = B_SPLINE_CURVE_WITH_KNOTS('',1,(#6092,#6093),.UNSPECIFIED.,.F.,
  .F.,(2,2),(38.,39.),.PIECEWISE_BEZIER_KNOTS.);
#6092 = CARTESIAN_POINT('',(0.461912734763,-6.29201209528,15.8));
#6093 = CARTESIAN_POINT('',(0.236200818895,-6.370799401831,15.8));
#6094 = PCURVE('',#133,#6095);
#6095 = DEFINITIONAL_REPRESENTATION('',(#6096),#6099);
#6096 = B_SPLINE_CURVE_WITH_KNOTS('',1,(#6097,#6098),.UNSPECIFIED.,.F.,
  .F.,(2,2),(38.,39.),.PIECEWISE_BEZIER_KNOTS.);
#6097 = CARTESIAN_POINT('',(5.93745418321,-6.29201209528));
#6098 = CARTESIAN_POINT('',(6.163166099078,-6.370799401831));
#6099 = ( GEOMETRIC_REPRESENTATION_CONTEXT(2) 
PARAMETRIC_REPRESENTATION_CONTEXT() REPRESENTATION_CONTEXT('2D SPACE',''
  ) );
#6100 = PCURVE('',#4057,#6101);
#6101 = DEFINITIONAL_REPRESENTATION('',(#6102),#6106);
#6102 = LINE('',#6103,#6104);
#6103 = CARTESIAN_POINT('',(0.,1.));
#6104 = VECTOR('',#6105,1.);
#6105 = DIRECTION('',(1.,0.));
#6106 = ( GEOMETRIC_REPRESENTATION_CONTEXT(2) 
PARAMETRIC_REPRESENTATION_CONTEXT() REPRESENTATION_CONTEXT('2D SPACE',''
  ) );
#6107 = ORIENTED_EDGE('',*,*,#6108,.T.);
#6108 = EDGE_CURVE('',#6088,#6109,#6111,.T.);
#6109 = VERTEX_POINT('',#6110);
#6110 = CARTESIAN_POINT('',(0.,-6.399366917973,15.8));
#6111 = SURFACE_CURVE('',#6112,(#6115,#6121),.PCURVE_S1.);
#6112 = B_SPLINE_CURVE_WITH_KNOTS('',1,(#6113,#6114),.UNSPECIFIED.,.F.,
  .F.,(2,2),(39.,40.),.PIECEWISE_BEZIER_KNOTS.);
#6113 = CARTESIAN_POINT('',(0.236200818895,-6.370799401831,15.8));
#6114 = CARTESIAN_POINT('',(0.,-6.399366917973,15.8));
#6115 = PCURVE('',#133,#6116);
#6116 = DEFINITIONAL_REPRESENTATION('',(#6117),#6120);
#6117 = B_SPLINE_CURVE_WITH_KNOTS('',1,(#6118,#6119),.UNSPECIFIED.,.F.,
  .F.,(2,2),(39.,40.),.PIECEWISE_BEZIER_KNOTS.);
#6118 = CARTESIAN_POINT('',(6.163166099078,-6.370799401831));
#6119 = CARTESIAN_POINT('',(6.399366917973,-6.399366917973));
#6120 = ( GEOMETRIC_REPRESENTATION_CONTEXT(2) 
PARAMETRIC_REPRESENTATION_CONTEXT() REPRESENTATION_CONTEXT('2D SPACE',''
  ) );
#6121 = PCURVE('',#4025,#6122);
#6122 = DEFINITIONAL_REPRESENTATION('',(#6123),#6127);
#6123 = LINE('',#6124,#6125);
#6124 = CARTESIAN_POINT('',(0.,1.));
#6125 = VECTOR('',#6126,1.);
#6126 = DIRECTION('',(1.,0.));
#6127 = ( GEOMETRIC_REPRESENTATION_CONTEXT(2) 
PARAMETRIC_REPRESENTATION_CONTEXT() REPRESENTATION_CONTEXT('2D SPACE',''
  ) );
#6128 = ORIENTED_EDGE('',*,*,#6129,.T.);
#6129 = EDGE_CURVE('',#6109,#6130,#6132,.T.);
#6130 = VERTEX_POINT('',#6131);
#6131 = CARTESIAN_POINT('',(-0.236549982253,-6.370799401831,15.8));
#6132 = SURFACE_CURVE('',#6133,(#6136,#6142),.PCURVE_S1.);
#6133 = B_SPLINE_CURVE_WITH_KNOTS('',1,(#6134,#6135),.UNSPECIFIED.,.F.,
  .F.,(2,2),(40.,41.),.PIECEWISE_BEZIER_KNOTS.);
#6134 = CARTESIAN_POINT('',(0.,-6.399366917973,15.8));
#6135 = CARTESIAN_POINT('',(-0.236549982253,-6.370799401831,15.8));
#6136 = PCURVE('',#133,#6137);
#6137 = DEFINITIONAL_REPRESENTATION('',(#6138),#6141);
#6138 = B_SPLINE_CURVE_WITH_KNOTS('',1,(#6139,#6140),.UNSPECIFIED.,.F.,
  .F.,(2,2),(40.,41.),.PIECEWISE_BEZIER_KNOTS.);
#6139 = CARTESIAN_POINT('',(6.399366917973,-6.399366917973));
#6140 = CARTESIAN_POINT('',(6.635916900226,-6.370799401831));
#6141 = ( GEOMETRIC_REPRESENTATION_CONTEXT(2) 
PARAMETRIC_REPRESENTATION_CONTEXT() REPRESENTATION_CONTEXT('2D SPACE',''
  ) );
#6142 = PCURVE('',#3993,#6143);
#6143 = DEFINITIONAL_REPRESENTATION('',(#6144),#6148);
#6144 = LINE('',#6145,#6146);
#6145 = CARTESIAN_POINT('',(0.,1.));
#6146 = VECTOR('',#6147,1.);
#6147 = DIRECTION('',(1.,0.));
#6148 = ( GEOMETRIC_REPRESENTATION_CONTEXT(2) 
PARAMETRIC_REPRESENTATION_CONTEXT() REPRESENTATION_CONTEXT('2D SPACE',''
  ) );
#6149 = ORIENTED_EDGE('',*,*,#6150,.T.);
#6150 = EDGE_CURVE('',#6130,#6151,#6153,.T.);
#6151 = VERTEX_POINT('',#6152);
#6152 = CARTESIAN_POINT('',(-0.462540156292,-6.29201209528,15.8));
#6153 = SURFACE_CURVE('',#6154,(#6157,#6163),.PCURVE_S1.);
#6154 = B_SPLINE_CURVE_WITH_KNOTS('',1,(#6155,#6156),.UNSPECIFIED.,.F.,
  .F.,(2,2),(41.,42.),.PIECEWISE_BEZIER_KNOTS.);
#6155 = CARTESIAN_POINT('',(-0.236549982253,-6.370799401831,15.8));
#6156 = CARTESIAN_POINT('',(-0.462540156292,-6.29201209528,15.8));
#6157 = PCURVE('',#133,#6158);
#6158 = DEFINITIONAL_REPRESENTATION('',(#6159),#6162);
#6159 = B_SPLINE_CURVE_WITH_KNOTS('',1,(#6160,#6161),.UNSPECIFIED.,.F.,
  .F.,(2,2),(41.,42.),.PIECEWISE_BEZIER_KNOTS.);
#6160 = CARTESIAN_POINT('',(6.635916900226,-6.370799401831));
#6161 = CARTESIAN_POINT('',(6.861907074265,-6.29201209528));
#6162 = ( GEOMETRIC_REPRESENTATION_CONTEXT(2) 
PARAMETRIC_REPRESENTATION_CONTEXT() REPRESENTATION_CONTEXT('2D SPACE',''
  ) );
#6163 = PCURVE('',#3961,#6164);
#6164 = DEFINITIONAL_REPRESENTATION('',(#6165),#6169);
#6165 = LINE('',#6166,#6167);
#6166 = CARTESIAN_POINT('',(0.,1.));
#6167 = VECTOR('',#6168,1.);
#6168 = DIRECTION('',(1.,0.));
#6169 = ( GEOMETRIC_REPRESENTATION_CONTEXT(2) 
PARAMETRIC_REPRESENTATION_CONTEXT() REPRESENTATION_CONTEXT('2D SPACE',''
  ) );
#6170 = ORIENTED_EDGE('',*,*,#6171,.T.);
#6171 = EDGE_CURVE('',#6151,#6172,#6174,.T.);
#6172 = VERTEX_POINT('',#6173);
#6173 = CARTESIAN_POINT('',(-0.679825080057,-6.173377861137,15.8));
#6174 = SURFACE_CURVE('',#6175,(#6178,#6184),.PCURVE_S1.);
#6175 = B_SPLINE_CURVE_WITH_KNOTS('',1,(#6176,#6177),.UNSPECIFIED.,.F.,
  .F.,(2,2),(42.,43.),.PIECEWISE_BEZIER_KNOTS.);
#6176 = CARTESIAN_POINT('',(-0.462540156292,-6.29201209528,15.8));
#6177 = CARTESIAN_POINT('',(-0.679825080057,-6.173377861137,15.8));
#6178 = PCURVE('',#133,#6179);
#6179 = DEFINITIONAL_REPRESENTATION('',(#6180),#6183);
#6180 = B_SPLINE_CURVE_WITH_KNOTS('',1,(#6181,#6182),.UNSPECIFIED.,.F.,
  .F.,(2,2),(42.,43.),.PIECEWISE_BEZIER_KNOTS.);
#6181 = CARTESIAN_POINT('',(6.861907074265,-6.29201209528));
#6182 = CARTESIAN_POINT('',(7.079191998029,-6.173377861137));
#6183 = ( GEOMETRIC_REPRESENTATION_CONTEXT(2) 
PARAMETRIC_REPRESENTATION_CONTEXT() REPRESENTATION_CONTEXT('2D SPACE',''
  ) );
#6184 = PCURVE('',#3929,#6185);
#6185 = DEFINITIONAL_REPRESENTATION('',(#6186),#6190);
#6186 = LINE('',#6187,#6188);
#6187 = CARTESIAN_POINT('',(0.,1.));
#6188 = VECTOR('',#6189,1.);
#6189 = DIRECTION('',(1.,0.));
#6190 = ( GEOMETRIC_REPRESENTATION_CONTEXT(2) 
PARAMETRIC_REPRESENTATION_CONTEXT() REPRESENTATION_CONTEXT('2D SPACE',''
  ) );
#6191 = ORIENTED_EDGE('',*,*,#6192,.T.);
#6192 = EDGE_CURVE('',#6172,#6193,#6195,.T.);
#6193 = VERTEX_POINT('',#6194);
#6194 = CARTESIAN_POINT('',(-0.890259311485,-6.025269562215,15.8));
#6195 = SURFACE_CURVE('',#6196,(#6199,#6205),.PCURVE_S1.);
#6196 = B_SPLINE_CURVE_WITH_KNOTS('',1,(#6197,#6198),.UNSPECIFIED.,.F.,
  .F.,(2,2),(43.,44.),.PIECEWISE_BEZIER_KNOTS.);
#6197 = CARTESIAN_POINT('',(-0.679825080057,-6.173377861137,15.8));
#6198 = CARTESIAN_POINT('',(-0.890259311485,-6.025269562215,15.8));
#6199 = PCURVE('',#133,#6200);
#6200 = DEFINITIONAL_REPRESENTATION('',(#6201),#6204);
#6201 = B_SPLINE_CURVE_WITH_KNOTS('',1,(#6202,#6203),.UNSPECIFIED.,.F.,
  .F.,(2,2),(43.,44.),.PIECEWISE_BEZIER_KNOTS.);
#6202 = CARTESIAN_POINT('',(7.079191998029,-6.173377861137));
#6203 = CARTESIAN_POINT('',(7.289626229457,-6.025269562215));
#6204 = ( GEOMETRIC_REPRESENTATION_CONTEXT(2) 
PARAMETRIC_REPRESENTATION_CONTEXT() REPRESENTATION_CONTEXT('2D SPACE',''
  ) );
#6205 = PCURVE('',#3897,#6206);
#6206 = DEFINITIONAL_REPRESENTATION('',(#6207),#6211);
#6207 = LINE('',#6208,#6209);
#6208 = CARTESIAN_POINT('',(0.,1.));
#6209 = VECTOR('',#6210,1.);
#6210 = DIRECTION('',(1.,0.));
#6211 = ( GEOMETRIC_REPRESENTATION_CONTEXT(2) 
PARAMETRIC_REPRESENTATION_CONTEXT() REPRESENTATION_CONTEXT('2D SPACE',''
  ) );
#6212 = ORIENTED_EDGE('',*,*,#6213,.T.);
#6213 = EDGE_CURVE('',#6193,#6214,#6216,.T.);
#6214 = VERTEX_POINT('',#6215);
#6215 = CARTESIAN_POINT('',(-1.095697408514,-5.85806006133,15.8));
#6216 = SURFACE_CURVE('',#6217,(#6220,#6226),.PCURVE_S1.);
#6217 = B_SPLINE_CURVE_WITH_KNOTS('',1,(#6218,#6219),.UNSPECIFIED.,.F.,
  .F.,(2,2),(44.,45.),.PIECEWISE_BEZIER_KNOTS.);
#6218 = CARTESIAN_POINT('',(-0.890259311485,-6.025269562215,15.8));
#6219 = CARTESIAN_POINT('',(-1.095697408514,-5.85806006133,15.8));
#6220 = PCURVE('',#133,#6221);
#6221 = DEFINITIONAL_REPRESENTATION('',(#6222),#6225);
#6222 = B_SPLINE_CURVE_WITH_KNOTS('',1,(#6223,#6224),.UNSPECIFIED.,.F.,
  .F.,(2,2),(44.,45.),.PIECEWISE_BEZIER_KNOTS.);
#6223 = CARTESIAN_POINT('',(7.289626229457,-6.025269562215));
#6224 = CARTESIAN_POINT('',(7.495064326487,-5.85806006133));
#6225 = ( GEOMETRIC_REPRESENTATION_CONTEXT(2) 
PARAMETRIC_REPRESENTATION_CONTEXT() REPRESENTATION_CONTEXT('2D SPACE',''
  ) );
#6226 = PCURVE('',#3865,#6227);
#6227 = DEFINITIONAL_REPRESENTATION('',(#6228),#6232);
#6228 = LINE('',#6229,#6230);
#6229 = CARTESIAN_POINT('',(0.,1.));
#6230 = VECTOR('',#6231,1.);
#6231 = DIRECTION('',(1.,0.));
#6232 = ( GEOMETRIC_REPRESENTATION_CONTEXT(2) 
PARAMETRIC_REPRESENTATION_CONTEXT() REPRESENTATION_CONTEXT('2D SPACE',''
  ) );
#6233 = ORIENTED_EDGE('',*,*,#6234,.T.);
#6234 = EDGE_CURVE('',#6214,#6235,#6237,.T.);
#6235 = VERTEX_POINT('',#6236);
#6236 = CARTESIAN_POINT('',(-1.297993929085,-5.682122221296,15.8));
#6237 = SURFACE_CURVE('',#6238,(#6241,#6247),.PCURVE_S1.);
#6238 = B_SPLINE_CURVE_WITH_KNOTS('',1,(#6239,#6240),.UNSPECIFIED.,.F.,
  .F.,(2,2),(45.,46.),.PIECEWISE_BEZIER_KNOTS.);
#6239 = CARTESIAN_POINT('',(-1.095697408514,-5.85806006133,15.8));
#6240 = CARTESIAN_POINT('',(-1.297993929085,-5.682122221296,15.8));
#6241 = PCURVE('',#133,#6242);
#6242 = DEFINITIONAL_REPRESENTATION('',(#6243),#6246);
#6243 = B_SPLINE_CURVE_WITH_KNOTS('',1,(#6244,#6245),.UNSPECIFIED.,.F.,
  .F.,(2,2),(45.,46.),.PIECEWISE_BEZIER_KNOTS.);
#6244 = CARTESIAN_POINT('',(7.495064326487,-5.85806006133));
#6245 = CARTESIAN_POINT('',(7.697360847058,-5.682122221296));
#6246 = ( GEOMETRIC_REPRESENTATION_CONTEXT(2) 
PARAMETRIC_REPRESENTATION_CONTEXT() REPRESENTATION_CONTEXT('2D SPACE',''
  ) );
#6247 = PCURVE('',#3833,#6248);
#6248 = DEFINITIONAL_REPRESENTATION('',(#6249),#6253);
#6249 = LINE('',#6250,#6251);
#6250 = CARTESIAN_POINT('',(0.,1.));
#6251 = VECTOR('',#6252,1.);
#6252 = DIRECTION('',(1.,0.));
#6253 = ( GEOMETRIC_REPRESENTATION_CONTEXT(2) 
PARAMETRIC_REPRESENTATION_CONTEXT() REPRESENTATION_CONTEXT('2D SPACE',''
  ) );
#6254 = ORIENTED_EDGE('',*,*,#6255,.T.);
#6255 = EDGE_CURVE('',#6235,#6256,#6258,.T.);
#6256 = VERTEX_POINT('',#6257);
#6257 = CARTESIAN_POINT('',(-1.499003431134,-5.507828904927,15.8));
#6258 = SURFACE_CURVE('',#6259,(#6262,#6268),.PCURVE_S1.);
#6259 = B_SPLINE_CURVE_WITH_KNOTS('',1,(#6260,#6261),.UNSPECIFIED.,.F.,
  .F.,(2,2),(46.,47.),.PIECEWISE_BEZIER_KNOTS.);
#6260 = CARTESIAN_POINT('',(-1.297993929085,-5.682122221296,15.8));
#6261 = CARTESIAN_POINT('',(-1.499003431134,-5.507828904927,15.8));
#6262 = PCURVE('',#133,#6263);
#6263 = DEFINITIONAL_REPRESENTATION('',(#6264),#6267);
#6264 = B_SPLINE_CURVE_WITH_KNOTS('',1,(#6265,#6266),.UNSPECIFIED.,.F.,
  .F.,(2,2),(46.,47.),.PIECEWISE_BEZIER_KNOTS.);
#6265 = CARTESIAN_POINT('',(7.697360847058,-5.682122221296));
#6266 = CARTESIAN_POINT('',(7.898370349107,-5.507828904927));
#6267 = ( GEOMETRIC_REPRESENTATION_CONTEXT(2) 
PARAMETRIC_REPRESENTATION_CONTEXT() REPRESENTATION_CONTEXT('2D SPACE',''
  ) );
#6268 = PCURVE('',#3801,#6269);
#6269 = DEFINITIONAL_REPRESENTATION('',(#6270),#6274);
#6270 = LINE('',#6271,#6272);
#6271 = CARTESIAN_POINT('',(0.,1.));
#6272 = VECTOR('',#6273,1.);
#6273 = DIRECTION('',(1.,0.));
#6274 = ( GEOMETRIC_REPRESENTATION_CONTEXT(2) 
PARAMETRIC_REPRESENTATION_CONTEXT() REPRESENTATION_CONTEXT('2D SPACE',''
  ) );
#6275 = ORIENTED_EDGE('',*,*,#6276,.T.);
#6276 = EDGE_CURVE('',#6256,#6277,#6279,.T.);
#6277 = VERTEX_POINT('',#6278);
#6278 = CARTESIAN_POINT('',(-1.7005804726,-5.345552975039,15.8));
#6279 = SURFACE_CURVE('',#6280,(#6283,#6289),.PCURVE_S1.);
#6280 = B_SPLINE_CURVE_WITH_KNOTS('',1,(#6281,#6282),.UNSPECIFIED.,.F.,
  .F.,(2,2),(47.,48.),.PIECEWISE_BEZIER_KNOTS.);
#6281 = CARTESIAN_POINT('',(-1.499003431134,-5.507828904927,15.8));
#6282 = CARTESIAN_POINT('',(-1.7005804726,-5.345552975039,15.8));
#6283 = PCURVE('',#133,#6284);
#6284 = DEFINITIONAL_REPRESENTATION('',(#6285),#6288);
#6285 = B_SPLINE_CURVE_WITH_KNOTS('',1,(#6286,#6287),.UNSPECIFIED.,.F.,
  .F.,(2,2),(47.,48.),.PIECEWISE_BEZIER_KNOTS.);
#6286 = CARTESIAN_POINT('',(7.898370349107,-5.507828904927));
#6287 = CARTESIAN_POINT('',(8.099947390573,-5.345552975039));
#6288 = ( GEOMETRIC_REPRESENTATION_CONTEXT(2) 
PARAMETRIC_REPRESENTATION_CONTEXT() REPRESENTATION_CONTEXT('2D SPACE',''
  ) );
#6289 = PCURVE('',#3769,#6290);
#6290 = DEFINITIONAL_REPRESENTATION('',(#6291),#6295);
#6291 = LINE('',#6292,#6293);
#6292 = CARTESIAN_POINT('',(0.,1.));
#6293 = VECTOR('',#6294,1.);
#6294 = DIRECTION('',(1.,0.));
#6295 = ( GEOMETRIC_REPRESENTATION_CONTEXT(2) 
PARAMETRIC_REPRESENTATION_CONTEXT() REPRESENTATION_CONTEXT('2D SPACE',''
  ) );
#6296 = ORIENTED_EDGE('',*,*,#6297,.T.);
#6297 = EDGE_CURVE('',#6277,#6298,#6300,.T.);
#6298 = VERTEX_POINT('',#6299);
#6299 = CARTESIAN_POINT('',(-1.904579611423,-5.205667294447,15.8));
#6300 = SURFACE_CURVE('',#6301,(#6304,#6310),.PCURVE_S1.);
#6301 = B_SPLINE_CURVE_WITH_KNOTS('',1,(#6302,#6303),.UNSPECIFIED.,.F.,
  .F.,(2,2),(48.,49.),.PIECEWISE_BEZIER_KNOTS.);
#6302 = CARTESIAN_POINT('',(-1.7005804726,-5.345552975039,15.8));
#6303 = CARTESIAN_POINT('',(-1.904579611423,-5.205667294447,15.8));
#6304 = PCURVE('',#133,#6305);
#6305 = DEFINITIONAL_REPRESENTATION('',(#6306),#6309);
#6306 = B_SPLINE_CURVE_WITH_KNOTS('',1,(#6307,#6308),.UNSPECIFIED.,.F.,
  .F.,(2,2),(48.,49.),.PIECEWISE_BEZIER_KNOTS.);
#6307 = CARTESIAN_POINT('',(8.099947390573,-5.345552975039));
#6308 = CARTESIAN_POINT('',(8.303946529395,-5.205667294447));
#6309 = ( GEOMETRIC_REPRESENTATION_CONTEXT(2) 
PARAMETRIC_REPRESENTATION_CONTEXT() REPRESENTATION_CONTEXT('2D SPACE',''
  ) );
#6310 = PCURVE('',#3737,#6311);
#6311 = DEFINITIONAL_REPRESENTATION('',(#6312),#6316);
#6312 = LINE('',#6313,#6314);
#6313 = CARTESIAN_POINT('',(0.,1.));
#6314 = VECTOR('',#6315,1.);
#6315 = DIRECTION('',(1.,0.));
#6316 = ( GEOMETRIC_REPRESENTATION_CONTEXT(2) 
PARAMETRIC_REPRESENTATION_CONTEXT() REPRESENTATION_CONTEXT('2D SPACE',''
  ) );
#6317 = ORIENTED_EDGE('',*,*,#6318,.T.);
#6318 = EDGE_CURVE('',#6298,#6319,#6321,.T.);
#6319 = VERTEX_POINT('',#6320);
#6320 = CARTESIAN_POINT('',(-2.112855405539,-5.098544725965,15.8));
#6321 = SURFACE_CURVE('',#6322,(#6325,#6331),.PCURVE_S1.);
#6322 = B_SPLINE_CURVE_WITH_KNOTS('',1,(#6323,#6324),.UNSPECIFIED.,.F.,
  .F.,(2,2),(49.,50.),.PIECEWISE_BEZIER_KNOTS.);
#6323 = CARTESIAN_POINT('',(-1.904579611423,-5.205667294447,15.8));
#6324 = CARTESIAN_POINT('',(-2.112855405539,-5.098544725965,15.8));
#6325 = PCURVE('',#133,#6326);
#6326 = DEFINITIONAL_REPRESENTATION('',(#6327),#6330);
#6327 = B_SPLINE_CURVE_WITH_KNOTS('',1,(#6328,#6329),.UNSPECIFIED.,.F.,
  .F.,(2,2),(49.,50.),.PIECEWISE_BEZIER_KNOTS.);
#6328 = CARTESIAN_POINT('',(8.303946529395,-5.205667294447));
#6329 = CARTESIAN_POINT('',(8.512222323512,-5.098544725965));
#6330 = ( GEOMETRIC_REPRESENTATION_CONTEXT(2) 
PARAMETRIC_REPRESENTATION_CONTEXT() REPRESENTATION_CONTEXT('2D SPACE',''
  ) );
#6331 = PCURVE('',#3705,#6332);
#6332 = DEFINITIONAL_REPRESENTATION('',(#6333),#6337);
#6333 = LINE('',#6334,#6335);
#6334 = CARTESIAN_POINT('',(0.,1.));
#6335 = VECTOR('',#6336,1.);
#6336 = DIRECTION('',(1.,0.));
#6337 = ( GEOMETRIC_REPRESENTATION_CONTEXT(2) 
PARAMETRIC_REPRESENTATION_CONTEXT() REPRESENTATION_CONTEXT('2D SPACE',''
  ) );
#6338 = ORIENTED_EDGE('',*,*,#6339,.T.);
#6339 = EDGE_CURVE('',#6319,#6340,#6342,.T.);
#6340 = VERTEX_POINT('',#6341);
#6341 = CARTESIAN_POINT('',(-2.342514694602,-5.023786005861,15.8));
#6342 = SURFACE_CURVE('',#6343,(#6346,#6352),.PCURVE_S1.);
#6343 = B_SPLINE_CURVE_WITH_KNOTS('',1,(#6344,#6345),.UNSPECIFIED.,.F.,
  .F.,(2,2),(50.,51.),.PIECEWISE_BEZIER_KNOTS.);
#6344 = CARTESIAN_POINT('',(-2.112855405539,-5.098544725965,15.8));
#6345 = CARTESIAN_POINT('',(-2.342514694602,-5.023786005861,15.8));
#6346 = PCURVE('',#133,#6347);
#6347 = DEFINITIONAL_REPRESENTATION('',(#6348),#6351);
#6348 = B_SPLINE_CURVE_WITH_KNOTS('',1,(#6349,#6350),.UNSPECIFIED.,.F.,
  .F.,(2,2),(50.,51.),.PIECEWISE_BEZIER_KNOTS.);
#6349 = CARTESIAN_POINT('',(8.512222323512,-5.098544725965));
#6350 = CARTESIAN_POINT('',(8.741881612575,-5.023786005861));
#6351 = ( GEOMETRIC_REPRESENTATION_CONTEXT(2) 
PARAMETRIC_REPRESENTATION_CONTEXT() REPRESENTATION_CONTEXT('2D SPACE',''
  ) );
#6352 = PCURVE('',#3673,#6353);
#6353 = DEFINITIONAL_REPRESENTATION('',(#6354),#6358);
#6354 = LINE('',#6355,#6356);
#6355 = CARTESIAN_POINT('',(0.,1.));
#6356 = VECTOR('',#6357,1.);
#6357 = DIRECTION('',(1.,0.));
#6358 = ( GEOMETRIC_REPRESENTATION_CONTEXT(2) 
PARAMETRIC_REPRESENTATION_CONTEXT() REPRESENTATION_CONTEXT('2D SPACE',''
  ) );
#6359 = ORIENTED_EDGE('',*,*,#6360,.T.);
#6360 = EDGE_CURVE('',#6340,#6361,#6363,.T.);
#6361 = VERTEX_POINT('',#6362);
#6362 = CARTESIAN_POINT('',(-2.5907080633,-4.975420549951,15.8));
#6363 = SURFACE_CURVE('',#6364,(#6367,#6373),.PCURVE_S1.);
#6364 = B_SPLINE_CURVE_WITH_KNOTS('',1,(#6365,#6366),.UNSPECIFIED.,.F.,
  .F.,(2,2),(51.,52.),.PIECEWISE_BEZIER_KNOTS.);
#6365 = CARTESIAN_POINT('',(-2.342514694602,-5.023786005861,15.8));
#6366 = CARTESIAN_POINT('',(-2.5907080633,-4.975420549951,15.8));
#6367 = PCURVE('',#133,#6368);
#6368 = DEFINITIONAL_REPRESENTATION('',(#6369),#6372);
#6369 = B_SPLINE_CURVE_WITH_KNOTS('',1,(#6370,#6371),.UNSPECIFIED.,.F.,
  .F.,(2,2),(51.,52.),.PIECEWISE_BEZIER_KNOTS.);
#6370 = CARTESIAN_POINT('',(8.741881612575,-5.023786005861));
#6371 = CARTESIAN_POINT('',(8.990074981273,-4.975420549951));
#6372 = ( GEOMETRIC_REPRESENTATION_CONTEXT(2) 
PARAMETRIC_REPRESENTATION_CONTEXT() REPRESENTATION_CONTEXT('2D SPACE',''
  ) );
#6373 = PCURVE('',#3641,#6374);
#6374 = DEFINITIONAL_REPRESENTATION('',(#6375),#6379);
#6375 = LINE('',#6376,#6377);
#6376 = CARTESIAN_POINT('',(0.,1.));
#6377 = VECTOR('',#6378,1.);
#6378 = DIRECTION('',(1.,0.));
#6379 = ( GEOMETRIC_REPRESENTATION_CONTEXT(2) 
PARAMETRIC_REPRESENTATION_CONTEXT() REPRESENTATION_CONTEXT('2D SPACE',''
  ) );
#6380 = ORIENTED_EDGE('',*,*,#6381,.T.);
#6381 = EDGE_CURVE('',#6361,#6382,#6384,.T.);
#6382 = VERTEX_POINT('',#6383);
#6383 = CARTESIAN_POINT('',(-2.851453973889,-4.945007214885,15.8));
#6384 = SURFACE_CURVE('',#6385,(#6388,#6394),.PCURVE_S1.);
#6385 = B_SPLINE_CURVE_WITH_KNOTS('',1,(#6386,#6387),.UNSPECIFIED.,.F.,
  .F.,(2,2),(52.,53.),.PIECEWISE_BEZIER_KNOTS.);
#6386 = CARTESIAN_POINT('',(-2.5907080633,-4.975420549951,15.8));
#6387 = CARTESIAN_POINT('',(-2.851453973889,-4.945007214885,15.8));
#6388 = PCURVE('',#133,#6389);
#6389 = DEFINITIONAL_REPRESENTATION('',(#6390),#6393);
#6390 = B_SPLINE_CURVE_WITH_KNOTS('',1,(#6391,#6392),.UNSPECIFIED.,.F.,
  .F.,(2,2),(52.,53.),.PIECEWISE_BEZIER_KNOTS.);
#6391 = CARTESIAN_POINT('',(8.990074981273,-4.975420549951));
#6392 = CARTESIAN_POINT('',(9.250820891862,-4.945007214885));
#6393 = ( GEOMETRIC_REPRESENTATION_CONTEXT(2) 
PARAMETRIC_REPRESENTATION_CONTEXT() REPRESENTATION_CONTEXT('2D SPACE',''
  ) );
#6394 = PCURVE('',#3609,#6395);
#6395 = DEFINITIONAL_REPRESENTATION('',(#6396),#6400);
#6396 = LINE('',#6397,#6398);
#6397 = CARTESIAN_POINT('',(0.,1.));
#6398 = VECTOR('',#6399,1.);
#6399 = DIRECTION('',(1.,0.));
#6400 = ( GEOMETRIC_REPRESENTATION_CONTEXT(2) 
PARAMETRIC_REPRESENTATION_CONTEXT() REPRESENTATION_CONTEXT('2D SPACE',''
  ) );
#6401 = ORIENTED_EDGE('',*,*,#6402,.T.);
#6402 = EDGE_CURVE('',#6382,#6403,#6405,.T.);
#6403 = VERTEX_POINT('',#6404);
#6404 = CARTESIAN_POINT('',(-3.118770888623,-4.924104857314,15.8));
#6405 = SURFACE_CURVE('',#6406,(#6409,#6415),.PCURVE_S1.);
#6406 = B_SPLINE_CURVE_WITH_KNOTS('',1,(#6407,#6408),.UNSPECIFIED.,.F.,
  .F.,(2,2),(53.,54.),.PIECEWISE_BEZIER_KNOTS.);
#6407 = CARTESIAN_POINT('',(-2.851453973889,-4.945007214885,15.8));
#6408 = CARTESIAN_POINT('',(-3.118770888623,-4.924104857314,15.8));
#6409 = PCURVE('',#133,#6410);
#6410 = DEFINITIONAL_REPRESENTATION('',(#6411),#6414);
#6411 = B_SPLINE_CURVE_WITH_KNOTS('',1,(#6412,#6413),.UNSPECIFIED.,.F.,
  .F.,(2,2),(53.,54.),.PIECEWISE_BEZIER_KNOTS.);
#6412 = CARTESIAN_POINT('',(9.250820891862,-4.945007214885));
#6413 = CARTESIAN_POINT('',(9.518137806596,-4.924104857314));
#6414 = ( GEOMETRIC_REPRESENTATION_CONTEXT(2) 
PARAMETRIC_REPRESENTATION_CONTEXT() REPRESENTATION_CONTEXT('2D SPACE',''
  ) );
#6415 = PCURVE('',#3577,#6416);
#6416 = DEFINITIONAL_REPRESENTATION('',(#6417),#6421);
#6417 = LINE('',#6418,#6419);
#6418 = CARTESIAN_POINT('',(0.,1.));
#6419 = VECTOR('',#6420,1.);
#6420 = DIRECTION('',(1.,0.));
#6421 = ( GEOMETRIC_REPRESENTATION_CONTEXT(2) 
PARAMETRIC_REPRESENTATION_CONTEXT() REPRESENTATION_CONTEXT('2D SPACE',''
  ) );
#6422 = ORIENTED_EDGE('',*,*,#6423,.T.);
#6423 = EDGE_CURVE('',#6403,#6424,#6426,.T.);
#6424 = VERTEX_POINT('',#6425);
#6425 = CARTESIAN_POINT('',(-3.386677269756,-4.904272333889,15.8));
#6426 = SURFACE_CURVE('',#6427,(#6430,#6436),.PCURVE_S1.);
#6427 = B_SPLINE_CURVE_WITH_KNOTS('',1,(#6428,#6429),.UNSPECIFIED.,.F.,
  .F.,(2,2),(54.,55.),.PIECEWISE_BEZIER_KNOTS.);
#6428 = CARTESIAN_POINT('',(-3.118770888623,-4.924104857314,15.8));
#6429 = CARTESIAN_POINT('',(-3.386677269756,-4.904272333889,15.8));
#6430 = PCURVE('',#133,#6431);
#6431 = DEFINITIONAL_REPRESENTATION('',(#6432),#6435);
#6432 = B_SPLINE_CURVE_WITH_KNOTS('',1,(#6433,#6434),.UNSPECIFIED.,.F.,
  .F.,(2,2),(54.,55.),.PIECEWISE_BEZIER_KNOTS.);
#6433 = CARTESIAN_POINT('',(9.518137806596,-4.924104857314));
#6434 = CARTESIAN_POINT('',(9.786044187729,-4.904272333889));
#6435 = ( GEOMETRIC_REPRESENTATION_CONTEXT(2) 
PARAMETRIC_REPRESENTATION_CONTEXT() REPRESENTATION_CONTEXT('2D SPACE',''
  ) );
#6436 = PCURVE('',#3545,#6437);
#6437 = DEFINITIONAL_REPRESENTATION('',(#6438),#6442);
#6438 = LINE('',#6439,#6440);
#6439 = CARTESIAN_POINT('',(0.,1.));
#6440 = VECTOR('',#6441,1.);
#6441 = DIRECTION('',(1.,0.));
#6442 = ( GEOMETRIC_REPRESENTATION_CONTEXT(2) 
PARAMETRIC_REPRESENTATION_CONTEXT() REPRESENTATION_CONTEXT('2D SPACE',''
  ) );
#6443 = ORIENTED_EDGE('',*,*,#6444,.T.);
#6444 = EDGE_CURVE('',#6424,#6445,#6447,.T.);
#6445 = VERTEX_POINT('',#6446);
#6446 = CARTESIAN_POINT('',(-3.649191579544,-4.87706850126,15.8));
#6447 = SURFACE_CURVE('',#6448,(#6451,#6457),.PCURVE_S1.);
#6448 = B_SPLINE_CURVE_WITH_KNOTS('',1,(#6449,#6450),.UNSPECIFIED.,.F.,
  .F.,(2,2),(55.,56.),.PIECEWISE_BEZIER_KNOTS.);
#6449 = CARTESIAN_POINT('',(-3.386677269756,-4.904272333889,15.8));
#6450 = CARTESIAN_POINT('',(-3.649191579544,-4.87706850126,15.8));
#6451 = PCURVE('',#133,#6452);
#6452 = DEFINITIONAL_REPRESENTATION('',(#6453),#6456);
#6453 = B_SPLINE_CURVE_WITH_KNOTS('',1,(#6454,#6455),.UNSPECIFIED.,.F.,
  .F.,(2,2),(55.,56.),.PIECEWISE_BEZIER_KNOTS.);
#6454 = CARTESIAN_POINT('',(9.786044187729,-4.904272333889));
#6455 = CARTESIAN_POINT('',(10.048558497516,-4.87706850126));
#6456 = ( GEOMETRIC_REPRESENTATION_CONTEXT(2) 
PARAMETRIC_REPRESENTATION_CONTEXT() REPRESENTATION_CONTEXT('2D SPACE',''
  ) );
#6457 = PCURVE('',#3513,#6458);
#6458 = DEFINITIONAL_REPRESENTATION('',(#6459),#6463);
#6459 = LINE('',#6460,#6461);
#6460 = CARTESIAN_POINT('',(0.,1.));
#6461 = VECTOR('',#6462,1.);
#6462 = DIRECTION('',(1.,0.));
#6463 = ( GEOMETRIC_REPRESENTATION_CONTEXT(2) 
PARAMETRIC_REPRESENTATION_CONTEXT() REPRESENTATION_CONTEXT('2D SPACE',''
  ) );
#6464 = ORIENTED_EDGE('',*,*,#6465,.T.);
#6465 = EDGE_CURVE('',#6445,#6466,#6468,.T.);
#6466 = VERTEX_POINT('',#6467);
#6467 = CARTESIAN_POINT('',(-3.90033228024,-4.834052216078,15.8));
#6468 = SURFACE_CURVE('',#6469,(#6472,#6478),.PCURVE_S1.);
#6469 = B_SPLINE_CURVE_WITH_KNOTS('',1,(#6470,#6471),.UNSPECIFIED.,.F.,
  .F.,(2,2),(56.,57.),.PIECEWISE_BEZIER_KNOTS.);
#6470 = CARTESIAN_POINT('',(-3.649191579544,-4.87706850126,15.8));
#6471 = CARTESIAN_POINT('',(-3.90033228024,-4.834052216078,15.8));
#6472 = PCURVE('',#133,#6473);
#6473 = DEFINITIONAL_REPRESENTATION('',(#6474),#6477);
#6474 = B_SPLINE_CURVE_WITH_KNOTS('',1,(#6475,#6476),.UNSPECIFIED.,.F.,
  .F.,(2,2),(56.,57.),.PIECEWISE_BEZIER_KNOTS.);
#6475 = CARTESIAN_POINT('',(10.048558497516,-4.87706850126));
#6476 = CARTESIAN_POINT('',(10.299699198212,-4.834052216078));
#6477 = ( GEOMETRIC_REPRESENTATION_CONTEXT(2) 
PARAMETRIC_REPRESENTATION_CONTEXT() REPRESENTATION_CONTEXT('2D SPACE',''
  ) );
#6478 = PCURVE('',#3481,#6479);
#6479 = DEFINITIONAL_REPRESENTATION('',(#6480),#6484);
#6480 = LINE('',#6481,#6482);
#6481 = CARTESIAN_POINT('',(0.,1.));
#6482 = VECTOR('',#6483,1.);
#6483 = DIRECTION('',(1.,0.));
#6484 = ( GEOMETRIC_REPRESENTATION_CONTEXT(2) 
PARAMETRIC_REPRESENTATION_CONTEXT() REPRESENTATION_CONTEXT('2D SPACE',''
  ) );
#6485 = ORIENTED_EDGE('',*,*,#6486,.T.);
#6486 = EDGE_CURVE('',#6466,#6487,#6489,.T.);
#6487 = VERTEX_POINT('',#6488);
#6488 = CARTESIAN_POINT('',(-4.134117834099,-4.766782334994,15.8));
#6489 = SURFACE_CURVE('',#6490,(#6493,#6499),.PCURVE_S1.);
#6490 = B_SPLINE_CURVE_WITH_KNOTS('',1,(#6491,#6492),.UNSPECIFIED.,.F.,
  .F.,(2,2),(57.,58.),.PIECEWISE_BEZIER_KNOTS.);
#6491 = CARTESIAN_POINT('',(-3.90033228024,-4.834052216078,15.8));
#6492 = CARTESIAN_POINT('',(-4.134117834099,-4.766782334994,15.8));
#6493 = PCURVE('',#133,#6494);
#6494 = DEFINITIONAL_REPRESENTATION('',(#6495),#6498);
#6495 = B_SPLINE_CURVE_WITH_KNOTS('',1,(#6496,#6497),.UNSPECIFIED.,.F.,
  .F.,(2,2),(57.,58.),.PIECEWISE_BEZIER_KNOTS.);
#6496 = CARTESIAN_POINT('',(10.299699198212,-4.834052216078));
#6497 = CARTESIAN_POINT('',(10.533484752072,-4.766782334994));
#6498 = ( GEOMETRIC_REPRESENTATION_CONTEXT(2) 
PARAMETRIC_REPRESENTATION_CONTEXT() REPRESENTATION_CONTEXT('2D SPACE',''
  ) );
#6499 = PCURVE('',#3449,#6500);
#6500 = DEFINITIONAL_REPRESENTATION('',(#6501),#6505);
#6501 = LINE('',#6502,#6503);
#6502 = CARTESIAN_POINT('',(0.,1.));
#6503 = VECTOR('',#6504,1.);
#6504 = DIRECTION('',(1.,0.));
#6505 = ( GEOMETRIC_REPRESENTATION_CONTEXT(2) 
PARAMETRIC_REPRESENTATION_CONTEXT() REPRESENTATION_CONTEXT('2D SPACE',''
  ) );
#6506 = ORIENTED_EDGE('',*,*,#6507,.T.);
#6507 = EDGE_CURVE('',#6487,#6508,#6510,.T.);
#6508 = VERTEX_POINT('',#6509);
#6509 = CARTESIAN_POINT('',(-4.344566703377,-4.666817714659,15.8));
#6510 = SURFACE_CURVE('',#6511,(#6514,#6520),.PCURVE_S1.);
#6511 = B_SPLINE_CURVE_WITH_KNOTS('',1,(#6512,#6513),.UNSPECIFIED.,.F.,
  .F.,(2,2),(58.,59.),.PIECEWISE_BEZIER_KNOTS.);
#6512 = CARTESIAN_POINT('',(-4.134117834099,-4.766782334994,15.8));
#6513 = CARTESIAN_POINT('',(-4.344566703377,-4.666817714659,15.8));
#6514 = PCURVE('',#133,#6515);
#6515 = DEFINITIONAL_REPRESENTATION('',(#6516),#6519);
#6516 = B_SPLINE_CURVE_WITH_KNOTS('',1,(#6517,#6518),.UNSPECIFIED.,.F.,
  .F.,(2,2),(58.,59.),.PIECEWISE_BEZIER_KNOTS.);
#6517 = CARTESIAN_POINT('',(10.533484752072,-4.766782334994));
#6518 = CARTESIAN_POINT('',(10.743933621349,-4.666817714659));
#6519 = ( GEOMETRIC_REPRESENTATION_CONTEXT(2) 
PARAMETRIC_REPRESENTATION_CONTEXT() REPRESENTATION_CONTEXT('2D SPACE',''
  ) );
#6520 = PCURVE('',#3417,#6521);
#6521 = DEFINITIONAL_REPRESENTATION('',(#6522),#6526);
#6522 = LINE('',#6523,#6524);
#6523 = CARTESIAN_POINT('',(0.,1.));
#6524 = VECTOR('',#6525,1.);
#6525 = DIRECTION('',(1.,0.));
#6526 = ( GEOMETRIC_REPRESENTATION_CONTEXT(2) 
PARAMETRIC_REPRESENTATION_CONTEXT() REPRESENTATION_CONTEXT('2D SPACE',''
  ) );
#6527 = ORIENTED_EDGE('',*,*,#6528,.T.);
#6528 = EDGE_CURVE('',#6508,#6529,#6531,.T.);
#6529 = VERTEX_POINT('',#6530);
#6530 = CARTESIAN_POINT('',(-4.525697350327,-4.525717211724,15.8));
#6531 = SURFACE_CURVE('',#6532,(#6535,#6541),.PCURVE_S1.);
#6532 = B_SPLINE_CURVE_WITH_KNOTS('',1,(#6533,#6534),.UNSPECIFIED.,.F.,
  .F.,(2,2),(59.,60.),.PIECEWISE_BEZIER_KNOTS.);
#6533 = CARTESIAN_POINT('',(-4.344566703377,-4.666817714659,15.8));
#6534 = CARTESIAN_POINT('',(-4.525697350327,-4.525717211724,15.8));
#6535 = PCURVE('',#133,#6536);
#6536 = DEFINITIONAL_REPRESENTATION('',(#6537),#6540);
#6537 = B_SPLINE_CURVE_WITH_KNOTS('',1,(#6538,#6539),.UNSPECIFIED.,.F.,
  .F.,(2,2),(59.,60.),.PIECEWISE_BEZIER_KNOTS.);
#6538 = CARTESIAN_POINT('',(10.743933621349,-4.666817714659));
#6539 = CARTESIAN_POINT('',(10.9250642683,-4.525717211724));
#6540 = ( GEOMETRIC_REPRESENTATION_CONTEXT(2) 
PARAMETRIC_REPRESENTATION_CONTEXT() REPRESENTATION_CONTEXT('2D SPACE',''
  ) );
#6541 = PCURVE('',#3385,#6542);
#6542 = DEFINITIONAL_REPRESENTATION('',(#6543),#6547);
#6543 = LINE('',#6544,#6545);
#6544 = CARTESIAN_POINT('',(0.,1.));
#6545 = VECTOR('',#6546,1.);
#6546 = DIRECTION('',(1.,0.));
#6547 = ( GEOMETRIC_REPRESENTATION_CONTEXT(2) 
PARAMETRIC_REPRESENTATION_CONTEXT() REPRESENTATION_CONTEXT('2D SPACE',''
  ) );
#6548 = ORIENTED_EDGE('',*,*,#6549,.T.);
#6549 = EDGE_CURVE('',#6529,#6550,#6552,.T.);
#6550 = VERTEX_POINT('',#6551);
#6551 = CARTESIAN_POINT('',(-4.667142463395,-4.344239258456,15.8));
#6552 = SURFACE_CURVE('',#6553,(#6556,#6562),.PCURVE_S1.);
#6553 = B_SPLINE_CURVE_WITH_KNOTS('',1,(#6554,#6555),.UNSPECIFIED.,.F.,
  .F.,(2,2),(60.,61.),.PIECEWISE_BEZIER_KNOTS.);
#6554 = CARTESIAN_POINT('',(-4.525697350327,-4.525717211724,15.8));
#6555 = CARTESIAN_POINT('',(-4.667142463395,-4.344239258456,15.8));
#6556 = PCURVE('',#133,#6557);
#6557 = DEFINITIONAL_REPRESENTATION('',(#6558),#6561);
#6558 = B_SPLINE_CURVE_WITH_KNOTS('',1,(#6559,#6560),.UNSPECIFIED.,.F.,
  .F.,(2,2),(60.,61.),.PIECEWISE_BEZIER_KNOTS.);
#6559 = CARTESIAN_POINT('',(10.9250642683,-4.525717211724));
#6560 = CARTESIAN_POINT('',(11.066509381368,-4.344239258456));
#6561 = ( GEOMETRIC_REPRESENTATION_CONTEXT(2) 
PARAMETRIC_REPRESENTATION_CONTEXT() REPRESENTATION_CONTEXT('2D SPACE',''
  ) );
#6562 = PCURVE('',#3353,#6563);
#6563 = DEFINITIONAL_REPRESENTATION('',(#6564),#6568);
#6564 = LINE('',#6565,#6566);
#6565 = CARTESIAN_POINT('',(0.,1.));
#6566 = VECTOR('',#6567,1.);
#6567 = DIRECTION('',(1.,0.));
#6568 = ( GEOMETRIC_REPRESENTATION_CONTEXT(2) 
PARAMETRIC_REPRESENTATION_CONTEXT() REPRESENTATION_CONTEXT('2D SPACE',''
  ) );
#6569 = ORIENTED_EDGE('',*,*,#6570,.T.);
#6570 = EDGE_CURVE('',#6550,#6571,#6573,.T.);
#6571 = VERTEX_POINT('',#6572);
#6572 = CARTESIAN_POINT('',(-4.767375217554,-4.13351202177,15.8));
#6573 = SURFACE_CURVE('',#6574,(#6577,#6583),.PCURVE_S1.);
#6574 = B_SPLINE_CURVE_WITH_KNOTS('',1,(#6575,#6576),.UNSPECIFIED.,.F.,
  .F.,(2,2),(61.,62.),.PIECEWISE_BEZIER_KNOTS.);
#6575 = CARTESIAN_POINT('',(-4.667142463395,-4.344239258456,15.8));
#6576 = CARTESIAN_POINT('',(-4.767375217554,-4.13351202177,15.8));
#6577 = PCURVE('',#133,#6578);
#6578 = DEFINITIONAL_REPRESENTATION('',(#6579),#6582);
#6579 = B_SPLINE_CURVE_WITH_KNOTS('',1,(#6580,#6581),.UNSPECIFIED.,.F.,
  .F.,(2,2),(61.,62.),.PIECEWISE_BEZIER_KNOTS.);
#6580 = CARTESIAN_POINT('',(11.066509381368,-4.344239258456));
#6581 = CARTESIAN_POINT('',(11.166742135527,-4.13351202177));
#6582 = ( GEOMETRIC_REPRESENTATION_CONTEXT(2) 
PARAMETRIC_REPRESENTATION_CONTEXT() REPRESENTATION_CONTEXT('2D SPACE',''
  ) );
#6583 = PCURVE('',#3321,#6584);
#6584 = DEFINITIONAL_REPRESENTATION('',(#6585),#6589);
#6585 = LINE('',#6586,#6587);
#6586 = CARTESIAN_POINT('',(0.,1.));
#6587 = VECTOR('',#6588,1.);
#6588 = DIRECTION('',(1.,0.));
#6589 = ( GEOMETRIC_REPRESENTATION_CONTEXT(2) 
PARAMETRIC_REPRESENTATION_CONTEXT() REPRESENTATION_CONTEXT('2D SPACE',''
  ) );
#6590 = ORIENTED_EDGE('',*,*,#6591,.T.);
#6591 = EDGE_CURVE('',#6571,#6592,#6594,.T.);
#6592 = VERTEX_POINT('',#6593);
#6593 = CARTESIAN_POINT('',(-4.834836696569,-3.899509412634,15.8));
#6594 = SURFACE_CURVE('',#6595,(#6598,#6604),.PCURVE_S1.);
#6595 = B_SPLINE_CURVE_WITH_KNOTS('',1,(#6596,#6597),.UNSPECIFIED.,.F.,
  .F.,(2,2),(62.,63.),.PIECEWISE_BEZIER_KNOTS.);
#6596 = CARTESIAN_POINT('',(-4.767375217554,-4.13351202177,15.8));
#6597 = CARTESIAN_POINT('',(-4.834836696569,-3.899509412634,15.8));
#6598 = PCURVE('',#133,#6599);
#6599 = DEFINITIONAL_REPRESENTATION('',(#6600),#6603);
#6600 = B_SPLINE_CURVE_WITH_KNOTS('',1,(#6601,#6602),.UNSPECIFIED.,.F.,
  .F.,(2,2),(62.,63.),.PIECEWISE_BEZIER_KNOTS.);
#6601 = CARTESIAN_POINT('',(11.166742135527,-4.13351202177));
#6602 = CARTESIAN_POINT('',(11.234203614541,-3.899509412634));
#6603 = ( GEOMETRIC_REPRESENTATION_CONTEXT(2) 
PARAMETRIC_REPRESENTATION_CONTEXT() REPRESENTATION_CONTEXT('2D SPACE',''
  ) );
#6604 = PCURVE('',#3289,#6605);
#6605 = DEFINITIONAL_REPRESENTATION('',(#6606),#6610);
#6606 = LINE('',#6607,#6608);
#6607 = CARTESIAN_POINT('',(0.,1.));
#6608 = VECTOR('',#6609,1.);
#6609 = DIRECTION('',(1.,0.));
#6610 = ( GEOMETRIC_REPRESENTATION_CONTEXT(2) 
PARAMETRIC_REPRESENTATION_CONTEXT() REPRESENTATION_CONTEXT('2D SPACE',''
  ) );
#6611 = ORIENTED_EDGE('',*,*,#6612,.T.);
#6612 = EDGE_CURVE('',#6592,#6613,#6615,.T.);
#6613 = VERTEX_POINT('',#6614);
#6614 = CARTESIAN_POINT('',(-4.877967984204,-3.648205342018,15.8));
#6615 = SURFACE_CURVE('',#6616,(#6619,#6625),.PCURVE_S1.);
#6616 = B_SPLINE_CURVE_WITH_KNOTS('',1,(#6617,#6618),.UNSPECIFIED.,.F.,
  .F.,(2,2),(63.,64.),.PIECEWISE_BEZIER_KNOTS.);
#6617 = CARTESIAN_POINT('',(-4.834836696569,-3.899509412634,15.8));
#6618 = CARTESIAN_POINT('',(-4.877967984204,-3.648205342018,15.8));
#6619 = PCURVE('',#133,#6620);
#6620 = DEFINITIONAL_REPRESENTATION('',(#6621),#6624);
#6621 = B_SPLINE_CURVE_WITH_KNOTS('',1,(#6622,#6623),.UNSPECIFIED.,.F.,
  .F.,(2,2),(63.,64.),.PIECEWISE_BEZIER_KNOTS.);
#6622 = CARTESIAN_POINT('',(11.234203614541,-3.899509412634));
#6623 = CARTESIAN_POINT('',(11.277334902177,-3.648205342018));
#6624 = ( GEOMETRIC_REPRESENTATION_CONTEXT(2) 
PARAMETRIC_REPRESENTATION_CONTEXT() REPRESENTATION_CONTEXT('2D SPACE',''
  ) );
#6625 = PCURVE('',#3257,#6626);
#6626 = DEFINITIONAL_REPRESENTATION('',(#6627),#6631);
#6627 = LINE('',#6628,#6629);
#6628 = CARTESIAN_POINT('',(0.,1.));
#6629 = VECTOR('',#6630,1.);
#6630 = DIRECTION('',(1.,0.));
#6631 = ( GEOMETRIC_REPRESENTATION_CONTEXT(2) 
PARAMETRIC_REPRESENTATION_CONTEXT() REPRESENTATION_CONTEXT('2D SPACE',''
  ) );
#6632 = ORIENTED_EDGE('',*,*,#6633,.T.);
#6633 = EDGE_CURVE('',#6613,#6634,#6636,.T.);
#6634 = VERTEX_POINT('',#6635);
#6635 = CARTESIAN_POINT('',(-4.905210164225,-3.385573720889,15.8));
#6636 = SURFACE_CURVE('',#6637,(#6640,#6646),.PCURVE_S1.);
#6637 = B_SPLINE_CURVE_WITH_KNOTS('',1,(#6638,#6639),.UNSPECIFIED.,.F.,
  .F.,(2,2),(64.,65.),.PIECEWISE_BEZIER_KNOTS.);
#6638 = CARTESIAN_POINT('',(-4.877967984204,-3.648205342018,15.8));
#6639 = CARTESIAN_POINT('',(-4.905210164225,-3.385573720889,15.8));
#6640 = PCURVE('',#133,#6641);
#6641 = DEFINITIONAL_REPRESENTATION('',(#6642),#6645);
#6642 = B_SPLINE_CURVE_WITH_KNOTS('',1,(#6643,#6644),.UNSPECIFIED.,.F.,
  .F.,(2,2),(64.,65.),.PIECEWISE_BEZIER_KNOTS.);
#6643 = CARTESIAN_POINT('',(11.277334902177,-3.648205342018));
#6644 = CARTESIAN_POINT('',(11.304577082198,-3.385573720889));
#6645 = ( GEOMETRIC_REPRESENTATION_CONTEXT(2) 
PARAMETRIC_REPRESENTATION_CONTEXT() REPRESENTATION_CONTEXT('2D SPACE',''
  ) );
#6646 = PCURVE('',#3225,#6647);
#6647 = DEFINITIONAL_REPRESENTATION('',(#6648),#6652);
#6648 = LINE('',#6649,#6650);
#6649 = CARTESIAN_POINT('',(0.,1.));
#6650 = VECTOR('',#6651,1.);
#6651 = DIRECTION('',(1.,0.));
#6652 = ( GEOMETRIC_REPRESENTATION_CONTEXT(2) 
PARAMETRIC_REPRESENTATION_CONTEXT() REPRESENTATION_CONTEXT('2D SPACE',''
  ) );
#6653 = ORIENTED_EDGE('',*,*,#6654,.T.);
#6654 = EDGE_CURVE('',#6634,#6655,#6657,.T.);
#6655 = VERTEX_POINT('',#6656);
#6656 = CARTESIAN_POINT('',(-4.925004320397,-3.117588460218,15.8));
#6657 = SURFACE_CURVE('',#6658,(#6661,#6667),.PCURVE_S1.);
#6658 = B_SPLINE_CURVE_WITH_KNOTS('',1,(#6659,#6660),.UNSPECIFIED.,.F.,
  .F.,(2,2),(65.,66.),.PIECEWISE_BEZIER_KNOTS.);
#6659 = CARTESIAN_POINT('',(-4.905210164225,-3.385573720889,15.8));
#6660 = CARTESIAN_POINT('',(-4.925004320397,-3.117588460218,15.8));
#6661 = PCURVE('',#133,#6662);
#6662 = DEFINITIONAL_REPRESENTATION('',(#6663),#6666);
#6663 = B_SPLINE_CURVE_WITH_KNOTS('',1,(#6664,#6665),.UNSPECIFIED.,.F.,
  .F.,(2,2),(65.,66.),.PIECEWISE_BEZIER_KNOTS.);
#6664 = CARTESIAN_POINT('',(11.304577082198,-3.385573720889));
#6665 = CARTESIAN_POINT('',(11.32437123837,-3.117588460218));
#6666 = ( GEOMETRIC_REPRESENTATION_CONTEXT(2) 
PARAMETRIC_REPRESENTATION_CONTEXT() REPRESENTATION_CONTEXT('2D SPACE',''
  ) );
#6667 = PCURVE('',#3193,#6668);
#6668 = DEFINITIONAL_REPRESENTATION('',(#6669),#6673);
#6669 = LINE('',#6670,#6671);
#6670 = CARTESIAN_POINT('',(0.,1.));
#6671 = VECTOR('',#6672,1.);
#6672 = DIRECTION('',(1.,0.));
#6673 = ( GEOMETRIC_REPRESENTATION_CONTEXT(2) 
PARAMETRIC_REPRESENTATION_CONTEXT() REPRESENTATION_CONTEXT('2D SPACE',''
  ) );
#6674 = ORIENTED_EDGE('',*,*,#6675,.T.);
#6675 = EDGE_CURVE('',#6655,#6676,#6678,.T.);
#6676 = VERTEX_POINT('',#6677);
#6677 = CARTESIAN_POINT('',(-4.945791536485,-2.850223470973,15.8));
#6678 = SURFACE_CURVE('',#6679,(#6682,#6688),.PCURVE_S1.);
#6679 = B_SPLINE_CURVE_WITH_KNOTS('',1,(#6680,#6681),.UNSPECIFIED.,.F.,
  .F.,(2,2),(66.,67.),.PIECEWISE_BEZIER_KNOTS.);
#6680 = CARTESIAN_POINT('',(-4.925004320397,-3.117588460218,15.8));
#6681 = CARTESIAN_POINT('',(-4.945791536485,-2.850223470973,15.8));
#6682 = PCURVE('',#133,#6683);
#6683 = DEFINITIONAL_REPRESENTATION('',(#6684),#6687);
#6684 = B_SPLINE_CURVE_WITH_KNOTS('',1,(#6685,#6686),.UNSPECIFIED.,.F.,
  .F.,(2,2),(66.,67.),.PIECEWISE_BEZIER_KNOTS.);
#6685 = CARTESIAN_POINT('',(11.32437123837,-3.117588460218));
#6686 = CARTESIAN_POINT('',(11.345158454457,-2.850223470973));
#6687 = ( GEOMETRIC_REPRESENTATION_CONTEXT(2) 
PARAMETRIC_REPRESENTATION_CONTEXT() REPRESENTATION_CONTEXT('2D SPACE',''
  ) );
#6688 = PCURVE('',#3161,#6689);
#6689 = DEFINITIONAL_REPRESENTATION('',(#6690),#6694);
#6690 = LINE('',#6691,#6692);
#6691 = CARTESIAN_POINT('',(0.,1.));
#6692 = VECTOR('',#6693,1.);
#6693 = DIRECTION('',(1.,0.));
#6694 = ( GEOMETRIC_REPRESENTATION_CONTEXT(2) 
PARAMETRIC_REPRESENTATION_CONTEXT() REPRESENTATION_CONTEXT('2D SPACE',''
  ) );
#6695 = ORIENTED_EDGE('',*,*,#6696,.T.);
#6696 = EDGE_CURVE('',#6676,#6697,#6699,.T.);
#6697 = VERTEX_POINT('',#6698);
#6698 = CARTESIAN_POINT('',(-4.976012896253,-2.589452664123,15.8));
#6699 = SURFACE_CURVE('',#6700,(#6703,#6709),.PCURVE_S1.);
#6700 = B_SPLINE_CURVE_WITH_KNOTS('',1,(#6701,#6702),.UNSPECIFIED.,.F.,
  .F.,(2,2),(67.,68.),.PIECEWISE_BEZIER_KNOTS.);
#6701 = CARTESIAN_POINT('',(-4.945791536485,-2.850223470973,15.8));
#6702 = CARTESIAN_POINT('',(-4.976012896253,-2.589452664123,15.8));
#6703 = PCURVE('',#133,#6704);
#6704 = DEFINITIONAL_REPRESENTATION('',(#6705),#6708);
#6705 = B_SPLINE_CURVE_WITH_KNOTS('',1,(#6706,#6707),.UNSPECIFIED.,.F.,
  .F.,(2,2),(67.,68.),.PIECEWISE_BEZIER_KNOTS.);
#6706 = CARTESIAN_POINT('',(11.345158454457,-2.850223470973));
#6707 = CARTESIAN_POINT('',(11.375379814226,-2.589452664123));
#6708 = ( GEOMETRIC_REPRESENTATION_CONTEXT(2) 
PARAMETRIC_REPRESENTATION_CONTEXT() REPRESENTATION_CONTEXT('2D SPACE',''
  ) );
#6709 = PCURVE('',#3129,#6710);
#6710 = DEFINITIONAL_REPRESENTATION('',(#6711),#6715);
#6711 = LINE('',#6712,#6713);
#6712 = CARTESIAN_POINT('',(0.,1.));
#6713 = VECTOR('',#6714,1.);
#6714 = DIRECTION('',(1.,0.));
#6715 = ( GEOMETRIC_REPRESENTATION_CONTEXT(2) 
PARAMETRIC_REPRESENTATION_CONTEXT() REPRESENTATION_CONTEXT('2D SPACE',''
  ) );
#6716 = ORIENTED_EDGE('',*,*,#6717,.T.);
#6717 = EDGE_CURVE('',#6697,#6718,#6720,.T.);
#6718 = VERTEX_POINT('',#6719);
#6719 = CARTESIAN_POINT('',(-5.024109483468,-2.341249950637,15.8));
#6720 = SURFACE_CURVE('',#6721,(#6724,#6730),.PCURVE_S1.);
#6721 = B_SPLINE_CURVE_WITH_KNOTS('',1,(#6722,#6723),.UNSPECIFIED.,.F.,
  .F.,(2,2),(68.,69.),.PIECEWISE_BEZIER_KNOTS.);
#6722 = CARTESIAN_POINT('',(-4.976012896253,-2.589452664123,15.8));
#6723 = CARTESIAN_POINT('',(-5.024109483468,-2.341249950637,15.8));
#6724 = PCURVE('',#133,#6725);
#6725 = DEFINITIONAL_REPRESENTATION('',(#6726),#6729);
#6726 = B_SPLINE_CURVE_WITH_KNOTS('',1,(#6727,#6728),.UNSPECIFIED.,.F.,
  .F.,(2,2),(68.,69.),.PIECEWISE_BEZIER_KNOTS.);
#6727 = CARTESIAN_POINT('',(11.375379814226,-2.589452664123));
#6728 = CARTESIAN_POINT('',(11.423476401441,-2.341249950637));
#6729 = ( GEOMETRIC_REPRESENTATION_CONTEXT(2) 
PARAMETRIC_REPRESENTATION_CONTEXT() REPRESENTATION_CONTEXT('2D SPACE',''
  ) );
#6730 = PCURVE('',#3097,#6731);
#6731 = DEFINITIONAL_REPRESENTATION('',(#6732),#6736);
#6732 = LINE('',#6733,#6734);
#6733 = CARTESIAN_POINT('',(0.,1.));
#6734 = VECTOR('',#6735,1.);
#6735 = DIRECTION('',(1.,0.));
#6736 = ( GEOMETRIC_REPRESENTATION_CONTEXT(2) 
PARAMETRIC_REPRESENTATION_CONTEXT() REPRESENTATION_CONTEXT('2D SPACE',''
  ) );
#6737 = ORIENTED_EDGE('',*,*,#6738,.T.);
#6738 = EDGE_CURVE('',#6718,#6739,#6741,.T.);
#6739 = VERTEX_POINT('',#6740);
#6740 = CARTESIAN_POINT('',(-5.098522381894,-2.111589241485,15.8));
#6741 = SURFACE_CURVE('',#6742,(#6745,#6751),.PCURVE_S1.);
#6742 = B_SPLINE_CURVE_WITH_KNOTS('',1,(#6743,#6744),.UNSPECIFIED.,.F.,
  .F.,(2,2),(69.,70.),.PIECEWISE_BEZIER_KNOTS.);
#6743 = CARTESIAN_POINT('',(-5.024109483468,-2.341249950637,15.8));
#6744 = CARTESIAN_POINT('',(-5.098522381894,-2.111589241485,15.8));
#6745 = PCURVE('',#133,#6746);
#6746 = DEFINITIONAL_REPRESENTATION('',(#6747),#6750);
#6747 = B_SPLINE_CURVE_WITH_KNOTS('',1,(#6748,#6749),.UNSPECIFIED.,.F.,
  .F.,(2,2),(69.,70.),.PIECEWISE_BEZIER_KNOTS.);
#6748 = CARTESIAN_POINT('',(11.423476401441,-2.341249950637));
#6749 = CARTESIAN_POINT('',(11.497889299866,-2.111589241485));
#6750 = ( GEOMETRIC_REPRESENTATION_CONTEXT(2) 
PARAMETRIC_REPRESENTATION_CONTEXT() REPRESENTATION_CONTEXT('2D SPACE',''
  ) );
#6751 = PCURVE('',#3065,#6752);
#6752 = DEFINITIONAL_REPRESENTATION('',(#6753),#6757);
#6753 = LINE('',#6754,#6755);
#6754 = CARTESIAN_POINT('',(0.,1.));
#6755 = VECTOR('',#6756,1.);
#6756 = DIRECTION('',(1.,0.));
#6757 = ( GEOMETRIC_REPRESENTATION_CONTEXT(2) 
PARAMETRIC_REPRESENTATION_CONTEXT() REPRESENTATION_CONTEXT('2D SPACE',''
  ) );
#6758 = ORIENTED_EDGE('',*,*,#6759,.T.);
#6759 = EDGE_CURVE('',#6739,#6760,#6762,.T.);
#6760 = VERTEX_POINT('',#6761);
#6761 = CARTESIAN_POINT('',(-5.205993532788,-1.903627753975,15.8));
#6762 = SURFACE_CURVE('',#6763,(#6766,#6772),.PCURVE_S1.);
#6763 = B_SPLINE_CURVE_WITH_KNOTS('',1,(#6764,#6765),.UNSPECIFIED.,.F.,
  .F.,(2,2),(70.,71.),.PIECEWISE_BEZIER_KNOTS.);
#6764 = CARTESIAN_POINT('',(-5.098522381894,-2.111589241485,15.8));
#6765 = CARTESIAN_POINT('',(-5.205993532788,-1.903627753975,15.8));
#6766 = PCURVE('',#133,#6767);
#6767 = DEFINITIONAL_REPRESENTATION('',(#6768),#6771);
#6768 = B_SPLINE_CURVE_WITH_KNOTS('',1,(#6769,#6770),.UNSPECIFIED.,.F.,
  .F.,(2,2),(70.,71.),.PIECEWISE_BEZIER_KNOTS.);
#6769 = CARTESIAN_POINT('',(11.497889299866,-2.111589241485));
#6770 = CARTESIAN_POINT('',(11.605360450761,-1.903627753975));
#6771 = ( GEOMETRIC_REPRESENTATION_CONTEXT(2) 
PARAMETRIC_REPRESENTATION_CONTEXT() REPRESENTATION_CONTEXT('2D SPACE',''
  ) );
#6772 = PCURVE('',#3033,#6773);
#6773 = DEFINITIONAL_REPRESENTATION('',(#6774),#6778);
#6774 = LINE('',#6775,#6776);
#6775 = CARTESIAN_POINT('',(0.,1.));
#6776 = VECTOR('',#6777,1.);
#6777 = DIRECTION('',(1.,0.));
#6778 = ( GEOMETRIC_REPRESENTATION_CONTEXT(2) 
PARAMETRIC_REPRESENTATION_CONTEXT() REPRESENTATION_CONTEXT('2D SPACE',''
  ) );
#6779 = ORIENTED_EDGE('',*,*,#6780,.T.);
#6780 = EDGE_CURVE('',#6760,#6781,#6783,.T.);
#6781 = VERTEX_POINT('',#6782);
#6782 = CARTESIAN_POINT('',(-5.346158469586,-1.699817794958,15.8));
#6783 = SURFACE_CURVE('',#6784,(#6787,#6793),.PCURVE_S1.);
#6784 = B_SPLINE_CURVE_WITH_KNOTS('',1,(#6785,#6786),.UNSPECIFIED.,.F.,
  .F.,(2,2),(71.,72.),.PIECEWISE_BEZIER_KNOTS.);
#6785 = CARTESIAN_POINT('',(-5.205993532788,-1.903627753975,15.8));
#6786 = CARTESIAN_POINT('',(-5.346158469586,-1.699817794958,15.8));
#6787 = PCURVE('',#133,#6788);
#6788 = DEFINITIONAL_REPRESENTATION('',(#6789),#6792);
#6789 = B_SPLINE_CURVE_WITH_KNOTS('',1,(#6790,#6791),.UNSPECIFIED.,.F.,
  .F.,(2,2),(71.,72.),.PIECEWISE_BEZIER_KNOTS.);
#6790 = CARTESIAN_POINT('',(11.605360450761,-1.903627753975));
#6791 = CARTESIAN_POINT('',(11.745525387559,-1.699817794958));
#6792 = ( GEOMETRIC_REPRESENTATION_CONTEXT(2) 
PARAMETRIC_REPRESENTATION_CONTEXT() REPRESENTATION_CONTEXT('2D SPACE',''
  ) );
#6793 = PCURVE('',#3001,#6794);
#6794 = DEFINITIONAL_REPRESENTATION('',(#6795),#6799);
#6795 = LINE('',#6796,#6797);
#6796 = CARTESIAN_POINT('',(0.,1.));
#6797 = VECTOR('',#6798,1.);
#6798 = DIRECTION('',(1.,0.));
#6799 = ( GEOMETRIC_REPRESENTATION_CONTEXT(2) 
PARAMETRIC_REPRESENTATION_CONTEXT() REPRESENTATION_CONTEXT('2D SPACE',''
  ) );
#6800 = ORIENTED_EDGE('',*,*,#6801,.T.);
#6801 = EDGE_CURVE('',#6781,#6802,#6804,.T.);
#6802 = VERTEX_POINT('',#6803);
#6803 = CARTESIAN_POINT('',(-5.508652015835,-1.498336088197,15.8));
#6804 = SURFACE_CURVE('',#6805,(#6808,#6814),.PCURVE_S1.);
#6805 = B_SPLINE_CURVE_WITH_KNOTS('',1,(#6806,#6807),.UNSPECIFIED.,.F.,
  .F.,(2,2),(72.,73.),.PIECEWISE_BEZIER_KNOTS.);
#6806 = CARTESIAN_POINT('',(-5.346158469586,-1.699817794958,15.8));
#6807 = CARTESIAN_POINT('',(-5.508652015835,-1.498336088197,15.8));
#6808 = PCURVE('',#133,#6809);
#6809 = DEFINITIONAL_REPRESENTATION('',(#6810),#6813);
#6810 = B_SPLINE_CURVE_WITH_KNOTS('',1,(#6811,#6812),.UNSPECIFIED.,.F.,
  .F.,(2,2),(72.,73.),.PIECEWISE_BEZIER_KNOTS.);
#6811 = CARTESIAN_POINT('',(11.745525387559,-1.699817794958));
#6812 = CARTESIAN_POINT('',(11.908018933808,-1.498336088197));
#6813 = ( GEOMETRIC_REPRESENTATION_CONTEXT(2) 
PARAMETRIC_REPRESENTATION_CONTEXT() REPRESENTATION_CONTEXT('2D SPACE',''
  ) );
#6814 = PCURVE('',#2969,#6815);
#6815 = DEFINITIONAL_REPRESENTATION('',(#6816),#6820);
#6816 = LINE('',#6817,#6818);
#6817 = CARTESIAN_POINT('',(0.,1.));
#6818 = VECTOR('',#6819,1.);
#6819 = DIRECTION('',(1.,0.));
#6820 = ( GEOMETRIC_REPRESENTATION_CONTEXT(2) 
PARAMETRIC_REPRESENTATION_CONTEXT() REPRESENTATION_CONTEXT('2D SPACE',''
  ) );
#6821 = ORIENTED_EDGE('',*,*,#6822,.T.);
#6822 = EDGE_CURVE('',#6802,#6823,#6825,.T.);
#6823 = VERTEX_POINT('',#6824);
#6824 = CARTESIAN_POINT('',(-5.683108995079,-1.297359357453,15.8));
#6825 = SURFACE_CURVE('',#6826,(#6829,#6835),.PCURVE_S1.);
#6826 = B_SPLINE_CURVE_WITH_KNOTS('',1,(#6827,#6828),.UNSPECIFIED.,.F.,
  .F.,(2,2),(73.,74.),.PIECEWISE_BEZIER_KNOTS.);
#6827 = CARTESIAN_POINT('',(-5.508652015835,-1.498336088197,15.8));
#6828 = CARTESIAN_POINT('',(-5.683108995079,-1.297359357453,15.8));
#6829 = PCURVE('',#133,#6830);
#6830 = DEFINITIONAL_REPRESENTATION('',(#6831),#6834);
#6831 = B_SPLINE_CURVE_WITH_KNOTS('',1,(#6832,#6833),.UNSPECIFIED.,.F.,
  .F.,(2,2),(73.,74.),.PIECEWISE_BEZIER_KNOTS.);
#6832 = CARTESIAN_POINT('',(11.908018933808,-1.498336088197));
#6833 = CARTESIAN_POINT('',(12.082475913052,-1.297359357453));
#6834 = ( GEOMETRIC_REPRESENTATION_CONTEXT(2) 
PARAMETRIC_REPRESENTATION_CONTEXT() REPRESENTATION_CONTEXT('2D SPACE',''
  ) );
#6835 = PCURVE('',#2937,#6836);
#6836 = DEFINITIONAL_REPRESENTATION('',(#6837),#6841);
#6837 = LINE('',#6838,#6839);
#6838 = CARTESIAN_POINT('',(0.,1.));
#6839 = VECTOR('',#6840,1.);
#6840 = DIRECTION('',(1.,0.));
#6841 = ( GEOMETRIC_REPRESENTATION_CONTEXT(2) 
PARAMETRIC_REPRESENTATION_CONTEXT() REPRESENTATION_CONTEXT('2D SPACE',''
  ) );
#6842 = ORIENTED_EDGE('',*,*,#6843,.T.);
#6843 = EDGE_CURVE('',#6823,#6844,#6846,.T.);
#6844 = VERTEX_POINT('',#6845);
#6845 = CARTESIAN_POINT('',(-5.859164230865,-1.095064326487,15.8));
#6846 = SURFACE_CURVE('',#6847,(#6850,#6856),.PCURVE_S1.);
#6847 = B_SPLINE_CURVE_WITH_KNOTS('',1,(#6848,#6849),.UNSPECIFIED.,.F.,
  .F.,(2,2),(74.,75.),.PIECEWISE_BEZIER_KNOTS.);
#6848 = CARTESIAN_POINT('',(-5.683108995079,-1.297359357453,15.8));
#6849 = CARTESIAN_POINT('',(-5.859164230865,-1.095064326487,15.8));
#6850 = PCURVE('',#133,#6851);
#6851 = DEFINITIONAL_REPRESENTATION('',(#6852),#6855);
#6852 = B_SPLINE_CURVE_WITH_KNOTS('',1,(#6853,#6854),.UNSPECIFIED.,.F.,
  .F.,(2,2),(74.,75.),.PIECEWISE_BEZIER_KNOTS.);
#6853 = CARTESIAN_POINT('',(12.082475913052,-1.297359357453));
#6854 = CARTESIAN_POINT('',(12.258531148838,-1.095064326487));
#6855 = ( GEOMETRIC_REPRESENTATION_CONTEXT(2) 
PARAMETRIC_REPRESENTATION_CONTEXT() REPRESENTATION_CONTEXT('2D SPACE',''
  ) );
#6856 = PCURVE('',#2905,#6857);
#6857 = DEFINITIONAL_REPRESENTATION('',(#6858),#6862);
#6858 = LINE('',#6859,#6860);
#6859 = CARTESIAN_POINT('',(0.,1.));
#6860 = VECTOR('',#6861,1.);
#6861 = DIRECTION('',(1.,0.));
#6862 = ( GEOMETRIC_REPRESENTATION_CONTEXT(2) 
PARAMETRIC_REPRESENTATION_CONTEXT() REPRESENTATION_CONTEXT('2D SPACE',''
  ) );
#6863 = ORIENTED_EDGE('',*,*,#6864,.T.);
#6864 = EDGE_CURVE('',#6844,#6865,#6867,.T.);
#6865 = VERTEX_POINT('',#6866);
#6866 = CARTESIAN_POINT('',(-6.026452546739,-0.889627719062,15.8));
#6867 = SURFACE_CURVE('',#6868,(#6871,#6877),.PCURVE_S1.);
#6868 = B_SPLINE_CURVE_WITH_KNOTS('',1,(#6869,#6870),.UNSPECIFIED.,.F.,
  .F.,(2,2),(75.,76.),.PIECEWISE_BEZIER_KNOTS.);
#6869 = CARTESIAN_POINT('',(-5.859164230865,-1.095064326487,15.8));
#6870 = CARTESIAN_POINT('',(-6.026452546739,-0.889627719062,15.8));
#6871 = PCURVE('',#133,#6872);
#6872 = DEFINITIONAL_REPRESENTATION('',(#6873),#6876);
#6873 = B_SPLINE_CURVE_WITH_KNOTS('',1,(#6874,#6875),.UNSPECIFIED.,.F.,
  .F.,(2,2),(75.,76.),.PIECEWISE_BEZIER_KNOTS.);
#6874 = CARTESIAN_POINT('',(12.258531148838,-1.095064326487));
#6875 = CARTESIAN_POINT('',(12.425819464712,-0.889627719062));
#6876 = ( GEOMETRIC_REPRESENTATION_CONTEXT(2) 
PARAMETRIC_REPRESENTATION_CONTEXT() REPRESENTATION_CONTEXT('2D SPACE',''
  ) );
#6877 = PCURVE('',#2873,#6878);
#6878 = DEFINITIONAL_REPRESENTATION('',(#6879),#6883);
#6879 = LINE('',#6880,#6881);
#6880 = CARTESIAN_POINT('',(0.,1.));
#6881 = VECTOR('',#6882,1.);
#6882 = DIRECTION('',(1.,0.));
#6883 = ( GEOMETRIC_REPRESENTATION_CONTEXT(2) 
PARAMETRIC_REPRESENTATION_CONTEXT() REPRESENTATION_CONTEXT('2D SPACE',''
  ) );
#6884 = ORIENTED_EDGE('',*,*,#6885,.T.);
#6885 = EDGE_CURVE('',#6865,#6886,#6888,.T.);
#6886 = VERTEX_POINT('',#6887);
#6887 = CARTESIAN_POINT('',(-6.174608766246,-0.679226258939,15.8));
#6888 = SURFACE_CURVE('',#6889,(#6892,#6898),.PCURVE_S1.);
#6889 = B_SPLINE_CURVE_WITH_KNOTS('',1,(#6890,#6891),.UNSPECIFIED.,.F.,
  .F.,(2,2),(76.,77.),.PIECEWISE_BEZIER_KNOTS.);
#6890 = CARTESIAN_POINT('',(-6.026452546739,-0.889627719062,15.8));
#6891 = CARTESIAN_POINT('',(-6.174608766246,-0.679226258939,15.8));
#6892 = PCURVE('',#133,#6893);
#6893 = DEFINITIONAL_REPRESENTATION('',(#6894),#6897);
#6894 = B_SPLINE_CURVE_WITH_KNOTS('',1,(#6895,#6896),.UNSPECIFIED.,.F.,
  .F.,(2,2),(76.,77.),.PIECEWISE_BEZIER_KNOTS.);
#6895 = CARTESIAN_POINT('',(12.425819464712,-0.889627719062));
#6896 = CARTESIAN_POINT('',(12.573975684219,-0.679226258939));
#6897 = ( GEOMETRIC_REPRESENTATION_CONTEXT(2) 
PARAMETRIC_REPRESENTATION_CONTEXT() REPRESENTATION_CONTEXT('2D SPACE',''
  ) );
#6898 = PCURVE('',#2841,#6899);
#6899 = DEFINITIONAL_REPRESENTATION('',(#6900),#6904);
#6900 = LINE('',#6901,#6902);
#6901 = CARTESIAN_POINT('',(0.,1.));
#6902 = VECTOR('',#6903,1.);
#6903 = DIRECTION('',(1.,0.));
#6904 = ( GEOMETRIC_REPRESENTATION_CONTEXT(2) 
PARAMETRIC_REPRESENTATION_CONTEXT() REPRESENTATION_CONTEXT('2D SPACE',''
  ) );
#6905 = ORIENTED_EDGE('',*,*,#6906,.T.);
#6906 = EDGE_CURVE('',#6886,#6907,#6909,.T.);
#6907 = VERTEX_POINT('',#6908);
#6908 = CARTESIAN_POINT('',(-6.293267712933,-0.46203666988,15.8));
#6909 = SURFACE_CURVE('',#6910,(#6913,#6919),.PCURVE_S1.);
#6910 = B_SPLINE_CURVE_WITH_KNOTS('',1,(#6911,#6912),.UNSPECIFIED.,.F.,
  .F.,(2,2),(77.,78.),.PIECEWISE_BEZIER_KNOTS.);
#6911 = CARTESIAN_POINT('',(-6.174608766246,-0.679226258939,15.8));
#6912 = CARTESIAN_POINT('',(-6.293267712933,-0.46203666988,15.8));
#6913 = PCURVE('',#133,#6914);
#6914 = DEFINITIONAL_REPRESENTATION('',(#6915),#6918);
#6915 = B_SPLINE_CURVE_WITH_KNOTS('',1,(#6916,#6917),.UNSPECIFIED.,.F.,
  .F.,(2,2),(77.,78.),.PIECEWISE_BEZIER_KNOTS.);
#6916 = CARTESIAN_POINT('',(12.573975684219,-0.679226258939));
#6917 = CARTESIAN_POINT('',(12.692634630906,-0.46203666988));
#6918 = ( GEOMETRIC_REPRESENTATION_CONTEXT(2) 
PARAMETRIC_REPRESENTATION_CONTEXT() REPRESENTATION_CONTEXT('2D SPACE',''
  ) );
#6919 = PCURVE('',#2809,#6920);
#6920 = DEFINITIONAL_REPRESENTATION('',(#6921),#6925);
#6921 = LINE('',#6922,#6923);
#6922 = CARTESIAN_POINT('',(0.,1.));
#6923 = VECTOR('',#6924,1.);
#6924 = DIRECTION('',(1.,0.));
#6925 = ( GEOMETRIC_REPRESENTATION_CONTEXT(2) 
PARAMETRIC_REPRESENTATION_CONTEXT() REPRESENTATION_CONTEXT('2D SPACE',''
  ) );
#6926 = ORIENTED_EDGE('',*,*,#6927,.T.);
#6927 = EDGE_CURVE('',#6907,#6928,#6930,.T.);
#6928 = VERTEX_POINT('',#6929);
#6929 = CARTESIAN_POINT('',(-6.372064210345,-0.236235675646,15.8));
#6930 = SURFACE_CURVE('',#6931,(#6934,#6940),.PCURVE_S1.);
#6931 = B_SPLINE_CURVE_WITH_KNOTS('',1,(#6932,#6933),.UNSPECIFIED.,.F.,
  .F.,(2,2),(78.,79.),.PIECEWISE_BEZIER_KNOTS.);
#6932 = CARTESIAN_POINT('',(-6.293267712933,-0.46203666988,15.8));
#6933 = CARTESIAN_POINT('',(-6.372064210345,-0.236235675646,15.8));
#6934 = PCURVE('',#133,#6935);
#6935 = DEFINITIONAL_REPRESENTATION('',(#6936),#6939);
#6936 = B_SPLINE_CURVE_WITH_KNOTS('',1,(#6937,#6938),.UNSPECIFIED.,.F.,
  .F.,(2,2),(78.,79.),.PIECEWISE_BEZIER_KNOTS.);
#6937 = CARTESIAN_POINT('',(12.692634630906,-0.46203666988));
#6938 = CARTESIAN_POINT('',(12.771431128317,-0.236235675646));
#6939 = ( GEOMETRIC_REPRESENTATION_CONTEXT(2) 
PARAMETRIC_REPRESENTATION_CONTEXT() REPRESENTATION_CONTEXT('2D SPACE',''
  ) );
#6940 = PCURVE('',#2777,#6941);
#6941 = DEFINITIONAL_REPRESENTATION('',(#6942),#6946);
#6942 = LINE('',#6943,#6944);
#6943 = CARTESIAN_POINT('',(0.,1.));
#6944 = VECTOR('',#6945,1.);
#6945 = DIRECTION('',(1.,0.));
#6946 = ( GEOMETRIC_REPRESENTATION_CONTEXT(2) 
PARAMETRIC_REPRESENTATION_CONTEXT() REPRESENTATION_CONTEXT('2D SPACE',''
  ) );
#6947 = ORIENTED_EDGE('',*,*,#6948,.T.);
#6948 = EDGE_CURVE('',#6928,#6949,#6951,.T.);
#6949 = VERTEX_POINT('',#6950);
#6950 = CARTESIAN_POINT('',(-6.400633082027,-0.,15.8));
#6951 = SURFACE_CURVE('',#6952,(#6955,#6961),.PCURVE_S1.);
#6952 = B_SPLINE_CURVE_WITH_KNOTS('',1,(#6953,#6954),.UNSPECIFIED.,.F.,
  .F.,(2,2),(79.,80.),.PIECEWISE_BEZIER_KNOTS.);
#6953 = CARTESIAN_POINT('',(-6.372064210345,-0.236235675646,15.8));
#6954 = CARTESIAN_POINT('',(-6.400633082027,0.,15.8));
#6955 = PCURVE('',#133,#6956);
#6956 = DEFINITIONAL_REPRESENTATION('',(#6957),#6960);
#6957 = B_SPLINE_CURVE_WITH_KNOTS('',1,(#6958,#6959),.UNSPECIFIED.,.F.,
  .F.,(2,2),(79.,80.),.PIECEWISE_BEZIER_KNOTS.);
#6958 = CARTESIAN_POINT('',(12.771431128317,-0.236235675646));
#6959 = CARTESIAN_POINT('',(12.8,0.));
#6960 = ( GEOMETRIC_REPRESENTATION_CONTEXT(2) 
PARAMETRIC_REPRESENTATION_CONTEXT() REPRESENTATION_CONTEXT('2D SPACE',''
  ) );
#6961 = PCURVE('',#2745,#6962);
#6962 = DEFINITIONAL_REPRESENTATION('',(#6963),#6967);
#6963 = LINE('',#6964,#6965);
#6964 = CARTESIAN_POINT('',(0.,1.));
#6965 = VECTOR('',#6966,1.);
#6966 = DIRECTION('',(1.,0.));
#6967 = ( GEOMETRIC_REPRESENTATION_CONTEXT(2) 
PARAMETRIC_REPRESENTATION_CONTEXT() REPRESENTATION_CONTEXT('2D SPACE',''
  ) );
#6968 = ORIENTED_EDGE('',*,*,#6969,.T.);
#6969 = EDGE_CURVE('',#6949,#6970,#6972,.T.);
#6970 = VERTEX_POINT('',#6971);
#6971 = CARTESIAN_POINT('',(-6.372064210345,0.236548691262,15.8));
#6972 = SURFACE_CURVE('',#6973,(#6976,#6982),.PCURVE_S1.);
#6973 = B_SPLINE_CURVE_WITH_KNOTS('',1,(#6974,#6975),.UNSPECIFIED.,.F.,
  .F.,(2,2),(80.,81.),.PIECEWISE_BEZIER_KNOTS.);
#6974 = CARTESIAN_POINT('',(-6.400633082027,0.,15.8));
#6975 = CARTESIAN_POINT('',(-6.372064210345,0.236548691262,15.8));
#6976 = PCURVE('',#133,#6977);
#6977 = DEFINITIONAL_REPRESENTATION('',(#6978),#6981);
#6978 = B_SPLINE_CURVE_WITH_KNOTS('',1,(#6979,#6980),.UNSPECIFIED.,.F.,
  .F.,(2,2),(80.,81.),.PIECEWISE_BEZIER_KNOTS.);
#6979 = CARTESIAN_POINT('',(12.8,0.));
#6980 = CARTESIAN_POINT('',(12.771431128317,0.236548691262));
#6981 = ( GEOMETRIC_REPRESENTATION_CONTEXT(2) 
PARAMETRIC_REPRESENTATION_CONTEXT() REPRESENTATION_CONTEXT('2D SPACE',''
  ) );
#6982 = PCURVE('',#2713,#6983);
#6983 = DEFINITIONAL_REPRESENTATION('',(#6984),#6988);
#6984 = LINE('',#6985,#6986);
#6985 = CARTESIAN_POINT('',(0.,1.));
#6986 = VECTOR('',#6987,1.);
#6987 = DIRECTION('',(1.,0.));
#6988 = ( GEOMETRIC_REPRESENTATION_CONTEXT(2) 
PARAMETRIC_REPRESENTATION_CONTEXT() REPRESENTATION_CONTEXT('2D SPACE',''
  ) );
#6989 = ORIENTED_EDGE('',*,*,#6990,.T.);
#6990 = EDGE_CURVE('',#6970,#6991,#6993,.T.);
#6991 = VERTEX_POINT('',#6992);
#6992 = CARTESIAN_POINT('',(-6.293267712933,0.462529828366,15.8));
#6993 = SURFACE_CURVE('',#6994,(#6997,#7003),.PCURVE_S1.);
#6994 = B_SPLINE_CURVE_WITH_KNOTS('',1,(#6995,#6996),.UNSPECIFIED.,.F.,
  .F.,(2,2),(81.,82.),.PIECEWISE_BEZIER_KNOTS.);
#6995 = CARTESIAN_POINT('',(-6.372064210345,0.236548691262,15.8));
#6996 = CARTESIAN_POINT('',(-6.293267712933,0.462529828366,15.8));
#6997 = PCURVE('',#133,#6998);
#6998 = DEFINITIONAL_REPRESENTATION('',(#6999),#7002);
#6999 = B_SPLINE_CURVE_WITH_KNOTS('',1,(#7000,#7001),.UNSPECIFIED.,.F.,
  .F.,(2,2),(81.,82.),.PIECEWISE_BEZIER_KNOTS.);
#7000 = CARTESIAN_POINT('',(12.771431128317,0.236548691262));
#7001 = CARTESIAN_POINT('',(12.692634630906,0.462529828366));
#7002 = ( GEOMETRIC_REPRESENTATION_CONTEXT(2) 
PARAMETRIC_REPRESENTATION_CONTEXT() REPRESENTATION_CONTEXT('2D SPACE',''
  ) );
#7003 = PCURVE('',#2681,#7004);
#7004 = DEFINITIONAL_REPRESENTATION('',(#7005),#7009);
#7005 = LINE('',#7006,#7007);
#7006 = CARTESIAN_POINT('',(0.,1.));
#7007 = VECTOR('',#7008,1.);
#7008 = DIRECTION('',(1.,0.));
#7009 = ( GEOMETRIC_REPRESENTATION_CONTEXT(2) 
PARAMETRIC_REPRESENTATION_CONTEXT() REPRESENTATION_CONTEXT('2D SPACE',''
  ) );
#7010 = ORIENTED_EDGE('',*,*,#7011,.T.);
#7011 = EDGE_CURVE('',#6991,#7012,#7014,.T.);
#7012 = VERTEX_POINT('',#7013);
#7013 = CARTESIAN_POINT('',(-6.174608766246,0.679790223305,15.8));
#7014 = SURFACE_CURVE('',#7015,(#7018,#7024),.PCURVE_S1.);
#7015 = B_SPLINE_CURVE_WITH_KNOTS('',1,(#7016,#7017),.UNSPECIFIED.,.F.,
  .F.,(2,2),(82.,83.),.PIECEWISE_BEZIER_KNOTS.);
#7016 = CARTESIAN_POINT('',(-6.293267712933,0.462529828366,15.8));
#7017 = CARTESIAN_POINT('',(-6.174608766246,0.679790223305,15.8));
#7018 = PCURVE('',#133,#7019);
#7019 = DEFINITIONAL_REPRESENTATION('',(#7020),#7023);
#7020 = B_SPLINE_CURVE_WITH_KNOTS('',1,(#7021,#7022),.UNSPECIFIED.,.F.,
  .F.,(2,2),(82.,83.),.PIECEWISE_BEZIER_KNOTS.);
#7021 = CARTESIAN_POINT('',(12.692634630906,0.462529828366));
#7022 = CARTESIAN_POINT('',(12.573975684219,0.679790223305));
#7023 = ( GEOMETRIC_REPRESENTATION_CONTEXT(2) 
PARAMETRIC_REPRESENTATION_CONTEXT() REPRESENTATION_CONTEXT('2D SPACE',''
  ) );
#7024 = PCURVE('',#2649,#7025);
#7025 = DEFINITIONAL_REPRESENTATION('',(#7026),#7030);
#7026 = LINE('',#7027,#7028);
#7027 = CARTESIAN_POINT('',(0.,1.));
#7028 = VECTOR('',#7029,1.);
#7029 = DIRECTION('',(1.,0.));
#7030 = ( GEOMETRIC_REPRESENTATION_CONTEXT(2) 
PARAMETRIC_REPRESENTATION_CONTEXT() REPRESENTATION_CONTEXT('2D SPACE',''
  ) );
#7031 = ORIENTED_EDGE('',*,*,#7032,.T.);
#7032 = EDGE_CURVE('',#7012,#7033,#7035,.T.);
#7033 = VERTEX_POINT('',#7034);
#7034 = CARTESIAN_POINT('',(-6.026452546739,0.890176688073,15.8));
#7035 = SURFACE_CURVE('',#7036,(#7039,#7045),.PCURVE_S1.);
#7036 = B_SPLINE_CURVE_WITH_KNOTS('',1,(#7037,#7038),.UNSPECIFIED.,.F.,
  .F.,(2,2),(83.,84.),.PIECEWISE_BEZIER_KNOTS.);
#7037 = CARTESIAN_POINT('',(-6.174608766246,0.679790223305,15.8));
#7038 = CARTESIAN_POINT('',(-6.026452546739,0.890176688073,15.8));
#7039 = PCURVE('',#133,#7040);
#7040 = DEFINITIONAL_REPRESENTATION('',(#7041),#7044);
#7041 = B_SPLINE_CURVE_WITH_KNOTS('',1,(#7042,#7043),.UNSPECIFIED.,.F.,
  .F.,(2,2),(83.,84.),.PIECEWISE_BEZIER_KNOTS.);
#7042 = CARTESIAN_POINT('',(12.573975684219,0.679790223305));
#7043 = CARTESIAN_POINT('',(12.425819464712,0.890176688073));
#7044 = ( GEOMETRIC_REPRESENTATION_CONTEXT(2) 
PARAMETRIC_REPRESENTATION_CONTEXT() REPRESENTATION_CONTEXT('2D SPACE',''
  ) );
#7045 = PCURVE('',#2617,#7046);
#7046 = DEFINITIONAL_REPRESENTATION('',(#7047),#7051);
#7047 = LINE('',#7048,#7049);
#7048 = CARTESIAN_POINT('',(0.,1.));
#7049 = VECTOR('',#7050,1.);
#7050 = DIRECTION('',(1.,0.));
#7051 = ( GEOMETRIC_REPRESENTATION_CONTEXT(2) 
PARAMETRIC_REPRESENTATION_CONTEXT() REPRESENTATION_CONTEXT('2D SPACE',''
  ) );
#7052 = ORIENTED_EDGE('',*,*,#7053,.T.);
#7053 = EDGE_CURVE('',#7033,#7054,#7056,.T.);
#7054 = VERTEX_POINT('',#7055);
#7055 = CARTESIAN_POINT('',(-5.859164230865,1.095536034664,15.8));
#7056 = SURFACE_CURVE('',#7057,(#7060,#7066),.PCURVE_S1.);
#7057 = B_SPLINE_CURVE_WITH_KNOTS('',1,(#7058,#7059),.UNSPECIFIED.,.F.,
  .F.,(2,2),(84.,85.),.PIECEWISE_BEZIER_KNOTS.);
#7058 = CARTESIAN_POINT('',(-6.026452546739,0.890176688073,15.8));
#7059 = CARTESIAN_POINT('',(-5.859164230865,1.095536034664,15.8));
#7060 = PCURVE('',#133,#7061);
#7061 = DEFINITIONAL_REPRESENTATION('',(#7062),#7065);
#7062 = B_SPLINE_CURVE_WITH_KNOTS('',1,(#7063,#7064),.UNSPECIFIED.,.F.,
  .F.,(2,2),(84.,85.),.PIECEWISE_BEZIER_KNOTS.);
#7063 = CARTESIAN_POINT('',(12.425819464712,0.890176688073));
#7064 = CARTESIAN_POINT('',(12.258531148838,1.095536034664));
#7065 = ( GEOMETRIC_REPRESENTATION_CONTEXT(2) 
PARAMETRIC_REPRESENTATION_CONTEXT() REPRESENTATION_CONTEXT('2D SPACE',''
  ) );
#7066 = PCURVE('',#2585,#7067);
#7067 = DEFINITIONAL_REPRESENTATION('',(#7068),#7072);
#7068 = LINE('',#7069,#7070);
#7069 = CARTESIAN_POINT('',(0.,1.));
#7070 = VECTOR('',#7071,1.);
#7071 = DIRECTION('',(1.,0.));
#7072 = ( GEOMETRIC_REPRESENTATION_CONTEXT(2) 
PARAMETRIC_REPRESENTATION_CONTEXT() REPRESENTATION_CONTEXT('2D SPACE',''
  ) );
#7073 = ORIENTED_EDGE('',*,*,#7074,.T.);
#7074 = EDGE_CURVE('',#7054,#7075,#7077,.T.);
#7075 = VERTEX_POINT('',#7076);
#7076 = CARTESIAN_POINT('',(-5.683108995079,1.297715075072,15.8));
#7077 = SURFACE_CURVE('',#7078,(#7081,#7087),.PCURVE_S1.);
#7078 = B_SPLINE_CURVE_WITH_KNOTS('',1,(#7079,#7080),.UNSPECIFIED.,.F.,
  .F.,(2,2),(85.,86.),.PIECEWISE_BEZIER_KNOTS.);
#7079 = CARTESIAN_POINT('',(-5.859164230865,1.095536034664,15.8));
#7080 = CARTESIAN_POINT('',(-5.683108995079,1.297715075072,15.8));
#7081 = PCURVE('',#133,#7082);
#7082 = DEFINITIONAL_REPRESENTATION('',(#7083),#7086);
#7083 = B_SPLINE_CURVE_WITH_KNOTS('',1,(#7084,#7085),.UNSPECIFIED.,.F.,
  .F.,(2,2),(85.,86.),.PIECEWISE_BEZIER_KNOTS.);
#7084 = CARTESIAN_POINT('',(12.258531148838,1.095536034664));
#7085 = CARTESIAN_POINT('',(12.082475913052,1.297715075072));
#7086 = ( GEOMETRIC_REPRESENTATION_CONTEXT(2) 
PARAMETRIC_REPRESENTATION_CONTEXT() REPRESENTATION_CONTEXT('2D SPACE',''
  ) );
#7087 = PCURVE('',#2553,#7088);
#7088 = DEFINITIONAL_REPRESENTATION('',(#7089),#7093);
#7089 = LINE('',#7090,#7091);
#7090 = CARTESIAN_POINT('',(0.,1.));
#7091 = VECTOR('',#7092,1.);
#7092 = DIRECTION('',(1.,0.));
#7093 = ( GEOMETRIC_REPRESENTATION_CONTEXT(2) 
PARAMETRIC_REPRESENTATION_CONTEXT() REPRESENTATION_CONTEXT('2D SPACE',''
  ) );
#7094 = ORIENTED_EDGE('',*,*,#7095,.T.);
#7095 = EDGE_CURVE('',#7075,#7096,#7098,.T.);
#7096 = VERTEX_POINT('',#7097);
#7097 = CARTESIAN_POINT('',(-5.508652015835,1.498560621289,15.8));
#7098 = SURFACE_CURVE('',#7099,(#7102,#7108),.PCURVE_S1.);
#7099 = B_SPLINE_CURVE_WITH_KNOTS('',1,(#7100,#7101),.UNSPECIFIED.,.F.,
  .F.,(2,2),(86.,87.),.PIECEWISE_BEZIER_KNOTS.);
#7100 = CARTESIAN_POINT('',(-5.683108995079,1.297715075072,15.8));
#7101 = CARTESIAN_POINT('',(-5.508652015835,1.498560621289,15.8));
#7102 = PCURVE('',#133,#7103);
#7103 = DEFINITIONAL_REPRESENTATION('',(#7104),#7107);
#7104 = B_SPLINE_CURVE_WITH_KNOTS('',1,(#7105,#7106),.UNSPECIFIED.,.F.,
  .F.,(2,2),(86.,87.),.PIECEWISE_BEZIER_KNOTS.);
#7105 = CARTESIAN_POINT('',(12.082475913052,1.297715075072));
#7106 = CARTESIAN_POINT('',(11.908018933808,1.498560621289));
#7107 = ( GEOMETRIC_REPRESENTATION_CONTEXT(2) 
PARAMETRIC_REPRESENTATION_CONTEXT() REPRESENTATION_CONTEXT('2D SPACE',''
  ) );
#7108 = PCURVE('',#2521,#7109);
#7109 = DEFINITIONAL_REPRESENTATION('',(#7110),#7114);
#7110 = LINE('',#7111,#7112);
#7111 = CARTESIAN_POINT('',(0.,1.));
#7112 = VECTOR('',#7113,1.);
#7113 = DIRECTION('',(1.,0.));
#7114 = ( GEOMETRIC_REPRESENTATION_CONTEXT(2) 
PARAMETRIC_REPRESENTATION_CONTEXT() REPRESENTATION_CONTEXT('2D SPACE',''
  ) );
#7115 = ORIENTED_EDGE('',*,*,#7116,.T.);
#7116 = EDGE_CURVE('',#7096,#7117,#7119,.T.);
#7117 = VERTEX_POINT('',#7118);
#7118 = CARTESIAN_POINT('',(-5.346158469586,1.699919485311,15.8));
#7119 = SURFACE_CURVE('',#7120,(#7123,#7129),.PCURVE_S1.);
#7120 = B_SPLINE_CURVE_WITH_KNOTS('',1,(#7121,#7122),.UNSPECIFIED.,.F.,
  .F.,(2,2),(87.,88.),.PIECEWISE_BEZIER_KNOTS.);
#7121 = CARTESIAN_POINT('',(-5.508652015835,1.498560621289,15.8));
#7122 = CARTESIAN_POINT('',(-5.346158469586,1.699919485311,15.8));
#7123 = PCURVE('',#133,#7124);
#7124 = DEFINITIONAL_REPRESENTATION('',(#7125),#7128);
#7125 = B_SPLINE_CURVE_WITH_KNOTS('',1,(#7126,#7127),.UNSPECIFIED.,.F.,
  .F.,(2,2),(87.,88.),.PIECEWISE_BEZIER_KNOTS.);
#7126 = CARTESIAN_POINT('',(11.908018933808,1.498560621289));
#7127 = CARTESIAN_POINT('',(11.745525387559,1.699919485311));
#7128 = ( GEOMETRIC_REPRESENTATION_CONTEXT(2) 
PARAMETRIC_REPRESENTATION_CONTEXT() REPRESENTATION_CONTEXT('2D SPACE',''
  ) );
#7129 = PCURVE('',#2489,#7130);
#7130 = DEFINITIONAL_REPRESENTATION('',(#7131),#7135);
#7131 = LINE('',#7132,#7133);
#7132 = CARTESIAN_POINT('',(0.,1.));
#7133 = VECTOR('',#7134,1.);
#7134 = DIRECTION('',(1.,0.));
#7135 = ( GEOMETRIC_REPRESENTATION_CONTEXT(2) 
PARAMETRIC_REPRESENTATION_CONTEXT() REPRESENTATION_CONTEXT('2D SPACE',''
  ) );
#7136 = ORIENTED_EDGE('',*,*,#7137,.T.);
#7137 = EDGE_CURVE('',#7117,#7138,#7140,.T.);
#7138 = VERTEX_POINT('',#7139);
#7139 = CARTESIAN_POINT('',(-5.205993532788,1.903638479129,15.8));
#7140 = SURFACE_CURVE('',#7141,(#7144,#7150),.PCURVE_S1.);
#7141 = B_SPLINE_CURVE_WITH_KNOTS('',1,(#7142,#7143),.UNSPECIFIED.,.F.,
  .F.,(2,2),(88.,89.),.PIECEWISE_BEZIER_KNOTS.);
#7142 = CARTESIAN_POINT('',(-5.346158469586,1.699919485311,15.8));
#7143 = CARTESIAN_POINT('',(-5.205993532788,1.903638479129,15.8));
#7144 = PCURVE('',#133,#7145);
#7145 = DEFINITIONAL_REPRESENTATION('',(#7146),#7149);
#7146 = B_SPLINE_CURVE_WITH_KNOTS('',1,(#7147,#7148),.UNSPECIFIED.,.F.,
  .F.,(2,2),(88.,89.),.PIECEWISE_BEZIER_KNOTS.);
#7147 = CARTESIAN_POINT('',(11.745525387559,1.699919485311));
#7148 = CARTESIAN_POINT('',(11.605360450761,1.903638479129));
#7149 = ( GEOMETRIC_REPRESENTATION_CONTEXT(2) 
PARAMETRIC_REPRESENTATION_CONTEXT() REPRESENTATION_CONTEXT('2D SPACE',''
  ) );
#7150 = PCURVE('',#2457,#7151);
#7151 = DEFINITIONAL_REPRESENTATION('',(#7152),#7156);
#7152 = LINE('',#7153,#7154);
#7153 = CARTESIAN_POINT('',(0.,1.));
#7154 = VECTOR('',#7155,1.);
#7155 = DIRECTION('',(1.,0.));
#7156 = ( GEOMETRIC_REPRESENTATION_CONTEXT(2) 
PARAMETRIC_REPRESENTATION_CONTEXT() REPRESENTATION_CONTEXT('2D SPACE',''
  ) );
#7157 = ORIENTED_EDGE('',*,*,#7158,.T.);
#7158 = EDGE_CURVE('',#7138,#7159,#7161,.T.);
#7159 = VERTEX_POINT('',#7160);
#7160 = CARTESIAN_POINT('',(-5.098522381894,2.111564414739,15.8));
#7161 = SURFACE_CURVE('',#7162,(#7165,#7171),.PCURVE_S1.);
#7162 = B_SPLINE_CURVE_WITH_KNOTS('',1,(#7163,#7164),.UNSPECIFIED.,.F.,
  .F.,(2,2),(89.,90.),.PIECEWISE_BEZIER_KNOTS.);
#7163 = CARTESIAN_POINT('',(-5.205993532788,1.903638479129,15.8));
#7164 = CARTESIAN_POINT('',(-5.098522381894,2.111564414739,15.8));
#7165 = PCURVE('',#133,#7166);
#7166 = DEFINITIONAL_REPRESENTATION('',(#7167),#7170);
#7167 = B_SPLINE_CURVE_WITH_KNOTS('',1,(#7168,#7169),.UNSPECIFIED.,.F.,
  .F.,(2,2),(89.,90.),.PIECEWISE_BEZIER_KNOTS.);
#7168 = CARTESIAN_POINT('',(11.605360450761,1.903638479129));
#7169 = CARTESIAN_POINT('',(11.497889299866,2.111564414739));
#7170 = ( GEOMETRIC_REPRESENTATION_CONTEXT(2) 
PARAMETRIC_REPRESENTATION_CONTEXT() REPRESENTATION_CONTEXT('2D SPACE',''
  ) );
#7171 = PCURVE('',#2425,#7172);
#7172 = DEFINITIONAL_REPRESENTATION('',(#7173),#7177);
#7173 = LINE('',#7174,#7175);
#7174 = CARTESIAN_POINT('',(0.,1.));
#7175 = VECTOR('',#7176,1.);
#7176 = DIRECTION('',(1.,0.));
#7177 = ( GEOMETRIC_REPRESENTATION_CONTEXT(2) 
PARAMETRIC_REPRESENTATION_CONTEXT() REPRESENTATION_CONTEXT('2D SPACE',''
  ) );
#7178 = ORIENTED_EDGE('',*,*,#7179,.T.);
#7179 = EDGE_CURVE('',#7159,#7180,#7182,.T.);
#7180 = VERTEX_POINT('',#7181);
#7181 = CARTESIAN_POINT('',(-5.024074559684,2.341573562308,15.8));
#7182 = SURFACE_CURVE('',#7183,(#7186,#7192),.PCURVE_S1.);
#7183 = B_SPLINE_CURVE_WITH_KNOTS('',1,(#7184,#7185),.UNSPECIFIED.,.F.,
  .F.,(2,2),(90.,91.),.PIECEWISE_BEZIER_KNOTS.);
#7184 = CARTESIAN_POINT('',(-5.098522381894,2.111564414739,15.8));
#7185 = CARTESIAN_POINT('',(-5.024074559684,2.341573562308,15.8));
#7186 = PCURVE('',#133,#7187);
#7187 = DEFINITIONAL_REPRESENTATION('',(#7188),#7191);
#7188 = B_SPLINE_CURVE_WITH_KNOTS('',1,(#7189,#7190),.UNSPECIFIED.,.F.,
  .F.,(2,2),(90.,91.),.PIECEWISE_BEZIER_KNOTS.);
#7189 = CARTESIAN_POINT('',(11.497889299866,2.111564414739));
#7190 = CARTESIAN_POINT('',(11.423441477657,2.341573562308));
#7191 = ( GEOMETRIC_REPRESENTATION_CONTEXT(2) 
PARAMETRIC_REPRESENTATION_CONTEXT() REPRESENTATION_CONTEXT('2D SPACE',''
  ) );
#7192 = PCURVE('',#2393,#7193);
#7193 = DEFINITIONAL_REPRESENTATION('',(#7194),#7198);
#7194 = LINE('',#7195,#7196);
#7195 = CARTESIAN_POINT('',(0.,1.));
#7196 = VECTOR('',#7197,1.);
#7197 = DIRECTION('',(1.,0.));
#7198 = ( GEOMETRIC_REPRESENTATION_CONTEXT(2) 
PARAMETRIC_REPRESENTATION_CONTEXT() REPRESENTATION_CONTEXT('2D SPACE',''
  ) );
#7199 = ORIENTED_EDGE('',*,*,#7200,.T.);
#7200 = EDGE_CURVE('',#7180,#7201,#7203,.T.);
#7201 = VERTEX_POINT('',#7202);
#7202 = CARTESIAN_POINT('',(-4.9758887228,2.590047076011,15.8));
#7203 = SURFACE_CURVE('',#7204,(#7207,#7213),.PCURVE_S1.);
#7204 = B_SPLINE_CURVE_WITH_KNOTS('',1,(#7205,#7206),.UNSPECIFIED.,.F.,
  .F.,(2,2),(91.,92.),.PIECEWISE_BEZIER_KNOTS.);
#7205 = CARTESIAN_POINT('',(-5.024074559684,2.341573562308,15.8));
#7206 = CARTESIAN_POINT('',(-4.9758887228,2.590047076011,15.8));
#7207 = PCURVE('',#133,#7208);
#7208 = DEFINITIONAL_REPRESENTATION('',(#7209),#7212);
#7209 = B_SPLINE_CURVE_WITH_KNOTS('',1,(#7210,#7211),.UNSPECIFIED.,.F.,
  .F.,(2,2),(91.,92.),.PIECEWISE_BEZIER_KNOTS.);
#7210 = CARTESIAN_POINT('',(11.423441477657,2.341573562308));
#7211 = CARTESIAN_POINT('',(11.375255640773,2.590047076011));
#7212 = ( GEOMETRIC_REPRESENTATION_CONTEXT(2) 
PARAMETRIC_REPRESENTATION_CONTEXT() REPRESENTATION_CONTEXT('2D SPACE',''
  ) );
#7213 = PCURVE('',#2361,#7214);
#7214 = DEFINITIONAL_REPRESENTATION('',(#7215),#7219);
#7215 = LINE('',#7216,#7217);
#7216 = CARTESIAN_POINT('',(0.,1.));
#7217 = VECTOR('',#7218,1.);
#7218 = DIRECTION('',(1.,0.));
#7219 = ( GEOMETRIC_REPRESENTATION_CONTEXT(2) 
PARAMETRIC_REPRESENTATION_CONTEXT() REPRESENTATION_CONTEXT('2D SPACE',''
  ) );
#7220 = ORIENTED_EDGE('',*,*,#7221,.T.);
#7221 = EDGE_CURVE('',#7201,#7222,#7224,.T.);
#7222 = VERTEX_POINT('',#7223);
#7223 = CARTESIAN_POINT('',(-4.945547069998,2.851011164045,15.8));
#7224 = SURFACE_CURVE('',#7225,(#7228,#7234),.PCURVE_S1.);
#7225 = B_SPLINE_CURVE_WITH_KNOTS('',1,(#7226,#7227),.UNSPECIFIED.,.F.,
  .F.,(2,2),(92.,93.),.PIECEWISE_BEZIER_KNOTS.);
#7226 = CARTESIAN_POINT('',(-4.9758887228,2.590047076011,15.8));
#7227 = CARTESIAN_POINT('',(-4.945547069998,2.851011164045,15.8));
#7228 = PCURVE('',#133,#7229);
#7229 = DEFINITIONAL_REPRESENTATION('',(#7230),#7233);
#7230 = B_SPLINE_CURVE_WITH_KNOTS('',1,(#7231,#7232),.UNSPECIFIED.,.F.,
  .F.,(2,2),(92.,93.),.PIECEWISE_BEZIER_KNOTS.);
#7231 = CARTESIAN_POINT('',(11.375255640773,2.590047076011));
#7232 = CARTESIAN_POINT('',(11.344913987971,2.851011164045));
#7233 = ( GEOMETRIC_REPRESENTATION_CONTEXT(2) 
PARAMETRIC_REPRESENTATION_CONTEXT() REPRESENTATION_CONTEXT('2D SPACE',''
  ) );
#7234 = PCURVE('',#2329,#7235);
#7235 = DEFINITIONAL_REPRESENTATION('',(#7236),#7240);
#7236 = LINE('',#7237,#7238);
#7237 = CARTESIAN_POINT('',(0.,1.));
#7238 = VECTOR('',#7239,1.);
#7239 = DIRECTION('',(1.,0.));
#7240 = ( GEOMETRIC_REPRESENTATION_CONTEXT(2) 
PARAMETRIC_REPRESENTATION_CONTEXT() REPRESENTATION_CONTEXT('2D SPACE',''
  ) );
#7241 = ORIENTED_EDGE('',*,*,#7242,.T.);
#7242 = EDGE_CURVE('',#7222,#7243,#7245,.T.);
#7243 = VERTEX_POINT('',#7244);
#7244 = CARTESIAN_POINT('',(-4.924631800036,3.11849203461,15.8));
#7245 = SURFACE_CURVE('',#7246,(#7249,#7255),.PCURVE_S1.);
#7246 = B_SPLINE_CURVE_WITH_KNOTS('',1,(#7247,#7248),.UNSPECIFIED.,.F.,
  .F.,(2,2),(93.,94.),.PIECEWISE_BEZIER_KNOTS.);
#7247 = CARTESIAN_POINT('',(-4.945547069998,2.851011164045,15.8));
#7248 = CARTESIAN_POINT('',(-4.924631800036,3.11849203461,15.8));
#7249 = PCURVE('',#133,#7250);
#7250 = DEFINITIONAL_REPRESENTATION('',(#7251),#7254);
#7251 = B_SPLINE_CURVE_WITH_KNOTS('',1,(#7252,#7253),.UNSPECIFIED.,.F.,
  .F.,(2,2),(93.,94.),.PIECEWISE_BEZIER_KNOTS.);
#7252 = CARTESIAN_POINT('',(11.344913987971,2.851011164045));
#7253 = CARTESIAN_POINT('',(11.323998718009,3.11849203461));
#7254 = ( GEOMETRIC_REPRESENTATION_CONTEXT(2) 
PARAMETRIC_REPRESENTATION_CONTEXT() REPRESENTATION_CONTEXT('2D SPACE',''
  ) );
#7255 = PCURVE('',#2297,#7256);
#7256 = DEFINITIONAL_REPRESENTATION('',(#7257),#7261);
#7257 = LINE('',#7258,#7259);
#7258 = CARTESIAN_POINT('',(0.,1.));
#7259 = VECTOR('',#7260,1.);
#7260 = DIRECTION('',(1.,0.));
#7261 = ( GEOMETRIC_REPRESENTATION_CONTEXT(2) 
PARAMETRIC_REPRESENTATION_CONTEXT() REPRESENTATION_CONTEXT('2D SPACE',''
  ) );
#7262 = ORIENTED_EDGE('',*,*,#7263,.T.);
#7263 = EDGE_CURVE('',#7243,#7264,#7266,.T.);
#7264 = VERTEX_POINT('',#7265);
#7265 = CARTESIAN_POINT('',(-4.904725111672,3.386515895906,15.8));
#7266 = SURFACE_CURVE('',#7267,(#7270,#7276),.PCURVE_S1.);
#7267 = B_SPLINE_CURVE_WITH_KNOTS('',1,(#7268,#7269),.UNSPECIFIED.,.F.,
  .F.,(2,2),(94.,95.),.PIECEWISE_BEZIER_KNOTS.);
#7268 = CARTESIAN_POINT('',(-4.924631800036,3.11849203461,15.8));
#7269 = CARTESIAN_POINT('',(-4.904725111672,3.386515895906,15.8));
#7270 = PCURVE('',#133,#7271);
#7271 = DEFINITIONAL_REPRESENTATION('',(#7272),#7275);
#7272 = B_SPLINE_CURVE_WITH_KNOTS('',1,(#7273,#7274),.UNSPECIFIED.,.F.,
  .F.,(2,2),(94.,95.),.PIECEWISE_BEZIER_KNOTS.);
#7273 = CARTESIAN_POINT('',(11.323998718009,3.11849203461));
#7274 = CARTESIAN_POINT('',(11.304092029645,3.386515895906));
#7275 = ( GEOMETRIC_REPRESENTATION_CONTEXT(2) 
PARAMETRIC_REPRESENTATION_CONTEXT() REPRESENTATION_CONTEXT('2D SPACE',''
  ) );
#7276 = PCURVE('',#2265,#7277);
#7277 = DEFINITIONAL_REPRESENTATION('',(#7278),#7282);
#7278 = LINE('',#7279,#7280);
#7279 = CARTESIAN_POINT('',(0.,1.));
#7280 = VECTOR('',#7281,1.);
#7281 = DIRECTION('',(1.,0.));
#7282 = ( GEOMETRIC_REPRESENTATION_CONTEXT(2) 
PARAMETRIC_REPRESENTATION_CONTEXT() REPRESENTATION_CONTEXT('2D SPACE',''
  ) );
#7283 = ORIENTED_EDGE('',*,*,#7284,.T.);
#7284 = EDGE_CURVE('',#7264,#7285,#7287,.T.);
#7285 = VERTEX_POINT('',#7286);
#7286 = CARTESIAN_POINT('',(-4.877409203663,3.649108956132,15.8));
#7287 = SURFACE_CURVE('',#7288,(#7291,#7297),.PCURVE_S1.);
#7288 = B_SPLINE_CURVE_WITH_KNOTS('',1,(#7289,#7290),.UNSPECIFIED.,.F.,
  .F.,(2,2),(95.,96.),.PIECEWISE_BEZIER_KNOTS.);
#7289 = CARTESIAN_POINT('',(-4.904725111672,3.386515895906,15.8));
#7290 = CARTESIAN_POINT('',(-4.877409203663,3.649108956132,15.8));
#7291 = PCURVE('',#133,#7292);
#7292 = DEFINITIONAL_REPRESENTATION('',(#7293),#7296);
#7293 = B_SPLINE_CURVE_WITH_KNOTS('',1,(#7294,#7295),.UNSPECIFIED.,.F.,
  .F.,(2,2),(95.,96.),.PIECEWISE_BEZIER_KNOTS.);
#7294 = CARTESIAN_POINT('',(11.304092029645,3.386515895906));
#7295 = CARTESIAN_POINT('',(11.276776121636,3.649108956132));
#7296 = ( GEOMETRIC_REPRESENTATION_CONTEXT(2) 
PARAMETRIC_REPRESENTATION_CONTEXT() REPRESENTATION_CONTEXT('2D SPACE',''
  ) );
#7297 = PCURVE('',#2233,#7298);
#7298 = DEFINITIONAL_REPRESENTATION('',(#7299),#7303);
#7299 = LINE('',#7300,#7301);
#7300 = CARTESIAN_POINT('',(0.,1.));
#7301 = VECTOR('',#7302,1.);
#7302 = DIRECTION('',(1.,0.));
#7303 = ( GEOMETRIC_REPRESENTATION_CONTEXT(2) 
PARAMETRIC_REPRESENTATION_CONTEXT() REPRESENTATION_CONTEXT('2D SPACE',''
  ) );
#7304 = ORIENTED_EDGE('',*,*,#7305,.T.);
#7305 = EDGE_CURVE('',#7285,#7306,#7308,.T.);
#7306 = VERTEX_POINT('',#7307);
#7307 = CARTESIAN_POINT('',(-4.834266274766,3.900297423488,15.8));
#7308 = SURFACE_CURVE('',#7309,(#7312,#7318),.PCURVE_S1.);
#7309 = B_SPLINE_CURVE_WITH_KNOTS('',1,(#7310,#7311),.UNSPECIFIED.,.F.,
  .F.,(2,2),(96.,97.),.PIECEWISE_BEZIER_KNOTS.);
#7310 = CARTESIAN_POINT('',(-4.877409203663,3.649108956132,15.8));
#7311 = CARTESIAN_POINT('',(-4.834266274766,3.900297423488,15.8));
#7312 = PCURVE('',#133,#7313);
#7313 = DEFINITIONAL_REPRESENTATION('',(#7314),#7317);
#7314 = B_SPLINE_CURVE_WITH_KNOTS('',1,(#7315,#7316),.UNSPECIFIED.,.F.,
  .F.,(2,2),(96.,97.),.PIECEWISE_BEZIER_KNOTS.);
#7315 = CARTESIAN_POINT('',(11.276776121636,3.649108956132));
#7316 = CARTESIAN_POINT('',(11.233633192739,3.900297423488));
#7317 = ( GEOMETRIC_REPRESENTATION_CONTEXT(2) 
PARAMETRIC_REPRESENTATION_CONTEXT() REPRESENTATION_CONTEXT('2D SPACE',''
  ) );
#7318 = PCURVE('',#2201,#7319);
#7319 = DEFINITIONAL_REPRESENTATION('',(#7320),#7324);
#7320 = LINE('',#7321,#7322);
#7321 = CARTESIAN_POINT('',(0.,1.));
#7322 = VECTOR('',#7323,1.);
#7323 = DIRECTION('',(1.,0.));
#7324 = ( GEOMETRIC_REPRESENTATION_CONTEXT(2) 
PARAMETRIC_REPRESENTATION_CONTEXT() REPRESENTATION_CONTEXT('2D SPACE',''
  ) );
#7325 = ORIENTED_EDGE('',*,*,#7326,.T.);
#7326 = EDGE_CURVE('',#7306,#7327,#7329,.T.);
#7327 = VERTEX_POINT('',#7328);
#7328 = CARTESIAN_POINT('',(-4.76687852374,4.134107506173,15.8));
#7329 = SURFACE_CURVE('',#7330,(#7333,#7339),.PCURVE_S1.);
#7330 = B_SPLINE_CURVE_WITH_KNOTS('',1,(#7331,#7332),.UNSPECIFIED.,.F.,
  .F.,(2,2),(97.,98.),.PIECEWISE_BEZIER_KNOTS.);
#7331 = CARTESIAN_POINT('',(-4.834266274766,3.900297423488,15.8));
#7332 = CARTESIAN_POINT('',(-4.76687852374,4.134107506173,15.8));
#7333 = PCURVE('',#133,#7334);
#7334 = DEFINITIONAL_REPRESENTATION('',(#7335),#7338);
#7335 = B_SPLINE_CURVE_WITH_KNOTS('',1,(#7336,#7337),.UNSPECIFIED.,.F.,
  .F.,(2,2),(97.,98.),.PIECEWISE_BEZIER_KNOTS.);
#7336 = CARTESIAN_POINT('',(11.233633192739,3.900297423488));
#7337 = CARTESIAN_POINT('',(11.166245441712,4.134107506173));
#7338 = ( GEOMETRIC_REPRESENTATION_CONTEXT(2) 
PARAMETRIC_REPRESENTATION_CONTEXT() REPRESENTATION_CONTEXT('2D SPACE',''
  ) );
#7339 = PCURVE('',#2169,#7340);
#7340 = DEFINITIONAL_REPRESENTATION('',(#7341),#7345);
#7341 = LINE('',#7342,#7343);
#7342 = CARTESIAN_POINT('',(0.,1.));
#7343 = VECTOR('',#7344,1.);
#7344 = DIRECTION('',(1.,0.));
#7345 = ( GEOMETRIC_REPRESENTATION_CONTEXT(2) 
PARAMETRIC_REPRESENTATION_CONTEXT() REPRESENTATION_CONTEXT('2D SPACE',''
  ) );
#7346 = ORIENTED_EDGE('',*,*,#7347,.T.);
#7347 = EDGE_CURVE('',#7327,#7348,#7350,.T.);
#7348 = VERTEX_POINT('',#7349);
#7349 = CARTESIAN_POINT('',(-4.666828149341,4.344565412386,15.8));
#7350 = SURFACE_CURVE('',#7351,(#7354,#7360),.PCURVE_S1.);
#7351 = B_SPLINE_CURVE_WITH_KNOTS('',1,(#7352,#7353),.UNSPECIFIED.,.F.,
  .F.,(2,2),(98.,99.),.PIECEWISE_BEZIER_KNOTS.);
#7352 = CARTESIAN_POINT('',(-4.76687852374,4.134107506173,15.8));
#7353 = CARTESIAN_POINT('',(-4.666828149341,4.344565412386,15.8));
#7354 = PCURVE('',#133,#7355);
#7355 = DEFINITIONAL_REPRESENTATION('',(#7356),#7359);
#7356 = B_SPLINE_CURVE_WITH_KNOTS('',1,(#7357,#7358),.UNSPECIFIED.,.F.,
  .F.,(2,2),(98.,99.),.PIECEWISE_BEZIER_KNOTS.);
#7357 = CARTESIAN_POINT('',(11.166245441712,4.134107506173));
#7358 = CARTESIAN_POINT('',(11.066195067313,4.344565412386));
#7359 = ( GEOMETRIC_REPRESENTATION_CONTEXT(2) 
PARAMETRIC_REPRESENTATION_CONTEXT() REPRESENTATION_CONTEXT('2D SPACE',''
  ) );
#7360 = PCURVE('',#2137,#7361);
#7361 = DEFINITIONAL_REPRESENTATION('',(#7362),#7366);
#7362 = LINE('',#7363,#7364);
#7363 = CARTESIAN_POINT('',(0.,1.));
#7364 = VECTOR('',#7365,1.);
#7365 = DIRECTION('',(1.,0.));
#7366 = ( GEOMETRIC_REPRESENTATION_CONTEXT(2) 
PARAMETRIC_REPRESENTATION_CONTEXT() REPRESENTATION_CONTEXT('2D SPACE',''
  ) );
#7367 = ORIENTED_EDGE('',*,*,#7368,.T.);
#7368 = EDGE_CURVE('',#7348,#7369,#7371,.T.);
#7369 = VERTEX_POINT('',#7370);
#7370 = CARTESIAN_POINT('',(-4.525697350327,4.525697350327,15.8));
#7371 = SURFACE_CURVE('',#7372,(#7375,#7381),.PCURVE_S1.);
#7372 = B_SPLINE_CURVE_WITH_KNOTS('',1,(#7373,#7374),.UNSPECIFIED.,.F.,
  .F.,(2,2),(99.,100.),.PIECEWISE_BEZIER_KNOTS.);
#7373 = CARTESIAN_POINT('',(-4.666828149341,4.344565412386,15.8));
#7374 = CARTESIAN_POINT('',(-4.525697350327,4.525697350327,15.8));
#7375 = PCURVE('',#133,#7376);
#7376 = DEFINITIONAL_REPRESENTATION('',(#7377),#7380);
#7377 = B_SPLINE_CURVE_WITH_KNOTS('',1,(#7378,#7379),.UNSPECIFIED.,.F.,
  .F.,(2,2),(99.,100.),.PIECEWISE_BEZIER_KNOTS.);
#7378 = CARTESIAN_POINT('',(11.066195067313,4.344565412386));
#7379 = CARTESIAN_POINT('',(10.9250642683,4.525697350327));
#7380 = ( GEOMETRIC_REPRESENTATION_CONTEXT(2) 
PARAMETRIC_REPRESENTATION_CONTEXT() REPRESENTATION_CONTEXT('2D SPACE',''
  ) );
#7381 = PCURVE('',#2105,#7382);
#7382 = DEFINITIONAL_REPRESENTATION('',(#7383),#7387);
#7383 = LINE('',#7384,#7385);
#7384 = CARTESIAN_POINT('',(0.,1.));
#7385 = VECTOR('',#7386,1.);
#7386 = DIRECTION('',(1.,0.));
#7387 = ( GEOMETRIC_REPRESENTATION_CONTEXT(2) 
PARAMETRIC_REPRESENTATION_CONTEXT() REPRESENTATION_CONTEXT('2D SPACE',''
  ) );
#7388 = ORIENTED_EDGE('',*,*,#7389,.T.);
#7389 = EDGE_CURVE('',#7369,#7390,#7392,.T.);
#7390 = VERTEX_POINT('',#7391);
#7391 = CARTESIAN_POINT('',(-4.344566703377,4.666828149341,15.8));
#7392 = SURFACE_CURVE('',#7393,(#7396,#7402),.PCURVE_S1.);
#7393 = B_SPLINE_CURVE_WITH_KNOTS('',1,(#7394,#7395),.UNSPECIFIED.,.F.,
  .F.,(2,2),(100.,101.),.PIECEWISE_BEZIER_KNOTS.);
#7394 = CARTESIAN_POINT('',(-4.525697350327,4.525697350327,15.8));
#7395 = CARTESIAN_POINT('',(-4.344566703377,4.666828149341,15.8));
#7396 = PCURVE('',#133,#7397);
#7397 = DEFINITIONAL_REPRESENTATION('',(#7398),#7401);
#7398 = B_SPLINE_CURVE_WITH_KNOTS('',1,(#7399,#7400),.UNSPECIFIED.,.F.,
  .F.,(2,2),(100.,101.),.PIECEWISE_BEZIER_KNOTS.);
#7399 = CARTESIAN_POINT('',(10.9250642683,4.525697350327));
#7400 = CARTESIAN_POINT('',(10.743933621349,4.666828149341));
#7401 = ( GEOMETRIC_REPRESENTATION_CONTEXT(2) 
PARAMETRIC_REPRESENTATION_CONTEXT() REPRESENTATION_CONTEXT('2D SPACE',''
  ) );
#7402 = PCURVE('',#2073,#7403);
#7403 = DEFINITIONAL_REPRESENTATION('',(#7404),#7408);
#7404 = LINE('',#7405,#7406);
#7405 = CARTESIAN_POINT('',(0.,1.));
#7406 = VECTOR('',#7407,1.);
#7407 = DIRECTION('',(1.,0.));
#7408 = ( GEOMETRIC_REPRESENTATION_CONTEXT(2) 
PARAMETRIC_REPRESENTATION_CONTEXT() REPRESENTATION_CONTEXT('2D SPACE',''
  ) );
#7409 = ORIENTED_EDGE('',*,*,#7410,.T.);
#7410 = EDGE_CURVE('',#7390,#7411,#7413,.T.);
#7411 = VERTEX_POINT('',#7412);
#7412 = CARTESIAN_POINT('',(-4.134117834099,4.76687852374,15.8));
#7413 = SURFACE_CURVE('',#7414,(#7417,#7423),.PCURVE_S1.);
#7414 = B_SPLINE_CURVE_WITH_KNOTS('',1,(#7415,#7416),.UNSPECIFIED.,.F.,
  .F.,(2,2),(101.,102.),.PIECEWISE_BEZIER_KNOTS.);
#7415 = CARTESIAN_POINT('',(-4.344566703377,4.666828149341,15.8));
#7416 = CARTESIAN_POINT('',(-4.134117834099,4.76687852374,15.8));
#7417 = PCURVE('',#133,#7418);
#7418 = DEFINITIONAL_REPRESENTATION('',(#7419),#7422);
#7419 = B_SPLINE_CURVE_WITH_KNOTS('',1,(#7420,#7421),.UNSPECIFIED.,.F.,
  .F.,(2,2),(101.,102.),.PIECEWISE_BEZIER_KNOTS.);
#7420 = CARTESIAN_POINT('',(10.743933621349,4.666828149341));
#7421 = CARTESIAN_POINT('',(10.533484752072,4.76687852374));
#7422 = ( GEOMETRIC_REPRESENTATION_CONTEXT(2) 
PARAMETRIC_REPRESENTATION_CONTEXT() REPRESENTATION_CONTEXT('2D SPACE',''
  ) );
#7423 = PCURVE('',#2041,#7424);
#7424 = DEFINITIONAL_REPRESENTATION('',(#7425),#7429);
#7425 = LINE('',#7426,#7427);
#7426 = CARTESIAN_POINT('',(0.,1.));
#7427 = VECTOR('',#7428,1.);
#7428 = DIRECTION('',(1.,0.));
#7429 = ( GEOMETRIC_REPRESENTATION_CONTEXT(2) 
PARAMETRIC_REPRESENTATION_CONTEXT() REPRESENTATION_CONTEXT('2D SPACE',''
  ) );
#7430 = ORIENTED_EDGE('',*,*,#7431,.T.);
#7431 = EDGE_CURVE('',#7411,#7432,#7434,.T.);
#7432 = VERTEX_POINT('',#7433);
#7433 = CARTESIAN_POINT('',(-3.90033228024,4.834266274766,15.8));
#7434 = SURFACE_CURVE('',#7435,(#7438,#7444),.PCURVE_S1.);
#7435 = B_SPLINE_CURVE_WITH_KNOTS('',1,(#7436,#7437),.UNSPECIFIED.,.F.,
  .F.,(2,2),(102.,103.),.PIECEWISE_BEZIER_KNOTS.);
#7436 = CARTESIAN_POINT('',(-4.134117834099,4.76687852374,15.8));
#7437 = CARTESIAN_POINT('',(-3.90033228024,4.834266274766,15.8));
#7438 = PCURVE('',#133,#7439);
#7439 = DEFINITIONAL_REPRESENTATION('',(#7440),#7443);
#7440 = B_SPLINE_CURVE_WITH_KNOTS('',1,(#7441,#7442),.UNSPECIFIED.,.F.,
  .F.,(2,2),(102.,103.),.PIECEWISE_BEZIER_KNOTS.);
#7441 = CARTESIAN_POINT('',(10.533484752072,4.76687852374));
#7442 = CARTESIAN_POINT('',(10.299699198212,4.834266274766));
#7443 = ( GEOMETRIC_REPRESENTATION_CONTEXT(2) 
PARAMETRIC_REPRESENTATION_CONTEXT() REPRESENTATION_CONTEXT('2D SPACE',''
  ) );
#7444 = PCURVE('',#2009,#7445);
#7445 = DEFINITIONAL_REPRESENTATION('',(#7446),#7450);
#7446 = LINE('',#7447,#7448);
#7447 = CARTESIAN_POINT('',(0.,1.));
#7448 = VECTOR('',#7449,1.);
#7449 = DIRECTION('',(1.,0.));
#7450 = ( GEOMETRIC_REPRESENTATION_CONTEXT(2) 
PARAMETRIC_REPRESENTATION_CONTEXT() REPRESENTATION_CONTEXT('2D SPACE',''
  ) );
#7451 = ORIENTED_EDGE('',*,*,#7452,.T.);
#7452 = EDGE_CURVE('',#7432,#7453,#7455,.T.);
#7453 = VERTEX_POINT('',#7454);
#7454 = CARTESIAN_POINT('',(-3.649191579544,4.877409203663,15.8));
#7455 = SURFACE_CURVE('',#7456,(#7459,#7465),.PCURVE_S1.);
#7456 = B_SPLINE_CURVE_WITH_KNOTS('',1,(#7457,#7458),.UNSPECIFIED.,.F.,
  .F.,(2,2),(103.,104.),.PIECEWISE_BEZIER_KNOTS.);
#7457 = CARTESIAN_POINT('',(-3.90033228024,4.834266274766,15.8));
#7458 = CARTESIAN_POINT('',(-3.649191579544,4.877409203663,15.8));
#7459 = PCURVE('',#133,#7460);
#7460 = DEFINITIONAL_REPRESENTATION('',(#7461),#7464);
#7461 = B_SPLINE_CURVE_WITH_KNOTS('',1,(#7462,#7463),.UNSPECIFIED.,.F.,
  .F.,(2,2),(103.,104.),.PIECEWISE_BEZIER_KNOTS.);
#7462 = CARTESIAN_POINT('',(10.299699198212,4.834266274766));
#7463 = CARTESIAN_POINT('',(10.048558497516,4.877409203663));
#7464 = ( GEOMETRIC_REPRESENTATION_CONTEXT(2) 
PARAMETRIC_REPRESENTATION_CONTEXT() REPRESENTATION_CONTEXT('2D SPACE',''
  ) );
#7465 = PCURVE('',#1977,#7466);
#7466 = DEFINITIONAL_REPRESENTATION('',(#7467),#7471);
#7467 = LINE('',#7468,#7469);
#7468 = CARTESIAN_POINT('',(0.,1.));
#7469 = VECTOR('',#7470,1.);
#7470 = DIRECTION('',(1.,0.));
#7471 = ( GEOMETRIC_REPRESENTATION_CONTEXT(2) 
PARAMETRIC_REPRESENTATION_CONTEXT() REPRESENTATION_CONTEXT('2D SPACE',''
  ) );
#7472 = ORIENTED_EDGE('',*,*,#7473,.T.);
#7473 = EDGE_CURVE('',#7453,#7474,#7476,.T.);
#7474 = VERTEX_POINT('',#7475);
#7475 = CARTESIAN_POINT('',(-3.386677269756,4.904725111672,15.8));
#7476 = SURFACE_CURVE('',#7477,(#7480,#7486),.PCURVE_S1.);
#7477 = B_SPLINE_CURVE_WITH_KNOTS('',1,(#7478,#7479),.UNSPECIFIED.,.F.,
  .F.,(2,2),(104.,105.),.PIECEWISE_BEZIER_KNOTS.);
#7478 = CARTESIAN_POINT('',(-3.649191579544,4.877409203663,15.8));
#7479 = CARTESIAN_POINT('',(-3.386677269756,4.904725111672,15.8));
#7480 = PCURVE('',#133,#7481);
#7481 = DEFINITIONAL_REPRESENTATION('',(#7482),#7485);
#7482 = B_SPLINE_CURVE_WITH_KNOTS('',1,(#7483,#7484),.UNSPECIFIED.,.F.,
  .F.,(2,2),(104.,105.),.PIECEWISE_BEZIER_KNOTS.);
#7483 = CARTESIAN_POINT('',(10.048558497516,4.877409203663));
#7484 = CARTESIAN_POINT('',(9.786044187729,4.904725111672));
#7485 = ( GEOMETRIC_REPRESENTATION_CONTEXT(2) 
PARAMETRIC_REPRESENTATION_CONTEXT() REPRESENTATION_CONTEXT('2D SPACE',''
  ) );
#7486 = PCURVE('',#1945,#7487);
#7487 = DEFINITIONAL_REPRESENTATION('',(#7488),#7492);
#7488 = LINE('',#7489,#7490);
#7489 = CARTESIAN_POINT('',(0.,1.));
#7490 = VECTOR('',#7491,1.);
#7491 = DIRECTION('',(1.,0.));
#7492 = ( GEOMETRIC_REPRESENTATION_CONTEXT(2) 
PARAMETRIC_REPRESENTATION_CONTEXT() REPRESENTATION_CONTEXT('2D SPACE',''
  ) );
#7493 = ORIENTED_EDGE('',*,*,#7494,.T.);
#7494 = EDGE_CURVE('',#7474,#7495,#7497,.T.);
#7495 = VERTEX_POINT('',#7496);
#7496 = CARTESIAN_POINT('',(-3.118770888623,4.924631800036,15.8));
#7497 = SURFACE_CURVE('',#7498,(#7501,#7507),.PCURVE_S1.);
#7498 = B_SPLINE_CURVE_WITH_KNOTS('',1,(#7499,#7500),.UNSPECIFIED.,.F.,
  .F.,(2,2),(105.,106.),.PIECEWISE_BEZIER_KNOTS.);
#7499 = CARTESIAN_POINT('',(-3.386677269756,4.904725111672,15.8));
#7500 = CARTESIAN_POINT('',(-3.118770888623,4.924631800036,15.8));
#7501 = PCURVE('',#133,#7502);
#7502 = DEFINITIONAL_REPRESENTATION('',(#7503),#7506);
#7503 = B_SPLINE_CURVE_WITH_KNOTS('',1,(#7504,#7505),.UNSPECIFIED.,.F.,
  .F.,(2,2),(105.,106.),.PIECEWISE_BEZIER_KNOTS.);
#7504 = CARTESIAN_POINT('',(9.786044187729,4.904725111672));
#7505 = CARTESIAN_POINT('',(9.518137806596,4.924631800036));
#7506 = ( GEOMETRIC_REPRESENTATION_CONTEXT(2) 
PARAMETRIC_REPRESENTATION_CONTEXT() REPRESENTATION_CONTEXT('2D SPACE',''
  ) );
#7507 = PCURVE('',#1913,#7508);
#7508 = DEFINITIONAL_REPRESENTATION('',(#7509),#7513);
#7509 = LINE('',#7510,#7511);
#7510 = CARTESIAN_POINT('',(0.,1.));
#7511 = VECTOR('',#7512,1.);
#7512 = DIRECTION('',(1.,0.));
#7513 = ( GEOMETRIC_REPRESENTATION_CONTEXT(2) 
PARAMETRIC_REPRESENTATION_CONTEXT() REPRESENTATION_CONTEXT('2D SPACE',''
  ) );
#7514 = ORIENTED_EDGE('',*,*,#7515,.T.);
#7515 = EDGE_CURVE('',#7495,#7516,#7518,.T.);
#7516 = VERTEX_POINT('',#7517);
#7517 = CARTESIAN_POINT('',(-2.851453973889,4.945547069998,15.8));
#7518 = SURFACE_CURVE('',#7519,(#7522,#7528),.PCURVE_S1.);
#7519 = B_SPLINE_CURVE_WITH_KNOTS('',1,(#7520,#7521),.UNSPECIFIED.,.F.,
  .F.,(2,2),(106.,107.),.PIECEWISE_BEZIER_KNOTS.);
#7520 = CARTESIAN_POINT('',(-3.118770888623,4.924631800036,15.8));
#7521 = CARTESIAN_POINT('',(-2.851453973889,4.945547069998,15.8));
#7522 = PCURVE('',#133,#7523);
#7523 = DEFINITIONAL_REPRESENTATION('',(#7524),#7527);
#7524 = B_SPLINE_CURVE_WITH_KNOTS('',1,(#7525,#7526),.UNSPECIFIED.,.F.,
  .F.,(2,2),(106.,107.),.PIECEWISE_BEZIER_KNOTS.);
#7525 = CARTESIAN_POINT('',(9.518137806596,4.924631800036));
#7526 = CARTESIAN_POINT('',(9.250820891862,4.945547069998));
#7527 = ( GEOMETRIC_REPRESENTATION_CONTEXT(2) 
PARAMETRIC_REPRESENTATION_CONTEXT() REPRESENTATION_CONTEXT('2D SPACE',''
  ) );
#7528 = PCURVE('',#1881,#7529);
#7529 = DEFINITIONAL_REPRESENTATION('',(#7530),#7534);
#7530 = LINE('',#7531,#7532);
#7531 = CARTESIAN_POINT('',(0.,1.));
#7532 = VECTOR('',#7533,1.);
#7533 = DIRECTION('',(1.,0.));
#7534 = ( GEOMETRIC_REPRESENTATION_CONTEXT(2) 
PARAMETRIC_REPRESENTATION_CONTEXT() REPRESENTATION_CONTEXT('2D SPACE',''
  ) );
#7535 = ORIENTED_EDGE('',*,*,#7536,.T.);
#7536 = EDGE_CURVE('',#7516,#7537,#7539,.T.);
#7537 = VERTEX_POINT('',#7538);
#7538 = CARTESIAN_POINT('',(-2.5907080633,4.9758887228,15.8));
#7539 = SURFACE_CURVE('',#7540,(#7543,#7549),.PCURVE_S1.);
#7540 = B_SPLINE_CURVE_WITH_KNOTS('',1,(#7541,#7542),.UNSPECIFIED.,.F.,
  .F.,(2,2),(107.,108.),.PIECEWISE_BEZIER_KNOTS.);
#7541 = CARTESIAN_POINT('',(-2.851453973889,4.945547069998,15.8));
#7542 = CARTESIAN_POINT('',(-2.5907080633,4.9758887228,15.8));
#7543 = PCURVE('',#133,#7544);
#7544 = DEFINITIONAL_REPRESENTATION('',(#7545),#7548);
#7545 = B_SPLINE_CURVE_WITH_KNOTS('',1,(#7546,#7547),.UNSPECIFIED.,.F.,
  .F.,(2,2),(107.,108.),.PIECEWISE_BEZIER_KNOTS.);
#7546 = CARTESIAN_POINT('',(9.250820891862,4.945547069998));
#7547 = CARTESIAN_POINT('',(8.990074981273,4.9758887228));
#7548 = ( GEOMETRIC_REPRESENTATION_CONTEXT(2) 
PARAMETRIC_REPRESENTATION_CONTEXT() REPRESENTATION_CONTEXT('2D SPACE',''
  ) );
#7549 = PCURVE('',#1849,#7550);
#7550 = DEFINITIONAL_REPRESENTATION('',(#7551),#7555);
#7551 = LINE('',#7552,#7553);
#7552 = CARTESIAN_POINT('',(0.,1.));
#7553 = VECTOR('',#7554,1.);
#7554 = DIRECTION('',(1.,0.));
#7555 = ( GEOMETRIC_REPRESENTATION_CONTEXT(2) 
PARAMETRIC_REPRESENTATION_CONTEXT() REPRESENTATION_CONTEXT('2D SPACE',''
  ) );
#7556 = ORIENTED_EDGE('',*,*,#7557,.T.);
#7557 = EDGE_CURVE('',#7537,#7558,#7560,.T.);
#7558 = VERTEX_POINT('',#7559);
#7559 = CARTESIAN_POINT('',(-2.342514694602,5.024074559684,15.8));
#7560 = SURFACE_CURVE('',#7561,(#7564,#7570),.PCURVE_S1.);
#7561 = B_SPLINE_CURVE_WITH_KNOTS('',1,(#7562,#7563),.UNSPECIFIED.,.F.,
  .F.,(2,2),(108.,109.),.PIECEWISE_BEZIER_KNOTS.);
#7562 = CARTESIAN_POINT('',(-2.5907080633,4.9758887228,15.8));
#7563 = CARTESIAN_POINT('',(-2.342514694602,5.024074559684,15.8));
#7564 = PCURVE('',#133,#7565);
#7565 = DEFINITIONAL_REPRESENTATION('',(#7566),#7569);
#7566 = B_SPLINE_CURVE_WITH_KNOTS('',1,(#7567,#7568),.UNSPECIFIED.,.F.,
  .F.,(2,2),(108.,109.),.PIECEWISE_BEZIER_KNOTS.);
#7567 = CARTESIAN_POINT('',(8.990074981273,4.9758887228));
#7568 = CARTESIAN_POINT('',(8.741881612575,5.024074559684));
#7569 = ( GEOMETRIC_REPRESENTATION_CONTEXT(2) 
PARAMETRIC_REPRESENTATION_CONTEXT() REPRESENTATION_CONTEXT('2D SPACE',''
  ) );
#7570 = PCURVE('',#1817,#7571);
#7571 = DEFINITIONAL_REPRESENTATION('',(#7572),#7576);
#7572 = LINE('',#7573,#7574);
#7573 = CARTESIAN_POINT('',(0.,1.));
#7574 = VECTOR('',#7575,1.);
#7575 = DIRECTION('',(1.,0.));
#7576 = ( GEOMETRIC_REPRESENTATION_CONTEXT(2) 
PARAMETRIC_REPRESENTATION_CONTEXT() REPRESENTATION_CONTEXT('2D SPACE',''
  ) );
#7577 = ORIENTED_EDGE('',*,*,#7578,.T.);
#7578 = EDGE_CURVE('',#7558,#7579,#7581,.T.);
#7579 = VERTEX_POINT('',#7580);
#7580 = CARTESIAN_POINT('',(-2.112855405539,5.098522381894,15.8));
#7581 = SURFACE_CURVE('',#7582,(#7585,#7591),.PCURVE_S1.);
#7582 = B_SPLINE_CURVE_WITH_KNOTS('',1,(#7583,#7584),.UNSPECIFIED.,.F.,
  .F.,(2,2),(109.,110.),.PIECEWISE_BEZIER_KNOTS.);
#7583 = CARTESIAN_POINT('',(-2.342514694602,5.024074559684,15.8));
#7584 = CARTESIAN_POINT('',(-2.112855405539,5.098522381894,15.8));
#7585 = PCURVE('',#133,#7586);
#7586 = DEFINITIONAL_REPRESENTATION('',(#7587),#7590);
#7587 = B_SPLINE_CURVE_WITH_KNOTS('',1,(#7588,#7589),.UNSPECIFIED.,.F.,
  .F.,(2,2),(109.,110.),.PIECEWISE_BEZIER_KNOTS.);
#7588 = CARTESIAN_POINT('',(8.741881612575,5.024074559684));
#7589 = CARTESIAN_POINT('',(8.512222323512,5.098522381894));
#7590 = ( GEOMETRIC_REPRESENTATION_CONTEXT(2) 
PARAMETRIC_REPRESENTATION_CONTEXT() REPRESENTATION_CONTEXT('2D SPACE',''
  ) );
#7591 = PCURVE('',#1785,#7592);
#7592 = DEFINITIONAL_REPRESENTATION('',(#7593),#7597);
#7593 = LINE('',#7594,#7595);
#7594 = CARTESIAN_POINT('',(0.,1.));
#7595 = VECTOR('',#7596,1.);
#7596 = DIRECTION('',(1.,0.));
#7597 = ( GEOMETRIC_REPRESENTATION_CONTEXT(2) 
PARAMETRIC_REPRESENTATION_CONTEXT() REPRESENTATION_CONTEXT('2D SPACE',''
  ) );
#7598 = ORIENTED_EDGE('',*,*,#7599,.T.);
#7599 = EDGE_CURVE('',#7579,#7600,#7602,.T.);
#7600 = VERTEX_POINT('',#7601);
#7601 = CARTESIAN_POINT('',(-1.904579611423,5.205993532788,15.8));
#7602 = SURFACE_CURVE('',#7603,(#7606,#7612),.PCURVE_S1.);
#7603 = B_SPLINE_CURVE_WITH_KNOTS('',1,(#7604,#7605),.UNSPECIFIED.,.F.,
  .F.,(2,2),(110.,111.),.PIECEWISE_BEZIER_KNOTS.);
#7604 = CARTESIAN_POINT('',(-2.112855405539,5.098522381894,15.8));
#7605 = CARTESIAN_POINT('',(-1.904579611423,5.205993532788,15.8));
#7606 = PCURVE('',#133,#7607);
#7607 = DEFINITIONAL_REPRESENTATION('',(#7608),#7611);
#7608 = B_SPLINE_CURVE_WITH_KNOTS('',1,(#7609,#7610),.UNSPECIFIED.,.F.,
  .F.,(2,2),(110.,111.),.PIECEWISE_BEZIER_KNOTS.);
#7609 = CARTESIAN_POINT('',(8.512222323512,5.098522381894));
#7610 = CARTESIAN_POINT('',(8.303946529395,5.205993532788));
#7611 = ( GEOMETRIC_REPRESENTATION_CONTEXT(2) 
PARAMETRIC_REPRESENTATION_CONTEXT() REPRESENTATION_CONTEXT('2D SPACE',''
  ) );
#7612 = PCURVE('',#1753,#7613);
#7613 = DEFINITIONAL_REPRESENTATION('',(#7614),#7618);
#7614 = LINE('',#7615,#7616);
#7615 = CARTESIAN_POINT('',(0.,1.));
#7616 = VECTOR('',#7617,1.);
#7617 = DIRECTION('',(1.,0.));
#7618 = ( GEOMETRIC_REPRESENTATION_CONTEXT(2) 
PARAMETRIC_REPRESENTATION_CONTEXT() REPRESENTATION_CONTEXT('2D SPACE',''
  ) );
#7619 = ORIENTED_EDGE('',*,*,#7620,.T.);
#7620 = EDGE_CURVE('',#7600,#7621,#7623,.T.);
#7621 = VERTEX_POINT('',#7622);
#7622 = CARTESIAN_POINT('',(-1.7005804726,5.346158469586,15.8));
#7623 = SURFACE_CURVE('',#7624,(#7627,#7633),.PCURVE_S1.);
#7624 = B_SPLINE_CURVE_WITH_KNOTS('',1,(#7625,#7626),.UNSPECIFIED.,.F.,
  .F.,(2,2),(111.,112.),.PIECEWISE_BEZIER_KNOTS.);
#7625 = CARTESIAN_POINT('',(-1.904579611423,5.205993532788,15.8));
#7626 = CARTESIAN_POINT('',(-1.7005804726,5.346158469586,15.8));
#7627 = PCURVE('',#133,#7628);
#7628 = DEFINITIONAL_REPRESENTATION('',(#7629),#7632);
#7629 = B_SPLINE_CURVE_WITH_KNOTS('',1,(#7630,#7631),.UNSPECIFIED.,.F.,
  .F.,(2,2),(111.,112.),.PIECEWISE_BEZIER_KNOTS.);
#7630 = CARTESIAN_POINT('',(8.303946529395,5.205993532788));
#7631 = CARTESIAN_POINT('',(8.099947390573,5.346158469586));
#7632 = ( GEOMETRIC_REPRESENTATION_CONTEXT(2) 
PARAMETRIC_REPRESENTATION_CONTEXT() REPRESENTATION_CONTEXT('2D SPACE',''
  ) );
#7633 = PCURVE('',#1721,#7634);
#7634 = DEFINITIONAL_REPRESENTATION('',(#7635),#7639);
#7635 = LINE('',#7636,#7637);
#7636 = CARTESIAN_POINT('',(0.,1.));
#7637 = VECTOR('',#7638,1.);
#7638 = DIRECTION('',(1.,0.));
#7639 = ( GEOMETRIC_REPRESENTATION_CONTEXT(2) 
PARAMETRIC_REPRESENTATION_CONTEXT() REPRESENTATION_CONTEXT('2D SPACE',''
  ) );
#7640 = ORIENTED_EDGE('',*,*,#7641,.T.);
#7641 = EDGE_CURVE('',#7621,#7642,#7644,.T.);
#7642 = VERTEX_POINT('',#7643);
#7643 = CARTESIAN_POINT('',(-1.499003431134,5.508652015835,15.8));
#7644 = SURFACE_CURVE('',#7645,(#7648,#7654),.PCURVE_S1.);
#7645 = B_SPLINE_CURVE_WITH_KNOTS('',1,(#7646,#7647),.UNSPECIFIED.,.F.,
  .F.,(2,2),(112.,113.),.PIECEWISE_BEZIER_KNOTS.);
#7646 = CARTESIAN_POINT('',(-1.7005804726,5.346158469586,15.8));
#7647 = CARTESIAN_POINT('',(-1.499003431134,5.508652015835,15.8));
#7648 = PCURVE('',#133,#7649);
#7649 = DEFINITIONAL_REPRESENTATION('',(#7650),#7653);
#7650 = B_SPLINE_CURVE_WITH_KNOTS('',1,(#7651,#7652),.UNSPECIFIED.,.F.,
  .F.,(2,2),(112.,113.),.PIECEWISE_BEZIER_KNOTS.);
#7651 = CARTESIAN_POINT('',(8.099947390573,5.346158469586));
#7652 = CARTESIAN_POINT('',(7.898370349107,5.508652015835));
#7653 = ( GEOMETRIC_REPRESENTATION_CONTEXT(2) 
PARAMETRIC_REPRESENTATION_CONTEXT() REPRESENTATION_CONTEXT('2D SPACE',''
  ) );
#7654 = PCURVE('',#1689,#7655);
#7655 = DEFINITIONAL_REPRESENTATION('',(#7656),#7660);
#7656 = LINE('',#7657,#7658);
#7657 = CARTESIAN_POINT('',(0.,1.));
#7658 = VECTOR('',#7659,1.);
#7659 = DIRECTION('',(1.,0.));
#7660 = ( GEOMETRIC_REPRESENTATION_CONTEXT(2) 
PARAMETRIC_REPRESENTATION_CONTEXT() REPRESENTATION_CONTEXT('2D SPACE',''
  ) );
#7661 = ORIENTED_EDGE('',*,*,#7662,.T.);
#7662 = EDGE_CURVE('',#7642,#7663,#7665,.T.);
#7663 = VERTEX_POINT('',#7664);
#7664 = CARTESIAN_POINT('',(-1.297993929085,5.683108995079,15.8));
#7665 = SURFACE_CURVE('',#7666,(#7669,#7675),.PCURVE_S1.);
#7666 = B_SPLINE_CURVE_WITH_KNOTS('',1,(#7667,#7668),.UNSPECIFIED.,.F.,
  .F.,(2,2),(113.,114.),.PIECEWISE_BEZIER_KNOTS.);
#7667 = CARTESIAN_POINT('',(-1.499003431134,5.508652015835,15.8));
#7668 = CARTESIAN_POINT('',(-1.297993929085,5.683108995079,15.8));
#7669 = PCURVE('',#133,#7670);
#7670 = DEFINITIONAL_REPRESENTATION('',(#7671),#7674);
#7671 = B_SPLINE_CURVE_WITH_KNOTS('',1,(#7672,#7673),.UNSPECIFIED.,.F.,
  .F.,(2,2),(113.,114.),.PIECEWISE_BEZIER_KNOTS.);
#7672 = CARTESIAN_POINT('',(7.898370349107,5.508652015835));
#7673 = CARTESIAN_POINT('',(7.697360847058,5.683108995079));
#7674 = ( GEOMETRIC_REPRESENTATION_CONTEXT(2) 
PARAMETRIC_REPRESENTATION_CONTEXT() REPRESENTATION_CONTEXT('2D SPACE',''
  ) );
#7675 = PCURVE('',#1657,#7676);
#7676 = DEFINITIONAL_REPRESENTATION('',(#7677),#7681);
#7677 = LINE('',#7678,#7679);
#7678 = CARTESIAN_POINT('',(0.,1.));
#7679 = VECTOR('',#7680,1.);
#7680 = DIRECTION('',(1.,0.));
#7681 = ( GEOMETRIC_REPRESENTATION_CONTEXT(2) 
PARAMETRIC_REPRESENTATION_CONTEXT() REPRESENTATION_CONTEXT('2D SPACE',''
  ) );
#7682 = ORIENTED_EDGE('',*,*,#7683,.T.);
#7683 = EDGE_CURVE('',#7663,#7684,#7686,.T.);
#7684 = VERTEX_POINT('',#7685);
#7685 = CARTESIAN_POINT('',(-1.095697408514,5.859164230865,15.8));
#7686 = SURFACE_CURVE('',#7687,(#7690,#7696),.PCURVE_S1.);
#7687 = B_SPLINE_CURVE_WITH_KNOTS('',1,(#7688,#7689),.UNSPECIFIED.,.F.,
  .F.,(2,2),(114.,115.),.PIECEWISE_BEZIER_KNOTS.);
#7688 = CARTESIAN_POINT('',(-1.297993929085,5.683108995079,15.8));
#7689 = CARTESIAN_POINT('',(-1.095697408514,5.859164230865,15.8));
#7690 = PCURVE('',#133,#7691);
#7691 = DEFINITIONAL_REPRESENTATION('',(#7692),#7695);
#7692 = B_SPLINE_CURVE_WITH_KNOTS('',1,(#7693,#7694),.UNSPECIFIED.,.F.,
  .F.,(2,2),(114.,115.),.PIECEWISE_BEZIER_KNOTS.);
#7693 = CARTESIAN_POINT('',(7.697360847058,5.683108995079));
#7694 = CARTESIAN_POINT('',(7.495064326487,5.859164230865));
#7695 = ( GEOMETRIC_REPRESENTATION_CONTEXT(2) 
PARAMETRIC_REPRESENTATION_CONTEXT() REPRESENTATION_CONTEXT('2D SPACE',''
  ) );
#7696 = PCURVE('',#1625,#7697);
#7697 = DEFINITIONAL_REPRESENTATION('',(#7698),#7702);
#7698 = LINE('',#7699,#7700);
#7699 = CARTESIAN_POINT('',(0.,1.));
#7700 = VECTOR('',#7701,1.);
#7701 = DIRECTION('',(1.,0.));
#7702 = ( GEOMETRIC_REPRESENTATION_CONTEXT(2) 
PARAMETRIC_REPRESENTATION_CONTEXT() REPRESENTATION_CONTEXT('2D SPACE',''
  ) );
#7703 = ORIENTED_EDGE('',*,*,#7704,.T.);
#7704 = EDGE_CURVE('',#7684,#7705,#7707,.T.);
#7705 = VERTEX_POINT('',#7706);
#7706 = CARTESIAN_POINT('',(-0.890259311485,6.026452546739,15.8));
#7707 = SURFACE_CURVE('',#7708,(#7711,#7717),.PCURVE_S1.);
#7708 = B_SPLINE_CURVE_WITH_KNOTS('',1,(#7709,#7710),.UNSPECIFIED.,.F.,
  .F.,(2,2),(115.,116.),.PIECEWISE_BEZIER_KNOTS.);
#7709 = CARTESIAN_POINT('',(-1.095697408514,5.859164230865,15.8));
#7710 = CARTESIAN_POINT('',(-0.890259311485,6.026452546739,15.8));
#7711 = PCURVE('',#133,#7712);
#7712 = DEFINITIONAL_REPRESENTATION('',(#7713),#7716);
#7713 = B_SPLINE_CURVE_WITH_KNOTS('',1,(#7714,#7715),.UNSPECIFIED.,.F.,
  .F.,(2,2),(115.,116.),.PIECEWISE_BEZIER_KNOTS.);
#7714 = CARTESIAN_POINT('',(7.495064326487,5.859164230865));
#7715 = CARTESIAN_POINT('',(7.289626229457,6.026452546739));
#7716 = ( GEOMETRIC_REPRESENTATION_CONTEXT(2) 
PARAMETRIC_REPRESENTATION_CONTEXT() REPRESENTATION_CONTEXT('2D SPACE',''
  ) );
#7717 = PCURVE('',#1593,#7718);
#7718 = DEFINITIONAL_REPRESENTATION('',(#7719),#7723);
#7719 = LINE('',#7720,#7721);
#7720 = CARTESIAN_POINT('',(0.,1.));
#7721 = VECTOR('',#7722,1.);
#7722 = DIRECTION('',(1.,0.));
#7723 = ( GEOMETRIC_REPRESENTATION_CONTEXT(2) 
PARAMETRIC_REPRESENTATION_CONTEXT() REPRESENTATION_CONTEXT('2D SPACE',''
  ) );
#7724 = ORIENTED_EDGE('',*,*,#7725,.T.);
#7725 = EDGE_CURVE('',#7705,#7726,#7728,.T.);
#7726 = VERTEX_POINT('',#7727);
#7727 = CARTESIAN_POINT('',(-0.679825080057,6.174608766246,15.8));
#7728 = SURFACE_CURVE('',#7729,(#7732,#7738),.PCURVE_S1.);
#7729 = B_SPLINE_CURVE_WITH_KNOTS('',1,(#7730,#7731),.UNSPECIFIED.,.F.,
  .F.,(2,2),(116.,117.),.PIECEWISE_BEZIER_KNOTS.);
#7730 = CARTESIAN_POINT('',(-0.890259311485,6.026452546739,15.8));
#7731 = CARTESIAN_POINT('',(-0.679825080057,6.174608766246,15.8));
#7732 = PCURVE('',#133,#7733);
#7733 = DEFINITIONAL_REPRESENTATION('',(#7734),#7737);
#7734 = B_SPLINE_CURVE_WITH_KNOTS('',1,(#7735,#7736),.UNSPECIFIED.,.F.,
  .F.,(2,2),(116.,117.),.PIECEWISE_BEZIER_KNOTS.);
#7735 = CARTESIAN_POINT('',(7.289626229457,6.026452546739));
#7736 = CARTESIAN_POINT('',(7.079191998029,6.174608766246));
#7737 = ( GEOMETRIC_REPRESENTATION_CONTEXT(2) 
PARAMETRIC_REPRESENTATION_CONTEXT() REPRESENTATION_CONTEXT('2D SPACE',''
  ) );
#7738 = PCURVE('',#1561,#7739);
#7739 = DEFINITIONAL_REPRESENTATION('',(#7740),#7744);
#7740 = LINE('',#7741,#7742);
#7741 = CARTESIAN_POINT('',(0.,1.));
#7742 = VECTOR('',#7743,1.);
#7743 = DIRECTION('',(1.,0.));
#7744 = ( GEOMETRIC_REPRESENTATION_CONTEXT(2) 
PARAMETRIC_REPRESENTATION_CONTEXT() REPRESENTATION_CONTEXT('2D SPACE',''
  ) );
#7745 = ORIENTED_EDGE('',*,*,#7746,.T.);
#7746 = EDGE_CURVE('',#7726,#7747,#7749,.T.);
#7747 = VERTEX_POINT('',#7748);
#7748 = CARTESIAN_POINT('',(-0.462540156292,6.293267712933,15.8));
#7749 = SURFACE_CURVE('',#7750,(#7753,#7759),.PCURVE_S1.);
#7750 = B_SPLINE_CURVE_WITH_KNOTS('',1,(#7751,#7752),.UNSPECIFIED.,.F.,
  .F.,(2,2),(117.,118.),.PIECEWISE_BEZIER_KNOTS.);
#7751 = CARTESIAN_POINT('',(-0.679825080057,6.174608766246,15.8));
#7752 = CARTESIAN_POINT('',(-0.462540156292,6.293267712933,15.8));
#7753 = PCURVE('',#133,#7754);
#7754 = DEFINITIONAL_REPRESENTATION('',(#7755),#7758);
#7755 = B_SPLINE_CURVE_WITH_KNOTS('',1,(#7756,#7757),.UNSPECIFIED.,.F.,
  .F.,(2,2),(117.,118.),.PIECEWISE_BEZIER_KNOTS.);
#7756 = CARTESIAN_POINT('',(7.079191998029,6.174608766246));
#7757 = CARTESIAN_POINT('',(6.861907074265,6.293267712933));
#7758 = ( GEOMETRIC_REPRESENTATION_CONTEXT(2) 
PARAMETRIC_REPRESENTATION_CONTEXT() REPRESENTATION_CONTEXT('2D SPACE',''
  ) );
#7759 = PCURVE('',#1529,#7760);
#7760 = DEFINITIONAL_REPRESENTATION('',(#7761),#7765);
#7761 = LINE('',#7762,#7763);
#7762 = CARTESIAN_POINT('',(0.,1.));
#7763 = VECTOR('',#7764,1.);
#7764 = DIRECTION('',(1.,0.));
#7765 = ( GEOMETRIC_REPRESENTATION_CONTEXT(2) 
PARAMETRIC_REPRESENTATION_CONTEXT() REPRESENTATION_CONTEXT('2D SPACE',''
  ) );
#7766 = ORIENTED_EDGE('',*,*,#7767,.T.);
#7767 = EDGE_CURVE('',#7747,#7768,#7770,.T.);
#7768 = VERTEX_POINT('',#7769);
#7769 = CARTESIAN_POINT('',(-0.236549982253,6.372064210345,15.8));
#7770 = SURFACE_CURVE('',#7771,(#7774,#7780),.PCURVE_S1.);
#7771 = B_SPLINE_CURVE_WITH_KNOTS('',1,(#7772,#7773),.UNSPECIFIED.,.F.,
  .F.,(2,2),(118.,119.),.PIECEWISE_BEZIER_KNOTS.);
#7772 = CARTESIAN_POINT('',(-0.462540156292,6.293267712933,15.8));
#7773 = CARTESIAN_POINT('',(-0.236549982253,6.372064210345,15.8));
#7774 = PCURVE('',#133,#7775);
#7775 = DEFINITIONAL_REPRESENTATION('',(#7776),#7779);
#7776 = B_SPLINE_CURVE_WITH_KNOTS('',1,(#7777,#7778),.UNSPECIFIED.,.F.,
  .F.,(2,2),(118.,119.),.PIECEWISE_BEZIER_KNOTS.);
#7777 = CARTESIAN_POINT('',(6.861907074265,6.293267712933));
#7778 = CARTESIAN_POINT('',(6.635916900226,6.372064210345));
#7779 = ( GEOMETRIC_REPRESENTATION_CONTEXT(2) 
PARAMETRIC_REPRESENTATION_CONTEXT() REPRESENTATION_CONTEXT('2D SPACE',''
  ) );
#7780 = PCURVE('',#1497,#7781);
#7781 = DEFINITIONAL_REPRESENTATION('',(#7782),#7786);
#7782 = LINE('',#7783,#7784);
#7783 = CARTESIAN_POINT('',(0.,1.));
#7784 = VECTOR('',#7785,1.);
#7785 = DIRECTION('',(1.,0.));
#7786 = ( GEOMETRIC_REPRESENTATION_CONTEXT(2) 
PARAMETRIC_REPRESENTATION_CONTEXT() REPRESENTATION_CONTEXT('2D SPACE',''
  ) );
#7787 = ORIENTED_EDGE('',*,*,#7788,.T.);
#7788 = EDGE_CURVE('',#7768,#7789,#7791,.T.);
#7789 = VERTEX_POINT('',#7790);
#7790 = CARTESIAN_POINT('',(0.,6.400633082027,15.8));
#7791 = SURFACE_CURVE('',#7792,(#7795,#7801),.PCURVE_S1.);
#7792 = B_SPLINE_CURVE_WITH_KNOTS('',1,(#7793,#7794),.UNSPECIFIED.,.F.,
  .F.,(2,2),(119.,120.),.PIECEWISE_BEZIER_KNOTS.);
#7793 = CARTESIAN_POINT('',(-0.236549982253,6.372064210345,15.8));
#7794 = CARTESIAN_POINT('',(0.,6.400633082027,15.8));
#7795 = PCURVE('',#133,#7796);
#7796 = DEFINITIONAL_REPRESENTATION('',(#7797),#7800);
#7797 = B_SPLINE_CURVE_WITH_KNOTS('',1,(#7798,#7799),.UNSPECIFIED.,.F.,
  .F.,(2,2),(119.,120.),.PIECEWISE_BEZIER_KNOTS.);
#7798 = CARTESIAN_POINT('',(6.635916900226,6.372064210345));
#7799 = CARTESIAN_POINT('',(6.399366917973,6.400633082027));
#7800 = ( GEOMETRIC_REPRESENTATION_CONTEXT(2) 
PARAMETRIC_REPRESENTATION_CONTEXT() REPRESENTATION_CONTEXT('2D SPACE',''
  ) );
#7801 = PCURVE('',#1465,#7802);
#7802 = DEFINITIONAL_REPRESENTATION('',(#7803),#7807);
#7803 = LINE('',#7804,#7805);
#7804 = CARTESIAN_POINT('',(0.,1.));
#7805 = VECTOR('',#7806,1.);
#7806 = DIRECTION('',(1.,0.));
#7807 = ( GEOMETRIC_REPRESENTATION_CONTEXT(2) 
PARAMETRIC_REPRESENTATION_CONTEXT() REPRESENTATION_CONTEXT('2D SPACE',''
  ) );
#7808 = ORIENTED_EDGE('',*,*,#7809,.T.);
#7809 = EDGE_CURVE('',#7789,#7810,#7812,.T.);
#7810 = VERTEX_POINT('',#7811);
#7811 = CARTESIAN_POINT('',(0.236200818895,6.372064210345,15.8));
#7812 = SURFACE_CURVE('',#7813,(#7816,#7822),.PCURVE_S1.);
#7813 = B_SPLINE_CURVE_WITH_KNOTS('',1,(#7814,#7815),.UNSPECIFIED.,.F.,
  .F.,(2,2),(120.,121.),.PIECEWISE_BEZIER_KNOTS.);
#7814 = CARTESIAN_POINT('',(0.,6.400633082027,15.8));
#7815 = CARTESIAN_POINT('',(0.236200818895,6.372064210345,15.8));
#7816 = PCURVE('',#133,#7817);
#7817 = DEFINITIONAL_REPRESENTATION('',(#7818),#7821);
#7818 = B_SPLINE_CURVE_WITH_KNOTS('',1,(#7819,#7820),.UNSPECIFIED.,.F.,
  .F.,(2,2),(120.,121.),.PIECEWISE_BEZIER_KNOTS.);
#7819 = CARTESIAN_POINT('',(6.399366917973,6.400633082027));
#7820 = CARTESIAN_POINT('',(6.163166099078,6.372064210345));
#7821 = ( GEOMETRIC_REPRESENTATION_CONTEXT(2) 
PARAMETRIC_REPRESENTATION_CONTEXT() REPRESENTATION_CONTEXT('2D SPACE',''
  ) );
#7822 = PCURVE('',#1433,#7823);
#7823 = DEFINITIONAL_REPRESENTATION('',(#7824),#7828);
#7824 = LINE('',#7825,#7826);
#7825 = CARTESIAN_POINT('',(0.,1.));
#7826 = VECTOR('',#7827,1.);
#7827 = DIRECTION('',(1.,0.));
#7828 = ( GEOMETRIC_REPRESENTATION_CONTEXT(2) 
PARAMETRIC_REPRESENTATION_CONTEXT() REPRESENTATION_CONTEXT('2D SPACE',''
  ) );
#7829 = ORIENTED_EDGE('',*,*,#7830,.T.);
#7830 = EDGE_CURVE('',#7810,#7831,#7833,.T.);
#7831 = VERTEX_POINT('',#7832);
#7832 = CARTESIAN_POINT('',(0.461912734763,6.293267712933,15.8));
#7833 = SURFACE_CURVE('',#7834,(#7837,#7843),.PCURVE_S1.);
#7834 = B_SPLINE_CURVE_WITH_KNOTS('',1,(#7835,#7836),.UNSPECIFIED.,.F.,
  .F.,(2,2),(121.,122.),.PIECEWISE_BEZIER_KNOTS.);
#7835 = CARTESIAN_POINT('',(0.236200818895,6.372064210345,15.8));
#7836 = CARTESIAN_POINT('',(0.461912734763,6.293267712933,15.8));
#7837 = PCURVE('',#133,#7838);
#7838 = DEFINITIONAL_REPRESENTATION('',(#7839),#7842);
#7839 = B_SPLINE_CURVE_WITH_KNOTS('',1,(#7840,#7841),.UNSPECIFIED.,.F.,
  .F.,(2,2),(121.,122.),.PIECEWISE_BEZIER_KNOTS.);
#7840 = CARTESIAN_POINT('',(6.163166099078,6.372064210345));
#7841 = CARTESIAN_POINT('',(5.93745418321,6.293267712933));
#7842 = ( GEOMETRIC_REPRESENTATION_CONTEXT(2) 
PARAMETRIC_REPRESENTATION_CONTEXT() REPRESENTATION_CONTEXT('2D SPACE',''
  ) );
#7843 = PCURVE('',#1401,#7844);
#7844 = DEFINITIONAL_REPRESENTATION('',(#7845),#7849);
#7845 = LINE('',#7846,#7847);
#7846 = CARTESIAN_POINT('',(0.,1.));
#7847 = VECTOR('',#7848,1.);
#7848 = DIRECTION('',(1.,0.));
#7849 = ( GEOMETRIC_REPRESENTATION_CONTEXT(2) 
PARAMETRIC_REPRESENTATION_CONTEXT() REPRESENTATION_CONTEXT('2D SPACE',''
  ) );
#7850 = ORIENTED_EDGE('',*,*,#7851,.T.);
#7851 = EDGE_CURVE('',#7831,#7852,#7854,.T.);
#7852 = VERTEX_POINT('',#7853);
#7853 = CARTESIAN_POINT('',(0.678982261678,6.174608766246,15.8));
#7854 = SURFACE_CURVE('',#7855,(#7858,#7864),.PCURVE_S1.);
#7855 = B_SPLINE_CURVE_WITH_KNOTS('',1,(#7856,#7857),.UNSPECIFIED.,.F.,
  .F.,(2,2),(122.,123.),.PIECEWISE_BEZIER_KNOTS.);
#7856 = CARTESIAN_POINT('',(0.461912734763,6.293267712933,15.8));
#7857 = CARTESIAN_POINT('',(0.678982261678,6.174608766246,15.8));
#7858 = PCURVE('',#133,#7859);
#7859 = DEFINITIONAL_REPRESENTATION('',(#7860),#7863);
#7860 = B_SPLINE_CURVE_WITH_KNOTS('',1,(#7861,#7862),.UNSPECIFIED.,.F.,
  .F.,(2,2),(122.,123.),.PIECEWISE_BEZIER_KNOTS.);
#7861 = CARTESIAN_POINT('',(5.93745418321,6.293267712933));
#7862 = CARTESIAN_POINT('',(5.720384656295,6.174608766246));
#7863 = ( GEOMETRIC_REPRESENTATION_CONTEXT(2) 
PARAMETRIC_REPRESENTATION_CONTEXT() REPRESENTATION_CONTEXT('2D SPACE',''
  ) );
#7864 = PCURVE('',#1369,#7865);
#7865 = DEFINITIONAL_REPRESENTATION('',(#7866),#7870);
#7866 = LINE('',#7867,#7868);
#7867 = CARTESIAN_POINT('',(0.,1.));
#7868 = VECTOR('',#7869,1.);
#7869 = DIRECTION('',(1.,0.));
#7870 = ( GEOMETRIC_REPRESENTATION_CONTEXT(2) 
PARAMETRIC_REPRESENTATION_CONTEXT() REPRESENTATION_CONTEXT('2D SPACE',''
  ) );
#7871 = ORIENTED_EDGE('',*,*,#7872,.T.);
#7872 = EDGE_CURVE('',#7852,#7873,#7875,.T.);
#7873 = VERTEX_POINT('',#7874);
#7874 = CARTESIAN_POINT('',(0.889255913712,6.026452546739,15.8));
#7875 = SURFACE_CURVE('',#7876,(#7879,#7885),.PCURVE_S1.);
#7876 = B_SPLINE_CURVE_WITH_KNOTS('',1,(#7877,#7878),.UNSPECIFIED.,.F.,
  .F.,(2,2),(123.,124.),.PIECEWISE_BEZIER_KNOTS.);
#7877 = CARTESIAN_POINT('',(0.678982261678,6.174608766246,15.8));
#7878 = CARTESIAN_POINT('',(0.889255913712,6.026452546739,15.8));
#7879 = PCURVE('',#133,#7880);
#7880 = DEFINITIONAL_REPRESENTATION('',(#7881),#7884);
#7881 = B_SPLINE_CURVE_WITH_KNOTS('',1,(#7882,#7883),.UNSPECIFIED.,.F.,
  .F.,(2,2),(123.,124.),.PIECEWISE_BEZIER_KNOTS.);
#7882 = CARTESIAN_POINT('',(5.720384656295,6.174608766246));
#7883 = CARTESIAN_POINT('',(5.510111004261,6.026452546739));
#7884 = ( GEOMETRIC_REPRESENTATION_CONTEXT(2) 
PARAMETRIC_REPRESENTATION_CONTEXT() REPRESENTATION_CONTEXT('2D SPACE',''
  ) );
#7885 = PCURVE('',#1337,#7886);
#7886 = DEFINITIONAL_REPRESENTATION('',(#7887),#7891);
#7887 = LINE('',#7888,#7889);
#7888 = CARTESIAN_POINT('',(0.,1.));
#7889 = VECTOR('',#7890,1.);
#7890 = DIRECTION('',(1.,0.));
#7891 = ( GEOMETRIC_REPRESENTATION_CONTEXT(2) 
PARAMETRIC_REPRESENTATION_CONTEXT() REPRESENTATION_CONTEXT('2D SPACE',''
  ) );
#7892 = ORIENTED_EDGE('',*,*,#7893,.T.);
#7893 = EDGE_CURVE('',#7873,#7894,#7896,.T.);
#7894 = VERTEX_POINT('',#7895);
#7895 = CARTESIAN_POINT('',(1.094580204937,5.859164230865,15.8));
#7896 = SURFACE_CURVE('',#7897,(#7900,#7906),.PCURVE_S1.);
#7897 = B_SPLINE_CURVE_WITH_KNOTS('',1,(#7898,#7899),.UNSPECIFIED.,.F.,
  .F.,(2,2),(124.,125.),.PIECEWISE_BEZIER_KNOTS.);
#7898 = CARTESIAN_POINT('',(0.889255913712,6.026452546739,15.8));
#7899 = CARTESIAN_POINT('',(1.094580204937,5.859164230865,15.8));
#7900 = PCURVE('',#133,#7901);
#7901 = DEFINITIONAL_REPRESENTATION('',(#7902),#7905);
#7902 = B_SPLINE_CURVE_WITH_KNOTS('',1,(#7903,#7904),.UNSPECIFIED.,.F.,
  .F.,(2,2),(124.,125.),.PIECEWISE_BEZIER_KNOTS.);
#7903 = CARTESIAN_POINT('',(5.510111004261,6.026452546739));
#7904 = CARTESIAN_POINT('',(5.304786713036,5.859164230865));
#7905 = ( GEOMETRIC_REPRESENTATION_CONTEXT(2) 
PARAMETRIC_REPRESENTATION_CONTEXT() REPRESENTATION_CONTEXT('2D SPACE',''
  ) );
#7906 = PCURVE('',#1305,#7907);
#7907 = DEFINITIONAL_REPRESENTATION('',(#7908),#7912);
#7908 = LINE('',#7909,#7910);
#7909 = CARTESIAN_POINT('',(0.,1.));
#7910 = VECTOR('',#7911,1.);
#7911 = DIRECTION('',(1.,0.));
#7912 = ( GEOMETRIC_REPRESENTATION_CONTEXT(2) 
PARAMETRIC_REPRESENTATION_CONTEXT() REPRESENTATION_CONTEXT('2D SPACE',''
  ) );
#7913 = ORIENTED_EDGE('',*,*,#7914,.T.);
#7914 = EDGE_CURVE('',#7894,#7915,#7917,.T.);
#7915 = VERTEX_POINT('',#7916);
#7916 = CARTESIAN_POINT('',(1.296801649427,5.683108995079,15.8));
#7917 = SURFACE_CURVE('',#7918,(#7921,#7927),.PCURVE_S1.);
#7918 = B_SPLINE_CURVE_WITH_KNOTS('',1,(#7919,#7920),.UNSPECIFIED.,.F.,
  .F.,(2,2),(125.,126.),.PIECEWISE_BEZIER_KNOTS.);
#7919 = CARTESIAN_POINT('',(1.094580204937,5.859164230865,15.8));
#7920 = CARTESIAN_POINT('',(1.296801649427,5.683108995079,15.8));
#7921 = PCURVE('',#133,#7922);
#7922 = DEFINITIONAL_REPRESENTATION('',(#7923),#7926);
#7923 = B_SPLINE_CURVE_WITH_KNOTS('',1,(#7924,#7925),.UNSPECIFIED.,.F.,
  .F.,(2,2),(125.,126.),.PIECEWISE_BEZIER_KNOTS.);
#7924 = CARTESIAN_POINT('',(5.304786713036,5.859164230865));
#7925 = CARTESIAN_POINT('',(5.102565268546,5.683108995079));
#7926 = ( GEOMETRIC_REPRESENTATION_CONTEXT(2) 
PARAMETRIC_REPRESENTATION_CONTEXT() REPRESENTATION_CONTEXT('2D SPACE',''
  ) );
#7927 = PCURVE('',#1273,#7928);
#7928 = DEFINITIONAL_REPRESENTATION('',(#7929),#7933);
#7929 = LINE('',#7930,#7931);
#7930 = CARTESIAN_POINT('',(0.,1.));
#7931 = VECTOR('',#7932,1.);
#7932 = DIRECTION('',(1.,0.));
#7933 = ( GEOMETRIC_REPRESENTATION_CONTEXT(2) 
PARAMETRIC_REPRESENTATION_CONTEXT() REPRESENTATION_CONTEXT('2D SPACE',''
  ) );
#7934 = ORIENTED_EDGE('',*,*,#7935,.T.);
#7935 = EDGE_CURVE('',#7915,#7936,#7938,.T.);
#7936 = VERTEX_POINT('',#7937);
#7937 = CARTESIAN_POINT('',(1.497766761254,5.508652015835,15.8));
#7938 = SURFACE_CURVE('',#7939,(#7942,#7948),.PCURVE_S1.);
#7939 = B_SPLINE_CURVE_WITH_KNOTS('',1,(#7940,#7941),.UNSPECIFIED.,.F.,
  .F.,(2,2),(126.,127.),.PIECEWISE_BEZIER_KNOTS.);
#7940 = CARTESIAN_POINT('',(1.296801649427,5.683108995079,15.8));
#7941 = CARTESIAN_POINT('',(1.497766761254,5.508652015835,15.8));
#7942 = PCURVE('',#133,#7943);
#7943 = DEFINITIONAL_REPRESENTATION('',(#7944),#7947);
#7944 = B_SPLINE_CURVE_WITH_KNOTS('',1,(#7945,#7946),.UNSPECIFIED.,.F.,
  .F.,(2,2),(126.,127.),.PIECEWISE_BEZIER_KNOTS.);
#7945 = CARTESIAN_POINT('',(5.102565268546,5.683108995079));
#7946 = CARTESIAN_POINT('',(4.901600156719,5.508652015835));
#7947 = ( GEOMETRIC_REPRESENTATION_CONTEXT(2) 
PARAMETRIC_REPRESENTATION_CONTEXT() REPRESENTATION_CONTEXT('2D SPACE',''
  ) );
#7948 = PCURVE('',#1241,#7949);
#7949 = DEFINITIONAL_REPRESENTATION('',(#7950),#7954);
#7950 = LINE('',#7951,#7952);
#7951 = CARTESIAN_POINT('',(0.,1.));
#7952 = VECTOR('',#7953,1.);
#7953 = DIRECTION('',(1.,0.));
#7954 = ( GEOMETRIC_REPRESENTATION_CONTEXT(2) 
PARAMETRIC_REPRESENTATION_CONTEXT() REPRESENTATION_CONTEXT('2D SPACE',''
  ) );
#7955 = ORIENTED_EDGE('',*,*,#7956,.T.);
#7956 = EDGE_CURVE('',#7936,#7957,#7959,.T.);
#7957 = VERTEX_POINT('',#7958);
#7958 = CARTESIAN_POINT('',(1.699322054491,5.346158469586,15.8));
#7959 = SURFACE_CURVE('',#7960,(#7963,#7969),.PCURVE_S1.);
#7960 = B_SPLINE_CURVE_WITH_KNOTS('',1,(#7961,#7962),.UNSPECIFIED.,.F.,
  .F.,(2,2),(127.,128.),.PIECEWISE_BEZIER_KNOTS.);
#7961 = CARTESIAN_POINT('',(1.497766761254,5.508652015835,15.8));
#7962 = CARTESIAN_POINT('',(1.699322054491,5.346158469586,15.8));
#7963 = PCURVE('',#133,#7964);
#7964 = DEFINITIONAL_REPRESENTATION('',(#7965),#7968);
#7965 = B_SPLINE_CURVE_WITH_KNOTS('',1,(#7966,#7967),.UNSPECIFIED.,.F.,
  .F.,(2,2),(127.,128.),.PIECEWISE_BEZIER_KNOTS.);
#7966 = CARTESIAN_POINT('',(4.901600156719,5.508652015835));
#7967 = CARTESIAN_POINT('',(4.700044863482,5.346158469586));
#7968 = ( GEOMETRIC_REPRESENTATION_CONTEXT(2) 
PARAMETRIC_REPRESENTATION_CONTEXT() REPRESENTATION_CONTEXT('2D SPACE',''
  ) );
#7969 = PCURVE('',#1209,#7970);
#7970 = DEFINITIONAL_REPRESENTATION('',(#7971),#7975);
#7971 = LINE('',#7972,#7973);
#7972 = CARTESIAN_POINT('',(0.,1.));
#7973 = VECTOR('',#7974,1.);
#7974 = DIRECTION('',(1.,0.));
#7975 = ( GEOMETRIC_REPRESENTATION_CONTEXT(2) 
PARAMETRIC_REPRESENTATION_CONTEXT() REPRESENTATION_CONTEXT('2D SPACE',''
  ) );
#7976 = ORIENTED_EDGE('',*,*,#7977,.T.);
#7977 = EDGE_CURVE('',#7957,#7978,#7980,.T.);
#7978 = VERTEX_POINT('',#7979);
#7979 = CARTESIAN_POINT('',(1.90331404321,5.205993532788,15.8));
#7980 = SURFACE_CURVE('',#7981,(#7984,#7990),.PCURVE_S1.);
#7981 = B_SPLINE_CURVE_WITH_KNOTS('',1,(#7982,#7983),.UNSPECIFIED.,.F.,
  .F.,(2,2),(128.,129.),.PIECEWISE_BEZIER_KNOTS.);
#7982 = CARTESIAN_POINT('',(1.699322054491,5.346158469586,15.8));
#7983 = CARTESIAN_POINT('',(1.90331404321,5.205993532788,15.8));
#7984 = PCURVE('',#133,#7985);
#7985 = DEFINITIONAL_REPRESENTATION('',(#7986),#7989);
#7986 = B_SPLINE_CURVE_WITH_KNOTS('',1,(#7987,#7988),.UNSPECIFIED.,.F.,
  .F.,(2,2),(128.,129.),.PIECEWISE_BEZIER_KNOTS.);
#7987 = CARTESIAN_POINT('',(4.700044863482,5.346158469586));
#7988 = CARTESIAN_POINT('',(4.496052874763,5.205993532788));
#7989 = ( GEOMETRIC_REPRESENTATION_CONTEXT(2) 
PARAMETRIC_REPRESENTATION_CONTEXT() REPRESENTATION_CONTEXT('2D SPACE',''
  ) );
#7990 = PCURVE('',#1177,#7991);
#7991 = DEFINITIONAL_REPRESENTATION('',(#7992),#7996);
#7992 = LINE('',#7993,#7994);
#7993 = CARTESIAN_POINT('',(0.,1.));
#7994 = VECTOR('',#7995,1.);
#7995 = DIRECTION('',(1.,0.));
#7996 = ( GEOMETRIC_REPRESENTATION_CONTEXT(2) 
PARAMETRIC_REPRESENTATION_CONTEXT() REPRESENTATION_CONTEXT('2D SPACE',''
  ) );
#7997 = ORIENTED_EDGE('',*,*,#7998,.T.);
#7998 = EDGE_CURVE('',#7978,#7999,#8001,.T.);
#7999 = VERTEX_POINT('',#8000);
#8000 = CARTESIAN_POINT('',(2.111589241485,5.098522381894,15.8));
#8001 = SURFACE_CURVE('',#8002,(#8005,#8011),.PCURVE_S1.);
#8002 = B_SPLINE_CURVE_WITH_KNOTS('',1,(#8003,#8004),.UNSPECIFIED.,.F.,
  .F.,(2,2),(129.,130.),.PIECEWISE_BEZIER_KNOTS.);
#8003 = CARTESIAN_POINT('',(1.90331404321,5.205993532788,15.8));
#8004 = CARTESIAN_POINT('',(2.111589241485,5.098522381894,15.8));
#8005 = PCURVE('',#133,#8006);
#8006 = DEFINITIONAL_REPRESENTATION('',(#8007),#8010);
#8007 = B_SPLINE_CURVE_WITH_KNOTS('',1,(#8008,#8009),.UNSPECIFIED.,.F.,
  .F.,(2,2),(129.,130.),.PIECEWISE_BEZIER_KNOTS.);
#8008 = CARTESIAN_POINT('',(4.496052874763,5.205993532788));
#8009 = CARTESIAN_POINT('',(4.287777676488,5.098522381894));
#8010 = ( GEOMETRIC_REPRESENTATION_CONTEXT(2) 
PARAMETRIC_REPRESENTATION_CONTEXT() REPRESENTATION_CONTEXT('2D SPACE',''
  ) );
#8011 = PCURVE('',#1145,#8012);
#8012 = DEFINITIONAL_REPRESENTATION('',(#8013),#8017);
#8013 = LINE('',#8014,#8015);
#8014 = CARTESIAN_POINT('',(0.,1.));
#8015 = VECTOR('',#8016,1.);
#8016 = DIRECTION('',(1.,0.));
#8017 = ( GEOMETRIC_REPRESENTATION_CONTEXT(2) 
PARAMETRIC_REPRESENTATION_CONTEXT() REPRESENTATION_CONTEXT('2D SPACE',''
  ) );
#8018 = ORIENTED_EDGE('',*,*,#8019,.T.);
#8019 = EDGE_CURVE('',#7999,#8020,#8022,.T.);
#8020 = VERTEX_POINT('',#8021);
#8021 = CARTESIAN_POINT('',(2.341248659647,5.024074559684,15.8));
#8022 = SURFACE_CURVE('',#8023,(#8026,#8032),.PCURVE_S1.);
#8023 = B_SPLINE_CURVE_WITH_KNOTS('',1,(#8024,#8025),.UNSPECIFIED.,.F.,
  .F.,(2,2),(130.,131.),.PIECEWISE_BEZIER_KNOTS.);
#8024 = CARTESIAN_POINT('',(2.111589241485,5.098522381894,15.8));
#8025 = CARTESIAN_POINT('',(2.341248659647,5.024074559684,15.8));
#8026 = PCURVE('',#133,#8027);
#8027 = DEFINITIONAL_REPRESENTATION('',(#8028),#8031);
#8028 = B_SPLINE_CURVE_WITH_KNOTS('',1,(#8029,#8030),.UNSPECIFIED.,.F.,
  .F.,(2,2),(130.,131.),.PIECEWISE_BEZIER_KNOTS.);
#8029 = CARTESIAN_POINT('',(4.287777676488,5.098522381894));
#8030 = CARTESIAN_POINT('',(4.058118258326,5.024074559684));
#8031 = ( GEOMETRIC_REPRESENTATION_CONTEXT(2) 
PARAMETRIC_REPRESENTATION_CONTEXT() REPRESENTATION_CONTEXT('2D SPACE',''
  ) );
#8032 = PCURVE('',#1113,#8033);
#8033 = DEFINITIONAL_REPRESENTATION('',(#8034),#8038);
#8034 = LINE('',#8035,#8036);
#8035 = CARTESIAN_POINT('',(0.,1.));
#8036 = VECTOR('',#8037,1.);
#8037 = DIRECTION('',(1.,0.));
#8038 = ( GEOMETRIC_REPRESENTATION_CONTEXT(2) 
PARAMETRIC_REPRESENTATION_CONTEXT() REPRESENTATION_CONTEXT('2D SPACE',''
  ) );
#8039 = ORIENTED_EDGE('',*,*,#8040,.T.);
#8040 = EDGE_CURVE('',#8020,#8041,#8043,.T.);
#8041 = VERTEX_POINT('',#8042);
#8042 = CARTESIAN_POINT('',(2.589442336197,4.9758887228,15.8));
#8043 = SURFACE_CURVE('',#8044,(#8047,#8053),.PCURVE_S1.);
#8044 = B_SPLINE_CURVE_WITH_KNOTS('',1,(#8045,#8046),.UNSPECIFIED.,.F.,
  .F.,(2,2),(131.,132.),.PIECEWISE_BEZIER_KNOTS.);
#8045 = CARTESIAN_POINT('',(2.341248659647,5.024074559684,15.8));
#8046 = CARTESIAN_POINT('',(2.589442336197,4.9758887228,15.8));
#8047 = PCURVE('',#133,#8048);
#8048 = DEFINITIONAL_REPRESENTATION('',(#8049),#8052);
#8049 = B_SPLINE_CURVE_WITH_KNOTS('',1,(#8050,#8051),.UNSPECIFIED.,.F.,
  .F.,(2,2),(131.,132.),.PIECEWISE_BEZIER_KNOTS.);
#8050 = CARTESIAN_POINT('',(4.058118258326,5.024074559684));
#8051 = CARTESIAN_POINT('',(3.809924581776,4.9758887228));
#8052 = ( GEOMETRIC_REPRESENTATION_CONTEXT(2) 
PARAMETRIC_REPRESENTATION_CONTEXT() REPRESENTATION_CONTEXT('2D SPACE',''
  ) );
#8053 = PCURVE('',#1081,#8054);
#8054 = DEFINITIONAL_REPRESENTATION('',(#8055),#8059);
#8055 = LINE('',#8056,#8057);
#8056 = CARTESIAN_POINT('',(0.,1.));
#8057 = VECTOR('',#8058,1.);
#8058 = DIRECTION('',(1.,0.));
#8059 = ( GEOMETRIC_REPRESENTATION_CONTEXT(2) 
PARAMETRIC_REPRESENTATION_CONTEXT() REPRESENTATION_CONTEXT('2D SPACE',''
  ) );
#8060 = ORIENTED_EDGE('',*,*,#8061,.T.);
#8061 = EDGE_CURVE('',#8041,#8062,#8064,.T.);
#8062 = VERTEX_POINT('',#8063);
#8063 = CARTESIAN_POINT('',(2.850188614221,4.945547069998,15.8));
#8064 = SURFACE_CURVE('',#8065,(#8068,#8074),.PCURVE_S1.);
#8065 = B_SPLINE_CURVE_WITH_KNOTS('',1,(#8066,#8067),.UNSPECIFIED.,.F.,
  .F.,(2,2),(132.,133.),.PIECEWISE_BEZIER_KNOTS.);
#8066 = CARTESIAN_POINT('',(2.589442336197,4.9758887228,15.8));
#8067 = CARTESIAN_POINT('',(2.850188614221,4.945547069998,15.8));
#8068 = PCURVE('',#133,#8069);
#8069 = DEFINITIONAL_REPRESENTATION('',(#8070),#8073);
#8070 = B_SPLINE_CURVE_WITH_KNOTS('',1,(#8071,#8072),.UNSPECIFIED.,.F.,
  .F.,(2,2),(132.,133.),.PIECEWISE_BEZIER_KNOTS.);
#8071 = CARTESIAN_POINT('',(3.809924581776,4.9758887228));
#8072 = CARTESIAN_POINT('',(3.549178303751,4.945547069998));
#8073 = ( GEOMETRIC_REPRESENTATION_CONTEXT(2) 
PARAMETRIC_REPRESENTATION_CONTEXT() REPRESENTATION_CONTEXT('2D SPACE',''
  ) );
#8074 = PCURVE('',#1049,#8075);
#8075 = DEFINITIONAL_REPRESENTATION('',(#8076),#8080);
#8076 = LINE('',#8077,#8078);
#8077 = CARTESIAN_POINT('',(0.,1.));
#8078 = VECTOR('',#8079,1.);
#8079 = DIRECTION('',(1.,0.));
#8080 = ( GEOMETRIC_REPRESENTATION_CONTEXT(2) 
PARAMETRIC_REPRESENTATION_CONTEXT() REPRESENTATION_CONTEXT('2D SPACE',''
  ) );
#8081 = ORIENTED_EDGE('',*,*,#8082,.T.);
#8082 = EDGE_CURVE('',#8062,#8083,#8085,.T.);
#8083 = VERTEX_POINT('',#8084);
#8084 = CARTESIAN_POINT('',(3.117505836807,4.924631800036,15.8));
#8085 = SURFACE_CURVE('',#8086,(#8089,#8095),.PCURVE_S1.);
#8086 = B_SPLINE_CURVE_WITH_KNOTS('',1,(#8087,#8088),.UNSPECIFIED.,.F.,
  .F.,(2,2),(133.,134.),.PIECEWISE_BEZIER_KNOTS.);
#8087 = CARTESIAN_POINT('',(2.850188614221,4.945547069998,15.8));
#8088 = CARTESIAN_POINT('',(3.117505836807,4.924631800036,15.8));
#8089 = PCURVE('',#133,#8090);
#8090 = DEFINITIONAL_REPRESENTATION('',(#8091),#8094);
#8091 = B_SPLINE_CURVE_WITH_KNOTS('',1,(#8092,#8093),.UNSPECIFIED.,.F.,
  .F.,(2,2),(133.,134.),.PIECEWISE_BEZIER_KNOTS.);
#8092 = CARTESIAN_POINT('',(3.549178303751,4.945547069998));
#8093 = CARTESIAN_POINT('',(3.281861081166,4.924631800036));
#8094 = ( GEOMETRIC_REPRESENTATION_CONTEXT(2) 
PARAMETRIC_REPRESENTATION_CONTEXT() REPRESENTATION_CONTEXT('2D SPACE',''
  ) );
#8095 = PCURVE('',#1017,#8096);
#8096 = DEFINITIONAL_REPRESENTATION('',(#8097),#8101);
#8097 = LINE('',#8098,#8099);
#8098 = CARTESIAN_POINT('',(0.,1.));
#8099 = VECTOR('',#8100,1.);
#8100 = DIRECTION('',(1.,0.));
#8101 = ( GEOMETRIC_REPRESENTATION_CONTEXT(2) 
PARAMETRIC_REPRESENTATION_CONTEXT() REPRESENTATION_CONTEXT('2D SPACE',''
  ) );
#8102 = ORIENTED_EDGE('',*,*,#8103,.T.);
#8103 = EDGE_CURVE('',#8083,#8104,#8106,.T.);
#8104 = VERTEX_POINT('',#8105);
#8105 = CARTESIAN_POINT('',(3.385412347039,4.904725111672,15.8));
#8106 = SURFACE_CURVE('',#8107,(#8110,#8116),.PCURVE_S1.);
#8107 = B_SPLINE_CURVE_WITH_KNOTS('',1,(#8108,#8109),.UNSPECIFIED.,.F.,
  .F.,(2,2),(134.,135.),.PIECEWISE_BEZIER_KNOTS.);
#8108 = CARTESIAN_POINT('',(3.117505836807,4.924631800036,15.8));
#8109 = CARTESIAN_POINT('',(3.385412347039,4.904725111672,15.8));
#8110 = PCURVE('',#133,#8111);
#8111 = DEFINITIONAL_REPRESENTATION('',(#8112),#8115);
#8112 = B_SPLINE_CURVE_WITH_KNOTS('',1,(#8113,#8114),.UNSPECIFIED.,.F.,
  .F.,(2,2),(134.,135.),.PIECEWISE_BEZIER_KNOTS.);
#8113 = CARTESIAN_POINT('',(3.281861081166,4.924631800036));
#8114 = CARTESIAN_POINT('',(3.013954570934,4.904725111672));
#8115 = ( GEOMETRIC_REPRESENTATION_CONTEXT(2) 
PARAMETRIC_REPRESENTATION_CONTEXT() REPRESENTATION_CONTEXT('2D SPACE',''
  ) );
#8116 = PCURVE('',#985,#8117);
#8117 = DEFINITIONAL_REPRESENTATION('',(#8118),#8122);
#8118 = LINE('',#8119,#8120);
#8119 = CARTESIAN_POINT('',(0.,1.));
#8120 = VECTOR('',#8121,1.);
#8121 = DIRECTION('',(1.,0.));
#8122 = ( GEOMETRIC_REPRESENTATION_CONTEXT(2) 
PARAMETRIC_REPRESENTATION_CONTEXT() REPRESENTATION_CONTEXT('2D SPACE',''
  ) );
#8123 = ORIENTED_EDGE('',*,*,#8124,.T.);
#8124 = EDGE_CURVE('',#8104,#8125,#8127,.T.);
#8125 = VERTEX_POINT('',#8126);
#8126 = CARTESIAN_POINT('',(3.647926488005,4.877409203663,15.8));
#8127 = SURFACE_CURVE('',#8128,(#8131,#8137),.PCURVE_S1.);
#8128 = B_SPLINE_CURVE_WITH_KNOTS('',1,(#8129,#8130),.UNSPECIFIED.,.F.,
  .F.,(2,2),(135.,136.),.PIECEWISE_BEZIER_KNOTS.);
#8129 = CARTESIAN_POINT('',(3.385412347039,4.904725111672,15.8));
#8130 = CARTESIAN_POINT('',(3.647926488005,4.877409203663,15.8));
#8131 = PCURVE('',#133,#8132);
#8132 = DEFINITIONAL_REPRESENTATION('',(#8133),#8136);
#8133 = B_SPLINE_CURVE_WITH_KNOTS('',1,(#8134,#8135),.UNSPECIFIED.,.F.,
  .F.,(2,2),(135.,136.),.PIECEWISE_BEZIER_KNOTS.);
#8134 = CARTESIAN_POINT('',(3.013954570934,4.904725111672));
#8135 = CARTESIAN_POINT('',(2.751440429968,4.877409203663));
#8136 = ( GEOMETRIC_REPRESENTATION_CONTEXT(2) 
PARAMETRIC_REPRESENTATION_CONTEXT() REPRESENTATION_CONTEXT('2D SPACE',''
  ) );
#8137 = PCURVE('',#953,#8138);
#8138 = DEFINITIONAL_REPRESENTATION('',(#8139),#8143);
#8139 = LINE('',#8140,#8141);
#8140 = CARTESIAN_POINT('',(0.,1.));
#8141 = VECTOR('',#8142,1.);
#8142 = DIRECTION('',(1.,0.));
#8143 = ( GEOMETRIC_REPRESENTATION_CONTEXT(2) 
PARAMETRIC_REPRESENTATION_CONTEXT() REPRESENTATION_CONTEXT('2D SPACE',''
  ) );
#8144 = ORIENTED_EDGE('',*,*,#8145,.T.);
#8145 = EDGE_CURVE('',#8125,#8146,#8148,.T.);
#8146 = VERTEX_POINT('',#8147);
#8147 = CARTESIAN_POINT('',(3.89906660279,4.834266274766,15.8));
#8148 = SURFACE_CURVE('',#8149,(#8152,#8158),.PCURVE_S1.);
#8149 = B_SPLINE_CURVE_WITH_KNOTS('',1,(#8150,#8151),.UNSPECIFIED.,.F.,
  .F.,(2,2),(136.,137.),.PIECEWISE_BEZIER_KNOTS.);
#8150 = CARTESIAN_POINT('',(3.647926488005,4.877409203663,15.8));
#8151 = CARTESIAN_POINT('',(3.89906660279,4.834266274766,15.8));
#8152 = PCURVE('',#133,#8153);
#8153 = DEFINITIONAL_REPRESENTATION('',(#8154),#8157);
#8154 = B_SPLINE_CURVE_WITH_KNOTS('',1,(#8155,#8156),.UNSPECIFIED.,.F.,
  .F.,(2,2),(136.,137.),.PIECEWISE_BEZIER_KNOTS.);
#8155 = CARTESIAN_POINT('',(2.751440429968,4.877409203663));
#8156 = CARTESIAN_POINT('',(2.500300315183,4.834266274766));
#8157 = ( GEOMETRIC_REPRESENTATION_CONTEXT(2) 
PARAMETRIC_REPRESENTATION_CONTEXT() REPRESENTATION_CONTEXT('2D SPACE',''
  ) );
#8158 = PCURVE('',#921,#8159);
#8159 = DEFINITIONAL_REPRESENTATION('',(#8160),#8164);
#8160 = LINE('',#8161,#8162);
#8161 = CARTESIAN_POINT('',(0.,1.));
#8162 = VECTOR('',#8163,1.);
#8163 = DIRECTION('',(1.,0.));
#8164 = ( GEOMETRIC_REPRESENTATION_CONTEXT(2) 
PARAMETRIC_REPRESENTATION_CONTEXT() REPRESENTATION_CONTEXT('2D SPACE',''
  ) );
#8165 = ORIENTED_EDGE('',*,*,#8166,.T.);
#8166 = EDGE_CURVE('',#8146,#8167,#8169,.T.);
#8167 = VERTEX_POINT('',#8168);
#8168 = CARTESIAN_POINT('',(4.13285103448,4.76687852374,15.8));
#8169 = SURFACE_CURVE('',#8170,(#8173,#8179),.PCURVE_S1.);
#8170 = B_SPLINE_CURVE_WITH_KNOTS('',1,(#8171,#8172),.UNSPECIFIED.,.F.,
  .F.,(2,2),(137.,138.),.PIECEWISE_BEZIER_KNOTS.);
#8171 = CARTESIAN_POINT('',(3.89906660279,4.834266274766,15.8));
#8172 = CARTESIAN_POINT('',(4.13285103448,4.76687852374,15.8));
#8173 = PCURVE('',#133,#8174);
#8174 = DEFINITIONAL_REPRESENTATION('',(#8175),#8178);
#8175 = B_SPLINE_CURVE_WITH_KNOTS('',1,(#8176,#8177),.UNSPECIFIED.,.F.,
  .F.,(2,2),(137.,138.),.PIECEWISE_BEZIER_KNOTS.);
#8176 = CARTESIAN_POINT('',(2.500300315183,4.834266274766));
#8177 = CARTESIAN_POINT('',(2.266515883493,4.76687852374));
#8178 = ( GEOMETRIC_REPRESENTATION_CONTEXT(2) 
PARAMETRIC_REPRESENTATION_CONTEXT() REPRESENTATION_CONTEXT('2D SPACE',''
  ) );
#8179 = PCURVE('',#889,#8180);
#8180 = DEFINITIONAL_REPRESENTATION('',(#8181),#8185);
#8181 = LINE('',#8182,#8183);
#8182 = CARTESIAN_POINT('',(0.,1.));
#8183 = VECTOR('',#8184,1.);
#8184 = DIRECTION('',(1.,0.));
#8185 = ( GEOMETRIC_REPRESENTATION_CONTEXT(2) 
PARAMETRIC_REPRESENTATION_CONTEXT() REPRESENTATION_CONTEXT('2D SPACE',''
  ) );
#8186 = ORIENTED_EDGE('',*,*,#8187,.T.);
#8187 = EDGE_CURVE('',#8167,#8188,#8190,.T.);
#8188 = VERTEX_POINT('',#8189);
#8189 = CARTESIAN_POINT('',(4.343298126163,4.666828149341,15.8));
#8190 = SURFACE_CURVE('',#8191,(#8194,#8200),.PCURVE_S1.);
#8191 = B_SPLINE_CURVE_WITH_KNOTS('',1,(#8192,#8193),.UNSPECIFIED.,.F.,
  .F.,(2,2),(138.,139.),.PIECEWISE_BEZIER_KNOTS.);
#8192 = CARTESIAN_POINT('',(4.13285103448,4.76687852374,15.8));
#8193 = CARTESIAN_POINT('',(4.343298126163,4.666828149341,15.8));
#8194 = PCURVE('',#133,#8195);
#8195 = DEFINITIONAL_REPRESENTATION('',(#8196),#8199);
#8196 = B_SPLINE_CURVE_WITH_KNOTS('',1,(#8197,#8198),.UNSPECIFIED.,.F.,
  .F.,(2,2),(138.,139.),.PIECEWISE_BEZIER_KNOTS.);
#8197 = CARTESIAN_POINT('',(2.266515883493,4.76687852374));
#8198 = CARTESIAN_POINT('',(2.05606879181,4.666828149341));
#8199 = ( GEOMETRIC_REPRESENTATION_CONTEXT(2) 
PARAMETRIC_REPRESENTATION_CONTEXT() REPRESENTATION_CONTEXT('2D SPACE',''
  ) );
#8200 = PCURVE('',#857,#8201);
#8201 = DEFINITIONAL_REPRESENTATION('',(#8202),#8206);
#8202 = LINE('',#8203,#8204);
#8203 = CARTESIAN_POINT('',(0.,1.));
#8204 = VECTOR('',#8205,1.);
#8205 = DIRECTION('',(1.,0.));
#8206 = ( GEOMETRIC_REPRESENTATION_CONTEXT(2) 
PARAMETRIC_REPRESENTATION_CONTEXT() REPRESENTATION_CONTEXT('2D SPACE',''
  ) );
#8207 = ORIENTED_EDGE('',*,*,#8208,.T.);
#8208 = EDGE_CURVE('',#8188,#8209,#8211,.T.);
#8209 = VERTEX_POINT('',#8210);
#8210 = CARTESIAN_POINT('',(4.524426220923,4.525697350327,15.8));
#8211 = SURFACE_CURVE('',#8212,(#8215,#8221),.PCURVE_S1.);
#8212 = B_SPLINE_CURVE_WITH_KNOTS('',1,(#8213,#8214),.UNSPECIFIED.,.F.,
  .F.,(2,2),(139.,140.),.PIECEWISE_BEZIER_KNOTS.);
#8213 = CARTESIAN_POINT('',(4.343298126163,4.666828149341,15.8));
#8214 = CARTESIAN_POINT('',(4.524426220923,4.525697350327,15.8));
#8215 = PCURVE('',#133,#8216);
#8216 = DEFINITIONAL_REPRESENTATION('',(#8217),#8220);
#8217 = B_SPLINE_CURVE_WITH_KNOTS('',1,(#8218,#8219),.UNSPECIFIED.,.F.,
  .F.,(2,2),(139.,140.),.PIECEWISE_BEZIER_KNOTS.);
#8218 = CARTESIAN_POINT('',(2.05606879181,4.666828149341));
#8219 = CARTESIAN_POINT('',(1.87494069705,4.525697350327));
#8220 = ( GEOMETRIC_REPRESENTATION_CONTEXT(2) 
PARAMETRIC_REPRESENTATION_CONTEXT() REPRESENTATION_CONTEXT('2D SPACE',''
  ) );
#8221 = PCURVE('',#825,#8222);
#8222 = DEFINITIONAL_REPRESENTATION('',(#8223),#8227);
#8223 = LINE('',#8224,#8225);
#8224 = CARTESIAN_POINT('',(0.,1.));
#8225 = VECTOR('',#8226,1.);
#8226 = DIRECTION('',(1.,0.));
#8227 = ( GEOMETRIC_REPRESENTATION_CONTEXT(2) 
PARAMETRIC_REPRESENTATION_CONTEXT() REPRESENTATION_CONTEXT('2D SPACE',''
  ) );
#8228 = ORIENTED_EDGE('',*,*,#8229,.T.);
#8229 = EDGE_CURVE('',#8209,#8230,#8232,.T.);
#8230 = VERTEX_POINT('',#8231);
#8231 = CARTESIAN_POINT('',(4.665876582366,4.344529885312,15.8));
#8232 = SURFACE_CURVE('',#8233,(#8236,#8242),.PCURVE_S1.);
#8233 = B_SPLINE_CURVE_WITH_KNOTS('',1,(#8234,#8235),.UNSPECIFIED.,.F.,
  .F.,(2,2),(140.,141.),.PIECEWISE_BEZIER_KNOTS.);
#8234 = CARTESIAN_POINT('',(4.524426220923,4.525697350327,15.8));
#8235 = CARTESIAN_POINT('',(4.665876582366,4.344529885312,15.8));
#8236 = PCURVE('',#133,#8237);
#8237 = DEFINITIONAL_REPRESENTATION('',(#8238),#8241);
#8238 = B_SPLINE_CURVE_WITH_KNOTS('',1,(#8239,#8240),.UNSPECIFIED.,.F.,
  .F.,(2,2),(140.,141.),.PIECEWISE_BEZIER_KNOTS.);
#8239 = CARTESIAN_POINT('',(1.87494069705,4.525697350327));
#8240 = CARTESIAN_POINT('',(1.733490335607,4.344529885312));
#8241 = ( GEOMETRIC_REPRESENTATION_CONTEXT(2) 
PARAMETRIC_REPRESENTATION_CONTEXT() REPRESENTATION_CONTEXT('2D SPACE',''
  ) );
#8242 = PCURVE('',#793,#8243);
#8243 = DEFINITIONAL_REPRESENTATION('',(#8244),#8248);
#8244 = LINE('',#8245,#8246);
#8245 = CARTESIAN_POINT('',(0.,1.));
#8246 = VECTOR('',#8247,1.);
#8247 = DIRECTION('',(1.,0.));
#8248 = ( GEOMETRIC_REPRESENTATION_CONTEXT(2) 
PARAMETRIC_REPRESENTATION_CONTEXT() REPRESENTATION_CONTEXT('2D SPACE',''
  ) );
#8249 = ORIENTED_EDGE('',*,*,#8250,.T.);
#8250 = EDGE_CURVE('',#8230,#8251,#8253,.T.);
#8251 = VERTEX_POINT('',#8252);
#8252 = CARTESIAN_POINT('',(4.766121347704,4.133981187688,15.8));
#8253 = SURFACE_CURVE('',#8254,(#8257,#8263),.PCURVE_S1.);
#8254 = B_SPLINE_CURVE_WITH_KNOTS('',1,(#8255,#8256),.UNSPECIFIED.,.F.,
  .F.,(2,2),(141.,142.),.PIECEWISE_BEZIER_KNOTS.);
#8255 = CARTESIAN_POINT('',(4.665876582366,4.344529885312,15.8));
#8256 = CARTESIAN_POINT('',(4.766121347704,4.133981187688,15.8));
#8257 = PCURVE('',#133,#8258);
#8258 = DEFINITIONAL_REPRESENTATION('',(#8259),#8262);
#8259 = B_SPLINE_CURVE_WITH_KNOTS('',1,(#8260,#8261),.UNSPECIFIED.,.F.,
  .F.,(2,2),(141.,142.),.PIECEWISE_BEZIER_KNOTS.);
#8260 = CARTESIAN_POINT('',(1.733490335607,4.344529885312));
#8261 = CARTESIAN_POINT('',(1.633245570268,4.133981187688));
#8262 = ( GEOMETRIC_REPRESENTATION_CONTEXT(2) 
PARAMETRIC_REPRESENTATION_CONTEXT() REPRESENTATION_CONTEXT('2D SPACE',''
  ) );
#8263 = PCURVE('',#761,#8264);
#8264 = DEFINITIONAL_REPRESENTATION('',(#8265),#8269);
#8265 = LINE('',#8266,#8267);
#8266 = CARTESIAN_POINT('',(0.,1.));
#8267 = VECTOR('',#8268,1.);
#8268 = DIRECTION('',(1.,0.));
#8269 = ( GEOMETRIC_REPRESENTATION_CONTEXT(2) 
PARAMETRIC_REPRESENTATION_CONTEXT() REPRESENTATION_CONTEXT('2D SPACE',''
  ) );
#8270 = ORIENTED_EDGE('',*,*,#8271,.T.);
#8271 = EDGE_CURVE('',#8251,#8272,#8274,.T.);
#8272 = VERTEX_POINT('',#8273);
#8273 = CARTESIAN_POINT('',(4.833609406233,3.900048733972,15.8));
#8274 = SURFACE_CURVE('',#8275,(#8278,#8284),.PCURVE_S1.);
#8275 = B_SPLINE_CURVE_WITH_KNOTS('',1,(#8276,#8277),.UNSPECIFIED.,.F.,
  .F.,(2,2),(142.,143.),.PIECEWISE_BEZIER_KNOTS.);
#8276 = CARTESIAN_POINT('',(4.766121347704,4.133981187688,15.8));
#8277 = CARTESIAN_POINT('',(4.833609406233,3.900048733972,15.8));
#8278 = PCURVE('',#133,#8279);
#8279 = DEFINITIONAL_REPRESENTATION('',(#8280),#8283);
#8280 = B_SPLINE_CURVE_WITH_KNOTS('',1,(#8281,#8282),.UNSPECIFIED.,.F.,
  .F.,(2,2),(142.,143.),.PIECEWISE_BEZIER_KNOTS.);
#8281 = CARTESIAN_POINT('',(1.633245570268,4.133981187688));
#8282 = CARTESIAN_POINT('',(1.565757511739,3.900048733972));
#8283 = ( GEOMETRIC_REPRESENTATION_CONTEXT(2) 
PARAMETRIC_REPRESENTATION_CONTEXT() REPRESENTATION_CONTEXT('2D SPACE',''
  ) );
#8284 = PCURVE('',#729,#8285);
#8285 = DEFINITIONAL_REPRESENTATION('',(#8286),#8290);
#8286 = LINE('',#8287,#8288);
#8287 = CARTESIAN_POINT('',(0.,1.));
#8288 = VECTOR('',#8289,1.);
#8289 = DIRECTION('',(1.,0.));
#8290 = ( GEOMETRIC_REPRESENTATION_CONTEXT(2) 
PARAMETRIC_REPRESENTATION_CONTEXT() REPRESENTATION_CONTEXT('2D SPACE',''
  ) );
#8291 = ORIENTED_EDGE('',*,*,#8292,.T.);
#8292 = EDGE_CURVE('',#8272,#8293,#8295,.T.);
#8293 = VERTEX_POINT('',#8294);
#8294 = CARTESIAN_POINT('',(4.876789647247,3.648730000679,15.8));
#8295 = SURFACE_CURVE('',#8296,(#8299,#8305),.PCURVE_S1.);
#8296 = B_SPLINE_CURVE_WITH_KNOTS('',1,(#8297,#8298),.UNSPECIFIED.,.F.,
  .F.,(2,2),(143.,144.),.PIECEWISE_BEZIER_KNOTS.);
#8297 = CARTESIAN_POINT('',(4.833609406233,3.900048733972,15.8));
#8298 = CARTESIAN_POINT('',(4.876789647247,3.648730000679,15.8));
#8299 = PCURVE('',#133,#8300);
#8300 = DEFINITIONAL_REPRESENTATION('',(#8301),#8304);
#8301 = B_SPLINE_CURVE_WITH_KNOTS('',1,(#8302,#8303),.UNSPECIFIED.,.F.,
  .F.,(2,2),(143.,144.),.PIECEWISE_BEZIER_KNOTS.);
#8302 = CARTESIAN_POINT('',(1.565757511739,3.900048733972));
#8303 = CARTESIAN_POINT('',(1.522577270726,3.648730000679));
#8304 = ( GEOMETRIC_REPRESENTATION_CONTEXT(2) 
PARAMETRIC_REPRESENTATION_CONTEXT() REPRESENTATION_CONTEXT('2D SPACE',''
  ) );
#8305 = PCURVE('',#697,#8306);
#8306 = DEFINITIONAL_REPRESENTATION('',(#8307),#8311);
#8307 = LINE('',#8308,#8309);
#8308 = CARTESIAN_POINT('',(0.,1.));
#8309 = VECTOR('',#8310,1.);
#8310 = DIRECTION('',(1.,0.));
#8311 = ( GEOMETRIC_REPRESENTATION_CONTEXT(2) 
PARAMETRIC_REPRESENTATION_CONTEXT() REPRESENTATION_CONTEXT('2D SPACE',''
  ) );
#8312 = ORIENTED_EDGE('',*,*,#8313,.T.);
#8313 = EDGE_CURVE('',#8293,#8314,#8316,.T.);
#8314 = VERTEX_POINT('',#8315);
#8315 = CARTESIAN_POINT('',(4.904110960039,3.386022464326,15.8));
#8316 = SURFACE_CURVE('',#8317,(#8320,#8326),.PCURVE_S1.);
#8317 = B_SPLINE_CURVE_WITH_KNOTS('',1,(#8318,#8319),.UNSPECIFIED.,.F.,
  .F.,(2,2),(144.,145.),.PIECEWISE_BEZIER_KNOTS.);
#8318 = CARTESIAN_POINT('',(4.876789647247,3.648730000679,15.8));
#8319 = CARTESIAN_POINT('',(4.904110960039,3.386022464326,15.8));
#8320 = PCURVE('',#133,#8321);
#8321 = DEFINITIONAL_REPRESENTATION('',(#8322),#8325);
#8322 = B_SPLINE_CURVE_WITH_KNOTS('',1,(#8323,#8324),.UNSPECIFIED.,.F.,
  .F.,(2,2),(144.,145.),.PIECEWISE_BEZIER_KNOTS.);
#8323 = CARTESIAN_POINT('',(1.522577270726,3.648730000679));
#8324 = CARTESIAN_POINT('',(1.495255957934,3.386022464326));
#8325 = ( GEOMETRIC_REPRESENTATION_CONTEXT(2) 
PARAMETRIC_REPRESENTATION_CONTEXT() REPRESENTATION_CONTEXT('2D SPACE',''
  ) );
#8326 = PCURVE('',#665,#8327);
#8327 = DEFINITIONAL_REPRESENTATION('',(#8328),#8332);
#8328 = LINE('',#8329,#8330);
#8329 = CARTESIAN_POINT('',(0.,1.));
#8330 = VECTOR('',#8331,1.);
#8331 = DIRECTION('',(1.,0.));
#8332 = ( GEOMETRIC_REPRESENTATION_CONTEXT(2) 
PARAMETRIC_REPRESENTATION_CONTEXT() REPRESENTATION_CONTEXT('2D SPACE',''
  ) );
#8333 = ORIENTED_EDGE('',*,*,#8334,.T.);
#8334 = EDGE_CURVE('',#8314,#8335,#8337,.T.);
#8335 = VERTEX_POINT('',#8336);
#8336 = CARTESIAN_POINT('',(4.924022233903,3.11792360143,15.8));
#8337 = SURFACE_CURVE('',#8338,(#8341,#8347),.PCURVE_S1.);
#8338 = B_SPLINE_CURVE_WITH_KNOTS('',1,(#8339,#8340),.UNSPECIFIED.,.F.,
  .F.,(2,2),(145.,146.),.PIECEWISE_BEZIER_KNOTS.);
#8339 = CARTESIAN_POINT('',(4.904110960039,3.386022464326,15.8));
#8340 = CARTESIAN_POINT('',(4.924022233903,3.11792360143,15.8));
#8341 = PCURVE('',#133,#8342);
#8342 = DEFINITIONAL_REPRESENTATION('',(#8343),#8346);
#8343 = B_SPLINE_CURVE_WITH_KNOTS('',1,(#8344,#8345),.UNSPECIFIED.,.F.,
  .F.,(2,2),(145.,146.),.PIECEWISE_BEZIER_KNOTS.);
#8344 = CARTESIAN_POINT('',(1.495255957934,3.386022464326));
#8345 = CARTESIAN_POINT('',(1.47534468407,3.11792360143));
#8346 = ( GEOMETRIC_REPRESENTATION_CONTEXT(2) 
PARAMETRIC_REPRESENTATION_CONTEXT() REPRESENTATION_CONTEXT('2D SPACE',''
  ) );
#8347 = PCURVE('',#633,#8348);
#8348 = DEFINITIONAL_REPRESENTATION('',(#8349),#8353);
#8349 = LINE('',#8350,#8351);
#8350 = CARTESIAN_POINT('',(0.,1.));
#8351 = VECTOR('',#8352,1.);
#8352 = DIRECTION('',(1.,0.));
#8353 = ( GEOMETRIC_REPRESENTATION_CONTEXT(2) 
PARAMETRIC_REPRESENTATION_CONTEXT() REPRESENTATION_CONTEXT('2D SPACE',''
  ) );
#8354 = ORIENTED_EDGE('',*,*,#8355,.T.);
#8355 = EDGE_CURVE('',#8335,#8356,#8358,.T.);
#8356 = VERTEX_POINT('',#8357);
#8357 = CARTESIAN_POINT('',(4.944972358134,2.850430888507,15.8));
#8358 = SURFACE_CURVE('',#8359,(#8362,#8368),.PCURVE_S1.);
#8359 = B_SPLINE_CURVE_WITH_KNOTS('',1,(#8360,#8361),.UNSPECIFIED.,.F.,
  .F.,(2,2),(146.,147.),.PIECEWISE_BEZIER_KNOTS.);
#8360 = CARTESIAN_POINT('',(4.924022233903,3.11792360143,15.8));
#8361 = CARTESIAN_POINT('',(4.944972358134,2.850430888507,15.8));
#8362 = PCURVE('',#133,#8363);
#8363 = DEFINITIONAL_REPRESENTATION('',(#8364),#8367);
#8364 = B_SPLINE_CURVE_WITH_KNOTS('',1,(#8365,#8366),.UNSPECIFIED.,.F.,
  .F.,(2,2),(146.,147.),.PIECEWISE_BEZIER_KNOTS.);
#8365 = CARTESIAN_POINT('',(1.47534468407,3.11792360143));
#8366 = CARTESIAN_POINT('',(1.454394559839,2.850430888507));
#8367 = ( GEOMETRIC_REPRESENTATION_CONTEXT(2) 
PARAMETRIC_REPRESENTATION_CONTEXT() REPRESENTATION_CONTEXT('2D SPACE',''
  ) );
#8368 = PCURVE('',#601,#8369);
#8369 = DEFINITIONAL_REPRESENTATION('',(#8370),#8374);
#8370 = LINE('',#8371,#8372);
#8371 = CARTESIAN_POINT('',(0.,1.));
#8372 = VECTOR('',#8373,1.);
#8373 = DIRECTION('',(1.,0.));
#8374 = ( GEOMETRIC_REPRESENTATION_CONTEXT(2) 
PARAMETRIC_REPRESENTATION_CONTEXT() REPRESENTATION_CONTEXT('2D SPACE',''
  ) );
#8375 = ORIENTED_EDGE('',*,*,#8376,.T.);
#8376 = EDGE_CURVE('',#8356,#8377,#8379,.T.);
#8377 = VERTEX_POINT('',#8378);
#8378 = CARTESIAN_POINT('',(4.975410222025,2.589541802073,15.8));
#8379 = SURFACE_CURVE('',#8380,(#8383,#8389),.PCURVE_S1.);
#8380 = B_SPLINE_CURVE_WITH_KNOTS('',1,(#8381,#8382),.UNSPECIFIED.,.F.,
  .F.,(2,2),(147.,148.),.PIECEWISE_BEZIER_KNOTS.);
#8381 = CARTESIAN_POINT('',(4.944972358134,2.850430888507,15.8));
#8382 = CARTESIAN_POINT('',(4.975410222025,2.589541802073,15.8));
#8383 = PCURVE('',#133,#8384);
#8384 = DEFINITIONAL_REPRESENTATION('',(#8385),#8388);
#8385 = B_SPLINE_CURVE_WITH_KNOTS('',1,(#8386,#8387),.UNSPECIFIED.,.F.,
  .F.,(2,2),(147.,148.),.PIECEWISE_BEZIER_KNOTS.);
#8386 = CARTESIAN_POINT('',(1.454394559839,2.850430888507));
#8387 = CARTESIAN_POINT('',(1.423956695948,2.589541802073));
#8388 = ( GEOMETRIC_REPRESENTATION_CONTEXT(2) 
PARAMETRIC_REPRESENTATION_CONTEXT() REPRESENTATION_CONTEXT('2D SPACE',''
  ) );
#8389 = PCURVE('',#569,#8390);
#8390 = DEFINITIONAL_REPRESENTATION('',(#8391),#8395);
#8391 = LINE('',#8392,#8393);
#8392 = CARTESIAN_POINT('',(0.,1.));
#8393 = VECTOR('',#8394,1.);
#8394 = DIRECTION('',(1.,0.));
#8395 = ( GEOMETRIC_REPRESENTATION_CONTEXT(2) 
PARAMETRIC_REPRESENTATION_CONTEXT() REPRESENTATION_CONTEXT('2D SPACE',''
  ) );
#8396 = ORIENTED_EDGE('',*,*,#8397,.T.);
#8397 = EDGE_CURVE('',#8377,#8398,#8400,.T.);
#8398 = VERTEX_POINT('',#8399);
#8399 = CARTESIAN_POINT('',(5.023784714871,2.341253818644,15.8));
#8400 = SURFACE_CURVE('',#8401,(#8404,#8410),.PCURVE_S1.);
#8401 = B_SPLINE_CURVE_WITH_KNOTS('',1,(#8402,#8403),.UNSPECIFIED.,.F.,
  .F.,(2,2),(148.,149.),.PIECEWISE_BEZIER_KNOTS.);
#8402 = CARTESIAN_POINT('',(4.975410222025,2.589541802073,15.8));
#8403 = CARTESIAN_POINT('',(5.023784714871,2.341253818644,15.8));
#8404 = PCURVE('',#133,#8405);
#8405 = DEFINITIONAL_REPRESENTATION('',(#8406),#8409);
#8406 = B_SPLINE_CURVE_WITH_KNOTS('',1,(#8407,#8408),.UNSPECIFIED.,.F.,
  .F.,(2,2),(148.,149.),.PIECEWISE_BEZIER_KNOTS.);
#8407 = CARTESIAN_POINT('',(1.423956695948,2.589541802073));
#8408 = CARTESIAN_POINT('',(1.375582203102,2.341253818644));
#8409 = ( GEOMETRIC_REPRESENTATION_CONTEXT(2) 
PARAMETRIC_REPRESENTATION_CONTEXT() REPRESENTATION_CONTEXT('2D SPACE',''
  ) );
#8410 = PCURVE('',#537,#8411);
#8411 = DEFINITIONAL_REPRESENTATION('',(#8412),#8416);
#8412 = LINE('',#8413,#8414);
#8413 = CARTESIAN_POINT('',(0.,1.));
#8414 = VECTOR('',#8415,1.);
#8415 = DIRECTION('',(1.,0.));
#8416 = ( GEOMETRIC_REPRESENTATION_CONTEXT(2) 
PARAMETRIC_REPRESENTATION_CONTEXT() REPRESENTATION_CONTEXT('2D SPACE',''
  ) );
#8417 = ORIENTED_EDGE('',*,*,#8418,.T.);
#8418 = EDGE_CURVE('',#8398,#8419,#8421,.T.);
#8419 = VERTEX_POINT('',#8420);
#8420 = CARTESIAN_POINT('',(5.098544725965,2.111564414739,15.8));
#8421 = SURFACE_CURVE('',#8422,(#8425,#8431),.PCURVE_S1.);
#8422 = B_SPLINE_CURVE_WITH_KNOTS('',1,(#8423,#8424),.UNSPECIFIED.,.F.,
  .F.,(2,2),(149.,150.),.PIECEWISE_BEZIER_KNOTS.);
#8423 = CARTESIAN_POINT('',(5.023784714871,2.341253818644,15.8));
#8424 = CARTESIAN_POINT('',(5.098544725965,2.111564414739,15.8));
#8425 = PCURVE('',#133,#8426);
#8426 = DEFINITIONAL_REPRESENTATION('',(#8427),#8430);
#8427 = B_SPLINE_CURVE_WITH_KNOTS('',1,(#8428,#8429),.UNSPECIFIED.,.F.,
  .F.,(2,2),(149.,150.),.PIECEWISE_BEZIER_KNOTS.);
#8428 = CARTESIAN_POINT('',(1.375582203102,2.341253818644));
#8429 = CARTESIAN_POINT('',(1.300822192008,2.111564414739));
#8430 = ( GEOMETRIC_REPRESENTATION_CONTEXT(2) 
PARAMETRIC_REPRESENTATION_CONTEXT() REPRESENTATION_CONTEXT('2D SPACE',''
  ) );
#8431 = PCURVE('',#505,#8432);
#8432 = DEFINITIONAL_REPRESENTATION('',(#8433),#8437);
#8433 = LINE('',#8434,#8435);
#8434 = CARTESIAN_POINT('',(0.,1.));
#8435 = VECTOR('',#8436,1.);
#8436 = DIRECTION('',(1.,0.));
#8437 = ( GEOMETRIC_REPRESENTATION_CONTEXT(2) 
PARAMETRIC_REPRESENTATION_CONTEXT() REPRESENTATION_CONTEXT('2D SPACE',''
  ) );
#8438 = ORIENTED_EDGE('',*,*,#8439,.T.);
#8439 = EDGE_CURVE('',#8419,#8440,#8442,.T.);
#8440 = VERTEX_POINT('',#8441);
#8441 = CARTESIAN_POINT('',(5.205667294447,1.903638479129,15.8));
#8442 = SURFACE_CURVE('',#8443,(#8446,#8452),.PCURVE_S1.);
#8443 = B_SPLINE_CURVE_WITH_KNOTS('',1,(#8444,#8445),.UNSPECIFIED.,.F.,
  .F.,(2,2),(150.,151.),.PIECEWISE_BEZIER_KNOTS.);
#8444 = CARTESIAN_POINT('',(5.098544725965,2.111564414739,15.8));
#8445 = CARTESIAN_POINT('',(5.205667294447,1.903638479129,15.8));
#8446 = PCURVE('',#133,#8447);
#8447 = DEFINITIONAL_REPRESENTATION('',(#8448),#8451);
#8448 = B_SPLINE_CURVE_WITH_KNOTS('',1,(#8449,#8450),.UNSPECIFIED.,.F.,
  .F.,(2,2),(150.,151.),.PIECEWISE_BEZIER_KNOTS.);
#8449 = CARTESIAN_POINT('',(1.300822192008,2.111564414739));
#8450 = CARTESIAN_POINT('',(1.193699623526,1.903638479129));
#8451 = ( GEOMETRIC_REPRESENTATION_CONTEXT(2) 
PARAMETRIC_REPRESENTATION_CONTEXT() REPRESENTATION_CONTEXT('2D SPACE',''
  ) );
#8452 = PCURVE('',#473,#8453);
#8453 = DEFINITIONAL_REPRESENTATION('',(#8454),#8458);
#8454 = LINE('',#8455,#8456);
#8455 = CARTESIAN_POINT('',(0.,1.));
#8456 = VECTOR('',#8457,1.);
#8457 = DIRECTION('',(1.,0.));
#8458 = ( GEOMETRIC_REPRESENTATION_CONTEXT(2) 
PARAMETRIC_REPRESENTATION_CONTEXT() REPRESENTATION_CONTEXT('2D SPACE',''
  ) );
#8459 = ORIENTED_EDGE('',*,*,#8460,.T.);
#8460 = EDGE_CURVE('',#8440,#8461,#8463,.T.);
#8461 = VERTEX_POINT('',#8462);
#8462 = CARTESIAN_POINT('',(5.345552975039,1.699919485311,15.8));
#8463 = SURFACE_CURVE('',#8464,(#8467,#8473),.PCURVE_S1.);
#8464 = B_SPLINE_CURVE_WITH_KNOTS('',1,(#8465,#8466),.UNSPECIFIED.,.F.,
  .F.,(2,2),(151.,152.),.PIECEWISE_BEZIER_KNOTS.);
#8465 = CARTESIAN_POINT('',(5.205667294447,1.903638479129,15.8));
#8466 = CARTESIAN_POINT('',(5.345552975039,1.699919485311,15.8));
#8467 = PCURVE('',#133,#8468);
#8468 = DEFINITIONAL_REPRESENTATION('',(#8469),#8472);
#8469 = B_SPLINE_CURVE_WITH_KNOTS('',1,(#8470,#8471),.UNSPECIFIED.,.F.,
  .F.,(2,2),(151.,152.),.PIECEWISE_BEZIER_KNOTS.);
#8470 = CARTESIAN_POINT('',(1.193699623526,1.903638479129));
#8471 = CARTESIAN_POINT('',(1.053813942933,1.699919485311));
#8472 = ( GEOMETRIC_REPRESENTATION_CONTEXT(2) 
PARAMETRIC_REPRESENTATION_CONTEXT() REPRESENTATION_CONTEXT('2D SPACE',''
  ) );
#8473 = PCURVE('',#441,#8474);
#8474 = DEFINITIONAL_REPRESENTATION('',(#8475),#8479);
#8475 = LINE('',#8476,#8477);
#8476 = CARTESIAN_POINT('',(0.,1.));
#8477 = VECTOR('',#8478,1.);
#8478 = DIRECTION('',(1.,0.));
#8479 = ( GEOMETRIC_REPRESENTATION_CONTEXT(2) 
PARAMETRIC_REPRESENTATION_CONTEXT() REPRESENTATION_CONTEXT('2D SPACE',''
  ) );
#8480 = ORIENTED_EDGE('',*,*,#8481,.T.);
#8481 = EDGE_CURVE('',#8461,#8482,#8484,.T.);
#8482 = VERTEX_POINT('',#8483);
#8483 = CARTESIAN_POINT('',(5.507828904927,1.498560621289,15.8));
#8484 = SURFACE_CURVE('',#8485,(#8488,#8494),.PCURVE_S1.);
#8485 = B_SPLINE_CURVE_WITH_KNOTS('',1,(#8486,#8487),.UNSPECIFIED.,.F.,
  .F.,(2,2),(152.,153.),.PIECEWISE_BEZIER_KNOTS.);
#8486 = CARTESIAN_POINT('',(5.345552975039,1.699919485311,15.8));
#8487 = CARTESIAN_POINT('',(5.507828904927,1.498560621289,15.8));
#8488 = PCURVE('',#133,#8489);
#8489 = DEFINITIONAL_REPRESENTATION('',(#8490),#8493);
#8490 = B_SPLINE_CURVE_WITH_KNOTS('',1,(#8491,#8492),.UNSPECIFIED.,.F.,
  .F.,(2,2),(152.,153.),.PIECEWISE_BEZIER_KNOTS.);
#8491 = CARTESIAN_POINT('',(1.053813942933,1.699919485311));
#8492 = CARTESIAN_POINT('',(0.891538013046,1.498560621289));
#8493 = ( GEOMETRIC_REPRESENTATION_CONTEXT(2) 
PARAMETRIC_REPRESENTATION_CONTEXT() REPRESENTATION_CONTEXT('2D SPACE',''
  ) );
#8494 = PCURVE('',#409,#8495);
#8495 = DEFINITIONAL_REPRESENTATION('',(#8496),#8500);
#8496 = LINE('',#8497,#8498);
#8497 = CARTESIAN_POINT('',(0.,1.));
#8498 = VECTOR('',#8499,1.);
#8499 = DIRECTION('',(1.,0.));
#8500 = ( GEOMETRIC_REPRESENTATION_CONTEXT(2) 
PARAMETRIC_REPRESENTATION_CONTEXT() REPRESENTATION_CONTEXT('2D SPACE',''
  ) );
#8501 = ORIENTED_EDGE('',*,*,#8502,.T.);
#8502 = EDGE_CURVE('',#8482,#8503,#8505,.T.);
#8503 = VERTEX_POINT('',#8504);
#8504 = CARTESIAN_POINT('',(5.682122221296,1.297715075072,15.8));
#8505 = SURFACE_CURVE('',#8506,(#8509,#8515),.PCURVE_S1.);
#8506 = B_SPLINE_CURVE_WITH_KNOTS('',1,(#8507,#8508),.UNSPECIFIED.,.F.,
  .F.,(2,2),(153.,154.),.PIECEWISE_BEZIER_KNOTS.);
#8507 = CARTESIAN_POINT('',(5.507828904927,1.498560621289,15.8));
#8508 = CARTESIAN_POINT('',(5.682122221296,1.297715075072,15.8));
#8509 = PCURVE('',#133,#8510);
#8510 = DEFINITIONAL_REPRESENTATION('',(#8511),#8514);
#8511 = B_SPLINE_CURVE_WITH_KNOTS('',1,(#8512,#8513),.UNSPECIFIED.,.F.,
  .F.,(2,2),(153.,154.),.PIECEWISE_BEZIER_KNOTS.);
#8512 = CARTESIAN_POINT('',(0.891538013046,1.498560621289));
#8513 = CARTESIAN_POINT('',(0.717244696677,1.297715075072));
#8514 = ( GEOMETRIC_REPRESENTATION_CONTEXT(2) 
PARAMETRIC_REPRESENTATION_CONTEXT() REPRESENTATION_CONTEXT('2D SPACE',''
  ) );
#8515 = PCURVE('',#377,#8516);
#8516 = DEFINITIONAL_REPRESENTATION('',(#8517),#8521);
#8517 = LINE('',#8518,#8519);
#8518 = CARTESIAN_POINT('',(0.,1.));
#8519 = VECTOR('',#8520,1.);
#8520 = DIRECTION('',(1.,0.));
#8521 = ( GEOMETRIC_REPRESENTATION_CONTEXT(2) 
PARAMETRIC_REPRESENTATION_CONTEXT() REPRESENTATION_CONTEXT('2D SPACE',''
  ) );
#8522 = ORIENTED_EDGE('',*,*,#8523,.T.);
#8523 = EDGE_CURVE('',#8503,#8524,#8526,.T.);
#8524 = VERTEX_POINT('',#8525);
#8525 = CARTESIAN_POINT('',(5.85806006133,1.095536034664,15.8));
#8526 = SURFACE_CURVE('',#8527,(#8530,#8536),.PCURVE_S1.);
#8527 = B_SPLINE_CURVE_WITH_KNOTS('',1,(#8528,#8529),.UNSPECIFIED.,.F.,
  .F.,(2,2),(154.,155.),.PIECEWISE_BEZIER_KNOTS.);
#8528 = CARTESIAN_POINT('',(5.682122221296,1.297715075072,15.8));
#8529 = CARTESIAN_POINT('',(5.85806006133,1.095536034664,15.8));
#8530 = PCURVE('',#133,#8531);
#8531 = DEFINITIONAL_REPRESENTATION('',(#8532),#8535);
#8532 = B_SPLINE_CURVE_WITH_KNOTS('',1,(#8533,#8534),.UNSPECIFIED.,.F.,
  .F.,(2,2),(154.,155.),.PIECEWISE_BEZIER_KNOTS.);
#8533 = CARTESIAN_POINT('',(0.717244696677,1.297715075072));
#8534 = CARTESIAN_POINT('',(0.541306856643,1.095536034664));
#8535 = ( GEOMETRIC_REPRESENTATION_CONTEXT(2) 
PARAMETRIC_REPRESENTATION_CONTEXT() REPRESENTATION_CONTEXT('2D SPACE',''
  ) );
#8536 = PCURVE('',#345,#8537);
#8537 = DEFINITIONAL_REPRESENTATION('',(#8538),#8542);
#8538 = LINE('',#8539,#8540);
#8539 = CARTESIAN_POINT('',(0.,1.));
#8540 = VECTOR('',#8541,1.);
#8541 = DIRECTION('',(1.,0.));
#8542 = ( GEOMETRIC_REPRESENTATION_CONTEXT(2) 
PARAMETRIC_REPRESENTATION_CONTEXT() REPRESENTATION_CONTEXT('2D SPACE',''
  ) );
#8543 = ORIENTED_EDGE('',*,*,#8544,.T.);
#8544 = EDGE_CURVE('',#8524,#8545,#8547,.T.);
#8545 = VERTEX_POINT('',#8546);
#8546 = CARTESIAN_POINT('',(6.025269562215,0.890176688073,15.8));
#8547 = SURFACE_CURVE('',#8548,(#8551,#8557),.PCURVE_S1.);
#8548 = B_SPLINE_CURVE_WITH_KNOTS('',1,(#8549,#8550),.UNSPECIFIED.,.F.,
  .F.,(2,2),(155.,156.),.PIECEWISE_BEZIER_KNOTS.);
#8549 = CARTESIAN_POINT('',(5.85806006133,1.095536034664,15.8));
#8550 = CARTESIAN_POINT('',(6.025269562215,0.890176688073,15.8));
#8551 = PCURVE('',#133,#8552);
#8552 = DEFINITIONAL_REPRESENTATION('',(#8553),#8556);
#8553 = B_SPLINE_CURVE_WITH_KNOTS('',1,(#8554,#8555),.UNSPECIFIED.,.F.,
  .F.,(2,2),(155.,156.),.PIECEWISE_BEZIER_KNOTS.);
#8554 = CARTESIAN_POINT('',(0.541306856643,1.095536034664));
#8555 = CARTESIAN_POINT('',(0.374097355758,0.890176688073));
#8556 = ( GEOMETRIC_REPRESENTATION_CONTEXT(2) 
PARAMETRIC_REPRESENTATION_CONTEXT() REPRESENTATION_CONTEXT('2D SPACE',''
  ) );
#8557 = PCURVE('',#313,#8558);
#8558 = DEFINITIONAL_REPRESENTATION('',(#8559),#8563);
#8559 = LINE('',#8560,#8561);
#8560 = CARTESIAN_POINT('',(0.,1.));
#8561 = VECTOR('',#8562,1.);
#8562 = DIRECTION('',(1.,0.));
#8563 = ( GEOMETRIC_REPRESENTATION_CONTEXT(2) 
PARAMETRIC_REPRESENTATION_CONTEXT() REPRESENTATION_CONTEXT('2D SPACE',''
  ) );
#8564 = ORIENTED_EDGE('',*,*,#8565,.T.);
#8565 = EDGE_CURVE('',#8545,#8566,#8568,.T.);
#8566 = VERTEX_POINT('',#8567);
#8567 = CARTESIAN_POINT('',(6.173377861137,0.679790223305,15.8));
#8568 = SURFACE_CURVE('',#8569,(#8572,#8578),.PCURVE_S1.);
#8569 = B_SPLINE_CURVE_WITH_KNOTS('',1,(#8570,#8571),.UNSPECIFIED.,.F.,
  .F.,(2,2),(156.,157.),.PIECEWISE_BEZIER_KNOTS.);
#8570 = CARTESIAN_POINT('',(6.025269562215,0.890176688073,15.8));
#8571 = CARTESIAN_POINT('',(6.173377861137,0.679790223305,15.8));
#8572 = PCURVE('',#133,#8573);
#8573 = DEFINITIONAL_REPRESENTATION('',(#8574),#8577);
#8574 = B_SPLINE_CURVE_WITH_KNOTS('',1,(#8575,#8576),.UNSPECIFIED.,.F.,
  .F.,(2,2),(156.,157.),.PIECEWISE_BEZIER_KNOTS.);
#8575 = CARTESIAN_POINT('',(0.374097355758,0.890176688073));
#8576 = CARTESIAN_POINT('',(0.225989056836,0.679790223305));
#8577 = ( GEOMETRIC_REPRESENTATION_CONTEXT(2) 
PARAMETRIC_REPRESENTATION_CONTEXT() REPRESENTATION_CONTEXT('2D SPACE',''
  ) );
#8578 = PCURVE('',#281,#8579);
#8579 = DEFINITIONAL_REPRESENTATION('',(#8580),#8584);
#8580 = LINE('',#8581,#8582);
#8581 = CARTESIAN_POINT('',(0.,1.));
#8582 = VECTOR('',#8583,1.);
#8583 = DIRECTION('',(1.,0.));
#8584 = ( GEOMETRIC_REPRESENTATION_CONTEXT(2) 
PARAMETRIC_REPRESENTATION_CONTEXT() REPRESENTATION_CONTEXT('2D SPACE',''
  ) );
#8585 = ORIENTED_EDGE('',*,*,#8586,.T.);
#8586 = EDGE_CURVE('',#8566,#8587,#8589,.T.);
#8587 = VERTEX_POINT('',#8588);
#8588 = CARTESIAN_POINT('',(6.29201209528,0.462529828366,15.8));
#8589 = SURFACE_CURVE('',#8590,(#8593,#8599),.PCURVE_S1.);
#8590 = B_SPLINE_CURVE_WITH_KNOTS('',1,(#8591,#8592),.UNSPECIFIED.,.F.,
  .F.,(2,2),(157.,158.),.PIECEWISE_BEZIER_KNOTS.);
#8591 = CARTESIAN_POINT('',(6.173377861137,0.679790223305,15.8));
#8592 = CARTESIAN_POINT('',(6.29201209528,0.462529828366,15.8));
#8593 = PCURVE('',#133,#8594);
#8594 = DEFINITIONAL_REPRESENTATION('',(#8595),#8598);
#8595 = B_SPLINE_CURVE_WITH_KNOTS('',1,(#8596,#8597),.UNSPECIFIED.,.F.,
  .F.,(2,2),(157.,158.),.PIECEWISE_BEZIER_KNOTS.);
#8596 = CARTESIAN_POINT('',(0.225989056836,0.679790223305));
#8597 = CARTESIAN_POINT('',(0.107354822692,0.462529828366));
#8598 = ( GEOMETRIC_REPRESENTATION_CONTEXT(2) 
PARAMETRIC_REPRESENTATION_CONTEXT() REPRESENTATION_CONTEXT('2D SPACE',''
  ) );
#8599 = PCURVE('',#249,#8600);
#8600 = DEFINITIONAL_REPRESENTATION('',(#8601),#8605);
#8601 = LINE('',#8602,#8603);
#8602 = CARTESIAN_POINT('',(0.,1.));
#8603 = VECTOR('',#8604,1.);
#8604 = DIRECTION('',(1.,0.));
#8605 = ( GEOMETRIC_REPRESENTATION_CONTEXT(2) 
PARAMETRIC_REPRESENTATION_CONTEXT() REPRESENTATION_CONTEXT('2D SPACE',''
  ) );
#8606 = ORIENTED_EDGE('',*,*,#8607,.T.);
#8607 = EDGE_CURVE('',#8587,#8608,#8610,.T.);
#8608 = VERTEX_POINT('',#8609);
#8609 = CARTESIAN_POINT('',(6.370799401831,0.236548691262,15.8));
#8610 = SURFACE_CURVE('',#8611,(#8614,#8620),.PCURVE_S1.);
#8611 = B_SPLINE_CURVE_WITH_KNOTS('',1,(#8612,#8613),.UNSPECIFIED.,.F.,
  .F.,(2,2),(158.,159.),.PIECEWISE_BEZIER_KNOTS.);
#8612 = CARTESIAN_POINT('',(6.29201209528,0.462529828366,15.8));
#8613 = CARTESIAN_POINT('',(6.370799401831,0.236548691262,15.8));
#8614 = PCURVE('',#133,#8615);
#8615 = DEFINITIONAL_REPRESENTATION('',(#8616),#8619);
#8616 = B_SPLINE_CURVE_WITH_KNOTS('',1,(#8617,#8618),.UNSPECIFIED.,.F.,
  .F.,(2,2),(158.,159.),.PIECEWISE_BEZIER_KNOTS.);
#8617 = CARTESIAN_POINT('',(0.107354822692,0.462529828366));
#8618 = CARTESIAN_POINT('',(2.856751614223E-02,0.236548691262));
#8619 = ( GEOMETRIC_REPRESENTATION_CONTEXT(2) 
PARAMETRIC_REPRESENTATION_CONTEXT() REPRESENTATION_CONTEXT('2D SPACE',''
  ) );
#8620 = PCURVE('',#217,#8621);
#8621 = DEFINITIONAL_REPRESENTATION('',(#8622),#8626);
#8622 = LINE('',#8623,#8624);
#8623 = CARTESIAN_POINT('',(0.,1.));
#8624 = VECTOR('',#8625,1.);
#8625 = DIRECTION('',(1.,0.));
#8626 = ( GEOMETRIC_REPRESENTATION_CONTEXT(2) 
PARAMETRIC_REPRESENTATION_CONTEXT() REPRESENTATION_CONTEXT('2D SPACE',''
  ) );
#8627 = ORIENTED_EDGE('',*,*,#8628,.T.);
#8628 = EDGE_CURVE('',#8608,#119,#8629,.T.);
#8629 = SURFACE_CURVE('',#8630,(#8633,#8639),.PCURVE_S1.);
#8630 = B_SPLINE_CURVE_WITH_KNOTS('',1,(#8631,#8632),.UNSPECIFIED.,.F.,
  .F.,(2,2),(159.,160.),.PIECEWISE_BEZIER_KNOTS.);
#8631 = CARTESIAN_POINT('',(6.370799401831,0.236548691262,15.8));
#8632 = CARTESIAN_POINT('',(6.399366917973,6.7672382874E-18,15.8));
#8633 = PCURVE('',#133,#8634);
#8634 = DEFINITIONAL_REPRESENTATION('',(#8635),#8638);
#8635 = B_SPLINE_CURVE_WITH_KNOTS('',1,(#8636,#8637),.UNSPECIFIED.,.F.,
  .F.,(2,2),(159.,160.),.PIECEWISE_BEZIER_KNOTS.);
#8636 = CARTESIAN_POINT('',(2.856751614223E-02,0.236548691262));
#8637 = CARTESIAN_POINT('',(0.,6.7672382874E-18));
#8638 = ( GEOMETRIC_REPRESENTATION_CONTEXT(2) 
PARAMETRIC_REPRESENTATION_CONTEXT() REPRESENTATION_CONTEXT('2D SPACE',''
  ) );
#8639 = PCURVE('',#160,#8640);
#8640 = DEFINITIONAL_REPRESENTATION('',(#8641),#8645);
#8641 = LINE('',#8642,#8643);
#8642 = CARTESIAN_POINT('',(0.,1.));
#8643 = VECTOR('',#8644,1.);
#8644 = DIRECTION('',(1.,0.));
#8645 = ( GEOMETRIC_REPRESENTATION_CONTEXT(2) 
PARAMETRIC_REPRESENTATION_CONTEXT() REPRESENTATION_CONTEXT('2D SPACE',''
  ) );
#8646 = FACE_BOUND('',#8647,.F.);
#8647 = EDGE_LOOP('',(#8648,#8676,#8702,#8728));
#8648 = ORIENTED_EDGE('',*,*,#8649,.F.);
#8649 = EDGE_CURVE('',#8650,#8652,#8654,.T.);
#8650 = VERTEX_POINT('',#8651);
#8651 = CARTESIAN_POINT('',(-0.272821113596,5.728072338932,15.8));
#8652 = VERTEX_POINT('',#8653);
#8653 = CARTESIAN_POINT('',(0.271554949542,5.728072338932,15.8));
#8654 = SURFACE_CURVE('',#8655,(#8659,#8665),.PCURVE_S1.);
#8655 = LINE('',#8656,#8657);
#8656 = CARTESIAN_POINT('',(3.063272902188,5.728072338932,15.8));
#8657 = VECTOR('',#8658,1.);
#8658 = DIRECTION('',(1.,0.,0.));
#8659 = PCURVE('',#133,#8660);
#8660 = DEFINITIONAL_REPRESENTATION('',(#8661),#8664);
#8661 = B_SPLINE_CURVE_WITH_KNOTS('',1,(#8662,#8663),.UNSPECIFIED.,.F.,
  .F.,(2,2),(-3.336094015784,-2.791717952647),.PIECEWISE_BEZIER_KNOTS.);
#8662 = CARTESIAN_POINT('',(6.672188031569,5.728072338932));
#8663 = CARTESIAN_POINT('',(6.127811968431,5.728072338932));
#8664 = ( GEOMETRIC_REPRESENTATION_CONTEXT(2) 
PARAMETRIC_REPRESENTATION_CONTEXT() REPRESENTATION_CONTEXT('2D SPACE',''
  ) );
#8665 = PCURVE('',#8666,#8671);
#8666 = PLANE('',#8667);
#8667 = AXIS2_PLACEMENT_3D('',#8668,#8669,#8670);
#8668 = CARTESIAN_POINT('',(-0.272821113596,5.728072338932,15.46));
#8669 = DIRECTION('',(-0.,1.,0.));
#8670 = DIRECTION('',(0.,0.,1.));
#8671 = DEFINITIONAL_REPRESENTATION('',(#8672),#8675);
#8672 = B_SPLINE_CURVE_WITH_KNOTS('',1,(#8673,#8674),.UNSPECIFIED.,.F.,
  .F.,(2,2),(-3.336094015784,-2.791717952647),.PIECEWISE_BEZIER_KNOTS.);
#8673 = CARTESIAN_POINT('',(0.34,0.));
#8674 = CARTESIAN_POINT('',(0.34,0.544376063138));
#8675 = ( GEOMETRIC_REPRESENTATION_CONTEXT(2) 
PARAMETRIC_REPRESENTATION_CONTEXT() REPRESENTATION_CONTEXT('2D SPACE',''
  ) );
#8676 = ORIENTED_EDGE('',*,*,#8677,.T.);
#8677 = EDGE_CURVE('',#8650,#8678,#8680,.T.);
#8678 = VERTEX_POINT('',#8679);
#8679 = CARTESIAN_POINT('',(-0.272821113596,-3.493123185272E-02,15.8));
#8680 = SURFACE_CURVE('',#8681,(#8685,#8691),.PCURVE_S1.);
#8681 = LINE('',#8682,#8683);
#8682 = CARTESIAN_POINT('',(-0.272821113596,-1.746561592636E-02,15.8));
#8683 = VECTOR('',#8684,1.);
#8684 = DIRECTION('',(0.,-1.,0.));
#8685 = PCURVE('',#133,#8686);
#8686 = DEFINITIONAL_REPRESENTATION('',(#8687),#8690);
#8687 = B_SPLINE_CURVE_WITH_KNOTS('',1,(#8688,#8689),.UNSPECIFIED.,.F.,
  .F.,(2,2),(-5.745537954858,1.746561592636E-02),
  .PIECEWISE_BEZIER_KNOTS.);
#8688 = CARTESIAN_POINT('',(6.672188031569,5.728072338932));
#8689 = CARTESIAN_POINT('',(6.672188031569,-3.493123185272E-02));
#8690 = ( GEOMETRIC_REPRESENTATION_CONTEXT(2) 
PARAMETRIC_REPRESENTATION_CONTEXT() REPRESENTATION_CONTEXT('2D SPACE',''
  ) );
#8691 = PCURVE('',#8692,#8697);
#8692 = PLANE('',#8693);
#8693 = AXIS2_PLACEMENT_3D('',#8694,#8695,#8696);
#8694 = CARTESIAN_POINT('',(-0.272821113596,-3.493123185272E-02,15.46));
#8695 = DIRECTION('',(1.,0.,-0.));
#8696 = DIRECTION('',(0.,0.,1.));
#8697 = DEFINITIONAL_REPRESENTATION('',(#8698),#8701);
#8698 = B_SPLINE_CURVE_WITH_KNOTS('',1,(#8699,#8700),.UNSPECIFIED.,.F.,
  .F.,(2,2),(-5.745537954858,1.746561592636E-02),
  .PIECEWISE_BEZIER_KNOTS.);
#8699 = CARTESIAN_POINT('',(0.34,-5.763003570784));
#8700 = CARTESIAN_POINT('',(0.34,0.));
#8701 = ( GEOMETRIC_REPRESENTATION_CONTEXT(2) 
PARAMETRIC_REPRESENTATION_CONTEXT() REPRESENTATION_CONTEXT('2D SPACE',''
  ) );
#8702 = ORIENTED_EDGE('',*,*,#8703,.T.);
#8703 = EDGE_CURVE('',#8678,#8704,#8706,.T.);
#8704 = VERTEX_POINT('',#8705);
#8705 = CARTESIAN_POINT('',(0.271554949542,-3.493123185272E-02,15.8));
#8706 = SURFACE_CURVE('',#8707,(#8711,#8717),.PCURVE_S1.);
#8707 = LINE('',#8708,#8709);
#8708 = CARTESIAN_POINT('',(3.063272902188,-3.493123185272E-02,15.8));
#8709 = VECTOR('',#8710,1.);
#8710 = DIRECTION('',(1.,0.,0.));
#8711 = PCURVE('',#133,#8712);
#8712 = DEFINITIONAL_REPRESENTATION('',(#8713),#8716);
#8713 = B_SPLINE_CURVE_WITH_KNOTS('',1,(#8714,#8715),.UNSPECIFIED.,.F.,
  .F.,(2,2),(-3.336094015784,-2.791717952647),.PIECEWISE_BEZIER_KNOTS.);
#8714 = CARTESIAN_POINT('',(6.672188031569,-3.493123185272E-02));
#8715 = CARTESIAN_POINT('',(6.127811968431,-3.493123185272E-02));
#8716 = ( GEOMETRIC_REPRESENTATION_CONTEXT(2) 
PARAMETRIC_REPRESENTATION_CONTEXT() REPRESENTATION_CONTEXT('2D SPACE',''
  ) );
#8717 = PCURVE('',#8718,#8723);
#8718 = PLANE('',#8719);
#8719 = AXIS2_PLACEMENT_3D('',#8720,#8721,#8722);
#8720 = CARTESIAN_POINT('',(-0.272821113596,-3.493123185272E-02,15.46));
#8721 = DIRECTION('',(-0.,1.,0.));
#8722 = DIRECTION('',(0.,0.,1.));
#8723 = DEFINITIONAL_REPRESENTATION('',(#8724),#8727);
#8724 = B_SPLINE_CURVE_WITH_KNOTS('',1,(#8725,#8726),.UNSPECIFIED.,.F.,
  .F.,(2,2),(-3.336094015784,-2.791717952647),.PIECEWISE_BEZIER_KNOTS.);
#8725 = CARTESIAN_POINT('',(0.34,0.));
#8726 = CARTESIAN_POINT('',(0.34,0.544376063138));
#8727 = ( GEOMETRIC_REPRESENTATION_CONTEXT(2) 
PARAMETRIC_REPRESENTATION_CONTEXT() REPRESENTATION_CONTEXT('2D SPACE',''
  ) );
#8728 = ORIENTED_EDGE('',*,*,#8729,.F.);
#8729 = EDGE_CURVE('',#8652,#8704,#8730,.T.);
#8730 = SURFACE_CURVE('',#8731,(#8735,#8741),.PCURVE_S1.);
#8731 = LINE('',#8732,#8733);
#8732 = CARTESIAN_POINT('',(0.271554949542,-1.746561592636E-02,15.8));
#8733 = VECTOR('',#8734,1.);
#8734 = DIRECTION('',(0.,-1.,0.));
#8735 = PCURVE('',#133,#8736);
#8736 = DEFINITIONAL_REPRESENTATION('',(#8737),#8740);
#8737 = B_SPLINE_CURVE_WITH_KNOTS('',1,(#8738,#8739),.UNSPECIFIED.,.F.,
  .F.,(2,2),(-5.745537954858,1.746561592636E-02),
  .PIECEWISE_BEZIER_KNOTS.);
#8738 = CARTESIAN_POINT('',(6.127811968431,5.728072338932));
#8739 = CARTESIAN_POINT('',(6.127811968431,-3.493123185272E-02));
#8740 = ( GEOMETRIC_REPRESENTATION_CONTEXT(2) 
PARAMETRIC_REPRESENTATION_CONTEXT() REPRESENTATION_CONTEXT('2D SPACE',''
  ) );
#8741 = PCURVE('',#8742,#8747);
#8742 = PLANE('',#8743);
#8743 = AXIS2_PLACEMENT_3D('',#8744,#8745,#8746);
#8744 = CARTESIAN_POINT('',(0.271554949542,-3.493123185272E-02,15.46));
#8745 = DIRECTION('',(1.,0.,-0.));
#8746 = DIRECTION('',(0.,0.,1.));
#8747 = DEFINITIONAL_REPRESENTATION('',(#8748),#8751);
#8748 = B_SPLINE_CURVE_WITH_KNOTS('',1,(#8749,#8750),.UNSPECIFIED.,.F.,
  .F.,(2,2),(-5.745537954858,1.746561592636E-02),
  .PIECEWISE_BEZIER_KNOTS.);
#8749 = CARTESIAN_POINT('',(0.34,-5.763003570784));
#8750 = CARTESIAN_POINT('',(0.34,0.));
#8751 = ( GEOMETRIC_REPRESENTATION_CONTEXT(2) 
PARAMETRIC_REPRESENTATION_CONTEXT() REPRESENTATION_CONTEXT('2D SPACE',''
  ) );
#8752 = ADVANCED_FACE('',(#8753),#160,.F.);
#8753 = FACE_BOUND('',#8754,.F.);
#8754 = EDGE_LOOP('',(#8755,#8756,#8757,#8758));
#8755 = ORIENTED_EDGE('',*,*,#182,.T.);
#8756 = ORIENTED_EDGE('',*,*,#144,.T.);
#8757 = ORIENTED_EDGE('',*,*,#8628,.F.);
#8758 = ORIENTED_EDGE('',*,*,#8759,.F.);
#8759 = EDGE_CURVE('',#183,#8608,#8760,.T.);
#8760 = SURFACE_CURVE('',#8761,(#8767,#8774),.PCURVE_S1.);
#8761 = ( BOUNDED_CURVE() B_SPLINE_CURVE(4,(#8762,#8763,#8764,#8765,
#8766),.UNSPECIFIED.,.F.,.F.) B_SPLINE_CURVE_WITH_KNOTS((5,5),(0.,1.),
.PIECEWISE_BEZIER_KNOTS.) CURVE() GEOMETRIC_REPRESENTATION_ITEM() 
RATIONAL_B_SPLINE_CURVE((1.,1.,1.,1.,1.)) REPRESENTATION_ITEM('') );
#8762 = CARTESIAN_POINT('',(6.395592884368,0.237469276808,0.));
#8763 = CARTESIAN_POINT('',(6.396370643355,0.23749815511,3.950966311744)
  );
#8764 = CARTESIAN_POINT('',(6.397580298276,0.23754306977,7.915188641292)
  );
#8765 = CARTESIAN_POINT('',(6.370126436712,0.236523703971,
    11.841097004811));
#8766 = CARTESIAN_POINT('',(6.370799401831,0.236548691262,15.8));
#8767 = PCURVE('',#160,#8768);
#8768 = DEFINITIONAL_REPRESENTATION('',(#8769),#8773);
#8769 = LINE('',#8770,#8771);
#8770 = CARTESIAN_POINT('',(159.,0.));
#8771 = VECTOR('',#8772,1.);
#8772 = DIRECTION('',(0.,1.));
#8773 = ( GEOMETRIC_REPRESENTATION_CONTEXT(2) 
PARAMETRIC_REPRESENTATION_CONTEXT() REPRESENTATION_CONTEXT('2D SPACE',''
  ) );
#8774 = PCURVE('',#217,#8775);
#8775 = DEFINITIONAL_REPRESENTATION('',(#8776),#8780);
#8776 = LINE('',#8777,#8778);
#8777 = CARTESIAN_POINT('',(159.,0.));
#8778 = VECTOR('',#8779,1.);
#8779 = DIRECTION('',(0.,1.));
#8780 = ( GEOMETRIC_REPRESENTATION_CONTEXT(2) 
PARAMETRIC_REPRESENTATION_CONTEXT() REPRESENTATION_CONTEXT('2D SPACE',''
  ) );
#8781 = ADVANCED_FACE('',(#8782),#217,.F.);
#8782 = FACE_BOUND('',#8783,.F.);
#8783 = EDGE_LOOP('',(#8784,#8785,#8786,#8787));
#8784 = ORIENTED_EDGE('',*,*,#203,.T.);
#8785 = ORIENTED_EDGE('',*,*,#8759,.T.);
#8786 = ORIENTED_EDGE('',*,*,#8607,.F.);
#8787 = ORIENTED_EDGE('',*,*,#8788,.F.);
#8788 = EDGE_CURVE('',#204,#8587,#8789,.T.);
#8789 = SURFACE_CURVE('',#8790,(#8796,#8803),.PCURVE_S1.);
#8790 = ( BOUNDED_CURVE() B_SPLINE_CURVE(4,(#8791,#8792,#8793,#8794,
#8795),.UNSPECIFIED.,.F.,.F.) B_SPLINE_CURVE_WITH_KNOTS((5,5),(0.,1.),
.PIECEWISE_BEZIER_KNOTS.) CURVE() GEOMETRIC_REPRESENTATION_ITEM() 
RATIONAL_B_SPLINE_CURVE((1.,1.,1.,1.,1.)) REPRESENTATION_ITEM('') );
#8791 = CARTESIAN_POINT('',(6.382777563937,0.469202055946,0.));
#8792 = CARTESIAN_POINT('',(6.385624830708,0.469411360345,3.950966311744
    ));
#8793 = CARTESIAN_POINT('',(6.390053208033,0.469736893191,7.915188641292
    ));
#8794 = CARTESIAN_POINT('',(6.289548464191,0.462348725271,
    11.841097004811));
#8795 = CARTESIAN_POINT('',(6.29201209528,0.462529828366,15.8));
#8796 = PCURVE('',#217,#8797);
#8797 = DEFINITIONAL_REPRESENTATION('',(#8798),#8802);
#8798 = LINE('',#8799,#8800);
#8799 = CARTESIAN_POINT('',(158.,0.));
#8800 = VECTOR('',#8801,1.);
#8801 = DIRECTION('',(0.,1.));
#8802 = ( GEOMETRIC_REPRESENTATION_CONTEXT(2) 
PARAMETRIC_REPRESENTATION_CONTEXT() REPRESENTATION_CONTEXT('2D SPACE',''
  ) );
#8803 = PCURVE('',#249,#8804);
#8804 = DEFINITIONAL_REPRESENTATION('',(#8805),#8809);
#8805 = LINE('',#8806,#8807);
#8806 = CARTESIAN_POINT('',(158.,0.));
#8807 = VECTOR('',#8808,1.);
#8808 = DIRECTION('',(0.,1.));
#8809 = ( GEOMETRIC_REPRESENTATION_CONTEXT(2) 
PARAMETRIC_REPRESENTATION_CONTEXT() REPRESENTATION_CONTEXT('2D SPACE',''
  ) );
#8810 = ADVANCED_FACE('',(#8811),#5209,.F.);
#8811 = FACE_BOUND('',#8812,.F.);
#8812 = EDGE_LOOP('',(#8813,#8814,#8837,#8838));
#8813 = ORIENTED_EDGE('',*,*,#5195,.T.);
#8814 = ORIENTED_EDGE('',*,*,#8815,.T.);
#8815 = EDGE_CURVE('',#5164,#5332,#8816,.T.);
#8816 = SURFACE_CURVE('',#8817,(#8823,#8830),.PCURVE_S1.);
#8817 = ( BOUNDED_CURVE() B_SPLINE_CURVE(4,(#8818,#8819,#8820,#8821,
#8822),.UNSPECIFIED.,.F.,.F.) B_SPLINE_CURVE_WITH_KNOTS((5,5),(0.,1.),
.PIECEWISE_BEZIER_KNOTS.) CURVE() GEOMETRIC_REPRESENTATION_ITEM() 
RATIONAL_B_SPLINE_CURVE((1.,1.,1.,1.,1.)) REPRESENTATION_ITEM('') );
#8818 = CARTESIAN_POINT('',(6.361610550466,-0.699936571552,0.));
#8819 = CARTESIAN_POINT('',(6.367515314573,-0.700586243567,
    3.950966311744));
#8820 = CARTESIAN_POINT('',(6.376699042544,-0.701596683772,
    7.915188641292));
#8821 = CARTESIAN_POINT('',(6.168268694487,-0.678664122581,
    11.841097004811));
#8822 = CARTESIAN_POINT('',(6.173377861137,-0.679226258939,15.8));
#8823 = PCURVE('',#5209,#8824);
#8824 = DEFINITIONAL_REPRESENTATION('',(#8825),#8829);
#8825 = LINE('',#8826,#8827);
#8826 = CARTESIAN_POINT('',(3.,0.));
#8827 = VECTOR('',#8828,1.);
#8828 = DIRECTION('',(0.,1.));
#8829 = ( GEOMETRIC_REPRESENTATION_CONTEXT(2) 
PARAMETRIC_REPRESENTATION_CONTEXT() REPRESENTATION_CONTEXT('2D SPACE',''
  ) );
#8830 = PCURVE('',#5177,#8831);
#8831 = DEFINITIONAL_REPRESENTATION('',(#8832),#8836);
#8832 = LINE('',#8833,#8834);
#8833 = CARTESIAN_POINT('',(3.,0.));
#8834 = VECTOR('',#8835,1.);
#8835 = DIRECTION('',(0.,1.));
#8836 = ( GEOMETRIC_REPRESENTATION_CONTEXT(2) 
PARAMETRIC_REPRESENTATION_CONTEXT() REPRESENTATION_CONTEXT('2D SPACE',''
  ) );
#8837 = ORIENTED_EDGE('',*,*,#5331,.F.);
#8838 = ORIENTED_EDGE('',*,*,#5281,.F.);
#8839 = ADVANCED_FACE('',(#8840),#249,.F.);
#8840 = FACE_BOUND('',#8841,.F.);
#8841 = EDGE_LOOP('',(#8842,#8843,#8844,#8845));
#8842 = ORIENTED_EDGE('',*,*,#235,.T.);
#8843 = ORIENTED_EDGE('',*,*,#8788,.T.);
#8844 = ORIENTED_EDGE('',*,*,#8586,.F.);
#8845 = ORIENTED_EDGE('',*,*,#8846,.F.);
#8846 = EDGE_CURVE('',#236,#8566,#8847,.T.);
#8847 = SURFACE_CURVE('',#8848,(#8854,#8861),.PCURVE_S1.);
#8848 = ( BOUNDED_CURVE() B_SPLINE_CURVE(4,(#8849,#8850,#8851,#8852,
#8853),.UNSPECIFIED.,.F.,.F.) B_SPLINE_CURVE_WITH_KNOTS((5,5),(0.,1.),
.PIECEWISE_BEZIER_KNOTS.) CURVE() GEOMETRIC_REPRESENTATION_ITEM() 
RATIONAL_B_SPLINE_CURVE((1.,1.,1.,1.,1.)) REPRESENTATION_ITEM('') );
#8849 = CARTESIAN_POINT('',(6.361547347787,0.700510772124,0.));
#8850 = CARTESIAN_POINT('',(6.367450129258,0.701160765243,3.950966311744
    ));
#8851 = CARTESIAN_POINT('',(6.376630773619,0.702171704865,7.915188641292
    ));
#8852 = CARTESIAN_POINT('',(6.168270409986,0.679227809107,
    11.841097004811));
#8853 = CARTESIAN_POINT('',(6.173377861137,0.679790223305,15.8));
#8854 = PCURVE('',#249,#8855);
#8855 = DEFINITIONAL_REPRESENTATION('',(#8856),#8860);
#8856 = LINE('',#8857,#8858);
#8857 = CARTESIAN_POINT('',(157.,0.));
#8858 = VECTOR('',#8859,1.);
#8859 = DIRECTION('',(0.,1.));
#8860 = ( GEOMETRIC_REPRESENTATION_CONTEXT(2) 
PARAMETRIC_REPRESENTATION_CONTEXT() REPRESENTATION_CONTEXT('2D SPACE',''
  ) );
#8861 = PCURVE('',#281,#8862);
#8862 = DEFINITIONAL_REPRESENTATION('',(#8863),#8867);
#8863 = LINE('',#8864,#8865);
#8864 = CARTESIAN_POINT('',(157.,0.));
#8865 = VECTOR('',#8866,1.);
#8866 = DIRECTION('',(0.,1.));
#8867 = ( GEOMETRIC_REPRESENTATION_CONTEXT(2) 
PARAMETRIC_REPRESENTATION_CONTEXT() REPRESENTATION_CONTEXT('2D SPACE',''
  ) );
#8868 = ADVANCED_FACE('',(#8869),#5177,.F.);
#8869 = FACE_BOUND('',#8870,.F.);
#8870 = EDGE_LOOP('',(#8871,#8872,#8895,#8896));
#8871 = ORIENTED_EDGE('',*,*,#5163,.T.);
#8872 = ORIENTED_EDGE('',*,*,#8873,.T.);
#8873 = EDGE_CURVE('',#5132,#5353,#8874,.T.);
#8874 = SURFACE_CURVE('',#8875,(#8881,#8888),.PCURVE_S1.);
#8875 = ( BOUNDED_CURVE() B_SPLINE_CURVE(4,(#8876,#8877,#8878,#8879,
#8880),.UNSPECIFIED.,.F.,.F.) B_SPLINE_CURVE_WITH_KNOTS((5,5),(0.,1.),
.PIECEWISE_BEZIER_KNOTS.) CURVE() GEOMETRIC_REPRESENTATION_ITEM() 
RATIONAL_B_SPLINE_CURVE((1.,1.,1.,1.,1.)) REPRESENTATION_ITEM('') );
#8876 = CARTESIAN_POINT('',(6.3313591303,-0.934821674531,0.));
#8877 = CARTESIAN_POINT('',(6.340961004988,-0.936239386019,
    3.950966311744));
#8878 = CARTESIAN_POINT('',(6.355894879322,-0.938444364307,
    7.915188641292));
#8879 = CARTESIAN_POINT('',(6.016961427115,-0.888401027509,
    11.841097004811));
#8880 = CARTESIAN_POINT('',(6.025269562215,-0.889627719062,15.8));
#8881 = PCURVE('',#5177,#8882);
#8882 = DEFINITIONAL_REPRESENTATION('',(#8883),#8887);
#8883 = LINE('',#8884,#8885);
#8884 = CARTESIAN_POINT('',(4.,0.));
#8885 = VECTOR('',#8886,1.);
#8886 = DIRECTION('',(0.,1.));
#8887 = ( GEOMETRIC_REPRESENTATION_CONTEXT(2) 
PARAMETRIC_REPRESENTATION_CONTEXT() REPRESENTATION_CONTEXT('2D SPACE',''
  ) );
#8888 = PCURVE('',#5145,#8889);
#8889 = DEFINITIONAL_REPRESENTATION('',(#8890),#8894);
#8890 = LINE('',#8891,#8892);
#8891 = CARTESIAN_POINT('',(4.,0.));
#8892 = VECTOR('',#8893,1.);
#8893 = DIRECTION('',(0.,1.));
#8894 = ( GEOMETRIC_REPRESENTATION_CONTEXT(2) 
PARAMETRIC_REPRESENTATION_CONTEXT() REPRESENTATION_CONTEXT('2D SPACE',''
  ) );
#8895 = ORIENTED_EDGE('',*,*,#5352,.F.);
#8896 = ORIENTED_EDGE('',*,*,#8815,.F.);
#8897 = ADVANCED_FACE('',(#8898),#281,.F.);
#8898 = FACE_BOUND('',#8899,.F.);
#8899 = EDGE_LOOP('',(#8900,#8901,#8902,#8903));
#8900 = ORIENTED_EDGE('',*,*,#267,.T.);
#8901 = ORIENTED_EDGE('',*,*,#8846,.T.);
#8902 = ORIENTED_EDGE('',*,*,#8565,.F.);
#8903 = ORIENTED_EDGE('',*,*,#8904,.F.);
#8904 = EDGE_CURVE('',#268,#8545,#8905,.T.);
#8905 = SURFACE_CURVE('',#8906,(#8912,#8919),.PCURVE_S1.);
#8906 = ( BOUNDED_CURVE() B_SPLINE_CURVE(4,(#8907,#8908,#8909,#8910,
#8911),.UNSPECIFIED.,.F.,.F.) B_SPLINE_CURVE_WITH_KNOTS((5,5),(0.,1.),
.PIECEWISE_BEZIER_KNOTS.) CURVE() GEOMETRIC_REPRESENTATION_ITEM() 
RATIONAL_B_SPLINE_CURVE((1.,1.,1.,1.,1.)) REPRESENTATION_ITEM('') );
#8907 = CARTESIAN_POINT('',(6.331275750765,0.935386213164,0.));
#8908 = CARTESIAN_POINT('',(6.340875009879,0.936804413064,3.950966311744
    ));
#8909 = CARTESIAN_POINT('',(6.35580481619,0.939010150981,7.915188641292)
  );
#8910 = CARTESIAN_POINT('',(6.016963690271,0.888949573916,
    11.841097004811));
#8911 = CARTESIAN_POINT('',(6.025269562215,0.890176688073,15.8));
#8912 = PCURVE('',#281,#8913);
#8913 = DEFINITIONAL_REPRESENTATION('',(#8914),#8918);
#8914 = LINE('',#8915,#8916);
#8915 = CARTESIAN_POINT('',(156.,0.));
#8916 = VECTOR('',#8917,1.);
#8917 = DIRECTION('',(0.,1.));
#8918 = ( GEOMETRIC_REPRESENTATION_CONTEXT(2) 
PARAMETRIC_REPRESENTATION_CONTEXT() REPRESENTATION_CONTEXT('2D SPACE',''
  ) );
#8919 = PCURVE('',#313,#8920);
#8920 = DEFINITIONAL_REPRESENTATION('',(#8921),#8925);
#8921 = LINE('',#8922,#8923);
#8922 = CARTESIAN_POINT('',(156.,0.));
#8923 = VECTOR('',#8924,1.);
#8924 = DIRECTION('',(0.,1.));
#8925 = ( GEOMETRIC_REPRESENTATION_CONTEXT(2) 
PARAMETRIC_REPRESENTATION_CONTEXT() REPRESENTATION_CONTEXT('2D SPACE',''
  ) );
#8926 = ADVANCED_FACE('',(#8927),#5145,.F.);
#8927 = FACE_BOUND('',#8928,.F.);
#8928 = EDGE_LOOP('',(#8929,#8930,#8953,#8954));
#8929 = ORIENTED_EDGE('',*,*,#5131,.T.);
#8930 = ORIENTED_EDGE('',*,*,#8931,.T.);
#8931 = EDGE_CURVE('',#5100,#5374,#8932,.T.);
#8932 = SURFACE_CURVE('',#8933,(#8939,#8946),.PCURVE_S1.);
#8933 = ( BOUNDED_CURVE() B_SPLINE_CURVE(4,(#8934,#8935,#8936,#8937,
#8938),.UNSPECIFIED.,.F.,.F.) B_SPLINE_CURVE_WITH_KNOTS((5,5),(0.,1.),
.PIECEWISE_BEZIER_KNOTS.) CURVE() GEOMETRIC_REPRESENTATION_ITEM() 
RATIONAL_B_SPLINE_CURVE((1.,1.,1.,1.,1.)) REPRESENTATION_ITEM('') );
#8934 = CARTESIAN_POINT('',(6.291027233405,-1.176000148195,0.));
#8935 = CARTESIAN_POINT('',(6.304609194256,-1.178539063921,
    3.950966311744));
#8936 = CARTESIAN_POINT('',(6.325733329191,-1.18248786034,7.915188641292
    ));
#8937 = CARTESIAN_POINT('',(5.846308109827,-1.092867499769,
    11.841097004811));
#8938 = CARTESIAN_POINT('',(5.85806006133,-1.095064326487,15.8));
#8939 = PCURVE('',#5145,#8940);
#8940 = DEFINITIONAL_REPRESENTATION('',(#8941),#8945);
#8941 = LINE('',#8942,#8943);
#8942 = CARTESIAN_POINT('',(5.,0.));
#8943 = VECTOR('',#8944,1.);
#8944 = DIRECTION('',(0.,1.));
#8945 = ( GEOMETRIC_REPRESENTATION_CONTEXT(2) 
PARAMETRIC_REPRESENTATION_CONTEXT() REPRESENTATION_CONTEXT('2D SPACE',''
  ) );
#8946 = PCURVE('',#5113,#8947);
#8947 = DEFINITIONAL_REPRESENTATION('',(#8948),#8952);
#8948 = LINE('',#8949,#8950);
#8949 = CARTESIAN_POINT('',(5.,0.));
#8950 = VECTOR('',#8951,1.);
#8951 = DIRECTION('',(0.,1.));
#8952 = ( GEOMETRIC_REPRESENTATION_CONTEXT(2) 
PARAMETRIC_REPRESENTATION_CONTEXT() REPRESENTATION_CONTEXT('2D SPACE',''
  ) );
#8953 = ORIENTED_EDGE('',*,*,#5373,.F.);
#8954 = ORIENTED_EDGE('',*,*,#8873,.F.);
#8955 = ADVANCED_FACE('',(#8956),#313,.F.);
#8956 = FACE_BOUND('',#8957,.F.);
#8957 = EDGE_LOOP('',(#8958,#8959,#8960,#8961));
#8958 = ORIENTED_EDGE('',*,*,#299,.T.);
#8959 = ORIENTED_EDGE('',*,*,#8904,.T.);
#8960 = ORIENTED_EDGE('',*,*,#8544,.F.);
#8961 = ORIENTED_EDGE('',*,*,#8962,.F.);
#8962 = EDGE_CURVE('',#300,#8524,#8963,.T.);
#8963 = SURFACE_CURVE('',#8964,(#8970,#8977),.PCURVE_S1.);
#8964 = ( BOUNDED_CURVE() B_SPLINE_CURVE(4,(#8965,#8966,#8967,#8968,
#8969),.UNSPECIFIED.,.F.,.F.) B_SPLINE_CURVE_WITH_KNOTS((5,5),(0.,1.),
.PIECEWISE_BEZIER_KNOTS.) CURVE() GEOMETRIC_REPRESENTATION_ITEM() 
RATIONAL_B_SPLINE_CURVE((1.,1.,1.,1.,1.)) REPRESENTATION_ITEM('') );
#8965 = CARTESIAN_POINT('',(6.290935718002,1.176489605548,0.));
#8966 = CARTESIAN_POINT('',(6.304514808061,1.179029078056,3.950966311744
    ));
#8967 = CARTESIAN_POINT('',(6.32563447803,1.182978740444,7.915188641292)
  );
#8968 = CARTESIAN_POINT('',(5.846310593814,1.093338726184,
    11.841097004811));
#8969 = CARTESIAN_POINT('',(5.85806006133,1.095536034664,15.8));
#8970 = PCURVE('',#313,#8971);
#8971 = DEFINITIONAL_REPRESENTATION('',(#8972),#8976);
#8972 = LINE('',#8973,#8974);
#8973 = CARTESIAN_POINT('',(155.,0.));
#8974 = VECTOR('',#8975,1.);
#8975 = DIRECTION('',(0.,1.));
#8976 = ( GEOMETRIC_REPRESENTATION_CONTEXT(2) 
PARAMETRIC_REPRESENTATION_CONTEXT() REPRESENTATION_CONTEXT('2D SPACE',''
  ) );
#8977 = PCURVE('',#345,#8978);
#8978 = DEFINITIONAL_REPRESENTATION('',(#8979),#8983);
#8979 = LINE('',#8980,#8981);
#8980 = CARTESIAN_POINT('',(155.,0.));
#8981 = VECTOR('',#8982,1.);
#8982 = DIRECTION('',(0.,1.));
#8983 = ( GEOMETRIC_REPRESENTATION_CONTEXT(2) 
PARAMETRIC_REPRESENTATION_CONTEXT() REPRESENTATION_CONTEXT('2D SPACE',''
  ) );
#8984 = ADVANCED_FACE('',(#8985),#5113,.F.);
#8985 = FACE_BOUND('',#8986,.F.);
#8986 = EDGE_LOOP('',(#8987,#8988,#9011,#9012));
#8987 = ORIENTED_EDGE('',*,*,#5099,.T.);
#8988 = ORIENTED_EDGE('',*,*,#8989,.T.);
#8989 = EDGE_CURVE('',#5068,#5395,#8990,.T.);
#8990 = SURFACE_CURVE('',#8991,(#8997,#9004),.PCURVE_S1.);
#8991 = ( BOUNDED_CURVE() B_SPLINE_CURVE(4,(#8992,#8993,#8994,#8995,
#8996),.UNSPECIFIED.,.F.,.F.) B_SPLINE_CURVE_WITH_KNOTS((5,5),(0.,1.),
.PIECEWISE_BEZIER_KNOTS.) CURVE() GEOMETRIC_REPRESENTATION_ITEM() 
RATIONAL_B_SPLINE_CURVE((1.,1.,1.,1.,1.)) REPRESENTATION_ITEM('') );
#8992 = CARTESIAN_POINT('',(6.239430935323,-1.4246057712,0.));
#8993 = CARTESIAN_POINT('',(6.256913427354,-1.428597426737,
    3.950966311744));
#8994 = CARTESIAN_POINT('',(6.284104090376,-1.434805681283,
    7.915188641292));
#8995 = CARTESIAN_POINT('',(5.666995289275,-1.293905530512,
    11.841097004811));
#8996 = CARTESIAN_POINT('',(5.682122221296,-1.297359357453,15.8));
#8997 = PCURVE('',#5113,#8998);
#8998 = DEFINITIONAL_REPRESENTATION('',(#8999),#9003);
#8999 = LINE('',#9000,#9001);
#9000 = CARTESIAN_POINT('',(6.,0.));
#9001 = VECTOR('',#9002,1.);
#9002 = DIRECTION('',(0.,1.));
#9003 = ( GEOMETRIC_REPRESENTATION_CONTEXT(2) 
PARAMETRIC_REPRESENTATION_CONTEXT() REPRESENTATION_CONTEXT('2D SPACE',''
  ) );
#9004 = PCURVE('',#5081,#9005);
#9005 = DEFINITIONAL_REPRESENTATION('',(#9006),#9010);
#9006 = LINE('',#9007,#9008);
#9007 = CARTESIAN_POINT('',(6.,0.));
#9008 = VECTOR('',#9009,1.);
#9009 = DIRECTION('',(0.,1.));
#9010 = ( GEOMETRIC_REPRESENTATION_CONTEXT(2) 
PARAMETRIC_REPRESENTATION_CONTEXT() REPRESENTATION_CONTEXT('2D SPACE',''
  ) );
#9011 = ORIENTED_EDGE('',*,*,#5394,.F.);
#9012 = ORIENTED_EDGE('',*,*,#8931,.F.);
#9013 = ADVANCED_FACE('',(#9014),#345,.F.);
#9014 = FACE_BOUND('',#9015,.F.);
#9015 = EDGE_LOOP('',(#9016,#9017,#9018,#9019));
#9016 = ORIENTED_EDGE('',*,*,#331,.T.);
#9017 = ORIENTED_EDGE('',*,*,#8962,.T.);
#9018 = ORIENTED_EDGE('',*,*,#8523,.F.);
#9019 = ORIENTED_EDGE('',*,*,#9020,.F.);
#9020 = EDGE_CURVE('',#332,#8503,#9021,.T.);
#9021 = SURFACE_CURVE('',#9022,(#9028,#9035),.PCURVE_S1.);
#9022 = ( BOUNDED_CURVE() B_SPLINE_CURVE(4,(#9023,#9024,#9025,#9026,
#9027),.UNSPECIFIED.,.F.,.F.) B_SPLINE_CURVE_WITH_KNOTS((5,5),(0.,1.),
.PIECEWISE_BEZIER_KNOTS.) CURVE() GEOMETRIC_REPRESENTATION_ITEM() 
RATIONAL_B_SPLINE_CURVE((1.,1.,1.,1.,1.)) REPRESENTATION_ITEM('') );
#9023 = CARTESIAN_POINT('',(6.239346159853,1.42497701649,0.));
#9024 = CARTESIAN_POINT('',(6.256825992521,1.428969159122,3.950966311744
    ));
#9025 = CARTESIAN_POINT('',(6.284012519413,1.435178171251,7.915188641292
    ));
#9026 = CARTESIAN_POINT('',(5.66699759032,1.294260826667,11.841097004811
    ));
#9027 = CARTESIAN_POINT('',(5.682122221296,1.297715075072,15.8));
#9028 = PCURVE('',#345,#9029);
#9029 = DEFINITIONAL_REPRESENTATION('',(#9030),#9034);
#9030 = LINE('',#9031,#9032);
#9031 = CARTESIAN_POINT('',(154.,0.));
#9032 = VECTOR('',#9033,1.);
#9033 = DIRECTION('',(0.,1.));
#9034 = ( GEOMETRIC_REPRESENTATION_CONTEXT(2) 
PARAMETRIC_REPRESENTATION_CONTEXT() REPRESENTATION_CONTEXT('2D SPACE',''
  ) );
#9035 = PCURVE('',#377,#9036);
#9036 = DEFINITIONAL_REPRESENTATION('',(#9037),#9041);
#9037 = LINE('',#9038,#9039);
#9038 = CARTESIAN_POINT('',(154.,0.));
#9039 = VECTOR('',#9040,1.);
#9040 = DIRECTION('',(0.,1.));
#9041 = ( GEOMETRIC_REPRESENTATION_CONTEXT(2) 
PARAMETRIC_REPRESENTATION_CONTEXT() REPRESENTATION_CONTEXT('2D SPACE',''
  ) );
#9042 = ADVANCED_FACE('',(#9043),#5081,.F.);
#9043 = FACE_BOUND('',#9044,.F.);
#9044 = EDGE_LOOP('',(#9045,#9046,#9069,#9070));
#9045 = ORIENTED_EDGE('',*,*,#5067,.T.);
#9046 = ORIENTED_EDGE('',*,*,#9047,.T.);
#9047 = EDGE_CURVE('',#5036,#5416,#9048,.T.);
#9048 = SURFACE_CURVE('',#9049,(#9055,#9062),.PCURVE_S1.);
#9049 = ( BOUNDED_CURVE() B_SPLINE_CURVE(4,(#9050,#9051,#9052,#9053,
#9054),.UNSPECIFIED.,.F.,.F.) B_SPLINE_CURVE_WITH_KNOTS((5,5),(0.,1.),
.PIECEWISE_BEZIER_KNOTS.) CURVE() GEOMETRIC_REPRESENTATION_ITEM() 
RATIONAL_B_SPLINE_CURVE((1.,1.,1.,1.,1.)) REPRESENTATION_ITEM('') );
#9050 = CARTESIAN_POINT('',(6.175568477819,-1.679986302256,0.));
#9051 = CARTESIAN_POINT('',(6.196515129949,-1.685684577449,
    3.950966311744));
#9052 = CARTESIAN_POINT('',(6.229093629542,-1.69454715152,7.915188641292
    ));
#9053 = CARTESIAN_POINT('',(5.489704567603,-1.493405588511,
    11.841097004811));
#9054 = CARTESIAN_POINT('',(5.507828904927,-1.498336088197,15.8));
#9055 = PCURVE('',#5081,#9056);
#9056 = DEFINITIONAL_REPRESENTATION('',(#9057),#9061);
#9057 = LINE('',#9058,#9059);
#9058 = CARTESIAN_POINT('',(7.,0.));
#9059 = VECTOR('',#9060,1.);
#9060 = DIRECTION('',(0.,1.));
#9061 = ( GEOMETRIC_REPRESENTATION_CONTEXT(2) 
PARAMETRIC_REPRESENTATION_CONTEXT() REPRESENTATION_CONTEXT('2D SPACE',''
  ) );
#9062 = PCURVE('',#5049,#9063);
#9063 = DEFINITIONAL_REPRESENTATION('',(#9064),#9068);
#9064 = LINE('',#9065,#9066);
#9065 = CARTESIAN_POINT('',(7.,0.));
#9066 = VECTOR('',#9067,1.);
#9067 = DIRECTION('',(0.,1.));
#9068 = ( GEOMETRIC_REPRESENTATION_CONTEXT(2) 
PARAMETRIC_REPRESENTATION_CONTEXT() REPRESENTATION_CONTEXT('2D SPACE',''
  ) );
#9069 = ORIENTED_EDGE('',*,*,#5415,.F.);
#9070 = ORIENTED_EDGE('',*,*,#8989,.F.);
#9071 = ADVANCED_FACE('',(#9072),#377,.F.);
#9072 = FACE_BOUND('',#9073,.F.);
#9073 = EDGE_LOOP('',(#9074,#9075,#9076,#9077));
#9074 = ORIENTED_EDGE('',*,*,#363,.T.);
#9075 = ORIENTED_EDGE('',*,*,#9020,.T.);
#9076 = ORIENTED_EDGE('',*,*,#8502,.F.);
#9077 = ORIENTED_EDGE('',*,*,#9078,.F.);
#9078 = EDGE_CURVE('',#364,#8482,#9079,.T.);
#9079 = SURFACE_CURVE('',#9080,(#9086,#9093),.PCURVE_S1.);
#9080 = ( BOUNDED_CURVE() B_SPLINE_CURVE(4,(#9081,#9082,#9083,#9084,
#9085),.UNSPECIFIED.,.F.,.F.) B_SPLINE_CURVE_WITH_KNOTS((5,5),(0.,1.),
.PIECEWISE_BEZIER_KNOTS.) CURVE() GEOMETRIC_REPRESENTATION_ITEM() 
RATIONAL_B_SPLINE_CURVE((1.,1.,1.,1.,1.)) REPRESENTATION_ITEM('') );
#9081 = CARTESIAN_POINT('',(6.175504706499,1.680220705743,0.));
#9082 = CARTESIAN_POINT('',(6.196449358156,1.685919290565,3.950966311744
    ));
#9083 = CARTESIAN_POINT('',(6.229024746395,1.694782346204,7.915188641292
    ));
#9084 = CARTESIAN_POINT('',(5.489706298537,1.493629853693,
    11.841097004811));
#9085 = CARTESIAN_POINT('',(5.507828904927,1.498560621289,15.8));
#9086 = PCURVE('',#377,#9087);
#9087 = DEFINITIONAL_REPRESENTATION('',(#9088),#9092);
#9088 = LINE('',#9089,#9090);
#9089 = CARTESIAN_POINT('',(153.,0.));
#9090 = VECTOR('',#9091,1.);
#9091 = DIRECTION('',(0.,1.));
#9092 = ( GEOMETRIC_REPRESENTATION_CONTEXT(2) 
PARAMETRIC_REPRESENTATION_CONTEXT() REPRESENTATION_CONTEXT('2D SPACE',''
  ) );
#9093 = PCURVE('',#409,#9094);
#9094 = DEFINITIONAL_REPRESENTATION('',(#9095),#9099);
#9095 = LINE('',#9096,#9097);
#9096 = CARTESIAN_POINT('',(153.,0.));
#9097 = VECTOR('',#9098,1.);
#9098 = DIRECTION('',(0.,1.));
#9099 = ( GEOMETRIC_REPRESENTATION_CONTEXT(2) 
PARAMETRIC_REPRESENTATION_CONTEXT() REPRESENTATION_CONTEXT('2D SPACE',''
  ) );
#9100 = ADVANCED_FACE('',(#9101),#5049,.F.);
#9101 = FACE_BOUND('',#9102,.F.);
#9102 = EDGE_LOOP('',(#9103,#9104,#9127,#9128));
#9103 = ORIENTED_EDGE('',*,*,#5035,.T.);
#9104 = ORIENTED_EDGE('',*,*,#9105,.T.);
#9105 = EDGE_CURVE('',#5004,#5437,#9106,.T.);
#9106 = SURFACE_CURVE('',#9107,(#9113,#9120),.PCURVE_S1.);
#9107 = ( BOUNDED_CURVE() B_SPLINE_CURVE(4,(#9108,#9109,#9110,#9111,
#9112),.UNSPECIFIED.,.F.,.F.) B_SPLINE_CURVE_WITH_KNOTS((5,5),(0.,1.),
.PIECEWISE_BEZIER_KNOTS.) CURVE() GEOMETRIC_REPRESENTATION_ITEM() 
RATIONAL_B_SPLINE_CURVE((1.,1.,1.,1.,1.)) REPRESENTATION_ITEM('') );
#9108 = CARTESIAN_POINT('',(6.099067731838,-1.939425895065,0.));
#9109 = CARTESIAN_POINT('',(6.122705108035,-1.946942279782,
    3.950966311744));
#9110 = CARTESIAN_POINT('',(6.159468512803,-1.958632574485,
    7.915188641292));
#9111 = CARTESIAN_POINT('',(5.325100457044,-1.693314154605,
    11.841097004811));
#9112 = CARTESIAN_POINT('',(5.345552975039,-1.699817794958,15.8));
#9113 = PCURVE('',#5049,#9114);
#9114 = DEFINITIONAL_REPRESENTATION('',(#9115),#9119);
#9115 = LINE('',#9116,#9117);
#9116 = CARTESIAN_POINT('',(8.,0.));
#9117 = VECTOR('',#9118,1.);
#9118 = DIRECTION('',(0.,1.));
#9119 = ( GEOMETRIC_REPRESENTATION_CONTEXT(2) 
PARAMETRIC_REPRESENTATION_CONTEXT() REPRESENTATION_CONTEXT('2D SPACE',''
  ) );
#9120 = PCURVE('',#5017,#9121);
#9121 = DEFINITIONAL_REPRESENTATION('',(#9122),#9126);
#9122 = LINE('',#9123,#9124);
#9123 = CARTESIAN_POINT('',(8.,0.));
#9124 = VECTOR('',#9125,1.);
#9125 = DIRECTION('',(0.,1.));
#9126 = ( GEOMETRIC_REPRESENTATION_CONTEXT(2) 
PARAMETRIC_REPRESENTATION_CONTEXT() REPRESENTATION_CONTEXT('2D SPACE',''
  ) );
#9127 = ORIENTED_EDGE('',*,*,#5436,.F.);
#9128 = ORIENTED_EDGE('',*,*,#9047,.F.);
#9129 = ADVANCED_FACE('',(#9130),#409,.F.);
#9130 = FACE_BOUND('',#9131,.F.);
#9131 = EDGE_LOOP('',(#9132,#9133,#9134,#9135));
#9132 = ORIENTED_EDGE('',*,*,#395,.T.);
#9133 = ORIENTED_EDGE('',*,*,#9078,.T.);
#9134 = ORIENTED_EDGE('',*,*,#8481,.F.);
#9135 = ORIENTED_EDGE('',*,*,#9136,.F.);
#9136 = EDGE_CURVE('',#396,#8461,#9137,.T.);
#9137 = SURFACE_CURVE('',#9138,(#9144,#9151),.PCURVE_S1.);
#9138 = ( BOUNDED_CURVE() B_SPLINE_CURVE(4,(#9139,#9140,#9141,#9142,
#9143),.UNSPECIFIED.,.F.,.F.) B_SPLINE_CURVE_WITH_KNOTS((5,5),(0.,1.),
.PIECEWISE_BEZIER_KNOTS.) CURVE() GEOMETRIC_REPRESENTATION_ITEM() 
RATIONAL_B_SPLINE_CURVE((1.,1.,1.,1.,1.)) REPRESENTATION_ITEM('') );
#9139 = CARTESIAN_POINT('',(6.099034224751,1.939531264332,0.));
#9140 = CARTESIAN_POINT('',(6.122670549847,1.947047764454,3.950966311744
    ));
#9141 = CARTESIAN_POINT('',(6.15943231983,1.958738238648,7.915188641292)
  );
#9142 = CARTESIAN_POINT('',(5.325101366521,1.693415745101,
    11.841097004811));
#9143 = CARTESIAN_POINT('',(5.345552975039,1.699919485311,15.8));
#9144 = PCURVE('',#409,#9145);
#9145 = DEFINITIONAL_REPRESENTATION('',(#9146),#9150);
#9146 = LINE('',#9147,#9148);
#9147 = CARTESIAN_POINT('',(152.,0.));
#9148 = VECTOR('',#9149,1.);
#9149 = DIRECTION('',(0.,1.));
#9150 = ( GEOMETRIC_REPRESENTATION_CONTEXT(2) 
PARAMETRIC_REPRESENTATION_CONTEXT() REPRESENTATION_CONTEXT('2D SPACE',''
  ) );
#9151 = PCURVE('',#441,#9152);
#9152 = DEFINITIONAL_REPRESENTATION('',(#9153),#9157);
#9153 = LINE('',#9154,#9155);
#9154 = CARTESIAN_POINT('',(152.,0.));
#9155 = VECTOR('',#9156,1.);
#9156 = DIRECTION('',(0.,1.));
#9157 = ( GEOMETRIC_REPRESENTATION_CONTEXT(2) 
PARAMETRIC_REPRESENTATION_CONTEXT() REPRESENTATION_CONTEXT('2D SPACE',''
  ) );
#9158 = ADVANCED_FACE('',(#9159),#5017,.F.);
#9159 = FACE_BOUND('',#9160,.F.);
#9160 = EDGE_LOOP('',(#9161,#9162,#9185,#9186));
#9161 = ORIENTED_EDGE('',*,*,#5003,.T.);
#9162 = ORIENTED_EDGE('',*,*,#9163,.T.);
#9163 = EDGE_CURVE('',#4972,#5458,#9164,.T.);
#9164 = SURFACE_CURVE('',#9165,(#9171,#9178),.PCURVE_S1.);
#9165 = ( BOUNDED_CURVE() B_SPLINE_CURVE(4,(#9166,#9167,#9168,#9169,
#9170),.UNSPECIFIED.,.F.,.F.) B_SPLINE_CURVE_WITH_KNOTS((5,5),(0.,1.),
.PIECEWISE_BEZIER_KNOTS.) CURVE() GEOMETRIC_REPRESENTATION_ITEM() 
RATIONAL_B_SPLINE_CURVE((1.,1.,1.,1.,1.)) REPRESENTATION_ITEM('') );
#9166 = CARTESIAN_POINT('',(6.0107157834,-2.198020875967,0.));
#9167 = CARTESIAN_POINT('',(6.035969746668,-2.207255839067,
    3.950966311744));
#9168 = CARTESIAN_POINT('',(6.075247442546,-2.221619052802,
    7.915188641292));
#9169 = CARTESIAN_POINT('',(5.183816005459,-1.895637093445,
    11.841097004811));
#9170 = CARTESIAN_POINT('',(5.205667294447,-1.903627753975,15.8));
#9171 = PCURVE('',#5017,#9172);
#9172 = DEFINITIONAL_REPRESENTATION('',(#9173),#9177);
#9173 = LINE('',#9174,#9175);
#9174 = CARTESIAN_POINT('',(9.,0.));
#9175 = VECTOR('',#9176,1.);
#9176 = DIRECTION('',(0.,1.));
#9177 = ( GEOMETRIC_REPRESENTATION_CONTEXT(2) 
PARAMETRIC_REPRESENTATION_CONTEXT() REPRESENTATION_CONTEXT('2D SPACE',''
  ) );
#9178 = PCURVE('',#4985,#9179);
#9179 = DEFINITIONAL_REPRESENTATION('',(#9180),#9184);
#9180 = LINE('',#9181,#9182);
#9181 = CARTESIAN_POINT('',(9.,0.));
#9182 = VECTOR('',#9183,1.);
#9183 = DIRECTION('',(0.,1.));
#9184 = ( GEOMETRIC_REPRESENTATION_CONTEXT(2) 
PARAMETRIC_REPRESENTATION_CONTEXT() REPRESENTATION_CONTEXT('2D SPACE',''
  ) );
#9185 = ORIENTED_EDGE('',*,*,#5457,.F.);
#9186 = ORIENTED_EDGE('',*,*,#9105,.F.);
#9187 = ADVANCED_FACE('',(#9188),#441,.F.);
#9188 = FACE_BOUND('',#9189,.F.);
#9189 = EDGE_LOOP('',(#9190,#9191,#9192,#9193));
#9190 = ORIENTED_EDGE('',*,*,#427,.T.);
#9191 = ORIENTED_EDGE('',*,*,#9136,.T.);
#9192 = ORIENTED_EDGE('',*,*,#8460,.F.);
#9193 = ORIENTED_EDGE('',*,*,#9194,.F.);
#9194 = EDGE_CURVE('',#428,#8440,#9195,.T.);
#9195 = SURFACE_CURVE('',#9196,(#9202,#9209),.PCURVE_S1.);
#9196 = ( BOUNDED_CURVE() B_SPLINE_CURVE(4,(#9197,#9198,#9199,#9200,
#9201),.UNSPECIFIED.,.F.,.F.) B_SPLINE_CURVE_WITH_KNOTS((5,5),(0.,1.),
.PIECEWISE_BEZIER_KNOTS.) CURVE() GEOMETRIC_REPRESENTATION_ITEM() 
RATIONAL_B_SPLINE_CURVE((1.,1.,1.,1.,1.)) REPRESENTATION_ITEM('') );
#9197 = CARTESIAN_POINT('',(6.010711788994,2.198031799053,0.));
#9198 = CARTESIAN_POINT('',(6.035965626959,2.207266768362,3.950966311744
    ));
#9199 = CARTESIAN_POINT('',(6.075243127953,2.221629991754,7.915188641292
    ));
#9200 = CARTESIAN_POINT('',(5.183816113878,1.895647813227,
    11.841097004811));
#9201 = CARTESIAN_POINT('',(5.205667294447,1.903638479129,15.8));
#9202 = PCURVE('',#441,#9203);
#9203 = DEFINITIONAL_REPRESENTATION('',(#9204),#9208);
#9204 = LINE('',#9205,#9206);
#9205 = CARTESIAN_POINT('',(151.,0.));
#9206 = VECTOR('',#9207,1.);
#9207 = DIRECTION('',(0.,1.));
#9208 = ( GEOMETRIC_REPRESENTATION_CONTEXT(2) 
PARAMETRIC_REPRESENTATION_CONTEXT() REPRESENTATION_CONTEXT('2D SPACE',''
  ) );
#9209 = PCURVE('',#473,#9210);
#9210 = DEFINITIONAL_REPRESENTATION('',(#9211),#9215);
#9211 = LINE('',#9212,#9213);
#9212 = CARTESIAN_POINT('',(151.,0.));
#9213 = VECTOR('',#9214,1.);
#9214 = DIRECTION('',(0.,1.));
#9215 = ( GEOMETRIC_REPRESENTATION_CONTEXT(2) 
PARAMETRIC_REPRESENTATION_CONTEXT() REPRESENTATION_CONTEXT('2D SPACE',''
  ) );
#9216 = ADVANCED_FACE('',(#9217),#4985,.F.);
#9217 = FACE_BOUND('',#9218,.F.);
#9218 = EDGE_LOOP('',(#9219,#9220,#9243,#9244));
#9219 = ORIENTED_EDGE('',*,*,#4971,.T.);
#9220 = ORIENTED_EDGE('',*,*,#9221,.T.);
#9221 = EDGE_CURVE('',#4940,#5479,#9222,.T.);
#9222 = SURFACE_CURVE('',#9223,(#9229,#9236),.PCURVE_S1.);
#9223 = ( BOUNDED_CURVE() B_SPLINE_CURVE(4,(#9224,#9225,#9226,#9227,
#9228),.UNSPECIFIED.,.F.,.F.) B_SPLINE_CURVE_WITH_KNOTS((5,5),(0.,1.),
.PIECEWISE_BEZIER_KNOTS.) CURVE() GEOMETRIC_REPRESENTATION_ITEM() 
RATIONAL_B_SPLINE_CURVE((1.,1.,1.,1.,1.)) REPRESENTATION_ITEM('') );
#9224 = CARTESIAN_POINT('',(5.912950833217,-2.448879834527,0.));
#9225 = CARTESIAN_POINT('',(5.938498340231,-2.459460469562,
    3.950966311744));
#9226 = CARTESIAN_POINT('',(5.9782325871,-2.475916617879,7.915188641292)
  );
#9227 = CARTESIAN_POINT('',(5.076439444796,-2.102434222473,
    11.841097004811));
#9228 = CARTESIAN_POINT('',(5.098544725965,-2.111589241485,15.8));
#9229 = PCURVE('',#4985,#9230);
#9230 = DEFINITIONAL_REPRESENTATION('',(#9231),#9235);
#9231 = LINE('',#9232,#9233);
#9232 = CARTESIAN_POINT('',(10.,0.));
#9233 = VECTOR('',#9234,1.);
#9234 = DIRECTION('',(0.,1.));
#9235 = ( GEOMETRIC_REPRESENTATION_CONTEXT(2) 
PARAMETRIC_REPRESENTATION_CONTEXT() REPRESENTATION_CONTEXT('2D SPACE',''
  ) );
#9236 = PCURVE('',#4953,#9237);
#9237 = DEFINITIONAL_REPRESENTATION('',(#9238),#9242);
#9238 = LINE('',#9239,#9240);
#9239 = CARTESIAN_POINT('',(10.,0.));
#9240 = VECTOR('',#9241,1.);
#9241 = DIRECTION('',(0.,1.));
#9242 = ( GEOMETRIC_REPRESENTATION_CONTEXT(2) 
PARAMETRIC_REPRESENTATION_CONTEXT() REPRESENTATION_CONTEXT('2D SPACE',''
  ) );
#9243 = ORIENTED_EDGE('',*,*,#5478,.F.);
#9244 = ORIENTED_EDGE('',*,*,#9163,.F.);
#9245 = ADVANCED_FACE('',(#9246),#473,.F.);
#9246 = FACE_BOUND('',#9247,.F.);
#9247 = EDGE_LOOP('',(#9248,#9249,#9250,#9251));
#9248 = ORIENTED_EDGE('',*,*,#459,.T.);
#9249 = ORIENTED_EDGE('',*,*,#9194,.T.);
#9250 = ORIENTED_EDGE('',*,*,#8439,.F.);
#9251 = ORIENTED_EDGE('',*,*,#9252,.F.);
#9252 = EDGE_CURVE('',#460,#8419,#9253,.T.);
#9253 = SURFACE_CURVE('',#9254,(#9260,#9267),.PCURVE_S1.);
#9254 = ( BOUNDED_CURVE() B_SPLINE_CURVE(4,(#9255,#9256,#9257,#9258,
#9259),.UNSPECIFIED.,.F.,.F.) B_SPLINE_CURVE_WITH_KNOTS((5,5),(0.,1.),
.PIECEWISE_BEZIER_KNOTS.) CURVE() GEOMETRIC_REPRESENTATION_ITEM() 
RATIONAL_B_SPLINE_CURVE((1.,1.,1.,1.,1.)) REPRESENTATION_ITEM('') );
#9255 = CARTESIAN_POINT('',(5.912961011821,2.448855257602,0.));
#9256 = CARTESIAN_POINT('',(5.938508838132,2.459435900474,3.950966311744
    ));
#9257 = CARTESIAN_POINT('',(5.978243581608,2.475892060979,7.915188641292
    ));
#9258 = CARTESIAN_POINT('',(5.07643916852,2.102409388946,11.841097004811
    ));
#9259 = CARTESIAN_POINT('',(5.098544725965,2.111564414739,15.8));
#9260 = PCURVE('',#473,#9261);
#9261 = DEFINITIONAL_REPRESENTATION('',(#9262),#9266);
#9262 = LINE('',#9263,#9264);
#9263 = CARTESIAN_POINT('',(150.,0.));
#9264 = VECTOR('',#9265,1.);
#9265 = DIRECTION('',(0.,1.));
#9266 = ( GEOMETRIC_REPRESENTATION_CONTEXT(2) 
PARAMETRIC_REPRESENTATION_CONTEXT() REPRESENTATION_CONTEXT('2D SPACE',''
  ) );
#9267 = PCURVE('',#505,#9268);
#9268 = DEFINITIONAL_REPRESENTATION('',(#9269),#9273);
#9269 = LINE('',#9270,#9271);
#9270 = CARTESIAN_POINT('',(150.,0.));
#9271 = VECTOR('',#9272,1.);
#9272 = DIRECTION('',(0.,1.));
#9273 = ( GEOMETRIC_REPRESENTATION_CONTEXT(2) 
PARAMETRIC_REPRESENTATION_CONTEXT() REPRESENTATION_CONTEXT('2D SPACE',''
  ) );
#9274 = ADVANCED_FACE('',(#9275),#4953,.F.);
#9275 = FACE_BOUND('',#9276,.F.);
#9276 = EDGE_LOOP('',(#9277,#9278,#9301,#9302));
#9277 = ORIENTED_EDGE('',*,*,#4939,.T.);
#9278 = ORIENTED_EDGE('',*,*,#9279,.T.);
#9279 = EDGE_CURVE('',#4908,#5500,#9280,.T.);
#9280 = SURFACE_CURVE('',#9281,(#9287,#9294),.PCURVE_S1.);
#9281 = ( BOUNDED_CURVE() B_SPLINE_CURVE(4,(#9282,#9283,#9284,#9285,
#9286),.UNSPECIFIED.,.F.,.F.) B_SPLINE_CURVE_WITH_KNOTS((5,5),(0.,1.),
.PIECEWISE_BEZIER_KNOTS.) CURVE() GEOMETRIC_REPRESENTATION_ITEM() 
RATIONAL_B_SPLINE_CURVE((1.,1.,1.,1.,1.)) REPRESENTATION_ITEM('') );
#9282 = CARTESIAN_POINT('',(5.80097973749,-2.703448554204,0.));
#9283 = CARTESIAN_POINT('',(5.82535995163,-2.714810540911,3.950966311744
    ));
#9284 = CARTESIAN_POINT('',(5.863278698333,-2.732481931881,
    7.915188641292));
#9285 = CARTESIAN_POINT('',(5.002689447601,-2.331418857894,
    11.841097004811));
#9286 = CARTESIAN_POINT('',(5.023784714871,-2.341249950637,15.8));
#9287 = PCURVE('',#4953,#9288);
#9288 = DEFINITIONAL_REPRESENTATION('',(#9289),#9293);
#9289 = LINE('',#9290,#9291);
#9290 = CARTESIAN_POINT('',(11.,0.));
#9291 = VECTOR('',#9292,1.);
#9292 = DIRECTION('',(0.,1.));
#9293 = ( GEOMETRIC_REPRESENTATION_CONTEXT(2) 
PARAMETRIC_REPRESENTATION_CONTEXT() REPRESENTATION_CONTEXT('2D SPACE',''
  ) );
#9294 = PCURVE('',#4921,#9295);
#9295 = DEFINITIONAL_REPRESENTATION('',(#9296),#9300);
#9296 = LINE('',#9297,#9298);
#9297 = CARTESIAN_POINT('',(11.,0.));
#9298 = VECTOR('',#9299,1.);
#9299 = DIRECTION('',(0.,1.));
#9300 = ( GEOMETRIC_REPRESENTATION_CONTEXT(2) 
PARAMETRIC_REPRESENTATION_CONTEXT() REPRESENTATION_CONTEXT('2D SPACE',''
  ) );
#9301 = ORIENTED_EDGE('',*,*,#5499,.F.);
#9302 = ORIENTED_EDGE('',*,*,#9221,.F.);
#9303 = ADVANCED_FACE('',(#9304),#505,.F.);
#9304 = FACE_BOUND('',#9305,.F.);
#9305 = EDGE_LOOP('',(#9306,#9307,#9308,#9309));
#9306 = ORIENTED_EDGE('',*,*,#491,.T.);
#9307 = ORIENTED_EDGE('',*,*,#9252,.T.);
#9308 = ORIENTED_EDGE('',*,*,#8418,.F.);
#9309 = ORIENTED_EDGE('',*,*,#9310,.F.);
#9310 = EDGE_CURVE('',#492,#8398,#9311,.T.);
#9311 = SURFACE_CURVE('',#9312,(#9318,#9325),.PCURVE_S1.);
#9312 = ( BOUNDED_CURVE() B_SPLINE_CURVE(4,(#9313,#9314,#9315,#9316,
#9317),.UNSPECIFIED.,.F.,.F.) B_SPLINE_CURVE_WITH_KNOTS((5,5),(0.,1.),
.PIECEWISE_BEZIER_KNOTS.) CURVE() GEOMETRIC_REPRESENTATION_ITEM() 
RATIONAL_B_SPLINE_CURVE((1.,1.,1.,1.,1.)) REPRESENTATION_ITEM('') );
#9313 = CARTESIAN_POINT('',(5.800978027407,2.703452223647,0.));
#9314 = CARTESIAN_POINT('',(5.825358187902,2.714814204125,3.950966311744
    ));
#9315 = CARTESIAN_POINT('',(5.863276851171,2.732485585408,7.915188641292
    ));
#9316 = CARTESIAN_POINT('',(5.002689494018,2.331422731291,
    11.841097004811));
#9317 = CARTESIAN_POINT('',(5.023784714871,2.341253818644,15.8));
#9318 = PCURVE('',#505,#9319);
#9319 = DEFINITIONAL_REPRESENTATION('',(#9320),#9324);
#9320 = LINE('',#9321,#9322);
#9321 = CARTESIAN_POINT('',(149.,0.));
#9322 = VECTOR('',#9323,1.);
#9323 = DIRECTION('',(0.,1.));
#9324 = ( GEOMETRIC_REPRESENTATION_CONTEXT(2) 
PARAMETRIC_REPRESENTATION_CONTEXT() REPRESENTATION_CONTEXT('2D SPACE',''
  ) );
#9325 = PCURVE('',#537,#9326);
#9326 = DEFINITIONAL_REPRESENTATION('',(#9327),#9331);
#9327 = LINE('',#9328,#9329);
#9328 = CARTESIAN_POINT('',(149.,0.));
#9329 = VECTOR('',#9330,1.);
#9330 = DIRECTION('',(0.,1.));
#9331 = ( GEOMETRIC_REPRESENTATION_CONTEXT(2) 
PARAMETRIC_REPRESENTATION_CONTEXT() REPRESENTATION_CONTEXT('2D SPACE',''
  ) );
#9332 = ADVANCED_FACE('',(#9333),#4921,.F.);
#9333 = FACE_BOUND('',#9334,.F.);
#9334 = EDGE_LOOP('',(#9335,#9336,#9359,#9360));
#9335 = ORIENTED_EDGE('',*,*,#4907,.T.);
#9336 = ORIENTED_EDGE('',*,*,#9337,.T.);
#9337 = EDGE_CURVE('',#4876,#5521,#9338,.T.);
#9338 = SURFACE_CURVE('',#9339,(#9345,#9352),.PCURVE_S1.);
#9339 = ( BOUNDED_CURVE() B_SPLINE_CURVE(4,(#9340,#9341,#9342,#9343,
#9344),.UNSPECIFIED.,.F.,.F.) B_SPLINE_CURVE_WITH_KNOTS((5,5),(0.,1.),
.PIECEWISE_BEZIER_KNOTS.) CURVE() GEOMETRIC_REPRESENTATION_ITEM() 
RATIONAL_B_SPLINE_CURVE((1.,1.,1.,1.,1.)) REPRESENTATION_ITEM('') );
#9340 = CARTESIAN_POINT('',(5.677141283181,-2.954668653302,0.));
#9341 = CARTESIAN_POINT('',(5.699154231078,-2.966125293867,
    3.950966311744));
#9342 = CARTESIAN_POINT('',(5.73339114921,-2.983943900758,7.915188641292
    ));
#9343 = CARTESIAN_POINT('',(4.956363259737,-2.579539671015,
    11.841097004811));
#9344 = CARTESIAN_POINT('',(4.975410222025,-2.589452664123,15.8));
#9345 = PCURVE('',#4921,#9346);
#9346 = DEFINITIONAL_REPRESENTATION('',(#9347),#9351);
#9347 = LINE('',#9348,#9349);
#9348 = CARTESIAN_POINT('',(12.,0.));
#9349 = VECTOR('',#9350,1.);
#9350 = DIRECTION('',(0.,1.));
#9351 = ( GEOMETRIC_REPRESENTATION_CONTEXT(2) 
PARAMETRIC_REPRESENTATION_CONTEXT() REPRESENTATION_CONTEXT('2D SPACE',''
  ) );
#9352 = PCURVE('',#4889,#9353);
#9353 = DEFINITIONAL_REPRESENTATION('',(#9354),#9358);
#9354 = LINE('',#9355,#9356);
#9355 = CARTESIAN_POINT('',(12.,0.));
#9356 = VECTOR('',#9357,1.);
#9357 = DIRECTION('',(0.,1.));
#9358 = ( GEOMETRIC_REPRESENTATION_CONTEXT(2) 
PARAMETRIC_REPRESENTATION_CONTEXT() REPRESENTATION_CONTEXT('2D SPACE',''
  ) );
#9359 = ORIENTED_EDGE('',*,*,#5520,.F.);
#9360 = ORIENTED_EDGE('',*,*,#9279,.F.);
#9361 = ADVANCED_FACE('',(#9362),#537,.F.);
#9362 = FACE_BOUND('',#9363,.F.);
#9363 = EDGE_LOOP('',(#9364,#9365,#9366,#9367));
#9364 = ORIENTED_EDGE('',*,*,#523,.T.);
#9365 = ORIENTED_EDGE('',*,*,#9310,.T.);
#9366 = ORIENTED_EDGE('',*,*,#8397,.F.);
#9367 = ORIENTED_EDGE('',*,*,#9368,.F.);
#9368 = EDGE_CURVE('',#524,#8377,#9369,.T.);
#9369 = SURFACE_CURVE('',#9370,(#9376,#9383),.PCURVE_S1.);
#9370 = ( BOUNDED_CURVE() B_SPLINE_CURVE(4,(#9371,#9372,#9373,#9374,
#9375),.UNSPECIFIED.,.F.,.F.) B_SPLINE_CURVE_WITH_KNOTS((5,5),(0.,1.),
.PIECEWISE_BEZIER_KNOTS.) CURVE() GEOMETRIC_REPRESENTATION_ITEM() 
RATIONAL_B_SPLINE_CURVE((1.,1.,1.,1.,1.)) REPRESENTATION_ITEM('') );
#9371 = CARTESIAN_POINT('',(5.677099630334,2.95474868428,0.));
#9372 = CARTESIAN_POINT('',(5.699111271603,2.966205039164,3.950966311744
    ));
#9373 = CARTESIAN_POINT('',(5.733346157525,2.984023201733,7.915188641292
    ));
#9374 = CARTESIAN_POINT('',(4.956364390312,2.579629056153,
    11.841097004811));
#9375 = CARTESIAN_POINT('',(4.975410222025,2.589541802073,15.8));
#9376 = PCURVE('',#537,#9377);
#9377 = DEFINITIONAL_REPRESENTATION('',(#9378),#9382);
#9378 = LINE('',#9379,#9380);
#9379 = CARTESIAN_POINT('',(148.,0.));
#9380 = VECTOR('',#9381,1.);
#9381 = DIRECTION('',(0.,1.));
#9382 = ( GEOMETRIC_REPRESENTATION_CONTEXT(2) 
PARAMETRIC_REPRESENTATION_CONTEXT() REPRESENTATION_CONTEXT('2D SPACE',''
  ) );
#9383 = PCURVE('',#569,#9384);
#9384 = DEFINITIONAL_REPRESENTATION('',(#9385),#9389);
#9385 = LINE('',#9386,#9387);
#9386 = CARTESIAN_POINT('',(148.,0.));
#9387 = VECTOR('',#9388,1.);
#9388 = DIRECTION('',(0.,1.));
#9389 = ( GEOMETRIC_REPRESENTATION_CONTEXT(2) 
PARAMETRIC_REPRESENTATION_CONTEXT() REPRESENTATION_CONTEXT('2D SPACE',''
  ) );
#9390 = ADVANCED_FACE('',(#9391),#4889,.F.);
#9391 = FACE_BOUND('',#9392,.F.);
#9392 = EDGE_LOOP('',(#9393,#9394,#9417,#9418));
#9393 = ORIENTED_EDGE('',*,*,#4875,.T.);
#9394 = ORIENTED_EDGE('',*,*,#9395,.T.);
#9395 = EDGE_CURVE('',#4844,#5542,#9396,.T.);
#9396 = SURFACE_CURVE('',#9397,(#9403,#9410),.PCURVE_S1.);
#9397 = ( BOUNDED_CURVE() B_SPLINE_CURVE(4,(#9398,#9399,#9400,#9401,
#9402),.UNSPECIFIED.,.F.,.F.) B_SPLINE_CURVE_WITH_KNOTS((5,5),(0.,1.),
.PIECEWISE_BEZIER_KNOTS.) CURVE() GEOMETRIC_REPRESENTATION_ITEM() 
RATIONAL_B_SPLINE_CURVE((1.,1.,1.,1.,1.)) REPRESENTATION_ITEM('') );
#9398 = CARTESIAN_POINT('',(5.544871187069,-3.195998047373,0.));
#9399 = CARTESIAN_POINT('',(5.563689709429,-3.206844820668,
    3.950966311744));
#9400 = CARTESIAN_POINT('',(5.592958311363,-3.223714895999,
    7.915188641292));
#9401 = CARTESIAN_POINT('',(4.928689410144,-2.840838172699,
    11.841097004811));
#9402 = CARTESIAN_POINT('',(4.944972358134,-2.850223470973,15.8));
#9403 = PCURVE('',#4889,#9404);
#9404 = DEFINITIONAL_REPRESENTATION('',(#9405),#9409);
#9405 = LINE('',#9406,#9407);
#9406 = CARTESIAN_POINT('',(13.,0.));
#9407 = VECTOR('',#9408,1.);
#9408 = DIRECTION('',(0.,1.));
#9409 = ( GEOMETRIC_REPRESENTATION_CONTEXT(2) 
PARAMETRIC_REPRESENTATION_CONTEXT() REPRESENTATION_CONTEXT('2D SPACE',''
  ) );
#9410 = PCURVE('',#4857,#9411);
#9411 = DEFINITIONAL_REPRESENTATION('',(#9412),#9416);
#9412 = LINE('',#9413,#9414);
#9413 = CARTESIAN_POINT('',(13.,0.));
#9414 = VECTOR('',#9415,1.);
#9415 = DIRECTION('',(0.,1.));
#9416 = ( GEOMETRIC_REPRESENTATION_CONTEXT(2) 
PARAMETRIC_REPRESENTATION_CONTEXT() REPRESENTATION_CONTEXT('2D SPACE',''
  ) );
#9417 = ORIENTED_EDGE('',*,*,#5541,.F.);
#9418 = ORIENTED_EDGE('',*,*,#9337,.F.);
#9419 = ADVANCED_FACE('',(#9420),#569,.F.);
#9420 = FACE_BOUND('',#9421,.F.);
#9421 = EDGE_LOOP('',(#9422,#9423,#9424,#9425));
#9422 = ORIENTED_EDGE('',*,*,#555,.T.);
#9423 = ORIENTED_EDGE('',*,*,#9368,.T.);
#9424 = ORIENTED_EDGE('',*,*,#8376,.F.);
#9425 = ORIENTED_EDGE('',*,*,#9426,.F.);
#9426 = EDGE_CURVE('',#556,#8356,#9427,.T.);
#9427 = SURFACE_CURVE('',#9428,(#9434,#9441),.PCURVE_S1.);
#9428 = ( BOUNDED_CURVE() B_SPLINE_CURVE(4,(#9429,#9430,#9431,#9432,
#9433),.UNSPECIFIED.,.F.,.F.) B_SPLINE_CURVE_WITH_KNOTS((5,5),(0.,1.),
.PIECEWISE_BEZIER_KNOTS.) CURVE() GEOMETRIC_REPRESENTATION_ITEM() 
RATIONAL_B_SPLINE_CURVE((1.,1.,1.,1.,1.)) REPRESENTATION_ITEM('') );
#9429 = CARTESIAN_POINT('',(5.544770559946,3.196172623241,0.));
#9430 = CARTESIAN_POINT('',(5.563585925684,3.20701836631,3.950966311744)
  );
#9431 = CARTESIAN_POINT('',(5.592849618098,3.223886839322,7.915188641292
    ));
#9432 = CARTESIAN_POINT('',(4.928692141448,2.841046481648,
    11.841097004811));
#9433 = CARTESIAN_POINT('',(4.944972358134,2.850430888507,15.8));
#9434 = PCURVE('',#569,#9435);
#9435 = DEFINITIONAL_REPRESENTATION('',(#9436),#9440);
#9436 = LINE('',#9437,#9438);
#9437 = CARTESIAN_POINT('',(147.,0.));
#9438 = VECTOR('',#9439,1.);
#9439 = DIRECTION('',(0.,1.));
#9440 = ( GEOMETRIC_REPRESENTATION_CONTEXT(2) 
PARAMETRIC_REPRESENTATION_CONTEXT() REPRESENTATION_CONTEXT('2D SPACE',''
  ) );
#9441 = PCURVE('',#601,#9442);
#9442 = DEFINITIONAL_REPRESENTATION('',(#9443),#9447);
#9443 = LINE('',#9444,#9445);
#9444 = CARTESIAN_POINT('',(147.,0.));
#9445 = VECTOR('',#9446,1.);
#9446 = DIRECTION('',(0.,1.));
#9447 = ( GEOMETRIC_REPRESENTATION_CONTEXT(2) 
PARAMETRIC_REPRESENTATION_CONTEXT() REPRESENTATION_CONTEXT('2D SPACE',''
  ) );
#9448 = ADVANCED_FACE('',(#9449),#4857,.F.);
#9449 = FACE_BOUND('',#9450,.F.);
#9450 = EDGE_LOOP('',(#9451,#9452,#9475,#9476));
#9451 = ORIENTED_EDGE('',*,*,#4843,.T.);
#9452 = ORIENTED_EDGE('',*,*,#9453,.T.);
#9453 = EDGE_CURVE('',#4812,#5563,#9454,.T.);
#9454 = SURFACE_CURVE('',#9455,(#9461,#9468),.PCURVE_S1.);
#9455 = ( BOUNDED_CURVE() B_SPLINE_CURVE(4,(#9456,#9457,#9458,#9459,
#9460),.UNSPECIFIED.,.F.,.F.) B_SPLINE_CURVE_WITH_KNOTS((5,5),(0.,1.),
.PIECEWISE_BEZIER_KNOTS.) CURVE() GEOMETRIC_REPRESENTATION_ITEM() 
RATIONAL_B_SPLINE_CURVE((1.,1.,1.,1.,1.)) REPRESENTATION_ITEM('') );
#9456 = CARTESIAN_POINT('',(5.4073180453,-3.423581685454,0.));
#9457 = CARTESIAN_POINT('',(5.42247879007,-3.433180537916,3.950966311744
    ));
#9458 = CARTESIAN_POINT('',(5.446058420564,-3.448109711756,
    7.915188641292));
#9459 = CARTESIAN_POINT('',(4.91090422103,-3.109282940135,
    11.841097004811));
#9460 = CARTESIAN_POINT('',(4.924022233903,-3.117588460218,15.8));
#9461 = PCURVE('',#4857,#9462);
#9462 = DEFINITIONAL_REPRESENTATION('',(#9463),#9467);
#9463 = LINE('',#9464,#9465);
#9464 = CARTESIAN_POINT('',(14.,0.));
#9465 = VECTOR('',#9466,1.);
#9466 = DIRECTION('',(0.,1.));
#9467 = ( GEOMETRIC_REPRESENTATION_CONTEXT(2) 
PARAMETRIC_REPRESENTATION_CONTEXT() REPRESENTATION_CONTEXT('2D SPACE',''
  ) );
#9468 = PCURVE('',#4825,#9469);
#9469 = DEFINITIONAL_REPRESENTATION('',(#9470),#9474);
#9470 = LINE('',#9471,#9472);
#9471 = CARTESIAN_POINT('',(14.,0.));
#9472 = VECTOR('',#9473,1.);
#9473 = DIRECTION('',(0.,1.));
#9474 = ( GEOMETRIC_REPRESENTATION_CONTEXT(2) 
PARAMETRIC_REPRESENTATION_CONTEXT() REPRESENTATION_CONTEXT('2D SPACE',''
  ) );
#9475 = ORIENTED_EDGE('',*,*,#5562,.F.);
#9476 = ORIENTED_EDGE('',*,*,#9395,.F.);
#9477 = ADVANCED_FACE('',(#9478),#601,.F.);
#9478 = FACE_BOUND('',#9479,.F.);
#9479 = EDGE_LOOP('',(#9480,#9481,#9482,#9483));
#9480 = ORIENTED_EDGE('',*,*,#587,.T.);
#9481 = ORIENTED_EDGE('',*,*,#9426,.T.);
#9482 = ORIENTED_EDGE('',*,*,#8355,.F.);
#9483 = ORIENTED_EDGE('',*,*,#9484,.F.);
#9484 = EDGE_CURVE('',#588,#8335,#9485,.T.);
#9485 = SURFACE_CURVE('',#9486,(#9492,#9499),.PCURVE_S1.);
#9486 = ( BOUNDED_CURVE() B_SPLINE_CURVE(4,(#9487,#9488,#9489,#9490,
#9491),.UNSPECIFIED.,.F.,.F.) B_SPLINE_CURVE_WITH_KNOTS((5,5),(0.,1.),
.PIECEWISE_BEZIER_KNOTS.) CURVE() GEOMETRIC_REPRESENTATION_ITEM() 
RATIONAL_B_SPLINE_CURVE((1.,1.,1.,1.,1.)) REPRESENTATION_ITEM('') );
#9487 = CARTESIAN_POINT('',(5.407151705679,3.423844393628,0.));
#9488 = CARTESIAN_POINT('',(5.422307232459,3.433440973902,3.950966311744
    ));
#9489 = CARTESIAN_POINT('',(5.445878747371,3.44836661379,7.915188641292)
  );
#9490 = CARTESIAN_POINT('',(4.910908735957,3.109620047384,
    11.841097004811));
#9491 = CARTESIAN_POINT('',(4.924022233903,3.11792360143,15.8));
#9492 = PCURVE('',#601,#9493);
#9493 = DEFINITIONAL_REPRESENTATION('',(#9494),#9498);
#9494 = LINE('',#9495,#9496);
#9495 = CARTESIAN_POINT('',(146.,0.));
#9496 = VECTOR('',#9497,1.);
#9497 = DIRECTION('',(0.,1.));
#9498 = ( GEOMETRIC_REPRESENTATION_CONTEXT(2) 
PARAMETRIC_REPRESENTATION_CONTEXT() REPRESENTATION_CONTEXT('2D SPACE',''
  ) );
#9499 = PCURVE('',#633,#9500);
#9500 = DEFINITIONAL_REPRESENTATION('',(#9501),#9505);
#9501 = LINE('',#9502,#9503);
#9502 = CARTESIAN_POINT('',(146.,0.));
#9503 = VECTOR('',#9504,1.);
#9504 = DIRECTION('',(0.,1.));
#9505 = ( GEOMETRIC_REPRESENTATION_CONTEXT(2) 
PARAMETRIC_REPRESENTATION_CONTEXT() REPRESENTATION_CONTEXT('2D SPACE',''
  ) );
#9506 = ADVANCED_FACE('',(#9507),#4825,.F.);
#9507 = FACE_BOUND('',#9508,.F.);
#9508 = EDGE_LOOP('',(#9509,#9510,#9533,#9534));
#9509 = ORIENTED_EDGE('',*,*,#4811,.T.);
#9510 = ORIENTED_EDGE('',*,*,#9511,.T.);
#9511 = EDGE_CURVE('',#4780,#5584,#9512,.T.);
#9512 = SURFACE_CURVE('',#9513,(#9519,#9526),.PCURVE_S1.);
#9513 = ( BOUNDED_CURVE() B_SPLINE_CURVE(4,(#9514,#9515,#9516,#9517,
#9518),.UNSPECIFIED.,.F.,.F.) B_SPLINE_CURVE_WITH_KNOTS((5,5),(0.,1.),
.PIECEWISE_BEZIER_KNOTS.) CURVE() GEOMETRIC_REPRESENTATION_ITEM() 
RATIONAL_B_SPLINE_CURVE((1.,1.,1.,1.,1.)) REPRESENTATION_ITEM('') );
#9514 = CARTESIAN_POINT('',(5.266840495326,-3.635985588089,0.));
#9515 = CARTESIAN_POINT('',(5.278219137092,-3.643840881507,
    3.950966311744));
#9516 = CARTESIAN_POINT('',(5.295916431813,-3.656058283687,
    7.915188641292));
#9517 = CARTESIAN_POINT('',(4.89426545631,-3.378776835793,
    11.841097004811));
#9518 = CARTESIAN_POINT('',(4.904110960039,-3.385573720889,15.8));
#9519 = PCURVE('',#4825,#9520);
#9520 = DEFINITIONAL_REPRESENTATION('',(#9521),#9525);
#9521 = LINE('',#9522,#9523);
#9522 = CARTESIAN_POINT('',(15.,0.));
#9523 = VECTOR('',#9524,1.);
#9524 = DIRECTION('',(0.,1.));
#9525 = ( GEOMETRIC_REPRESENTATION_CONTEXT(2) 
PARAMETRIC_REPRESENTATION_CONTEXT() REPRESENTATION_CONTEXT('2D SPACE',''
  ) );
#9526 = PCURVE('',#4793,#9527);
#9527 = DEFINITIONAL_REPRESENTATION('',(#9528),#9532);
#9528 = LINE('',#9529,#9530);
#9529 = CARTESIAN_POINT('',(15.,0.));
#9530 = VECTOR('',#9531,1.);
#9531 = DIRECTION('',(0.,1.));
#9532 = ( GEOMETRIC_REPRESENTATION_CONTEXT(2) 
PARAMETRIC_REPRESENTATION_CONTEXT() REPRESENTATION_CONTEXT('2D SPACE',''
  ) );
#9533 = ORIENTED_EDGE('',*,*,#5583,.F.);
#9534 = ORIENTED_EDGE('',*,*,#9453,.F.);
#9535 = ADVANCED_FACE('',(#9536),#633,.F.);
#9536 = FACE_BOUND('',#9537,.F.);
#9537 = EDGE_LOOP('',(#9538,#9539,#9540,#9541));
#9538 = ORIENTED_EDGE('',*,*,#619,.T.);
#9539 = ORIENTED_EDGE('',*,*,#9484,.T.);
#9540 = ORIENTED_EDGE('',*,*,#8334,.F.);
#9541 = ORIENTED_EDGE('',*,*,#9542,.F.);
#9542 = EDGE_CURVE('',#620,#8314,#9543,.T.);
#9543 = SURFACE_CURVE('',#9544,(#9550,#9557),.PCURVE_S1.);
#9544 = ( BOUNDED_CURVE() B_SPLINE_CURVE(4,(#9545,#9546,#9547,#9548,
#9549),.UNSPECIFIED.,.F.,.F.) B_SPLINE_CURVE_WITH_KNOTS((5,5),(0.,1.),
.PIECEWISE_BEZIER_KNOTS.) CURVE() GEOMETRIC_REPRESENTATION_ITEM() 
RATIONAL_B_SPLINE_CURVE((1.,1.,1.,1.,1.)) REPRESENTATION_ITEM('') );
#9545 = CARTESIAN_POINT('',(5.266615174534,3.636311950778,0.));
#9546 = CARTESIAN_POINT('',(5.277986748101,3.644163405174,3.950966311744
    ));
#9547 = CARTESIAN_POINT('',(5.295673049593,3.656374836492,7.915188641292
    ));
#9548 = CARTESIAN_POINT('',(4.894271572152,3.379228900989,
    11.841097004811));
#9549 = CARTESIAN_POINT('',(4.904110960039,3.386022464326,15.8));
#9550 = PCURVE('',#633,#9551);
#9551 = DEFINITIONAL_REPRESENTATION('',(#9552),#9556);
#9552 = LINE('',#9553,#9554);
#9553 = CARTESIAN_POINT('',(145.,0.));
#9554 = VECTOR('',#9555,1.);
#9555 = DIRECTION('',(0.,1.));
#9556 = ( GEOMETRIC_REPRESENTATION_CONTEXT(2) 
PARAMETRIC_REPRESENTATION_CONTEXT() REPRESENTATION_CONTEXT('2D SPACE',''
  ) );
#9557 = PCURVE('',#665,#9558);
#9558 = DEFINITIONAL_REPRESENTATION('',(#9559),#9563);
#9559 = LINE('',#9560,#9561);
#9560 = CARTESIAN_POINT('',(145.,0.));
#9561 = VECTOR('',#9562,1.);
#9562 = DIRECTION('',(0.,1.));
#9563 = ( GEOMETRIC_REPRESENTATION_CONTEXT(2) 
PARAMETRIC_REPRESENTATION_CONTEXT() REPRESENTATION_CONTEXT('2D SPACE',''
  ) );
#9564 = ADVANCED_FACE('',(#9565),#4793,.F.);
#9565 = FACE_BOUND('',#9566,.F.);
#9566 = EDGE_LOOP('',(#9567,#9568,#9591,#9592));
#9567 = ORIENTED_EDGE('',*,*,#4779,.T.);
#9568 = ORIENTED_EDGE('',*,*,#9569,.T.);
#9569 = EDGE_CURVE('',#4748,#5605,#9570,.T.);
#9570 = SURFACE_CURVE('',#9571,(#9577,#9584),.PCURVE_S1.);
#9571 = ( BOUNDED_CURVE() B_SPLINE_CURVE(4,(#9572,#9573,#9574,#9575,
#9576),.UNSPECIFIED.,.F.,.F.) B_SPLINE_CURVE_WITH_KNOTS((5,5),(0.,1.),
.PIECEWISE_BEZIER_KNOTS.) CURVE() GEOMETRIC_REPRESENTATION_ITEM() 
RATIONAL_B_SPLINE_CURVE((1.,1.,1.,1.,1.)) REPRESENTATION_ITEM('') );
#9572 = CARTESIAN_POINT('',(5.12473089189,-3.833684035716,0.));
#9573 = CARTESIAN_POINT('',(5.13250868313,-3.839502408376,3.950966311744
    ));
#9574 = CARTESIAN_POINT('',(5.144605545538,-3.84855177102,7.915188641292
    ));
#9575 = CARTESIAN_POINT('',(4.870059821822,-3.643170926584,
    11.841097004811));
#9576 = CARTESIAN_POINT('',(4.876789647247,-3.648205342018,15.8));
#9577 = PCURVE('',#4793,#9578);
#9578 = DEFINITIONAL_REPRESENTATION('',(#9579),#9583);
#9579 = LINE('',#9580,#9581);
#9580 = CARTESIAN_POINT('',(16.,0.));
#9581 = VECTOR('',#9582,1.);
#9582 = DIRECTION('',(0.,1.));
#9583 = ( GEOMETRIC_REPRESENTATION_CONTEXT(2) 
PARAMETRIC_REPRESENTATION_CONTEXT() REPRESENTATION_CONTEXT('2D SPACE',''
  ) );
#9584 = PCURVE('',#4761,#9585);
#9585 = DEFINITIONAL_REPRESENTATION('',(#9586),#9590);
#9586 = LINE('',#9587,#9588);
#9587 = CARTESIAN_POINT('',(16.,0.));
#9588 = VECTOR('',#9589,1.);
#9589 = DIRECTION('',(0.,1.));
#9590 = ( GEOMETRIC_REPRESENTATION_CONTEXT(2) 
PARAMETRIC_REPRESENTATION_CONTEXT() REPRESENTATION_CONTEXT('2D SPACE',''
  ) );
#9591 = ORIENTED_EDGE('',*,*,#5604,.F.);
#9592 = ORIENTED_EDGE('',*,*,#9511,.F.);
#9593 = ADVANCED_FACE('',(#9594),#665,.F.);
#9594 = FACE_BOUND('',#9595,.F.);
#9595 = EDGE_LOOP('',(#9596,#9597,#9598,#9599));
#9596 = ORIENTED_EDGE('',*,*,#651,.T.);
#9597 = ORIENTED_EDGE('',*,*,#9542,.T.);
#9598 = ORIENTED_EDGE('',*,*,#8313,.F.);
#9599 = ORIENTED_EDGE('',*,*,#9600,.F.);
#9600 = EDGE_CURVE('',#652,#8293,#9601,.T.);
#9601 = SURFACE_CURVE('',#9602,(#9608,#9615),.PCURVE_S1.);
#9602 = ( BOUNDED_CURVE() B_SPLINE_CURVE(4,(#9603,#9604,#9605,#9606,
#9607),.UNSPECIFIED.,.F.,.F.) B_SPLINE_CURVE_WITH_KNOTS((5,5),(0.,1.),
.PIECEWISE_BEZIER_KNOTS.) CURVE() GEOMETRIC_REPRESENTATION_ITEM() 
RATIONAL_B_SPLINE_CURVE((1.,1.,1.,1.,1.)) REPRESENTATION_ITEM('') );
#9603 = CARTESIAN_POINT('',(5.124466444715,3.834037513769,0.));
#9604 = CARTESIAN_POINT('',(5.132235940381,3.839850516579,3.950966311744
    ));
#9605 = CARTESIAN_POINT('',(5.144319900615,3.848891527454,7.915188641292
    ));
#9606 = CARTESIAN_POINT('',(4.870066999665,3.643700231571,
    11.841097004811));
#9607 = CARTESIAN_POINT('',(4.876789647247,3.648730000679,15.8));
#9608 = PCURVE('',#665,#9609);
#9609 = DEFINITIONAL_REPRESENTATION('',(#9610),#9614);
#9610 = LINE('',#9611,#9612);
#9611 = CARTESIAN_POINT('',(144.,0.));
#9612 = VECTOR('',#9613,1.);
#9613 = DIRECTION('',(0.,1.));
#9614 = ( GEOMETRIC_REPRESENTATION_CONTEXT(2) 
PARAMETRIC_REPRESENTATION_CONTEXT() REPRESENTATION_CONTEXT('2D SPACE',''
  ) );
#9615 = PCURVE('',#697,#9616);
#9616 = DEFINITIONAL_REPRESENTATION('',(#9617),#9621);
#9617 = LINE('',#9618,#9619);
#9618 = CARTESIAN_POINT('',(144.,0.));
#9619 = VECTOR('',#9620,1.);
#9620 = DIRECTION('',(0.,1.));
#9621 = ( GEOMETRIC_REPRESENTATION_CONTEXT(2) 
PARAMETRIC_REPRESENTATION_CONTEXT() REPRESENTATION_CONTEXT('2D SPACE',''
  ) );
#9622 = ADVANCED_FACE('',(#9623),#4761,.F.);
#9623 = FACE_BOUND('',#9624,.F.);
#9624 = EDGE_LOOP('',(#9625,#9626,#9649,#9650));
#9625 = ORIENTED_EDGE('',*,*,#4747,.T.);
#9626 = ORIENTED_EDGE('',*,*,#9627,.T.);
#9627 = EDGE_CURVE('',#4716,#5626,#9628,.T.);
#9628 = SURFACE_CURVE('',#9629,(#9635,#9642),.PCURVE_S1.);
#9629 = ( BOUNDED_CURVE() B_SPLINE_CURVE(4,(#9630,#9631,#9632,#9633,
#9634),.UNSPECIFIED.,.F.,.F.) B_SPLINE_CURVE_WITH_KNOTS((5,5),(0.,1.),
.PIECEWISE_BEZIER_KNOTS.) CURVE() GEOMETRIC_REPRESENTATION_ITEM() 
RATIONAL_B_SPLINE_CURVE((1.,1.,1.,1.,1.)) REPRESENTATION_ITEM('') );
#9630 = CARTESIAN_POINT('',(4.98111959504,-4.018513105603,0.));
#9631 = CARTESIAN_POINT('',(4.985746914936,-4.022246191165,
    3.950966311744));
#9632 = CARTESIAN_POINT('',(4.992943823463,-4.028052289711,
    7.915188641292));
#9633 = CARTESIAN_POINT('',(4.829605563225,-3.896279316408,
    11.841097004811));
#9634 = CARTESIAN_POINT('',(4.833609406233,-3.899509412634,15.8));
#9635 = PCURVE('',#4761,#9636);
#9636 = DEFINITIONAL_REPRESENTATION('',(#9637),#9641);
#9637 = LINE('',#9638,#9639);
#9638 = CARTESIAN_POINT('',(17.,0.));
#9639 = VECTOR('',#9640,1.);
#9640 = DIRECTION('',(0.,1.));
#9641 = ( GEOMETRIC_REPRESENTATION_CONTEXT(2) 
PARAMETRIC_REPRESENTATION_CONTEXT() REPRESENTATION_CONTEXT('2D SPACE',''
  ) );
#9642 = PCURVE('',#4729,#9643);
#9643 = DEFINITIONAL_REPRESENTATION('',(#9644),#9648);
#9644 = LINE('',#9645,#9646);
#9645 = CARTESIAN_POINT('',(17.,0.));
#9646 = VECTOR('',#9647,1.);
#9647 = DIRECTION('',(0.,1.));
#9648 = ( GEOMETRIC_REPRESENTATION_CONTEXT(2) 
PARAMETRIC_REPRESENTATION_CONTEXT() REPRESENTATION_CONTEXT('2D SPACE',''
  ) );
#9649 = ORIENTED_EDGE('',*,*,#5625,.F.);
#9650 = ORIENTED_EDGE('',*,*,#9569,.F.);
#9651 = ADVANCED_FACE('',(#9652),#697,.F.);
#9652 = FACE_BOUND('',#9653,.F.);
#9653 = EDGE_LOOP('',(#9654,#9655,#9656,#9657));
#9654 = ORIENTED_EDGE('',*,*,#683,.T.);
#9655 = ORIENTED_EDGE('',*,*,#9600,.T.);
#9656 = ORIENTED_EDGE('',*,*,#8292,.F.);
#9657 = ORIENTED_EDGE('',*,*,#9658,.F.);
#9658 = EDGE_CURVE('',#684,#8272,#9659,.T.);
#9659 = SURFACE_CURVE('',#9660,(#9666,#9673),.PCURVE_S1.);
#9660 = ( BOUNDED_CURVE() B_SPLINE_CURVE(4,(#9661,#9662,#9663,#9664,
#9665),.UNSPECIFIED.,.F.,.F.) B_SPLINE_CURVE_WITH_KNOTS((5,5),(0.,1.),
.PIECEWISE_BEZIER_KNOTS.) CURVE() GEOMETRIC_REPRESENTATION_ITEM() 
RATIONAL_B_SPLINE_CURVE((1.,1.,1.,1.,1.)) REPRESENTATION_ITEM('') );
#9661 = CARTESIAN_POINT('',(4.980847994932,4.018849742325,0.));
#9662 = CARTESIAN_POINT('',(4.98546679487,4.022576469773,3.950966311744)
  );
#9663 = CARTESIAN_POINT('',(4.992650452236,4.028372679492,7.915188641292
    ));
#9664 = CARTESIAN_POINT('',(4.829612935218,3.896824139179,
    11.841097004811));
#9665 = CARTESIAN_POINT('',(4.833609406233,3.900048733972,15.8));
#9666 = PCURVE('',#697,#9667);
#9667 = DEFINITIONAL_REPRESENTATION('',(#9668),#9672);
#9668 = LINE('',#9669,#9670);
#9669 = CARTESIAN_POINT('',(143.,0.));
#9670 = VECTOR('',#9671,1.);
#9671 = DIRECTION('',(0.,1.));
#9672 = ( GEOMETRIC_REPRESENTATION_CONTEXT(2) 
PARAMETRIC_REPRESENTATION_CONTEXT() REPRESENTATION_CONTEXT('2D SPACE',''
  ) );
#9673 = PCURVE('',#729,#9674);
#9674 = DEFINITIONAL_REPRESENTATION('',(#9675),#9679);
#9675 = LINE('',#9676,#9677);
#9676 = CARTESIAN_POINT('',(143.,0.));
#9677 = VECTOR('',#9678,1.);
#9678 = DIRECTION('',(0.,1.));
#9679 = ( GEOMETRIC_REPRESENTATION_CONTEXT(2) 
PARAMETRIC_REPRESENTATION_CONTEXT() REPRESENTATION_CONTEXT('2D SPACE',''
  ) );
#9680 = ADVANCED_FACE('',(#9681),#4729,.F.);
#9681 = FACE_BOUND('',#9682,.F.);
#9682 = EDGE_LOOP('',(#9683,#9684,#9707,#9708));
#9683 = ORIENTED_EDGE('',*,*,#4715,.T.);
#9684 = ORIENTED_EDGE('',*,*,#9685,.T.);
#9685 = EDGE_CURVE('',#4684,#5647,#9686,.T.);
#9686 = SURFACE_CURVE('',#9687,(#9693,#9700),.PCURVE_S1.);
#9687 = ( BOUNDED_CURVE() B_SPLINE_CURVE(4,(#9688,#9689,#9690,#9691,
#9692),.UNSPECIFIED.,.F.,.F.) B_SPLINE_CURVE_WITH_KNOTS((5,5),(0.,1.),
.PIECEWISE_BEZIER_KNOTS.) CURVE() GEOMETRIC_REPRESENTATION_ITEM() 
RATIONAL_B_SPLINE_CURVE((1.,1.,1.,1.,1.)) REPRESENTATION_ITEM('') );
#9688 = CARTESIAN_POINT('',(4.834967126504,-4.19321987089,0.));
#9689 = CARTESIAN_POINT('',(4.837126783708,-4.195092875869,
    3.950966311744));
#9690 = CARTESIAN_POINT('',(4.840485716244,-4.198005975852,
    7.915188641292));
#9691 = CARTESIAN_POINT('',(4.764252678887,-4.131891382164,
    11.841097004811));
#9692 = CARTESIAN_POINT('',(4.766121347704,-4.13351202177,15.8));
#9693 = PCURVE('',#4729,#9694);
#9694 = DEFINITIONAL_REPRESENTATION('',(#9695),#9699);
#9695 = LINE('',#9696,#9697);
#9696 = CARTESIAN_POINT('',(18.,0.));
#9697 = VECTOR('',#9698,1.);
#9698 = DIRECTION('',(0.,1.));
#9699 = ( GEOMETRIC_REPRESENTATION_CONTEXT(2) 
PARAMETRIC_REPRESENTATION_CONTEXT() REPRESENTATION_CONTEXT('2D SPACE',''
  ) );
#9700 = PCURVE('',#4697,#9701);
#9701 = DEFINITIONAL_REPRESENTATION('',(#9702),#9706);
#9702 = LINE('',#9703,#9704);
#9703 = CARTESIAN_POINT('',(18.,0.));
#9704 = VECTOR('',#9705,1.);
#9705 = DIRECTION('',(0.,1.));
#9706 = ( GEOMETRIC_REPRESENTATION_CONTEXT(2) 
PARAMETRIC_REPRESENTATION_CONTEXT() REPRESENTATION_CONTEXT('2D SPACE',''
  ) );
#9707 = ORIENTED_EDGE('',*,*,#5646,.F.);
#9708 = ORIENTED_EDGE('',*,*,#9627,.F.);
#9709 = ADVANCED_FACE('',(#9710),#729,.F.);
#9710 = FACE_BOUND('',#9711,.F.);
#9711 = EDGE_LOOP('',(#9712,#9713,#9714,#9715));
#9712 = ORIENTED_EDGE('',*,*,#715,.T.);
#9713 = ORIENTED_EDGE('',*,*,#9658,.T.);
#9714 = ORIENTED_EDGE('',*,*,#8271,.F.);
#9715 = ORIENTED_EDGE('',*,*,#9716,.F.);
#9716 = EDGE_CURVE('',#716,#8251,#9717,.T.);
#9717 = SURFACE_CURVE('',#9718,(#9724,#9731),.PCURVE_S1.);
#9718 = ( BOUNDED_CURVE() B_SPLINE_CURVE(4,(#9719,#9720,#9721,#9722,
#9723),.UNSPECIFIED.,.F.,.F.) B_SPLINE_CURVE_WITH_KNOTS((5,5),(0.,1.),
.PIECEWISE_BEZIER_KNOTS.) CURVE() GEOMETRIC_REPRESENTATION_ITEM() 
RATIONAL_B_SPLINE_CURVE((1.,1.,1.,1.,1.)) REPRESENTATION_ITEM('') );
#9719 = CARTESIAN_POINT('',(4.83473155161,4.1934914837,0.));
#9720 = CARTESIAN_POINT('',(4.836883818949,4.195358291539,3.950966311744
    ));
#9721 = CARTESIAN_POINT('',(4.840231257967,4.198261753057,7.915188641292
    ));
#9722 = CARTESIAN_POINT('',(4.764259073054,4.132365910231,
    11.841097004811));
#9723 = CARTESIAN_POINT('',(4.766121347704,4.133981187688,15.8));
#9724 = PCURVE('',#729,#9725);
#9725 = DEFINITIONAL_REPRESENTATION('',(#9726),#9730);
#9726 = LINE('',#9727,#9728);
#9727 = CARTESIAN_POINT('',(142.,0.));
#9728 = VECTOR('',#9729,1.);
#9729 = DIRECTION('',(0.,1.));
#9730 = ( GEOMETRIC_REPRESENTATION_CONTEXT(2) 
PARAMETRIC_REPRESENTATION_CONTEXT() REPRESENTATION_CONTEXT('2D SPACE',''
  ) );
#9731 = PCURVE('',#761,#9732);
#9732 = DEFINITIONAL_REPRESENTATION('',(#9733),#9737);
#9733 = LINE('',#9734,#9735);
#9734 = CARTESIAN_POINT('',(142.,0.));
#9735 = VECTOR('',#9736,1.);
#9736 = DIRECTION('',(0.,1.));
#9737 = ( GEOMETRIC_REPRESENTATION_CONTEXT(2) 
PARAMETRIC_REPRESENTATION_CONTEXT() REPRESENTATION_CONTEXT('2D SPACE',''
  ) );
#9738 = ADVANCED_FACE('',(#9739),#4697,.F.);
#9739 = FACE_BOUND('',#9740,.F.);
#9740 = EDGE_LOOP('',(#9741,#9742,#9765,#9766));
#9741 = ORIENTED_EDGE('',*,*,#4683,.T.);
#9742 = ORIENTED_EDGE('',*,*,#9743,.T.);
#9743 = EDGE_CURVE('',#4652,#5668,#9744,.T.);
#9744 = SURFACE_CURVE('',#9745,(#9751,#9758),.PCURVE_S1.);
#9745 = ( BOUNDED_CURVE() B_SPLINE_CURVE(4,(#9746,#9747,#9748,#9749,
#9750),.UNSPECIFIED.,.F.,.F.) B_SPLINE_CURVE_WITH_KNOTS((5,5),(0.,1.),
.PIECEWISE_BEZIER_KNOTS.) CURVE() GEOMETRIC_REPRESENTATION_ITEM() 
RATIONAL_B_SPLINE_CURVE((1.,1.,1.,1.,1.)) REPRESENTATION_ITEM('') );
#9746 = CARTESIAN_POINT('',(4.68404770327,-4.361157772139,0.));
#9747 = CARTESIAN_POINT('',(4.684617722127,-4.361688497343,
    3.950966311744));
#9748 = CARTESIAN_POINT('',(4.685504277124,-4.362513938598,
    7.915188641292));
#9749 = CARTESIAN_POINT('',(4.665383366839,-4.343780042227,
    11.841097004811));
#9750 = CARTESIAN_POINT('',(4.665876582366,-4.344239258456,15.8));
#9751 = PCURVE('',#4697,#9752);
#9752 = DEFINITIONAL_REPRESENTATION('',(#9753),#9757);
#9753 = LINE('',#9754,#9755);
#9754 = CARTESIAN_POINT('',(19.,0.));
#9755 = VECTOR('',#9756,1.);
#9756 = DIRECTION('',(0.,1.));
#9757 = ( GEOMETRIC_REPRESENTATION_CONTEXT(2) 
PARAMETRIC_REPRESENTATION_CONTEXT() REPRESENTATION_CONTEXT('2D SPACE',''
  ) );
#9758 = PCURVE('',#4665,#9759);
#9759 = DEFINITIONAL_REPRESENTATION('',(#9760),#9764);
#9760 = LINE('',#9761,#9762);
#9761 = CARTESIAN_POINT('',(19.,0.));
#9762 = VECTOR('',#9763,1.);
#9763 = DIRECTION('',(0.,1.));
#9764 = ( GEOMETRIC_REPRESENTATION_CONTEXT(2) 
PARAMETRIC_REPRESENTATION_CONTEXT() REPRESENTATION_CONTEXT('2D SPACE',''
  ) );
#9765 = ORIENTED_EDGE('',*,*,#5667,.F.);
#9766 = ORIENTED_EDGE('',*,*,#9685,.F.);
#9767 = ADVANCED_FACE('',(#9768),#761,.F.);
#9768 = FACE_BOUND('',#9769,.F.);
#9769 = EDGE_LOOP('',(#9770,#9771,#9772,#9773));
#9770 = ORIENTED_EDGE('',*,*,#747,.T.);
#9771 = ORIENTED_EDGE('',*,*,#9716,.T.);
#9772 = ORIENTED_EDGE('',*,*,#8250,.F.);
#9773 = ORIENTED_EDGE('',*,*,#9774,.F.);
#9774 = EDGE_CURVE('',#748,#8230,#9775,.T.);
#9775 = SURFACE_CURVE('',#9776,(#9782,#9789),.PCURVE_S1.);
#9776 = ( BOUNDED_CURVE() B_SPLINE_CURVE(4,(#9777,#9778,#9779,#9780,
#9781),.UNSPECIFIED.,.F.,.F.) B_SPLINE_CURVE_WITH_KNOTS((5,5),(0.,1.),
.PIECEWISE_BEZIER_KNOTS.) CURVE() GEOMETRIC_REPRESENTATION_ITEM() 
RATIONAL_B_SPLINE_CURVE((1.,1.,1.,1.,1.)) REPRESENTATION_ITEM('') );
#9777 = CARTESIAN_POINT('',(4.683902197152,4.361314045964,0.));
#9778 = CARTESIAN_POINT('',(4.684467651556,4.36184055658,3.950966311744)
  );
#9779 = CARTESIAN_POINT('',(4.685347107421,4.362659442855,7.915188641292
    ));
#9780 = CARTESIAN_POINT('',(4.665387316286,4.344074315803,
    11.841097004811));
#9781 = CARTESIAN_POINT('',(4.665876582366,4.344529885312,15.8));
#9782 = PCURVE('',#761,#9783);
#9783 = DEFINITIONAL_REPRESENTATION('',(#9784),#9788);
#9784 = LINE('',#9785,#9786);
#9785 = CARTESIAN_POINT('',(141.,0.));
#9786 = VECTOR('',#9787,1.);
#9787 = DIRECTION('',(0.,1.));
#9788 = ( GEOMETRIC_REPRESENTATION_CONTEXT(2) 
PARAMETRIC_REPRESENTATION_CONTEXT() REPRESENTATION_CONTEXT('2D SPACE',''
  ) );
#9789 = PCURVE('',#793,#9790);
#9790 = DEFINITIONAL_REPRESENTATION('',(#9791),#9795);
#9791 = LINE('',#9792,#9793);
#9792 = CARTESIAN_POINT('',(141.,0.));
#9793 = VECTOR('',#9794,1.);
#9794 = DIRECTION('',(0.,1.));
#9795 = ( GEOMETRIC_REPRESENTATION_CONTEXT(2) 
PARAMETRIC_REPRESENTATION_CONTEXT() REPRESENTATION_CONTEXT('2D SPACE',''
  ) );
#9796 = ADVANCED_FACE('',(#9797),#4665,.F.);
#9797 = FACE_BOUND('',#9798,.F.);
#9798 = EDGE_LOOP('',(#9799,#9800,#9823,#9824));
#9799 = ORIENTED_EDGE('',*,*,#4651,.T.);
#9800 = ORIENTED_EDGE('',*,*,#9801,.T.);
#9801 = EDGE_CURVE('',#4620,#5689,#9802,.T.);
#9802 = SURFACE_CURVE('',#9803,(#9809,#9816),.PCURVE_S1.);
#9803 = ( BOUNDED_CURVE() B_SPLINE_CURVE(4,(#9804,#9805,#9806,#9807,
#9808),.UNSPECIFIED.,.F.,.F.) B_SPLINE_CURVE_WITH_KNOTS((5,5),(0.,1.),
.PIECEWISE_BEZIER_KNOTS.) CURVE() GEOMETRIC_REPRESENTATION_ITEM() 
RATIONAL_B_SPLINE_CURVE((1.,1.,1.,1.,1.)) REPRESENTATION_ITEM('') );
#9804 = CARTESIAN_POINT('',(4.52483779943,-4.52612890767,0.));
#9805 = CARTESIAN_POINT('',(4.52485071044,-4.526141822363,3.950966311744
    ));
#9806 = CARTESIAN_POINT('',(4.524870791038,-4.526161908691,
    7.915188641292));
#9807 = CARTESIAN_POINT('',(4.52441504952,-4.525706037133,
    11.841097004811));
#9808 = CARTESIAN_POINT('',(4.524426220923,-4.525717211724,15.8));
#9809 = PCURVE('',#4665,#9810);
#9810 = DEFINITIONAL_REPRESENTATION('',(#9811),#9815);
#9811 = LINE('',#9812,#9813);
#9812 = CARTESIAN_POINT('',(20.,0.));
#9813 = VECTOR('',#9814,1.);
#9814 = DIRECTION('',(0.,1.));
#9815 = ( GEOMETRIC_REPRESENTATION_CONTEXT(2) 
PARAMETRIC_REPRESENTATION_CONTEXT() REPRESENTATION_CONTEXT('2D SPACE',''
  ) );
#9816 = PCURVE('',#4633,#9817);
#9817 = DEFINITIONAL_REPRESENTATION('',(#9818),#9822);
#9818 = LINE('',#9819,#9820);
#9819 = CARTESIAN_POINT('',(20.,0.));
#9820 = VECTOR('',#9821,1.);
#9821 = DIRECTION('',(0.,1.));
#9822 = ( GEOMETRIC_REPRESENTATION_CONTEXT(2) 
PARAMETRIC_REPRESENTATION_CONTEXT() REPRESENTATION_CONTEXT('2D SPACE',''
  ) );
#9823 = ORIENTED_EDGE('',*,*,#5688,.F.);
#9824 = ORIENTED_EDGE('',*,*,#9743,.F.);
#9825 = ADVANCED_FACE('',(#9826),#793,.F.);
#9826 = FACE_BOUND('',#9827,.F.);
#9827 = EDGE_LOOP('',(#9828,#9829,#9830,#9831));
#9828 = ORIENTED_EDGE('',*,*,#779,.T.);
#9829 = ORIENTED_EDGE('',*,*,#9774,.T.);
#9830 = ORIENTED_EDGE('',*,*,#8229,.F.);
#9831 = ORIENTED_EDGE('',*,*,#9832,.F.);
#9832 = EDGE_CURVE('',#780,#8209,#9833,.T.);
#9833 = SURFACE_CURVE('',#9834,(#9840,#9847),.PCURVE_S1.);
#9834 = ( BOUNDED_CURVE() B_SPLINE_CURVE(4,(#9835,#9836,#9837,#9838,
#9839),.UNSPECIFIED.,.F.,.F.) B_SPLINE_CURVE_WITH_KNOTS((5,5),(0.,1.),
.PIECEWISE_BEZIER_KNOTS.) CURVE() GEOMETRIC_REPRESENTATION_ITEM() 
RATIONAL_B_SPLINE_CURVE((1.,1.,1.,1.,1.)) REPRESENTATION_ITEM('') );
#9835 = CARTESIAN_POINT('',(4.524847731043,4.526118978869,0.));
#9836 = CARTESIAN_POINT('',(4.524860953602,4.526132205143,3.950966311744
    ));
#9837 = CARTESIAN_POINT('',(4.524881518756,4.526152776075,7.915188641292
    ));
#9838 = CARTESIAN_POINT('',(4.524414779948,4.525685906138,
    11.841097004811));
#9839 = CARTESIAN_POINT('',(4.524426220923,4.525697350327,15.8));
#9840 = PCURVE('',#793,#9841);
#9841 = DEFINITIONAL_REPRESENTATION('',(#9842),#9846);
#9842 = LINE('',#9843,#9844);
#9843 = CARTESIAN_POINT('',(140.,0.));
#9844 = VECTOR('',#9845,1.);
#9845 = DIRECTION('',(0.,1.));
#9846 = ( GEOMETRIC_REPRESENTATION_CONTEXT(2) 
PARAMETRIC_REPRESENTATION_CONTEXT() REPRESENTATION_CONTEXT('2D SPACE',''
  ) );
#9847 = PCURVE('',#825,#9848);
#9848 = DEFINITIONAL_REPRESENTATION('',(#9849),#9853);
#9849 = LINE('',#9850,#9851);
#9850 = CARTESIAN_POINT('',(140.,0.));
#9851 = VECTOR('',#9852,1.);
#9852 = DIRECTION('',(0.,1.));
#9853 = ( GEOMETRIC_REPRESENTATION_CONTEXT(2) 
PARAMETRIC_REPRESENTATION_CONTEXT() REPRESENTATION_CONTEXT('2D SPACE',''
  ) );
#9854 = ADVANCED_FACE('',(#9855),#4633,.F.);
#9855 = FACE_BOUND('',#9856,.F.);
#9856 = EDGE_LOOP('',(#9857,#9858,#9881,#9882));
#9857 = ORIENTED_EDGE('',*,*,#4619,.T.);
#9858 = ORIENTED_EDGE('',*,*,#9859,.T.);
#9859 = EDGE_CURVE('',#4588,#5710,#9860,.T.);
#9860 = SURFACE_CURVE('',#9861,(#9867,#9874),.PCURVE_S1.);
#9861 = ( BOUNDED_CURVE() B_SPLINE_CURVE(4,(#9862,#9863,#9864,#9865,
#9866),.UNSPECIFIED.,.F.,.F.) B_SPLINE_CURVE_WITH_KNOTS((5,5),(0.,1.),
.PIECEWISE_BEZIER_KNOTS.) CURVE() GEOMETRIC_REPRESENTATION_ITEM() 
RATIONAL_B_SPLINE_CURVE((1.,1.,1.,1.,1.)) REPRESENTATION_ITEM('') );
#9862 = CARTESIAN_POINT('',(4.360180405587,-4.684957505756,0.));
#9863 = CARTESIAN_POINT('',(4.36070999414,-4.685526541813,3.950966311744
    ));
#9864 = CARTESIAN_POINT('',(4.361533667553,-4.686411568253,
    7.915188641292));
#9865 = CARTESIAN_POINT('',(4.342839893433,-4.666325349512,
    11.841097004811));
#9866 = CARTESIAN_POINT('',(4.343298126163,-4.666817714659,15.8));
#9867 = PCURVE('',#4633,#9868);
#9868 = DEFINITIONAL_REPRESENTATION('',(#9869),#9873);
#9869 = LINE('',#9870,#9871);
#9870 = CARTESIAN_POINT('',(21.,0.));
#9871 = VECTOR('',#9872,1.);
#9872 = DIRECTION('',(0.,1.));
#9873 = ( GEOMETRIC_REPRESENTATION_CONTEXT(2) 
PARAMETRIC_REPRESENTATION_CONTEXT() REPRESENTATION_CONTEXT('2D SPACE',''
  ) );
#9874 = PCURVE('',#4601,#9875);
#9875 = DEFINITIONAL_REPRESENTATION('',(#9876),#9880);
#9876 = LINE('',#9877,#9878);
#9877 = CARTESIAN_POINT('',(21.,0.));
#9878 = VECTOR('',#9879,1.);
#9879 = DIRECTION('',(0.,1.));
#9880 = ( GEOMETRIC_REPRESENTATION_CONTEXT(2) 
PARAMETRIC_REPRESENTATION_CONTEXT() REPRESENTATION_CONTEXT('2D SPACE',''
  ) );
#9881 = ORIENTED_EDGE('',*,*,#5709,.F.);
#9882 = ORIENTED_EDGE('',*,*,#9801,.F.);
#9883 = ADVANCED_FACE('',(#9884),#825,.F.);
#9884 = FACE_BOUND('',#9885,.F.);
#9885 = EDGE_LOOP('',(#9886,#9887,#9888,#9889));
#9886 = ORIENTED_EDGE('',*,*,#811,.T.);
#9887 = ORIENTED_EDGE('',*,*,#9832,.T.);
#9888 = ORIENTED_EDGE('',*,*,#8208,.F.);
#9889 = ORIENTED_EDGE('',*,*,#9890,.F.);
#9890 = EDGE_CURVE('',#812,#8188,#9891,.T.);
#9891 = SURFACE_CURVE('',#9892,(#9898,#9905),.PCURVE_S1.);
#9892 = ( BOUNDED_CURVE() B_SPLINE_CURVE(4,(#9893,#9894,#9895,#9896,
#9897),.UNSPECIFIED.,.F.,.F.) B_SPLINE_CURVE_WITH_KNOTS((5,5),(0.,1.),
.PIECEWISE_BEZIER_KNOTS.) CURVE() GEOMETRIC_REPRESENTATION_ITEM() 
RATIONAL_B_SPLINE_CURVE((1.,1.,1.,1.,1.)) REPRESENTATION_ITEM('') );
#9893 = CARTESIAN_POINT('',(4.360175181458,4.684962367725,0.));
#9894 = CARTESIAN_POINT('',(4.360704606132,4.685531228969,3.950966311744
    ));
#9895 = CARTESIAN_POINT('',(4.361528024665,4.686415983521,7.915188641292
    ));
#9896 = CARTESIAN_POINT('',(4.342840035231,4.666335935453,
    11.841097004811));
#9897 = CARTESIAN_POINT('',(4.343298126163,4.666828149341,15.8));
#9898 = PCURVE('',#825,#9899);
#9899 = DEFINITIONAL_REPRESENTATION('',(#9900),#9904);
#9900 = LINE('',#9901,#9902);
#9901 = CARTESIAN_POINT('',(139.,0.));
#9902 = VECTOR('',#9903,1.);
#9903 = DIRECTION('',(0.,1.));
#9904 = ( GEOMETRIC_REPRESENTATION_CONTEXT(2) 
PARAMETRIC_REPRESENTATION_CONTEXT() REPRESENTATION_CONTEXT('2D SPACE',''
  ) );
#9905 = PCURVE('',#857,#9906);
#9906 = DEFINITIONAL_REPRESENTATION('',(#9907),#9911);
#9907 = LINE('',#9908,#9909);
#9908 = CARTESIAN_POINT('',(139.,0.));
#9909 = VECTOR('',#9910,1.);
#9910 = DIRECTION('',(0.,1.));
#9911 = ( GEOMETRIC_REPRESENTATION_CONTEXT(2) 
PARAMETRIC_REPRESENTATION_CONTEXT() REPRESENTATION_CONTEXT('2D SPACE',''
  ) );
#9912 = ADVANCED_FACE('',(#9913),#4601,.F.);
#9913 = FACE_BOUND('',#9914,.F.);
#9914 = EDGE_LOOP('',(#9915,#9916,#9939,#9940));
#9915 = ORIENTED_EDGE('',*,*,#4587,.T.);
#9916 = ORIENTED_EDGE('',*,*,#9917,.T.);
#9917 = EDGE_CURVE('',#4556,#5731,#9918,.T.);
#9918 = SURFACE_CURVE('',#9919,(#9925,#9932),.PCURVE_S1.);
#9919 = ( BOUNDED_CURVE() B_SPLINE_CURVE(4,(#9920,#9921,#9922,#9923,
#9924),.UNSPECIFIED.,.F.,.F.) B_SPLINE_CURVE_WITH_KNOTS((5,5),(0.,1.),
.PIECEWISE_BEZIER_KNOTS.) CURVE() GEOMETRIC_REPRESENTATION_ITEM() 
RATIONAL_B_SPLINE_CURVE((1.,1.,1.,1.,1.)) REPRESENTATION_ITEM('') );
#9920 = CARTESIAN_POINT('',(4.192505244702,-4.835586807529,0.));
#9921 = CARTESIAN_POINT('',(4.194376567056,-4.837745168977,
    3.950966311744));
#9922 = CARTESIAN_POINT('',(4.197287050038,-4.841102086211,
    7.915188641292));
#9923 = CARTESIAN_POINT('',(4.131231850785,-4.764914787345,
    11.841097004811));
#9924 = CARTESIAN_POINT('',(4.13285103448,-4.766782334994,15.8));
#9925 = PCURVE('',#4601,#9926);
#9926 = DEFINITIONAL_REPRESENTATION('',(#9927),#9931);
#9927 = LINE('',#9928,#9929);
#9928 = CARTESIAN_POINT('',(22.,0.));
#9929 = VECTOR('',#9930,1.);
#9930 = DIRECTION('',(0.,1.));
#9931 = ( GEOMETRIC_REPRESENTATION_CONTEXT(2) 
PARAMETRIC_REPRESENTATION_CONTEXT() REPRESENTATION_CONTEXT('2D SPACE',''
  ) );
#9932 = PCURVE('',#4569,#9933);
#9933 = DEFINITIONAL_REPRESENTATION('',(#9934),#9938);
#9934 = LINE('',#9935,#9936);
#9935 = CARTESIAN_POINT('',(22.,0.));
#9936 = VECTOR('',#9937,1.);
#9937 = DIRECTION('',(0.,1.));
#9938 = ( GEOMETRIC_REPRESENTATION_CONTEXT(2) 
PARAMETRIC_REPRESENTATION_CONTEXT() REPRESENTATION_CONTEXT('2D SPACE',''
  ) );
#9939 = ORIENTED_EDGE('',*,*,#5730,.F.);
#9940 = ORIENTED_EDGE('',*,*,#9859,.F.);
#9941 = ADVANCED_FACE('',(#9942),#857,.F.);
#9942 = FACE_BOUND('',#9943,.F.);
#9943 = EDGE_LOOP('',(#9944,#9945,#9946,#9947));
#9944 = ORIENTED_EDGE('',*,*,#843,.T.);
#9945 = ORIENTED_EDGE('',*,*,#9890,.T.);
#9946 = ORIENTED_EDGE('',*,*,#8187,.F.);
#9947 = ORIENTED_EDGE('',*,*,#9948,.F.);
#9948 = EDGE_CURVE('',#844,#8167,#9949,.T.);
#9949 = SURFACE_CURVE('',#9950,(#9956,#9963),.PCURVE_S1.);
#9950 = ( BOUNDED_CURVE() B_SPLINE_CURVE(4,(#9951,#9952,#9953,#9954,
#9955),.UNSPECIFIED.,.F.,.F.) B_SPLINE_CURVE_WITH_KNOTS((5,5),(0.,1.),
.PIECEWISE_BEZIER_KNOTS.) CURVE() GEOMETRIC_REPRESENTATION_ITEM() 
RATIONAL_B_SPLINE_CURVE((1.,1.,1.,1.,1.)) REPRESENTATION_ITEM('') );
#9951 = CARTESIAN_POINT('',(4.19245694907,4.835628679933,0.));
#9952 = CARTESIAN_POINT('',(4.194326756415,4.837785337505,3.950966311744
    ));
#9953 = CARTESIAN_POINT('',(4.19723488309,4.841139604687,7.915188641292)
  );
#9954 = CARTESIAN_POINT('',(4.131233161665,4.765012450389,
    11.841097004811));
#9955 = CARTESIAN_POINT('',(4.13285103448,4.76687852374,15.8));
#9956 = PCURVE('',#857,#9957);
#9957 = DEFINITIONAL_REPRESENTATION('',(#9958),#9962);
#9958 = LINE('',#9959,#9960);
#9959 = CARTESIAN_POINT('',(138.,0.));
#9960 = VECTOR('',#9961,1.);
#9961 = DIRECTION('',(0.,1.));
#9962 = ( GEOMETRIC_REPRESENTATION_CONTEXT(2) 
PARAMETRIC_REPRESENTATION_CONTEXT() REPRESENTATION_CONTEXT('2D SPACE',''
  ) );
#9963 = PCURVE('',#889,#9964);
#9964 = DEFINITIONAL_REPRESENTATION('',(#9965),#9969);
#9965 = LINE('',#9966,#9967);
#9966 = CARTESIAN_POINT('',(138.,0.));
#9967 = VECTOR('',#9968,1.);
#9968 = DIRECTION('',(0.,1.));
#9969 = ( GEOMETRIC_REPRESENTATION_CONTEXT(2) 
PARAMETRIC_REPRESENTATION_CONTEXT() REPRESENTATION_CONTEXT('2D SPACE',''
  ) );
#9970 = ADVANCED_FACE('',(#9971),#4569,.F.);
#9971 = FACE_BOUND('',#9972,.F.);
#9972 = EDGE_LOOP('',(#9973,#9974,#9997,#9998));
#9973 = ORIENTED_EDGE('',*,*,#4555,.T.);
#9974 = ORIENTED_EDGE('',*,*,#9975,.T.);
#9975 = EDGE_CURVE('',#4524,#5752,#9976,.T.);
#9976 = SURFACE_CURVE('',#9977,(#9983,#9990),.PCURVE_S1.);
#9977 = ( BOUNDED_CURVE() B_SPLINE_CURVE(4,(#9978,#9979,#9980,#9981,
#9982),.UNSPECIFIED.,.F.,.F.) B_SPLINE_CURVE_WITH_KNOTS((5,5),(0.,1.),
.PIECEWISE_BEZIER_KNOTS.) CURVE() GEOMETRIC_REPRESENTATION_ITEM() 
RATIONAL_B_SPLINE_CURVE((1.,1.,1.,1.,1.)) REPRESENTATION_ITEM('') );
#9978 = CARTESIAN_POINT('',(4.01801367242,-4.981522470916,0.));
#9979 = CARTESIAN_POINT('',(4.021744981737,-4.986148538103,
    3.950966311744));
#9980 = CARTESIAN_POINT('',(4.027548317673,-4.993343498283,
    7.915188641292));
#9981 = CARTESIAN_POINT('',(3.895838043481,-4.83004945699,
    11.841097004811));
#9982 = CARTESIAN_POINT('',(3.89906660279,-4.834052216078,15.8));
#9983 = PCURVE('',#4569,#9984);
#9984 = DEFINITIONAL_REPRESENTATION('',(#9985),#9989);
#9985 = LINE('',#9986,#9987);
#9986 = CARTESIAN_POINT('',(23.,0.));
#9987 = VECTOR('',#9988,1.);
#9988 = DIRECTION('',(0.,1.));
#9989 = ( GEOMETRIC_REPRESENTATION_CONTEXT(2) 
PARAMETRIC_REPRESENTATION_CONTEXT() REPRESENTATION_CONTEXT('2D SPACE',''
  ) );
#9990 = PCURVE('',#4537,#9991);
#9991 = DEFINITIONAL_REPRESENTATION('',(#9992),#9996);
#9992 = LINE('',#9993,#9994);
#9993 = CARTESIAN_POINT('',(23.,0.));
#9994 = VECTOR('',#9995,1.);
#9995 = DIRECTION('',(0.,1.));
#9996 = ( GEOMETRIC_REPRESENTATION_CONTEXT(2) 
PARAMETRIC_REPRESENTATION_CONTEXT() REPRESENTATION_CONTEXT('2D SPACE',''
  ) );
#9997 = ORIENTED_EDGE('',*,*,#5751,.F.);
#9998 = ORIENTED_EDGE('',*,*,#9917,.F.);
#9999 = ADVANCED_FACE('',(#10000),#889,.F.);
#10000 = FACE_BOUND('',#10001,.F.);
#10001 = EDGE_LOOP('',(#10002,#10003,#10004,#10005));
#10002 = ORIENTED_EDGE('',*,*,#875,.T.);
#10003 = ORIENTED_EDGE('',*,*,#9948,.T.);
#10004 = ORIENTED_EDGE('',*,*,#8166,.F.);
#10005 = ORIENTED_EDGE('',*,*,#10006,.F.);
#10006 = EDGE_CURVE('',#876,#8146,#10007,.T.);
#10007 = SURFACE_CURVE('',#10008,(#10014,#10021),.PCURVE_S1.);
#10008 = ( BOUNDED_CURVE() B_SPLINE_CURVE(4,(#10009,#10010,#10011,#10012
,#10013),.UNSPECIFIED.,.F.,.F.) B_SPLINE_CURVE_WITH_KNOTS((5,5),(0.,1.),
.PIECEWISE_BEZIER_KNOTS.) CURVE() GEOMETRIC_REPRESENTATION_ITEM() 
RATIONAL_B_SPLINE_CURVE((1.,1.,1.,1.,1.)) REPRESENTATION_ITEM('') );
#10009 = CARTESIAN_POINT('',(4.01790587973,4.981609412793,0.));
#10010 = CARTESIAN_POINT('',(4.021633807645,4.98623149239,3.950966311744
    ));
#10011 = CARTESIAN_POINT('',(4.027431884459,4.993420250639,
    7.915188641292));
#10012 = CARTESIAN_POINT('',(3.895840969279,4.830266965987,
    11.841097004811));
#10013 = CARTESIAN_POINT('',(3.89906660279,4.834266274766,15.8));
#10014 = PCURVE('',#889,#10015);
#10015 = DEFINITIONAL_REPRESENTATION('',(#10016),#10020);
#10016 = LINE('',#10017,#10018);
#10017 = CARTESIAN_POINT('',(137.,0.));
#10018 = VECTOR('',#10019,1.);
#10019 = DIRECTION('',(0.,1.));
#10020 = ( GEOMETRIC_REPRESENTATION_CONTEXT(2) 
PARAMETRIC_REPRESENTATION_CONTEXT() REPRESENTATION_CONTEXT('2D SPACE',''
  ) );
#10021 = PCURVE('',#921,#10022);
#10022 = DEFINITIONAL_REPRESENTATION('',(#10023),#10027);
#10023 = LINE('',#10024,#10025);
#10024 = CARTESIAN_POINT('',(137.,0.));
#10025 = VECTOR('',#10026,1.);
#10026 = DIRECTION('',(0.,1.));
#10027 = ( GEOMETRIC_REPRESENTATION_CONTEXT(2) 
PARAMETRIC_REPRESENTATION_CONTEXT() REPRESENTATION_CONTEXT('2D SPACE',''
  ) );
#10028 = ADVANCED_FACE('',(#10029),#4537,.F.);
#10029 = FACE_BOUND('',#10030,.F.);
#10030 = EDGE_LOOP('',(#10031,#10032,#10055,#10056));
#10031 = ORIENTED_EDGE('',*,*,#4523,.T.);
#10032 = ORIENTED_EDGE('',*,*,#10033,.T.);
#10033 = EDGE_CURVE('',#4492,#5773,#10034,.T.);
#10034 = SURFACE_CURVE('',#10035,(#10041,#10048),.PCURVE_S1.);
#10035 = ( BOUNDED_CURVE() B_SPLINE_CURVE(4,(#10036,#10037,#10038,#10039
,#10040),.UNSPECIFIED.,.F.,.F.) B_SPLINE_CURVE_WITH_KNOTS((5,5),(0.,1.),
.PIECEWISE_BEZIER_KNOTS.) CURVE() GEOMETRIC_REPRESENTATION_ITEM() 
RATIONAL_B_SPLINE_CURVE((1.,1.,1.,1.,1.)) REPRESENTATION_ITEM('') );
#10036 = CARTESIAN_POINT('',(3.833355590736,-5.124976577017,0.));
#10037 = CARTESIAN_POINT('',(3.839172407751,-5.132753327766,
    3.950966311744));
#10038 = CARTESIAN_POINT('',(3.848219350891,-5.144848571889,
    7.915188641292));
#10039 = CARTESIAN_POINT('',(3.64289341861,-4.870339576133,
    11.841097004811));
#10040 = CARTESIAN_POINT('',(3.647926488005,-4.87706850126,15.8));
#10041 = PCURVE('',#4537,#10042);
#10042 = DEFINITIONAL_REPRESENTATION('',(#10043),#10047);
#10043 = LINE('',#10044,#10045);
#10044 = CARTESIAN_POINT('',(24.,0.));
#10045 = VECTOR('',#10046,1.);
#10046 = DIRECTION('',(0.,1.));
#10047 = ( GEOMETRIC_REPRESENTATION_CONTEXT(2) 
PARAMETRIC_REPRESENTATION_CONTEXT() REPRESENTATION_CONTEXT('2D SPACE',''
  ) );
#10048 = PCURVE('',#4505,#10049);
#10049 = DEFINITIONAL_REPRESENTATION('',(#10050),#10054);
#10050 = LINE('',#10051,#10052);
#10051 = CARTESIAN_POINT('',(24.,0.));
#10052 = VECTOR('',#10053,1.);
#10053 = DIRECTION('',(0.,1.));
#10054 = ( GEOMETRIC_REPRESENTATION_CONTEXT(2) 
PARAMETRIC_REPRESENTATION_CONTEXT() REPRESENTATION_CONTEXT('2D SPACE',''
  ) );
#10055 = ORIENTED_EDGE('',*,*,#5772,.F.);
#10056 = ORIENTED_EDGE('',*,*,#9975,.F.);
#10057 = ADVANCED_FACE('',(#10058),#921,.F.);
#10058 = FACE_BOUND('',#10059,.F.);
#10059 = EDGE_LOOP('',(#10060,#10061,#10062,#10063));
#10060 = ORIENTED_EDGE('',*,*,#907,.T.);
#10061 = ORIENTED_EDGE('',*,*,#10006,.T.);
#10062 = ORIENTED_EDGE('',*,*,#8145,.F.);
#10063 = ORIENTED_EDGE('',*,*,#10064,.F.);
#10064 = EDGE_CURVE('',#908,#8125,#10065,.T.);
#10065 = SURFACE_CURVE('',#10066,(#10072,#10079),.PCURVE_S1.);
#10066 = ( BOUNDED_CURVE() B_SPLINE_CURVE(4,(#10067,#10068,#10069,#10070
,#10071),.UNSPECIFIED.,.F.,.F.) B_SPLINE_CURVE_WITH_KNOTS((5,5),(0.,1.),
.PIECEWISE_BEZIER_KNOTS.) CURVE() GEOMETRIC_REPRESENTATION_ITEM() 
RATIONAL_B_SPLINE_CURVE((1.,1.,1.,1.,1.)) REPRESENTATION_ITEM('') );
#10067 = CARTESIAN_POINT('',(3.833183876913,5.12510501022,0.));
#10068 = CARTESIAN_POINT('',(3.838995307353,5.132875102191,
    3.950966311744));
#10069 = CARTESIAN_POINT('',(3.848033872707,5.144959989863,
    7.915188641292));
#10070 = CARTESIAN_POINT('',(3.642898079408,4.870686040121,
    11.841097004811));
#10071 = CARTESIAN_POINT('',(3.647926488005,4.877409203663,15.8));
#10072 = PCURVE('',#921,#10073);
#10073 = DEFINITIONAL_REPRESENTATION('',(#10074),#10078);
#10074 = LINE('',#10075,#10076);
#10075 = CARTESIAN_POINT('',(136.,0.));
#10076 = VECTOR('',#10077,1.);
#10077 = DIRECTION('',(0.,1.));
#10078 = ( GEOMETRIC_REPRESENTATION_CONTEXT(2) 
PARAMETRIC_REPRESENTATION_CONTEXT() REPRESENTATION_CONTEXT('2D SPACE',''
  ) );
#10079 = PCURVE('',#953,#10080);
#10080 = DEFINITIONAL_REPRESENTATION('',(#10081),#10085);
#10081 = LINE('',#10082,#10083);
#10082 = CARTESIAN_POINT('',(136.,0.));
#10083 = VECTOR('',#10084,1.);
#10084 = DIRECTION('',(0.,1.));
#10085 = ( GEOMETRIC_REPRESENTATION_CONTEXT(2) 
PARAMETRIC_REPRESENTATION_CONTEXT() REPRESENTATION_CONTEXT('2D SPACE',''
  ) );
#10086 = ADVANCED_FACE('',(#10087),#4505,.F.);
#10087 = FACE_BOUND('',#10088,.F.);
#10088 = EDGE_LOOP('',(#10089,#10090,#10113,#10114));
#10089 = ORIENTED_EDGE('',*,*,#4491,.T.);
#10090 = ORIENTED_EDGE('',*,*,#10091,.T.);
#10091 = EDGE_CURVE('',#4460,#5794,#10092,.T.);
#10092 = SURFACE_CURVE('',#10093,(#10099,#10106),.PCURVE_S1.);
#10093 = ( BOUNDED_CURVE() B_SPLINE_CURVE(4,(#10094,#10095,#10096,#10097
,#10098),.UNSPECIFIED.,.F.,.F.) B_SPLINE_CURVE_WITH_KNOTS((5,5),(0.,1.),
.PIECEWISE_BEZIER_KNOTS.) CURVE() GEOMETRIC_REPRESENTATION_ITEM() 
RATIONAL_B_SPLINE_CURVE((1.,1.,1.,1.,1.)) REPRESENTATION_ITEM('') );
#10094 = CARTESIAN_POINT('',(3.635787187117,-5.266977456758,0.));
#10095 = CARTESIAN_POINT('',(3.643641319012,-5.278355332719,
    3.950966311744));
#10096 = CARTESIAN_POINT('',(3.655856914668,-5.296051436376,
    7.915188641292));
#10097 = CARTESIAN_POINT('',(3.378616466964,-4.894427492782,
    11.841097004811));
#10098 = CARTESIAN_POINT('',(3.385412347039,-4.904272333889,15.8));
#10099 = PCURVE('',#4505,#10100);
#10100 = DEFINITIONAL_REPRESENTATION('',(#10101),#10105);
#10101 = LINE('',#10102,#10103);
#10102 = CARTESIAN_POINT('',(25.,0.));
#10103 = VECTOR('',#10104,1.);
#10104 = DIRECTION('',(0.,1.));
#10105 = ( GEOMETRIC_REPRESENTATION_CONTEXT(2) 
PARAMETRIC_REPRESENTATION_CONTEXT() REPRESENTATION_CONTEXT('2D SPACE',''
  ) );
#10106 = PCURVE('',#4473,#10107);
#10107 = DEFINITIONAL_REPRESENTATION('',(#10108),#10112);
#10108 = LINE('',#10109,#10110);
#10109 = CARTESIAN_POINT('',(25.,0.));
#10110 = VECTOR('',#10111,1.);
#10111 = DIRECTION('',(0.,1.));
#10112 = ( GEOMETRIC_REPRESENTATION_CONTEXT(2) 
PARAMETRIC_REPRESENTATION_CONTEXT() REPRESENTATION_CONTEXT('2D SPACE',''
  ) );
#10113 = ORIENTED_EDGE('',*,*,#5793,.F.);
#10114 = ORIENTED_EDGE('',*,*,#10033,.F.);
#10115 = ADVANCED_FACE('',(#10116),#953,.F.);
#10116 = FACE_BOUND('',#10117,.F.);
#10117 = EDGE_LOOP('',(#10118,#10119,#10120,#10121));
#10118 = ORIENTED_EDGE('',*,*,#939,.T.);
#10119 = ORIENTED_EDGE('',*,*,#10064,.T.);
#10120 = ORIENTED_EDGE('',*,*,#8124,.F.);
#10121 = ORIENTED_EDGE('',*,*,#10122,.F.);
#10122 = EDGE_CURVE('',#940,#8104,#10123,.T.);
#10123 = SURFACE_CURVE('',#10124,(#10130,#10137),.PCURVE_S1.);
#10124 = ( BOUNDED_CURVE() B_SPLINE_CURVE(4,(#10125,#10126,#10127,#10128
,#10129),.UNSPECIFIED.,.F.,.F.) B_SPLINE_CURVE_WITH_KNOTS((5,5),(0.,1.),
.PIECEWISE_BEZIER_KNOTS.) CURVE() GEOMETRIC_REPRESENTATION_ITEM() 
RATIONAL_B_SPLINE_CURVE((1.,1.,1.,1.,1.)) REPRESENTATION_ITEM('') );
#10125 = CARTESIAN_POINT('',(3.635559859986,5.267134373116,0.));
#10126 = CARTESIAN_POINT('',(3.643406860745,5.278502968054,
    3.950966311744));
#10127 = CARTESIAN_POINT('',(3.655611365284,5.29618463686,7.915188641292
    ));
#10128 = CARTESIAN_POINT('',(3.378622637264,4.894888301079,
    11.841097004811));
#10129 = CARTESIAN_POINT('',(3.385412347039,4.904725111672,15.8));
#10130 = PCURVE('',#953,#10131);
#10131 = DEFINITIONAL_REPRESENTATION('',(#10132),#10136);
#10132 = LINE('',#10133,#10134);
#10133 = CARTESIAN_POINT('',(135.,0.));
#10134 = VECTOR('',#10135,1.);
#10135 = DIRECTION('',(0.,1.));
#10136 = ( GEOMETRIC_REPRESENTATION_CONTEXT(2) 
PARAMETRIC_REPRESENTATION_CONTEXT() REPRESENTATION_CONTEXT('2D SPACE',''
  ) );
#10137 = PCURVE('',#985,#10138);
#10138 = DEFINITIONAL_REPRESENTATION('',(#10139),#10143);
#10139 = LINE('',#10140,#10141);
#10140 = CARTESIAN_POINT('',(135.,0.));
#10141 = VECTOR('',#10142,1.);
#10142 = DIRECTION('',(0.,1.));
#10143 = ( GEOMETRIC_REPRESENTATION_CONTEXT(2) 
PARAMETRIC_REPRESENTATION_CONTEXT() REPRESENTATION_CONTEXT('2D SPACE',''
  ) );
#10144 = ADVANCED_FACE('',(#10145),#4473,.F.);
#10145 = FACE_BOUND('',#10146,.F.);
#10146 = EDGE_LOOP('',(#10147,#10148,#10171,#10172));
#10147 = ORIENTED_EDGE('',*,*,#4459,.T.);
#10148 = ORIENTED_EDGE('',*,*,#10149,.T.);
#10149 = EDGE_CURVE('',#4428,#5815,#10150,.T.);
#10150 = SURFACE_CURVE('',#10151,(#10157,#10164),.PCURVE_S1.);
#10151 = ( BOUNDED_CURVE() B_SPLINE_CURVE(4,(#10152,#10153,#10154,#10155
,#10156),.UNSPECIFIED.,.F.,.F.) B_SPLINE_CURVE_WITH_KNOTS((5,5),(0.,1.),
.PIECEWISE_BEZIER_KNOTS.) CURVE() GEOMETRIC_REPRESENTATION_ITEM() 
RATIONAL_B_SPLINE_CURVE((1.,1.,1.,1.,1.)) REPRESENTATION_ITEM('') );
#10152 = CARTESIAN_POINT('',(3.423475908092,-5.40738501558,0.));
#10153 = CARTESIAN_POINT('',(3.433074034226,-5.422545269319,
    3.950966311744));
#10154 = CARTESIAN_POINT('',(3.448002078403,-5.446124136109,
    7.915188641292));
#10155 = CARTESIAN_POINT('',(3.109200945187,-4.910987269311,
    11.841097004811));
#10156 = CARTESIAN_POINT('',(3.117505836807,-4.924104857314,15.8));
#10157 = PCURVE('',#4473,#10158);
#10158 = DEFINITIONAL_REPRESENTATION('',(#10159),#10163);
#10159 = LINE('',#10160,#10161);
#10160 = CARTESIAN_POINT('',(26.,0.));
#10161 = VECTOR('',#10162,1.);
#10162 = DIRECTION('',(0.,1.));
#10163 = ( GEOMETRIC_REPRESENTATION_CONTEXT(2) 
PARAMETRIC_REPRESENTATION_CONTEXT() REPRESENTATION_CONTEXT('2D SPACE',''
  ) );
#10164 = PCURVE('',#4441,#10165);
#10165 = DEFINITIONAL_REPRESENTATION('',(#10166),#10170);
#10166 = LINE('',#10167,#10168);
#10167 = CARTESIAN_POINT('',(26.,0.));
#10168 = VECTOR('',#10169,1.);
#10169 = DIRECTION('',(0.,1.));
#10170 = ( GEOMETRIC_REPRESENTATION_CONTEXT(2) 
PARAMETRIC_REPRESENTATION_CONTEXT() REPRESENTATION_CONTEXT('2D SPACE',''
  ) );
#10171 = ORIENTED_EDGE('',*,*,#5814,.F.);
#10172 = ORIENTED_EDGE('',*,*,#10091,.F.);
#10173 = ADVANCED_FACE('',(#10174),#985,.F.);
#10174 = FACE_BOUND('',#10175,.F.);
#10175 = EDGE_LOOP('',(#10176,#10177,#10178,#10179));
#10176 = ORIENTED_EDGE('',*,*,#971,.T.);
#10177 = ORIENTED_EDGE('',*,*,#10122,.T.);
#10178 = ORIENTED_EDGE('',*,*,#8103,.F.);
#10179 = ORIENTED_EDGE('',*,*,#10180,.F.);
#10180 = EDGE_CURVE('',#972,#8083,#10181,.T.);
#10181 = SURFACE_CURVE('',#10182,(#10188,#10195),.PCURVE_S1.);
#10182 = ( BOUNDED_CURVE() B_SPLINE_CURVE(4,(#10183,#10184,#10185,#10186
,#10187),.UNSPECIFIED.,.F.,.F.) B_SPLINE_CURVE_WITH_KNOTS((5,5),(0.,1.),
.PIECEWISE_BEZIER_KNOTS.) CURVE() GEOMETRIC_REPRESENTATION_ITEM() 
RATIONAL_B_SPLINE_CURVE((1.,1.,1.,1.,1.)) REPRESENTATION_ITEM('') );
#10183 = CARTESIAN_POINT('',(3.423214396162,5.407550572848,0.));
#10184 = CARTESIAN_POINT('',(3.4328043188,5.422699490109,3.950966311744)
  );
#10185 = CARTESIAN_POINT('',(3.447719604011,5.44626072518,7.915188641292
    ));
#10186 = CARTESIAN_POINT('',(3.109208043359,4.911524021055,
    11.841097004811));
#10187 = CARTESIAN_POINT('',(3.117505836807,4.924631800036,15.8));
#10188 = PCURVE('',#985,#10189);
#10189 = DEFINITIONAL_REPRESENTATION('',(#10190),#10194);
#10190 = LINE('',#10191,#10192);
#10191 = CARTESIAN_POINT('',(134.,0.));
#10192 = VECTOR('',#10193,1.);
#10193 = DIRECTION('',(0.,1.));
#10194 = ( GEOMETRIC_REPRESENTATION_CONTEXT(2) 
PARAMETRIC_REPRESENTATION_CONTEXT() REPRESENTATION_CONTEXT('2D SPACE',''
  ) );
#10195 = PCURVE('',#1017,#10196);
#10196 = DEFINITIONAL_REPRESENTATION('',(#10197),#10201);
#10197 = LINE('',#10198,#10199);
#10198 = CARTESIAN_POINT('',(134.,0.));
#10199 = VECTOR('',#10200,1.);
#10200 = DIRECTION('',(0.,1.));
#10201 = ( GEOMETRIC_REPRESENTATION_CONTEXT(2) 
PARAMETRIC_REPRESENTATION_CONTEXT() REPRESENTATION_CONTEXT('2D SPACE',''
  ) );
#10202 = ADVANCED_FACE('',(#10203),#4441,.F.);
#10203 = FACE_BOUND('',#10204,.F.);
#10204 = EDGE_LOOP('',(#10205,#10206,#10229,#10230));
#10205 = ORIENTED_EDGE('',*,*,#4427,.T.);
#10206 = ORIENTED_EDGE('',*,*,#10207,.T.);
#10207 = EDGE_CURVE('',#4396,#5836,#10208,.T.);
#10208 = SURFACE_CURVE('',#10209,(#10215,#10222),.PCURVE_S1.);
#10209 = ( BOUNDED_CURVE() B_SPLINE_CURVE(4,(#10210,#10211,#10212,#10213
,#10214),.UNSPECIFIED.,.F.,.F.) B_SPLINE_CURVE_WITH_KNOTS((5,5),(0.,1.),
.PIECEWISE_BEZIER_KNOTS.) CURVE() GEOMETRIC_REPRESENTATION_ITEM() 
RATIONAL_B_SPLINE_CURVE((1.,1.,1.,1.,1.)) REPRESENTATION_ITEM('') );
#10210 = CARTESIAN_POINT('',(3.195951798547,-5.544897844087,0.));
#10211 = CARTESIAN_POINT('',(3.206798214478,-5.563716109226,
    3.950966311744));
#10212 = CARTESIAN_POINT('',(3.223667733999,-5.592984311101,
    7.915188641292));
#10213 = CARTESIAN_POINT('',(2.840803625161,-4.928724489459,
    11.841097004811));
#10214 = CARTESIAN_POINT('',(2.850188614221,-4.945007214885,15.8));
#10215 = PCURVE('',#4441,#10216);
#10216 = DEFINITIONAL_REPRESENTATION('',(#10217),#10221);
#10217 = LINE('',#10218,#10219);
#10218 = CARTESIAN_POINT('',(27.,0.));
#10219 = VECTOR('',#10220,1.);
#10220 = DIRECTION('',(0.,1.));
#10221 = ( GEOMETRIC_REPRESENTATION_CONTEXT(2) 
PARAMETRIC_REPRESENTATION_CONTEXT() REPRESENTATION_CONTEXT('2D SPACE',''
  ) );
#10222 = PCURVE('',#4409,#10223);
#10223 = DEFINITIONAL_REPRESENTATION('',(#10224),#10228);
#10224 = LINE('',#10225,#10226);
#10225 = CARTESIAN_POINT('',(27.,0.));
#10226 = VECTOR('',#10227,1.);
#10227 = DIRECTION('',(0.,1.));
#10228 = ( GEOMETRIC_REPRESENTATION_CONTEXT(2) 
PARAMETRIC_REPRESENTATION_CONTEXT() REPRESENTATION_CONTEXT('2D SPACE',''
  ) );
#10229 = ORIENTED_EDGE('',*,*,#5835,.F.);
#10230 = ORIENTED_EDGE('',*,*,#10149,.F.);
#10231 = ADVANCED_FACE('',(#10232),#1017,.F.);
#10232 = FACE_BOUND('',#10233,.F.);
#10233 = EDGE_LOOP('',(#10234,#10235,#10236,#10237));
#10234 = ORIENTED_EDGE('',*,*,#1003,.T.);
#10235 = ORIENTED_EDGE('',*,*,#10180,.T.);
#10236 = ORIENTED_EDGE('',*,*,#8082,.F.);
#10237 = ORIENTED_EDGE('',*,*,#10238,.F.);
#10238 = EDGE_CURVE('',#1004,#8062,#10239,.T.);
#10239 = SURFACE_CURVE('',#10240,(#10246,#10253),.PCURVE_S1.);
#10240 = ( BOUNDED_CURVE() B_SPLINE_CURVE(4,(#10241,#10242,#10243,#10244
,#10245),.UNSPECIFIED.,.F.,.F.) B_SPLINE_CURVE_WITH_KNOTS((5,5),(0.,1.),
.PIECEWISE_BEZIER_KNOTS.) CURVE() GEOMETRIC_REPRESENTATION_ITEM() 
RATIONAL_B_SPLINE_CURVE((1.,1.,1.,1.,1.)) REPRESENTATION_ITEM('') );
#10241 = CARTESIAN_POINT('',(3.195689915139,5.545048779432,0.));
#10242 = CARTESIAN_POINT('',(3.206528115921,5.563854844354,
    3.950966311744));
#10243 = CARTESIAN_POINT('',(3.223384858352,5.593104071133,
    7.915188641292));
#10244 = CARTESIAN_POINT('',(2.840810733416,4.929274900953,
    11.841097004811));
#10245 = CARTESIAN_POINT('',(2.850188614221,4.945547069998,15.8));
#10246 = PCURVE('',#1017,#10247);
#10247 = DEFINITIONAL_REPRESENTATION('',(#10248),#10252);
#10248 = LINE('',#10249,#10250);
#10249 = CARTESIAN_POINT('',(133.,0.));
#10250 = VECTOR('',#10251,1.);
#10251 = DIRECTION('',(0.,1.));
#10252 = ( GEOMETRIC_REPRESENTATION_CONTEXT(2) 
PARAMETRIC_REPRESENTATION_CONTEXT() REPRESENTATION_CONTEXT('2D SPACE',''
  ) );
#10253 = PCURVE('',#1049,#10254);
#10254 = DEFINITIONAL_REPRESENTATION('',(#10255),#10259);
#10255 = LINE('',#10256,#10257);
#10256 = CARTESIAN_POINT('',(133.,0.));
#10257 = VECTOR('',#10258,1.);
#10258 = DIRECTION('',(0.,1.));
#10259 = ( GEOMETRIC_REPRESENTATION_CONTEXT(2) 
PARAMETRIC_REPRESENTATION_CONTEXT() REPRESENTATION_CONTEXT('2D SPACE',''
  ) );
#10260 = ADVANCED_FACE('',(#10261),#4409,.F.);
#10261 = FACE_BOUND('',#10262,.F.);
#10262 = EDGE_LOOP('',(#10263,#10264,#10287,#10288));
#10263 = ORIENTED_EDGE('',*,*,#4395,.T.);
#10264 = ORIENTED_EDGE('',*,*,#10265,.T.);
#10265 = EDGE_CURVE('',#4364,#5857,#10266,.T.);
#10266 = SURFACE_CURVE('',#10267,(#10273,#10280),.PCURVE_S1.);
#10267 = ( BOUNDED_CURVE() B_SPLINE_CURVE(4,(#10268,#10269,#10270,#10271
,#10272),.UNSPECIFIED.,.F.,.F.) B_SPLINE_CURVE_WITH_KNOTS((5,5),(0.,1.),
.PIECEWISE_BEZIER_KNOTS.) CURVE() GEOMETRIC_REPRESENTATION_ITEM() 
RATIONAL_B_SPLINE_CURVE((1.,1.,1.,1.,1.)) REPRESENTATION_ITEM('') );
#10268 = CARTESIAN_POINT('',(2.954654554393,-5.677148620937,0.));
#10269 = CARTESIAN_POINT('',(2.966111076665,-5.699161475034,
    3.950966311744));
#10270 = CARTESIAN_POINT('',(2.983929499572,-5.733398247277,
    7.915188641292));
#10271 = CARTESIAN_POINT('',(2.579529445444,-4.956373668825,
    11.841097004811));
#10272 = CARTESIAN_POINT('',(2.589442336197,-4.975420549951,15.8));
#10273 = PCURVE('',#4409,#10274);
#10274 = DEFINITIONAL_REPRESENTATION('',(#10275),#10279);
#10275 = LINE('',#10276,#10277);
#10276 = CARTESIAN_POINT('',(28.,0.));
#10277 = VECTOR('',#10278,1.);
#10278 = DIRECTION('',(0.,1.));
#10279 = ( GEOMETRIC_REPRESENTATION_CONTEXT(2) 
PARAMETRIC_REPRESENTATION_CONTEXT() REPRESENTATION_CONTEXT('2D SPACE',''
  ) );
#10280 = PCURVE('',#4377,#10281);
#10281 = DEFINITIONAL_REPRESENTATION('',(#10282),#10286);
#10282 = LINE('',#10283,#10284);
#10283 = CARTESIAN_POINT('',(28.,0.));
#10284 = VECTOR('',#10285,1.);
#10285 = DIRECTION('',(0.,1.));
#10286 = ( GEOMETRIC_REPRESENTATION_CONTEXT(2) 
PARAMETRIC_REPRESENTATION_CONTEXT() REPRESENTATION_CONTEXT('2D SPACE',''
  ) );
#10287 = ORIENTED_EDGE('',*,*,#5856,.F.);
#10288 = ORIENTED_EDGE('',*,*,#10207,.F.);
#10289 = ADVANCED_FACE('',(#10290),#1049,.F.);
#10290 = FACE_BOUND('',#10291,.F.);
#10291 = EDGE_LOOP('',(#10292,#10293,#10294,#10295));
#10292 = ORIENTED_EDGE('',*,*,#1035,.T.);
#10293 = ORIENTED_EDGE('',*,*,#10238,.T.);
#10294 = ORIENTED_EDGE('',*,*,#8061,.F.);
#10295 = ORIENTED_EDGE('',*,*,#10296,.F.);
#10296 = EDGE_CURVE('',#1036,#8041,#10297,.T.);
#10297 = SURFACE_CURVE('',#10298,(#10304,#10311),.PCURVE_S1.);
#10298 = ( BOUNDED_CURVE() B_SPLINE_CURVE(4,(#10299,#10300,#10301,#10302
,#10303),.UNSPECIFIED.,.F.,.F.) B_SPLINE_CURVE_WITH_KNOTS((5,5),(0.,1.),
.PIECEWISE_BEZIER_KNOTS.) CURVE() GEOMETRIC_REPRESENTATION_ITEM() 
RATIONAL_B_SPLINE_CURVE((1.,1.,1.,1.,1.)) REPRESENTATION_ITEM('') );
#10299 = CARTESIAN_POINT('',(2.954435800436,5.677262465406,0.));
#10300 = CARTESIAN_POINT('',(2.965885460506,5.699264204401,
    3.950966311744));
#10301 = CARTESIAN_POINT('',(2.983693210576,5.733483689236,
    7.915188641292));
#10302 = CARTESIAN_POINT('',(2.579535383044,4.956851459146,
    11.841097004811));
#10303 = CARTESIAN_POINT('',(2.589442336197,4.9758887228,15.8));
#10304 = PCURVE('',#1049,#10305);
#10305 = DEFINITIONAL_REPRESENTATION('',(#10306),#10310);
#10306 = LINE('',#10307,#10308);
#10307 = CARTESIAN_POINT('',(132.,0.));
#10308 = VECTOR('',#10309,1.);
#10309 = DIRECTION('',(0.,1.));
#10310 = ( GEOMETRIC_REPRESENTATION_CONTEXT(2) 
PARAMETRIC_REPRESENTATION_CONTEXT() REPRESENTATION_CONTEXT('2D SPACE',''
  ) );
#10311 = PCURVE('',#1081,#10312);
#10312 = DEFINITIONAL_REPRESENTATION('',(#10313),#10317);
#10313 = LINE('',#10314,#10315);
#10314 = CARTESIAN_POINT('',(132.,0.));
#10315 = VECTOR('',#10316,1.);
#10316 = DIRECTION('',(0.,1.));
#10317 = ( GEOMETRIC_REPRESENTATION_CONTEXT(2) 
PARAMETRIC_REPRESENTATION_CONTEXT() REPRESENTATION_CONTEXT('2D SPACE',''
  ) );
#10318 = ADVANCED_FACE('',(#10319),#4377,.F.);
#10319 = FACE_BOUND('',#10320,.F.);
#10320 = EDGE_LOOP('',(#10321,#10322,#10345,#10346));
#10321 = ORIENTED_EDGE('',*,*,#4363,.T.);
#10322 = ORIENTED_EDGE('',*,*,#10323,.T.);
#10323 = EDGE_CURVE('',#4332,#5878,#10324,.T.);
#10324 = SURFACE_CURVE('',#10325,(#10331,#10338),.PCURVE_S1.);
#10325 = ( BOUNDED_CURVE() B_SPLINE_CURVE(4,(#10326,#10327,#10328,#10329
,#10330),.UNSPECIFIED.,.F.,.F.) B_SPLINE_CURVE_WITH_KNOTS((5,5),(0.,1.),
.PIECEWISE_BEZIER_KNOTS.) CURVE() GEOMETRIC_REPRESENTATION_ITEM() 
RATIONAL_B_SPLINE_CURVE((1.,1.,1.,1.,1.)) REPRESENTATION_ITEM('') );
#10326 = CARTESIAN_POINT('',(2.703446758726,-5.800980574242,0.));
#10327 = CARTESIAN_POINT('',(2.714808729608,-5.825360774132,
    3.950966311744));
#10328 = CARTESIAN_POINT('',(2.732480095965,-5.863279498673,
    7.915188641292));
#10329 = CARTESIAN_POINT('',(2.331417580597,-5.002690750921,
    11.841097004811));
#10330 = CARTESIAN_POINT('',(2.341248659647,-5.023786005861,15.8));
#10331 = PCURVE('',#4377,#10332);
#10332 = DEFINITIONAL_REPRESENTATION('',(#10333),#10337);
#10333 = LINE('',#10334,#10335);
#10334 = CARTESIAN_POINT('',(29.,0.));
#10335 = VECTOR('',#10336,1.);
#10336 = DIRECTION('',(0.,1.));
#10337 = ( GEOMETRIC_REPRESENTATION_CONTEXT(2) 
PARAMETRIC_REPRESENTATION_CONTEXT() REPRESENTATION_CONTEXT('2D SPACE',''
  ) );
#10338 = PCURVE('',#4345,#10339);
#10339 = DEFINITIONAL_REPRESENTATION('',(#10340),#10344);
#10340 = LINE('',#10341,#10342);
#10341 = CARTESIAN_POINT('',(29.,0.));
#10342 = VECTOR('',#10343,1.);
#10343 = DIRECTION('',(0.,1.));
#10344 = ( GEOMETRIC_REPRESENTATION_CONTEXT(2) 
PARAMETRIC_REPRESENTATION_CONTEXT() REPRESENTATION_CONTEXT('2D SPACE',''
  ) );
#10345 = ORIENTED_EDGE('',*,*,#5877,.F.);
#10346 = ORIENTED_EDGE('',*,*,#10265,.F.);
#10347 = ADVANCED_FACE('',(#10348),#1081,.F.);
#10348 = FACE_BOUND('',#10349,.F.);
#10349 = EDGE_LOOP('',(#10350,#10351,#10352,#10353));
#10350 = ORIENTED_EDGE('',*,*,#1067,.T.);
#10351 = ORIENTED_EDGE('',*,*,#10296,.T.);
#10352 = ORIENTED_EDGE('',*,*,#8040,.F.);
#10353 = ORIENTED_EDGE('',*,*,#10354,.F.);
#10354 = EDGE_CURVE('',#1068,#8020,#10355,.T.);
#10355 = SURFACE_CURVE('',#10356,(#10362,#10369),.PCURVE_S1.);
#10356 = ( BOUNDED_CURVE() B_SPLINE_CURVE(4,(#10357,#10358,#10359,#10360
,#10361),.UNSPECIFIED.,.F.,.F.) B_SPLINE_CURVE_WITH_KNOTS((5,5),(0.,1.),
.PIECEWISE_BEZIER_KNOTS.) CURVE() GEOMETRIC_REPRESENTATION_ITEM() 
RATIONAL_B_SPLINE_CURVE((1.,1.,1.,1.,1.)) REPRESENTATION_ITEM('') );
#10357 = CARTESIAN_POINT('',(2.703319191789,5.801040022901,0.));
#10358 = CARTESIAN_POINT('',(2.714677160961,5.825413035878,
    3.950966311744));
#10359 = CARTESIAN_POINT('',(2.732342303425,5.863320582555,
    7.915188641292));
#10360 = CARTESIAN_POINT('',(2.331421043124,5.002985523305,
    11.841097004811));
#10361 = CARTESIAN_POINT('',(2.341248659647,5.024074559684,15.8));
#10362 = PCURVE('',#1081,#10363);
#10363 = DEFINITIONAL_REPRESENTATION('',(#10364),#10368);
#10364 = LINE('',#10365,#10366);
#10365 = CARTESIAN_POINT('',(131.,0.));
#10366 = VECTOR('',#10367,1.);
#10367 = DIRECTION('',(0.,1.));
#10368 = ( GEOMETRIC_REPRESENTATION_CONTEXT(2) 
PARAMETRIC_REPRESENTATION_CONTEXT() REPRESENTATION_CONTEXT('2D SPACE',''
  ) );
#10369 = PCURVE('',#1113,#10370);
#10370 = DEFINITIONAL_REPRESENTATION('',(#10371),#10375);
#10371 = LINE('',#10372,#10373);
#10372 = CARTESIAN_POINT('',(131.,0.));
#10373 = VECTOR('',#10374,1.);
#10374 = DIRECTION('',(0.,1.));
#10375 = ( GEOMETRIC_REPRESENTATION_CONTEXT(2) 
PARAMETRIC_REPRESENTATION_CONTEXT() REPRESENTATION_CONTEXT('2D SPACE',''
  ) );
#10376 = ADVANCED_FACE('',(#10377),#4345,.F.);
#10377 = FACE_BOUND('',#10378,.F.);
#10378 = EDGE_LOOP('',(#10379,#10380,#10403,#10404));
#10379 = ORIENTED_EDGE('',*,*,#4331,.T.);
#10380 = ORIENTED_EDGE('',*,*,#10381,.T.);
#10381 = EDGE_CURVE('',#4300,#5899,#10382,.T.);
#10382 = SURFACE_CURVE('',#10383,(#10389,#10396),.PCURVE_S1.);
#10383 = ( BOUNDED_CURVE() B_SPLINE_CURVE(4,(#10384,#10385,#10386,#10387
,#10388),.UNSPECIFIED.,.F.,.F.) B_SPLINE_CURVE_WITH_KNOTS((5,5),(0.,1.),
.PIECEWISE_BEZIER_KNOTS.) CURVE() GEOMETRIC_REPRESENTATION_ITEM() 
RATIONAL_B_SPLINE_CURVE((1.,1.,1.,1.,1.)) REPRESENTATION_ITEM('') );
#10384 = CARTESIAN_POINT('',(2.448879834527,-5.912950833217,0.));
#10385 = CARTESIAN_POINT('',(2.459460469562,-5.938498340231,
    3.950966311744));
#10386 = CARTESIAN_POINT('',(2.475916617879,-5.9782325871,7.915188641292
    ));
#10387 = CARTESIAN_POINT('',(2.102434222473,-5.076439444796,
    11.841097004811));
#10388 = CARTESIAN_POINT('',(2.111589241485,-5.098544725965,15.8));
#10389 = PCURVE('',#4345,#10390);
#10390 = DEFINITIONAL_REPRESENTATION('',(#10391),#10395);
#10391 = LINE('',#10392,#10393);
#10392 = CARTESIAN_POINT('',(30.,0.));
#10393 = VECTOR('',#10394,1.);
#10394 = DIRECTION('',(0.,1.));
#10395 = ( GEOMETRIC_REPRESENTATION_CONTEXT(2) 
PARAMETRIC_REPRESENTATION_CONTEXT() REPRESENTATION_CONTEXT('2D SPACE',''
  ) );
#10396 = PCURVE('',#4313,#10397);
#10397 = DEFINITIONAL_REPRESENTATION('',(#10398),#10402);
#10398 = LINE('',#10399,#10400);
#10399 = CARTESIAN_POINT('',(30.,0.));
#10400 = VECTOR('',#10401,1.);
#10401 = DIRECTION('',(0.,1.));
#10402 = ( GEOMETRIC_REPRESENTATION_CONTEXT(2) 
PARAMETRIC_REPRESENTATION_CONTEXT() REPRESENTATION_CONTEXT('2D SPACE',''
  ) );
#10403 = ORIENTED_EDGE('',*,*,#5898,.F.);
#10404 = ORIENTED_EDGE('',*,*,#10323,.F.);
#10405 = ADVANCED_FACE('',(#10406),#1113,.F.);
#10406 = FACE_BOUND('',#10407,.F.);
#10407 = EDGE_LOOP('',(#10408,#10409,#10410,#10411));
#10408 = ORIENTED_EDGE('',*,*,#1099,.T.);
#10409 = ORIENTED_EDGE('',*,*,#10354,.T.);
#10410 = ORIENTED_EDGE('',*,*,#8019,.F.);
#10411 = ORIENTED_EDGE('',*,*,#10412,.F.);
#10412 = EDGE_CURVE('',#1100,#7999,#10413,.T.);
#10413 = SURFACE_CURVE('',#10414,(#10420,#10427),.PCURVE_S1.);
#10414 = ( BOUNDED_CURVE() B_SPLINE_CURVE(4,(#10415,#10416,#10417,#10418
,#10419),.UNSPECIFIED.,.F.,.F.) B_SPLINE_CURVE_WITH_KNOTS((5,5),(0.,1.),
.PIECEWISE_BEZIER_KNOTS.) CURVE() GEOMETRIC_REPRESENTATION_ITEM() 
RATIONAL_B_SPLINE_CURVE((1.,1.,1.,1.,1.)) REPRESENTATION_ITEM('') );
#10415 = CARTESIAN_POINT('',(2.448888995332,5.912947039213,0.));
#10416 = CARTESIAN_POINT('',(2.459469917737,5.938495128133,
    3.950966311744));
#10417 = CARTESIAN_POINT('',(2.475926513002,5.978230280046,
    7.915188641292));
#10418 = CARTESIAN_POINT('',(2.102433973823,5.076416597223,
    11.841097004811));
#10419 = CARTESIAN_POINT('',(2.111589241485,5.098522381894,15.8));
#10420 = PCURVE('',#1113,#10421);
#10421 = DEFINITIONAL_REPRESENTATION('',(#10422),#10426);
#10422 = LINE('',#10423,#10424);
#10423 = CARTESIAN_POINT('',(130.,0.));
#10424 = VECTOR('',#10425,1.);
#10425 = DIRECTION('',(0.,1.));
#10426 = ( GEOMETRIC_REPRESENTATION_CONTEXT(2) 
PARAMETRIC_REPRESENTATION_CONTEXT() REPRESENTATION_CONTEXT('2D SPACE',''
  ) );
#10427 = PCURVE('',#1145,#10428);
#10428 = DEFINITIONAL_REPRESENTATION('',(#10429),#10433);
#10429 = LINE('',#10430,#10431);
#10430 = CARTESIAN_POINT('',(130.,0.));
#10431 = VECTOR('',#10432,1.);
#10432 = DIRECTION('',(0.,1.));
#10433 = ( GEOMETRIC_REPRESENTATION_CONTEXT(2) 
PARAMETRIC_REPRESENTATION_CONTEXT() REPRESENTATION_CONTEXT('2D SPACE',''
  ) );
#10434 = ADVANCED_FACE('',(#10435),#4313,.F.);
#10435 = FACE_BOUND('',#10436,.F.);
#10436 = EDGE_LOOP('',(#10437,#10438,#10461,#10462));
#10437 = ORIENTED_EDGE('',*,*,#4299,.T.);
#10438 = ORIENTED_EDGE('',*,*,#10439,.T.);
#10439 = EDGE_CURVE('',#4268,#5920,#10440,.T.);
#10440 = SURFACE_CURVE('',#10441,(#10447,#10454),.PCURVE_S1.);
#10441 = ( BOUNDED_CURVE() B_SPLINE_CURVE(4,(#10442,#10443,#10444,#10445
,#10446),.UNSPECIFIED.,.F.,.F.) B_SPLINE_CURVE_WITH_KNOTS((5,5),(0.,1.),
.PIECEWISE_BEZIER_KNOTS.) CURVE() GEOMETRIC_REPRESENTATION_ITEM() 
RATIONAL_B_SPLINE_CURVE((1.,1.,1.,1.,1.)) REPRESENTATION_ITEM('') );
#10442 = CARTESIAN_POINT('',(2.197701366077,-6.010832613336,0.));
#10443 = CARTESIAN_POINT('',(2.206936147261,-6.0360902415,3.950966311744
    ));
#10444 = CARTESIAN_POINT('',(2.221299078062,-6.07537363742,
    7.915188641292));
#10445 = CARTESIAN_POINT('',(1.895323540086,-5.183812834365,
    11.841097004811));
#10446 = CARTESIAN_POINT('',(1.90331404321,-5.205667294447,15.8));
#10447 = PCURVE('',#4313,#10448);
#10448 = DEFINITIONAL_REPRESENTATION('',(#10449),#10453);
#10449 = LINE('',#10450,#10451);
#10450 = CARTESIAN_POINT('',(31.,0.));
#10451 = VECTOR('',#10452,1.);
#10452 = DIRECTION('',(0.,1.));
#10453 = ( GEOMETRIC_REPRESENTATION_CONTEXT(2) 
PARAMETRIC_REPRESENTATION_CONTEXT() REPRESENTATION_CONTEXT('2D SPACE',''
  ) );
#10454 = PCURVE('',#4281,#10455);
#10455 = DEFINITIONAL_REPRESENTATION('',(#10456),#10460);
#10456 = LINE('',#10457,#10458);
#10457 = CARTESIAN_POINT('',(31.,0.));
#10458 = VECTOR('',#10459,1.);
#10459 = DIRECTION('',(0.,1.));
#10460 = ( GEOMETRIC_REPRESENTATION_CONTEXT(2) 
PARAMETRIC_REPRESENTATION_CONTEXT() REPRESENTATION_CONTEXT('2D SPACE',''
  ) );
#10461 = ORIENTED_EDGE('',*,*,#5919,.F.);
#10462 = ORIENTED_EDGE('',*,*,#10381,.F.);
#10463 = ADVANCED_FACE('',(#10464),#1145,.F.);
#10464 = FACE_BOUND('',#10465,.F.);
#10465 = EDGE_LOOP('',(#10466,#10467,#10468,#10469));
#10466 = ORIENTED_EDGE('',*,*,#1131,.T.);
#10467 = ORIENTED_EDGE('',*,*,#10412,.T.);
#10468 = ORIENTED_EDGE('',*,*,#7998,.F.);
#10469 = ORIENTED_EDGE('',*,*,#10470,.F.);
#10470 = EDGE_CURVE('',#1132,#7978,#10471,.T.);
#10471 = SURFACE_CURVE('',#10472,(#10478,#10485),.PCURVE_S1.);
#10472 = ( BOUNDED_CURVE() B_SPLINE_CURVE(4,(#10473,#10474,#10475,#10476
,#10477),.UNSPECIFIED.,.F.,.F.) B_SPLINE_CURVE_WITH_KNOTS((5,5),(0.,1.),
.PIECEWISE_BEZIER_KNOTS.) CURVE() GEOMETRIC_REPRESENTATION_ITEM() 
RATIONAL_B_SPLINE_CURVE((1.,1.,1.,1.,1.)) REPRESENTATION_ITEM('') );
#10473 = CARTESIAN_POINT('',(2.197579883446,6.010877028843,0.));
#10474 = CARTESIAN_POINT('',(2.206810853782,6.036125816367,
    3.950966311744));
#10475 = CARTESIAN_POINT('',(2.221167857538,6.075395462369,
    7.915188641292));
#10476 = CARTESIAN_POINT('',(1.895326837467,5.184146722173,
    11.841097004811));
#10477 = CARTESIAN_POINT('',(1.90331404321,5.205993532788,15.8));
#10478 = PCURVE('',#1145,#10479);
#10479 = DEFINITIONAL_REPRESENTATION('',(#10480),#10484);
#10480 = LINE('',#10481,#10482);
#10481 = CARTESIAN_POINT('',(129.,0.));
#10482 = VECTOR('',#10483,1.);
#10483 = DIRECTION('',(0.,1.));
#10484 = ( GEOMETRIC_REPRESENTATION_CONTEXT(2) 
PARAMETRIC_REPRESENTATION_CONTEXT() REPRESENTATION_CONTEXT('2D SPACE',''
  ) );
#10485 = PCURVE('',#1177,#10486);
#10486 = DEFINITIONAL_REPRESENTATION('',(#10487),#10491);
#10487 = LINE('',#10488,#10489);
#10488 = CARTESIAN_POINT('',(129.,0.));
#10489 = VECTOR('',#10490,1.);
#10490 = DIRECTION('',(0.,1.));
#10491 = ( GEOMETRIC_REPRESENTATION_CONTEXT(2) 
PARAMETRIC_REPRESENTATION_CONTEXT() REPRESENTATION_CONTEXT('2D SPACE',''
  ) );
#10492 = ADVANCED_FACE('',(#10493),#4281,.F.);
#10493 = FACE_BOUND('',#10494,.F.);
#10494 = EDGE_LOOP('',(#10495,#10496,#10519,#10520));
#10495 = ORIENTED_EDGE('',*,*,#4267,.T.);
#10496 = ORIENTED_EDGE('',*,*,#10497,.T.);
#10497 = EDGE_CURVE('',#4236,#5941,#10498,.T.);
#10498 = SURFACE_CURVE('',#10499,(#10505,#10512),.PCURVE_S1.);
#10499 = ( BOUNDED_CURVE() B_SPLINE_CURVE(4,(#10500,#10501,#10502,#10503
,#10504),.UNSPECIFIED.,.F.,.F.) B_SPLINE_CURVE_WITH_KNOTS((5,5),(0.,1.),
.PIECEWISE_BEZIER_KNOTS.) CURVE() GEOMETRIC_REPRESENTATION_ITEM() 
RATIONAL_B_SPLINE_CURVE((1.,1.,1.,1.,1.)) REPRESENTATION_ITEM('') );
#10500 = CARTESIAN_POINT('',(1.938912195024,-6.099231058091,0.));
#10501 = CARTESIAN_POINT('',(1.946428016358,-6.12287355775,
    3.950966311744));
#10502 = CARTESIAN_POINT('',(1.958117434827,-6.15964493108,
    7.915188641292));
#10503 = CARTESIAN_POINT('',(1.692818901611,-5.325096023908,
    11.841097004811));
#10504 = CARTESIAN_POINT('',(1.699322054491,-5.345552975039,15.8));
#10505 = PCURVE('',#4281,#10506);
#10506 = DEFINITIONAL_REPRESENTATION('',(#10507),#10511);
#10507 = LINE('',#10508,#10509);
#10508 = CARTESIAN_POINT('',(32.,0.));
#10509 = VECTOR('',#10510,1.);
#10510 = DIRECTION('',(0.,1.));
#10511 = ( GEOMETRIC_REPRESENTATION_CONTEXT(2) 
PARAMETRIC_REPRESENTATION_CONTEXT() REPRESENTATION_CONTEXT('2D SPACE',''
  ) );
#10512 = PCURVE('',#4249,#10513);
#10513 = DEFINITIONAL_REPRESENTATION('',(#10514),#10518);
#10514 = LINE('',#10515,#10516);
#10515 = CARTESIAN_POINT('',(32.,0.));
#10516 = VECTOR('',#10517,1.);
#10517 = DIRECTION('',(0.,1.));
#10518 = ( GEOMETRIC_REPRESENTATION_CONTEXT(2) 
PARAMETRIC_REPRESENTATION_CONTEXT() REPRESENTATION_CONTEXT('2D SPACE',''
  ) );
#10519 = ORIENTED_EDGE('',*,*,#5940,.F.);
#10520 = ORIENTED_EDGE('',*,*,#10439,.F.);
#10521 = ADVANCED_FACE('',(#10522),#1177,.F.);
#10522 = FACE_BOUND('',#10523,.F.);
#10523 = EDGE_LOOP('',(#10524,#10525,#10526,#10527));
#10524 = ORIENTED_EDGE('',*,*,#1163,.T.);
#10525 = ORIENTED_EDGE('',*,*,#10470,.T.);
#10526 = ORIENTED_EDGE('',*,*,#7977,.F.);
#10527 = ORIENTED_EDGE('',*,*,#10528,.F.);
#10528 = EDGE_CURVE('',#1164,#7957,#10529,.T.);
#10529 = SURFACE_CURVE('',#10530,(#10536,#10543),.PCURVE_S1.);
#10530 = ( BOUNDED_CURVE() B_SPLINE_CURVE(4,(#10531,#10532,#10533,#10534
,#10535),.UNSPECIFIED.,.F.,.F.) B_SPLINE_CURVE_WITH_KNOTS((5,5),(0.,1.),
.PIECEWISE_BEZIER_KNOTS.) CURVE() GEOMETRIC_REPRESENTATION_ITEM() 
RATIONAL_B_SPLINE_CURVE((1.,1.,1.,1.,1.)) REPRESENTATION_ITEM('') );
#10531 = CARTESIAN_POINT('',(1.938712749843,6.099294457033,0.));
#10532 = CARTESIAN_POINT('',(1.946222314683,6.122919951427,
    3.950966311744));
#10533 = CARTESIAN_POINT('',(1.957902002376,6.15966487633,7.915188641292
    ));
#10534 = CARTESIAN_POINT('',(1.692824315116,5.32571623246,
    11.841097004811));
#10535 = CARTESIAN_POINT('',(1.699322054491,5.346158469586,15.8));
#10536 = PCURVE('',#1177,#10537);
#10537 = DEFINITIONAL_REPRESENTATION('',(#10538),#10542);
#10538 = LINE('',#10539,#10540);
#10539 = CARTESIAN_POINT('',(128.,0.));
#10540 = VECTOR('',#10541,1.);
#10541 = DIRECTION('',(0.,1.));
#10542 = ( GEOMETRIC_REPRESENTATION_CONTEXT(2) 
PARAMETRIC_REPRESENTATION_CONTEXT() REPRESENTATION_CONTEXT('2D SPACE',''
  ) );
#10543 = PCURVE('',#1209,#10544);
#10544 = DEFINITIONAL_REPRESENTATION('',(#10545),#10549);
#10545 = LINE('',#10546,#10547);
#10546 = CARTESIAN_POINT('',(128.,0.));
#10547 = VECTOR('',#10548,1.);
#10548 = DIRECTION('',(0.,1.));
#10549 = ( GEOMETRIC_REPRESENTATION_CONTEXT(2) 
PARAMETRIC_REPRESENTATION_CONTEXT() REPRESENTATION_CONTEXT('2D SPACE',''
  ) );
#10550 = ADVANCED_FACE('',(#10551),#4249,.F.);
#10551 = FACE_BOUND('',#10552,.F.);
#10552 = EDGE_LOOP('',(#10553,#10554,#10577,#10578));
#10553 = ORIENTED_EDGE('',*,*,#4235,.T.);
#10554 = ORIENTED_EDGE('',*,*,#10555,.T.);
#10555 = EDGE_CURVE('',#4204,#5962,#10556,.T.);
#10556 = SURFACE_CURVE('',#10557,(#10563,#10570),.PCURVE_S1.);
#10557 = ( BOUNDED_CURVE() B_SPLINE_CURVE(4,(#10558,#10559,#10560,#10561
,#10562),.UNSPECIFIED.,.F.,.F.) B_SPLINE_CURVE_WITH_KNOTS((5,5),(0.,1.),
.PIECEWISE_BEZIER_KNOTS.) CURVE() GEOMETRIC_REPRESENTATION_ITEM() 
RATIONAL_B_SPLINE_CURVE((1.,1.,1.,1.,1.)) REPRESENTATION_ITEM('') );
#10558 = CARTESIAN_POINT('',(1.679391915358,-6.175730142633,0.));
#10559 = CARTESIAN_POINT('',(1.685089404433,-6.196681866107,
    3.950966311744));
#10560 = CARTESIAN_POINT('',(1.693950755848,-6.229268253202,
    7.915188641292));
#10561 = CARTESIAN_POINT('',(1.492836941766,-5.489700179563,
    11.841097004811));
#10562 = CARTESIAN_POINT('',(1.497766761254,-5.507828904927,15.8));
#10563 = PCURVE('',#4249,#10564);
#10564 = DEFINITIONAL_REPRESENTATION('',(#10565),#10569);
#10565 = LINE('',#10566,#10567);
#10566 = CARTESIAN_POINT('',(33.,0.));
#10567 = VECTOR('',#10568,1.);
#10568 = DIRECTION('',(0.,1.));
#10569 = ( GEOMETRIC_REPRESENTATION_CONTEXT(2) 
PARAMETRIC_REPRESENTATION_CONTEXT() REPRESENTATION_CONTEXT('2D SPACE',''
  ) );
#10570 = PCURVE('',#4217,#10571);
#10571 = DEFINITIONAL_REPRESENTATION('',(#10572),#10576);
#10572 = LINE('',#10573,#10574);
#10573 = CARTESIAN_POINT('',(33.,0.));
#10574 = VECTOR('',#10575,1.);
#10575 = DIRECTION('',(0.,1.));
#10576 = ( GEOMETRIC_REPRESENTATION_CONTEXT(2) 
PARAMETRIC_REPRESENTATION_CONTEXT() REPRESENTATION_CONTEXT('2D SPACE',''
  ) );
#10577 = ORIENTED_EDGE('',*,*,#5961,.F.);
#10578 = ORIENTED_EDGE('',*,*,#10497,.F.);
#10579 = ADVANCED_FACE('',(#10580),#1209,.F.);
#10580 = FACE_BOUND('',#10581,.F.);
#10581 = EDGE_LOOP('',(#10582,#10583,#10584,#10585));
#10582 = ORIENTED_EDGE('',*,*,#1195,.T.);
#10583 = ORIENTED_EDGE('',*,*,#10528,.T.);
#10584 = ORIENTED_EDGE('',*,*,#7956,.F.);
#10585 = ORIENTED_EDGE('',*,*,#10586,.F.);
#10586 = EDGE_CURVE('',#1196,#7936,#10587,.T.);
#10587 = SURFACE_CURVE('',#10588,(#10594,#10601),.PCURVE_S1.);
#10588 = ( BOUNDED_CURVE() B_SPLINE_CURVE(4,(#10589,#10590,#10591,#10592
,#10593),.UNSPECIFIED.,.F.,.F.) B_SPLINE_CURVE_WITH_KNOTS((5,5),(0.,1.),
.PIECEWISE_BEZIER_KNOTS.) CURVE() GEOMETRIC_REPRESENTATION_ITEM() 
RATIONAL_B_SPLINE_CURVE((1.,1.,1.,1.,1.)) REPRESENTATION_ITEM('') );
#10589 = CARTESIAN_POINT('',(1.679158253163,6.175793678616,0.));
#10590 = CARTESIAN_POINT('',(1.684848412373,6.196721574609,
    3.950966311744));
#10591 = CARTESIAN_POINT('',(1.693698363589,6.229270902628,
    7.915188641292));
#10592 = CARTESIAN_POINT('',(1.492843284017,5.490543907479,
    11.841097004811));
#10593 = CARTESIAN_POINT('',(1.497766761254,5.508652015835,15.8));
#10594 = PCURVE('',#1209,#10595);
#10595 = DEFINITIONAL_REPRESENTATION('',(#10596),#10600);
#10596 = LINE('',#10597,#10598);
#10597 = CARTESIAN_POINT('',(127.,0.));
#10598 = VECTOR('',#10599,1.);
#10599 = DIRECTION('',(0.,1.));
#10600 = ( GEOMETRIC_REPRESENTATION_CONTEXT(2) 
PARAMETRIC_REPRESENTATION_CONTEXT() REPRESENTATION_CONTEXT('2D SPACE',''
  ) );
#10601 = PCURVE('',#1241,#10602);
#10602 = DEFINITIONAL_REPRESENTATION('',(#10603),#10607);
#10603 = LINE('',#10604,#10605);
#10604 = CARTESIAN_POINT('',(127.,0.));
#10605 = VECTOR('',#10606,1.);
#10606 = DIRECTION('',(0.,1.));
#10607 = ( GEOMETRIC_REPRESENTATION_CONTEXT(2) 
PARAMETRIC_REPRESENTATION_CONTEXT() REPRESENTATION_CONTEXT('2D SPACE',''
  ) );
#10608 = ADVANCED_FACE('',(#10609),#4217,.F.);
#10609 = FACE_BOUND('',#10610,.F.);
#10610 = EDGE_LOOP('',(#10611,#10612,#10635,#10636));
#10611 = ORIENTED_EDGE('',*,*,#4203,.T.);
#10612 = ORIENTED_EDGE('',*,*,#10613,.T.);
#10613 = EDGE_CURVE('',#4172,#5983,#10614,.T.);
#10614 = SURFACE_CURVE('',#10615,(#10621,#10628),.PCURVE_S1.);
#10615 = ( BOUNDED_CURVE() B_SPLINE_CURVE(4,(#10616,#10617,#10618,#10619
,#10620),.UNSPECIFIED.,.F.,.F.) B_SPLINE_CURVE_WITH_KNOTS((5,5),(0.,1.),
.PIECEWISE_BEZIER_KNOTS.) CURVE() GEOMETRIC_REPRESENTATION_ITEM() 
RATIONAL_B_SPLINE_CURVE((1.,1.,1.,1.,1.)) REPRESENTATION_ITEM('') );
#10616 = CARTESIAN_POINT('',(1.424023687826,-6.239563809796,0.));
#10617 = CARTESIAN_POINT('',(1.428014578721,-6.257050470032,
    3.950966311744));
#10618 = CARTESIAN_POINT('',(1.434221644012,-6.284247615897,
    7.915188641292));
#10619 = CARTESIAN_POINT('',(1.293348484102,-5.666991682686,
    11.841097004811));
#10620 = CARTESIAN_POINT('',(1.296801649427,-5.682122221296,15.8));
#10621 = PCURVE('',#4217,#10622);
#10622 = DEFINITIONAL_REPRESENTATION('',(#10623),#10627);
#10623 = LINE('',#10624,#10625);
#10624 = CARTESIAN_POINT('',(34.,0.));
#10625 = VECTOR('',#10626,1.);
#10626 = DIRECTION('',(0.,1.));
#10627 = ( GEOMETRIC_REPRESENTATION_CONTEXT(2) 
PARAMETRIC_REPRESENTATION_CONTEXT() REPRESENTATION_CONTEXT('2D SPACE',''
  ) );
#10628 = PCURVE('',#4185,#10629);
#10629 = DEFINITIONAL_REPRESENTATION('',(#10630),#10634);
#10630 = LINE('',#10631,#10632);
#10631 = CARTESIAN_POINT('',(34.,0.));
#10632 = VECTOR('',#10633,1.);
#10633 = DIRECTION('',(0.,1.));
#10634 = ( GEOMETRIC_REPRESENTATION_CONTEXT(2) 
PARAMETRIC_REPRESENTATION_CONTEXT() REPRESENTATION_CONTEXT('2D SPACE',''
  ) );
#10635 = ORIENTED_EDGE('',*,*,#5982,.F.);
#10636 = ORIENTED_EDGE('',*,*,#10555,.F.);
#10637 = ADVANCED_FACE('',(#10638),#1241,.F.);
#10638 = FACE_BOUND('',#10639,.F.);
#10639 = EDGE_LOOP('',(#10640,#10641,#10642,#10643));
#10640 = ORIENTED_EDGE('',*,*,#1227,.T.);
#10641 = ORIENTED_EDGE('',*,*,#10586,.T.);
#10642 = ORIENTED_EDGE('',*,*,#7935,.F.);
#10643 = ORIENTED_EDGE('',*,*,#10644,.F.);
#10644 = EDGE_CURVE('',#1228,#7915,#10645,.T.);
#10645 = SURFACE_CURVE('',#10646,(#10652,#10659),.PCURVE_S1.);
#10646 = ( BOUNDED_CURVE() B_SPLINE_CURVE(4,(#10647,#10648,#10649,#10650
,#10651),.UNSPECIFIED.,.F.,.F.) B_SPLINE_CURVE_WITH_KNOTS((5,5),(0.,1.),
.PIECEWISE_BEZIER_KNOTS.) CURVE() GEOMETRIC_REPRESENTATION_ITEM() 
RATIONAL_B_SPLINE_CURVE((1.,1.,1.,1.,1.)) REPRESENTATION_ITEM('') );
#10647 = CARTESIAN_POINT('',(1.423788668843,6.239617442318,0.));
#10648 = CARTESIAN_POINT('',(1.427772187311,6.257074830385,
    3.950966311744));
#10649 = CARTESIAN_POINT('',(1.433967786207,6.284226449007,
    7.915188641292));
#10650 = CARTESIAN_POINT('',(1.293354863181,5.668003784559,
    11.841097004811));
#10651 = CARTESIAN_POINT('',(1.296801649427,5.683108995079,15.8));
#10652 = PCURVE('',#1241,#10653);
#10653 = DEFINITIONAL_REPRESENTATION('',(#10654),#10658);
#10654 = LINE('',#10655,#10656);
#10655 = CARTESIAN_POINT('',(126.,0.));
#10656 = VECTOR('',#10657,1.);
#10657 = DIRECTION('',(0.,1.));
#10658 = ( GEOMETRIC_REPRESENTATION_CONTEXT(2) 
PARAMETRIC_REPRESENTATION_CONTEXT() REPRESENTATION_CONTEXT('2D SPACE',''
  ) );
#10659 = PCURVE('',#1273,#10660);
#10660 = DEFINITIONAL_REPRESENTATION('',(#10661),#10665);
#10661 = LINE('',#10662,#10663);
#10662 = CARTESIAN_POINT('',(126.,0.));
#10663 = VECTOR('',#10664,1.);
#10664 = DIRECTION('',(0.,1.));
#10665 = ( GEOMETRIC_REPRESENTATION_CONTEXT(2) 
PARAMETRIC_REPRESENTATION_CONTEXT() REPRESENTATION_CONTEXT('2D SPACE',''
  ) );
#10666 = ADVANCED_FACE('',(#10667),#4185,.F.);
#10667 = FACE_BOUND('',#10668,.F.);
#10668 = EDGE_LOOP('',(#10669,#10670,#10693,#10694));
#10669 = ORIENTED_EDGE('',*,*,#4171,.T.);
#10670 = ORIENTED_EDGE('',*,*,#10671,.T.);
#10671 = EDGE_CURVE('',#4140,#6004,#10672,.T.);
#10672 = SURFACE_CURVE('',#10673,(#10679,#10686),.PCURVE_S1.);
#10673 = ( BOUNDED_CURVE() B_SPLINE_CURVE(4,(#10674,#10675,#10676,#10677
,#10678),.UNSPECIFIED.,.F.,.F.) B_SPLINE_CURVE_WITH_KNOTS((5,5),(0.,1.),
.PIECEWISE_BEZIER_KNOTS.) CURVE() GEOMETRIC_REPRESENTATION_ITEM() 
RATIONAL_B_SPLINE_CURVE((1.,1.,1.,1.,1.)) REPRESENTATION_ITEM('') );
#10674 = CARTESIAN_POINT('',(1.175497788179,-6.291121120276,0.));
#10675 = CARTESIAN_POINT('',(1.178036131774,-6.30470602631,
    3.950966311744));
#10676 = CARTESIAN_POINT('',(1.181984038352,-6.325834741913,
    7.915188641292));
#10677 = CARTESIAN_POINT('',(1.092383873263,-5.846305561472,
    11.841097004811));
#10678 = CARTESIAN_POINT('',(1.094580204937,-5.85806006133,15.8));
#10679 = PCURVE('',#4185,#10680);
#10680 = DEFINITIONAL_REPRESENTATION('',(#10681),#10685);
#10681 = LINE('',#10682,#10683);
#10682 = CARTESIAN_POINT('',(35.,0.));
#10683 = VECTOR('',#10684,1.);
#10684 = DIRECTION('',(0.,1.));
#10685 = ( GEOMETRIC_REPRESENTATION_CONTEXT(2) 
PARAMETRIC_REPRESENTATION_CONTEXT() REPRESENTATION_CONTEXT('2D SPACE',''
  ) );
#10686 = PCURVE('',#4153,#10687);
#10687 = DEFINITIONAL_REPRESENTATION('',(#10688),#10692);
#10688 = LINE('',#10689,#10690);
#10689 = CARTESIAN_POINT('',(35.,0.));
#10690 = VECTOR('',#10691,1.);
#10691 = DIRECTION('',(0.,1.));
#10692 = ( GEOMETRIC_REPRESENTATION_CONTEXT(2) 
PARAMETRIC_REPRESENTATION_CONTEXT() REPRESENTATION_CONTEXT('2D SPACE',''
  ) );
#10693 = ORIENTED_EDGE('',*,*,#6003,.F.);
#10694 = ORIENTED_EDGE('',*,*,#10613,.F.);
#10695 = ADVANCED_FACE('',(#10696),#1273,.F.);
#10696 = FACE_BOUND('',#10697,.F.);
#10697 = EDGE_LOOP('',(#10698,#10699,#10700,#10701));
#10698 = ORIENTED_EDGE('',*,*,#1259,.T.);
#10699 = ORIENTED_EDGE('',*,*,#10644,.T.);
#10700 = ORIENTED_EDGE('',*,*,#7914,.F.);
#10701 = ORIENTED_EDGE('',*,*,#10702,.F.);
#10702 = EDGE_CURVE('',#1260,#7894,#10703,.T.);
#10703 = SURFACE_CURVE('',#10704,(#10710,#10717),.PCURVE_S1.);
#10704 = ( BOUNDED_CURVE() B_SPLINE_CURVE(4,(#10705,#10706,#10707,#10708
,#10709),.UNSPECIFIED.,.F.,.F.) B_SPLINE_CURVE_WITH_KNOTS((5,5),(0.,1.),
.PIECEWISE_BEZIER_KNOTS.) CURVE() GEOMETRIC_REPRESENTATION_ITEM() 
RATIONAL_B_SPLINE_CURVE((1.,1.,1.,1.,1.)) REPRESENTATION_ITEM('') );
#10705 = CARTESIAN_POINT('',(1.175283734749,6.291161112452,0.));
#10706 = CARTESIAN_POINT('',(1.177815363596,6.304712635782,
    3.950966311744));
#10707 = CARTESIAN_POINT('',(1.181752826672,6.325789430991,
    7.915188641292));
#10708 = CARTESIAN_POINT('',(1.092389683277,5.847438615786,
    11.841097004811));
#10709 = CARTESIAN_POINT('',(1.094580204937,5.859164230865,15.8));
#10710 = PCURVE('',#1273,#10711);
#10711 = DEFINITIONAL_REPRESENTATION('',(#10712),#10716);
#10712 = LINE('',#10713,#10714);
#10713 = CARTESIAN_POINT('',(125.,0.));
#10714 = VECTOR('',#10715,1.);
#10715 = DIRECTION('',(0.,1.));
#10716 = ( GEOMETRIC_REPRESENTATION_CONTEXT(2) 
PARAMETRIC_REPRESENTATION_CONTEXT() REPRESENTATION_CONTEXT('2D SPACE',''
  ) );
#10717 = PCURVE('',#1305,#10718);
#10718 = DEFINITIONAL_REPRESENTATION('',(#10719),#10723);
#10719 = LINE('',#10720,#10721);
#10720 = CARTESIAN_POINT('',(125.,0.));
#10721 = VECTOR('',#10722,1.);
#10722 = DIRECTION('',(0.,1.));
#10723 = ( GEOMETRIC_REPRESENTATION_CONTEXT(2) 
PARAMETRIC_REPRESENTATION_CONTEXT() REPRESENTATION_CONTEXT('2D SPACE',''
  ) );
#10724 = ADVANCED_FACE('',(#10725),#4153,.F.);
#10725 = FACE_BOUND('',#10726,.F.);
#10726 = EDGE_LOOP('',(#10727,#10728,#10751,#10752));
#10727 = ORIENTED_EDGE('',*,*,#4139,.T.);
#10728 = ORIENTED_EDGE('',*,*,#10729,.T.);
#10729 = EDGE_CURVE('',#4108,#6025,#10730,.T.);
#10730 = SURFACE_CURVE('',#10731,(#10737,#10744),.PCURVE_S1.);
#10731 = ( BOUNDED_CURVE() B_SPLINE_CURVE(4,(#10732,#10733,#10734,#10735
,#10736),.UNSPECIFIED.,.F.,.F.) B_SPLINE_CURVE_WITH_KNOTS((5,5),(0.,1.),
.PIECEWISE_BEZIER_KNOTS.) CURVE() GEOMETRIC_REPRESENTATION_ITEM() 
RATIONAL_B_SPLINE_CURVE((1.,1.,1.,1.,1.)) REPRESENTATION_ITEM('') );
#10732 = CARTESIAN_POINT('',(0.934439311532,-6.331415574187,0.));
#10733 = CARTESIAN_POINT('',(0.935856691832,-6.341019219492,
    3.950966311744));
#10734 = CARTESIAN_POINT('',(0.93806115502,-6.35595584768,7.915188641292
    ));
#10735 = CARTESIAN_POINT('',(0.888029508723,-6.016959895068,
    11.841097004811));
#10736 = CARTESIAN_POINT('',(0.889255913712,-6.025269562215,15.8));
#10737 = PCURVE('',#4153,#10738);
#10738 = DEFINITIONAL_REPRESENTATION('',(#10739),#10743);
#10739 = LINE('',#10740,#10741);
#10740 = CARTESIAN_POINT('',(36.,0.));
#10741 = VECTOR('',#10742,1.);
#10742 = DIRECTION('',(0.,1.));
#10743 = ( GEOMETRIC_REPRESENTATION_CONTEXT(2) 
PARAMETRIC_REPRESENTATION_CONTEXT() REPRESENTATION_CONTEXT('2D SPACE',''
  ) );
#10744 = PCURVE('',#4121,#10745);
#10745 = DEFINITIONAL_REPRESENTATION('',(#10746),#10750);
#10746 = LINE('',#10747,#10748);
#10747 = CARTESIAN_POINT('',(36.,0.));
#10748 = VECTOR('',#10749,1.);
#10749 = DIRECTION('',(0.,1.));
#10750 = ( GEOMETRIC_REPRESENTATION_CONTEXT(2) 
PARAMETRIC_REPRESENTATION_CONTEXT() REPRESENTATION_CONTEXT('2D SPACE',''
  ) );
#10751 = ORIENTED_EDGE('',*,*,#6024,.F.);
#10752 = ORIENTED_EDGE('',*,*,#10671,.F.);
#10753 = ADVANCED_FACE('',(#10754),#1305,.F.);
#10754 = FACE_BOUND('',#10755,.F.);
#10755 = EDGE_LOOP('',(#10756,#10757,#10758,#10759));
#10756 = ORIENTED_EDGE('',*,*,#1291,.T.);
#10757 = ORIENTED_EDGE('',*,*,#10702,.T.);
#10758 = ORIENTED_EDGE('',*,*,#7893,.F.);
#10759 = ORIENTED_EDGE('',*,*,#10760,.F.);
#10760 = EDGE_CURVE('',#1292,#7873,#10761,.T.);
#10761 = SURFACE_CURVE('',#10762,(#10768,#10775),.PCURVE_S1.);
#10762 = ( BOUNDED_CURVE() B_SPLINE_CURVE(4,(#10763,#10764,#10765,#10766
,#10767),.UNSPECIFIED.,.F.,.F.) B_SPLINE_CURVE_WITH_KNOTS((5,5),(0.,1.),
.PIECEWISE_BEZIER_KNOTS.) CURVE() GEOMETRIC_REPRESENTATION_ITEM() 
RATIONAL_B_SPLINE_CURVE((1.,1.,1.,1.,1.)) REPRESENTATION_ITEM('') );
#10763 = CARTESIAN_POINT('',(0.934259791531,6.331442066538,0.));
#10764 = CARTESIAN_POINT('',(0.93567154038,6.341009433269,3.950966311744
    ));
#10765 = CARTESIAN_POINT('',(0.937867244925,6.355889637094,
    7.915188641292));
#10766 = CARTESIAN_POINT('',(0.888034381402,6.018174270055,
    11.841097004811));
#10767 = CARTESIAN_POINT('',(0.889255913712,6.026452546739,15.8));
#10768 = PCURVE('',#1305,#10769);
#10769 = DEFINITIONAL_REPRESENTATION('',(#10770),#10774);
#10770 = LINE('',#10771,#10772);
#10771 = CARTESIAN_POINT('',(124.,0.));
#10772 = VECTOR('',#10773,1.);
#10773 = DIRECTION('',(0.,1.));
#10774 = ( GEOMETRIC_REPRESENTATION_CONTEXT(2) 
PARAMETRIC_REPRESENTATION_CONTEXT() REPRESENTATION_CONTEXT('2D SPACE',''
  ) );
#10775 = PCURVE('',#1337,#10776);
#10776 = DEFINITIONAL_REPRESENTATION('',(#10777),#10781);
#10777 = LINE('',#10778,#10779);
#10778 = CARTESIAN_POINT('',(124.,0.));
#10779 = VECTOR('',#10780,1.);
#10780 = DIRECTION('',(0.,1.));
#10781 = ( GEOMETRIC_REPRESENTATION_CONTEXT(2) 
PARAMETRIC_REPRESENTATION_CONTEXT() REPRESENTATION_CONTEXT('2D SPACE',''
  ) );
#10782 = ADVANCED_FACE('',(#10783),#4121,.F.);
#10783 = FACE_BOUND('',#10784,.F.);
#10784 = EDGE_LOOP('',(#10785,#10786,#10809,#10810));
#10785 = ORIENTED_EDGE('',*,*,#4107,.T.);
#10786 = ORIENTED_EDGE('',*,*,#10787,.T.);
#10787 = EDGE_CURVE('',#4076,#6046,#10788,.T.);
#10788 = SURFACE_CURVE('',#10789,(#10795,#10802),.PCURVE_S1.);
#10789 = ( BOUNDED_CURVE() B_SPLINE_CURVE(4,(#10790,#10791,#10792,#10793
,#10794),.UNSPECIFIED.,.F.,.F.) B_SPLINE_CURVE_WITH_KNOTS((5,5),(0.,1.),
.PIECEWISE_BEZIER_KNOTS.) CURVE() GEOMETRIC_REPRESENTATION_ITEM() 
RATIONAL_B_SPLINE_CURVE((1.,1.,1.,1.,1.)) REPRESENTATION_ITEM('') );
#10790 = CARTESIAN_POINT('',(0.699688140329,-6.361637879217,0.));
#10791 = CARTESIAN_POINT('',(0.700337673253,-6.367543500613,
    3.950966311744));
#10792 = CARTESIAN_POINT('',(0.701347897128,-6.376728561932,
    7.915188641292));
#10793 = CARTESIAN_POINT('',(0.67842024567,-6.168267952707,
    11.841097004811));
#10794 = CARTESIAN_POINT('',(0.678982261678,-6.173377861137,15.8));
#10795 = PCURVE('',#4121,#10796);
#10796 = DEFINITIONAL_REPRESENTATION('',(#10797),#10801);
#10797 = LINE('',#10798,#10799);
#10798 = CARTESIAN_POINT('',(37.,0.));
#10799 = VECTOR('',#10800,1.);
#10800 = DIRECTION('',(0.,1.));
#10801 = ( GEOMETRIC_REPRESENTATION_CONTEXT(2) 
PARAMETRIC_REPRESENTATION_CONTEXT() REPRESENTATION_CONTEXT('2D SPACE',''
  ) );
#10802 = PCURVE('',#4089,#10803);
#10803 = DEFINITIONAL_REPRESENTATION('',(#10804),#10808);
#10804 = LINE('',#10805,#10806);
#10805 = CARTESIAN_POINT('',(37.,0.));
#10806 = VECTOR('',#10807,1.);
#10807 = DIRECTION('',(0.,1.));
#10808 = ( GEOMETRIC_REPRESENTATION_CONTEXT(2) 
PARAMETRIC_REPRESENTATION_CONTEXT() REPRESENTATION_CONTEXT('2D SPACE',''
  ) );
#10809 = ORIENTED_EDGE('',*,*,#6045,.F.);
#10810 = ORIENTED_EDGE('',*,*,#10729,.F.);
#10811 = ADVANCED_FACE('',(#10812),#1337,.F.);
#10812 = FACE_BOUND('',#10813,.F.);
#10813 = EDGE_LOOP('',(#10814,#10815,#10816,#10817));
#10814 = ORIENTED_EDGE('',*,*,#1323,.T.);
#10815 = ORIENTED_EDGE('',*,*,#10760,.T.);
#10816 = ORIENTED_EDGE('',*,*,#7872,.F.);
#10817 = ORIENTED_EDGE('',*,*,#10818,.F.);
#10818 = EDGE_CURVE('',#1324,#7852,#10819,.T.);
#10819 = SURFACE_CURVE('',#10820,(#10826,#10833),.PCURVE_S1.);
#10820 = ( BOUNDED_CURVE() B_SPLINE_CURVE(4,(#10821,#10822,#10823,#10824
,#10825),.UNSPECIFIED.,.F.,.F.) B_SPLINE_CURVE_WITH_KNOTS((5,5),(0.,1.),
.PIECEWISE_BEZIER_KNOTS.) CURVE() GEOMETRIC_REPRESENTATION_ITEM() 
RATIONAL_B_SPLINE_CURVE((1.,1.,1.,1.,1.)) REPRESENTATION_ITEM('') );
#10821 = CARTESIAN_POINT('',(0.699550324489,6.361653035454,0.));
#10822 = CARTESIAN_POINT('',(0.7001955342,6.367520519424,3.950966311744)
  );
#10823 = CARTESIAN_POINT('',(0.701199034147,6.376646265293,
    7.915188641292));
#10824 = CARTESIAN_POINT('',(0.678423986381,6.169531856674,
    11.841097004811));
#10825 = CARTESIAN_POINT('',(0.678982261678,6.174608766246,15.8));
#10826 = PCURVE('',#1337,#10827);
#10827 = DEFINITIONAL_REPRESENTATION('',(#10828),#10832);
#10828 = LINE('',#10829,#10830);
#10829 = CARTESIAN_POINT('',(123.,0.));
#10830 = VECTOR('',#10831,1.);
#10831 = DIRECTION('',(0.,1.));
#10832 = ( GEOMETRIC_REPRESENTATION_CONTEXT(2) 
PARAMETRIC_REPRESENTATION_CONTEXT() REPRESENTATION_CONTEXT('2D SPACE',''
  ) );
#10833 = PCURVE('',#1369,#10834);
#10834 = DEFINITIONAL_REPRESENTATION('',(#10835),#10839);
#10835 = LINE('',#10836,#10837);
#10836 = CARTESIAN_POINT('',(123.,0.));
#10837 = VECTOR('',#10838,1.);
#10838 = DIRECTION('',(0.,1.));
#10839 = ( GEOMETRIC_REPRESENTATION_CONTEXT(2) 
PARAMETRIC_REPRESENTATION_CONTEXT() REPRESENTATION_CONTEXT('2D SPACE',''
  ) );
#10840 = ADVANCED_FACE('',(#10841),#4089,.F.);
#10841 = FACE_BOUND('',#10842,.F.);
#10842 = EDGE_LOOP('',(#10843,#10844,#10867,#10868));
#10843 = ORIENTED_EDGE('',*,*,#4075,.T.);
#10844 = ORIENTED_EDGE('',*,*,#10845,.T.);
#10845 = EDGE_CURVE('',#4044,#6067,#10846,.T.);
#10846 = SURFACE_CURVE('',#10847,(#10853,#10860),.PCURVE_S1.);
#10847 = ( BOUNDED_CURVE() B_SPLINE_CURVE(4,(#10848,#10849,#10850,#10851
,#10852),.UNSPECIFIED.,.F.,.F.) B_SPLINE_CURVE_WITH_KNOTS((5,5),(0.,1.),
.PIECEWISE_BEZIER_KNOTS.) CURVE() GEOMETRIC_REPRESENTATION_ITEM() 
RATIONAL_B_SPLINE_CURVE((1.,1.,1.,1.,1.)) REPRESENTATION_ITEM('') );
#10848 = CARTESIAN_POINT('',(0.468579418342,-6.382823303892,0.));
#10849 = CARTESIAN_POINT('',(0.468788548829,-6.385672005502,
    3.950966311744));
#10850 = CARTESIAN_POINT('',(0.469113811187,-6.390102614444,
    7.915188641292));
#10851 = CARTESIAN_POINT('',(0.461731782148,-6.28954722268,
    11.841097004811));
#10852 = CARTESIAN_POINT('',(0.461912734763,-6.29201209528,15.8));
#10853 = PCURVE('',#4089,#10854);
#10854 = DEFINITIONAL_REPRESENTATION('',(#10855),#10859);
#10855 = LINE('',#10856,#10857);
#10856 = CARTESIAN_POINT('',(38.,0.));
#10857 = VECTOR('',#10858,1.);
#10858 = DIRECTION('',(0.,1.));
#10859 = ( GEOMETRIC_REPRESENTATION_CONTEXT(2) 
PARAMETRIC_REPRESENTATION_CONTEXT() REPRESENTATION_CONTEXT('2D SPACE',''
  ) );
#10860 = PCURVE('',#4057,#10861);
#10861 = DEFINITIONAL_REPRESENTATION('',(#10862),#10866);
#10862 = LINE('',#10863,#10864);
#10863 = CARTESIAN_POINT('',(38.,0.));
#10864 = VECTOR('',#10865,1.);
#10865 = DIRECTION('',(0.,1.));
#10866 = ( GEOMETRIC_REPRESENTATION_CONTEXT(2) 
PARAMETRIC_REPRESENTATION_CONTEXT() REPRESENTATION_CONTEXT('2D SPACE',''
  ) );
#10867 = ORIENTED_EDGE('',*,*,#6066,.F.);
#10868 = ORIENTED_EDGE('',*,*,#10787,.F.);
#10869 = ADVANCED_FACE('',(#10870),#1369,.F.);
#10870 = FACE_BOUND('',#10871,.F.);
#10871 = EDGE_LOOP('',(#10872,#10873,#10874,#10875));
#10872 = ORIENTED_EDGE('',*,*,#1355,.T.);
#10873 = ORIENTED_EDGE('',*,*,#10818,.T.);
#10874 = ORIENTED_EDGE('',*,*,#7851,.F.);
#10875 = ORIENTED_EDGE('',*,*,#10876,.F.);
#10876 = EDGE_CURVE('',#1356,#7831,#10877,.T.);
#10877 = SURFACE_CURVE('',#10878,(#10884,#10891),.PCURVE_S1.);
#10878 = ( BOUNDED_CURVE() B_SPLINE_CURVE(4,(#10879,#10880,#10881,#10882
,#10883),.UNSPECIFIED.,.F.,.F.) B_SPLINE_CURVE_WITH_KNOTS((5,5),(0.,1.),
.PIECEWISE_BEZIER_KNOTS.) CURVE() GEOMETRIC_REPRESENTATION_ITEM() 
RATIONAL_B_SPLINE_CURVE((1.,1.,1.,1.,1.)) REPRESENTATION_ITEM('') );
#10879 = CARTESIAN_POINT('',(0.468486429507,6.38283012976,0.));
#10880 = CARTESIAN_POINT('',(0.468692642981,6.385639657404,
    3.950966311744));
#10881 = CARTESIAN_POINT('',(0.469013368486,6.390009338757,
    7.915188641292));
#10882 = CARTESIAN_POINT('',(0.461734306127,6.290836736067,
    11.841097004811));
#10883 = CARTESIAN_POINT('',(0.461912734763,6.293267712933,15.8));
#10884 = PCURVE('',#1369,#10885);
#10885 = DEFINITIONAL_REPRESENTATION('',(#10886),#10890);
#10886 = LINE('',#10887,#10888);
#10887 = CARTESIAN_POINT('',(122.,0.));
#10888 = VECTOR('',#10889,1.);
#10889 = DIRECTION('',(0.,1.));
#10890 = ( GEOMETRIC_REPRESENTATION_CONTEXT(2) 
PARAMETRIC_REPRESENTATION_CONTEXT() REPRESENTATION_CONTEXT('2D SPACE',''
  ) );
#10891 = PCURVE('',#1401,#10892);
#10892 = DEFINITIONAL_REPRESENTATION('',(#10893),#10897);
#10893 = LINE('',#10894,#10895);
#10894 = CARTESIAN_POINT('',(122.,0.));
#10895 = VECTOR('',#10896,1.);
#10896 = DIRECTION('',(0.,1.));
#10897 = ( GEOMETRIC_REPRESENTATION_CONTEXT(2) 
PARAMETRIC_REPRESENTATION_CONTEXT() REPRESENTATION_CONTEXT('2D SPACE',''
  ) );
#10898 = ADVANCED_FACE('',(#10899),#4057,.F.);
#10899 = FACE_BOUND('',#10900,.F.);
#10900 = EDGE_LOOP('',(#10901,#10902,#10925,#10926));
#10901 = ORIENTED_EDGE('',*,*,#4043,.T.);
#10902 = ORIENTED_EDGE('',*,*,#10903,.T.);
#10903 = EDGE_CURVE('',#4012,#6088,#10904,.T.);
#10904 = SURFACE_CURVE('',#10905,(#10911,#10918),.PCURVE_S1.);
#10905 = ( BOUNDED_CURVE() B_SPLINE_CURVE(4,(#10906,#10907,#10908,#10909
,#10910),.UNSPECIFIED.,.F.,.F.) B_SPLINE_CURVE_WITH_KNOTS((5,5),(0.,1.),
.PIECEWISE_BEZIER_KNOTS.) CURVE() GEOMETRIC_REPRESENTATION_ITEM() 
RATIONAL_B_SPLINE_CURVE((1.,1.,1.,1.,1.)) REPRESENTATION_ITEM('') );
#10906 = CARTESIAN_POINT('',(0.237120530351,-6.395605823852,0.));
#10907 = CARTESIAN_POINT('',(0.237149381233,-6.396383988744,
    3.950966311744));
#10908 = CARTESIAN_POINT('',(0.237194253247,-6.397594274973,
    7.915188641292));
#10909 = CARTESIAN_POINT('',(0.236175855329,-6.370126085498,
    11.841097004811));
#10910 = CARTESIAN_POINT('',(0.236200818895,-6.370799401831,15.8));
#10911 = PCURVE('',#4057,#10912);
#10912 = DEFINITIONAL_REPRESENTATION('',(#10913),#10917);
#10913 = LINE('',#10914,#10915);
#10914 = CARTESIAN_POINT('',(39.,0.));
#10915 = VECTOR('',#10916,1.);
#10916 = DIRECTION('',(0.,1.));
#10917 = ( GEOMETRIC_REPRESENTATION_CONTEXT(2) 
PARAMETRIC_REPRESENTATION_CONTEXT() REPRESENTATION_CONTEXT('2D SPACE',''
  ) );
#10918 = PCURVE('',#4025,#10919);
#10919 = DEFINITIONAL_REPRESENTATION('',(#10920),#10924);
#10920 = LINE('',#10921,#10922);
#10921 = CARTESIAN_POINT('',(39.,0.));
#10922 = VECTOR('',#10923,1.);
#10923 = DIRECTION('',(0.,1.));
#10924 = ( GEOMETRIC_REPRESENTATION_CONTEXT(2) 
PARAMETRIC_REPRESENTATION_CONTEXT() REPRESENTATION_CONTEXT('2D SPACE',''
  ) );
#10925 = ORIENTED_EDGE('',*,*,#6087,.F.);
#10926 = ORIENTED_EDGE('',*,*,#10845,.F.);
#10927 = ADVANCED_FACE('',(#10928),#1401,.F.);
#10928 = FACE_BOUND('',#10929,.F.);
#10929 = EDGE_LOOP('',(#10930,#10931,#10932,#10933));
#10930 = ORIENTED_EDGE('',*,*,#1387,.T.);
#10931 = ORIENTED_EDGE('',*,*,#10876,.T.);
#10932 = ORIENTED_EDGE('',*,*,#7830,.F.);
#10933 = ORIENTED_EDGE('',*,*,#10934,.F.);
#10934 = EDGE_CURVE('',#1388,#7810,#10935,.T.);
#10935 = SURFACE_CURVE('',#10936,(#10942,#10949),.PCURVE_S1.);
#10936 = ( BOUNDED_CURVE() B_SPLINE_CURVE(4,(#10937,#10938,#10939,#10940
,#10941),.UNSPECIFIED.,.F.,.F.) B_SPLINE_CURVE_WITH_KNOTS((5,5),(0.,1.),
.PIECEWISE_BEZIER_KNOTS.) CURVE() GEOMETRIC_REPRESENTATION_ITEM() 
RATIONAL_B_SPLINE_CURVE((1.,1.,1.,1.,1.)) REPRESENTATION_ITEM('') );
#10937 = CARTESIAN_POINT('',(0.237073528236,6.395607566308,0.));
#10938 = CARTESIAN_POINT('',(0.237100904686,6.396346109457,
    3.950966311744));
#10939 = CARTESIAN_POINT('',(0.237143483502,6.397494771666,
    7.915188641292));
#10940 = CARTESIAN_POINT('',(0.236177131099,6.371425177191,
    11.841097004811));
#10941 = CARTESIAN_POINT('',(0.236200818895,6.372064210345,15.8));
#10942 = PCURVE('',#1401,#10943);
#10943 = DEFINITIONAL_REPRESENTATION('',(#10944),#10948);
#10944 = LINE('',#10945,#10946);
#10945 = CARTESIAN_POINT('',(121.,0.));
#10946 = VECTOR('',#10947,1.);
#10947 = DIRECTION('',(0.,1.));
#10948 = ( GEOMETRIC_REPRESENTATION_CONTEXT(2) 
PARAMETRIC_REPRESENTATION_CONTEXT() REPRESENTATION_CONTEXT('2D SPACE',''
  ) );
#10949 = PCURVE('',#1433,#10950);
#10950 = DEFINITIONAL_REPRESENTATION('',(#10951),#10955);
#10951 = LINE('',#10952,#10953);
#10952 = CARTESIAN_POINT('',(121.,0.));
#10953 = VECTOR('',#10954,1.);
#10954 = DIRECTION('',(0.,1.));
#10955 = ( GEOMETRIC_REPRESENTATION_CONTEXT(2) 
PARAMETRIC_REPRESENTATION_CONTEXT() REPRESENTATION_CONTEXT('2D SPACE',''
  ) );
#10956 = ADVANCED_FACE('',(#10957),#4025,.F.);
#10957 = FACE_BOUND('',#10958,.F.);
#10958 = EDGE_LOOP('',(#10959,#10960,#10983,#10984));
#10959 = ORIENTED_EDGE('',*,*,#4011,.T.);
#10960 = ORIENTED_EDGE('',*,*,#10961,.T.);
#10961 = EDGE_CURVE('',#3980,#6109,#10962,.T.);
#10962 = SURFACE_CURVE('',#10963,(#10969,#10976),.PCURVE_S1.);
#10963 = ( BOUNDED_CURVE() B_SPLINE_CURVE(4,(#10964,#10965,#10966,#10967
,#10968),.UNSPECIFIED.,.F.,.F.) B_SPLINE_CURVE_WITH_KNOTS((5,5),(0.,1.),
.PIECEWISE_BEZIER_KNOTS.) CURVE() GEOMETRIC_REPRESENTATION_ITEM() 
RATIONAL_B_SPLINE_CURVE((1.,1.,1.,1.,1.)) REPRESENTATION_ITEM('') );
#10964 = CARTESIAN_POINT('',(0.,-6.4,0.));
#10965 = CARTESIAN_POINT('',(0.,-6.400019859462,3.950966311744));
#10966 = CARTESIAN_POINT('',(0.,-6.400050747047,7.915188641292));
#10967 = CARTESIAN_POINT('',(0.,-6.399349734339,11.841097004811));
#10968 = CARTESIAN_POINT('',(0.,-6.399366917973,15.8));
#10969 = PCURVE('',#4025,#10970);
#10970 = DEFINITIONAL_REPRESENTATION('',(#10971),#10975);
#10971 = LINE('',#10972,#10973);
#10972 = CARTESIAN_POINT('',(40.,0.));
#10973 = VECTOR('',#10974,1.);
#10974 = DIRECTION('',(0.,1.));
#10975 = ( GEOMETRIC_REPRESENTATION_CONTEXT(2) 
PARAMETRIC_REPRESENTATION_CONTEXT() REPRESENTATION_CONTEXT('2D SPACE',''
  ) );
#10976 = PCURVE('',#3993,#10977);
#10977 = DEFINITIONAL_REPRESENTATION('',(#10978),#10982);
#10978 = LINE('',#10979,#10980);
#10979 = CARTESIAN_POINT('',(40.,0.));
#10980 = VECTOR('',#10981,1.);
#10981 = DIRECTION('',(0.,1.));
#10982 = ( GEOMETRIC_REPRESENTATION_CONTEXT(2) 
PARAMETRIC_REPRESENTATION_CONTEXT() REPRESENTATION_CONTEXT('2D SPACE',''
  ) );
#10983 = ORIENTED_EDGE('',*,*,#6108,.F.);
#10984 = ORIENTED_EDGE('',*,*,#10903,.F.);
#10985 = ADVANCED_FACE('',(#10986),#1433,.F.);
#10986 = FACE_BOUND('',#10987,.F.);
#10987 = EDGE_LOOP('',(#10988,#10989,#10990,#10991));
#10988 = ORIENTED_EDGE('',*,*,#1419,.T.);
#10989 = ORIENTED_EDGE('',*,*,#10934,.T.);
#10990 = ORIENTED_EDGE('',*,*,#7809,.F.);
#10991 = ORIENTED_EDGE('',*,*,#10992,.F.);
#10992 = EDGE_CURVE('',#1420,#7789,#10993,.T.);
#10993 = SURFACE_CURVE('',#10994,(#11000,#11007),.PCURVE_S1.);
#10994 = ( BOUNDED_CURVE() B_SPLINE_CURVE(4,(#10995,#10996,#10997,#10998
,#10999),.UNSPECIFIED.,.F.,.F.) B_SPLINE_CURVE_WITH_KNOTS((5,5),(0.,1.),
.PIECEWISE_BEZIER_KNOTS.) CURVE() GEOMETRIC_REPRESENTATION_ITEM() 
RATIONAL_B_SPLINE_CURVE((1.,1.,1.,1.,1.)) REPRESENTATION_ITEM('') );
#10995 = CARTESIAN_POINT('',(0.,6.4,0.));
#10996 = CARTESIAN_POINT('',(0.,6.399980140537,3.950966311744));
#10997 = CARTESIAN_POINT('',(0.,6.399949252953,7.915188641292));
#10998 = CARTESIAN_POINT('',(0.,6.400650265661,11.841097004811));
#10999 = CARTESIAN_POINT('',(0.,6.400633082027,15.8));
#11000 = PCURVE('',#1433,#11001);
#11001 = DEFINITIONAL_REPRESENTATION('',(#11002),#11006);
#11002 = LINE('',#11003,#11004);
#11003 = CARTESIAN_POINT('',(120.,0.));
#11004 = VECTOR('',#11005,1.);
#11005 = DIRECTION('',(0.,1.));
#11006 = ( GEOMETRIC_REPRESENTATION_CONTEXT(2) 
PARAMETRIC_REPRESENTATION_CONTEXT() REPRESENTATION_CONTEXT('2D SPACE',''
  ) );
#11007 = PCURVE('',#1465,#11008);
#11008 = DEFINITIONAL_REPRESENTATION('',(#11009),#11013);
#11009 = LINE('',#11010,#11011);
#11010 = CARTESIAN_POINT('',(120.,0.));
#11011 = VECTOR('',#11012,1.);
#11012 = DIRECTION('',(0.,1.));
#11013 = ( GEOMETRIC_REPRESENTATION_CONTEXT(2) 
PARAMETRIC_REPRESENTATION_CONTEXT() REPRESENTATION_CONTEXT('2D SPACE',''
  ) );
#11014 = ADVANCED_FACE('',(#11015),#3993,.F.);
#11015 = FACE_BOUND('',#11016,.F.);
#11016 = EDGE_LOOP('',(#11017,#11018,#11041,#11042));
#11017 = ORIENTED_EDGE('',*,*,#3979,.T.);
#11018 = ORIENTED_EDGE('',*,*,#11019,.T.);
#11019 = EDGE_CURVE('',#3948,#6130,#11020,.T.);
#11020 = SURFACE_CURVE('',#11021,(#11027,#11034),.PCURVE_S1.);
#11021 = ( BOUNDED_CURVE() B_SPLINE_CURVE(4,(#11022,#11023,#11024,#11025
,#11026),.UNSPECIFIED.,.F.,.F.) B_SPLINE_CURVE_WITH_KNOTS((5,5),(0.,1.),
.PIECEWISE_BEZIER_KNOTS.) CURVE() GEOMETRIC_REPRESENTATION_ITEM() 
RATIONAL_B_SPLINE_CURVE((1.,1.,1.,1.,1.)) REPRESENTATION_ITEM('') );
#11022 = CARTESIAN_POINT('',(-0.237470571039,-6.395592836312,0.));
#11023 = CARTESIAN_POINT('',(-0.237499449443,-6.396370593792,
    3.950966311744));
#11024 = CARTESIAN_POINT('',(-0.237544364261,-6.397580246369,
    7.915188641292));
#11025 = CARTESIAN_POINT('',(-0.236524994874,-6.370126438016,
    11.841097004811));
#11026 = CARTESIAN_POINT('',(-0.236549982253,-6.370799401831,15.8));
#11027 = PCURVE('',#3993,#11028);
#11028 = DEFINITIONAL_REPRESENTATION('',(#11029),#11033);
#11029 = LINE('',#11030,#11031);
#11030 = CARTESIAN_POINT('',(41.,0.));
#11031 = VECTOR('',#11032,1.);
#11032 = DIRECTION('',(0.,1.));
#11033 = ( GEOMETRIC_REPRESENTATION_CONTEXT(2) 
PARAMETRIC_REPRESENTATION_CONTEXT() REPRESENTATION_CONTEXT('2D SPACE',''
  ) );
#11034 = PCURVE('',#3961,#11035);
#11035 = DEFINITIONAL_REPRESENTATION('',(#11036),#11040);
#11036 = LINE('',#11037,#11038);
#11037 = CARTESIAN_POINT('',(41.,0.));
#11038 = VECTOR('',#11039,1.);
#11039 = DIRECTION('',(0.,1.));
#11040 = ( GEOMETRIC_REPRESENTATION_CONTEXT(2) 
PARAMETRIC_REPRESENTATION_CONTEXT() REPRESENTATION_CONTEXT('2D SPACE',''
  ) );
#11041 = ORIENTED_EDGE('',*,*,#6129,.F.);
#11042 = ORIENTED_EDGE('',*,*,#10961,.F.);
#11043 = ADVANCED_FACE('',(#11044),#1465,.F.);
#11044 = FACE_BOUND('',#11045,.F.);
#11045 = EDGE_LOOP('',(#11046,#11047,#11048,#11049));
#11046 = ORIENTED_EDGE('',*,*,#1451,.T.);
#11047 = ORIENTED_EDGE('',*,*,#10992,.T.);
#11048 = ORIENTED_EDGE('',*,*,#7788,.F.);
#11049 = ORIENTED_EDGE('',*,*,#11050,.F.);
#11050 = EDGE_CURVE('',#1452,#7768,#11051,.T.);
#11051 = SURFACE_CURVE('',#11052,(#11058,#11065),.PCURVE_S1.);
#11052 = ( BOUNDED_CURVE() B_SPLINE_CURVE(4,(#11053,#11054,#11055,#11056
,#11057),.UNSPECIFIED.,.F.,.F.) B_SPLINE_CURVE_WITH_KNOTS((5,5),(0.,1.),
.PIECEWISE_BEZIER_KNOTS.) CURVE() GEOMETRIC_REPRESENTATION_ITEM() 
RATIONAL_B_SPLINE_CURVE((1.,1.,1.,1.,1.)) REPRESENTATION_ITEM('') );
#11053 = CARTESIAN_POINT('',(-0.237423499729,6.395594583913,0.));
#11054 = CARTESIAN_POINT('',(-0.23745090153,6.396332719811,
    3.950966311744));
#11055 = CARTESIAN_POINT('',(-0.237493519775,6.397480748619,
    7.915188641292));
#11056 = CARTESIAN_POINT('',(-0.236526272522,6.37142552957,
    11.841097004811));
#11057 = CARTESIAN_POINT('',(-0.236549982253,6.372064210345,15.8));
#11058 = PCURVE('',#1465,#11059);
#11059 = DEFINITIONAL_REPRESENTATION('',(#11060),#11064);
#11060 = LINE('',#11061,#11062);
#11061 = CARTESIAN_POINT('',(119.,0.));
#11062 = VECTOR('',#11063,1.);
#11063 = DIRECTION('',(0.,1.));
#11064 = ( GEOMETRIC_REPRESENTATION_CONTEXT(2) 
PARAMETRIC_REPRESENTATION_CONTEXT() REPRESENTATION_CONTEXT('2D SPACE',''
  ) );
#11065 = PCURVE('',#1497,#11066);
#11066 = DEFINITIONAL_REPRESENTATION('',(#11067),#11071);
#11067 = LINE('',#11068,#11069);
#11068 = CARTESIAN_POINT('',(119.,0.));
#11069 = VECTOR('',#11070,1.);
#11070 = DIRECTION('',(0.,1.));
#11071 = ( GEOMETRIC_REPRESENTATION_CONTEXT(2) 
PARAMETRIC_REPRESENTATION_CONTEXT() REPRESENTATION_CONTEXT('2D SPACE',''
  ) );
#11072 = ADVANCED_FACE('',(#11073),#3961,.F.);
#11073 = FACE_BOUND('',#11074,.F.);
#11074 = EDGE_LOOP('',(#11075,#11076,#11099,#11100));
#11075 = ORIENTED_EDGE('',*,*,#3947,.T.);
#11076 = ORIENTED_EDGE('',*,*,#11077,.T.);
#11077 = EDGE_CURVE('',#3916,#6151,#11078,.T.);
#11078 = SURFACE_CURVE('',#11079,(#11085,#11092),.PCURVE_S1.);
#11079 = ( BOUNDED_CURVE() B_SPLINE_CURVE(4,(#11080,#11081,#11082,#11083
,#11084),.UNSPECIFIED.,.F.,.F.) B_SPLINE_CURVE_WITH_KNOTS((5,5),(0.,1.),
.PIECEWISE_BEZIER_KNOTS.) CURVE() GEOMETRIC_REPRESENTATION_ITEM() 
RATIONAL_B_SPLINE_CURVE((1.,1.,1.,1.,1.)) REPRESENTATION_ITEM('') );
#11080 = CARTESIAN_POINT('',(-0.469212476545,-6.382776797903,0.));
#11081 = CARTESIAN_POINT('',(-0.469421783852,-6.385624040644,
    3.950966311744));
#11082 = CARTESIAN_POINT('',(-0.469747321219,-6.390052380595,
    7.915188641292));
#11083 = CARTESIAN_POINT('',(-0.462359050682,-6.289548484983,
    11.841097004811));
#11084 = CARTESIAN_POINT('',(-0.462540156292,-6.29201209528,15.8));
#11085 = PCURVE('',#3961,#11086);
#11086 = DEFINITIONAL_REPRESENTATION('',(#11087),#11091);
#11087 = LINE('',#11088,#11089);
#11088 = CARTESIAN_POINT('',(42.,0.));
#11089 = VECTOR('',#11090,1.);
#11090 = DIRECTION('',(0.,1.));
#11091 = ( GEOMETRIC_REPRESENTATION_CONTEXT(2) 
PARAMETRIC_REPRESENTATION_CONTEXT() REPRESENTATION_CONTEXT('2D SPACE',''
  ) );
#11092 = PCURVE('',#3929,#11093);
#11093 = DEFINITIONAL_REPRESENTATION('',(#11094),#11098);
#11094 = LINE('',#11095,#11096);
#11095 = CARTESIAN_POINT('',(42.,0.));
#11096 = VECTOR('',#11097,1.);
#11097 = DIRECTION('',(0.,1.));
#11098 = ( GEOMETRIC_REPRESENTATION_CONTEXT(2) 
PARAMETRIC_REPRESENTATION_CONTEXT() REPRESENTATION_CONTEXT('2D SPACE',''
  ) );
#11099 = ORIENTED_EDGE('',*,*,#6150,.F.);
#11100 = ORIENTED_EDGE('',*,*,#11019,.F.);
#11101 = ADVANCED_FACE('',(#11102),#1497,.F.);
#11102 = FACE_BOUND('',#11103,.F.);
#11103 = EDGE_LOOP('',(#11104,#11105,#11106,#11107));
#11104 = ORIENTED_EDGE('',*,*,#1483,.T.);
#11105 = ORIENTED_EDGE('',*,*,#11050,.T.);
#11106 = ORIENTED_EDGE('',*,*,#7767,.F.);
#11107 = ORIENTED_EDGE('',*,*,#11108,.F.);
#11108 = EDGE_CURVE('',#1484,#7747,#11109,.T.);
#11109 = SURFACE_CURVE('',#11110,(#11116,#11123),.PCURVE_S1.);
#11110 = ( BOUNDED_CURVE() B_SPLINE_CURVE(4,(#11111,#11112,#11113,#11114
,#11115),.UNSPECIFIED.,.F.,.F.) B_SPLINE_CURVE_WITH_KNOTS((5,5),(0.,1.),
.PIECEWISE_BEZIER_KNOTS.) CURVE() GEOMETRIC_REPRESENTATION_ITEM() 
RATIONAL_B_SPLINE_CURVE((1.,1.,1.,1.,1.)) REPRESENTATION_ITEM('') );
#11111 = CARTESIAN_POINT('',(-0.469119363437,6.382783642177,0.));
#11112 = CARTESIAN_POINT('',(-0.469325749832,6.38559171153,
    3.950966311744));
#11113 = CARTESIAN_POINT('',(-0.469646744283,6.389959124789,
    7.915188641292));
#11114 = CARTESIAN_POINT('',(-0.462361578034,6.290837997871,
    11.841097004811));
#11115 = CARTESIAN_POINT('',(-0.462540156292,6.293267712933,15.8));
#11116 = PCURVE('',#1497,#11117);
#11117 = DEFINITIONAL_REPRESENTATION('',(#11118),#11122);
#11118 = LINE('',#11119,#11120);
#11119 = CARTESIAN_POINT('',(118.,0.));
#11120 = VECTOR('',#11121,1.);
#11121 = DIRECTION('',(0.,1.));
#11122 = ( GEOMETRIC_REPRESENTATION_CONTEXT(2) 
PARAMETRIC_REPRESENTATION_CONTEXT() REPRESENTATION_CONTEXT('2D SPACE',''
  ) );
#11123 = PCURVE('',#1529,#11124);
#11124 = DEFINITIONAL_REPRESENTATION('',(#11125),#11129);
#11125 = LINE('',#11126,#11127);
#11126 = CARTESIAN_POINT('',(118.,0.));
#11127 = VECTOR('',#11128,1.);
#11128 = DIRECTION('',(0.,1.));
#11129 = ( GEOMETRIC_REPRESENTATION_CONTEXT(2) 
PARAMETRIC_REPRESENTATION_CONTEXT() REPRESENTATION_CONTEXT('2D SPACE',''
  ) );
#11130 = ADVANCED_FACE('',(#11131),#3929,.F.);
#11131 = FACE_BOUND('',#11132,.F.);
#11132 = EDGE_LOOP('',(#11133,#11134,#11157,#11158));
#11133 = ORIENTED_EDGE('',*,*,#3915,.T.);
#11134 = ORIENTED_EDGE('',*,*,#11135,.T.);
#11135 = EDGE_CURVE('',#3884,#6172,#11136,.T.);
#11136 = SURFACE_CURVE('',#11137,(#11143,#11150),.PCURVE_S1.);
#11137 = ( BOUNDED_CURVE() B_SPLINE_CURVE(4,(#11138,#11139,#11140,#11141
,#11142),.UNSPECIFIED.,.F.,.F.) B_SPLINE_CURVE_WITH_KNOTS((5,5),(0.,1.),
.PIECEWISE_BEZIER_KNOTS.) CURVE() GEOMETRIC_REPRESENTATION_ITEM() 
RATIONAL_B_SPLINE_CURVE((1.,1.,1.,1.,1.)) REPRESENTATION_ITEM('') );
#11138 = CARTESIAN_POINT('',(-0.700546260979,-6.361543439782,0.));
#11139 = CARTESIAN_POINT('',(-0.701196273928,-6.367446098661,
    3.950966311744));
#11140 = CARTESIAN_POINT('',(-0.702207244389,-6.376626552353,
    7.915188641292));
#11141 = CARTESIAN_POINT('',(-0.679262648702,-6.16827051606,
    11.841097004811));
#11142 = CARTESIAN_POINT('',(-0.679825080057,-6.173377861137,15.8));
#11143 = PCURVE('',#3929,#11144);
#11144 = DEFINITIONAL_REPRESENTATION('',(#11145),#11149);
#11145 = LINE('',#11146,#11147);
#11146 = CARTESIAN_POINT('',(43.,0.));
#11147 = VECTOR('',#11148,1.);
#11148 = DIRECTION('',(0.,1.));
#11149 = ( GEOMETRIC_REPRESENTATION_CONTEXT(2) 
PARAMETRIC_REPRESENTATION_CONTEXT() REPRESENTATION_CONTEXT('2D SPACE',''
  ) );
#11150 = PCURVE('',#3897,#11151);
#11151 = DEFINITIONAL_REPRESENTATION('',(#11152),#11156);
#11152 = LINE('',#11153,#11154);
#11153 = CARTESIAN_POINT('',(43.,0.));
#11154 = VECTOR('',#11155,1.);
#11155 = DIRECTION('',(0.,1.));
#11156 = ( GEOMETRIC_REPRESENTATION_CONTEXT(2) 
PARAMETRIC_REPRESENTATION_CONTEXT() REPRESENTATION_CONTEXT('2D SPACE',''
  ) );
#11157 = ORIENTED_EDGE('',*,*,#6171,.F.);
#11158 = ORIENTED_EDGE('',*,*,#11077,.F.);
#11159 = ADVANCED_FACE('',(#11160),#1529,.F.);
#11160 = FACE_BOUND('',#11161,.F.);
#11161 = EDGE_LOOP('',(#11162,#11163,#11164,#11165));
#11162 = ORIENTED_EDGE('',*,*,#1515,.T.);
#11163 = ORIENTED_EDGE('',*,*,#11108,.T.);
#11164 = ORIENTED_EDGE('',*,*,#7746,.F.);
#11165 = ORIENTED_EDGE('',*,*,#11166,.F.);
#11166 = EDGE_CURVE('',#1516,#7726,#11167,.T.);
#11167 = SURFACE_CURVE('',#11168,(#11174,#11181),.PCURVE_S1.);
#11168 = ( BOUNDED_CURVE() B_SPLINE_CURVE(4,(#11169,#11170,#11171,#11172
,#11173),.UNSPECIFIED.,.F.,.F.) B_SPLINE_CURVE_WITH_KNOTS((5,5),(0.,1.),
.PIECEWISE_BEZIER_KNOTS.) CURVE() GEOMETRIC_REPRESENTATION_ITEM() 
RATIONAL_B_SPLINE_CURVE((1.,1.,1.,1.,1.)) REPRESENTATION_ITEM('') );
#11169 = CARTESIAN_POINT('',(-0.700408280214,6.361558632993,0.));
#11170 = CARTESIAN_POINT('',(-0.701053964775,6.367423155606,
    3.950966311744));
#11171 = CARTESIAN_POINT('',(-0.702058203262,6.37654429565,
    7.915188641292));
#11172 = CARTESIAN_POINT('',(-0.679266393889,6.169534419023,
    11.841097004811));
#11173 = CARTESIAN_POINT('',(-0.679825080057,6.174608766246,15.8));
#11174 = PCURVE('',#1529,#11175);
#11175 = DEFINITIONAL_REPRESENTATION('',(#11176),#11180);
#11176 = LINE('',#11177,#11178);
#11177 = CARTESIAN_POINT('',(117.,0.));
#11178 = VECTOR('',#11179,1.);
#11179 = DIRECTION('',(0.,1.));
#11180 = ( GEOMETRIC_REPRESENTATION_CONTEXT(2) 
PARAMETRIC_REPRESENTATION_CONTEXT() REPRESENTATION_CONTEXT('2D SPACE',''
  ) );
#11181 = PCURVE('',#1561,#11182);
#11182 = DEFINITIONAL_REPRESENTATION('',(#11183),#11187);
#11183 = LINE('',#11184,#11185);
#11184 = CARTESIAN_POINT('',(117.,0.));
#11185 = VECTOR('',#11186,1.);
#11186 = DIRECTION('',(0.,1.));
#11187 = ( GEOMETRIC_REPRESENTATION_CONTEXT(2) 
PARAMETRIC_REPRESENTATION_CONTEXT() REPRESENTATION_CONTEXT('2D SPACE',''
  ) );
#11188 = ADVANCED_FACE('',(#11189),#3897,.F.);
#11189 = FACE_BOUND('',#11190,.F.);
#11190 = EDGE_LOOP('',(#11191,#11192,#11215,#11216));
#11191 = ORIENTED_EDGE('',*,*,#3883,.T.);
#11192 = ORIENTED_EDGE('',*,*,#11193,.T.);
#11193 = EDGE_CURVE('',#3852,#6193,#11194,.T.);
#11194 = SURFACE_CURVE('',#11195,(#11201,#11208),.PCURVE_S1.);
#11195 = ( BOUNDED_CURVE() B_SPLINE_CURVE(4,(#11196,#11197,#11198,#11199
,#11200),.UNSPECIFIED.,.F.,.F.) B_SPLINE_CURVE_WITH_KNOTS((5,5),(0.,1.),
.PIECEWISE_BEZIER_KNOTS.) CURVE() GEOMETRIC_REPRESENTATION_ITEM() 
RATIONAL_B_SPLINE_CURVE((1.,1.,1.,1.,1.)) REPRESENTATION_ITEM('') );
#11196 = CARTESIAN_POINT('',(-0.935471177974,-6.331263197434,0.));
#11197 = CARTESIAN_POINT('',(-0.936889451322,-6.340862062757,
    3.950966311744));
#11198 = CARTESIAN_POINT('',(-0.939095303474,-6.3557912566,
    7.915188641292));
#11199 = CARTESIAN_POINT('',(-0.889032133775,-6.016964031004,
    11.841097004811));
#11200 = CARTESIAN_POINT('',(-0.890259311485,-6.025269562215,15.8));
#11201 = PCURVE('',#3897,#11202);
#11202 = DEFINITIONAL_REPRESENTATION('',(#11203),#11207);
#11203 = LINE('',#11204,#11205);
#11204 = CARTESIAN_POINT('',(44.,0.));
#11205 = VECTOR('',#11206,1.);
#11206 = DIRECTION('',(0.,1.));
#11207 = ( GEOMETRIC_REPRESENTATION_CONTEXT(2) 
PARAMETRIC_REPRESENTATION_CONTEXT() REPRESENTATION_CONTEXT('2D SPACE',''
  ) );
#11208 = PCURVE('',#3865,#11209);
#11209 = DEFINITIONAL_REPRESENTATION('',(#11210),#11214);
#11210 = LINE('',#11211,#11212);
#11211 = CARTESIAN_POINT('',(44.,0.));
#11212 = VECTOR('',#11213,1.);
#11213 = DIRECTION('',(0.,1.));
#11214 = ( GEOMETRIC_REPRESENTATION_CONTEXT(2) 
PARAMETRIC_REPRESENTATION_CONTEXT() REPRESENTATION_CONTEXT('2D SPACE',''
  ) );
#11215 = ORIENTED_EDGE('',*,*,#6192,.F.);
#11216 = ORIENTED_EDGE('',*,*,#11135,.F.);
#11217 = ADVANCED_FACE('',(#11218),#1561,.F.);
#11218 = FACE_BOUND('',#11219,.F.);
#11219 = EDGE_LOOP('',(#11220,#11221,#11222,#11223));
#11220 = ORIENTED_EDGE('',*,*,#1547,.T.);
#11221 = ORIENTED_EDGE('',*,*,#11166,.T.);
#11222 = ORIENTED_EDGE('',*,*,#7725,.F.);
#11223 = ORIENTED_EDGE('',*,*,#11224,.F.);
#11224 = EDGE_CURVE('',#1548,#7705,#11225,.T.);
#11225 = SURFACE_CURVE('',#11226,(#11232,#11239),.PCURVE_S1.);
#11226 = ( BOUNDED_CURVE() B_SPLINE_CURVE(4,(#11227,#11228,#11229,#11230
,#11231),.UNSPECIFIED.,.F.,.F.) B_SPLINE_CURVE_WITH_KNOTS((5,5),(0.,1.),
.PIECEWISE_BEZIER_KNOTS.) CURVE() GEOMETRIC_REPRESENTATION_ITEM() 
RATIONAL_B_SPLINE_CURVE((1.,1.,1.,1.,1.)) REPRESENTATION_ITEM('') );
#11227 = CARTESIAN_POINT('',(-0.935291468384,6.331289747687,0.));
#11228 = CARTESIAN_POINT('',(-0.936704104333,6.340852336253,
    3.950966311744));
#11229 = CARTESIAN_POINT('',(-0.938901188593,6.355725108559,
    7.915188641292));
#11230 = CARTESIAN_POINT('',(-0.889037011601,6.018178404419,
    11.841097004811));
#11231 = CARTESIAN_POINT('',(-0.890259311485,6.026452546739,15.8));
#11232 = PCURVE('',#1561,#11233);
#11233 = DEFINITIONAL_REPRESENTATION('',(#11234),#11238);
#11234 = LINE('',#11235,#11236);
#11235 = CARTESIAN_POINT('',(116.,0.));
#11236 = VECTOR('',#11237,1.);
#11237 = DIRECTION('',(0.,1.));
#11238 = ( GEOMETRIC_REPRESENTATION_CONTEXT(2) 
PARAMETRIC_REPRESENTATION_CONTEXT() REPRESENTATION_CONTEXT('2D SPACE',''
  ) );
#11239 = PCURVE('',#1593,#11240);
#11240 = DEFINITIONAL_REPRESENTATION('',(#11241),#11245);
#11241 = LINE('',#11242,#11243);
#11242 = CARTESIAN_POINT('',(116.,0.));
#11243 = VECTOR('',#11244,1.);
#11244 = DIRECTION('',(0.,1.));
#11245 = ( GEOMETRIC_REPRESENTATION_CONTEXT(2) 
PARAMETRIC_REPRESENTATION_CONTEXT() REPRESENTATION_CONTEXT('2D SPACE',''
  ) );
#11246 = ADVANCED_FACE('',(#11247),#3865,.F.);
#11247 = FACE_BOUND('',#11248,.F.);
#11248 = EDGE_LOOP('',(#11249,#11250,#11273,#11274));
#11249 = ORIENTED_EDGE('',*,*,#3851,.T.);
#11250 = ORIENTED_EDGE('',*,*,#11251,.T.);
#11251 = EDGE_CURVE('',#3820,#6214,#11252,.T.);
#11252 = SURFACE_CURVE('',#11253,(#11259,#11266),.PCURVE_S1.);
#11253 = ( BOUNDED_CURVE() B_SPLINE_CURVE(4,(#11254,#11255,#11256,#11257
,#11258),.UNSPECIFIED.,.F.,.F.) B_SPLINE_CURVE_WITH_KNOTS((5,5),(0.,1.),
.PIECEWISE_BEZIER_KNOTS.) CURVE() GEOMETRIC_REPRESENTATION_ITEM() 
RATIONAL_B_SPLINE_CURVE((1.,1.,1.,1.,1.)) REPRESENTATION_ITEM('') );
#11254 = CARTESIAN_POINT('',(-1.17665704658,-6.290904401971,0.));
#11255 = CARTESIAN_POINT('',(-1.179196709412,-6.304482509661,
    3.950966311744));
#11256 = CARTESIAN_POINT('',(-1.183146667814,-6.325600651745,
    7.915188641292));
#11257 = CARTESIAN_POINT('',(-1.093499935353,-5.846311443819,
    11.841097004811));
#11258 = CARTESIAN_POINT('',(-1.095697408514,-5.85806006133,15.8));
#11259 = PCURVE('',#3865,#11260);
#11260 = DEFINITIONAL_REPRESENTATION('',(#11261),#11265);
#11261 = LINE('',#11262,#11263);
#11262 = CARTESIAN_POINT('',(45.,0.));
#11263 = VECTOR('',#11264,1.);
#11264 = DIRECTION('',(0.,1.));
#11265 = ( GEOMETRIC_REPRESENTATION_CONTEXT(2) 
PARAMETRIC_REPRESENTATION_CONTEXT() REPRESENTATION_CONTEXT('2D SPACE',''
  ) );
#11266 = PCURVE('',#3833,#11267);
#11267 = DEFINITIONAL_REPRESENTATION('',(#11268),#11272);
#11268 = LINE('',#11269,#11270);
#11269 = CARTESIAN_POINT('',(45.,0.));
#11270 = VECTOR('',#11271,1.);
#11271 = DIRECTION('',(0.,1.));
#11272 = ( GEOMETRIC_REPRESENTATION_CONTEXT(2) 
PARAMETRIC_REPRESENTATION_CONTEXT() REPRESENTATION_CONTEXT('2D SPACE',''
  ) );
#11273 = ORIENTED_EDGE('',*,*,#6213,.F.);
#11274 = ORIENTED_EDGE('',*,*,#11193,.F.);
#11275 = ADVANCED_FACE('',(#11276),#1593,.F.);
#11276 = FACE_BOUND('',#11277,.F.);
#11277 = EDGE_LOOP('',(#11278,#11279,#11280,#11281));
#11278 = ORIENTED_EDGE('',*,*,#1579,.T.);
#11279 = ORIENTED_EDGE('',*,*,#11224,.T.);
#11280 = ORIENTED_EDGE('',*,*,#7704,.F.);
#11281 = ORIENTED_EDGE('',*,*,#11282,.F.);
#11282 = EDGE_CURVE('',#1580,#7684,#11283,.T.);
#11283 = SURFACE_CURVE('',#11284,(#11290,#11297),.PCURVE_S1.);
#11284 = ( BOUNDED_CURVE() B_SPLINE_CURVE(4,(#11285,#11286,#11287,#11288
,#11289),.UNSPECIFIED.,.F.,.F.) B_SPLINE_CURVE_WITH_KNOTS((5,5),(0.,1.),
.PIECEWISE_BEZIER_KNOTS.) CURVE() GEOMETRIC_REPRESENTATION_ITEM() 
RATIONAL_B_SPLINE_CURVE((1.,1.,1.,1.,1.)) REPRESENTATION_ITEM('') );
#11285 = CARTESIAN_POINT('',(-1.176442796811,6.290944471686,0.));
#11286 = CARTESIAN_POINT('',(-1.178975738737,6.304489199104,
    3.950966311744));
#11287 = CARTESIAN_POINT('',(-1.182915244057,6.325555424577,
    7.915188641292));
#11288 = CARTESIAN_POINT('',(-1.093505750697,5.847444496028,
    11.841097004811));
#11289 = CARTESIAN_POINT('',(-1.095697408514,5.859164230865,15.8));
#11290 = PCURVE('',#1593,#11291);
#11291 = DEFINITIONAL_REPRESENTATION('',(#11292),#11296);
#11292 = LINE('',#11293,#11294);
#11293 = CARTESIAN_POINT('',(115.,0.));
#11294 = VECTOR('',#11295,1.);
#11295 = DIRECTION('',(0.,1.));
#11296 = ( GEOMETRIC_REPRESENTATION_CONTEXT(2) 
PARAMETRIC_REPRESENTATION_CONTEXT() REPRESENTATION_CONTEXT('2D SPACE',''
  ) );
#11297 = PCURVE('',#1625,#11298);
#11298 = DEFINITIONAL_REPRESENTATION('',(#11299),#11303);
#11299 = LINE('',#11300,#11301);
#11300 = CARTESIAN_POINT('',(115.,0.));
#11301 = VECTOR('',#11302,1.);
#11302 = DIRECTION('',(0.,1.));
#11303 = ( GEOMETRIC_REPRESENTATION_CONTEXT(2) 
PARAMETRIC_REPRESENTATION_CONTEXT() REPRESENTATION_CONTEXT('2D SPACE',''
  ) );
#11304 = ADVANCED_FACE('',(#11305),#3833,.F.);
#11305 = FACE_BOUND('',#11306,.F.);
#11306 = EDGE_LOOP('',(#11307,#11308,#11331,#11332));
#11307 = ORIENTED_EDGE('',*,*,#3819,.T.);
#11308 = ORIENTED_EDGE('',*,*,#11309,.T.);
#11309 = EDGE_CURVE('',#3788,#6235,#11310,.T.);
#11310 = SURFACE_CURVE('',#11311,(#11317,#11324),.PCURVE_S1.);
#11311 = ( BOUNDED_CURVE() B_SPLINE_CURVE(4,(#11312,#11313,#11314,#11315
,#11316),.UNSPECIFIED.,.F.,.F.) B_SPLINE_CURVE_WITH_KNOTS((5,5),(0.,1.),
.PIECEWISE_BEZIER_KNOTS.) CURVE() GEOMETRIC_REPRESENTATION_ITEM() 
RATIONAL_B_SPLINE_CURVE((1.,1.,1.,1.,1.)) REPRESENTATION_ITEM('') );
#11312 = CARTESIAN_POINT('',(-1.425268032366,-6.239279688867,0.));
#11313 = CARTESIAN_POINT('',(-1.42926055651,-6.256757436374,
    3.950966311744));
#11314 = CARTESIAN_POINT('',(-1.435470162007,-6.283940720198,
    7.915188641292));
#11315 = CARTESIAN_POINT('',(-1.294539350572,-5.666999394531,
    11.841097004811));
#11316 = CARTESIAN_POINT('',(-1.297993929085,-5.682122221296,15.8));
#11317 = PCURVE('',#3833,#11318);
#11318 = DEFINITIONAL_REPRESENTATION('',(#11319),#11323);
#11319 = LINE('',#11320,#11321);
#11320 = CARTESIAN_POINT('',(46.,0.));
#11321 = VECTOR('',#11322,1.);
#11322 = DIRECTION('',(0.,1.));
#11323 = ( GEOMETRIC_REPRESENTATION_CONTEXT(2) 
PARAMETRIC_REPRESENTATION_CONTEXT() REPRESENTATION_CONTEXT('2D SPACE',''
  ) );
#11324 = PCURVE('',#3801,#11325);
#11325 = DEFINITIONAL_REPRESENTATION('',(#11326),#11330);
#11326 = LINE('',#11327,#11328);
#11327 = CARTESIAN_POINT('',(46.,0.));
#11328 = VECTOR('',#11329,1.);
#11329 = DIRECTION('',(0.,1.));
#11330 = ( GEOMETRIC_REPRESENTATION_CONTEXT(2) 
PARAMETRIC_REPRESENTATION_CONTEXT() REPRESENTATION_CONTEXT('2D SPACE',''
  ) );
#11331 = ORIENTED_EDGE('',*,*,#6234,.F.);
#11332 = ORIENTED_EDGE('',*,*,#11251,.F.);
#11333 = ADVANCED_FACE('',(#11334),#1625,.F.);
#11334 = FACE_BOUND('',#11335,.F.);
#11335 = EDGE_LOOP('',(#11336,#11337,#11338,#11339));
#11336 = ORIENTED_EDGE('',*,*,#1611,.T.);
#11337 = ORIENTED_EDGE('',*,*,#11282,.T.);
#11338 = ORIENTED_EDGE('',*,*,#7683,.F.);
#11339 = ORIENTED_EDGE('',*,*,#11340,.F.);
#11340 = EDGE_CURVE('',#1612,#7663,#11341,.T.);
#11341 = SURFACE_CURVE('',#11342,(#11348,#11355),.PCURVE_S1.);
#11342 = ( BOUNDED_CURVE() B_SPLINE_CURVE(4,(#11343,#11344,#11345,#11346
,#11347),.UNSPECIFIED.,.F.,.F.) B_SPLINE_CURVE_WITH_KNOTS((5,5),(0.,1.),
.PIECEWISE_BEZIER_KNOTS.) CURVE() GEOMETRIC_REPRESENTATION_ITEM() 
RATIONAL_B_SPLINE_CURVE((1.,1.,1.,1.,1.)) REPRESENTATION_ITEM('') );
#11343 = CARTESIAN_POINT('',(-1.425032829434,6.239333412716,0.));
#11344 = CARTESIAN_POINT('',(-1.429017975381,6.256781890919,
    3.950966311744));
#11345 = CARTESIAN_POINT('',(-1.435216105508,6.283919651955,
    7.915188641292));
#11346 = CARTESIAN_POINT('',(-1.294545734644,5.668011493924,
    11.841097004811));
#11347 = CARTESIAN_POINT('',(-1.297993929085,5.683108995079,15.8));
#11348 = PCURVE('',#1625,#11349);
#11349 = DEFINITIONAL_REPRESENTATION('',(#11350),#11354);
#11350 = LINE('',#11351,#11352);
#11351 = CARTESIAN_POINT('',(114.,0.));
#11352 = VECTOR('',#11353,1.);
#11353 = DIRECTION('',(0.,1.));
#11354 = ( GEOMETRIC_REPRESENTATION_CONTEXT(2) 
PARAMETRIC_REPRESENTATION_CONTEXT() REPRESENTATION_CONTEXT('2D SPACE',''
  ) );
#11355 = PCURVE('',#1657,#11356);
#11356 = DEFINITIONAL_REPRESENTATION('',(#11357),#11361);
#11357 = LINE('',#11358,#11359);
#11358 = CARTESIAN_POINT('',(114.,0.));
#11359 = VECTOR('',#11360,1.);
#11360 = DIRECTION('',(0.,1.));
#11361 = ( GEOMETRIC_REPRESENTATION_CONTEXT(2) 
PARAMETRIC_REPRESENTATION_CONTEXT() REPRESENTATION_CONTEXT('2D SPACE',''
  ) );
#11362 = ADVANCED_FACE('',(#11363),#3801,.F.);
#11363 = FACE_BOUND('',#11364,.F.);
#11364 = EDGE_LOOP('',(#11365,#11366,#11389,#11390));
#11365 = ORIENTED_EDGE('',*,*,#3787,.T.);
#11366 = ORIENTED_EDGE('',*,*,#11367,.T.);
#11367 = EDGE_CURVE('',#3756,#6256,#11368,.T.);
#11368 = SURFACE_CURVE('',#11369,(#11375,#11382),.PCURVE_S1.);
#11369 = ( BOUNDED_CURVE() B_SPLINE_CURVE(4,(#11370,#11371,#11372,#11373
,#11374),.UNSPECIFIED.,.F.,.F.) B_SPLINE_CURVE_WITH_KNOTS((5,5),(0.,1.),
.PIECEWISE_BEZIER_KNOTS.) CURVE() GEOMETRIC_REPRESENTATION_ITEM() 
RATIONAL_B_SPLINE_CURVE((1.,1.,1.,1.,1.)) REPRESENTATION_ITEM('') );
#11370 = CARTESIAN_POINT('',(-1.680682960066,-6.175378918556,0.));
#11371 = CARTESIAN_POINT('',(-1.686382154851,-6.196319624308,
    3.950966311744));
#11372 = CARTESIAN_POINT('',(-1.695246159172,-6.228888875451,
    7.915188641292));
#11373 = CARTESIAN_POINT('',(-1.494072135759,-5.489709712777,
    11.841097004811));
#11374 = CARTESIAN_POINT('',(-1.499003431134,-5.507828904927,15.8));
#11375 = PCURVE('',#3801,#11376);
#11376 = DEFINITIONAL_REPRESENTATION('',(#11377),#11381);
#11377 = LINE('',#11378,#11379);
#11378 = CARTESIAN_POINT('',(47.,0.));
#11379 = VECTOR('',#11380,1.);
#11380 = DIRECTION('',(0.,1.));
#11381 = ( GEOMETRIC_REPRESENTATION_CONTEXT(2) 
PARAMETRIC_REPRESENTATION_CONTEXT() REPRESENTATION_CONTEXT('2D SPACE',''
  ) );
#11382 = PCURVE('',#3769,#11383);
#11383 = DEFINITIONAL_REPRESENTATION('',(#11384),#11388);
#11384 = LINE('',#11385,#11386);
#11385 = CARTESIAN_POINT('',(47.,0.));
#11386 = VECTOR('',#11387,1.);
#11387 = DIRECTION('',(0.,1.));
#11388 = ( GEOMETRIC_REPRESENTATION_CONTEXT(2) 
PARAMETRIC_REPRESENTATION_CONTEXT() REPRESENTATION_CONTEXT('2D SPACE',''
  ) );
#11389 = ORIENTED_EDGE('',*,*,#6255,.F.);
#11390 = ORIENTED_EDGE('',*,*,#11309,.F.);
#11391 = ADVANCED_FACE('',(#11392),#1657,.F.);
#11392 = FACE_BOUND('',#11393,.F.);
#11393 = EDGE_LOOP('',(#11394,#11395,#11396,#11397));
#11394 = ORIENTED_EDGE('',*,*,#1643,.T.);
#11395 = ORIENTED_EDGE('',*,*,#11340,.T.);
#11396 = ORIENTED_EDGE('',*,*,#7662,.F.);
#11397 = ORIENTED_EDGE('',*,*,#11398,.F.);
#11398 = EDGE_CURVE('',#1644,#7642,#11399,.T.);
#11399 = SURFACE_CURVE('',#11400,(#11406,#11413),.PCURVE_S1.);
#11400 = ( BOUNDED_CURVE() B_SPLINE_CURVE(4,(#11401,#11402,#11403,#11404
,#11405),.UNSPECIFIED.,.F.,.F.) B_SPLINE_CURVE_WITH_KNOTS((5,5),(0.,1.),
.PIECEWISE_BEZIER_KNOTS.) CURVE() GEOMETRIC_REPRESENTATION_ITEM() 
RATIONAL_B_SPLINE_CURVE((1.,1.,1.,1.,1.)) REPRESENTATION_ITEM('') );
#11401 = CARTESIAN_POINT('',(-1.680449144833,6.175442548646,0.));
#11402 = CARTESIAN_POINT('',(-1.686141004953,6.19635942987,
    3.950966311744));
#11403 = CARTESIAN_POINT('',(-1.694993601608,6.228891626528,
    7.915188641292));
#11404 = CARTESIAN_POINT('',(-1.494078482165,5.490553438138,
    11.841097004811));
#11405 = CARTESIAN_POINT('',(-1.499003431134,5.508652015835,15.8));
#11406 = PCURVE('',#1657,#11407);
#11407 = DEFINITIONAL_REPRESENTATION('',(#11408),#11412);
#11408 = LINE('',#11409,#11410);
#11409 = CARTESIAN_POINT('',(113.,0.));
#11410 = VECTOR('',#11411,1.);
#11411 = DIRECTION('',(0.,1.));
#11412 = ( GEOMETRIC_REPRESENTATION_CONTEXT(2) 
PARAMETRIC_REPRESENTATION_CONTEXT() REPRESENTATION_CONTEXT('2D SPACE',''
  ) );
#11413 = PCURVE('',#1689,#11414);
#11414 = DEFINITIONAL_REPRESENTATION('',(#11415),#11419);
#11415 = LINE('',#11416,#11417);
#11416 = CARTESIAN_POINT('',(113.,0.));
#11417 = VECTOR('',#11418,1.);
#11418 = DIRECTION('',(0.,1.));
#11419 = ( GEOMETRIC_REPRESENTATION_CONTEXT(2) 
PARAMETRIC_REPRESENTATION_CONTEXT() REPRESENTATION_CONTEXT('2D SPACE',''
  ) );
#11420 = ADVANCED_FACE('',(#11421),#3769,.F.);
#11421 = FACE_BOUND('',#11422,.F.);
#11422 = EDGE_LOOP('',(#11423,#11424,#11447,#11448));
#11423 = ORIENTED_EDGE('',*,*,#3755,.T.);
#11424 = ORIENTED_EDGE('',*,*,#11425,.T.);
#11425 = EDGE_CURVE('',#3724,#6277,#11426,.T.);
#11426 = SURFACE_CURVE('',#11427,(#11433,#11440),.PCURVE_S1.);
#11427 = ( BOUNDED_CURVE() B_SPLINE_CURVE(4,(#11428,#11429,#11430,#11431
,#11432),.UNSPECIFIED.,.F.,.F.) B_SPLINE_CURVE_WITH_KNOTS((5,5),(0.,1.),
.PIECEWISE_BEZIER_KNOTS.) CURVE() GEOMETRIC_REPRESENTATION_ITEM() 
RATIONAL_B_SPLINE_CURVE((1.,1.,1.,1.,1.)) REPRESENTATION_ITEM('') );
#11428 = CARTESIAN_POINT('',(-1.940216122229,-6.098816393288,0.));
#11429 = CARTESIAN_POINT('',(-1.947733371161,-6.122445885122,
    3.950966311744));
#11430 = CARTESIAN_POINT('',(-1.959425009983,-6.159197027275,
    7.915188641292));
#11431 = CARTESIAN_POINT('',(-1.694076084475,-5.325107279082,
    11.841097004811));
#11432 = CARTESIAN_POINT('',(-1.7005804726,-5.345552975039,15.8));
#11433 = PCURVE('',#3769,#11434);
#11434 = DEFINITIONAL_REPRESENTATION('',(#11435),#11439);
#11435 = LINE('',#11436,#11437);
#11436 = CARTESIAN_POINT('',(48.,0.));
#11437 = VECTOR('',#11438,1.);
#11438 = DIRECTION('',(0.,1.));
#11439 = ( GEOMETRIC_REPRESENTATION_CONTEXT(2) 
PARAMETRIC_REPRESENTATION_CONTEXT() REPRESENTATION_CONTEXT('2D SPACE',''
  ) );
#11440 = PCURVE('',#3737,#11441);
#11441 = DEFINITIONAL_REPRESENTATION('',(#11442),#11446);
#11442 = LINE('',#11443,#11444);
#11443 = CARTESIAN_POINT('',(48.,0.));
#11444 = VECTOR('',#11445,1.);
#11445 = DIRECTION('',(0.,1.));
#11446 = ( GEOMETRIC_REPRESENTATION_CONTEXT(2) 
PARAMETRIC_REPRESENTATION_CONTEXT() REPRESENTATION_CONTEXT('2D SPACE',''
  ) );
#11447 = ORIENTED_EDGE('',*,*,#6276,.F.);
#11448 = ORIENTED_EDGE('',*,*,#11367,.F.);
#11449 = ADVANCED_FACE('',(#11450),#1689,.F.);
#11450 = FACE_BOUND('',#11451,.F.);
#11451 = EDGE_LOOP('',(#11452,#11453,#11454,#11455));
#11452 = ORIENTED_EDGE('',*,*,#1675,.T.);
#11453 = ORIENTED_EDGE('',*,*,#11398,.T.);
#11454 = ORIENTED_EDGE('',*,*,#7641,.F.);
#11455 = ORIENTED_EDGE('',*,*,#11456,.F.);
#11456 = EDGE_CURVE('',#1676,#7621,#11457,.T.);
#11457 = SURFACE_CURVE('',#11458,(#11464,#11471),.PCURVE_S1.);
#11458 = ( BOUNDED_CURVE() B_SPLINE_CURVE(4,(#11459,#11460,#11461,#11462
,#11463),.UNSPECIFIED.,.F.,.F.) B_SPLINE_CURVE_WITH_KNOTS((5,5),(0.,1.),
.PIECEWISE_BEZIER_KNOTS.) CURVE() GEOMETRIC_REPRESENTATION_ITEM() 
RATIONAL_B_SPLINE_CURVE((1.,1.,1.,1.,1.)) REPRESENTATION_ITEM('') );
#11459 = CARTESIAN_POINT('',(-1.940016570053,6.098879873216,0.));
#11460 = CARTESIAN_POINT('',(-1.947527559134,6.122492362326,
    3.950966311744));
#11461 = CARTESIAN_POINT('',(-1.95920946196,6.159217060003,
    7.915188641292));
#11462 = CARTESIAN_POINT('',(-1.694081500884,5.325727485436,
    11.841097004811));
#11463 = CARTESIAN_POINT('',(-1.7005804726,5.346158469586,15.8));
#11464 = PCURVE('',#1689,#11465);
#11465 = DEFINITIONAL_REPRESENTATION('',(#11466),#11470);
#11466 = LINE('',#11467,#11468);
#11467 = CARTESIAN_POINT('',(112.,0.));
#11468 = VECTOR('',#11469,1.);
#11469 = DIRECTION('',(0.,1.));
#11470 = ( GEOMETRIC_REPRESENTATION_CONTEXT(2) 
PARAMETRIC_REPRESENTATION_CONTEXT() REPRESENTATION_CONTEXT('2D SPACE',''
  ) );
#11471 = PCURVE('',#1721,#11472);
#11472 = DEFINITIONAL_REPRESENTATION('',(#11473),#11477);
#11473 = LINE('',#11474,#11475);
#11474 = CARTESIAN_POINT('',(112.,0.));
#11475 = VECTOR('',#11476,1.);
#11476 = DIRECTION('',(0.,1.));
#11477 = ( GEOMETRIC_REPRESENTATION_CONTEXT(2) 
PARAMETRIC_REPRESENTATION_CONTEXT() REPRESENTATION_CONTEXT('2D SPACE',''
  ) );
#11478 = ADVANCED_FACE('',(#11479),#3737,.F.);
#11479 = FACE_BOUND('',#11480,.F.);
#11480 = EDGE_LOOP('',(#11481,#11482,#11505,#11506));
#11481 = ORIENTED_EDGE('',*,*,#3723,.T.);
#11482 = ORIENTED_EDGE('',*,*,#11483,.T.);
#11483 = EDGE_CURVE('',#3692,#6298,#11484,.T.);
#11484 = SURFACE_CURVE('',#11485,(#11491,#11498),.PCURVE_S1.);
#11485 = ( BOUNDED_CURVE() B_SPLINE_CURVE(4,(#11486,#11487,#11488,#11489
,#11490),.UNSPECIFIED.,.F.,.F.) B_SPLINE_CURVE_WITH_KNOTS((5,5),(0.,1.),
.PIECEWISE_BEZIER_KNOTS.) CURVE() GEOMETRIC_REPRESENTATION_ITEM() 
RATIONAL_B_SPLINE_CURVE((1.,1.,1.,1.,1.)) REPRESENTATION_ITEM('') );
#11486 = CARTESIAN_POINT('',(-2.198990215019,-6.010361223275,0.));
#11487 = CARTESIAN_POINT('',(-2.208225726508,-6.035604064171,
    3.950966311744));
#11488 = CARTESIAN_POINT('',(-2.222589793158,-6.074864461334,
    7.915188641292));
#11489 = CARTESIAN_POINT('',(-1.896588476393,-5.183825629222,
    11.841097004811));
#11490 = CARTESIAN_POINT('',(-1.904579611423,-5.205667294447,15.8));
#11491 = PCURVE('',#3737,#11492);
#11492 = DEFINITIONAL_REPRESENTATION('',(#11493),#11497);
#11493 = LINE('',#11494,#11495);
#11494 = CARTESIAN_POINT('',(49.,0.));
#11495 = VECTOR('',#11496,1.);
#11496 = DIRECTION('',(0.,1.));
#11497 = ( GEOMETRIC_REPRESENTATION_CONTEXT(2) 
PARAMETRIC_REPRESENTATION_CONTEXT() REPRESENTATION_CONTEXT('2D SPACE',''
  ) );
#11498 = PCURVE('',#3705,#11499);
#11499 = DEFINITIONAL_REPRESENTATION('',(#11500),#11504);
#11500 = LINE('',#11501,#11502);
#11501 = CARTESIAN_POINT('',(49.,0.));
#11502 = VECTOR('',#11503,1.);
#11503 = DIRECTION('',(0.,1.));
#11504 = ( GEOMETRIC_REPRESENTATION_CONTEXT(2) 
PARAMETRIC_REPRESENTATION_CONTEXT() REPRESENTATION_CONTEXT('2D SPACE',''
  ) );
#11505 = ORIENTED_EDGE('',*,*,#6297,.F.);
#11506 = ORIENTED_EDGE('',*,*,#11425,.F.);
#11507 = ADVANCED_FACE('',(#11508),#1721,.F.);
#11508 = FACE_BOUND('',#11509,.F.);
#11509 = EDGE_LOOP('',(#11510,#11511,#11512,#11513));
#11510 = ORIENTED_EDGE('',*,*,#1707,.T.);
#11511 = ORIENTED_EDGE('',*,*,#11456,.T.);
#11512 = ORIENTED_EDGE('',*,*,#7620,.F.);
#11513 = ORIENTED_EDGE('',*,*,#11514,.F.);
#11514 = EDGE_CURVE('',#1708,#7600,#11515,.T.);
#11515 = SURFACE_CURVE('',#11516,(#11522,#11529),.PCURVE_S1.);
#11516 = ( BOUNDED_CURVE() B_SPLINE_CURVE(4,(#11517,#11518,#11519,#11520
,#11521),.UNSPECIFIED.,.F.,.F.) B_SPLINE_CURVE_WITH_KNOTS((5,5),(0.,1.),
.PIECEWISE_BEZIER_KNOTS.) CURVE() GEOMETRIC_REPRESENTATION_ITEM() 
RATIONAL_B_SPLINE_CURVE((1.,1.,1.,1.,1.)) REPRESENTATION_ITEM('') );
#11517 = CARTESIAN_POINT('',(-2.198868680208,6.010405687406,0.));
#11518 = CARTESIAN_POINT('',(-2.208100379211,6.035639689188,
    3.950966311744));
#11519 = CARTESIAN_POINT('',(-2.222458516271,6.074886338804,
    7.915188641292));
#11520 = CARTESIAN_POINT('',(-1.896591775191,5.18415951571,
    11.841097004811));
#11521 = CARTESIAN_POINT('',(-1.904579611423,5.205993532788,15.8));
#11522 = PCURVE('',#1721,#11523);
#11523 = DEFINITIONAL_REPRESENTATION('',(#11524),#11528);
#11524 = LINE('',#11525,#11526);
#11525 = CARTESIAN_POINT('',(111.,0.));
#11526 = VECTOR('',#11527,1.);
#11527 = DIRECTION('',(0.,1.));
#11528 = ( GEOMETRIC_REPRESENTATION_CONTEXT(2) 
PARAMETRIC_REPRESENTATION_CONTEXT() REPRESENTATION_CONTEXT('2D SPACE',''
  ) );
#11529 = PCURVE('',#1753,#11530);
#11530 = DEFINITIONAL_REPRESENTATION('',(#11531),#11535);
#11531 = LINE('',#11532,#11533);
#11532 = CARTESIAN_POINT('',(111.,0.));
#11533 = VECTOR('',#11534,1.);
#11534 = DIRECTION('',(0.,1.));
#11535 = ( GEOMETRIC_REPRESENTATION_CONTEXT(2) 
PARAMETRIC_REPRESENTATION_CONTEXT() REPRESENTATION_CONTEXT('2D SPACE',''
  ) );
#11536 = ADVANCED_FACE('',(#11537),#3705,.F.);
#11537 = FACE_BOUND('',#11538,.F.);
#11538 = EDGE_LOOP('',(#11539,#11540,#11563,#11564));
#11539 = ORIENTED_EDGE('',*,*,#3691,.T.);
#11540 = ORIENTED_EDGE('',*,*,#11541,.T.);
#11541 = EDGE_CURVE('',#3660,#6319,#11542,.T.);
#11542 = SURFACE_CURVE('',#11543,(#11549,#11556),.PCURVE_S1.);
#11543 = ( BOUNDED_CURVE() B_SPLINE_CURVE(4,(#11544,#11545,#11546,#11547
,#11548),.UNSPECIFIED.,.F.,.F.) B_SPLINE_CURVE_WITH_KNOTS((5,5),(0.,1.),
.PIECEWISE_BEZIER_KNOTS.) CURVE() GEOMETRIC_REPRESENTATION_ITEM() 
RATIONAL_B_SPLINE_CURVE((1.,1.,1.,1.,1.)) REPRESENTATION_ITEM('') );
#11544 = CARTESIAN_POINT('',(-2.450133089405,-5.912431635478,0.));
#11545 = CARTESIAN_POINT('',(-2.460713319486,-5.937962855521,
    3.950966311744));
#11546 = CARTESIAN_POINT('',(-2.477168837974,-5.977671771133,
    7.915188641292));
#11547 = CARTESIAN_POINT('',(-2.103700736919,-5.076453537288,
    11.841097004811));
#11548 = CARTESIAN_POINT('',(-2.112855405539,-5.098544725965,15.8));
#11549 = PCURVE('',#3705,#11550);
#11550 = DEFINITIONAL_REPRESENTATION('',(#11551),#11555);
#11551 = LINE('',#11552,#11553);
#11552 = CARTESIAN_POINT('',(50.,0.));
#11553 = VECTOR('',#11554,1.);
#11554 = DIRECTION('',(0.,1.));
#11555 = ( GEOMETRIC_REPRESENTATION_CONTEXT(2) 
PARAMETRIC_REPRESENTATION_CONTEXT() REPRESENTATION_CONTEXT('2D SPACE',''
  ) );
#11556 = PCURVE('',#3673,#11557);
#11557 = DEFINITIONAL_REPRESENTATION('',(#11558),#11562);
#11558 = LINE('',#11559,#11560);
#11559 = CARTESIAN_POINT('',(50.,0.));
#11560 = VECTOR('',#11561,1.);
#11561 = DIRECTION('',(0.,1.));
#11562 = ( GEOMETRIC_REPRESENTATION_CONTEXT(2) 
PARAMETRIC_REPRESENTATION_CONTEXT() REPRESENTATION_CONTEXT('2D SPACE',''
  ) );
#11563 = ORIENTED_EDGE('',*,*,#6318,.F.);
#11564 = ORIENTED_EDGE('',*,*,#11483,.F.);
#11565 = ADVANCED_FACE('',(#11566),#1753,.F.);
#11566 = FACE_BOUND('',#11567,.F.);
#11567 = EDGE_LOOP('',(#11568,#11569,#11570,#11571));
#11568 = ORIENTED_EDGE('',*,*,#1739,.T.);
#11569 = ORIENTED_EDGE('',*,*,#11514,.T.);
#11570 = ORIENTED_EDGE('',*,*,#7599,.F.);
#11571 = ORIENTED_EDGE('',*,*,#11572,.F.);
#11572 = EDGE_CURVE('',#1740,#7579,#11573,.T.);
#11573 = SURFACE_CURVE('',#11574,(#11580,#11587),.PCURVE_S1.);
#11574 = ( BOUNDED_CURVE() B_SPLINE_CURVE(4,(#11575,#11576,#11577,#11578
,#11579),.UNSPECIFIED.,.F.,.F.) B_SPLINE_CURVE_WITH_KNOTS((5,5),(0.,1.),
.PIECEWISE_BEZIER_KNOTS.) CURVE() GEOMETRIC_REPRESENTATION_ITEM() 
RATIONAL_B_SPLINE_CURVE((1.,1.,1.,1.,1.)) REPRESENTATION_ITEM('') );
#11575 = CARTESIAN_POINT('',(-2.450142253289,5.912427837923,0.));
#11576 = CARTESIAN_POINT('',(-2.460722770836,5.937959639761,
    3.950966311744));
#11577 = CARTESIAN_POINT('',(-2.477178736422,5.977669460243,
    7.915188641292));
#11578 = CARTESIAN_POINT('',(-2.103700488185,5.076430689812,
    11.841097004811));
#11579 = CARTESIAN_POINT('',(-2.112855405539,5.098522381894,15.8));
#11580 = PCURVE('',#1753,#11581);
#11581 = DEFINITIONAL_REPRESENTATION('',(#11582),#11586);
#11582 = LINE('',#11583,#11584);
#11583 = CARTESIAN_POINT('',(110.,0.));
#11584 = VECTOR('',#11585,1.);
#11585 = DIRECTION('',(0.,1.));
#11586 = ( GEOMETRIC_REPRESENTATION_CONTEXT(2) 
PARAMETRIC_REPRESENTATION_CONTEXT() REPRESENTATION_CONTEXT('2D SPACE',''
  ) );
#11587 = PCURVE('',#1785,#11588);
#11588 = DEFINITIONAL_REPRESENTATION('',(#11589),#11593);
#11589 = LINE('',#11590,#11591);
#11590 = CARTESIAN_POINT('',(110.,0.));
#11591 = VECTOR('',#11592,1.);
#11592 = DIRECTION('',(0.,1.));
#11593 = ( GEOMETRIC_REPRESENTATION_CONTEXT(2) 
PARAMETRIC_REPRESENTATION_CONTEXT() REPRESENTATION_CONTEXT('2D SPACE',''
  ) );
#11594 = ADVANCED_FACE('',(#11595),#3673,.F.);
#11595 = FACE_BOUND('',#11596,.F.);
#11596 = EDGE_LOOP('',(#11597,#11598,#11621,#11622));
#11597 = ORIENTED_EDGE('',*,*,#3659,.T.);
#11598 = ORIENTED_EDGE('',*,*,#11599,.T.);
#11599 = EDGE_CURVE('',#3628,#6340,#11600,.T.);
#11600 = SURFACE_CURVE('',#11601,(#11607,#11614),.PCURVE_S1.);
#11601 = ( BOUNDED_CURVE() B_SPLINE_CURVE(4,(#11602,#11603,#11604,#11605
,#11606),.UNSPECIFIED.,.F.,.F.) B_SPLINE_CURVE_WITH_KNOTS((5,5),(0.,1.),
.PIECEWISE_BEZIER_KNOTS.) CURVE() GEOMETRIC_REPRESENTATION_ITEM() 
RATIONAL_B_SPLINE_CURVE((1.,1.,1.,1.,1.)) REPRESENTATION_ITEM('') );
#11602 = CARTESIAN_POINT('',(-2.704647628706,-5.800420778231,0.));
#11603 = CARTESIAN_POINT('',(-2.716007555396,-5.824783417604,
    3.950966311744));
#11604 = CARTESIAN_POINT('',(-2.733675742403,-5.862674830128,
    7.915188641292));
#11605 = CARTESIAN_POINT('',(-2.332685384313,-5.002705945365,
    11.841097004811));
#11606 = CARTESIAN_POINT('',(-2.342514694602,-5.023786005861,15.8));
#11607 = PCURVE('',#3673,#11608);
#11608 = DEFINITIONAL_REPRESENTATION('',(#11609),#11613);
#11609 = LINE('',#11610,#11611);
#11610 = CARTESIAN_POINT('',(51.,0.));
#11611 = VECTOR('',#11612,1.);
#11612 = DIRECTION('',(0.,1.));
#11613 = ( GEOMETRIC_REPRESENTATION_CONTEXT(2) 
PARAMETRIC_REPRESENTATION_CONTEXT() REPRESENTATION_CONTEXT('2D SPACE',''
  ) );
#11614 = PCURVE('',#3641,#11615);
#11615 = DEFINITIONAL_REPRESENTATION('',(#11616),#11620);
#11616 = LINE('',#11617,#11618);
#11617 = CARTESIAN_POINT('',(51.,0.));
#11618 = VECTOR('',#11619,1.);
#11619 = DIRECTION('',(0.,1.));
#11620 = ( GEOMETRIC_REPRESENTATION_CONTEXT(2) 
PARAMETRIC_REPRESENTATION_CONTEXT() REPRESENTATION_CONTEXT('2D SPACE',''
  ) );
#11621 = ORIENTED_EDGE('',*,*,#6339,.F.);
#11622 = ORIENTED_EDGE('',*,*,#11541,.F.);
#11623 = ADVANCED_FACE('',(#11624),#1785,.F.);
#11624 = FACE_BOUND('',#11625,.F.);
#11625 = EDGE_LOOP('',(#11626,#11627,#11628,#11629));
#11626 = ORIENTED_EDGE('',*,*,#1771,.T.);
#11627 = ORIENTED_EDGE('',*,*,#11572,.T.);
#11628 = ORIENTED_EDGE('',*,*,#7578,.F.);
#11629 = ORIENTED_EDGE('',*,*,#11630,.F.);
#11630 = EDGE_CURVE('',#1772,#7558,#11631,.T.);
#11631 = SURFACE_CURVE('',#11632,(#11638,#11645),.PCURVE_S1.);
#11632 = ( BOUNDED_CURVE() B_SPLINE_CURVE(4,(#11633,#11634,#11635,#11636
,#11637),.UNSPECIFIED.,.F.,.F.) B_SPLINE_CURVE_WITH_KNOTS((5,5),(0.,1.),
.PIECEWISE_BEZIER_KNOTS.) CURVE() GEOMETRIC_REPRESENTATION_ITEM() 
RATIONAL_B_SPLINE_CURVE((1.,1.,1.,1.,1.)) REPRESENTATION_ITEM('') );
#11633 = CARTESIAN_POINT('',(-2.704520029733,5.800480273975,0.));
#11634 = CARTESIAN_POINT('',(-2.715875953707,5.824835727912,
    3.950966311744));
#11635 = CARTESIAN_POINT('',(-2.733537915259,5.86271596487,
    7.915188641292));
#11636 = CARTESIAN_POINT('',(-2.33268884771,5.003000716471,
    11.841097004811));
#11637 = CARTESIAN_POINT('',(-2.342514694602,5.024074559684,15.8));
#11638 = PCURVE('',#1785,#11639);
#11639 = DEFINITIONAL_REPRESENTATION('',(#11640),#11644);
#11640 = LINE('',#11641,#11642);
#11641 = CARTESIAN_POINT('',(109.,0.));
#11642 = VECTOR('',#11643,1.);
#11643 = DIRECTION('',(0.,1.));
#11644 = ( GEOMETRIC_REPRESENTATION_CONTEXT(2) 
PARAMETRIC_REPRESENTATION_CONTEXT() REPRESENTATION_CONTEXT('2D SPACE',''
  ) );
#11645 = PCURVE('',#1817,#11646);
#11646 = DEFINITIONAL_REPRESENTATION('',(#11647),#11651);
#11647 = LINE('',#11648,#11649);
#11648 = CARTESIAN_POINT('',(109.,0.));
#11649 = VECTOR('',#11650,1.);
#11650 = DIRECTION('',(0.,1.));
#11651 = ( GEOMETRIC_REPRESENTATION_CONTEXT(2) 
PARAMETRIC_REPRESENTATION_CONTEXT() REPRESENTATION_CONTEXT('2D SPACE',''
  ) );
#11652 = ADVANCED_FACE('',(#11653),#3641,.F.);
#11653 = FACE_BOUND('',#11654,.F.);
#11654 = EDGE_LOOP('',(#11655,#11656,#11679,#11680));
#11655 = ORIENTED_EDGE('',*,*,#3627,.T.);
#11656 = ORIENTED_EDGE('',*,*,#11657,.T.);
#11657 = EDGE_CURVE('',#3596,#6361,#11658,.T.);
#11658 = SURFACE_CURVE('',#11659,(#11665,#11672),.PCURVE_S1.);
#11659 = ( BOUNDED_CURVE() B_SPLINE_CURVE(4,(#11660,#11661,#11662,#11663
,#11664),.UNSPECIFIED.,.F.,.F.) B_SPLINE_CURVE_WITH_KNOTS((5,5),(0.,1.),
.PIECEWISE_BEZIER_KNOTS.) CURVE() GEOMETRIC_REPRESENTATION_ITEM() 
RATIONAL_B_SPLINE_CURVE((1.,1.,1.,1.,1.)) REPRESENTATION_ITEM('') );
#11660 = CARTESIAN_POINT('',(-2.955790802716,-5.676557119468,0.));
#11661 = CARTESIAN_POINT('',(-2.967243263304,-5.698551418464,
    3.950966311744));
#11662 = CARTESIAN_POINT('',(-2.985055369041,-5.732759331806,
    7.915188641292));
#11663 = CARTESIAN_POINT('',(-2.580798686967,-4.956389723845,
    11.841097004811));
#11664 = CARTESIAN_POINT('',(-2.5907080633,-4.975420549951,15.8));
#11665 = PCURVE('',#3641,#11666);
#11666 = DEFINITIONAL_REPRESENTATION('',(#11667),#11671);
#11667 = LINE('',#11668,#11669);
#11668 = CARTESIAN_POINT('',(52.,0.));
#11669 = VECTOR('',#11670,1.);
#11670 = DIRECTION('',(0.,1.));
#11671 = ( GEOMETRIC_REPRESENTATION_CONTEXT(2) 
PARAMETRIC_REPRESENTATION_CONTEXT() REPRESENTATION_CONTEXT('2D SPACE',''
  ) );
#11672 = PCURVE('',#3609,#11673);
#11673 = DEFINITIONAL_REPRESENTATION('',(#11674),#11678);
#11674 = LINE('',#11675,#11676);
#11675 = CARTESIAN_POINT('',(52.,0.));
#11676 = VECTOR('',#11677,1.);
#11677 = DIRECTION('',(0.,1.));
#11678 = ( GEOMETRIC_REPRESENTATION_CONTEXT(2) 
PARAMETRIC_REPRESENTATION_CONTEXT() REPRESENTATION_CONTEXT('2D SPACE',''
  ) );
#11679 = ORIENTED_EDGE('',*,*,#6360,.F.);
#11680 = ORIENTED_EDGE('',*,*,#11599,.F.);
#11681 = ADVANCED_FACE('',(#11682),#1817,.F.);
#11682 = FACE_BOUND('',#11683,.F.);
#11683 = EDGE_LOOP('',(#11684,#11685,#11686,#11687));
#11684 = ORIENTED_EDGE('',*,*,#1803,.T.);
#11685 = ORIENTED_EDGE('',*,*,#11630,.T.);
#11686 = ORIENTED_EDGE('',*,*,#7557,.F.);
#11687 = ORIENTED_EDGE('',*,*,#11688,.F.);
#11688 = EDGE_CURVE('',#1804,#7537,#11689,.T.);
#11689 = SURFACE_CURVE('',#11690,(#11696,#11703),.PCURVE_S1.);
#11690 = ( BOUNDED_CURVE() B_SPLINE_CURVE(4,(#11691,#11692,#11693,#11694
,#11695),.UNSPECIFIED.,.F.,.F.) B_SPLINE_CURVE_WITH_KNOTS((5,5),(0.,1.),
.PIECEWISE_BEZIER_KNOTS.) CURVE() GEOMETRIC_REPRESENTATION_ITEM() 
RATIONAL_B_SPLINE_CURVE((1.,1.,1.,1.,1.)) REPRESENTATION_ITEM('') );
#11691 = CARTESIAN_POINT('',(-2.955572010228,5.676671039646,0.));
#11692 = CARTESIAN_POINT('',(-2.967017607406,5.698654225915,
    3.950966311744));
#11693 = CARTESIAN_POINT('',(-2.984819038427,5.732844855543,
    7.915188641292));
#11694 = CARTESIAN_POINT('',(-2.580804625613,4.956867512111,
    11.841097004811));
#11695 = CARTESIAN_POINT('',(-2.5907080633,4.9758887228,15.8));
#11696 = PCURVE('',#1817,#11697);
#11697 = DEFINITIONAL_REPRESENTATION('',(#11698),#11702);
#11698 = LINE('',#11699,#11700);
#11699 = CARTESIAN_POINT('',(108.,0.));
#11700 = VECTOR('',#11701,1.);
#11701 = DIRECTION('',(0.,1.));
#11702 = ( GEOMETRIC_REPRESENTATION_CONTEXT(2) 
PARAMETRIC_REPRESENTATION_CONTEXT() REPRESENTATION_CONTEXT('2D SPACE',''
  ) );
#11703 = PCURVE('',#1849,#11704);
#11704 = DEFINITIONAL_REPRESENTATION('',(#11705),#11709);
#11705 = LINE('',#11706,#11707);
#11706 = CARTESIAN_POINT('',(108.,0.));
#11707 = VECTOR('',#11708,1.);
#11708 = DIRECTION('',(0.,1.));
#11709 = ( GEOMETRIC_REPRESENTATION_CONTEXT(2) 
PARAMETRIC_REPRESENTATION_CONTEXT() REPRESENTATION_CONTEXT('2D SPACE',''
  ) );
#11710 = ADVANCED_FACE('',(#11711),#3609,.F.);
#11711 = FACE_BOUND('',#11712,.F.);
#11712 = EDGE_LOOP('',(#11713,#11714,#11737,#11738));
#11713 = ORIENTED_EDGE('',*,*,#3595,.T.);
#11714 = ORIENTED_EDGE('',*,*,#11715,.T.);
#11715 = EDGE_CURVE('',#3564,#6382,#11716,.T.);
#11716 = SURFACE_CURVE('',#11717,(#11723,#11730),.PCURVE_S1.);
#11717 = ( BOUNDED_CURVE() B_SPLINE_CURVE(4,(#11718,#11719,#11720,#11721
,#11722),.UNSPECIFIED.,.F.,.F.) B_SPLINE_CURVE_WITH_KNOTS((5,5),(0.,1.),
.PIECEWISE_BEZIER_KNOTS.) CURVE() GEOMETRIC_REPRESENTATION_ITEM() 
RATIONAL_B_SPLINE_CURVE((1.,1.,1.,1.,1.)) REPRESENTATION_ITEM('') );
#11718 = CARTESIAN_POINT('',(-3.197016666199,-5.544283942588,0.));
#11719 = CARTESIAN_POINT('',(-3.207856792798,-5.563082949948,
    3.950966311744));
#11720 = CARTESIAN_POINT('',(-3.224716530468,-5.592321200042,
    7.915188641292));
#11721 = CARTESIAN_POINT('',(-2.842074426748,-4.928741152479,
    11.841097004811));
#11722 = CARTESIAN_POINT('',(-2.851453973889,-4.945007214885,15.8));
#11723 = PCURVE('',#3609,#11724);
#11724 = DEFINITIONAL_REPRESENTATION('',(#11725),#11729);
#11725 = LINE('',#11726,#11727);
#11726 = CARTESIAN_POINT('',(53.,0.));
#11727 = VECTOR('',#11728,1.);
#11728 = DIRECTION('',(0.,1.));
#11729 = ( GEOMETRIC_REPRESENTATION_CONTEXT(2) 
PARAMETRIC_REPRESENTATION_CONTEXT() REPRESENTATION_CONTEXT('2D SPACE',''
  ) );
#11730 = PCURVE('',#3577,#11731);
#11731 = DEFINITIONAL_REPRESENTATION('',(#11732),#11736);
#11732 = LINE('',#11733,#11734);
#11733 = CARTESIAN_POINT('',(53.,0.));
#11734 = VECTOR('',#11735,1.);
#11735 = DIRECTION('',(0.,1.));
#11736 = ( GEOMETRIC_REPRESENTATION_CONTEXT(2) 
PARAMETRIC_REPRESENTATION_CONTEXT() REPRESENTATION_CONTEXT('2D SPACE',''
  ) );
#11737 = ORIENTED_EDGE('',*,*,#6381,.F.);
#11738 = ORIENTED_EDGE('',*,*,#11657,.F.);
#11739 = ADVANCED_FACE('',(#11740),#1849,.F.);
#11740 = FACE_BOUND('',#11741,.F.);
#11741 = EDGE_LOOP('',(#11742,#11743,#11744,#11745));
#11742 = ORIENTED_EDGE('',*,*,#1835,.T.);
#11743 = ORIENTED_EDGE('',*,*,#11688,.T.);
#11744 = ORIENTED_EDGE('',*,*,#7536,.F.);
#11745 = ORIENTED_EDGE('',*,*,#11746,.F.);
#11746 = EDGE_CURVE('',#1836,#7516,#11747,.T.);
#11747 = SURFACE_CURVE('',#11748,(#11754,#11761),.PCURVE_S1.);
#11748 = ( BOUNDED_CURVE() B_SPLINE_CURVE(4,(#11749,#11750,#11751,#11752
,#11753),.UNSPECIFIED.,.F.,.F.) B_SPLINE_CURVE_WITH_KNOTS((5,5),(0.,1.),
.PIECEWISE_BEZIER_KNOTS.) CURVE() GEOMETRIC_REPRESENTATION_ITEM() 
RATIONAL_B_SPLINE_CURVE((1.,1.,1.,1.,1.)) REPRESENTATION_ITEM('') );
#11749 = CARTESIAN_POINT('',(-3.196754753532,5.544434961813,0.));
#11750 = CARTESIAN_POINT('',(-3.207586664063,5.563221771587,
    3.950966311744));
#11751 = CARTESIAN_POINT('',(-3.224433623215,5.592441050677,
    7.915188641292));
#11752 = CARTESIAN_POINT('',(-2.842081535797,4.929291561696,
    11.841097004811));
#11753 = CARTESIAN_POINT('',(-2.851453973889,4.945547069998,15.8));
#11754 = PCURVE('',#1849,#11755);
#11755 = DEFINITIONAL_REPRESENTATION('',(#11756),#11760);
#11756 = LINE('',#11757,#11758);
#11757 = CARTESIAN_POINT('',(107.,0.));
#11758 = VECTOR('',#11759,1.);
#11759 = DIRECTION('',(0.,1.));
#11760 = ( GEOMETRIC_REPRESENTATION_CONTEXT(2) 
PARAMETRIC_REPRESENTATION_CONTEXT() REPRESENTATION_CONTEXT('2D SPACE',''
  ) );
#11761 = PCURVE('',#1881,#11762);
#11762 = DEFINITIONAL_REPRESENTATION('',(#11763),#11767);
#11763 = LINE('',#11764,#11765);
#11764 = CARTESIAN_POINT('',(107.,0.));
#11765 = VECTOR('',#11766,1.);
#11766 = DIRECTION('',(0.,1.));
#11767 = ( GEOMETRIC_REPRESENTATION_CONTEXT(2) 
PARAMETRIC_REPRESENTATION_CONTEXT() REPRESENTATION_CONTEXT('2D SPACE',''
  ) );
#11768 = ADVANCED_FACE('',(#11769),#3577,.F.);
#11769 = FACE_BOUND('',#11770,.F.);
#11770 = EDGE_LOOP('',(#11771,#11772,#11795,#11796));
#11771 = ORIENTED_EDGE('',*,*,#3563,.T.);
#11772 = ORIENTED_EDGE('',*,*,#11773,.T.);
#11773 = EDGE_CURVE('',#3532,#6403,#11774,.T.);
#11774 = SURFACE_CURVE('',#11775,(#11781,#11788),.PCURVE_S1.);
#11775 = ( BOUNDED_CURVE() B_SPLINE_CURVE(4,(#11776,#11777,#11778,#11779
,#11780),.UNSPECIFIED.,.F.,.F.) B_SPLINE_CURVE_WITH_KNOTS((5,5),(0.,1.),
.PIECEWISE_BEZIER_KNOTS.) CURVE() GEOMETRIC_REPRESENTATION_ITEM() 
RATIONAL_B_SPLINE_CURVE((1.,1.,1.,1.,1.)) REPRESENTATION_ITEM('') );
#11776 = CARTESIAN_POINT('',(-3.424467441408,-5.406757137392,0.));
#11777 = CARTESIAN_POINT('',(-3.434056987406,-5.42189769491,
    3.950966311744));
#11778 = CARTESIAN_POINT('',(-3.448971686826,-5.445445928007,
    7.915188641292));
#11779 = CARTESIAN_POINT('',(-3.110473421068,-4.911004311698,
    11.841097004811));
#11780 = CARTESIAN_POINT('',(-3.118770888623,-4.924104857314,15.8));
#11781 = PCURVE('',#3577,#11782);
#11782 = DEFINITIONAL_REPRESENTATION('',(#11783),#11787);
#11783 = LINE('',#11784,#11785);
#11784 = CARTESIAN_POINT('',(54.,0.));
#11785 = VECTOR('',#11786,1.);
#11786 = DIRECTION('',(0.,1.));
#11787 = ( GEOMETRIC_REPRESENTATION_CONTEXT(2) 
PARAMETRIC_REPRESENTATION_CONTEXT() REPRESENTATION_CONTEXT('2D SPACE',''
  ) );
#11788 = PCURVE('',#3545,#11789);
#11789 = DEFINITIONAL_REPRESENTATION('',(#11790),#11794);
#11790 = LINE('',#11791,#11792);
#11791 = CARTESIAN_POINT('',(54.,0.));
#11792 = VECTOR('',#11793,1.);
#11793 = DIRECTION('',(0.,1.));
#11794 = ( GEOMETRIC_REPRESENTATION_CONTEXT(2) 
PARAMETRIC_REPRESENTATION_CONTEXT() REPRESENTATION_CONTEXT('2D SPACE',''
  ) );
#11795 = ORIENTED_EDGE('',*,*,#6402,.F.);
#11796 = ORIENTED_EDGE('',*,*,#11715,.F.);
#11797 = ADVANCED_FACE('',(#11798),#1881,.F.);
#11798 = FACE_BOUND('',#11799,.F.);
#11799 = EDGE_LOOP('',(#11800,#11801,#11802,#11803));
#11800 = ORIENTED_EDGE('',*,*,#1867,.T.);
#11801 = ORIENTED_EDGE('',*,*,#11746,.T.);
#11802 = ORIENTED_EDGE('',*,*,#7515,.F.);
#11803 = ORIENTED_EDGE('',*,*,#11804,.F.);
#11804 = EDGE_CURVE('',#1868,#7495,#11805,.T.);
#11805 = SURFACE_CURVE('',#11806,(#11812,#11819),.PCURVE_S1.);
#11806 = ( BOUNDED_CURVE() B_SPLINE_CURVE(4,(#11807,#11808,#11809,#11810
,#11811),.UNSPECIFIED.,.F.,.F.) B_SPLINE_CURVE_WITH_KNOTS((5,5),(0.,1.),
.PIECEWISE_BEZIER_KNOTS.) CURVE() GEOMETRIC_REPRESENTATION_ITEM() 
RATIONAL_B_SPLINE_CURVE((1.,1.,1.,1.,1.)) REPRESENTATION_ITEM('') );
#11807 = CARTESIAN_POINT('',(-3.424205914476,5.406922771343,0.));
#11808 = CARTESIAN_POINT('',(-3.433787256506,5.422051994789,
    3.950966311744));
#11809 = CARTESIAN_POINT('',(-3.448689196228,5.445582599908,
    7.915188641292));
#11810 = CARTESIAN_POINT('',(-3.110480519647,4.91154106136,
    11.841097004811));
#11811 = CARTESIAN_POINT('',(-3.118770888623,4.924631800036,15.8));
#11812 = PCURVE('',#1881,#11813);
#11813 = DEFINITIONAL_REPRESENTATION('',(#11814),#11818);
#11814 = LINE('',#11815,#11816);
#11815 = CARTESIAN_POINT('',(106.,0.));
#11816 = VECTOR('',#11817,1.);
#11817 = DIRECTION('',(0.,1.));
#11818 = ( GEOMETRIC_REPRESENTATION_CONTEXT(2) 
PARAMETRIC_REPRESENTATION_CONTEXT() REPRESENTATION_CONTEXT('2D SPACE',''
  ) );
#11819 = PCURVE('',#1913,#11820);
#11820 = DEFINITIONAL_REPRESENTATION('',(#11821),#11825);
#11821 = LINE('',#11822,#11823);
#11822 = CARTESIAN_POINT('',(106.,0.));
#11823 = VECTOR('',#11824,1.);
#11824 = DIRECTION('',(0.,1.));
#11825 = ( GEOMETRIC_REPRESENTATION_CONTEXT(2) 
PARAMETRIC_REPRESENTATION_CONTEXT() REPRESENTATION_CONTEXT('2D SPACE',''
  ) );
#11826 = ADVANCED_FACE('',(#11827),#3545,.F.);
#11827 = FACE_BOUND('',#11828,.F.);
#11828 = EDGE_LOOP('',(#11829,#11830,#11853,#11854));
#11829 = ORIENTED_EDGE('',*,*,#3531,.T.);
#11830 = ORIENTED_EDGE('',*,*,#11831,.T.);
#11831 = EDGE_CURVE('',#3500,#6424,#11832,.T.);
#11832 = SURFACE_CURVE('',#11833,(#11839,#11846),.PCURVE_S1.);
#11833 = ( BOUNDED_CURVE() B_SPLINE_CURVE(4,(#11834,#11835,#11836,#11837
,#11838),.UNSPECIFIED.,.F.,.F.) B_SPLINE_CURVE_WITH_KNOTS((5,5),(0.,1.),
.PIECEWISE_BEZIER_KNOTS.) CURVE() GEOMETRIC_REPRESENTATION_ITEM() 
RATIONAL_B_SPLINE_CURVE((1.,1.,1.,1.,1.)) REPRESENTATION_ITEM('') );
#11834 = CARTESIAN_POINT('',(-3.636707075829,-5.266342340241,0.));
#11835 = CARTESIAN_POINT('',(-3.644550384183,-5.277700292918,
    3.950966311744));
#11836 = CARTESIAN_POINT('',(-3.656749145895,-5.29536540973,
    7.915188641292));
#11837 = CARTESIAN_POINT('',(-3.379890754878,-4.894444731637,
    11.841097004811));
#11838 = CARTESIAN_POINT('',(-3.386677269756,-4.904272333889,15.8));
#11839 = PCURVE('',#3545,#11840);
#11840 = DEFINITIONAL_REPRESENTATION('',(#11841),#11845);
#11841 = LINE('',#11842,#11843);
#11842 = CARTESIAN_POINT('',(55.,0.));
#11843 = VECTOR('',#11844,1.);
#11844 = DIRECTION('',(0.,1.));
#11845 = ( GEOMETRIC_REPRESENTATION_CONTEXT(2) 
PARAMETRIC_REPRESENTATION_CONTEXT() REPRESENTATION_CONTEXT('2D SPACE',''
  ) );
#11846 = PCURVE('',#3513,#11847);
#11847 = DEFINITIONAL_REPRESENTATION('',(#11848),#11852);
#11848 = LINE('',#11849,#11850);
#11849 = CARTESIAN_POINT('',(55.,0.));
#11850 = VECTOR('',#11851,1.);
#11851 = DIRECTION('',(0.,1.));
#11852 = ( GEOMETRIC_REPRESENTATION_CONTEXT(2) 
PARAMETRIC_REPRESENTATION_CONTEXT() REPRESENTATION_CONTEXT('2D SPACE',''
  ) );
#11853 = ORIENTED_EDGE('',*,*,#6423,.F.);
#11854 = ORIENTED_EDGE('',*,*,#11773,.F.);
#11855 = ADVANCED_FACE('',(#11856),#1913,.F.);
#11856 = FACE_BOUND('',#11857,.F.);
#11857 = EDGE_LOOP('',(#11858,#11859,#11860,#11861));
#11858 = ORIENTED_EDGE('',*,*,#1899,.T.);
#11859 = ORIENTED_EDGE('',*,*,#11804,.T.);
#11860 = ORIENTED_EDGE('',*,*,#7494,.F.);
#11861 = ORIENTED_EDGE('',*,*,#11862,.F.);
#11862 = EDGE_CURVE('',#1900,#7474,#11863,.T.);
#11863 = SURFACE_CURVE('',#11864,(#11870,#11877),.PCURVE_S1.);
#11864 = ( BOUNDED_CURVE() B_SPLINE_CURVE(4,(#11865,#11866,#11867,#11868
,#11869),.UNSPECIFIED.,.F.,.F.) B_SPLINE_CURVE_WITH_KNOTS((5,5),(0.,1.),
.PIECEWISE_BEZIER_KNOTS.) CURVE() GEOMETRIC_REPRESENTATION_ITEM() 
RATIONAL_B_SPLINE_CURVE((1.,1.,1.,1.,1.)) REPRESENTATION_ITEM('') );
#11865 = CARTESIAN_POINT('',(-3.636479746012,5.266499317084,0.));
#11866 = CARTESIAN_POINT('',(-3.644315923145,5.277847990636,
    3.950966311744));
#11867 = CARTESIAN_POINT('',(-3.65650359361,5.295498675547,
    7.915188641292));
#11868 = CARTESIAN_POINT('',(-3.379896925251,4.894905538293,
    11.841097004811));
#11869 = CARTESIAN_POINT('',(-3.386677269756,4.904725111672,15.8));
#11870 = PCURVE('',#1913,#11871);
#11871 = DEFINITIONAL_REPRESENTATION('',(#11872),#11876);
#11872 = LINE('',#11873,#11874);
#11873 = CARTESIAN_POINT('',(105.,0.));
#11874 = VECTOR('',#11875,1.);
#11875 = DIRECTION('',(0.,1.));
#11876 = ( GEOMETRIC_REPRESENTATION_CONTEXT(2) 
PARAMETRIC_REPRESENTATION_CONTEXT() REPRESENTATION_CONTEXT('2D SPACE',''
  ) );
#11877 = PCURVE('',#1945,#11878);
#11878 = DEFINITIONAL_REPRESENTATION('',(#11879),#11883);
#11879 = LINE('',#11880,#11881);
#11880 = CARTESIAN_POINT('',(105.,0.));
#11881 = VECTOR('',#11882,1.);
#11882 = DIRECTION('',(0.,1.));
#11883 = ( GEOMETRIC_REPRESENTATION_CONTEXT(2) 
PARAMETRIC_REPRESENTATION_CONTEXT() REPRESENTATION_CONTEXT('2D SPACE',''
  ) );
#11884 = ADVANCED_FACE('',(#11885),#3513,.F.);
#11885 = FACE_BOUND('',#11886,.F.);
#11886 = EDGE_LOOP('',(#11887,#11888,#11911,#11912));
#11887 = ORIENTED_EDGE('',*,*,#3499,.T.);
#11888 = ORIENTED_EDGE('',*,*,#11889,.T.);
#11889 = EDGE_CURVE('',#3468,#6445,#11890,.T.);
#11890 = SURFACE_CURVE('',#11891,(#11897,#11904),.PCURVE_S1.);
#11891 = ( BOUNDED_CURVE() B_SPLINE_CURVE(4,(#11892,#11893,#11894,#11895
,#11896),.UNSPECIFIED.,.F.,.F.) B_SPLINE_CURVE_WITH_KNOTS((5,5),(0.,1.),
.PIECEWISE_BEZIER_KNOTS.) CURVE() GEOMETRIC_REPRESENTATION_ITEM() 
RATIONAL_B_SPLINE_CURVE((1.,1.,1.,1.,1.)) REPRESENTATION_ITEM('') );
#11892 = CARTESIAN_POINT('',(-3.834207901067,-5.124338959456,0.));
#11893 = CARTESIAN_POINT('',(-3.840011769345,-5.132095708464,
    3.950966311744));
#11894 = CARTESIAN_POINT('',(-3.849038573207,-5.144159843718,
    7.915188641292));
#11895 = CARTESIAN_POINT('',(-3.644169714197,-4.870356882873,
    11.841097004811));
#11896 = CARTESIAN_POINT('',(-3.649191579544,-4.87706850126,15.8));
#11897 = PCURVE('',#3513,#11898);
#11898 = DEFINITIONAL_REPRESENTATION('',(#11899),#11903);
#11899 = LINE('',#11900,#11901);
#11900 = CARTESIAN_POINT('',(56.,0.));
#11901 = VECTOR('',#11902,1.);
#11902 = DIRECTION('',(0.,1.));
#11903 = ( GEOMETRIC_REPRESENTATION_CONTEXT(2) 
PARAMETRIC_REPRESENTATION_CONTEXT() REPRESENTATION_CONTEXT('2D SPACE',''
  ) );
#11904 = PCURVE('',#3481,#11905);
#11905 = DEFINITIONAL_REPRESENTATION('',(#11906),#11910);
#11906 = LINE('',#11907,#11908);
#11907 = CARTESIAN_POINT('',(56.,0.));
#11908 = VECTOR('',#11909,1.);
#11909 = DIRECTION('',(0.,1.));
#11910 = ( GEOMETRIC_REPRESENTATION_CONTEXT(2) 
PARAMETRIC_REPRESENTATION_CONTEXT() REPRESENTATION_CONTEXT('2D SPACE',''
  ) );
#11911 = ORIENTED_EDGE('',*,*,#6444,.F.);
#11912 = ORIENTED_EDGE('',*,*,#11831,.F.);
#11913 = ADVANCED_FACE('',(#11914),#1945,.F.);
#11914 = FACE_BOUND('',#11915,.F.);
#11915 = EDGE_LOOP('',(#11916,#11917,#11918,#11919));
#11916 = ORIENTED_EDGE('',*,*,#1931,.T.);
#11917 = ORIENTED_EDGE('',*,*,#11862,.T.);
#11918 = ORIENTED_EDGE('',*,*,#7473,.F.);
#11919 = ORIENTED_EDGE('',*,*,#11920,.F.);
#11920 = EDGE_CURVE('',#1932,#7453,#11921,.T.);
#11921 = SURFACE_CURVE('',#11922,(#11928,#11935),.PCURVE_S1.);
#11922 = ( BOUNDED_CURVE() B_SPLINE_CURVE(4,(#11923,#11924,#11925,#11926
,#11927),.UNSPECIFIED.,.F.,.F.) B_SPLINE_CURVE_WITH_KNOTS((5,5),(0.,1.),
.PIECEWISE_BEZIER_KNOTS.) CURVE() GEOMETRIC_REPRESENTATION_ITEM() 
RATIONAL_B_SPLINE_CURVE((1.,1.,1.,1.,1.)) REPRESENTATION_ITEM('') );
#11923 = CARTESIAN_POINT('',(-3.834036191796,5.124467433793,0.));
#11924 = CARTESIAN_POINT('',(-3.839834673641,5.132217525314,
    3.950966311744));
#11925 = CARTESIAN_POINT('',(-3.84885309994,5.144271306124,
    7.915188641292));
#11926 = CARTESIAN_POINT('',(-3.644174374871,4.870703345745,
    11.841097004811));
#11927 = CARTESIAN_POINT('',(-3.649191579544,4.877409203663,15.8));
#11928 = PCURVE('',#1945,#11929);
#11929 = DEFINITIONAL_REPRESENTATION('',(#11930),#11934);
#11930 = LINE('',#11931,#11932);
#11931 = CARTESIAN_POINT('',(104.,0.));
#11932 = VECTOR('',#11933,1.);
#11933 = DIRECTION('',(0.,1.));
#11934 = ( GEOMETRIC_REPRESENTATION_CONTEXT(2) 
PARAMETRIC_REPRESENTATION_CONTEXT() REPRESENTATION_CONTEXT('2D SPACE',''
  ) );
#11935 = PCURVE('',#1977,#11936);
#11936 = DEFINITIONAL_REPRESENTATION('',(#11937),#11941);
#11937 = LINE('',#11938,#11939);
#11938 = CARTESIAN_POINT('',(104.,0.));
#11939 = VECTOR('',#11940,1.);
#11940 = DIRECTION('',(0.,1.));
#11941 = ( GEOMETRIC_REPRESENTATION_CONTEXT(2) 
PARAMETRIC_REPRESENTATION_CONTEXT() REPRESENTATION_CONTEXT('2D SPACE',''
  ) );
#11942 = ADVANCED_FACE('',(#11943),#3481,.F.);
#11943 = FACE_BOUND('',#11944,.F.);
#11944 = EDGE_LOOP('',(#11945,#11946,#11969,#11970));
#11945 = ORIENTED_EDGE('',*,*,#3467,.T.);
#11946 = ORIENTED_EDGE('',*,*,#11947,.T.);
#11947 = EDGE_CURVE('',#3436,#6466,#11948,.T.);
#11948 = SURFACE_CURVE('',#11949,(#11955,#11962),.PCURVE_S1.);
#11949 = ( BOUNDED_CURVE() B_SPLINE_CURVE(4,(#11950,#11951,#11952,#11953
,#11954),.UNSPECIFIED.,.F.,.F.) B_SPLINE_CURVE_WITH_KNOTS((5,5),(0.,1.),
.PIECEWISE_BEZIER_KNOTS.) CURVE() GEOMETRIC_REPRESENTATION_ITEM() 
RATIONAL_B_SPLINE_CURVE((1.,1.,1.,1.,1.)) REPRESENTATION_ITEM('') );
#11950 = CARTESIAN_POINT('',(-4.018803722625,-4.980885126061,0.));
#11951 = CARTESIAN_POINT('',(-4.022520111756,-4.985491200063,
    3.950966311744));
#11952 = CARTESIAN_POINT('',(-4.028300242206,-4.992655064677,
    7.915188641292));
#11953 = CARTESIAN_POINT('',(-3.897116630797,-4.830066756329,
    11.841097004811));
#11954 = CARTESIAN_POINT('',(-3.90033228024,-4.834052216078,15.8));
#11955 = PCURVE('',#3481,#11956);
#11956 = DEFINITIONAL_REPRESENTATION('',(#11957),#11961);
#11957 = LINE('',#11958,#11959);
#11958 = CARTESIAN_POINT('',(57.,0.));
#11959 = VECTOR('',#11960,1.);
#11960 = DIRECTION('',(0.,1.));
#11961 = ( GEOMETRIC_REPRESENTATION_CONTEXT(2) 
PARAMETRIC_REPRESENTATION_CONTEXT() REPRESENTATION_CONTEXT('2D SPACE',''
  ) );
#11962 = PCURVE('',#3449,#11963);
#11963 = DEFINITIONAL_REPRESENTATION('',(#11964),#11968);
#11964 = LINE('',#11965,#11966);
#11965 = CARTESIAN_POINT('',(57.,0.));
#11966 = VECTOR('',#11967,1.);
#11967 = DIRECTION('',(0.,1.));
#11968 = ( GEOMETRIC_REPRESENTATION_CONTEXT(2) 
PARAMETRIC_REPRESENTATION_CONTEXT() REPRESENTATION_CONTEXT('2D SPACE',''
  ) );
#11969 = ORIENTED_EDGE('',*,*,#6465,.F.);
#11970 = ORIENTED_EDGE('',*,*,#11889,.F.);
#11971 = ADVANCED_FACE('',(#11972),#1977,.F.);
#11972 = FACE_BOUND('',#11973,.F.);
#11973 = EDGE_LOOP('',(#11974,#11975,#11976,#11977));
#11974 = ORIENTED_EDGE('',*,*,#1963,.T.);
#11975 = ORIENTED_EDGE('',*,*,#11920,.T.);
#11976 = ORIENTED_EDGE('',*,*,#7452,.F.);
#11977 = ORIENTED_EDGE('',*,*,#11978,.F.);
#11978 = EDGE_CURVE('',#1964,#7432,#11979,.T.);
#11979 = SURFACE_CURVE('',#11980,(#11986,#11993),.PCURVE_S1.);
#11980 = ( BOUNDED_CURVE() B_SPLINE_CURVE(4,(#11981,#11982,#11983,#11984
,#11985),.UNSPECIFIED.,.F.,.F.) B_SPLINE_CURVE_WITH_KNOTS((5,5),(0.,1.),
.PIECEWISE_BEZIER_KNOTS.) CURVE() GEOMETRIC_REPRESENTATION_ITEM() 
RATIONAL_B_SPLINE_CURVE((1.,1.,1.,1.,1.)) REPRESENTATION_ITEM('') );
#11981 = CARTESIAN_POINT('',(-4.018695936325,4.980972091004,0.));
#11982 = CARTESIAN_POINT('',(-4.022408944255,4.98557417814,
    3.950966311744));
#11983 = CARTESIAN_POINT('',(-4.028183815893,4.992731841949,
    7.915188641292));
#11984 = CARTESIAN_POINT('',(-3.897119556422,4.8302842647,
    11.841097004811));
#11985 = CARTESIAN_POINT('',(-3.90033228024,4.834266274766,15.8));
#11986 = PCURVE('',#1977,#11987);
#11987 = DEFINITIONAL_REPRESENTATION('',(#11988),#11992);
#11988 = LINE('',#11989,#11990);
#11989 = CARTESIAN_POINT('',(103.,0.));
#11990 = VECTOR('',#11991,1.);
#11991 = DIRECTION('',(0.,1.));
#11992 = ( GEOMETRIC_REPRESENTATION_CONTEXT(2) 
PARAMETRIC_REPRESENTATION_CONTEXT() REPRESENTATION_CONTEXT('2D SPACE',''
  ) );
#11993 = PCURVE('',#2009,#11994);
#11994 = DEFINITIONAL_REPRESENTATION('',(#11995),#11999);
#11995 = LINE('',#11996,#11997);
#11996 = CARTESIAN_POINT('',(103.,0.));
#11997 = VECTOR('',#11998,1.);
#11998 = DIRECTION('',(0.,1.));
#11999 = ( GEOMETRIC_REPRESENTATION_CONTEXT(2) 
PARAMETRIC_REPRESENTATION_CONTEXT() REPRESENTATION_CONTEXT('2D SPACE',''
  ) );
#12000 = ADVANCED_FACE('',(#12001),#3449,.F.);
#12001 = FACE_BOUND('',#12002,.F.);
#12002 = EDGE_LOOP('',(#12003,#12004,#12027,#12028));
#12003 = ORIENTED_EDGE('',*,*,#3435,.T.);
#12004 = ORIENTED_EDGE('',*,*,#12005,.T.);
#12005 = EDGE_CURVE('',#3404,#6487,#12006,.T.);
#12006 = SURFACE_CURVE('',#12007,(#12013,#12020),.PCURVE_S1.);
#12007 = ( BOUNDED_CURVE() B_SPLINE_CURVE(4,(#12008,#12009,#12010,#12011
,#12012),.UNSPECIFIED.,.F.,.F.) B_SPLINE_CURVE_WITH_KNOTS((5,5),(0.,1.),
.PIECEWISE_BEZIER_KNOTS.) CURVE() GEOMETRIC_REPRESENTATION_ITEM() 
RATIONAL_B_SPLINE_CURVE((1.,1.,1.,1.,1.)) REPRESENTATION_ITEM('') );
#12008 = CARTESIAN_POINT('',(-4.193238718358,-4.834950780604,0.));
#12009 = CARTESIAN_POINT('',(-4.195093310548,-4.837089190209,
    3.950966311744));
#12010 = CARTESIAN_POINT('',(-4.197977772967,-4.84041507618,
    7.915188641292));
#12011 = CARTESIAN_POINT('',(-4.132513126377,-4.764932050912,
    11.841097004811));
#12012 = CARTESIAN_POINT('',(-4.134117834099,-4.766782334994,15.8));
#12013 = PCURVE('',#3449,#12014);
#12014 = DEFINITIONAL_REPRESENTATION('',(#12015),#12019);
#12015 = LINE('',#12016,#12017);
#12016 = CARTESIAN_POINT('',(58.,0.));
#12017 = VECTOR('',#12018,1.);
#12018 = DIRECTION('',(0.,1.));
#12019 = ( GEOMETRIC_REPRESENTATION_CONTEXT(2) 
PARAMETRIC_REPRESENTATION_CONTEXT() REPRESENTATION_CONTEXT('2D SPACE',''
  ) );
#12020 = PCURVE('',#3417,#12021);
#12021 = DEFINITIONAL_REPRESENTATION('',(#12022),#12026);
#12022 = LINE('',#12023,#12024);
#12023 = CARTESIAN_POINT('',(58.,0.));
#12024 = VECTOR('',#12025,1.);
#12025 = DIRECTION('',(0.,1.));
#12026 = ( GEOMETRIC_REPRESENTATION_CONTEXT(2) 
PARAMETRIC_REPRESENTATION_CONTEXT() REPRESENTATION_CONTEXT('2D SPACE',''
  ) );
#12027 = ORIENTED_EDGE('',*,*,#6486,.F.);
#12028 = ORIENTED_EDGE('',*,*,#11947,.F.);
#12029 = ADVANCED_FACE('',(#12030),#2009,.F.);
#12030 = FACE_BOUND('',#12031,.F.);
#12031 = EDGE_LOOP('',(#12032,#12033,#12034,#12035));
#12032 = ORIENTED_EDGE('',*,*,#1995,.T.);
#12033 = ORIENTED_EDGE('',*,*,#11978,.T.);
#12034 = ORIENTED_EDGE('',*,*,#7431,.F.);
#12035 = ORIENTED_EDGE('',*,*,#12036,.F.);
#12036 = EDGE_CURVE('',#1996,#7411,#12037,.T.);
#12037 = SURFACE_CURVE('',#12038,(#12044,#12051),.PCURVE_S1.);
#12038 = ( BOUNDED_CURVE() B_SPLINE_CURVE(4,(#12039,#12040,#12041,#12042
,#12043),.UNSPECIFIED.,.F.,.F.) B_SPLINE_CURVE_WITH_KNOTS((5,5),(0.,1.),
.PIECEWISE_BEZIER_KNOTS.) CURVE() GEOMETRIC_REPRESENTATION_ITEM() 
RATIONAL_B_SPLINE_CURVE((1.,1.,1.,1.,1.)) REPRESENTATION_ITEM('') );
#12039 = CARTESIAN_POINT('',(-4.193190426983,4.834992662151,0.));
#12040 = CARTESIAN_POINT('',(-4.195043504296,4.837129368167,
    3.950966311744));
#12041 = CARTESIAN_POINT('',(-4.197925610617,4.840452604531,
    7.915188641292));
#12042 = CARTESIAN_POINT('',(-4.132514437141,4.765029713708,
    11.841097004811));
#12043 = CARTESIAN_POINT('',(-4.134117834099,4.76687852374,15.8));
#12044 = PCURVE('',#2009,#12045);
#12045 = DEFINITIONAL_REPRESENTATION('',(#12046),#12050);
#12046 = LINE('',#12047,#12048);
#12047 = CARTESIAN_POINT('',(102.,0.));
#12048 = VECTOR('',#12049,1.);
#12049 = DIRECTION('',(0.,1.));
#12050 = ( GEOMETRIC_REPRESENTATION_CONTEXT(2) 
PARAMETRIC_REPRESENTATION_CONTEXT() REPRESENTATION_CONTEXT('2D SPACE',''
  ) );
#12051 = PCURVE('',#2041,#12052);
#12052 = DEFINITIONAL_REPRESENTATION('',(#12053),#12057);
#12053 = LINE('',#12054,#12055);
#12054 = CARTESIAN_POINT('',(102.,0.));
#12055 = VECTOR('',#12056,1.);
#12056 = DIRECTION('',(0.,1.));
#12057 = ( GEOMETRIC_REPRESENTATION_CONTEXT(2) 
PARAMETRIC_REPRESENTATION_CONTEXT() REPRESENTATION_CONTEXT('2D SPACE',''
  ) );
#12058 = ADVANCED_FACE('',(#12059),#3417,.F.);
#12059 = FACE_BOUND('',#12060,.F.);
#12060 = EDGE_LOOP('',(#12061,#12062,#12085,#12086));
#12061 = ORIENTED_EDGE('',*,*,#3403,.T.);
#12062 = ORIENTED_EDGE('',*,*,#12063,.T.);
#12063 = EDGE_CURVE('',#3372,#6508,#12064,.T.);
#12064 = SURFACE_CURVE('',#12065,(#12071,#12078),.PCURVE_S1.);
#12065 = ( BOUNDED_CURVE() B_SPLINE_CURVE(4,(#12066,#12067,#12068,#12069
,#12070),.UNSPECIFIED.,.F.,.F.) B_SPLINE_CURVE_WITH_KNOTS((5,5),(0.,1.),
.PIECEWISE_BEZIER_KNOTS.) CURVE() GEOMETRIC_REPRESENTATION_ITEM() 
RATIONAL_B_SPLINE_CURVE((1.,1.,1.,1.,1.)) REPRESENTATION_ITEM('') );
#12066 = CARTESIAN_POINT('',(-4.360862688945,-4.684322427861,0.));
#12067 = CARTESIAN_POINT('',(-4.361373885757,-4.684871541847,
    3.950966311744));
#12068 = CARTESIAN_POINT('',(-4.362168954345,-4.685725583325,
    7.915188641292));
#12069 = CARTESIAN_POINT('',(-4.344124384318,-4.66634258732,
    11.841097004811));
#12070 = CARTESIAN_POINT('',(-4.344566703377,-4.666817714659,15.8));
#12071 = PCURVE('',#3417,#12072);
#12072 = DEFINITIONAL_REPRESENTATION('',(#12073),#12077);
#12073 = LINE('',#12074,#12075);
#12074 = CARTESIAN_POINT('',(59.,0.));
#12075 = VECTOR('',#12076,1.);
#12076 = DIRECTION('',(0.,1.));
#12077 = ( GEOMETRIC_REPRESENTATION_CONTEXT(2) 
PARAMETRIC_REPRESENTATION_CONTEXT() REPRESENTATION_CONTEXT('2D SPACE',''
  ) );
#12078 = PCURVE('',#3385,#12079);
#12079 = DEFINITIONAL_REPRESENTATION('',(#12080),#12084);
#12080 = LINE('',#12081,#12082);
#12081 = CARTESIAN_POINT('',(59.,0.));
#12082 = VECTOR('',#12083,1.);
#12083 = DIRECTION('',(0.,1.));
#12084 = ( GEOMETRIC_REPRESENTATION_CONTEXT(2) 
PARAMETRIC_REPRESENTATION_CONTEXT() REPRESENTATION_CONTEXT('2D SPACE',''
  ) );
#12085 = ORIENTED_EDGE('',*,*,#6507,.F.);
#12086 = ORIENTED_EDGE('',*,*,#12005,.F.);
#12087 = ADVANCED_FACE('',(#12088),#2041,.F.);
#12088 = FACE_BOUND('',#12089,.F.);
#12089 = EDGE_LOOP('',(#12090,#12091,#12092,#12093));
#12090 = ORIENTED_EDGE('',*,*,#2027,.T.);
#12091 = ORIENTED_EDGE('',*,*,#12036,.T.);
#12092 = ORIENTED_EDGE('',*,*,#7410,.F.);
#12093 = ORIENTED_EDGE('',*,*,#12094,.F.);
#12094 = EDGE_CURVE('',#2028,#7390,#12095,.T.);
#12095 = SURFACE_CURVE('',#12096,(#12102,#12109),.PCURVE_S1.);
#12096 = ( BOUNDED_CURVE() B_SPLINE_CURVE(4,(#12097,#12098,#12099,#12100
,#12101),.UNSPECIFIED.,.F.,.F.) B_SPLINE_CURVE_WITH_KNOTS((5,5),(0.,1.),
.PIECEWISE_BEZIER_KNOTS.) CURVE() GEOMETRIC_REPRESENTATION_ITEM() 
RATIONAL_B_SPLINE_CURVE((1.,1.,1.,1.,1.)) REPRESENTATION_ITEM('') );
#12097 = CARTESIAN_POINT('',(-4.360857465415,4.684327290693,0.));
#12098 = CARTESIAN_POINT('',(-4.361368498368,4.684876229892,
    3.950966311744));
#12099 = CARTESIAN_POINT('',(-4.362163312104,4.685729999524,
    7.915188641292));
#12100 = CARTESIAN_POINT('',(-4.344124526099,4.666353173237,
    11.841097004811));
#12101 = CARTESIAN_POINT('',(-4.344566703377,4.666828149341,15.8));
#12102 = PCURVE('',#2041,#12103);
#12103 = DEFINITIONAL_REPRESENTATION('',(#12104),#12108);
#12104 = LINE('',#12105,#12106);
#12105 = CARTESIAN_POINT('',(101.,0.));
#12106 = VECTOR('',#12107,1.);
#12107 = DIRECTION('',(0.,1.));
#12108 = ( GEOMETRIC_REPRESENTATION_CONTEXT(2) 
PARAMETRIC_REPRESENTATION_CONTEXT() REPRESENTATION_CONTEXT('2D SPACE',''
  ) );
#12109 = PCURVE('',#2073,#12110);
#12110 = DEFINITIONAL_REPRESENTATION('',(#12111),#12115);
#12111 = LINE('',#12112,#12113);
#12112 = CARTESIAN_POINT('',(101.,0.));
#12113 = VECTOR('',#12114,1.);
#12114 = DIRECTION('',(0.,1.));
#12115 = ( GEOMETRIC_REPRESENTATION_CONTEXT(2) 
PARAMETRIC_REPRESENTATION_CONTEXT() REPRESENTATION_CONTEXT('2D SPACE',''
  ) );
#12116 = ADVANCED_FACE('',(#12117),#3385,.F.);
#12117 = FACE_BOUND('',#12118,.F.);
#12118 = EDGE_LOOP('',(#12119,#12120,#12143,#12144));
#12119 = ORIENTED_EDGE('',*,*,#3371,.T.);
#12120 = ORIENTED_EDGE('',*,*,#12121,.T.);
#12121 = EDGE_CURVE('',#3340,#6529,#12122,.T.);
#12122 = SURFACE_CURVE('',#12123,(#12129,#12136),.PCURVE_S1.);
#12123 = ( BOUNDED_CURVE() B_SPLINE_CURVE(4,(#12124,#12125,#12126,#12127
,#12128),.UNSPECIFIED.,.F.,.F.) B_SPLINE_CURVE_WITH_KNOTS((5,5),(0.,1.),
.PIECEWISE_BEZIER_KNOTS.) CURVE() GEOMETRIC_REPRESENTATION_ITEM() 
RATIONAL_B_SPLINE_CURVE((1.,1.,1.,1.,1.)) REPRESENTATION_ITEM('') );
#12124 = CARTESIAN_POINT('',(-4.525473469376,-4.52549332979,0.));
#12125 = CARTESIAN_POINT('',(-4.525466446344,-4.525486306727,
    3.950966311744));
#12126 = CARTESIAN_POINT('',(-4.525455523365,-4.5254753837,
    7.915188641292));
#12127 = CARTESIAN_POINT('',(-4.525703427088,-4.525723288511,
    11.841097004811));
#12128 = CARTESIAN_POINT('',(-4.525697350327,-4.525717211724,15.8));
#12129 = PCURVE('',#3385,#12130);
#12130 = DEFINITIONAL_REPRESENTATION('',(#12131),#12135);
#12131 = LINE('',#12132,#12133);
#12132 = CARTESIAN_POINT('',(60.,0.));
#12133 = VECTOR('',#12134,1.);
#12134 = DIRECTION('',(0.,1.));
#12135 = ( GEOMETRIC_REPRESENTATION_CONTEXT(2) 
PARAMETRIC_REPRESENTATION_CONTEXT() REPRESENTATION_CONTEXT('2D SPACE',''
  ) );
#12136 = PCURVE('',#3353,#12137);
#12137 = DEFINITIONAL_REPRESENTATION('',(#12138),#12142);
#12138 = LINE('',#12139,#12140);
#12139 = CARTESIAN_POINT('',(60.,0.));
#12140 = VECTOR('',#12141,1.);
#12141 = DIRECTION('',(0.,1.));
#12142 = ( GEOMETRIC_REPRESENTATION_CONTEXT(2) 
PARAMETRIC_REPRESENTATION_CONTEXT() REPRESENTATION_CONTEXT('2D SPACE',''
  ) );
#12143 = ORIENTED_EDGE('',*,*,#6528,.F.);
#12144 = ORIENTED_EDGE('',*,*,#12063,.F.);
#12145 = ADVANCED_FACE('',(#12146),#2073,.F.);
#12146 = FACE_BOUND('',#12147,.F.);
#12147 = EDGE_LOOP('',(#12148,#12149,#12150,#12151));
#12148 = ORIENTED_EDGE('',*,*,#2059,.T.);
#12149 = ORIENTED_EDGE('',*,*,#12094,.T.);
#12150 = ORIENTED_EDGE('',*,*,#7389,.F.);
#12151 = ORIENTED_EDGE('',*,*,#12152,.F.);
#12152 = EDGE_CURVE('',#2060,#7369,#12153,.T.);
#12153 = SURFACE_CURVE('',#12154,(#12160,#12167),.PCURVE_S1.);
#12154 = ( BOUNDED_CURVE() B_SPLINE_CURVE(4,(#12155,#12156,#12157,#12158
,#12159),.UNSPECIFIED.,.F.,.F.) B_SPLINE_CURVE_WITH_KNOTS((5,5),(0.,1.),
.PIECEWISE_BEZIER_KNOTS.) CURVE() GEOMETRIC_REPRESENTATION_ITEM() 
RATIONAL_B_SPLINE_CURVE((1.,1.,1.,1.,1.)) REPRESENTATION_ITEM('') );
#12155 = CARTESIAN_POINT('',(-4.525483399594,4.525483399594,0.));
#12156 = CARTESIAN_POINT('',(-4.525476688068,4.525476688068,
    3.950966311744));
#12157 = CARTESIAN_POINT('',(-4.525466249576,4.525466249576,
    7.915188641292));
#12158 = CARTESIAN_POINT('',(-4.525703157554,4.525703157554,
    11.841097004811));
#12159 = CARTESIAN_POINT('',(-4.525697350327,4.525697350327,15.8));
#12160 = PCURVE('',#2073,#12161);
#12161 = DEFINITIONAL_REPRESENTATION('',(#12162),#12166);
#12162 = LINE('',#12163,#12164);
#12163 = CARTESIAN_POINT('',(100.,0.));
#12164 = VECTOR('',#12165,1.);
#12165 = DIRECTION('',(0.,1.));
#12166 = ( GEOMETRIC_REPRESENTATION_CONTEXT(2) 
PARAMETRIC_REPRESENTATION_CONTEXT() REPRESENTATION_CONTEXT('2D SPACE',''
  ) );
#12167 = PCURVE('',#2105,#12168);
#12168 = DEFINITIONAL_REPRESENTATION('',(#12169),#12173);
#12169 = LINE('',#12170,#12171);
#12170 = CARTESIAN_POINT('',(100.,0.));
#12171 = VECTOR('',#12172,1.);
#12172 = DIRECTION('',(0.,1.));
#12173 = ( GEOMETRIC_REPRESENTATION_CONTEXT(2) 
PARAMETRIC_REPRESENTATION_CONTEXT() REPRESENTATION_CONTEXT('2D SPACE',''
  ) );
#12174 = ADVANCED_FACE('',(#12175),#3353,.F.);
#12175 = FACE_BOUND('',#12176,.F.);
#12176 = EDGE_LOOP('',(#12177,#12178,#12201,#12202));
#12177 = ORIENTED_EDGE('',*,*,#3339,.T.);
#12178 = ORIENTED_EDGE('',*,*,#12179,.T.);
#12179 = EDGE_CURVE('',#3308,#6550,#12180,.T.);
#12180 = SURFACE_CURVE('',#12181,(#12187,#12194),.PCURVE_S1.);
#12181 = ( BOUNDED_CURVE() B_SPLINE_CURVE(4,(#12182,#12183,#12184,#12185
,#12186),.UNSPECIFIED.,.F.,.F.) B_SPLINE_CURVE_WITH_KNOTS((5,5),(0.,1.),
.PIECEWISE_BEZIER_KNOTS.) CURVE() GEOMETRIC_REPRESENTATION_ITEM() 
RATIONAL_B_SPLINE_CURVE((1.,1.,1.,1.,1.)) REPRESENTATION_ITEM('') );
#12182 = CARTESIAN_POINT('',(-4.68463767328,-4.360524036178,0.));
#12183 = CARTESIAN_POINT('',(-4.685186489151,-4.361034881406,
    3.950966311744));
#12184 = CARTESIAN_POINT('',(-4.686040066969,-4.361829403171,
    7.915188641292));
#12185 = CARTESIAN_POINT('',(-4.666667594002,-4.34379724361,
    11.841097004811));
#12186 = CARTESIAN_POINT('',(-4.667142463395,-4.344239258456,15.8));
#12187 = PCURVE('',#3353,#12188);
#12188 = DEFINITIONAL_REPRESENTATION('',(#12189),#12193);
#12189 = LINE('',#12190,#12191);
#12190 = CARTESIAN_POINT('',(61.,0.));
#12191 = VECTOR('',#12192,1.);
#12192 = DIRECTION('',(0.,1.));
#12193 = ( GEOMETRIC_REPRESENTATION_CONTEXT(2) 
PARAMETRIC_REPRESENTATION_CONTEXT() REPRESENTATION_CONTEXT('2D SPACE',''
  ) );
#12194 = PCURVE('',#3321,#12195);
#12195 = DEFINITIONAL_REPRESENTATION('',(#12196),#12200);
#12196 = LINE('',#12197,#12198);
#12197 = CARTESIAN_POINT('',(61.,0.));
#12198 = VECTOR('',#12199,1.);
#12199 = DIRECTION('',(0.,1.));
#12200 = ( GEOMETRIC_REPRESENTATION_CONTEXT(2) 
PARAMETRIC_REPRESENTATION_CONTEXT() REPRESENTATION_CONTEXT('2D SPACE',''
  ) );
#12201 = ORIENTED_EDGE('',*,*,#6549,.F.);
#12202 = ORIENTED_EDGE('',*,*,#12121,.F.);
#12203 = ADVANCED_FACE('',(#12204),#2105,.F.);
#12204 = FACE_BOUND('',#12205,.F.);
#12205 = EDGE_LOOP('',(#12206,#12207,#12208,#12209));
#12206 = ORIENTED_EDGE('',*,*,#2091,.T.);
#12207 = ORIENTED_EDGE('',*,*,#12152,.T.);
#12208 = ORIENTED_EDGE('',*,*,#7368,.F.);
#12209 = ORIENTED_EDGE('',*,*,#12210,.F.);
#12210 = EDGE_CURVE('',#2092,#7348,#12211,.T.);
#12211 = SURFACE_CURVE('',#12212,(#12218,#12225),.PCURVE_S1.);
#12212 = ( BOUNDED_CURVE() B_SPLINE_CURVE(4,(#12213,#12214,#12215,#12216
,#12217),.UNSPECIFIED.,.F.,.F.) B_SPLINE_CURVE_WITH_KNOTS((5,5),(0.,1.),
.PIECEWISE_BEZIER_KNOTS.) CURVE() GEOMETRIC_REPRESENTATION_ITEM() 
RATIONAL_B_SPLINE_CURVE((1.,1.,1.,1.,1.)) REPRESENTATION_ITEM('') );
#12213 = CARTESIAN_POINT('',(-4.684327936954,4.360856771218,0.));
#12214 = CARTESIAN_POINT('',(-4.684876896426,4.361367822891,
    3.950966311744));
#12215 = CARTESIAN_POINT('',(-4.685730697588,4.362162665744,
    7.915188641292));
#12216 = CARTESIAN_POINT('',(-4.666353155695,4.34412321891,
    11.841097004811));
#12217 = CARTESIAN_POINT('',(-4.666828149341,4.344565412386,15.8));
#12218 = PCURVE('',#2105,#12219);
#12219 = DEFINITIONAL_REPRESENTATION('',(#12220),#12224);
#12220 = LINE('',#12221,#12222);
#12221 = CARTESIAN_POINT('',(99.,0.));
#12222 = VECTOR('',#12223,1.);
#12223 = DIRECTION('',(0.,1.));
#12224 = ( GEOMETRIC_REPRESENTATION_CONTEXT(2) 
PARAMETRIC_REPRESENTATION_CONTEXT() REPRESENTATION_CONTEXT('2D SPACE',''
  ) );
#12225 = PCURVE('',#2137,#12226);
#12226 = DEFINITIONAL_REPRESENTATION('',(#12227),#12231);
#12227 = LINE('',#12228,#12229);
#12228 = CARTESIAN_POINT('',(99.,0.));
#12229 = VECTOR('',#12230,1.);
#12230 = DIRECTION('',(0.,1.));
#12231 = ( GEOMETRIC_REPRESENTATION_CONTEXT(2) 
PARAMETRIC_REPRESENTATION_CONTEXT() REPRESENTATION_CONTEXT('2D SPACE',''
  ) );
#12232 = ADVANCED_FACE('',(#12233),#3321,.F.);
#12233 = FACE_BOUND('',#12234,.F.);
#12234 = EDGE_LOOP('',(#12235,#12236,#12259,#12260));
#12235 = ORIENTED_EDGE('',*,*,#3307,.T.);
#12236 = ORIENTED_EDGE('',*,*,#12237,.T.);
#12237 = EDGE_CURVE('',#3276,#6571,#12238,.T.);
#12238 = SURFACE_CURVE('',#12239,(#12245,#12252),.PCURVE_S1.);
#12239 = ( BOUNDED_CURVE() B_SPLINE_CURVE(4,(#12240,#12241,#12242,#12243
,#12244),.UNSPECIFIED.,.F.,.F.) B_SPLINE_CURVE_WITH_KNOTS((5,5),(0.,1.),
.PIECEWISE_BEZIER_KNOTS.) CURVE() GEOMETRIC_REPRESENTATION_ITEM() 
RATIONAL_B_SPLINE_CURVE((1.,1.,1.,1.,1.)) REPRESENTATION_ITEM('') );
#12240 = CARTESIAN_POINT('',(-4.83551303318,-4.192590333666,0.));
#12241 = CARTESIAN_POINT('',(-4.837650481938,-4.194443590381,
    3.950966311744));
#12242 = CARTESIAN_POINT('',(-4.840974873495,-4.197325975728,
    7.915188641292));
#12243 = CARTESIAN_POINT('',(-4.765525764856,-4.131908469582,
    11.841097004811));
#12244 = CARTESIAN_POINT('',(-4.767375217554,-4.13351202177,15.8));
#12245 = PCURVE('',#3321,#12246);
#12246 = DEFINITIONAL_REPRESENTATION('',(#12247),#12251);
#12247 = LINE('',#12248,#12249);
#12248 = CARTESIAN_POINT('',(62.,0.));
#12249 = VECTOR('',#12250,1.);
#12250 = DIRECTION('',(0.,1.));
#12251 = ( GEOMETRIC_REPRESENTATION_CONTEXT(2) 
PARAMETRIC_REPRESENTATION_CONTEXT() REPRESENTATION_CONTEXT('2D SPACE',''
  ) );
#12252 = PCURVE('',#3289,#12253);
#12253 = DEFINITIONAL_REPRESENTATION('',(#12254),#12258);
#12254 = LINE('',#12255,#12256);
#12255 = CARTESIAN_POINT('',(62.,0.));
#12256 = VECTOR('',#12257,1.);
#12257 = DIRECTION('',(0.,1.));
#12258 = ( GEOMETRIC_REPRESENTATION_CONTEXT(2) 
PARAMETRIC_REPRESENTATION_CONTEXT() REPRESENTATION_CONTEXT('2D SPACE',''
  ) );
#12259 = ORIENTED_EDGE('',*,*,#6570,.F.);
#12260 = ORIENTED_EDGE('',*,*,#12179,.F.);
#12261 = ADVANCED_FACE('',(#12262),#2137,.F.);
#12262 = FACE_BOUND('',#12263,.F.);
#12263 = EDGE_LOOP('',(#12264,#12265,#12266,#12267));
#12264 = ORIENTED_EDGE('',*,*,#2123,.T.);
#12265 = ORIENTED_EDGE('',*,*,#12210,.T.);
#12266 = ORIENTED_EDGE('',*,*,#7347,.F.);
#12267 = ORIENTED_EDGE('',*,*,#12268,.F.);
#12268 = EDGE_CURVE('',#2124,#7327,#12269,.T.);
#12269 = SURFACE_CURVE('',#12270,(#12276,#12283),.PCURVE_S1.);
#12270 = ( BOUNDED_CURVE() B_SPLINE_CURVE(4,(#12271,#12272,#12273,#12274
,#12275),.UNSPECIFIED.,.F.,.F.) B_SPLINE_CURVE_WITH_KNOTS((5,5),(0.,1.),
.PIECEWISE_BEZIER_KNOTS.) CURVE() GEOMETRIC_REPRESENTATION_ITEM() 
RATIONAL_B_SPLINE_CURVE((1.,1.,1.,1.,1.)) REPRESENTATION_ITEM('') );
#12271 = CARTESIAN_POINT('',(-4.834997847231,4.193184448277,0.));
#12272 = CARTESIAN_POINT('',(-4.837134715901,4.195037662022,
    3.950966311744));
#12273 = CARTESIAN_POINT('',(-4.840458205241,4.197919980538,
    7.915188641292));
#12274 = CARTESIAN_POINT('',(-4.76502957297,4.132503991164,
    11.841097004811));
#12275 = CARTESIAN_POINT('',(-4.76687852374,4.134107506173,15.8));
#12276 = PCURVE('',#2137,#12277);
#12277 = DEFINITIONAL_REPRESENTATION('',(#12278),#12282);
#12278 = LINE('',#12279,#12280);
#12279 = CARTESIAN_POINT('',(98.,0.));
#12280 = VECTOR('',#12281,1.);
#12281 = DIRECTION('',(0.,1.));
#12282 = ( GEOMETRIC_REPRESENTATION_CONTEXT(2) 
PARAMETRIC_REPRESENTATION_CONTEXT() REPRESENTATION_CONTEXT('2D SPACE',''
  ) );
#12283 = PCURVE('',#2169,#12284);
#12284 = DEFINITIONAL_REPRESENTATION('',(#12285),#12289);
#12285 = LINE('',#12286,#12287);
#12286 = CARTESIAN_POINT('',(98.,0.));
#12287 = VECTOR('',#12288,1.);
#12288 = DIRECTION('',(0.,1.));
#12289 = ( GEOMETRIC_REPRESENTATION_CONTEXT(2) 
PARAMETRIC_REPRESENTATION_CONTEXT() REPRESENTATION_CONTEXT('2D SPACE',''
  ) );
#12290 = ADVANCED_FACE('',(#12291),#3289,.F.);
#12291 = FACE_BOUND('',#12292,.F.);
#12292 = EDGE_LOOP('',(#12293,#12294,#12317,#12318));
#12293 = ORIENTED_EDGE('',*,*,#3275,.T.);
#12294 = ORIENTED_EDGE('',*,*,#12295,.T.);
#12295 = EDGE_CURVE('',#3244,#6592,#12296,.T.);
#12296 = SURFACE_CURVE('',#12297,(#12303,#12310),.PCURVE_S1.);
#12297 = ( BOUNDED_CURVE() B_SPLINE_CURVE(4,(#12298,#12299,#12300,#12301
,#12302),.UNSPECIFIED.,.F.,.F.) B_SPLINE_CURVE_WITH_KNOTS((5,5),(0.,1.),
.PIECEWISE_BEZIER_KNOTS.) CURVE() GEOMETRIC_REPRESENTATION_ITEM() 
RATIONAL_B_SPLINE_CURVE((1.,1.,1.,1.,1.)) REPRESENTATION_ITEM('') );
#12298 = CARTESIAN_POINT('',(-4.981618104463,-4.017895103321,0.));
#12299 = CARTESIAN_POINT('',(-4.98622256287,-4.021608802465,
    3.950966311744));
#12300 = CARTESIAN_POINT('',(-4.993383914737,-4.027384749155,
    7.915188641292));
#12301 = CARTESIAN_POINT('',(-4.830852634731,-3.896296090735,
    11.841097004811));
#12302 = CARTESIAN_POINT('',(-4.834836696569,-3.899509412634,15.8));
#12303 = PCURVE('',#3289,#12304);
#12304 = DEFINITIONAL_REPRESENTATION('',(#12305),#12309);
#12305 = LINE('',#12306,#12307);
#12306 = CARTESIAN_POINT('',(63.,0.));
#12307 = VECTOR('',#12308,1.);
#12308 = DIRECTION('',(0.,1.));
#12309 = ( GEOMETRIC_REPRESENTATION_CONTEXT(2) 
PARAMETRIC_REPRESENTATION_CONTEXT() REPRESENTATION_CONTEXT('2D SPACE',''
  ) );
#12310 = PCURVE('',#3257,#12311);
#12311 = DEFINITIONAL_REPRESENTATION('',(#12312),#12316);
#12312 = LINE('',#12313,#12314);
#12313 = CARTESIAN_POINT('',(63.,0.));
#12314 = VECTOR('',#12315,1.);
#12315 = DIRECTION('',(0.,1.));
#12316 = ( GEOMETRIC_REPRESENTATION_CONTEXT(2) 
PARAMETRIC_REPRESENTATION_CONTEXT() REPRESENTATION_CONTEXT('2D SPACE',''
  ) );
#12317 = ORIENTED_EDGE('',*,*,#6591,.F.);
#12318 = ORIENTED_EDGE('',*,*,#12237,.F.);
#12319 = ADVANCED_FACE('',(#12320),#2169,.F.);
#12320 = FACE_BOUND('',#12321,.F.);
#12321 = EDGE_LOOP('',(#12322,#12323,#12324,#12325));
#12322 = ORIENTED_EDGE('',*,*,#2155,.T.);
#12323 = ORIENTED_EDGE('',*,*,#12268,.T.);
#12324 = ORIENTED_EDGE('',*,*,#7326,.F.);
#12325 = ORIENTED_EDGE('',*,*,#12326,.F.);
#12326 = EDGE_CURVE('',#2156,#7306,#12327,.T.);
#12327 = SURFACE_CURVE('',#12328,(#12334,#12341),.PCURVE_S1.);
#12328 = ( BOUNDED_CURVE() B_SPLINE_CURVE(4,(#12329,#12330,#12331,#12332
,#12333),.UNSPECIFIED.,.F.,.F.) B_SPLINE_CURVE_WITH_KNOTS((5,5),(0.,1.),
.PIECEWISE_BEZIER_KNOTS.) CURVE() GEOMETRIC_REPRESENTATION_ITEM() 
RATIONAL_B_SPLINE_CURVE((1.,1.,1.,1.,1.)) REPRESENTATION_ITEM('') );
#12329 = CARTESIAN_POINT('',(-4.980989642338,4.01867418223,0.));
#12330 = CARTESIAN_POINT('',(-4.98559228005,4.022387601184,
    3.950966311744));
#12331 = CARTESIAN_POINT('',(-4.992750800174,4.028163112091,
    7.915188641292));
#12332 = CARTESIAN_POINT('',(-4.830283788307,3.897084344027,
    11.841097004811));
#12333 = CARTESIAN_POINT('',(-4.834266274766,3.900297423488,15.8));
#12334 = PCURVE('',#2169,#12335);
#12335 = DEFINITIONAL_REPRESENTATION('',(#12336),#12340);
#12336 = LINE('',#12337,#12338);
#12337 = CARTESIAN_POINT('',(97.,0.));
#12338 = VECTOR('',#12339,1.);
#12339 = DIRECTION('',(0.,1.));
#12340 = ( GEOMETRIC_REPRESENTATION_CONTEXT(2) 
PARAMETRIC_REPRESENTATION_CONTEXT() REPRESENTATION_CONTEXT('2D SPACE',''
  ) );
#12341 = PCURVE('',#2201,#12342);
#12342 = DEFINITIONAL_REPRESENTATION('',(#12343),#12347);
#12343 = LINE('',#12344,#12345);
#12344 = CARTESIAN_POINT('',(97.,0.));
#12345 = VECTOR('',#12346,1.);
#12346 = DIRECTION('',(0.,1.));
#12347 = ( GEOMETRIC_REPRESENTATION_CONTEXT(2) 
PARAMETRIC_REPRESENTATION_CONTEXT() REPRESENTATION_CONTEXT('2D SPACE',''
  ) );
#12348 = ADVANCED_FACE('',(#12349),#3257,.F.);
#12349 = FACE_BOUND('',#12350,.F.);
#12350 = EDGE_LOOP('',(#12351,#12352,#12375,#12376));
#12351 = ORIENTED_EDGE('',*,*,#3243,.T.);
#12352 = ORIENTED_EDGE('',*,*,#12353,.T.);
#12353 = EDGE_CURVE('',#3212,#6613,#12354,.T.);
#12354 = SURFACE_CURVE('',#12355,(#12361,#12368),.PCURVE_S1.);
#12355 = ( BOUNDED_CURVE() B_SPLINE_CURVE(4,(#12356,#12357,#12358,#12359
,#12360),.UNSPECIFIED.,.F.,.F.) B_SPLINE_CURVE_WITH_KNOTS((5,5),(0.,1.),
.PIECEWISE_BEZIER_KNOTS.) CURVE() GEOMETRIC_REPRESENTATION_ITEM() 
RATIONAL_B_SPLINE_CURVE((1.,1.,1.,1.,1.)) REPRESENTATION_ITEM('') );
#12356 = CARTESIAN_POINT('',(-5.125175091638,-3.833090173744,0.));
#12357 = CARTESIAN_POINT('',(-5.132929853365,-3.838889917254,
    3.950966311744));
#12358 = CARTESIAN_POINT('',(-5.144990897784,-3.84791030583,
    7.915188641292));
#12359 = CARTESIAN_POINT('',(-4.871258085336,-3.643187045675,
    11.841097004811));
#12360 = CARTESIAN_POINT('',(-4.877967984204,-3.648205342018,15.8));
#12361 = PCURVE('',#3257,#12362);
#12362 = DEFINITIONAL_REPRESENTATION('',(#12363),#12367);
#12363 = LINE('',#12364,#12365);
#12364 = CARTESIAN_POINT('',(64.,0.));
#12365 = VECTOR('',#12366,1.);
#12366 = DIRECTION('',(0.,1.));
#12367 = ( GEOMETRIC_REPRESENTATION_CONTEXT(2) 
PARAMETRIC_REPRESENTATION_CONTEXT() REPRESENTATION_CONTEXT('2D SPACE',''
  ) );
#12368 = PCURVE('',#3225,#12369);
#12369 = DEFINITIONAL_REPRESENTATION('',(#12370),#12374);
#12370 = LINE('',#12371,#12372);
#12371 = CARTESIAN_POINT('',(64.,0.));
#12372 = VECTOR('',#12373,1.);
#12373 = DIRECTION('',(0.,1.));
#12374 = ( GEOMETRIC_REPRESENTATION_CONTEXT(2) 
PARAMETRIC_REPRESENTATION_CONTEXT() REPRESENTATION_CONTEXT('2D SPACE',''
  ) );
#12375 = ORIENTED_EDGE('',*,*,#6612,.F.);
#12376 = ORIENTED_EDGE('',*,*,#12295,.F.);
#12377 = ADVANCED_FACE('',(#12378),#2201,.F.);
#12378 = FACE_BOUND('',#12379,.F.);
#12379 = EDGE_LOOP('',(#12380,#12381,#12382,#12383));
#12380 = ORIENTED_EDGE('',*,*,#2187,.T.);
#12381 = ORIENTED_EDGE('',*,*,#12326,.T.);
#12382 = ORIENTED_EDGE('',*,*,#7305,.F.);
#12383 = ORIENTED_EDGE('',*,*,#12384,.F.);
#12384 = EDGE_CURVE('',#2188,#7285,#12385,.T.);
#12385 = SURFACE_CURVE('',#12386,(#12392,#12399),.PCURVE_S1.);
#12386 = ( BOUNDED_CURVE() B_SPLINE_CURVE(4,(#12387,#12388,#12389,#12390
,#12391),.UNSPECIFIED.,.F.,.F.) B_SPLINE_CURVE_WITH_KNOTS((5,5),(0.,1.),
.PIECEWISE_BEZIER_KNOTS.) CURVE() GEOMETRIC_REPRESENTATION_ITEM() 
RATIONAL_B_SPLINE_CURVE((1.,1.,1.,1.,1.)) REPRESENTATION_ITEM('') );
#12387 = CARTESIAN_POINT('',(-5.124509073535,3.833980536629,0.));
#12388 = CARTESIAN_POINT('',(-5.132260471275,3.839779864455,
    3.950966311744));
#12389 = CARTESIAN_POINT('',(-5.144316283656,3.848799606514,
    7.915188641292));
#12390 = CARTESIAN_POINT('',(-4.870702215525,3.644091019466,
    11.841097004811));
#12391 = CARTESIAN_POINT('',(-4.877409203663,3.649108956132,15.8));
#12392 = PCURVE('',#2201,#12393);
#12393 = DEFINITIONAL_REPRESENTATION('',(#12394),#12398);
#12394 = LINE('',#12395,#12396);
#12395 = CARTESIAN_POINT('',(96.,0.));
#12396 = VECTOR('',#12397,1.);
#12397 = DIRECTION('',(0.,1.));
#12398 = ( GEOMETRIC_REPRESENTATION_CONTEXT(2) 
PARAMETRIC_REPRESENTATION_CONTEXT() REPRESENTATION_CONTEXT('2D SPACE',''
  ) );
#12399 = PCURVE('',#2233,#12400);
#12400 = DEFINITIONAL_REPRESENTATION('',(#12401),#12405);
#12401 = LINE('',#12402,#12403);
#12402 = CARTESIAN_POINT('',(96.,0.));
#12403 = VECTOR('',#12404,1.);
#12404 = DIRECTION('',(0.,1.));
#12405 = ( GEOMETRIC_REPRESENTATION_CONTEXT(2) 
PARAMETRIC_REPRESENTATION_CONTEXT() REPRESENTATION_CONTEXT('2D SPACE',''
  ) );
#12406 = ADVANCED_FACE('',(#12407),#3225,.F.);
#12407 = FACE_BOUND('',#12408,.F.);
#12408 = EDGE_LOOP('',(#12409,#12410,#12433,#12434));
#12409 = ORIENTED_EDGE('',*,*,#3211,.T.);
#12410 = ORIENTED_EDGE('',*,*,#12411,.T.);
#12411 = EDGE_CURVE('',#3180,#6634,#12412,.T.);
#12412 = SURFACE_CURVE('',#12413,(#12419,#12426),.PCURVE_S1.);
#12413 = ( BOUNDED_CURVE() B_SPLINE_CURVE(4,(#12414,#12415,#12416,#12417
,#12418),.UNSPECIFIED.,.F.,.F.) B_SPLINE_CURVE_WITH_KNOTS((5,5),(0.,1.),
.PIECEWISE_BEZIER_KNOTS.) CURVE() GEOMETRIC_REPRESENTATION_ITEM() 
RATIONAL_B_SPLINE_CURVE((1.,1.,1.,1.,1.)) REPRESENTATION_ITEM('') );
#12414 = CARTESIAN_POINT('',(-5.267221432829,-3.635433726193,0.));
#12415 = CARTESIAN_POINT('',(-5.278577542933,-3.643271707983,
    3.950966311744));
#12416 = CARTESIAN_POINT('',(-5.296239793975,-3.655462185246,
    7.915188641292));
#12417 = CARTESIAN_POINT('',(-4.895384156282,-3.378791814883,
    11.841097004811));
#12418 = CARTESIAN_POINT('',(-4.905210164225,-3.385573720889,15.8));
#12419 = PCURVE('',#3225,#12420);
#12420 = DEFINITIONAL_REPRESENTATION('',(#12421),#12425);
#12421 = LINE('',#12422,#12423);
#12422 = CARTESIAN_POINT('',(65.,0.));
#12423 = VECTOR('',#12424,1.);
#12424 = DIRECTION('',(0.,1.));
#12425 = ( GEOMETRIC_REPRESENTATION_CONTEXT(2) 
PARAMETRIC_REPRESENTATION_CONTEXT() REPRESENTATION_CONTEXT('2D SPACE',''
  ) );
#12426 = PCURVE('',#3193,#12427);
#12427 = DEFINITIONAL_REPRESENTATION('',(#12428),#12432);
#12428 = LINE('',#12429,#12430);
#12429 = CARTESIAN_POINT('',(65.,0.));
#12430 = VECTOR('',#12431,1.);
#12431 = DIRECTION('',(0.,1.));
#12432 = ( GEOMETRIC_REPRESENTATION_CONTEXT(2) 
PARAMETRIC_REPRESENTATION_CONTEXT() REPRESENTATION_CONTEXT('2D SPACE',''
  ) );
#12433 = ORIENTED_EDGE('',*,*,#6633,.F.);
#12434 = ORIENTED_EDGE('',*,*,#12353,.F.);
#12435 = ADVANCED_FACE('',(#12436),#2233,.F.);
#12436 = FACE_BOUND('',#12437,.F.);
#12437 = EDGE_LOOP('',(#12438,#12439,#12440,#12441));
#12438 = ORIENTED_EDGE('',*,*,#2219,.T.);
#12439 = ORIENTED_EDGE('',*,*,#12384,.T.);
#12440 = ORIENTED_EDGE('',*,*,#7284,.F.);
#12441 = ORIENTED_EDGE('',*,*,#12442,.F.);
#12442 = EDGE_CURVE('',#2220,#7264,#12443,.T.);
#12443 = SURFACE_CURVE('',#12444,(#12450,#12457),.PCURVE_S1.);
#12444 = ( BOUNDED_CURVE() B_SPLINE_CURVE(4,(#12445,#12446,#12447,#12448
,#12449),.UNSPECIFIED.,.F.,.F.) B_SPLINE_CURVE_WITH_KNOTS((5,5),(0.,1.),
.PIECEWISE_BEZIER_KNOTS.) CURVE() GEOMETRIC_REPRESENTATION_ITEM() 
RATIONAL_B_SPLINE_CURVE((1.,1.,1.,1.,1.)) REPRESENTATION_ITEM('') );
#12445 = CARTESIAN_POINT('',(-5.266580335444,3.636362409099,0.));
#12446 = CARTESIAN_POINT('',(-5.277931550501,3.644199967648,
    3.950966311744));
#12447 = CARTESIAN_POINT('',(-5.295586188236,3.656389786642,
    7.915188641292));
#12448 = CARTESIAN_POINT('',(-4.894903339226,3.379734356114,
    11.841097004811));
#12449 = CARTESIAN_POINT('',(-4.904725111672,3.386515895906,15.8));
#12450 = PCURVE('',#2233,#12451);
#12451 = DEFINITIONAL_REPRESENTATION('',(#12452),#12456);
#12452 = LINE('',#12453,#12454);
#12453 = CARTESIAN_POINT('',(95.,0.));
#12454 = VECTOR('',#12455,1.);
#12455 = DIRECTION('',(0.,1.));
#12456 = ( GEOMETRIC_REPRESENTATION_CONTEXT(2) 
PARAMETRIC_REPRESENTATION_CONTEXT() REPRESENTATION_CONTEXT('2D SPACE',''
  ) );
#12457 = PCURVE('',#2265,#12458);
#12458 = DEFINITIONAL_REPRESENTATION('',(#12459),#12463);
#12459 = LINE('',#12460,#12461);
#12460 = CARTESIAN_POINT('',(95.,0.));
#12461 = VECTOR('',#12462,1.);
#12462 = DIRECTION('',(0.,1.));
#12463 = ( GEOMETRIC_REPRESENTATION_CONTEXT(2) 
PARAMETRIC_REPRESENTATION_CONTEXT() REPRESENTATION_CONTEXT('2D SPACE',''
  ) );
#12464 = ADVANCED_FACE('',(#12465),#3193,.F.);
#12465 = FACE_BOUND('',#12466,.F.);
#12466 = EDGE_LOOP('',(#12467,#12468,#12491,#12492));
#12467 = ORIENTED_EDGE('',*,*,#3179,.T.);
#12468 = ORIENTED_EDGE('',*,*,#12469,.T.);
#12469 = EDGE_CURVE('',#3148,#6655,#12470,.T.);
#12470 = SURFACE_CURVE('',#12471,(#12477,#12484),.PCURVE_S1.);
#12471 = ( BOUNDED_CURVE() B_SPLINE_CURVE(4,(#12472,#12473,#12474,#12475
,#12476),.UNSPECIFIED.,.F.,.F.) B_SPLINE_CURVE_WITH_KNOTS((5,5),(0.,1.),
.PIECEWISE_BEZIER_KNOTS.) CURVE() GEOMETRIC_REPRESENTATION_ITEM() 
RATIONAL_B_SPLINE_CURVE((1.,1.,1.,1.,1.)) REPRESENTATION_ITEM('') );
#12472 = CARTESIAN_POINT('',(-5.407626591602,-3.423094308634,0.));
#12473 = CARTESIAN_POINT('',(-5.422766207757,-3.432677872332,
    3.950966311744));
#12474 = CARTESIAN_POINT('',(-5.446312976744,-3.447583267432,
    7.915188641292));
#12475 = CARTESIAN_POINT('',(-4.911904589306,-3.109296168918,
    11.841097004811));
#12476 = CARTESIAN_POINT('',(-4.925004320397,-3.117588460218,15.8));
#12477 = PCURVE('',#3193,#12478);
#12478 = DEFINITIONAL_REPRESENTATION('',(#12479),#12483);
#12479 = LINE('',#12480,#12481);
#12480 = CARTESIAN_POINT('',(66.,0.));
#12481 = VECTOR('',#12482,1.);
#12482 = DIRECTION('',(0.,1.));
#12483 = ( GEOMETRIC_REPRESENTATION_CONTEXT(2) 
PARAMETRIC_REPRESENTATION_CONTEXT() REPRESENTATION_CONTEXT('2D SPACE',''
  ) );
#12484 = PCURVE('',#3161,#12485);
#12485 = DEFINITIONAL_REPRESENTATION('',(#12486),#12490);
#12486 = LINE('',#12487,#12488);
#12487 = CARTESIAN_POINT('',(66.,0.));
#12488 = VECTOR('',#12489,1.);
#12489 = DIRECTION('',(0.,1.));
#12490 = ( GEOMETRIC_REPRESENTATION_CONTEXT(2) 
PARAMETRIC_REPRESENTATION_CONTEXT() REPRESENTATION_CONTEXT('2D SPACE',''
  ) );
#12491 = ORIENTED_EDGE('',*,*,#6654,.F.);
#12492 = ORIENTED_EDGE('',*,*,#12411,.F.);
#12493 = ADVANCED_FACE('',(#12494),#2265,.F.);
#12494 = FACE_BOUND('',#12495,.F.);
#12495 = EDGE_LOOP('',(#12496,#12497,#12498,#12499));
#12496 = ORIENTED_EDGE('',*,*,#2251,.T.);
#12497 = ORIENTED_EDGE('',*,*,#12442,.T.);
#12498 = ORIENTED_EDGE('',*,*,#7263,.F.);
#12499 = ORIENTED_EDGE('',*,*,#12500,.F.);
#12500 = EDGE_CURVE('',#2252,#7243,#12501,.T.);
#12501 = SURFACE_CURVE('',#12502,(#12508,#12515),.PCURVE_S1.);
#12502 = ( BOUNDED_CURVE() B_SPLINE_CURVE(4,(#12503,#12504,#12505,#12506
,#12507),.UNSPECIFIED.,.F.,.F.) B_SPLINE_CURVE_WITH_KNOTS((5,5),(0.,1.),
.PIECEWISE_BEZIER_KNOTS.) CURVE() GEOMETRIC_REPRESENTATION_ITEM() 
RATIONAL_B_SPLINE_CURVE((1.,1.,1.,1.,1.)) REPRESENTATION_ITEM('') );
#12503 = CARTESIAN_POINT('',(-5.407061160049,3.423987384831,0.));
#12504 = CARTESIAN_POINT('',(-5.422194724678,3.433570619207,
    3.950966311744));
#12505 = CARTESIAN_POINT('',(-5.445732081676,3.448475502108,
    7.915188641292));
#12506 = CARTESIAN_POINT('',(-4.9115373051,3.11020002826,11.841097004811
    ));
#12507 = CARTESIAN_POINT('',(-4.924631800036,3.11849203461,15.8));
#12508 = PCURVE('',#2265,#12509);
#12509 = DEFINITIONAL_REPRESENTATION('',(#12510),#12514);
#12510 = LINE('',#12511,#12512);
#12511 = CARTESIAN_POINT('',(94.,0.));
#12512 = VECTOR('',#12513,1.);
#12513 = DIRECTION('',(0.,1.));
#12514 = ( GEOMETRIC_REPRESENTATION_CONTEXT(2) 
PARAMETRIC_REPRESENTATION_CONTEXT() REPRESENTATION_CONTEXT('2D SPACE',''
  ) );
#12515 = PCURVE('',#2297,#12516);
#12516 = DEFINITIONAL_REPRESENTATION('',(#12517),#12521);
#12517 = LINE('',#12518,#12519);
#12518 = CARTESIAN_POINT('',(94.,0.));
#12519 = VECTOR('',#12520,1.);
#12520 = DIRECTION('',(0.,1.));
#12521 = ( GEOMETRIC_REPRESENTATION_CONTEXT(2) 
PARAMETRIC_REPRESENTATION_CONTEXT() REPRESENTATION_CONTEXT('2D SPACE',''
  ) );
#12522 = ADVANCED_FACE('',(#12523),#3161,.F.);
#12523 = FACE_BOUND('',#12524,.F.);
#12524 = EDGE_LOOP('',(#12525,#12526,#12549,#12550));
#12525 = ORIENTED_EDGE('',*,*,#3147,.T.);
#12526 = ORIENTED_EDGE('',*,*,#12527,.T.);
#12527 = EDGE_CURVE('',#3116,#6676,#12528,.T.);
#12528 = SURFACE_CURVE('',#12529,(#12535,#12542),.PCURVE_S1.);
#12529 = ( BOUNDED_CURVE() B_SPLINE_CURVE(4,(#12530,#12531,#12532,#12533
,#12534),.UNSPECIFIED.,.F.,.F.) B_SPLINE_CURVE_WITH_KNOTS((5,5),(0.,1.),
.PIECEWISE_BEZIER_KNOTS.) CURVE() GEOMETRIC_REPRESENTATION_ITEM() 
RATIONAL_B_SPLINE_CURVE((1.,1.,1.,1.,1.)) REPRESENTATION_ITEM('') );
#12530 = CARTESIAN_POINT('',(-5.545100209554,-3.19560067374,0.));
#12531 = CARTESIAN_POINT('',(-5.563900219023,-3.206434981626,
    3.950966311744));
#12532 = CARTESIAN_POINT('',(-5.593140027707,-3.223285669404,
    7.915188641292));
#12533 = CARTESIAN_POINT('',(-4.929524606992,-2.840848958542,
    11.841097004811));
#12534 = CARTESIAN_POINT('',(-4.945791536485,-2.850223470973,15.8));
#12535 = PCURVE('',#3161,#12536);
#12536 = DEFINITIONAL_REPRESENTATION('',(#12537),#12541);
#12537 = LINE('',#12538,#12539);
#12538 = CARTESIAN_POINT('',(67.,0.));
#12539 = VECTOR('',#12540,1.);
#12540 = DIRECTION('',(0.,1.));
#12541 = ( GEOMETRIC_REPRESENTATION_CONTEXT(2) 
PARAMETRIC_REPRESENTATION_CONTEXT() REPRESENTATION_CONTEXT('2D SPACE',''
  ) );
#12542 = PCURVE('',#3129,#12543);
#12543 = DEFINITIONAL_REPRESENTATION('',(#12544),#12548);
#12544 = LINE('',#12545,#12546);
#12545 = CARTESIAN_POINT('',(67.,0.));
#12546 = VECTOR('',#12547,1.);
#12547 = DIRECTION('',(0.,1.));
#12548 = ( GEOMETRIC_REPRESENTATION_CONTEXT(2) 
PARAMETRIC_REPRESENTATION_CONTEXT() REPRESENTATION_CONTEXT('2D SPACE',''
  ) );
#12549 = ORIENTED_EDGE('',*,*,#6675,.F.);
#12550 = ORIENTED_EDGE('',*,*,#12469,.F.);
#12551 = ADVANCED_FACE('',(#12552),#2297,.F.);
#12552 = FACE_BOUND('',#12553,.F.);
#12553 = EDGE_LOOP('',(#12554,#12555,#12556,#12557));
#12554 = ORIENTED_EDGE('',*,*,#2283,.T.);
#12555 = ORIENTED_EDGE('',*,*,#12500,.T.);
#12556 = ORIENTED_EDGE('',*,*,#7242,.F.);
#12557 = ORIENTED_EDGE('',*,*,#12558,.F.);
#12558 = EDGE_CURVE('',#2284,#7222,#12559,.T.);
#12559 = SURFACE_CURVE('',#12560,(#12566,#12573),.PCURVE_S1.);
#12560 = ( BOUNDED_CURVE() B_SPLINE_CURVE(4,(#12561,#12562,#12563,#12564
,#12565),.UNSPECIFIED.,.F.,.F.) B_SPLINE_CURVE_WITH_KNOTS((5,5),(0.,1.),
.PIECEWISE_BEZIER_KNOTS.) CURVE() GEOMETRIC_REPRESENTATION_ITEM() 
RATIONAL_B_SPLINE_CURVE((1.,1.,1.,1.,1.)) REPRESENTATION_ITEM('') );
#12561 = CARTESIAN_POINT('',(-5.544649773745,3.196382155892,0.));
#12562 = CARTESIAN_POINT('',(-5.563443322062,3.207216268944,
    3.950966311744));
#12563 = CARTESIAN_POINT('',(-5.59267308166,3.224066653696,
    7.915188641292));
#12564 = CARTESIAN_POINT('',(-4.929285731094,2.841636820195,
    11.841097004811));
#12565 = CARTESIAN_POINT('',(-4.945547069998,2.851011164045,15.8));
#12566 = PCURVE('',#2297,#12567);
#12567 = DEFINITIONAL_REPRESENTATION('',(#12568),#12572);
#12568 = LINE('',#12569,#12570);
#12569 = CARTESIAN_POINT('',(93.,0.));
#12570 = VECTOR('',#12571,1.);
#12571 = DIRECTION('',(0.,1.));
#12572 = ( GEOMETRIC_REPRESENTATION_CONTEXT(2) 
PARAMETRIC_REPRESENTATION_CONTEXT() REPRESENTATION_CONTEXT('2D SPACE',''
  ) );
#12573 = PCURVE('',#2329,#12574);
#12574 = DEFINITIONAL_REPRESENTATION('',(#12575),#12579);
#12575 = LINE('',#12576,#12577);
#12576 = CARTESIAN_POINT('',(93.,0.));
#12577 = VECTOR('',#12578,1.);
#12578 = DIRECTION('',(0.,1.));
#12579 = ( GEOMETRIC_REPRESENTATION_CONTEXT(2) 
PARAMETRIC_REPRESENTATION_CONTEXT() REPRESENTATION_CONTEXT('2D SPACE',''
  ) );
#12580 = ADVANCED_FACE('',(#12581),#3129,.F.);
#12581 = FACE_BOUND('',#12582,.F.);
#12582 = EDGE_LOOP('',(#12583,#12584,#12607,#12608));
#12583 = ORIENTED_EDGE('',*,*,#3115,.T.);
#12584 = ORIENTED_EDGE('',*,*,#12585,.T.);
#12585 = EDGE_CURVE('',#3084,#6697,#12586,.T.);
#12586 = SURFACE_CURVE('',#12587,(#12593,#12600),.PCURVE_S1.);
#12587 = ( BOUNDED_CURVE() B_SPLINE_CURVE(4,(#12588,#12589,#12590,#12591
,#12592),.UNSPECIFIED.,.F.,.F.) B_SPLINE_CURVE_WITH_KNOTS((5,5),(0.,1.),
.PIECEWISE_BEZIER_KNOTS.) CURVE() GEOMETRIC_REPRESENTATION_ITEM() 
RATIONAL_B_SPLINE_CURVE((1.,1.,1.,1.,1.)) REPRESENTATION_ITEM('') );
#12588 = CARTESIAN_POINT('',(-5.677287830866,-2.954387057497,0.));
#12589 = CARTESIAN_POINT('',(-5.699286470304,-2.965834864545,
    3.950966311744));
#12590 = CARTESIAN_POINT('',(-5.733501134373,-2.983639732593,
    7.915188641292));
#12591 = CARTESIAN_POINT('',(-4.956978314527,-2.57954731432,
    11.841097004811));
#12592 = CARTESIAN_POINT('',(-4.976012896253,-2.589452664123,15.8));
#12593 = PCURVE('',#3129,#12594);
#12594 = DEFINITIONAL_REPRESENTATION('',(#12595),#12599);
#12595 = LINE('',#12596,#12597);
#12596 = CARTESIAN_POINT('',(68.,0.));
#12597 = VECTOR('',#12598,1.);
#12598 = DIRECTION('',(0.,1.));
#12599 = ( GEOMETRIC_REPRESENTATION_CONTEXT(2) 
PARAMETRIC_REPRESENTATION_CONTEXT() REPRESENTATION_CONTEXT('2D SPACE',''
  ) );
#12600 = PCURVE('',#3097,#12601);
#12601 = DEFINITIONAL_REPRESENTATION('',(#12602),#12606);
#12602 = LINE('',#12603,#12604);
#12603 = CARTESIAN_POINT('',(68.,0.));
#12604 = VECTOR('',#12605,1.);
#12605 = DIRECTION('',(0.,1.));
#12606 = ( GEOMETRIC_REPRESENTATION_CONTEXT(2) 
PARAMETRIC_REPRESENTATION_CONTEXT() REPRESENTATION_CONTEXT('2D SPACE',''
  ) );
#12607 = ORIENTED_EDGE('',*,*,#6696,.F.);
#12608 = ORIENTED_EDGE('',*,*,#12527,.F.);
#12609 = ADVANCED_FACE('',(#12610),#2329,.F.);
#12610 = FACE_BOUND('',#12611,.F.);
#12611 = EDGE_LOOP('',(#12612,#12613,#12614,#12615));
#12612 = ORIENTED_EDGE('',*,*,#2315,.T.);
#12613 = ORIENTED_EDGE('',*,*,#12558,.T.);
#12614 = ORIENTED_EDGE('',*,*,#7221,.F.);
#12615 = ORIENTED_EDGE('',*,*,#12616,.F.);
#12616 = EDGE_CURVE('',#2316,#7201,#12617,.T.);
#12617 = SURFACE_CURVE('',#12618,(#12624,#12631),.PCURVE_S1.);
#12618 = ( BOUNDED_CURVE() B_SPLINE_CURVE(4,(#12619,#12620,#12621,#12622
,#12623),.UNSPECIFIED.,.F.,.F.) B_SPLINE_CURVE_WITH_KNOTS((5,5),(0.,1.),
.PIECEWISE_BEZIER_KNOTS.) CURVE() GEOMETRIC_REPRESENTATION_ITEM() 
RATIONAL_B_SPLINE_CURVE((1.,1.,1.,1.,1.)) REPRESENTATION_ITEM('') );
#12619 = CARTESIAN_POINT('',(-5.676979906667,2.954978703696,0.));
#12620 = CARTESIAN_POINT('',(-5.698972781938,2.966426423985,
    3.950966311744));
#12621 = CARTESIAN_POINT('',(-5.73317848095,2.984231157098,
    7.915188641292));
#12622 = CARTESIAN_POINT('',(-4.956859128588,2.580141801276,
    11.841097004811));
#12623 = CARTESIAN_POINT('',(-4.9758887228,2.590047076011,15.8));
#12624 = PCURVE('',#2329,#12625);
#12625 = DEFINITIONAL_REPRESENTATION('',(#12626),#12630);
#12626 = LINE('',#12627,#12628);
#12627 = CARTESIAN_POINT('',(92.,0.));
#12628 = VECTOR('',#12629,1.);
#12629 = DIRECTION('',(0.,1.));
#12630 = ( GEOMETRIC_REPRESENTATION_CONTEXT(2) 
PARAMETRIC_REPRESENTATION_CONTEXT() REPRESENTATION_CONTEXT('2D SPACE',''
  ) );
#12631 = PCURVE('',#2361,#12632);
#12632 = DEFINITIONAL_REPRESENTATION('',(#12633),#12637);
#12633 = LINE('',#12634,#12635);
#12634 = CARTESIAN_POINT('',(92.,0.));
#12635 = VECTOR('',#12636,1.);
#12636 = DIRECTION('',(0.,1.));
#12637 = ( GEOMETRIC_REPRESENTATION_CONTEXT(2) 
PARAMETRIC_REPRESENTATION_CONTEXT() REPRESENTATION_CONTEXT('2D SPACE',''
  ) );
#12638 = ADVANCED_FACE('',(#12639),#3097,.F.);
#12639 = FACE_BOUND('',#12640,.F.);
#12640 = EDGE_LOOP('',(#12641,#12642,#12665,#12666));
#12641 = ORIENTED_EDGE('',*,*,#3083,.T.);
#12642 = ORIENTED_EDGE('',*,*,#12643,.T.);
#12643 = EDGE_CURVE('',#3052,#6718,#12644,.T.);
#12644 = SURFACE_CURVE('',#12645,(#12651,#12658),.PCURVE_S1.);
#12645 = ( BOUNDED_CURVE() B_SPLINE_CURVE(4,(#12646,#12647,#12648,#12649
,#12650),.UNSPECIFIED.,.F.,.F.) B_SPLINE_CURVE_WITH_KNOTS((5,5),(0.,1.),
.PIECEWISE_BEZIER_KNOTS.) CURVE() GEOMETRIC_REPRESENTATION_ITEM() 
RATIONAL_B_SPLINE_CURVE((1.,1.,1.,1.,1.)) REPRESENTATION_ITEM('') );
#12646 = CARTESIAN_POINT('',(-5.80104664672,-2.703304977722,0.));
#12647 = CARTESIAN_POINT('',(-5.825418771942,-2.714662460508,
    3.950966311744));
#12648 = CARTESIAN_POINT('',(-5.863324937885,-2.732326846492,
    7.915188641292));
#12649 = CARTESIAN_POINT('',(-5.00302121523,-2.331422754965,
    11.841097004811));
#12650 = CARTESIAN_POINT('',(-5.024109483468,-2.341249950637,15.8));
#12651 = PCURVE('',#3097,#12652);
#12652 = DEFINITIONAL_REPRESENTATION('',(#12653),#12657);
#12653 = LINE('',#12654,#12655);
#12654 = CARTESIAN_POINT('',(69.,0.));
#12655 = VECTOR('',#12656,1.);
#12656 = DIRECTION('',(0.,1.));
#12657 = ( GEOMETRIC_REPRESENTATION_CONTEXT(2) 
PARAMETRIC_REPRESENTATION_CONTEXT() REPRESENTATION_CONTEXT('2D SPACE',''
  ) );
#12658 = PCURVE('',#3065,#12659);
#12659 = DEFINITIONAL_REPRESENTATION('',(#12660),#12664);
#12660 = LINE('',#12661,#12662);
#12661 = CARTESIAN_POINT('',(69.,0.));
#12662 = VECTOR('',#12663,1.);
#12663 = DIRECTION('',(0.,1.));
#12664 = ( GEOMETRIC_REPRESENTATION_CONTEXT(2) 
PARAMETRIC_REPRESENTATION_CONTEXT() REPRESENTATION_CONTEXT('2D SPACE',''
  ) );
#12665 = ORIENTED_EDGE('',*,*,#6717,.F.);
#12666 = ORIENTED_EDGE('',*,*,#12585,.F.);
#12667 = ADVANCED_FACE('',(#12668),#2361,.F.);
#12668 = FACE_BOUND('',#12669,.F.);
#12669 = EDGE_LOOP('',(#12670,#12671,#12672,#12673));
#12670 = ORIENTED_EDGE('',*,*,#2347,.T.);
#12671 = ORIENTED_EDGE('',*,*,#12616,.T.);
#12672 = ORIENTED_EDGE('',*,*,#7200,.F.);
#12673 = ORIENTED_EDGE('',*,*,#12674,.F.);
#12674 = EDGE_CURVE('',#2348,#7180,#12675,.T.);
#12675 = SURFACE_CURVE('',#12676,(#12682,#12689),.PCURVE_S1.);
#12676 = ( BOUNDED_CURVE() B_SPLINE_CURVE(4,(#12677,#12678,#12679,#12680
,#12681),.UNSPECIFIED.,.F.,.F.) B_SPLINE_CURVE_WITH_KNOTS((5,5),(0.,1.),
.PIECEWISE_BEZIER_KNOTS.) CURVE() GEOMETRIC_REPRESENTATION_ITEM() 
RATIONAL_B_SPLINE_CURVE((1.,1.,1.,1.,1.)) REPRESENTATION_ITEM('') );
#12677 = CARTESIAN_POINT('',(-5.800896387894,2.703627396095,0.));
#12678 = CARTESIAN_POINT('',(-5.825264895114,2.714984841447,
    3.950966311744));
#12679 = CARTESIAN_POINT('',(-5.863165433949,2.732649169211,
    7.915188641292));
#12680 = CARTESIAN_POINT('',(-5.002989421964,2.331746399026,
    11.841097004811));
#12681 = CARTESIAN_POINT('',(-5.024074559684,2.341573562308,15.8));
#12682 = PCURVE('',#2361,#12683);
#12683 = DEFINITIONAL_REPRESENTATION('',(#12684),#12688);
#12684 = LINE('',#12685,#12686);
#12685 = CARTESIAN_POINT('',(91.,0.));
#12686 = VECTOR('',#12687,1.);
#12687 = DIRECTION('',(0.,1.));
#12688 = ( GEOMETRIC_REPRESENTATION_CONTEXT(2) 
PARAMETRIC_REPRESENTATION_CONTEXT() REPRESENTATION_CONTEXT('2D SPACE',''
  ) );
#12689 = PCURVE('',#2393,#12690);
#12690 = DEFINITIONAL_REPRESENTATION('',(#12691),#12695);
#12691 = LINE('',#12692,#12693);
#12692 = CARTESIAN_POINT('',(91.,0.));
#12693 = VECTOR('',#12694,1.);
#12694 = DIRECTION('',(0.,1.));
#12695 = ( GEOMETRIC_REPRESENTATION_CONTEXT(2) 
PARAMETRIC_REPRESENTATION_CONTEXT() REPRESENTATION_CONTEXT('2D SPACE',''
  ) );
#12696 = ADVANCED_FACE('',(#12697),#3065,.F.);
#12697 = FACE_BOUND('',#12698,.F.);
#12698 = EDGE_LOOP('',(#12699,#12700,#12723,#12724));
#12699 = ORIENTED_EDGE('',*,*,#3051,.T.);
#12700 = ORIENTED_EDGE('',*,*,#12701,.T.);
#12701 = EDGE_CURVE('',#3020,#6739,#12702,.T.);
#12702 = SURFACE_CURVE('',#12703,(#12709,#12716),.PCURVE_S1.);
#12703 = ( BOUNDED_CURVE() B_SPLINE_CURVE(4,(#12704,#12705,#12706,#12707
,#12708),.UNSPECIFIED.,.F.,.F.) B_SPLINE_CURVE_WITH_KNOTS((5,5),(0.,1.),
.PIECEWISE_BEZIER_KNOTS.) CURVE() GEOMETRIC_REPRESENTATION_ITEM() 
RATIONAL_B_SPLINE_CURVE((1.,1.,1.,1.,1.)) REPRESENTATION_ITEM('') );
#12704 = CARTESIAN_POINT('',(-5.912947039213,-2.448888995332,0.));
#12705 = CARTESIAN_POINT('',(-5.938495128133,-2.459469917737,
    3.950966311744));
#12706 = CARTESIAN_POINT('',(-5.978230280046,-2.475926513002,
    7.915188641292));
#12707 = CARTESIAN_POINT('',(-5.076416597223,-2.102433973823,
    11.841097004811));
#12708 = CARTESIAN_POINT('',(-5.098522381894,-2.111589241485,15.8));
#12709 = PCURVE('',#3065,#12710);
#12710 = DEFINITIONAL_REPRESENTATION('',(#12711),#12715);
#12711 = LINE('',#12712,#12713);
#12712 = CARTESIAN_POINT('',(70.,0.));
#12713 = VECTOR('',#12714,1.);
#12714 = DIRECTION('',(0.,1.));
#12715 = ( GEOMETRIC_REPRESENTATION_CONTEXT(2) 
PARAMETRIC_REPRESENTATION_CONTEXT() REPRESENTATION_CONTEXT('2D SPACE',''
  ) );
#12716 = PCURVE('',#3033,#12717);
#12717 = DEFINITIONAL_REPRESENTATION('',(#12718),#12722);
#12718 = LINE('',#12719,#12720);
#12719 = CARTESIAN_POINT('',(70.,0.));
#12720 = VECTOR('',#12721,1.);
#12721 = DIRECTION('',(0.,1.));
#12722 = ( GEOMETRIC_REPRESENTATION_CONTEXT(2) 
PARAMETRIC_REPRESENTATION_CONTEXT() REPRESENTATION_CONTEXT('2D SPACE',''
  ) );
#12723 = ORIENTED_EDGE('',*,*,#6738,.F.);
#12724 = ORIENTED_EDGE('',*,*,#12643,.F.);
#12725 = ADVANCED_FACE('',(#12726),#2393,.F.);
#12726 = FACE_BOUND('',#12727,.F.);
#12727 = EDGE_LOOP('',(#12728,#12729,#12730,#12731));
#12728 = ORIENTED_EDGE('',*,*,#2379,.T.);
#12729 = ORIENTED_EDGE('',*,*,#12674,.T.);
#12730 = ORIENTED_EDGE('',*,*,#7179,.F.);
#12731 = ORIENTED_EDGE('',*,*,#12732,.F.);
#12732 = EDGE_CURVE('',#2380,#7159,#12733,.T.);
#12733 = SURFACE_CURVE('',#12734,(#12740,#12747),.PCURVE_S1.);
#12734 = ( BOUNDED_CURVE() B_SPLINE_CURVE(4,(#12735,#12736,#12737,#12738
,#12739),.UNSPECIFIED.,.F.,.F.) B_SPLINE_CURVE_WITH_KNOTS((5,5),(0.,1.),
.PIECEWISE_BEZIER_KNOTS.) CURVE() GEOMETRIC_REPRESENTATION_ITEM() 
RATIONAL_B_SPLINE_CURVE((1.,1.,1.,1.,1.)) REPRESENTATION_ITEM('') );
#12735 = CARTESIAN_POINT('',(-5.912957217887,2.448864418346,0.));
#12736 = CARTESIAN_POINT('',(-5.938505626106,2.459445348586,
    3.950966311744));
#12737 = CARTESIAN_POINT('',(-5.978241274628,2.475901956037,
    7.915188641292));
#12738 = CARTESIAN_POINT('',(-5.076416320945,2.102409140298,
    11.841097004811));
#12739 = CARTESIAN_POINT('',(-5.098522381894,2.111564414739,15.8));
#12740 = PCURVE('',#2393,#12741);
#12741 = DEFINITIONAL_REPRESENTATION('',(#12742),#12746);
#12742 = LINE('',#12743,#12744);
#12743 = CARTESIAN_POINT('',(90.,0.));
#12744 = VECTOR('',#12745,1.);
#12745 = DIRECTION('',(0.,1.));
#12746 = ( GEOMETRIC_REPRESENTATION_CONTEXT(2) 
PARAMETRIC_REPRESENTATION_CONTEXT() REPRESENTATION_CONTEXT('2D SPACE',''
  ) );
#12747 = PCURVE('',#2425,#12748);
#12748 = DEFINITIONAL_REPRESENTATION('',(#12749),#12753);
#12749 = LINE('',#12750,#12751);
#12750 = CARTESIAN_POINT('',(90.,0.));
#12751 = VECTOR('',#12752,1.);
#12752 = DIRECTION('',(0.,1.));
#12753 = ( GEOMETRIC_REPRESENTATION_CONTEXT(2) 
PARAMETRIC_REPRESENTATION_CONTEXT() REPRESENTATION_CONTEXT('2D SPACE',''
  ) );
#12754 = ADVANCED_FACE('',(#12755),#3033,.F.);
#12755 = FACE_BOUND('',#12756,.F.);
#12756 = EDGE_LOOP('',(#12757,#12758,#12781,#12782));
#12757 = ORIENTED_EDGE('',*,*,#3019,.T.);
#12758 = ORIENTED_EDGE('',*,*,#12759,.T.);
#12759 = EDGE_CURVE('',#2988,#6760,#12760,.T.);
#12760 = SURFACE_CURVE('',#12761,(#12767,#12774),.PCURVE_S1.);
#12761 = ( BOUNDED_CURVE() B_SPLINE_CURVE(4,(#12762,#12763,#12764,#12765
,#12766),.UNSPECIFIED.,.F.,.F.) B_SPLINE_CURVE_WITH_KNOTS((5,5),(0.,1.),
.PIECEWISE_BEZIER_KNOTS.) CURVE() GEOMETRIC_REPRESENTATION_ITEM() 
RATIONAL_B_SPLINE_CURVE((1.,1.,1.,1.,1.)) REPRESENTATION_ITEM('') );
#12762 = CARTESIAN_POINT('',(-6.010760210959,-2.197899380398,0.));
#12763 = CARTESIAN_POINT('',(-6.036005333965,-2.207130532243,
    3.950966311744));
#12764 = CARTESIAN_POINT('',(-6.075269280512,-2.221487818303,
    7.915188641292));
#12765 = CARTESIAN_POINT('',(-5.18414989294,-1.895640391178,
    11.841097004811));
#12766 = CARTESIAN_POINT('',(-5.205993532788,-1.903627753975,15.8));
#12767 = PCURVE('',#3033,#12768);
#12768 = DEFINITIONAL_REPRESENTATION('',(#12769),#12773);
#12769 = LINE('',#12770,#12771);
#12770 = CARTESIAN_POINT('',(71.,0.));
#12771 = VECTOR('',#12772,1.);
#12772 = DIRECTION('',(0.,1.));
#12773 = ( GEOMETRIC_REPRESENTATION_CONTEXT(2) 
PARAMETRIC_REPRESENTATION_CONTEXT() REPRESENTATION_CONTEXT('2D SPACE',''
  ) );
#12774 = PCURVE('',#3001,#12775);
#12775 = DEFINITIONAL_REPRESENTATION('',(#12776),#12780);
#12776 = LINE('',#12777,#12778);
#12777 = CARTESIAN_POINT('',(71.,0.));
#12778 = VECTOR('',#12779,1.);
#12779 = DIRECTION('',(0.,1.));
#12780 = ( GEOMETRIC_REPRESENTATION_CONTEXT(2) 
PARAMETRIC_REPRESENTATION_CONTEXT() REPRESENTATION_CONTEXT('2D SPACE',''
  ) );
#12781 = ORIENTED_EDGE('',*,*,#6759,.F.);
#12782 = ORIENTED_EDGE('',*,*,#12701,.F.);
#12783 = ADVANCED_FACE('',(#12784),#2425,.F.);
#12784 = FACE_BOUND('',#12785,.F.);
#12785 = EDGE_LOOP('',(#12786,#12787,#12788,#12789));
#12786 = ORIENTED_EDGE('',*,*,#2411,.T.);
#12787 = ORIENTED_EDGE('',*,*,#12732,.T.);
#12788 = ORIENTED_EDGE('',*,*,#7158,.F.);
#12789 = ORIENTED_EDGE('',*,*,#12790,.F.);
#12790 = EDGE_CURVE('',#2412,#7138,#12791,.T.);
#12791 = SURFACE_CURVE('',#12792,(#12798,#12805),.PCURVE_S1.);
#12792 = ( BOUNDED_CURVE() B_SPLINE_CURVE(4,(#12793,#12794,#12795,#12796
,#12797),.UNSPECIFIED.,.F.,.F.) B_SPLINE_CURVE_WITH_KNOTS((5,5),(0.,1.),
.PIECEWISE_BEZIER_KNOTS.) CURVE() GEOMETRIC_REPRESENTATION_ITEM() 
RATIONAL_B_SPLINE_CURVE((1.,1.,1.,1.,1.)) REPRESENTATION_ITEM('') );
#12793 = CARTESIAN_POINT('',(-6.010756216965,2.197910303041,0.));
#12794 = CARTESIAN_POINT('',(-6.036001214682,2.207141461082,
    3.950966311744));
#12795 = CARTESIAN_POINT('',(-6.075264966365,2.221498756777,
    7.915188641292));
#12796 = CARTESIAN_POINT('',(-5.184150001348,1.895651110972,
    11.841097004811));
#12797 = CARTESIAN_POINT('',(-5.205993532788,1.903638479129,15.8));
#12798 = PCURVE('',#2425,#12799);
#12799 = DEFINITIONAL_REPRESENTATION('',(#12800),#12804);
#12800 = LINE('',#12801,#12802);
#12801 = CARTESIAN_POINT('',(89.,0.));
#12802 = VECTOR('',#12803,1.);
#12803 = DIRECTION('',(0.,1.));
#12804 = ( GEOMETRIC_REPRESENTATION_CONTEXT(2) 
PARAMETRIC_REPRESENTATION_CONTEXT() REPRESENTATION_CONTEXT('2D SPACE',''
  ) );
#12805 = PCURVE('',#2457,#12806);
#12806 = DEFINITIONAL_REPRESENTATION('',(#12807),#12811);
#12807 = LINE('',#12808,#12809);
#12808 = CARTESIAN_POINT('',(89.,0.));
#12809 = VECTOR('',#12810,1.);
#12810 = DIRECTION('',(0.,1.));
#12811 = ( GEOMETRIC_REPRESENTATION_CONTEXT(2) 
PARAMETRIC_REPRESENTATION_CONTEXT() REPRESENTATION_CONTEXT('2D SPACE',''
  ) );
#12812 = ADVANCED_FACE('',(#12813),#3001,.F.);
#12813 = FACE_BOUND('',#12814,.F.);
#12814 = EDGE_LOOP('',(#12815,#12816,#12839,#12840));
#12815 = ORIENTED_EDGE('',*,*,#2987,.T.);
#12816 = ORIENTED_EDGE('',*,*,#12817,.T.);
#12817 = EDGE_CURVE('',#2956,#6781,#12818,.T.);
#12818 = SURFACE_CURVE('',#12819,(#12825,#12832),.PCURVE_S1.);
#12819 = ( BOUNDED_CURVE() B_SPLINE_CURVE(4,(#12820,#12821,#12822,#12823
,#12824),.UNSPECIFIED.,.F.,.F.) B_SPLINE_CURVE_WITH_KNOTS((5,5),(0.,1.),
.PIECEWISE_BEZIER_KNOTS.) CURVE() GEOMETRIC_REPRESENTATION_ITEM() 
RATIONAL_B_SPLINE_CURVE((1.,1.,1.,1.,1.)) REPRESENTATION_ITEM('') );
#12820 = CARTESIAN_POINT('',(-6.09913116268,-1.939226407726,0.));
#12821 = CARTESIAN_POINT('',(-6.122751534613,-1.946736534626,
    3.950966311744));
#12822 = CARTESIAN_POINT('',(-6.15948849251,-1.958417096495,
    7.915188641292));
#12823 = CARTESIAN_POINT('',(-5.32572066473,-1.693319569254,
    11.841097004811));
#12824 = CARTESIAN_POINT('',(-5.346158469586,-1.699817794958,15.8));
#12825 = PCURVE('',#3001,#12826);
#12826 = DEFINITIONAL_REPRESENTATION('',(#12827),#12831);
#12827 = LINE('',#12828,#12829);
#12828 = CARTESIAN_POINT('',(72.,0.));
#12829 = VECTOR('',#12830,1.);
#12830 = DIRECTION('',(0.,1.));
#12831 = ( GEOMETRIC_REPRESENTATION_CONTEXT(2) 
PARAMETRIC_REPRESENTATION_CONTEXT() REPRESENTATION_CONTEXT('2D SPACE',''
  ) );
#12832 = PCURVE('',#2969,#12833);
#12833 = DEFINITIONAL_REPRESENTATION('',(#12834),#12838);
#12834 = LINE('',#12835,#12836);
#12835 = CARTESIAN_POINT('',(72.,0.));
#12836 = VECTOR('',#12837,1.);
#12837 = DIRECTION('',(0.,1.));
#12838 = ( GEOMETRIC_REPRESENTATION_CONTEXT(2) 
PARAMETRIC_REPRESENTATION_CONTEXT() REPRESENTATION_CONTEXT('2D SPACE',''
  ) );
#12839 = ORIENTED_EDGE('',*,*,#6780,.F.);
#12840 = ORIENTED_EDGE('',*,*,#12759,.F.);
#12841 = ADVANCED_FACE('',(#12842),#2457,.F.);
#12842 = FACE_BOUND('',#12843,.F.);
#12843 = EDGE_LOOP('',(#12844,#12845,#12846,#12847));
#12844 = ORIENTED_EDGE('',*,*,#2443,.T.);
#12845 = ORIENTED_EDGE('',*,*,#12790,.T.);
#12846 = ORIENTED_EDGE('',*,*,#7137,.F.);
#12847 = ORIENTED_EDGE('',*,*,#12848,.F.);
#12848 = EDGE_CURVE('',#2444,#7117,#12849,.T.);
#12849 = SURFACE_CURVE('',#12850,(#12856,#12863),.PCURVE_S1.);
#12850 = ( BOUNDED_CURVE() B_SPLINE_CURVE(4,(#12851,#12852,#12853,#12854
,#12855),.UNSPECIFIED.,.F.,.F.) B_SPLINE_CURVE_WITH_KNOTS((5,5),(0.,1.),
.PIECEWISE_BEZIER_KNOTS.) CURVE() GEOMETRIC_REPRESENTATION_ITEM() 
RATIONAL_B_SPLINE_CURVE((1.,1.,1.,1.,1.)) REPRESENTATION_ITEM('') );
#12851 = CARTESIAN_POINT('',(-6.099097662137,1.939331768346,0.));
#12852 = CARTESIAN_POINT('',(-6.122716983175,1.94684201038,
    3.950966311744));
#12853 = CARTESIAN_POINT('',(-6.159452306606,1.958522751319,
    7.915188641292));
#12854 = CARTESIAN_POINT('',(-5.325721574029,1.693421159985,
    11.841097004811));
#12855 = CARTESIAN_POINT('',(-5.346158469586,1.699919485311,15.8));
#12856 = PCURVE('',#2457,#12857);
#12857 = DEFINITIONAL_REPRESENTATION('',(#12858),#12862);
#12858 = LINE('',#12859,#12860);
#12859 = CARTESIAN_POINT('',(88.,0.));
#12860 = VECTOR('',#12861,1.);
#12861 = DIRECTION('',(0.,1.));
#12862 = ( GEOMETRIC_REPRESENTATION_CONTEXT(2) 
PARAMETRIC_REPRESENTATION_CONTEXT() REPRESENTATION_CONTEXT('2D SPACE',''
  ) );
#12863 = PCURVE('',#2489,#12864);
#12864 = DEFINITIONAL_REPRESENTATION('',(#12865),#12869);
#12865 = LINE('',#12866,#12867);
#12866 = CARTESIAN_POINT('',(88.,0.));
#12867 = VECTOR('',#12868,1.);
#12868 = DIRECTION('',(0.,1.));
#12869 = ( GEOMETRIC_REPRESENTATION_CONTEXT(2) 
PARAMETRIC_REPRESENTATION_CONTEXT() REPRESENTATION_CONTEXT('2D SPACE',''
  ) );
#12870 = ADVANCED_FACE('',(#12871),#2969,.F.);
#12871 = FACE_BOUND('',#12872,.F.);
#12872 = EDGE_LOOP('',(#12873,#12874,#12897,#12898));
#12873 = ORIENTED_EDGE('',*,*,#2955,.T.);
#12874 = ORIENTED_EDGE('',*,*,#12875,.T.);
#12875 = EDGE_CURVE('',#2924,#6802,#12876,.T.);
#12876 = SURFACE_CURVE('',#12877,(#12883,#12890),.PCURVE_S1.);
#12877 = ( BOUNDED_CURVE() B_SPLINE_CURVE(4,(#12878,#12879,#12880,#12881
,#12882),.UNSPECIFIED.,.F.,.F.) B_SPLINE_CURVE_WITH_KNOTS((5,5),(0.,1.),
.PIECEWISE_BEZIER_KNOTS.) CURVE() GEOMETRIC_REPRESENTATION_ITEM() 
RATIONAL_B_SPLINE_CURVE((1.,1.,1.,1.,1.)) REPRESENTATION_ITEM('') );
#12878 = CARTESIAN_POINT('',(-6.175632057121,-1.679752569596,0.));
#12879 = CARTESIAN_POINT('',(-6.196554883129,-1.685443512714,
    3.950966311744));
#12880 = CARTESIAN_POINT('',(-6.22909632576,-1.694294683148,
    7.915188641292));
#12881 = CARTESIAN_POINT('',(-5.490548294343,-1.493411932675,
    11.841097004811));
#12882 = CARTESIAN_POINT('',(-5.508652015835,-1.498336088197,15.8));
#12883 = PCURVE('',#2969,#12884);
#12884 = DEFINITIONAL_REPRESENTATION('',(#12885),#12889);
#12885 = LINE('',#12886,#12887);
#12886 = CARTESIAN_POINT('',(73.,0.));
#12887 = VECTOR('',#12888,1.);
#12888 = DIRECTION('',(0.,1.));
#12889 = ( GEOMETRIC_REPRESENTATION_CONTEXT(2) 
PARAMETRIC_REPRESENTATION_CONTEXT() REPRESENTATION_CONTEXT('2D SPACE',''
  ) );
#12890 = PCURVE('',#2937,#12891);
#12891 = DEFINITIONAL_REPRESENTATION('',(#12892),#12896);
#12892 = LINE('',#12893,#12894);
#12893 = CARTESIAN_POINT('',(73.,0.));
#12894 = VECTOR('',#12895,1.);
#12895 = DIRECTION('',(0.,1.));
#12896 = ( GEOMETRIC_REPRESENTATION_CONTEXT(2) 
PARAMETRIC_REPRESENTATION_CONTEXT() REPRESENTATION_CONTEXT('2D SPACE',''
  ) );
#12897 = ORIENTED_EDGE('',*,*,#6801,.F.);
#12898 = ORIENTED_EDGE('',*,*,#12817,.F.);
#12899 = ADVANCED_FACE('',(#12900),#2489,.F.);
#12900 = FACE_BOUND('',#12901,.F.);
#12901 = EDGE_LOOP('',(#12902,#12903,#12904,#12905));
#12902 = ORIENTED_EDGE('',*,*,#2475,.T.);
#12903 = ORIENTED_EDGE('',*,*,#12848,.T.);
#12904 = ORIENTED_EDGE('',*,*,#7116,.F.);
#12905 = ORIENTED_EDGE('',*,*,#12906,.F.);
#12906 = EDGE_CURVE('',#2476,#7096,#12907,.T.);
#12907 = SURFACE_CURVE('',#12908,(#12914,#12921),.PCURVE_S1.);
#12908 = ( BOUNDED_CURVE() B_SPLINE_CURVE(4,(#12909,#12910,#12911,#12912
,#12913),.UNSPECIFIED.,.F.,.F.) B_SPLINE_CURVE_WITH_KNOTS((5,5),(0.,1.),
.PIECEWISE_BEZIER_KNOTS.) CURVE() GEOMETRIC_REPRESENTATION_ITEM() 
RATIONAL_B_SPLINE_CURVE((1.,1.,1.,1.,1.)) REPRESENTATION_ITEM('') );
#12909 = CARTESIAN_POINT('',(-6.175568302888,1.679986945298,0.));
#12910 = CARTESIAN_POINT('',(-6.196489128958,1.685678197173,
    3.950966311744));
#12911 = CARTESIAN_POINT('',(-6.229027461069,1.69452984782,
    7.915188641292));
#12912 = CARTESIAN_POINT('',(-5.490550024813,1.493636198611,
    11.841097004811));
#12913 = CARTESIAN_POINT('',(-5.508652015835,1.498560621289,15.8));
#12914 = PCURVE('',#2489,#12915);
#12915 = DEFINITIONAL_REPRESENTATION('',(#12916),#12920);
#12916 = LINE('',#12917,#12918);
#12917 = CARTESIAN_POINT('',(87.,0.));
#12918 = VECTOR('',#12919,1.);
#12919 = DIRECTION('',(0.,1.));
#12920 = ( GEOMETRIC_REPRESENTATION_CONTEXT(2) 
PARAMETRIC_REPRESENTATION_CONTEXT() REPRESENTATION_CONTEXT('2D SPACE',''
  ) );
#12921 = PCURVE('',#2521,#12922);
#12922 = DEFINITIONAL_REPRESENTATION('',(#12923),#12927);
#12923 = LINE('',#12924,#12925);
#12924 = CARTESIAN_POINT('',(87.,0.));
#12925 = VECTOR('',#12926,1.);
#12926 = DIRECTION('',(0.,1.));
#12927 = ( GEOMETRIC_REPRESENTATION_CONTEXT(2) 
PARAMETRIC_REPRESENTATION_CONTEXT() REPRESENTATION_CONTEXT('2D SPACE',''
  ) );
#12928 = ADVANCED_FACE('',(#12929),#2937,.F.);
#12929 = FACE_BOUND('',#12930,.F.);
#12930 = EDGE_LOOP('',(#12931,#12932,#12955,#12956));
#12931 = ORIENTED_EDGE('',*,*,#2923,.T.);
#12932 = ORIENTED_EDGE('',*,*,#12933,.T.);
#12933 = EDGE_CURVE('',#2892,#6823,#12934,.T.);
#12934 = SURFACE_CURVE('',#12935,(#12941,#12948),.PCURVE_S1.);
#12935 = ( BOUNDED_CURVE() B_SPLINE_CURVE(4,(#12936,#12937,#12938,#12939
,#12940),.UNSPECIFIED.,.F.,.F.) B_SPLINE_CURVE_WITH_KNOTS((5,5),(0.,1.),
.PIECEWISE_BEZIER_KNOTS.) CURVE() GEOMETRIC_REPRESENTATION_ITEM() 
RATIONAL_B_SPLINE_CURVE((1.,1.,1.,1.,1.)) REPRESENTATION_ITEM('') );
#12936 = CARTESIAN_POINT('',(-6.239484610557,-1.424370666161,0.));
#12937 = CARTESIAN_POINT('',(-6.25693783176,-1.428354946573,
    3.950966311744));
#12938 = CARTESIAN_POINT('',(-6.284082969622,-1.434551730524,
    7.915188641292));
#12939 = CARTESIAN_POINT('',(-5.668007389988,-1.293911911927,
    11.841097004811));
#12940 = CARTESIAN_POINT('',(-5.683108995079,-1.297359357453,15.8));
#12941 = PCURVE('',#2937,#12942);
#12942 = DEFINITIONAL_REPRESENTATION('',(#12943),#12947);
#12943 = LINE('',#12944,#12945);
#12944 = CARTESIAN_POINT('',(74.,0.));
#12945 = VECTOR('',#12946,1.);
#12946 = DIRECTION('',(0.,1.));
#12947 = ( GEOMETRIC_REPRESENTATION_CONTEXT(2) 
PARAMETRIC_REPRESENTATION_CONTEXT() REPRESENTATION_CONTEXT('2D SPACE',''
  ) );
#12948 = PCURVE('',#2905,#12949);
#12949 = DEFINITIONAL_REPRESENTATION('',(#12950),#12954);
#12950 = LINE('',#12951,#12952);
#12951 = CARTESIAN_POINT('',(74.,0.));
#12952 = VECTOR('',#12953,1.);
#12953 = DIRECTION('',(0.,1.));
#12954 = ( GEOMETRIC_REPRESENTATION_CONTEXT(2) 
PARAMETRIC_REPRESENTATION_CONTEXT() REPRESENTATION_CONTEXT('2D SPACE',''
  ) );
#12955 = ORIENTED_EDGE('',*,*,#6822,.F.);
#12956 = ORIENTED_EDGE('',*,*,#12875,.F.);
#12957 = ADVANCED_FACE('',(#12958),#2521,.F.);
#12958 = FACE_BOUND('',#12959,.F.);
#12959 = EDGE_LOOP('',(#12960,#12961,#12962,#12963));
#12960 = ORIENTED_EDGE('',*,*,#2507,.T.);
#12961 = ORIENTED_EDGE('',*,*,#12906,.T.);
#12962 = ORIENTED_EDGE('',*,*,#7095,.F.);
#12963 = ORIENTED_EDGE('',*,*,#12964,.F.);
#12964 = EDGE_CURVE('',#2508,#7075,#12965,.T.);
#12965 = SURFACE_CURVE('',#12966,(#12972,#12979),.PCURVE_S1.);
#12966 = ( BOUNDED_CURVE() B_SPLINE_CURVE(4,(#12967,#12968,#12969,#12970
,#12971),.UNSPECIFIED.,.F.,.F.) B_SPLINE_CURVE_WITH_KNOTS((5,5),(0.,1.),
.PIECEWISE_BEZIER_KNOTS.) CURVE() GEOMETRIC_REPRESENTATION_ITEM() 
RATIONAL_B_SPLINE_CURVE((1.,1.,1.,1.,1.)) REPRESENTATION_ITEM('') );
#12967 = CARTESIAN_POINT('',(-6.239399862337,1.424741856573,0.));
#12968 = CARTESIAN_POINT('',(-6.256850425031,1.428726622358,
    3.950966311744));
#12969 = CARTESIAN_POINT('',(-6.283991428093,1.434924161215,
    7.915188641292));
#12970 = CARTESIAN_POINT('',(-5.668009690294,1.294267209571,
    11.841097004811));
#12971 = CARTESIAN_POINT('',(-5.683108995079,1.297715075072,15.8));
#12972 = PCURVE('',#2521,#12973);
#12973 = DEFINITIONAL_REPRESENTATION('',(#12974),#12978);
#12974 = LINE('',#12975,#12976);
#12975 = CARTESIAN_POINT('',(86.,0.));
#12976 = VECTOR('',#12977,1.);
#12977 = DIRECTION('',(0.,1.));
#12978 = ( GEOMETRIC_REPRESENTATION_CONTEXT(2) 
PARAMETRIC_REPRESENTATION_CONTEXT() REPRESENTATION_CONTEXT('2D SPACE',''
  ) );
#12979 = PCURVE('',#2553,#12980);
#12980 = DEFINITIONAL_REPRESENTATION('',(#12981),#12985);
#12981 = LINE('',#12982,#12983);
#12982 = CARTESIAN_POINT('',(86.,0.));
#12983 = VECTOR('',#12984,1.);
#12984 = DIRECTION('',(0.,1.));
#12985 = ( GEOMETRIC_REPRESENTATION_CONTEXT(2) 
PARAMETRIC_REPRESENTATION_CONTEXT() REPRESENTATION_CONTEXT('2D SPACE',''
  ) );
#12986 = ADVANCED_FACE('',(#12987),#2905,.F.);
#12987 = FACE_BOUND('',#12988,.F.);
#12988 = EDGE_LOOP('',(#12989,#12990,#13013,#13014));
#12989 = ORIENTED_EDGE('',*,*,#2891,.T.);
#12990 = ORIENTED_EDGE('',*,*,#12991,.T.);
#12991 = EDGE_CURVE('',#2860,#6844,#12992,.T.);
#12992 = SURFACE_CURVE('',#12993,(#12999,#13006),.PCURVE_S1.);
#12993 = ( BOUNDED_CURVE() B_SPLINE_CURVE(4,(#12994,#12995,#12996,#12997
,#12998),.UNSPECIFIED.,.F.,.F.) B_SPLINE_CURVE_WITH_KNOTS((5,5),(0.,1.),
.PIECEWISE_BEZIER_KNOTS.) CURVE() GEOMETRIC_REPRESENTATION_ITEM() 
RATIONAL_B_SPLINE_CURVE((1.,1.,1.,1.,1.)) REPRESENTATION_ITEM('') );
#12994 = CARTESIAN_POINT('',(-6.291067259174,-1.175786009677,0.));
#12995 = CARTESIAN_POINT('',(-6.304615838373,-1.178318207986,
    3.950966311744));
#12996 = CARTESIAN_POINT('',(-6.325688054553,-1.182256556752,
    7.915188641292));
#12997 = CARTESIAN_POINT('',(-5.847441163229,-1.092873312093,
    11.841097004811));
#12998 = CARTESIAN_POINT('',(-5.859164230865,-1.095064326487,15.8));
#12999 = PCURVE('',#2905,#13000);
#13000 = DEFINITIONAL_REPRESENTATION('',(#13001),#13005);
#13001 = LINE('',#13002,#13003);
#13002 = CARTESIAN_POINT('',(75.,0.));
#13003 = VECTOR('',#13004,1.);
#13004 = DIRECTION('',(0.,1.));
#13005 = ( GEOMETRIC_REPRESENTATION_CONTEXT(2) 
PARAMETRIC_REPRESENTATION_CONTEXT() REPRESENTATION_CONTEXT('2D SPACE',''
  ) );
#13006 = PCURVE('',#2873,#13007);
#13007 = DEFINITIONAL_REPRESENTATION('',(#13008),#13012);
#13008 = LINE('',#13009,#13010);
#13009 = CARTESIAN_POINT('',(75.,0.));
#13010 = VECTOR('',#13011,1.);
#13011 = DIRECTION('',(0.,1.));
#13012 = ( GEOMETRIC_REPRESENTATION_CONTEXT(2) 
PARAMETRIC_REPRESENTATION_CONTEXT() REPRESENTATION_CONTEXT('2D SPACE',''
  ) );
#13013 = ORIENTED_EDGE('',*,*,#6843,.F.);
#13014 = ORIENTED_EDGE('',*,*,#12933,.F.);
#13015 = ADVANCED_FACE('',(#13016),#2553,.F.);
#13016 = FACE_BOUND('',#13017,.F.);
#13017 = EDGE_LOOP('',(#13018,#13019,#13020,#13021));
#13018 = ORIENTED_EDGE('',*,*,#2539,.T.);
#13019 = ORIENTED_EDGE('',*,*,#12964,.T.);
#13020 = ORIENTED_EDGE('',*,*,#7074,.F.);
#13021 = ORIENTED_EDGE('',*,*,#13022,.F.);
#13022 = EDGE_CURVE('',#2540,#7054,#13023,.T.);
#13023 = SURFACE_CURVE('',#13024,(#13030,#13037),.PCURVE_S1.);
#13024 = ( BOUNDED_CURVE() B_SPLINE_CURVE(4,(#13025,#13026,#13027,#13028
,#13029),.UNSPECIFIED.,.F.,.F.) B_SPLINE_CURVE_WITH_KNOTS((5,5),(0.,1.),
.PIECEWISE_BEZIER_KNOTS.) CURVE() GEOMETRIC_REPRESENTATION_ITEM() 
RATIONAL_B_SPLINE_CURVE((1.,1.,1.,1.,1.)) REPRESENTATION_ITEM('') );
#13025 = CARTESIAN_POINT('',(-6.290975776513,1.176275384135,0.));
#13026 = CARTESIAN_POINT('',(-6.304521485948,1.178808136626,
    3.950966311744));
#13027 = CARTESIAN_POINT('',(-6.32558923876,1.182747347316,
    7.915188641292));
#13028 = CARTESIAN_POINT('',(-5.847443646327,1.093344540758,
    11.841097004811));
#13029 = CARTESIAN_POINT('',(-5.859164230865,1.095536034664,15.8));
#13030 = PCURVE('',#2553,#13031);
#13031 = DEFINITIONAL_REPRESENTATION('',(#13032),#13036);
#13032 = LINE('',#13033,#13034);
#13033 = CARTESIAN_POINT('',(85.,0.));
#13034 = VECTOR('',#13035,1.);
#13035 = DIRECTION('',(0.,1.));
#13036 = ( GEOMETRIC_REPRESENTATION_CONTEXT(2) 
PARAMETRIC_REPRESENTATION_CONTEXT() REPRESENTATION_CONTEXT('2D SPACE',''
  ) );
#13037 = PCURVE('',#2585,#13038);
#13038 = DEFINITIONAL_REPRESENTATION('',(#13039),#13043);
#13039 = LINE('',#13040,#13041);
#13040 = CARTESIAN_POINT('',(85.,0.));
#13041 = VECTOR('',#13042,1.);
#13042 = DIRECTION('',(0.,1.));
#13043 = ( GEOMETRIC_REPRESENTATION_CONTEXT(2) 
PARAMETRIC_REPRESENTATION_CONTEXT() REPRESENTATION_CONTEXT('2D SPACE',''
  ) );
#13044 = ADVANCED_FACE('',(#13045),#2873,.F.);
#13045 = FACE_BOUND('',#13046,.F.);
#13046 = EDGE_LOOP('',(#13047,#13048,#13071,#13072));
#13047 = ORIENTED_EDGE('',*,*,#2859,.T.);
#13048 = ORIENTED_EDGE('',*,*,#13049,.T.);
#13049 = EDGE_CURVE('',#2828,#6865,#13050,.T.);
#13050 = SURFACE_CURVE('',#13051,(#13057,#13064),.PCURVE_S1.);
#13051 = ( BOUNDED_CURVE() B_SPLINE_CURVE(4,(#13052,#13053,#13054,#13055
,#13056),.UNSPECIFIED.,.F.,.F.) B_SPLINE_CURVE_WITH_KNOTS((5,5),(0.,1.),
.PIECEWISE_BEZIER_KNOTS.) CURVE() GEOMETRIC_REPRESENTATION_ITEM() 
RATIONAL_B_SPLINE_CURVE((1.,1.,1.,1.,1.)) REPRESENTATION_ITEM('') );
#13052 = CARTESIAN_POINT('',(-6.331385644099,-0.934642084274,0.));
#13053 = CARTESIAN_POINT('',(-6.340951240887,-0.936054162107,
    3.950966311744));
#13054 = CARTESIAN_POINT('',(-6.355828691904,-0.938250378324,
    7.915188641292));
#13055 = CARTESIAN_POINT('',(-6.01817580152,-0.888405902095,
    11.841097004811));
#13056 = CARTESIAN_POINT('',(-6.026452546739,-0.889627719062,15.8));
#13057 = PCURVE('',#2873,#13058);
#13058 = DEFINITIONAL_REPRESENTATION('',(#13059),#13063);
#13059 = LINE('',#13060,#13061);
#13060 = CARTESIAN_POINT('',(76.,0.));
#13061 = VECTOR('',#13062,1.);
#13062 = DIRECTION('',(0.,1.));
#13063 = ( GEOMETRIC_REPRESENTATION_CONTEXT(2) 
PARAMETRIC_REPRESENTATION_CONTEXT() REPRESENTATION_CONTEXT('2D SPACE',''
  ) );
#13064 = PCURVE('',#2841,#13065);
#13065 = DEFINITIONAL_REPRESENTATION('',(#13066),#13070);
#13066 = LINE('',#13067,#13068);
#13067 = CARTESIAN_POINT('',(76.,0.));
#13068 = VECTOR('',#13069,1.);
#13069 = DIRECTION('',(0.,1.));
#13070 = ( GEOMETRIC_REPRESENTATION_CONTEXT(2) 
PARAMETRIC_REPRESENTATION_CONTEXT() REPRESENTATION_CONTEXT('2D SPACE',''
  ) );
#13071 = ORIENTED_EDGE('',*,*,#6864,.F.);
#13072 = ORIENTED_EDGE('',*,*,#12991,.F.);
#13073 = ADVANCED_FACE('',(#13074),#2585,.F.);
#13074 = FACE_BOUND('',#13075,.F.);
#13075 = EDGE_LOOP('',(#13076,#13077,#13078,#13079));
#13076 = ORIENTED_EDGE('',*,*,#2571,.T.);
#13077 = ORIENTED_EDGE('',*,*,#13022,.T.);
#13078 = ORIENTED_EDGE('',*,*,#7053,.F.);
#13079 = ORIENTED_EDGE('',*,*,#13080,.F.);
#13080 = EDGE_CURVE('',#2572,#7033,#13081,.T.);
#13081 = SURFACE_CURVE('',#13082,(#13088,#13095),.PCURVE_S1.);
#13082 = ( BOUNDED_CURVE() B_SPLINE_CURVE(4,(#13083,#13084,#13085,#13086
,#13087),.UNSPECIFIED.,.F.,.F.) B_SPLINE_CURVE_WITH_KNOTS((5,5),(0.,1.),
.PIECEWISE_BEZIER_KNOTS.) CURVE() GEOMETRIC_REPRESENTATION_ITEM() 
RATIONAL_B_SPLINE_CURVE((1.,1.,1.,1.,1.)) REPRESENTATION_ITEM('') );
#13083 = CARTESIAN_POINT('',(-6.331302296248,0.935206519184,0.));
#13084 = CARTESIAN_POINT('',(-6.340865278456,0.936619082174,
    3.950966311744));
#13085 = CARTESIAN_POINT('',(-6.355738662996,0.938816052961,
    7.915188641292));
#13086 = CARTESIAN_POINT('',(-6.018178063816,0.888954451318,
    11.841097004811));
#13087 = CARTESIAN_POINT('',(-6.026452546739,0.890176688073,15.8));
#13088 = PCURVE('',#2585,#13089);
#13089 = DEFINITIONAL_REPRESENTATION('',(#13090),#13094);
#13090 = LINE('',#13091,#13092);
#13091 = CARTESIAN_POINT('',(84.,0.));
#13092 = VECTOR('',#13093,1.);
#13093 = DIRECTION('',(0.,1.));
#13094 = ( GEOMETRIC_REPRESENTATION_CONTEXT(2) 
PARAMETRIC_REPRESENTATION_CONTEXT() REPRESENTATION_CONTEXT('2D SPACE',''
  ) );
#13095 = PCURVE('',#2617,#13096);
#13096 = DEFINITIONAL_REPRESENTATION('',(#13097),#13101);
#13097 = LINE('',#13098,#13099);
#13098 = CARTESIAN_POINT('',(84.,0.));
#13099 = VECTOR('',#13100,1.);
#13100 = DIRECTION('',(0.,1.));
#13101 = ( GEOMETRIC_REPRESENTATION_CONTEXT(2) 
PARAMETRIC_REPRESENTATION_CONTEXT() REPRESENTATION_CONTEXT('2D SPACE',''
  ) );
#13102 = ADVANCED_FACE('',(#13103),#2841,.F.);
#13103 = FACE_BOUND('',#13104,.F.);
#13104 = EDGE_LOOP('',(#13105,#13106,#13129,#13130));
#13105 = ORIENTED_EDGE('',*,*,#2827,.T.);
#13106 = ORIENTED_EDGE('',*,*,#13107,.T.);
#13107 = EDGE_CURVE('',#2796,#6886,#13108,.T.);
#13108 = SURFACE_CURVE('',#13109,(#13115,#13122),.PCURVE_S1.);
#13109 = ( BOUNDED_CURVE() B_SPLINE_CURVE(4,(#13110,#13111,#13112,#13113
,#13114),.UNSPECIFIED.,.F.,.F.) B_SPLINE_CURVE_WITH_KNOTS((5,5),(0.,1.),
.PIECEWISE_BEZIER_KNOTS.) CURVE() GEOMETRIC_REPRESENTATION_ITEM() 
RATIONAL_B_SPLINE_CURVE((1.,1.,1.,1.,1.)) REPRESENTATION_ITEM('') );
#13110 = CARTESIAN_POINT('',(-6.361625717404,-0.699798707964,0.));
#13111 = CARTESIAN_POINT('',(-6.36749234442,-0.700444055268,
    3.950966311744));
#13112 = CARTESIAN_POINT('',(-6.376616757462,-0.701447769215,
    7.915188641292));
#13113 = CARTESIAN_POINT('',(-6.169532598163,-0.678667864588,
    11.841097004811));
#13114 = CARTESIAN_POINT('',(-6.174608766246,-0.679226258939,15.8));
#13115 = PCURVE('',#2841,#13116);
#13116 = DEFINITIONAL_REPRESENTATION('',(#13117),#13121);
#13117 = LINE('',#13118,#13119);
#13118 = CARTESIAN_POINT('',(77.,0.));
#13119 = VECTOR('',#13120,1.);
#13120 = DIRECTION('',(0.,1.));
#13121 = ( GEOMETRIC_REPRESENTATION_CONTEXT(2) 
PARAMETRIC_REPRESENTATION_CONTEXT() REPRESENTATION_CONTEXT('2D SPACE',''
  ) );
#13122 = PCURVE('',#2809,#13123);
#13123 = DEFINITIONAL_REPRESENTATION('',(#13124),#13128);
#13124 = LINE('',#13125,#13126);
#13125 = CARTESIAN_POINT('',(77.,0.));
#13126 = VECTOR('',#13127,1.);
#13127 = DIRECTION('',(0.,1.));
#13128 = ( GEOMETRIC_REPRESENTATION_CONTEXT(2) 
PARAMETRIC_REPRESENTATION_CONTEXT() REPRESENTATION_CONTEXT('2D SPACE',''
  ) );
#13129 = ORIENTED_EDGE('',*,*,#6885,.F.);
#13130 = ORIENTED_EDGE('',*,*,#13049,.F.);
#13131 = ADVANCED_FACE('',(#13132),#2617,.F.);
#13132 = FACE_BOUND('',#13133,.F.);
#13133 = EDGE_LOOP('',(#13134,#13135,#13136,#13137));
#13134 = ORIENTED_EDGE('',*,*,#2603,.T.);
#13135 = ORIENTED_EDGE('',*,*,#13080,.T.);
#13136 = ORIENTED_EDGE('',*,*,#7032,.F.);
#13137 = ORIENTED_EDGE('',*,*,#13138,.F.);
#13138 = EDGE_CURVE('',#2604,#7012,#13139,.T.);
#13139 = SURFACE_CURVE('',#13140,(#13146,#13153),.PCURVE_S1.);
#13140 = ( BOUNDED_CURVE() B_SPLINE_CURVE(4,(#13141,#13142,#13143,#13144
,#13145),.UNSPECIFIED.,.F.,.F.) B_SPLINE_CURVE_WITH_KNOTS((5,5),(0.,1.),
.PIECEWISE_BEZIER_KNOTS.) CURVE() GEOMETRIC_REPRESENTATION_ITEM() 
RATIONAL_B_SPLINE_CURVE((1.,1.,1.,1.,1.)) REPRESENTATION_ITEM('') );
#13141 = CARTESIAN_POINT('',(-6.361562539469,0.700372798179,0.));
#13142 = CARTESIAN_POINT('',(-6.367427184626,0.701018463125,
    3.950966311744));
#13143 = CARTESIAN_POINT('',(-6.376548515264,0.702022671105,
    7.915188641292));
#13144 = CARTESIAN_POINT('',(-6.16953431299,0.679231554109,
    11.841097004811));
#13145 = CARTESIAN_POINT('',(-6.174608766246,0.679790223305,15.8));
#13146 = PCURVE('',#2617,#13147);
#13147 = DEFINITIONAL_REPRESENTATION('',(#13148),#13152);
#13148 = LINE('',#13149,#13150);
#13149 = CARTESIAN_POINT('',(83.,0.));
#13150 = VECTOR('',#13151,1.);
#13151 = DIRECTION('',(0.,1.));
#13152 = ( GEOMETRIC_REPRESENTATION_CONTEXT(2) 
PARAMETRIC_REPRESENTATION_CONTEXT() REPRESENTATION_CONTEXT('2D SPACE',''
  ) );
#13153 = PCURVE('',#2649,#13154);
#13154 = DEFINITIONAL_REPRESENTATION('',(#13155),#13159);
#13155 = LINE('',#13156,#13157);
#13156 = CARTESIAN_POINT('',(83.,0.));
#13157 = VECTOR('',#13158,1.);
#13158 = DIRECTION('',(0.,1.));
#13159 = ( GEOMETRIC_REPRESENTATION_CONTEXT(2) 
PARAMETRIC_REPRESENTATION_CONTEXT() REPRESENTATION_CONTEXT('2D SPACE',''
  ) );
#13160 = ADVANCED_FACE('',(#13161),#2809,.F.);
#13161 = FACE_BOUND('',#13162,.F.);
#13162 = EDGE_LOOP('',(#13163,#13164,#13187,#13188));
#13163 = ORIENTED_EDGE('',*,*,#2795,.T.);
#13164 = ORIENTED_EDGE('',*,*,#13165,.T.);
#13165 = EDGE_CURVE('',#2764,#6907,#13166,.T.);
#13166 = SURFACE_CURVE('',#13167,(#13173,#13180),.PCURVE_S1.);
#13167 = ( BOUNDED_CURVE() B_SPLINE_CURVE(4,(#13168,#13169,#13170,#13171
,#13172),.UNSPECIFIED.,.F.,.F.) B_SPLINE_CURVE_WITH_KNOTS((5,5),(0.,1.),
.PIECEWISE_BEZIER_KNOTS.) CURVE() GEOMETRIC_REPRESENTATION_ITEM() 
RATIONAL_B_SPLINE_CURVE((1.,1.,1.,1.,1.)) REPRESENTATION_ITEM('') );
#13168 = CARTESIAN_POINT('',(-6.382820951948,-0.468611454589,0.));
#13169 = CARTESIAN_POINT('',(-6.385630191689,-0.468817702255,
    3.950966311744));
#13170 = CARTESIAN_POINT('',(-6.389999425263,-0.469138480938,
    7.915188641292));
#13171 = CARTESIAN_POINT('',(-6.290836985179,-0.461858211659,
    11.841097004811));
#13172 = CARTESIAN_POINT('',(-6.293267712933,-0.46203666988,15.8));
#13173 = PCURVE('',#2809,#13174);
#13174 = DEFINITIONAL_REPRESENTATION('',(#13175),#13179);
#13175 = LINE('',#13176,#13177);
#13176 = CARTESIAN_POINT('',(78.,0.));
#13177 = VECTOR('',#13178,1.);
#13178 = DIRECTION('',(0.,1.));
#13179 = ( GEOMETRIC_REPRESENTATION_CONTEXT(2) 
PARAMETRIC_REPRESENTATION_CONTEXT() REPRESENTATION_CONTEXT('2D SPACE',''
  ) );
#13180 = PCURVE('',#2777,#13181);
#13181 = DEFINITIONAL_REPRESENTATION('',(#13182),#13186);
#13182 = LINE('',#13183,#13184);
#13183 = CARTESIAN_POINT('',(78.,0.));
#13184 = VECTOR('',#13185,1.);
#13185 = DIRECTION('',(0.,1.));
#13186 = ( GEOMETRIC_REPRESENTATION_CONTEXT(2) 
PARAMETRIC_REPRESENTATION_CONTEXT() REPRESENTATION_CONTEXT('2D SPACE',''
  ) );
#13187 = ORIENTED_EDGE('',*,*,#6906,.F.);
#13188 = ORIENTED_EDGE('',*,*,#13107,.F.);
#13189 = ADVANCED_FACE('',(#13190),#2649,.F.);
#13190 = FACE_BOUND('',#13191,.F.);
#13191 = EDGE_LOOP('',(#13192,#13193,#13194,#13195));
#13192 = ORIENTED_EDGE('',*,*,#2635,.T.);
#13193 = ORIENTED_EDGE('',*,*,#13138,.T.);
#13194 = ORIENTED_EDGE('',*,*,#7011,.F.);
#13195 = ORIENTED_EDGE('',*,*,#13196,.F.);
#13196 = EDGE_CURVE('',#2636,#6991,#13197,.T.);
#13197 = SURFACE_CURVE('',#13198,(#13204,#13211),.PCURVE_S1.);
#13198 = ( BOUNDED_CURVE() B_SPLINE_CURVE(4,(#13199,#13200,#13201,#13202
,#13203),.UNSPECIFIED.,.F.,.F.) B_SPLINE_CURVE_WITH_KNOTS((5,5),(0.,1.),
.PIECEWISE_BEZIER_KNOTS.) CURVE() GEOMETRIC_REPRESENTATION_ITEM() 
RATIONAL_B_SPLINE_CURVE((1.,1.,1.,1.,1.)) REPRESENTATION_ITEM('') );
#13199 = CARTESIAN_POINT('',(-6.382784407908,0.469108944884,0.));
#13200 = CARTESIAN_POINT('',(-6.385592501281,0.469315328436,
    3.950966311744));
#13201 = CARTESIAN_POINT('',(-6.389959951899,0.469636318465,
    7.915188641292));
#13202 = CARTESIAN_POINT('',(-6.290837977087,0.462351252568,
    11.841097004811));
#13203 = CARTESIAN_POINT('',(-6.293267712933,0.462529828366,15.8));
#13204 = PCURVE('',#2649,#13205);
#13205 = DEFINITIONAL_REPRESENTATION('',(#13206),#13210);
#13206 = LINE('',#13207,#13208);
#13207 = CARTESIAN_POINT('',(82.,0.));
#13208 = VECTOR('',#13209,1.);
#13209 = DIRECTION('',(0.,1.));
#13210 = ( GEOMETRIC_REPRESENTATION_CONTEXT(2) 
PARAMETRIC_REPRESENTATION_CONTEXT() REPRESENTATION_CONTEXT('2D SPACE',''
  ) );
#13211 = PCURVE('',#2681,#13212);
#13212 = DEFINITIONAL_REPRESENTATION('',(#13213),#13217);
#13213 = LINE('',#13214,#13215);
#13214 = CARTESIAN_POINT('',(82.,0.));
#13215 = VECTOR('',#13216,1.);
#13216 = DIRECTION('',(0.,1.));
#13217 = ( GEOMETRIC_REPRESENTATION_CONTEXT(2) 
PARAMETRIC_REPRESENTATION_CONTEXT() REPRESENTATION_CONTEXT('2D SPACE',''
  ) );
#13218 = ADVANCED_FACE('',(#13219),#2777,.F.);
#13219 = FACE_BOUND('',#13220,.F.);
#13220 = EDGE_LOOP('',(#13221,#13222,#13245,#13246));
#13221 = ORIENTED_EDGE('',*,*,#2763,.T.);
#13222 = ORIENTED_EDGE('',*,*,#13223,.T.);
#13223 = EDGE_CURVE('',#2732,#6928,#13224,.T.);
#13224 = SURFACE_CURVE('',#13225,(#13231,#13238),.PCURVE_S1.);
#13225 = ( BOUNDED_CURVE() B_SPLINE_CURVE(4,(#13226,#13227,#13228,#13229
,#13230),.UNSPECIFIED.,.F.,.F.) B_SPLINE_CURVE_WITH_KNOTS((5,5),(0.,1.),
.PIECEWISE_BEZIER_KNOTS.) CURVE() GEOMETRIC_REPRESENTATION_ITEM() 
RATIONAL_B_SPLINE_CURVE((1.,1.,1.,1.,1.)) REPRESENTATION_ITEM('') );
#13226 = CARTESIAN_POINT('',(-6.395606271142,-0.237108465759,0.));
#13227 = CARTESIAN_POINT('',(-6.396344773663,-0.237135844742,
    3.950966311744));
#13228 = CARTESIAN_POINT('',(-6.397493372681,-0.2371784275,
    7.915188641292));
#13229 = CARTESIAN_POINT('',(-6.371425212345,-0.236211985658,
    11.841097004811));
#13230 = CARTESIAN_POINT('',(-6.372064210345,-0.236235675646,15.8));
#13231 = PCURVE('',#2777,#13232);
#13232 = DEFINITIONAL_REPRESENTATION('',(#13233),#13237);
#13233 = LINE('',#13234,#13235);
#13234 = CARTESIAN_POINT('',(79.,0.));
#13235 = VECTOR('',#13236,1.);
#13236 = DIRECTION('',(0.,1.));
#13237 = ( GEOMETRIC_REPRESENTATION_CONTEXT(2) 
PARAMETRIC_REPRESENTATION_CONTEXT() REPRESENTATION_CONTEXT('2D SPACE',''
  ) );
#13238 = PCURVE('',#2745,#13239);
#13239 = DEFINITIONAL_REPRESENTATION('',(#13240),#13244);
#13240 = LINE('',#13241,#13242);
#13241 = CARTESIAN_POINT('',(79.,0.));
#13242 = VECTOR('',#13243,1.);
#13243 = DIRECTION('',(0.,1.));
#13244 = ( GEOMETRIC_REPRESENTATION_CONTEXT(2) 
PARAMETRIC_REPRESENTATION_CONTEXT() REPRESENTATION_CONTEXT('2D SPACE',''
  ) );
#13245 = ORIENTED_EDGE('',*,*,#6927,.F.);
#13246 = ORIENTED_EDGE('',*,*,#13165,.F.);
#13247 = ADVANCED_FACE('',(#13248),#2681,.F.);
#13248 = FACE_BOUND('',#13249,.F.);
#13249 = EDGE_LOOP('',(#13250,#13251,#13252,#13253));
#13250 = ORIENTED_EDGE('',*,*,#2667,.T.);
#13251 = ORIENTED_EDGE('',*,*,#13196,.T.);
#13252 = ORIENTED_EDGE('',*,*,#6990,.F.);
#13253 = ORIENTED_EDGE('',*,*,#13254,.F.);
#13254 = EDGE_CURVE('',#2668,#6970,#13255,.T.);
#13255 = SURFACE_CURVE('',#13256,(#13262,#13269),.PCURVE_S1.);
#13256 = ( BOUNDED_CURVE() B_SPLINE_CURVE(4,(#13257,#13258,#13259,#13260
,#13261),.UNSPECIFIED.,.F.,.F.) B_SPLINE_CURVE_WITH_KNOTS((5,5),(0.,1.),
.PIECEWISE_BEZIER_KNOTS.) CURVE() GEOMETRIC_REPRESENTATION_ITEM() 
RATIONAL_B_SPLINE_CURVE((1.,1.,1.,1.,1.)) REPRESENTATION_ITEM('') );
#13257 = CARTESIAN_POINT('',(-6.395594631949,0.237422205755,0.));
#13258 = CARTESIAN_POINT('',(-6.396332769354,0.237449607462,
    3.950966311744));
#13259 = CARTESIAN_POINT('',(-6.397480800506,0.237492225561,
    7.915188641292));
#13260 = CARTESIAN_POINT('',(-6.371425528266,0.236524981612,
    11.841097004811));
#13261 = CARTESIAN_POINT('',(-6.372064210345,0.236548691262,15.8));
#13262 = PCURVE('',#2681,#13263);
#13263 = DEFINITIONAL_REPRESENTATION('',(#13264),#13268);
#13264 = LINE('',#13265,#13266);
#13265 = CARTESIAN_POINT('',(81.,0.));
#13266 = VECTOR('',#13267,1.);
#13267 = DIRECTION('',(0.,1.));
#13268 = ( GEOMETRIC_REPRESENTATION_CONTEXT(2) 
PARAMETRIC_REPRESENTATION_CONTEXT() REPRESENTATION_CONTEXT('2D SPACE',''
  ) );
#13269 = PCURVE('',#2713,#13270);
#13270 = DEFINITIONAL_REPRESENTATION('',(#13271),#13275);
#13271 = LINE('',#13272,#13273);
#13272 = CARTESIAN_POINT('',(81.,0.));
#13273 = VECTOR('',#13274,1.);
#13274 = DIRECTION('',(0.,1.));
#13275 = ( GEOMETRIC_REPRESENTATION_CONTEXT(2) 
PARAMETRIC_REPRESENTATION_CONTEXT() REPRESENTATION_CONTEXT('2D SPACE',''
  ) );
#13276 = ADVANCED_FACE('',(#13277),#2745,.F.);
#13277 = FACE_BOUND('',#13278,.F.);
#13278 = EDGE_LOOP('',(#13279,#13280,#13303,#13304));
#13279 = ORIENTED_EDGE('',*,*,#2731,.T.);
#13280 = ORIENTED_EDGE('',*,*,#13281,.T.);
#13281 = EDGE_CURVE('',#2700,#6949,#13282,.T.);
#13282 = SURFACE_CURVE('',#13283,(#13289,#13296),.PCURVE_S1.);
#13283 = ( BOUNDED_CURVE() B_SPLINE_CURVE(4,(#13284,#13285,#13286,#13287
,#13288),.UNSPECIFIED.,.F.,.F.) B_SPLINE_CURVE_WITH_KNOTS((5,5),(0.,1.),
.PIECEWISE_BEZIER_KNOTS.) CURVE() GEOMETRIC_REPRESENTATION_ITEM() 
RATIONAL_B_SPLINE_CURVE((1.,1.,1.,1.,1.)) REPRESENTATION_ITEM('') );
#13284 = CARTESIAN_POINT('',(-6.4,0.,0.));
#13285 = CARTESIAN_POINT('',(-6.399980140537,0.,3.950966311744));
#13286 = CARTESIAN_POINT('',(-6.399949252953,0.,7.915188641292));
#13287 = CARTESIAN_POINT('',(-6.400650265661,0.,11.841097004811));
#13288 = CARTESIAN_POINT('',(-6.400633082027,0.,15.8));
#13289 = PCURVE('',#2745,#13290);
#13290 = DEFINITIONAL_REPRESENTATION('',(#13291),#13295);
#13291 = LINE('',#13292,#13293);
#13292 = CARTESIAN_POINT('',(80.,0.));
#13293 = VECTOR('',#13294,1.);
#13294 = DIRECTION('',(0.,1.));
#13295 = ( GEOMETRIC_REPRESENTATION_CONTEXT(2) 
PARAMETRIC_REPRESENTATION_CONTEXT() REPRESENTATION_CONTEXT('2D SPACE',''
  ) );
#13296 = PCURVE('',#2713,#13297);
#13297 = DEFINITIONAL_REPRESENTATION('',(#13298),#13302);
#13298 = LINE('',#13299,#13300);
#13299 = CARTESIAN_POINT('',(80.,0.));
#13300 = VECTOR('',#13301,1.);
#13301 = DIRECTION('',(0.,1.));
#13302 = ( GEOMETRIC_REPRESENTATION_CONTEXT(2) 
PARAMETRIC_REPRESENTATION_CONTEXT() REPRESENTATION_CONTEXT('2D SPACE',''
  ) );
#13303 = ORIENTED_EDGE('',*,*,#6948,.F.);
#13304 = ORIENTED_EDGE('',*,*,#13223,.F.);
#13305 = ADVANCED_FACE('',(#13306),#2713,.F.);
#13306 = FACE_BOUND('',#13307,.F.);
#13307 = EDGE_LOOP('',(#13308,#13309,#13310,#13311));
#13308 = ORIENTED_EDGE('',*,*,#2699,.T.);
#13309 = ORIENTED_EDGE('',*,*,#13254,.T.);
#13310 = ORIENTED_EDGE('',*,*,#6969,.F.);
#13311 = ORIENTED_EDGE('',*,*,#13281,.F.);
#13312 = ADVANCED_FACE('',(#13313),#5265,.F.);
#13313 = FACE_BOUND('',#13314,.F.);
#13314 = EDGE_LOOP('',(#13315,#13338,#13365,#13366));
#13315 = ORIENTED_EDGE('',*,*,#13316,.T.);
#13316 = EDGE_CURVE('',#5249,#13317,#13319,.T.);
#13317 = VERTEX_POINT('',#13318);
#13318 = CARTESIAN_POINT('',(3.175,-7.776507174586E-16,14.3));
#13319 = SEAM_CURVE('',#13320,(#13324,#13331),.PCURVE_S1.);
#13320 = LINE('',#13321,#13322);
#13321 = CARTESIAN_POINT('',(3.175,-7.776507174586E-16,-0.2));
#13322 = VECTOR('',#13323,1.);
#13323 = DIRECTION('',(0.,0.,1.));
#13324 = PCURVE('',#5265,#13325);
#13325 = DEFINITIONAL_REPRESENTATION('',(#13326),#13330);
#13326 = LINE('',#13327,#13328);
#13327 = CARTESIAN_POINT('',(6.28318530718,-0.));
#13328 = VECTOR('',#13329,1.);
#13329 = DIRECTION('',(0.,1.));
#13330 = ( GEOMETRIC_REPRESENTATION_CONTEXT(2) 
PARAMETRIC_REPRESENTATION_CONTEXT() REPRESENTATION_CONTEXT('2D SPACE',''
  ) );
#13331 = PCURVE('',#5265,#13332);
#13332 = DEFINITIONAL_REPRESENTATION('',(#13333),#13337);
#13333 = LINE('',#13334,#13335);
#13334 = CARTESIAN_POINT('',(0.,-0.));
#13335 = VECTOR('',#13336,1.);
#13336 = DIRECTION('',(0.,1.));
#13337 = ( GEOMETRIC_REPRESENTATION_CONTEXT(2) 
PARAMETRIC_REPRESENTATION_CONTEXT() REPRESENTATION_CONTEXT('2D SPACE',''
  ) );
#13338 = ORIENTED_EDGE('',*,*,#13339,.F.);
#13339 = EDGE_CURVE('',#13317,#13317,#13340,.T.);
#13340 = SURFACE_CURVE('',#13341,(#13346,#13353),.PCURVE_S1.);
#13341 = CIRCLE('',#13342,3.175);
#13342 = AXIS2_PLACEMENT_3D('',#13343,#13344,#13345);
#13343 = CARTESIAN_POINT('',(0.,0.,14.3));
#13344 = DIRECTION('',(0.,0.,1.));
#13345 = DIRECTION('',(1.,0.,-0.));
#13346 = PCURVE('',#5265,#13347);
#13347 = DEFINITIONAL_REPRESENTATION('',(#13348),#13352);
#13348 = LINE('',#13349,#13350);
#13349 = CARTESIAN_POINT('',(0.,14.5));
#13350 = VECTOR('',#13351,1.);
#13351 = DIRECTION('',(1.,0.));
#13352 = ( GEOMETRIC_REPRESENTATION_CONTEXT(2) 
PARAMETRIC_REPRESENTATION_CONTEXT() REPRESENTATION_CONTEXT('2D SPACE',''
  ) );
#13353 = PCURVE('',#13354,#13359);
#13354 = PLANE('',#13355);
#13355 = AXIS2_PLACEMENT_3D('',#13356,#13357,#13358);
#13356 = CARTESIAN_POINT('',(0.,0.,14.3));
#13357 = DIRECTION('',(0.,0.,1.));
#13358 = DIRECTION('',(1.,0.,-0.));
#13359 = DEFINITIONAL_REPRESENTATION('',(#13360),#13364);
#13360 = CIRCLE('',#13361,3.175);
#13361 = AXIS2_PLACEMENT_2D('',#13362,#13363);
#13362 = CARTESIAN_POINT('',(0.,0.));
#13363 = DIRECTION('',(1.,0.));
#13364 = ( GEOMETRIC_REPRESENTATION_CONTEXT(2) 
PARAMETRIC_REPRESENTATION_CONTEXT() REPRESENTATION_CONTEXT('2D SPACE',''
  ) );
#13365 = ORIENTED_EDGE('',*,*,#13316,.F.);
#13366 = ORIENTED_EDGE('',*,*,#5248,.T.);
#13367 = ADVANCED_FACE('',(#13368),#8666,.F.);
#13368 = FACE_BOUND('',#13369,.F.);
#13369 = EDGE_LOOP('',(#13370,#13393,#13421,#13442));
#13370 = ORIENTED_EDGE('',*,*,#13371,.F.);
#13371 = EDGE_CURVE('',#13372,#8652,#13374,.T.);
#13372 = VERTEX_POINT('',#13373);
#13373 = CARTESIAN_POINT('',(0.271554949542,5.728072338932,15.46));
#13374 = SURFACE_CURVE('',#13375,(#13379,#13386),.PCURVE_S1.);
#13375 = LINE('',#13376,#13377);
#13376 = CARTESIAN_POINT('',(0.271554949542,5.728072338932,15.46));
#13377 = VECTOR('',#13378,1.);
#13378 = DIRECTION('',(0.,0.,1.));
#13379 = PCURVE('',#8666,#13380);
#13380 = DEFINITIONAL_REPRESENTATION('',(#13381),#13385);
#13381 = LINE('',#13382,#13383);
#13382 = CARTESIAN_POINT('',(0.,0.544376063138));
#13383 = VECTOR('',#13384,1.);
#13384 = DIRECTION('',(1.,0.));
#13385 = ( GEOMETRIC_REPRESENTATION_CONTEXT(2) 
PARAMETRIC_REPRESENTATION_CONTEXT() REPRESENTATION_CONTEXT('2D SPACE',''
  ) );
#13386 = PCURVE('',#8742,#13387);
#13387 = DEFINITIONAL_REPRESENTATION('',(#13388),#13392);
#13388 = LINE('',#13389,#13390);
#13389 = CARTESIAN_POINT('',(0.,-5.763003570784));
#13390 = VECTOR('',#13391,1.);
#13391 = DIRECTION('',(1.,0.));
#13392 = ( GEOMETRIC_REPRESENTATION_CONTEXT(2) 
PARAMETRIC_REPRESENTATION_CONTEXT() REPRESENTATION_CONTEXT('2D SPACE',''
  ) );
#13393 = ORIENTED_EDGE('',*,*,#13394,.F.);
#13394 = EDGE_CURVE('',#13395,#13372,#13397,.T.);
#13395 = VERTEX_POINT('',#13396);
#13396 = CARTESIAN_POINT('',(-0.272821113596,5.728072338932,15.46));
#13397 = SURFACE_CURVE('',#13398,(#13402,#13409),.PCURVE_S1.);
#13398 = LINE('',#13399,#13400);
#13399 = CARTESIAN_POINT('',(-0.272821113596,5.728072338932,15.46));
#13400 = VECTOR('',#13401,1.);
#13401 = DIRECTION('',(1.,0.,-0.));
#13402 = PCURVE('',#8666,#13403);
#13403 = DEFINITIONAL_REPRESENTATION('',(#13404),#13408);
#13404 = LINE('',#13405,#13406);
#13405 = CARTESIAN_POINT('',(0.,0.));
#13406 = VECTOR('',#13407,1.);
#13407 = DIRECTION('',(0.,1.));
#13408 = ( GEOMETRIC_REPRESENTATION_CONTEXT(2) 
PARAMETRIC_REPRESENTATION_CONTEXT() REPRESENTATION_CONTEXT('2D SPACE',''
  ) );
#13409 = PCURVE('',#13410,#13415);
#13410 = PLANE('',#13411);
#13411 = AXIS2_PLACEMENT_3D('',#13412,#13413,#13414);
#13412 = CARTESIAN_POINT('',(-0.272821113596,-3.493123185272E-02,15.46)
  );
#13413 = DIRECTION('',(0.,0.,1.));
#13414 = DIRECTION('',(1.,0.,-0.));
#13415 = DEFINITIONAL_REPRESENTATION('',(#13416),#13420);
#13416 = LINE('',#13417,#13418);
#13417 = CARTESIAN_POINT('',(0.,5.763003570784));
#13418 = VECTOR('',#13419,1.);
#13419 = DIRECTION('',(1.,0.));
#13420 = ( GEOMETRIC_REPRESENTATION_CONTEXT(2) 
PARAMETRIC_REPRESENTATION_CONTEXT() REPRESENTATION_CONTEXT('2D SPACE',''
  ) );
#13421 = ORIENTED_EDGE('',*,*,#13422,.T.);
#13422 = EDGE_CURVE('',#13395,#8650,#13423,.T.);
#13423 = SURFACE_CURVE('',#13424,(#13428,#13435),.PCURVE_S1.);
#13424 = LINE('',#13425,#13426);
#13425 = CARTESIAN_POINT('',(-0.272821113596,5.728072338932,15.46));
#13426 = VECTOR('',#13427,1.);
#13427 = DIRECTION('',(0.,0.,1.));
#13428 = PCURVE('',#8666,#13429);
#13429 = DEFINITIONAL_REPRESENTATION('',(#13430),#13434);
#13430 = LINE('',#13431,#13432);
#13431 = CARTESIAN_POINT('',(0.,0.));
#13432 = VECTOR('',#13433,1.);
#13433 = DIRECTION('',(1.,0.));
#13434 = ( GEOMETRIC_REPRESENTATION_CONTEXT(2) 
PARAMETRIC_REPRESENTATION_CONTEXT() REPRESENTATION_CONTEXT('2D SPACE',''
  ) );
#13435 = PCURVE('',#8692,#13436);
#13436 = DEFINITIONAL_REPRESENTATION('',(#13437),#13441);
#13437 = LINE('',#13438,#13439);
#13438 = CARTESIAN_POINT('',(0.,-5.763003570784));
#13439 = VECTOR('',#13440,1.);
#13440 = DIRECTION('',(1.,0.));
#13441 = ( GEOMETRIC_REPRESENTATION_CONTEXT(2) 
PARAMETRIC_REPRESENTATION_CONTEXT() REPRESENTATION_CONTEXT('2D SPACE',''
  ) );
#13442 = ORIENTED_EDGE('',*,*,#8649,.T.);
#13443 = ADVANCED_FACE('',(#13444),#8742,.F.);
#13444 = FACE_BOUND('',#13445,.F.);
#13445 = EDGE_LOOP('',(#13446,#13469,#13490,#13491));
#13446 = ORIENTED_EDGE('',*,*,#13447,.F.);
#13447 = EDGE_CURVE('',#13448,#8704,#13450,.T.);
#13448 = VERTEX_POINT('',#13449);
#13449 = CARTESIAN_POINT('',(0.271554949542,-3.493123185272E-02,15.46));
#13450 = SURFACE_CURVE('',#13451,(#13455,#13462),.PCURVE_S1.);
#13451 = LINE('',#13452,#13453);
#13452 = CARTESIAN_POINT('',(0.271554949542,-3.493123185272E-02,15.46));
#13453 = VECTOR('',#13454,1.);
#13454 = DIRECTION('',(0.,0.,1.));
#13455 = PCURVE('',#8742,#13456);
#13456 = DEFINITIONAL_REPRESENTATION('',(#13457),#13461);
#13457 = LINE('',#13458,#13459);
#13458 = CARTESIAN_POINT('',(0.,0.));
#13459 = VECTOR('',#13460,1.);
#13460 = DIRECTION('',(1.,0.));
#13461 = ( GEOMETRIC_REPRESENTATION_CONTEXT(2) 
PARAMETRIC_REPRESENTATION_CONTEXT() REPRESENTATION_CONTEXT('2D SPACE',''
  ) );
#13462 = PCURVE('',#8718,#13463);
#13463 = DEFINITIONAL_REPRESENTATION('',(#13464),#13468);
#13464 = LINE('',#13465,#13466);
#13465 = CARTESIAN_POINT('',(0.,0.544376063138));
#13466 = VECTOR('',#13467,1.);
#13467 = DIRECTION('',(1.,0.));
#13468 = ( GEOMETRIC_REPRESENTATION_CONTEXT(2) 
PARAMETRIC_REPRESENTATION_CONTEXT() REPRESENTATION_CONTEXT('2D SPACE',''
  ) );
#13469 = ORIENTED_EDGE('',*,*,#13470,.T.);
#13470 = EDGE_CURVE('',#13448,#13372,#13471,.T.);
#13471 = SURFACE_CURVE('',#13472,(#13476,#13483),.PCURVE_S1.);
#13472 = LINE('',#13473,#13474);
#13473 = CARTESIAN_POINT('',(0.271554949542,-3.493123185272E-02,15.46));
#13474 = VECTOR('',#13475,1.);
#13475 = DIRECTION('',(-0.,1.,0.));
#13476 = PCURVE('',#8742,#13477);
#13477 = DEFINITIONAL_REPRESENTATION('',(#13478),#13482);
#13478 = LINE('',#13479,#13480);
#13479 = CARTESIAN_POINT('',(0.,0.));
#13480 = VECTOR('',#13481,1.);
#13481 = DIRECTION('',(0.,-1.));
#13482 = ( GEOMETRIC_REPRESENTATION_CONTEXT(2) 
PARAMETRIC_REPRESENTATION_CONTEXT() REPRESENTATION_CONTEXT('2D SPACE',''
  ) );
#13483 = PCURVE('',#13410,#13484);
#13484 = DEFINITIONAL_REPRESENTATION('',(#13485),#13489);
#13485 = LINE('',#13486,#13487);
#13486 = CARTESIAN_POINT('',(0.544376063138,0.));
#13487 = VECTOR('',#13488,1.);
#13488 = DIRECTION('',(0.,1.));
#13489 = ( GEOMETRIC_REPRESENTATION_CONTEXT(2) 
PARAMETRIC_REPRESENTATION_CONTEXT() REPRESENTATION_CONTEXT('2D SPACE',''
  ) );
#13490 = ORIENTED_EDGE('',*,*,#13371,.T.);
#13491 = ORIENTED_EDGE('',*,*,#8729,.T.);
#13492 = ADVANCED_FACE('',(#13493),#8718,.T.);
#13493 = FACE_BOUND('',#13494,.T.);
#13494 = EDGE_LOOP('',(#13495,#13496,#13519,#13540));
#13495 = ORIENTED_EDGE('',*,*,#13447,.F.);
#13496 = ORIENTED_EDGE('',*,*,#13497,.F.);
#13497 = EDGE_CURVE('',#13498,#13448,#13500,.T.);
#13498 = VERTEX_POINT('',#13499);
#13499 = CARTESIAN_POINT('',(-0.272821113596,-3.493123185272E-02,15.46)
  );
#13500 = SURFACE_CURVE('',#13501,(#13505,#13512),.PCURVE_S1.);
#13501 = LINE('',#13502,#13503);
#13502 = CARTESIAN_POINT('',(-0.272821113596,-3.493123185272E-02,15.46)
  );
#13503 = VECTOR('',#13504,1.);
#13504 = DIRECTION('',(1.,0.,-0.));
#13505 = PCURVE('',#8718,#13506);
#13506 = DEFINITIONAL_REPRESENTATION('',(#13507),#13511);
#13507 = LINE('',#13508,#13509);
#13508 = CARTESIAN_POINT('',(0.,0.));
#13509 = VECTOR('',#13510,1.);
#13510 = DIRECTION('',(0.,1.));
#13511 = ( GEOMETRIC_REPRESENTATION_CONTEXT(2) 
PARAMETRIC_REPRESENTATION_CONTEXT() REPRESENTATION_CONTEXT('2D SPACE',''
  ) );
#13512 = PCURVE('',#13410,#13513);
#13513 = DEFINITIONAL_REPRESENTATION('',(#13514),#13518);
#13514 = LINE('',#13515,#13516);
#13515 = CARTESIAN_POINT('',(0.,0.));
#13516 = VECTOR('',#13517,1.);
#13517 = DIRECTION('',(1.,0.));
#13518 = ( GEOMETRIC_REPRESENTATION_CONTEXT(2) 
PARAMETRIC_REPRESENTATION_CONTEXT() REPRESENTATION_CONTEXT('2D SPACE',''
  ) );
#13519 = ORIENTED_EDGE('',*,*,#13520,.T.);
#13520 = EDGE_CURVE('',#13498,#8678,#13521,.T.);
#13521 = SURFACE_CURVE('',#13522,(#13526,#13533),.PCURVE_S1.);
#13522 = LINE('',#13523,#13524);
#13523 = CARTESIAN_POINT('',(-0.272821113596,-3.493123185272E-02,15.46)
  );
#13524 = VECTOR('',#13525,1.);
#13525 = DIRECTION('',(0.,0.,1.));
#13526 = PCURVE('',#8718,#13527);
#13527 = DEFINITIONAL_REPRESENTATION('',(#13528),#13532);
#13528 = LINE('',#13529,#13530);
#13529 = CARTESIAN_POINT('',(0.,0.));
#13530 = VECTOR('',#13531,1.);
#13531 = DIRECTION('',(1.,0.));
#13532 = ( GEOMETRIC_REPRESENTATION_CONTEXT(2) 
PARAMETRIC_REPRESENTATION_CONTEXT() REPRESENTATION_CONTEXT('2D SPACE',''
  ) );
#13533 = PCURVE('',#8692,#13534);
#13534 = DEFINITIONAL_REPRESENTATION('',(#13535),#13539);
#13535 = LINE('',#13536,#13537);
#13536 = CARTESIAN_POINT('',(0.,0.));
#13537 = VECTOR('',#13538,1.);
#13538 = DIRECTION('',(1.,0.));
#13539 = ( GEOMETRIC_REPRESENTATION_CONTEXT(2) 
PARAMETRIC_REPRESENTATION_CONTEXT() REPRESENTATION_CONTEXT('2D SPACE',''
  ) );
#13540 = ORIENTED_EDGE('',*,*,#8703,.T.);
#13541 = ADVANCED_FACE('',(#13542),#8692,.T.);
#13542 = FACE_BOUND('',#13543,.T.);
#13543 = EDGE_LOOP('',(#13544,#13545,#13566,#13567));
#13544 = ORIENTED_EDGE('',*,*,#13520,.F.);
#13545 = ORIENTED_EDGE('',*,*,#13546,.T.);
#13546 = EDGE_CURVE('',#13498,#13395,#13547,.T.);
#13547 = SURFACE_CURVE('',#13548,(#13552,#13559),.PCURVE_S1.);
#13548 = LINE('',#13549,#13550);
#13549 = CARTESIAN_POINT('',(-0.272821113596,-3.493123185272E-02,15.46)
  );
#13550 = VECTOR('',#13551,1.);
#13551 = DIRECTION('',(-0.,1.,0.));
#13552 = PCURVE('',#8692,#13553);
#13553 = DEFINITIONAL_REPRESENTATION('',(#13554),#13558);
#13554 = LINE('',#13555,#13556);
#13555 = CARTESIAN_POINT('',(0.,0.));
#13556 = VECTOR('',#13557,1.);
#13557 = DIRECTION('',(0.,-1.));
#13558 = ( GEOMETRIC_REPRESENTATION_CONTEXT(2) 
PARAMETRIC_REPRESENTATION_CONTEXT() REPRESENTATION_CONTEXT('2D SPACE',''
  ) );
#13559 = PCURVE('',#13410,#13560);
#13560 = DEFINITIONAL_REPRESENTATION('',(#13561),#13565);
#13561 = LINE('',#13562,#13563);
#13562 = CARTESIAN_POINT('',(0.,0.));
#13563 = VECTOR('',#13564,1.);
#13564 = DIRECTION('',(0.,1.));
#13565 = ( GEOMETRIC_REPRESENTATION_CONTEXT(2) 
PARAMETRIC_REPRESENTATION_CONTEXT() REPRESENTATION_CONTEXT('2D SPACE',''
  ) );
#13566 = ORIENTED_EDGE('',*,*,#13422,.T.);
#13567 = ORIENTED_EDGE('',*,*,#8677,.T.);
#13568 = ADVANCED_FACE('',(#13569),#13354,.F.);
#13569 = FACE_BOUND('',#13570,.F.);
#13570 = EDGE_LOOP('',(#13571));
#13571 = ORIENTED_EDGE('',*,*,#13339,.T.);
#13572 = ADVANCED_FACE('',(#13573),#13410,.T.);
#13573 = FACE_BOUND('',#13574,.T.);
#13574 = EDGE_LOOP('',(#13575,#13576,#13577,#13578));
#13575 = ORIENTED_EDGE('',*,*,#13546,.F.);
#13576 = ORIENTED_EDGE('',*,*,#13497,.T.);
#13577 = ORIENTED_EDGE('',*,*,#13470,.T.);
#13578 = ORIENTED_EDGE('',*,*,#13394,.F.);
#13579 = ( GEOMETRIC_REPRESENTATION_CONTEXT(3) 
GLOBAL_UNCERTAINTY_ASSIGNED_CONTEXT((#13583)) 
GLOBAL_UNIT_ASSIGNED_CONTEXT((#13580,#13581,#13582)) 
REPRESENTATION_CONTEXT('Context #1',
  '3D Context with UNIT and UNCERTAINTY') );
#13580 = ( LENGTH_UNIT() NAMED_UNIT(*) SI_UNIT(.MILLI.,.METRE.) );
#13581 = ( NAMED_UNIT(*) PLANE_ANGLE_UNIT() SI_UNIT($,.RADIAN.) );
#13582 = ( NAMED_UNIT(*) SI_UNIT($,.STERADIAN.) SOLID_ANGLE_UNIT() );
#13583 = UNCERTAINTY_MEASURE_WITH_UNIT(LENGTH_MEASURE(1.E-07),#13580,
  'distance_accuracy_value','confusion accuracy');
#13584 = CONTEXT_DEPENDENT_SHAPE_REPRESENTATION(#13585,#13587);
#13585 = ( REPRESENTATION_RELATIONSHIP('','',#36,#10) 
REPRESENTATION_RELATIONSHIP_WITH_TRANSFORMATION(#13586) 
SHAPE_REPRESENTATION_RELATIONSHIP() );
#13586 = ITEM_DEFINED_TRANSFORMATION('','',#11,#15);
#13587 = PRODUCT_DEFINITION_SHAPE('Placement','Placement of an item',
  #13588);
#13588 = NEXT_ASSEMBLY_USAGE_OCCURRENCE('1',
  'davies_1900h_s_svg_reference_knob_black_phenolic_body','',#5,#31,$);
#13589 = PRODUCT_RELATED_PRODUCT_CATEGORY('part',$,(#33));
#13590 = SHAPE_DEFINITION_REPRESENTATION(#13591,#13597);
#13591 = PRODUCT_DEFINITION_SHAPE('','',#13592);
#13592 = PRODUCT_DEFINITION('design','',#13593,#13596);
#13593 = PRODUCT_DEFINITION_FORMATION('','',#13594);
#13594 = PRODUCT('davies_1900h_s_svg_reference_knob_white_indicator',
  'davies_1900h_s_svg_reference_knob_white_indicator','',(#13595));
#13595 = PRODUCT_CONTEXT('',#2,'mechanical');
#13596 = PRODUCT_DEFINITION_CONTEXT('part definition',#2,'design');
#13597 = ADVANCED_BREP_SHAPE_REPRESENTATION('',(#11,#13598),#13928);
#13598 = MANIFOLD_SOLID_BREP('',#13599);
#13599 = CLOSED_SHELL('',(#13600,#13720,#13820,#13867,#13914,#13921));
#13600 = ADVANCED_FACE('',(#13601),#13615,.F.);
#13601 = FACE_BOUND('',#13602,.F.);
#13602 = EDGE_LOOP('',(#13603,#13638,#13666,#13694));
#13603 = ORIENTED_EDGE('',*,*,#13604,.F.);
#13604 = EDGE_CURVE('',#13605,#13607,#13609,.T.);
#13605 = VERTEX_POINT('',#13606);
#13606 = CARTESIAN_POINT('',(-0.250412989043,-2.841501785392,-2.E-02));
#13607 = VERTEX_POINT('',#13608);
#13608 = CARTESIAN_POINT('',(-0.250412989043,-2.841501785392,2.E-02));
#13609 = SURFACE_CURVE('',#13610,(#13614,#13626),.PCURVE_S1.);
#13610 = LINE('',#13611,#13612);
#13611 = CARTESIAN_POINT('',(-0.250412989043,-2.841501785392,-2.E-02));
#13612 = VECTOR('',#13613,1.);
#13613 = DIRECTION('',(0.,0.,1.));
#13614 = PCURVE('',#13615,#13620);
#13615 = PLANE('',#13616);
#13616 = AXIS2_PLACEMENT_3D('',#13617,#13618,#13619);
#13617 = CARTESIAN_POINT('',(-0.250412989043,-2.841501785392,-2.E-02));
#13618 = DIRECTION('',(1.,0.,-0.));
#13619 = DIRECTION('',(0.,0.,1.));
#13620 = DEFINITIONAL_REPRESENTATION('',(#13621),#13625);
#13621 = LINE('',#13622,#13623);
#13622 = CARTESIAN_POINT('',(0.,0.));
#13623 = VECTOR('',#13624,1.);
#13624 = DIRECTION('',(1.,0.));
#13625 = ( GEOMETRIC_REPRESENTATION_CONTEXT(2) 
PARAMETRIC_REPRESENTATION_CONTEXT() REPRESENTATION_CONTEXT('2D SPACE',''
  ) );
#13626 = PCURVE('',#13627,#13632);
#13627 = PLANE('',#13628);
#13628 = AXIS2_PLACEMENT_3D('',#13629,#13630,#13631);
#13629 = CARTESIAN_POINT('',(-0.250412989043,-2.841501785392,-2.E-02));
#13630 = DIRECTION('',(-0.,1.,0.));
#13631 = DIRECTION('',(0.,0.,1.));
#13632 = DEFINITIONAL_REPRESENTATION('',(#13633),#13637);
#13633 = LINE('',#13634,#13635);
#13634 = CARTESIAN_POINT('',(0.,0.));
#13635 = VECTOR('',#13636,1.);
#13636 = DIRECTION('',(1.,0.));
#13637 = ( GEOMETRIC_REPRESENTATION_CONTEXT(2) 
PARAMETRIC_REPRESENTATION_CONTEXT() REPRESENTATION_CONTEXT('2D SPACE',''
  ) );
#13638 = ORIENTED_EDGE('',*,*,#13639,.T.);
#13639 = EDGE_CURVE('',#13605,#13640,#13642,.T.);
#13640 = VERTEX_POINT('',#13641);
#13641 = CARTESIAN_POINT('',(-0.250412989043,2.841501785392,-2.E-02));
#13642 = SURFACE_CURVE('',#13643,(#13647,#13654),.PCURVE_S1.);
#13643 = LINE('',#13644,#13645);
#13644 = CARTESIAN_POINT('',(-0.250412989043,-2.841501785392,-2.E-02));
#13645 = VECTOR('',#13646,1.);
#13646 = DIRECTION('',(-0.,1.,0.));
#13647 = PCURVE('',#13615,#13648);
#13648 = DEFINITIONAL_REPRESENTATION('',(#13649),#13653);
#13649 = LINE('',#13650,#13651);
#13650 = CARTESIAN_POINT('',(0.,0.));
#13651 = VECTOR('',#13652,1.);
#13652 = DIRECTION('',(0.,-1.));
#13653 = ( GEOMETRIC_REPRESENTATION_CONTEXT(2) 
PARAMETRIC_REPRESENTATION_CONTEXT() REPRESENTATION_CONTEXT('2D SPACE',''
  ) );
#13654 = PCURVE('',#13655,#13660);
#13655 = PLANE('',#13656);
#13656 = AXIS2_PLACEMENT_3D('',#13657,#13658,#13659);
#13657 = CARTESIAN_POINT('',(-0.250412989043,-2.841501785392,-2.E-02));
#13658 = DIRECTION('',(0.,0.,1.));
#13659 = DIRECTION('',(1.,0.,-0.));
#13660 = DEFINITIONAL_REPRESENTATION('',(#13661),#13665);
#13661 = LINE('',#13662,#13663);
#13662 = CARTESIAN_POINT('',(0.,0.));
#13663 = VECTOR('',#13664,1.);
#13664 = DIRECTION('',(0.,1.));
#13665 = ( GEOMETRIC_REPRESENTATION_CONTEXT(2) 
PARAMETRIC_REPRESENTATION_CONTEXT() REPRESENTATION_CONTEXT('2D SPACE',''
  ) );
#13666 = ORIENTED_EDGE('',*,*,#13667,.T.);
#13667 = EDGE_CURVE('',#13640,#13668,#13670,.T.);
#13668 = VERTEX_POINT('',#13669);
#13669 = CARTESIAN_POINT('',(-0.250412989043,2.841501785392,2.E-02));
#13670 = SURFACE_CURVE('',#13671,(#13675,#13682),.PCURVE_S1.);
#13671 = LINE('',#13672,#13673);
#13672 = CARTESIAN_POINT('',(-0.250412989043,2.841501785392,-2.E-02));
#13673 = VECTOR('',#13674,1.);
#13674 = DIRECTION('',(0.,0.,1.));
#13675 = PCURVE('',#13615,#13676);
#13676 = DEFINITIONAL_REPRESENTATION('',(#13677),#13681);
#13677 = LINE('',#13678,#13679);
#13678 = CARTESIAN_POINT('',(0.,-5.683003570784));
#13679 = VECTOR('',#13680,1.);
#13680 = DIRECTION('',(1.,0.));
#13681 = ( GEOMETRIC_REPRESENTATION_CONTEXT(2) 
PARAMETRIC_REPRESENTATION_CONTEXT() REPRESENTATION_CONTEXT('2D SPACE',''
  ) );
#13682 = PCURVE('',#13683,#13688);
#13683 = PLANE('',#13684);
#13684 = AXIS2_PLACEMENT_3D('',#13685,#13686,#13687);
#13685 = CARTESIAN_POINT('',(-0.250412989043,2.841501785392,-2.E-02));
#13686 = DIRECTION('',(-0.,1.,0.));
#13687 = DIRECTION('',(0.,0.,1.));
#13688 = DEFINITIONAL_REPRESENTATION('',(#13689),#13693);
#13689 = LINE('',#13690,#13691);
#13690 = CARTESIAN_POINT('',(0.,0.));
#13691 = VECTOR('',#13692,1.);
#13692 = DIRECTION('',(1.,0.));
#13693 = ( GEOMETRIC_REPRESENTATION_CONTEXT(2) 
PARAMETRIC_REPRESENTATION_CONTEXT() REPRESENTATION_CONTEXT('2D SPACE',''
  ) );
#13694 = ORIENTED_EDGE('',*,*,#13695,.F.);
#13695 = EDGE_CURVE('',#13607,#13668,#13696,.T.);
#13696 = SURFACE_CURVE('',#13697,(#13701,#13708),.PCURVE_S1.);
#13697 = LINE('',#13698,#13699);
#13698 = CARTESIAN_POINT('',(-0.250412989043,-2.841501785392,2.E-02));
#13699 = VECTOR('',#13700,1.);
#13700 = DIRECTION('',(-0.,1.,0.));
#13701 = PCURVE('',#13615,#13702);
#13702 = DEFINITIONAL_REPRESENTATION('',(#13703),#13707);
#13703 = LINE('',#13704,#13705);
#13704 = CARTESIAN_POINT('',(4.E-02,0.));
#13705 = VECTOR('',#13706,1.);
#13706 = DIRECTION('',(0.,-1.));
#13707 = ( GEOMETRIC_REPRESENTATION_CONTEXT(2) 
PARAMETRIC_REPRESENTATION_CONTEXT() REPRESENTATION_CONTEXT('2D SPACE',''
  ) );
#13708 = PCURVE('',#13709,#13714);
#13709 = PLANE('',#13710);
#13710 = AXIS2_PLACEMENT_3D('',#13711,#13712,#13713);
#13711 = CARTESIAN_POINT('',(-0.250412989043,-2.841501785392,2.E-02));
#13712 = DIRECTION('',(0.,0.,1.));
#13713 = DIRECTION('',(1.,0.,-0.));
#13714 = DEFINITIONAL_REPRESENTATION('',(#13715),#13719);
#13715 = LINE('',#13716,#13717);
#13716 = CARTESIAN_POINT('',(0.,0.));
#13717 = VECTOR('',#13718,1.);
#13718 = DIRECTION('',(0.,1.));
#13719 = ( GEOMETRIC_REPRESENTATION_CONTEXT(2) 
PARAMETRIC_REPRESENTATION_CONTEXT() REPRESENTATION_CONTEXT('2D SPACE',''
  ) );
#13720 = ADVANCED_FACE('',(#13721),#13735,.T.);
#13721 = FACE_BOUND('',#13722,.T.);
#13722 = EDGE_LOOP('',(#13723,#13753,#13776,#13799));
#13723 = ORIENTED_EDGE('',*,*,#13724,.F.);
#13724 = EDGE_CURVE('',#13725,#13727,#13729,.T.);
#13725 = VERTEX_POINT('',#13726);
#13726 = CARTESIAN_POINT('',(0.250412989043,-2.841501785392,-2.E-02));
#13727 = VERTEX_POINT('',#13728);
#13728 = CARTESIAN_POINT('',(0.250412989043,-2.841501785392,2.E-02));
#13729 = SURFACE_CURVE('',#13730,(#13734,#13746),.PCURVE_S1.);
#13730 = LINE('',#13731,#13732);
#13731 = CARTESIAN_POINT('',(0.250412989043,-2.841501785392,-2.E-02));
#13732 = VECTOR('',#13733,1.);
#13733 = DIRECTION('',(0.,0.,1.));
#13734 = PCURVE('',#13735,#13740);
#13735 = PLANE('',#13736);
#13736 = AXIS2_PLACEMENT_3D('',#13737,#13738,#13739);
#13737 = CARTESIAN_POINT('',(0.250412989043,-2.841501785392,-2.E-02));
#13738 = DIRECTION('',(1.,0.,-0.));
#13739 = DIRECTION('',(0.,0.,1.));
#13740 = DEFINITIONAL_REPRESENTATION('',(#13741),#13745);
#13741 = LINE('',#13742,#13743);
#13742 = CARTESIAN_POINT('',(0.,0.));
#13743 = VECTOR('',#13744,1.);
#13744 = DIRECTION('',(1.,0.));
#13745 = ( GEOMETRIC_REPRESENTATION_CONTEXT(2) 
PARAMETRIC_REPRESENTATION_CONTEXT() REPRESENTATION_CONTEXT('2D SPACE',''
  ) );
#13746 = PCURVE('',#13627,#13747);
#13747 = DEFINITIONAL_REPRESENTATION('',(#13748),#13752);
#13748 = LINE('',#13749,#13750);
#13749 = CARTESIAN_POINT('',(0.,0.500825978087));
#13750 = VECTOR('',#13751,1.);
#13751 = DIRECTION('',(1.,0.));
#13752 = ( GEOMETRIC_REPRESENTATION_CONTEXT(2) 
PARAMETRIC_REPRESENTATION_CONTEXT() REPRESENTATION_CONTEXT('2D SPACE',''
  ) );
#13753 = ORIENTED_EDGE('',*,*,#13754,.T.);
#13754 = EDGE_CURVE('',#13725,#13755,#13757,.T.);
#13755 = VERTEX_POINT('',#13756);
#13756 = CARTESIAN_POINT('',(0.250412989043,2.841501785392,-2.E-02));
#13757 = SURFACE_CURVE('',#13758,(#13762,#13769),.PCURVE_S1.);
#13758 = LINE('',#13759,#13760);
#13759 = CARTESIAN_POINT('',(0.250412989043,-2.841501785392,-2.E-02));
#13760 = VECTOR('',#13761,1.);
#13761 = DIRECTION('',(-0.,1.,0.));
#13762 = PCURVE('',#13735,#13763);
#13763 = DEFINITIONAL_REPRESENTATION('',(#13764),#13768);
#13764 = LINE('',#13765,#13766);
#13765 = CARTESIAN_POINT('',(0.,0.));
#13766 = VECTOR('',#13767,1.);
#13767 = DIRECTION('',(0.,-1.));
#13768 = ( GEOMETRIC_REPRESENTATION_CONTEXT(2) 
PARAMETRIC_REPRESENTATION_CONTEXT() REPRESENTATION_CONTEXT('2D SPACE',''
  ) );
#13769 = PCURVE('',#13655,#13770);
#13770 = DEFINITIONAL_REPRESENTATION('',(#13771),#13775);
#13771 = LINE('',#13772,#13773);
#13772 = CARTESIAN_POINT('',(0.500825978087,0.));
#13773 = VECTOR('',#13774,1.);
#13774 = DIRECTION('',(0.,1.));
#13775 = ( GEOMETRIC_REPRESENTATION_CONTEXT(2) 
PARAMETRIC_REPRESENTATION_CONTEXT() REPRESENTATION_CONTEXT('2D SPACE',''
  ) );
#13776 = ORIENTED_EDGE('',*,*,#13777,.T.);
#13777 = EDGE_CURVE('',#13755,#13778,#13780,.T.);
#13778 = VERTEX_POINT('',#13779);
#13779 = CARTESIAN_POINT('',(0.250412989043,2.841501785392,2.E-02));
#13780 = SURFACE_CURVE('',#13781,(#13785,#13792),.PCURVE_S1.);
#13781 = LINE('',#13782,#13783);
#13782 = CARTESIAN_POINT('',(0.250412989043,2.841501785392,-2.E-02));
#13783 = VECTOR('',#13784,1.);
#13784 = DIRECTION('',(0.,0.,1.));
#13785 = PCURVE('',#13735,#13786);
#13786 = DEFINITIONAL_REPRESENTATION('',(#13787),#13791);
#13787 = LINE('',#13788,#13789);
#13788 = CARTESIAN_POINT('',(0.,-5.683003570784));
#13789 = VECTOR('',#13790,1.);
#13790 = DIRECTION('',(1.,0.));
#13791 = ( GEOMETRIC_REPRESENTATION_CONTEXT(2) 
PARAMETRIC_REPRESENTATION_CONTEXT() REPRESENTATION_CONTEXT('2D SPACE',''
  ) );
#13792 = PCURVE('',#13683,#13793);
#13793 = DEFINITIONAL_REPRESENTATION('',(#13794),#13798);
#13794 = LINE('',#13795,#13796);
#13795 = CARTESIAN_POINT('',(0.,0.500825978087));
#13796 = VECTOR('',#13797,1.);
#13797 = DIRECTION('',(1.,0.));
#13798 = ( GEOMETRIC_REPRESENTATION_CONTEXT(2) 
PARAMETRIC_REPRESENTATION_CONTEXT() REPRESENTATION_CONTEXT('2D SPACE',''
  ) );
#13799 = ORIENTED_EDGE('',*,*,#13800,.F.);
#13800 = EDGE_CURVE('',#13727,#13778,#13801,.T.);
#13801 = SURFACE_CURVE('',#13802,(#13806,#13813),.PCURVE_S1.);
#13802 = LINE('',#13803,#13804);
#13803 = CARTESIAN_POINT('',(0.250412989043,-2.841501785392,2.E-02));
#13804 = VECTOR('',#13805,1.);
#13805 = DIRECTION('',(-0.,1.,0.));
#13806 = PCURVE('',#13735,#13807);
#13807 = DEFINITIONAL_REPRESENTATION('',(#13808),#13812);
#13808 = LINE('',#13809,#13810);
#13809 = CARTESIAN_POINT('',(4.E-02,0.));
#13810 = VECTOR('',#13811,1.);
#13811 = DIRECTION('',(0.,-1.));
#13812 = ( GEOMETRIC_REPRESENTATION_CONTEXT(2) 
PARAMETRIC_REPRESENTATION_CONTEXT() REPRESENTATION_CONTEXT('2D SPACE',''
  ) );
#13813 = PCURVE('',#13709,#13814);
#13814 = DEFINITIONAL_REPRESENTATION('',(#13815),#13819);
#13815 = LINE('',#13816,#13817);
#13816 = CARTESIAN_POINT('',(0.500825978087,0.));
#13817 = VECTOR('',#13818,1.);
#13818 = DIRECTION('',(0.,1.));
#13819 = ( GEOMETRIC_REPRESENTATION_CONTEXT(2) 
PARAMETRIC_REPRESENTATION_CONTEXT() REPRESENTATION_CONTEXT('2D SPACE',''
  ) );
#13820 = ADVANCED_FACE('',(#13821),#13627,.F.);
#13821 = FACE_BOUND('',#13822,.F.);
#13822 = EDGE_LOOP('',(#13823,#13844,#13845,#13866));
#13823 = ORIENTED_EDGE('',*,*,#13824,.F.);
#13824 = EDGE_CURVE('',#13605,#13725,#13825,.T.);
#13825 = SURFACE_CURVE('',#13826,(#13830,#13837),.PCURVE_S1.);
#13826 = LINE('',#13827,#13828);
#13827 = CARTESIAN_POINT('',(-0.250412989043,-2.841501785392,-2.E-02));
#13828 = VECTOR('',#13829,1.);
#13829 = DIRECTION('',(1.,0.,-0.));
#13830 = PCURVE('',#13627,#13831);
#13831 = DEFINITIONAL_REPRESENTATION('',(#13832),#13836);
#13832 = LINE('',#13833,#13834);
#13833 = CARTESIAN_POINT('',(0.,0.));
#13834 = VECTOR('',#13835,1.);
#13835 = DIRECTION('',(0.,1.));
#13836 = ( GEOMETRIC_REPRESENTATION_CONTEXT(2) 
PARAMETRIC_REPRESENTATION_CONTEXT() REPRESENTATION_CONTEXT('2D SPACE',''
  ) );
#13837 = PCURVE('',#13655,#13838);
#13838 = DEFINITIONAL_REPRESENTATION('',(#13839),#13843);
#13839 = LINE('',#13840,#13841);
#13840 = CARTESIAN_POINT('',(0.,0.));
#13841 = VECTOR('',#13842,1.);
#13842 = DIRECTION('',(1.,0.));
#13843 = ( GEOMETRIC_REPRESENTATION_CONTEXT(2) 
PARAMETRIC_REPRESENTATION_CONTEXT() REPRESENTATION_CONTEXT('2D SPACE',''
  ) );
#13844 = ORIENTED_EDGE('',*,*,#13604,.T.);
#13845 = ORIENTED_EDGE('',*,*,#13846,.T.);
#13846 = EDGE_CURVE('',#13607,#13727,#13847,.T.);
#13847 = SURFACE_CURVE('',#13848,(#13852,#13859),.PCURVE_S1.);
#13848 = LINE('',#13849,#13850);
#13849 = CARTESIAN_POINT('',(-0.250412989043,-2.841501785392,2.E-02));
#13850 = VECTOR('',#13851,1.);
#13851 = DIRECTION('',(1.,0.,-0.));
#13852 = PCURVE('',#13627,#13853);
#13853 = DEFINITIONAL_REPRESENTATION('',(#13854),#13858);
#13854 = LINE('',#13855,#13856);
#13855 = CARTESIAN_POINT('',(4.E-02,0.));
#13856 = VECTOR('',#13857,1.);
#13857 = DIRECTION('',(0.,1.));
#13858 = ( GEOMETRIC_REPRESENTATION_CONTEXT(2) 
PARAMETRIC_REPRESENTATION_CONTEXT() REPRESENTATION_CONTEXT('2D SPACE',''
  ) );
#13859 = PCURVE('',#13709,#13860);
#13860 = DEFINITIONAL_REPRESENTATION('',(#13861),#13865);
#13861 = LINE('',#13862,#13863);
#13862 = CARTESIAN_POINT('',(0.,0.));
#13863 = VECTOR('',#13864,1.);
#13864 = DIRECTION('',(1.,0.));
#13865 = ( GEOMETRIC_REPRESENTATION_CONTEXT(2) 
PARAMETRIC_REPRESENTATION_CONTEXT() REPRESENTATION_CONTEXT('2D SPACE',''
  ) );
#13866 = ORIENTED_EDGE('',*,*,#13724,.F.);
#13867 = ADVANCED_FACE('',(#13868),#13683,.T.);
#13868 = FACE_BOUND('',#13869,.T.);
#13869 = EDGE_LOOP('',(#13870,#13891,#13892,#13913));
#13870 = ORIENTED_EDGE('',*,*,#13871,.F.);
#13871 = EDGE_CURVE('',#13640,#13755,#13872,.T.);
#13872 = SURFACE_CURVE('',#13873,(#13877,#13884),.PCURVE_S1.);
#13873 = LINE('',#13874,#13875);
#13874 = CARTESIAN_POINT('',(-0.250412989043,2.841501785392,-2.E-02));
#13875 = VECTOR('',#13876,1.);
#13876 = DIRECTION('',(1.,0.,-0.));
#13877 = PCURVE('',#13683,#13878);
#13878 = DEFINITIONAL_REPRESENTATION('',(#13879),#13883);
#13879 = LINE('',#13880,#13881);
#13880 = CARTESIAN_POINT('',(0.,0.));
#13881 = VECTOR('',#13882,1.);
#13882 = DIRECTION('',(0.,1.));
#13883 = ( GEOMETRIC_REPRESENTATION_CONTEXT(2) 
PARAMETRIC_REPRESENTATION_CONTEXT() REPRESENTATION_CONTEXT('2D SPACE',''
  ) );
#13884 = PCURVE('',#13655,#13885);
#13885 = DEFINITIONAL_REPRESENTATION('',(#13886),#13890);
#13886 = LINE('',#13887,#13888);
#13887 = CARTESIAN_POINT('',(0.,5.683003570784));
#13888 = VECTOR('',#13889,1.);
#13889 = DIRECTION('',(1.,0.));
#13890 = ( GEOMETRIC_REPRESENTATION_CONTEXT(2) 
PARAMETRIC_REPRESENTATION_CONTEXT() REPRESENTATION_CONTEXT('2D SPACE',''
  ) );
#13891 = ORIENTED_EDGE('',*,*,#13667,.T.);
#13892 = ORIENTED_EDGE('',*,*,#13893,.T.);
#13893 = EDGE_CURVE('',#13668,#13778,#13894,.T.);
#13894 = SURFACE_CURVE('',#13895,(#13899,#13906),.PCURVE_S1.);
#13895 = LINE('',#13896,#13897);
#13896 = CARTESIAN_POINT('',(-0.250412989043,2.841501785392,2.E-02));
#13897 = VECTOR('',#13898,1.);
#13898 = DIRECTION('',(1.,0.,-0.));
#13899 = PCURVE('',#13683,#13900);
#13900 = DEFINITIONAL_REPRESENTATION('',(#13901),#13905);
#13901 = LINE('',#13902,#13903);
#13902 = CARTESIAN_POINT('',(4.E-02,0.));
#13903 = VECTOR('',#13904,1.);
#13904 = DIRECTION('',(0.,1.));
#13905 = ( GEOMETRIC_REPRESENTATION_CONTEXT(2) 
PARAMETRIC_REPRESENTATION_CONTEXT() REPRESENTATION_CONTEXT('2D SPACE',''
  ) );
#13906 = PCURVE('',#13709,#13907);
#13907 = DEFINITIONAL_REPRESENTATION('',(#13908),#13912);
#13908 = LINE('',#13909,#13910);
#13909 = CARTESIAN_POINT('',(0.,5.683003570784));
#13910 = VECTOR('',#13911,1.);
#13911 = DIRECTION('',(1.,0.));
#13912 = ( GEOMETRIC_REPRESENTATION_CONTEXT(2) 
PARAMETRIC_REPRESENTATION_CONTEXT() REPRESENTATION_CONTEXT('2D SPACE',''
  ) );
#13913 = ORIENTED_EDGE('',*,*,#13777,.F.);
#13914 = ADVANCED_FACE('',(#13915),#13655,.F.);
#13915 = FACE_BOUND('',#13916,.F.);
#13916 = EDGE_LOOP('',(#13917,#13918,#13919,#13920));
#13917 = ORIENTED_EDGE('',*,*,#13639,.F.);
#13918 = ORIENTED_EDGE('',*,*,#13824,.T.);
#13919 = ORIENTED_EDGE('',*,*,#13754,.T.);
#13920 = ORIENTED_EDGE('',*,*,#13871,.F.);
#13921 = ADVANCED_FACE('',(#13922),#13709,.T.);
#13922 = FACE_BOUND('',#13923,.T.);
#13923 = EDGE_LOOP('',(#13924,#13925,#13926,#13927));
#13924 = ORIENTED_EDGE('',*,*,#13695,.F.);
#13925 = ORIENTED_EDGE('',*,*,#13846,.T.);
#13926 = ORIENTED_EDGE('',*,*,#13800,.T.);
#13927 = ORIENTED_EDGE('',*,*,#13893,.F.);
#13928 = ( GEOMETRIC_REPRESENTATION_CONTEXT(3) 
GLOBAL_UNCERTAINTY_ASSIGNED_CONTEXT((#13932)) 
GLOBAL_UNIT_ASSIGNED_CONTEXT((#13929,#13930,#13931)) 
REPRESENTATION_CONTEXT('Context #1',
  '3D Context with UNIT and UNCERTAINTY') );
#13929 = ( LENGTH_UNIT() NAMED_UNIT(*) SI_UNIT(.MILLI.,.METRE.) );
#13930 = ( NAMED_UNIT(*) PLANE_ANGLE_UNIT() SI_UNIT($,.RADIAN.) );
#13931 = ( NAMED_UNIT(*) SI_UNIT($,.STERADIAN.) SOLID_ANGLE_UNIT() );
#13932 = UNCERTAINTY_MEASURE_WITH_UNIT(LENGTH_MEASURE(1.E-07),#13929,
  'distance_accuracy_value','confusion accuracy');
#13933 = CONTEXT_DEPENDENT_SHAPE_REPRESENTATION(#13934,#13936);
#13934 = ( REPRESENTATION_RELATIONSHIP('','',#13597,#10) 
REPRESENTATION_RELATIONSHIP_WITH_TRANSFORMATION(#13935) 
SHAPE_REPRESENTATION_RELATIONSHIP() );
#13935 = ITEM_DEFINED_TRANSFORMATION('','',#11,#19);
#13936 = PRODUCT_DEFINITION_SHAPE('Placement','Placement of an item',
  #13937);
#13937 = NEXT_ASSEMBLY_USAGE_OCCURRENCE('2',
  'davies_1900h_s_svg_reference_knob_white_indicator','',#5,#13592,$);
#13938 = PRODUCT_RELATED_PRODUCT_CATEGORY('part',$,(#13594));
#13939 = SHAPE_DEFINITION_REPRESENTATION(#13587,#13940);
#13940 = SHAPE_REPRESENTATION('',(#15),#13579);
#13941 = SHAPE_DEFINITION_REPRESENTATION(#13936,#13942);
#13942 = SHAPE_REPRESENTATION('',(#19),#13928);
#13943 = SHAPE_DEFINITION_REPRESENTATION(#13587,#13944);
#13944 = SHAPE_REPRESENTATION('',(#15),#13579);
#13945 = SHAPE_DEFINITION_REPRESENTATION(#13936,#13946);
#13946 = SHAPE_REPRESENTATION('',(#19),#13928);
#13947 = MECHANICAL_DESIGN_GEOMETRIC_PRESENTATION_REPRESENTATION('',(
    #13948),#13928);
#13948 = STYLED_ITEM('color',(#13949),#13598);
#13949 = PRESENTATION_STYLE_ASSIGNMENT((#13950));
#13950 = SURFACE_STYLE_USAGE(.BOTH.,#13951);
#13951 = SURFACE_SIDE_STYLE('',(#13952));
#13952 = SURFACE_STYLE_FILL_AREA(#13953);
#13953 = FILL_AREA_STYLE('',(#13954));
#13954 = FILL_AREA_STYLE_COLOUR('',#13955);
#13955 = COLOUR_RGB('',0.959999986217,0.959999986217,0.920000012397);
#13956 = MECHANICAL_DESIGN_GEOMETRIC_PRESENTATION_REPRESENTATION('',(
    #13957,#13965),#13579);
#13957 = STYLED_ITEM('color',(#13958),#37);
#13958 = PRESENTATION_STYLE_ASSIGNMENT((#13959));
#13959 = SURFACE_STYLE_USAGE(.BOTH.,#13960);
#13960 = SURFACE_SIDE_STYLE('',(#13961));
#13961 = SURFACE_STYLE_FILL_AREA(#13962);
#13962 = FILL_AREA_STYLE('',(#13963));
#13963 = FILL_AREA_STYLE_COLOUR('',#13964);
#13964 = COLOUR_RGB('',1.49999995809E-02,1.49999995809E-02,
  1.40000005113E-02);
#13965 = OVER_RIDING_STYLED_ITEM('overriding color',(#13966),#37,#13957
  );
#13966 = PRESENTATION_STYLE_BY_CONTEXT((#13967),#13944);
#13967 = SURFACE_STYLE_USAGE(.BOTH.,#13968);
#13968 = SURFACE_SIDE_STYLE('',(#13969));
#13969 = SURFACE_STYLE_FILL_AREA(#13970);
#13970 = FILL_AREA_STYLE('',(#13971));
#13971 = FILL_AREA_STYLE_COLOUR('',#13972);
#13972 = COLOUR_RGB('',1.49999995809E-02,1.49999995809E-02,
  1.40000005113E-02);

#13973=DESCRIPTIVE_REPRESENTATION_ITEM('cadpy:generator','cadpy');
#13974=REPRESENTATION('cadpy:generator',(#13973),#23);
#13975=PROPERTY_DEFINITION('cadpy metadata','cadpy:generator',#5);
#13976=PROPERTY_DEFINITION_REPRESENTATION(#13975,#13974);
#13977=DESCRIPTIVE_REPRESENTATION_ITEM('cadpy:entryKind','assembly');
#13978=REPRESENTATION('cadpy:entryKind',(#13977),#23);
#13979=PROPERTY_DEFINITION('cadpy metadata','cadpy:entryKind',#5);
#13980=PROPERTY_DEFINITION_REPRESENTATION(#13979,#13978);
#13981=DESCRIPTIVE_REPRESENTATION_ITEM('cadpy:sourcePath','davies-1900.py');
#13982=REPRESENTATION('cadpy:sourcePath',(#13981),#23);
#13983=PROPERTY_DEFINITION('cadpy metadata','cadpy:sourcePath',#5);
#13984=PROPERTY_DEFINITION_REPRESENTATION(#13983,#13982);
#13985=DESCRIPTIVE_REPRESENTATION_ITEM('cadpy:sourceHash','73c11bd23da75aa9fbf2082d3b55e60cf8650fa98c3d87d8232e5c408153c534');
#13986=REPRESENTATION('cadpy:sourceHash',(#13985),#23);
#13987=PROPERTY_DEFINITION('cadpy metadata','cadpy:sourceHash',#5);
#13988=PROPERTY_DEFINITION_REPRESENTATION(#13987,#13986);
ENDSEC;
END-ISO-10303-21;
