ISO-10303-21;
HEADER;
FILE_DESCRIPTION(('Open CASCADE Model'),'2;1');
FILE_NAME('davies_1120_reference_knob','2026-06-17T20:50:36',('Author'),
  ('Open CASCADE'),'Open CASCADE STEP processor 7.8','cadpy','Unknown');
FILE_SCHEMA(('AUTOMOTIVE_DESIGN { 1 0 10303 214 1 1 1 1 }'));
ENDSEC;
DATA;
#1 = APPLICATION_PROTOCOL_DEFINITION('international standard',
  'automotive_design',2000,#2);
#2 = APPLICATION_CONTEXT(
  'core data for automotive mechanical design processes');
#3 = SHAPE_DEFINITION_REPRESENTATION(#4,#10);
#4 = PRODUCT_DEFINITION_SHAPE('','',#5);
#5 = PRODUCT_DEFINITION('design','',#6,#9);
#6 = PRODUCT_DEFINITION_FORMATION('','',#7);
#7 = PRODUCT('davies_1120_reference_knob','davies_1120_reference_knob',
  '',(#8));
#8 = PRODUCT_CONTEXT('',#2,'mechanical');
#9 = PRODUCT_DEFINITION_CONTEXT('part definition',#2,'design');
#10 = ADVANCED_BREP_SHAPE_REPRESENTATION('',(#11,#15),#6310);
#11 = AXIS2_PLACEMENT_3D('',#12,#13,#14);
#12 = CARTESIAN_POINT('',(0.,0.,0.));
#13 = DIRECTION('',(0.,0.,1.));
#14 = DIRECTION('',(1.,0.,-0.));
#15 = MANIFOLD_SOLID_BREP('',#16);
#16 = CLOSED_SHELL('',(#17,#105,#501,#536,#4186,#4890,#5449,#5624,#5673,
    #5722,#5749,#5798,#5847,#5874,#5878,#5933,#6061,#6113,#6206,#6233,
    #6240,#6247,#6251,#6276,#6303));
#17 = ADVANCED_FACE('',(#18),#31,.T.);
#18 = FACE_BOUND('',#19,.T.);
#19 = EDGE_LOOP('',(#20,#54,#77,#104));
#20 = ORIENTED_EDGE('',*,*,#21,.F.);
#21 = EDGE_CURVE('',#22,#22,#24,.T.);
#22 = VERTEX_POINT('',#23);
#23 = CARTESIAN_POINT('',(22.225,-5.44355502221E-15,2.064));
#24 = SURFACE_CURVE('',#25,(#30,#42),.PCURVE_S1.);
#25 = CIRCLE('',#26,22.225);
#26 = AXIS2_PLACEMENT_3D('',#27,#28,#29);
#27 = CARTESIAN_POINT('',(0.,0.,2.064));
#28 = DIRECTION('',(0.,0.,1.));
#29 = DIRECTION('',(1.,0.,0.));
#30 = PCURVE('',#31,#36);
#31 = CYLINDRICAL_SURFACE('',#32,22.225);
#32 = AXIS2_PLACEMENT_3D('',#33,#34,#35);
#33 = CARTESIAN_POINT('',(0.,0.,0.));
#34 = DIRECTION('',(0.,0.,1.));
#35 = DIRECTION('',(1.,0.,0.));
#36 = DEFINITIONAL_REPRESENTATION('',(#37),#41);
#37 = LINE('',#38,#39);
#38 = CARTESIAN_POINT('',(0.,2.064));
#39 = VECTOR('',#40,1.);
#40 = DIRECTION('',(1.,0.));
#41 = ( GEOMETRIC_REPRESENTATION_CONTEXT(2) 
PARAMETRIC_REPRESENTATION_CONTEXT() REPRESENTATION_CONTEXT('2D SPACE',''
  ) );
#42 = PCURVE('',#43,#48);
#43 = PLANE('',#44);
#44 = AXIS2_PLACEMENT_3D('',#45,#46,#47);
#45 = CARTESIAN_POINT('',(0.,0.,2.064));
#46 = DIRECTION('',(0.,0.,1.));
#47 = DIRECTION('',(1.,0.,0.));
#48 = DEFINITIONAL_REPRESENTATION('',(#49),#53);
#49 = CIRCLE('',#50,22.225);
#50 = AXIS2_PLACEMENT_2D('',#51,#52);
#51 = CARTESIAN_POINT('',(0.,0.));
#52 = DIRECTION('',(1.,0.));
#53 = ( GEOMETRIC_REPRESENTATION_CONTEXT(2) 
PARAMETRIC_REPRESENTATION_CONTEXT() REPRESENTATION_CONTEXT('2D SPACE',''
  ) );
#54 = ORIENTED_EDGE('',*,*,#55,.F.);
#55 = EDGE_CURVE('',#56,#22,#58,.T.);
#56 = VERTEX_POINT('',#57);
#57 = CARTESIAN_POINT('',(22.225,-5.44355502221E-15,0.));
#58 = SEAM_CURVE('',#59,(#63,#70),.PCURVE_S1.);
#59 = LINE('',#60,#61);
#60 = CARTESIAN_POINT('',(22.225,-5.44355502221E-15,0.));
#61 = VECTOR('',#62,1.);
#62 = DIRECTION('',(0.,0.,1.));
#63 = PCURVE('',#31,#64);
#64 = DEFINITIONAL_REPRESENTATION('',(#65),#69);
#65 = LINE('',#66,#67);
#66 = CARTESIAN_POINT('',(6.28318530718,-0.));
#67 = VECTOR('',#68,1.);
#68 = DIRECTION('',(0.,1.));
#69 = ( GEOMETRIC_REPRESENTATION_CONTEXT(2) 
PARAMETRIC_REPRESENTATION_CONTEXT() REPRESENTATION_CONTEXT('2D SPACE',''
  ) );
#70 = PCURVE('',#31,#71);
#71 = DEFINITIONAL_REPRESENTATION('',(#72),#76);
#72 = LINE('',#73,#74);
#73 = CARTESIAN_POINT('',(0.,-0.));
#74 = VECTOR('',#75,1.);
#75 = DIRECTION('',(0.,1.));
#76 = ( GEOMETRIC_REPRESENTATION_CONTEXT(2) 
PARAMETRIC_REPRESENTATION_CONTEXT() REPRESENTATION_CONTEXT('2D SPACE',''
  ) );
#77 = ORIENTED_EDGE('',*,*,#78,.T.);
#78 = EDGE_CURVE('',#56,#56,#79,.T.);
#79 = SURFACE_CURVE('',#80,(#85,#92),.PCURVE_S1.);
#80 = CIRCLE('',#81,22.225);
#81 = AXIS2_PLACEMENT_3D('',#82,#83,#84);
#82 = CARTESIAN_POINT('',(0.,0.,0.));
#83 = DIRECTION('',(0.,0.,1.));
#84 = DIRECTION('',(1.,0.,0.));
#85 = PCURVE('',#31,#86);
#86 = DEFINITIONAL_REPRESENTATION('',(#87),#91);
#87 = LINE('',#88,#89);
#88 = CARTESIAN_POINT('',(0.,0.));
#89 = VECTOR('',#90,1.);
#90 = DIRECTION('',(1.,0.));
#91 = ( GEOMETRIC_REPRESENTATION_CONTEXT(2) 
PARAMETRIC_REPRESENTATION_CONTEXT() REPRESENTATION_CONTEXT('2D SPACE',''
  ) );
#92 = PCURVE('',#93,#98);
#93 = PLANE('',#94);
#94 = AXIS2_PLACEMENT_3D('',#95,#96,#97);
#95 = CARTESIAN_POINT('',(0.,0.,0.));
#96 = DIRECTION('',(0.,0.,1.));
#97 = DIRECTION('',(1.,0.,0.));
#98 = DEFINITIONAL_REPRESENTATION('',(#99),#103);
#99 = CIRCLE('',#100,22.225);
#100 = AXIS2_PLACEMENT_2D('',#101,#102);
#101 = CARTESIAN_POINT('',(0.,0.));
#102 = DIRECTION('',(1.,0.));
#103 = ( GEOMETRIC_REPRESENTATION_CONTEXT(2) 
PARAMETRIC_REPRESENTATION_CONTEXT() REPRESENTATION_CONTEXT('2D SPACE',''
  ) );
#104 = ORIENTED_EDGE('',*,*,#55,.T.);
#105 = ADVANCED_FACE('',(#106,#109),#43,.T.);
#106 = FACE_BOUND('',#107,.T.);
#107 = EDGE_LOOP('',(#108));
#108 = ORIENTED_EDGE('',*,*,#21,.T.);
#109 = FACE_BOUND('',#110,.T.);
#110 = EDGE_LOOP('',(#111));
#111 = ORIENTED_EDGE('',*,*,#112,.F.);
#112 = EDGE_CURVE('',#113,#113,#115,.T.);
#113 = VERTEX_POINT('',#114);
#114 = CARTESIAN_POINT('',(13.954005968028,3.738964630312,2.064));
#115 = SURFACE_CURVE('',#116,(#240,#367),.PCURVE_S1.);
#116 = B_SPLINE_CURVE_WITH_KNOTS('',3,(#117,#118,#119,#120,#121,#122,
    #123,#124,#125,#126,#127,#128,#129,#130,#131,#132,#133,#134,#135,
    #136,#137,#138,#139,#140,#141,#142,#143,#144,#145,#146,#147,#148,
    #149,#150,#151,#152,#153,#154,#155,#156,#157,#158,#159,#160,#161,
    #162,#163,#164,#165,#166,#167,#168,#169,#170,#171,#172,#173,#174,
    #175,#176,#177,#178,#179,#180,#181,#182,#183,#184,#185,#186,#187,
    #188,#189,#190,#191,#192,#193,#194,#195,#196,#197,#198,#199,#200,
    #201,#202,#203,#204,#205,#206,#207,#208,#209,#210,#211,#212,#213,
    #214,#215,#216,#217,#218,#219,#220,#221,#222,#223,#224,#225,#226,
    #227,#228,#229,#230,#231,#232,#233,#234,#235,#236,#237,#238,#239),
  .UNSPECIFIED.,.T.,.F.,(1,1,2,1,1,1,1,1,1,1,1,1,1,1,1,1,1,1,1,1,1,1,1,1
    ,1,1,1,1,1,1,1,1,1,1,1,1,1,1,1,1,1,1,1,1,1,1,1,1,1,1,1,1,1,1,1,1,1,1
    ,1,1,1,1,1,1,1,1,1,1,1,1,1,1,1,1,1,1,1,1,1,1,1,1,1,1,1,1,1,1,1,1,1,1
    ,1,1,1,1,1,1,1,1,1,1,1,1,1,1,1,1,1,1,1,1,1,1,1,1,1,1,1,1,1,1,2,1,1),
  (-2.037568090267,-0.892728870231,0.,0.892728870231,2.037568090267,
    3.235367269846,4.318692352101,5.253568821959,6.188445291817,
    7.271770374072,8.469569553651,9.614408773687,10.507137643918,
    11.399866514149,12.544705734185,13.742504913764,14.825829996019,
    15.760706465877,16.695582935735,17.77890801799,18.976707197569,
    20.121546417605,21.014275287836,21.907004158067,23.051843378103,
    24.249642557682,25.332967639937,26.267844109795,27.202720579652,
    28.286045661908,29.483844841487,30.628684061523,31.521412931754,
    32.414141801985,33.558981022021,34.7567802016,35.840105283855,
    36.774981753713,37.70985822357,38.793183305826,39.990982485405,
    41.135821705441,42.028550575672,42.921279445903,44.066118665939,
    45.263917845517,46.347242927773,47.282119397631,48.216995867488,
    49.300320949744,50.498120129323,51.642959349359,52.53568821959,
    53.428417089821,54.573256309857,55.771055489435,56.854380571691,
    57.789257041549,58.724133511406,59.807458593662,61.005257773241,
    62.150096993277,63.042825863508,63.935554733739,65.080393953775,
    66.278193133353,67.361518215609,68.296394685467,69.231271155324,
    70.31459623758,71.512395417159,72.657234637194,73.549963507426,
    74.442692377657,75.587531597693,76.785330777271,77.868655859527,
    78.803532329385,79.738408799242,80.821733881498,82.019533061077,
    83.164372281112,84.057101151344,84.949830021575,86.094669241611,
    87.292468421189,88.375793503445,89.310669973303,90.24554644316,
    91.328871525416,92.526670704995,93.67150992503,94.564238795262,
    95.456967665493,96.601806885529,97.799606065107,98.882931147363,
    99.817807617221,100.75268408707,101.83600916933,103.03380834891,
    104.17864756894,105.07137643918,105.96410530941,107.10894452944,
    108.30674370902,109.39006879128,110.32494526113,111.25982173099,
    112.34314681325,113.54094599283,114.68578521286,115.57851408309,
    116.47124295332,117.61608217336,118.81388135294,119.89720643519,
    120.83208290505,121.76695937491,122.85028445717,124.04808363674,
    125.19292285678,126.08565172701,126.97838059724,128.12321981728),
  .UNSPECIFIED.);
#117 = CARTESIAN_POINT('',(13.926809956593,3.433431788986,2.064));
#118 = CARTESIAN_POINT('',(13.981201979464,4.044497471638,2.064));
#119 = CARTESIAN_POINT('',(14.164844195614,4.69628712221,2.064));
#120 = CARTESIAN_POINT('',(14.702246758714,5.640816349027,2.064));
#121 = CARTESIAN_POINT('',(15.15724647146,6.688638153324,2.064));
#122 = CARTESIAN_POINT('',(15.395695881777,7.749618789492,2.064));
#123 = CARTESIAN_POINT('',(15.177022087798,8.76248226136,2.064));
#124 = CARTESIAN_POINT('',(14.408409085084,9.457683569926,2.064));
#125 = CARTESIAN_POINT('',(13.375183730008,9.785021048089,2.064));
#126 = CARTESIAN_POINT('',(12.219705313217,9.900744169752,2.064));
#127 = CARTESIAN_POINT('',(11.20250878135,9.955448581656,2.064));
#128 = CARTESIAN_POINT('',(10.055587721821,10.055587561292,2.064));
#129 = CARTESIAN_POINT('',(9.95544908768,11.202510020162,2.064));
#130 = CARTESIAN_POINT('',(9.900741117416,12.219698845796,2.064));
#131 = CARTESIAN_POINT('',(9.78503256204,13.375207933125,2.064));
#132 = CARTESIAN_POINT('',(9.457647395057,14.408333082334,2.064));
#133 = CARTESIAN_POINT('',(8.762597183656,15.177263528916,2.064));
#134 = CARTESIAN_POINT('',(7.74915877826,15.394729443403,2.064));
#135 = CARTESIAN_POINT('',(6.690753569194,15.16169075126,2.064));
#136 = CARTESIAN_POINT('',(5.632199071317,14.68414270967,2.064));
#137 = CARTESIAN_POINT('',(4.723933710275,14.222926945472,2.064));
#138 = CARTESIAN_POINT('',(3.68060044404,13.736187859514,2.064));
#139 = CARTESIAN_POINT('',(3.020416873843,14.679382906089,2.064));
#140 = CARTESIAN_POINT('',(2.464443879911,15.532940155017,2.064));
#141 = CARTESIAN_POINT('',(1.786482814218,16.475786139552,2.064));
#142 = CARTESIAN_POINT('',(0.986396361858,17.206806171376,2.064));
#143 = CARTESIAN_POINT('',(8.777926780207E-17,17.52519436821,2.064));
#144 = CARTESIAN_POINT('',(-0.986396361858,17.206806171376,2.064));
#145 = CARTESIAN_POINT('',(-1.786482814218,16.475786139552,2.064));
#146 = CARTESIAN_POINT('',(-2.464443879911,15.532940155017,2.064));
#147 = CARTESIAN_POINT('',(-3.020416873843,14.679382906089,2.064));
#148 = CARTESIAN_POINT('',(-3.680600444039,13.736187859514,2.064));
#149 = CARTESIAN_POINT('',(-4.723933710277,14.222926945473,2.064));
#150 = CARTESIAN_POINT('',(-5.632199071305,14.684142709664,2.064));
#151 = CARTESIAN_POINT('',(-6.690753569239,15.161690751281,2.064));
#152 = CARTESIAN_POINT('',(-7.749158778119,15.394729443335,2.064));
#153 = CARTESIAN_POINT('',(-8.762597184105,15.17726352913,2.064));
#154 = CARTESIAN_POINT('',(-9.457647393257,14.408333081478,2.064));
#155 = CARTESIAN_POINT('',(-9.785032570313,13.375207937063,2.064));
#156 = CARTESIAN_POINT('',(-9.900741083713,12.219698829753,2.064));
#157 = CARTESIAN_POINT('',(-9.955449195811,11.20251007163,2.064));
#158 = CARTESIAN_POINT('',(-10.05558741547,10.055587415475,2.064));
#159 = CARTESIAN_POINT('',(-11.20251007163,9.955449195811,2.064));
#160 = CARTESIAN_POINT('',(-12.21969882975,9.900741083713,2.064));
#161 = CARTESIAN_POINT('',(-13.37520793706,9.785032570313,2.064));
#162 = CARTESIAN_POINT('',(-14.40833308147,9.457647393257,2.064));
#163 = CARTESIAN_POINT('',(-15.17726352913,8.762597184105,2.064));
#164 = CARTESIAN_POINT('',(-15.39472944333,7.749158778119,2.064));
#165 = CARTESIAN_POINT('',(-15.16169075128,6.690753569239,2.064));
#166 = CARTESIAN_POINT('',(-14.68414270966,5.632199071305,2.064));
#167 = CARTESIAN_POINT('',(-14.22292694547,4.723933710277,2.064));
#168 = CARTESIAN_POINT('',(-13.73618785951,3.680600444039,2.064));
#169 = CARTESIAN_POINT('',(-14.67938290608,3.020416873843,2.064));
#170 = CARTESIAN_POINT('',(-15.53294015501,2.464443879911,2.064));
#171 = CARTESIAN_POINT('',(-16.47578613955,1.786482814218,2.064));
#172 = CARTESIAN_POINT('',(-17.20680617137,0.986396361858,2.064));
#173 = CARTESIAN_POINT('',(-17.52519436821,-3.497484660818E-15,2.064));
#174 = CARTESIAN_POINT('',(-17.20680617137,-0.986396361858,2.064));
#175 = CARTESIAN_POINT('',(-16.47578613955,-1.786482814218,2.064));
#176 = CARTESIAN_POINT('',(-15.53294015501,-2.464443879911,2.064));
#177 = CARTESIAN_POINT('',(-14.67938290608,-3.020416873843,2.064));
#178 = CARTESIAN_POINT('',(-13.73618785951,-3.680600444039,2.064));
#179 = CARTESIAN_POINT('',(-14.22292694547,-4.723933710277,2.064));
#180 = CARTESIAN_POINT('',(-14.68414270966,-5.632199071305,2.064));
#181 = CARTESIAN_POINT('',(-15.16169075128,-6.690753569239,2.064));
#182 = CARTESIAN_POINT('',(-15.39472944333,-7.749158778119,2.064));
#183 = CARTESIAN_POINT('',(-15.17726352913,-8.762597184105,2.064));
#184 = CARTESIAN_POINT('',(-14.40833308147,-9.457647393257,2.064));
#185 = CARTESIAN_POINT('',(-13.37520793706,-9.785032570313,2.064));
#186 = CARTESIAN_POINT('',(-12.21969882975,-9.900741083713,2.064));
#187 = CARTESIAN_POINT('',(-11.20251007163,-9.955449195811,2.064));
#188 = CARTESIAN_POINT('',(-10.05558741547,-10.05558741547,2.064));
#189 = CARTESIAN_POINT('',(-9.955449195811,-11.20251007163,2.064));
#190 = CARTESIAN_POINT('',(-9.900741083713,-12.21969882975,2.064));
#191 = CARTESIAN_POINT('',(-9.785032570313,-13.37520793706,2.064));
#192 = CARTESIAN_POINT('',(-9.457647393257,-14.40833308147,2.064));
#193 = CARTESIAN_POINT('',(-8.762597184105,-15.17726352913,2.064));
#194 = CARTESIAN_POINT('',(-7.749158778119,-15.39472944333,2.064));
#195 = CARTESIAN_POINT('',(-6.690753569239,-15.16169075128,2.064));
#196 = CARTESIAN_POINT('',(-5.632199071305,-14.68414270966,2.064));
#197 = CARTESIAN_POINT('',(-4.723933710277,-14.22292694547,2.064));
#198 = CARTESIAN_POINT('',(-3.680600444039,-13.73618785951,2.064));
#199 = CARTESIAN_POINT('',(-3.020416873843,-14.67938290608,2.064));
#200 = CARTESIAN_POINT('',(-2.464443879911,-15.53294015501,2.064));
#201 = CARTESIAN_POINT('',(-1.786482814218,-16.47578613955,2.064));
#202 = CARTESIAN_POINT('',(-0.986396361858,-17.20680617137,2.064));
#203 = CARTESIAN_POINT('',(-7.038795736082E-15,-17.52519436821,2.064));
#204 = CARTESIAN_POINT('',(0.986396361858,-17.20680617137,2.064));
#205 = CARTESIAN_POINT('',(1.786482814218,-16.47578613955,2.064));
#206 = CARTESIAN_POINT('',(2.464443879911,-15.53294015501,2.064));
#207 = CARTESIAN_POINT('',(3.020416873843,-14.67938290608,2.064));
#208 = CARTESIAN_POINT('',(3.680600444039,-13.73618785951,2.064));
#209 = CARTESIAN_POINT('',(4.723933710277,-14.22292694547,2.064));
#210 = CARTESIAN_POINT('',(5.632199071305,-14.68414270966,2.064));
#211 = CARTESIAN_POINT('',(6.690753569239,-15.16169075128,2.064));
#212 = CARTESIAN_POINT('',(7.749158778119,-15.39472944333,2.064));
#213 = CARTESIAN_POINT('',(8.762597184105,-15.17726352913,2.064));
#214 = CARTESIAN_POINT('',(9.457647393257,-14.40833308147,2.064));
#215 = CARTESIAN_POINT('',(9.785032570314,-13.37520793706,2.064));
#216 = CARTESIAN_POINT('',(9.900741083712,-12.21969882975,2.064));
#217 = CARTESIAN_POINT('',(9.955449195812,-11.20251007163,2.064));
#218 = CARTESIAN_POINT('',(10.055587415475,-10.05558741547,2.064));
#219 = CARTESIAN_POINT('',(11.202510071633,-9.95544919581,2.064));
#220 = CARTESIAN_POINT('',(12.219698829741,-9.900741083718,2.064));
#221 = CARTESIAN_POINT('',(13.375207937108,-9.785032570292,2.064));
#222 = CARTESIAN_POINT('',(14.408333081336,-9.457647393325,2.064));
#223 = CARTESIAN_POINT('',(15.17726352958,-8.762597183891,2.064));
#224 = CARTESIAN_POINT('',(15.394729441536,-7.749158778975,2.064));
#225 = CARTESIAN_POINT('',(15.161690759555,-6.690753565301,2.064));
#226 = CARTESIAN_POINT('',(14.68414267596,-5.632199087347,2.064));
#227 = CARTESIAN_POINT('',(14.222927053604,-4.723933658808,2.064));
#228 = CARTESIAN_POINT('',(13.736187553168,-3.680600589856,2.064));
#229 = CARTESIAN_POINT('',(14.679384196369,-3.020416259687,2.064));
#230 = CARTESIAN_POINT('',(15.532933671553,-2.46444696595,2.064));
#231 = CARTESIAN_POINT('',(16.475810346608,-1.786471291994,2.064));
#232 = CARTESIAN_POINT('',(17.20673016777,-0.986432538526,2.064));
#233 = CARTESIAN_POINT('',(17.525435809542,1.149227449534E-04,2.064));
#234 = CARTESIAN_POINT('',(17.205839732934,0.985936350485,2.064));
#235 = CARTESIAN_POINT('',(16.480230419373,1.788598230134,2.064));
#236 = CARTESIAN_POINT('',(15.514836105967,2.455826602188,2.064));
#237 = CARTESIAN_POINT('',(14.737465655948,3.04806346191,2.064));
#238 = CARTESIAN_POINT('',(13.926809956593,3.433431788986,2.064));
#239 = CARTESIAN_POINT('',(13.981201979464,4.044497471638,2.064));
#240 = PCURVE('',#43,#241);
#241 = DEFINITIONAL_REPRESENTATION('',(#242),#366);
#242 = B_SPLINE_CURVE_WITH_KNOTS('',3,(#243,#244,#245,#246,#247,#248,
    #249,#250,#251,#252,#253,#254,#255,#256,#257,#258,#259,#260,#261,
    #262,#263,#264,#265,#266,#267,#268,#269,#270,#271,#272,#273,#274,
    #275,#276,#277,#278,#279,#280,#281,#282,#283,#284,#285,#286,#287,
    #288,#289,#290,#291,#292,#293,#294,#295,#296,#297,#298,#299,#300,
    #301,#302,#303,#304,#305,#306,#307,#308,#309,#310,#311,#312,#313,
    #314,#315,#316,#317,#318,#319,#320,#321,#322,#323,#324,#325,#326,
    #327,#328,#329,#330,#331,#332,#333,#334,#335,#336,#337,#338,#339,
    #340,#341,#342,#343,#344,#345,#346,#347,#348,#349,#350,#351,#352,
    #353,#354,#355,#356,#357,#358,#359,#360,#361,#362,#363,#364,#365),
  .UNSPECIFIED.,.F.,.F.,(1,1,2,1,1,1,1,1,1,1,1,1,1,1,1,1,1,1,1,1,1,1,1,1
    ,1,1,1,1,1,1,1,1,1,1,1,1,1,1,1,1,1,1,1,1,1,1,1,1,1,1,1,1,1,1,1,1,1,1
    ,1,1,1,1,1,1,1,1,1,1,1,1,1,1,1,1,1,1,1,1,1,1,1,1,1,1,1,1,1,1,1,1,1,1
    ,1,1,1,1,1,1,1,1,1,1,1,1,1,1,1,1,1,1,1,1,1,1,1,1,1,1,1,1,1,1,2,1,1),
  (-2.037568090267,-0.892728870231,0.,0.892728870231,2.037568090267,
    3.235367269846,4.318692352101,5.253568821959,6.188445291817,
    7.271770374072,8.469569553651,9.614408773687,10.507137643918,
    11.399866514149,12.544705734185,13.742504913764,14.825829996019,
    15.760706465877,16.695582935735,17.77890801799,18.976707197569,
    20.121546417605,21.014275287836,21.907004158067,23.051843378103,
    24.249642557682,25.332967639937,26.267844109795,27.202720579652,
    28.286045661908,29.483844841487,30.628684061523,31.521412931754,
    32.414141801985,33.558981022021,34.7567802016,35.840105283855,
    36.774981753713,37.70985822357,38.793183305826,39.990982485405,
    41.135821705441,42.028550575672,42.921279445903,44.066118665939,
    45.263917845517,46.347242927773,47.282119397631,48.216995867488,
    49.300320949744,50.498120129323,51.642959349359,52.53568821959,
    53.428417089821,54.573256309857,55.771055489435,56.854380571691,
    57.789257041549,58.724133511406,59.807458593662,61.005257773241,
    62.150096993277,63.042825863508,63.935554733739,65.080393953775,
    66.278193133353,67.361518215609,68.296394685467,69.231271155324,
    70.31459623758,71.512395417159,72.657234637194,73.549963507426,
    74.442692377657,75.587531597693,76.785330777271,77.868655859527,
    78.803532329385,79.738408799242,80.821733881498,82.019533061077,
    83.164372281112,84.057101151344,84.949830021575,86.094669241611,
    87.292468421189,88.375793503445,89.310669973303,90.24554644316,
    91.328871525416,92.526670704995,93.67150992503,94.564238795262,
    95.456967665493,96.601806885529,97.799606065107,98.882931147363,
    99.817807617221,100.75268408707,101.83600916933,103.03380834891,
    104.17864756894,105.07137643918,105.96410530941,107.10894452944,
    108.30674370902,109.39006879128,110.32494526113,111.25982173099,
    112.34314681325,113.54094599283,114.68578521286,115.57851408309,
    116.47124295332,117.61608217336,118.81388135294,119.89720643519,
    120.83208290505,121.76695937491,122.85028445717,124.04808363674,
    125.19292285678,126.08565172701,126.97838059724,128.12321981728),
  .UNSPECIFIED.);
#243 = CARTESIAN_POINT('',(13.926809956593,3.433431788986));
#244 = CARTESIAN_POINT('',(13.981201979464,4.044497471638));
#245 = CARTESIAN_POINT('',(14.164844195614,4.69628712221));
#246 = CARTESIAN_POINT('',(14.702246758714,5.640816349027));
#247 = CARTESIAN_POINT('',(15.15724647146,6.688638153324));
#248 = CARTESIAN_POINT('',(15.395695881777,7.749618789492));
#249 = CARTESIAN_POINT('',(15.177022087798,8.76248226136));
#250 = CARTESIAN_POINT('',(14.408409085084,9.457683569926));
#251 = CARTESIAN_POINT('',(13.375183730008,9.785021048089));
#252 = CARTESIAN_POINT('',(12.219705313217,9.900744169752));
#253 = CARTESIAN_POINT('',(11.20250878135,9.955448581656));
#254 = CARTESIAN_POINT('',(10.055587721821,10.055587561292));
#255 = CARTESIAN_POINT('',(9.95544908768,11.202510020162));
#256 = CARTESIAN_POINT('',(9.900741117416,12.219698845796));
#257 = CARTESIAN_POINT('',(9.78503256204,13.375207933125));
#258 = CARTESIAN_POINT('',(9.457647395057,14.408333082334));
#259 = CARTESIAN_POINT('',(8.762597183656,15.177263528916));
#260 = CARTESIAN_POINT('',(7.74915877826,15.394729443403));
#261 = CARTESIAN_POINT('',(6.690753569194,15.16169075126));
#262 = CARTESIAN_POINT('',(5.632199071317,14.68414270967));
#263 = CARTESIAN_POINT('',(4.723933710275,14.222926945472));
#264 = CARTESIAN_POINT('',(3.68060044404,13.736187859514));
#265 = CARTESIAN_POINT('',(3.020416873843,14.679382906089));
#266 = CARTESIAN_POINT('',(2.464443879911,15.532940155017));
#267 = CARTESIAN_POINT('',(1.786482814218,16.475786139552));
#268 = CARTESIAN_POINT('',(0.986396361858,17.206806171376));
#269 = CARTESIAN_POINT('',(8.777926780207E-17,17.52519436821));
#270 = CARTESIAN_POINT('',(-0.986396361858,17.206806171376));
#271 = CARTESIAN_POINT('',(-1.786482814218,16.475786139552));
#272 = CARTESIAN_POINT('',(-2.464443879911,15.532940155017));
#273 = CARTESIAN_POINT('',(-3.020416873843,14.679382906089));
#274 = CARTESIAN_POINT('',(-3.680600444039,13.736187859514));
#275 = CARTESIAN_POINT('',(-4.723933710277,14.222926945473));
#276 = CARTESIAN_POINT('',(-5.632199071305,14.684142709664));
#277 = CARTESIAN_POINT('',(-6.690753569239,15.161690751281));
#278 = CARTESIAN_POINT('',(-7.749158778119,15.394729443335));
#279 = CARTESIAN_POINT('',(-8.762597184105,15.17726352913));
#280 = CARTESIAN_POINT('',(-9.457647393257,14.408333081478));
#281 = CARTESIAN_POINT('',(-9.785032570313,13.375207937063));
#282 = CARTESIAN_POINT('',(-9.900741083713,12.219698829753));
#283 = CARTESIAN_POINT('',(-9.955449195811,11.20251007163));
#284 = CARTESIAN_POINT('',(-10.05558741547,10.055587415475));
#285 = CARTESIAN_POINT('',(-11.20251007163,9.955449195811));
#286 = CARTESIAN_POINT('',(-12.21969882975,9.900741083713));
#287 = CARTESIAN_POINT('',(-13.37520793706,9.785032570313));
#288 = CARTESIAN_POINT('',(-14.40833308147,9.457647393257));
#289 = CARTESIAN_POINT('',(-15.17726352913,8.762597184105));
#290 = CARTESIAN_POINT('',(-15.39472944333,7.749158778119));
#291 = CARTESIAN_POINT('',(-15.16169075128,6.690753569239));
#292 = CARTESIAN_POINT('',(-14.68414270966,5.632199071305));
#293 = CARTESIAN_POINT('',(-14.22292694547,4.723933710277));
#294 = CARTESIAN_POINT('',(-13.73618785951,3.680600444039));
#295 = CARTESIAN_POINT('',(-14.67938290608,3.020416873843));
#296 = CARTESIAN_POINT('',(-15.53294015501,2.464443879911));
#297 = CARTESIAN_POINT('',(-16.47578613955,1.786482814218));
#298 = CARTESIAN_POINT('',(-17.20680617137,0.986396361858));
#299 = CARTESIAN_POINT('',(-17.52519436821,-3.497484660818E-15));
#300 = CARTESIAN_POINT('',(-17.20680617137,-0.986396361858));
#301 = CARTESIAN_POINT('',(-16.47578613955,-1.786482814218));
#302 = CARTESIAN_POINT('',(-15.53294015501,-2.464443879911));
#303 = CARTESIAN_POINT('',(-14.67938290608,-3.020416873843));
#304 = CARTESIAN_POINT('',(-13.73618785951,-3.680600444039));
#305 = CARTESIAN_POINT('',(-14.22292694547,-4.723933710277));
#306 = CARTESIAN_POINT('',(-14.68414270966,-5.632199071305));
#307 = CARTESIAN_POINT('',(-15.16169075128,-6.690753569239));
#308 = CARTESIAN_POINT('',(-15.39472944333,-7.749158778119));
#309 = CARTESIAN_POINT('',(-15.17726352913,-8.762597184105));
#310 = CARTESIAN_POINT('',(-14.40833308147,-9.457647393257));
#311 = CARTESIAN_POINT('',(-13.37520793706,-9.785032570313));
#312 = CARTESIAN_POINT('',(-12.21969882975,-9.900741083713));
#313 = CARTESIAN_POINT('',(-11.20251007163,-9.955449195811));
#314 = CARTESIAN_POINT('',(-10.05558741547,-10.05558741547));
#315 = CARTESIAN_POINT('',(-9.955449195811,-11.20251007163));
#316 = CARTESIAN_POINT('',(-9.900741083713,-12.21969882975));
#317 = CARTESIAN_POINT('',(-9.785032570313,-13.37520793706));
#318 = CARTESIAN_POINT('',(-9.457647393257,-14.40833308147));
#319 = CARTESIAN_POINT('',(-8.762597184105,-15.17726352913));
#320 = CARTESIAN_POINT('',(-7.749158778119,-15.39472944333));
#321 = CARTESIAN_POINT('',(-6.690753569239,-15.16169075128));
#322 = CARTESIAN_POINT('',(-5.632199071305,-14.68414270966));
#323 = CARTESIAN_POINT('',(-4.723933710277,-14.22292694547));
#324 = CARTESIAN_POINT('',(-3.680600444039,-13.73618785951));
#325 = CARTESIAN_POINT('',(-3.020416873843,-14.67938290608));
#326 = CARTESIAN_POINT('',(-2.464443879911,-15.53294015501));
#327 = CARTESIAN_POINT('',(-1.786482814218,-16.47578613955));
#328 = CARTESIAN_POINT('',(-0.986396361858,-17.20680617137));
#329 = CARTESIAN_POINT('',(-7.038795736082E-15,-17.52519436821));
#330 = CARTESIAN_POINT('',(0.986396361858,-17.20680617137));
#331 = CARTESIAN_POINT('',(1.786482814218,-16.47578613955));
#332 = CARTESIAN_POINT('',(2.464443879911,-15.53294015501));
#333 = CARTESIAN_POINT('',(3.020416873843,-14.67938290608));
#334 = CARTESIAN_POINT('',(3.680600444039,-13.73618785951));
#335 = CARTESIAN_POINT('',(4.723933710277,-14.22292694547));
#336 = CARTESIAN_POINT('',(5.632199071305,-14.68414270966));
#337 = CARTESIAN_POINT('',(6.690753569239,-15.16169075128));
#338 = CARTESIAN_POINT('',(7.749158778119,-15.39472944333));
#339 = CARTESIAN_POINT('',(8.762597184105,-15.17726352913));
#340 = CARTESIAN_POINT('',(9.457647393257,-14.40833308147));
#341 = CARTESIAN_POINT('',(9.785032570314,-13.37520793706));
#342 = CARTESIAN_POINT('',(9.900741083712,-12.21969882975));
#343 = CARTESIAN_POINT('',(9.955449195812,-11.20251007163));
#344 = CARTESIAN_POINT('',(10.055587415475,-10.05558741547));
#345 = CARTESIAN_POINT('',(11.202510071633,-9.95544919581));
#346 = CARTESIAN_POINT('',(12.219698829741,-9.900741083718));
#347 = CARTESIAN_POINT('',(13.375207937108,-9.785032570292));
#348 = CARTESIAN_POINT('',(14.408333081336,-9.457647393325));
#349 = CARTESIAN_POINT('',(15.17726352958,-8.762597183891));
#350 = CARTESIAN_POINT('',(15.394729441536,-7.749158778975));
#351 = CARTESIAN_POINT('',(15.161690759555,-6.690753565301));
#352 = CARTESIAN_POINT('',(14.68414267596,-5.632199087347));
#353 = CARTESIAN_POINT('',(14.222927053604,-4.723933658808));
#354 = CARTESIAN_POINT('',(13.736187553168,-3.680600589856));
#355 = CARTESIAN_POINT('',(14.679384196369,-3.020416259687));
#356 = CARTESIAN_POINT('',(15.532933671553,-2.46444696595));
#357 = CARTESIAN_POINT('',(16.475810346608,-1.786471291994));
#358 = CARTESIAN_POINT('',(17.20673016777,-0.986432538526));
#359 = CARTESIAN_POINT('',(17.525435809542,1.149227449534E-04));
#360 = CARTESIAN_POINT('',(17.205839732934,0.985936350485));
#361 = CARTESIAN_POINT('',(16.480230419373,1.788598230134));
#362 = CARTESIAN_POINT('',(15.514836105967,2.455826602188));
#363 = CARTESIAN_POINT('',(14.737465655948,3.04806346191));
#364 = CARTESIAN_POINT('',(13.926809956593,3.433431788986));
#365 = CARTESIAN_POINT('',(13.981201979464,4.044497471638));
#366 = ( GEOMETRIC_REPRESENTATION_CONTEXT(2) 
PARAMETRIC_REPRESENTATION_CONTEXT() REPRESENTATION_CONTEXT('2D SPACE',''
  ) );
#367 = PCURVE('',#368,#495);
#368 = SURFACE_OF_LINEAR_EXTRUSION('',#369,#493);
#369 = B_SPLINE_CURVE_WITH_KNOTS('',3,(#370,#371,#372,#373,#374,#375,
    #376,#377,#378,#379,#380,#381,#382,#383,#384,#385,#386,#387,#388,
    #389,#390,#391,#392,#393,#394,#395,#396,#397,#398,#399,#400,#401,
    #402,#403,#404,#405,#406,#407,#408,#409,#410,#411,#412,#413,#414,
    #415,#416,#417,#418,#419,#420,#421,#422,#423,#424,#425,#426,#427,
    #428,#429,#430,#431,#432,#433,#434,#435,#436,#437,#438,#439,#440,
    #441,#442,#443,#444,#445,#446,#447,#448,#449,#450,#451,#452,#453,
    #454,#455,#456,#457,#458,#459,#460,#461,#462,#463,#464,#465,#466,
    #467,#468,#469,#470,#471,#472,#473,#474,#475,#476,#477,#478,#479,
    #480,#481,#482,#483,#484,#485,#486,#487,#488,#489,#490,#491,#492),
  .UNSPECIFIED.,.T.,.F.,(1,1,2,1,1,1,1,1,1,1,1,1,1,1,1,1,1,1,1,1,1,1,1,1
    ,1,1,1,1,1,1,1,1,1,1,1,1,1,1,1,1,1,1,1,1,1,1,1,1,1,1,1,1,1,1,1,1,1,1
    ,1,1,1,1,1,1,1,1,1,1,1,1,1,1,1,1,1,1,1,1,1,1,1,1,1,1,1,1,1,1,1,1,1,1
    ,1,1,1,1,1,1,1,1,1,1,1,1,1,1,1,1,1,1,1,1,1,1,1,1,1,1,1,1,1,1,2,1,1),
  (-2.037568090267,-0.892728870231,0.,0.892728870231,2.037568090267,
    3.235367269846,4.318692352101,5.253568821959,6.188445291817,
    7.271770374072,8.469569553651,9.614408773687,10.507137643918,
    11.399866514149,12.544705734185,13.742504913764,14.825829996019,
    15.760706465877,16.695582935735,17.77890801799,18.976707197569,
    20.121546417605,21.014275287836,21.907004158067,23.051843378103,
    24.249642557682,25.332967639937,26.267844109795,27.202720579652,
    28.286045661908,29.483844841487,30.628684061523,31.521412931754,
    32.414141801985,33.558981022021,34.7567802016,35.840105283855,
    36.774981753713,37.70985822357,38.793183305826,39.990982485405,
    41.135821705441,42.028550575672,42.921279445903,44.066118665939,
    45.263917845517,46.347242927773,47.282119397631,48.216995867488,
    49.300320949744,50.498120129323,51.642959349359,52.53568821959,
    53.428417089821,54.573256309857,55.771055489435,56.854380571691,
    57.789257041549,58.724133511406,59.807458593662,61.005257773241,
    62.150096993277,63.042825863508,63.935554733739,65.080393953775,
    66.278193133353,67.361518215609,68.296394685467,69.231271155324,
    70.31459623758,71.512395417159,72.657234637194,73.549963507426,
    74.442692377657,75.587531597693,76.785330777271,77.868655859527,
    78.803532329385,79.738408799242,80.821733881498,82.019533061077,
    83.164372281112,84.057101151344,84.949830021575,86.094669241611,
    87.292468421189,88.375793503445,89.310669973303,90.24554644316,
    91.328871525416,92.526670704995,93.67150992503,94.564238795262,
    95.456967665493,96.601806885529,97.799606065107,98.882931147363,
    99.817807617221,100.75268408707,101.83600916933,103.03380834891,
    104.17864756894,105.07137643918,105.96410530941,107.10894452944,
    108.30674370902,109.39006879128,110.32494526113,111.25982173099,
    112.34314681325,113.54094599283,114.68578521286,115.57851408309,
    116.47124295332,117.61608217336,118.81388135294,119.89720643519,
    120.83208290505,121.76695937491,122.85028445717,124.04808363674,
    125.19292285678,126.08565172701,126.97838059724,128.12321981728),
  .UNSPECIFIED.);
#370 = CARTESIAN_POINT('',(13.926809956593,3.433431788986,2.064));
#371 = CARTESIAN_POINT('',(13.981201979464,4.044497471638,2.064));
#372 = CARTESIAN_POINT('',(14.164844195614,4.69628712221,2.064));
#373 = CARTESIAN_POINT('',(14.702246758714,5.640816349027,2.064));
#374 = CARTESIAN_POINT('',(15.15724647146,6.688638153324,2.064));
#375 = CARTESIAN_POINT('',(15.395695881777,7.749618789492,2.064));
#376 = CARTESIAN_POINT('',(15.177022087798,8.76248226136,2.064));
#377 = CARTESIAN_POINT('',(14.408409085084,9.457683569926,2.064));
#378 = CARTESIAN_POINT('',(13.375183730008,9.785021048089,2.064));
#379 = CARTESIAN_POINT('',(12.219705313217,9.900744169752,2.064));
#380 = CARTESIAN_POINT('',(11.20250878135,9.955448581656,2.064));
#381 = CARTESIAN_POINT('',(10.055587721821,10.055587561292,2.064));
#382 = CARTESIAN_POINT('',(9.95544908768,11.202510020162,2.064));
#383 = CARTESIAN_POINT('',(9.900741117416,12.219698845796,2.064));
#384 = CARTESIAN_POINT('',(9.78503256204,13.375207933125,2.064));
#385 = CARTESIAN_POINT('',(9.457647395057,14.408333082334,2.064));
#386 = CARTESIAN_POINT('',(8.762597183656,15.177263528916,2.064));
#387 = CARTESIAN_POINT('',(7.74915877826,15.394729443403,2.064));
#388 = CARTESIAN_POINT('',(6.690753569194,15.16169075126,2.064));
#389 = CARTESIAN_POINT('',(5.632199071317,14.68414270967,2.064));
#390 = CARTESIAN_POINT('',(4.723933710275,14.222926945472,2.064));
#391 = CARTESIAN_POINT('',(3.68060044404,13.736187859514,2.064));
#392 = CARTESIAN_POINT('',(3.020416873843,14.679382906089,2.064));
#393 = CARTESIAN_POINT('',(2.464443879911,15.532940155017,2.064));
#394 = CARTESIAN_POINT('',(1.786482814218,16.475786139552,2.064));
#395 = CARTESIAN_POINT('',(0.986396361858,17.206806171376,2.064));
#396 = CARTESIAN_POINT('',(8.777926780207E-17,17.52519436821,2.064));
#397 = CARTESIAN_POINT('',(-0.986396361858,17.206806171376,2.064));
#398 = CARTESIAN_POINT('',(-1.786482814218,16.475786139552,2.064));
#399 = CARTESIAN_POINT('',(-2.464443879911,15.532940155017,2.064));
#400 = CARTESIAN_POINT('',(-3.020416873843,14.679382906089,2.064));
#401 = CARTESIAN_POINT('',(-3.680600444039,13.736187859514,2.064));
#402 = CARTESIAN_POINT('',(-4.723933710277,14.222926945473,2.064));
#403 = CARTESIAN_POINT('',(-5.632199071305,14.684142709664,2.064));
#404 = CARTESIAN_POINT('',(-6.690753569239,15.161690751281,2.064));
#405 = CARTESIAN_POINT('',(-7.749158778119,15.394729443335,2.064));
#406 = CARTESIAN_POINT('',(-8.762597184105,15.17726352913,2.064));
#407 = CARTESIAN_POINT('',(-9.457647393257,14.408333081478,2.064));
#408 = CARTESIAN_POINT('',(-9.785032570313,13.375207937063,2.064));
#409 = CARTESIAN_POINT('',(-9.900741083713,12.219698829753,2.064));
#410 = CARTESIAN_POINT('',(-9.955449195811,11.20251007163,2.064));
#411 = CARTESIAN_POINT('',(-10.05558741547,10.055587415475,2.064));
#412 = CARTESIAN_POINT('',(-11.20251007163,9.955449195811,2.064));
#413 = CARTESIAN_POINT('',(-12.21969882975,9.900741083713,2.064));
#414 = CARTESIAN_POINT('',(-13.37520793706,9.785032570313,2.064));
#415 = CARTESIAN_POINT('',(-14.40833308147,9.457647393257,2.064));
#416 = CARTESIAN_POINT('',(-15.17726352913,8.762597184105,2.064));
#417 = CARTESIAN_POINT('',(-15.39472944333,7.749158778119,2.064));
#418 = CARTESIAN_POINT('',(-15.16169075128,6.690753569239,2.064));
#419 = CARTESIAN_POINT('',(-14.68414270966,5.632199071305,2.064));
#420 = CARTESIAN_POINT('',(-14.22292694547,4.723933710277,2.064));
#421 = CARTESIAN_POINT('',(-13.73618785951,3.680600444039,2.064));
#422 = CARTESIAN_POINT('',(-14.67938290608,3.020416873843,2.064));
#423 = CARTESIAN_POINT('',(-15.53294015501,2.464443879911,2.064));
#424 = CARTESIAN_POINT('',(-16.47578613955,1.786482814218,2.064));
#425 = CARTESIAN_POINT('',(-17.20680617137,0.986396361858,2.064));
#426 = CARTESIAN_POINT('',(-17.52519436821,-3.497484660818E-15,2.064));
#427 = CARTESIAN_POINT('',(-17.20680617137,-0.986396361858,2.064));
#428 = CARTESIAN_POINT('',(-16.47578613955,-1.786482814218,2.064));
#429 = CARTESIAN_POINT('',(-15.53294015501,-2.464443879911,2.064));
#430 = CARTESIAN_POINT('',(-14.67938290608,-3.020416873843,2.064));
#431 = CARTESIAN_POINT('',(-13.73618785951,-3.680600444039,2.064));
#432 = CARTESIAN_POINT('',(-14.22292694547,-4.723933710277,2.064));
#433 = CARTESIAN_POINT('',(-14.68414270966,-5.632199071305,2.064));
#434 = CARTESIAN_POINT('',(-15.16169075128,-6.690753569239,2.064));
#435 = CARTESIAN_POINT('',(-15.39472944333,-7.749158778119,2.064));
#436 = CARTESIAN_POINT('',(-15.17726352913,-8.762597184105,2.064));
#437 = CARTESIAN_POINT('',(-14.40833308147,-9.457647393257,2.064));
#438 = CARTESIAN_POINT('',(-13.37520793706,-9.785032570313,2.064));
#439 = CARTESIAN_POINT('',(-12.21969882975,-9.900741083713,2.064));
#440 = CARTESIAN_POINT('',(-11.20251007163,-9.955449195811,2.064));
#441 = CARTESIAN_POINT('',(-10.05558741547,-10.05558741547,2.064));
#442 = CARTESIAN_POINT('',(-9.955449195811,-11.20251007163,2.064));
#443 = CARTESIAN_POINT('',(-9.900741083713,-12.21969882975,2.064));
#444 = CARTESIAN_POINT('',(-9.785032570313,-13.37520793706,2.064));
#445 = CARTESIAN_POINT('',(-9.457647393257,-14.40833308147,2.064));
#446 = CARTESIAN_POINT('',(-8.762597184105,-15.17726352913,2.064));
#447 = CARTESIAN_POINT('',(-7.749158778119,-15.39472944333,2.064));
#448 = CARTESIAN_POINT('',(-6.690753569239,-15.16169075128,2.064));
#449 = CARTESIAN_POINT('',(-5.632199071305,-14.68414270966,2.064));
#450 = CARTESIAN_POINT('',(-4.723933710277,-14.22292694547,2.064));
#451 = CARTESIAN_POINT('',(-3.680600444039,-13.73618785951,2.064));
#452 = CARTESIAN_POINT('',(-3.020416873843,-14.67938290608,2.064));
#453 = CARTESIAN_POINT('',(-2.464443879911,-15.53294015501,2.064));
#454 = CARTESIAN_POINT('',(-1.786482814218,-16.47578613955,2.064));
#455 = CARTESIAN_POINT('',(-0.986396361858,-17.20680617137,2.064));
#456 = CARTESIAN_POINT('',(-7.038795736082E-15,-17.52519436821,2.064));
#457 = CARTESIAN_POINT('',(0.986396361858,-17.20680617137,2.064));
#458 = CARTESIAN_POINT('',(1.786482814218,-16.47578613955,2.064));
#459 = CARTESIAN_POINT('',(2.464443879911,-15.53294015501,2.064));
#460 = CARTESIAN_POINT('',(3.020416873843,-14.67938290608,2.064));
#461 = CARTESIAN_POINT('',(3.680600444039,-13.73618785951,2.064));
#462 = CARTESIAN_POINT('',(4.723933710277,-14.22292694547,2.064));
#463 = CARTESIAN_POINT('',(5.632199071305,-14.68414270966,2.064));
#464 = CARTESIAN_POINT('',(6.690753569239,-15.16169075128,2.064));
#465 = CARTESIAN_POINT('',(7.749158778119,-15.39472944333,2.064));
#466 = CARTESIAN_POINT('',(8.762597184105,-15.17726352913,2.064));
#467 = CARTESIAN_POINT('',(9.457647393257,-14.40833308147,2.064));
#468 = CARTESIAN_POINT('',(9.785032570314,-13.37520793706,2.064));
#469 = CARTESIAN_POINT('',(9.900741083712,-12.21969882975,2.064));
#470 = CARTESIAN_POINT('',(9.955449195812,-11.20251007163,2.064));
#471 = CARTESIAN_POINT('',(10.055587415475,-10.05558741547,2.064));
#472 = CARTESIAN_POINT('',(11.202510071633,-9.95544919581,2.064));
#473 = CARTESIAN_POINT('',(12.219698829741,-9.900741083718,2.064));
#474 = CARTESIAN_POINT('',(13.375207937108,-9.785032570292,2.064));
#475 = CARTESIAN_POINT('',(14.408333081336,-9.457647393325,2.064));
#476 = CARTESIAN_POINT('',(15.17726352958,-8.762597183891,2.064));
#477 = CARTESIAN_POINT('',(15.394729441536,-7.749158778975,2.064));
#478 = CARTESIAN_POINT('',(15.161690759555,-6.690753565301,2.064));
#479 = CARTESIAN_POINT('',(14.68414267596,-5.632199087347,2.064));
#480 = CARTESIAN_POINT('',(14.222927053604,-4.723933658808,2.064));
#481 = CARTESIAN_POINT('',(13.736187553168,-3.680600589856,2.064));
#482 = CARTESIAN_POINT('',(14.679384196369,-3.020416259687,2.064));
#483 = CARTESIAN_POINT('',(15.532933671553,-2.46444696595,2.064));
#484 = CARTESIAN_POINT('',(16.475810346608,-1.786471291994,2.064));
#485 = CARTESIAN_POINT('',(17.20673016777,-0.986432538526,2.064));
#486 = CARTESIAN_POINT('',(17.525435809542,1.149227449534E-04,2.064));
#487 = CARTESIAN_POINT('',(17.205839732934,0.985936350485,2.064));
#488 = CARTESIAN_POINT('',(16.480230419373,1.788598230134,2.064));
#489 = CARTESIAN_POINT('',(15.514836105967,2.455826602188,2.064));
#490 = CARTESIAN_POINT('',(14.737465655948,3.04806346191,2.064));
#491 = CARTESIAN_POINT('',(13.926809956593,3.433431788986,2.064));
#492 = CARTESIAN_POINT('',(13.981201979464,4.044497471638,2.064));
#493 = VECTOR('',#494,1.);
#494 = DIRECTION('',(-0.,-0.,-1.));
#495 = DEFINITIONAL_REPRESENTATION('',(#496),#500);
#496 = LINE('',#497,#498);
#497 = CARTESIAN_POINT('',(0.,0.));
#498 = VECTOR('',#499,1.);
#499 = DIRECTION('',(1.,0.));
#500 = ( GEOMETRIC_REPRESENTATION_CONTEXT(2) 
PARAMETRIC_REPRESENTATION_CONTEXT() REPRESENTATION_CONTEXT('2D SPACE',''
  ) );
#501 = ADVANCED_FACE('',(#502,#505),#93,.F.);
#502 = FACE_BOUND('',#503,.F.);
#503 = EDGE_LOOP('',(#504));
#504 = ORIENTED_EDGE('',*,*,#78,.T.);
#505 = FACE_BOUND('',#506,.F.);
#506 = EDGE_LOOP('',(#507));
#507 = ORIENTED_EDGE('',*,*,#508,.F.);
#508 = EDGE_CURVE('',#509,#509,#511,.T.);
#509 = VERTEX_POINT('',#510);
#510 = CARTESIAN_POINT('',(3.175,-7.776507174586E-16,0.));
#511 = SURFACE_CURVE('',#512,(#517,#524),.PCURVE_S1.);
#512 = CIRCLE('',#513,3.175);
#513 = AXIS2_PLACEMENT_3D('',#514,#515,#516);
#514 = CARTESIAN_POINT('',(0.,0.,0.));
#515 = DIRECTION('',(0.,0.,1.));
#516 = DIRECTION('',(1.,0.,-0.));
#517 = PCURVE('',#93,#518);
#518 = DEFINITIONAL_REPRESENTATION('',(#519),#523);
#519 = CIRCLE('',#520,3.175);
#520 = AXIS2_PLACEMENT_2D('',#521,#522);
#521 = CARTESIAN_POINT('',(0.,0.));
#522 = DIRECTION('',(1.,0.));
#523 = ( GEOMETRIC_REPRESENTATION_CONTEXT(2) 
PARAMETRIC_REPRESENTATION_CONTEXT() REPRESENTATION_CONTEXT('2D SPACE',''
  ) );
#524 = PCURVE('',#525,#530);
#525 = CYLINDRICAL_SURFACE('',#526,3.175);
#526 = AXIS2_PLACEMENT_3D('',#527,#528,#529);
#527 = CARTESIAN_POINT('',(0.,0.,-0.8));
#528 = DIRECTION('',(0.,0.,1.));
#529 = DIRECTION('',(1.,0.,0.));
#530 = DEFINITIONAL_REPRESENTATION('',(#531),#535);
#531 = LINE('',#532,#533);
#532 = CARTESIAN_POINT('',(0.,0.8));
#533 = VECTOR('',#534,1.);
#534 = DIRECTION('',(1.,0.));
#535 = ( GEOMETRIC_REPRESENTATION_CONTEXT(2) 
PARAMETRIC_REPRESENTATION_CONTEXT() REPRESENTATION_CONTEXT('2D SPACE',''
  ) );
#536 = ADVANCED_FACE('',(#537,#1911),#368,.F.);
#537 = FACE_BOUND('',#538,.F.);
#538 = EDGE_LOOP('',(#539,#562,#563,#564));
#539 = ORIENTED_EDGE('',*,*,#540,.F.);
#540 = EDGE_CURVE('',#113,#541,#543,.T.);
#541 = VERTEX_POINT('',#542);
#542 = CARTESIAN_POINT('',(13.954005968028,3.738964630312,20.64));
#543 = SEAM_CURVE('',#544,(#548,#555),.PCURVE_S1.);
#544 = LINE('',#545,#546);
#545 = CARTESIAN_POINT('',(13.954005968028,3.738964630312,2.064));
#546 = VECTOR('',#547,1.);
#547 = DIRECTION('',(0.,0.,1.));
#548 = PCURVE('',#368,#549);
#549 = DEFINITIONAL_REPRESENTATION('',(#550),#554);
#550 = LINE('',#551,#552);
#551 = CARTESIAN_POINT('',(126.08565172701,0.));
#552 = VECTOR('',#553,1.);
#553 = DIRECTION('',(0.,-1.));
#554 = ( GEOMETRIC_REPRESENTATION_CONTEXT(2) 
PARAMETRIC_REPRESENTATION_CONTEXT() REPRESENTATION_CONTEXT('2D SPACE',''
  ) );
#555 = PCURVE('',#368,#556);
#556 = DEFINITIONAL_REPRESENTATION('',(#557),#561);
#557 = LINE('',#558,#559);
#558 = CARTESIAN_POINT('',(0.,0.));
#559 = VECTOR('',#560,1.);
#560 = DIRECTION('',(0.,-1.));
#561 = ( GEOMETRIC_REPRESENTATION_CONTEXT(2) 
PARAMETRIC_REPRESENTATION_CONTEXT() REPRESENTATION_CONTEXT('2D SPACE',''
  ) );
#562 = ORIENTED_EDGE('',*,*,#112,.F.);
#563 = ORIENTED_EDGE('',*,*,#540,.T.);
#564 = ORIENTED_EDGE('',*,*,#565,.T.);
#565 = EDGE_CURVE('',#541,#541,#566,.T.);
#566 = SURFACE_CURVE('',#567,(#691,#698),.PCURVE_S1.);
#567 = B_SPLINE_CURVE_WITH_KNOTS('',3,(#568,#569,#570,#571,#572,#573,
    #574,#575,#576,#577,#578,#579,#580,#581,#582,#583,#584,#585,#586,
    #587,#588,#589,#590,#591,#592,#593,#594,#595,#596,#597,#598,#599,
    #600,#601,#602,#603,#604,#605,#606,#607,#608,#609,#610,#611,#612,
    #613,#614,#615,#616,#617,#618,#619,#620,#621,#622,#623,#624,#625,
    #626,#627,#628,#629,#630,#631,#632,#633,#634,#635,#636,#637,#638,
    #639,#640,#641,#642,#643,#644,#645,#646,#647,#648,#649,#650,#651,
    #652,#653,#654,#655,#656,#657,#658,#659,#660,#661,#662,#663,#664,
    #665,#666,#667,#668,#669,#670,#671,#672,#673,#674,#675,#676,#677,
    #678,#679,#680,#681,#682,#683,#684,#685,#686,#687,#688,#689,#690),
  .UNSPECIFIED.,.T.,.F.,(1,1,2,1,1,1,1,1,1,1,1,1,1,1,1,1,1,1,1,1,1,1,1,1
    ,1,1,1,1,1,1,1,1,1,1,1,1,1,1,1,1,1,1,1,1,1,1,1,1,1,1,1,1,1,1,1,1,1,1
    ,1,1,1,1,1,1,1,1,1,1,1,1,1,1,1,1,1,1,1,1,1,1,1,1,1,1,1,1,1,1,1,1,1,1
    ,1,1,1,1,1,1,1,1,1,1,1,1,1,1,1,1,1,1,1,1,1,1,1,1,1,1,1,1,1,1,2,1,1),
  (-2.037568090267,-0.892728870231,0.,0.892728870231,2.037568090267,
    3.235367269846,4.318692352101,5.253568821959,6.188445291817,
    7.271770374072,8.469569553651,9.614408773687,10.507137643918,
    11.399866514149,12.544705734185,13.742504913764,14.825829996019,
    15.760706465877,16.695582935735,17.77890801799,18.976707197569,
    20.121546417605,21.014275287836,21.907004158067,23.051843378103,
    24.249642557682,25.332967639937,26.267844109795,27.202720579652,
    28.286045661908,29.483844841487,30.628684061523,31.521412931754,
    32.414141801985,33.558981022021,34.7567802016,35.840105283855,
    36.774981753713,37.70985822357,38.793183305826,39.990982485405,
    41.135821705441,42.028550575672,42.921279445903,44.066118665939,
    45.263917845517,46.347242927773,47.282119397631,48.216995867488,
    49.300320949744,50.498120129323,51.642959349359,52.53568821959,
    53.428417089821,54.573256309857,55.771055489435,56.854380571691,
    57.789257041549,58.724133511406,59.807458593662,61.005257773241,
    62.150096993277,63.042825863508,63.935554733739,65.080393953775,
    66.278193133353,67.361518215609,68.296394685467,69.231271155324,
    70.31459623758,71.512395417159,72.657234637194,73.549963507426,
    74.442692377657,75.587531597693,76.785330777271,77.868655859527,
    78.803532329385,79.738408799242,80.821733881498,82.019533061077,
    83.164372281112,84.057101151344,84.949830021575,86.094669241611,
    87.292468421189,88.375793503445,89.310669973303,90.24554644316,
    91.328871525416,92.526670704995,93.67150992503,94.564238795262,
    95.456967665493,96.601806885529,97.799606065107,98.882931147363,
    99.817807617221,100.75268408707,101.83600916933,103.03380834891,
    104.17864756894,105.07137643918,105.96410530941,107.10894452944,
    108.30674370902,109.39006879128,110.32494526113,111.25982173099,
    112.34314681325,113.54094599283,114.68578521286,115.57851408309,
    116.47124295332,117.61608217336,118.81388135294,119.89720643519,
    120.83208290505,121.76695937491,122.85028445717,124.04808363674,
    125.19292285678,126.08565172701,126.97838059724,128.12321981728),
  .UNSPECIFIED.);
#568 = CARTESIAN_POINT('',(13.926809956593,3.433431788986,20.64));
#569 = CARTESIAN_POINT('',(13.981201979464,4.044497471638,20.64));
#570 = CARTESIAN_POINT('',(14.164844195614,4.69628712221,20.64));
#571 = CARTESIAN_POINT('',(14.702246758714,5.640816349027,20.64));
#572 = CARTESIAN_POINT('',(15.15724647146,6.688638153324,20.64));
#573 = CARTESIAN_POINT('',(15.395695881777,7.749618789492,20.64));
#574 = CARTESIAN_POINT('',(15.177022087798,8.76248226136,20.64));
#575 = CARTESIAN_POINT('',(14.408409085084,9.457683569926,20.64));
#576 = CARTESIAN_POINT('',(13.375183730008,9.785021048089,20.64));
#577 = CARTESIAN_POINT('',(12.219705313217,9.900744169752,20.64));
#578 = CARTESIAN_POINT('',(11.20250878135,9.955448581656,20.64));
#579 = CARTESIAN_POINT('',(10.055587721821,10.055587561292,20.64));
#580 = CARTESIAN_POINT('',(9.95544908768,11.202510020162,20.64));
#581 = CARTESIAN_POINT('',(9.900741117416,12.219698845796,20.64));
#582 = CARTESIAN_POINT('',(9.78503256204,13.375207933125,20.64));
#583 = CARTESIAN_POINT('',(9.457647395057,14.408333082334,20.64));
#584 = CARTESIAN_POINT('',(8.762597183656,15.177263528916,20.64));
#585 = CARTESIAN_POINT('',(7.74915877826,15.394729443403,20.64));
#586 = CARTESIAN_POINT('',(6.690753569194,15.16169075126,20.64));
#587 = CARTESIAN_POINT('',(5.632199071317,14.68414270967,20.64));
#588 = CARTESIAN_POINT('',(4.723933710275,14.222926945472,20.64));
#589 = CARTESIAN_POINT('',(3.68060044404,13.736187859514,20.64));
#590 = CARTESIAN_POINT('',(3.020416873843,14.679382906089,20.64));
#591 = CARTESIAN_POINT('',(2.464443879911,15.532940155017,20.64));
#592 = CARTESIAN_POINT('',(1.786482814218,16.475786139552,20.64));
#593 = CARTESIAN_POINT('',(0.986396361858,17.206806171376,20.64));
#594 = CARTESIAN_POINT('',(8.777926780207E-17,17.52519436821,20.64));
#595 = CARTESIAN_POINT('',(-0.986396361858,17.206806171376,20.64));
#596 = CARTESIAN_POINT('',(-1.786482814218,16.475786139552,20.64));
#597 = CARTESIAN_POINT('',(-2.464443879911,15.532940155017,20.64));
#598 = CARTESIAN_POINT('',(-3.020416873843,14.679382906089,20.64));
#599 = CARTESIAN_POINT('',(-3.680600444039,13.736187859514,20.64));
#600 = CARTESIAN_POINT('',(-4.723933710277,14.222926945473,20.64));
#601 = CARTESIAN_POINT('',(-5.632199071305,14.684142709664,20.64));
#602 = CARTESIAN_POINT('',(-6.690753569239,15.161690751281,20.64));
#603 = CARTESIAN_POINT('',(-7.749158778119,15.394729443335,20.64));
#604 = CARTESIAN_POINT('',(-8.762597184105,15.17726352913,20.64));
#605 = CARTESIAN_POINT('',(-9.457647393257,14.408333081478,20.64));
#606 = CARTESIAN_POINT('',(-9.785032570313,13.375207937063,20.64));
#607 = CARTESIAN_POINT('',(-9.900741083713,12.219698829753,20.64));
#608 = CARTESIAN_POINT('',(-9.955449195811,11.20251007163,20.64));
#609 = CARTESIAN_POINT('',(-10.05558741547,10.055587415475,20.64));
#610 = CARTESIAN_POINT('',(-11.20251007163,9.955449195811,20.64));
#611 = CARTESIAN_POINT('',(-12.21969882975,9.900741083713,20.64));
#612 = CARTESIAN_POINT('',(-13.37520793706,9.785032570313,20.64));
#613 = CARTESIAN_POINT('',(-14.40833308147,9.457647393257,20.64));
#614 = CARTESIAN_POINT('',(-15.17726352913,8.762597184105,20.64));
#615 = CARTESIAN_POINT('',(-15.39472944333,7.749158778119,20.64));
#616 = CARTESIAN_POINT('',(-15.16169075128,6.690753569239,20.64));
#617 = CARTESIAN_POINT('',(-14.68414270966,5.632199071305,20.64));
#618 = CARTESIAN_POINT('',(-14.22292694547,4.723933710277,20.64));
#619 = CARTESIAN_POINT('',(-13.73618785951,3.680600444039,20.64));
#620 = CARTESIAN_POINT('',(-14.67938290608,3.020416873843,20.64));
#621 = CARTESIAN_POINT('',(-15.53294015501,2.464443879911,20.64));
#622 = CARTESIAN_POINT('',(-16.47578613955,1.786482814218,20.64));
#623 = CARTESIAN_POINT('',(-17.20680617137,0.986396361858,20.64));
#624 = CARTESIAN_POINT('',(-17.52519436821,-3.497484660818E-15,20.64));
#625 = CARTESIAN_POINT('',(-17.20680617137,-0.986396361858,20.64));
#626 = CARTESIAN_POINT('',(-16.47578613955,-1.786482814218,20.64));
#627 = CARTESIAN_POINT('',(-15.53294015501,-2.464443879911,20.64));
#628 = CARTESIAN_POINT('',(-14.67938290608,-3.020416873843,20.64));
#629 = CARTESIAN_POINT('',(-13.73618785951,-3.680600444039,20.64));
#630 = CARTESIAN_POINT('',(-14.22292694547,-4.723933710277,20.64));
#631 = CARTESIAN_POINT('',(-14.68414270966,-5.632199071305,20.64));
#632 = CARTESIAN_POINT('',(-15.16169075128,-6.690753569239,20.64));
#633 = CARTESIAN_POINT('',(-15.39472944333,-7.749158778119,20.64));
#634 = CARTESIAN_POINT('',(-15.17726352913,-8.762597184105,20.64));
#635 = CARTESIAN_POINT('',(-14.40833308147,-9.457647393257,20.64));
#636 = CARTESIAN_POINT('',(-13.37520793706,-9.785032570313,20.64));
#637 = CARTESIAN_POINT('',(-12.21969882975,-9.900741083713,20.64));
#638 = CARTESIAN_POINT('',(-11.20251007163,-9.955449195811,20.64));
#639 = CARTESIAN_POINT('',(-10.05558741547,-10.05558741547,20.64));
#640 = CARTESIAN_POINT('',(-9.955449195811,-11.20251007163,20.64));
#641 = CARTESIAN_POINT('',(-9.900741083713,-12.21969882975,20.64));
#642 = CARTESIAN_POINT('',(-9.785032570313,-13.37520793706,20.64));
#643 = CARTESIAN_POINT('',(-9.457647393257,-14.40833308147,20.64));
#644 = CARTESIAN_POINT('',(-8.762597184105,-15.17726352913,20.64));
#645 = CARTESIAN_POINT('',(-7.749158778119,-15.39472944333,20.64));
#646 = CARTESIAN_POINT('',(-6.690753569239,-15.16169075128,20.64));
#647 = CARTESIAN_POINT('',(-5.632199071305,-14.68414270966,20.64));
#648 = CARTESIAN_POINT('',(-4.723933710277,-14.22292694547,20.64));
#649 = CARTESIAN_POINT('',(-3.680600444039,-13.73618785951,20.64));
#650 = CARTESIAN_POINT('',(-3.020416873843,-14.67938290608,20.64));
#651 = CARTESIAN_POINT('',(-2.464443879911,-15.53294015501,20.64));
#652 = CARTESIAN_POINT('',(-1.786482814218,-16.47578613955,20.64));
#653 = CARTESIAN_POINT('',(-0.986396361858,-17.20680617137,20.64));
#654 = CARTESIAN_POINT('',(-7.038795736082E-15,-17.52519436821,20.64));
#655 = CARTESIAN_POINT('',(0.986396361858,-17.20680617137,20.64));
#656 = CARTESIAN_POINT('',(1.786482814218,-16.47578613955,20.64));
#657 = CARTESIAN_POINT('',(2.464443879911,-15.53294015501,20.64));
#658 = CARTESIAN_POINT('',(3.020416873843,-14.67938290608,20.64));
#659 = CARTESIAN_POINT('',(3.680600444039,-13.73618785951,20.64));
#660 = CARTESIAN_POINT('',(4.723933710277,-14.22292694547,20.64));
#661 = CARTESIAN_POINT('',(5.632199071305,-14.68414270966,20.64));
#662 = CARTESIAN_POINT('',(6.690753569239,-15.16169075128,20.64));
#663 = CARTESIAN_POINT('',(7.749158778119,-15.39472944333,20.64));
#664 = CARTESIAN_POINT('',(8.762597184105,-15.17726352913,20.64));
#665 = CARTESIAN_POINT('',(9.457647393257,-14.40833308147,20.64));
#666 = CARTESIAN_POINT('',(9.785032570314,-13.37520793706,20.64));
#667 = CARTESIAN_POINT('',(9.900741083712,-12.21969882975,20.64));
#668 = CARTESIAN_POINT('',(9.955449195812,-11.20251007163,20.64));
#669 = CARTESIAN_POINT('',(10.055587415475,-10.05558741547,20.64));
#670 = CARTESIAN_POINT('',(11.202510071633,-9.95544919581,20.64));
#671 = CARTESIAN_POINT('',(12.219698829741,-9.900741083718,20.64));
#672 = CARTESIAN_POINT('',(13.375207937108,-9.785032570292,20.64));
#673 = CARTESIAN_POINT('',(14.408333081336,-9.457647393325,20.64));
#674 = CARTESIAN_POINT('',(15.17726352958,-8.762597183891,20.64));
#675 = CARTESIAN_POINT('',(15.394729441536,-7.749158778975,20.64));
#676 = CARTESIAN_POINT('',(15.161690759555,-6.690753565301,20.64));
#677 = CARTESIAN_POINT('',(14.68414267596,-5.632199087347,20.64));
#678 = CARTESIAN_POINT('',(14.222927053604,-4.723933658808,20.64));
#679 = CARTESIAN_POINT('',(13.736187553168,-3.680600589856,20.64));
#680 = CARTESIAN_POINT('',(14.679384196369,-3.020416259687,20.64));
#681 = CARTESIAN_POINT('',(15.532933671553,-2.46444696595,20.64));
#682 = CARTESIAN_POINT('',(16.475810346608,-1.786471291994,20.64));
#683 = CARTESIAN_POINT('',(17.20673016777,-0.986432538526,20.64));
#684 = CARTESIAN_POINT('',(17.525435809542,1.149227449534E-04,20.64));
#685 = CARTESIAN_POINT('',(17.205839732934,0.985936350485,20.64));
#686 = CARTESIAN_POINT('',(16.480230419373,1.788598230134,20.64));
#687 = CARTESIAN_POINT('',(15.514836105967,2.455826602188,20.64));
#688 = CARTESIAN_POINT('',(14.737465655948,3.04806346191,20.64));
#689 = CARTESIAN_POINT('',(13.926809956593,3.433431788986,20.64));
#690 = CARTESIAN_POINT('',(13.981201979464,4.044497471638,20.64));
#691 = PCURVE('',#368,#692);
#692 = DEFINITIONAL_REPRESENTATION('',(#693),#697);
#693 = LINE('',#694,#695);
#694 = CARTESIAN_POINT('',(0.,-18.576));
#695 = VECTOR('',#696,1.);
#696 = DIRECTION('',(1.,0.));
#697 = ( GEOMETRIC_REPRESENTATION_CONTEXT(2) 
PARAMETRIC_REPRESENTATION_CONTEXT() REPRESENTATION_CONTEXT('2D SPACE',''
  ) );
#698 = PCURVE('',#699,#763);
#699 = B_SPLINE_SURFACE_WITH_KNOTS('',8,6,(
    (#700,#701,#702,#703,#704,#705,#706)
    ,(#707,#708,#709,#710,#711,#712,#713)
    ,(#714,#715,#716,#717,#718,#719,#720)
    ,(#721,#722,#723,#724,#725,#726,#727)
    ,(#728,#729,#730,#731,#732,#733,#734)
    ,(#735,#736,#737,#738,#739,#740,#741)
    ,(#742,#743,#744,#745,#746,#747,#748)
    ,(#749,#750,#751,#752,#753,#754,#755)
    ,(#756,#757,#758,#759,#760,#761,#762
    )),.UNSPECIFIED.,.F.,.F.,.F.,(9,9),(7,7),(-18.56420886289,
    18.992558632787),(-18.32475012646,18.88020340635),
  .PIECEWISE_BEZIER_KNOTS.);
#700 = CARTESIAN_POINT('',(-24.41720897325,-9.177266714031,20.64));
#701 = CARTESIAN_POINT('',(-18.78705718318,-11.77556125258,20.64));
#702 = CARTESIAN_POINT('',(-13.15690761407,-14.37387724757,20.64));
#703 = CARTESIAN_POINT('',(-7.526730718241,-16.97219736297,20.64));
#704 = CARTESIAN_POINT('',(-1.896528106569,-19.57051022895,20.64));
#705 = CARTESIAN_POINT('',(3.733667451536,-22.16881044188,20.64));
#706 = CARTESIAN_POINT('',(9.363792028132,-24.76709856429,20.64));
#707 = CARTESIAN_POINT('',(-22.45006600494,-4.914695642844,20.64));
#708 = CARTESIAN_POINT('',(-16.81991653451,-7.512990006567,20.64));
#709 = CARTESIAN_POINT('',(-11.18977154399,-10.1113079801,20.64));
#710 = CARTESIAN_POINT('',(-5.559591560027,-12.70963110205,20.64));
#711 = CARTESIAN_POINT('',(7.062340137054E-02,-15.30794709357,20.64));
#712 = CARTESIAN_POINT('',(5.700833834825,-17.90624985841,20.64));
#713 = CARTESIAN_POINT('',(11.330960745588,-20.50453948291,20.64));
#714 = CARTESIAN_POINT('',(-20.48293508047,-0.652128673083,20.64));
#715 = CARTESIAN_POINT('',(-14.85278878132,-3.25042462614,20.64));
#716 = CARTESIAN_POINT('',(-9.2226169994,-5.848745048589,20.639999999999
    ));
#717 = CARTESIAN_POINT('',(-3.592536816344,-8.447027587007,
    20.640000000001));
#718 = CARTESIAN_POINT('',(2.037723332227,-11.04540829072,20.64));
#719 = CARTESIAN_POINT('',(7.668016464097,-13.64369548734,20.64));
#720 = CARTESIAN_POINT('',(13.298114739957,-16.24197906679,20.64));
#721 = CARTESIAN_POINT('',(-18.51579992478,3.610439960619,20.64));
#722 = CARTESIAN_POINT('',(-12.88565563227,1.012146763863,20.64));
#723 = CARTESIAN_POINT('',(-7.255656347973,-1.586155138864,
    20.640000000001));
#724 = CARTESIAN_POINT('',(-1.625023370386,-4.184634098503,
    20.639999999999));
#725 = CARTESIAN_POINT('',(4.00496543801,-6.782770955928,20.640000000001
    ));
#726 = CARTESIAN_POINT('',(9.635044208303,-9.381107689309,20.64));
#727 = CARTESIAN_POINT('',(15.265285799781,-11.97944012238,20.64));
#728 = CARTESIAN_POINT('',(-16.54865134822,7.873012383131,20.64));
#729 = CARTESIAN_POINT('',(-10.91850605147,5.27472565671,20.64));
#730 = CARTESIAN_POINT('',(-5.288003663049,2.676399514753,
    20.639999999999));
#731 = CARTESIAN_POINT('',(0.340912600126,7.835683111744E-02,
    20.640000000001));
#732 = CARTESIAN_POINT('',(5.972447759956,-2.520254599583,
    20.639999999999));
#733 = CARTESIAN_POINT('',(11.602502392474,-5.118661899953,20.64));
#734 = CARTESIAN_POINT('',(17.232468127752,-7.716857489414,20.64));
#735 = CARTESIAN_POINT('',(-14.58148724657,12.135587078823,20.64));
#736 = CARTESIAN_POINT('',(-8.951337063868,9.53730652136,20.64));
#737 = CARTESIAN_POINT('',(-3.321500373289,6.939046911311,20.64));
#738 = CARTESIAN_POINT('',(2.309917690309,4.340573195913,20.64));
#739 = CARTESIAN_POINT('',(7.938297453194,1.742239271747,20.64));
#740 = CARTESIAN_POINT('',(13.569357250609,-0.855873655685,20.64));
#741 = CARTESIAN_POINT('',(19.199642599363,-3.454227159176,20.64));
#742 = CARTESIAN_POINT('',(-12.61431260103,16.39815889157,20.64));
#743 = CARTESIAN_POINT('',(-6.984154560682,13.799880159994,20.64));
#744 = CARTESIAN_POINT('',(-1.353817617125,11.201566539568,20.64));
#745 = CARTESIAN_POINT('',(4.275675323641,8.6033310263,20.64));
#746 = CARTESIAN_POINT('',(9.906924702989,6.004983544384,20.64));
#747 = CARTESIAN_POINT('',(15.536726139906,3.406660562229,20.64));
#748 = CARTESIAN_POINT('',(21.166791914184,0.808365751314,20.64));
#749 = CARTESIAN_POINT('',(-10.64713947821,20.660719024748,20.64));
#750 = CARTESIAN_POINT('',(-5.016974104757,18.062437065643,20.64));
#751 = CARTESIAN_POINT('',(0.613212734519,15.464072538264,20.64));
#752 = CARTESIAN_POINT('',(6.243305958761,12.866019135959,20.64));
#753 = CARTESIAN_POINT('',(11.873647118865,10.267403619287,20.64));
#754 = CARTESIAN_POINT('',(17.503812008617,7.669143119644,20.64));
#755 = CARTESIAN_POINT('',(23.133906639768,5.070840169376,20.64));
#756 = CARTESIAN_POINT('',(-8.679987030128,24.923255041236,20.64));
#757 = CARTESIAN_POINT('',(-3.049821735983,22.324970779709,20.64));
#758 = CARTESIAN_POINT('',(2.58035264556,19.726623054578,20.64));
#759 = CARTESIAN_POINT('',(8.210482536393,17.128527748744,20.64));
#760 = CARTESIAN_POINT('',(13.840735729909,14.529942516557,20.64));
#761 = CARTESIAN_POINT('',(19.470893032465,11.931646784371,20.64));
#762 = CARTESIAN_POINT('',(25.100982148183,9.333333380883,20.64));
#763 = DEFINITIONAL_REPRESENTATION('',(#764),#1910);
#764 = B_SPLINE_CURVE_WITH_KNOTS('',10,(#765,#766,#767,#768,#769,#770,
    #771,#772,#773,#774,#775,#776,#777,#778,#779,#780,#781,#782,#783,
    #784,#785,#786,#787,#788,#789,#790,#791,#792,#793,#794,#795,#796,
    #797,#798,#799,#800,#801,#802,#803,#804,#805,#806,#807,#808,#809,
    #810,#811,#812,#813,#814,#815,#816,#817,#818,#819,#820,#821,#822,
    #823,#824,#825,#826,#827,#828,#829,#830,#831,#832,#833,#834,#835,
    #836,#837,#838,#839,#840,#841,#842,#843,#844,#845,#846,#847,#848,
    #849,#850,#851,#852,#853,#854,#855,#856,#857,#858,#859,#860,#861,
    #862,#863,#864,#865,#866,#867,#868,#869,#870,#871,#872,#873,#874,
    #875,#876,#877,#878,#879,#880,#881,#882,#883,#884,#885,#886,#887,
    #888,#889,#890,#891,#892,#893,#894,#895,#896,#897,#898,#899,#900,
    #901,#902,#903,#904,#905,#906,#907,#908,#909,#910,#911,#912,#913,
    #914,#915,#916,#917,#918,#919,#920,#921,#922,#923,#924,#925,#926,
    #927,#928,#929,#930,#931,#932,#933,#934,#935,#936,#937,#938,#939,
    #940,#941,#942,#943,#944,#945,#946,#947,#948,#949,#950,#951,#952,
    #953,#954,#955,#956,#957,#958,#959,#960,#961,#962,#963,#964,#965,
    #966,#967,#968,#969,#970,#971,#972,#973,#974,#975,#976,#977,#978,
    #979,#980,#981,#982,#983,#984,#985,#986,#987,#988,#989,#990,#991,
    #992,#993,#994,#995,#996,#997,#998,#999,#1000,#1001,#1002,#1003,
    #1004,#1005,#1006,#1007,#1008,#1009,#1010,#1011,#1012,#1013,#1014,
    #1015,#1016,#1017,#1018,#1019,#1020,#1021,#1022,#1023,#1024,#1025,
    #1026,#1027,#1028,#1029,#1030,#1031,#1032,#1033,#1034,#1035,#1036,
    #1037,#1038,#1039,#1040,#1041,#1042,#1043,#1044,#1045,#1046,#1047,
    #1048,#1049,#1050,#1051,#1052,#1053,#1054,#1055,#1056,#1057,#1058,
    #1059,#1060,#1061,#1062,#1063,#1064,#1065,#1066,#1067,#1068,#1069,
    #1070,#1071,#1072,#1073,#1074,#1075,#1076,#1077,#1078,#1079,#1080,
    #1081,#1082,#1083,#1084,#1085,#1086,#1087,#1088,#1089,#1090,#1091,
    #1092,#1093,#1094,#1095,#1096,#1097,#1098,#1099,#1100,#1101,#1102,
    #1103,#1104,#1105,#1106,#1107,#1108,#1109,#1110,#1111,#1112,#1113,
    #1114,#1115,#1116,#1117,#1118,#1119,#1120,#1121,#1122,#1123,#1124,
    #1125,#1126,#1127,#1128,#1129,#1130,#1131,#1132,#1133,#1134,#1135,
    #1136,#1137,#1138,#1139,#1140,#1141,#1142,#1143,#1144,#1145,#1146,
    #1147,#1148,#1149,#1150,#1151,#1152,#1153,#1154,#1155,#1156,#1157,
    #1158,#1159,#1160,#1161,#1162,#1163,#1164,#1165,#1166,#1167,#1168,
    #1169,#1170,#1171,#1172,#1173,#1174,#1175,#1176,#1177,#1178,#1179,
    #1180,#1181,#1182,#1183,#1184,#1185,#1186,#1187,#1188,#1189,#1190,
    #1191,#1192,#1193,#1194,#1195,#1196,#1197,#1198,#1199,#1200,#1201,
    #1202,#1203,#1204,#1205,#1206,#1207,#1208,#1209,#1210,#1211,#1212,
    #1213,#1214,#1215,#1216,#1217,#1218,#1219,#1220,#1221,#1222,#1223,
    #1224,#1225,#1226,#1227,#1228,#1229,#1230,#1231,#1232,#1233,#1234,
    #1235,#1236,#1237,#1238,#1239,#1240,#1241,#1242,#1243,#1244,#1245,
    #1246,#1247,#1248,#1249,#1250,#1251,#1252,#1253,#1254,#1255,#1256,
    #1257,#1258,#1259,#1260,#1261,#1262,#1263,#1264,#1265,#1266,#1267,
    #1268,#1269,#1270,#1271,#1272,#1273,#1274,#1275,#1276,#1277,#1278,
    #1279,#1280,#1281,#1282,#1283,#1284,#1285,#1286,#1287,#1288,#1289,
    #1290,#1291,#1292,#1293,#1294,#1295,#1296,#1297,#1298,#1299,#1300,
    #1301,#1302,#1303,#1304,#1305,#1306,#1307,#1308,#1309,#1310,#1311,
    #1312,#1313,#1314,#1315,#1316,#1317,#1318,#1319,#1320,#1321,#1322,
    #1323,#1324,#1325,#1326,#1327,#1328,#1329,#1330,#1331,#1332,#1333,
    #1334,#1335,#1336,#1337,#1338,#1339,#1340,#1341,#1342,#1343,#1344,
    #1345,#1346,#1347,#1348,#1349,#1350,#1351,#1352,#1353,#1354,#1355,
    #1356,#1357,#1358,#1359,#1360,#1361,#1362,#1363,#1364,#1365,#1366,
    #1367,#1368,#1369,#1370,#1371,#1372,#1373,#1374,#1375,#1376,#1377,
    #1378,#1379,#1380,#1381,#1382,#1383,#1384,#1385,#1386,#1387,#1388,
    #1389,#1390,#1391,#1392,#1393,#1394,#1395,#1396,#1397,#1398,#1399,
    #1400,#1401,#1402,#1403,#1404,#1405,#1406,#1407,#1408,#1409,#1410,
    #1411,#1412,#1413,#1414,#1415,#1416,#1417,#1418,#1419,#1420,#1421,
    #1422,#1423,#1424,#1425,#1426,#1427,#1428,#1429,#1430,#1431,#1432,
    #1433,#1434,#1435,#1436,#1437,#1438,#1439,#1440,#1441,#1442,#1443,
    #1444,#1445,#1446,#1447,#1448,#1449,#1450,#1451,#1452,#1453,#1454,
    #1455,#1456,#1457,#1458,#1459,#1460,#1461,#1462,#1463,#1464,#1465,
    #1466,#1467,#1468,#1469,#1470,#1471,#1472,#1473,#1474,#1475,#1476,
    #1477,#1478,#1479,#1480,#1481,#1482,#1483,#1484,#1485,#1486,#1487,
    #1488,#1489,#1490,#1491,#1492,#1493,#1494,#1495,#1496,#1497,#1498,
    #1499,#1500,#1501,#1502,#1503,#1504,#1505,#1506,#1507,#1508,#1509,
    #1510,#1511,#1512,#1513,#1514,#1515,#1516,#1517,#1518,#1519,#1520,
    #1521,#1522,#1523,#1524,#1525,#1526,#1527,#1528,#1529,#1530,#1531,
    #1532,#1533,#1534,#1535,#1536,#1537,#1538,#1539,#1540,#1541,#1542,
    #1543,#1544,#1545,#1546,#1547,#1548,#1549,#1550,#1551,#1552,#1553,
    #1554,#1555,#1556,#1557,#1558,#1559,#1560,#1561,#1562,#1563,#1564,
    #1565,#1566,#1567,#1568,#1569,#1570,#1571,#1572,#1573,#1574,#1575,
    #1576,#1577,#1578,#1579,#1580,#1581,#1582,#1583,#1584,#1585,#1586,
    #1587,#1588,#1589,#1590,#1591,#1592,#1593,#1594,#1595,#1596,#1597,
    #1598,#1599,#1600,#1601,#1602,#1603,#1604,#1605,#1606,#1607,#1608,
    #1609,#1610,#1611,#1612,#1613,#1614,#1615,#1616,#1617,#1618,#1619,
    #1620,#1621,#1622,#1623,#1624,#1625,#1626,#1627,#1628,#1629,#1630,
    #1631,#1632,#1633,#1634,#1635,#1636,#1637,#1638,#1639,#1640,#1641,
    #1642,#1643,#1644,#1645,#1646,#1647,#1648,#1649,#1650,#1651,#1652,
    #1653,#1654,#1655,#1656,#1657,#1658,#1659,#1660,#1661,#1662,#1663,
    #1664,#1665,#1666,#1667,#1668,#1669,#1670,#1671,#1672,#1673,#1674,
    #1675,#1676,#1677,#1678,#1679,#1680,#1681,#1682,#1683,#1684,#1685,
    #1686,#1687,#1688,#1689,#1690,#1691,#1692,#1693,#1694,#1695,#1696,
    #1697,#1698,#1699,#1700,#1701,#1702,#1703,#1704,#1705,#1706,#1707,
    #1708,#1709,#1710,#1711,#1712,#1713,#1714,#1715,#1716,#1717,#1718,
    #1719,#1720,#1721,#1722,#1723,#1724,#1725,#1726,#1727,#1728,#1729,
    #1730,#1731,#1732,#1733,#1734,#1735,#1736,#1737,#1738,#1739,#1740,
    #1741,#1742,#1743,#1744,#1745,#1746,#1747,#1748,#1749,#1750,#1751,
    #1752,#1753,#1754,#1755,#1756,#1757,#1758,#1759,#1760,#1761,#1762,
    #1763,#1764,#1765,#1766,#1767,#1768,#1769,#1770,#1771,#1772,#1773,
    #1774,#1775,#1776,#1777,#1778,#1779,#1780,#1781,#1782,#1783,#1784,
    #1785,#1786,#1787,#1788,#1789,#1790,#1791,#1792,#1793,#1794,#1795,
    #1796,#1797,#1798,#1799,#1800,#1801,#1802,#1803,#1804,#1805,#1806,
    #1807,#1808,#1809,#1810,#1811,#1812,#1813,#1814,#1815,#1816,#1817,
    #1818,#1819,#1820,#1821,#1822,#1823,#1824,#1825,#1826,#1827,#1828,
    #1829,#1830,#1831,#1832,#1833,#1834,#1835,#1836,#1837,#1838,#1839,
    #1840,#1841,#1842,#1843,#1844,#1845,#1846,#1847,#1848,#1849,#1850,
    #1851,#1852,#1853,#1854,#1855,#1856,#1857,#1858,#1859,#1860,#1861,
    #1862,#1863,#1864,#1865,#1866,#1867,#1868,#1869,#1870,#1871,#1872,
    #1873,#1874,#1875,#1876,#1877,#1878,#1879,#1880,#1881,#1882,#1883,
    #1884,#1885,#1886,#1887,#1888,#1889,#1890,#1891,#1892,#1893,#1894,
    #1895,#1896,#1897,#1898,#1899,#1900,#1901,#1902,#1903,#1904,#1905,
    #1906,#1907,#1908,#1909),.UNSPECIFIED.,.F.,.F.,(11,9,9,9,9,9,9,9,9,9
    ,9,9,9,9,9,9,9,9,9,9,9,9,9,9,9,9,9,9,9,9,9,9,9,9,9,9,9,9,9,9,9,9,9,9
    ,9,9,9,9,9,9,9,9,9,9,9,9,9,9,9,9,9,9,9,9,9,9,9,9,9,9,9,9,9,9,9,9,9,9
    ,9,9,9,9,9,9,9,9,9,9,9,9,9,9,9,9,9,9,9,9,9,9,9,9,9,9,9,9,9,9,9,9,9,9
    ,9,9,9,9,9,9,9,9,9,9,9,9,9,9,9,11),(0.,1.970088308235,3.940176616469
    ,4.925220770587,5.910264924704,7.880353232938,8.865397387056,
    9.850441541173,10.342963618232,10.83548569529,11.328007772349,
    11.820529849408,12.805574003525,13.790618157642,14.77566231176,
    15.760706465877,16.745750619994,17.730794774112,18.715838928229,
    19.700883082346,20.193405159405,20.685927236463,21.178449313522,
    21.670971390581,22.656015544698,23.641059698815,25.61114800705,
    26.596192161167,27.581236315285,29.551324623519,30.536368777637,
    31.521412931754,32.506457085871,33.491501239988,35.461589548223,
    36.44663370234,37.431677856458,39.401766164692,40.38681031881,
    41.371854472927,41.864376549986,42.356898627044,42.849420704103,
    43.341942781162,44.326986935279,45.312031089396,46.297075243514,
    47.282119397631,48.267163551748,49.252207705865,50.237251859983,
    51.2222960141,51.714818091159,52.207340168217,52.699862245276,
    53.192384322335,54.177428476452,55.162472630569,57.132560938804,
    58.117605092921,59.102649247039,61.072737555273,62.05778170939,
    63.042825863508,64.027870017625,65.012914171742,66.983002479977,
    67.968046634094,68.953090788212,70.923179096446,71.908223250564,
    72.893267404681,73.385789481739,73.878311558798,74.370833635857,
    74.863355712915,75.848399867033,76.83344402115,77.818488175267,
    78.803532329385,79.788576483502,80.773620637619,81.758664791737,
    82.743708945854,83.236231022913,83.728753099971,84.22127517703,
    84.713797254089,85.698841408206,86.683885562323,88.653973870558,
    89.639018024675,90.624062178792,92.594150487027,93.579194641144,
    94.564238795262,95.549282949379,96.534327103496,98.504415411731,
    99.489459565848,100.47450371996,102.4445920282,103.42963618231,
    104.41468033643,104.90720241349,105.39972449055,105.89224656761,
    106.38476864466,107.36981279878,108.3548569529,109.33990110702,
    110.32494526113,111.30998941525,112.29503356937,113.28007772349,
    114.2651218776,114.75764395466,115.25016603172,115.74268810878,
    116.23521018584,117.22025433996,118.20529849407,120.17538680231,
    121.16043095642,122.14547511054,124.11556341878,125.10060757289,
    126.08565172701),.UNSPECIFIED.);
#765 = CARTESIAN_POINT('',(9.241979396464,11.103150719405));
#766 = CARTESIAN_POINT('',(9.433185703595,11.034739616008));
#767 = CARTESIAN_POINT('',(9.625752960493,10.984733108867));
#768 = CARTESIAN_POINT('',(9.819547033139,10.951087925537));
#769 = CARTESIAN_POINT('',(10.014354856076,10.930671461911));
#770 = CARTESIAN_POINT('',(10.210120300553,10.922516995264));
#771 = CARTESIAN_POINT('',(10.406719642875,10.92472492631));
#772 = CARTESIAN_POINT('',(10.603856363901,10.933010907109));
#773 = CARTESIAN_POINT('',(10.801239828882,10.943171800524));
#774 = CARTESIAN_POINT('',(10.998797216284,10.954010507087));
#775 = CARTESIAN_POINT('',(11.39370854901,10.969051061297));
#776 = CARTESIAN_POINT('',(11.591292401005,10.973502749323));
#777 = CARTESIAN_POINT('',(11.787315159435,10.970881544222));
#778 = CARTESIAN_POINT('',(11.986339576565,10.968276098664));
#779 = CARTESIAN_POINT('',(12.181724688209,10.954919959969));
#780 = CARTESIAN_POINT('',(12.376804534848,10.934890408548));
#781 = CARTESIAN_POINT('',(12.575653326685,10.913700575682));
#782 = CARTESIAN_POINT('',(12.771434566294,10.88070297242));
#783 = CARTESIAN_POINT('',(12.964450751011,10.836334576942));
#784 = CARTESIAN_POINT('',(13.247579054648,10.74851156895));
#785 = CARTESIAN_POINT('',(13.340822397889,10.715736142513));
#786 = CARTESIAN_POINT('',(13.432856095123,10.67907573101));
#787 = CARTESIAN_POINT('',(13.523611573082,10.638139778339));
#788 = CARTESIAN_POINT('',(13.612865509918,10.592661706313));
#789 = CARTESIAN_POINT('',(13.700165777279,10.542558246429));
#790 = CARTESIAN_POINT('',(13.784846388359,10.487917464416));
#791 = CARTESIAN_POINT('',(13.866131451224,10.428915477076));
#792 = CARTESIAN_POINT('',(13.943328128128,10.3656618619));
#793 = CARTESIAN_POINT('',(14.088889072337,10.23028565625));
#794 = CARTESIAN_POINT('',(14.157120101283,10.158209180736));
#795 = CARTESIAN_POINT('',(14.220551549303,10.082008747754));
#796 = CARTESIAN_POINT('',(14.277792421994,10.001145436291));
#797 = CARTESIAN_POINT('',(14.328373452285,9.915729361285));
#798 = CARTESIAN_POINT('',(14.372877102369,9.826611214677));
#799 = CARTESIAN_POINT('',(14.412086590833,9.734783051397));
#800 = CARTESIAN_POINT('',(14.446105552253,9.640758396076));
#801 = CARTESIAN_POINT('',(14.474399936512,9.544601746548));
#802 = CARTESIAN_POINT('',(14.544341392263,9.252629156857));
#803 = CARTESIAN_POINT('',(14.570780330463,9.05221689823));
#804 = CARTESIAN_POINT('',(14.576830698456,8.854785926533));
#805 = CARTESIAN_POINT('',(14.56701353099,8.658298138134));
#806 = CARTESIAN_POINT('',(14.543010074334,8.460621964919));
#807 = CARTESIAN_POINT('',(14.506551754387,8.264426787685));
#808 = CARTESIAN_POINT('',(14.461670608953,8.07099788343));
#809 = CARTESIAN_POINT('',(14.411667060755,7.877833549393));
#810 = CARTESIAN_POINT('',(14.354859932765,7.687384769539));
#811 = CARTESIAN_POINT('',(14.263798905172,7.405031866302));
#812 = CARTESIAN_POINT('',(14.232463781754,7.311592542436));
#813 = CARTESIAN_POINT('',(14.200175795344,7.218603049211));
#814 = CARTESIAN_POINT('',(14.167186255478,7.126219022612));
#815 = CARTESIAN_POINT('',(14.133790594069,7.034672192957));
#816 = CARTESIAN_POINT('',(14.100209947515,6.944066159041));
#817 = CARTESIAN_POINT('',(14.066532923585,6.854275958168));
#818 = CARTESIAN_POINT('',(14.03271755298,6.764951431843));
#819 = CARTESIAN_POINT('',(13.998653425676,6.675624387345));
#820 = CARTESIAN_POINT('',(13.929914598256,6.496214722676));
#821 = CARTESIAN_POINT('',(13.895434228547,6.406275549679));
#822 = CARTESIAN_POINT('',(13.859540762109,6.314963770088));
#823 = CARTESIAN_POINT('',(13.826245927949,6.224475281784));
#824 = CARTESIAN_POINT('',(13.788356561199,6.129975522082));
#825 = CARTESIAN_POINT('',(13.751992893132,6.034983359176));
#826 = CARTESIAN_POINT('',(13.718842663044,5.940236514001));
#827 = CARTESIAN_POINT('',(13.677291253249,5.838126203057));
#828 = CARTESIAN_POINT('',(13.640314926884,5.736473081092));
#829 = CARTESIAN_POINT('',(13.590457394146,5.583409452802));
#830 = CARTESIAN_POINT('',(13.574876580426,5.532356092579));
#831 = CARTESIAN_POINT('',(13.560639313715,5.481421911923));
#832 = CARTESIAN_POINT('',(13.548050777172,5.430758241198));
#833 = CARTESIAN_POINT('',(13.53741615394,5.380516410759));
#834 = CARTESIAN_POINT('',(13.529040627183,5.330847750975));
#835 = CARTESIAN_POINT('',(13.523229380041,5.281903592199));
#836 = CARTESIAN_POINT('',(13.520287595677,5.233835264797));
#837 = CARTESIAN_POINT('',(13.520520457236,5.186794099127));
#838 = CARTESIAN_POINT('',(13.527945838513,5.095068751977));
#839 = CARTESIAN_POINT('',(13.535171643213,5.050396834656));
#840 = CARTESIAN_POINT('',(13.545936030883,5.006963940651));
#841 = CARTESIAN_POINT('',(13.56120726838,4.965165719643));
#842 = CARTESIAN_POINT('',(13.581191911973,4.925117162003));
#843 = CARTESIAN_POINT('',(13.605227374212,4.886613014075));
#844 = CARTESIAN_POINT('',(13.632485163731,4.849386893366));
#845 = CARTESIAN_POINT('',(13.662698393756,4.813379345788));
#846 = CARTESIAN_POINT('',(13.696127156896,4.778725087674));
#847 = CARTESIAN_POINT('',(13.767823567626,4.711614261905));
#848 = CARTESIAN_POINT('',(13.806203220469,4.679198963619));
#849 = CARTESIAN_POINT('',(13.846783907657,4.647840918968));
#850 = CARTESIAN_POINT('',(13.889235216077,4.617457266999));
#851 = CARTESIAN_POINT('',(13.93322673258,4.587965146739));
#852 = CARTESIAN_POINT('',(13.978428044067,4.55928169724));
#853 = CARTESIAN_POINT('',(14.024508737385,4.53132405753));
#854 = CARTESIAN_POINT('',(14.071138399428,4.504009366656));
#855 = CARTESIAN_POINT('',(14.117986617056,4.477254763652));
#856 = CARTESIAN_POINT('',(14.211459337242,4.424700011469));
#857 = CARTESIAN_POINT('',(14.257987255882,4.398885690484));
#858 = CARTESIAN_POINT('',(14.304080440774,4.373466841346));
#859 = CARTESIAN_POINT('',(14.34964754887,4.348395681957));
#860 = CARTESIAN_POINT('',(14.39469487378,4.323638756496));
#861 = CARTESIAN_POINT('',(14.439289033177,4.299171460519));
#862 = CARTESIAN_POINT('',(14.483519656203,4.274972566066));
#863 = CARTESIAN_POINT('',(14.527462070884,4.251018746767));
#864 = CARTESIAN_POINT('',(14.571139991526,4.227279102946));
#865 = CARTESIAN_POINT('',(14.701184635358,4.156570854299));
#866 = CARTESIAN_POINT('',(14.786761809402,4.110141986696));
#867 = CARTESIAN_POINT('',(14.871492757743,4.064178983708));
#868 = CARTESIAN_POINT('',(14.955586237873,4.018460416811));
#869 = CARTESIAN_POINT('',(15.039287177268,3.972752098716));
#870 = CARTESIAN_POINT('',(15.122905866838,3.926796785288));
#871 = CARTESIAN_POINT('',(15.20677590705,3.880329010136));
#872 = CARTESIAN_POINT('',(15.291140905328,3.833115051526));
#873 = CARTESIAN_POINT('',(15.375969926074,3.785018031943));
#874 = CARTESIAN_POINT('',(15.545433458423,3.687158268167));
#875 = CARTESIAN_POINT('',(15.63019725707,3.637352054398));
#876 = CARTESIAN_POINT('',(15.71482792991,3.586579163108));
#877 = CARTESIAN_POINT('',(15.799160318689,3.534749248658));
#878 = CARTESIAN_POINT('',(15.883029265117,3.481771965404));
#879 = CARTESIAN_POINT('',(15.966269610942,3.427556967712));
#880 = CARTESIAN_POINT('',(16.048716197883,3.372013909935));
#881 = CARTESIAN_POINT('',(16.130203867671,3.315052446438));
#882 = CARTESIAN_POINT('',(16.210567462041,3.256582231578));
#883 = CARTESIAN_POINT('',(16.368716183395,3.136443607854));
#884 = CARTESIAN_POINT('',(16.446465266323,3.074746318035));
#885 = CARTESIAN_POINT('',(16.522622658903,3.011249572777));
#886 = CARTESIAN_POINT('',(16.596921948602,2.945781894603));
#887 = CARTESIAN_POINT('',(16.669096722765,2.878171806026));
#888 = CARTESIAN_POINT('',(16.738880568906,2.808247829573));
#889 = CARTESIAN_POINT('',(16.806007074357,2.735838487755));
#890 = CARTESIAN_POINT('',(16.870209826604,2.660772303098));
#891 = CARTESIAN_POINT('',(16.931222413031,2.582877798117));
#892 = CARTESIAN_POINT('',(17.046334429116,2.421089192548));
#893 = CARTESIAN_POINT('',(17.100512431539,2.337037541562));
#894 = CARTESIAN_POINT('',(17.150813149961,2.250123996385));
#895 = CARTESIAN_POINT('',(17.19673507197,2.160648490585));
#896 = CARTESIAN_POINT('',(17.237774451145,2.068915437278));
#897 = CARTESIAN_POINT('',(17.273425307035,1.975233729137));
#898 = CARTESIAN_POINT('',(17.303179425171,1.879916738385));
#899 = CARTESIAN_POINT('',(17.326526357065,1.783282316801));
#900 = CARTESIAN_POINT('',(17.342953420204,1.685652795715));
#901 = CARTESIAN_POINT('',(17.360937975914,1.489057176306));
#902 = CARTESIAN_POINT('',(17.362497617668,1.390067584417));
#903 = CARTESIAN_POINT('',(17.357071696119,1.290801023937));
#904 = CARTESIAN_POINT('',(17.345105899856,1.191667497913));
#905 = CARTESIAN_POINT('',(17.327044533382,1.093072198851));
#906 = CARTESIAN_POINT('',(17.30333051693,0.995415508712));
#907 = CARTESIAN_POINT('',(17.274405386683,0.899092998912));
#908 = CARTESIAN_POINT('',(17.240709294561,0.804495430323));
#909 = CARTESIAN_POINT('',(17.20268100839,0.712008753276));
#910 = CARTESIAN_POINT('',(17.118834815194,0.532019461835));
#911 = CARTESIAN_POINT('',(17.072968225727,0.444347655761));
#912 = CARTESIAN_POINT('',(17.023451247053,0.358878396407));
#913 = CARTESIAN_POINT('',(16.970576982832,0.275491390848));
#914 = CARTESIAN_POINT('',(16.914638536727,0.194066346155));
#915 = CARTESIAN_POINT('',(16.855929012402,0.114482969403));
#916 = CARTESIAN_POINT('',(16.794741513514,3.662096766563E-02));
#917 = CARTESIAN_POINT('',(16.731369143731,-3.963995198461E-02));
#918 = CARTESIAN_POINT('',(16.666105006709,-0.114420082474));
#919 = CARTESIAN_POINT('',(16.532379405519,-0.261259350984));
#920 = CARTESIAN_POINT('',(16.463958627254,-0.333340350646));
#921 = CARTESIAN_POINT('',(16.394158680895,-0.404141595325));
#922 = CARTESIAN_POINT('',(16.323158376007,-0.473721964631));
#923 = CARTESIAN_POINT('',(16.251136522174,-0.542140338172));
#924 = CARTESIAN_POINT('',(16.178271928954,-0.60945559556));
#925 = CARTESIAN_POINT('',(16.104743405932,-0.675726616402));
#926 = CARTESIAN_POINT('',(16.030729762672,-0.74101228031));
#927 = CARTESIAN_POINT('',(15.956409808751,-0.805371466892));
#928 = CARTESIAN_POINT('',(15.807514898728,-0.932354644624));
#929 = CARTESIAN_POINT('',(15.732820688419,-0.9950448417));
#930 = CARTESIAN_POINT('',(15.658422576624,-1.05678244322));
#931 = CARTESIAN_POINT('',(15.584375820613,-1.117696441705));
#932 = CARTESIAN_POINT('',(15.510483262488,-1.178060879592));
#933 = CARTESIAN_POINT('',(15.436465004634,-1.238197345414));
#934 = CARTESIAN_POINT('',(15.362062580272,-1.298415112641));
#935 = CARTESIAN_POINT('',(15.287077617851,-1.358988921042));
#936 = CARTESIAN_POINT('',(15.211345000526,-1.420174400708));
#937 = CARTESIAN_POINT('',(15.096288279339,-1.513304507586));
#938 = CARTESIAN_POINT('',(15.05764269096,-1.544575100545));
#939 = CARTESIAN_POINT('',(15.018775858218,-1.576104303794));
#940 = CARTESIAN_POINT('',(14.979670066827,-1.607926806842));
#941 = CARTESIAN_POINT('',(14.940255471267,-1.640079216413));
#942 = CARTESIAN_POINT('',(14.900447781538,-1.672598670457));
#943 = CARTESIAN_POINT('',(14.860185949795,-1.705521452148));
#944 = CARTESIAN_POINT('',(14.819469857133,-1.738881603892));
#945 = CARTESIAN_POINT('',(14.778398000212,-1.772709541329));
#946 = CARTESIAN_POINT('',(14.696012355835,-1.841351793349));
#947 = CARTESIAN_POINT('',(14.65479612068,-1.876162520269));
#948 = CARTESIAN_POINT('',(14.613896436341,-1.911484383358));
#949 = CARTESIAN_POINT('',(14.573653266566,-1.947338917867));
#950 = CARTESIAN_POINT('',(14.534406575166,-1.983747659056));
#951 = CARTESIAN_POINT('',(14.496496325866,-2.020732142177));
#952 = CARTESIAN_POINT('',(14.460262482481,-2.058313902487));
#953 = CARTESIAN_POINT('',(14.426045008754,-2.096514475241));
#954 = CARTESIAN_POINT('',(14.394183868471,-2.135355395694));
#955 = CARTESIAN_POINT('',(14.335854182328,-2.21436100251));
#956 = CARTESIAN_POINT('',(14.3092680019,-2.254505426655));
#957 = CARTESIAN_POINT('',(14.286089530339,-2.295397249844));
#958 = CARTESIAN_POINT('',(14.266038547233,-2.336951182383));
#959 = CARTESIAN_POINT('',(14.249388297132,-2.379177267335));
#960 = CARTESIAN_POINT('',(14.237001855275,-2.422187144403));
#961 = CARTESIAN_POINT('',(14.229568054554,-2.46606244055));
#962 = CARTESIAN_POINT('',(14.226862901647,-2.510727551038));
#963 = CARTESIAN_POINT('',(14.227862409362,-2.55596907448));
#964 = CARTESIAN_POINT('',(14.237203136686,-2.647519256697));
#965 = CARTESIAN_POINT('',(14.245509398421,-2.693821894078));
#966 = CARTESIAN_POINT('',(14.257123981017,-2.740558630967));
#967 = CARTESIAN_POINT('',(14.271719307237,-2.787636020593));
#968 = CARTESIAN_POINT('',(14.288967799885,-2.834960616196));
#969 = CARTESIAN_POINT('',(14.308541881712,-2.882438971002));
#970 = CARTESIAN_POINT('',(14.330113975523,-2.929977638252));
#971 = CARTESIAN_POINT('',(14.353356504081,-2.977483171173));
#972 = CARTESIAN_POINT('',(14.377941890174,-3.024862123003));
#973 = CARTESIAN_POINT('',(14.454743889385,-3.166338894912));
#974 = CARTESIAN_POINT('',(14.509550445147,-3.259595645365));
#975 = CARTESIAN_POINT('',(14.568939090089,-3.352471881373));
#976 = CARTESIAN_POINT('',(14.618729690918,-3.439631042419));
#977 = CARTESIAN_POINT('',(14.671724945047,-3.526448421994));
#978 = CARTESIAN_POINT('',(14.726131275435,-3.612504771017));
#979 = CARTESIAN_POINT('',(14.77529146541,-3.695450034932));
#980 = CARTESIAN_POINT('',(14.827156685819,-3.77873351047));
#981 = CARTESIAN_POINT('',(14.877383315853,-3.860923612349));
#982 = CARTESIAN_POINT('',(14.977533651125,-4.024883370233));
#983 = CARTESIAN_POINT('',(15.027240203745,-4.106547208127));
#984 = CARTESIAN_POINT('',(15.076701878689,-4.188253820678));
#985 = CARTESIAN_POINT('',(15.126112304437,-4.270443653476));
#986 = CARTESIAN_POINT('',(15.175576331219,-4.353453462871));
#987 = CARTESIAN_POINT('',(15.225029430491,-4.437422178082));
#988 = CARTESIAN_POINT('',(15.274235163478,-4.522287944465));
#989 = CARTESIAN_POINT('',(15.322860718562,-4.607876348053));
#990 = CARTESIAN_POINT('',(15.370630517714,-4.694079821239));
#991 = CARTESIAN_POINT('',(15.511412640058,-4.955225046681));
#992 = CARTESIAN_POINT('',(15.601829898062,-5.132204260119));
#993 = CARTESIAN_POINT('',(15.68605706496,-5.313092812829));
#994 = CARTESIAN_POINT('',(15.765272007546,-5.495158128564));
#995 = CARTESIAN_POINT('',(15.836706942791,-5.681472668097));
#996 = CARTESIAN_POINT('',(15.896172692459,-5.871509198403));
#997 = CARTESIAN_POINT('',(15.941470703984,-6.06295032334));
#998 = CARTESIAN_POINT('',(15.971346847277,-6.2582042738));
#999 = CARTESIAN_POINT('',(15.981753776836,-6.460111831121));
#1000 = CARTESIAN_POINT('',(15.965994483649,-6.759953917828));
#1001 = CARTESIAN_POINT('',(15.955631930404,-6.859656952351));
#1002 = CARTESIAN_POINT('',(15.939240439884,-6.95829500977));
#1003 = CARTESIAN_POINT('',(15.917343326391,-7.055713285259));
#1004 = CARTESIAN_POINT('',(15.889744025769,-7.151424752989));
#1005 = CARTESIAN_POINT('',(15.855478795649,-7.244588337469));
#1006 = CARTESIAN_POINT('',(15.813810526266,-7.334467553254));
#1007 = CARTESIAN_POINT('',(15.765189398736,-7.420873844842));
#1008 = CARTESIAN_POINT('',(15.711106126561,-7.504098858245));
#1009 = CARTESIAN_POINT('',(15.592420907614,-7.663580893693));
#1010 = CARTESIAN_POINT('',(15.527952175584,-7.739774319153));
#1011 = CARTESIAN_POINT('',(15.458696067426,-7.812531056542));
#1012 = CARTESIAN_POINT('',(15.385335870854,-7.881629898761));
#1013 = CARTESIAN_POINT('',(15.308633268491,-7.946774072261));
#1014 = CARTESIAN_POINT('',(15.229246203426,-8.007766800123));
#1015 = CARTESIAN_POINT('',(15.147630757866,-8.064605884029));
#1016 = CARTESIAN_POINT('',(15.064027043488,-8.117497304315));
#1017 = CARTESIAN_POINT('',(14.978529104855,-8.166787838909));
#1018 = CARTESIAN_POINT('',(14.716658294706,-8.304874423743));
#1019 = CARTESIAN_POINT('',(14.535254493735,-8.383791769712));
#1020 = CARTESIAN_POINT('',(14.347967335394,-8.450926928733));
#1021 = CARTESIAN_POINT('',(14.157286998416,-8.509396485169));
#1022 = CARTESIAN_POINT('',(13.964822898843,-8.561264720308));
#1023 = CARTESIAN_POINT('',(13.771127697976,-8.607243187177));
#1024 = CARTESIAN_POINT('',(13.576638843297,-8.647700514661));
#1025 = CARTESIAN_POINT('',(13.382600132029,-8.683782398872));
#1026 = CARTESIAN_POINT('',(13.190825784279,-8.717441739154));
#1027 = CARTESIAN_POINT('',(12.906341380537,-8.76504744526));
#1028 = CARTESIAN_POINT('',(12.811924930732,-8.780470728527));
#1029 = CARTESIAN_POINT('',(12.717600579959,-8.7955874511));
#1030 = CARTESIAN_POINT('',(12.623048742454,-8.810536337702));
#1031 = CARTESIAN_POINT('',(12.527949832493,-8.825456113094));
#1032 = CARTESIAN_POINT('',(12.431984264297,-8.840485501982));
#1033 = CARTESIAN_POINT('',(12.334832452143,-8.855763229131));
#1034 = CARTESIAN_POINT('',(12.236174810264,-8.871428019257));
#1035 = CARTESIAN_POINT('',(12.135691752919,-8.887618597108));
#1036 = CARTESIAN_POINT('',(11.930435635794,-8.921328777723));
#1037 = CARTESIAN_POINT('',(11.825771161155,-8.938905858305));
#1038 = CARTESIAN_POINT('',(11.717145145219,-8.956493787136));
#1039 = CARTESIAN_POINT('',(11.609832957336,-8.977192889368));
#1040 = CARTESIAN_POINT('',(11.505869446735,-9.0023881724));
#1041 = CARTESIAN_POINT('',(11.406181437732,-9.032878128307));
#1042 = CARTESIAN_POINT('',(11.313482075659,-9.070406809726));
#1043 = CARTESIAN_POINT('',(11.231115702275,-9.117052383104));
#1044 = CARTESIAN_POINT('',(11.160042279626,-9.173630881423));
#1045 = CARTESIAN_POINT('',(11.046259159184,-9.310327911506));
#1046 = CARTESIAN_POINT('',(11.003326425663,-9.390248409778));
#1047 = CARTESIAN_POINT('',(10.972900630632,-9.480344213621));
#1048 = CARTESIAN_POINT('',(10.952526809359,-9.577950694019));
#1049 = CARTESIAN_POINT('',(10.940282161394,-9.681075910857));
#1050 = CARTESIAN_POINT('',(10.934716680672,-9.788325565591));
#1051 = CARTESIAN_POINT('',(10.934119588881,-9.897975727329));
#1052 = CARTESIAN_POINT('',(10.936031986925,-10.00735679376));
#1053 = CARTESIAN_POINT('',(10.937926138374,-10.11371214794));
#1054 = CARTESIAN_POINT('',(10.942017460915,-10.32167779649));
#1055 = CARTESIAN_POINT('',(10.944327412707,-10.4234306527));
#1056 = CARTESIAN_POINT('',(10.946823218983,-10.52329299245));
#1057 = CARTESIAN_POINT('',(10.949426443708,-10.62160426736));
#1058 = CARTESIAN_POINT('',(10.952058650838,-10.71870392901));
#1059 = CARTESIAN_POINT('',(10.954641404345,-10.81493142903));
#1060 = CARTESIAN_POINT('',(10.957096268181,-10.91062621901));
#1061 = CARTESIAN_POINT('',(10.959344806317,-11.00612775055));
#1062 = CARTESIAN_POINT('',(10.961308582709,-11.10177547526));
#1063 = CARTESIAN_POINT('',(10.966110318551,-11.39017558372));
#1064 = CARTESIAN_POINT('',(10.967805485421,-11.5848740122));
#1065 = CARTESIAN_POINT('',(10.967529167831,-11.78223876967));
#1066 = CARTESIAN_POINT('',(10.96303170637,-11.98084008582));
#1067 = CARTESIAN_POINT('',(10.952960745102,-12.17966268514));
#1068 = CARTESIAN_POINT('',(10.936874402589,-12.37834326551));
#1069 = CARTESIAN_POINT('',(10.913972660698,-12.57646744416));
#1070 = CARTESIAN_POINT('',(10.881933486753,-12.77282706472));
#1071 = CARTESIAN_POINT('',(10.837240204574,-12.96553875879));
#1072 = CARTESIAN_POINT('',(10.748959842641,-13.24811760409));
#1073 = CARTESIAN_POINT('',(10.716000317174,-13.34113977345));
#1074 = CARTESIAN_POINT('',(10.67915598358,-13.43295250938));
#1075 = CARTESIAN_POINT('',(10.638068756292,-13.52352624823));
#1076 = CARTESIAN_POINT('',(10.592492507604,-13.61266223706));
#1077 = CARTESIAN_POINT('',(10.542346647206,-13.69991156506));
#1078 = CARTESIAN_POINT('',(10.487705307608,-13.78459150627));
#1079 = CARTESIAN_POINT('',(10.428722135685,-13.8658991737));
#1080 = CARTESIAN_POINT('',(10.365490690114,-13.94312248485));
#1081 = CARTESIAN_POINT('',(10.230190199646,-14.08877439217));
#1082 = CARTESIAN_POINT('',(10.158159525058,-14.15706044567));
#1083 = CARTESIAN_POINT('',(10.082009316365,-14.22055223242));
#1084 = CARTESIAN_POINT('',(10.001182291111,-14.27783669883));
#1085 = CARTESIAN_POINT('',(9.915782193581,-14.32843692423));
#1086 = CARTESIAN_POINT('',(9.826667027122,-14.37294415462));
#1087 = CARTESIAN_POINT('',(9.734838769692,-14.41215352997));
#1088 = CARTESIAN_POINT('',(9.640812028216,-14.44616998512));
#1089 = CARTESIAN_POINT('',(9.544644087121,-14.47445080385));
#1090 = CARTESIAN_POINT('',(9.252638245479,-14.5443523112));
#1091 = CARTESIAN_POINT('',(9.052193752766,-14.57075252384));
#1092 = CARTESIAN_POINT('',(8.85475990576,-14.57679943748));
#1093 = CARTESIAN_POINT('',(8.65827743148,-14.56698865431));
#1094 = CARTESIAN_POINT('',(8.460605622684,-14.54299044102));
#1095 = CARTESIAN_POINT('',(8.264422319402,-14.50654638624));
#1096 = CARTESIAN_POINT('',(8.071006094193,-14.46168047325));
#1097 = CARTESIAN_POINT('',(7.877837674419,-14.4116720165));
#1098 = CARTESIAN_POINT('',(7.687390566432,-14.35486689706));
#1099 = CARTESIAN_POINT('',(7.405036180084,-14.26380408768));
#1100 = CARTESIAN_POINT('',(7.3115961113,-14.23246806933));
#1101 = CARTESIAN_POINT('',(7.218605633413,-14.20017889996));
#1102 = CARTESIAN_POINT('',(7.126220529879,-14.16718806628));
#1103 = CARTESIAN_POINT('',(7.034672705527,-14.13379120986));
#1104 = CARTESIAN_POINT('',(6.944065888125,-14.10020962204));
#1105 = CARTESIAN_POINT('',(6.854275162586,-14.06653196778));
#1106 = CARTESIAN_POINT('',(6.764950337955,-14.0327162388));
#1107 = CARTESIAN_POINT('',(6.675623147027,-13.99865193557));
#1108 = CARTESIAN_POINT('',(6.496213410431,-13.92991302174));
#1109 = CARTESIAN_POINT('',(6.406274326967,-13.89543275959));
#1110 = CARTESIAN_POINT('',(6.314962709689,-13.85953948816));
#1111 = CARTESIAN_POINT('',(6.224474495015,-13.82624498273));
#1112 = CARTESIAN_POINT('',(6.129974966373,-13.78835589358));
#1113 = CARTESIAN_POINT('',(6.034983066701,-13.75199254175));
#1114 = CARTESIAN_POINT('',(5.940236515576,-13.71884266494));
#1115 = CARTESIAN_POINT('',(5.838126299656,-13.6772913693));
#1116 = CARTESIAN_POINT('',(5.736473266198,-13.64031514926));
#1117 = CARTESIAN_POINT('',(5.583409693794,-13.59045768367));
#1118 = CARTESIAN_POINT('',(5.532356341171,-13.57487687907));
#1119 = CARTESIAN_POINT('',(5.481422158535,-13.56063960999));
#1120 = CARTESIAN_POINT('',(5.430758477689,-13.54805106128));
#1121 = CARTESIAN_POINT('',(5.38051663045,-13.53741641787));
#1122 = CARTESIAN_POINT('',(5.330847948615,-13.52904086462));
#1123 = CARTESIAN_POINT('',(5.281903764001,-13.52322958644));
#1124 = CARTESIAN_POINT('',(5.23383540841,-13.52028776821));
#1125 = CARTESIAN_POINT('',(5.186794213652,-13.52052059482));
#1126 = CARTESIAN_POINT('',(5.095068809416,-13.52794590751));
#1127 = CARTESIAN_POINT('',(5.050396864193,-13.5351716787));
#1128 = CARTESIAN_POINT('',(5.006963943573,-13.54593603439));
#1129 = CARTESIAN_POINT('',(4.965165700586,-13.56120724548));
#1130 = CARTESIAN_POINT('',(4.925117126763,-13.58119186963));
#1131 = CARTESIAN_POINT('',(4.886612967125,-13.60522731781));
#1132 = CARTESIAN_POINT('',(4.84938683737,-13.63248509645));
#1133 = CARTESIAN_POINT('',(4.813379283222,-13.66269831859));
#1134 = CARTESIAN_POINT('',(4.778725022328,-13.69612707838));
#1135 = CARTESIAN_POINT('',(4.711614195159,-13.76782348743));
#1136 = CARTESIAN_POINT('',(4.679198898573,-13.80620314232));
#1137 = CARTESIAN_POINT('',(4.647840857652,-13.84678383399));
#1138 = CARTESIAN_POINT('',(4.617457211055,-13.88923514885));
#1139 = CARTESIAN_POINT('',(4.587965097451,-13.93322667337));
#1140 = CARTESIAN_POINT('',(4.559281655499,-13.97842799391));
#1141 = CARTESIAN_POINT('',(4.531324023863,-14.02450869694));
#1142 = CARTESIAN_POINT('',(4.50400934121,-14.07113836885));
#1143 = CARTESIAN_POINT('',(4.4772547462,-14.11798659608));
#1144 = CARTESIAN_POINT('',(4.424700008795,-14.21145933403));
#1145 = CARTESIAN_POINT('',(4.398885694477,-14.25798726067));
#1146 = CARTESIAN_POINT('',(4.373466851038,-14.30408045242));
#1147 = CARTESIAN_POINT('',(4.348395696291,-14.34964756608));
#1148 = CARTESIAN_POINT('',(4.323638774471,-14.39469489538));
#1149 = CARTESIAN_POINT('',(4.299171481225,-14.43928905804));
#1150 = CARTESIAN_POINT('',(4.274972588756,-14.48351968346));
#1151 = CARTESIAN_POINT('',(4.251018770804,-14.52746209976));
#1152 = CARTESIAN_POINT('',(4.227279127763,-14.57114002134));
#1153 = CARTESIAN_POINT('',(4.156570879592,-14.70118466574));
#1154 = CARTESIAN_POINT('',(4.110142010076,-14.78676183749));
#1155 = CARTESIAN_POINT('',(4.064179003535,-14.87149278155));
#1156 = CARTESIAN_POINT('',(4.018460431947,-14.95558625606));
#1157 = CARTESIAN_POINT('',(3.972752108552,-15.03928718907));
#1158 = CARTESIAN_POINT('',(3.9267967899,-15.12290587238));
#1159 = CARTESIAN_POINT('',(3.880329010277,-15.20677590721));
#1160 = CARTESIAN_POINT('',(3.833115048512,-15.2911409017));
#1161 = CARTESIAN_POINT('',(3.785018027164,-15.37596992033));
#1162 = CARTESIAN_POINT('',(3.687158261011,-15.54543344982));
#1163 = CARTESIAN_POINT('',(3.63735204684,-15.63019724798));
#1164 = CARTESIAN_POINT('',(3.586579155794,-15.71482792112));
#1165 = CARTESIAN_POINT('',(3.534749242087,-15.79916031079));
#1166 = CARTESIAN_POINT('',(3.481771959937,-15.88302925855));
#1167 = CARTESIAN_POINT('',(3.427556963559,-15.96626960595));
#1168 = CARTESIAN_POINT('',(3.372013907172,-16.04871619456));
#1169 = CARTESIAN_POINT('',(3.315052444989,-16.13020386593));
#1170 = CARTESIAN_POINT('',(3.25658223123,-16.21056746162));
#1171 = CARTESIAN_POINT('',(3.13644360899,-16.36871618476));
#1172 = CARTESIAN_POINT('',(3.074746319622,-16.44646526822));
#1173 = CARTESIAN_POINT('',(3.011249574568,-16.52262266106));
#1174 = CARTESIAN_POINT('',(2.945781896398,-16.59692195075));
#1175 = CARTESIAN_POINT('',(2.878171807668,-16.66909672474));
#1176 = CARTESIAN_POINT('',(2.808247830951,-16.73888057055));
#1177 = CARTESIAN_POINT('',(2.735838488805,-16.80600707562));
#1178 = CARTESIAN_POINT('',(2.660772303798,-16.87020982744));
#1179 = CARTESIAN_POINT('',(2.582877798492,-16.93122241348));
#1180 = CARTESIAN_POINT('',(2.421089192414,-17.04633442895));
#1181 = CARTESIAN_POINT('',(2.337037541263,-17.10051243117));
#1182 = CARTESIAN_POINT('',(2.250123995999,-17.15081314949));
#1183 = CARTESIAN_POINT('',(2.160648490174,-17.19673507147));
#1184 = CARTESIAN_POINT('',(2.068915436895,-17.23777445068));
#1185 = CARTESIAN_POINT('',(1.975233728816,-17.27342530664));
#1186 = CARTESIAN_POINT('',(1.879916738151,-17.30317942489));
#1187 = CARTESIAN_POINT('',(1.783282316659,-17.32652635689));
#1188 = CARTESIAN_POINT('',(1.685652795656,-17.34295342013));
#1189 = CARTESIAN_POINT('',(1.489057176365,-17.36093797598));
#1190 = CARTESIAN_POINT('',(1.390067584511,-17.36249761778));
#1191 = CARTESIAN_POINT('',(1.290801024046,-17.35707169624));
#1192 = CARTESIAN_POINT('',(1.191667498022,-17.34510589999));
#1193 = CARTESIAN_POINT('',(1.093072198948,-17.32704453348));
#1194 = CARTESIAN_POINT('',(0.995415508789,-17.30333051703));
#1195 = CARTESIAN_POINT('',(0.899092998964,-17.27440538673));
#1196 = CARTESIAN_POINT('',(0.804495430351,-17.24070929459));
#1197 = CARTESIAN_POINT('',(0.712008753283,-17.20268100839));
#1198 = CARTESIAN_POINT('',(0.532019461812,-17.11883481516));
#1199 = CARTESIAN_POINT('',(0.44434765573,-17.07296822569));
#1200 = CARTESIAN_POINT('',(0.358878396372,-17.023451247));
#1201 = CARTESIAN_POINT('',(0.275491390812,-16.97057698279));
#1202 = CARTESIAN_POINT('',(0.194066346123,-16.91463853668));
#1203 = CARTESIAN_POINT('',(0.114482969376,-16.85592901237));
#1204 = CARTESIAN_POINT('',(3.662096764454E-02,-16.79474151348));
#1205 = CARTESIAN_POINT('',(-3.963995199884E-02,-16.73136914371));
#1206 = CARTESIAN_POINT('',(-0.114420082482,-16.6661050067));
#1207 = CARTESIAN_POINT('',(-0.261259350981,-16.53237940552));
#1208 = CARTESIAN_POINT('',(-0.33334035064,-16.46395862726));
#1209 = CARTESIAN_POINT('',(-0.404141595316,-16.3941586809));
#1210 = CARTESIAN_POINT('',(-0.47372196462,-16.32315837601));
#1211 = CARTESIAN_POINT('',(-0.542140338162,-16.25113652219));
#1212 = CARTESIAN_POINT('',(-0.609455595549,-16.17827192896));
#1213 = CARTESIAN_POINT('',(-0.675726616393,-16.10474340594));
#1214 = CARTESIAN_POINT('',(-0.741012280302,-16.03072976268));
#1215 = CARTESIAN_POINT('',(-0.805371466886,-15.95640980875));
#1216 = CARTESIAN_POINT('',(-0.932354644622,-15.80751489873));
#1217 = CARTESIAN_POINT('',(-0.9950448417,-15.73282068842));
#1218 = CARTESIAN_POINT('',(-1.05678244322,-15.65842257661));
#1219 = CARTESIAN_POINT('',(-1.117696441708,-15.58437582062));
#1220 = CARTESIAN_POINT('',(-1.178060879593,-15.51048326247));
#1221 = CARTESIAN_POINT('',(-1.238197345418,-15.43646500463));
#1222 = CARTESIAN_POINT('',(-1.298415112643,-15.36206258026));
#1223 = CARTESIAN_POINT('',(-1.358988921044,-15.28707761785));
#1224 = CARTESIAN_POINT('',(-1.42017440071,-15.21134500052));
#1225 = CARTESIAN_POINT('',(-1.513304507587,-15.09628827933));
#1226 = CARTESIAN_POINT('',(-1.544575100546,-15.05764269095));
#1227 = CARTESIAN_POINT('',(-1.576104303795,-15.01877585821));
#1228 = CARTESIAN_POINT('',(-1.607926806843,-14.97967006682));
#1229 = CARTESIAN_POINT('',(-1.640079216414,-14.94025547126));
#1230 = CARTESIAN_POINT('',(-1.672598670457,-14.90044778153));
#1231 = CARTESIAN_POINT('',(-1.705521452148,-14.86018594979));
#1232 = CARTESIAN_POINT('',(-1.738881603892,-14.81946985713));
#1233 = CARTESIAN_POINT('',(-1.772709541329,-14.77839800021));
#1234 = CARTESIAN_POINT('',(-1.841351793348,-14.69601235583));
#1235 = CARTESIAN_POINT('',(-1.876162520269,-14.65479612068));
#1236 = CARTESIAN_POINT('',(-1.911484383357,-14.61389643633));
#1237 = CARTESIAN_POINT('',(-1.947338917867,-14.57365326657));
#1238 = CARTESIAN_POINT('',(-1.983747659055,-14.53440657515));
#1239 = CARTESIAN_POINT('',(-2.020732142177,-14.49649632587));
#1240 = CARTESIAN_POINT('',(-2.058313902486,-14.46026248247));
#1241 = CARTESIAN_POINT('',(-2.09651447524,-14.42604500875));
#1242 = CARTESIAN_POINT('',(-2.135355395693,-14.39418386847));
#1243 = CARTESIAN_POINT('',(-2.214361002509,-14.33585418232));
#1244 = CARTESIAN_POINT('',(-2.254505426655,-14.30926800189));
#1245 = CARTESIAN_POINT('',(-2.295397249844,-14.28608953034));
#1246 = CARTESIAN_POINT('',(-2.336951182382,-14.26603854722));
#1247 = CARTESIAN_POINT('',(-2.379177267335,-14.24938829713));
#1248 = CARTESIAN_POINT('',(-2.422187144402,-14.23700185527));
#1249 = CARTESIAN_POINT('',(-2.46606244055,-14.22956805455));
#1250 = CARTESIAN_POINT('',(-2.510727551038,-14.22686290164));
#1251 = CARTESIAN_POINT('',(-2.55596907448,-14.22786240936));
#1252 = CARTESIAN_POINT('',(-2.647519256697,-14.23720313668));
#1253 = CARTESIAN_POINT('',(-2.693821894079,-14.24550939842));
#1254 = CARTESIAN_POINT('',(-2.740558630966,-14.25712398101));
#1255 = CARTESIAN_POINT('',(-2.787636020595,-14.27171930724));
#1256 = CARTESIAN_POINT('',(-2.834960616195,-14.28896779987));
#1257 = CARTESIAN_POINT('',(-2.882438971004,-14.30854188171));
#1258 = CARTESIAN_POINT('',(-2.929977638251,-14.33011397552));
#1259 = CARTESIAN_POINT('',(-2.977483171173,-14.35335650408));
#1260 = CARTESIAN_POINT('',(-3.024862123003,-14.37794189017));
#1261 = CARTESIAN_POINT('',(-3.166338894912,-14.45474388938));
#1262 = CARTESIAN_POINT('',(-3.259595645364,-14.50955044514));
#1263 = CARTESIAN_POINT('',(-3.352471881373,-14.56893909009));
#1264 = CARTESIAN_POINT('',(-3.439631042419,-14.61872969091));
#1265 = CARTESIAN_POINT('',(-3.526448421994,-14.67172494504));
#1266 = CARTESIAN_POINT('',(-3.612504771017,-14.72613127543));
#1267 = CARTESIAN_POINT('',(-3.695450034932,-14.77529146541));
#1268 = CARTESIAN_POINT('',(-3.77873351047,-14.82715668581));
#1269 = CARTESIAN_POINT('',(-3.860923612349,-14.87738331585));
#1270 = CARTESIAN_POINT('',(-4.024883370233,-14.97753365112));
#1271 = CARTESIAN_POINT('',(-4.106547208127,-15.02724020374));
#1272 = CARTESIAN_POINT('',(-4.18825382068,-15.07670187869));
#1273 = CARTESIAN_POINT('',(-4.270443653474,-15.12611230443));
#1274 = CARTESIAN_POINT('',(-4.353453462874,-15.17557633122));
#1275 = CARTESIAN_POINT('',(-4.437422178079,-15.22502943048));
#1276 = CARTESIAN_POINT('',(-4.522287944467,-15.27423516348));
#1277 = CARTESIAN_POINT('',(-4.607876348052,-15.32286071856));
#1278 = CARTESIAN_POINT('',(-4.694079821239,-15.37063051771));
#1279 = CARTESIAN_POINT('',(-4.95522504668,-15.51141264005));
#1280 = CARTESIAN_POINT('',(-5.13220426012,-15.60182989806));
#1281 = CARTESIAN_POINT('',(-5.313092812826,-15.68605706494));
#1282 = CARTESIAN_POINT('',(-5.495158128569,-15.76527200756));
#1283 = CARTESIAN_POINT('',(-5.681472668092,-15.83670694277));
#1284 = CARTESIAN_POINT('',(-5.871509198407,-15.89617269247));
#1285 = CARTESIAN_POINT('',(-6.062950323338,-15.94147070397));
#1286 = CARTESIAN_POINT('',(-6.258204273801,-15.97134684728));
#1287 = CARTESIAN_POINT('',(-6.460111831121,-15.98175377683));
#1288 = CARTESIAN_POINT('',(-6.759953917828,-15.96599448365));
#1289 = CARTESIAN_POINT('',(-6.85965695235,-15.9556319304));
#1290 = CARTESIAN_POINT('',(-6.958295009773,-15.93924043989));
#1291 = CARTESIAN_POINT('',(-7.055713285255,-15.91734332638));
#1292 = CARTESIAN_POINT('',(-7.151424752994,-15.88974402578));
#1293 = CARTESIAN_POINT('',(-7.244588337466,-15.85547879563));
#1294 = CARTESIAN_POINT('',(-7.334467553256,-15.81381052627));
#1295 = CARTESIAN_POINT('',(-7.420873844841,-15.76518939873));
#1296 = CARTESIAN_POINT('',(-7.504098858246,-15.71110612656));
#1297 = CARTESIAN_POINT('',(-7.663580893692,-15.59242090761));
#1298 = CARTESIAN_POINT('',(-7.739774319155,-15.52795217558));
#1299 = CARTESIAN_POINT('',(-7.812531056537,-15.45869606741));
#1300 = CARTESIAN_POINT('',(-7.881629898769,-15.38533587087));
#1301 = CARTESIAN_POINT('',(-7.946774072251,-15.30863326847));
#1302 = CARTESIAN_POINT('',(-8.007766800131,-15.22924620344));
#1303 = CARTESIAN_POINT('',(-8.064605884024,-15.14763075785));
#1304 = CARTESIAN_POINT('',(-8.117497304316,-15.06402704349));
#1305 = CARTESIAN_POINT('',(-8.166787838909,-14.97852910485));
#1306 = CARTESIAN_POINT('',(-8.304874423744,-14.7166582947));
#1307 = CARTESIAN_POINT('',(-8.383791769709,-14.53525449373));
#1308 = CARTESIAN_POINT('',(-8.450926928738,-14.3479673354));
#1309 = CARTESIAN_POINT('',(-8.509396485161,-14.1572869984));
#1310 = CARTESIAN_POINT('',(-8.561264720316,-13.96482289885));
#1311 = CARTESIAN_POINT('',(-8.607243187171,-13.77112769796));
#1312 = CARTESIAN_POINT('',(-8.647700514665,-13.5766388433));
#1313 = CARTESIAN_POINT('',(-8.68378239887,-13.38260013202));
#1314 = CARTESIAN_POINT('',(-8.717441739154,-13.19082578428));
#1315 = CARTESIAN_POINT('',(-8.76504744526,-12.90634138053));
#1316 = CARTESIAN_POINT('',(-8.780470728528,-12.81192493073));
#1317 = CARTESIAN_POINT('',(-8.795587451096,-12.71760057995));
#1318 = CARTESIAN_POINT('',(-8.810536337708,-12.62304874246));
#1319 = CARTESIAN_POINT('',(-8.825456113088,-12.52794983248));
#1320 = CARTESIAN_POINT('',(-8.840485501986,-12.4319842643));
#1321 = CARTESIAN_POINT('',(-8.855763229128,-12.33483245214));
#1322 = CARTESIAN_POINT('',(-8.871428019258,-12.23617481026));
#1323 = CARTESIAN_POINT('',(-8.887618597107,-12.13569175291));
#1324 = CARTESIAN_POINT('',(-8.921328777723,-11.93043563579));
#1325 = CARTESIAN_POINT('',(-8.938905858305,-11.82577116115));
#1326 = CARTESIAN_POINT('',(-8.956493787136,-11.71714514521));
#1327 = CARTESIAN_POINT('',(-8.977192889369,-11.60983295734));
#1328 = CARTESIAN_POINT('',(-9.0023881724,-11.50586944672));
#1329 = CARTESIAN_POINT('',(-9.032878128306,-11.40618143773));
#1330 = CARTESIAN_POINT('',(-9.070406809727,-11.31348207565));
#1331 = CARTESIAN_POINT('',(-9.117052383104,-11.23111570227));
#1332 = CARTESIAN_POINT('',(-9.173630881423,-11.16004227962));
#1333 = CARTESIAN_POINT('',(-9.310327911506,-11.04625915918));
#1334 = CARTESIAN_POINT('',(-9.390248409778,-11.00332642566));
#1335 = CARTESIAN_POINT('',(-9.480344213621,-10.97290063063));
#1336 = CARTESIAN_POINT('',(-9.577950694019,-10.95252680935));
#1337 = CARTESIAN_POINT('',(-9.681075910857,-10.94028216139));
#1338 = CARTESIAN_POINT('',(-9.788325565592,-10.93471668067));
#1339 = CARTESIAN_POINT('',(-9.897975727329,-10.93411958888));
#1340 = CARTESIAN_POINT('',(-10.00735679376,-10.93603198692));
#1341 = CARTESIAN_POINT('',(-10.11371214794,-10.93792613837));
#1342 = CARTESIAN_POINT('',(-10.32167779649,-10.94201746091));
#1343 = CARTESIAN_POINT('',(-10.4234306527,-10.9443274127));
#1344 = CARTESIAN_POINT('',(-10.52329299245,-10.94682321898));
#1345 = CARTESIAN_POINT('',(-10.62160426736,-10.9494264437));
#1346 = CARTESIAN_POINT('',(-10.71870392902,-10.95205865083));
#1347 = CARTESIAN_POINT('',(-10.81493142903,-10.95464140434));
#1348 = CARTESIAN_POINT('',(-10.91062621901,-10.95709626818));
#1349 = CARTESIAN_POINT('',(-11.00612775055,-10.95934480631));
#1350 = CARTESIAN_POINT('',(-11.10177547526,-10.9613085827));
#1351 = CARTESIAN_POINT('',(-11.39017558372,-10.96611031855));
#1352 = CARTESIAN_POINT('',(-11.5848740122,-10.96780548542));
#1353 = CARTESIAN_POINT('',(-11.78223876967,-10.96752916782));
#1354 = CARTESIAN_POINT('',(-11.98084008582,-10.96303170637));
#1355 = CARTESIAN_POINT('',(-12.17966268514,-10.95296074509));
#1356 = CARTESIAN_POINT('',(-12.37834326551,-10.93687440259));
#1357 = CARTESIAN_POINT('',(-12.57646744416,-10.91397266069));
#1358 = CARTESIAN_POINT('',(-12.77282706472,-10.88193348675));
#1359 = CARTESIAN_POINT('',(-12.96553875879,-10.83724020457));
#1360 = CARTESIAN_POINT('',(-13.24811760409,-10.74895984264));
#1361 = CARTESIAN_POINT('',(-13.34113977345,-10.71600031717));
#1362 = CARTESIAN_POINT('',(-13.43295250939,-10.67915598358));
#1363 = CARTESIAN_POINT('',(-13.52352624822,-10.63806875628));
#1364 = CARTESIAN_POINT('',(-13.61266223707,-10.59249250761));
#1365 = CARTESIAN_POINT('',(-13.69991156506,-10.5423466472));
#1366 = CARTESIAN_POINT('',(-13.78459150627,-10.48770530761));
#1367 = CARTESIAN_POINT('',(-13.8658991737,-10.42872213568));
#1368 = CARTESIAN_POINT('',(-13.94312248484,-10.36549069011));
#1369 = CARTESIAN_POINT('',(-14.08877439217,-10.23019019964));
#1370 = CARTESIAN_POINT('',(-14.15706044567,-10.15815952505));
#1371 = CARTESIAN_POINT('',(-14.22055223243,-10.08200931636));
#1372 = CARTESIAN_POINT('',(-14.27783669882,-10.0011822911));
#1373 = CARTESIAN_POINT('',(-14.32843692424,-9.915782193585));
#1374 = CARTESIAN_POINT('',(-14.37294415461,-9.826667027119));
#1375 = CARTESIAN_POINT('',(-14.41215352998,-9.734838769694));
#1376 = CARTESIAN_POINT('',(-14.44616998512,-9.640812028216));
#1377 = CARTESIAN_POINT('',(-14.47445080385,-9.544644087121));
#1378 = CARTESIAN_POINT('',(-14.54435231119,-9.252638245478));
#1379 = CARTESIAN_POINT('',(-14.57075252384,-9.052193752768));
#1380 = CARTESIAN_POINT('',(-14.57679943747,-8.854759905756));
#1381 = CARTESIAN_POINT('',(-14.56698865432,-8.658277431487));
#1382 = CARTESIAN_POINT('',(-14.542990441,-8.460605622676));
#1383 = CARTESIAN_POINT('',(-14.50654638626,-8.264422319409));
#1384 = CARTESIAN_POINT('',(-14.46168047324,-8.071006094189));
#1385 = CARTESIAN_POINT('',(-14.4116720165,-7.877837674421));
#1386 = CARTESIAN_POINT('',(-14.35486689706,-7.687390566432));
#1387 = CARTESIAN_POINT('',(-14.26380408768,-7.405036180084));
#1388 = CARTESIAN_POINT('',(-14.23246806933,-7.3115961113));
#1389 = CARTESIAN_POINT('',(-14.20017889997,-7.218605633415));
#1390 = CARTESIAN_POINT('',(-14.16718806627,-7.126220529877));
#1391 = CARTESIAN_POINT('',(-14.13379120987,-7.034672705529));
#1392 = CARTESIAN_POINT('',(-14.10020962203,-6.944065888123));
#1393 = CARTESIAN_POINT('',(-14.06653196779,-6.854275162588));
#1394 = CARTESIAN_POINT('',(-14.03271623879,-6.764950337955));
#1395 = CARTESIAN_POINT('',(-13.99865193557,-6.675623147027));
#1396 = CARTESIAN_POINT('',(-13.92991302174,-6.496213410431));
#1397 = CARTESIAN_POINT('',(-13.8954327596,-6.406274326968));
#1398 = CARTESIAN_POINT('',(-13.85953948815,-6.314962709687));
#1399 = CARTESIAN_POINT('',(-13.82624498273,-6.224474495017));
#1400 = CARTESIAN_POINT('',(-13.78835589357,-6.12997496637));
#1401 = CARTESIAN_POINT('',(-13.75199254175,-6.034983066704));
#1402 = CARTESIAN_POINT('',(-13.71884266493,-5.940236515574));
#1403 = CARTESIAN_POINT('',(-13.6772913693,-5.838126299656));
#1404 = CARTESIAN_POINT('',(-13.64031514926,-5.736473266198));
#1405 = CARTESIAN_POINT('',(-13.59045768367,-5.583409693794));
#1406 = CARTESIAN_POINT('',(-13.57487687908,-5.532356341171));
#1407 = CARTESIAN_POINT('',(-13.56063960999,-5.481422158534));
#1408 = CARTESIAN_POINT('',(-13.54805106129,-5.43075847769));
#1409 = CARTESIAN_POINT('',(-13.53741641787,-5.380516630449));
#1410 = CARTESIAN_POINT('',(-13.52904086462,-5.330847948616));
#1411 = CARTESIAN_POINT('',(-13.52322958644,-5.281903764));
#1412 = CARTESIAN_POINT('',(-13.52028776821,-5.23383540841));
#1413 = CARTESIAN_POINT('',(-13.52052059482,-5.186794213652));
#1414 = CARTESIAN_POINT('',(-13.52794590751,-5.095068809416));
#1415 = CARTESIAN_POINT('',(-13.5351716787,-5.050396864194));
#1416 = CARTESIAN_POINT('',(-13.54593603438,-5.006963943572));
#1417 = CARTESIAN_POINT('',(-13.56120724549,-4.965165700586));
#1418 = CARTESIAN_POINT('',(-13.58119186962,-4.925117126762));
#1419 = CARTESIAN_POINT('',(-13.60522731781,-4.886612967125));
#1420 = CARTESIAN_POINT('',(-13.63248509645,-4.84938683737));
#1421 = CARTESIAN_POINT('',(-13.66269831859,-4.813379283222));
#1422 = CARTESIAN_POINT('',(-13.69612707838,-4.778725022328));
#1423 = CARTESIAN_POINT('',(-13.76782348743,-4.711614195158));
#1424 = CARTESIAN_POINT('',(-13.80620314232,-4.679198898573));
#1425 = CARTESIAN_POINT('',(-13.84678383399,-4.647840857651));
#1426 = CARTESIAN_POINT('',(-13.88923514886,-4.617457211056));
#1427 = CARTESIAN_POINT('',(-13.93322667336,-4.58796509745));
#1428 = CARTESIAN_POINT('',(-13.97842799391,-4.559281655499));
#1429 = CARTESIAN_POINT('',(-14.02450869694,-4.531324023863));
#1430 = CARTESIAN_POINT('',(-14.07113836885,-4.50400934121));
#1431 = CARTESIAN_POINT('',(-14.11798659608,-4.4772547462));
#1432 = CARTESIAN_POINT('',(-14.21145933403,-4.424700008795));
#1433 = CARTESIAN_POINT('',(-14.25798726067,-4.398885694478));
#1434 = CARTESIAN_POINT('',(-14.30408045241,-4.373466851036));
#1435 = CARTESIAN_POINT('',(-14.34964756609,-4.348395696294));
#1436 = CARTESIAN_POINT('',(-14.39469489537,-4.323638774467));
#1437 = CARTESIAN_POINT('',(-14.43928905805,-4.299171481228));
#1438 = CARTESIAN_POINT('',(-14.48351968346,-4.274972588755));
#1439 = CARTESIAN_POINT('',(-14.52746209976,-4.251018770805));
#1440 = CARTESIAN_POINT('',(-14.57114002134,-4.227279127762));
#1441 = CARTESIAN_POINT('',(-14.70118466574,-4.156570879593));
#1442 = CARTESIAN_POINT('',(-14.78676183749,-4.110142010075));
#1443 = CARTESIAN_POINT('',(-14.87149278155,-4.064179003536));
#1444 = CARTESIAN_POINT('',(-14.95558625606,-4.018460431945));
#1445 = CARTESIAN_POINT('',(-15.03928718907,-3.972752108554));
#1446 = CARTESIAN_POINT('',(-15.12290587238,-3.926796789898));
#1447 = CARTESIAN_POINT('',(-15.20677590721,-3.880329010277));
#1448 = CARTESIAN_POINT('',(-15.2911409017,-3.833115048512));
#1449 = CARTESIAN_POINT('',(-15.37596992033,-3.785018027165));
#1450 = CARTESIAN_POINT('',(-15.54543344982,-3.68715826101));
#1451 = CARTESIAN_POINT('',(-15.63019724798,-3.637352046841));
#1452 = CARTESIAN_POINT('',(-15.71482792112,-3.586579155793));
#1453 = CARTESIAN_POINT('',(-15.79916031079,-3.534749242088));
#1454 = CARTESIAN_POINT('',(-15.88302925854,-3.481771959936));
#1455 = CARTESIAN_POINT('',(-15.96626960595,-3.42755696356));
#1456 = CARTESIAN_POINT('',(-16.04871619456,-3.372013907171));
#1457 = CARTESIAN_POINT('',(-16.13020386593,-3.31505244499));
#1458 = CARTESIAN_POINT('',(-16.21056746162,-3.25658223123));
#1459 = CARTESIAN_POINT('',(-16.36871618476,-3.13644360899));
#1460 = CARTESIAN_POINT('',(-16.44646526822,-3.074746319621));
#1461 = CARTESIAN_POINT('',(-16.52262266106,-3.011249574568));
#1462 = CARTESIAN_POINT('',(-16.59692195074,-2.945781896397));
#1463 = CARTESIAN_POINT('',(-16.66909672474,-2.878171807668));
#1464 = CARTESIAN_POINT('',(-16.73888057055,-2.808247830951));
#1465 = CARTESIAN_POINT('',(-16.80600707562,-2.735838488805));
#1466 = CARTESIAN_POINT('',(-16.87020982744,-2.660772303798));
#1467 = CARTESIAN_POINT('',(-16.93122241348,-2.582877798492));
#1468 = CARTESIAN_POINT('',(-17.04633442895,-2.421089192414));
#1469 = CARTESIAN_POINT('',(-17.10051243118,-2.337037541263));
#1470 = CARTESIAN_POINT('',(-17.15081314949,-2.250123995999));
#1471 = CARTESIAN_POINT('',(-17.19673507147,-2.160648490174));
#1472 = CARTESIAN_POINT('',(-17.23777445068,-2.068915436895));
#1473 = CARTESIAN_POINT('',(-17.27342530664,-1.975233728817));
#1474 = CARTESIAN_POINT('',(-17.30317942488,-1.879916738151));
#1475 = CARTESIAN_POINT('',(-17.32652635689,-1.783282316659));
#1476 = CARTESIAN_POINT('',(-17.34295342013,-1.685652795656));
#1477 = CARTESIAN_POINT('',(-17.36093797598,-1.489057176365));
#1478 = CARTESIAN_POINT('',(-17.36249761778,-1.390067584511));
#1479 = CARTESIAN_POINT('',(-17.35707169624,-1.290801024046));
#1480 = CARTESIAN_POINT('',(-17.34510589998,-1.191667498022));
#1481 = CARTESIAN_POINT('',(-17.32704453349,-1.093072198948));
#1482 = CARTESIAN_POINT('',(-17.30333051702,-0.995415508788));
#1483 = CARTESIAN_POINT('',(-17.27440538674,-0.899092998964));
#1484 = CARTESIAN_POINT('',(-17.24070929459,-0.804495430351));
#1485 = CARTESIAN_POINT('',(-17.20268100839,-0.712008753283));
#1486 = CARTESIAN_POINT('',(-17.11883481516,-0.532019461812));
#1487 = CARTESIAN_POINT('',(-17.07296822568,-0.44434765573));
#1488 = CARTESIAN_POINT('',(-17.02345124701,-0.358878396372));
#1489 = CARTESIAN_POINT('',(-16.97057698278,-0.275491390812));
#1490 = CARTESIAN_POINT('',(-16.91463853669,-0.194066346123));
#1491 = CARTESIAN_POINT('',(-16.85592901236,-0.114482969376));
#1492 = CARTESIAN_POINT('',(-16.79474151349,-3.662096764459E-02));
#1493 = CARTESIAN_POINT('',(-16.73136914371,3.963995199888E-02));
#1494 = CARTESIAN_POINT('',(-16.6661050067,0.114420082482));
#1495 = CARTESIAN_POINT('',(-16.53237940552,0.261259350981));
#1496 = CARTESIAN_POINT('',(-16.46395862726,0.33334035064));
#1497 = CARTESIAN_POINT('',(-16.3941586809,0.404141595316));
#1498 = CARTESIAN_POINT('',(-16.32315837601,0.47372196462));
#1499 = CARTESIAN_POINT('',(-16.25113652218,0.542140338162));
#1500 = CARTESIAN_POINT('',(-16.17827192896,0.60945559555));
#1501 = CARTESIAN_POINT('',(-16.10474340594,0.675726616393));
#1502 = CARTESIAN_POINT('',(-16.03072976268,0.741012280302));
#1503 = CARTESIAN_POINT('',(-15.95640980875,0.805371466886));
#1504 = CARTESIAN_POINT('',(-15.80751489873,0.932354644622));
#1505 = CARTESIAN_POINT('',(-15.73282068842,0.9950448417));
#1506 = CARTESIAN_POINT('',(-15.65842257661,1.05678244322));
#1507 = CARTESIAN_POINT('',(-15.58437582062,1.117696441708));
#1508 = CARTESIAN_POINT('',(-15.51048326246,1.178060879592));
#1509 = CARTESIAN_POINT('',(-15.43646500464,1.238197345418));
#1510 = CARTESIAN_POINT('',(-15.36206258026,1.298415112643));
#1511 = CARTESIAN_POINT('',(-15.28707761785,1.358988921045));
#1512 = CARTESIAN_POINT('',(-15.21134500052,1.42017440071));
#1513 = CARTESIAN_POINT('',(-15.09628827933,1.513304507588));
#1514 = CARTESIAN_POINT('',(-15.05764269095,1.544575100546));
#1515 = CARTESIAN_POINT('',(-15.01877585822,1.576104303796));
#1516 = CARTESIAN_POINT('',(-14.97967006682,1.607926806842));
#1517 = CARTESIAN_POINT('',(-14.94025547127,1.640079216415));
#1518 = CARTESIAN_POINT('',(-14.90044778153,1.672598670457));
#1519 = CARTESIAN_POINT('',(-14.86018594979,1.705521452149));
#1520 = CARTESIAN_POINT('',(-14.81946985713,1.738881603892));
#1521 = CARTESIAN_POINT('',(-14.77839800021,1.772709541329));
#1522 = CARTESIAN_POINT('',(-14.69601235583,1.841351793348));
#1523 = CARTESIAN_POINT('',(-14.65479612068,1.876162520269));
#1524 = CARTESIAN_POINT('',(-14.61389643634,1.911484383358));
#1525 = CARTESIAN_POINT('',(-14.57365326656,1.947338917867));
#1526 = CARTESIAN_POINT('',(-14.53440657516,1.983747659056));
#1527 = CARTESIAN_POINT('',(-14.49649632586,2.020732142176));
#1528 = CARTESIAN_POINT('',(-14.46026248248,2.058313902487));
#1529 = CARTESIAN_POINT('',(-14.42604500875,2.09651447524));
#1530 = CARTESIAN_POINT('',(-14.39418386847,2.135355395693));
#1531 = CARTESIAN_POINT('',(-14.33585418232,2.214361002509));
#1532 = CARTESIAN_POINT('',(-14.3092680019,2.254505426655));
#1533 = CARTESIAN_POINT('',(-14.28608953034,2.295397249844));
#1534 = CARTESIAN_POINT('',(-14.26603854723,2.336951182383));
#1535 = CARTESIAN_POINT('',(-14.24938829713,2.379177267334));
#1536 = CARTESIAN_POINT('',(-14.23700185527,2.422187144403));
#1537 = CARTESIAN_POINT('',(-14.22956805455,2.46606244055));
#1538 = CARTESIAN_POINT('',(-14.22686290164,2.510727551038));
#1539 = CARTESIAN_POINT('',(-14.22786240936,2.55596907448));
#1540 = CARTESIAN_POINT('',(-14.23720313668,2.647519256697));
#1541 = CARTESIAN_POINT('',(-14.24550939842,2.693821894078));
#1542 = CARTESIAN_POINT('',(-14.25712398101,2.740558630967));
#1543 = CARTESIAN_POINT('',(-14.27171930723,2.787636020593));
#1544 = CARTESIAN_POINT('',(-14.28896779988,2.834960616196));
#1545 = CARTESIAN_POINT('',(-14.30854188171,2.882438971002));
#1546 = CARTESIAN_POINT('',(-14.33011397552,2.929977638252));
#1547 = CARTESIAN_POINT('',(-14.35335650408,2.977483171173));
#1548 = CARTESIAN_POINT('',(-14.37794189017,3.024862123003));
#1549 = CARTESIAN_POINT('',(-14.45474388938,3.166338894913));
#1550 = CARTESIAN_POINT('',(-14.50955044514,3.259595645364));
#1551 = CARTESIAN_POINT('',(-14.56893909009,3.352471881374));
#1552 = CARTESIAN_POINT('',(-14.6187296909,3.439631042417));
#1553 = CARTESIAN_POINT('',(-14.67172494506,3.526448421996));
#1554 = CARTESIAN_POINT('',(-14.72613127542,3.612504771015));
#1555 = CARTESIAN_POINT('',(-14.77529146541,3.695450034933));
#1556 = CARTESIAN_POINT('',(-14.82715668581,3.778733510469));
#1557 = CARTESIAN_POINT('',(-14.87738331585,3.860923612349));
#1558 = CARTESIAN_POINT('',(-14.97753365112,4.024883370233));
#1559 = CARTESIAN_POINT('',(-15.02724020374,4.106547208126));
#1560 = CARTESIAN_POINT('',(-15.07670187869,4.188253820681));
#1561 = CARTESIAN_POINT('',(-15.12611230443,4.270443653472));
#1562 = CARTESIAN_POINT('',(-15.17557633122,4.353453462876));
#1563 = CARTESIAN_POINT('',(-15.22502943048,4.437422178078));
#1564 = CARTESIAN_POINT('',(-15.27423516347,4.522287944467));
#1565 = CARTESIAN_POINT('',(-15.32286071856,4.607876348052));
#1566 = CARTESIAN_POINT('',(-15.37063051771,4.694079821239));
#1567 = CARTESIAN_POINT('',(-15.51141264005,4.95522504668));
#1568 = CARTESIAN_POINT('',(-15.60182989806,5.13220426012));
#1569 = CARTESIAN_POINT('',(-15.68605706495,5.313092812825));
#1570 = CARTESIAN_POINT('',(-15.76527200756,5.49515812857));
#1571 = CARTESIAN_POINT('',(-15.83670694277,5.681472668091));
#1572 = CARTESIAN_POINT('',(-15.89617269247,5.871509198408));
#1573 = CARTESIAN_POINT('',(-15.94147070397,6.062950323337));
#1574 = CARTESIAN_POINT('',(-15.97134684728,6.258204273802));
#1575 = CARTESIAN_POINT('',(-15.98175377683,6.460111831121));
#1576 = CARTESIAN_POINT('',(-15.96599448364,6.759953917828));
#1577 = CARTESIAN_POINT('',(-15.9556319304,6.85965695235));
#1578 = CARTESIAN_POINT('',(-15.93924043988,6.958295009772));
#1579 = CARTESIAN_POINT('',(-15.91734332638,7.055713285257));
#1580 = CARTESIAN_POINT('',(-15.88974402577,7.151424752992));
#1581 = CARTESIAN_POINT('',(-15.85547879564,7.244588337468));
#1582 = CARTESIAN_POINT('',(-15.81381052626,7.334467553255));
#1583 = CARTESIAN_POINT('',(-15.76518939873,7.420873844842));
#1584 = CARTESIAN_POINT('',(-15.71110612656,7.504098858245));
#1585 = CARTESIAN_POINT('',(-15.59242090761,7.663580893693));
#1586 = CARTESIAN_POINT('',(-15.52795217558,7.739774319153));
#1587 = CARTESIAN_POINT('',(-15.45869606742,7.81253105654));
#1588 = CARTESIAN_POINT('',(-15.38533587085,7.881629898764));
#1589 = CARTESIAN_POINT('',(-15.30863326848,7.946774072257));
#1590 = CARTESIAN_POINT('',(-15.22924620343,8.007766800127));
#1591 = CARTESIAN_POINT('',(-15.14763075786,8.064605884027));
#1592 = CARTESIAN_POINT('',(-15.06402704349,8.117497304315));
#1593 = CARTESIAN_POINT('',(-14.97852910485,8.166787838909));
#1594 = CARTESIAN_POINT('',(-14.7166582947,8.304874423743));
#1595 = CARTESIAN_POINT('',(-14.53525449373,8.383791769711));
#1596 = CARTESIAN_POINT('',(-14.34796733539,8.450926928733));
#1597 = CARTESIAN_POINT('',(-14.1572869984,8.509396485169));
#1598 = CARTESIAN_POINT('',(-13.96482289885,8.561264720307));
#1599 = CARTESIAN_POINT('',(-13.77112769797,8.607243187179));
#1600 = CARTESIAN_POINT('',(-13.5766388433,8.64770051466));
#1601 = CARTESIAN_POINT('',(-13.38260013202,8.683782398872));
#1602 = CARTESIAN_POINT('',(-13.19082578427,8.717441739154));
#1603 = CARTESIAN_POINT('',(-12.90634138053,8.76504744526));
#1604 = CARTESIAN_POINT('',(-12.81192493073,8.780470728527));
#1605 = CARTESIAN_POINT('',(-12.71760057996,8.7955874511));
#1606 = CARTESIAN_POINT('',(-12.62304874245,8.810536337703));
#1607 = CARTESIAN_POINT('',(-12.52794983249,8.825456113093));
#1608 = CARTESIAN_POINT('',(-12.43198426429,8.840485501983));
#1609 = CARTESIAN_POINT('',(-12.33483245214,8.85576322913));
#1610 = CARTESIAN_POINT('',(-12.23617481026,8.871428019257));
#1611 = CARTESIAN_POINT('',(-12.13569175291,8.887618597108));
#1612 = CARTESIAN_POINT('',(-11.93043563579,8.921328777723));
#1613 = CARTESIAN_POINT('',(-11.82577116115,8.938905858305));
#1614 = CARTESIAN_POINT('',(-11.71714514521,8.956493787136));
#1615 = CARTESIAN_POINT('',(-11.60983295733,8.977192889369));
#1616 = CARTESIAN_POINT('',(-11.50586944673,9.0023881724));
#1617 = CARTESIAN_POINT('',(-11.40618143773,9.032878128307));
#1618 = CARTESIAN_POINT('',(-11.31348207565,9.070406809727));
#1619 = CARTESIAN_POINT('',(-11.23111570227,9.117052383104));
#1620 = CARTESIAN_POINT('',(-11.16004227962,9.173630881423));
#1621 = CARTESIAN_POINT('',(-11.04625915918,9.310327911506));
#1622 = CARTESIAN_POINT('',(-11.00332642566,9.390248409778));
#1623 = CARTESIAN_POINT('',(-10.97290063063,9.480344213622));
#1624 = CARTESIAN_POINT('',(-10.95252680935,9.577950694017));
#1625 = CARTESIAN_POINT('',(-10.94028216139,9.68107591086));
#1626 = CARTESIAN_POINT('',(-10.93471668066,9.788325565589));
#1627 = CARTESIAN_POINT('',(-10.93411958888,9.897975727331));
#1628 = CARTESIAN_POINT('',(-10.93603198692,10.007356793766));
#1629 = CARTESIAN_POINT('',(-10.93792613837,10.113712147946));
#1630 = CARTESIAN_POINT('',(-10.94201746091,10.32167779649));
#1631 = CARTESIAN_POINT('',(-10.9443274127,10.423430652701));
#1632 = CARTESIAN_POINT('',(-10.94682321898,10.52329299246));
#1633 = CARTESIAN_POINT('',(-10.9494264437,10.621604267362));
#1634 = CARTESIAN_POINT('',(-10.95205865084,10.718703929023));
#1635 = CARTESIAN_POINT('',(-10.95464140434,10.814931429035));
#1636 = CARTESIAN_POINT('',(-10.95709626818,10.910626219013));
#1637 = CARTESIAN_POINT('',(-10.95934480631,11.006127750554));
#1638 = CARTESIAN_POINT('',(-10.96130858271,11.101775475267));
#1639 = CARTESIAN_POINT('',(-10.96611031855,11.390175583726));
#1640 = CARTESIAN_POINT('',(-10.96780548542,11.584874012204));
#1641 = CARTESIAN_POINT('',(-10.96752916782,11.78223876967));
#1642 = CARTESIAN_POINT('',(-10.96303170637,11.980840085824));
#1643 = CARTESIAN_POINT('',(-10.9529607451,12.179662685141));
#1644 = CARTESIAN_POINT('',(-10.93687440259,12.378343265519));
#1645 = CARTESIAN_POINT('',(-10.91397266069,12.576467444163));
#1646 = CARTESIAN_POINT('',(-10.88193348675,12.772827064722));
#1647 = CARTESIAN_POINT('',(-10.83724020457,12.96553875879));
#1648 = CARTESIAN_POINT('',(-10.74895984264,13.248117604098));
#1649 = CARTESIAN_POINT('',(-10.71600031717,13.341139773457));
#1650 = CARTESIAN_POINT('',(-10.67915598358,13.432952509389));
#1651 = CARTESIAN_POINT('',(-10.63806875628,13.52352624823));
#1652 = CARTESIAN_POINT('',(-10.5924925076,13.612662237069));
#1653 = CARTESIAN_POINT('',(-10.5423466472,13.699911565068));
#1654 = CARTESIAN_POINT('',(-10.4877053076,13.784591506278));
#1655 = CARTESIAN_POINT('',(-10.42872213568,13.865899173708));
#1656 = CARTESIAN_POINT('',(-10.36549069011,13.943122484849));
#1657 = CARTESIAN_POINT('',(-10.23019019964,14.088774392171));
#1658 = CARTESIAN_POINT('',(-10.15815952505,14.157060445677));
#1659 = CARTESIAN_POINT('',(-10.08200931636,14.220552232426));
#1660 = CARTESIAN_POINT('',(-10.0011822911,14.277836698834));
#1661 = CARTESIAN_POINT('',(-9.915782193582,14.328436924233));
#1662 = CARTESIAN_POINT('',(-9.826667027121,14.372944154624));
#1663 = CARTESIAN_POINT('',(-9.734838769692,14.412153529977));
#1664 = CARTESIAN_POINT('',(-9.640812028216,14.446169985121));
#1665 = CARTESIAN_POINT('',(-9.544644087121,14.474450803856));
#1666 = CARTESIAN_POINT('',(-9.252638245478,14.5443523112));
#1667 = CARTESIAN_POINT('',(-9.052193752768,14.570752523842));
#1668 = CARTESIAN_POINT('',(-8.854759905757,14.57679943748));
#1669 = CARTESIAN_POINT('',(-8.658277431484,14.56698865432));
#1670 = CARTESIAN_POINT('',(-8.46060562268,14.542990441012));
#1671 = CARTESIAN_POINT('',(-8.264422319405,14.506546386257));
#1672 = CARTESIAN_POINT('',(-8.071006094192,14.461680473245));
#1673 = CARTESIAN_POINT('',(-7.87783767442,14.411672016502));
#1674 = CARTESIAN_POINT('',(-7.687390566432,14.354866897067));
#1675 = CARTESIAN_POINT('',(-7.405036180084,14.263804087687));
#1676 = CARTESIAN_POINT('',(-7.3115961113,14.232468069334));
#1677 = CARTESIAN_POINT('',(-7.218605633415,14.200178899969));
#1678 = CARTESIAN_POINT('',(-7.126220529877,14.167188066283));
#1679 = CARTESIAN_POINT('',(-7.034672705528,14.133791209866));
#1680 = CARTESIAN_POINT('',(-6.944065888123,14.100209622038));
#1681 = CARTESIAN_POINT('',(-6.854275162587,14.066531967787));
#1682 = CARTESIAN_POINT('',(-6.764950337955,14.032716238799));
#1683 = CARTESIAN_POINT('',(-6.675623147027,13.998651935577));
#1684 = CARTESIAN_POINT('',(-6.496213410431,13.929913021744));
#1685 = CARTESIAN_POINT('',(-6.406274326967,13.8954327596));
#1686 = CARTESIAN_POINT('',(-6.314962709688,13.859539488161));
#1687 = CARTESIAN_POINT('',(-6.224474495016,13.826244982736));
#1688 = CARTESIAN_POINT('',(-6.129974966371,13.788355893579));
#1689 = CARTESIAN_POINT('',(-6.034983066702,13.751992541757));
#1690 = CARTESIAN_POINT('',(-5.940236515575,13.718842664937));
#1691 = CARTESIAN_POINT('',(-5.838126299656,13.677291369301));
#1692 = CARTESIAN_POINT('',(-5.736473266198,13.640315149268));
#1693 = CARTESIAN_POINT('',(-5.583409693794,13.59045768367));
#1694 = CARTESIAN_POINT('',(-5.532356341171,13.574876879079));
#1695 = CARTESIAN_POINT('',(-5.481422158534,13.560639609991));
#1696 = CARTESIAN_POINT('',(-5.430758477691,13.548051061289));
#1697 = CARTESIAN_POINT('',(-5.380516630448,13.537416417873));
#1698 = CARTESIAN_POINT('',(-5.330847948617,13.529040864625));
#1699 = CARTESIAN_POINT('',(-5.281903764,13.523229586442));
#1700 = CARTESIAN_POINT('',(-5.23383540841,13.520287768211));
#1701 = CARTESIAN_POINT('',(-5.186794213652,13.520520594824));
#1702 = CARTESIAN_POINT('',(-5.095068809416,13.527945907519));
#1703 = CARTESIAN_POINT('',(-5.050396864194,13.5351716787));
#1704 = CARTESIAN_POINT('',(-5.006963943572,13.54593603439));
#1705 = CARTESIAN_POINT('',(-4.965165700587,13.56120724549));
#1706 = CARTESIAN_POINT('',(-4.925117126761,13.581191869631));
#1707 = CARTESIAN_POINT('',(-4.886612967126,13.605227317812));
#1708 = CARTESIAN_POINT('',(-4.84938683737,13.632485096457));
#1709 = CARTESIAN_POINT('',(-4.813379283222,13.662698318591));
#1710 = CARTESIAN_POINT('',(-4.778725022328,13.69612707839));
#1711 = CARTESIAN_POINT('',(-4.711614195158,13.767823487439));
#1712 = CARTESIAN_POINT('',(-4.679198898572,13.806203142323));
#1713 = CARTESIAN_POINT('',(-4.647840857651,13.846783833995));
#1714 = CARTESIAN_POINT('',(-4.617457211054,13.889235148864));
#1715 = CARTESIAN_POINT('',(-4.587965097451,13.93322667337));
#1716 = CARTESIAN_POINT('',(-4.559281655497,13.978427993917));
#1717 = CARTESIAN_POINT('',(-4.531324023864,14.024508696941));
#1718 = CARTESIAN_POINT('',(-4.504009341209,14.071138368857));
#1719 = CARTESIAN_POINT('',(-4.4772547462,14.117986596089));
#1720 = CARTESIAN_POINT('',(-4.424700008795,14.21145933403));
#1721 = CARTESIAN_POINT('',(-4.398885694478,14.257987260678));
#1722 = CARTESIAN_POINT('',(-4.373466851037,14.304080452418));
#1723 = CARTESIAN_POINT('',(-4.348395696294,14.34964756609));
#1724 = CARTESIAN_POINT('',(-4.323638774468,14.394694895374));
#1725 = CARTESIAN_POINT('',(-4.299171481229,14.439289058051));
#1726 = CARTESIAN_POINT('',(-4.274972588756,14.483519683462));
#1727 = CARTESIAN_POINT('',(-4.251018770806,14.527462099761));
#1728 = CARTESIAN_POINT('',(-4.227279127764,14.57114002134));
#1729 = CARTESIAN_POINT('',(-4.156570879595,14.701184665741));
#1730 = CARTESIAN_POINT('',(-4.110142010078,14.786761837491));
#1731 = CARTESIAN_POINT('',(-4.064179003538,14.871492781553));
#1732 = CARTESIAN_POINT('',(-4.01846043195,14.955586256064));
#1733 = CARTESIAN_POINT('',(-3.972752108554,15.039287189071));
#1734 = CARTESIAN_POINT('',(-3.926796789902,15.122905872385));
#1735 = CARTESIAN_POINT('',(-3.880329010277,15.206775907212));
#1736 = CARTESIAN_POINT('',(-3.833115048512,15.29114090171));
#1737 = CARTESIAN_POINT('',(-3.785018027162,15.375969920335));
#1738 = CARTESIAN_POINT('',(-3.687158261004,15.545433449832));
#1739 = CARTESIAN_POINT('',(-3.637352046831,15.630197247995));
#1740 = CARTESIAN_POINT('',(-3.586579155784,15.714827921137));
#1741 = CARTESIAN_POINT('',(-3.534749242073,15.799160310798));
#1742 = CARTESIAN_POINT('',(-3.481771959926,15.883029258564));
#1743 = CARTESIAN_POINT('',(-3.427556963545,15.96626960596));
#1744 = CARTESIAN_POINT('',(-3.372013907162,16.048716194572));
#1745 = CARTESIAN_POINT('',(-3.315052444981,16.130203865938));
#1746 = CARTESIAN_POINT('',(-3.256582231227,16.210567461626));
#1747 = CARTESIAN_POINT('',(-3.136443608999,16.368716184753));
#1748 = CARTESIAN_POINT('',(-3.074746319638,16.446465268211));
#1749 = CARTESIAN_POINT('',(-3.011249574595,16.522622661045));
#1750 = CARTESIAN_POINT('',(-2.945781896428,16.596921950714));
#1751 = CARTESIAN_POINT('',(-2.87817180771,16.669096724723));
#1752 = CARTESIAN_POINT('',(-2.808247830991,16.738880570512));
#1753 = CARTESIAN_POINT('',(-2.735838488848,16.806007075591));
#1754 = CARTESIAN_POINT('',(-2.660772303834,16.87020982741));
#1755 = CARTESIAN_POINT('',(-2.582877798519,16.93122241346));
#1756 = CARTESIAN_POINT('',(-2.421089192406,17.046334428962));
#1757 = CARTESIAN_POINT('',(-2.337037541229,17.100512431208));
#1758 = CARTESIAN_POINT('',(-2.250123995936,17.150813149549));
#1759 = CARTESIAN_POINT('',(-2.160648490082,17.196735071552));
#1760 = CARTESIAN_POINT('',(-2.068915436779,17.237774450782));
#1761 = CARTESIAN_POINT('',(-1.975233728685,17.273425306757));
#1762 = CARTESIAN_POINT('',(-1.87991673802,17.303179424999));
#1763 = CARTESIAN_POINT('',(-1.783282316546,17.326526356987));
#1764 = CARTESIAN_POINT('',(-1.685652795586,17.342953420193));
#1765 = CARTESIAN_POINT('',(-1.489057176435,17.360937975926));
#1766 = CARTESIAN_POINT('',(-1.390067584682,17.362497617638));
#1767 = CARTESIAN_POINT('',(-1.290801024328,17.357071696016));
#1768 = CARTESIAN_POINT('',(-1.191667498407,17.345105899665));
#1769 = CARTESIAN_POINT('',(-1.09307219941,17.327044533115));
#1770 = CARTESIAN_POINT('',(-0.995415509282,17.303330516611));
#1771 = CARTESIAN_POINT('',(-0.899092999429,17.274405386358));
#1772 = CARTESIAN_POINT('',(-0.80449543071,17.240709294296));
#1773 = CARTESIAN_POINT('',(-0.712008753443,17.202681008263));
#1774 = CARTESIAN_POINT('',(-0.532019461362,17.118834815544));
#1775 = CARTESIAN_POINT('',(-0.444347654889,17.072968226387));
#1776 = CARTESIAN_POINT('',(-0.358878395112,17.023451248067));
#1777 = CARTESIAN_POINT('',(-0.275491389157,16.970576984157));
#1778 = CARTESIAN_POINT('',(-0.194066344151,16.914638538343));
#1779 = CARTESIAN_POINT('',(-0.11448296722,16.855929014152));
#1780 = CARTESIAN_POINT('',(-3.662096549276E-02,16.794741515288));
#1781 = CARTESIAN_POINT('',(3.963995390532E-02,16.731369145297));
#1782 = CARTESIAN_POINT('',(0.114420083847,16.666105007837));
#1783 = CARTESIAN_POINT('',(0.261259350563,16.532379405174));
#1784 = CARTESIAN_POINT('',(0.3333403489,16.463958625813));
#1785 = CARTESIAN_POINT('',(0.404141591996,16.394158678144));
#1786 = CARTESIAN_POINT('',(0.473721959632,16.323158371864));
#1787 = CARTESIAN_POINT('',(0.542140331592,16.251136516721));
#1788 = CARTESIAN_POINT('',(0.609455587656,16.178271922393));
#1789 = CARTESIAN_POINT('',(0.675726607606,16.104743398629));
#1790 = CARTESIAN_POINT('',(0.741012271223,16.030729755123));
#1791 = CARTESIAN_POINT('',(0.805371458288,15.956409801602));
#1792 = CARTESIAN_POINT('',(0.932354638881,15.807514893952));
#1793 = CARTESIAN_POINT('',(0.995044838078,15.732820685407));
#1794 = CARTESIAN_POINT('',(1.05678244339,15.658422576761));
#1795 = CARTESIAN_POINT('',(1.117696447244,15.584375825227));
#1796 = CARTESIAN_POINT('',(1.178060891413,15.510483272316));
#1797 = CARTESIAN_POINT('',(1.238197363598,15.436465019771));
#1798 = CARTESIAN_POINT('',(1.298415136465,15.362062600094));
#1799 = CARTESIAN_POINT('',(1.358988949131,15.287077641229));
#1800 = CARTESIAN_POINT('',(1.420174431097,15.211345025816));
#1801 = CARTESIAN_POINT('',(1.513304537402,15.096288304155));
#1802 = CARTESIAN_POINT('',(1.544575129425,15.057642714993));
#1803 = CARTESIAN_POINT('',(1.576104331054,15.018775880914));
#1804 = CARTESIAN_POINT('',(1.60792683172,14.97967008752));
#1805 = CARTESIAN_POINT('',(1.640079238006,14.940255489252));
#1806 = CARTESIAN_POINT('',(1.672598687681,14.900447795861));
#1807 = CARTESIAN_POINT('',(1.705521463791,14.860185959493));
#1808 = CARTESIAN_POINT('',(1.738881608689,14.819469861123));
#1809 = CARTESIAN_POINT('',(1.772709538117,14.77839799754));
#1810 = CARTESIAN_POINT('',(1.841351772381,14.696012338382));
#1811 = CARTESIAN_POINT('',(1.876162489699,14.654796095234));
#1812 = CARTESIAN_POINT('',(1.911484342911,14.613896402675));
#1813 = CARTESIAN_POINT('',(1.947338867721,14.573653224825));
#1814 = CARTESIAN_POINT('',(1.98374759984,14.534406525877));
#1815 = CARTESIAN_POINT('',(2.020732074969,14.496496269924));
#1816 = CARTESIAN_POINT('',(2.05831382882,14.460262421164));
#1817 = CARTESIAN_POINT('',(2.096514397096,14.426044943709));
#1818 = CARTESIAN_POINT('',(2.135355315505,14.394183801725));
#1819 = CARTESIAN_POINT('',(2.214360924003,14.335854116983));
#1820 = CARTESIAN_POINT('',(2.254505351489,14.309267939331));
#1821 = CARTESIAN_POINT('',(2.295397182573,14.286089474351));
#1822 = CARTESIAN_POINT('',(2.336951125976,14.266038500273));
#1823 = CARTESIAN_POINT('',(2.379177224999,14.249388261903));
#1824 = CARTESIAN_POINT('',(2.422187121507,14.23700183621));
#1825 = CARTESIAN_POINT('',(2.466062444062,14.229568057481));
#1826 = CARTESIAN_POINT('',(2.510727586524,14.226862931183));
#1827 = CARTESIAN_POINT('',(2.555969143487,14.2278624668));
#1828 = CARTESIAN_POINT('',(2.647519394285,14.23720325121));
#1829 = CARTESIAN_POINT('',(2.693822066613,14.245509542034));
#1830 = CARTESIAN_POINT('',(2.740558837367,14.25712415282));
#1831 = CARTESIAN_POINT('',(2.787636258038,14.271719504876));
#1832 = CARTESIAN_POINT('',(2.834960880127,14.288968019577));
#1833 = CARTESIAN_POINT('',(2.882439255122,14.308542118202));
#1834 = CARTESIAN_POINT('',(2.929977934526,14.330114222135));
#1835 = CARTESIAN_POINT('',(2.977483469828,14.353356752672));
#1836 = CARTESIAN_POINT('',(3.024862412527,14.377942131166));
#1837 = CARTESIAN_POINT('',(3.166339117297,14.454744074492));
#1838 = CARTESIAN_POINT('',(3.259595761417,14.509550541745));
#1839 = CARTESIAN_POINT('',(3.352471883265,14.568939091666));
#1840 = CARTESIAN_POINT('',(3.439630691045,14.618729398442));
#1841 = CARTESIAN_POINT('',(3.526447754372,14.671724389339));
#1842 = CARTESIAN_POINT('',(3.612503825806,14.726130488666));
#1843 = CARTESIAN_POINT('',(3.695448760984,14.775290405011));
#1844 = CARTESIAN_POINT('',(3.778732041522,14.827155463108));
#1845 = CARTESIAN_POINT('',(3.860922035837,14.877382003608));
#1846 = CARTESIAN_POINT('',(4.024881880134,14.977532410807));
#1847 = CARTESIAN_POINT('',(4.106545893946,15.027239109857));
#1848 = CARTESIAN_POINT('',(4.188252864881,15.076701083109));
#1849 = CARTESIAN_POINT('',(4.270443327996,15.126112033519));
#1850 = CARTESIAN_POINT('',(4.353454078671,15.175576843792));
#1851 = CARTESIAN_POINT('',(4.437423988885,15.225030937756));
#1852 = CARTESIAN_POINT('',(4.522291049091,15.274237747681));
#1853 = CARTESIAN_POINT('',(4.607880635633,15.322864287426));
#1854 = CARTESIAN_POINT('',(4.694085003754,15.370634831497));
#1855 = CARTESIAN_POINT('',(4.955232010982,15.511418436949));
#1856 = CARTESIAN_POINT('',(5.132638295038,15.60157328188));
#1857 = CARTESIAN_POINT('',(5.311171820852,15.687238611175));
#1858 = CARTESIAN_POINT('',(5.499290309577,15.762753249002));
#1859 = CARTESIAN_POINT('',(5.676199004118,15.839883350097));
#1860 = CARTESIAN_POINT('',(5.875621870875,15.893637695542));
#1861 = CARTESIAN_POINT('',(6.060988206096,15.942618018665));
#1862 = CARTESIAN_POINT('',(6.258605546351,15.971062960603));
#1863 = CARTESIAN_POINT('',(6.460122750057,15.981762865456));
#1864 = CARTESIAN_POINT('',(6.760004785172,15.966036824222));
#1865 = CARTESIAN_POINT('',(6.859721385219,15.955685562543));
#1866 = CARTESIAN_POINT('',(6.958361948916,15.939296158183));
#1867 = CARTESIAN_POINT('',(7.05578033751,15.91739913883));
#1868 = CARTESIAN_POINT('',(7.15148822494,15.889796858072));
#1869 = CARTESIAN_POINT('',(7.244632614307,15.855515650463));
#1870 = CARTESIAN_POINT('',(7.334468236377,15.813811094881));
#1871 = CARTESIAN_POINT('',(7.420814189236,15.765139743056));
#1872 = CARTESIAN_POINT('',(7.503984178079,15.711010669958));
#1873 = CARTESIAN_POINT('',(7.663375250414,15.592249735827));
#1874 = CARTESIAN_POINT('',(7.739542041636,15.527758834195));
#1875 = CARTESIAN_POINT('',(7.81227617446,15.458483910617));
#1876 = CARTESIAN_POINT('',(7.88137568655,15.385124271633));
#1877 = CARTESIAN_POINT('',(7.946570799411,15.308464069779));
#1878 = CARTESIAN_POINT('',(8.007681475273,15.229175181381));
#1879 = CARTESIAN_POINT('',(8.064702298293,15.147711010434));
#1880 = CARTESIAN_POINT('',(8.117814679884,15.06429121815));
#1881 = CARTESIAN_POINT('',(8.16732638836,14.978977378546));
#1882 = CARTESIAN_POINT('',(8.305962431523,14.717563922339));
#1883 = CARTESIAN_POINT('',(8.384918799703,14.536065034648));
#1884 = CARTESIAN_POINT('',(8.452589038682,14.349561316577));
#1885 = CARTESIAN_POINT('',(8.509954184795,14.157767613742));
#1886 = CARTESIAN_POINT('',(8.559268224754,13.962942383548));
#1887 = CARTESIAN_POINT('',(8.602714901343,13.767374879445));
#1888 = CARTESIAN_POINT('',(8.641650030479,13.571813074094));
#1889 = CARTESIAN_POINT('',(8.677705903931,13.3774146577));
#1890 = CARTESIAN_POINT('',(8.713908773871,13.187885041534));
#1891 = CARTESIAN_POINT('',(8.769297871062,12.909879317607));
#1892 = CARTESIAN_POINT('',(8.787823531205,12.818045200647));
#1893 = CARTESIAN_POINT('',(8.806185108363,12.726421777232));
#1894 = CARTESIAN_POINT('',(8.824155891769,12.634385283179));
#1895 = CARTESIAN_POINT('',(8.841509170722,12.541311954391));
#1896 = CARTESIAN_POINT('',(8.858018234432,12.446578026653));
#1897 = CARTESIAN_POINT('',(8.873456372203,12.349559735875));
#1898 = CARTESIAN_POINT('',(8.88759687326,12.249633317863));
#1899 = CARTESIAN_POINT('',(8.90021302688,12.14617500849));
#1900 = CARTESIAN_POINT('',(8.921943217749,11.930947078705));
#1901 = CARTESIAN_POINT('',(8.931211393419,11.819366501054));
#1902 = CARTESIAN_POINT('',(8.936376848546,11.700400361024));
#1903 = CARTESIAN_POINT('',(8.945155004379,11.583165506541));
#1904 = CARTESIAN_POINT('',(8.960661309799,11.471137158509));
#1905 = CARTESIAN_POINT('',(8.984438353972,11.365861507154));
#1906 = CARTESIAN_POINT('',(9.020564438393,11.27199466206));
#1907 = CARTESIAN_POINT('',(9.074013858486,11.195291622812));
#1908 = CARTESIAN_POINT('',(9.146376242899,11.137356271104));
#1909 = CARTESIAN_POINT('',(9.241979396464,11.103150719405));
#1910 = ( GEOMETRIC_REPRESENTATION_CONTEXT(2) 
PARAMETRIC_REPRESENTATION_CONTEXT() REPRESENTATION_CONTEXT('2D SPACE',''
  ) );
#1911 = FACE_BOUND('',#1912,.F.);
#1912 = EDGE_LOOP('',(#1913,#2606,#3292,#3326,#3363,#3397,#4083,#4117,
    #4154));
#1913 = ORIENTED_EDGE('',*,*,#1914,.F.);
#1914 = EDGE_CURVE('',#1915,#1917,#1919,.T.);
#1915 = VERTEX_POINT('',#1916);
#1916 = CARTESIAN_POINT('',(2.00025,-16.1569883192,10.60896));
#1917 = VERTEX_POINT('',#1918);
#1918 = CARTESIAN_POINT('',(0.5000625,-17.34394828034,8.672227403259));
#1919 = SURFACE_CURVE('',#1920,(#2103,#2352),.PCURVE_S1.);
#1920 = B_SPLINE_CURVE_WITH_KNOTS('',8,(#1921,#1922,#1923,#1924,#1925,
    #1926,#1927,#1928,#1929,#1930,#1931,#1932,#1933,#1934,#1935,#1936,
    #1937,#1938,#1939,#1940,#1941,#1942,#1943,#1944,#1945,#1946,#1947,
    #1948,#1949,#1950,#1951,#1952,#1953,#1954,#1955,#1956,#1957,#1958,
    #1959,#1960,#1961,#1962,#1963,#1964,#1965,#1966,#1967,#1968,#1969,
    #1970,#1971,#1972,#1973,#1974,#1975,#1976,#1977,#1978,#1979,#1980,
    #1981,#1982,#1983,#1984,#1985,#1986,#1987,#1988,#1989,#1990,#1991,
    #1992,#1993,#1994,#1995,#1996,#1997,#1998,#1999,#2000,#2001,#2002,
    #2003,#2004,#2005,#2006,#2007,#2008,#2009,#2010,#2011,#2012,#2013,
    #2014,#2015,#2016,#2017,#2018,#2019,#2020,#2021,#2022,#2023,#2024,
    #2025,#2026,#2027,#2028,#2029,#2030,#2031,#2032,#2033,#2034,#2035,
    #2036,#2037,#2038,#2039,#2040,#2041,#2042,#2043,#2044,#2045,#2046,
    #2047,#2048,#2049,#2050,#2051,#2052,#2053,#2054,#2055,#2056,#2057,
    #2058,#2059,#2060,#2061,#2062,#2063,#2064,#2065,#2066,#2067,#2068,
    #2069,#2070,#2071,#2072,#2073,#2074,#2075,#2076,#2077,#2078,#2079,
    #2080,#2081,#2082,#2083,#2084,#2085,#2086,#2087,#2088,#2089,#2090,
    #2091,#2092,#2093,#2094,#2095,#2096,#2097,#2098,#2099,#2100,#2101,
    #2102),.UNSPECIFIED.,.T.,.F.,(9,7,7,7,7,7,7,7,7,7,7,7,7,7,7,7,7,7,7,
    7,7,7,5,7,7,7,9),(0.,0.137971062221,0.187286844553,0.240505689913,
    0.289282969904,0.333575833179,0.367938805353,0.434111800727,
    0.475364939424,0.500998198171,0.542711097765,0.577334369801,
    0.605128845236,0.653544060101,0.690118849329,0.725908087854,
    0.774547273732,0.804886112776,0.837598647921,0.876759799225,
    0.917039800798,0.970238594598,1.,1.030326294865,1.060384182616,
    1.084690326611,1.119168803943),.UNSPECIFIED.);
#1921 = CARTESIAN_POINT('',(2.00025,-16.1569883192,10.60896));
#1922 = CARTESIAN_POINT('',(2.00025,-16.1569883192,10.477899834274));
#1923 = CARTESIAN_POINT('',(1.990435058171,-16.16944979971,
    10.347146794033));
#1924 = CARTESIAN_POINT('',(1.970891094831,-16.19426828208,
    10.219653057949));
#1925 = CARTESIAN_POINT('',(1.942651951944,-16.22982044224,
    10.097110770768));
#1926 = CARTESIAN_POINT('',(1.906927842442,-16.27402467183,
    9.980447348924));
#1927 = CARTESIAN_POINT('',(1.864840053301,-16.32485693981,
    9.870067806674));
#1928 = CARTESIAN_POINT('',(1.817341771924,-16.38057286782,
    9.765964284594));
#1929 = CARTESIAN_POINT('',(1.746297841143,-16.461087896,9.632730176319)
  );
#1930 = CARTESIAN_POINT('',(1.726953761446,-16.48276899151,
    9.598372362946));
#1931 = CARTESIAN_POINT('',(1.706995641446,-16.50487912723,
    9.564724847006));
#1932 = CARTESIAN_POINT('',(1.686440577141,-16.52736334543,
    9.531768899995));
#1933 = CARTESIAN_POINT('',(1.665301580685,-16.55016869959,
    9.499485329813));
#1934 = CARTESIAN_POINT('',(1.6435883773,-16.57324702776,9.467856198579)
  );
#1935 = CARTESIAN_POINT('',(1.621307203709,-16.59655462179,
    9.436864668541));
#1936 = CARTESIAN_POINT('',(1.573803755628,-16.64540239331,
    9.373717537273));
#1937 = CARTESIAN_POINT('',(1.548489716182,-16.67097209511,
    9.341665837026));
#1938 = CARTESIAN_POINT('',(1.522519978345,-16.6967050519,9.310316498595
    ));
#1939 = CARTESIAN_POINT('',(1.495893780106,-16.72255043673,
    9.279651253925));
#1940 = CARTESIAN_POINT('',(1.468607055042,-16.74845920012,
    9.249654800861));
#1941 = CARTESIAN_POINT('',(1.440652378462,-16.77438382825,
    9.220314660381));
#1942 = CARTESIAN_POINT('',(1.412018913553,-16.80027810113,
    9.191621033824));
#1943 = CARTESIAN_POINT('',(1.355813352068,-16.84976080615,
    9.137853662568));
#1944 = CARTESIAN_POINT('',(1.327776036045,-16.87386835933,9.11212675567
    ));
#1945 = CARTESIAN_POINT('',(1.298499111418,-16.89840383438,
    9.086394759949));
#1946 = CARTESIAN_POINT('',(1.267876305669,-16.92335820627,
    9.060657920223));
#1947 = CARTESIAN_POINT('',(1.235773397156,-16.94872833772,
    9.034910402413));
#1948 = CARTESIAN_POINT('',(1.202021719772,-16.9745137638,9.009144681361
    ));
#1949 = CARTESIAN_POINT('',(1.16640814692,-17.00071102418,8.983357819663
    ));
#1950 = CARTESIAN_POINT('',(1.094385255585,-17.05145505259,
    8.934133252222));
#1951 = CARTESIAN_POINT('',(1.058224786473,-17.07601783336,
    8.910613111228));
#1952 = CARTESIAN_POINT('',(1.020092351165,-17.10089941611,
    8.887096161745));
#1953 = CARTESIAN_POINT('',(0.979754378119,-17.12606628657,
    8.863606300051));
#1954 = CARTESIAN_POINT('',(0.936799523039,-17.15156520383,
    8.840096353584));
#1955 = CARTESIAN_POINT('',(0.890598564221,-17.17749530963,
    8.816487361798));
#1956 = CARTESIAN_POINT('',(0.840256190765,-17.20393302847,
    8.792745155758));
#1957 = CARTESIAN_POINT('',(0.741340739026,-17.25166107111,
    8.750567968289));
#1958 = CARTESIAN_POINT('',(0.697155619912,-17.27168754466,
    8.733096061703));
#1959 = CARTESIAN_POINT('',(0.652003328751,-17.29080306853,
    8.716637928752));
#1960 = CARTESIAN_POINT('',(0.605899591944,-17.30891274125,
    8.701254605428));
#1961 = CARTESIAN_POINT('',(0.558871859823,-17.32591287068,
    8.687008751701));
#1962 = CARTESIAN_POINT('',(0.510959306657,-17.34169097397,
    8.673964651514));
#1963 = CARTESIAN_POINT('',(0.46221283065,-17.35612577762,8.662188212784
    ));
#1964 = CARTESIAN_POINT('',(0.3173383545,-17.394047145,8.631640194376));
#1965 = CARTESIAN_POINT('',(0.218675967575,-17.41394638707,
    8.616381541507));
#1966 = CARTESIAN_POINT('',(0.117748945537,-17.42703208076,
    8.606632837745));
#1967 = CARTESIAN_POINT('',(1.561196283225E-02,-17.43223101452,
    8.602800316672));
#1968 = CARTESIAN_POINT('',(-8.666668402053E-02,-17.42914962819,
    8.605034616502));
#1969 = CARTESIAN_POINT('',(-0.188005076432,-17.41807401291,
    8.613230780084));
#1970 = CARTESIAN_POINT('',(-0.287307673743,-17.39996991119,8.6270282549
    ));
#1971 = CARTESIAN_POINT('',(-0.443411283866,-17.36184048282,
    8.657520243277));
#1972 = CARTESIAN_POINT('',(-0.502288278424,-17.3449893023,
    8.671198426398));
#1973 = CARTESIAN_POINT('',(-0.55998018676,-17.32615983252,
    8.686727525021));
#1974 = CARTESIAN_POINT('',(-0.616394846384,-17.30556444191,
    8.70399315678));
#1975 = CARTESIAN_POINT('',(-0.671464042455,-17.28339721018,
    8.722884474357));
#1976 = CARTESIAN_POINT('',(-0.725143507776,-17.25983392828,
    8.743294165479));
#1977 = CARTESIAN_POINT('',(-0.777412922795,-17.23503209842,
    8.765118452919));
#1978 = CARTESIAN_POINT('',(-0.859880401875,-17.19303685566,
    8.802634637759));
#1979 = CARTESIAN_POINT('',(-0.890936326952,-17.17651900861,
    8.817519934164));
#1980 = CARTESIAN_POINT('',(-0.921443948223,-17.15960832198,
    8.832889877862));
#1981 = CARTESIAN_POINT('',(-0.951406544598,-17.14233425661,
    8.848724500286));
#1982 = CARTESIAN_POINT('',(-0.98083041651,-17.12472480511,
    8.865006970143));
#1983 = CARTESIAN_POINT('',(-1.009724885922,-17.10680649185,
    8.881723593418));
#1984 = CARTESIAN_POINT('',(-1.038102296318,-17.08860437299,
    8.89886381337));
#1985 = CARTESIAN_POINT('',(-1.111340054674,-17.0400983499,
    8.944989665533));
#1986 = CARTESIAN_POINT('',(-1.155362529417,-17.00936957449,
    8.974655834978));
#1987 = CARTESIAN_POINT('',(-1.19809504589,-16.97805986244,9.00538098471
    ));
#1988 = CARTESIAN_POINT('',(-1.239583037052,-16.94626998606,
    9.037138063531));
#1989 = CARTESIAN_POINT('',(-1.279867770084,-16.91409772853,
    9.069910838339));
#1990 = CARTESIAN_POINT('',(-1.318986356599,-16.88163827475,
    9.103694029257));
#1991 = CARTESIAN_POINT('',(-1.356971762855,-16.84898460213,
    9.138493444761));
#1992 = CARTESIAN_POINT('',(-1.424465481412,-16.78903855567,
    9.204068579326));
#1993 = CARTESIAN_POINT('',(-1.454314869893,-16.76178040964,
    9.23452062067));
#1994 = CARTESIAN_POINT('',(-1.48341706293,-16.73450597846,
    9.265691828998));
#1995 = CARTESIAN_POINT('',(-1.511783737043,-16.70726931453,
    9.297594744248));
#1996 = CARTESIAN_POINT('',(-1.539422234569,-16.68012628966,
    9.330245041481));
#1997 = CARTESIAN_POINT('',(-1.566335630485,-16.65313490726,
    9.363661714218));
#1998 = CARTESIAN_POINT('',(-1.592522799222,-16.62635561447,
    9.397867257772));
#1999 = CARTESIAN_POINT('',(-1.638413503776,-16.57857503535,
    9.461001286268));
#2000 = CARTESIAN_POINT('',(-1.658376160201,-16.55747648343,
    9.48963868207));
#2001 = CARTESIAN_POINT('',(-1.677863960837,-16.53659025987,
    9.518814000028));
#2002 = CARTESIAN_POINT('',(-1.696870580158,-16.51594854549,
    9.548539769077));
#2003 = CARTESIAN_POINT('',(-1.715388056902,-16.49559022752,
    9.578830292879));
#2004 = CARTESIAN_POINT('',(-1.733405918776,-16.47555702368,
    9.60970036859));
#2005 = CARTESIAN_POINT('',(-1.75090980516,-16.45588800369,
    9.641162911798));
#2006 = CARTESIAN_POINT('',(-1.79744631873,-16.40306694464,
    9.729084613338));
#2007 = CARTESIAN_POINT('',(-1.825391348402,-16.37074687578,
    9.786758916248));
#2008 = CARTESIAN_POINT('',(-1.851636778902,-16.33987464426,
    9.846330975641));
#2009 = CARTESIAN_POINT('',(-1.876062935778,-16.31070583558,
    9.907851116901));
#2010 = CARTESIAN_POINT('',(-1.89851588542,-16.2835383187,9.971336740146
    ));
#2011 = CARTESIAN_POINT('',(-1.918815461265,-16.25870233734,
    10.036763342745));
#2012 = CARTESIAN_POINT('',(-1.936766372024,-16.23654275185,
    10.104050628981));
#2013 = CARTESIAN_POINT('',(-1.963810715418,-16.20292726939,
    10.225163836637));
#2014 = CARTESIAN_POINT('',(-1.973997353102,-16.19017826088,
    10.278259884078));
#2015 = CARTESIAN_POINT('',(-1.982639637819,-16.1793003059,
    10.332228795923));
#2016 = CARTESIAN_POINT('',(-1.989652449259,-16.17043475286,
    10.386945309218));
#2017 = CARTESIAN_POINT('',(-1.99496251695,-16.16370205274,
    10.442260080815));
#2018 = CARTESIAN_POINT('',(-1.998514084612,-16.15919240394,
    10.497997644034));
#2019 = CARTESIAN_POINT('',(-2.000275935876,-16.15695538809,
    10.553954192489));
#2020 = CARTESIAN_POINT('',(-2.000224188632,-16.15702109222,
    10.664634692878));
#2021 = CARTESIAN_POINT('',(-1.998486560254,-16.15922735586,
    10.719383563627));
#2022 = CARTESIAN_POINT('',(-1.9950359242,-16.16360864123,
    10.773922754663));
#2023 = CARTESIAN_POINT('',(-1.989901354834,-16.17011873736,
    10.828061250365));
#2024 = CARTESIAN_POINT('',(-1.983134487144,-16.17867411487,
    10.881633916728));
#2025 = CARTESIAN_POINT('',(-1.974803233856,-16.18916319111,
    10.934499503532));
#2026 = CARTESIAN_POINT('',(-1.964986705443,-16.201454714,
    10.986538800092));
#2027 = CARTESIAN_POINT('',(-1.938529137164,-16.23436469143,
    11.107119367366));
#2028 = CARTESIAN_POINT('',(-1.920702624988,-16.25638907938,
    11.174879051694));
#2029 = CARTESIAN_POINT('',(-1.900490672151,-16.28114080127,
    11.240768317991));
#2030 = CARTESIAN_POINT('',(-1.878092364664,-16.3082691787,
    11.304701216766));
#2031 = CARTESIAN_POINT('',(-1.853691970802,-16.33743748426,
    11.366649885396));
#2032 = CARTESIAN_POINT('',(-1.827447226174,-16.36834167428,
    11.426630046909));
#2033 = CARTESIAN_POINT('',(-1.799480931978,-16.40072085268,
    11.484691650748));
#2034 = CARTESIAN_POINT('',(-1.75140961739,-16.45534165215,
    11.57598392452));
#2035 = CARTESIAN_POINT('',(-1.732308325985,-16.47681015511,
    11.610332855499));
#2036 = CARTESIAN_POINT('',(-1.712595084387,-16.49871258091,
    11.643975688647));
#2037 = CARTESIAN_POINT('',(-1.692288212072,-16.52099741965,
    11.676929764322));
#2038 = CARTESIAN_POINT('',(-1.67140101133,-16.54361096985,
    11.709214187323));
#2039 = CARTESIAN_POINT('',(-1.649943307161,-16.56650361855,
    11.740847230271));
#2040 = CARTESIAN_POINT('',(-1.627922252557,-16.58963382215,
    11.771845273331));
#2041 = CARTESIAN_POINT('',(-1.580990673924,-16.63810732674,
    11.83498386098));
#2042 = CARTESIAN_POINT('',(-1.555990254971,-16.66348129157,
    11.867022235933));
#2043 = CARTESIAN_POINT('',(-1.530341800173,-16.68902759944,
    11.898362538717));
#2044 = CARTESIAN_POINT('',(-1.504045249495,-16.71469589218,
    11.929023126859));
#2045 = CARTESIAN_POINT('',(-1.477097254639,-16.74043764675,
    11.959019518083));
#2046 = CARTESIAN_POINT('',(-1.449491127667,-16.76620594047,
    11.988364529399));
#2047 = CARTESIAN_POINT('',(-1.421216789614,-16.79195521617,
    12.017068416191));
#2048 = CARTESIAN_POINT('',(-1.35759654365,-16.84839032201,
    12.078743157779));
#2049 = CARTESIAN_POINT('',(-1.321957928911,-16.87904637555,
    12.111437287895));
#2050 = CARTESIAN_POINT('',(-1.285321158303,-16.9095335002,
    12.143235035633));
#2051 = CARTESIAN_POINT('',(-1.247659208053,-16.93977469692,
    12.174141405625));
#2052 = CARTESIAN_POINT('',(-1.208941722945,-16.96969137314,
    12.204152879544));
#2053 = CARTESIAN_POINT('',(-1.169134992052,-16.9992030404,
    12.233257522502));
#2054 = CARTESIAN_POINT('',(-1.128201924471,-17.02822701196,
    12.261435089441));
#2055 = CARTESIAN_POINT('',(-1.042799314132,-17.0859420483,12.3166569186
    ));
#2056 = CARTESIAN_POINT('',(-0.99594675554,-17.11616468698,
    12.345143102679));
#2057 = CARTESIAN_POINT('',(-0.945869868709,-17.14672910973,
    12.3735038571));
#2058 = CARTESIAN_POINT('',(-0.892399408249,-17.1774242992,
    12.401539926894));
#2059 = CARTESIAN_POINT('',(-0.834073241734,-17.20867624546,
    12.429734675186));
#2060 = CARTESIAN_POINT('',(-0.769072097818,-17.24080891073,
    12.45819332357));
#2061 = CARTESIAN_POINT('',(-0.693867238814,-17.27455796019,
    12.487452034556));
#2062 = CARTESIAN_POINT('',(-0.48179318941,-17.35387367561,
    12.554440705191));
#2063 = CARTESIAN_POINT('',(-0.353665726204,-17.39206083703,
    12.585342358269));
#2064 = CARTESIAN_POINT('',(-0.219212993589,-17.42006194111,
    12.607192459235));
#2065 = CARTESIAN_POINT('',(-8.175422155139E-02,-17.43731424543,
    12.618473364689));
#2066 = CARTESIAN_POINT('',(5.684233452863E-02,-17.43809679102,
    12.618609688476));
#2067 = CARTESIAN_POINT('',(0.194807411108,-17.42079923608,
    12.607693486049));
#2068 = CARTESIAN_POINT('',(0.328686691136,-17.39377680162,
    12.586327376058));
#2069 = CARTESIAN_POINT('',(0.526762249397,-17.33685997419,
    12.539982344095));
#2070 = CARTESIAN_POINT('',(0.596088983489,-17.3135137934,12.52063769563
    ));
#2071 = CARTESIAN_POINT('',(0.663544501206,-17.28761669741,
    12.49875949557));
#2072 = CARTESIAN_POINT('',(0.728984836026,-17.2595147468,
    12.474573824661));
#2073 = CARTESIAN_POINT('',(0.792386230766,-17.22951658427,
    12.448250408475));
#2074 = CARTESIAN_POINT('',(0.916230356484,-17.16566052017,
    12.391142237586));
#2075 = CARTESIAN_POINT('',(1.031389181238,-17.09604597933,
    12.326873171745));
#2076 = CARTESIAN_POINT('',(1.138784764072,-17.02222398401,
    12.256111003682));
#2077 = CARTESIAN_POINT('',(1.191051540852,-16.98409299603,
    12.218838046841));
#2078 = CARTESIAN_POINT('',(1.241477601291,-16.94526902317,
    12.180044331844));
#2079 = CARTESIAN_POINT('',(1.29013524543,-16.90592722913,
    12.139752593345));
#2080 = CARTESIAN_POINT('',(1.337089763653,-16.86623549487,
    12.09795997558));
#2081 = CARTESIAN_POINT('',(1.427305227841,-16.7868294047,
    12.011693222495));
#2082 = CARTESIAN_POINT('',(1.470582294332,-16.74712976393,
    11.967258398615));
#2083 = CARTESIAN_POINT('',(1.512287614556,-16.70741372336,
    11.921299713506));
#2084 = CARTESIAN_POINT('',(1.552455048238,-16.66784679637,
    11.873773543049));
#2085 = CARTESIAN_POINT('',(1.591097263725,-16.62860515983,
    11.824624799391));
#2086 = CARTESIAN_POINT('',(1.628207169822,-16.58987756338,
    11.773786706623));
#2087 = CARTESIAN_POINT('',(1.663757414702,-16.5518673226,11.72117887821
    ));
#2088 = CARTESIAN_POINT('',(1.725143778733,-16.48481557948,
    11.622652642727));
#2089 = CARTESIAN_POINT('',(1.751529147822,-16.45545668084,
    11.577393229307));
#2090 = CARTESIAN_POINT('',(1.776832268995,-16.426841503,11.530868485391
    ));
#2091 = CARTESIAN_POINT('',(1.801002975356,-16.3990806375,
    11.483044435657));
#2092 = CARTESIAN_POINT('',(1.823981019771,-16.37231452546,
    11.433887374678));
#2093 = CARTESIAN_POINT('',(1.845694601991,-16.34670515884,
    11.383369122155));
#2094 = CARTESIAN_POINT('',(1.866055614474,-16.32241843296,
    11.331477570456));
#2095 = CARTESIAN_POINT('',(1.911795613659,-16.26732656624,
    11.202649090477));
#2096 = CARTESIAN_POINT('',(1.935741286066,-16.23800706002,
    11.124227798017));
#2097 = CARTESIAN_POINT('',(1.956471206503,-16.21226739295,
    11.043050039428));
#2098 = CARTESIAN_POINT('',(1.973624012917,-16.19073399933,
    10.959337322381));
#2099 = CARTESIAN_POINT('',(1.986834056764,-16.17402376512,
    10.873447350053));
#2100 = CARTESIAN_POINT('',(1.995778737259,-16.16266495791,
    10.785901075167));
#2101 = CARTESIAN_POINT('',(2.00025,-16.1569883192,10.697418039664));
#2102 = CARTESIAN_POINT('',(2.00025,-16.1569883192,10.60896));
#2103 = PCURVE('',#368,#2104);
#2104 = DEFINITIONAL_REPRESENTATION('',(#2105),#2351);
#2105 = B_SPLINE_CURVE_WITH_KNOTS('',3,(#2106,#2107,#2108,#2109,#2110,
    #2111,#2112,#2113,#2114,#2115,#2116,#2117,#2118,#2119,#2120,#2121,
    #2122,#2123,#2124,#2125,#2126,#2127,#2128,#2129,#2130,#2131,#2132,
    #2133,#2134,#2135,#2136,#2137,#2138,#2139,#2140,#2141,#2142,#2143,
    #2144,#2145,#2146,#2147,#2148,#2149,#2150,#2151,#2152,#2153,#2154,
    #2155,#2156,#2157,#2158,#2159,#2160,#2161,#2162,#2163,#2164,#2165,
    #2166,#2167,#2168,#2169,#2170,#2171,#2172,#2173,#2174,#2175,#2176,
    #2177,#2178,#2179,#2180,#2181,#2182,#2183,#2184,#2185,#2186,#2187,
    #2188,#2189,#2190,#2191,#2192,#2193,#2194,#2195,#2196,#2197,#2198,
    #2199,#2200,#2201,#2202,#2203,#2204,#2205,#2206,#2207,#2208,#2209,
    #2210,#2211,#2212,#2213,#2214,#2215,#2216,#2217,#2218,#2219,#2220,
    #2221,#2222,#2223,#2224,#2225,#2226,#2227,#2228,#2229,#2230,#2231,
    #2232,#2233,#2234,#2235,#2236,#2237,#2238,#2239,#2240,#2241,#2242,
    #2243,#2244,#2245,#2246,#2247,#2248,#2249,#2250,#2251,#2252,#2253,
    #2254,#2255,#2256,#2257,#2258,#2259,#2260,#2261,#2262,#2263,#2264,
    #2265,#2266,#2267,#2268,#2269,#2270,#2271,#2272,#2273,#2274,#2275,
    #2276,#2277,#2278,#2279,#2280,#2281,#2282,#2283,#2284,#2285,#2286,
    #2287,#2288,#2289,#2290,#2291,#2292,#2293,#2294,#2295,#2296,#2297,
    #2298,#2299,#2300,#2301,#2302,#2303,#2304,#2305,#2306,#2307,#2308,
    #2309,#2310,#2311,#2312,#2313,#2314,#2315,#2316,#2317,#2318,#2319,
    #2320,#2321,#2322,#2323,#2324,#2325,#2326,#2327,#2328,#2329,#2330,
    #2331,#2332,#2333,#2334,#2335,#2336,#2337,#2338,#2339,#2340,#2341,
    #2342,#2343,#2344,#2345,#2346,#2347,#2348,#2349,#2350),
  .UNSPECIFIED.,.T.,.F.,(4,1,1,1,1,1,1,1,1,1,1,1,1,1,1,1,1,1,1,1,1,1,1,1
    ,1,1,1,1,1,1,1,1,1,1,1,1,1,1,1,1,1,1,1,1,1,1,1,1,1,1,1,1,1,1,1,1,1,1
    ,1,1,1,1,1,1,1,1,1,1,1,1,1,1,1,1,1,1,1,1,1,1,1,1,1,1,1,1,1,1,1,1,1,1
    ,1,1,1,1,1,1,1,1,1,1,1,1,1,1,1,1,1,1,1,1,1,1,1,1,1,1,1,1,1,1,1,1,1,1
    ,1,1,1,1,1,1,1,1,1,1,1,1,1,1,1,1,1,1,1,1,1,1,1,1,1,1,1,1,1,1,1,1,1,1
    ,1,1,1,1,1,1,1,1,1,1,1,1,1,1,1,1,1,1,1,1,1,1,1,1,1,1,1,1,1,1,1,1,1,1
    ,1,1,1,1,1,1,1,1,1,1,1,1,1,1,1,1,1,1,1,1,1,1,1,1,1,1,1,1,1,1,1,1,1,1
    ,1,1,1,1,1,1,1,1,1,1,1,1,1,1,4),(0.,4.624664479102E-03,
    9.249328958204E-03,1.387399343731E-02,1.849865791641E-02,
    2.312332239551E-02,2.774798687461E-02,3.237265135371E-02,
    3.699731583281E-02,4.162198031192E-02,4.624664479102E-02,
    5.087130927012E-02,5.549597374922E-02,6.012063822832E-02,
    6.474530270743E-02,6.936996718653E-02,7.399463166563E-02,
    7.861929614473E-02,8.324396062383E-02,8.786862510294E-02,
    9.249328958204E-02,9.711795406114E-02,0.10174261854,0.106367283019,
    0.110991947498,0.115616611978,0.120241276457,0.124865940936,
    0.129490605415,0.134115269894,0.138739934373,0.143364598852,
    0.147989263331,0.15261392781,0.157238592289,0.161863256769,
    0.166487921248,0.171112585727,0.175737250206,0.180361914685,
    0.184986579164,0.189611243643,0.194235908122,0.198860572601,
    0.20348523708,0.20810990156,0.212734566039,0.217359230518,
    0.221983894997,0.226608559476,0.231233223955,0.235857888434,
    0.240482552913,0.245107217392,0.249731881871,0.254356546351,
    0.25898121083,0.263605875309,0.268230539788,0.272855204267,
    0.277479868746,0.282104533225,0.286729197704,0.291353862183,
    0.295978526663,0.300603191142,0.305227855621,0.3098525201,
    0.314477184579,0.319101849058,0.323726513537,0.328351178016,
    0.332975842495,0.337600506974,0.342225171454,0.346849835933,
    0.351474500412,0.356099164891,0.36072382937,0.365348493849,
    0.369973158328,0.374597822807,0.379222487286,0.383847151765,
    0.388471816245,0.393096480724,0.397721145203,0.402345809682,
    0.406970474161,0.41159513864,0.416219803119,0.420844467598,
    0.425469132077,0.430093796556,0.434718461036,0.439343125515,
    0.443967789994,0.448592454473,0.453217118952,0.457841783431,
    0.46246644791,0.467091112389,0.471715776868,0.476340441347,
    0.480965105827,0.485589770306,0.490214434785,0.494839099264,
    0.499463763743,0.504088428222,0.508713092701,0.51333775718,
    0.517962421659,0.522587086139,0.527211750618,0.531836415097,
    0.536461079576,0.541085744055,0.545710408534,0.550335073013,
    0.554959737492,0.559584401971,0.56420906645,0.56883373093,
    0.573458395409,0.578083059888,0.582707724367,0.587332388846,
    0.591957053325,0.596581717804,0.601206382283,0.605831046762,
    0.610455711241,0.615080375721,0.6197050402,0.624329704679,
    0.628954369158,0.633579033637,0.638203698116,0.642828362595,
    0.647453027074,0.652077691553,0.656702356032,0.661327020512,
    0.665951684991,0.67057634947,0.675201013949,0.679825678428,
    0.684450342907,0.689075007386,0.693699671865,0.698324336344,
    0.702949000823,0.707573665303,0.712198329782,0.716822994261,
    0.72144765874,0.726072323219,0.730696987698,0.735321652177,
    0.739946316656,0.744570981135,0.749195645614,0.753820310094,
    0.758444974573,0.763069639052,0.767694303531,0.77231896801,
    0.776943632489,0.781568296968,0.786192961447,0.790817625926,
    0.795442290406,0.800066954885,0.804691619364,0.809316283843,
    0.813940948322,0.818565612801,0.82319027728,0.827814941759,
    0.832439606238,0.837064270717,0.841688935197,0.846313599676,
    0.850938264155,0.855562928634,0.860187593113,0.864812257592,
    0.869436922071,0.87406158655,0.878686251029,0.883310915508,
    0.887935579988,0.892560244467,0.897184908946,0.901809573425,
    0.906434237904,0.911058902383,0.915683566862,0.920308231341,
    0.92493289582,0.929557560299,0.934182224779,0.938806889258,
    0.943431553737,0.948056218216,0.952680882695,0.957305547174,
    0.961930211653,0.966554876132,0.971179540611,0.97580420509,
    0.98042886957,0.985053534049,0.989678198528,0.994302863007,
    0.998927527486,1.003552191965,1.008176856444,1.012801520923,
    1.017426185402,1.022050849882,1.026675514361,1.03130017884,
    1.035924843319,1.040549507798,1.045174172277,1.049798836756,
    1.054423501235,1.059048165714,1.063672830193,1.068297494673,
    1.072922159152,1.077546823631,1.08217148811,1.086796152589,
    1.091420817068,1.096045481547,1.100670146026,1.105294810505,
    1.109919474984,1.114544139464,1.119168803943),
  .QUASI_UNIFORM_KNOTS.);
#2106 = CARTESIAN_POINT('',(91.743304375321,-8.54496));
#2107 = CARTESIAN_POINT('',(91.743304654743,-8.533245077534));
#2108 = CARTESIAN_POINT('',(91.742973839011,-8.50982247143));
#2109 = CARTESIAN_POINT('',(91.741490723469,-8.474743558547));
#2110 = CARTESIAN_POINT('',(91.73902671152,-8.439753875874));
#2111 = CARTESIAN_POINT('',(91.735592125571,-8.40488431782));
#2112 = CARTESIAN_POINT('',(91.731199709116,-8.370163748136));
#2113 = CARTESIAN_POINT('',(91.725864744774,-8.335618799223));
#2114 = CARTESIAN_POINT('',(91.719604651885,-8.301274067871));
#2115 = CARTESIAN_POINT('',(91.712438744732,-8.267152196996));
#2116 = CARTESIAN_POINT('',(91.704387968217,-8.233273980441));
#2117 = CARTESIAN_POINT('',(91.695474659395,-8.199658454414));
#2118 = CARTESIAN_POINT('',(91.685722321186,-8.166322985608));
#2119 = CARTESIAN_POINT('',(91.675155411226,-8.133283353606));
#2120 = CARTESIAN_POINT('',(91.663799144301,-8.100553828503));
#2121 = CARTESIAN_POINT('',(91.651679308028,-8.068147243794));
#2122 = CARTESIAN_POINT('',(91.638822091058,-8.036075064797));
#2123 = CARTESIAN_POINT('',(91.625253923159,-8.004347452842));
#2124 = CARTESIAN_POINT('',(91.611001326497,-7.972973325446));
#2125 = CARTESIAN_POINT('',(91.596090777395,-7.941960412715));
#2126 = CARTESIAN_POINT('',(91.580548577838,-7.911315310192));
#2127 = CARTESIAN_POINT('',(91.564400735982,-7.881043528408));
#2128 = CARTESIAN_POINT('',(91.547672854835,-7.851149539279));
#2129 = CARTESIAN_POINT('',(91.530390028538,-7.821636819876));
#2130 = CARTESIAN_POINT('',(91.51257674462,-7.792507892749));
#2131 = CARTESIAN_POINT('',(91.494256794453,-7.763764366881));
#2132 = CARTESIAN_POINT('',(91.475453179682,-7.735406965199));
#2133 = CARTESIAN_POINT('',(91.456188056345,-7.707435592246));
#2134 = CARTESIAN_POINT('',(91.436482556944,-7.679849243027));
#2135 = CARTESIAN_POINT('',(91.416357082595,-7.652646496788));
#2136 = CARTESIAN_POINT('',(91.395829851348,-7.625823821032));
#2137 = CARTESIAN_POINT('',(91.374921960951,-7.59938204219));
#2138 = CARTESIAN_POINT('',(91.353637007057,-7.573300884584));
#2139 = CARTESIAN_POINT('',(91.331984526441,-7.547570587979));
#2140 = CARTESIAN_POINT('',(91.309979288041,-7.522187866055));
#2141 = CARTESIAN_POINT('',(91.287633839943,-7.497147398847));
#2142 = CARTESIAN_POINT('',(91.264960507385,-7.472444254208));
#2143 = CARTESIAN_POINT('',(91.241970859673,-7.448073348612));
#2144 = CARTESIAN_POINT('',(91.2186757855,-7.424029667581));
#2145 = CARTESIAN_POINT('',(91.195085437989,-7.400308254298));
#2146 = CARTESIAN_POINT('',(91.17120923133,-7.376904211849));
#2147 = CARTESIAN_POINT('',(91.147055894593,-7.353812728783));
#2148 = CARTESIAN_POINT('',(91.122633371026,-7.331028843763));
#2149 = CARTESIAN_POINT('',(91.097949981286,-7.30854872048));
#2150 = CARTESIAN_POINT('',(91.073012585024,-7.286367862018));
#2151 = CARTESIAN_POINT('',(91.047827757804,-7.264482164728));
#2152 = CARTESIAN_POINT('',(91.02240162955,-7.242887777984));
#2153 = CARTESIAN_POINT('',(90.996739969855,-7.221581161294));
#2154 = CARTESIAN_POINT('',(90.970848039,-7.200558967573));
#2155 = CARTESIAN_POINT('',(90.94473112806,-7.179818424404));
#2156 = CARTESIAN_POINT('',(90.918392575818,-7.159355897211));
#2157 = CARTESIAN_POINT('',(90.891841188281,-7.139172226766));
#2158 = CARTESIAN_POINT('',(90.865063570108,-7.119252787477));
#2159 = CARTESIAN_POINT('',(90.838127405074,-7.099641888194));
#2160 = CARTESIAN_POINT('',(90.810796027982,-7.080165082174));
#2161 = CARTESIAN_POINT('',(90.782803510988,-7.060645540563));
#2162 = CARTESIAN_POINT('',(90.754195161831,-7.041132101679));
#2163 = CARTESIAN_POINT('',(90.724928414918,-7.021612014872));
#2164 = CARTESIAN_POINT('',(90.694979575307,-7.002088150856));
#2165 = CARTESIAN_POINT('',(90.664314977676,-6.982558581534));
#2166 = CARTESIAN_POINT('',(90.632898538578,-6.963022402373));
#2167 = CARTESIAN_POINT('',(90.600689187532,-6.94347838123));
#2168 = CARTESIAN_POINT('',(90.567642247916,-6.923926224983));
#2169 = CARTESIAN_POINT('',(90.533704992509,-6.90436471465));
#2170 = CARTESIAN_POINT('',(90.498831401987,-6.884799914894));
#2171 = CARTESIAN_POINT('',(90.462874801778,-6.86518829293));
#2172 = CARTESIAN_POINT('',(90.42581067689,-6.84556080048));
#2173 = CARTESIAN_POINT('',(90.387563517746,-6.825925481923));
#2174 = CARTESIAN_POINT('',(90.348025561387,-6.806281845485));
#2175 = CARTESIAN_POINT('',(90.307048277455,-6.786619852061));
#2176 = CARTESIAN_POINT('',(90.264448636942,-6.766927811477));
#2177 = CARTESIAN_POINT('',(90.219986625662,-6.747185876799));
#2178 = CARTESIAN_POINT('',(90.173438941426,-6.727414084389));
#2179 = CARTESIAN_POINT('',(90.124208100737,-6.707522458358));
#2180 = CARTESIAN_POINT('',(90.072789075053,-6.687904157076));
#2181 = CARTESIAN_POINT('',(90.021328085073,-6.669467741985));
#2182 = CARTESIAN_POINT('',(89.969268736217,-6.652045944535));
#2183 = CARTESIAN_POINT('',(89.916751274439,-6.635747746934));
#2184 = CARTESIAN_POINT('',(89.863734903663,-6.620609184634));
#2185 = CARTESIAN_POINT('',(89.810234447006,-6.606687199646));
#2186 = CARTESIAN_POINT('',(89.756251120299,-6.59403342479));
#2187 = CARTESIAN_POINT('',(89.701812413689,-6.582705193385));
#2188 = CARTESIAN_POINT('',(89.646805436611,-6.572732972846));
#2189 = CARTESIAN_POINT('',(89.591347072953,-6.564187218787));
#2190 = CARTESIAN_POINT('',(89.53551717575,-6.557122847599));
#2191 = CARTESIAN_POINT('',(89.479393195054,-6.551585950797));
#2192 = CARTESIAN_POINT('',(89.423045373902,-6.547611995976));
#2193 = CARTESIAN_POINT('',(89.366543127528,-6.545226308651));
#2194 = CARTESIAN_POINT('',(89.309958126075,-6.544443943918));
#2195 = CARTESIAN_POINT('',(89.253371020013,-6.545269717986));
#2196 = CARTESIAN_POINT('',(89.19686301888,-6.547698210394));
#2197 = CARTESIAN_POINT('',(89.140508221813,-6.551713723594));
#2198 = CARTESIAN_POINT('',(89.084379117382,-6.557290442411));
#2199 = CARTESIAN_POINT('',(89.028553580661,-6.564391836614));
#2200 = CARTESIAN_POINT('',(88.973106124262,-6.572972891189));
#2201 = CARTESIAN_POINT('',(88.91815897287,-6.582971782657));
#2202 = CARTESIAN_POINT('',(88.863701054701,-6.594342117866));
#2203 = CARTESIAN_POINT('',(88.809698577521,-6.607037267541));
#2204 = CARTESIAN_POINT('',(88.756177625596,-6.621000638118));
#2205 = CARTESIAN_POINT('',(88.703142685346,-6.636179495538));
#2206 = CARTESIAN_POINT('',(88.650598317272,-6.652521259944));
#2207 = CARTESIAN_POINT('',(88.598543333828,-6.669974503095));
#2208 = CARTESIAN_POINT('',(88.546972030416,-6.688488664001));
#2209 = CARTESIAN_POINT('',(88.495874798441,-6.708014188992));
#2210 = CARTESIAN_POINT('',(88.445234164459,-6.728502255789));
#2211 = CARTESIAN_POINT('',(88.395040932123,-6.749905827027));
#2212 = CARTESIAN_POINT('',(88.345266930875,-6.772183374698));
#2213 = CARTESIAN_POINT('',(88.295914484377,-6.795298833066));
#2214 = CARTESIAN_POINT('',(88.247003086234,-6.819221766095));
#2215 = CARTESIAN_POINT('',(88.198541138845,-6.843927262403));
#2216 = CARTESIAN_POINT('',(88.150532197824,-6.869396188009));
#2217 = CARTESIAN_POINT('',(88.102988845363,-6.895608406866));
#2218 = CARTESIAN_POINT('',(88.055916580919,-6.922550402866));
#2219 = CARTESIAN_POINT('',(88.009322950124,-6.950210655549));
#2220 = CARTESIAN_POINT('',(87.963215761605,-6.978580595451));
#2221 = CARTESIAN_POINT('',(87.917603597807,-7.007654367169));
#2222 = CARTESIAN_POINT('',(87.872495711086,-7.037428912996));
#2223 = CARTESIAN_POINT('',(87.827902086664,-7.067903966604));
#2224 = CARTESIAN_POINT('',(87.783833456259,-7.099082085941));
#2225 = CARTESIAN_POINT('',(87.740301346734,-7.130968619226));
#2226 = CARTESIAN_POINT('',(87.697322334112,-7.163568915638));
#2227 = CARTESIAN_POINT('',(87.654911505915,-7.196892955907));
#2228 = CARTESIAN_POINT('',(87.613087446663,-7.230951806758));
#2229 = CARTESIAN_POINT('',(87.571871293714,-7.265758398075));
#2230 = CARTESIAN_POINT('',(87.53128700729,-7.301327424486));
#2231 = CARTESIAN_POINT('',(87.491361540014,-7.337675276139));
#2232 = CARTESIAN_POINT('',(87.452124212413,-7.374820728299));
#2233 = CARTESIAN_POINT('',(87.413609527749,-7.412782411636));
#2234 = CARTESIAN_POINT('',(87.375855413103,-7.451580766561));
#2235 = CARTESIAN_POINT('',(87.338903809873,-7.491236890766));
#2236 = CARTESIAN_POINT('',(87.302802186096,-7.531772281979));
#2237 = CARTESIAN_POINT('',(87.267602855625,-7.573207853151));
#2238 = CARTESIAN_POINT('',(87.233361352932,-7.615564828451));
#2239 = CARTESIAN_POINT('',(87.200142603093,-7.658856075699));
#2240 = CARTESIAN_POINT('',(87.168012420766,-7.703100533796));
#2241 = CARTESIAN_POINT('',(87.137043112152,-7.74831480901));
#2242 = CARTESIAN_POINT('',(87.107315255574,-7.794510292199));
#2243 = CARTESIAN_POINT('',(87.078916536727,-7.841693424542));
#2244 = CARTESIAN_POINT('',(87.051941217344,-7.889865017075));
#2245 = CARTESIAN_POINT('',(87.026489265027,-7.939019755092));
#2246 = CARTESIAN_POINT('',(87.002665439669,-7.989145457872));
#2247 = CARTESIAN_POINT('',(86.980578112964,-8.040222680847));
#2248 = CARTESIAN_POINT('',(86.960338407191,-8.092222741263));
#2249 = CARTESIAN_POINT('',(86.942057522404,-8.145111256028));
#2250 = CARTESIAN_POINT('',(86.925851395489,-8.198826017713));
#2251 = CARTESIAN_POINT('',(86.911832809506,-8.253283309822));
#2252 = CARTESIAN_POINT('',(86.900103976659,-8.308391913181));
#2253 = CARTESIAN_POINT('',(86.890755415342,-8.364049217746));
#2254 = CARTESIAN_POINT('',(86.883863130158,-8.420141591434));
#2255 = CARTESIAN_POINT('',(86.879486042968,-8.476544083393));
#2256 = CARTESIAN_POINT('',(86.877663353163,-8.533118447039));
#2257 = CARTESIAN_POINT('',(86.878411205721,-8.589718464166));
#2258 = CARTESIAN_POINT('',(86.881723091351,-8.646211056422));
#2259 = CARTESIAN_POINT('',(86.887569154218,-8.7024487592));
#2260 = CARTESIAN_POINT('',(86.895898388841,-8.758302669454));
#2261 = CARTESIAN_POINT('',(86.906641600344,-8.813653936198));
#2262 = CARTESIAN_POINT('',(86.919714010863,-8.868395400227));
#2263 = CARTESIAN_POINT('',(86.935017842424,-8.922430702683));
#2264 = CARTESIAN_POINT('',(86.952444600144,-8.975673455496));
#2265 = CARTESIAN_POINT('',(86.971877792587,-9.028048786919));
#2266 = CARTESIAN_POINT('',(86.993205543195,-9.079516055924));
#2267 = CARTESIAN_POINT('',(87.016316214914,-9.130042978554));
#2268 = CARTESIAN_POINT('',(87.041100123769,-9.179606360949));
#2269 = CARTESIAN_POINT('',(87.067450759462,-9.22819082874));
#2270 = CARTESIAN_POINT('',(87.09526596079,-9.275788187023));
#2271 = CARTESIAN_POINT('',(87.124448938452,-9.322396721176));
#2272 = CARTESIAN_POINT('',(87.154909135472,-9.368020563297));
#2273 = CARTESIAN_POINT('',(87.186563083193,-9.412669314866));
#2274 = CARTESIAN_POINT('',(87.219334644386,-9.456357038437));
#2275 = CARTESIAN_POINT('',(87.253156934039,-9.49910397654));
#2276 = CARTESIAN_POINT('',(87.287962325367,-9.540922333739));
#2277 = CARTESIAN_POINT('',(87.32369300525,-9.58183179044));
#2278 = CARTESIAN_POINT('',(87.360294984345,-9.621853142132));
#2279 = CARTESIAN_POINT('',(87.397718849674,-9.661007808598));
#2280 = CARTESIAN_POINT('',(87.435919964353,-9.699316909539));
#2281 = CARTESIAN_POINT('',(87.474859303913,-9.736801409213));
#2282 = CARTESIAN_POINT('',(87.51450110468,-9.773481058048));
#2283 = CARTESIAN_POINT('',(87.554813281788,-9.809373908133));
#2284 = CARTESIAN_POINT('',(87.595768271819,-9.844497699326));
#2285 = CARTESIAN_POINT('',(87.63734088807,-9.87886783587));
#2286 = CARTESIAN_POINT('',(87.679508850824,-9.912498013006));
#2287 = CARTESIAN_POINT('',(87.722252469465,-9.945400039946));
#2288 = CARTESIAN_POINT('',(87.765555071792,-9.977584238069));
#2289 = CARTESIAN_POINT('',(87.809401309051,-10.00905834184));
#2290 = CARTESIAN_POINT('',(87.853776946993,-10.0398272449));
#2291 = CARTESIAN_POINT('',(87.89867126887,-10.06989494583));
#2292 = CARTESIAN_POINT('',(87.944074220697,-10.09926243308));
#2293 = CARTESIAN_POINT('',(87.98997457644,-10.12792697524));
#2294 = CARTESIAN_POINT('',(88.036369857544,-10.15588709702));
#2295 = CARTESIAN_POINT('',(88.083228328792,-10.1831234838));
#2296 = CARTESIAN_POINT('',(88.130630938731,-10.20967048571));
#2297 = CARTESIAN_POINT('',(88.178241408001,-10.23534929556));
#2298 = CARTESIAN_POINT('',(88.2283334246,-10.26131880839));
#2299 = CARTESIAN_POINT('',(88.280676722699,-10.28730894293));
#2300 = CARTESIAN_POINT('',(88.335457787788,-10.31327279422));
#2301 = CARTESIAN_POINT('',(88.393089736006,-10.33923199855));
#2302 = CARTESIAN_POINT('',(88.454288857415,-10.36526854402));
#2303 = CARTESIAN_POINT('',(88.520155131471,-10.39148396249));
#2304 = CARTESIAN_POINT('',(88.592072880281,-10.41791209232));
#2305 = CARTESIAN_POINT('',(88.67208119016,-10.4445933328));
#2306 = CARTESIAN_POINT('',(88.761890659365,-10.47090740205));
#2307 = CARTESIAN_POINT('',(88.8520387551,-10.49338819732));
#2308 = CARTESIAN_POINT('',(88.944098347489,-10.51231028766));
#2309 = CARTESIAN_POINT('',(89.037246529768,-10.52720541552));
#2310 = CARTESIAN_POINT('',(89.131291142594,-10.53788239686));
#2311 = CARTESIAN_POINT('',(89.22589958427,-10.54415965751));
#2312 = CARTESIAN_POINT('',(89.320814192904,-10.54593948553));
#2313 = CARTESIAN_POINT('',(89.415731564021,-10.54318995811));
#2314 = CARTESIAN_POINT('',(89.510346697439,-10.53595091164));
#2315 = CARTESIAN_POINT('',(89.60431294843,-10.52434180501));
#2316 = CARTESIAN_POINT('',(89.697233794303,-10.50855298918));
#2317 = CARTESIAN_POINT('',(89.788478080349,-10.48892576427));
#2318 = CARTESIAN_POINT('',(89.878235774184,-10.46570794835));
#2319 = CARTESIAN_POINT('',(89.966649622923,-10.43909996553));
#2320 = CARTESIAN_POINT('',(90.053681736785,-10.40936259671));
#2321 = CARTESIAN_POINT('',(90.139381182803,-10.37672880403));
#2322 = CARTESIAN_POINT('',(90.223794791462,-10.34142622857));
#2323 = CARTESIAN_POINT('',(90.30702022243,-10.30366847691));
#2324 = CARTESIAN_POINT('',(90.389017544017,-10.26362257442));
#2325 = CARTESIAN_POINT('',(90.469760125998,-10.22138998681));
#2326 = CARTESIAN_POINT('',(90.549207453471,-10.17706334244));
#2327 = CARTESIAN_POINT('',(90.627316598263,-10.13071033445));
#2328 = CARTESIAN_POINT('',(90.704048450079,-10.08237287845));
#2329 = CARTESIAN_POINT('',(90.779361289976,-10.03206979074));
#2330 = CARTESIAN_POINT('',(90.853215676272,-9.97979187799));
#2331 = CARTESIAN_POINT('',(90.925541106247,-9.925524800302));
#2332 = CARTESIAN_POINT('',(90.996268806226,-9.869225744268));
#2333 = CARTESIAN_POINT('',(91.065310337124,-9.810836332847));
#2334 = CARTESIAN_POINT('',(91.132551090986,-9.750287836333));
#2335 = CARTESIAN_POINT('',(91.197851356075,-9.687499633039));
#2336 = CARTESIAN_POINT('',(91.261045829083,-9.622377893067));
#2337 = CARTESIAN_POINT('',(91.32193904671,-9.554817394974));
#2338 = CARTESIAN_POINT('',(91.380282305134,-9.484726483236));
#2339 = CARTESIAN_POINT('',(91.435807307345,-9.412008365819));
#2340 = CARTESIAN_POINT('',(91.488188473014,-9.336591947596));
#2341 = CARTESIAN_POINT('',(91.537052743581,-9.258420767081));
#2342 = CARTESIAN_POINT('',(91.581980596788,-9.177468418086));
#2343 = CARTESIAN_POINT('',(91.622542134236,-9.093661084525));
#2344 = CARTESIAN_POINT('',(91.658174152045,-9.007162398735));
#2345 = CARTESIAN_POINT('',(91.688326454703,-8.918188903118));
#2346 = CARTESIAN_POINT('',(91.71246673078,-8.827041939651));
#2347 = CARTESIAN_POINT('',(91.730120348222,-8.73411312011));
#2348 = CARTESIAN_POINT('',(91.740883081074,-8.6398806604));
#2349 = CARTESIAN_POINT('',(91.743317663562,-8.576609896375));
#2350 = CARTESIAN_POINT('',(91.743304375321,-8.54496));
#2351 = ( GEOMETRIC_REPRESENTATION_CONTEXT(2) 
PARAMETRIC_REPRESENTATION_CONTEXT() REPRESENTATION_CONTEXT('2D SPACE',''
  ) );
#2352 = PCURVE('',#2353,#2358);
#2353 = CYLINDRICAL_SURFACE('',#2354,2.00025);
#2354 = AXIS2_PLACEMENT_3D('',#2355,#2356,#2357);
#2355 = CARTESIAN_POINT('',(0.,6.223,10.60896));
#2356 = DIRECTION('',(0.,-1.,1.110223024625E-16));
#2357 = DIRECTION('',(1.,0.,0.));
#2358 = DEFINITIONAL_REPRESENTATION('',(#2359),#2605);
#2359 = B_SPLINE_CURVE_WITH_KNOTS('',3,(#2360,#2361,#2362,#2363,#2364,
    #2365,#2366,#2367,#2368,#2369,#2370,#2371,#2372,#2373,#2374,#2375,
    #2376,#2377,#2378,#2379,#2380,#2381,#2382,#2383,#2384,#2385,#2386,
    #2387,#2388,#2389,#2390,#2391,#2392,#2393,#2394,#2395,#2396,#2397,
    #2398,#2399,#2400,#2401,#2402,#2403,#2404,#2405,#2406,#2407,#2408,
    #2409,#2410,#2411,#2412,#2413,#2414,#2415,#2416,#2417,#2418,#2419,
    #2420,#2421,#2422,#2423,#2424,#2425,#2426,#2427,#2428,#2429,#2430,
    #2431,#2432,#2433,#2434,#2435,#2436,#2437,#2438,#2439,#2440,#2441,
    #2442,#2443,#2444,#2445,#2446,#2447,#2448,#2449,#2450,#2451,#2452,
    #2453,#2454,#2455,#2456,#2457,#2458,#2459,#2460,#2461,#2462,#2463,
    #2464,#2465,#2466,#2467,#2468,#2469,#2470,#2471,#2472,#2473,#2474,
    #2475,#2476,#2477,#2478,#2479,#2480,#2481,#2482,#2483,#2484,#2485,
    #2486,#2487,#2488,#2489,#2490,#2491,#2492,#2493,#2494,#2495,#2496,
    #2497,#2498,#2499,#2500,#2501,#2502,#2503,#2504,#2505,#2506,#2507,
    #2508,#2509,#2510,#2511,#2512,#2513,#2514,#2515,#2516,#2517,#2518,
    #2519,#2520,#2521,#2522,#2523,#2524,#2525,#2526,#2527,#2528,#2529,
    #2530,#2531,#2532,#2533,#2534,#2535,#2536,#2537,#2538,#2539,#2540,
    #2541,#2542,#2543,#2544,#2545,#2546,#2547,#2548,#2549,#2550,#2551,
    #2552,#2553,#2554,#2555,#2556,#2557,#2558,#2559,#2560,#2561,#2562,
    #2563,#2564,#2565,#2566,#2567,#2568,#2569,#2570,#2571,#2572,#2573,
    #2574,#2575,#2576,#2577,#2578,#2579,#2580,#2581,#2582,#2583,#2584,
    #2585,#2586,#2587,#2588,#2589,#2590,#2591,#2592,#2593,#2594,#2595,
    #2596,#2597,#2598,#2599,#2600,#2601,#2602,#2603,#2604),
  .UNSPECIFIED.,.F.,.F.,(4,1,1,1,1,1,1,1,1,1,1,1,1,1,1,1,1,1,1,1,1,1,1,1
    ,1,1,1,1,1,1,1,1,1,1,1,1,1,1,1,1,1,1,1,1,1,1,1,1,1,1,1,1,1,1,1,1,1,1
    ,1,1,1,1,1,1,1,1,1,1,1,1,1,1,1,1,1,1,1,1,1,1,1,1,1,1,1,1,1,1,1,1,1,1
    ,1,1,1,1,1,1,1,1,1,1,1,1,1,1,1,1,1,1,1,1,1,1,1,1,1,1,1,1,1,1,1,1,1,1
    ,1,1,1,1,1,1,1,1,1,1,1,1,1,1,1,1,1,1,1,1,1,1,1,1,1,1,1,1,1,1,1,1,1,1
    ,1,1,1,1,1,1,1,1,1,1,1,1,1,1,1,1,1,1,1,1,1,1,1,1,1,1,1,1,1,1,1,1,1,1
    ,1,1,1,1,1,1,1,1,1,1,1,1,1,1,1,1,1,1,1,1,1,1,1,1,1,1,1,1,1,1,1,1,1,1
    ,1,1,1,1,1,1,1,1,1,1,1,1,1,1,4),(0.,4.624664479102E-03,
    9.249328958204E-03,1.387399343731E-02,1.849865791641E-02,
    2.312332239551E-02,2.774798687461E-02,3.237265135371E-02,
    3.699731583281E-02,4.162198031192E-02,4.624664479102E-02,
    5.087130927012E-02,5.549597374922E-02,6.012063822832E-02,
    6.474530270743E-02,6.936996718653E-02,7.399463166563E-02,
    7.861929614473E-02,8.324396062383E-02,8.786862510294E-02,
    9.249328958204E-02,9.711795406114E-02,0.10174261854,0.106367283019,
    0.110991947498,0.115616611978,0.120241276457,0.124865940936,
    0.129490605415,0.134115269894,0.138739934373,0.143364598852,
    0.147989263331,0.15261392781,0.157238592289,0.161863256769,
    0.166487921248,0.171112585727,0.175737250206,0.180361914685,
    0.184986579164,0.189611243643,0.194235908122,0.198860572601,
    0.20348523708,0.20810990156,0.212734566039,0.217359230518,
    0.221983894997,0.226608559476,0.231233223955,0.235857888434,
    0.240482552913,0.245107217392,0.249731881871,0.254356546351,
    0.25898121083,0.263605875309,0.268230539788,0.272855204267,
    0.277479868746,0.282104533225,0.286729197704,0.291353862183,
    0.295978526663,0.300603191142,0.305227855621,0.3098525201,
    0.314477184579,0.319101849058,0.323726513537,0.328351178016,
    0.332975842495,0.337600506974,0.342225171454,0.346849835933,
    0.351474500412,0.356099164891,0.36072382937,0.365348493849,
    0.369973158328,0.374597822807,0.379222487286,0.383847151765,
    0.388471816245,0.393096480724,0.397721145203,0.402345809682,
    0.406970474161,0.41159513864,0.416219803119,0.420844467598,
    0.425469132077,0.430093796556,0.434718461036,0.439343125515,
    0.443967789994,0.448592454473,0.453217118952,0.457841783431,
    0.46246644791,0.467091112389,0.471715776868,0.476340441347,
    0.480965105827,0.485589770306,0.490214434785,0.494839099264,
    0.499463763743,0.504088428222,0.508713092701,0.51333775718,
    0.517962421659,0.522587086139,0.527211750618,0.531836415097,
    0.536461079576,0.541085744055,0.545710408534,0.550335073013,
    0.554959737492,0.559584401971,0.56420906645,0.56883373093,
    0.573458395409,0.578083059888,0.582707724367,0.587332388846,
    0.591957053325,0.596581717804,0.601206382283,0.605831046762,
    0.610455711241,0.615080375721,0.6197050402,0.624329704679,
    0.628954369158,0.633579033637,0.638203698116,0.642828362595,
    0.647453027074,0.652077691553,0.656702356032,0.661327020512,
    0.665951684991,0.67057634947,0.675201013949,0.679825678428,
    0.684450342907,0.689075007386,0.693699671865,0.698324336344,
    0.702949000823,0.707573665303,0.712198329782,0.716822994261,
    0.72144765874,0.726072323219,0.730696987698,0.735321652177,
    0.739946316656,0.744570981135,0.749195645614,0.753820310094,
    0.758444974573,0.763069639052,0.767694303531,0.77231896801,
    0.776943632489,0.781568296968,0.786192961447,0.790817625926,
    0.795442290406,0.800066954885,0.804691619364,0.809316283843,
    0.813940948322,0.818565612801,0.82319027728,0.827814941759,
    0.832439606238,0.837064270717,0.841688935197,0.846313599676,
    0.850938264155,0.855562928634,0.860187593113,0.864812257592,
    0.869436922071,0.87406158655,0.878686251029,0.883310915508,
    0.887935579988,0.892560244467,0.897184908946,0.901809573425,
    0.906434237904,0.911058902383,0.915683566862,0.920308231341,
    0.92493289582,0.929557560299,0.934182224779,0.938806889258,
    0.943431553737,0.948056218216,0.952680882695,0.957305547174,
    0.961930211653,0.966554876132,0.971179540611,0.97580420509,
    0.98042886957,0.985053534049,0.989678198528,0.994302863007,
    0.998927527486,1.003552191965,1.008176856444,1.012801520923,
    1.017426185402,1.022050849882,1.026675514361,1.03130017884,
    1.035924843319,1.040549507798,1.045174172277,1.049798836756,
    1.054423501235,1.059048165714,1.063672830193,1.068297494673,
    1.072922159152,1.077546823631,1.08217148811,1.086796152589,
    1.091420817068,1.096045481547,1.100670146026,1.105294810505,
    1.109919474984,1.114544139464,1.119168803943),
  .QUASI_UNIFORM_KNOTS.);
#2360 = CARTESIAN_POINT('',(6.28318530718,22.379988319204));
#2361 = CARTESIAN_POINT('',(6.277328583433,22.379988079878));
#2362 = CARTESIAN_POINT('',(6.265618735382,22.38024986681));
#2363 = CARTESIAN_POINT('',(6.248076059798,22.381423290323));
#2364 = CARTESIAN_POINT('',(6.230567222819,22.383372465409));
#2365 = CARTESIAN_POINT('',(6.213102412727,22.386088683201));
#2366 = CARTESIAN_POINT('',(6.195690915378,22.389561136987));
#2367 = CARTESIAN_POINT('',(6.178341045811,22.393776809059));
#2368 = CARTESIAN_POINT('',(6.161060263333,22.398720804383));
#2369 = CARTESIAN_POINT('',(6.143855228594,22.404376547714));
#2370 = CARTESIAN_POINT('',(6.126731867917,22.410726001094));
#2371 = CARTESIAN_POINT('',(6.109695427934,22.417749860265));
#2372 = CARTESIAN_POINT('',(6.092750525592,22.42542774175));
#2373 = CARTESIAN_POINT('',(6.075901192702,22.433738358037));
#2374 = CARTESIAN_POINT('',(6.059150915742,22.442659682173));
#2375 = CARTESIAN_POINT('',(6.042502671205,22.452169102036));
#2376 = CARTESIAN_POINT('',(6.025958956848,22.462243564804));
#2377 = CARTESIAN_POINT('',(6.009521819193,22.472859712108));
#2378 = CARTESIAN_POINT('',(5.993192877556,22.483994006345));
#2379 = CARTESIAN_POINT('',(5.976973344894,22.49562284862));
#2380 = CARTESIAN_POINT('',(5.960864045717,22.507722688827));
#2381 = CARTESIAN_POINT('',(5.944865431285,22.520270128311));
#2382 = CARTESIAN_POINT('',(5.928977592247,22.53324201565));
#2383 = CARTESIAN_POINT('',(5.913200269032,22.546615535878));
#2384 = CARTESIAN_POINT('',(5.897532859533,22.560368294223));
#2385 = CARTESIAN_POINT('',(5.881974426369,22.574478392578));
#2386 = CARTESIAN_POINT('',(5.86652369565,22.588924507716));
#2387 = CARTESIAN_POINT('',(5.851179077614,22.603685939825));
#2388 = CARTESIAN_POINT('',(5.835938595997,22.618742750922));
#2389 = CARTESIAN_POINT('',(5.820800148293,22.634075549274));
#2390 = CARTESIAN_POINT('',(5.805760521325,22.64966657859));
#2391 = CARTESIAN_POINT('',(5.790819041927,22.665495923708));
#2392 = CARTESIAN_POINT('',(5.775963097629,22.681556773819));
#2393 = CARTESIAN_POINT('',(5.761185835051,22.697838011538));
#2394 = CARTESIAN_POINT('',(5.74648406983,22.714324108187));
#2395 = CARTESIAN_POINT('',(5.731853435777,22.731000682578));
#2396 = CARTESIAN_POINT('',(5.717289751189,22.747853242269));
#2397 = CARTESIAN_POINT('',(5.702788701128,22.764867697518));
#2398 = CARTESIAN_POINT('',(5.688345951741,22.782030346657));
#2399 = CARTESIAN_POINT('',(5.673957132921,22.799327947715));
#2400 = CARTESIAN_POINT('',(5.659617827962,22.816747718289));
#2401 = CARTESIAN_POINT('',(5.645323579761,22.834277280804));
#2402 = CARTESIAN_POINT('',(5.631069737628,22.85190464265));
#2403 = CARTESIAN_POINT('',(5.616852242421,22.869617482418));
#2404 = CARTESIAN_POINT('',(5.602666495644,22.887404413667));
#2405 = CARTESIAN_POINT('',(5.588508020049,22.905254134855));
#2406 = CARTESIAN_POINT('',(5.574372361546,22.923155548551));
#2407 = CARTESIAN_POINT('',(5.560255120271,22.941097695757));
#2408 = CARTESIAN_POINT('',(5.546151859626,22.959069851092));
#2409 = CARTESIAN_POINT('',(5.532058374371,22.977061159427));
#2410 = CARTESIAN_POINT('',(5.517969644715,22.995061945838));
#2411 = CARTESIAN_POINT('',(5.503883687789,23.013058790851));
#2412 = CARTESIAN_POINT('',(5.489787134125,23.031052871189));
#2413 = CARTESIAN_POINT('',(5.475709007418,23.048991473227));
#2414 = CARTESIAN_POINT('',(5.461519967041,23.06702355012));
#2415 = CARTESIAN_POINT('',(5.447079477365,23.085309605173));
#2416 = CARTESIAN_POINT('',(5.43240896044,23.103802353406));
#2417 = CARTESIAN_POINT('',(5.417483930975,23.122511161752));
#2418 = CARTESIAN_POINT('',(5.402289589308,23.141431041002));
#2419 = CARTESIAN_POINT('',(5.38680578807,23.16056148367));
#2420 = CARTESIAN_POINT('',(5.371010939706,23.179901131766));
#2421 = CARTESIAN_POINT('',(5.35488064974,23.19944906355));
#2422 = CARTESIAN_POINT('',(5.338388353417,23.219203558988));
#2423 = CARTESIAN_POINT('',(5.321503044727,23.239164115926));
#2424 = CARTESIAN_POINT('',(5.304196448838,23.259322769241));
#2425 = CARTESIAN_POINT('',(5.286389751332,23.279723474776));
#2426 = CARTESIAN_POINT('',(5.268064194709,23.300334860204));
#2427 = CARTESIAN_POINT('',(5.249174257436,23.32114806662));
#2428 = CARTESIAN_POINT('',(5.229657247384,23.342163983279));
#2429 = CARTESIAN_POINT('',(5.209428610205,23.363395276815));
#2430 = CARTESIAN_POINT('',(5.188385430655,23.384858895704));
#2431 = CARTESIAN_POINT('',(5.166391380437,23.406584480761));
#2432 = CARTESIAN_POINT('',(5.143327237615,23.428561277692));
#2433 = CARTESIAN_POINT('',(5.118896803652,23.450907736819));
#2434 = CARTESIAN_POINT('',(5.093344331455,23.473204463545));
#2435 = CARTESIAN_POINT('',(5.06773844878,23.494408361887));
#2436 = CARTESIAN_POINT('',(5.041806066024,23.514687474257));
#2437 = CARTESIAN_POINT('',(5.015619606133,23.533894041103));
#2438 = CARTESIAN_POINT('',(4.989161462398,23.55195898361));
#2439 = CARTESIAN_POINT('',(4.962441445758,23.56878523224));
#2440 = CARTESIAN_POINT('',(4.935462620815,23.584279929869));
#2441 = CARTESIAN_POINT('',(4.908240427649,23.598332290693));
#2442 = CARTESIAN_POINT('',(4.880726788731,23.610926214667));
#2443 = CARTESIAN_POINT('',(4.852973630102,23.621868731729));
#2444 = CARTESIAN_POINT('',(4.825021307896,23.631016338704));
#2445 = CARTESIAN_POINT('',(4.796911434815,23.638246815679));
#2446 = CARTESIAN_POINT('',(4.768683852938,23.643466777573));
#2447 = CARTESIAN_POINT('',(4.740377866113,23.64660965149));
#2448 = CARTESIAN_POINT('',(4.712032336116,23.647636215726));
#2449 = CARTESIAN_POINT('',(4.683686096456,23.646534466404));
#2450 = CARTESIAN_POINT('',(4.655378246761,23.643319611912));
#2451 = CARTESIAN_POINT('',(4.627148604234,23.638034228517));
#2452 = CARTESIAN_POINT('',(4.599037625232,23.630747643481));
#2453 = CARTESIAN_POINT('',(4.571088250898,23.621558246979));
#2454 = CARTESIAN_POINT('',(4.54334053188,23.610584861304));
#2455 = CARTESIAN_POINT('',(4.51585314366,23.597998952139));
#2456 = CARTESIAN_POINT('',(4.488621553877,23.583899987438));
#2457 = CARTESIAN_POINT('',(4.46163362352,23.568360032579));
#2458 = CARTESIAN_POINT('',(4.434903852651,23.551489486479));
#2459 = CARTESIAN_POINT('',(4.408437017647,23.533382323675));
#2460 = CARTESIAN_POINT('',(4.382237835315,23.514130766298));
#2461 = CARTESIAN_POINT('',(4.35630837093,23.493821354106));
#2462 = CARTESIAN_POINT('',(4.330648623787,23.472535992362));
#2463 = CARTESIAN_POINT('',(4.305256827627,23.4503516903));
#2464 = CARTESIAN_POINT('',(4.280127870973,23.427340559378));
#2465 = CARTESIAN_POINT('',(4.255260267209,23.40357020225));
#2466 = CARTESIAN_POINT('',(4.230646713364,23.379099549124));
#2467 = CARTESIAN_POINT('',(4.206275855213,23.353985222224));
#2468 = CARTESIAN_POINT('',(4.182133853113,23.328281147367));
#2469 = CARTESIAN_POINT('',(4.158203941029,23.30203866346));
#2470 = CARTESIAN_POINT('',(4.13446605055,23.275306472931));
#2471 = CARTESIAN_POINT('',(4.110905303614,23.248134841134));
#2472 = CARTESIAN_POINT('',(4.087503016192,23.220569989686));
#2473 = CARTESIAN_POINT('',(4.064241452066,23.192657983833));
#2474 = CARTESIAN_POINT('',(4.041102756096,23.164443979941));
#2475 = CARTESIAN_POINT('',(4.018069111496,23.135972482941));
#2476 = CARTESIAN_POINT('',(3.995122569701,23.107287333028));
#2477 = CARTESIAN_POINT('',(3.972244971779,23.078431765377));
#2478 = CARTESIAN_POINT('',(3.949417840313,23.049448448544));
#2479 = CARTESIAN_POINT('',(3.926622310173,23.020379535109));
#2480 = CARTESIAN_POINT('',(3.903841133012,22.991269570641));
#2481 = CARTESIAN_POINT('',(3.881055194948,22.962161191791));
#2482 = CARTESIAN_POINT('',(3.858245981686,22.933098516344));
#2483 = CARTESIAN_POINT('',(3.835394943964,22.904126569896));
#2484 = CARTESIAN_POINT('',(3.812483491399,22.875291519116));
#2485 = CARTESIAN_POINT('',(3.789492945088,22.846640847142));
#2486 = CARTESIAN_POINT('',(3.766404017734,22.818222953852));
#2487 = CARTESIAN_POINT('',(3.7431983175,22.790089199704));
#2488 = CARTESIAN_POINT('',(3.719857042745,22.76229278516));
#2489 = CARTESIAN_POINT('',(3.696361572491,22.734888856653));
#2490 = CARTESIAN_POINT('',(3.672693532347,22.707936294026));
#2491 = CARTESIAN_POINT('',(3.648835222545,22.681496594305));
#2492 = CARTESIAN_POINT('',(3.624769003835,22.655630712999));
#2493 = CARTESIAN_POINT('',(3.600481979022,22.630404664267));
#2494 = CARTESIAN_POINT('',(3.575957703492,22.605885551971));
#2495 = CARTESIAN_POINT('',(3.551180857447,22.582144926706));
#2496 = CARTESIAN_POINT('',(3.52613863283,22.559260440912));
#2497 = CARTESIAN_POINT('',(3.500820370476,22.537314893538));
#2498 = CARTESIAN_POINT('',(3.475217720598,22.516395823442));
#2499 = CARTESIAN_POINT('',(3.449324706604,22.49659479705));
#2500 = CARTESIAN_POINT('',(3.423137928312,22.478006649048));
#2501 = CARTESIAN_POINT('',(3.396656606058,22.460728495417));
#2502 = CARTESIAN_POINT('',(3.369883445558,22.444858982871));
#2503 = CARTESIAN_POINT('',(3.342822719665,22.430496099092));
#2504 = CARTESIAN_POINT('',(3.315491408939,22.417740755829));
#2505 = CARTESIAN_POINT('',(3.287915712443,22.406690506214));
#2506 = CARTESIAN_POINT('',(3.260123933838,22.39743358031));
#2507 = CARTESIAN_POINT('',(3.232148583588,22.390047858744));
#2508 = CARTESIAN_POINT('',(3.204026346058,22.384598542923));
#2509 = CARTESIAN_POINT('',(3.17579844974,22.381136036172));
#2510 = CARTESIAN_POINT('',(3.147511934,22.379693785785));
#2511 = CARTESIAN_POINT('',(3.11921733678,22.380285571649));
#2512 = CARTESIAN_POINT('',(3.090958542844,22.382905833766));
#2513 = CARTESIAN_POINT('',(3.062786949241,22.387529107804));
#2514 = CARTESIAN_POINT('',(3.034745372698,22.39411181123));
#2515 = CARTESIAN_POINT('',(3.006872610542,22.402594657473));
#2516 = CARTESIAN_POINT('',(2.979202865571,22.412904796349));
#2517 = CARTESIAN_POINT('',(2.951766377957,22.424957952316));
#2518 = CARTESIAN_POINT('',(2.924589977224,22.438660348969));
#2519 = CARTESIAN_POINT('',(2.897696395425,22.453910996256));
#2520 = CARTESIAN_POINT('',(2.871092499133,22.470611699346));
#2521 = CARTESIAN_POINT('',(2.844782274987,22.488663695728));
#2522 = CARTESIAN_POINT('',(2.818766357799,22.507969091375));
#2523 = CARTESIAN_POINT('',(2.793042541962,22.528431901119));
#2524 = CARTESIAN_POINT('',(2.767605956014,22.549959037424));
#2525 = CARTESIAN_POINT('',(2.742449248101,22.572461162337));
#2526 = CARTESIAN_POINT('',(2.717562727696,22.595853399315));
#2527 = CARTESIAN_POINT('',(2.692934355692,22.620056003329));
#2528 = CARTESIAN_POINT('',(2.668550094643,22.644994598982));
#2529 = CARTESIAN_POINT('',(2.644392709031,22.670601449234));
#2530 = CARTESIAN_POINT('',(2.620449626069,22.69680831373));
#2531 = CARTESIAN_POINT('',(2.596704126851,22.723553828439));
#2532 = CARTESIAN_POINT('',(2.573138687308,22.750776174028));
#2533 = CARTESIAN_POINT('',(2.549735134388,22.778415413473));
#2534 = CARTESIAN_POINT('',(2.526475056023,22.806414413137));
#2535 = CARTESIAN_POINT('',(2.503339581427,22.834719782577));
#2536 = CARTESIAN_POINT('',(2.480309936921,22.863279383168));
#2537 = CARTESIAN_POINT('',(2.457367632381,22.89204320846));
#2538 = CARTESIAN_POINT('',(2.434493519917,22.920963649464));
#2539 = CARTESIAN_POINT('',(2.411668980777,22.949994016102));
#2540 = CARTESIAN_POINT('',(2.388875442314,22.979088838435));
#2541 = CARTESIAN_POINT('',(2.366094412393,23.008203600195));
#2542 = CARTESIAN_POINT('',(2.343307112762,23.037294968834));
#2543 = CARTESIAN_POINT('',(2.320495209232,23.066319607175));
#2544 = CARTESIAN_POINT('',(2.297640843148,23.095233967571));
#2545 = CARTESIAN_POINT('',(2.274725203726,23.123995847811));
#2546 = CARTESIAN_POINT('',(2.251729898147,23.152562358599));
#2547 = CARTESIAN_POINT('',(2.228637726952,23.180889026952));
#2548 = CARTESIAN_POINT('',(2.205427684201,23.208935062746));
#2549 = CARTESIAN_POINT('',(2.182093585006,23.236642909112));
#2550 = CARTESIAN_POINT('',(2.158573949256,23.264014494305));
#2551 = CARTESIAN_POINT('',(2.135013226957,23.290826393822));
#2552 = CARTESIAN_POINT('',(2.110267406828,23.318275607893));
#2553 = CARTESIAN_POINT('',(2.084430841879,23.346088374688));
#2554 = CARTESIAN_POINT('',(2.057385894622,23.374215268698));
#2555 = CARTESIAN_POINT('',(2.028894067666,23.402688540935));
#2556 = CARTESIAN_POINT('',(1.998570911607,23.431620832486));
#2557 = CARTESIAN_POINT('',(1.965871660446,23.461166785281));
#2558 = CARTESIAN_POINT('',(1.930103616199,23.491424876351));
#2559 = CARTESIAN_POINT('',(1.890245571138,23.522509118766));
#2560 = CARTESIAN_POINT('',(1.84543601721,23.553808999944));
#2561 = CARTESIAN_POINT('',(1.80039684481,23.581133952467));
#2562 = CARTESIAN_POINT('',(1.754359576152,23.604657113467));
#2563 = CARTESIAN_POINT('',(1.707745066216,23.623636605166));
#2564 = CARTESIAN_POINT('',(1.660654560467,23.637567822313));
#2565 = CARTESIAN_POINT('',(1.613262942462,23.645927056248));
#2566 = CARTESIAN_POINT('',(1.565714849637,23.648343728271));
#2567 = CARTESIAN_POINT('',(1.518163180642,23.644669358154));
#2568 = CARTESIAN_POINT('',(1.470770405848,23.63504730598));
#2569 = CARTESIAN_POINT('',(1.42372956086,23.619912822947));
#2570 = CARTESIAN_POINT('',(1.37723562589,23.599915044684));
#2571 = CARTESIAN_POINT('',(1.331608569236,23.575678671398));
#2572 = CARTESIAN_POINT('',(1.286779067663,23.547566789785));
#2573 = CARTESIAN_POINT('',(1.242676802175,23.516051809712));
#2574 = CARTESIAN_POINT('',(1.199335502173,23.481546870574));
#2575 = CARTESIAN_POINT('',(1.15674411772,23.444433779271));
#2576 = CARTESIAN_POINT('',(1.114892395436,23.405052116783));
#2577 = CARTESIAN_POINT('',(1.073762001921,23.363701336512));
#2578 = CARTESIAN_POINT('',(1.03329975892,23.320641013779));
#2579 = CARTESIAN_POINT('',(0.993408313552,23.276107215753));
#2580 = CARTESIAN_POINT('',(0.954009492127,23.230331564213));
#2581 = CARTESIAN_POINT('',(0.915023953915,23.18353653282));
#2582 = CARTESIAN_POINT('',(0.876369073522,23.1359359193));
#2583 = CARTESIAN_POINT('',(0.837960183713,23.087737298846));
#2584 = CARTESIAN_POINT('',(0.799706852452,23.039137777009));
#2585 = CARTESIAN_POINT('',(0.761528492066,22.990346439043));
#2586 = CARTESIAN_POINT('',(0.723335786989,22.941563982139));
#2587 = CARTESIAN_POINT('',(0.685039657518,22.892997146112));
#2588 = CARTESIAN_POINT('',(0.646553201759,22.844864311884));
#2589 = CARTESIAN_POINT('',(0.607789364311,22.797395555874));
#2590 = CARTESIAN_POINT('',(0.568659070382,22.750833544745));
#2591 = CARTESIAN_POINT('',(0.529071486014,22.705436747206));
#2592 = CARTESIAN_POINT('',(0.48894702209,22.661498177365));
#2593 = CARTESIAN_POINT('',(0.448204497103,22.619305005352));
#2594 = CARTESIAN_POINT('',(0.406776856777,22.579183364961));
#2595 = CARTESIAN_POINT('',(0.364602620841,22.541494755431));
#2596 = CARTESIAN_POINT('',(0.321632038265,22.506633282843));
#2597 = CARTESIAN_POINT('',(0.277785324036,22.474997992039));
#2598 = CARTESIAN_POINT('',(0.233099143038,22.447087615387));
#2599 = CARTESIAN_POINT('',(0.187624585834,22.42338665195));
#2600 = CARTESIAN_POINT('',(0.141443633151,22.404359261119));
#2601 = CARTESIAN_POINT('',(9.467113108945E-02,22.390416200699));
#2602 = CARTESIAN_POINT('',(4.745467371077E-02,22.381904879183));
#2603 = CARTESIAN_POINT('',(1.582246693169E-02,22.379976885359));
#2604 = CARTESIAN_POINT('',(-8.881784197001E-16,22.379988319204));
#2605 = ( GEOMETRIC_REPRESENTATION_CONTEXT(2) 
PARAMETRIC_REPRESENTATION_CONTEXT() REPRESENTATION_CONTEXT('2D SPACE',''
  ) );
#2606 = ORIENTED_EDGE('',*,*,#2607,.F.);
#2607 = EDGE_CURVE('',#2608,#1915,#2610,.T.);
#2608 = VERTEX_POINT('',#2609);
#2609 = CARTESIAN_POINT('',(0.5000625,-17.34394920742,12.545693808026));
#2610 = SURFACE_CURVE('',#2611,(#2794,#3043),.PCURVE_S1.);
#2611 = B_SPLINE_CURVE_WITH_KNOTS('',8,(#2612,#2613,#2614,#2615,#2616,
    #2617,#2618,#2619,#2620,#2621,#2622,#2623,#2624,#2625,#2626,#2627,
    #2628,#2629,#2630,#2631,#2632,#2633,#2634,#2635,#2636,#2637,#2638,
    #2639,#2640,#2641,#2642,#2643,#2644,#2645,#2646,#2647,#2648,#2649,
    #2650,#2651,#2652,#2653,#2654,#2655,#2656,#2657,#2658,#2659,#2660,
    #2661,#2662,#2663,#2664,#2665,#2666,#2667,#2668,#2669,#2670,#2671,
    #2672,#2673,#2674,#2675,#2676,#2677,#2678,#2679,#2680,#2681,#2682,
    #2683,#2684,#2685,#2686,#2687,#2688,#2689,#2690,#2691,#2692,#2693,
    #2694,#2695,#2696,#2697,#2698,#2699,#2700,#2701,#2702,#2703,#2704,
    #2705,#2706,#2707,#2708,#2709,#2710,#2711,#2712,#2713,#2714,#2715,
    #2716,#2717,#2718,#2719,#2720,#2721,#2722,#2723,#2724,#2725,#2726,
    #2727,#2728,#2729,#2730,#2731,#2732,#2733,#2734,#2735,#2736,#2737,
    #2738,#2739,#2740,#2741,#2742,#2743,#2744,#2745,#2746,#2747,#2748,
    #2749,#2750,#2751,#2752,#2753,#2754,#2755,#2756,#2757,#2758,#2759,
    #2760,#2761,#2762,#2763,#2764,#2765,#2766,#2767,#2768,#2769,#2770,
    #2771,#2772,#2773,#2774,#2775,#2776,#2777,#2778,#2779,#2780,#2781,
    #2782,#2783,#2784,#2785,#2786,#2787,#2788,#2789,#2790,#2791,#2792,
    #2793),.UNSPECIFIED.,.T.,.F.,(9,7,7,7,7,7,7,7,7,7,7,7,7,7,7,7,7,7,7,
    7,7,7,5,7,7,7,9),(0.,0.137971062221,0.187286844553,0.240505689913,
    0.289282969904,0.333575833179,0.367938805353,0.434111800727,
    0.475364939424,0.500998198171,0.542711097765,0.577334369801,
    0.605128845236,0.653544060101,0.690118849329,0.725908087854,
    0.774547273732,0.804886112776,0.837598647921,0.876759799225,
    0.917039800798,0.970238594598,1.,1.030326294865,1.060384182616,
    1.084690326611,1.119168803943),.UNSPECIFIED.);
#2612 = CARTESIAN_POINT('',(2.00025,-16.1569883192,10.60896));
#2613 = CARTESIAN_POINT('',(2.00025,-16.1569883192,10.477899834274));
#2614 = CARTESIAN_POINT('',(1.990435058171,-16.16944979971,
    10.347146794033));
#2615 = CARTESIAN_POINT('',(1.970891094831,-16.19426828208,
    10.219653057949));
#2616 = CARTESIAN_POINT('',(1.942651951944,-16.22982044224,
    10.097110770768));
#2617 = CARTESIAN_POINT('',(1.906927842442,-16.27402467183,
    9.980447348924));
#2618 = CARTESIAN_POINT('',(1.864840053301,-16.32485693981,
    9.870067806674));
#2619 = CARTESIAN_POINT('',(1.817341771924,-16.38057286782,
    9.765964284594));
#2620 = CARTESIAN_POINT('',(1.746297841143,-16.461087896,9.632730176319)
  );
#2621 = CARTESIAN_POINT('',(1.726953761446,-16.48276899151,
    9.598372362946));
#2622 = CARTESIAN_POINT('',(1.706995641446,-16.50487912723,
    9.564724847006));
#2623 = CARTESIAN_POINT('',(1.686440577141,-16.52736334543,
    9.531768899995));
#2624 = CARTESIAN_POINT('',(1.665301580685,-16.55016869959,
    9.499485329813));
#2625 = CARTESIAN_POINT('',(1.6435883773,-16.57324702776,9.467856198579)
  );
#2626 = CARTESIAN_POINT('',(1.621307203709,-16.59655462179,
    9.436864668541));
#2627 = CARTESIAN_POINT('',(1.573803755628,-16.64540239331,
    9.373717537273));
#2628 = CARTESIAN_POINT('',(1.548489716182,-16.67097209511,
    9.341665837026));
#2629 = CARTESIAN_POINT('',(1.522519978345,-16.6967050519,9.310316498595
    ));
#2630 = CARTESIAN_POINT('',(1.495893780106,-16.72255043673,
    9.279651253925));
#2631 = CARTESIAN_POINT('',(1.468607055042,-16.74845920012,
    9.249654800861));
#2632 = CARTESIAN_POINT('',(1.440652378462,-16.77438382825,
    9.220314660381));
#2633 = CARTESIAN_POINT('',(1.412018913553,-16.80027810113,
    9.191621033824));
#2634 = CARTESIAN_POINT('',(1.355813352068,-16.84976080615,
    9.137853662568));
#2635 = CARTESIAN_POINT('',(1.327776036045,-16.87386835933,9.11212675567
    ));
#2636 = CARTESIAN_POINT('',(1.298499111418,-16.89840383438,
    9.086394759949));
#2637 = CARTESIAN_POINT('',(1.267876305669,-16.92335820627,
    9.060657920223));
#2638 = CARTESIAN_POINT('',(1.235773397156,-16.94872833772,
    9.034910402413));
#2639 = CARTESIAN_POINT('',(1.202021719772,-16.9745137638,9.009144681361
    ));
#2640 = CARTESIAN_POINT('',(1.16640814692,-17.00071102418,8.983357819663
    ));
#2641 = CARTESIAN_POINT('',(1.094385255585,-17.05145505259,
    8.934133252222));
#2642 = CARTESIAN_POINT('',(1.058224786473,-17.07601783336,
    8.910613111228));
#2643 = CARTESIAN_POINT('',(1.020092351165,-17.10089941611,
    8.887096161745));
#2644 = CARTESIAN_POINT('',(0.979754378119,-17.12606628657,
    8.863606300051));
#2645 = CARTESIAN_POINT('',(0.936799523039,-17.15156520383,
    8.840096353584));
#2646 = CARTESIAN_POINT('',(0.890598564221,-17.17749530963,
    8.816487361798));
#2647 = CARTESIAN_POINT('',(0.840256190765,-17.20393302847,
    8.792745155758));
#2648 = CARTESIAN_POINT('',(0.741340739026,-17.25166107111,
    8.750567968289));
#2649 = CARTESIAN_POINT('',(0.697155619912,-17.27168754466,
    8.733096061703));
#2650 = CARTESIAN_POINT('',(0.652003328751,-17.29080306853,
    8.716637928752));
#2651 = CARTESIAN_POINT('',(0.605899591944,-17.30891274125,
    8.701254605428));
#2652 = CARTESIAN_POINT('',(0.558871859823,-17.32591287068,
    8.687008751701));
#2653 = CARTESIAN_POINT('',(0.510959306657,-17.34169097397,
    8.673964651514));
#2654 = CARTESIAN_POINT('',(0.46221283065,-17.35612577762,8.662188212784
    ));
#2655 = CARTESIAN_POINT('',(0.3173383545,-17.394047145,8.631640194376));
#2656 = CARTESIAN_POINT('',(0.218675967575,-17.41394638707,
    8.616381541507));
#2657 = CARTESIAN_POINT('',(0.117748945537,-17.42703208076,
    8.606632837745));
#2658 = CARTESIAN_POINT('',(1.561196283225E-02,-17.43223101452,
    8.602800316672));
#2659 = CARTESIAN_POINT('',(-8.666668402053E-02,-17.42914962819,
    8.605034616502));
#2660 = CARTESIAN_POINT('',(-0.188005076432,-17.41807401291,
    8.613230780084));
#2661 = CARTESIAN_POINT('',(-0.287307673743,-17.39996991119,8.6270282549
    ));
#2662 = CARTESIAN_POINT('',(-0.443411283866,-17.36184048282,
    8.657520243277));
#2663 = CARTESIAN_POINT('',(-0.502288278424,-17.3449893023,
    8.671198426398));
#2664 = CARTESIAN_POINT('',(-0.55998018676,-17.32615983252,
    8.686727525021));
#2665 = CARTESIAN_POINT('',(-0.616394846384,-17.30556444191,
    8.70399315678));
#2666 = CARTESIAN_POINT('',(-0.671464042455,-17.28339721018,
    8.722884474357));
#2667 = CARTESIAN_POINT('',(-0.725143507776,-17.25983392828,
    8.743294165479));
#2668 = CARTESIAN_POINT('',(-0.777412922795,-17.23503209842,
    8.765118452919));
#2669 = CARTESIAN_POINT('',(-0.859880401875,-17.19303685566,
    8.802634637759));
#2670 = CARTESIAN_POINT('',(-0.890936326952,-17.17651900861,
    8.817519934164));
#2671 = CARTESIAN_POINT('',(-0.921443948223,-17.15960832198,
    8.832889877862));
#2672 = CARTESIAN_POINT('',(-0.951406544598,-17.14233425661,
    8.848724500286));
#2673 = CARTESIAN_POINT('',(-0.98083041651,-17.12472480511,
    8.865006970143));
#2674 = CARTESIAN_POINT('',(-1.009724885922,-17.10680649185,
    8.881723593418));
#2675 = CARTESIAN_POINT('',(-1.038102296318,-17.08860437299,
    8.89886381337));
#2676 = CARTESIAN_POINT('',(-1.111340054674,-17.0400983499,
    8.944989665533));
#2677 = CARTESIAN_POINT('',(-1.155362529417,-17.00936957449,
    8.974655834978));
#2678 = CARTESIAN_POINT('',(-1.19809504589,-16.97805986244,9.00538098471
    ));
#2679 = CARTESIAN_POINT('',(-1.239583037052,-16.94626998606,
    9.037138063531));
#2680 = CARTESIAN_POINT('',(-1.279867770084,-16.91409772853,
    9.069910838339));
#2681 = CARTESIAN_POINT('',(-1.318986356599,-16.88163827475,
    9.103694029257));
#2682 = CARTESIAN_POINT('',(-1.356971762855,-16.84898460213,
    9.138493444761));
#2683 = CARTESIAN_POINT('',(-1.424465481412,-16.78903855567,
    9.204068579326));
#2684 = CARTESIAN_POINT('',(-1.454314869893,-16.76178040964,
    9.23452062067));
#2685 = CARTESIAN_POINT('',(-1.48341706293,-16.73450597846,
    9.265691828998));
#2686 = CARTESIAN_POINT('',(-1.511783737043,-16.70726931453,
    9.297594744248));
#2687 = CARTESIAN_POINT('',(-1.539422234569,-16.68012628966,
    9.330245041481));
#2688 = CARTESIAN_POINT('',(-1.566335630485,-16.65313490726,
    9.363661714218));
#2689 = CARTESIAN_POINT('',(-1.592522799222,-16.62635561447,
    9.397867257772));
#2690 = CARTESIAN_POINT('',(-1.638413503776,-16.57857503535,
    9.461001286268));
#2691 = CARTESIAN_POINT('',(-1.658376160201,-16.55747648343,
    9.48963868207));
#2692 = CARTESIAN_POINT('',(-1.677863960837,-16.53659025987,
    9.518814000028));
#2693 = CARTESIAN_POINT('',(-1.696870580158,-16.51594854549,
    9.548539769077));
#2694 = CARTESIAN_POINT('',(-1.715388056902,-16.49559022752,
    9.578830292879));
#2695 = CARTESIAN_POINT('',(-1.733405918776,-16.47555702368,
    9.60970036859));
#2696 = CARTESIAN_POINT('',(-1.75090980516,-16.45588800369,
    9.641162911798));
#2697 = CARTESIAN_POINT('',(-1.79744631873,-16.40306694464,
    9.729084613338));
#2698 = CARTESIAN_POINT('',(-1.825391348402,-16.37074687578,
    9.786758916248));
#2699 = CARTESIAN_POINT('',(-1.851636778902,-16.33987464426,
    9.846330975641));
#2700 = CARTESIAN_POINT('',(-1.876062935778,-16.31070583558,
    9.907851116901));
#2701 = CARTESIAN_POINT('',(-1.89851588542,-16.2835383187,9.971336740146
    ));
#2702 = CARTESIAN_POINT('',(-1.918815461265,-16.25870233734,
    10.036763342745));
#2703 = CARTESIAN_POINT('',(-1.936766372024,-16.23654275185,
    10.104050628981));
#2704 = CARTESIAN_POINT('',(-1.963810715418,-16.20292726939,
    10.225163836637));
#2705 = CARTESIAN_POINT('',(-1.973997353102,-16.19017826088,
    10.278259884078));
#2706 = CARTESIAN_POINT('',(-1.982639637819,-16.1793003059,
    10.332228795923));
#2707 = CARTESIAN_POINT('',(-1.989652449259,-16.17043475286,
    10.386945309218));
#2708 = CARTESIAN_POINT('',(-1.99496251695,-16.16370205274,
    10.442260080815));
#2709 = CARTESIAN_POINT('',(-1.998514084612,-16.15919240394,
    10.497997644034));
#2710 = CARTESIAN_POINT('',(-2.000275935876,-16.15695538809,
    10.553954192489));
#2711 = CARTESIAN_POINT('',(-2.000224188632,-16.15702109222,
    10.664634692878));
#2712 = CARTESIAN_POINT('',(-1.998486560254,-16.15922735586,
    10.719383563627));
#2713 = CARTESIAN_POINT('',(-1.9950359242,-16.16360864123,
    10.773922754663));
#2714 = CARTESIAN_POINT('',(-1.989901354834,-16.17011873736,
    10.828061250365));
#2715 = CARTESIAN_POINT('',(-1.983134487144,-16.17867411487,
    10.881633916728));
#2716 = CARTESIAN_POINT('',(-1.974803233856,-16.18916319111,
    10.934499503532));
#2717 = CARTESIAN_POINT('',(-1.964986705443,-16.201454714,
    10.986538800092));
#2718 = CARTESIAN_POINT('',(-1.938529137164,-16.23436469143,
    11.107119367366));
#2719 = CARTESIAN_POINT('',(-1.920702624988,-16.25638907938,
    11.174879051694));
#2720 = CARTESIAN_POINT('',(-1.900490672151,-16.28114080127,
    11.240768317991));
#2721 = CARTESIAN_POINT('',(-1.878092364664,-16.3082691787,
    11.304701216766));
#2722 = CARTESIAN_POINT('',(-1.853691970802,-16.33743748426,
    11.366649885396));
#2723 = CARTESIAN_POINT('',(-1.827447226174,-16.36834167428,
    11.426630046909));
#2724 = CARTESIAN_POINT('',(-1.799480931978,-16.40072085268,
    11.484691650748));
#2725 = CARTESIAN_POINT('',(-1.75140961739,-16.45534165215,
    11.57598392452));
#2726 = CARTESIAN_POINT('',(-1.732308325985,-16.47681015511,
    11.610332855499));
#2727 = CARTESIAN_POINT('',(-1.712595084387,-16.49871258091,
    11.643975688647));
#2728 = CARTESIAN_POINT('',(-1.692288212072,-16.52099741965,
    11.676929764322));
#2729 = CARTESIAN_POINT('',(-1.67140101133,-16.54361096985,
    11.709214187323));
#2730 = CARTESIAN_POINT('',(-1.649943307161,-16.56650361855,
    11.740847230271));
#2731 = CARTESIAN_POINT('',(-1.627922252557,-16.58963382215,
    11.771845273331));
#2732 = CARTESIAN_POINT('',(-1.580990673924,-16.63810732674,
    11.83498386098));
#2733 = CARTESIAN_POINT('',(-1.555990254971,-16.66348129157,
    11.867022235933));
#2734 = CARTESIAN_POINT('',(-1.530341800173,-16.68902759944,
    11.898362538717));
#2735 = CARTESIAN_POINT('',(-1.504045249495,-16.71469589218,
    11.929023126859));
#2736 = CARTESIAN_POINT('',(-1.477097254639,-16.74043764675,
    11.959019518083));
#2737 = CARTESIAN_POINT('',(-1.449491127667,-16.76620594047,
    11.988364529399));
#2738 = CARTESIAN_POINT('',(-1.421216789614,-16.79195521617,
    12.017068416191));
#2739 = CARTESIAN_POINT('',(-1.35759654365,-16.84839032201,
    12.078743157779));
#2740 = CARTESIAN_POINT('',(-1.321957928911,-16.87904637555,
    12.111437287895));
#2741 = CARTESIAN_POINT('',(-1.285321158303,-16.9095335002,
    12.143235035633));
#2742 = CARTESIAN_POINT('',(-1.247659208053,-16.93977469692,
    12.174141405625));
#2743 = CARTESIAN_POINT('',(-1.208941722945,-16.96969137314,
    12.204152879544));
#2744 = CARTESIAN_POINT('',(-1.169134992052,-16.9992030404,
    12.233257522502));
#2745 = CARTESIAN_POINT('',(-1.128201924471,-17.02822701196,
    12.261435089441));
#2746 = CARTESIAN_POINT('',(-1.042799314132,-17.0859420483,12.3166569186
    ));
#2747 = CARTESIAN_POINT('',(-0.99594675554,-17.11616468698,
    12.345143102679));
#2748 = CARTESIAN_POINT('',(-0.945869868709,-17.14672910973,
    12.3735038571));
#2749 = CARTESIAN_POINT('',(-0.892399408249,-17.1774242992,
    12.401539926894));
#2750 = CARTESIAN_POINT('',(-0.834073241734,-17.20867624546,
    12.429734675186));
#2751 = CARTESIAN_POINT('',(-0.769072097818,-17.24080891073,
    12.45819332357));
#2752 = CARTESIAN_POINT('',(-0.693867238814,-17.27455796019,
    12.487452034556));
#2753 = CARTESIAN_POINT('',(-0.48179318941,-17.35387367561,
    12.554440705191));
#2754 = CARTESIAN_POINT('',(-0.353665726204,-17.39206083703,
    12.585342358269));
#2755 = CARTESIAN_POINT('',(-0.219212993589,-17.42006194111,
    12.607192459235));
#2756 = CARTESIAN_POINT('',(-8.175422155139E-02,-17.43731424543,
    12.618473364689));
#2757 = CARTESIAN_POINT('',(5.684233452863E-02,-17.43809679102,
    12.618609688476));
#2758 = CARTESIAN_POINT('',(0.194807411108,-17.42079923608,
    12.607693486049));
#2759 = CARTESIAN_POINT('',(0.328686691136,-17.39377680162,
    12.586327376058));
#2760 = CARTESIAN_POINT('',(0.526762249397,-17.33685997419,
    12.539982344095));
#2761 = CARTESIAN_POINT('',(0.596088983489,-17.3135137934,12.52063769563
    ));
#2762 = CARTESIAN_POINT('',(0.663544501206,-17.28761669741,
    12.49875949557));
#2763 = CARTESIAN_POINT('',(0.728984836026,-17.2595147468,
    12.474573824661));
#2764 = CARTESIAN_POINT('',(0.792386230766,-17.22951658427,
    12.448250408475));
#2765 = CARTESIAN_POINT('',(0.916230356484,-17.16566052017,
    12.391142237586));
#2766 = CARTESIAN_POINT('',(1.031389181238,-17.09604597933,
    12.326873171745));
#2767 = CARTESIAN_POINT('',(1.138784764072,-17.02222398401,
    12.256111003682));
#2768 = CARTESIAN_POINT('',(1.191051540852,-16.98409299603,
    12.218838046841));
#2769 = CARTESIAN_POINT('',(1.241477601291,-16.94526902317,
    12.180044331844));
#2770 = CARTESIAN_POINT('',(1.29013524543,-16.90592722913,
    12.139752593345));
#2771 = CARTESIAN_POINT('',(1.337089763653,-16.86623549487,
    12.09795997558));
#2772 = CARTESIAN_POINT('',(1.427305227841,-16.7868294047,
    12.011693222495));
#2773 = CARTESIAN_POINT('',(1.470582294332,-16.74712976393,
    11.967258398615));
#2774 = CARTESIAN_POINT('',(1.512287614556,-16.70741372336,
    11.921299713506));
#2775 = CARTESIAN_POINT('',(1.552455048238,-16.66784679637,
    11.873773543049));
#2776 = CARTESIAN_POINT('',(1.591097263725,-16.62860515983,
    11.824624799391));
#2777 = CARTESIAN_POINT('',(1.628207169822,-16.58987756338,
    11.773786706623));
#2778 = CARTESIAN_POINT('',(1.663757414702,-16.5518673226,11.72117887821
    ));
#2779 = CARTESIAN_POINT('',(1.725143778733,-16.48481557948,
    11.622652642727));
#2780 = CARTESIAN_POINT('',(1.751529147822,-16.45545668084,
    11.577393229307));
#2781 = CARTESIAN_POINT('',(1.776832268995,-16.426841503,11.530868485391
    ));
#2782 = CARTESIAN_POINT('',(1.801002975356,-16.3990806375,
    11.483044435657));
#2783 = CARTESIAN_POINT('',(1.823981019771,-16.37231452546,
    11.433887374678));
#2784 = CARTESIAN_POINT('',(1.845694601991,-16.34670515884,
    11.383369122155));
#2785 = CARTESIAN_POINT('',(1.866055614474,-16.32241843296,
    11.331477570456));
#2786 = CARTESIAN_POINT('',(1.911795613659,-16.26732656624,
    11.202649090477));
#2787 = CARTESIAN_POINT('',(1.935741286066,-16.23800706002,
    11.124227798017));
#2788 = CARTESIAN_POINT('',(1.956471206503,-16.21226739295,
    11.043050039428));
#2789 = CARTESIAN_POINT('',(1.973624012917,-16.19073399933,
    10.959337322381));
#2790 = CARTESIAN_POINT('',(1.986834056764,-16.17402376512,
    10.873447350053));
#2791 = CARTESIAN_POINT('',(1.995778737259,-16.16266495791,
    10.785901075167));
#2792 = CARTESIAN_POINT('',(2.00025,-16.1569883192,10.697418039664));
#2793 = CARTESIAN_POINT('',(2.00025,-16.1569883192,10.60896));
#2794 = PCURVE('',#368,#2795);
#2795 = DEFINITIONAL_REPRESENTATION('',(#2796),#3042);
#2796 = B_SPLINE_CURVE_WITH_KNOTS('',3,(#2797,#2798,#2799,#2800,#2801,
    #2802,#2803,#2804,#2805,#2806,#2807,#2808,#2809,#2810,#2811,#2812,
    #2813,#2814,#2815,#2816,#2817,#2818,#2819,#2820,#2821,#2822,#2823,
    #2824,#2825,#2826,#2827,#2828,#2829,#2830,#2831,#2832,#2833,#2834,
    #2835,#2836,#2837,#2838,#2839,#2840,#2841,#2842,#2843,#2844,#2845,
    #2846,#2847,#2848,#2849,#2850,#2851,#2852,#2853,#2854,#2855,#2856,
    #2857,#2858,#2859,#2860,#2861,#2862,#2863,#2864,#2865,#2866,#2867,
    #2868,#2869,#2870,#2871,#2872,#2873,#2874,#2875,#2876,#2877,#2878,
    #2879,#2880,#2881,#2882,#2883,#2884,#2885,#2886,#2887,#2888,#2889,
    #2890,#2891,#2892,#2893,#2894,#2895,#2896,#2897,#2898,#2899,#2900,
    #2901,#2902,#2903,#2904,#2905,#2906,#2907,#2908,#2909,#2910,#2911,
    #2912,#2913,#2914,#2915,#2916,#2917,#2918,#2919,#2920,#2921,#2922,
    #2923,#2924,#2925,#2926,#2927,#2928,#2929,#2930,#2931,#2932,#2933,
    #2934,#2935,#2936,#2937,#2938,#2939,#2940,#2941,#2942,#2943,#2944,
    #2945,#2946,#2947,#2948,#2949,#2950,#2951,#2952,#2953,#2954,#2955,
    #2956,#2957,#2958,#2959,#2960,#2961,#2962,#2963,#2964,#2965,#2966,
    #2967,#2968,#2969,#2970,#2971,#2972,#2973,#2974,#2975,#2976,#2977,
    #2978,#2979,#2980,#2981,#2982,#2983,#2984,#2985,#2986,#2987,#2988,
    #2989,#2990,#2991,#2992,#2993,#2994,#2995,#2996,#2997,#2998,#2999,
    #3000,#3001,#3002,#3003,#3004,#3005,#3006,#3007,#3008,#3009,#3010,
    #3011,#3012,#3013,#3014,#3015,#3016,#3017,#3018,#3019,#3020,#3021,
    #3022,#3023,#3024,#3025,#3026,#3027,#3028,#3029,#3030,#3031,#3032,
    #3033,#3034,#3035,#3036,#3037,#3038,#3039,#3040,#3041),
  .UNSPECIFIED.,.T.,.F.,(4,1,1,1,1,1,1,1,1,1,1,1,1,1,1,1,1,1,1,1,1,1,1,1
    ,1,1,1,1,1,1,1,1,1,1,1,1,1,1,1,1,1,1,1,1,1,1,1,1,1,1,1,1,1,1,1,1,1,1
    ,1,1,1,1,1,1,1,1,1,1,1,1,1,1,1,1,1,1,1,1,1,1,1,1,1,1,1,1,1,1,1,1,1,1
    ,1,1,1,1,1,1,1,1,1,1,1,1,1,1,1,1,1,1,1,1,1,1,1,1,1,1,1,1,1,1,1,1,1,1
    ,1,1,1,1,1,1,1,1,1,1,1,1,1,1,1,1,1,1,1,1,1,1,1,1,1,1,1,1,1,1,1,1,1,1
    ,1,1,1,1,1,1,1,1,1,1,1,1,1,1,1,1,1,1,1,1,1,1,1,1,1,1,1,1,1,1,1,1,1,1
    ,1,1,1,1,1,1,1,1,1,1,1,1,1,1,1,1,1,1,1,1,1,1,1,1,1,1,1,1,1,1,1,1,1,1
    ,1,1,1,1,1,1,1,1,1,1,1,1,1,1,4),(0.,4.624664479102E-03,
    9.249328958204E-03,1.387399343731E-02,1.849865791641E-02,
    2.312332239551E-02,2.774798687461E-02,3.237265135371E-02,
    3.699731583281E-02,4.162198031192E-02,4.624664479102E-02,
    5.087130927012E-02,5.549597374922E-02,6.012063822832E-02,
    6.474530270743E-02,6.936996718653E-02,7.399463166563E-02,
    7.861929614473E-02,8.324396062383E-02,8.786862510294E-02,
    9.249328958204E-02,9.711795406114E-02,0.10174261854,0.106367283019,
    0.110991947498,0.115616611978,0.120241276457,0.124865940936,
    0.129490605415,0.134115269894,0.138739934373,0.143364598852,
    0.147989263331,0.15261392781,0.157238592289,0.161863256769,
    0.166487921248,0.171112585727,0.175737250206,0.180361914685,
    0.184986579164,0.189611243643,0.194235908122,0.198860572601,
    0.20348523708,0.20810990156,0.212734566039,0.217359230518,
    0.221983894997,0.226608559476,0.231233223955,0.235857888434,
    0.240482552913,0.245107217392,0.249731881871,0.254356546351,
    0.25898121083,0.263605875309,0.268230539788,0.272855204267,
    0.277479868746,0.282104533225,0.286729197704,0.291353862183,
    0.295978526663,0.300603191142,0.305227855621,0.3098525201,
    0.314477184579,0.319101849058,0.323726513537,0.328351178016,
    0.332975842495,0.337600506974,0.342225171454,0.346849835933,
    0.351474500412,0.356099164891,0.36072382937,0.365348493849,
    0.369973158328,0.374597822807,0.379222487286,0.383847151765,
    0.388471816245,0.393096480724,0.397721145203,0.402345809682,
    0.406970474161,0.41159513864,0.416219803119,0.420844467598,
    0.425469132077,0.430093796556,0.434718461036,0.439343125515,
    0.443967789994,0.448592454473,0.453217118952,0.457841783431,
    0.46246644791,0.467091112389,0.471715776868,0.476340441347,
    0.480965105827,0.485589770306,0.490214434785,0.494839099264,
    0.499463763743,0.504088428222,0.508713092701,0.51333775718,
    0.517962421659,0.522587086139,0.527211750618,0.531836415097,
    0.536461079576,0.541085744055,0.545710408534,0.550335073013,
    0.554959737492,0.559584401971,0.56420906645,0.56883373093,
    0.573458395409,0.578083059888,0.582707724367,0.587332388846,
    0.591957053325,0.596581717804,0.601206382283,0.605831046762,
    0.610455711241,0.615080375721,0.6197050402,0.624329704679,
    0.628954369158,0.633579033637,0.638203698116,0.642828362595,
    0.647453027074,0.652077691553,0.656702356032,0.661327020512,
    0.665951684991,0.67057634947,0.675201013949,0.679825678428,
    0.684450342907,0.689075007386,0.693699671865,0.698324336344,
    0.702949000823,0.707573665303,0.712198329782,0.716822994261,
    0.72144765874,0.726072323219,0.730696987698,0.735321652177,
    0.739946316656,0.744570981135,0.749195645614,0.753820310094,
    0.758444974573,0.763069639052,0.767694303531,0.77231896801,
    0.776943632489,0.781568296968,0.786192961447,0.790817625926,
    0.795442290406,0.800066954885,0.804691619364,0.809316283843,
    0.813940948322,0.818565612801,0.82319027728,0.827814941759,
    0.832439606238,0.837064270717,0.841688935197,0.846313599676,
    0.850938264155,0.855562928634,0.860187593113,0.864812257592,
    0.869436922071,0.87406158655,0.878686251029,0.883310915508,
    0.887935579988,0.892560244467,0.897184908946,0.901809573425,
    0.906434237904,0.911058902383,0.915683566862,0.920308231341,
    0.92493289582,0.929557560299,0.934182224779,0.938806889258,
    0.943431553737,0.948056218216,0.952680882695,0.957305547174,
    0.961930211653,0.966554876132,0.971179540611,0.97580420509,
    0.98042886957,0.985053534049,0.989678198528,0.994302863007,
    0.998927527486,1.003552191965,1.008176856444,1.012801520923,
    1.017426185402,1.022050849882,1.026675514361,1.03130017884,
    1.035924843319,1.040549507798,1.045174172277,1.049798836756,
    1.054423501235,1.059048165714,1.063672830193,1.068297494673,
    1.072922159152,1.077546823631,1.08217148811,1.086796152589,
    1.091420817068,1.096045481547,1.100670146026,1.105294810505,
    1.109919474984,1.114544139464,1.119168803943),
  .QUASI_UNIFORM_KNOTS.);
#2797 = CARTESIAN_POINT('',(91.743304375321,-8.54496));
#2798 = CARTESIAN_POINT('',(91.743304654743,-8.533245077534));
#2799 = CARTESIAN_POINT('',(91.742973839011,-8.50982247143));
#2800 = CARTESIAN_POINT('',(91.741490723469,-8.474743558547));
#2801 = CARTESIAN_POINT('',(91.73902671152,-8.439753875874));
#2802 = CARTESIAN_POINT('',(91.735592125571,-8.40488431782));
#2803 = CARTESIAN_POINT('',(91.731199709116,-8.370163748136));
#2804 = CARTESIAN_POINT('',(91.725864744774,-8.335618799223));
#2805 = CARTESIAN_POINT('',(91.719604651885,-8.301274067871));
#2806 = CARTESIAN_POINT('',(91.712438744732,-8.267152196996));
#2807 = CARTESIAN_POINT('',(91.704387968217,-8.233273980441));
#2808 = CARTESIAN_POINT('',(91.695474659395,-8.199658454414));
#2809 = CARTESIAN_POINT('',(91.685722321186,-8.166322985608));
#2810 = CARTESIAN_POINT('',(91.675155411226,-8.133283353606));
#2811 = CARTESIAN_POINT('',(91.663799144301,-8.100553828503));
#2812 = CARTESIAN_POINT('',(91.651679308028,-8.068147243794));
#2813 = CARTESIAN_POINT('',(91.638822091058,-8.036075064797));
#2814 = CARTESIAN_POINT('',(91.625253923159,-8.004347452842));
#2815 = CARTESIAN_POINT('',(91.611001326497,-7.972973325446));
#2816 = CARTESIAN_POINT('',(91.596090777395,-7.941960412715));
#2817 = CARTESIAN_POINT('',(91.580548577838,-7.911315310192));
#2818 = CARTESIAN_POINT('',(91.564400735982,-7.881043528408));
#2819 = CARTESIAN_POINT('',(91.547672854835,-7.851149539279));
#2820 = CARTESIAN_POINT('',(91.530390028538,-7.821636819876));
#2821 = CARTESIAN_POINT('',(91.51257674462,-7.792507892749));
#2822 = CARTESIAN_POINT('',(91.494256794453,-7.763764366881));
#2823 = CARTESIAN_POINT('',(91.475453179682,-7.735406965199));
#2824 = CARTESIAN_POINT('',(91.456188056345,-7.707435592246));
#2825 = CARTESIAN_POINT('',(91.436482556944,-7.679849243027));
#2826 = CARTESIAN_POINT('',(91.416357082595,-7.652646496788));
#2827 = CARTESIAN_POINT('',(91.395829851348,-7.625823821032));
#2828 = CARTESIAN_POINT('',(91.374921960951,-7.59938204219));
#2829 = CARTESIAN_POINT('',(91.353637007057,-7.573300884584));
#2830 = CARTESIAN_POINT('',(91.331984526441,-7.547570587979));
#2831 = CARTESIAN_POINT('',(91.309979288041,-7.522187866055));
#2832 = CARTESIAN_POINT('',(91.287633839943,-7.497147398847));
#2833 = CARTESIAN_POINT('',(91.264960507385,-7.472444254208));
#2834 = CARTESIAN_POINT('',(91.241970859673,-7.448073348612));
#2835 = CARTESIAN_POINT('',(91.2186757855,-7.424029667581));
#2836 = CARTESIAN_POINT('',(91.195085437989,-7.400308254298));
#2837 = CARTESIAN_POINT('',(91.17120923133,-7.376904211849));
#2838 = CARTESIAN_POINT('',(91.147055894593,-7.353812728783));
#2839 = CARTESIAN_POINT('',(91.122633371026,-7.331028843763));
#2840 = CARTESIAN_POINT('',(91.097949981286,-7.30854872048));
#2841 = CARTESIAN_POINT('',(91.073012585024,-7.286367862018));
#2842 = CARTESIAN_POINT('',(91.047827757804,-7.264482164728));
#2843 = CARTESIAN_POINT('',(91.02240162955,-7.242887777984));
#2844 = CARTESIAN_POINT('',(90.996739969855,-7.221581161294));
#2845 = CARTESIAN_POINT('',(90.970848039,-7.200558967573));
#2846 = CARTESIAN_POINT('',(90.94473112806,-7.179818424404));
#2847 = CARTESIAN_POINT('',(90.918392575818,-7.159355897211));
#2848 = CARTESIAN_POINT('',(90.891841188281,-7.139172226766));
#2849 = CARTESIAN_POINT('',(90.865063570108,-7.119252787477));
#2850 = CARTESIAN_POINT('',(90.838127405074,-7.099641888194));
#2851 = CARTESIAN_POINT('',(90.810796027982,-7.080165082174));
#2852 = CARTESIAN_POINT('',(90.782803510988,-7.060645540563));
#2853 = CARTESIAN_POINT('',(90.754195161831,-7.041132101679));
#2854 = CARTESIAN_POINT('',(90.724928414918,-7.021612014872));
#2855 = CARTESIAN_POINT('',(90.694979575307,-7.002088150856));
#2856 = CARTESIAN_POINT('',(90.664314977676,-6.982558581534));
#2857 = CARTESIAN_POINT('',(90.632898538578,-6.963022402373));
#2858 = CARTESIAN_POINT('',(90.600689187532,-6.94347838123));
#2859 = CARTESIAN_POINT('',(90.567642247916,-6.923926224983));
#2860 = CARTESIAN_POINT('',(90.533704992509,-6.90436471465));
#2861 = CARTESIAN_POINT('',(90.498831401987,-6.884799914894));
#2862 = CARTESIAN_POINT('',(90.462874801778,-6.86518829293));
#2863 = CARTESIAN_POINT('',(90.42581067689,-6.84556080048));
#2864 = CARTESIAN_POINT('',(90.387563517746,-6.825925481923));
#2865 = CARTESIAN_POINT('',(90.348025561387,-6.806281845485));
#2866 = CARTESIAN_POINT('',(90.307048277455,-6.786619852061));
#2867 = CARTESIAN_POINT('',(90.264448636942,-6.766927811477));
#2868 = CARTESIAN_POINT('',(90.219986625662,-6.747185876799));
#2869 = CARTESIAN_POINT('',(90.173438941426,-6.727414084389));
#2870 = CARTESIAN_POINT('',(90.124208100737,-6.707522458358));
#2871 = CARTESIAN_POINT('',(90.072789075053,-6.687904157076));
#2872 = CARTESIAN_POINT('',(90.021328085073,-6.669467741985));
#2873 = CARTESIAN_POINT('',(89.969268736217,-6.652045944535));
#2874 = CARTESIAN_POINT('',(89.916751274439,-6.635747746934));
#2875 = CARTESIAN_POINT('',(89.863734903663,-6.620609184634));
#2876 = CARTESIAN_POINT('',(89.810234447006,-6.606687199646));
#2877 = CARTESIAN_POINT('',(89.756251120299,-6.59403342479));
#2878 = CARTESIAN_POINT('',(89.701812413689,-6.582705193385));
#2879 = CARTESIAN_POINT('',(89.646805436611,-6.572732972846));
#2880 = CARTESIAN_POINT('',(89.591347072953,-6.564187218787));
#2881 = CARTESIAN_POINT('',(89.53551717575,-6.557122847599));
#2882 = CARTESIAN_POINT('',(89.479393195054,-6.551585950797));
#2883 = CARTESIAN_POINT('',(89.423045373902,-6.547611995976));
#2884 = CARTESIAN_POINT('',(89.366543127528,-6.545226308651));
#2885 = CARTESIAN_POINT('',(89.309958126075,-6.544443943918));
#2886 = CARTESIAN_POINT('',(89.253371020013,-6.545269717986));
#2887 = CARTESIAN_POINT('',(89.19686301888,-6.547698210394));
#2888 = CARTESIAN_POINT('',(89.140508221813,-6.551713723594));
#2889 = CARTESIAN_POINT('',(89.084379117382,-6.557290442411));
#2890 = CARTESIAN_POINT('',(89.028553580661,-6.564391836614));
#2891 = CARTESIAN_POINT('',(88.973106124262,-6.572972891189));
#2892 = CARTESIAN_POINT('',(88.91815897287,-6.582971782657));
#2893 = CARTESIAN_POINT('',(88.863701054701,-6.594342117866));
#2894 = CARTESIAN_POINT('',(88.809698577521,-6.607037267541));
#2895 = CARTESIAN_POINT('',(88.756177625596,-6.621000638118));
#2896 = CARTESIAN_POINT('',(88.703142685346,-6.636179495538));
#2897 = CARTESIAN_POINT('',(88.650598317272,-6.652521259944));
#2898 = CARTESIAN_POINT('',(88.598543333828,-6.669974503095));
#2899 = CARTESIAN_POINT('',(88.546972030416,-6.688488664001));
#2900 = CARTESIAN_POINT('',(88.495874798441,-6.708014188992));
#2901 = CARTESIAN_POINT('',(88.445234164459,-6.728502255789));
#2902 = CARTESIAN_POINT('',(88.395040932123,-6.749905827027));
#2903 = CARTESIAN_POINT('',(88.345266930875,-6.772183374698));
#2904 = CARTESIAN_POINT('',(88.295914484377,-6.795298833066));
#2905 = CARTESIAN_POINT('',(88.247003086234,-6.819221766095));
#2906 = CARTESIAN_POINT('',(88.198541138845,-6.843927262403));
#2907 = CARTESIAN_POINT('',(88.150532197824,-6.869396188009));
#2908 = CARTESIAN_POINT('',(88.102988845363,-6.895608406866));
#2909 = CARTESIAN_POINT('',(88.055916580919,-6.922550402866));
#2910 = CARTESIAN_POINT('',(88.009322950124,-6.950210655549));
#2911 = CARTESIAN_POINT('',(87.963215761605,-6.978580595451));
#2912 = CARTESIAN_POINT('',(87.917603597807,-7.007654367169));
#2913 = CARTESIAN_POINT('',(87.872495711086,-7.037428912996));
#2914 = CARTESIAN_POINT('',(87.827902086664,-7.067903966604));
#2915 = CARTESIAN_POINT('',(87.783833456259,-7.099082085941));
#2916 = CARTESIAN_POINT('',(87.740301346734,-7.130968619226));
#2917 = CARTESIAN_POINT('',(87.697322334112,-7.163568915638));
#2918 = CARTESIAN_POINT('',(87.654911505915,-7.196892955907));
#2919 = CARTESIAN_POINT('',(87.613087446663,-7.230951806758));
#2920 = CARTESIAN_POINT('',(87.571871293714,-7.265758398075));
#2921 = CARTESIAN_POINT('',(87.53128700729,-7.301327424486));
#2922 = CARTESIAN_POINT('',(87.491361540014,-7.337675276139));
#2923 = CARTESIAN_POINT('',(87.452124212413,-7.374820728299));
#2924 = CARTESIAN_POINT('',(87.413609527749,-7.412782411636));
#2925 = CARTESIAN_POINT('',(87.375855413103,-7.451580766561));
#2926 = CARTESIAN_POINT('',(87.338903809873,-7.491236890766));
#2927 = CARTESIAN_POINT('',(87.302802186096,-7.531772281979));
#2928 = CARTESIAN_POINT('',(87.267602855625,-7.573207853151));
#2929 = CARTESIAN_POINT('',(87.233361352932,-7.615564828451));
#2930 = CARTESIAN_POINT('',(87.200142603093,-7.658856075699));
#2931 = CARTESIAN_POINT('',(87.168012420766,-7.703100533796));
#2932 = CARTESIAN_POINT('',(87.137043112152,-7.74831480901));
#2933 = CARTESIAN_POINT('',(87.107315255574,-7.794510292199));
#2934 = CARTESIAN_POINT('',(87.078916536727,-7.841693424542));
#2935 = CARTESIAN_POINT('',(87.051941217344,-7.889865017075));
#2936 = CARTESIAN_POINT('',(87.026489265027,-7.939019755092));
#2937 = CARTESIAN_POINT('',(87.002665439669,-7.989145457872));
#2938 = CARTESIAN_POINT('',(86.980578112964,-8.040222680847));
#2939 = CARTESIAN_POINT('',(86.960338407191,-8.092222741263));
#2940 = CARTESIAN_POINT('',(86.942057522404,-8.145111256028));
#2941 = CARTESIAN_POINT('',(86.925851395489,-8.198826017713));
#2942 = CARTESIAN_POINT('',(86.911832809506,-8.253283309822));
#2943 = CARTESIAN_POINT('',(86.900103976659,-8.308391913181));
#2944 = CARTESIAN_POINT('',(86.890755415342,-8.364049217746));
#2945 = CARTESIAN_POINT('',(86.883863130158,-8.420141591434));
#2946 = CARTESIAN_POINT('',(86.879486042968,-8.476544083393));
#2947 = CARTESIAN_POINT('',(86.877663353163,-8.533118447039));
#2948 = CARTESIAN_POINT('',(86.878411205721,-8.589718464166));
#2949 = CARTESIAN_POINT('',(86.881723091351,-8.646211056422));
#2950 = CARTESIAN_POINT('',(86.887569154218,-8.7024487592));
#2951 = CARTESIAN_POINT('',(86.895898388841,-8.758302669454));
#2952 = CARTESIAN_POINT('',(86.906641600344,-8.813653936198));
#2953 = CARTESIAN_POINT('',(86.919714010863,-8.868395400227));
#2954 = CARTESIAN_POINT('',(86.935017842424,-8.922430702683));
#2955 = CARTESIAN_POINT('',(86.952444600144,-8.975673455496));
#2956 = CARTESIAN_POINT('',(86.971877792587,-9.028048786919));
#2957 = CARTESIAN_POINT('',(86.993205543195,-9.079516055924));
#2958 = CARTESIAN_POINT('',(87.016316214914,-9.130042978554));
#2959 = CARTESIAN_POINT('',(87.041100123769,-9.179606360949));
#2960 = CARTESIAN_POINT('',(87.067450759462,-9.22819082874));
#2961 = CARTESIAN_POINT('',(87.09526596079,-9.275788187023));
#2962 = CARTESIAN_POINT('',(87.124448938452,-9.322396721176));
#2963 = CARTESIAN_POINT('',(87.154909135472,-9.368020563297));
#2964 = CARTESIAN_POINT('',(87.186563083193,-9.412669314866));
#2965 = CARTESIAN_POINT('',(87.219334644386,-9.456357038437));
#2966 = CARTESIAN_POINT('',(87.253156934039,-9.49910397654));
#2967 = CARTESIAN_POINT('',(87.287962325367,-9.540922333739));
#2968 = CARTESIAN_POINT('',(87.32369300525,-9.58183179044));
#2969 = CARTESIAN_POINT('',(87.360294984345,-9.621853142132));
#2970 = CARTESIAN_POINT('',(87.397718849674,-9.661007808598));
#2971 = CARTESIAN_POINT('',(87.435919964353,-9.699316909539));
#2972 = CARTESIAN_POINT('',(87.474859303913,-9.736801409213));
#2973 = CARTESIAN_POINT('',(87.51450110468,-9.773481058048));
#2974 = CARTESIAN_POINT('',(87.554813281788,-9.809373908133));
#2975 = CARTESIAN_POINT('',(87.595768271819,-9.844497699326));
#2976 = CARTESIAN_POINT('',(87.63734088807,-9.87886783587));
#2977 = CARTESIAN_POINT('',(87.679508850824,-9.912498013006));
#2978 = CARTESIAN_POINT('',(87.722252469465,-9.945400039946));
#2979 = CARTESIAN_POINT('',(87.765555071792,-9.977584238069));
#2980 = CARTESIAN_POINT('',(87.809401309051,-10.00905834184));
#2981 = CARTESIAN_POINT('',(87.853776946993,-10.0398272449));
#2982 = CARTESIAN_POINT('',(87.89867126887,-10.06989494583));
#2983 = CARTESIAN_POINT('',(87.944074220697,-10.09926243308));
#2984 = CARTESIAN_POINT('',(87.98997457644,-10.12792697524));
#2985 = CARTESIAN_POINT('',(88.036369857544,-10.15588709702));
#2986 = CARTESIAN_POINT('',(88.083228328792,-10.1831234838));
#2987 = CARTESIAN_POINT('',(88.130630938731,-10.20967048571));
#2988 = CARTESIAN_POINT('',(88.178241408001,-10.23534929556));
#2989 = CARTESIAN_POINT('',(88.2283334246,-10.26131880839));
#2990 = CARTESIAN_POINT('',(88.280676722699,-10.28730894293));
#2991 = CARTESIAN_POINT('',(88.335457787788,-10.31327279422));
#2992 = CARTESIAN_POINT('',(88.393089736006,-10.33923199855));
#2993 = CARTESIAN_POINT('',(88.454288857415,-10.36526854402));
#2994 = CARTESIAN_POINT('',(88.520155131471,-10.39148396249));
#2995 = CARTESIAN_POINT('',(88.592072880281,-10.41791209232));
#2996 = CARTESIAN_POINT('',(88.67208119016,-10.4445933328));
#2997 = CARTESIAN_POINT('',(88.761890659365,-10.47090740205));
#2998 = CARTESIAN_POINT('',(88.8520387551,-10.49338819732));
#2999 = CARTESIAN_POINT('',(88.944098347489,-10.51231028766));
#3000 = CARTESIAN_POINT('',(89.037246529768,-10.52720541552));
#3001 = CARTESIAN_POINT('',(89.131291142594,-10.53788239686));
#3002 = CARTESIAN_POINT('',(89.22589958427,-10.54415965751));
#3003 = CARTESIAN_POINT('',(89.320814192904,-10.54593948553));
#3004 = CARTESIAN_POINT('',(89.415731564021,-10.54318995811));
#3005 = CARTESIAN_POINT('',(89.510346697439,-10.53595091164));
#3006 = CARTESIAN_POINT('',(89.60431294843,-10.52434180501));
#3007 = CARTESIAN_POINT('',(89.697233794303,-10.50855298918));
#3008 = CARTESIAN_POINT('',(89.788478080349,-10.48892576427));
#3009 = CARTESIAN_POINT('',(89.878235774184,-10.46570794835));
#3010 = CARTESIAN_POINT('',(89.966649622923,-10.43909996553));
#3011 = CARTESIAN_POINT('',(90.053681736785,-10.40936259671));
#3012 = CARTESIAN_POINT('',(90.139381182803,-10.37672880403));
#3013 = CARTESIAN_POINT('',(90.223794791462,-10.34142622857));
#3014 = CARTESIAN_POINT('',(90.30702022243,-10.30366847691));
#3015 = CARTESIAN_POINT('',(90.389017544017,-10.26362257442));
#3016 = CARTESIAN_POINT('',(90.469760125998,-10.22138998681));
#3017 = CARTESIAN_POINT('',(90.549207453471,-10.17706334244));
#3018 = CARTESIAN_POINT('',(90.627316598263,-10.13071033445));
#3019 = CARTESIAN_POINT('',(90.704048450079,-10.08237287845));
#3020 = CARTESIAN_POINT('',(90.779361289976,-10.03206979074));
#3021 = CARTESIAN_POINT('',(90.853215676272,-9.97979187799));
#3022 = CARTESIAN_POINT('',(90.925541106247,-9.925524800302));
#3023 = CARTESIAN_POINT('',(90.996268806226,-9.869225744268));
#3024 = CARTESIAN_POINT('',(91.065310337124,-9.810836332847));
#3025 = CARTESIAN_POINT('',(91.132551090986,-9.750287836333));
#3026 = CARTESIAN_POINT('',(91.197851356075,-9.687499633039));
#3027 = CARTESIAN_POINT('',(91.261045829083,-9.622377893067));
#3028 = CARTESIAN_POINT('',(91.32193904671,-9.554817394974));
#3029 = CARTESIAN_POINT('',(91.380282305134,-9.484726483236));
#3030 = CARTESIAN_POINT('',(91.435807307345,-9.412008365819));
#3031 = CARTESIAN_POINT('',(91.488188473014,-9.336591947596));
#3032 = CARTESIAN_POINT('',(91.537052743581,-9.258420767081));
#3033 = CARTESIAN_POINT('',(91.581980596788,-9.177468418086));
#3034 = CARTESIAN_POINT('',(91.622542134236,-9.093661084525));
#3035 = CARTESIAN_POINT('',(91.658174152045,-9.007162398735));
#3036 = CARTESIAN_POINT('',(91.688326454703,-8.918188903118));
#3037 = CARTESIAN_POINT('',(91.71246673078,-8.827041939651));
#3038 = CARTESIAN_POINT('',(91.730120348222,-8.73411312011));
#3039 = CARTESIAN_POINT('',(91.740883081074,-8.6398806604));
#3040 = CARTESIAN_POINT('',(91.743317663562,-8.576609896375));
#3041 = CARTESIAN_POINT('',(91.743304375321,-8.54496));
#3042 = ( GEOMETRIC_REPRESENTATION_CONTEXT(2) 
PARAMETRIC_REPRESENTATION_CONTEXT() REPRESENTATION_CONTEXT('2D SPACE',''
  ) );
#3043 = PCURVE('',#2353,#3044);
#3044 = DEFINITIONAL_REPRESENTATION('',(#3045),#3291);
#3045 = B_SPLINE_CURVE_WITH_KNOTS('',3,(#3046,#3047,#3048,#3049,#3050,
    #3051,#3052,#3053,#3054,#3055,#3056,#3057,#3058,#3059,#3060,#3061,
    #3062,#3063,#3064,#3065,#3066,#3067,#3068,#3069,#3070,#3071,#3072,
    #3073,#3074,#3075,#3076,#3077,#3078,#3079,#3080,#3081,#3082,#3083,
    #3084,#3085,#3086,#3087,#3088,#3089,#3090,#3091,#3092,#3093,#3094,
    #3095,#3096,#3097,#3098,#3099,#3100,#3101,#3102,#3103,#3104,#3105,
    #3106,#3107,#3108,#3109,#3110,#3111,#3112,#3113,#3114,#3115,#3116,
    #3117,#3118,#3119,#3120,#3121,#3122,#3123,#3124,#3125,#3126,#3127,
    #3128,#3129,#3130,#3131,#3132,#3133,#3134,#3135,#3136,#3137,#3138,
    #3139,#3140,#3141,#3142,#3143,#3144,#3145,#3146,#3147,#3148,#3149,
    #3150,#3151,#3152,#3153,#3154,#3155,#3156,#3157,#3158,#3159,#3160,
    #3161,#3162,#3163,#3164,#3165,#3166,#3167,#3168,#3169,#3170,#3171,
    #3172,#3173,#3174,#3175,#3176,#3177,#3178,#3179,#3180,#3181,#3182,
    #3183,#3184,#3185,#3186,#3187,#3188,#3189,#3190,#3191,#3192,#3193,
    #3194,#3195,#3196,#3197,#3198,#3199,#3200,#3201,#3202,#3203,#3204,
    #3205,#3206,#3207,#3208,#3209,#3210,#3211,#3212,#3213,#3214,#3215,
    #3216,#3217,#3218,#3219,#3220,#3221,#3222,#3223,#3224,#3225,#3226,
    #3227,#3228,#3229,#3230,#3231,#3232,#3233,#3234,#3235,#3236,#3237,
    #3238,#3239,#3240,#3241,#3242,#3243,#3244,#3245,#3246,#3247,#3248,
    #3249,#3250,#3251,#3252,#3253,#3254,#3255,#3256,#3257,#3258,#3259,
    #3260,#3261,#3262,#3263,#3264,#3265,#3266,#3267,#3268,#3269,#3270,
    #3271,#3272,#3273,#3274,#3275,#3276,#3277,#3278,#3279,#3280,#3281,
    #3282,#3283,#3284,#3285,#3286,#3287,#3288,#3289,#3290),
  .UNSPECIFIED.,.F.,.F.,(4,1,1,1,1,1,1,1,1,1,1,1,1,1,1,1,1,1,1,1,1,1,1,1
    ,1,1,1,1,1,1,1,1,1,1,1,1,1,1,1,1,1,1,1,1,1,1,1,1,1,1,1,1,1,1,1,1,1,1
    ,1,1,1,1,1,1,1,1,1,1,1,1,1,1,1,1,1,1,1,1,1,1,1,1,1,1,1,1,1,1,1,1,1,1
    ,1,1,1,1,1,1,1,1,1,1,1,1,1,1,1,1,1,1,1,1,1,1,1,1,1,1,1,1,1,1,1,1,1,1
    ,1,1,1,1,1,1,1,1,1,1,1,1,1,1,1,1,1,1,1,1,1,1,1,1,1,1,1,1,1,1,1,1,1,1
    ,1,1,1,1,1,1,1,1,1,1,1,1,1,1,1,1,1,1,1,1,1,1,1,1,1,1,1,1,1,1,1,1,1,1
    ,1,1,1,1,1,1,1,1,1,1,1,1,1,1,1,1,1,1,1,1,1,1,1,1,1,1,1,1,1,1,1,1,1,1
    ,1,1,1,1,1,1,1,1,1,1,1,1,1,1,4),(0.,4.624664479102E-03,
    9.249328958204E-03,1.387399343731E-02,1.849865791641E-02,
    2.312332239551E-02,2.774798687461E-02,3.237265135371E-02,
    3.699731583281E-02,4.162198031192E-02,4.624664479102E-02,
    5.087130927012E-02,5.549597374922E-02,6.012063822832E-02,
    6.474530270743E-02,6.936996718653E-02,7.399463166563E-02,
    7.861929614473E-02,8.324396062383E-02,8.786862510294E-02,
    9.249328958204E-02,9.711795406114E-02,0.10174261854,0.106367283019,
    0.110991947498,0.115616611978,0.120241276457,0.124865940936,
    0.129490605415,0.134115269894,0.138739934373,0.143364598852,
    0.147989263331,0.15261392781,0.157238592289,0.161863256769,
    0.166487921248,0.171112585727,0.175737250206,0.180361914685,
    0.184986579164,0.189611243643,0.194235908122,0.198860572601,
    0.20348523708,0.20810990156,0.212734566039,0.217359230518,
    0.221983894997,0.226608559476,0.231233223955,0.235857888434,
    0.240482552913,0.245107217392,0.249731881871,0.254356546351,
    0.25898121083,0.263605875309,0.268230539788,0.272855204267,
    0.277479868746,0.282104533225,0.286729197704,0.291353862183,
    0.295978526663,0.300603191142,0.305227855621,0.3098525201,
    0.314477184579,0.319101849058,0.323726513537,0.328351178016,
    0.332975842495,0.337600506974,0.342225171454,0.346849835933,
    0.351474500412,0.356099164891,0.36072382937,0.365348493849,
    0.369973158328,0.374597822807,0.379222487286,0.383847151765,
    0.388471816245,0.393096480724,0.397721145203,0.402345809682,
    0.406970474161,0.41159513864,0.416219803119,0.420844467598,
    0.425469132077,0.430093796556,0.434718461036,0.439343125515,
    0.443967789994,0.448592454473,0.453217118952,0.457841783431,
    0.46246644791,0.467091112389,0.471715776868,0.476340441347,
    0.480965105827,0.485589770306,0.490214434785,0.494839099264,
    0.499463763743,0.504088428222,0.508713092701,0.51333775718,
    0.517962421659,0.522587086139,0.527211750618,0.531836415097,
    0.536461079576,0.541085744055,0.545710408534,0.550335073013,
    0.554959737492,0.559584401971,0.56420906645,0.56883373093,
    0.573458395409,0.578083059888,0.582707724367,0.587332388846,
    0.591957053325,0.596581717804,0.601206382283,0.605831046762,
    0.610455711241,0.615080375721,0.6197050402,0.624329704679,
    0.628954369158,0.633579033637,0.638203698116,0.642828362595,
    0.647453027074,0.652077691553,0.656702356032,0.661327020512,
    0.665951684991,0.67057634947,0.675201013949,0.679825678428,
    0.684450342907,0.689075007386,0.693699671865,0.698324336344,
    0.702949000823,0.707573665303,0.712198329782,0.716822994261,
    0.72144765874,0.726072323219,0.730696987698,0.735321652177,
    0.739946316656,0.744570981135,0.749195645614,0.753820310094,
    0.758444974573,0.763069639052,0.767694303531,0.77231896801,
    0.776943632489,0.781568296968,0.786192961447,0.790817625926,
    0.795442290406,0.800066954885,0.804691619364,0.809316283843,
    0.813940948322,0.818565612801,0.82319027728,0.827814941759,
    0.832439606238,0.837064270717,0.841688935197,0.846313599676,
    0.850938264155,0.855562928634,0.860187593113,0.864812257592,
    0.869436922071,0.87406158655,0.878686251029,0.883310915508,
    0.887935579988,0.892560244467,0.897184908946,0.901809573425,
    0.906434237904,0.911058902383,0.915683566862,0.920308231341,
    0.92493289582,0.929557560299,0.934182224779,0.938806889258,
    0.943431553737,0.948056218216,0.952680882695,0.957305547174,
    0.961930211653,0.966554876132,0.971179540611,0.97580420509,
    0.98042886957,0.985053534049,0.989678198528,0.994302863007,
    0.998927527486,1.003552191965,1.008176856444,1.012801520923,
    1.017426185402,1.022050849882,1.026675514361,1.03130017884,
    1.035924843319,1.040549507798,1.045174172277,1.049798836756,
    1.054423501235,1.059048165714,1.063672830193,1.068297494673,
    1.072922159152,1.077546823631,1.08217148811,1.086796152589,
    1.091420817068,1.096045481547,1.100670146026,1.105294810505,
    1.109919474984,1.114544139464,1.119168803943),
  .QUASI_UNIFORM_KNOTS.);
#3046 = CARTESIAN_POINT('',(6.28318530718,22.379988319204));
#3047 = CARTESIAN_POINT('',(6.277328583433,22.379988079878));
#3048 = CARTESIAN_POINT('',(6.265618735382,22.38024986681));
#3049 = CARTESIAN_POINT('',(6.248076059798,22.381423290323));
#3050 = CARTESIAN_POINT('',(6.230567222819,22.383372465409));
#3051 = CARTESIAN_POINT('',(6.213102412727,22.386088683201));
#3052 = CARTESIAN_POINT('',(6.195690915378,22.389561136987));
#3053 = CARTESIAN_POINT('',(6.178341045811,22.393776809059));
#3054 = CARTESIAN_POINT('',(6.161060263333,22.398720804383));
#3055 = CARTESIAN_POINT('',(6.143855228594,22.404376547714));
#3056 = CARTESIAN_POINT('',(6.126731867917,22.410726001094));
#3057 = CARTESIAN_POINT('',(6.109695427934,22.417749860265));
#3058 = CARTESIAN_POINT('',(6.092750525592,22.42542774175));
#3059 = CARTESIAN_POINT('',(6.075901192702,22.433738358037));
#3060 = CARTESIAN_POINT('',(6.059150915742,22.442659682173));
#3061 = CARTESIAN_POINT('',(6.042502671205,22.452169102036));
#3062 = CARTESIAN_POINT('',(6.025958956848,22.462243564804));
#3063 = CARTESIAN_POINT('',(6.009521819193,22.472859712108));
#3064 = CARTESIAN_POINT('',(5.993192877556,22.483994006345));
#3065 = CARTESIAN_POINT('',(5.976973344894,22.49562284862));
#3066 = CARTESIAN_POINT('',(5.960864045717,22.507722688827));
#3067 = CARTESIAN_POINT('',(5.944865431285,22.520270128311));
#3068 = CARTESIAN_POINT('',(5.928977592247,22.53324201565));
#3069 = CARTESIAN_POINT('',(5.913200269032,22.546615535878));
#3070 = CARTESIAN_POINT('',(5.897532859533,22.560368294223));
#3071 = CARTESIAN_POINT('',(5.881974426369,22.574478392578));
#3072 = CARTESIAN_POINT('',(5.86652369565,22.588924507716));
#3073 = CARTESIAN_POINT('',(5.851179077614,22.603685939825));
#3074 = CARTESIAN_POINT('',(5.835938595997,22.618742750922));
#3075 = CARTESIAN_POINT('',(5.820800148293,22.634075549274));
#3076 = CARTESIAN_POINT('',(5.805760521325,22.64966657859));
#3077 = CARTESIAN_POINT('',(5.790819041927,22.665495923708));
#3078 = CARTESIAN_POINT('',(5.775963097629,22.681556773819));
#3079 = CARTESIAN_POINT('',(5.761185835051,22.697838011538));
#3080 = CARTESIAN_POINT('',(5.74648406983,22.714324108187));
#3081 = CARTESIAN_POINT('',(5.731853435777,22.731000682578));
#3082 = CARTESIAN_POINT('',(5.717289751189,22.747853242269));
#3083 = CARTESIAN_POINT('',(5.702788701128,22.764867697518));
#3084 = CARTESIAN_POINT('',(5.688345951741,22.782030346657));
#3085 = CARTESIAN_POINT('',(5.673957132921,22.799327947715));
#3086 = CARTESIAN_POINT('',(5.659617827962,22.816747718289));
#3087 = CARTESIAN_POINT('',(5.645323579761,22.834277280804));
#3088 = CARTESIAN_POINT('',(5.631069737628,22.85190464265));
#3089 = CARTESIAN_POINT('',(5.616852242421,22.869617482418));
#3090 = CARTESIAN_POINT('',(5.602666495644,22.887404413667));
#3091 = CARTESIAN_POINT('',(5.588508020049,22.905254134855));
#3092 = CARTESIAN_POINT('',(5.574372361546,22.923155548551));
#3093 = CARTESIAN_POINT('',(5.560255120271,22.941097695757));
#3094 = CARTESIAN_POINT('',(5.546151859626,22.959069851092));
#3095 = CARTESIAN_POINT('',(5.532058374371,22.977061159427));
#3096 = CARTESIAN_POINT('',(5.517969644715,22.995061945838));
#3097 = CARTESIAN_POINT('',(5.503883687789,23.013058790851));
#3098 = CARTESIAN_POINT('',(5.489787134125,23.031052871189));
#3099 = CARTESIAN_POINT('',(5.475709007418,23.048991473227));
#3100 = CARTESIAN_POINT('',(5.461519967041,23.06702355012));
#3101 = CARTESIAN_POINT('',(5.447079477365,23.085309605173));
#3102 = CARTESIAN_POINT('',(5.43240896044,23.103802353406));
#3103 = CARTESIAN_POINT('',(5.417483930975,23.122511161752));
#3104 = CARTESIAN_POINT('',(5.402289589308,23.141431041002));
#3105 = CARTESIAN_POINT('',(5.38680578807,23.16056148367));
#3106 = CARTESIAN_POINT('',(5.371010939706,23.179901131766));
#3107 = CARTESIAN_POINT('',(5.35488064974,23.19944906355));
#3108 = CARTESIAN_POINT('',(5.338388353417,23.219203558988));
#3109 = CARTESIAN_POINT('',(5.321503044727,23.239164115926));
#3110 = CARTESIAN_POINT('',(5.304196448838,23.259322769241));
#3111 = CARTESIAN_POINT('',(5.286389751332,23.279723474776));
#3112 = CARTESIAN_POINT('',(5.268064194709,23.300334860204));
#3113 = CARTESIAN_POINT('',(5.249174257436,23.32114806662));
#3114 = CARTESIAN_POINT('',(5.229657247384,23.342163983279));
#3115 = CARTESIAN_POINT('',(5.209428610205,23.363395276815));
#3116 = CARTESIAN_POINT('',(5.188385430655,23.384858895704));
#3117 = CARTESIAN_POINT('',(5.166391380437,23.406584480761));
#3118 = CARTESIAN_POINT('',(5.143327237615,23.428561277692));
#3119 = CARTESIAN_POINT('',(5.118896803652,23.450907736819));
#3120 = CARTESIAN_POINT('',(5.093344331455,23.473204463545));
#3121 = CARTESIAN_POINT('',(5.06773844878,23.494408361887));
#3122 = CARTESIAN_POINT('',(5.041806066024,23.514687474257));
#3123 = CARTESIAN_POINT('',(5.015619606133,23.533894041103));
#3124 = CARTESIAN_POINT('',(4.989161462398,23.55195898361));
#3125 = CARTESIAN_POINT('',(4.962441445758,23.56878523224));
#3126 = CARTESIAN_POINT('',(4.935462620815,23.584279929869));
#3127 = CARTESIAN_POINT('',(4.908240427649,23.598332290693));
#3128 = CARTESIAN_POINT('',(4.880726788731,23.610926214667));
#3129 = CARTESIAN_POINT('',(4.852973630102,23.621868731729));
#3130 = CARTESIAN_POINT('',(4.825021307896,23.631016338704));
#3131 = CARTESIAN_POINT('',(4.796911434815,23.638246815679));
#3132 = CARTESIAN_POINT('',(4.768683852938,23.643466777573));
#3133 = CARTESIAN_POINT('',(4.740377866113,23.64660965149));
#3134 = CARTESIAN_POINT('',(4.712032336116,23.647636215726));
#3135 = CARTESIAN_POINT('',(4.683686096456,23.646534466404));
#3136 = CARTESIAN_POINT('',(4.655378246761,23.643319611912));
#3137 = CARTESIAN_POINT('',(4.627148604234,23.638034228517));
#3138 = CARTESIAN_POINT('',(4.599037625232,23.630747643481));
#3139 = CARTESIAN_POINT('',(4.571088250898,23.621558246979));
#3140 = CARTESIAN_POINT('',(4.54334053188,23.610584861304));
#3141 = CARTESIAN_POINT('',(4.51585314366,23.597998952139));
#3142 = CARTESIAN_POINT('',(4.488621553877,23.583899987438));
#3143 = CARTESIAN_POINT('',(4.46163362352,23.568360032579));
#3144 = CARTESIAN_POINT('',(4.434903852651,23.551489486479));
#3145 = CARTESIAN_POINT('',(4.408437017647,23.533382323675));
#3146 = CARTESIAN_POINT('',(4.382237835315,23.514130766298));
#3147 = CARTESIAN_POINT('',(4.35630837093,23.493821354106));
#3148 = CARTESIAN_POINT('',(4.330648623787,23.472535992362));
#3149 = CARTESIAN_POINT('',(4.305256827627,23.4503516903));
#3150 = CARTESIAN_POINT('',(4.280127870973,23.427340559378));
#3151 = CARTESIAN_POINT('',(4.255260267209,23.40357020225));
#3152 = CARTESIAN_POINT('',(4.230646713364,23.379099549124));
#3153 = CARTESIAN_POINT('',(4.206275855213,23.353985222224));
#3154 = CARTESIAN_POINT('',(4.182133853113,23.328281147367));
#3155 = CARTESIAN_POINT('',(4.158203941029,23.30203866346));
#3156 = CARTESIAN_POINT('',(4.13446605055,23.275306472931));
#3157 = CARTESIAN_POINT('',(4.110905303614,23.248134841134));
#3158 = CARTESIAN_POINT('',(4.087503016192,23.220569989686));
#3159 = CARTESIAN_POINT('',(4.064241452066,23.192657983833));
#3160 = CARTESIAN_POINT('',(4.041102756096,23.164443979941));
#3161 = CARTESIAN_POINT('',(4.018069111496,23.135972482941));
#3162 = CARTESIAN_POINT('',(3.995122569701,23.107287333028));
#3163 = CARTESIAN_POINT('',(3.972244971779,23.078431765377));
#3164 = CARTESIAN_POINT('',(3.949417840313,23.049448448544));
#3165 = CARTESIAN_POINT('',(3.926622310173,23.020379535109));
#3166 = CARTESIAN_POINT('',(3.903841133012,22.991269570641));
#3167 = CARTESIAN_POINT('',(3.881055194948,22.962161191791));
#3168 = CARTESIAN_POINT('',(3.858245981686,22.933098516344));
#3169 = CARTESIAN_POINT('',(3.835394943964,22.904126569896));
#3170 = CARTESIAN_POINT('',(3.812483491399,22.875291519116));
#3171 = CARTESIAN_POINT('',(3.789492945088,22.846640847142));
#3172 = CARTESIAN_POINT('',(3.766404017734,22.818222953852));
#3173 = CARTESIAN_POINT('',(3.7431983175,22.790089199704));
#3174 = CARTESIAN_POINT('',(3.719857042745,22.76229278516));
#3175 = CARTESIAN_POINT('',(3.696361572491,22.734888856653));
#3176 = CARTESIAN_POINT('',(3.672693532347,22.707936294026));
#3177 = CARTESIAN_POINT('',(3.648835222545,22.681496594305));
#3178 = CARTESIAN_POINT('',(3.624769003835,22.655630712999));
#3179 = CARTESIAN_POINT('',(3.600481979022,22.630404664267));
#3180 = CARTESIAN_POINT('',(3.575957703492,22.605885551971));
#3181 = CARTESIAN_POINT('',(3.551180857447,22.582144926706));
#3182 = CARTESIAN_POINT('',(3.52613863283,22.559260440912));
#3183 = CARTESIAN_POINT('',(3.500820370476,22.537314893538));
#3184 = CARTESIAN_POINT('',(3.475217720598,22.516395823442));
#3185 = CARTESIAN_POINT('',(3.449324706604,22.49659479705));
#3186 = CARTESIAN_POINT('',(3.423137928312,22.478006649048));
#3187 = CARTESIAN_POINT('',(3.396656606058,22.460728495417));
#3188 = CARTESIAN_POINT('',(3.369883445558,22.444858982871));
#3189 = CARTESIAN_POINT('',(3.342822719665,22.430496099092));
#3190 = CARTESIAN_POINT('',(3.315491408939,22.417740755829));
#3191 = CARTESIAN_POINT('',(3.287915712443,22.406690506214));
#3192 = CARTESIAN_POINT('',(3.260123933838,22.39743358031));
#3193 = CARTESIAN_POINT('',(3.232148583588,22.390047858744));
#3194 = CARTESIAN_POINT('',(3.204026346058,22.384598542923));
#3195 = CARTESIAN_POINT('',(3.17579844974,22.381136036172));
#3196 = CARTESIAN_POINT('',(3.147511934,22.379693785785));
#3197 = CARTESIAN_POINT('',(3.11921733678,22.380285571649));
#3198 = CARTESIAN_POINT('',(3.090958542844,22.382905833766));
#3199 = CARTESIAN_POINT('',(3.062786949241,22.387529107804));
#3200 = CARTESIAN_POINT('',(3.034745372698,22.39411181123));
#3201 = CARTESIAN_POINT('',(3.006872610542,22.402594657473));
#3202 = CARTESIAN_POINT('',(2.979202865571,22.412904796349));
#3203 = CARTESIAN_POINT('',(2.951766377957,22.424957952316));
#3204 = CARTESIAN_POINT('',(2.924589977224,22.438660348969));
#3205 = CARTESIAN_POINT('',(2.897696395425,22.453910996256));
#3206 = CARTESIAN_POINT('',(2.871092499133,22.470611699346));
#3207 = CARTESIAN_POINT('',(2.844782274987,22.488663695728));
#3208 = CARTESIAN_POINT('',(2.818766357799,22.507969091375));
#3209 = CARTESIAN_POINT('',(2.793042541962,22.528431901119));
#3210 = CARTESIAN_POINT('',(2.767605956014,22.549959037424));
#3211 = CARTESIAN_POINT('',(2.742449248101,22.572461162337));
#3212 = CARTESIAN_POINT('',(2.717562727696,22.595853399315));
#3213 = CARTESIAN_POINT('',(2.692934355692,22.620056003329));
#3214 = CARTESIAN_POINT('',(2.668550094643,22.644994598982));
#3215 = CARTESIAN_POINT('',(2.644392709031,22.670601449234));
#3216 = CARTESIAN_POINT('',(2.620449626069,22.69680831373));
#3217 = CARTESIAN_POINT('',(2.596704126851,22.723553828439));
#3218 = CARTESIAN_POINT('',(2.573138687308,22.750776174028));
#3219 = CARTESIAN_POINT('',(2.549735134388,22.778415413473));
#3220 = CARTESIAN_POINT('',(2.526475056023,22.806414413137));
#3221 = CARTESIAN_POINT('',(2.503339581427,22.834719782577));
#3222 = CARTESIAN_POINT('',(2.480309936921,22.863279383168));
#3223 = CARTESIAN_POINT('',(2.457367632381,22.89204320846));
#3224 = CARTESIAN_POINT('',(2.434493519917,22.920963649464));
#3225 = CARTESIAN_POINT('',(2.411668980777,22.949994016102));
#3226 = CARTESIAN_POINT('',(2.388875442314,22.979088838435));
#3227 = CARTESIAN_POINT('',(2.366094412393,23.008203600195));
#3228 = CARTESIAN_POINT('',(2.343307112762,23.037294968834));
#3229 = CARTESIAN_POINT('',(2.320495209232,23.066319607175));
#3230 = CARTESIAN_POINT('',(2.297640843148,23.095233967571));
#3231 = CARTESIAN_POINT('',(2.274725203726,23.123995847811));
#3232 = CARTESIAN_POINT('',(2.251729898147,23.152562358599));
#3233 = CARTESIAN_POINT('',(2.228637726952,23.180889026952));
#3234 = CARTESIAN_POINT('',(2.205427684201,23.208935062746));
#3235 = CARTESIAN_POINT('',(2.182093585006,23.236642909112));
#3236 = CARTESIAN_POINT('',(2.158573949256,23.264014494305));
#3237 = CARTESIAN_POINT('',(2.135013226957,23.290826393822));
#3238 = CARTESIAN_POINT('',(2.110267406828,23.318275607893));
#3239 = CARTESIAN_POINT('',(2.084430841879,23.346088374688));
#3240 = CARTESIAN_POINT('',(2.057385894622,23.374215268698));
#3241 = CARTESIAN_POINT('',(2.028894067666,23.402688540935));
#3242 = CARTESIAN_POINT('',(1.998570911607,23.431620832486));
#3243 = CARTESIAN_POINT('',(1.965871660446,23.461166785281));
#3244 = CARTESIAN_POINT('',(1.930103616199,23.491424876351));
#3245 = CARTESIAN_POINT('',(1.890245571138,23.522509118766));
#3246 = CARTESIAN_POINT('',(1.84543601721,23.553808999944));
#3247 = CARTESIAN_POINT('',(1.80039684481,23.581133952467));
#3248 = CARTESIAN_POINT('',(1.754359576152,23.604657113467));
#3249 = CARTESIAN_POINT('',(1.707745066216,23.623636605166));
#3250 = CARTESIAN_POINT('',(1.660654560467,23.637567822313));
#3251 = CARTESIAN_POINT('',(1.613262942462,23.645927056248));
#3252 = CARTESIAN_POINT('',(1.565714849637,23.648343728271));
#3253 = CARTESIAN_POINT('',(1.518163180642,23.644669358154));
#3254 = CARTESIAN_POINT('',(1.470770405848,23.63504730598));
#3255 = CARTESIAN_POINT('',(1.42372956086,23.619912822947));
#3256 = CARTESIAN_POINT('',(1.37723562589,23.599915044684));
#3257 = CARTESIAN_POINT('',(1.331608569236,23.575678671398));
#3258 = CARTESIAN_POINT('',(1.286779067663,23.547566789785));
#3259 = CARTESIAN_POINT('',(1.242676802175,23.516051809712));
#3260 = CARTESIAN_POINT('',(1.199335502173,23.481546870574));
#3261 = CARTESIAN_POINT('',(1.15674411772,23.444433779271));
#3262 = CARTESIAN_POINT('',(1.114892395436,23.405052116783));
#3263 = CARTESIAN_POINT('',(1.073762001921,23.363701336512));
#3264 = CARTESIAN_POINT('',(1.03329975892,23.320641013779));
#3265 = CARTESIAN_POINT('',(0.993408313552,23.276107215753));
#3266 = CARTESIAN_POINT('',(0.954009492127,23.230331564213));
#3267 = CARTESIAN_POINT('',(0.915023953915,23.18353653282));
#3268 = CARTESIAN_POINT('',(0.876369073522,23.1359359193));
#3269 = CARTESIAN_POINT('',(0.837960183713,23.087737298846));
#3270 = CARTESIAN_POINT('',(0.799706852452,23.039137777009));
#3271 = CARTESIAN_POINT('',(0.761528492066,22.990346439043));
#3272 = CARTESIAN_POINT('',(0.723335786989,22.941563982139));
#3273 = CARTESIAN_POINT('',(0.685039657518,22.892997146112));
#3274 = CARTESIAN_POINT('',(0.646553201759,22.844864311884));
#3275 = CARTESIAN_POINT('',(0.607789364311,22.797395555874));
#3276 = CARTESIAN_POINT('',(0.568659070382,22.750833544745));
#3277 = CARTESIAN_POINT('',(0.529071486014,22.705436747206));
#3278 = CARTESIAN_POINT('',(0.48894702209,22.661498177365));
#3279 = CARTESIAN_POINT('',(0.448204497103,22.619305005352));
#3280 = CARTESIAN_POINT('',(0.406776856777,22.579183364961));
#3281 = CARTESIAN_POINT('',(0.364602620841,22.541494755431));
#3282 = CARTESIAN_POINT('',(0.321632038265,22.506633282843));
#3283 = CARTESIAN_POINT('',(0.277785324036,22.474997992039));
#3284 = CARTESIAN_POINT('',(0.233099143038,22.447087615387));
#3285 = CARTESIAN_POINT('',(0.187624585834,22.42338665195));
#3286 = CARTESIAN_POINT('',(0.141443633151,22.404359261119));
#3287 = CARTESIAN_POINT('',(9.467113108945E-02,22.390416200699));
#3288 = CARTESIAN_POINT('',(4.745467371077E-02,22.381904879183));
#3289 = CARTESIAN_POINT('',(1.582246693169E-02,22.379976885359));
#3290 = CARTESIAN_POINT('',(-8.881784197001E-16,22.379988319204));
#3291 = ( GEOMETRIC_REPRESENTATION_CONTEXT(2) 
PARAMETRIC_REPRESENTATION_CONTEXT() REPRESENTATION_CONTEXT('2D SPACE',''
  ) );
#3292 = ORIENTED_EDGE('',*,*,#3293,.F.);
#3293 = EDGE_CURVE('',#3294,#2608,#3296,.T.);
#3294 = VERTEX_POINT('',#3295);
#3295 = CARTESIAN_POINT('',(0.5000625,-17.3439492754,14.964));
#3296 = SURFACE_CURVE('',#3297,(#3303,#3312),.PCURVE_S1.);
#3297 = B_SPLINE_CURVE_WITH_KNOTS('',4,(#3298,#3299,#3300,#3301,#3302),
  .UNSPECIFIED.,.F.,.F.,(5,5),(0.,1.),.PIECEWISE_BEZIER_KNOTS.);
#3298 = CARTESIAN_POINT('',(0.5000625,-17.3439492754,14.964));
#3299 = CARTESIAN_POINT('',(0.5000625,-17.3439492754,12.126));
#3300 = CARTESIAN_POINT('',(0.5000625,-17.3439492754,9.288));
#3301 = CARTESIAN_POINT('',(0.5000625,-17.3439492754,6.45));
#3302 = CARTESIAN_POINT('',(0.5000625,-17.3439492754,3.612));
#3303 = PCURVE('',#368,#3304);
#3304 = DEFINITIONAL_REPRESENTATION('',(#3305),#3311);
#3305 = B_SPLINE_CURVE_WITH_KNOTS('',4,(#3306,#3307,#3308,#3309,#3310),
  .UNSPECIFIED.,.F.,.F.,(5,5),(0.,1.),.PIECEWISE_BEZIER_KNOTS.);
#3306 = CARTESIAN_POINT('',(89.815500261633,-12.9));
#3307 = CARTESIAN_POINT('',(89.815500261633,-10.062));
#3308 = CARTESIAN_POINT('',(89.815500261633,-7.224));
#3309 = CARTESIAN_POINT('',(89.815500261633,-4.386));
#3310 = CARTESIAN_POINT('',(89.815500261633,-1.548));
#3311 = ( GEOMETRIC_REPRESENTATION_CONTEXT(2) 
PARAMETRIC_REPRESENTATION_CONTEXT() REPRESENTATION_CONTEXT('2D SPACE',''
  ) );
#3312 = PCURVE('',#3313,#3318);
#3313 = PLANE('',#3314);
#3314 = AXIS2_PLACEMENT_3D('',#3315,#3316,#3317);
#3315 = CARTESIAN_POINT('',(0.5000625,-17.5694,3.612));
#3316 = DIRECTION('',(1.,0.,0.));
#3317 = DIRECTION('',(0.,0.,1.));
#3318 = DEFINITIONAL_REPRESENTATION('',(#3319),#3325);
#3319 = B_SPLINE_CURVE_WITH_KNOTS('',4,(#3320,#3321,#3322,#3323,#3324),
  .UNSPECIFIED.,.F.,.F.,(5,5),(0.,1.),.PIECEWISE_BEZIER_KNOTS.);
#3320 = CARTESIAN_POINT('',(11.352,-0.225450724598));
#3321 = CARTESIAN_POINT('',(8.514,-0.225450724598));
#3322 = CARTESIAN_POINT('',(5.676,-0.225450724598));
#3323 = CARTESIAN_POINT('',(2.838,-0.225450724598));
#3324 = CARTESIAN_POINT('',(0.,-0.225450724598));
#3325 = ( GEOMETRIC_REPRESENTATION_CONTEXT(2) 
PARAMETRIC_REPRESENTATION_CONTEXT() REPRESENTATION_CONTEXT('2D SPACE',''
  ) );
#3326 = ORIENTED_EDGE('',*,*,#3327,.T.);
#3327 = EDGE_CURVE('',#3294,#3328,#3330,.T.);
#3328 = VERTEX_POINT('',#3329);
#3329 = CARTESIAN_POINT('',(-0.5000625,-17.3439492754,14.964));
#3330 = SURFACE_CURVE('',#3331,(#3338,#3348),.PCURVE_S1.);
#3331 = B_SPLINE_CURVE_WITH_KNOTS('',5,(#3332,#3333,#3334,#3335,#3336,
    #3337),.UNSPECIFIED.,.F.,.F.,(6,6),(0.,1.),
  .PIECEWISE_BEZIER_KNOTS.);
#3332 = CARTESIAN_POINT('',(0.5000625,-17.3439492754,14.964));
#3333 = CARTESIAN_POINT('',(0.305758975537,-17.40488456985,14.964));
#3334 = CARTESIAN_POINT('',(0.102362421435,-17.44193497187,14.964));
#3335 = CARTESIAN_POINT('',(-0.102342690196,-17.4419433618,14.964));
#3336 = CARTESIAN_POINT('',(-0.305782927202,-17.4048770584,14.964));
#3337 = CARTESIAN_POINT('',(-0.5000625,-17.3439492754,14.964));
#3338 = PCURVE('',#368,#3339);
#3339 = DEFINITIONAL_REPRESENTATION('',(#3340),#3347);
#3340 = B_SPLINE_CURVE_WITH_KNOTS('',5,(#3341,#3342,#3343,#3344,#3345,
    #3346),.UNSPECIFIED.,.F.,.F.,(6,6),(0.,1.),
  .PIECEWISE_BEZIER_KNOTS.);
#3341 = CARTESIAN_POINT('',(89.815500261633,-12.9));
#3342 = CARTESIAN_POINT('',(89.614675600488,-12.9));
#3343 = CARTESIAN_POINT('',(89.41159749524,-12.9));
#3344 = CARTESIAN_POINT('',(89.209762758578,-12.9));
#3345 = CARTESIAN_POINT('',(89.006639590596,-12.9));
#3346 = CARTESIAN_POINT('',(88.805839684973,-12.9));
#3347 = ( GEOMETRIC_REPRESENTATION_CONTEXT(2) 
PARAMETRIC_REPRESENTATION_CONTEXT() REPRESENTATION_CONTEXT('2D SPACE',''
  ) );
#3348 = PCURVE('',#3349,#3354);
#3349 = PLANE('',#3350);
#3350 = AXIS2_PLACEMENT_3D('',#3351,#3352,#3353);
#3351 = CARTESIAN_POINT('',(-0.5000625,-17.5694,14.964));
#3352 = DIRECTION('',(0.,0.,1.));
#3353 = DIRECTION('',(1.,0.,0.));
#3354 = DEFINITIONAL_REPRESENTATION('',(#3355),#3362);
#3355 = B_SPLINE_CURVE_WITH_KNOTS('',5,(#3356,#3357,#3358,#3359,#3360,
    #3361),.UNSPECIFIED.,.F.,.F.,(6,6),(0.,1.),
  .PIECEWISE_BEZIER_KNOTS.);
#3356 = CARTESIAN_POINT('',(1.000125,0.225450724598));
#3357 = CARTESIAN_POINT('',(0.805821475537,0.164515430147));
#3358 = CARTESIAN_POINT('',(0.602424921435,0.127465028124));
#3359 = CARTESIAN_POINT('',(0.397719809804,0.127456638198));
#3360 = CARTESIAN_POINT('',(0.194279572798,0.1645229416));
#3361 = CARTESIAN_POINT('',(0.,0.225450724598));
#3362 = ( GEOMETRIC_REPRESENTATION_CONTEXT(2) 
PARAMETRIC_REPRESENTATION_CONTEXT() REPRESENTATION_CONTEXT('2D SPACE',''
  ) );
#3363 = ORIENTED_EDGE('',*,*,#3364,.T.);
#3364 = EDGE_CURVE('',#3328,#3365,#3367,.T.);
#3365 = VERTEX_POINT('',#3366);
#3366 = CARTESIAN_POINT('',(-0.5000625,-17.34394856698,12.545695473605)
  );
#3367 = SURFACE_CURVE('',#3368,(#3374,#3383),.PCURVE_S1.);
#3368 = B_SPLINE_CURVE_WITH_KNOTS('',4,(#3369,#3370,#3371,#3372,#3373),
  .UNSPECIFIED.,.F.,.F.,(5,5),(0.,1.),.PIECEWISE_BEZIER_KNOTS.);
#3369 = CARTESIAN_POINT('',(-0.5000625,-17.3439492754,14.964));
#3370 = CARTESIAN_POINT('',(-0.5000625,-17.3439492754,12.126));
#3371 = CARTESIAN_POINT('',(-0.5000625,-17.3439492754,9.288));
#3372 = CARTESIAN_POINT('',(-0.5000625,-17.3439492754,6.45));
#3373 = CARTESIAN_POINT('',(-0.5000625,-17.3439492754,3.612));
#3374 = PCURVE('',#368,#3375);
#3375 = DEFINITIONAL_REPRESENTATION('',(#3376),#3382);
#3376 = B_SPLINE_CURVE_WITH_KNOTS('',4,(#3377,#3378,#3379,#3380,#3381),
  .UNSPECIFIED.,.F.,.F.,(5,5),(0.,1.),.PIECEWISE_BEZIER_KNOTS.);
#3377 = CARTESIAN_POINT('',(88.805839684973,-12.9));
#3378 = CARTESIAN_POINT('',(88.805839684973,-10.062));
#3379 = CARTESIAN_POINT('',(88.805839684973,-7.224));
#3380 = CARTESIAN_POINT('',(88.805839684973,-4.386));
#3381 = CARTESIAN_POINT('',(88.805839684973,-1.548));
#3382 = ( GEOMETRIC_REPRESENTATION_CONTEXT(2) 
PARAMETRIC_REPRESENTATION_CONTEXT() REPRESENTATION_CONTEXT('2D SPACE',''
  ) );
#3383 = PCURVE('',#3384,#3389);
#3384 = PLANE('',#3385);
#3385 = AXIS2_PLACEMENT_3D('',#3386,#3387,#3388);
#3386 = CARTESIAN_POINT('',(-0.5000625,-17.5694,3.612));
#3387 = DIRECTION('',(1.,0.,0.));
#3388 = DIRECTION('',(0.,0.,1.));
#3389 = DEFINITIONAL_REPRESENTATION('',(#3390),#3396);
#3390 = B_SPLINE_CURVE_WITH_KNOTS('',4,(#3391,#3392,#3393,#3394,#3395),
  .UNSPECIFIED.,.F.,.F.,(5,5),(0.,1.),.PIECEWISE_BEZIER_KNOTS.);
#3391 = CARTESIAN_POINT('',(11.352,-0.225450724598));
#3392 = CARTESIAN_POINT('',(8.514,-0.225450724598));
#3393 = CARTESIAN_POINT('',(5.676,-0.225450724598));
#3394 = CARTESIAN_POINT('',(2.838,-0.225450724598));
#3395 = CARTESIAN_POINT('',(0.,-0.225450724598));
#3396 = ( GEOMETRIC_REPRESENTATION_CONTEXT(2) 
PARAMETRIC_REPRESENTATION_CONTEXT() REPRESENTATION_CONTEXT('2D SPACE',''
  ) );
#3397 = ORIENTED_EDGE('',*,*,#3398,.F.);
#3398 = EDGE_CURVE('',#3399,#3365,#3401,.T.);
#3399 = VERTEX_POINT('',#3400);
#3400 = CARTESIAN_POINT('',(-0.5000625,-17.3439467345,8.67222919433));
#3401 = SURFACE_CURVE('',#3402,(#3585,#3834),.PCURVE_S1.);
#3402 = B_SPLINE_CURVE_WITH_KNOTS('',8,(#3403,#3404,#3405,#3406,#3407,
    #3408,#3409,#3410,#3411,#3412,#3413,#3414,#3415,#3416,#3417,#3418,
    #3419,#3420,#3421,#3422,#3423,#3424,#3425,#3426,#3427,#3428,#3429,
    #3430,#3431,#3432,#3433,#3434,#3435,#3436,#3437,#3438,#3439,#3440,
    #3441,#3442,#3443,#3444,#3445,#3446,#3447,#3448,#3449,#3450,#3451,
    #3452,#3453,#3454,#3455,#3456,#3457,#3458,#3459,#3460,#3461,#3462,
    #3463,#3464,#3465,#3466,#3467,#3468,#3469,#3470,#3471,#3472,#3473,
    #3474,#3475,#3476,#3477,#3478,#3479,#3480,#3481,#3482,#3483,#3484,
    #3485,#3486,#3487,#3488,#3489,#3490,#3491,#3492,#3493,#3494,#3495,
    #3496,#3497,#3498,#3499,#3500,#3501,#3502,#3503,#3504,#3505,#3506,
    #3507,#3508,#3509,#3510,#3511,#3512,#3513,#3514,#3515,#3516,#3517,
    #3518,#3519,#3520,#3521,#3522,#3523,#3524,#3525,#3526,#3527,#3528,
    #3529,#3530,#3531,#3532,#3533,#3534,#3535,#3536,#3537,#3538,#3539,
    #3540,#3541,#3542,#3543,#3544,#3545,#3546,#3547,#3548,#3549,#3550,
    #3551,#3552,#3553,#3554,#3555,#3556,#3557,#3558,#3559,#3560,#3561,
    #3562,#3563,#3564,#3565,#3566,#3567,#3568,#3569,#3570,#3571,#3572,
    #3573,#3574,#3575,#3576,#3577,#3578,#3579,#3580,#3581,#3582,#3583,
    #3584),.UNSPECIFIED.,.T.,.F.,(9,7,7,7,7,7,7,7,7,7,7,7,7,7,7,7,7,7,7,
    7,7,7,5,7,7,7,9),(0.,0.137971062221,0.187286844553,0.240505689913,
    0.289282969904,0.333575833179,0.367938805353,0.434111800727,
    0.475364939424,0.500998198171,0.542711097765,0.577334369801,
    0.605128845236,0.653544060101,0.690118849329,0.725908087854,
    0.774547273732,0.804886112776,0.837598647921,0.876759799225,
    0.917039800798,0.970238594598,1.,1.030326294865,1.060384182616,
    1.084690326611,1.119168803943),.UNSPECIFIED.);
#3403 = CARTESIAN_POINT('',(2.00025,-16.1569883192,10.60896));
#3404 = CARTESIAN_POINT('',(2.00025,-16.1569883192,10.477899834274));
#3405 = CARTESIAN_POINT('',(1.990435058171,-16.16944979971,
    10.347146794033));
#3406 = CARTESIAN_POINT('',(1.970891094831,-16.19426828208,
    10.219653057949));
#3407 = CARTESIAN_POINT('',(1.942651951944,-16.22982044224,
    10.097110770768));
#3408 = CARTESIAN_POINT('',(1.906927842442,-16.27402467183,
    9.980447348924));
#3409 = CARTESIAN_POINT('',(1.864840053301,-16.32485693981,
    9.870067806674));
#3410 = CARTESIAN_POINT('',(1.817341771924,-16.38057286782,
    9.765964284594));
#3411 = CARTESIAN_POINT('',(1.746297841143,-16.461087896,9.632730176319)
  );
#3412 = CARTESIAN_POINT('',(1.726953761446,-16.48276899151,
    9.598372362946));
#3413 = CARTESIAN_POINT('',(1.706995641446,-16.50487912723,
    9.564724847006));
#3414 = CARTESIAN_POINT('',(1.686440577141,-16.52736334543,
    9.531768899995));
#3415 = CARTESIAN_POINT('',(1.665301580685,-16.55016869959,
    9.499485329813));
#3416 = CARTESIAN_POINT('',(1.6435883773,-16.57324702776,9.467856198579)
  );
#3417 = CARTESIAN_POINT('',(1.621307203709,-16.59655462179,
    9.436864668541));
#3418 = CARTESIAN_POINT('',(1.573803755628,-16.64540239331,
    9.373717537273));
#3419 = CARTESIAN_POINT('',(1.548489716182,-16.67097209511,
    9.341665837026));
#3420 = CARTESIAN_POINT('',(1.522519978345,-16.6967050519,9.310316498595
    ));
#3421 = CARTESIAN_POINT('',(1.495893780106,-16.72255043673,
    9.279651253925));
#3422 = CARTESIAN_POINT('',(1.468607055042,-16.74845920012,
    9.249654800861));
#3423 = CARTESIAN_POINT('',(1.440652378462,-16.77438382825,
    9.220314660381));
#3424 = CARTESIAN_POINT('',(1.412018913553,-16.80027810113,
    9.191621033824));
#3425 = CARTESIAN_POINT('',(1.355813352068,-16.84976080615,
    9.137853662568));
#3426 = CARTESIAN_POINT('',(1.327776036045,-16.87386835933,9.11212675567
    ));
#3427 = CARTESIAN_POINT('',(1.298499111418,-16.89840383438,
    9.086394759949));
#3428 = CARTESIAN_POINT('',(1.267876305669,-16.92335820627,
    9.060657920223));
#3429 = CARTESIAN_POINT('',(1.235773397156,-16.94872833772,
    9.034910402413));
#3430 = CARTESIAN_POINT('',(1.202021719772,-16.9745137638,9.009144681361
    ));
#3431 = CARTESIAN_POINT('',(1.16640814692,-17.00071102418,8.983357819663
    ));
#3432 = CARTESIAN_POINT('',(1.094385255585,-17.05145505259,
    8.934133252222));
#3433 = CARTESIAN_POINT('',(1.058224786473,-17.07601783336,
    8.910613111228));
#3434 = CARTESIAN_POINT('',(1.020092351165,-17.10089941611,
    8.887096161745));
#3435 = CARTESIAN_POINT('',(0.979754378119,-17.12606628657,
    8.863606300051));
#3436 = CARTESIAN_POINT('',(0.936799523039,-17.15156520383,
    8.840096353584));
#3437 = CARTESIAN_POINT('',(0.890598564221,-17.17749530963,
    8.816487361798));
#3438 = CARTESIAN_POINT('',(0.840256190765,-17.20393302847,
    8.792745155758));
#3439 = CARTESIAN_POINT('',(0.741340739026,-17.25166107111,
    8.750567968289));
#3440 = CARTESIAN_POINT('',(0.697155619912,-17.27168754466,
    8.733096061703));
#3441 = CARTESIAN_POINT('',(0.652003328751,-17.29080306853,
    8.716637928752));
#3442 = CARTESIAN_POINT('',(0.605899591944,-17.30891274125,
    8.701254605428));
#3443 = CARTESIAN_POINT('',(0.558871859823,-17.32591287068,
    8.687008751701));
#3444 = CARTESIAN_POINT('',(0.510959306657,-17.34169097397,
    8.673964651514));
#3445 = CARTESIAN_POINT('',(0.46221283065,-17.35612577762,8.662188212784
    ));
#3446 = CARTESIAN_POINT('',(0.3173383545,-17.394047145,8.631640194376));
#3447 = CARTESIAN_POINT('',(0.218675967575,-17.41394638707,
    8.616381541507));
#3448 = CARTESIAN_POINT('',(0.117748945537,-17.42703208076,
    8.606632837745));
#3449 = CARTESIAN_POINT('',(1.561196283225E-02,-17.43223101452,
    8.602800316672));
#3450 = CARTESIAN_POINT('',(-8.666668402053E-02,-17.42914962819,
    8.605034616502));
#3451 = CARTESIAN_POINT('',(-0.188005076432,-17.41807401291,
    8.613230780084));
#3452 = CARTESIAN_POINT('',(-0.287307673743,-17.39996991119,8.6270282549
    ));
#3453 = CARTESIAN_POINT('',(-0.443411283866,-17.36184048282,
    8.657520243277));
#3454 = CARTESIAN_POINT('',(-0.502288278424,-17.3449893023,
    8.671198426398));
#3455 = CARTESIAN_POINT('',(-0.55998018676,-17.32615983252,
    8.686727525021));
#3456 = CARTESIAN_POINT('',(-0.616394846384,-17.30556444191,
    8.70399315678));
#3457 = CARTESIAN_POINT('',(-0.671464042455,-17.28339721018,
    8.722884474357));
#3458 = CARTESIAN_POINT('',(-0.725143507776,-17.25983392828,
    8.743294165479));
#3459 = CARTESIAN_POINT('',(-0.777412922795,-17.23503209842,
    8.765118452919));
#3460 = CARTESIAN_POINT('',(-0.859880401875,-17.19303685566,
    8.802634637759));
#3461 = CARTESIAN_POINT('',(-0.890936326952,-17.17651900861,
    8.817519934164));
#3462 = CARTESIAN_POINT('',(-0.921443948223,-17.15960832198,
    8.832889877862));
#3463 = CARTESIAN_POINT('',(-0.951406544598,-17.14233425661,
    8.848724500286));
#3464 = CARTESIAN_POINT('',(-0.98083041651,-17.12472480511,
    8.865006970143));
#3465 = CARTESIAN_POINT('',(-1.009724885922,-17.10680649185,
    8.881723593418));
#3466 = CARTESIAN_POINT('',(-1.038102296318,-17.08860437299,
    8.89886381337));
#3467 = CARTESIAN_POINT('',(-1.111340054674,-17.0400983499,
    8.944989665533));
#3468 = CARTESIAN_POINT('',(-1.155362529417,-17.00936957449,
    8.974655834978));
#3469 = CARTESIAN_POINT('',(-1.19809504589,-16.97805986244,9.00538098471
    ));
#3470 = CARTESIAN_POINT('',(-1.239583037052,-16.94626998606,
    9.037138063531));
#3471 = CARTESIAN_POINT('',(-1.279867770084,-16.91409772853,
    9.069910838339));
#3472 = CARTESIAN_POINT('',(-1.318986356599,-16.88163827475,
    9.103694029257));
#3473 = CARTESIAN_POINT('',(-1.356971762855,-16.84898460213,
    9.138493444761));
#3474 = CARTESIAN_POINT('',(-1.424465481412,-16.78903855567,
    9.204068579326));
#3475 = CARTESIAN_POINT('',(-1.454314869893,-16.76178040964,
    9.23452062067));
#3476 = CARTESIAN_POINT('',(-1.48341706293,-16.73450597846,
    9.265691828998));
#3477 = CARTESIAN_POINT('',(-1.511783737043,-16.70726931453,
    9.297594744248));
#3478 = CARTESIAN_POINT('',(-1.539422234569,-16.68012628966,
    9.330245041481));
#3479 = CARTESIAN_POINT('',(-1.566335630485,-16.65313490726,
    9.363661714218));
#3480 = CARTESIAN_POINT('',(-1.592522799222,-16.62635561447,
    9.397867257772));
#3481 = CARTESIAN_POINT('',(-1.638413503776,-16.57857503535,
    9.461001286268));
#3482 = CARTESIAN_POINT('',(-1.658376160201,-16.55747648343,
    9.48963868207));
#3483 = CARTESIAN_POINT('',(-1.677863960837,-16.53659025987,
    9.518814000028));
#3484 = CARTESIAN_POINT('',(-1.696870580158,-16.51594854549,
    9.548539769077));
#3485 = CARTESIAN_POINT('',(-1.715388056902,-16.49559022752,
    9.578830292879));
#3486 = CARTESIAN_POINT('',(-1.733405918776,-16.47555702368,
    9.60970036859));
#3487 = CARTESIAN_POINT('',(-1.75090980516,-16.45588800369,
    9.641162911798));
#3488 = CARTESIAN_POINT('',(-1.79744631873,-16.40306694464,
    9.729084613338));
#3489 = CARTESIAN_POINT('',(-1.825391348402,-16.37074687578,
    9.786758916248));
#3490 = CARTESIAN_POINT('',(-1.851636778902,-16.33987464426,
    9.846330975641));
#3491 = CARTESIAN_POINT('',(-1.876062935778,-16.31070583558,
    9.907851116901));
#3492 = CARTESIAN_POINT('',(-1.89851588542,-16.2835383187,9.971336740146
    ));
#3493 = CARTESIAN_POINT('',(-1.918815461265,-16.25870233734,
    10.036763342745));
#3494 = CARTESIAN_POINT('',(-1.936766372024,-16.23654275185,
    10.104050628981));
#3495 = CARTESIAN_POINT('',(-1.963810715418,-16.20292726939,
    10.225163836637));
#3496 = CARTESIAN_POINT('',(-1.973997353102,-16.19017826088,
    10.278259884078));
#3497 = CARTESIAN_POINT('',(-1.982639637819,-16.1793003059,
    10.332228795923));
#3498 = CARTESIAN_POINT('',(-1.989652449259,-16.17043475286,
    10.386945309218));
#3499 = CARTESIAN_POINT('',(-1.99496251695,-16.16370205274,
    10.442260080815));
#3500 = CARTESIAN_POINT('',(-1.998514084612,-16.15919240394,
    10.497997644034));
#3501 = CARTESIAN_POINT('',(-2.000275935876,-16.15695538809,
    10.553954192489));
#3502 = CARTESIAN_POINT('',(-2.000224188632,-16.15702109222,
    10.664634692878));
#3503 = CARTESIAN_POINT('',(-1.998486560254,-16.15922735586,
    10.719383563627));
#3504 = CARTESIAN_POINT('',(-1.9950359242,-16.16360864123,
    10.773922754663));
#3505 = CARTESIAN_POINT('',(-1.989901354834,-16.17011873736,
    10.828061250365));
#3506 = CARTESIAN_POINT('',(-1.983134487144,-16.17867411487,
    10.881633916728));
#3507 = CARTESIAN_POINT('',(-1.974803233856,-16.18916319111,
    10.934499503532));
#3508 = CARTESIAN_POINT('',(-1.964986705443,-16.201454714,
    10.986538800092));
#3509 = CARTESIAN_POINT('',(-1.938529137164,-16.23436469143,
    11.107119367366));
#3510 = CARTESIAN_POINT('',(-1.920702624988,-16.25638907938,
    11.174879051694));
#3511 = CARTESIAN_POINT('',(-1.900490672151,-16.28114080127,
    11.240768317991));
#3512 = CARTESIAN_POINT('',(-1.878092364664,-16.3082691787,
    11.304701216766));
#3513 = CARTESIAN_POINT('',(-1.853691970802,-16.33743748426,
    11.366649885396));
#3514 = CARTESIAN_POINT('',(-1.827447226174,-16.36834167428,
    11.426630046909));
#3515 = CARTESIAN_POINT('',(-1.799480931978,-16.40072085268,
    11.484691650748));
#3516 = CARTESIAN_POINT('',(-1.75140961739,-16.45534165215,
    11.57598392452));
#3517 = CARTESIAN_POINT('',(-1.732308325985,-16.47681015511,
    11.610332855499));
#3518 = CARTESIAN_POINT('',(-1.712595084387,-16.49871258091,
    11.643975688647));
#3519 = CARTESIAN_POINT('',(-1.692288212072,-16.52099741965,
    11.676929764322));
#3520 = CARTESIAN_POINT('',(-1.67140101133,-16.54361096985,
    11.709214187323));
#3521 = CARTESIAN_POINT('',(-1.649943307161,-16.56650361855,
    11.740847230271));
#3522 = CARTESIAN_POINT('',(-1.627922252557,-16.58963382215,
    11.771845273331));
#3523 = CARTESIAN_POINT('',(-1.580990673924,-16.63810732674,
    11.83498386098));
#3524 = CARTESIAN_POINT('',(-1.555990254971,-16.66348129157,
    11.867022235933));
#3525 = CARTESIAN_POINT('',(-1.530341800173,-16.68902759944,
    11.898362538717));
#3526 = CARTESIAN_POINT('',(-1.504045249495,-16.71469589218,
    11.929023126859));
#3527 = CARTESIAN_POINT('',(-1.477097254639,-16.74043764675,
    11.959019518083));
#3528 = CARTESIAN_POINT('',(-1.449491127667,-16.76620594047,
    11.988364529399));
#3529 = CARTESIAN_POINT('',(-1.421216789614,-16.79195521617,
    12.017068416191));
#3530 = CARTESIAN_POINT('',(-1.35759654365,-16.84839032201,
    12.078743157779));
#3531 = CARTESIAN_POINT('',(-1.321957928911,-16.87904637555,
    12.111437287895));
#3532 = CARTESIAN_POINT('',(-1.285321158303,-16.9095335002,
    12.143235035633));
#3533 = CARTESIAN_POINT('',(-1.247659208053,-16.93977469692,
    12.174141405625));
#3534 = CARTESIAN_POINT('',(-1.208941722945,-16.96969137314,
    12.204152879544));
#3535 = CARTESIAN_POINT('',(-1.169134992052,-16.9992030404,
    12.233257522502));
#3536 = CARTESIAN_POINT('',(-1.128201924471,-17.02822701196,
    12.261435089441));
#3537 = CARTESIAN_POINT('',(-1.042799314132,-17.0859420483,12.3166569186
    ));
#3538 = CARTESIAN_POINT('',(-0.99594675554,-17.11616468698,
    12.345143102679));
#3539 = CARTESIAN_POINT('',(-0.945869868709,-17.14672910973,
    12.3735038571));
#3540 = CARTESIAN_POINT('',(-0.892399408249,-17.1774242992,
    12.401539926894));
#3541 = CARTESIAN_POINT('',(-0.834073241734,-17.20867624546,
    12.429734675186));
#3542 = CARTESIAN_POINT('',(-0.769072097818,-17.24080891073,
    12.45819332357));
#3543 = CARTESIAN_POINT('',(-0.693867238814,-17.27455796019,
    12.487452034556));
#3544 = CARTESIAN_POINT('',(-0.48179318941,-17.35387367561,
    12.554440705191));
#3545 = CARTESIAN_POINT('',(-0.353665726204,-17.39206083703,
    12.585342358269));
#3546 = CARTESIAN_POINT('',(-0.219212993589,-17.42006194111,
    12.607192459235));
#3547 = CARTESIAN_POINT('',(-8.175422155139E-02,-17.43731424543,
    12.618473364689));
#3548 = CARTESIAN_POINT('',(5.684233452863E-02,-17.43809679102,
    12.618609688476));
#3549 = CARTESIAN_POINT('',(0.194807411108,-17.42079923608,
    12.607693486049));
#3550 = CARTESIAN_POINT('',(0.328686691136,-17.39377680162,
    12.586327376058));
#3551 = CARTESIAN_POINT('',(0.526762249397,-17.33685997419,
    12.539982344095));
#3552 = CARTESIAN_POINT('',(0.596088983489,-17.3135137934,12.52063769563
    ));
#3553 = CARTESIAN_POINT('',(0.663544501206,-17.28761669741,
    12.49875949557));
#3554 = CARTESIAN_POINT('',(0.728984836026,-17.2595147468,
    12.474573824661));
#3555 = CARTESIAN_POINT('',(0.792386230766,-17.22951658427,
    12.448250408475));
#3556 = CARTESIAN_POINT('',(0.916230356484,-17.16566052017,
    12.391142237586));
#3557 = CARTESIAN_POINT('',(1.031389181238,-17.09604597933,
    12.326873171745));
#3558 = CARTESIAN_POINT('',(1.138784764072,-17.02222398401,
    12.256111003682));
#3559 = CARTESIAN_POINT('',(1.191051540852,-16.98409299603,
    12.218838046841));
#3560 = CARTESIAN_POINT('',(1.241477601291,-16.94526902317,
    12.180044331844));
#3561 = CARTESIAN_POINT('',(1.29013524543,-16.90592722913,
    12.139752593345));
#3562 = CARTESIAN_POINT('',(1.337089763653,-16.86623549487,
    12.09795997558));
#3563 = CARTESIAN_POINT('',(1.427305227841,-16.7868294047,
    12.011693222495));
#3564 = CARTESIAN_POINT('',(1.470582294332,-16.74712976393,
    11.967258398615));
#3565 = CARTESIAN_POINT('',(1.512287614556,-16.70741372336,
    11.921299713506));
#3566 = CARTESIAN_POINT('',(1.552455048238,-16.66784679637,
    11.873773543049));
#3567 = CARTESIAN_POINT('',(1.591097263725,-16.62860515983,
    11.824624799391));
#3568 = CARTESIAN_POINT('',(1.628207169822,-16.58987756338,
    11.773786706623));
#3569 = CARTESIAN_POINT('',(1.663757414702,-16.5518673226,11.72117887821
    ));
#3570 = CARTESIAN_POINT('',(1.725143778733,-16.48481557948,
    11.622652642727));
#3571 = CARTESIAN_POINT('',(1.751529147822,-16.45545668084,
    11.577393229307));
#3572 = CARTESIAN_POINT('',(1.776832268995,-16.426841503,11.530868485391
    ));
#3573 = CARTESIAN_POINT('',(1.801002975356,-16.3990806375,
    11.483044435657));
#3574 = CARTESIAN_POINT('',(1.823981019771,-16.37231452546,
    11.433887374678));
#3575 = CARTESIAN_POINT('',(1.845694601991,-16.34670515884,
    11.383369122155));
#3576 = CARTESIAN_POINT('',(1.866055614474,-16.32241843296,
    11.331477570456));
#3577 = CARTESIAN_POINT('',(1.911795613659,-16.26732656624,
    11.202649090477));
#3578 = CARTESIAN_POINT('',(1.935741286066,-16.23800706002,
    11.124227798017));
#3579 = CARTESIAN_POINT('',(1.956471206503,-16.21226739295,
    11.043050039428));
#3580 = CARTESIAN_POINT('',(1.973624012917,-16.19073399933,
    10.959337322381));
#3581 = CARTESIAN_POINT('',(1.986834056764,-16.17402376512,
    10.873447350053));
#3582 = CARTESIAN_POINT('',(1.995778737259,-16.16266495791,
    10.785901075167));
#3583 = CARTESIAN_POINT('',(2.00025,-16.1569883192,10.697418039664));
#3584 = CARTESIAN_POINT('',(2.00025,-16.1569883192,10.60896));
#3585 = PCURVE('',#368,#3586);
#3586 = DEFINITIONAL_REPRESENTATION('',(#3587),#3833);
#3587 = B_SPLINE_CURVE_WITH_KNOTS('',3,(#3588,#3589,#3590,#3591,#3592,
    #3593,#3594,#3595,#3596,#3597,#3598,#3599,#3600,#3601,#3602,#3603,
    #3604,#3605,#3606,#3607,#3608,#3609,#3610,#3611,#3612,#3613,#3614,
    #3615,#3616,#3617,#3618,#3619,#3620,#3621,#3622,#3623,#3624,#3625,
    #3626,#3627,#3628,#3629,#3630,#3631,#3632,#3633,#3634,#3635,#3636,
    #3637,#3638,#3639,#3640,#3641,#3642,#3643,#3644,#3645,#3646,#3647,
    #3648,#3649,#3650,#3651,#3652,#3653,#3654,#3655,#3656,#3657,#3658,
    #3659,#3660,#3661,#3662,#3663,#3664,#3665,#3666,#3667,#3668,#3669,
    #3670,#3671,#3672,#3673,#3674,#3675,#3676,#3677,#3678,#3679,#3680,
    #3681,#3682,#3683,#3684,#3685,#3686,#3687,#3688,#3689,#3690,#3691,
    #3692,#3693,#3694,#3695,#3696,#3697,#3698,#3699,#3700,#3701,#3702,
    #3703,#3704,#3705,#3706,#3707,#3708,#3709,#3710,#3711,#3712,#3713,
    #3714,#3715,#3716,#3717,#3718,#3719,#3720,#3721,#3722,#3723,#3724,
    #3725,#3726,#3727,#3728,#3729,#3730,#3731,#3732,#3733,#3734,#3735,
    #3736,#3737,#3738,#3739,#3740,#3741,#3742,#3743,#3744,#3745,#3746,
    #3747,#3748,#3749,#3750,#3751,#3752,#3753,#3754,#3755,#3756,#3757,
    #3758,#3759,#3760,#3761,#3762,#3763,#3764,#3765,#3766,#3767,#3768,
    #3769,#3770,#3771,#3772,#3773,#3774,#3775,#3776,#3777,#3778,#3779,
    #3780,#3781,#3782,#3783,#3784,#3785,#3786,#3787,#3788,#3789,#3790,
    #3791,#3792,#3793,#3794,#3795,#3796,#3797,#3798,#3799,#3800,#3801,
    #3802,#3803,#3804,#3805,#3806,#3807,#3808,#3809,#3810,#3811,#3812,
    #3813,#3814,#3815,#3816,#3817,#3818,#3819,#3820,#3821,#3822,#3823,
    #3824,#3825,#3826,#3827,#3828,#3829,#3830,#3831,#3832),
  .UNSPECIFIED.,.T.,.F.,(4,1,1,1,1,1,1,1,1,1,1,1,1,1,1,1,1,1,1,1,1,1,1,1
    ,1,1,1,1,1,1,1,1,1,1,1,1,1,1,1,1,1,1,1,1,1,1,1,1,1,1,1,1,1,1,1,1,1,1
    ,1,1,1,1,1,1,1,1,1,1,1,1,1,1,1,1,1,1,1,1,1,1,1,1,1,1,1,1,1,1,1,1,1,1
    ,1,1,1,1,1,1,1,1,1,1,1,1,1,1,1,1,1,1,1,1,1,1,1,1,1,1,1,1,1,1,1,1,1,1
    ,1,1,1,1,1,1,1,1,1,1,1,1,1,1,1,1,1,1,1,1,1,1,1,1,1,1,1,1,1,1,1,1,1,1
    ,1,1,1,1,1,1,1,1,1,1,1,1,1,1,1,1,1,1,1,1,1,1,1,1,1,1,1,1,1,1,1,1,1,1
    ,1,1,1,1,1,1,1,1,1,1,1,1,1,1,1,1,1,1,1,1,1,1,1,1,1,1,1,1,1,1,1,1,1,1
    ,1,1,1,1,1,1,1,1,1,1,1,1,1,1,4),(0.,4.624664479102E-03,
    9.249328958204E-03,1.387399343731E-02,1.849865791641E-02,
    2.312332239551E-02,2.774798687461E-02,3.237265135371E-02,
    3.699731583281E-02,4.162198031192E-02,4.624664479102E-02,
    5.087130927012E-02,5.549597374922E-02,6.012063822832E-02,
    6.474530270743E-02,6.936996718653E-02,7.399463166563E-02,
    7.861929614473E-02,8.324396062383E-02,8.786862510294E-02,
    9.249328958204E-02,9.711795406114E-02,0.10174261854,0.106367283019,
    0.110991947498,0.115616611978,0.120241276457,0.124865940936,
    0.129490605415,0.134115269894,0.138739934373,0.143364598852,
    0.147989263331,0.15261392781,0.157238592289,0.161863256769,
    0.166487921248,0.171112585727,0.175737250206,0.180361914685,
    0.184986579164,0.189611243643,0.194235908122,0.198860572601,
    0.20348523708,0.20810990156,0.212734566039,0.217359230518,
    0.221983894997,0.226608559476,0.231233223955,0.235857888434,
    0.240482552913,0.245107217392,0.249731881871,0.254356546351,
    0.25898121083,0.263605875309,0.268230539788,0.272855204267,
    0.277479868746,0.282104533225,0.286729197704,0.291353862183,
    0.295978526663,0.300603191142,0.305227855621,0.3098525201,
    0.314477184579,0.319101849058,0.323726513537,0.328351178016,
    0.332975842495,0.337600506974,0.342225171454,0.346849835933,
    0.351474500412,0.356099164891,0.36072382937,0.365348493849,
    0.369973158328,0.374597822807,0.379222487286,0.383847151765,
    0.388471816245,0.393096480724,0.397721145203,0.402345809682,
    0.406970474161,0.41159513864,0.416219803119,0.420844467598,
    0.425469132077,0.430093796556,0.434718461036,0.439343125515,
    0.443967789994,0.448592454473,0.453217118952,0.457841783431,
    0.46246644791,0.467091112389,0.471715776868,0.476340441347,
    0.480965105827,0.485589770306,0.490214434785,0.494839099264,
    0.499463763743,0.504088428222,0.508713092701,0.51333775718,
    0.517962421659,0.522587086139,0.527211750618,0.531836415097,
    0.536461079576,0.541085744055,0.545710408534,0.550335073013,
    0.554959737492,0.559584401971,0.56420906645,0.56883373093,
    0.573458395409,0.578083059888,0.582707724367,0.587332388846,
    0.591957053325,0.596581717804,0.601206382283,0.605831046762,
    0.610455711241,0.615080375721,0.6197050402,0.624329704679,
    0.628954369158,0.633579033637,0.638203698116,0.642828362595,
    0.647453027074,0.652077691553,0.656702356032,0.661327020512,
    0.665951684991,0.67057634947,0.675201013949,0.679825678428,
    0.684450342907,0.689075007386,0.693699671865,0.698324336344,
    0.702949000823,0.707573665303,0.712198329782,0.716822994261,
    0.72144765874,0.726072323219,0.730696987698,0.735321652177,
    0.739946316656,0.744570981135,0.749195645614,0.753820310094,
    0.758444974573,0.763069639052,0.767694303531,0.77231896801,
    0.776943632489,0.781568296968,0.786192961447,0.790817625926,
    0.795442290406,0.800066954885,0.804691619364,0.809316283843,
    0.813940948322,0.818565612801,0.82319027728,0.827814941759,
    0.832439606238,0.837064270717,0.841688935197,0.846313599676,
    0.850938264155,0.855562928634,0.860187593113,0.864812257592,
    0.869436922071,0.87406158655,0.878686251029,0.883310915508,
    0.887935579988,0.892560244467,0.897184908946,0.901809573425,
    0.906434237904,0.911058902383,0.915683566862,0.920308231341,
    0.92493289582,0.929557560299,0.934182224779,0.938806889258,
    0.943431553737,0.948056218216,0.952680882695,0.957305547174,
    0.961930211653,0.966554876132,0.971179540611,0.97580420509,
    0.98042886957,0.985053534049,0.989678198528,0.994302863007,
    0.998927527486,1.003552191965,1.008176856444,1.012801520923,
    1.017426185402,1.022050849882,1.026675514361,1.03130017884,
    1.035924843319,1.040549507798,1.045174172277,1.049798836756,
    1.054423501235,1.059048165714,1.063672830193,1.068297494673,
    1.072922159152,1.077546823631,1.08217148811,1.086796152589,
    1.091420817068,1.096045481547,1.100670146026,1.105294810505,
    1.109919474984,1.114544139464,1.119168803943),
  .QUASI_UNIFORM_KNOTS.);
#3588 = CARTESIAN_POINT('',(91.743304375321,-8.54496));
#3589 = CARTESIAN_POINT('',(91.743304654743,-8.533245077534));
#3590 = CARTESIAN_POINT('',(91.742973839011,-8.50982247143));
#3591 = CARTESIAN_POINT('',(91.741490723469,-8.474743558547));
#3592 = CARTESIAN_POINT('',(91.73902671152,-8.439753875874));
#3593 = CARTESIAN_POINT('',(91.735592125571,-8.40488431782));
#3594 = CARTESIAN_POINT('',(91.731199709116,-8.370163748136));
#3595 = CARTESIAN_POINT('',(91.725864744774,-8.335618799223));
#3596 = CARTESIAN_POINT('',(91.719604651885,-8.301274067871));
#3597 = CARTESIAN_POINT('',(91.712438744732,-8.267152196996));
#3598 = CARTESIAN_POINT('',(91.704387968217,-8.233273980441));
#3599 = CARTESIAN_POINT('',(91.695474659395,-8.199658454414));
#3600 = CARTESIAN_POINT('',(91.685722321186,-8.166322985608));
#3601 = CARTESIAN_POINT('',(91.675155411226,-8.133283353606));
#3602 = CARTESIAN_POINT('',(91.663799144301,-8.100553828503));
#3603 = CARTESIAN_POINT('',(91.651679308028,-8.068147243794));
#3604 = CARTESIAN_POINT('',(91.638822091058,-8.036075064797));
#3605 = CARTESIAN_POINT('',(91.625253923159,-8.004347452842));
#3606 = CARTESIAN_POINT('',(91.611001326497,-7.972973325446));
#3607 = CARTESIAN_POINT('',(91.596090777395,-7.941960412715));
#3608 = CARTESIAN_POINT('',(91.580548577838,-7.911315310192));
#3609 = CARTESIAN_POINT('',(91.564400735982,-7.881043528408));
#3610 = CARTESIAN_POINT('',(91.547672854835,-7.851149539279));
#3611 = CARTESIAN_POINT('',(91.530390028538,-7.821636819876));
#3612 = CARTESIAN_POINT('',(91.51257674462,-7.792507892749));
#3613 = CARTESIAN_POINT('',(91.494256794453,-7.763764366881));
#3614 = CARTESIAN_POINT('',(91.475453179682,-7.735406965199));
#3615 = CARTESIAN_POINT('',(91.456188056345,-7.707435592246));
#3616 = CARTESIAN_POINT('',(91.436482556944,-7.679849243027));
#3617 = CARTESIAN_POINT('',(91.416357082595,-7.652646496788));
#3618 = CARTESIAN_POINT('',(91.395829851348,-7.625823821032));
#3619 = CARTESIAN_POINT('',(91.374921960951,-7.59938204219));
#3620 = CARTESIAN_POINT('',(91.353637007057,-7.573300884584));
#3621 = CARTESIAN_POINT('',(91.331984526441,-7.547570587979));
#3622 = CARTESIAN_POINT('',(91.309979288041,-7.522187866055));
#3623 = CARTESIAN_POINT('',(91.287633839943,-7.497147398847));
#3624 = CARTESIAN_POINT('',(91.264960507385,-7.472444254208));
#3625 = CARTESIAN_POINT('',(91.241970859673,-7.448073348612));
#3626 = CARTESIAN_POINT('',(91.2186757855,-7.424029667581));
#3627 = CARTESIAN_POINT('',(91.195085437989,-7.400308254298));
#3628 = CARTESIAN_POINT('',(91.17120923133,-7.376904211849));
#3629 = CARTESIAN_POINT('',(91.147055894593,-7.353812728783));
#3630 = CARTESIAN_POINT('',(91.122633371026,-7.331028843763));
#3631 = CARTESIAN_POINT('',(91.097949981286,-7.30854872048));
#3632 = CARTESIAN_POINT('',(91.073012585024,-7.286367862018));
#3633 = CARTESIAN_POINT('',(91.047827757804,-7.264482164728));
#3634 = CARTESIAN_POINT('',(91.02240162955,-7.242887777984));
#3635 = CARTESIAN_POINT('',(90.996739969855,-7.221581161294));
#3636 = CARTESIAN_POINT('',(90.970848039,-7.200558967573));
#3637 = CARTESIAN_POINT('',(90.94473112806,-7.179818424404));
#3638 = CARTESIAN_POINT('',(90.918392575818,-7.159355897211));
#3639 = CARTESIAN_POINT('',(90.891841188281,-7.139172226766));
#3640 = CARTESIAN_POINT('',(90.865063570108,-7.119252787477));
#3641 = CARTESIAN_POINT('',(90.838127405074,-7.099641888194));
#3642 = CARTESIAN_POINT('',(90.810796027982,-7.080165082174));
#3643 = CARTESIAN_POINT('',(90.782803510988,-7.060645540563));
#3644 = CARTESIAN_POINT('',(90.754195161831,-7.041132101679));
#3645 = CARTESIAN_POINT('',(90.724928414918,-7.021612014872));
#3646 = CARTESIAN_POINT('',(90.694979575307,-7.002088150856));
#3647 = CARTESIAN_POINT('',(90.664314977676,-6.982558581534));
#3648 = CARTESIAN_POINT('',(90.632898538578,-6.963022402373));
#3649 = CARTESIAN_POINT('',(90.600689187532,-6.94347838123));
#3650 = CARTESIAN_POINT('',(90.567642247916,-6.923926224983));
#3651 = CARTESIAN_POINT('',(90.533704992509,-6.90436471465));
#3652 = CARTESIAN_POINT('',(90.498831401987,-6.884799914894));
#3653 = CARTESIAN_POINT('',(90.462874801778,-6.86518829293));
#3654 = CARTESIAN_POINT('',(90.42581067689,-6.84556080048));
#3655 = CARTESIAN_POINT('',(90.387563517746,-6.825925481923));
#3656 = CARTESIAN_POINT('',(90.348025561387,-6.806281845485));
#3657 = CARTESIAN_POINT('',(90.307048277455,-6.786619852061));
#3658 = CARTESIAN_POINT('',(90.264448636942,-6.766927811477));
#3659 = CARTESIAN_POINT('',(90.219986625662,-6.747185876799));
#3660 = CARTESIAN_POINT('',(90.173438941426,-6.727414084389));
#3661 = CARTESIAN_POINT('',(90.124208100737,-6.707522458358));
#3662 = CARTESIAN_POINT('',(90.072789075053,-6.687904157076));
#3663 = CARTESIAN_POINT('',(90.021328085073,-6.669467741985));
#3664 = CARTESIAN_POINT('',(89.969268736217,-6.652045944535));
#3665 = CARTESIAN_POINT('',(89.916751274439,-6.635747746934));
#3666 = CARTESIAN_POINT('',(89.863734903663,-6.620609184634));
#3667 = CARTESIAN_POINT('',(89.810234447006,-6.606687199646));
#3668 = CARTESIAN_POINT('',(89.756251120299,-6.59403342479));
#3669 = CARTESIAN_POINT('',(89.701812413689,-6.582705193385));
#3670 = CARTESIAN_POINT('',(89.646805436611,-6.572732972846));
#3671 = CARTESIAN_POINT('',(89.591347072953,-6.564187218787));
#3672 = CARTESIAN_POINT('',(89.53551717575,-6.557122847599));
#3673 = CARTESIAN_POINT('',(89.479393195054,-6.551585950797));
#3674 = CARTESIAN_POINT('',(89.423045373902,-6.547611995976));
#3675 = CARTESIAN_POINT('',(89.366543127528,-6.545226308651));
#3676 = CARTESIAN_POINT('',(89.309958126075,-6.544443943918));
#3677 = CARTESIAN_POINT('',(89.253371020013,-6.545269717986));
#3678 = CARTESIAN_POINT('',(89.19686301888,-6.547698210394));
#3679 = CARTESIAN_POINT('',(89.140508221813,-6.551713723594));
#3680 = CARTESIAN_POINT('',(89.084379117382,-6.557290442411));
#3681 = CARTESIAN_POINT('',(89.028553580661,-6.564391836614));
#3682 = CARTESIAN_POINT('',(88.973106124262,-6.572972891189));
#3683 = CARTESIAN_POINT('',(88.91815897287,-6.582971782657));
#3684 = CARTESIAN_POINT('',(88.863701054701,-6.594342117866));
#3685 = CARTESIAN_POINT('',(88.809698577521,-6.607037267541));
#3686 = CARTESIAN_POINT('',(88.756177625596,-6.621000638118));
#3687 = CARTESIAN_POINT('',(88.703142685346,-6.636179495538));
#3688 = CARTESIAN_POINT('',(88.650598317272,-6.652521259944));
#3689 = CARTESIAN_POINT('',(88.598543333828,-6.669974503095));
#3690 = CARTESIAN_POINT('',(88.546972030416,-6.688488664001));
#3691 = CARTESIAN_POINT('',(88.495874798441,-6.708014188992));
#3692 = CARTESIAN_POINT('',(88.445234164459,-6.728502255789));
#3693 = CARTESIAN_POINT('',(88.395040932123,-6.749905827027));
#3694 = CARTESIAN_POINT('',(88.345266930875,-6.772183374698));
#3695 = CARTESIAN_POINT('',(88.295914484377,-6.795298833066));
#3696 = CARTESIAN_POINT('',(88.247003086234,-6.819221766095));
#3697 = CARTESIAN_POINT('',(88.198541138845,-6.843927262403));
#3698 = CARTESIAN_POINT('',(88.150532197824,-6.869396188009));
#3699 = CARTESIAN_POINT('',(88.102988845363,-6.895608406866));
#3700 = CARTESIAN_POINT('',(88.055916580919,-6.922550402866));
#3701 = CARTESIAN_POINT('',(88.009322950124,-6.950210655549));
#3702 = CARTESIAN_POINT('',(87.963215761605,-6.978580595451));
#3703 = CARTESIAN_POINT('',(87.917603597807,-7.007654367169));
#3704 = CARTESIAN_POINT('',(87.872495711086,-7.037428912996));
#3705 = CARTESIAN_POINT('',(87.827902086664,-7.067903966604));
#3706 = CARTESIAN_POINT('',(87.783833456259,-7.099082085941));
#3707 = CARTESIAN_POINT('',(87.740301346734,-7.130968619226));
#3708 = CARTESIAN_POINT('',(87.697322334112,-7.163568915638));
#3709 = CARTESIAN_POINT('',(87.654911505915,-7.196892955907));
#3710 = CARTESIAN_POINT('',(87.613087446663,-7.230951806758));
#3711 = CARTESIAN_POINT('',(87.571871293714,-7.265758398075));
#3712 = CARTESIAN_POINT('',(87.53128700729,-7.301327424486));
#3713 = CARTESIAN_POINT('',(87.491361540014,-7.337675276139));
#3714 = CARTESIAN_POINT('',(87.452124212413,-7.374820728299));
#3715 = CARTESIAN_POINT('',(87.413609527749,-7.412782411636));
#3716 = CARTESIAN_POINT('',(87.375855413103,-7.451580766561));
#3717 = CARTESIAN_POINT('',(87.338903809873,-7.491236890766));
#3718 = CARTESIAN_POINT('',(87.302802186096,-7.531772281979));
#3719 = CARTESIAN_POINT('',(87.267602855625,-7.573207853151));
#3720 = CARTESIAN_POINT('',(87.233361352932,-7.615564828451));
#3721 = CARTESIAN_POINT('',(87.200142603093,-7.658856075699));
#3722 = CARTESIAN_POINT('',(87.168012420766,-7.703100533796));
#3723 = CARTESIAN_POINT('',(87.137043112152,-7.74831480901));
#3724 = CARTESIAN_POINT('',(87.107315255574,-7.794510292199));
#3725 = CARTESIAN_POINT('',(87.078916536727,-7.841693424542));
#3726 = CARTESIAN_POINT('',(87.051941217344,-7.889865017075));
#3727 = CARTESIAN_POINT('',(87.026489265027,-7.939019755092));
#3728 = CARTESIAN_POINT('',(87.002665439669,-7.989145457872));
#3729 = CARTESIAN_POINT('',(86.980578112964,-8.040222680847));
#3730 = CARTESIAN_POINT('',(86.960338407191,-8.092222741263));
#3731 = CARTESIAN_POINT('',(86.942057522404,-8.145111256028));
#3732 = CARTESIAN_POINT('',(86.925851395489,-8.198826017713));
#3733 = CARTESIAN_POINT('',(86.911832809506,-8.253283309822));
#3734 = CARTESIAN_POINT('',(86.900103976659,-8.308391913181));
#3735 = CARTESIAN_POINT('',(86.890755415342,-8.364049217746));
#3736 = CARTESIAN_POINT('',(86.883863130158,-8.420141591434));
#3737 = CARTESIAN_POINT('',(86.879486042968,-8.476544083393));
#3738 = CARTESIAN_POINT('',(86.877663353163,-8.533118447039));
#3739 = CARTESIAN_POINT('',(86.878411205721,-8.589718464166));
#3740 = CARTESIAN_POINT('',(86.881723091351,-8.646211056422));
#3741 = CARTESIAN_POINT('',(86.887569154218,-8.7024487592));
#3742 = CARTESIAN_POINT('',(86.895898388841,-8.758302669454));
#3743 = CARTESIAN_POINT('',(86.906641600344,-8.813653936198));
#3744 = CARTESIAN_POINT('',(86.919714010863,-8.868395400227));
#3745 = CARTESIAN_POINT('',(86.935017842424,-8.922430702683));
#3746 = CARTESIAN_POINT('',(86.952444600144,-8.975673455496));
#3747 = CARTESIAN_POINT('',(86.971877792587,-9.028048786919));
#3748 = CARTESIAN_POINT('',(86.993205543195,-9.079516055924));
#3749 = CARTESIAN_POINT('',(87.016316214914,-9.130042978554));
#3750 = CARTESIAN_POINT('',(87.041100123769,-9.179606360949));
#3751 = CARTESIAN_POINT('',(87.067450759462,-9.22819082874));
#3752 = CARTESIAN_POINT('',(87.09526596079,-9.275788187023));
#3753 = CARTESIAN_POINT('',(87.124448938452,-9.322396721176));
#3754 = CARTESIAN_POINT('',(87.154909135472,-9.368020563297));
#3755 = CARTESIAN_POINT('',(87.186563083193,-9.412669314866));
#3756 = CARTESIAN_POINT('',(87.219334644386,-9.456357038437));
#3757 = CARTESIAN_POINT('',(87.253156934039,-9.49910397654));
#3758 = CARTESIAN_POINT('',(87.287962325367,-9.540922333739));
#3759 = CARTESIAN_POINT('',(87.32369300525,-9.58183179044));
#3760 = CARTESIAN_POINT('',(87.360294984345,-9.621853142132));
#3761 = CARTESIAN_POINT('',(87.397718849674,-9.661007808598));
#3762 = CARTESIAN_POINT('',(87.435919964353,-9.699316909539));
#3763 = CARTESIAN_POINT('',(87.474859303913,-9.736801409213));
#3764 = CARTESIAN_POINT('',(87.51450110468,-9.773481058048));
#3765 = CARTESIAN_POINT('',(87.554813281788,-9.809373908133));
#3766 = CARTESIAN_POINT('',(87.595768271819,-9.844497699326));
#3767 = CARTESIAN_POINT('',(87.63734088807,-9.87886783587));
#3768 = CARTESIAN_POINT('',(87.679508850824,-9.912498013006));
#3769 = CARTESIAN_POINT('',(87.722252469465,-9.945400039946));
#3770 = CARTESIAN_POINT('',(87.765555071792,-9.977584238069));
#3771 = CARTESIAN_POINT('',(87.809401309051,-10.00905834184));
#3772 = CARTESIAN_POINT('',(87.853776946993,-10.0398272449));
#3773 = CARTESIAN_POINT('',(87.89867126887,-10.06989494583));
#3774 = CARTESIAN_POINT('',(87.944074220697,-10.09926243308));
#3775 = CARTESIAN_POINT('',(87.98997457644,-10.12792697524));
#3776 = CARTESIAN_POINT('',(88.036369857544,-10.15588709702));
#3777 = CARTESIAN_POINT('',(88.083228328792,-10.1831234838));
#3778 = CARTESIAN_POINT('',(88.130630938731,-10.20967048571));
#3779 = CARTESIAN_POINT('',(88.178241408001,-10.23534929556));
#3780 = CARTESIAN_POINT('',(88.2283334246,-10.26131880839));
#3781 = CARTESIAN_POINT('',(88.280676722699,-10.28730894293));
#3782 = CARTESIAN_POINT('',(88.335457787788,-10.31327279422));
#3783 = CARTESIAN_POINT('',(88.393089736006,-10.33923199855));
#3784 = CARTESIAN_POINT('',(88.454288857415,-10.36526854402));
#3785 = CARTESIAN_POINT('',(88.520155131471,-10.39148396249));
#3786 = CARTESIAN_POINT('',(88.592072880281,-10.41791209232));
#3787 = CARTESIAN_POINT('',(88.67208119016,-10.4445933328));
#3788 = CARTESIAN_POINT('',(88.761890659365,-10.47090740205));
#3789 = CARTESIAN_POINT('',(88.8520387551,-10.49338819732));
#3790 = CARTESIAN_POINT('',(88.944098347489,-10.51231028766));
#3791 = CARTESIAN_POINT('',(89.037246529768,-10.52720541552));
#3792 = CARTESIAN_POINT('',(89.131291142594,-10.53788239686));
#3793 = CARTESIAN_POINT('',(89.22589958427,-10.54415965751));
#3794 = CARTESIAN_POINT('',(89.320814192904,-10.54593948553));
#3795 = CARTESIAN_POINT('',(89.415731564021,-10.54318995811));
#3796 = CARTESIAN_POINT('',(89.510346697439,-10.53595091164));
#3797 = CARTESIAN_POINT('',(89.60431294843,-10.52434180501));
#3798 = CARTESIAN_POINT('',(89.697233794303,-10.50855298918));
#3799 = CARTESIAN_POINT('',(89.788478080349,-10.48892576427));
#3800 = CARTESIAN_POINT('',(89.878235774184,-10.46570794835));
#3801 = CARTESIAN_POINT('',(89.966649622923,-10.43909996553));
#3802 = CARTESIAN_POINT('',(90.053681736785,-10.40936259671));
#3803 = CARTESIAN_POINT('',(90.139381182803,-10.37672880403));
#3804 = CARTESIAN_POINT('',(90.223794791462,-10.34142622857));
#3805 = CARTESIAN_POINT('',(90.30702022243,-10.30366847691));
#3806 = CARTESIAN_POINT('',(90.389017544017,-10.26362257442));
#3807 = CARTESIAN_POINT('',(90.469760125998,-10.22138998681));
#3808 = CARTESIAN_POINT('',(90.549207453471,-10.17706334244));
#3809 = CARTESIAN_POINT('',(90.627316598263,-10.13071033445));
#3810 = CARTESIAN_POINT('',(90.704048450079,-10.08237287845));
#3811 = CARTESIAN_POINT('',(90.779361289976,-10.03206979074));
#3812 = CARTESIAN_POINT('',(90.853215676272,-9.97979187799));
#3813 = CARTESIAN_POINT('',(90.925541106247,-9.925524800302));
#3814 = CARTESIAN_POINT('',(90.996268806226,-9.869225744268));
#3815 = CARTESIAN_POINT('',(91.065310337124,-9.810836332847));
#3816 = CARTESIAN_POINT('',(91.132551090986,-9.750287836333));
#3817 = CARTESIAN_POINT('',(91.197851356075,-9.687499633039));
#3818 = CARTESIAN_POINT('',(91.261045829083,-9.622377893067));
#3819 = CARTESIAN_POINT('',(91.32193904671,-9.554817394974));
#3820 = CARTESIAN_POINT('',(91.380282305134,-9.484726483236));
#3821 = CARTESIAN_POINT('',(91.435807307345,-9.412008365819));
#3822 = CARTESIAN_POINT('',(91.488188473014,-9.336591947596));
#3823 = CARTESIAN_POINT('',(91.537052743581,-9.258420767081));
#3824 = CARTESIAN_POINT('',(91.581980596788,-9.177468418086));
#3825 = CARTESIAN_POINT('',(91.622542134236,-9.093661084525));
#3826 = CARTESIAN_POINT('',(91.658174152045,-9.007162398735));
#3827 = CARTESIAN_POINT('',(91.688326454703,-8.918188903118));
#3828 = CARTESIAN_POINT('',(91.71246673078,-8.827041939651));
#3829 = CARTESIAN_POINT('',(91.730120348222,-8.73411312011));
#3830 = CARTESIAN_POINT('',(91.740883081074,-8.6398806604));
#3831 = CARTESIAN_POINT('',(91.743317663562,-8.576609896375));
#3832 = CARTESIAN_POINT('',(91.743304375321,-8.54496));
#3833 = ( GEOMETRIC_REPRESENTATION_CONTEXT(2) 
PARAMETRIC_REPRESENTATION_CONTEXT() REPRESENTATION_CONTEXT('2D SPACE',''
  ) );
#3834 = PCURVE('',#2353,#3835);
#3835 = DEFINITIONAL_REPRESENTATION('',(#3836),#4082);
#3836 = B_SPLINE_CURVE_WITH_KNOTS('',3,(#3837,#3838,#3839,#3840,#3841,
    #3842,#3843,#3844,#3845,#3846,#3847,#3848,#3849,#3850,#3851,#3852,
    #3853,#3854,#3855,#3856,#3857,#3858,#3859,#3860,#3861,#3862,#3863,
    #3864,#3865,#3866,#3867,#3868,#3869,#3870,#3871,#3872,#3873,#3874,
    #3875,#3876,#3877,#3878,#3879,#3880,#3881,#3882,#3883,#3884,#3885,
    #3886,#3887,#3888,#3889,#3890,#3891,#3892,#3893,#3894,#3895,#3896,
    #3897,#3898,#3899,#3900,#3901,#3902,#3903,#3904,#3905,#3906,#3907,
    #3908,#3909,#3910,#3911,#3912,#3913,#3914,#3915,#3916,#3917,#3918,
    #3919,#3920,#3921,#3922,#3923,#3924,#3925,#3926,#3927,#3928,#3929,
    #3930,#3931,#3932,#3933,#3934,#3935,#3936,#3937,#3938,#3939,#3940,
    #3941,#3942,#3943,#3944,#3945,#3946,#3947,#3948,#3949,#3950,#3951,
    #3952,#3953,#3954,#3955,#3956,#3957,#3958,#3959,#3960,#3961,#3962,
    #3963,#3964,#3965,#3966,#3967,#3968,#3969,#3970,#3971,#3972,#3973,
    #3974,#3975,#3976,#3977,#3978,#3979,#3980,#3981,#3982,#3983,#3984,
    #3985,#3986,#3987,#3988,#3989,#3990,#3991,#3992,#3993,#3994,#3995,
    #3996,#3997,#3998,#3999,#4000,#4001,#4002,#4003,#4004,#4005,#4006,
    #4007,#4008,#4009,#4010,#4011,#4012,#4013,#4014,#4015,#4016,#4017,
    #4018,#4019,#4020,#4021,#4022,#4023,#4024,#4025,#4026,#4027,#4028,
    #4029,#4030,#4031,#4032,#4033,#4034,#4035,#4036,#4037,#4038,#4039,
    #4040,#4041,#4042,#4043,#4044,#4045,#4046,#4047,#4048,#4049,#4050,
    #4051,#4052,#4053,#4054,#4055,#4056,#4057,#4058,#4059,#4060,#4061,
    #4062,#4063,#4064,#4065,#4066,#4067,#4068,#4069,#4070,#4071,#4072,
    #4073,#4074,#4075,#4076,#4077,#4078,#4079,#4080,#4081),
  .UNSPECIFIED.,.F.,.F.,(4,1,1,1,1,1,1,1,1,1,1,1,1,1,1,1,1,1,1,1,1,1,1,1
    ,1,1,1,1,1,1,1,1,1,1,1,1,1,1,1,1,1,1,1,1,1,1,1,1,1,1,1,1,1,1,1,1,1,1
    ,1,1,1,1,1,1,1,1,1,1,1,1,1,1,1,1,1,1,1,1,1,1,1,1,1,1,1,1,1,1,1,1,1,1
    ,1,1,1,1,1,1,1,1,1,1,1,1,1,1,1,1,1,1,1,1,1,1,1,1,1,1,1,1,1,1,1,1,1,1
    ,1,1,1,1,1,1,1,1,1,1,1,1,1,1,1,1,1,1,1,1,1,1,1,1,1,1,1,1,1,1,1,1,1,1
    ,1,1,1,1,1,1,1,1,1,1,1,1,1,1,1,1,1,1,1,1,1,1,1,1,1,1,1,1,1,1,1,1,1,1
    ,1,1,1,1,1,1,1,1,1,1,1,1,1,1,1,1,1,1,1,1,1,1,1,1,1,1,1,1,1,1,1,1,1,1
    ,1,1,1,1,1,1,1,1,1,1,1,1,1,1,4),(0.,4.624664479102E-03,
    9.249328958204E-03,1.387399343731E-02,1.849865791641E-02,
    2.312332239551E-02,2.774798687461E-02,3.237265135371E-02,
    3.699731583281E-02,4.162198031192E-02,4.624664479102E-02,
    5.087130927012E-02,5.549597374922E-02,6.012063822832E-02,
    6.474530270743E-02,6.936996718653E-02,7.399463166563E-02,
    7.861929614473E-02,8.324396062383E-02,8.786862510294E-02,
    9.249328958204E-02,9.711795406114E-02,0.10174261854,0.106367283019,
    0.110991947498,0.115616611978,0.120241276457,0.124865940936,
    0.129490605415,0.134115269894,0.138739934373,0.143364598852,
    0.147989263331,0.15261392781,0.157238592289,0.161863256769,
    0.166487921248,0.171112585727,0.175737250206,0.180361914685,
    0.184986579164,0.189611243643,0.194235908122,0.198860572601,
    0.20348523708,0.20810990156,0.212734566039,0.217359230518,
    0.221983894997,0.226608559476,0.231233223955,0.235857888434,
    0.240482552913,0.245107217392,0.249731881871,0.254356546351,
    0.25898121083,0.263605875309,0.268230539788,0.272855204267,
    0.277479868746,0.282104533225,0.286729197704,0.291353862183,
    0.295978526663,0.300603191142,0.305227855621,0.3098525201,
    0.314477184579,0.319101849058,0.323726513537,0.328351178016,
    0.332975842495,0.337600506974,0.342225171454,0.346849835933,
    0.351474500412,0.356099164891,0.36072382937,0.365348493849,
    0.369973158328,0.374597822807,0.379222487286,0.383847151765,
    0.388471816245,0.393096480724,0.397721145203,0.402345809682,
    0.406970474161,0.41159513864,0.416219803119,0.420844467598,
    0.425469132077,0.430093796556,0.434718461036,0.439343125515,
    0.443967789994,0.448592454473,0.453217118952,0.457841783431,
    0.46246644791,0.467091112389,0.471715776868,0.476340441347,
    0.480965105827,0.485589770306,0.490214434785,0.494839099264,
    0.499463763743,0.504088428222,0.508713092701,0.51333775718,
    0.517962421659,0.522587086139,0.527211750618,0.531836415097,
    0.536461079576,0.541085744055,0.545710408534,0.550335073013,
    0.554959737492,0.559584401971,0.56420906645,0.56883373093,
    0.573458395409,0.578083059888,0.582707724367,0.587332388846,
    0.591957053325,0.596581717804,0.601206382283,0.605831046762,
    0.610455711241,0.615080375721,0.6197050402,0.624329704679,
    0.628954369158,0.633579033637,0.638203698116,0.642828362595,
    0.647453027074,0.652077691553,0.656702356032,0.661327020512,
    0.665951684991,0.67057634947,0.675201013949,0.679825678428,
    0.684450342907,0.689075007386,0.693699671865,0.698324336344,
    0.702949000823,0.707573665303,0.712198329782,0.716822994261,
    0.72144765874,0.726072323219,0.730696987698,0.735321652177,
    0.739946316656,0.744570981135,0.749195645614,0.753820310094,
    0.758444974573,0.763069639052,0.767694303531,0.77231896801,
    0.776943632489,0.781568296968,0.786192961447,0.790817625926,
    0.795442290406,0.800066954885,0.804691619364,0.809316283843,
    0.813940948322,0.818565612801,0.82319027728,0.827814941759,
    0.832439606238,0.837064270717,0.841688935197,0.846313599676,
    0.850938264155,0.855562928634,0.860187593113,0.864812257592,
    0.869436922071,0.87406158655,0.878686251029,0.883310915508,
    0.887935579988,0.892560244467,0.897184908946,0.901809573425,
    0.906434237904,0.911058902383,0.915683566862,0.920308231341,
    0.92493289582,0.929557560299,0.934182224779,0.938806889258,
    0.943431553737,0.948056218216,0.952680882695,0.957305547174,
    0.961930211653,0.966554876132,0.971179540611,0.97580420509,
    0.98042886957,0.985053534049,0.989678198528,0.994302863007,
    0.998927527486,1.003552191965,1.008176856444,1.012801520923,
    1.017426185402,1.022050849882,1.026675514361,1.03130017884,
    1.035924843319,1.040549507798,1.045174172277,1.049798836756,
    1.054423501235,1.059048165714,1.063672830193,1.068297494673,
    1.072922159152,1.077546823631,1.08217148811,1.086796152589,
    1.091420817068,1.096045481547,1.100670146026,1.105294810505,
    1.109919474984,1.114544139464,1.119168803943),
  .QUASI_UNIFORM_KNOTS.);
#3837 = CARTESIAN_POINT('',(6.28318530718,22.379988319204));
#3838 = CARTESIAN_POINT('',(6.277328583433,22.379988079878));
#3839 = CARTESIAN_POINT('',(6.265618735382,22.38024986681));
#3840 = CARTESIAN_POINT('',(6.248076059798,22.381423290323));
#3841 = CARTESIAN_POINT('',(6.230567222819,22.383372465409));
#3842 = CARTESIAN_POINT('',(6.213102412727,22.386088683201));
#3843 = CARTESIAN_POINT('',(6.195690915378,22.389561136987));
#3844 = CARTESIAN_POINT('',(6.178341045811,22.393776809059));
#3845 = CARTESIAN_POINT('',(6.161060263333,22.398720804383));
#3846 = CARTESIAN_POINT('',(6.143855228594,22.404376547714));
#3847 = CARTESIAN_POINT('',(6.126731867917,22.410726001094));
#3848 = CARTESIAN_POINT('',(6.109695427934,22.417749860265));
#3849 = CARTESIAN_POINT('',(6.092750525592,22.42542774175));
#3850 = CARTESIAN_POINT('',(6.075901192702,22.433738358037));
#3851 = CARTESIAN_POINT('',(6.059150915742,22.442659682173));
#3852 = CARTESIAN_POINT('',(6.042502671205,22.452169102036));
#3853 = CARTESIAN_POINT('',(6.025958956848,22.462243564804));
#3854 = CARTESIAN_POINT('',(6.009521819193,22.472859712108));
#3855 = CARTESIAN_POINT('',(5.993192877556,22.483994006345));
#3856 = CARTESIAN_POINT('',(5.976973344894,22.49562284862));
#3857 = CARTESIAN_POINT('',(5.960864045717,22.507722688827));
#3858 = CARTESIAN_POINT('',(5.944865431285,22.520270128311));
#3859 = CARTESIAN_POINT('',(5.928977592247,22.53324201565));
#3860 = CARTESIAN_POINT('',(5.913200269032,22.546615535878));
#3861 = CARTESIAN_POINT('',(5.897532859533,22.560368294223));
#3862 = CARTESIAN_POINT('',(5.881974426369,22.574478392578));
#3863 = CARTESIAN_POINT('',(5.86652369565,22.588924507716));
#3864 = CARTESIAN_POINT('',(5.851179077614,22.603685939825));
#3865 = CARTESIAN_POINT('',(5.835938595997,22.618742750922));
#3866 = CARTESIAN_POINT('',(5.820800148293,22.634075549274));
#3867 = CARTESIAN_POINT('',(5.805760521325,22.64966657859));
#3868 = CARTESIAN_POINT('',(5.790819041927,22.665495923708));
#3869 = CARTESIAN_POINT('',(5.775963097629,22.681556773819));
#3870 = CARTESIAN_POINT('',(5.761185835051,22.697838011538));
#3871 = CARTESIAN_POINT('',(5.74648406983,22.714324108187));
#3872 = CARTESIAN_POINT('',(5.731853435777,22.731000682578));
#3873 = CARTESIAN_POINT('',(5.717289751189,22.747853242269));
#3874 = CARTESIAN_POINT('',(5.702788701128,22.764867697518));
#3875 = CARTESIAN_POINT('',(5.688345951741,22.782030346657));
#3876 = CARTESIAN_POINT('',(5.673957132921,22.799327947715));
#3877 = CARTESIAN_POINT('',(5.659617827962,22.816747718289));
#3878 = CARTESIAN_POINT('',(5.645323579761,22.834277280804));
#3879 = CARTESIAN_POINT('',(5.631069737628,22.85190464265));
#3880 = CARTESIAN_POINT('',(5.616852242421,22.869617482418));
#3881 = CARTESIAN_POINT('',(5.602666495644,22.887404413667));
#3882 = CARTESIAN_POINT('',(5.588508020049,22.905254134855));
#3883 = CARTESIAN_POINT('',(5.574372361546,22.923155548551));
#3884 = CARTESIAN_POINT('',(5.560255120271,22.941097695757));
#3885 = CARTESIAN_POINT('',(5.546151859626,22.959069851092));
#3886 = CARTESIAN_POINT('',(5.532058374371,22.977061159427));
#3887 = CARTESIAN_POINT('',(5.517969644715,22.995061945838));
#3888 = CARTESIAN_POINT('',(5.503883687789,23.013058790851));
#3889 = CARTESIAN_POINT('',(5.489787134125,23.031052871189));
#3890 = CARTESIAN_POINT('',(5.475709007418,23.048991473227));
#3891 = CARTESIAN_POINT('',(5.461519967041,23.06702355012));
#3892 = CARTESIAN_POINT('',(5.447079477365,23.085309605173));
#3893 = CARTESIAN_POINT('',(5.43240896044,23.103802353406));
#3894 = CARTESIAN_POINT('',(5.417483930975,23.122511161752));
#3895 = CARTESIAN_POINT('',(5.402289589308,23.141431041002));
#3896 = CARTESIAN_POINT('',(5.38680578807,23.16056148367));
#3897 = CARTESIAN_POINT('',(5.371010939706,23.179901131766));
#3898 = CARTESIAN_POINT('',(5.35488064974,23.19944906355));
#3899 = CARTESIAN_POINT('',(5.338388353417,23.219203558988));
#3900 = CARTESIAN_POINT('',(5.321503044727,23.239164115926));
#3901 = CARTESIAN_POINT('',(5.304196448838,23.259322769241));
#3902 = CARTESIAN_POINT('',(5.286389751332,23.279723474776));
#3903 = CARTESIAN_POINT('',(5.268064194709,23.300334860204));
#3904 = CARTESIAN_POINT('',(5.249174257436,23.32114806662));
#3905 = CARTESIAN_POINT('',(5.229657247384,23.342163983279));
#3906 = CARTESIAN_POINT('',(5.209428610205,23.363395276815));
#3907 = CARTESIAN_POINT('',(5.188385430655,23.384858895704));
#3908 = CARTESIAN_POINT('',(5.166391380437,23.406584480761));
#3909 = CARTESIAN_POINT('',(5.143327237615,23.428561277692));
#3910 = CARTESIAN_POINT('',(5.118896803652,23.450907736819));
#3911 = CARTESIAN_POINT('',(5.093344331455,23.473204463545));
#3912 = CARTESIAN_POINT('',(5.06773844878,23.494408361887));
#3913 = CARTESIAN_POINT('',(5.041806066024,23.514687474257));
#3914 = CARTESIAN_POINT('',(5.015619606133,23.533894041103));
#3915 = CARTESIAN_POINT('',(4.989161462398,23.55195898361));
#3916 = CARTESIAN_POINT('',(4.962441445758,23.56878523224));
#3917 = CARTESIAN_POINT('',(4.935462620815,23.584279929869));
#3918 = CARTESIAN_POINT('',(4.908240427649,23.598332290693));
#3919 = CARTESIAN_POINT('',(4.880726788731,23.610926214667));
#3920 = CARTESIAN_POINT('',(4.852973630102,23.621868731729));
#3921 = CARTESIAN_POINT('',(4.825021307896,23.631016338704));
#3922 = CARTESIAN_POINT('',(4.796911434815,23.638246815679));
#3923 = CARTESIAN_POINT('',(4.768683852938,23.643466777573));
#3924 = CARTESIAN_POINT('',(4.740377866113,23.64660965149));
#3925 = CARTESIAN_POINT('',(4.712032336116,23.647636215726));
#3926 = CARTESIAN_POINT('',(4.683686096456,23.646534466404));
#3927 = CARTESIAN_POINT('',(4.655378246761,23.643319611912));
#3928 = CARTESIAN_POINT('',(4.627148604234,23.638034228517));
#3929 = CARTESIAN_POINT('',(4.599037625232,23.630747643481));
#3930 = CARTESIAN_POINT('',(4.571088250898,23.621558246979));
#3931 = CARTESIAN_POINT('',(4.54334053188,23.610584861304));
#3932 = CARTESIAN_POINT('',(4.51585314366,23.597998952139));
#3933 = CARTESIAN_POINT('',(4.488621553877,23.583899987438));
#3934 = CARTESIAN_POINT('',(4.46163362352,23.568360032579));
#3935 = CARTESIAN_POINT('',(4.434903852651,23.551489486479));
#3936 = CARTESIAN_POINT('',(4.408437017647,23.533382323675));
#3937 = CARTESIAN_POINT('',(4.382237835315,23.514130766298));
#3938 = CARTESIAN_POINT('',(4.35630837093,23.493821354106));
#3939 = CARTESIAN_POINT('',(4.330648623787,23.472535992362));
#3940 = CARTESIAN_POINT('',(4.305256827627,23.4503516903));
#3941 = CARTESIAN_POINT('',(4.280127870973,23.427340559378));
#3942 = CARTESIAN_POINT('',(4.255260267209,23.40357020225));
#3943 = CARTESIAN_POINT('',(4.230646713364,23.379099549124));
#3944 = CARTESIAN_POINT('',(4.206275855213,23.353985222224));
#3945 = CARTESIAN_POINT('',(4.182133853113,23.328281147367));
#3946 = CARTESIAN_POINT('',(4.158203941029,23.30203866346));
#3947 = CARTESIAN_POINT('',(4.13446605055,23.275306472931));
#3948 = CARTESIAN_POINT('',(4.110905303614,23.248134841134));
#3949 = CARTESIAN_POINT('',(4.087503016192,23.220569989686));
#3950 = CARTESIAN_POINT('',(4.064241452066,23.192657983833));
#3951 = CARTESIAN_POINT('',(4.041102756096,23.164443979941));
#3952 = CARTESIAN_POINT('',(4.018069111496,23.135972482941));
#3953 = CARTESIAN_POINT('',(3.995122569701,23.107287333028));
#3954 = CARTESIAN_POINT('',(3.972244971779,23.078431765377));
#3955 = CARTESIAN_POINT('',(3.949417840313,23.049448448544));
#3956 = CARTESIAN_POINT('',(3.926622310173,23.020379535109));
#3957 = CARTESIAN_POINT('',(3.903841133012,22.991269570641));
#3958 = CARTESIAN_POINT('',(3.881055194948,22.962161191791));
#3959 = CARTESIAN_POINT('',(3.858245981686,22.933098516344));
#3960 = CARTESIAN_POINT('',(3.835394943964,22.904126569896));
#3961 = CARTESIAN_POINT('',(3.812483491399,22.875291519116));
#3962 = CARTESIAN_POINT('',(3.789492945088,22.846640847142));
#3963 = CARTESIAN_POINT('',(3.766404017734,22.818222953852));
#3964 = CARTESIAN_POINT('',(3.7431983175,22.790089199704));
#3965 = CARTESIAN_POINT('',(3.719857042745,22.76229278516));
#3966 = CARTESIAN_POINT('',(3.696361572491,22.734888856653));
#3967 = CARTESIAN_POINT('',(3.672693532347,22.707936294026));
#3968 = CARTESIAN_POINT('',(3.648835222545,22.681496594305));
#3969 = CARTESIAN_POINT('',(3.624769003835,22.655630712999));
#3970 = CARTESIAN_POINT('',(3.600481979022,22.630404664267));
#3971 = CARTESIAN_POINT('',(3.575957703492,22.605885551971));
#3972 = CARTESIAN_POINT('',(3.551180857447,22.582144926706));
#3973 = CARTESIAN_POINT('',(3.52613863283,22.559260440912));
#3974 = CARTESIAN_POINT('',(3.500820370476,22.537314893538));
#3975 = CARTESIAN_POINT('',(3.475217720598,22.516395823442));
#3976 = CARTESIAN_POINT('',(3.449324706604,22.49659479705));
#3977 = CARTESIAN_POINT('',(3.423137928312,22.478006649048));
#3978 = CARTESIAN_POINT('',(3.396656606058,22.460728495417));
#3979 = CARTESIAN_POINT('',(3.369883445558,22.444858982871));
#3980 = CARTESIAN_POINT('',(3.342822719665,22.430496099092));
#3981 = CARTESIAN_POINT('',(3.315491408939,22.417740755829));
#3982 = CARTESIAN_POINT('',(3.287915712443,22.406690506214));
#3983 = CARTESIAN_POINT('',(3.260123933838,22.39743358031));
#3984 = CARTESIAN_POINT('',(3.232148583588,22.390047858744));
#3985 = CARTESIAN_POINT('',(3.204026346058,22.384598542923));
#3986 = CARTESIAN_POINT('',(3.17579844974,22.381136036172));
#3987 = CARTESIAN_POINT('',(3.147511934,22.379693785785));
#3988 = CARTESIAN_POINT('',(3.11921733678,22.380285571649));
#3989 = CARTESIAN_POINT('',(3.090958542844,22.382905833766));
#3990 = CARTESIAN_POINT('',(3.062786949241,22.387529107804));
#3991 = CARTESIAN_POINT('',(3.034745372698,22.39411181123));
#3992 = CARTESIAN_POINT('',(3.006872610542,22.402594657473));
#3993 = CARTESIAN_POINT('',(2.979202865571,22.412904796349));
#3994 = CARTESIAN_POINT('',(2.951766377957,22.424957952316));
#3995 = CARTESIAN_POINT('',(2.924589977224,22.438660348969));
#3996 = CARTESIAN_POINT('',(2.897696395425,22.453910996256));
#3997 = CARTESIAN_POINT('',(2.871092499133,22.470611699346));
#3998 = CARTESIAN_POINT('',(2.844782274987,22.488663695728));
#3999 = CARTESIAN_POINT('',(2.818766357799,22.507969091375));
#4000 = CARTESIAN_POINT('',(2.793042541962,22.528431901119));
#4001 = CARTESIAN_POINT('',(2.767605956014,22.549959037424));
#4002 = CARTESIAN_POINT('',(2.742449248101,22.572461162337));
#4003 = CARTESIAN_POINT('',(2.717562727696,22.595853399315));
#4004 = CARTESIAN_POINT('',(2.692934355692,22.620056003329));
#4005 = CARTESIAN_POINT('',(2.668550094643,22.644994598982));
#4006 = CARTESIAN_POINT('',(2.644392709031,22.670601449234));
#4007 = CARTESIAN_POINT('',(2.620449626069,22.69680831373));
#4008 = CARTESIAN_POINT('',(2.596704126851,22.723553828439));
#4009 = CARTESIAN_POINT('',(2.573138687308,22.750776174028));
#4010 = CARTESIAN_POINT('',(2.549735134388,22.778415413473));
#4011 = CARTESIAN_POINT('',(2.526475056023,22.806414413137));
#4012 = CARTESIAN_POINT('',(2.503339581427,22.834719782577));
#4013 = CARTESIAN_POINT('',(2.480309936921,22.863279383168));
#4014 = CARTESIAN_POINT('',(2.457367632381,22.89204320846));
#4015 = CARTESIAN_POINT('',(2.434493519917,22.920963649464));
#4016 = CARTESIAN_POINT('',(2.411668980777,22.949994016102));
#4017 = CARTESIAN_POINT('',(2.388875442314,22.979088838435));
#4018 = CARTESIAN_POINT('',(2.366094412393,23.008203600195));
#4019 = CARTESIAN_POINT('',(2.343307112762,23.037294968834));
#4020 = CARTESIAN_POINT('',(2.320495209232,23.066319607175));
#4021 = CARTESIAN_POINT('',(2.297640843148,23.095233967571));
#4022 = CARTESIAN_POINT('',(2.274725203726,23.123995847811));
#4023 = CARTESIAN_POINT('',(2.251729898147,23.152562358599));
#4024 = CARTESIAN_POINT('',(2.228637726952,23.180889026952));
#4025 = CARTESIAN_POINT('',(2.205427684201,23.208935062746));
#4026 = CARTESIAN_POINT('',(2.182093585006,23.236642909112));
#4027 = CARTESIAN_POINT('',(2.158573949256,23.264014494305));
#4028 = CARTESIAN_POINT('',(2.135013226957,23.290826393822));
#4029 = CARTESIAN_POINT('',(2.110267406828,23.318275607893));
#4030 = CARTESIAN_POINT('',(2.084430841879,23.346088374688));
#4031 = CARTESIAN_POINT('',(2.057385894622,23.374215268698));
#4032 = CARTESIAN_POINT('',(2.028894067666,23.402688540935));
#4033 = CARTESIAN_POINT('',(1.998570911607,23.431620832486));
#4034 = CARTESIAN_POINT('',(1.965871660446,23.461166785281));
#4035 = CARTESIAN_POINT('',(1.930103616199,23.491424876351));
#4036 = CARTESIAN_POINT('',(1.890245571138,23.522509118766));
#4037 = CARTESIAN_POINT('',(1.84543601721,23.553808999944));
#4038 = CARTESIAN_POINT('',(1.80039684481,23.581133952467));
#4039 = CARTESIAN_POINT('',(1.754359576152,23.604657113467));
#4040 = CARTESIAN_POINT('',(1.707745066216,23.623636605166));
#4041 = CARTESIAN_POINT('',(1.660654560467,23.637567822313));
#4042 = CARTESIAN_POINT('',(1.613262942462,23.645927056248));
#4043 = CARTESIAN_POINT('',(1.565714849637,23.648343728271));
#4044 = CARTESIAN_POINT('',(1.518163180642,23.644669358154));
#4045 = CARTESIAN_POINT('',(1.470770405848,23.63504730598));
#4046 = CARTESIAN_POINT('',(1.42372956086,23.619912822947));
#4047 = CARTESIAN_POINT('',(1.37723562589,23.599915044684));
#4048 = CARTESIAN_POINT('',(1.331608569236,23.575678671398));
#4049 = CARTESIAN_POINT('',(1.286779067663,23.547566789785));
#4050 = CARTESIAN_POINT('',(1.242676802175,23.516051809712));
#4051 = CARTESIAN_POINT('',(1.199335502173,23.481546870574));
#4052 = CARTESIAN_POINT('',(1.15674411772,23.444433779271));
#4053 = CARTESIAN_POINT('',(1.114892395436,23.405052116783));
#4054 = CARTESIAN_POINT('',(1.073762001921,23.363701336512));
#4055 = CARTESIAN_POINT('',(1.03329975892,23.320641013779));
#4056 = CARTESIAN_POINT('',(0.993408313552,23.276107215753));
#4057 = CARTESIAN_POINT('',(0.954009492127,23.230331564213));
#4058 = CARTESIAN_POINT('',(0.915023953915,23.18353653282));
#4059 = CARTESIAN_POINT('',(0.876369073522,23.1359359193));
#4060 = CARTESIAN_POINT('',(0.837960183713,23.087737298846));
#4061 = CARTESIAN_POINT('',(0.799706852452,23.039137777009));
#4062 = CARTESIAN_POINT('',(0.761528492066,22.990346439043));
#4063 = CARTESIAN_POINT('',(0.723335786989,22.941563982139));
#4064 = CARTESIAN_POINT('',(0.685039657518,22.892997146112));
#4065 = CARTESIAN_POINT('',(0.646553201759,22.844864311884));
#4066 = CARTESIAN_POINT('',(0.607789364311,22.797395555874));
#4067 = CARTESIAN_POINT('',(0.568659070382,22.750833544745));
#4068 = CARTESIAN_POINT('',(0.529071486014,22.705436747206));
#4069 = CARTESIAN_POINT('',(0.48894702209,22.661498177365));
#4070 = CARTESIAN_POINT('',(0.448204497103,22.619305005352));
#4071 = CARTESIAN_POINT('',(0.406776856777,22.579183364961));
#4072 = CARTESIAN_POINT('',(0.364602620841,22.541494755431));
#4073 = CARTESIAN_POINT('',(0.321632038265,22.506633282843));
#4074 = CARTESIAN_POINT('',(0.277785324036,22.474997992039));
#4075 = CARTESIAN_POINT('',(0.233099143038,22.447087615387));
#4076 = CARTESIAN_POINT('',(0.187624585834,22.42338665195));
#4077 = CARTESIAN_POINT('',(0.141443633151,22.404359261119));
#4078 = CARTESIAN_POINT('',(9.467113108945E-02,22.390416200699));
#4079 = CARTESIAN_POINT('',(4.745467371077E-02,22.381904879183));
#4080 = CARTESIAN_POINT('',(1.582246693169E-02,22.379976885359));
#4081 = CARTESIAN_POINT('',(-8.881784197001E-16,22.379988319204));
#4082 = ( GEOMETRIC_REPRESENTATION_CONTEXT(2) 
PARAMETRIC_REPRESENTATION_CONTEXT() REPRESENTATION_CONTEXT('2D SPACE',''
  ) );
#4083 = ORIENTED_EDGE('',*,*,#4084,.T.);
#4084 = EDGE_CURVE('',#3399,#4085,#4087,.T.);
#4085 = VERTEX_POINT('',#4086);
#4086 = CARTESIAN_POINT('',(-0.5000625,-17.3439492754,3.612));
#4087 = SURFACE_CURVE('',#4088,(#4094,#4103),.PCURVE_S1.);
#4088 = B_SPLINE_CURVE_WITH_KNOTS('',4,(#4089,#4090,#4091,#4092,#4093),
  .UNSPECIFIED.,.F.,.F.,(5,5),(0.,1.),.PIECEWISE_BEZIER_KNOTS.);
#4089 = CARTESIAN_POINT('',(-0.5000625,-17.3439492754,14.964));
#4090 = CARTESIAN_POINT('',(-0.5000625,-17.3439492754,12.126));
#4091 = CARTESIAN_POINT('',(-0.5000625,-17.3439492754,9.288));
#4092 = CARTESIAN_POINT('',(-0.5000625,-17.3439492754,6.45));
#4093 = CARTESIAN_POINT('',(-0.5000625,-17.3439492754,3.612));
#4094 = PCURVE('',#368,#4095);
#4095 = DEFINITIONAL_REPRESENTATION('',(#4096),#4102);
#4096 = B_SPLINE_CURVE_WITH_KNOTS('',4,(#4097,#4098,#4099,#4100,#4101),
  .UNSPECIFIED.,.F.,.F.,(5,5),(0.,1.),.PIECEWISE_BEZIER_KNOTS.);
#4097 = CARTESIAN_POINT('',(88.805839684973,-12.9));
#4098 = CARTESIAN_POINT('',(88.805839684973,-10.062));
#4099 = CARTESIAN_POINT('',(88.805839684973,-7.224));
#4100 = CARTESIAN_POINT('',(88.805839684973,-4.386));
#4101 = CARTESIAN_POINT('',(88.805839684973,-1.548));
#4102 = ( GEOMETRIC_REPRESENTATION_CONTEXT(2) 
PARAMETRIC_REPRESENTATION_CONTEXT() REPRESENTATION_CONTEXT('2D SPACE',''
  ) );
#4103 = PCURVE('',#4104,#4109);
#4104 = PLANE('',#4105);
#4105 = AXIS2_PLACEMENT_3D('',#4106,#4107,#4108);
#4106 = CARTESIAN_POINT('',(-0.5000625,-17.5694,3.612));
#4107 = DIRECTION('',(1.,0.,0.));
#4108 = DIRECTION('',(0.,0.,1.));
#4109 = DEFINITIONAL_REPRESENTATION('',(#4110),#4116);
#4110 = B_SPLINE_CURVE_WITH_KNOTS('',4,(#4111,#4112,#4113,#4114,#4115),
  .UNSPECIFIED.,.F.,.F.,(5,5),(0.,1.),.PIECEWISE_BEZIER_KNOTS.);
#4111 = CARTESIAN_POINT('',(11.352,-0.225450724598));
#4112 = CARTESIAN_POINT('',(8.514,-0.225450724598));
#4113 = CARTESIAN_POINT('',(5.676,-0.225450724598));
#4114 = CARTESIAN_POINT('',(2.838,-0.225450724598));
#4115 = CARTESIAN_POINT('',(0.,-0.225450724598));
#4116 = ( GEOMETRIC_REPRESENTATION_CONTEXT(2) 
PARAMETRIC_REPRESENTATION_CONTEXT() REPRESENTATION_CONTEXT('2D SPACE',''
  ) );
#4117 = ORIENTED_EDGE('',*,*,#4118,.F.);
#4118 = EDGE_CURVE('',#4119,#4085,#4121,.T.);
#4119 = VERTEX_POINT('',#4120);
#4120 = CARTESIAN_POINT('',(0.5000625,-17.3439492754,3.612));
#4121 = SURFACE_CURVE('',#4122,(#4129,#4139),.PCURVE_S1.);
#4122 = B_SPLINE_CURVE_WITH_KNOTS('',5,(#4123,#4124,#4125,#4126,#4127,
    #4128),.UNSPECIFIED.,.F.,.F.,(6,6),(0.,1.),
  .PIECEWISE_BEZIER_KNOTS.);
#4123 = CARTESIAN_POINT('',(0.5000625,-17.3439492754,3.612));
#4124 = CARTESIAN_POINT('',(0.305758975537,-17.40488456985,3.612));
#4125 = CARTESIAN_POINT('',(0.102362421435,-17.44193497187,3.612));
#4126 = CARTESIAN_POINT('',(-0.102342690196,-17.4419433618,3.612));
#4127 = CARTESIAN_POINT('',(-0.305782927202,-17.4048770584,3.612));
#4128 = CARTESIAN_POINT('',(-0.5000625,-17.3439492754,3.612));
#4129 = PCURVE('',#368,#4130);
#4130 = DEFINITIONAL_REPRESENTATION('',(#4131),#4138);
#4131 = B_SPLINE_CURVE_WITH_KNOTS('',5,(#4132,#4133,#4134,#4135,#4136,
    #4137),.UNSPECIFIED.,.F.,.F.,(6,6),(0.,1.),
  .PIECEWISE_BEZIER_KNOTS.);
#4132 = CARTESIAN_POINT('',(89.815500261633,-1.548));
#4133 = CARTESIAN_POINT('',(89.614675600488,-1.548));
#4134 = CARTESIAN_POINT('',(89.41159749524,-1.548));
#4135 = CARTESIAN_POINT('',(89.209762758578,-1.548));
#4136 = CARTESIAN_POINT('',(89.006639590596,-1.548));
#4137 = CARTESIAN_POINT('',(88.805839684973,-1.548));
#4138 = ( GEOMETRIC_REPRESENTATION_CONTEXT(2) 
PARAMETRIC_REPRESENTATION_CONTEXT() REPRESENTATION_CONTEXT('2D SPACE',''
  ) );
#4139 = PCURVE('',#4140,#4145);
#4140 = PLANE('',#4141);
#4141 = AXIS2_PLACEMENT_3D('',#4142,#4143,#4144);
#4142 = CARTESIAN_POINT('',(-0.5000625,-17.5694,3.612));
#4143 = DIRECTION('',(0.,0.,1.));
#4144 = DIRECTION('',(1.,0.,0.));
#4145 = DEFINITIONAL_REPRESENTATION('',(#4146),#4153);
#4146 = B_SPLINE_CURVE_WITH_KNOTS('',5,(#4147,#4148,#4149,#4150,#4151,
    #4152),.UNSPECIFIED.,.F.,.F.,(6,6),(0.,1.),
  .PIECEWISE_BEZIER_KNOTS.);
#4147 = CARTESIAN_POINT('',(1.000125,0.225450724598));
#4148 = CARTESIAN_POINT('',(0.805821475537,0.164515430147));
#4149 = CARTESIAN_POINT('',(0.602424921435,0.127465028124));
#4150 = CARTESIAN_POINT('',(0.397719809804,0.127456638198));
#4151 = CARTESIAN_POINT('',(0.194279572798,0.1645229416));
#4152 = CARTESIAN_POINT('',(0.,0.225450724598));
#4153 = ( GEOMETRIC_REPRESENTATION_CONTEXT(2) 
PARAMETRIC_REPRESENTATION_CONTEXT() REPRESENTATION_CONTEXT('2D SPACE',''
  ) );
#4154 = ORIENTED_EDGE('',*,*,#4155,.F.);
#4155 = EDGE_CURVE('',#1917,#4119,#4156,.T.);
#4156 = SURFACE_CURVE('',#4157,(#4163,#4172),.PCURVE_S1.);
#4157 = B_SPLINE_CURVE_WITH_KNOTS('',4,(#4158,#4159,#4160,#4161,#4162),
  .UNSPECIFIED.,.F.,.F.,(5,5),(0.,1.),.PIECEWISE_BEZIER_KNOTS.);
#4158 = CARTESIAN_POINT('',(0.5000625,-17.3439492754,14.964));
#4159 = CARTESIAN_POINT('',(0.5000625,-17.3439492754,12.126));
#4160 = CARTESIAN_POINT('',(0.5000625,-17.3439492754,9.288));
#4161 = CARTESIAN_POINT('',(0.5000625,-17.3439492754,6.45));
#4162 = CARTESIAN_POINT('',(0.5000625,-17.3439492754,3.612));
#4163 = PCURVE('',#368,#4164);
#4164 = DEFINITIONAL_REPRESENTATION('',(#4165),#4171);
#4165 = B_SPLINE_CURVE_WITH_KNOTS('',4,(#4166,#4167,#4168,#4169,#4170),
  .UNSPECIFIED.,.F.,.F.,(5,5),(0.,1.),.PIECEWISE_BEZIER_KNOTS.);
#4166 = CARTESIAN_POINT('',(89.815500261633,-12.9));
#4167 = CARTESIAN_POINT('',(89.815500261633,-10.062));
#4168 = CARTESIAN_POINT('',(89.815500261633,-7.224));
#4169 = CARTESIAN_POINT('',(89.815500261633,-4.386));
#4170 = CARTESIAN_POINT('',(89.815500261633,-1.548));
#4171 = ( GEOMETRIC_REPRESENTATION_CONTEXT(2) 
PARAMETRIC_REPRESENTATION_CONTEXT() REPRESENTATION_CONTEXT('2D SPACE',''
  ) );
#4172 = PCURVE('',#4173,#4178);
#4173 = PLANE('',#4174);
#4174 = AXIS2_PLACEMENT_3D('',#4175,#4176,#4177);
#4175 = CARTESIAN_POINT('',(0.5000625,-17.5694,3.612));
#4176 = DIRECTION('',(1.,0.,0.));
#4177 = DIRECTION('',(0.,0.,1.));
#4178 = DEFINITIONAL_REPRESENTATION('',(#4179),#4185);
#4179 = B_SPLINE_CURVE_WITH_KNOTS('',4,(#4180,#4181,#4182,#4183,#4184),
  .UNSPECIFIED.,.F.,.F.,(5,5),(0.,1.),.PIECEWISE_BEZIER_KNOTS.);
#4180 = CARTESIAN_POINT('',(11.352,-0.225450724598));
#4181 = CARTESIAN_POINT('',(8.514,-0.225450724598));
#4182 = CARTESIAN_POINT('',(5.676,-0.225450724598));
#4183 = CARTESIAN_POINT('',(2.838,-0.225450724598));
#4184 = CARTESIAN_POINT('',(0.,-0.225450724598));
#4185 = ( GEOMETRIC_REPRESENTATION_CONTEXT(2) 
PARAMETRIC_REPRESENTATION_CONTEXT() REPRESENTATION_CONTEXT('2D SPACE',''
  ) );
#4186 = ADVANCED_FACE('',(#4187,#4241,#4568),#525,.F.);
#4187 = FACE_BOUND('',#4188,.F.);
#4188 = EDGE_LOOP('',(#4189,#4190,#4213,#4240));
#4189 = ORIENTED_EDGE('',*,*,#508,.T.);
#4190 = ORIENTED_EDGE('',*,*,#4191,.T.);
#4191 = EDGE_CURVE('',#509,#4192,#4194,.T.);
#4192 = VERTEX_POINT('',#4193);
#4193 = CARTESIAN_POINT('',(3.175,-7.776507174586E-16,17.7504));
#4194 = SEAM_CURVE('',#4195,(#4199,#4206),.PCURVE_S1.);
#4195 = LINE('',#4196,#4197);
#4196 = CARTESIAN_POINT('',(3.175,-7.776507174586E-16,-0.8));
#4197 = VECTOR('',#4198,1.);
#4198 = DIRECTION('',(0.,0.,1.));
#4199 = PCURVE('',#525,#4200);
#4200 = DEFINITIONAL_REPRESENTATION('',(#4201),#4205);
#4201 = LINE('',#4202,#4203);
#4202 = CARTESIAN_POINT('',(0.,-0.));
#4203 = VECTOR('',#4204,1.);
#4204 = DIRECTION('',(0.,1.));
#4205 = ( GEOMETRIC_REPRESENTATION_CONTEXT(2) 
PARAMETRIC_REPRESENTATION_CONTEXT() REPRESENTATION_CONTEXT('2D SPACE',''
  ) );
#4206 = PCURVE('',#525,#4207);
#4207 = DEFINITIONAL_REPRESENTATION('',(#4208),#4212);
#4208 = LINE('',#4209,#4210);
#4209 = CARTESIAN_POINT('',(6.28318530718,-0.));
#4210 = VECTOR('',#4211,1.);
#4211 = DIRECTION('',(0.,1.));
#4212 = ( GEOMETRIC_REPRESENTATION_CONTEXT(2) 
PARAMETRIC_REPRESENTATION_CONTEXT() REPRESENTATION_CONTEXT('2D SPACE',''
  ) );
#4213 = ORIENTED_EDGE('',*,*,#4214,.F.);
#4214 = EDGE_CURVE('',#4192,#4192,#4215,.T.);
#4215 = SURFACE_CURVE('',#4216,(#4221,#4228),.PCURVE_S1.);
#4216 = CIRCLE('',#4217,3.175);
#4217 = AXIS2_PLACEMENT_3D('',#4218,#4219,#4220);
#4218 = CARTESIAN_POINT('',(0.,0.,17.7504));
#4219 = DIRECTION('',(0.,0.,1.));
#4220 = DIRECTION('',(1.,0.,0.));
#4221 = PCURVE('',#525,#4222);
#4222 = DEFINITIONAL_REPRESENTATION('',(#4223),#4227);
#4223 = LINE('',#4224,#4225);
#4224 = CARTESIAN_POINT('',(0.,18.5504));
#4225 = VECTOR('',#4226,1.);
#4226 = DIRECTION('',(1.,0.));
#4227 = ( GEOMETRIC_REPRESENTATION_CONTEXT(2) 
PARAMETRIC_REPRESENTATION_CONTEXT() REPRESENTATION_CONTEXT('2D SPACE',''
  ) );
#4228 = PCURVE('',#4229,#4234);
#4229 = PLANE('',#4230);
#4230 = AXIS2_PLACEMENT_3D('',#4231,#4232,#4233);
#4231 = CARTESIAN_POINT('',(0.,0.,17.7504));
#4232 = DIRECTION('',(0.,0.,1.));
#4233 = DIRECTION('',(1.,0.,0.));
#4234 = DEFINITIONAL_REPRESENTATION('',(#4235),#4239);
#4235 = CIRCLE('',#4236,3.175);
#4236 = AXIS2_PLACEMENT_2D('',#4237,#4238);
#4237 = CARTESIAN_POINT('',(0.,0.));
#4238 = DIRECTION('',(1.,0.));
#4239 = ( GEOMETRIC_REPRESENTATION_CONTEXT(2) 
PARAMETRIC_REPRESENTATION_CONTEXT() REPRESENTATION_CONTEXT('2D SPACE',''
  ) );
#4240 = ORIENTED_EDGE('',*,*,#4191,.F.);
#4241 = FACE_BOUND('',#4242,.F.);
#4242 = EDGE_LOOP('',(#4243));
#4243 = ORIENTED_EDGE('',*,*,#4244,.T.);
#4244 = EDGE_CURVE('',#4245,#4245,#4247,.T.);
#4245 = VERTEX_POINT('',#4246);
#4246 = CARTESIAN_POINT('',(2.00025,2.46568954605,10.60896));
#4247 = SURFACE_CURVE('',#4248,(#4351,#4457),.PCURVE_S1.);
#4248 = B_SPLINE_CURVE_WITH_KNOTS('',6,(#4249,#4250,#4251,#4252,#4253,
    #4254,#4255,#4256,#4257,#4258,#4259,#4260,#4261,#4262,#4263,#4264,
    #4265,#4266,#4267,#4268,#4269,#4270,#4271,#4272,#4273,#4274,#4275,
    #4276,#4277,#4278,#4279,#4280,#4281,#4282,#4283,#4284,#4285,#4286,
    #4287,#4288,#4289,#4290,#4291,#4292,#4293,#4294,#4295,#4296,#4297,
    #4298,#4299,#4300,#4301,#4302,#4303,#4304,#4305,#4306,#4307,#4308,
    #4309,#4310,#4311,#4312,#4313,#4314,#4315,#4316,#4317,#4318,#4319,
    #4320,#4321,#4322,#4323,#4324,#4325,#4326,#4327,#4328,#4329,#4330,
    #4331,#4332,#4333,#4334,#4335,#4336,#4337,#4338,#4339,#4340,#4341,
    #4342,#4343,#4344,#4345,#4346,#4347,#4348,#4349,#4350),
  .UNSPECIFIED.,.T.,.F.,(7,5,5,5,5,5,5,5,5,5,5,5,5,5,5,5,5,5,5,5,7),(0.,
    5.082624447578E-02,0.102632974857,0.149742332903,0.191316615082,
    0.249269729531,0.308409618769,0.351226734153,0.396657921592,
    0.448853692709,0.499802261863,0.551013172146,0.602844720982,
    0.667037804586,0.713478873616,0.774901988666,0.808782923835,
    0.851480413284,0.896784671383,0.948834613715,1.),.UNSPECIFIED.);
#4249 = CARTESIAN_POINT('',(2.00025,2.46568954605,10.60896));
#4250 = CARTESIAN_POINT('',(2.00025,2.46568954605,10.707256463669));
#4251 = CARTESIAN_POINT('',(1.994453448185,2.470391894759,
    10.805435299102));
#4252 = CARTESIAN_POINT('',(1.982886087823,2.479775763398,
    10.903095032391));
#4253 = CARTESIAN_POINT('',(1.965606593307,2.493623922116,
    10.999821744813));
#4254 = CARTESIAN_POINT('',(1.942714357507,2.511522148218,
    11.095161565683));
#4255 = CARTESIAN_POINT('',(1.885587395736,2.554699930819,
    11.283839604166));
#4256 = CARTESIAN_POINT('',(1.851127792901,2.580126621192,
    11.377152854509));
#4257 = CARTESIAN_POINT('',(1.811142702233,2.608680408693,
    11.468378352153));
#4258 = CARTESIAN_POINT('',(1.765684205038,2.639807835532,
    11.557311299662));
#4259 = CARTESIAN_POINT('',(1.714778786027,2.672923980136,
    11.643699651475));
#4260 = CARTESIAN_POINT('',(1.60722366732,2.73880731184,11.803207431277)
  );
#4261 = CARTESIAN_POINT('',(1.55148091729,2.771353425917,11.876867488611
    ));
#4262 = CARTESIAN_POINT('',(1.491157074312,2.804660655105,
    11.948086976802));
#4263 = CARTESIAN_POINT('',(1.426147831864,2.838315412282,
    12.016671111722));
#4264 = CARTESIAN_POINT('',(1.356325202697,2.87187838678,12.082345639282
    ));
#4265 = CARTESIAN_POINT('',(1.215571848931,2.933975361987,
    12.199799665879));
#4266 = CARTESIAN_POINT('',(1.145693215061,2.96265548069,12.252340459151
    ));
#4267 = CARTESIAN_POINT('',(1.071854633912,2.99055517855,12.302067456427
    ));
#4268 = CARTESIAN_POINT('',(0.994009821596,3.017292964438,
    12.348631950471));
#4269 = CARTESIAN_POINT('',(0.912136488837,3.042457228714,
    12.391627376471));
#4270 = CARTESIAN_POINT('',(0.706505891068,3.097878687397,
    12.484895883782));
#4271 = CARTESIAN_POINT('',(0.578015773061,3.126489990313,
    12.531788494906));
#4272 = CARTESIAN_POINT('',(0.442343186465,3.14965074136,12.568956438463
    ));
#4273 = CARTESIAN_POINT('',(0.301336024586,3.16592530602,12.5948056221)
  );
#4274 = CARTESIAN_POINT('',(0.157015514417,3.17445364047,12.608342754219
    ));
#4275 = CARTESIAN_POINT('',(-0.137063062262,3.175515712498,
    12.610028599541));
#4276 = CARTESIAN_POINT('',(-0.284655985369,3.1677103092,12.597639011119
    ));
#4277 = CARTESIAN_POINT('',(-0.429044859154,3.151760074562,
    12.572334145423));
#4278 = CARTESIAN_POINT('',(-0.568019418244,3.128536962959,
    12.535123540963));
#4279 = CARTESIAN_POINT('',(-0.699554099862,3.09956438802,
    12.487693865165));
#4280 = CARTESIAN_POINT('',(-0.910521690779,3.043022902632,
    12.392606327378));
#4281 = CARTESIAN_POINT('',(-0.994855178918,3.017128713094,
    12.348381269209));
#4282 = CARTESIAN_POINT('',(-1.074918915094,2.989566000131,
    12.30037373841));
#4283 = CARTESIAN_POINT('',(-1.150738193027,2.960783362254,
    12.249026476962));
#4284 = CARTESIAN_POINT('',(-1.222364939404,2.931195493466,
    12.194717024668));
#4285 = CARTESIAN_POINT('',(-1.361500945495,2.869335295434,
    12.077325830937));
#4286 = CARTESIAN_POINT('',(-1.428538204934,2.836988901442,
    12.013872124938));
#4287 = CARTESIAN_POINT('',(-1.491112805687,2.804569610808,
    11.947717945791));
#4288 = CARTESIAN_POINT('',(-1.54933418435,2.772473066361,
    11.879112979023));
#4289 = CARTESIAN_POINT('',(-1.603290776122,2.741072820365,
    11.808238201898));
#4290 = CARTESIAN_POINT('',(-1.710214781036,2.67586877291,
    11.651300479238));
#4291 = CARTESIAN_POINT('',(-1.761874699806,2.642381395869,
    11.56449372834));
#4292 = CARTESIAN_POINT('',(-1.80801110931,2.61087825304,11.475094824821
    ));
#4293 = CARTESIAN_POINT('',(-1.84859988153,2.581956274986,
    11.383360217662));
#4294 = CARTESIAN_POINT('',(-1.883589615905,2.556181152562,
    11.289497542544));
#4295 = CARTESIAN_POINT('',(-1.941473380085,2.512486704553,
    11.100130211017));
#4296 = CARTESIAN_POINT('',(-1.964651285103,2.494382803768,
    11.004668897711));
#4297 = CARTESIAN_POINT('',(-1.982198618055,2.48032967874,10.90780207262
    ));
#4298 = CARTESIAN_POINT('',(-1.994014691735,2.470747775975,
    10.809984933704));
#4299 = CARTESIAN_POINT('',(-2.00003959548,2.465860232636,10.71163198086
    ));
#4300 = CARTESIAN_POINT('',(-2.000452712094,2.465525099808,
    10.514149585166));
#4301 = CARTESIAN_POINT('',(-1.994780342254,2.470126656269,
    10.415259728919));
#4302 = CARTESIAN_POINT('',(-1.983253476369,2.479481257335,
    10.316885888298));
#4303 = CARTESIAN_POINT('',(-1.96593132478,2.493370010385,
    10.219451399196));
#4304 = CARTESIAN_POINT('',(-1.942914819035,2.511370635097,
    10.123420515524));
#4305 = CARTESIAN_POINT('',(-1.885587395736,2.554699930819,
    9.934080395834));
#4306 = CARTESIAN_POINT('',(-1.851127792901,2.580126621193,
    9.840767145491));
#4307 = CARTESIAN_POINT('',(-1.811142702233,2.608680408693,
    9.749541647847));
#4308 = CARTESIAN_POINT('',(-1.765684205038,2.639807835532,
    9.660608700338));
#4309 = CARTESIAN_POINT('',(-1.714778786027,2.672923980136,
    9.574220348525));
#4310 = CARTESIAN_POINT('',(-1.588681323176,2.750165501246,
    9.387213662281));
#4311 = CARTESIAN_POINT('',(-1.510545278741,2.795061387183,
    9.288045723888));
#4312 = CARTESIAN_POINT('',(-1.423872622311,2.841094936349,
    9.193488520326));
#4313 = CARTESIAN_POINT('',(-1.328351082917,2.887224072416,
    9.104084531784));
#4314 = CARTESIAN_POINT('',(-1.223612992578,2.932280316706,
    9.020681936272));
#4315 = CARTESIAN_POINT('',(-1.02668515721,3.005715602945,8.889429047195
    ));
#4316 = CARTESIAN_POINT('',(-0.938866426776,3.035323944149,
    8.838012760915));
#4317 = CARTESIAN_POINT('',(-0.84598511101,3.063092310956,8.790941641747
    ));
#4318 = CARTESIAN_POINT('',(-0.748196525889,3.088377258455,
    8.748890459208));
#4319 = CARTESIAN_POINT('',(-0.645724082309,3.110534243321,
    8.712554648098));
#4320 = CARTESIAN_POINT('',(-0.397529352395,3.153278169822,
    8.643124558149));
#4321 = CARTESIAN_POINT('',(-0.248117829251,3.171121848163,
    8.614745482449));
#4322 = CARTESIAN_POINT('',(-9.381808337957E-02,3.180503345648,
    8.600054195476));
#4323 = CARTESIAN_POINT('',(6.188662188042E-02,3.180432840215,
    8.600106030493));
#4324 = CARTESIAN_POINT('',(0.215455414659,3.171186575733,8.61465381799)
  );
#4325 = CARTESIAN_POINT('',(0.445223174716,3.144703820451,8.657120747436
    ));
#4326 = CARTESIAN_POINT('',(0.525138846058,3.13292069865,8.676100901786)
  );
#4327 = CARTESIAN_POINT('',(0.603010332625,3.118975047966,8.698716436112
    ));
#4328 = CARTESIAN_POINT('',(0.67858240976,3.103112229993,8.72468686206)
  );
#4329 = CARTESIAN_POINT('',(0.751623054932,3.085609372231,8.753694709848
    ));
#4330 = CARTESIAN_POINT('',(0.91052169078,3.043022902631,8.825313672623)
  );
#4331 = CARTESIAN_POINT('',(0.994855178919,3.017128713094,8.869538730791
    ));
#4332 = CARTESIAN_POINT('',(1.074918915094,2.989566000131,8.91754626159)
  );
#4333 = CARTESIAN_POINT('',(1.150738193027,2.960783362254,8.968893523038
    ));
#4334 = CARTESIAN_POINT('',(1.222364939404,2.931195493466,9.023202975332
    ));
#4335 = CARTESIAN_POINT('',(1.361500945495,2.869335295434,9.140594169063
    ));
#4336 = CARTESIAN_POINT('',(1.428538204934,2.836988901442,9.204047875062
    ));
#4337 = CARTESIAN_POINT('',(1.491112805687,2.804569610807,9.270202054209
    ));
#4338 = CARTESIAN_POINT('',(1.54933418435,2.772473066361,9.338807020977)
  );
#4339 = CARTESIAN_POINT('',(1.603290776122,2.741072820365,9.409681798102
    ));
#4340 = CARTESIAN_POINT('',(1.710214781036,2.67586877291,9.566619520762)
  );
#4341 = CARTESIAN_POINT('',(1.761874699806,2.642381395869,9.653426271661
    ));
#4342 = CARTESIAN_POINT('',(1.80801110931,2.61087825304,9.742825175179)
  );
#4343 = CARTESIAN_POINT('',(1.84859988153,2.581956274986,9.834559782338)
  );
#4344 = CARTESIAN_POINT('',(1.883589615905,2.556181152562,9.928422457456
    ));
#4345 = CARTESIAN_POINT('',(1.941675503237,2.512334128789,
    10.118451036959));
#4346 = CARTESIAN_POINT('',(1.964979423683,2.494126481306,10.21460320128
    ));
#4347 = CARTESIAN_POINT('',(1.982571030322,2.480031350091,
    10.312177944676));
#4348 = CARTESIAN_POINT('',(1.994348037367,2.470477407126,
    10.410709488547));
#4349 = CARTESIAN_POINT('',(2.00025,2.46568954605,10.509773778357));
#4350 = CARTESIAN_POINT('',(2.00025,2.46568954605,10.60896));
#4351 = PCURVE('',#525,#4352);
#4352 = DEFINITIONAL_REPRESENTATION('',(#4353),#4456);
#4353 = B_SPLINE_CURVE_WITH_KNOTS('',6,(#4354,#4355,#4356,#4357,#4358,
    #4359,#4360,#4361,#4362,#4363,#4364,#4365,#4366,#4367,#4368,#4369,
    #4370,#4371,#4372,#4373,#4374,#4375,#4376,#4377,#4378,#4379,#4380,
    #4381,#4382,#4383,#4384,#4385,#4386,#4387,#4388,#4389,#4390,#4391,
    #4392,#4393,#4394,#4395,#4396,#4397,#4398,#4399,#4400,#4401,#4402,
    #4403,#4404,#4405,#4406,#4407,#4408,#4409,#4410,#4411,#4412,#4413,
    #4414,#4415,#4416,#4417,#4418,#4419,#4420,#4421,#4422,#4423,#4424,
    #4425,#4426,#4427,#4428,#4429,#4430,#4431,#4432,#4433,#4434,#4435,
    #4436,#4437,#4438,#4439,#4440,#4441,#4442,#4443,#4444,#4445,#4446,
    #4447,#4448,#4449,#4450,#4451,#4452,#4453,#4454,#4455),
  .UNSPECIFIED.,.T.,.F.,(7,5,5,5,5,5,5,5,5,5,5,5,5,5,5,5,5,5,5,5,7),(0.,
    5.082624447578E-02,0.102632974857,0.149742332903,0.191316615082,
    0.249269729531,0.308409618769,0.351226734153,0.396657921592,
    0.448853692709,0.499802261863,0.551013172146,0.602844720982,
    0.667037804586,0.713478873616,0.774901988666,0.808782923835,
    0.851480413284,0.896784671383,0.948834613715,1.),.UNSPECIFIED.);
#4354 = CARTESIAN_POINT('',(0.889243115232,11.40896));
#4355 = CARTESIAN_POINT('',(0.889243115232,11.507256463669));
#4356 = CARTESIAN_POINT('',(0.891593988,11.605435299102));
#4357 = CARTESIAN_POINT('',(0.896285372413,11.703095032391));
#4358 = CARTESIAN_POINT('',(0.90325958943,11.799821744813));
#4359 = CARTESIAN_POINT('',(0.912410660847,11.895161565683));
#4360 = CARTESIAN_POINT('',(0.934964592565,12.083839604166));
#4361 = CARTESIAN_POINT('',(0.948451901725,12.177152854509));
#4362 = CARTESIAN_POINT('',(0.963924043654,12.268378352153));
#4363 = CARTESIAN_POINT('',(0.981270499102,12.357311299662));
#4364 = CARTESIAN_POINT('',(1.000390738781,12.443699651475));
#4365 = CARTESIAN_POINT('',(1.04011664819,12.603207431277));
#4366 = CARTESIAN_POINT('',(1.060442298652,12.676867488611));
#4367 = CARTESIAN_POINT('',(1.082135865776,12.748086976802));
#4368 = CARTESIAN_POINT('',(1.105178263776,12.816671111722));
#4369 = CARTESIAN_POINT('',(1.129565494675,12.882345639282));
#4370 = CARTESIAN_POINT('',(1.178019852122,12.999799665879));
#4371 = CARTESIAN_POINT('',(1.201802413055,13.052340459151));
#4372 = CARTESIAN_POINT('',(1.226647995372,13.102067456427));
#4373 = CARTESIAN_POINT('',(1.25255238142,13.148631950471));
#4374 = CARTESIAN_POINT('',(1.279513344024,13.191627376471));
#4375 = CARTESIAN_POINT('',(1.346589962126,13.284895883782));
#4376 = CARTESIAN_POINT('',(1.388010089474,13.331788494906));
#4377 = CARTESIAN_POINT('',(1.431274588907,13.368956438463));
#4378 = CARTESIAN_POINT('',(1.475877553483,13.3948056221));
#4379 = CARTESIAN_POINT('',(1.521342314654,13.408342754219));
#4380 = CARTESIAN_POINT('',(1.613966092457,13.410028599541));
#4381 = CARTESIAN_POINT('',(1.660442965254,13.397639011119));
#4382 = CARTESIAN_POINT('',(1.706085166789,13.372334145423));
#4383 = CARTESIAN_POINT('',(1.750372020216,13.335123540963));
#4384 = CARTESIAN_POINT('',(1.792750384388,13.287693865165));
#4385 = CARTESIAN_POINT('',(1.861541898778,13.192606327378));
#4386 = CARTESIAN_POINT('',(1.889309463357,13.148381269209));
#4387 = CARTESIAN_POINT('',(1.91595746879,13.10037373841));
#4388 = CARTESIAN_POINT('',(1.941483692174,13.049026476962));
#4389 = CARTESIAN_POINT('',(1.965883634703,12.994717024668));
#4390 = CARTESIAN_POINT('',(2.013842027288,12.877325830937));
#4391 = CARTESIAN_POINT('',(2.037274134259,12.813872124938));
#4392 = CARTESIAN_POINT('',(2.059458194581,12.747717945791));
#4393 = CARTESIAN_POINT('',(2.080388702315,12.679112979023));
#4394 = CARTESIAN_POINT('',(2.100046963538,12.608238201898));
#4395 = CARTESIAN_POINT('',(2.139491693559,12.451300479238));
#4396 = CARTESIAN_POINT('',(2.158874624105,12.36449372834));
#4397 = CARTESIAN_POINT('',(2.176463864266,12.275094824821));
#4398 = CARTESIAN_POINT('',(2.192158003092,12.183360217662));
#4399 = CARTESIAN_POINT('',(2.205844786756,12.089497542544));
#4400 = CARTESIAN_POINT('',(2.228687000962,11.900130211017));
#4401 = CARTESIAN_POINT('',(2.237948819351,11.804668897711));
#4402 = CARTESIAN_POINT('',(2.245029216526,11.70780207262));
#4403 = CARTESIAN_POINT('',(2.249820731555,11.609984933704));
#4404 = CARTESIAN_POINT('',(2.252264205547,11.51163198086));
#4405 = CARTESIAN_POINT('',(2.252431751384,11.314149585166));
#4406 = CARTESIAN_POINT('',(2.250131253322,11.215259728919));
#4407 = CARTESIAN_POINT('',(2.245455579053,11.116885888298));
#4408 = CARTESIAN_POINT('',(2.2384628778,11.019451399196));
#4409 = CARTESIAN_POINT('',(2.229261135681,10.923420515524));
#4410 = CARTESIAN_POINT('',(2.206628061024,10.734080395834));
#4411 = CARTESIAN_POINT('',(2.193140751864,10.640767145491));
#4412 = CARTESIAN_POINT('',(2.177668609936,10.549541647847));
#4413 = CARTESIAN_POINT('',(2.160322154488,10.460608700338));
#4414 = CARTESIAN_POINT('',(2.141201914808,10.374220348525));
#4415 = CARTESIAN_POINT('',(2.094627317094,10.187213662281));
#4416 = CARTESIAN_POINT('',(2.066255522313,10.088045723888));
#4417 = CARTESIAN_POINT('',(2.035373072403,9.993488520326));
#4418 = CARTESIAN_POINT('',(2.002005396944,9.904084531784));
#4419 = CARTESIAN_POINT('',(1.966137829595,9.820681936272));
#4420 = CARTESIAN_POINT('',(1.899941141809,9.689429047195));
#4421 = CARTESIAN_POINT('',(1.870766608751,9.638012760915));
#4422 = CARTESIAN_POINT('',(1.840262112966,9.590941641747));
#4423 = CARTESIAN_POINT('',(1.808485919455,9.548890459208));
#4424 = CARTESIAN_POINT('',(1.775495018222,9.512554648098));
#4425 = CARTESIAN_POINT('',(1.696172655856,9.443124558149));
#4426 = CARTESIAN_POINT('',(1.64884254115,9.414745482449));
#4427 = CARTESIAN_POINT('',(1.600283076718,9.400054195476));
#4428 = CARTESIAN_POINT('',(1.551377171495,9.400106030493));
#4429 = CARTESIAN_POINT('',(1.502993453486,9.41465381799));
#4430 = CARTESIAN_POINT('',(1.430146552699,9.457120747436));
#4431 = CARTESIAN_POINT('',(1.404716890231,9.476100901786));
#4432 = CARTESIAN_POINT('',(1.379817488993,9.498716436112));
#4433 = CARTESIAN_POINT('',(1.355511656374,9.52468686206));
#4434 = CARTESIAN_POINT('',(1.331863821202,9.553694709848));
#4435 = CARTESIAN_POINT('',(1.280050754811,9.625313672623));
#4436 = CARTESIAN_POINT('',(1.252283190232,9.669538730791));
#4437 = CARTESIAN_POINT('',(1.2256351848,9.71754626159));
#4438 = CARTESIAN_POINT('',(1.200108961415,9.768893523038));
#4439 = CARTESIAN_POINT('',(1.175709018886,9.823202975332));
#4440 = CARTESIAN_POINT('',(1.127750626301,9.940594169063));
#4441 = CARTESIAN_POINT('',(1.104318519331,10.004047875062));
#4442 = CARTESIAN_POINT('',(1.082134459009,10.070202054209));
#4443 = CARTESIAN_POINT('',(1.061203951275,10.138807020977));
#4444 = CARTESIAN_POINT('',(1.041545690052,10.209681798102));
#4445 = CARTESIAN_POINT('',(1.002100960031,10.366619520762));
#4446 = CARTESIAN_POINT('',(0.982718029485,10.453426271661));
#4447 = CARTESIAN_POINT('',(0.965128789324,10.542825175179));
#4448 = CARTESIAN_POINT('',(0.949434650498,10.634559782338));
#4449 = CARTESIAN_POINT('',(0.935747866833,10.728422457456));
#4450 = CARTESIAN_POINT('',(0.912825890359,10.918451036959));
#4451 = CARTESIAN_POINT('',(0.903512708009,11.01460320128));
#4452 = CARTESIAN_POINT('',(0.896413151947,11.112177944676));
#4453 = CARTESIAN_POINT('',(0.891636738273,11.210709488547));
#4454 = CARTESIAN_POINT('',(0.889243115232,11.309773778357));
#4455 = CARTESIAN_POINT('',(0.889243115232,11.40896));
#4456 = ( GEOMETRIC_REPRESENTATION_CONTEXT(2) 
PARAMETRIC_REPRESENTATION_CONTEXT() REPRESENTATION_CONTEXT('2D SPACE',''
  ) );
#4457 = PCURVE('',#4458,#4463);
#4458 = CYLINDRICAL_SURFACE('',#4459,2.00025);
#4459 = AXIS2_PLACEMENT_3D('',#4460,#4461,#4462);
#4460 = CARTESIAN_POINT('',(0.,6.223,10.60896));
#4461 = DIRECTION('',(0.,-1.,1.110223024625E-16));
#4462 = DIRECTION('',(1.,0.,0.));
#4463 = DEFINITIONAL_REPRESENTATION('',(#4464),#4567);
#4464 = B_SPLINE_CURVE_WITH_KNOTS('',6,(#4465,#4466,#4467,#4468,#4469,
    #4470,#4471,#4472,#4473,#4474,#4475,#4476,#4477,#4478,#4479,#4480,
    #4481,#4482,#4483,#4484,#4485,#4486,#4487,#4488,#4489,#4490,#4491,
    #4492,#4493,#4494,#4495,#4496,#4497,#4498,#4499,#4500,#4501,#4502,
    #4503,#4504,#4505,#4506,#4507,#4508,#4509,#4510,#4511,#4512,#4513,
    #4514,#4515,#4516,#4517,#4518,#4519,#4520,#4521,#4522,#4523,#4524,
    #4525,#4526,#4527,#4528,#4529,#4530,#4531,#4532,#4533,#4534,#4535,
    #4536,#4537,#4538,#4539,#4540,#4541,#4542,#4543,#4544,#4545,#4546,
    #4547,#4548,#4549,#4550,#4551,#4552,#4553,#4554,#4555,#4556,#4557,
    #4558,#4559,#4560,#4561,#4562,#4563,#4564,#4565,#4566),
  .UNSPECIFIED.,.F.,.F.,(7,5,5,5,5,5,5,5,5,5,5,5,5,5,5,5,5,5,5,5,7),(0.,
    5.082624447578E-02,0.102632974857,0.149742332903,0.191316615082,
    0.249269729531,0.308409618769,0.351226734153,0.396657921592,
    0.448853692709,0.499802261863,0.551013172146,0.602844720982,
    0.667037804586,0.713478873616,0.774901988666,0.808782923835,
    0.851480413284,0.896784671383,0.948834613715,1.),.UNSPECIFIED.);
#4465 = CARTESIAN_POINT('',(0.,3.75731045395));
#4466 = CARTESIAN_POINT('',(4.91420890734E-02,3.75731045395));
#4467 = CARTESIAN_POINT('',(9.822533764803E-02,3.752608105241));
#4468 = CARTESIAN_POINT('',(0.147262878964,3.743224236602));
#4469 = CARTESIAN_POINT('',(0.196258061122,3.729376077884));
#4470 = CARTESIAN_POINT('',(0.245193310546,3.711477851782));
#4471 = CARTESIAN_POINT('',(0.343749358135,3.668300069181));
#4472 = CARTESIAN_POINT('',(0.393390849263,3.642873378808));
#4473 = CARTESIAN_POINT('',(0.443055127467,3.614319591307));
#4474 = CARTESIAN_POINT('',(0.492854554081,3.583192164468));
#4475 = CARTESIAN_POINT('',(0.542891220578,3.550076019864));
#4476 = CARTESIAN_POINT('',(0.639070200094,3.48419268816));
#4477 = CARTESIAN_POINT('',(0.685182949649,3.451646574083));
#4478 = CARTESIAN_POINT('',(0.731737719478,3.418339344895));
#4479 = CARTESIAN_POINT('',(0.778866977555,3.384684587718));
#4480 = CARTESIAN_POINT('',(0.826704517951,3.35112161322));
#4481 = CARTESIAN_POINT('',(0.918354060771,3.289024638013));
#4482 = CARTESIAN_POINT('',(0.962006074163,3.26034451931));
#4483 = CARTESIAN_POINT('',(1.006419880465,3.23244482145));
#4484 = CARTESIAN_POINT('',(1.051666516205,3.205707035562));
#4485 = CARTESIAN_POINT('',(1.097821875194,3.180542771286));
#4486 = CARTESIAN_POINT('',(1.210704794457,3.125121312603));
#4487 = CARTESIAN_POINT('',(1.278889117139,3.096510009687));
#4488 = CARTESIAN_POINT('',(1.348846795418,3.07334925864));
#4489 = CARTESIAN_POINT('',(1.420108374402,3.05707469398));
#4490 = CARTESIAN_POINT('',(1.492297154793,3.04854635953));
#4491 = CARTESIAN_POINT('',(1.639320481281,3.047484287502));
#4492 = CARTESIAN_POINT('',(1.713070919181,3.0552896908));
#4493 = CARTESIAN_POINT('',(1.78592007243,3.071239925438));
#4494 = CARTESIAN_POINT('',(1.85745038302,3.094463037041));
#4495 = CARTESIAN_POINT('',(1.927144759757,3.12343561198));
#4496 = CARTESIAN_POINT('',(2.042833544357,3.179977097368));
#4497 = CARTESIAN_POINT('',(2.090356365503,3.205871286906));
#4498 = CARTESIAN_POINT('',(2.136916183534,3.233433999869));
#4499 = CARTESIAN_POINT('',(2.182596013509,3.262216637746));
#4500 = CARTESIAN_POINT('',(2.227473502359,3.291804506534));
#4501 = CARTESIAN_POINT('',(2.318483443065,3.353664704566));
#4502 = CARTESIAN_POINT('',(2.364555411071,3.386011098558));
#4503 = CARTESIAN_POINT('',(2.409977667939,3.418430389192));
#4504 = CARTESIAN_POINT('',(2.454866612907,3.450526933639));
#4505 = CARTESIAN_POINT('',(2.499337383434,3.481927179635));
#4506 = CARTESIAN_POINT('',(2.594275755238,3.54713122709));
#4507 = CARTESIAN_POINT('',(2.644682445381,3.580618604131));
#4508 = CARTESIAN_POINT('',(2.694841020682,3.61212174696));
#4509 = CARTESIAN_POINT('',(2.744857107943,3.641043725014));
#4510 = CARTESIAN_POINT('',(2.794846444928,3.666818847438));
#4511 = CARTESIAN_POINT('',(2.893842297889,3.710513295447));
#4512 = CARTESIAN_POINT('',(2.942869636107,3.728617196232));
#4513 = CARTESIAN_POINT('',(2.991956745006,3.74267032126));
#4514 = CARTESIAN_POINT('',(3.041086480367,3.752252224025));
#4515 = CARTESIAN_POINT('',(3.090262970096,3.757139767364));
#4516 = CARTESIAN_POINT('',(3.18899204286,3.757474900192));
#4517 = CARTESIAN_POINT('',(3.23842471505,3.752873343731));
#4518 = CARTESIAN_POINT('',(3.287811698158,3.743518742666));
#4519 = CARTESIAN_POINT('',(3.337156210517,3.729629989615));
#4520 = CARTESIAN_POINT('',(3.386440125757,3.711629364903));
#4521 = CARTESIAN_POINT('',(3.485342011725,3.668300069181));
#4522 = CARTESIAN_POINT('',(3.534983502853,3.642873378807));
#4523 = CARTESIAN_POINT('',(3.584647781057,3.614319591307));
#4524 = CARTESIAN_POINT('',(3.634447207671,3.583192164468));
#4525 = CARTESIAN_POINT('',(3.684483874168,3.550076019864));
#4526 = CARTESIAN_POINT('',(3.797243968177,3.472834498754));
#4527 = CARTESIAN_POINT('',(3.860189025132,3.427938612817));
#4528 = CARTESIAN_POINT('',(3.924045499167,3.381905063651));
#4529 = CARTESIAN_POINT('',(3.989153754791,3.335775927584));
#4530 = CARTESIAN_POINT('',(4.0558502449,3.290719683294));
#4531 = CARTESIAN_POINT('',(4.174165389626,3.217284397055));
#4532 = CARTESIAN_POINT('',(4.22495429652,3.187676055851));
#4533 = CARTESIAN_POINT('',(4.276865720836,3.159907689044));
#4534 = CARTESIAN_POINT('',(4.329916668205,3.134622741545));
#4535 = CARTESIAN_POINT('',(4.38414646785,3.112465756679));
#4536 = CARTESIAN_POINT('',(4.512991878294,3.069721830178));
#4537 = CARTESIAN_POINT('',(4.588748671422,3.051878151837));
#4538 = CARTESIAN_POINT('',(4.665727382135,3.042496654352));
#4539 = CARTESIAN_POINT('',(4.743047294974,3.042567159785));
#4540 = CARTESIAN_POINT('',(4.819865094849,3.051813424267));
#4541 = CARTESIAN_POINT('',(4.936680137813,3.078296179549));
#4542 = CARTESIAN_POINT('',(4.977692189295,3.09007930135));
#4543 = CARTESIAN_POINT('',(5.018158404844,3.104024952034));
#4544 = CARTESIAN_POINT('',(5.058041016719,3.119887770007));
#4545 = CARTESIAN_POINT('',(5.097290586378,3.137390627769));
#4546 = CARTESIAN_POINT('',(5.184426197947,3.179977097369));
#4547 = CARTESIAN_POINT('',(5.231949019093,3.205871286906));
#4548 = CARTESIAN_POINT('',(5.278508837124,3.233433999869));
#4549 = CARTESIAN_POINT('',(5.324188667099,3.262216637746));
#4550 = CARTESIAN_POINT('',(5.369066155948,3.291804506534));
#4551 = CARTESIAN_POINT('',(5.460076096655,3.353664704566));
#4552 = CARTESIAN_POINT('',(5.506148064661,3.386011098558));
#4553 = CARTESIAN_POINT('',(5.551570321529,3.418430389193));
#4554 = CARTESIAN_POINT('',(5.596459266497,3.450526933639));
#4555 = CARTESIAN_POINT('',(5.640930037024,3.481927179635));
#4556 = CARTESIAN_POINT('',(5.735868408828,3.54713122709));
#4557 = CARTESIAN_POINT('',(5.786275098971,3.580618604131));
#4558 = CARTESIAN_POINT('',(5.836433674272,3.61212174696));
#4559 = CARTESIAN_POINT('',(5.886449761532,3.641043725014));
#4560 = CARTESIAN_POINT('',(5.936439098518,3.666818847438));
#4561 = CARTESIAN_POINT('',(6.035780633107,3.710665871211));
#4562 = CARTESIAN_POINT('',(6.085156682015,3.728873518694));
#4563 = CARTESIAN_POINT('',(6.134593221246,3.742968649909));
#4564 = CARTESIAN_POINT('',(6.18407247624,3.752522592874));
#4565 = CARTESIAN_POINT('',(6.233598394722,3.75731045395));
#4566 = CARTESIAN_POINT('',(6.28318530718,3.75731045395));
#4567 = ( GEOMETRIC_REPRESENTATION_CONTEXT(2) 
PARAMETRIC_REPRESENTATION_CONTEXT() REPRESENTATION_CONTEXT('2D SPACE',''
  ) );
#4568 = FACE_BOUND('',#4569,.F.);
#4569 = EDGE_LOOP('',(#4570));
#4570 = ORIENTED_EDGE('',*,*,#4571,.F.);
#4571 = EDGE_CURVE('',#4572,#4572,#4574,.T.);
#4572 = VERTEX_POINT('',#4573);
#4573 = CARTESIAN_POINT('',(2.00025,-2.46568954605,10.60896));
#4574 = SURFACE_CURVE('',#4575,(#4678,#4784),.PCURVE_S1.);
#4575 = B_SPLINE_CURVE_WITH_KNOTS('',6,(#4576,#4577,#4578,#4579,#4580,
    #4581,#4582,#4583,#4584,#4585,#4586,#4587,#4588,#4589,#4590,#4591,
    #4592,#4593,#4594,#4595,#4596,#4597,#4598,#4599,#4600,#4601,#4602,
    #4603,#4604,#4605,#4606,#4607,#4608,#4609,#4610,#4611,#4612,#4613,
    #4614,#4615,#4616,#4617,#4618,#4619,#4620,#4621,#4622,#4623,#4624,
    #4625,#4626,#4627,#4628,#4629,#4630,#4631,#4632,#4633,#4634,#4635,
    #4636,#4637,#4638,#4639,#4640,#4641,#4642,#4643,#4644,#4645,#4646,
    #4647,#4648,#4649,#4650,#4651,#4652,#4653,#4654,#4655,#4656,#4657,
    #4658,#4659,#4660,#4661,#4662,#4663,#4664,#4665,#4666,#4667,#4668,
    #4669,#4670,#4671,#4672,#4673,#4674,#4675,#4676,#4677),
  .UNSPECIFIED.,.T.,.F.,(7,5,5,5,5,5,5,5,5,5,5,5,5,5,5,5,5,5,5,5,7),(0.,
    5.08262444004E-02,0.102632974705,0.149742330705,0.191316612973,
    0.249269727559,0.308409616938,0.351226732424,0.396657919971,
    0.448853691212,0.499802260487,0.551013170892,0.602844719851,
    0.667037803608,0.713478872748,0.774901987944,0.808782923193,
    0.851480412769,0.896784671024,0.948834613537,1.),.UNSPECIFIED.);
#4576 = CARTESIAN_POINT('',(2.00025,-2.46568954605,10.60896));
#4577 = CARTESIAN_POINT('',(2.00025,-2.46568954605,10.707256463669));
#4578 = CARTESIAN_POINT('',(1.994453448185,-2.470391894759,
    10.805435299102));
#4579 = CARTESIAN_POINT('',(1.982886087823,-2.479775763398,
    10.903095032391));
#4580 = CARTESIAN_POINT('',(1.965606593307,-2.493623922116,
    10.999821744813));
#4581 = CARTESIAN_POINT('',(1.942714357507,-2.511522148218,
    11.095161565683));
#4582 = CARTESIAN_POINT('',(1.885587395736,-2.554699930819,
    11.283839604166));
#4583 = CARTESIAN_POINT('',(1.851127792901,-2.580126621192,
    11.377152854509));
#4584 = CARTESIAN_POINT('',(1.811142702233,-2.608680408693,
    11.468378352153));
#4585 = CARTESIAN_POINT('',(1.765684205038,-2.639807835532,
    11.557311299662));
#4586 = CARTESIAN_POINT('',(1.714778786027,-2.672923980136,
    11.643699651475));
#4587 = CARTESIAN_POINT('',(1.607223669469,-2.738807310524,
    11.80320742809));
#4588 = CARTESIAN_POINT('',(1.551480913029,-2.771353428154,
    11.876867493478));
#4589 = CARTESIAN_POINT('',(1.491157074894,-2.804660655018,
    11.94808697696));
#4590 = CARTESIAN_POINT('',(1.426147836405,-2.838315410001,
    12.016671106921));
#4591 = CARTESIAN_POINT('',(1.356325199309,-2.871878388275,
    12.08234564211));
#4592 = CARTESIAN_POINT('',(1.215571848915,-2.933975361994,
    12.199799665892));
#4593 = CARTESIAN_POINT('',(1.145693215064,-2.962655480688,
    12.252340459145));
#4594 = CARTESIAN_POINT('',(1.07185463393,-2.990555178544,
    12.302067456416));
#4595 = CARTESIAN_POINT('',(0.994009821602,-3.017292964438,
    12.34863195047));
#4596 = CARTESIAN_POINT('',(0.912136488815,-3.04245722872,
    12.391627376481));
#4597 = CARTESIAN_POINT('',(0.706505891068,-3.097878687397,
    12.484895883782));
#4598 = CARTESIAN_POINT('',(0.578015773061,-3.126489990313,
    12.531788494906));
#4599 = CARTESIAN_POINT('',(0.442343186465,-3.14965074136,
    12.568956438463));
#4600 = CARTESIAN_POINT('',(0.301336024586,-3.16592530602,12.5948056221)
  );
#4601 = CARTESIAN_POINT('',(0.157015514417,-3.17445364047,
    12.608342754219));
#4602 = CARTESIAN_POINT('',(-0.137063062262,-3.175515712498,
    12.610028599541));
#4603 = CARTESIAN_POINT('',(-0.284655985369,-3.1677103092,
    12.597639011119));
#4604 = CARTESIAN_POINT('',(-0.429044859154,-3.151760074562,
    12.572334145423));
#4605 = CARTESIAN_POINT('',(-0.568019418244,-3.128536962959,
    12.535123540963));
#4606 = CARTESIAN_POINT('',(-0.699554099862,-3.09956438802,
    12.487693865165));
#4607 = CARTESIAN_POINT('',(-0.910521690779,-3.043022902632,
    12.392606327378));
#4608 = CARTESIAN_POINT('',(-0.994855178918,-3.017128713094,
    12.348381269209));
#4609 = CARTESIAN_POINT('',(-1.074918915094,-2.989566000131,
    12.30037373841));
#4610 = CARTESIAN_POINT('',(-1.150738193027,-2.960783362254,
    12.249026476962));
#4611 = CARTESIAN_POINT('',(-1.222364939404,-2.931195493466,
    12.194717024668));
#4612 = CARTESIAN_POINT('',(-1.361500945495,-2.869335295434,
    12.077325830937));
#4613 = CARTESIAN_POINT('',(-1.428538204934,-2.836988901442,
    12.013872124938));
#4614 = CARTESIAN_POINT('',(-1.491112805687,-2.804569610808,
    11.947717945791));
#4615 = CARTESIAN_POINT('',(-1.54933418435,-2.772473066361,
    11.879112979023));
#4616 = CARTESIAN_POINT('',(-1.603290776122,-2.741072820365,
    11.808238201898));
#4617 = CARTESIAN_POINT('',(-1.710214781036,-2.67586877291,
    11.651300479238));
#4618 = CARTESIAN_POINT('',(-1.761874699806,-2.642381395869,
    11.56449372834));
#4619 = CARTESIAN_POINT('',(-1.80801110931,-2.61087825304,
    11.475094824821));
#4620 = CARTESIAN_POINT('',(-1.84859988153,-2.581956274986,
    11.383360217662));
#4621 = CARTESIAN_POINT('',(-1.883589615905,-2.556181152562,
    11.289497542544));
#4622 = CARTESIAN_POINT('',(-1.941473380085,-2.512486704553,
    11.100130211017));
#4623 = CARTESIAN_POINT('',(-1.964651285103,-2.494382803768,
    11.004668897711));
#4624 = CARTESIAN_POINT('',(-1.982198618055,-2.48032967874,
    10.90780207262));
#4625 = CARTESIAN_POINT('',(-1.994014691735,-2.470747775975,
    10.809984933703));
#4626 = CARTESIAN_POINT('',(-2.00003959548,-2.465860232636,
    10.71163198086));
#4627 = CARTESIAN_POINT('',(-2.000452712094,-2.465525099808,
    10.514149585166));
#4628 = CARTESIAN_POINT('',(-1.994780342254,-2.470126656269,
    10.415259728919));
#4629 = CARTESIAN_POINT('',(-1.983253476369,-2.479481257335,
    10.316885888298));
#4630 = CARTESIAN_POINT('',(-1.96593132478,-2.493370010385,
    10.219451399195));
#4631 = CARTESIAN_POINT('',(-1.942914819035,-2.511370635097,
    10.123420515524));
#4632 = CARTESIAN_POINT('',(-1.885587395736,-2.554699930819,
    9.934080395834));
#4633 = CARTESIAN_POINT('',(-1.851127792901,-2.580126621193,
    9.840767145491));
#4634 = CARTESIAN_POINT('',(-1.811142702233,-2.608680408693,
    9.749541647847));
#4635 = CARTESIAN_POINT('',(-1.765684205038,-2.639807835532,
    9.660608700338));
#4636 = CARTESIAN_POINT('',(-1.714778786027,-2.672923980136,
    9.574220348525));
#4637 = CARTESIAN_POINT('',(-1.588681323176,-2.750165501246,
    9.387213662281));
#4638 = CARTESIAN_POINT('',(-1.510545278741,-2.795061387183,
    9.288045723888));
#4639 = CARTESIAN_POINT('',(-1.423872622311,-2.841094936349,
    9.193488520327));
#4640 = CARTESIAN_POINT('',(-1.328351082916,-2.887224072416,
    9.104084531783));
#4641 = CARTESIAN_POINT('',(-1.223612992578,-2.932280316706,
    9.020681936272));
#4642 = CARTESIAN_POINT('',(-1.02668515721,-3.005715602945,
    8.889429047195));
#4643 = CARTESIAN_POINT('',(-0.938866426776,-3.035323944149,
    8.838012760915));
#4644 = CARTESIAN_POINT('',(-0.84598511101,-3.063092310956,
    8.790941641747));
#4645 = CARTESIAN_POINT('',(-0.748196525889,-3.088377258455,
    8.748890459208));
#4646 = CARTESIAN_POINT('',(-0.645724082309,-3.110534243321,
    8.712554648098));
#4647 = CARTESIAN_POINT('',(-0.397529352395,-3.153278169822,
    8.643124558149));
#4648 = CARTESIAN_POINT('',(-0.248117829251,-3.171121848163,
    8.614745482448));
#4649 = CARTESIAN_POINT('',(-9.381808337995E-02,-3.180503345648,
    8.600054195476));
#4650 = CARTESIAN_POINT('',(6.188662188073E-02,-3.180432840215,
    8.600106030493));
#4651 = CARTESIAN_POINT('',(0.215455414659,-3.171186575733,8.61465381799
    ));
#4652 = CARTESIAN_POINT('',(0.445223174715,-3.144703820451,
    8.657120747436));
#4653 = CARTESIAN_POINT('',(0.525138846058,-3.13292069865,8.676100901786
    ));
#4654 = CARTESIAN_POINT('',(0.603010332625,-3.118975047966,
    8.698716436112));
#4655 = CARTESIAN_POINT('',(0.67858240976,-3.103112229993,8.72468686206)
  );
#4656 = CARTESIAN_POINT('',(0.751623054931,-3.085609372231,
    8.753694709847));
#4657 = CARTESIAN_POINT('',(0.910521690831,-3.043022902618,
    8.825313672646));
#4658 = CARTESIAN_POINT('',(0.994855178903,-3.017128713095,
    8.869538730791));
#4659 = CARTESIAN_POINT('',(1.074918915051,-2.989566000146,
    8.917546261564));
#4660 = CARTESIAN_POINT('',(1.15073819302,-2.96078336226,8.968893523025)
  );
#4661 = CARTESIAN_POINT('',(1.222364939439,-2.931195493451,
    9.023202975361));
#4662 = CARTESIAN_POINT('',(1.361500945495,-2.869335295434,
    9.140594169063));
#4663 = CARTESIAN_POINT('',(1.428538204934,-2.836988901442,
    9.204047875062));
#4664 = CARTESIAN_POINT('',(1.491112805687,-2.804569610807,
    9.270202054209));
#4665 = CARTESIAN_POINT('',(1.54933418435,-2.772473066361,9.338807020977
    ));
#4666 = CARTESIAN_POINT('',(1.603290776122,-2.741072820365,
    9.409681798102));
#4667 = CARTESIAN_POINT('',(1.710214781036,-2.67586877291,9.566619520762
    ));
#4668 = CARTESIAN_POINT('',(1.761874699806,-2.642381395869,
    9.653426271661));
#4669 = CARTESIAN_POINT('',(1.80801110931,-2.61087825304,9.742825175179)
  );
#4670 = CARTESIAN_POINT('',(1.84859988153,-2.581956274986,9.834559782338
    ));
#4671 = CARTESIAN_POINT('',(1.883589615905,-2.556181152562,
    9.928422457456));
#4672 = CARTESIAN_POINT('',(1.941675503237,-2.512334128788,
    10.11845103696));
#4673 = CARTESIAN_POINT('',(1.964979423683,-2.494126481306,
    10.21460320128));
#4674 = CARTESIAN_POINT('',(1.982571030322,-2.480031350091,
    10.312177944676));
#4675 = CARTESIAN_POINT('',(1.994348037367,-2.470477407126,
    10.410709488547));
#4676 = CARTESIAN_POINT('',(2.00025,-2.46568954605,10.509773778357));
#4677 = CARTESIAN_POINT('',(2.00025,-2.46568954605,10.60896));
#4678 = PCURVE('',#525,#4679);
#4679 = DEFINITIONAL_REPRESENTATION('',(#4680),#4783);
#4680 = B_SPLINE_CURVE_WITH_KNOTS('',6,(#4681,#4682,#4683,#4684,#4685,
    #4686,#4687,#4688,#4689,#4690,#4691,#4692,#4693,#4694,#4695,#4696,
    #4697,#4698,#4699,#4700,#4701,#4702,#4703,#4704,#4705,#4706,#4707,
    #4708,#4709,#4710,#4711,#4712,#4713,#4714,#4715,#4716,#4717,#4718,
    #4719,#4720,#4721,#4722,#4723,#4724,#4725,#4726,#4727,#4728,#4729,
    #4730,#4731,#4732,#4733,#4734,#4735,#4736,#4737,#4738,#4739,#4740,
    #4741,#4742,#4743,#4744,#4745,#4746,#4747,#4748,#4749,#4750,#4751,
    #4752,#4753,#4754,#4755,#4756,#4757,#4758,#4759,#4760,#4761,#4762,
    #4763,#4764,#4765,#4766,#4767,#4768,#4769,#4770,#4771,#4772,#4773,
    #4774,#4775,#4776,#4777,#4778,#4779,#4780,#4781,#4782),
  .UNSPECIFIED.,.T.,.F.,(7,5,5,5,5,5,5,5,5,5,5,5,5,5,5,5,5,5,5,5,7),(0.,
    5.08262444004E-02,0.102632974705,0.149742330705,0.191316612973,
    0.249269727559,0.308409616938,0.351226732424,0.396657919971,
    0.448853691212,0.499802260487,0.551013170892,0.602844719851,
    0.667037803608,0.713478872748,0.774901987944,0.808782923193,
    0.851480412769,0.896784671024,0.948834613537,1.),.UNSPECIFIED.);
#4681 = CARTESIAN_POINT('',(5.393942191948,11.40896));
#4682 = CARTESIAN_POINT('',(5.393942191948,11.507256463669));
#4683 = CARTESIAN_POINT('',(5.391591319179,11.605435299102));
#4684 = CARTESIAN_POINT('',(5.386899934767,11.703095032391));
#4685 = CARTESIAN_POINT('',(5.379925717749,11.799821744813));
#4686 = CARTESIAN_POINT('',(5.370774646333,11.895161565683));
#4687 = CARTESIAN_POINT('',(5.348220714614,12.083839604166));
#4688 = CARTESIAN_POINT('',(5.334733405454,12.177152854509));
#4689 = CARTESIAN_POINT('',(5.319261263526,12.268378352153));
#4690 = CARTESIAN_POINT('',(5.301914808078,12.357311299662));
#4691 = CARTESIAN_POINT('',(5.282794568398,12.443699651475));
#4692 = CARTESIAN_POINT('',(5.243068659783,12.60320742809));
#4693 = CARTESIAN_POINT('',(5.222743007009,12.676867493478));
#4694 = CARTESIAN_POINT('',(5.201049441579,12.74808697696));
#4695 = CARTESIAN_POINT('',(5.178007045007,12.816671106921));
#4696 = CARTESIAN_POINT('',(5.153619811338,12.88234564211));
#4697 = CARTESIAN_POINT('',(5.105165455053,12.999799665892));
#4698 = CARTESIAN_POINT('',(5.081382894126,13.052340459145));
#4699 = CARTESIAN_POINT('',(5.056537311814,13.102067456416));
#4700 = CARTESIAN_POINT('',(5.030632925762,13.14863195047));
#4701 = CARTESIAN_POINT('',(5.003671963149,13.191627376481));
#4702 = CARTESIAN_POINT('',(4.936595345054,13.284895883782));
#4703 = CARTESIAN_POINT('',(4.895175217705,13.331788494906));
#4704 = CARTESIAN_POINT('',(4.851910718273,13.368956438463));
#4705 = CARTESIAN_POINT('',(4.807307753697,13.3948056221));
#4706 = CARTESIAN_POINT('',(4.761842992525,13.408342754219));
#4707 = CARTESIAN_POINT('',(4.669219214723,13.410028599541));
#4708 = CARTESIAN_POINT('',(4.622742341925,13.397639011119));
#4709 = CARTESIAN_POINT('',(4.577100140391,13.372334145423));
#4710 = CARTESIAN_POINT('',(4.532813286964,13.335123540963));
#4711 = CARTESIAN_POINT('',(4.490434922791,13.287693865165));
#4712 = CARTESIAN_POINT('',(4.421643408401,13.192606327378));
#4713 = CARTESIAN_POINT('',(4.393875843822,13.148381269209));
#4714 = CARTESIAN_POINT('',(4.367227838389,13.10037373841));
#4715 = CARTESIAN_POINT('',(4.341701615005,13.049026476962));
#4716 = CARTESIAN_POINT('',(4.317301672476,12.994717024668));
#4717 = CARTESIAN_POINT('',(4.269343279891,12.877325830937));
#4718 = CARTESIAN_POINT('',(4.24591117292,12.813872124938));
#4719 = CARTESIAN_POINT('',(4.223727112599,12.747717945791));
#4720 = CARTESIAN_POINT('',(4.202796604865,12.679112979023));
#4721 = CARTESIAN_POINT('',(4.183138343641,12.608238201898));
#4722 = CARTESIAN_POINT('',(4.143693613621,12.451300479238));
#4723 = CARTESIAN_POINT('',(4.124310683074,12.36449372834));
#4724 = CARTESIAN_POINT('',(4.106721442914,12.275094824821));
#4725 = CARTESIAN_POINT('',(4.091027304088,12.183360217662));
#4726 = CARTESIAN_POINT('',(4.077340520423,12.089497542544));
#4727 = CARTESIAN_POINT('',(4.054498306218,11.900130211017));
#4728 = CARTESIAN_POINT('',(4.045236487829,11.804668897711));
#4729 = CARTESIAN_POINT('',(4.038156090654,11.70780207262));
#4730 = CARTESIAN_POINT('',(4.033364575625,11.609984933703));
#4731 = CARTESIAN_POINT('',(4.030921101633,11.51163198086));
#4732 = CARTESIAN_POINT('',(4.030753555795,11.314149585166));
#4733 = CARTESIAN_POINT('',(4.033054053857,11.215259728919));
#4734 = CARTESIAN_POINT('',(4.037729728127,11.116885888298));
#4735 = CARTESIAN_POINT('',(4.04472242938,11.019451399195));
#4736 = CARTESIAN_POINT('',(4.053924171498,10.923420515524));
#4737 = CARTESIAN_POINT('',(4.076557246155,10.734080395834));
#4738 = CARTESIAN_POINT('',(4.090044555315,10.640767145491));
#4739 = CARTESIAN_POINT('',(4.105516697244,10.549541647847));
#4740 = CARTESIAN_POINT('',(4.122863152691,10.460608700338));
#4741 = CARTESIAN_POINT('',(4.141983392371,10.374220348525));
#4742 = CARTESIAN_POINT('',(4.188557990086,10.187213662281));
#4743 = CARTESIAN_POINT('',(4.216929784866,10.088045723888));
#4744 = CARTESIAN_POINT('',(4.247812234776,9.993488520327));
#4745 = CARTESIAN_POINT('',(4.281179910236,9.904084531783));
#4746 = CARTESIAN_POINT('',(4.317047477584,9.820681936272));
#4747 = CARTESIAN_POINT('',(4.383244165371,9.689429047195));
#4748 = CARTESIAN_POINT('',(4.412418698429,9.638012760915));
#4749 = CARTESIAN_POINT('',(4.442923194214,9.590941641747));
#4750 = CARTESIAN_POINT('',(4.474699387724,9.548890459208));
#4751 = CARTESIAN_POINT('',(4.507690288957,9.512554648098));
#4752 = CARTESIAN_POINT('',(4.587012651323,9.443124558149));
#4753 = CARTESIAN_POINT('',(4.63434276603,9.414745482448));
#4754 = CARTESIAN_POINT('',(4.682902230462,9.400054195476));
#4755 = CARTESIAN_POINT('',(4.731808135685,9.400106030493));
#4756 = CARTESIAN_POINT('',(4.780191853693,9.41465381799));
#4757 = CARTESIAN_POINT('',(4.85303875448,9.457120747436));
#4758 = CARTESIAN_POINT('',(4.878468416949,9.476100901786));
#4759 = CARTESIAN_POINT('',(4.903367818187,9.498716436112));
#4760 = CARTESIAN_POINT('',(4.927673650806,9.52468686206));
#4761 = CARTESIAN_POINT('',(4.951321485977,9.553694709847));
#4762 = CARTESIAN_POINT('',(5.003134552385,9.625313672646));
#4763 = CARTESIAN_POINT('',(5.030902116943,9.669538730791));
#4764 = CARTESIAN_POINT('',(5.057550122366,9.717546261564));
#4765 = CARTESIAN_POINT('',(5.083076345761,9.768893523025));
#4766 = CARTESIAN_POINT('',(5.107476288305,9.823202975361));
#4767 = CARTESIAN_POINT('',(5.155434680878,9.940594169063));
#4768 = CARTESIAN_POINT('',(5.178866787849,10.004047875062));
#4769 = CARTESIAN_POINT('',(5.20105084817,10.070202054209));
#4770 = CARTESIAN_POINT('',(5.221981355905,10.138807020977));
#4771 = CARTESIAN_POINT('',(5.241639617128,10.209681798102));
#4772 = CARTESIAN_POINT('',(5.281084347149,10.366619520762));
#4773 = CARTESIAN_POINT('',(5.300467277695,10.453426271661));
#4774 = CARTESIAN_POINT('',(5.318056517855,10.542825175179));
#4775 = CARTESIAN_POINT('',(5.333750656681,10.634559782338));
#4776 = CARTESIAN_POINT('',(5.347437440346,10.728422457456));
#4777 = CARTESIAN_POINT('',(5.37035941682,10.91845103696));
#4778 = CARTESIAN_POINT('',(5.379672599171,11.01460320128));
#4779 = CARTESIAN_POINT('',(5.386772155233,11.112177944676));
#4780 = CARTESIAN_POINT('',(5.391548568907,11.210709488547));
#4781 = CARTESIAN_POINT('',(5.393942191948,11.309773778357));
#4782 = CARTESIAN_POINT('',(5.393942191948,11.40896));
#4783 = ( GEOMETRIC_REPRESENTATION_CONTEXT(2) 
PARAMETRIC_REPRESENTATION_CONTEXT() REPRESENTATION_CONTEXT('2D SPACE',''
  ) );
#4784 = PCURVE('',#2353,#4785);
#4785 = DEFINITIONAL_REPRESENTATION('',(#4786),#4889);
#4786 = B_SPLINE_CURVE_WITH_KNOTS('',6,(#4787,#4788,#4789,#4790,#4791,
    #4792,#4793,#4794,#4795,#4796,#4797,#4798,#4799,#4800,#4801,#4802,
    #4803,#4804,#4805,#4806,#4807,#4808,#4809,#4810,#4811,#4812,#4813,
    #4814,#4815,#4816,#4817,#4818,#4819,#4820,#4821,#4822,#4823,#4824,
    #4825,#4826,#4827,#4828,#4829,#4830,#4831,#4832,#4833,#4834,#4835,
    #4836,#4837,#4838,#4839,#4840,#4841,#4842,#4843,#4844,#4845,#4846,
    #4847,#4848,#4849,#4850,#4851,#4852,#4853,#4854,#4855,#4856,#4857,
    #4858,#4859,#4860,#4861,#4862,#4863,#4864,#4865,#4866,#4867,#4868,
    #4869,#4870,#4871,#4872,#4873,#4874,#4875,#4876,#4877,#4878,#4879,
    #4880,#4881,#4882,#4883,#4884,#4885,#4886,#4887,#4888),
  .UNSPECIFIED.,.F.,.F.,(7,5,5,5,5,5,5,5,5,5,5,5,5,5,5,5,5,5,5,5,7),(0.,
    5.08262444004E-02,0.102632974705,0.149742330705,0.191316612973,
    0.249269727559,0.308409616938,0.351226732424,0.396657919971,
    0.448853691212,0.499802260487,0.551013170892,0.602844719851,
    0.667037803608,0.713478872748,0.774901987944,0.808782923193,
    0.851480412769,0.896784671024,0.948834613537,1.),.UNSPECIFIED.);
#4787 = CARTESIAN_POINT('',(0.,8.68868954605));
#4788 = CARTESIAN_POINT('',(4.914208907341E-02,8.68868954605));
#4789 = CARTESIAN_POINT('',(9.822533764804E-02,8.693391894759));
#4790 = CARTESIAN_POINT('',(0.147262878964,8.702775763398));
#4791 = CARTESIAN_POINT('',(0.196258061123,8.716623922116));
#4792 = CARTESIAN_POINT('',(0.245193310546,8.734522148218));
#4793 = CARTESIAN_POINT('',(0.343749358135,8.777699930819));
#4794 = CARTESIAN_POINT('',(0.393390849263,8.803126621192));
#4795 = CARTESIAN_POINT('',(0.443055127467,8.831680408693));
#4796 = CARTESIAN_POINT('',(0.492854554081,8.862807835532));
#4797 = CARTESIAN_POINT('',(0.542891220578,8.895923980136));
#4798 = CARTESIAN_POINT('',(0.639070198173,8.961807310524));
#4799 = CARTESIAN_POINT('',(0.68518295291,8.994353428154));
#4800 = CARTESIAN_POINT('',(0.731737719341,9.027660655018));
#4801 = CARTESIAN_POINT('',(0.778866974225,9.061315410001));
#4802 = CARTESIAN_POINT('',(0.826704520157,9.094878388275));
#4803 = CARTESIAN_POINT('',(0.918354060781,9.156975361994));
#4804 = CARTESIAN_POINT('',(0.962006074161,9.185655480688));
#4805 = CARTESIAN_POINT('',(1.006419880454,9.213555178544));
#4806 = CARTESIAN_POINT('',(1.051666516202,9.240292964438));
#4807 = CARTESIAN_POINT('',(1.097821875206,9.26545722872));
#4808 = CARTESIAN_POINT('',(1.210704794457,9.320878687397));
#4809 = CARTESIAN_POINT('',(1.27888911714,9.349489990313));
#4810 = CARTESIAN_POINT('',(1.348846795418,9.37265074136));
#4811 = CARTESIAN_POINT('',(1.420108374403,9.38892530602));
#4812 = CARTESIAN_POINT('',(1.492297154793,9.39745364047));
#4813 = CARTESIAN_POINT('',(1.639320481281,9.398515712498));
#4814 = CARTESIAN_POINT('',(1.713070919181,9.3907103092));
#4815 = CARTESIAN_POINT('',(1.78592007243,9.374760074562));
#4816 = CARTESIAN_POINT('',(1.85745038302,9.351536962959));
#4817 = CARTESIAN_POINT('',(1.927144759757,9.32256438802));
#4818 = CARTESIAN_POINT('',(2.042833544357,9.266022902632));
#4819 = CARTESIAN_POINT('',(2.090356365503,9.240128713094));
#4820 = CARTESIAN_POINT('',(2.136916183534,9.212566000131));
#4821 = CARTESIAN_POINT('',(2.182596013509,9.183783362254));
#4822 = CARTESIAN_POINT('',(2.227473502359,9.154195493466));
#4823 = CARTESIAN_POINT('',(2.318483443065,9.092335295434));
#4824 = CARTESIAN_POINT('',(2.364555411071,9.059988901442));
#4825 = CARTESIAN_POINT('',(2.409977667939,9.027569610808));
#4826 = CARTESIAN_POINT('',(2.454866612907,8.995473066361));
#4827 = CARTESIAN_POINT('',(2.499337383434,8.964072820365));
#4828 = CARTESIAN_POINT('',(2.594275755238,8.89886877291));
#4829 = CARTESIAN_POINT('',(2.644682445381,8.865381395869));
#4830 = CARTESIAN_POINT('',(2.694841020682,8.83387825304));
#4831 = CARTESIAN_POINT('',(2.744857107943,8.804956274986));
#4832 = CARTESIAN_POINT('',(2.794846444928,8.779181152562));
#4833 = CARTESIAN_POINT('',(2.893842297889,8.735486704553));
#4834 = CARTESIAN_POINT('',(2.942869636107,8.717382803768));
#4835 = CARTESIAN_POINT('',(2.991956745006,8.70332967874));
#4836 = CARTESIAN_POINT('',(3.041086480367,8.693747775975));
#4837 = CARTESIAN_POINT('',(3.090262970096,8.688860232636));
#4838 = CARTESIAN_POINT('',(3.18899204286,8.688525099808));
#4839 = CARTESIAN_POINT('',(3.23842471505,8.693126656269));
#4840 = CARTESIAN_POINT('',(3.287811698158,8.702481257334));
#4841 = CARTESIAN_POINT('',(3.337156210517,8.716370010385));
#4842 = CARTESIAN_POINT('',(3.386440125757,8.734370635097));
#4843 = CARTESIAN_POINT('',(3.485342011725,8.777699930819));
#4844 = CARTESIAN_POINT('',(3.534983502853,8.803126621193));
#4845 = CARTESIAN_POINT('',(3.584647781057,8.831680408693));
#4846 = CARTESIAN_POINT('',(3.634447207671,8.862807835532));
#4847 = CARTESIAN_POINT('',(3.684483874168,8.895923980136));
#4848 = CARTESIAN_POINT('',(3.797243968177,8.973165501246));
#4849 = CARTESIAN_POINT('',(3.860189025132,9.018061387183));
#4850 = CARTESIAN_POINT('',(3.924045499166,9.064094936349));
#4851 = CARTESIAN_POINT('',(3.989153754791,9.110224072416));
#4852 = CARTESIAN_POINT('',(4.0558502449,9.155280316706));
#4853 = CARTESIAN_POINT('',(4.174165389626,9.228715602945));
#4854 = CARTESIAN_POINT('',(4.22495429652,9.258323944149));
#4855 = CARTESIAN_POINT('',(4.276865720836,9.286092310956));
#4856 = CARTESIAN_POINT('',(4.329916668205,9.311377258455));
#4857 = CARTESIAN_POINT('',(4.38414646785,9.333534243321));
#4858 = CARTESIAN_POINT('',(4.512991878294,9.376278169822));
#4859 = CARTESIAN_POINT('',(4.588748671422,9.394121848163));
#4860 = CARTESIAN_POINT('',(4.665727382135,9.403503345648));
#4861 = CARTESIAN_POINT('',(4.743047294975,9.403432840215));
#4862 = CARTESIAN_POINT('',(4.819865094849,9.394186575733));
#4863 = CARTESIAN_POINT('',(4.936680137813,9.367703820451));
#4864 = CARTESIAN_POINT('',(4.977692189295,9.35592069865));
#4865 = CARTESIAN_POINT('',(5.018158404844,9.341975047966));
#4866 = CARTESIAN_POINT('',(5.058041016719,9.326112229993));
#4867 = CARTESIAN_POINT('',(5.097290586378,9.308609372231));
#4868 = CARTESIAN_POINT('',(5.184426197975,9.266022902618));
#4869 = CARTESIAN_POINT('',(5.231949019086,9.240128713095));
#4870 = CARTESIAN_POINT('',(5.278508837099,9.212566000146));
#4871 = CARTESIAN_POINT('',(5.324188667092,9.18378336226));
#4872 = CARTESIAN_POINT('',(5.369066155971,9.154195493451));
#4873 = CARTESIAN_POINT('',(5.460076096655,9.092335295434));
#4874 = CARTESIAN_POINT('',(5.506148064661,9.059988901442));
#4875 = CARTESIAN_POINT('',(5.551570321529,9.027569610807));
#4876 = CARTESIAN_POINT('',(5.596459266497,8.995473066361));
#4877 = CARTESIAN_POINT('',(5.640930037024,8.964072820365));
#4878 = CARTESIAN_POINT('',(5.735868408828,8.89886877291));
#4879 = CARTESIAN_POINT('',(5.786275098971,8.865381395869));
#4880 = CARTESIAN_POINT('',(5.836433674272,8.83387825304));
#4881 = CARTESIAN_POINT('',(5.886449761532,8.804956274986));
#4882 = CARTESIAN_POINT('',(5.936439098518,8.779181152562));
#4883 = CARTESIAN_POINT('',(6.035780633107,8.735334128788));
#4884 = CARTESIAN_POINT('',(6.085156682015,8.717126481306));
#4885 = CARTESIAN_POINT('',(6.134593221246,8.703031350091));
#4886 = CARTESIAN_POINT('',(6.18407247624,8.693477407126));
#4887 = CARTESIAN_POINT('',(6.233598394722,8.68868954605));
#4888 = CARTESIAN_POINT('',(6.28318530718,8.68868954605));
#4889 = ( GEOMETRIC_REPRESENTATION_CONTEXT(2) 
PARAMETRIC_REPRESENTATION_CONTEXT() REPRESENTATION_CONTEXT('2D SPACE',''
  ) );
#4890 = ADVANCED_FACE('',(#4891,#4894),#699,.F.);
#4891 = FACE_BOUND('',#4892,.F.);
#4892 = EDGE_LOOP('',(#4893));
#4893 = ORIENTED_EDGE('',*,*,#565,.F.);
#4894 = FACE_BOUND('',#4895,.F.);
#4895 = EDGE_LOOP('',(#4896,#4935,#5389,#5426));
#4896 = ORIENTED_EDGE('',*,*,#4897,.F.);
#4897 = EDGE_CURVE('',#4898,#4900,#4902,.T.);
#4898 = VERTEX_POINT('',#4899);
#4899 = CARTESIAN_POINT('',(0.66675,-13.57466740791,20.64));
#4900 = VERTEX_POINT('',#4901);
#4901 = CARTESIAN_POINT('',(0.66675,-14.6685,20.64));
#4902 = SURFACE_CURVE('',#4903,(#4910,#4920),.PCURVE_S1.);
#4903 = B_SPLINE_CURVE_WITH_KNOTS('',5,(#4904,#4905,#4906,#4907,#4908,
    #4909),.UNSPECIFIED.,.F.,.F.,(6,6),(0.,1.),
  .PIECEWISE_BEZIER_KNOTS.);
#4904 = CARTESIAN_POINT('',(0.66675,-2.2225,20.64));
#4905 = CARTESIAN_POINT('',(0.66675,-4.711702355654,20.64));
#4906 = CARTESIAN_POINT('',(0.66675,-7.200904393277,20.64));
#4907 = CARTESIAN_POINT('',(0.66675,-9.69010469664,20.64));
#4908 = CARTESIAN_POINT('',(0.66675,-12.17930283798,20.64));
#4909 = CARTESIAN_POINT('',(0.66675,-14.6685,20.64));
#4910 = PCURVE('',#699,#4911);
#4911 = DEFINITIONAL_REPRESENTATION('',(#4912),#4919);
#4912 = B_SPLINE_CURVE_WITH_KNOTS('',5,(#4913,#4914,#4915,#4916,#4917,
    #4918),.UNSPECIFIED.,.F.,.F.,(6,6),(0.,1.),
  .PIECEWISE_BEZIER_KNOTS.);
#4913 = CARTESIAN_POINT('',(-1.738565480372,1.536730090184));
#4914 = CARTESIAN_POINT('',(-3.998693645597,2.579761559678));
#4915 = CARTESIAN_POINT('',(-6.258824868847,3.622787161762));
#4916 = CARTESIAN_POINT('',(-8.518956609242,4.665815782072));
#4917 = CARTESIAN_POINT('',(-10.77908763688,5.708851106524));
#4918 = CARTESIAN_POINT('',(-13.03921962758,6.751886681284));
#4919 = ( GEOMETRIC_REPRESENTATION_CONTEXT(2) 
PARAMETRIC_REPRESENTATION_CONTEXT() REPRESENTATION_CONTEXT('2D SPACE',''
  ) );
#4920 = PCURVE('',#4921,#4926);
#4921 = PLANE('',#4922);
#4922 = AXIS2_PLACEMENT_3D('',#4923,#4924,#4925);
#4923 = CARTESIAN_POINT('',(0.66675,-14.6685,20.0208));
#4924 = DIRECTION('',(1.,0.,0.));
#4925 = DIRECTION('',(0.,0.,1.));
#4926 = DEFINITIONAL_REPRESENTATION('',(#4927),#4934);
#4927 = B_SPLINE_CURVE_WITH_KNOTS('',5,(#4928,#4929,#4930,#4931,#4932,
    #4933),.UNSPECIFIED.,.F.,.F.,(6,6),(0.,1.),
  .PIECEWISE_BEZIER_KNOTS.);
#4928 = CARTESIAN_POINT('',(0.6192,-12.446));
#4929 = CARTESIAN_POINT('',(0.6192,-9.956797644346));
#4930 = CARTESIAN_POINT('',(0.6192,-7.467595606723));
#4931 = CARTESIAN_POINT('',(0.6192,-4.97839530336));
#4932 = CARTESIAN_POINT('',(0.6192,-2.489197162017));
#4933 = CARTESIAN_POINT('',(0.6192,0.));
#4934 = ( GEOMETRIC_REPRESENTATION_CONTEXT(2) 
PARAMETRIC_REPRESENTATION_CONTEXT() REPRESENTATION_CONTEXT('2D SPACE',''
  ) );
#4935 = ORIENTED_EDGE('',*,*,#4936,.F.);
#4936 = EDGE_CURVE('',#4937,#4898,#4939,.T.);
#4937 = VERTEX_POINT('',#4938);
#4938 = CARTESIAN_POINT('',(-0.66675,-13.57466741004,20.64));
#4939 = SURFACE_CURVE('',#4940,(#5062,#5223),.PCURVE_S1.);
#4940 = B_SPLINE_CURVE_WITH_KNOTS('',8,(#4941,#4942,#4943,#4944,#4945,
    #4946,#4947,#4948,#4949,#4950,#4951,#4952,#4953,#4954,#4955,#4956,
    #4957,#4958,#4959,#4960,#4961,#4962,#4963,#4964,#4965,#4966,#4967,
    #4968,#4969,#4970,#4971,#4972,#4973,#4974,#4975,#4976,#4977,#4978,
    #4979,#4980,#4981,#4982,#4983,#4984,#4985,#4986,#4987,#4988,#4989,
    #4990,#4991,#4992,#4993,#4994,#4995,#4996,#4997,#4998,#4999,#5000,
    #5001,#5002,#5003,#5004,#5005,#5006,#5007,#5008,#5009,#5010,#5011,
    #5012,#5013,#5014,#5015,#5016,#5017,#5018,#5019,#5020,#5021,#5022,
    #5023,#5024,#5025,#5026,#5027,#5028,#5029,#5030,#5031,#5032,#5033,
    #5034,#5035,#5036,#5037,#5038,#5039,#5040,#5041,#5042,#5043,#5044,
    #5045,#5046,#5047,#5048,#5049,#5050,#5051,#5052,#5053,#5054,#5055,
    #5056,#5057,#5058,#5059,#5060,#5061),.UNSPECIFIED.,.F.,.F.,(9,7,7,7,
    7,7,7,7,7,7,7,7,7,7,7,7,7,9),(0.556084654066,0.598687207802,
    0.613126196056,0.686300629041,0.76203443086,0.823788513856,1.,
    1.225263068174,1.387999029524,1.583557751097,1.765785941895,
    2.009397714763,2.03081106942,2.072274144723,2.156982231216,
    2.305582092864,2.512764218977,2.6793747693),.UNSPECIFIED.);
#4941 = CARTESIAN_POINT('',(-0.66675,-13.57466741004,20.64));
#4942 = CARTESIAN_POINT('',(-0.877354119084,-13.56432311979,20.64));
#4943 = CARTESIAN_POINT('',(-1.087774692689,-13.55024464514,20.64));
#4944 = CARTESIAN_POINT('',(-1.297933251905,-13.53243584852,20.64));
#4945 = CARTESIAN_POINT('',(-1.507751005682,-13.51090265232,20.64));
#4946 = CARTESIAN_POINT('',(-1.717148836987,-13.48565310488,20.64));
#4947 = CARTESIAN_POINT('',(-1.926047296835,-13.45669746214,20.64));
#4948 = CARTESIAN_POINT('',(-2.134366595824,-13.42404828792,20.64));
#4949 = CARTESIAN_POINT('',(-2.412407355859,-13.37540827859,20.64));
#4950 = CARTESIAN_POINT('',(-2.482714145553,-13.36267312275,20.64));
#4951 = CARTESIAN_POINT('',(-2.552943997013,-13.34951562877,20.64));
#4952 = CARTESIAN_POINT('',(-2.623093950555,-13.33593634009,20.64));
#4953 = CARTESIAN_POINT('',(-2.693161051379,-13.32193582502,20.64));
#4954 = CARTESIAN_POINT('',(-2.76314234957,-13.30751467668,20.64));
#4955 = CARTESIAN_POINT('',(-2.8330349001,-13.29267351303,20.64));
#4956 = CARTESIAN_POINT('',(-3.256575128885,-13.20007507347,20.64));
#4957 = CARTESIAN_POINT('',(-3.607960979147,-13.11196608211,20.64));
#4958 = CARTESIAN_POINT('',(-3.956608841408,-13.01317014995,20.64));
#4959 = CARTESIAN_POINT('',(-4.302139528703,-12.90378727668,20.64));
#4960 = CARTESIAN_POINT('',(-4.644179139308,-12.78393331453,20.64));
#4961 = CARTESIAN_POINT('',(-4.982359056741,-12.65373996823,20.64));
#4962 = CARTESIAN_POINT('',(-5.316315949759,-12.51335479509,20.64));
#4963 = CARTESIAN_POINT('',(-5.986587933157,-12.20726670819,20.64));
#4964 = CARTESIAN_POINT('',(-6.322579701942,-12.04084874921,20.64));
#4965 = CARTESIAN_POINT('',(-6.653270080761,-11.86386874037,20.64));
#4966 = CARTESIAN_POINT('',(-6.9782719084,-11.67652455378,20.64));
#4967 = CARTESIAN_POINT('',(-7.297207860381,-11.47903052125,20.64));
#4968 = CARTESIAN_POINT('',(-7.609710448961,-11.27161743437,20.64));
#4969 = CARTESIAN_POINT('',(-7.915422023138,-11.05453254443,20.64));
#4970 = CARTESIAN_POINT('',(-8.457453906618,-10.64335496887,20.64));
#4971 = CARTESIAN_POINT('',(-8.696167799552,-10.45241404513,20.64));
#4972 = CARTESIAN_POINT('',(-8.929948264308,-10.25535958351,20.64));
#4973 = CARTESIAN_POINT('',(-9.158612824212,-10.05234064101,20.64));
#4974 = CARTESIAN_POINT('',(-9.38198470905,-9.843512539387,20.64));
#4975 = CARTESIAN_POINT('',(-9.599892855072,-9.629036865085,20.64));
#4976 = CARTESIAN_POINT('',(-9.812171904987,-9.409081469302,20.64));
#4977 = CARTESIAN_POINT('',(-10.60786961576,-8.541052024285,20.64));
#4978 = CARTESIAN_POINT('',(-11.15001717083,-7.855005357004,20.64));
#4979 = CARTESIAN_POINT('',(-11.64128578934,-7.129809550639,20.64));
#4980 = CARTESIAN_POINT('',(-12.07841635761,-6.369900556003,20.64));
#4981 = CARTESIAN_POINT('',(-12.45863519587,-5.579976434345,20.64));
#4982 = CARTESIAN_POINT('',(-12.77963094294,-4.764979760435,20.64));
#4983 = CARTESIAN_POINT('',(-13.03958286178,-3.930107184594,20.64));
#4984 = CARTESIAN_POINT('',(-13.48991978617,-1.99517830253,20.64));
#4985 = CARTESIAN_POINT('',(-13.64091840277,-0.885473408143,20.64));
#4986 = CARTESIAN_POINT('',(-13.68740673335,0.23663294618,20.64));
#4987 = CARTESIAN_POINT('',(-13.62841851363,1.359637384376,20.64));
#4988 = CARTESIAN_POINT('',(-13.46437901929,2.472158771772,20.64));
#4989 = CARTESIAN_POINT('',(-13.1971215914,3.562958042249,20.64));
#4990 = CARTESIAN_POINT('',(-12.82986624818,4.620954584744,20.64));
#4991 = CARTESIAN_POINT('',(-12.03377837501,6.368108770034,20.64));
#4992 = CARTESIAN_POINT('',(-11.65022934864,7.07836028068,20.64));
#4993 = CARTESIAN_POINT('',(-11.21884450728,7.762043501792,20.64));
#4994 = CARTESIAN_POINT('',(-10.74180223406,8.415413388066,20.64));
#4995 = CARTESIAN_POINT('',(-10.22159961178,9.034970693666,20.64));
#4996 = CARTESIAN_POINT('',(-9.661036472035,9.617453118581,20.64));
#4997 = CARTESIAN_POINT('',(-9.063228030814,10.159848806406,20.64));
#4998 = CARTESIAN_POINT('',(-7.67267832113,11.259778224641,20.64));
#4999 = CARTESIAN_POINT('',(-6.864720909821,11.79847282548,20.64));
#5000 = CARTESIAN_POINT('',(-6.013815581692,12.270677362605,20.64));
#5001 = CARTESIAN_POINT('',(-5.126395219166,12.672468609115,20.64));
#5002 = CARTESIAN_POINT('',(-4.209214531962,13.000692945938,20.64));
#5003 = CARTESIAN_POINT('',(-3.2693211255,13.252920254926,20.64));
#5004 = CARTESIAN_POINT('',(-2.31406698791,13.427497503832,20.64));
#5005 = CARTESIAN_POINT('',(-0.453891663275,13.613348628276,20.64));
#5006 = CARTESIAN_POINT('',(0.450299668376,13.634971007413,20.64));
#5007 = CARTESIAN_POINT('',(1.355211695112,13.587917873164,20.64));
#5008 = CARTESIAN_POINT('',(2.254752938511,13.472267271689,20.64));
#5009 = CARTESIAN_POINT('',(3.142930526048,13.288720563973,20.64));
#5010 = CARTESIAN_POINT('',(4.013850188719,13.038566224804,20.64));
#5011 = CARTESIAN_POINT('',(4.861728076163,12.723713459448,20.64));
#5012 = CARTESIAN_POINT('',(6.776043683845,11.842913015341,20.64));
#5013 = CARTESIAN_POINT('',(7.820562003299,11.227803880514,20.64));
#5014 = CARTESIAN_POINT('',(8.800542294936,10.507676285128,20.64));
#5015 = CARTESIAN_POINT('',(9.703844741332,9.690665622919,20.64));
#5016 = CARTESIAN_POINT('',(10.519630735937,8.786251654313,20.64));
#5017 = CARTESIAN_POINT('',(11.238431193931,7.805285644978,20.64));
#5018 = CARTESIAN_POINT('',(11.852120589834,6.759923078665,20.64));
#5019 = CARTESIAN_POINT('',(12.398667513201,5.567802295008,20.64));
#5020 = CARTESIAN_POINT('',(12.441968883767,5.471088507038,20.64));
#5021 = CARTESIAN_POINT('',(12.484407935216,5.37399017623,20.64));
#5022 = CARTESIAN_POINT('',(12.525980688747,5.27651627507,20.64));
#5023 = CARTESIAN_POINT('',(12.566683278381,5.178675823561,20.64));
#5024 = CARTESIAN_POINT('',(12.606511950959,5.080477889225,20.64));
#5025 = CARTESIAN_POINT('',(12.645463066144,4.981931587103,20.64));
#5026 = CARTESIAN_POINT('',(12.75724880129,4.691572240032,20.64));
#5027 = CARTESIAN_POINT('',(12.827661056762,4.498826528516,20.64));
#5028 = CARTESIAN_POINT('',(12.894744226537,4.304875544813,20.64));
#5029 = CARTESIAN_POINT('',(12.958474315313,4.1097864082,20.64));
#5030 = CARTESIAN_POINT('',(13.01882896879,3.913626757617,20.64));
#5031 = CARTESIAN_POINT('',(13.075787473666,3.716464751668,20.64));
#5032 = CARTESIAN_POINT('',(13.129330757641,3.518369068625,20.64));
#5033 = CARTESIAN_POINT('',(13.281816230148,2.912937980049,20.64));
#5034 = CARTESIAN_POINT('',(13.369864612225,2.502855974801,20.64));
#5035 = CARTESIAN_POINT('',(13.443437401439,2.089755819827,20.64));
#5036 = CARTESIAN_POINT('',(13.502415230838,1.674234288415,20.64));
#5037 = CARTESIAN_POINT('',(13.546708510273,1.256891919257,20.64));
#5038 = CARTESIAN_POINT('',(13.576257435953,0.838332937725,20.64));
#5039 = CARTESIAN_POINT('',(13.591032,0.41916517713,20.64));
#5040 = CARTESIAN_POINT('',(13.591032,-0.735323980362,20.64));
#5041 = CARTESIAN_POINT('',(13.545564870203,-1.470693565186,20.64));
#5042 = CARTESIAN_POINT('',(13.454621105935,-2.202761773439,20.64));
#5043 = CARTESIAN_POINT('',(13.318496996571,-2.928245814247,20.64));
#5044 = CARTESIAN_POINT('',(13.137763206876,-3.643921730858,20.64));
#5045 = CARTESIAN_POINT('',(12.913254042275,-4.346623620729,20.64));
#5046 = CARTESIAN_POINT('',(12.646077398081,-5.033247431739,20.64));
#5047 = CARTESIAN_POINT('',(11.907620775283,-6.631423291358,20.64));
#5048 = CARTESIAN_POINT('',(11.397266929172,-7.525224729407,20.64));
#5049 = CARTESIAN_POINT('',(10.810400944607,-8.373747773332,20.64));
#5050 = CARTESIAN_POINT('',(10.151804782839,-9.169407879954,20.64));
#5051 = CARTESIAN_POINT('',(9.427048176124,-9.905311642235,20.64));
#5052 = CARTESIAN_POINT('',(8.642423681311,-10.5752174325,20.64));
#5053 = CARTESIAN_POINT('',(7.804993886987,-11.17359688489,20.64));
#5054 = CARTESIAN_POINT('',(6.213273497794,-12.11573732663,20.64));
#5055 = CARTESIAN_POINT('',(5.474469653106,-12.48661803922,20.64));
#5056 = CARTESIAN_POINT('',(4.710510794761,-12.8059005387,20.64));
#5057 = CARTESIAN_POINT('',(3.925691565978,-13.07161070097,20.64));
#5058 = CARTESIAN_POINT('',(3.124399421112,-13.28222773216,20.64));
#5059 = CARTESIAN_POINT('',(2.31110345219,-13.43665609355,20.64));
#5060 = CARTESIAN_POINT('',(1.490347589891,-13.53421457848,20.64));
#5061 = CARTESIAN_POINT('',(0.66675,-13.57466740791,20.64));
#5062 = PCURVE('',#699,#5063);
#5063 = DEFINITIONAL_REPRESENTATION('',(#5064),#5222);
#5064 = B_SPLINE_CURVE_WITH_KNOTS('',3,(#5065,#5066,#5067,#5068,#5069,
    #5070,#5071,#5072,#5073,#5074,#5075,#5076,#5077,#5078,#5079,#5080,
    #5081,#5082,#5083,#5084,#5085,#5086,#5087,#5088,#5089,#5090,#5091,
    #5092,#5093,#5094,#5095,#5096,#5097,#5098,#5099,#5100,#5101,#5102,
    #5103,#5104,#5105,#5106,#5107,#5108,#5109,#5110,#5111,#5112,#5113,
    #5114,#5115,#5116,#5117,#5118,#5119,#5120,#5121,#5122,#5123,#5124,
    #5125,#5126,#5127,#5128,#5129,#5130,#5131,#5132,#5133,#5134,#5135,
    #5136,#5137,#5138,#5139,#5140,#5141,#5142,#5143,#5144,#5145,#5146,
    #5147,#5148,#5149,#5150,#5151,#5152,#5153,#5154,#5155,#5156,#5157,
    #5158,#5159,#5160,#5161,#5162,#5163,#5164,#5165,#5166,#5167,#5168,
    #5169,#5170,#5171,#5172,#5173,#5174,#5175,#5176,#5177,#5178,#5179,
    #5180,#5181,#5182,#5183,#5184,#5185,#5186,#5187,#5188,#5189,#5190,
    #5191,#5192,#5193,#5194,#5195,#5196,#5197,#5198,#5199,#5200,#5201,
    #5202,#5203,#5204,#5205,#5206,#5207,#5208,#5209,#5210,#5211,#5212,
    #5213,#5214,#5215,#5216,#5217,#5218,#5219,#5220,#5221),
  .UNSPECIFIED.,.F.,.F.,(4,1,1,1,1,1,1,1,1,1,1,1,1,1,1,1,1,1,1,1,1,1,1,1
    ,1,1,1,1,1,1,1,1,1,1,1,1,1,1,1,1,1,1,1,1,1,1,1,1,1,1,1,1,1,1,1,1,1,1
    ,1,1,1,1,1,1,1,1,1,1,1,1,1,1,1,1,1,1,1,1,1,1,1,1,1,1,1,1,1,1,1,1,1,1
    ,1,1,1,1,1,1,1,1,1,1,1,1,1,1,1,1,1,1,1,1,1,1,1,1,1,1,1,1,1,1,1,1,1,1
    ,1,1,1,1,1,1,1,1,1,1,1,1,1,1,1,1,1,1,1,1,1,1,1,1,1,1,1,1,4),(
    0.556084654066,0.569872252217,0.583659850368,0.597447448519,
    0.61123504667,0.625022644821,0.638810242972,0.652597841122,
    0.666385439273,0.680173037424,0.693960635575,0.707748233726,
    0.721535831877,0.735323430028,0.749111028179,0.762898626329,
    0.77668622448,0.790473822631,0.804261420782,0.818049018933,
    0.831836617084,0.845624215235,0.859411813385,0.873199411536,
    0.886987009687,0.900774607838,0.914562205989,0.92834980414,
    0.942137402291,0.955925000442,0.969712598592,0.983500196743,
    0.997287794894,1.011075393045,1.024862991196,1.038650589347,
    1.052438187498,1.066225785649,1.080013383799,1.09380098195,
    1.107588580101,1.121376178252,1.135163776403,1.148951374554,
    1.162738972705,1.176526570855,1.190314169006,1.204101767157,
    1.217889365308,1.231676963459,1.24546456161,1.259252159761,
    1.273039757912,1.286827356062,1.300614954213,1.314402552364,
    1.328190150515,1.341977748666,1.355765346817,1.369552944968,
    1.383340543119,1.397128141269,1.41091573942,1.424703337571,
    1.438490935722,1.452278533873,1.466066132024,1.479853730175,
    1.493641328325,1.507428926476,1.521216524627,1.535004122778,
    1.548791720929,1.56257931908,1.576366917231,1.590154515382,
    1.603942113532,1.617729711683,1.631517309834,1.645304907985,
    1.659092506136,1.672880104287,1.686667702438,1.700455300589,
    1.714242898739,1.72803049689,1.741818095041,1.755605693192,
    1.769393291343,1.783180889494,1.796968487645,1.810756085795,
    1.824543683946,1.838331282097,1.852118880248,1.865906478399,
    1.87969407655,1.893481674701,1.907269272852,1.921056871002,
    1.934844469153,1.948632067304,1.962419665455,1.976207263606,
    1.989994861757,2.003782459908,2.017570058059,2.031357656209,
    2.04514525436,2.058932852511,2.072720450662,2.086508048813,
    2.100295646964,2.114083245115,2.127870843266,2.141658441416,
    2.155446039567,2.169233637718,2.183021235869,2.19680883402,
    2.210596432171,2.224384030322,2.238171628472,2.251959226623,
    2.265746824774,2.279534422925,2.293322021076,2.307109619227,
    2.320897217378,2.334684815529,2.348472413679,2.36226001183,
    2.376047609981,2.389835208132,2.403622806283,2.417410404434,
    2.431198002585,2.444985600736,2.458773198886,2.472560797037,
    2.486348395188,2.500135993339,2.51392359149,2.527711189641,
    2.541498787792,2.555286385942,2.569073984093,2.582861582244,
    2.596649180395,2.610436778546,2.624224376697,2.638011974848,
    2.651799572999,2.665587171149,2.6793747693),.QUASI_UNIFORM_KNOTS.);
#5065 = CARTESIAN_POINT('',(-12.60481831437,5.082761185502));
#5066 = CARTESIAN_POINT('',(-12.67287600377,4.913992697861));
#5067 = CARTESIAN_POINT('',(-12.80220131517,4.573715639703));
#5068 = CARTESIAN_POINT('',(-12.97553889045,4.055941713904));
#5069 = CARTESIAN_POINT('',(-13.12792829989,3.531675442736));
#5070 = CARTESIAN_POINT('',(-13.25913331461,3.001768528446));
#5071 = CARTESIAN_POINT('',(-13.36896086946,2.467006231577));
#5072 = CARTESIAN_POINT('',(-13.45722901321,1.9282689677));
#5073 = CARTESIAN_POINT('',(-13.52379646545,1.386421839678));
#5074 = CARTESIAN_POINT('',(-13.56855562871,0.842339087265));
#5075 = CARTESIAN_POINT('',(-13.59143448572,0.296897301669));
#5076 = CARTESIAN_POINT('',(-13.59239602488,-0.249022042731));
#5077 = CARTESIAN_POINT('',(-13.57143871386,-0.794541245303));
#5078 = CARTESIAN_POINT('',(-13.52859641153,-1.338778408409));
#5079 = CARTESIAN_POINT('',(-13.46393813183,-1.880856533594));
#5080 = CARTESIAN_POINT('',(-13.37756803454,-2.419902328178));
#5081 = CARTESIAN_POINT('',(-13.26962566309,-2.955045303012));
#5082 = CARTESIAN_POINT('',(-13.14028499225,-3.485422627505));
#5083 = CARTESIAN_POINT('',(-12.98975458387,-4.010179531829));
#5084 = CARTESIAN_POINT('',(-12.81827719941,-4.528469533969));
#5085 = CARTESIAN_POINT('',(-12.62612918193,-5.039457234554));
#5086 = CARTESIAN_POINT('',(-12.41362071216,-5.542318641185));
#5087 = CARTESIAN_POINT('',(-12.18108174508,-6.036267953544));
#5088 = CARTESIAN_POINT('',(-11.92889534543,-6.520486101947));
#5089 = CARTESIAN_POINT('',(-11.6574712234,-6.994186603576));
#5090 = CARTESIAN_POINT('',(-11.36724945516,-7.456602272466));
#5091 = CARTESIAN_POINT('',(-11.05869846763,-7.906988153717));
#5092 = CARTESIAN_POINT('',(-10.73231483528,-8.344620313912));
#5093 = CARTESIAN_POINT('',(-10.3886228467,-8.768795962038));
#5094 = CARTESIAN_POINT('',(-10.0281744626,-9.178833371785));
#5095 = CARTESIAN_POINT('',(-9.651549220813,-9.574072247487));
#5096 = CARTESIAN_POINT('',(-9.259355244457,-9.953873493901));
#5097 = CARTESIAN_POINT('',(-8.852227172908,-10.31762190699));
#5098 = CARTESIAN_POINT('',(-8.430836581448,-10.66471875707));
#5099 = CARTESIAN_POINT('',(-7.99585680594,-10.99461286192));
#5100 = CARTESIAN_POINT('',(-7.547927700914,-11.30681370092));
#5101 = CARTESIAN_POINT('',(-7.08781200513,-11.60078280066));
#5102 = CARTESIAN_POINT('',(-6.616260162992,-11.87604030193));
#5103 = CARTESIAN_POINT('',(-6.134042820389,-12.13213654912));
#5104 = CARTESIAN_POINT('',(-5.641941339184,-12.36865808725));
#5105 = CARTESIAN_POINT('',(-5.14074970952,-12.58522482766));
#5106 = CARTESIAN_POINT('',(-4.631273539505,-12.78148992804));
#5107 = CARTESIAN_POINT('',(-4.11432994665,-12.95713926303));
#5108 = CARTESIAN_POINT('',(-3.59074731201,-13.111891302));
#5109 = CARTESIAN_POINT('',(-3.061365183203,-13.24549716595));
#5110 = CARTESIAN_POINT('',(-2.527034191349,-13.3577409209));
#5111 = CARTESIAN_POINT('',(-1.988616222454,-13.44844011553));
#5112 = CARTESIAN_POINT('',(-1.44698401936,-13.51744653083));
#5113 = CARTESIAN_POINT('',(-0.903023288746,-13.56464736672));
#5114 = CARTESIAN_POINT('',(-0.357625874841,-13.58996614832));
#5115 = CARTESIAN_POINT('',(0.188283269265,-13.59336619453));
#5116 = CARTESIAN_POINT('',(0.733912821618,-13.57484528679));
#5117 = CARTESIAN_POINT('',(1.278362286156,-13.53443122767));
#5118 = CARTESIAN_POINT('',(1.820748322057,-13.47218993084));
#5119 = CARTESIAN_POINT('',(2.360193288343,-13.38822242626));
#5120 = CARTESIAN_POINT('',(2.89582816941,-13.28266459173));
#5121 = CARTESIAN_POINT('',(3.426791728779,-13.15568648697));
#5122 = CARTESIAN_POINT('',(3.952230740784,-13.00749213125));
#5123 = CARTESIAN_POINT('',(4.471300054057,-12.8383194844));
#5124 = CARTESIAN_POINT('',(4.983162621692,-12.64844075045));
#5125 = CARTESIAN_POINT('',(5.486990204725,-12.43816276733));
#5126 = CARTESIAN_POINT('',(5.981961787524,-12.20782830991));
#5127 = CARTESIAN_POINT('',(6.467270844169,-11.95781523387));
#5128 = CARTESIAN_POINT('',(6.942187920437,-11.68849732643));
#5129 = CARTESIAN_POINT('',(7.40591369314,-11.40032365908));
#5130 = CARTESIAN_POINT('',(7.857694233737,-11.09376281116));
#5131 = CARTESIAN_POINT('',(8.296795522138,-10.76931326352));
#5132 = CARTESIAN_POINT('',(8.722509423766,-10.42749949981));
#5133 = CARTESIAN_POINT('',(9.134151466951,-10.0688721846));
#5134 = CARTESIAN_POINT('',(9.531061049627,-9.694007493504));
#5135 = CARTESIAN_POINT('',(9.912601222421,-9.303506924875));
#5136 = CARTESIAN_POINT('',(10.27815883079,-8.89799719931));
#5137 = CARTESIAN_POINT('',(10.627144738427,-8.47813049157));
#5138 = CARTESIAN_POINT('',(10.958994460172,-8.044584409787));
#5139 = CARTESIAN_POINT('',(11.273168169091,-7.598063817356));
#5140 = CARTESIAN_POINT('',(11.569153890395,-7.139296700646));
#5141 = CARTESIAN_POINT('',(11.846459666592,-6.669053174478));
#5142 = CARTESIAN_POINT('',(12.104678354968,-6.188024888987));
#5143 = CARTESIAN_POINT('',(12.343377891186,-5.697009436616));
#5144 = CARTESIAN_POINT('',(12.56216968857,-5.196806161329));
#5145 = CARTESIAN_POINT('',(12.760698993082,-4.688226895196));
#5146 = CARTESIAN_POINT('',(12.938646235475,-4.172092615207));
#5147 = CARTESIAN_POINT('',(13.095725764119,-3.649233956321));
#5148 = CARTESIAN_POINT('',(13.231685607854,-3.120490800278));
#5149 = CARTESIAN_POINT('',(13.346307288373,-2.5867121262));
#5150 = CARTESIAN_POINT('',(13.439405955141,-2.048756159452));
#5151 = CARTESIAN_POINT('',(13.510830731827,-1.507489486808));
#5152 = CARTESIAN_POINT('',(13.560465445646,-0.963790429155));
#5153 = CARTESIAN_POINT('',(13.588229165496,-0.418536838603));
#5154 = CARTESIAN_POINT('',(13.594078674163,0.127347638807));
#5155 = CARTESIAN_POINT('',(13.57800471991,0.673091794469));
#5156 = CARTESIAN_POINT('',(13.540025640062,1.217794735868));
#5157 = CARTESIAN_POINT('',(13.480201711772,1.760546848816));
#5158 = CARTESIAN_POINT('',(13.398630464679,2.300457095269));
#5159 = CARTESIAN_POINT('',(13.295445732952,2.836645171014));
#5160 = CARTESIAN_POINT('',(13.170816148545,3.368243218809));
#5161 = CARTESIAN_POINT('',(13.024944175156,3.894395105496));
#5162 = CARTESIAN_POINT('',(12.858065345869,4.414256464404));
#5163 = CARTESIAN_POINT('',(12.670447761957,4.926994637189));
#5164 = CARTESIAN_POINT('',(12.462391814899,5.431788742238));
#5165 = CARTESIAN_POINT('',(12.234230127044,5.927829809188));
#5166 = CARTESIAN_POINT('',(11.986327714523,6.414320993581));
#5167 = CARTESIAN_POINT('',(11.719082356013,6.890477892575));
#5168 = CARTESIAN_POINT('',(11.432925269162,7.355528897719));
#5169 = CARTESIAN_POINT('',(11.128321789719,7.808715870637));
#5170 = CARTESIAN_POINT('',(10.805773303551,8.249294129904));
#5171 = CARTESIAN_POINT('',(10.465815913957,8.676535594595));
#5172 = CARTESIAN_POINT('',(10.109032888832,9.089720815376));
#5173 = CARTESIAN_POINT('',(9.735942460486,9.488256735912));
#5174 = CARTESIAN_POINT('',(9.347153842151,9.871490334788));
#5175 = CARTESIAN_POINT('',(8.943291969544,10.23880629278));
#5176 = CARTESIAN_POINT('',(8.525009047391,10.589611248785));
#5177 = CARTESIAN_POINT('',(8.092977574643,10.923340965916));
#5178 = CARTESIAN_POINT('',(7.647895401346,11.239456355842));
#5179 = CARTESIAN_POINT('',(7.190481205742,11.537446878372));
#5180 = CARTESIAN_POINT('',(6.721472050016,11.816832328525));
#5181 = CARTESIAN_POINT('',(6.241622939579,12.07716288455));
#5182 = CARTESIAN_POINT('',(5.751710715785,12.318017327328));
#5183 = CARTESIAN_POINT('',(5.252518610833,12.539010307806));
#5184 = CARTESIAN_POINT('',(4.744844248152,12.739787391442));
#5185 = CARTESIAN_POINT('',(4.229519103296,12.920018877102));
#5186 = CARTESIAN_POINT('',(3.707376132603,13.0794138886));
#5187 = CARTESIAN_POINT('',(3.179257892659,13.217715640875));
#5188 = CARTESIAN_POINT('',(2.646014077848,13.334701974772));
#5189 = CARTESIAN_POINT('',(2.108502128918,13.430184820445));
#5190 = CARTESIAN_POINT('',(1.567586489057,13.504010276676));
#5191 = CARTESIAN_POINT('',(1.024140548588,13.556058897436));
#5192 = CARTESIAN_POINT('',(0.479039537146,13.586246133321));
#5193 = CARTESIAN_POINT('',(-6.681271348532E-02,13.594523545969));
#5194 = CARTESIAN_POINT('',(-0.612585971412,13.580878355672));
#5195 = CARTESIAN_POINT('',(-1.157402402288,13.545328200909));
#5196 = CARTESIAN_POINT('',(-1.700356907083,13.487930002607));
#5197 = CARTESIAN_POINT('',(-2.240565398432,13.408777273178));
#5198 = CARTESIAN_POINT('',(-2.777151511128,13.307999164223));
#5199 = CARTESIAN_POINT('',(-3.3092499087,13.185759368041));
#5200 = CARTESIAN_POINT('',(-3.836005241014,13.042255379108));
#5201 = CARTESIAN_POINT('',(-4.35657237133,12.877717975536));
#5202 = CARTESIAN_POINT('',(-4.870116344264,12.692410974227));
#5203 = CARTESIAN_POINT('',(-5.375812590318,12.48663118485));
#5204 = CARTESIAN_POINT('',(-5.872846912798,12.260708808386));
#5205 = CARTESIAN_POINT('',(-6.360416577899,12.015007372108));
#5206 = CARTESIAN_POINT('',(-6.837727678698,11.749926587833));
#5207 = CARTESIAN_POINT('',(-7.304006768956,11.465895494205));
#5208 = CARTESIAN_POINT('',(-7.758459611918,11.163403053132));
#5209 = CARTESIAN_POINT('',(-8.200430350572,10.842888299609));
#5210 = CARTESIAN_POINT('',(-8.629224295015,10.504845798505));
#5211 = CARTESIAN_POINT('',(-9.044109614528,10.149846209376));
#5212 = CARTESIAN_POINT('',(-9.444405959773,9.778470736037));
#5213 = CARTESIAN_POINT('',(-9.8294589144,9.391327106218));
#5214 = CARTESIAN_POINT('',(-10.1986454256,8.989044003555));
#5215 = CARTESIAN_POINT('',(-10.55137124853,8.572271516623));
#5216 = CARTESIAN_POINT('',(-10.88707091361,8.14168026123));
#5217 = CARTESIAN_POINT('',(-11.20520698404,7.697960851959));
#5218 = CARTESIAN_POINT('',(-11.50527090447,7.241824256553));
#5219 = CARTESIAN_POINT('',(-11.78677938802,6.773999144915));
#5220 = CARTESIAN_POINT('',(-11.96178527064,6.454827183155));
#5221 = CARTESIAN_POINT('',(-12.04604570468,6.293543724868));
#5222 = ( GEOMETRIC_REPRESENTATION_CONTEXT(2) 
PARAMETRIC_REPRESENTATION_CONTEXT() REPRESENTATION_CONTEXT('2D SPACE',''
  ) );
#5223 = PCURVE('',#5224,#5229);
#5224 = CYLINDRICAL_SURFACE('',#5225,13.591032);
#5225 = AXIS2_PLACEMENT_3D('',#5226,#5227,#5228);
#5226 = CARTESIAN_POINT('',(0.,0.,20.22));
#5227 = DIRECTION('',(0.,0.,1.));
#5228 = DIRECTION('',(1.,0.,0.));
#5229 = DEFINITIONAL_REPRESENTATION('',(#5230),#5388);
#5230 = B_SPLINE_CURVE_WITH_KNOTS('',3,(#5231,#5232,#5233,#5234,#5235,
    #5236,#5237,#5238,#5239,#5240,#5241,#5242,#5243,#5244,#5245,#5246,
    #5247,#5248,#5249,#5250,#5251,#5252,#5253,#5254,#5255,#5256,#5257,
    #5258,#5259,#5260,#5261,#5262,#5263,#5264,#5265,#5266,#5267,#5268,
    #5269,#5270,#5271,#5272,#5273,#5274,#5275,#5276,#5277,#5278,#5279,
    #5280,#5281,#5282,#5283,#5284,#5285,#5286,#5287,#5288,#5289,#5290,
    #5291,#5292,#5293,#5294,#5295,#5296,#5297,#5298,#5299,#5300,#5301,
    #5302,#5303,#5304,#5305,#5306,#5307,#5308,#5309,#5310,#5311,#5312,
    #5313,#5314,#5315,#5316,#5317,#5318,#5319,#5320,#5321,#5322,#5323,
    #5324,#5325,#5326,#5327,#5328,#5329,#5330,#5331,#5332,#5333,#5334,
    #5335,#5336,#5337,#5338,#5339,#5340,#5341,#5342,#5343,#5344,#5345,
    #5346,#5347,#5348,#5349,#5350,#5351,#5352,#5353,#5354,#5355,#5356,
    #5357,#5358,#5359,#5360,#5361,#5362,#5363,#5364,#5365,#5366,#5367,
    #5368,#5369,#5370,#5371,#5372,#5373,#5374,#5375,#5376,#5377,#5378,
    #5379,#5380,#5381,#5382,#5383,#5384,#5385,#5386,#5387),
  .UNSPECIFIED.,.F.,.F.,(4,1,1,1,1,1,1,1,1,1,1,1,1,1,1,1,1,1,1,1,1,1,1,1
    ,1,1,1,1,1,1,1,1,1,1,1,1,1,1,1,1,1,1,1,1,1,1,1,1,1,1,1,1,1,1,1,1,1,1
    ,1,1,1,1,1,1,1,1,1,1,1,1,1,1,1,1,1,1,1,1,1,1,1,1,1,1,1,1,1,1,1,1,1,1
    ,1,1,1,1,1,1,1,1,1,1,1,1,1,1,1,1,1,1,1,1,1,1,1,1,1,1,1,1,1,1,1,1,1,1
    ,1,1,1,1,1,1,1,1,1,1,1,1,1,1,1,1,1,1,1,1,1,1,1,1,1,1,1,1,4),(
    0.556084654066,0.569872252217,0.583659850368,0.597447448519,
    0.61123504667,0.625022644821,0.638810242972,0.652597841122,
    0.666385439273,0.680173037424,0.693960635575,0.707748233726,
    0.721535831877,0.735323430028,0.749111028179,0.762898626329,
    0.77668622448,0.790473822631,0.804261420782,0.818049018933,
    0.831836617084,0.845624215235,0.859411813385,0.873199411536,
    0.886987009687,0.900774607838,0.914562205989,0.92834980414,
    0.942137402291,0.955925000442,0.969712598592,0.983500196743,
    0.997287794894,1.011075393045,1.024862991196,1.038650589347,
    1.052438187498,1.066225785649,1.080013383799,1.09380098195,
    1.107588580101,1.121376178252,1.135163776403,1.148951374554,
    1.162738972705,1.176526570855,1.190314169006,1.204101767157,
    1.217889365308,1.231676963459,1.24546456161,1.259252159761,
    1.273039757912,1.286827356062,1.300614954213,1.314402552364,
    1.328190150515,1.341977748666,1.355765346817,1.369552944968,
    1.383340543119,1.397128141269,1.41091573942,1.424703337571,
    1.438490935722,1.452278533873,1.466066132024,1.479853730175,
    1.493641328325,1.507428926476,1.521216524627,1.535004122778,
    1.548791720929,1.56257931908,1.576366917231,1.590154515382,
    1.603942113532,1.617729711683,1.631517309834,1.645304907985,
    1.659092506136,1.672880104287,1.686667702438,1.700455300589,
    1.714242898739,1.72803049689,1.741818095041,1.755605693192,
    1.769393291343,1.783180889494,1.796968487645,1.810756085795,
    1.824543683946,1.838331282097,1.852118880248,1.865906478399,
    1.87969407655,1.893481674701,1.907269272852,1.921056871002,
    1.934844469153,1.948632067304,1.962419665455,1.976207263606,
    1.989994861757,2.003782459908,2.017570058059,2.031357656209,
    2.04514525436,2.058932852511,2.072720450662,2.086508048813,
    2.100295646964,2.114083245115,2.127870843266,2.141658441416,
    2.155446039567,2.169233637718,2.183021235869,2.19680883402,
    2.210596432171,2.224384030322,2.238171628472,2.251959226623,
    2.265746824774,2.279534422925,2.293322021076,2.307109619227,
    2.320897217378,2.334684815529,2.348472413679,2.36226001183,
    2.376047609981,2.389835208132,2.403622806283,2.417410404434,
    2.431198002585,2.444985600736,2.458773198886,2.472560797037,
    2.486348395188,2.500135993339,2.51392359149,2.527711189641,
    2.541498787792,2.555286385942,2.569073984093,2.582861582244,
    2.596649180395,2.610436778546,2.624224376697,2.638011974848,
    2.651799572999,2.665587171149,2.6793747693),.QUASI_UNIFORM_KNOTS.);
#5231 = CARTESIAN_POINT('',(10.946496503474,0.42));
#5232 = CARTESIAN_POINT('',(10.933107219682,0.42));
#5233 = CARTESIAN_POINT('',(10.906328465123,0.42));
#5234 = CARTESIAN_POINT('',(10.866161675681,0.42));
#5235 = CARTESIAN_POINT('',(10.825998801254,0.42));
#5236 = CARTESIAN_POINT('',(10.785840071894,0.42));
#5237 = CARTESIAN_POINT('',(10.745680217757,0.42));
#5238 = CARTESIAN_POINT('',(10.705520613915,0.42));
#5239 = CARTESIAN_POINT('',(10.665360981214,0.42));
#5240 = CARTESIAN_POINT('',(10.625201356421,0.42));
#5241 = CARTESIAN_POINT('',(10.58504168036,0.42));
#5242 = CARTESIAN_POINT('',(10.544882093907,0.42));
#5243 = CARTESIAN_POINT('',(10.504722402383,0.42));
#5244 = CARTESIAN_POINT('',(10.464562768404,0.42));
#5245 = CARTESIAN_POINT('',(10.424403145213,0.42));
#5246 = CARTESIAN_POINT('',(10.38424346902,0.42));
#5247 = CARTESIAN_POINT('',(10.344083832904,0.42));
#5248 = CARTESIAN_POINT('',(10.303924225993,0.42));
#5249 = CARTESIAN_POINT('',(10.263764611655,0.42));
#5250 = CARTESIAN_POINT('',(10.223605009689,0.42));
#5251 = CARTESIAN_POINT('',(10.183445388144,0.42));
#5252 = CARTESIAN_POINT('',(10.143285756034,0.42));
#5253 = CARTESIAN_POINT('',(10.103124044769,0.42));
#5254 = CARTESIAN_POINT('',(10.062962003248,0.42));
#5255 = CARTESIAN_POINT('',(10.022800093915,0.42));
#5256 = CARTESIAN_POINT('',(9.982638608059,0.42));
#5257 = CARTESIAN_POINT('',(9.942477510458,0.42));
#5258 = CARTESIAN_POINT('',(9.90231661278,0.42));
#5259 = CARTESIAN_POINT('',(9.862155649135,0.42));
#5260 = CARTESIAN_POINT('',(9.821994379305,0.42));
#5261 = CARTESIAN_POINT('',(9.781832663615,0.42));
#5262 = CARTESIAN_POINT('',(9.741670627952,0.42));
#5263 = CARTESIAN_POINT('',(9.701508520708,0.42));
#5264 = CARTESIAN_POINT('',(9.661347755172,0.42));
#5265 = CARTESIAN_POINT('',(9.621187579384,0.42));
#5266 = CARTESIAN_POINT('',(9.581022532572,0.42));
#5267 = CARTESIAN_POINT('',(9.540856515527,0.42));
#5268 = CARTESIAN_POINT('',(9.500690259417,0.42));
#5269 = CARTESIAN_POINT('',(9.460524608753,0.42));
#5270 = CARTESIAN_POINT('',(9.420359803225,0.42));
#5271 = CARTESIAN_POINT('',(9.380195813025,0.42));
#5272 = CARTESIAN_POINT('',(9.340032378158,0.42));
#5273 = CARTESIAN_POINT('',(9.299869117703,0.42));
#5274 = CARTESIAN_POINT('',(9.259705614492,0.42));
#5275 = CARTESIAN_POINT('',(9.21954150512,0.42));
#5276 = CARTESIAN_POINT('',(9.179376566615,0.42));
#5277 = CARTESIAN_POINT('',(9.139210820606,0.42));
#5278 = CARTESIAN_POINT('',(9.099044596978,0.42));
#5279 = CARTESIAN_POINT('',(9.058878786206,0.42));
#5280 = CARTESIAN_POINT('',(9.018714441937,0.42));
#5281 = CARTESIAN_POINT('',(8.978554881524,0.42));
#5282 = CARTESIAN_POINT('',(8.938393548447,0.42));
#5283 = CARTESIAN_POINT('',(8.898231954101,0.42));
#5284 = CARTESIAN_POINT('',(8.858070487806,0.42));
#5285 = CARTESIAN_POINT('',(8.817909369618,0.42));
#5286 = CARTESIAN_POINT('',(8.777748535638,0.42));
#5287 = CARTESIAN_POINT('',(8.737587798393,0.42));
#5288 = CARTESIAN_POINT('',(8.697426927556,0.42));
#5289 = CARTESIAN_POINT('',(8.657265746221,0.42));
#5290 = CARTESIAN_POINT('',(8.617104236254,0.42));
#5291 = CARTESIAN_POINT('',(8.57694260332,0.42));
#5292 = CARTESIAN_POINT('',(8.536781525227,0.42));
#5293 = CARTESIAN_POINT('',(8.496621757121,0.42));
#5294 = CARTESIAN_POINT('',(8.45645882794,0.42));
#5295 = CARTESIAN_POINT('',(8.416295411255,0.42));
#5296 = CARTESIAN_POINT('',(8.376132026843,0.42));
#5297 = CARTESIAN_POINT('',(8.335969168632,0.42));
#5298 = CARTESIAN_POINT('',(8.295806884832,0.42));
#5299 = CARTESIAN_POINT('',(8.25564502636,0.42));
#5300 = CARTESIAN_POINT('',(8.215483305255,0.42));
#5301 = CARTESIAN_POINT('',(8.175321397837,0.42));
#5302 = CARTESIAN_POINT('',(8.135159030822,0.42));
#5303 = CARTESIAN_POINT('',(8.094996082539,0.42));
#5304 = CARTESIAN_POINT('',(8.054832652377,0.42));
#5305 = CARTESIAN_POINT('',(8.014669273414,0.42));
#5306 = CARTESIAN_POINT('',(7.974506634086,0.42));
#5307 = CARTESIAN_POINT('',(7.934347187894,0.42));
#5308 = CARTESIAN_POINT('',(7.894185206927,0.42));
#5309 = CARTESIAN_POINT('',(7.854022651882,0.42));
#5310 = CARTESIAN_POINT('',(7.813860126484,0.42));
#5311 = CARTESIAN_POINT('',(7.773698029357,0.42));
#5312 = CARTESIAN_POINT('',(7.733536393483,0.42));
#5313 = CARTESIAN_POINT('',(7.693375063455,0.42));
#5314 = CARTESIAN_POINT('',(7.653213773971,0.42));
#5315 = CARTESIAN_POINT('',(7.61305224356,0.42));
#5316 = CARTESIAN_POINT('',(7.572890283243,0.42));
#5317 = CARTESIAN_POINT('',(7.53272782715,0.42));
#5318 = CARTESIAN_POINT('',(7.492565277116,0.42));
#5319 = CARTESIAN_POINT('',(7.452402705587,0.42));
#5320 = CARTESIAN_POINT('',(7.412243365901,0.42));
#5321 = CARTESIAN_POINT('',(7.372079226894,0.42));
#5322 = CARTESIAN_POINT('',(7.331911796442,0.42));
#5323 = CARTESIAN_POINT('',(7.291743336694,0.42));
#5324 = CARTESIAN_POINT('',(7.251574986372,0.42));
#5325 = CARTESIAN_POINT('',(7.211407447518,0.42));
#5326 = CARTESIAN_POINT('',(7.171240960849,0.42));
#5327 = CARTESIAN_POINT('',(7.131075453122,0.42));
#5328 = CARTESIAN_POINT('',(7.09091062466,0.42));
#5329 = CARTESIAN_POINT('',(7.050746043386,0.42));
#5330 = CARTESIAN_POINT('',(7.010581231347,0.42));
#5331 = CARTESIAN_POINT('',(6.970415750741,0.42));
#5332 = CARTESIAN_POINT('',(6.930249291385,0.42));
#5333 = CARTESIAN_POINT('',(6.890081760361,0.42));
#5334 = CARTESIAN_POINT('',(6.849913384924,0.42));
#5335 = CARTESIAN_POINT('',(6.809744800848,0.42));
#5336 = CARTESIAN_POINT('',(6.769577245851,0.42));
#5337 = CARTESIAN_POINT('',(6.729412429627,0.42));
#5338 = CARTESIAN_POINT('',(6.689253700582,0.42));
#5339 = CARTESIAN_POINT('',(6.64909422743,0.42));
#5340 = CARTESIAN_POINT('',(6.608934949821,0.42));
#5341 = CARTESIAN_POINT('',(6.568775618659,0.42));
#5342 = CARTESIAN_POINT('',(6.528616335772,0.42));
#5343 = CARTESIAN_POINT('',(6.488456915078,0.42));
#5344 = CARTESIAN_POINT('',(6.448297464034,0.42));
#5345 = CARTESIAN_POINT('',(6.408138071389,0.42));
#5346 = CARTESIAN_POINT('',(6.367978688046,0.42));
#5347 = CARTESIAN_POINT('',(6.32781920286,0.42));
#5348 = CARTESIAN_POINT('',(6.287659863001,0.42));
#5349 = CARTESIAN_POINT('',(6.247500121744,0.42));
#5350 = CARTESIAN_POINT('',(6.207339424607,0.42));
#5351 = CARTESIAN_POINT('',(6.167178806483,0.42));
#5352 = CARTESIAN_POINT('',(6.127018405545,0.42));
#5353 = CARTESIAN_POINT('',(6.086858254443,0.42));
#5354 = CARTESIAN_POINT('',(6.046698198364,0.42));
#5355 = CARTESIAN_POINT('',(6.006538051764,0.42));
#5356 = CARTESIAN_POINT('',(5.966377643703,0.42));
#5357 = CARTESIAN_POINT('',(5.926217059826,0.42));
#5358 = CARTESIAN_POINT('',(5.886056218769,0.42));
#5359 = CARTESIAN_POINT('',(5.845896943483,0.42));
#5360 = CARTESIAN_POINT('',(5.805735554318,0.42));
#5361 = CARTESIAN_POINT('',(5.765571873447,0.42));
#5362 = CARTESIAN_POINT('',(5.725407836371,0.42));
#5363 = CARTESIAN_POINT('',(5.685244061018,0.42));
#5364 = CARTESIAN_POINT('',(5.645080932049,0.42));
#5365 = CARTESIAN_POINT('',(5.604918457753,0.42));
#5366 = CARTESIAN_POINT('',(5.564756441692,0.42));
#5367 = CARTESIAN_POINT('',(5.524594559011,0.42));
#5368 = CARTESIAN_POINT('',(5.484432453328,0.42));
#5369 = CARTESIAN_POINT('',(5.444269819568,0.42));
#5370 = CARTESIAN_POINT('',(5.404106515124,0.42));
#5371 = CARTESIAN_POINT('',(5.363942584377,0.42));
#5372 = CARTESIAN_POINT('',(5.323778633574,0.42));
#5373 = CARTESIAN_POINT('',(5.283614941811,0.42));
#5374 = CARTESIAN_POINT('',(5.243455345348,0.42));
#5375 = CARTESIAN_POINT('',(5.203293135775,0.42));
#5376 = CARTESIAN_POINT('',(5.163126269392,0.42));
#5377 = CARTESIAN_POINT('',(5.122958219559,0.42));
#5378 = CARTESIAN_POINT('',(5.082790008093,0.42));
#5379 = CARTESIAN_POINT('',(5.042622531612,0.42));
#5380 = CARTESIAN_POINT('',(5.002456103538,0.42));
#5381 = CARTESIAN_POINT('',(4.962290722049,0.42));
#5382 = CARTESIAN_POINT('',(4.9221261291,0.42));
#5383 = CARTESIAN_POINT('',(4.881961912997,0.42));
#5384 = CARTESIAN_POINT('',(4.841797599676,0.42));
#5385 = CARTESIAN_POINT('',(4.801632717411,0.42));
#5386 = CARTESIAN_POINT('',(4.774855550603,0.42));
#5387 = CARTESIAN_POINT('',(4.761466764483,0.42));
#5388 = ( GEOMETRIC_REPRESENTATION_CONTEXT(2) 
PARAMETRIC_REPRESENTATION_CONTEXT() REPRESENTATION_CONTEXT('2D SPACE',''
  ) );
#5389 = ORIENTED_EDGE('',*,*,#5390,.T.);
#5390 = EDGE_CURVE('',#4937,#5391,#5393,.T.);
#5391 = VERTEX_POINT('',#5392);
#5392 = CARTESIAN_POINT('',(-0.66675,-14.6685,20.64));
#5393 = SURFACE_CURVE('',#5394,(#5401,#5411),.PCURVE_S1.);
#5394 = B_SPLINE_CURVE_WITH_KNOTS('',5,(#5395,#5396,#5397,#5398,#5399,
    #5400),.UNSPECIFIED.,.F.,.F.,(6,6),(0.,1.),
  .PIECEWISE_BEZIER_KNOTS.);
#5395 = CARTESIAN_POINT('',(-0.66675,-2.2225,20.64));
#5396 = CARTESIAN_POINT('',(-0.66675,-4.711702278406,20.64));
#5397 = CARTESIAN_POINT('',(-0.66675,-7.200904305689,20.64));
#5398 = CARTESIAN_POINT('',(-0.66675,-9.690104584671,20.64));
#5399 = CARTESIAN_POINT('',(-0.66675,-12.17930272203,20.64));
#5400 = CARTESIAN_POINT('',(-0.66675,-14.6685,20.64));
#5401 = PCURVE('',#699,#5402);
#5402 = DEFINITIONAL_REPRESENTATION('',(#5403),#5410);
#5403 = B_SPLINE_CURVE_WITH_KNOTS('',5,(#5404,#5405,#5406,#5407,#5408,
    #5409),.UNSPECIFIED.,.F.,.F.,(6,6),(0.,1.),
  .PIECEWISE_BEZIER_KNOTS.);
#5404 = CARTESIAN_POINT('',(-2.297338118851,0.325947760136));
#5405 = CARTESIAN_POINT('',(-4.557466088603,1.368979732198));
#5406 = CARTESIAN_POINT('',(-6.817597011112,2.412005905274));
#5407 = CARTESIAN_POINT('',(-9.077728711765,3.45503456453));
#5408 = CARTESIAN_POINT('',(-11.33786002961,4.498069164284));
#5409 = CARTESIAN_POINT('',(-13.59799232846,5.541103689247));
#5410 = ( GEOMETRIC_REPRESENTATION_CONTEXT(2) 
PARAMETRIC_REPRESENTATION_CONTEXT() REPRESENTATION_CONTEXT('2D SPACE',''
  ) );
#5411 = PCURVE('',#5412,#5417);
#5412 = PLANE('',#5413);
#5413 = AXIS2_PLACEMENT_3D('',#5414,#5415,#5416);
#5414 = CARTESIAN_POINT('',(-0.66675,-14.6685,20.0208));
#5415 = DIRECTION('',(1.,0.,0.));
#5416 = DIRECTION('',(0.,0.,1.));
#5417 = DEFINITIONAL_REPRESENTATION('',(#5418),#5425);
#5418 = B_SPLINE_CURVE_WITH_KNOTS('',5,(#5419,#5420,#5421,#5422,#5423,
    #5424),.UNSPECIFIED.,.F.,.F.,(6,6),(0.,1.),
  .PIECEWISE_BEZIER_KNOTS.);
#5419 = CARTESIAN_POINT('',(0.6192,-12.446));
#5420 = CARTESIAN_POINT('',(0.6192,-9.956797721594));
#5421 = CARTESIAN_POINT('',(0.6192,-7.467595694311));
#5422 = CARTESIAN_POINT('',(0.6192,-4.978395415329));
#5423 = CARTESIAN_POINT('',(0.6192,-2.489197277969));
#5424 = CARTESIAN_POINT('',(0.6192,0.));
#5425 = ( GEOMETRIC_REPRESENTATION_CONTEXT(2) 
PARAMETRIC_REPRESENTATION_CONTEXT() REPRESENTATION_CONTEXT('2D SPACE',''
  ) );
#5426 = ORIENTED_EDGE('',*,*,#5427,.F.);
#5427 = EDGE_CURVE('',#4900,#5391,#5428,.T.);
#5428 = SURFACE_CURVE('',#5429,(#5432,#5438),.PCURVE_S1.);
#5429 = B_SPLINE_CURVE_WITH_KNOTS('',1,(#5430,#5431),.UNSPECIFIED.,.F.,
  .F.,(2,2),(0.,1.),.PIECEWISE_BEZIER_KNOTS.);
#5430 = CARTESIAN_POINT('',(0.66675,-14.6685,20.64));
#5431 = CARTESIAN_POINT('',(-0.66675,-14.6685,20.64));
#5432 = PCURVE('',#699,#5433);
#5433 = DEFINITIONAL_REPRESENTATION('',(#5434),#5437);
#5434 = B_SPLINE_CURVE_WITH_KNOTS('',1,(#5435,#5436),.UNSPECIFIED.,.F.,
  .F.,(2,2),(0.,1.),.PIECEWISE_BEZIER_KNOTS.);
#5435 = CARTESIAN_POINT('',(-13.03921962757,6.751886681222));
#5436 = CARTESIAN_POINT('',(-13.59799232846,5.541103689178));
#5437 = ( GEOMETRIC_REPRESENTATION_CONTEXT(2) 
PARAMETRIC_REPRESENTATION_CONTEXT() REPRESENTATION_CONTEXT('2D SPACE',''
  ) );
#5438 = PCURVE('',#5439,#5444);
#5439 = PLANE('',#5440);
#5440 = AXIS2_PLACEMENT_3D('',#5441,#5442,#5443);
#5441 = CARTESIAN_POINT('',(-0.66675,-14.6685,20.0208));
#5442 = DIRECTION('',(0.,1.,0.));
#5443 = DIRECTION('',(0.,0.,1.));
#5444 = DEFINITIONAL_REPRESENTATION('',(#5445),#5448);
#5445 = B_SPLINE_CURVE_WITH_KNOTS('',1,(#5446,#5447),.UNSPECIFIED.,.F.,
  .F.,(2,2),(0.,1.),.PIECEWISE_BEZIER_KNOTS.);
#5446 = CARTESIAN_POINT('',(0.6192,1.3335));
#5447 = CARTESIAN_POINT('',(0.6192,0.));
#5448 = ( GEOMETRIC_REPRESENTATION_CONTEXT(2) 
PARAMETRIC_REPRESENTATION_CONTEXT() REPRESENTATION_CONTEXT('2D SPACE',''
  ) );
#5449 = ADVANCED_FACE('',(#5450),#2353,.F.);
#5450 = FACE_BOUND('',#5451,.F.);
#5451 = EDGE_LOOP('',(#5452,#5473,#5474,#5495,#5528,#5547,#5548,#5569,
    #5602,#5621,#5622,#5623));
#5452 = ORIENTED_EDGE('',*,*,#5453,.T.);
#5453 = EDGE_CURVE('',#4572,#1915,#5454,.T.);
#5454 = SEAM_CURVE('',#5455,(#5459,#5466),.PCURVE_S1.);
#5455 = LINE('',#5456,#5457);
#5456 = CARTESIAN_POINT('',(2.00025,6.223,10.60896));
#5457 = VECTOR('',#5458,1.);
#5458 = DIRECTION('',(0.,-1.,1.110223024625E-16));
#5459 = PCURVE('',#2353,#5460);
#5460 = DEFINITIONAL_REPRESENTATION('',(#5461),#5465);
#5461 = LINE('',#5462,#5463);
#5462 = CARTESIAN_POINT('',(6.28318530718,-0.));
#5463 = VECTOR('',#5464,1.);
#5464 = DIRECTION('',(0.,1.));
#5465 = ( GEOMETRIC_REPRESENTATION_CONTEXT(2) 
PARAMETRIC_REPRESENTATION_CONTEXT() REPRESENTATION_CONTEXT('2D SPACE',''
  ) );
#5466 = PCURVE('',#2353,#5467);
#5467 = DEFINITIONAL_REPRESENTATION('',(#5468),#5472);
#5468 = LINE('',#5469,#5470);
#5469 = CARTESIAN_POINT('',(0.,-0.));
#5470 = VECTOR('',#5471,1.);
#5471 = DIRECTION('',(0.,1.));
#5472 = ( GEOMETRIC_REPRESENTATION_CONTEXT(2) 
PARAMETRIC_REPRESENTATION_CONTEXT() REPRESENTATION_CONTEXT('2D SPACE',''
  ) );
#5473 = ORIENTED_EDGE('',*,*,#1914,.T.);
#5474 = ORIENTED_EDGE('',*,*,#5475,.F.);
#5475 = EDGE_CURVE('',#5476,#1917,#5478,.T.);
#5476 = VERTEX_POINT('',#5477);
#5477 = CARTESIAN_POINT('',(0.5000625,-17.1194,8.672226265437));
#5478 = SURFACE_CURVE('',#5479,(#5483,#5489),.PCURVE_S1.);
#5479 = LINE('',#5480,#5481);
#5480 = CARTESIAN_POINT('',(0.5000625,6.223,8.672226265437));
#5481 = VECTOR('',#5482,1.);
#5482 = DIRECTION('',(0.,-1.,1.110223024625E-16));
#5483 = PCURVE('',#2353,#5484);
#5484 = DEFINITIONAL_REPRESENTATION('',(#5485),#5488);
#5485 = B_SPLINE_CURVE_WITH_KNOTS('',1,(#5486,#5487),.UNSPECIFIED.,.F.,
  .F.,(2,2),(23.2974,23.648344328271),.PIECEWISE_BEZIER_KNOTS.);
#5486 = CARTESIAN_POINT('',(4.965069235527,23.2974));
#5487 = CARTESIAN_POINT('',(4.965069235527,23.648344328271));
#5488 = ( GEOMETRIC_REPRESENTATION_CONTEXT(2) 
PARAMETRIC_REPRESENTATION_CONTEXT() REPRESENTATION_CONTEXT('2D SPACE',''
  ) );
#5489 = PCURVE('',#4173,#5490);
#5490 = DEFINITIONAL_REPRESENTATION('',(#5491),#5494);
#5491 = B_SPLINE_CURVE_WITH_KNOTS('',1,(#5492,#5493),.UNSPECIFIED.,.F.,
  .F.,(2,2),(23.2974,23.648344328271),.PIECEWISE_BEZIER_KNOTS.);
#5492 = CARTESIAN_POINT('',(5.060226265437,-0.495));
#5493 = CARTESIAN_POINT('',(5.060226265437,-0.144055671729));
#5494 = ( GEOMETRIC_REPRESENTATION_CONTEXT(2) 
PARAMETRIC_REPRESENTATION_CONTEXT() REPRESENTATION_CONTEXT('2D SPACE',''
  ) );
#5495 = ORIENTED_EDGE('',*,*,#5496,.F.);
#5496 = EDGE_CURVE('',#5497,#5476,#5499,.T.);
#5497 = VERTEX_POINT('',#5498);
#5498 = CARTESIAN_POINT('',(-0.5000625,-17.1194,8.672226265437));
#5499 = SURFACE_CURVE('',#5500,(#5505,#5512),.PCURVE_S1.);
#5500 = CIRCLE('',#5501,2.00025);
#5501 = AXIS2_PLACEMENT_3D('',#5502,#5503,#5504);
#5502 = CARTESIAN_POINT('',(0.,-17.1194,10.60896));
#5503 = DIRECTION('',(0.,-1.,1.110223024625E-16));
#5504 = DIRECTION('',(1.,0.,0.));
#5505 = PCURVE('',#2353,#5506);
#5506 = DEFINITIONAL_REPRESENTATION('',(#5507),#5511);
#5507 = LINE('',#5508,#5509);
#5508 = CARTESIAN_POINT('',(0.,23.3424));
#5509 = VECTOR('',#5510,1.);
#5510 = DIRECTION('',(1.,0.));
#5511 = ( GEOMETRIC_REPRESENTATION_CONTEXT(2) 
PARAMETRIC_REPRESENTATION_CONTEXT() REPRESENTATION_CONTEXT('2D SPACE',''
  ) );
#5512 = PCURVE('',#5513,#5518);
#5513 = PLANE('',#5514);
#5514 = AXIS2_PLACEMENT_3D('',#5515,#5516,#5517);
#5515 = CARTESIAN_POINT('',(-0.5000625,-17.1194,3.612));
#5516 = DIRECTION('',(0.,1.,0.));
#5517 = DIRECTION('',(0.,0.,1.));
#5518 = DEFINITIONAL_REPRESENTATION('',(#5519),#5527);
#5519 = ( BOUNDED_CURVE() B_SPLINE_CURVE(2,(#5520,#5521,#5522,#5523,
#5524,#5525,#5526),.UNSPECIFIED.,.T.,.F.) B_SPLINE_CURVE_WITH_KNOTS((1,2
    ,2,2,2,1),(-2.094395102393,0.,2.094395102393,4.188790204786,
6.28318530718,8.377580409573),.UNSPECIFIED.) CURVE() 
GEOMETRIC_REPRESENTATION_ITEM() RATIONAL_B_SPLINE_CURVE((1.,0.5,1.,0.5,
1.,0.5,1.)) REPRESENTATION_ITEM('') );
#5520 = CARTESIAN_POINT('',(6.99696,2.5003125));
#5521 = CARTESIAN_POINT('',(10.46149462784,2.5003125));
#5522 = CARTESIAN_POINT('',(8.72922731392,-0.5000625));
#5523 = CARTESIAN_POINT('',(6.99696,-3.5004375));
#5524 = CARTESIAN_POINT('',(5.26469268608,-0.5000625));
#5525 = CARTESIAN_POINT('',(3.53242537216,2.5003125));
#5526 = CARTESIAN_POINT('',(6.99696,2.5003125));
#5527 = ( GEOMETRIC_REPRESENTATION_CONTEXT(2) 
PARAMETRIC_REPRESENTATION_CONTEXT() REPRESENTATION_CONTEXT('2D SPACE',''
  ) );
#5528 = ORIENTED_EDGE('',*,*,#5529,.T.);
#5529 = EDGE_CURVE('',#5497,#3399,#5530,.T.);
#5530 = SURFACE_CURVE('',#5531,(#5535,#5541),.PCURVE_S1.);
#5531 = LINE('',#5532,#5533);
#5532 = CARTESIAN_POINT('',(-0.5000625,6.223,8.672226265437));
#5533 = VECTOR('',#5534,1.);
#5534 = DIRECTION('',(0.,-1.,1.110223024625E-16));
#5535 = PCURVE('',#2353,#5536);
#5536 = DEFINITIONAL_REPRESENTATION('',(#5537),#5540);
#5537 = B_SPLINE_CURVE_WITH_KNOTS('',1,(#5538,#5539),.UNSPECIFIED.,.F.,
  .F.,(2,2),(23.2974,23.648344328271),.PIECEWISE_BEZIER_KNOTS.);
#5538 = CARTESIAN_POINT('',(4.459708725243,23.2974));
#5539 = CARTESIAN_POINT('',(4.459708725243,23.648344328271));
#5540 = ( GEOMETRIC_REPRESENTATION_CONTEXT(2) 
PARAMETRIC_REPRESENTATION_CONTEXT() REPRESENTATION_CONTEXT('2D SPACE',''
  ) );
#5541 = PCURVE('',#4104,#5542);
#5542 = DEFINITIONAL_REPRESENTATION('',(#5543),#5546);
#5543 = B_SPLINE_CURVE_WITH_KNOTS('',1,(#5544,#5545),.UNSPECIFIED.,.F.,
  .F.,(2,2),(23.2974,23.648344328271),.PIECEWISE_BEZIER_KNOTS.);
#5544 = CARTESIAN_POINT('',(5.060226265437,-0.495));
#5545 = CARTESIAN_POINT('',(5.060226265437,-0.144055671729));
#5546 = ( GEOMETRIC_REPRESENTATION_CONTEXT(2) 
PARAMETRIC_REPRESENTATION_CONTEXT() REPRESENTATION_CONTEXT('2D SPACE',''
  ) );
#5547 = ORIENTED_EDGE('',*,*,#3398,.T.);
#5548 = ORIENTED_EDGE('',*,*,#5549,.F.);
#5549 = EDGE_CURVE('',#5550,#3365,#5552,.T.);
#5550 = VERTEX_POINT('',#5551);
#5551 = CARTESIAN_POINT('',(-0.5000625,-17.1194,12.545693734563));
#5552 = SURFACE_CURVE('',#5553,(#5557,#5563),.PCURVE_S1.);
#5553 = LINE('',#5554,#5555);
#5554 = CARTESIAN_POINT('',(-0.5000625,6.223,12.545693734563));
#5555 = VECTOR('',#5556,1.);
#5556 = DIRECTION('',(0.,-1.,1.110223024625E-16));
#5557 = PCURVE('',#2353,#5558);
#5558 = DEFINITIONAL_REPRESENTATION('',(#5559),#5562);
#5559 = B_SPLINE_CURVE_WITH_KNOTS('',1,(#5560,#5561),.UNSPECIFIED.,.F.,
  .F.,(2,2),(23.2974,23.648344328271),.PIECEWISE_BEZIER_KNOTS.);
#5560 = CARTESIAN_POINT('',(1.823476581937,23.2974));
#5561 = CARTESIAN_POINT('',(1.823476581937,23.648344328271));
#5562 = ( GEOMETRIC_REPRESENTATION_CONTEXT(2) 
PARAMETRIC_REPRESENTATION_CONTEXT() REPRESENTATION_CONTEXT('2D SPACE',''
  ) );
#5563 = PCURVE('',#3384,#5564);
#5564 = DEFINITIONAL_REPRESENTATION('',(#5565),#5568);
#5565 = B_SPLINE_CURVE_WITH_KNOTS('',1,(#5566,#5567),.UNSPECIFIED.,.F.,
  .F.,(2,2),(23.2974,23.648344328271),.PIECEWISE_BEZIER_KNOTS.);
#5566 = CARTESIAN_POINT('',(8.933693734563,-0.495));
#5567 = CARTESIAN_POINT('',(8.933693734563,-0.144055671729));
#5568 = ( GEOMETRIC_REPRESENTATION_CONTEXT(2) 
PARAMETRIC_REPRESENTATION_CONTEXT() REPRESENTATION_CONTEXT('2D SPACE',''
  ) );
#5569 = ORIENTED_EDGE('',*,*,#5570,.F.);
#5570 = EDGE_CURVE('',#5571,#5550,#5573,.T.);
#5571 = VERTEX_POINT('',#5572);
#5572 = CARTESIAN_POINT('',(0.5000625,-17.1194,12.545693734563));
#5573 = SURFACE_CURVE('',#5574,(#5579,#5586),.PCURVE_S1.);
#5574 = CIRCLE('',#5575,2.00025);
#5575 = AXIS2_PLACEMENT_3D('',#5576,#5577,#5578);
#5576 = CARTESIAN_POINT('',(0.,-17.1194,10.60896));
#5577 = DIRECTION('',(0.,-1.,1.110223024625E-16));
#5578 = DIRECTION('',(1.,0.,0.));
#5579 = PCURVE('',#2353,#5580);
#5580 = DEFINITIONAL_REPRESENTATION('',(#5581),#5585);
#5581 = LINE('',#5582,#5583);
#5582 = CARTESIAN_POINT('',(0.,23.3424));
#5583 = VECTOR('',#5584,1.);
#5584 = DIRECTION('',(1.,0.));
#5585 = ( GEOMETRIC_REPRESENTATION_CONTEXT(2) 
PARAMETRIC_REPRESENTATION_CONTEXT() REPRESENTATION_CONTEXT('2D SPACE',''
  ) );
#5586 = PCURVE('',#5587,#5592);
#5587 = PLANE('',#5588);
#5588 = AXIS2_PLACEMENT_3D('',#5589,#5590,#5591);
#5589 = CARTESIAN_POINT('',(-0.5000625,-17.1194,3.612));
#5590 = DIRECTION('',(0.,1.,0.));
#5591 = DIRECTION('',(0.,0.,1.));
#5592 = DEFINITIONAL_REPRESENTATION('',(#5593),#5601);
#5593 = ( BOUNDED_CURVE() B_SPLINE_CURVE(2,(#5594,#5595,#5596,#5597,
#5598,#5599,#5600),.UNSPECIFIED.,.T.,.F.) B_SPLINE_CURVE_WITH_KNOTS((1,2
    ,2,2,2,1),(-2.094395102393,0.,2.094395102393,4.188790204786,
6.28318530718,8.377580409573),.UNSPECIFIED.) CURVE() 
GEOMETRIC_REPRESENTATION_ITEM() RATIONAL_B_SPLINE_CURVE((1.,0.5,1.,0.5,
1.,0.5,1.)) REPRESENTATION_ITEM('') );
#5594 = CARTESIAN_POINT('',(6.99696,2.5003125));
#5595 = CARTESIAN_POINT('',(10.46149462784,2.5003125));
#5596 = CARTESIAN_POINT('',(8.72922731392,-0.5000625));
#5597 = CARTESIAN_POINT('',(6.99696,-3.5004375));
#5598 = CARTESIAN_POINT('',(5.26469268608,-0.5000625));
#5599 = CARTESIAN_POINT('',(3.53242537216,2.5003125));
#5600 = CARTESIAN_POINT('',(6.99696,2.5003125));
#5601 = ( GEOMETRIC_REPRESENTATION_CONTEXT(2) 
PARAMETRIC_REPRESENTATION_CONTEXT() REPRESENTATION_CONTEXT('2D SPACE',''
  ) );
#5602 = ORIENTED_EDGE('',*,*,#5603,.T.);
#5603 = EDGE_CURVE('',#5571,#2608,#5604,.T.);
#5604 = SURFACE_CURVE('',#5605,(#5609,#5615),.PCURVE_S1.);
#5605 = LINE('',#5606,#5607);
#5606 = CARTESIAN_POINT('',(0.5000625,6.223,12.545693734563));
#5607 = VECTOR('',#5608,1.);
#5608 = DIRECTION('',(0.,-1.,1.110223024625E-16));
#5609 = PCURVE('',#2353,#5610);
#5610 = DEFINITIONAL_REPRESENTATION('',(#5611),#5614);
#5611 = B_SPLINE_CURVE_WITH_KNOTS('',1,(#5612,#5613),.UNSPECIFIED.,.F.,
  .F.,(2,2),(23.2974,23.648344328271),.PIECEWISE_BEZIER_KNOTS.);
#5612 = CARTESIAN_POINT('',(1.318116071653,23.2974));
#5613 = CARTESIAN_POINT('',(1.318116071653,23.648344328271));
#5614 = ( GEOMETRIC_REPRESENTATION_CONTEXT(2) 
PARAMETRIC_REPRESENTATION_CONTEXT() REPRESENTATION_CONTEXT('2D SPACE',''
  ) );
#5615 = PCURVE('',#3313,#5616);
#5616 = DEFINITIONAL_REPRESENTATION('',(#5617),#5620);
#5617 = B_SPLINE_CURVE_WITH_KNOTS('',1,(#5618,#5619),.UNSPECIFIED.,.F.,
  .F.,(2,2),(23.2974,23.648344328271),.PIECEWISE_BEZIER_KNOTS.);
#5618 = CARTESIAN_POINT('',(8.933693734563,-0.495));
#5619 = CARTESIAN_POINT('',(8.933693734563,-0.144055671729));
#5620 = ( GEOMETRIC_REPRESENTATION_CONTEXT(2) 
PARAMETRIC_REPRESENTATION_CONTEXT() REPRESENTATION_CONTEXT('2D SPACE',''
  ) );
#5621 = ORIENTED_EDGE('',*,*,#2607,.T.);
#5622 = ORIENTED_EDGE('',*,*,#5453,.F.);
#5623 = ORIENTED_EDGE('',*,*,#4571,.T.);
#5624 = ADVANCED_FACE('',(#5625),#4173,.F.);
#5625 = FACE_BOUND('',#5626,.F.);
#5626 = EDGE_LOOP('',(#5627,#5628,#5651,#5672));
#5627 = ORIENTED_EDGE('',*,*,#4155,.T.);
#5628 = ORIENTED_EDGE('',*,*,#5629,.T.);
#5629 = EDGE_CURVE('',#4119,#5630,#5632,.T.);
#5630 = VERTEX_POINT('',#5631);
#5631 = CARTESIAN_POINT('',(0.5000625,-17.1194,3.612));
#5632 = SURFACE_CURVE('',#5633,(#5637,#5644),.PCURVE_S1.);
#5633 = LINE('',#5634,#5635);
#5634 = CARTESIAN_POINT('',(0.5000625,-17.5694,3.612));
#5635 = VECTOR('',#5636,1.);
#5636 = DIRECTION('',(0.,1.,0.));
#5637 = PCURVE('',#4173,#5638);
#5638 = DEFINITIONAL_REPRESENTATION('',(#5639),#5643);
#5639 = LINE('',#5640,#5641);
#5640 = CARTESIAN_POINT('',(0.,0.));
#5641 = VECTOR('',#5642,1.);
#5642 = DIRECTION('',(0.,-1.));
#5643 = ( GEOMETRIC_REPRESENTATION_CONTEXT(2) 
PARAMETRIC_REPRESENTATION_CONTEXT() REPRESENTATION_CONTEXT('2D SPACE',''
  ) );
#5644 = PCURVE('',#4140,#5645);
#5645 = DEFINITIONAL_REPRESENTATION('',(#5646),#5650);
#5646 = LINE('',#5647,#5648);
#5647 = CARTESIAN_POINT('',(1.000125,0.));
#5648 = VECTOR('',#5649,1.);
#5649 = DIRECTION('',(0.,1.));
#5650 = ( GEOMETRIC_REPRESENTATION_CONTEXT(2) 
PARAMETRIC_REPRESENTATION_CONTEXT() REPRESENTATION_CONTEXT('2D SPACE',''
  ) );
#5651 = ORIENTED_EDGE('',*,*,#5652,.T.);
#5652 = EDGE_CURVE('',#5630,#5476,#5653,.T.);
#5653 = SURFACE_CURVE('',#5654,(#5658,#5665),.PCURVE_S1.);
#5654 = LINE('',#5655,#5656);
#5655 = CARTESIAN_POINT('',(0.5000625,-17.1194,3.612));
#5656 = VECTOR('',#5657,1.);
#5657 = DIRECTION('',(0.,0.,1.));
#5658 = PCURVE('',#4173,#5659);
#5659 = DEFINITIONAL_REPRESENTATION('',(#5660),#5664);
#5660 = LINE('',#5661,#5662);
#5661 = CARTESIAN_POINT('',(0.,-0.45));
#5662 = VECTOR('',#5663,1.);
#5663 = DIRECTION('',(1.,0.));
#5664 = ( GEOMETRIC_REPRESENTATION_CONTEXT(2) 
PARAMETRIC_REPRESENTATION_CONTEXT() REPRESENTATION_CONTEXT('2D SPACE',''
  ) );
#5665 = PCURVE('',#5513,#5666);
#5666 = DEFINITIONAL_REPRESENTATION('',(#5667),#5671);
#5667 = LINE('',#5668,#5669);
#5668 = CARTESIAN_POINT('',(0.,1.000125));
#5669 = VECTOR('',#5670,1.);
#5670 = DIRECTION('',(1.,0.));
#5671 = ( GEOMETRIC_REPRESENTATION_CONTEXT(2) 
PARAMETRIC_REPRESENTATION_CONTEXT() REPRESENTATION_CONTEXT('2D SPACE',''
  ) );
#5672 = ORIENTED_EDGE('',*,*,#5475,.T.);
#5673 = ADVANCED_FACE('',(#5674),#4140,.T.);
#5674 = FACE_BOUND('',#5675,.T.);
#5675 = EDGE_LOOP('',(#5676,#5699,#5700,#5701));
#5676 = ORIENTED_EDGE('',*,*,#5677,.F.);
#5677 = EDGE_CURVE('',#4085,#5678,#5680,.T.);
#5678 = VERTEX_POINT('',#5679);
#5679 = CARTESIAN_POINT('',(-0.5000625,-17.1194,3.612));
#5680 = SURFACE_CURVE('',#5681,(#5685,#5692),.PCURVE_S1.);
#5681 = LINE('',#5682,#5683);
#5682 = CARTESIAN_POINT('',(-0.5000625,-17.5694,3.612));
#5683 = VECTOR('',#5684,1.);
#5684 = DIRECTION('',(0.,1.,0.));
#5685 = PCURVE('',#4140,#5686);
#5686 = DEFINITIONAL_REPRESENTATION('',(#5687),#5691);
#5687 = LINE('',#5688,#5689);
#5688 = CARTESIAN_POINT('',(0.,0.));
#5689 = VECTOR('',#5690,1.);
#5690 = DIRECTION('',(0.,1.));
#5691 = ( GEOMETRIC_REPRESENTATION_CONTEXT(2) 
PARAMETRIC_REPRESENTATION_CONTEXT() REPRESENTATION_CONTEXT('2D SPACE',''
  ) );
#5692 = PCURVE('',#4104,#5693);
#5693 = DEFINITIONAL_REPRESENTATION('',(#5694),#5698);
#5694 = LINE('',#5695,#5696);
#5695 = CARTESIAN_POINT('',(0.,0.));
#5696 = VECTOR('',#5697,1.);
#5697 = DIRECTION('',(0.,-1.));
#5698 = ( GEOMETRIC_REPRESENTATION_CONTEXT(2) 
PARAMETRIC_REPRESENTATION_CONTEXT() REPRESENTATION_CONTEXT('2D SPACE',''
  ) );
#5699 = ORIENTED_EDGE('',*,*,#4118,.F.);
#5700 = ORIENTED_EDGE('',*,*,#5629,.T.);
#5701 = ORIENTED_EDGE('',*,*,#5702,.F.);
#5702 = EDGE_CURVE('',#5678,#5630,#5703,.T.);
#5703 = SURFACE_CURVE('',#5704,(#5708,#5715),.PCURVE_S1.);
#5704 = LINE('',#5705,#5706);
#5705 = CARTESIAN_POINT('',(-0.5000625,-17.1194,3.612));
#5706 = VECTOR('',#5707,1.);
#5707 = DIRECTION('',(1.,0.,0.));
#5708 = PCURVE('',#4140,#5709);
#5709 = DEFINITIONAL_REPRESENTATION('',(#5710),#5714);
#5710 = LINE('',#5711,#5712);
#5711 = CARTESIAN_POINT('',(0.,0.45));
#5712 = VECTOR('',#5713,1.);
#5713 = DIRECTION('',(1.,0.));
#5714 = ( GEOMETRIC_REPRESENTATION_CONTEXT(2) 
PARAMETRIC_REPRESENTATION_CONTEXT() REPRESENTATION_CONTEXT('2D SPACE',''
  ) );
#5715 = PCURVE('',#5513,#5716);
#5716 = DEFINITIONAL_REPRESENTATION('',(#5717),#5721);
#5717 = LINE('',#5718,#5719);
#5718 = CARTESIAN_POINT('',(0.,0.));
#5719 = VECTOR('',#5720,1.);
#5720 = DIRECTION('',(0.,1.));
#5721 = ( GEOMETRIC_REPRESENTATION_CONTEXT(2) 
PARAMETRIC_REPRESENTATION_CONTEXT() REPRESENTATION_CONTEXT('2D SPACE',''
  ) );
#5722 = ADVANCED_FACE('',(#5723),#4104,.T.);
#5723 = FACE_BOUND('',#5724,.T.);
#5724 = EDGE_LOOP('',(#5725,#5726,#5727,#5748));
#5725 = ORIENTED_EDGE('',*,*,#4084,.T.);
#5726 = ORIENTED_EDGE('',*,*,#5677,.T.);
#5727 = ORIENTED_EDGE('',*,*,#5728,.T.);
#5728 = EDGE_CURVE('',#5678,#5497,#5729,.T.);
#5729 = SURFACE_CURVE('',#5730,(#5734,#5741),.PCURVE_S1.);
#5730 = LINE('',#5731,#5732);
#5731 = CARTESIAN_POINT('',(-0.5000625,-17.1194,3.612));
#5732 = VECTOR('',#5733,1.);
#5733 = DIRECTION('',(0.,0.,1.));
#5734 = PCURVE('',#4104,#5735);
#5735 = DEFINITIONAL_REPRESENTATION('',(#5736),#5740);
#5736 = LINE('',#5737,#5738);
#5737 = CARTESIAN_POINT('',(0.,-0.45));
#5738 = VECTOR('',#5739,1.);
#5739 = DIRECTION('',(1.,0.));
#5740 = ( GEOMETRIC_REPRESENTATION_CONTEXT(2) 
PARAMETRIC_REPRESENTATION_CONTEXT() REPRESENTATION_CONTEXT('2D SPACE',''
  ) );
#5741 = PCURVE('',#5513,#5742);
#5742 = DEFINITIONAL_REPRESENTATION('',(#5743),#5747);
#5743 = LINE('',#5744,#5745);
#5744 = CARTESIAN_POINT('',(0.,0.));
#5745 = VECTOR('',#5746,1.);
#5746 = DIRECTION('',(1.,0.));
#5747 = ( GEOMETRIC_REPRESENTATION_CONTEXT(2) 
PARAMETRIC_REPRESENTATION_CONTEXT() REPRESENTATION_CONTEXT('2D SPACE',''
  ) );
#5748 = ORIENTED_EDGE('',*,*,#5529,.T.);
#5749 = ADVANCED_FACE('',(#5750),#3384,.T.);
#5750 = FACE_BOUND('',#5751,.T.);
#5751 = EDGE_LOOP('',(#5752,#5775,#5776,#5777));
#5752 = ORIENTED_EDGE('',*,*,#5753,.F.);
#5753 = EDGE_CURVE('',#3328,#5754,#5756,.T.);
#5754 = VERTEX_POINT('',#5755);
#5755 = CARTESIAN_POINT('',(-0.5000625,-17.1194,14.964));
#5756 = SURFACE_CURVE('',#5757,(#5761,#5768),.PCURVE_S1.);
#5757 = LINE('',#5758,#5759);
#5758 = CARTESIAN_POINT('',(-0.5000625,-17.5694,14.964));
#5759 = VECTOR('',#5760,1.);
#5760 = DIRECTION('',(0.,1.,0.));
#5761 = PCURVE('',#3384,#5762);
#5762 = DEFINITIONAL_REPRESENTATION('',(#5763),#5767);
#5763 = LINE('',#5764,#5765);
#5764 = CARTESIAN_POINT('',(11.352,0.));
#5765 = VECTOR('',#5766,1.);
#5766 = DIRECTION('',(0.,-1.));
#5767 = ( GEOMETRIC_REPRESENTATION_CONTEXT(2) 
PARAMETRIC_REPRESENTATION_CONTEXT() REPRESENTATION_CONTEXT('2D SPACE',''
  ) );
#5768 = PCURVE('',#3349,#5769);
#5769 = DEFINITIONAL_REPRESENTATION('',(#5770),#5774);
#5770 = LINE('',#5771,#5772);
#5771 = CARTESIAN_POINT('',(0.,0.));
#5772 = VECTOR('',#5773,1.);
#5773 = DIRECTION('',(0.,1.));
#5774 = ( GEOMETRIC_REPRESENTATION_CONTEXT(2) 
PARAMETRIC_REPRESENTATION_CONTEXT() REPRESENTATION_CONTEXT('2D SPACE',''
  ) );
#5775 = ORIENTED_EDGE('',*,*,#3364,.T.);
#5776 = ORIENTED_EDGE('',*,*,#5549,.F.);
#5777 = ORIENTED_EDGE('',*,*,#5778,.T.);
#5778 = EDGE_CURVE('',#5550,#5754,#5779,.T.);
#5779 = SURFACE_CURVE('',#5780,(#5784,#5791),.PCURVE_S1.);
#5780 = LINE('',#5781,#5782);
#5781 = CARTESIAN_POINT('',(-0.5000625,-17.1194,3.612));
#5782 = VECTOR('',#5783,1.);
#5783 = DIRECTION('',(0.,0.,1.));
#5784 = PCURVE('',#3384,#5785);
#5785 = DEFINITIONAL_REPRESENTATION('',(#5786),#5790);
#5786 = LINE('',#5787,#5788);
#5787 = CARTESIAN_POINT('',(0.,-0.45));
#5788 = VECTOR('',#5789,1.);
#5789 = DIRECTION('',(1.,0.));
#5790 = ( GEOMETRIC_REPRESENTATION_CONTEXT(2) 
PARAMETRIC_REPRESENTATION_CONTEXT() REPRESENTATION_CONTEXT('2D SPACE',''
  ) );
#5791 = PCURVE('',#5587,#5792);
#5792 = DEFINITIONAL_REPRESENTATION('',(#5793),#5797);
#5793 = LINE('',#5794,#5795);
#5794 = CARTESIAN_POINT('',(0.,0.));
#5795 = VECTOR('',#5796,1.);
#5796 = DIRECTION('',(1.,0.));
#5797 = ( GEOMETRIC_REPRESENTATION_CONTEXT(2) 
PARAMETRIC_REPRESENTATION_CONTEXT() REPRESENTATION_CONTEXT('2D SPACE',''
  ) );
#5798 = ADVANCED_FACE('',(#5799),#3349,.F.);
#5799 = FACE_BOUND('',#5800,.F.);
#5800 = EDGE_LOOP('',(#5801,#5802,#5803,#5826));
#5801 = ORIENTED_EDGE('',*,*,#5753,.F.);
#5802 = ORIENTED_EDGE('',*,*,#3327,.F.);
#5803 = ORIENTED_EDGE('',*,*,#5804,.T.);
#5804 = EDGE_CURVE('',#3294,#5805,#5807,.T.);
#5805 = VERTEX_POINT('',#5806);
#5806 = CARTESIAN_POINT('',(0.5000625,-17.1194,14.964));
#5807 = SURFACE_CURVE('',#5808,(#5812,#5819),.PCURVE_S1.);
#5808 = LINE('',#5809,#5810);
#5809 = CARTESIAN_POINT('',(0.5000625,-17.5694,14.964));
#5810 = VECTOR('',#5811,1.);
#5811 = DIRECTION('',(0.,1.,0.));
#5812 = PCURVE('',#3349,#5813);
#5813 = DEFINITIONAL_REPRESENTATION('',(#5814),#5818);
#5814 = LINE('',#5815,#5816);
#5815 = CARTESIAN_POINT('',(1.000125,0.));
#5816 = VECTOR('',#5817,1.);
#5817 = DIRECTION('',(0.,1.));
#5818 = ( GEOMETRIC_REPRESENTATION_CONTEXT(2) 
PARAMETRIC_REPRESENTATION_CONTEXT() REPRESENTATION_CONTEXT('2D SPACE',''
  ) );
#5819 = PCURVE('',#3313,#5820);
#5820 = DEFINITIONAL_REPRESENTATION('',(#5821),#5825);
#5821 = LINE('',#5822,#5823);
#5822 = CARTESIAN_POINT('',(11.352,0.));
#5823 = VECTOR('',#5824,1.);
#5824 = DIRECTION('',(0.,-1.));
#5825 = ( GEOMETRIC_REPRESENTATION_CONTEXT(2) 
PARAMETRIC_REPRESENTATION_CONTEXT() REPRESENTATION_CONTEXT('2D SPACE',''
  ) );
#5826 = ORIENTED_EDGE('',*,*,#5827,.F.);
#5827 = EDGE_CURVE('',#5754,#5805,#5828,.T.);
#5828 = SURFACE_CURVE('',#5829,(#5833,#5840),.PCURVE_S1.);
#5829 = LINE('',#5830,#5831);
#5830 = CARTESIAN_POINT('',(-0.5000625,-17.1194,14.964));
#5831 = VECTOR('',#5832,1.);
#5832 = DIRECTION('',(1.,0.,0.));
#5833 = PCURVE('',#3349,#5834);
#5834 = DEFINITIONAL_REPRESENTATION('',(#5835),#5839);
#5835 = LINE('',#5836,#5837);
#5836 = CARTESIAN_POINT('',(0.,0.45));
#5837 = VECTOR('',#5838,1.);
#5838 = DIRECTION('',(1.,0.));
#5839 = ( GEOMETRIC_REPRESENTATION_CONTEXT(2) 
PARAMETRIC_REPRESENTATION_CONTEXT() REPRESENTATION_CONTEXT('2D SPACE',''
  ) );
#5840 = PCURVE('',#5587,#5841);
#5841 = DEFINITIONAL_REPRESENTATION('',(#5842),#5846);
#5842 = LINE('',#5843,#5844);
#5843 = CARTESIAN_POINT('',(11.352,0.));
#5844 = VECTOR('',#5845,1.);
#5845 = DIRECTION('',(0.,1.));
#5846 = ( GEOMETRIC_REPRESENTATION_CONTEXT(2) 
PARAMETRIC_REPRESENTATION_CONTEXT() REPRESENTATION_CONTEXT('2D SPACE',''
  ) );
#5847 = ADVANCED_FACE('',(#5848),#3313,.F.);
#5848 = FACE_BOUND('',#5849,.F.);
#5849 = EDGE_LOOP('',(#5850,#5851,#5852,#5853));
#5850 = ORIENTED_EDGE('',*,*,#5804,.F.);
#5851 = ORIENTED_EDGE('',*,*,#3293,.T.);
#5852 = ORIENTED_EDGE('',*,*,#5603,.F.);
#5853 = ORIENTED_EDGE('',*,*,#5854,.T.);
#5854 = EDGE_CURVE('',#5571,#5805,#5855,.T.);
#5855 = SURFACE_CURVE('',#5856,(#5860,#5867),.PCURVE_S1.);
#5856 = LINE('',#5857,#5858);
#5857 = CARTESIAN_POINT('',(0.5000625,-17.1194,3.612));
#5858 = VECTOR('',#5859,1.);
#5859 = DIRECTION('',(0.,0.,1.));
#5860 = PCURVE('',#3313,#5861);
#5861 = DEFINITIONAL_REPRESENTATION('',(#5862),#5866);
#5862 = LINE('',#5863,#5864);
#5863 = CARTESIAN_POINT('',(0.,-0.45));
#5864 = VECTOR('',#5865,1.);
#5865 = DIRECTION('',(1.,0.));
#5866 = ( GEOMETRIC_REPRESENTATION_CONTEXT(2) 
PARAMETRIC_REPRESENTATION_CONTEXT() REPRESENTATION_CONTEXT('2D SPACE',''
  ) );
#5867 = PCURVE('',#5587,#5868);
#5868 = DEFINITIONAL_REPRESENTATION('',(#5869),#5873);
#5869 = LINE('',#5870,#5871);
#5870 = CARTESIAN_POINT('',(0.,1.000125));
#5871 = VECTOR('',#5872,1.);
#5872 = DIRECTION('',(1.,0.));
#5873 = ( GEOMETRIC_REPRESENTATION_CONTEXT(2) 
PARAMETRIC_REPRESENTATION_CONTEXT() REPRESENTATION_CONTEXT('2D SPACE',''
  ) );
#5874 = ADVANCED_FACE('',(#5875),#4229,.F.);
#5875 = FACE_BOUND('',#5876,.F.);
#5876 = EDGE_LOOP('',(#5877));
#5877 = ORIENTED_EDGE('',*,*,#4214,.T.);
#5878 = ADVANCED_FACE('',(#5879),#4458,.F.);
#5879 = FACE_BOUND('',#5880,.F.);
#5880 = EDGE_LOOP('',(#5881,#5882,#5905,#5932));
#5881 = ORIENTED_EDGE('',*,*,#4244,.F.);
#5882 = ORIENTED_EDGE('',*,*,#5883,.F.);
#5883 = EDGE_CURVE('',#5884,#4245,#5886,.T.);
#5884 = VERTEX_POINT('',#5885);
#5885 = CARTESIAN_POINT('',(2.00025,6.223,10.60896));
#5886 = SEAM_CURVE('',#5887,(#5891,#5898),.PCURVE_S1.);
#5887 = LINE('',#5888,#5889);
#5888 = CARTESIAN_POINT('',(2.00025,6.223,10.60896));
#5889 = VECTOR('',#5890,1.);
#5890 = DIRECTION('',(0.,-1.,1.110223024625E-16));
#5891 = PCURVE('',#4458,#5892);
#5892 = DEFINITIONAL_REPRESENTATION('',(#5893),#5897);
#5893 = LINE('',#5894,#5895);
#5894 = CARTESIAN_POINT('',(6.28318530718,-0.));
#5895 = VECTOR('',#5896,1.);
#5896 = DIRECTION('',(0.,1.));
#5897 = ( GEOMETRIC_REPRESENTATION_CONTEXT(2) 
PARAMETRIC_REPRESENTATION_CONTEXT() REPRESENTATION_CONTEXT('2D SPACE',''
  ) );
#5898 = PCURVE('',#4458,#5899);
#5899 = DEFINITIONAL_REPRESENTATION('',(#5900),#5904);
#5900 = LINE('',#5901,#5902);
#5901 = CARTESIAN_POINT('',(0.,-0.));
#5902 = VECTOR('',#5903,1.);
#5903 = DIRECTION('',(0.,1.));
#5904 = ( GEOMETRIC_REPRESENTATION_CONTEXT(2) 
PARAMETRIC_REPRESENTATION_CONTEXT() REPRESENTATION_CONTEXT('2D SPACE',''
  ) );
#5905 = ORIENTED_EDGE('',*,*,#5906,.T.);
#5906 = EDGE_CURVE('',#5884,#5884,#5907,.T.);
#5907 = SURFACE_CURVE('',#5908,(#5913,#5920),.PCURVE_S1.);
#5908 = CIRCLE('',#5909,2.00025);
#5909 = AXIS2_PLACEMENT_3D('',#5910,#5911,#5912);
#5910 = CARTESIAN_POINT('',(0.,6.223,10.60896));
#5911 = DIRECTION('',(0.,-1.,1.110223024625E-16));
#5912 = DIRECTION('',(1.,0.,0.));
#5913 = PCURVE('',#4458,#5914);
#5914 = DEFINITIONAL_REPRESENTATION('',(#5915),#5919);
#5915 = LINE('',#5916,#5917);
#5916 = CARTESIAN_POINT('',(0.,0.));
#5917 = VECTOR('',#5918,1.);
#5918 = DIRECTION('',(1.,0.));
#5919 = ( GEOMETRIC_REPRESENTATION_CONTEXT(2) 
PARAMETRIC_REPRESENTATION_CONTEXT() REPRESENTATION_CONTEXT('2D SPACE',''
  ) );
#5920 = PCURVE('',#5921,#5926);
#5921 = PLANE('',#5922);
#5922 = AXIS2_PLACEMENT_3D('',#5923,#5924,#5925);
#5923 = CARTESIAN_POINT('',(0.,6.223,10.60896));
#5924 = DIRECTION('',(0.,-1.,1.110223024625E-16));
#5925 = DIRECTION('',(1.,0.,0.));
#5926 = DEFINITIONAL_REPRESENTATION('',(#5927),#5931);
#5927 = CIRCLE('',#5928,2.00025);
#5928 = AXIS2_PLACEMENT_2D('',#5929,#5930);
#5929 = CARTESIAN_POINT('',(0.,0.));
#5930 = DIRECTION('',(1.,0.));
#5931 = ( GEOMETRIC_REPRESENTATION_CONTEXT(2) 
PARAMETRIC_REPRESENTATION_CONTEXT() REPRESENTATION_CONTEXT('2D SPACE',''
  ) );
#5932 = ORIENTED_EDGE('',*,*,#5883,.T.);
#5933 = ADVANCED_FACE('',(#5934),#4921,.F.);
#5934 = FACE_BOUND('',#5935,.F.);
#5935 = EDGE_LOOP('',(#5936,#5959,#5987,#6015,#6041,#6060));
#5936 = ORIENTED_EDGE('',*,*,#5937,.F.);
#5937 = EDGE_CURVE('',#5938,#4900,#5940,.T.);
#5938 = VERTEX_POINT('',#5939);
#5939 = CARTESIAN_POINT('',(0.66675,-14.6685,20.0208));
#5940 = SURFACE_CURVE('',#5941,(#5945,#5952),.PCURVE_S1.);
#5941 = LINE('',#5942,#5943);
#5942 = CARTESIAN_POINT('',(0.66675,-14.6685,20.0208));
#5943 = VECTOR('',#5944,1.);
#5944 = DIRECTION('',(0.,0.,1.));
#5945 = PCURVE('',#4921,#5946);
#5946 = DEFINITIONAL_REPRESENTATION('',(#5947),#5951);
#5947 = LINE('',#5948,#5949);
#5948 = CARTESIAN_POINT('',(0.,0.));
#5949 = VECTOR('',#5950,1.);
#5950 = DIRECTION('',(1.,0.));
#5951 = ( GEOMETRIC_REPRESENTATION_CONTEXT(2) 
PARAMETRIC_REPRESENTATION_CONTEXT() REPRESENTATION_CONTEXT('2D SPACE',''
  ) );
#5952 = PCURVE('',#5439,#5953);
#5953 = DEFINITIONAL_REPRESENTATION('',(#5954),#5958);
#5954 = LINE('',#5955,#5956);
#5955 = CARTESIAN_POINT('',(0.,1.3335));
#5956 = VECTOR('',#5957,1.);
#5957 = DIRECTION('',(1.,0.));
#5958 = ( GEOMETRIC_REPRESENTATION_CONTEXT(2) 
PARAMETRIC_REPRESENTATION_CONTEXT() REPRESENTATION_CONTEXT('2D SPACE',''
  ) );
#5959 = ORIENTED_EDGE('',*,*,#5960,.T.);
#5960 = EDGE_CURVE('',#5938,#5961,#5963,.T.);
#5961 = VERTEX_POINT('',#5962);
#5962 = CARTESIAN_POINT('',(0.66675,-2.2225,20.0208));
#5963 = SURFACE_CURVE('',#5964,(#5968,#5975),.PCURVE_S1.);
#5964 = LINE('',#5965,#5966);
#5965 = CARTESIAN_POINT('',(0.66675,-14.6685,20.0208));
#5966 = VECTOR('',#5967,1.);
#5967 = DIRECTION('',(0.,1.,0.));
#5968 = PCURVE('',#4921,#5969);
#5969 = DEFINITIONAL_REPRESENTATION('',(#5970),#5974);
#5970 = LINE('',#5971,#5972);
#5971 = CARTESIAN_POINT('',(0.,0.));
#5972 = VECTOR('',#5973,1.);
#5973 = DIRECTION('',(0.,-1.));
#5974 = ( GEOMETRIC_REPRESENTATION_CONTEXT(2) 
PARAMETRIC_REPRESENTATION_CONTEXT() REPRESENTATION_CONTEXT('2D SPACE',''
  ) );
#5975 = PCURVE('',#5976,#5981);
#5976 = PLANE('',#5977);
#5977 = AXIS2_PLACEMENT_3D('',#5978,#5979,#5980);
#5978 = CARTESIAN_POINT('',(-0.66675,-14.6685,20.0208));
#5979 = DIRECTION('',(0.,0.,1.));
#5980 = DIRECTION('',(1.,0.,0.));
#5981 = DEFINITIONAL_REPRESENTATION('',(#5982),#5986);
#5982 = LINE('',#5983,#5984);
#5983 = CARTESIAN_POINT('',(1.3335,0.));
#5984 = VECTOR('',#5985,1.);
#5985 = DIRECTION('',(0.,1.));
#5986 = ( GEOMETRIC_REPRESENTATION_CONTEXT(2) 
PARAMETRIC_REPRESENTATION_CONTEXT() REPRESENTATION_CONTEXT('2D SPACE',''
  ) );
#5987 = ORIENTED_EDGE('',*,*,#5988,.T.);
#5988 = EDGE_CURVE('',#5961,#5989,#5991,.T.);
#5989 = VERTEX_POINT('',#5990);
#5990 = CARTESIAN_POINT('',(0.66675,-2.2225,20.22));
#5991 = SURFACE_CURVE('',#5992,(#5996,#6003),.PCURVE_S1.);
#5992 = LINE('',#5993,#5994);
#5993 = CARTESIAN_POINT('',(0.66675,-2.2225,20.0208));
#5994 = VECTOR('',#5995,1.);
#5995 = DIRECTION('',(0.,0.,1.));
#5996 = PCURVE('',#4921,#5997);
#5997 = DEFINITIONAL_REPRESENTATION('',(#5998),#6002);
#5998 = LINE('',#5999,#6000);
#5999 = CARTESIAN_POINT('',(0.,-12.446));
#6000 = VECTOR('',#6001,1.);
#6001 = DIRECTION('',(1.,0.));
#6002 = ( GEOMETRIC_REPRESENTATION_CONTEXT(2) 
PARAMETRIC_REPRESENTATION_CONTEXT() REPRESENTATION_CONTEXT('2D SPACE',''
  ) );
#6003 = PCURVE('',#6004,#6009);
#6004 = PLANE('',#6005);
#6005 = AXIS2_PLACEMENT_3D('',#6006,#6007,#6008);
#6006 = CARTESIAN_POINT('',(-0.66675,-2.2225,20.0208));
#6007 = DIRECTION('',(0.,1.,0.));
#6008 = DIRECTION('',(0.,0.,1.));
#6009 = DEFINITIONAL_REPRESENTATION('',(#6010),#6014);
#6010 = LINE('',#6011,#6012);
#6011 = CARTESIAN_POINT('',(0.,1.3335));
#6012 = VECTOR('',#6013,1.);
#6013 = DIRECTION('',(1.,0.));
#6014 = ( GEOMETRIC_REPRESENTATION_CONTEXT(2) 
PARAMETRIC_REPRESENTATION_CONTEXT() REPRESENTATION_CONTEXT('2D SPACE',''
  ) );
#6015 = ORIENTED_EDGE('',*,*,#6016,.F.);
#6016 = EDGE_CURVE('',#6017,#5989,#6019,.T.);
#6017 = VERTEX_POINT('',#6018);
#6018 = CARTESIAN_POINT('',(0.66675,-13.57466740891,20.22));
#6019 = SURFACE_CURVE('',#6020,(#6024,#6030),.PCURVE_S1.);
#6020 = LINE('',#6021,#6022);
#6021 = CARTESIAN_POINT('',(0.66675,-7.33425,20.22));
#6022 = VECTOR('',#6023,1.);
#6023 = DIRECTION('',(0.,1.,0.));
#6024 = PCURVE('',#4921,#6025);
#6025 = DEFINITIONAL_REPRESENTATION('',(#6026),#6029);
#6026 = B_SPLINE_CURVE_WITH_KNOTS('',1,(#6027,#6028),.UNSPECIFIED.,.F.,
  .F.,(2,2),(-6.256782,5.11175),.PIECEWISE_BEZIER_KNOTS.);
#6027 = CARTESIAN_POINT('',(0.1992,-1.077468));
#6028 = CARTESIAN_POINT('',(0.1992,-12.446));
#6029 = ( GEOMETRIC_REPRESENTATION_CONTEXT(2) 
PARAMETRIC_REPRESENTATION_CONTEXT() REPRESENTATION_CONTEXT('2D SPACE',''
  ) );
#6030 = PCURVE('',#6031,#6036);
#6031 = PLANE('',#6032);
#6032 = AXIS2_PLACEMENT_3D('',#6033,#6034,#6035);
#6033 = CARTESIAN_POINT('',(0.,0.,20.22));
#6034 = DIRECTION('',(0.,0.,1.));
#6035 = DIRECTION('',(1.,0.,0.));
#6036 = DEFINITIONAL_REPRESENTATION('',(#6037),#6040);
#6037 = B_SPLINE_CURVE_WITH_KNOTS('',1,(#6038,#6039),.UNSPECIFIED.,.F.,
  .F.,(2,2),(-6.256782,5.11175),.PIECEWISE_BEZIER_KNOTS.);
#6038 = CARTESIAN_POINT('',(0.66675,-13.591032));
#6039 = CARTESIAN_POINT('',(0.66675,-2.2225));
#6040 = ( GEOMETRIC_REPRESENTATION_CONTEXT(2) 
PARAMETRIC_REPRESENTATION_CONTEXT() REPRESENTATION_CONTEXT('2D SPACE',''
  ) );
#6041 = ORIENTED_EDGE('',*,*,#6042,.T.);
#6042 = EDGE_CURVE('',#6017,#4898,#6043,.T.);
#6043 = SURFACE_CURVE('',#6044,(#6048,#6054),.PCURVE_S1.);
#6044 = LINE('',#6045,#6046);
#6045 = CARTESIAN_POINT('',(0.66675,-13.57466740891,20.22));
#6046 = VECTOR('',#6047,1.);
#6047 = DIRECTION('',(0.,0.,1.));
#6048 = PCURVE('',#4921,#6049);
#6049 = DEFINITIONAL_REPRESENTATION('',(#6050),#6053);
#6050 = B_SPLINE_CURVE_WITH_KNOTS('',1,(#6051,#6052),.UNSPECIFIED.,.F.,
  .F.,(2,2),(-5.999999999062E-07,0.4200006),.PIECEWISE_BEZIER_KNOTS.);
#6051 = CARTESIAN_POINT('',(0.1991994,-1.09383259109));
#6052 = CARTESIAN_POINT('',(0.6192006,-1.09383259109));
#6053 = ( GEOMETRIC_REPRESENTATION_CONTEXT(2) 
PARAMETRIC_REPRESENTATION_CONTEXT() REPRESENTATION_CONTEXT('2D SPACE',''
  ) );
#6054 = PCURVE('',#5224,#6055);
#6055 = DEFINITIONAL_REPRESENTATION('',(#6056),#6059);
#6056 = B_SPLINE_CURVE_WITH_KNOTS('',1,(#6057,#6058),.UNSPECIFIED.,.F.,
  .F.,(2,2),(0.,0.4200006),.PIECEWISE_BEZIER_KNOTS.);
#6057 = CARTESIAN_POINT('',(4.761466764479,0.));
#6058 = CARTESIAN_POINT('',(4.761466764479,0.4200006));
#6059 = ( GEOMETRIC_REPRESENTATION_CONTEXT(2) 
PARAMETRIC_REPRESENTATION_CONTEXT() REPRESENTATION_CONTEXT('2D SPACE',''
  ) );
#6060 = ORIENTED_EDGE('',*,*,#4897,.T.);
#6061 = ADVANCED_FACE('',(#6062),#5224,.F.);
#6062 = FACE_BOUND('',#6063,.F.);
#6063 = EDGE_LOOP('',(#6064,#6092,#6111,#6112));
#6064 = ORIENTED_EDGE('',*,*,#6065,.F.);
#6065 = EDGE_CURVE('',#6066,#6017,#6068,.T.);
#6066 = VERTEX_POINT('',#6067);
#6067 = CARTESIAN_POINT('',(-0.66675,-13.57466740891,20.22));
#6068 = SURFACE_CURVE('',#6069,(#6074,#6081),.PCURVE_S1.);
#6069 = CIRCLE('',#6070,13.591032);
#6070 = AXIS2_PLACEMENT_3D('',#6071,#6072,#6073);
#6071 = CARTESIAN_POINT('',(0.,0.,20.22));
#6072 = DIRECTION('',(-0.,0.,-1.));
#6073 = DIRECTION('',(-4.905808477237E-02,-0.998795927264,0.));
#6074 = PCURVE('',#5224,#6075);
#6075 = DEFINITIONAL_REPRESENTATION('',(#6076),#6080);
#6076 = LINE('',#6077,#6078);
#6077 = CARTESIAN_POINT('',(10.94649650347,0.));
#6078 = VECTOR('',#6079,1.);
#6079 = DIRECTION('',(-1.,-0.));
#6080 = ( GEOMETRIC_REPRESENTATION_CONTEXT(2) 
PARAMETRIC_REPRESENTATION_CONTEXT() REPRESENTATION_CONTEXT('2D SPACE',''
  ) );
#6081 = PCURVE('',#6031,#6082);
#6082 = DEFINITIONAL_REPRESENTATION('',(#6083),#6091);
#6083 = ( BOUNDED_CURVE() B_SPLINE_CURVE(2,(#6084,#6085,#6086,#6087,
#6088,#6089,#6090),.UNSPECIFIED.,.T.,.F.) B_SPLINE_CURVE_WITH_KNOTS((1,2
    ,2,2,2,1),(-2.094395102393,0.,2.094395102393,4.188790204786,
6.28318530718,8.377580409573),.UNSPECIFIED.) CURVE() 
GEOMETRIC_REPRESENTATION_ITEM() RATIONAL_B_SPLINE_CURVE((1.,0.5,1.,0.5,
1.,0.5,1.)) REPRESENTATION_ITEM('') );
#6084 = CARTESIAN_POINT('',(-0.66675,-13.57466740891));
#6085 = CARTESIAN_POINT('',(-24.17876364808,-12.41982253296));
#6086 = CARTESIAN_POINT('',(-11.42263182404,7.364756142428));
#6087 = CARTESIAN_POINT('',(1.3335,27.14933481782));
#6088 = CARTESIAN_POINT('',(12.089381824041,6.209911266482));
#6089 = CARTESIAN_POINT('',(22.845263648082,-14.72951228485));
#6090 = CARTESIAN_POINT('',(-0.66675,-13.57466740891));
#6091 = ( GEOMETRIC_REPRESENTATION_CONTEXT(2) 
PARAMETRIC_REPRESENTATION_CONTEXT() REPRESENTATION_CONTEXT('2D SPACE',''
  ) );
#6092 = ORIENTED_EDGE('',*,*,#6093,.T.);
#6093 = EDGE_CURVE('',#6066,#4937,#6094,.T.);
#6094 = SURFACE_CURVE('',#6095,(#6099,#6105),.PCURVE_S1.);
#6095 = LINE('',#6096,#6097);
#6096 = CARTESIAN_POINT('',(-0.66675,-13.57466740891,20.22));
#6097 = VECTOR('',#6098,1.);
#6098 = DIRECTION('',(0.,0.,1.));
#6099 = PCURVE('',#5224,#6100);
#6100 = DEFINITIONAL_REPRESENTATION('',(#6101),#6104);
#6101 = B_SPLINE_CURVE_WITH_KNOTS('',1,(#6102,#6103),.UNSPECIFIED.,.F.,
  .F.,(2,2),(0.,0.4200006),.PIECEWISE_BEZIER_KNOTS.);
#6102 = CARTESIAN_POINT('',(10.94649650347,0.));
#6103 = CARTESIAN_POINT('',(10.94649650347,0.4200006));
#6104 = ( GEOMETRIC_REPRESENTATION_CONTEXT(2) 
PARAMETRIC_REPRESENTATION_CONTEXT() REPRESENTATION_CONTEXT('2D SPACE',''
  ) );
#6105 = PCURVE('',#5412,#6106);
#6106 = DEFINITIONAL_REPRESENTATION('',(#6107),#6110);
#6107 = B_SPLINE_CURVE_WITH_KNOTS('',1,(#6108,#6109),.UNSPECIFIED.,.F.,
  .F.,(2,2),(-5.999999999062E-07,0.4200006),.PIECEWISE_BEZIER_KNOTS.);
#6108 = CARTESIAN_POINT('',(0.1991994,-1.09383259109));
#6109 = CARTESIAN_POINT('',(0.6192006,-1.09383259109));
#6110 = ( GEOMETRIC_REPRESENTATION_CONTEXT(2) 
PARAMETRIC_REPRESENTATION_CONTEXT() REPRESENTATION_CONTEXT('2D SPACE',''
  ) );
#6111 = ORIENTED_EDGE('',*,*,#4936,.T.);
#6112 = ORIENTED_EDGE('',*,*,#6042,.F.);
#6113 = ADVANCED_FACE('',(#6114),#5412,.T.);
#6114 = FACE_BOUND('',#6115,.T.);
#6115 = EDGE_LOOP('',(#6116,#6139,#6162,#6185,#6204,#6205));
#6116 = ORIENTED_EDGE('',*,*,#6117,.F.);
#6117 = EDGE_CURVE('',#6118,#5391,#6120,.T.);
#6118 = VERTEX_POINT('',#6119);
#6119 = CARTESIAN_POINT('',(-0.66675,-14.6685,20.0208));
#6120 = SURFACE_CURVE('',#6121,(#6125,#6132),.PCURVE_S1.);
#6121 = LINE('',#6122,#6123);
#6122 = CARTESIAN_POINT('',(-0.66675,-14.6685,20.0208));
#6123 = VECTOR('',#6124,1.);
#6124 = DIRECTION('',(0.,0.,1.));
#6125 = PCURVE('',#5412,#6126);
#6126 = DEFINITIONAL_REPRESENTATION('',(#6127),#6131);
#6127 = LINE('',#6128,#6129);
#6128 = CARTESIAN_POINT('',(0.,0.));
#6129 = VECTOR('',#6130,1.);
#6130 = DIRECTION('',(1.,0.));
#6131 = ( GEOMETRIC_REPRESENTATION_CONTEXT(2) 
PARAMETRIC_REPRESENTATION_CONTEXT() REPRESENTATION_CONTEXT('2D SPACE',''
  ) );
#6132 = PCURVE('',#5439,#6133);
#6133 = DEFINITIONAL_REPRESENTATION('',(#6134),#6138);
#6134 = LINE('',#6135,#6136);
#6135 = CARTESIAN_POINT('',(0.,0.));
#6136 = VECTOR('',#6137,1.);
#6137 = DIRECTION('',(1.,0.));
#6138 = ( GEOMETRIC_REPRESENTATION_CONTEXT(2) 
PARAMETRIC_REPRESENTATION_CONTEXT() REPRESENTATION_CONTEXT('2D SPACE',''
  ) );
#6139 = ORIENTED_EDGE('',*,*,#6140,.T.);
#6140 = EDGE_CURVE('',#6118,#6141,#6143,.T.);
#6141 = VERTEX_POINT('',#6142);
#6142 = CARTESIAN_POINT('',(-0.66675,-2.2225,20.0208));
#6143 = SURFACE_CURVE('',#6144,(#6148,#6155),.PCURVE_S1.);
#6144 = LINE('',#6145,#6146);
#6145 = CARTESIAN_POINT('',(-0.66675,-14.6685,20.0208));
#6146 = VECTOR('',#6147,1.);
#6147 = DIRECTION('',(0.,1.,0.));
#6148 = PCURVE('',#5412,#6149);
#6149 = DEFINITIONAL_REPRESENTATION('',(#6150),#6154);
#6150 = LINE('',#6151,#6152);
#6151 = CARTESIAN_POINT('',(0.,0.));
#6152 = VECTOR('',#6153,1.);
#6153 = DIRECTION('',(0.,-1.));
#6154 = ( GEOMETRIC_REPRESENTATION_CONTEXT(2) 
PARAMETRIC_REPRESENTATION_CONTEXT() REPRESENTATION_CONTEXT('2D SPACE',''
  ) );
#6155 = PCURVE('',#5976,#6156);
#6156 = DEFINITIONAL_REPRESENTATION('',(#6157),#6161);
#6157 = LINE('',#6158,#6159);
#6158 = CARTESIAN_POINT('',(0.,0.));
#6159 = VECTOR('',#6160,1.);
#6160 = DIRECTION('',(0.,1.));
#6161 = ( GEOMETRIC_REPRESENTATION_CONTEXT(2) 
PARAMETRIC_REPRESENTATION_CONTEXT() REPRESENTATION_CONTEXT('2D SPACE',''
  ) );
#6162 = ORIENTED_EDGE('',*,*,#6163,.T.);
#6163 = EDGE_CURVE('',#6141,#6164,#6166,.T.);
#6164 = VERTEX_POINT('',#6165);
#6165 = CARTESIAN_POINT('',(-0.66675,-2.2225,20.22));
#6166 = SURFACE_CURVE('',#6167,(#6171,#6178),.PCURVE_S1.);
#6167 = LINE('',#6168,#6169);
#6168 = CARTESIAN_POINT('',(-0.66675,-2.2225,20.0208));
#6169 = VECTOR('',#6170,1.);
#6170 = DIRECTION('',(0.,0.,1.));
#6171 = PCURVE('',#5412,#6172);
#6172 = DEFINITIONAL_REPRESENTATION('',(#6173),#6177);
#6173 = LINE('',#6174,#6175);
#6174 = CARTESIAN_POINT('',(0.,-12.446));
#6175 = VECTOR('',#6176,1.);
#6176 = DIRECTION('',(1.,0.));
#6177 = ( GEOMETRIC_REPRESENTATION_CONTEXT(2) 
PARAMETRIC_REPRESENTATION_CONTEXT() REPRESENTATION_CONTEXT('2D SPACE',''
  ) );
#6178 = PCURVE('',#6004,#6179);
#6179 = DEFINITIONAL_REPRESENTATION('',(#6180),#6184);
#6180 = LINE('',#6181,#6182);
#6181 = CARTESIAN_POINT('',(0.,0.));
#6182 = VECTOR('',#6183,1.);
#6183 = DIRECTION('',(1.,0.));
#6184 = ( GEOMETRIC_REPRESENTATION_CONTEXT(2) 
PARAMETRIC_REPRESENTATION_CONTEXT() REPRESENTATION_CONTEXT('2D SPACE',''
  ) );
#6185 = ORIENTED_EDGE('',*,*,#6186,.F.);
#6186 = EDGE_CURVE('',#6066,#6164,#6187,.T.);
#6187 = SURFACE_CURVE('',#6188,(#6192,#6198),.PCURVE_S1.);
#6188 = LINE('',#6189,#6190);
#6189 = CARTESIAN_POINT('',(-0.66675,-7.33425,20.22));
#6190 = VECTOR('',#6191,1.);
#6191 = DIRECTION('',(0.,1.,0.));
#6192 = PCURVE('',#5412,#6193);
#6193 = DEFINITIONAL_REPRESENTATION('',(#6194),#6197);
#6194 = B_SPLINE_CURVE_WITH_KNOTS('',1,(#6195,#6196),.UNSPECIFIED.,.F.,
  .F.,(2,2),(-6.256782,5.11175),.PIECEWISE_BEZIER_KNOTS.);
#6195 = CARTESIAN_POINT('',(0.1992,-1.077468));
#6196 = CARTESIAN_POINT('',(0.1992,-12.446));
#6197 = ( GEOMETRIC_REPRESENTATION_CONTEXT(2) 
PARAMETRIC_REPRESENTATION_CONTEXT() REPRESENTATION_CONTEXT('2D SPACE',''
  ) );
#6198 = PCURVE('',#6031,#6199);
#6199 = DEFINITIONAL_REPRESENTATION('',(#6200),#6203);
#6200 = B_SPLINE_CURVE_WITH_KNOTS('',1,(#6201,#6202),.UNSPECIFIED.,.F.,
  .F.,(2,2),(-6.256782,5.11175),.PIECEWISE_BEZIER_KNOTS.);
#6201 = CARTESIAN_POINT('',(-0.66675,-13.591032));
#6202 = CARTESIAN_POINT('',(-0.66675,-2.2225));
#6203 = ( GEOMETRIC_REPRESENTATION_CONTEXT(2) 
PARAMETRIC_REPRESENTATION_CONTEXT() REPRESENTATION_CONTEXT('2D SPACE',''
  ) );
#6204 = ORIENTED_EDGE('',*,*,#6093,.T.);
#6205 = ORIENTED_EDGE('',*,*,#5390,.T.);
#6206 = ADVANCED_FACE('',(#6207),#5439,.T.);
#6207 = FACE_BOUND('',#6208,.T.);
#6208 = EDGE_LOOP('',(#6209,#6210,#6231,#6232));
#6209 = ORIENTED_EDGE('',*,*,#5937,.F.);
#6210 = ORIENTED_EDGE('',*,*,#6211,.F.);
#6211 = EDGE_CURVE('',#6118,#5938,#6212,.T.);
#6212 = SURFACE_CURVE('',#6213,(#6217,#6224),.PCURVE_S1.);
#6213 = LINE('',#6214,#6215);
#6214 = CARTESIAN_POINT('',(-0.66675,-14.6685,20.0208));
#6215 = VECTOR('',#6216,1.);
#6216 = DIRECTION('',(1.,0.,0.));
#6217 = PCURVE('',#5439,#6218);
#6218 = DEFINITIONAL_REPRESENTATION('',(#6219),#6223);
#6219 = LINE('',#6220,#6221);
#6220 = CARTESIAN_POINT('',(0.,0.));
#6221 = VECTOR('',#6222,1.);
#6222 = DIRECTION('',(0.,1.));
#6223 = ( GEOMETRIC_REPRESENTATION_CONTEXT(2) 
PARAMETRIC_REPRESENTATION_CONTEXT() REPRESENTATION_CONTEXT('2D SPACE',''
  ) );
#6224 = PCURVE('',#5976,#6225);
#6225 = DEFINITIONAL_REPRESENTATION('',(#6226),#6230);
#6226 = LINE('',#6227,#6228);
#6227 = CARTESIAN_POINT('',(0.,0.));
#6228 = VECTOR('',#6229,1.);
#6229 = DIRECTION('',(1.,0.));
#6230 = ( GEOMETRIC_REPRESENTATION_CONTEXT(2) 
PARAMETRIC_REPRESENTATION_CONTEXT() REPRESENTATION_CONTEXT('2D SPACE',''
  ) );
#6231 = ORIENTED_EDGE('',*,*,#6117,.T.);
#6232 = ORIENTED_EDGE('',*,*,#5427,.F.);
#6233 = ADVANCED_FACE('',(#6234),#5587,.F.);
#6234 = FACE_BOUND('',#6235,.F.);
#6235 = EDGE_LOOP('',(#6236,#6237,#6238,#6239));
#6236 = ORIENTED_EDGE('',*,*,#5854,.F.);
#6237 = ORIENTED_EDGE('',*,*,#5570,.T.);
#6238 = ORIENTED_EDGE('',*,*,#5778,.T.);
#6239 = ORIENTED_EDGE('',*,*,#5827,.T.);
#6240 = ADVANCED_FACE('',(#6241),#5513,.F.);
#6241 = FACE_BOUND('',#6242,.F.);
#6242 = EDGE_LOOP('',(#6243,#6244,#6245,#6246));
#6243 = ORIENTED_EDGE('',*,*,#5652,.F.);
#6244 = ORIENTED_EDGE('',*,*,#5702,.F.);
#6245 = ORIENTED_EDGE('',*,*,#5728,.T.);
#6246 = ORIENTED_EDGE('',*,*,#5496,.T.);
#6247 = ADVANCED_FACE('',(#6248),#5921,.T.);
#6248 = FACE_BOUND('',#6249,.F.);
#6249 = EDGE_LOOP('',(#6250));
#6250 = ORIENTED_EDGE('',*,*,#5906,.F.);
#6251 = ADVANCED_FACE('',(#6252),#6031,.T.);
#6252 = FACE_BOUND('',#6253,.T.);
#6253 = EDGE_LOOP('',(#6254,#6255,#6256,#6257));
#6254 = ORIENTED_EDGE('',*,*,#6016,.F.);
#6255 = ORIENTED_EDGE('',*,*,#6065,.F.);
#6256 = ORIENTED_EDGE('',*,*,#6186,.T.);
#6257 = ORIENTED_EDGE('',*,*,#6258,.F.);
#6258 = EDGE_CURVE('',#5989,#6164,#6259,.T.);
#6259 = SURFACE_CURVE('',#6260,(#6264,#6270),.PCURVE_S1.);
#6260 = LINE('',#6261,#6262);
#6261 = CARTESIAN_POINT('',(-0.333375,-2.2225,20.22));
#6262 = VECTOR('',#6263,1.);
#6263 = DIRECTION('',(-1.,0.,0.));
#6264 = PCURVE('',#6031,#6265);
#6265 = DEFINITIONAL_REPRESENTATION('',(#6266),#6269);
#6266 = B_SPLINE_CURVE_WITH_KNOTS('',1,(#6267,#6268),.UNSPECIFIED.,.F.,
  .F.,(2,2),(-1.000125,0.333375),.PIECEWISE_BEZIER_KNOTS.);
#6267 = CARTESIAN_POINT('',(0.66675,-2.2225));
#6268 = CARTESIAN_POINT('',(-0.66675,-2.2225));
#6269 = ( GEOMETRIC_REPRESENTATION_CONTEXT(2) 
PARAMETRIC_REPRESENTATION_CONTEXT() REPRESENTATION_CONTEXT('2D SPACE',''
  ) );
#6270 = PCURVE('',#6004,#6271);
#6271 = DEFINITIONAL_REPRESENTATION('',(#6272),#6275);
#6272 = B_SPLINE_CURVE_WITH_KNOTS('',1,(#6273,#6274),.UNSPECIFIED.,.F.,
  .F.,(2,2),(-1.000125,0.333375),.PIECEWISE_BEZIER_KNOTS.);
#6273 = CARTESIAN_POINT('',(0.1992,1.3335));
#6274 = CARTESIAN_POINT('',(0.1992,0.));
#6275 = ( GEOMETRIC_REPRESENTATION_CONTEXT(2) 
PARAMETRIC_REPRESENTATION_CONTEXT() REPRESENTATION_CONTEXT('2D SPACE',''
  ) );
#6276 = ADVANCED_FACE('',(#6277),#6004,.F.);
#6277 = FACE_BOUND('',#6278,.F.);
#6278 = EDGE_LOOP('',(#6279,#6280,#6301,#6302));
#6279 = ORIENTED_EDGE('',*,*,#5988,.F.);
#6280 = ORIENTED_EDGE('',*,*,#6281,.F.);
#6281 = EDGE_CURVE('',#6141,#5961,#6282,.T.);
#6282 = SURFACE_CURVE('',#6283,(#6287,#6294),.PCURVE_S1.);
#6283 = LINE('',#6284,#6285);
#6284 = CARTESIAN_POINT('',(-0.66675,-2.2225,20.0208));
#6285 = VECTOR('',#6286,1.);
#6286 = DIRECTION('',(1.,0.,0.));
#6287 = PCURVE('',#6004,#6288);
#6288 = DEFINITIONAL_REPRESENTATION('',(#6289),#6293);
#6289 = LINE('',#6290,#6291);
#6290 = CARTESIAN_POINT('',(0.,0.));
#6291 = VECTOR('',#6292,1.);
#6292 = DIRECTION('',(0.,1.));
#6293 = ( GEOMETRIC_REPRESENTATION_CONTEXT(2) 
PARAMETRIC_REPRESENTATION_CONTEXT() REPRESENTATION_CONTEXT('2D SPACE',''
  ) );
#6294 = PCURVE('',#5976,#6295);
#6295 = DEFINITIONAL_REPRESENTATION('',(#6296),#6300);
#6296 = LINE('',#6297,#6298);
#6297 = CARTESIAN_POINT('',(0.,12.446));
#6298 = VECTOR('',#6299,1.);
#6299 = DIRECTION('',(1.,0.));
#6300 = ( GEOMETRIC_REPRESENTATION_CONTEXT(2) 
PARAMETRIC_REPRESENTATION_CONTEXT() REPRESENTATION_CONTEXT('2D SPACE',''
  ) );
#6301 = ORIENTED_EDGE('',*,*,#6163,.T.);
#6302 = ORIENTED_EDGE('',*,*,#6258,.F.);
#6303 = ADVANCED_FACE('',(#6304),#5976,.T.);
#6304 = FACE_BOUND('',#6305,.T.);
#6305 = EDGE_LOOP('',(#6306,#6307,#6308,#6309));
#6306 = ORIENTED_EDGE('',*,*,#6140,.F.);
#6307 = ORIENTED_EDGE('',*,*,#6211,.T.);
#6308 = ORIENTED_EDGE('',*,*,#5960,.T.);
#6309 = ORIENTED_EDGE('',*,*,#6281,.F.);
#6310 = ( GEOMETRIC_REPRESENTATION_CONTEXT(3) 
GLOBAL_UNCERTAINTY_ASSIGNED_CONTEXT((#6314)) 
GLOBAL_UNIT_ASSIGNED_CONTEXT((#6311,#6312,#6313)) REPRESENTATION_CONTEXT
('Context #1','3D Context with UNIT and UNCERTAINTY') );
#6311 = ( LENGTH_UNIT() NAMED_UNIT(*) SI_UNIT(.MILLI.,.METRE.) );
#6312 = ( NAMED_UNIT(*) PLANE_ANGLE_UNIT() SI_UNIT($,.RADIAN.) );
#6313 = ( NAMED_UNIT(*) SI_UNIT($,.STERADIAN.) SOLID_ANGLE_UNIT() );
#6314 = UNCERTAINTY_MEASURE_WITH_UNIT(LENGTH_MEASURE(2.E-05),#6311,
  'distance_accuracy_value','confusion accuracy');
#6315 = PRODUCT_RELATED_PRODUCT_CATEGORY('part',$,(#7));

#6316=DESCRIPTIVE_REPRESENTATION_ITEM('cadpy:generator','cadpy');
#6317=REPRESENTATION('cadpy:generator',(#6316),#6310);
#6318=PROPERTY_DEFINITION('cadpy metadata','cadpy:generator',#5);
#6319=PROPERTY_DEFINITION_REPRESENTATION(#6318,#6317);
#6320=DESCRIPTIVE_REPRESENTATION_ITEM('cadpy:entryKind','part');
#6321=REPRESENTATION('cadpy:entryKind',(#6320),#6310);
#6322=PROPERTY_DEFINITION('cadpy metadata','cadpy:entryKind',#5);
#6323=PROPERTY_DEFINITION_REPRESENTATION(#6322,#6321);
#6324=DESCRIPTIVE_REPRESENTATION_ITEM('cadpy:sourcePath','davies-1120.py');
#6325=REPRESENTATION('cadpy:sourcePath',(#6324),#6310);
#6326=PROPERTY_DEFINITION('cadpy metadata','cadpy:sourcePath',#5);
#6327=PROPERTY_DEFINITION_REPRESENTATION(#6326,#6325);
#6328=DESCRIPTIVE_REPRESENTATION_ITEM('cadpy:sourceHash','f5e9b482cb9c958906341976d989e981ad3fd3742307b8f6c1764481c02199db');
#6329=REPRESENTATION('cadpy:sourceHash',(#6328),#6310);
#6330=PROPERTY_DEFINITION('cadpy metadata','cadpy:sourceHash',#5);
#6331=PROPERTY_DEFINITION_REPRESENTATION(#6330,#6329);
ENDSEC;
END-ISO-10303-21;
